DateTime,Date,Time,Wind,Temperature,Humidity,Pressure,Direction
[MM/DD/YYYY hh:mm:ss],[MM/DD/YYYY],[hh:mm:ss],[m/s],[¡C],[%rH],[hPa],[¡N]
10/13/2013 17:35:26,10/13/2013,17:35:26,0.00,7.57,68.90,974.03,16
10/13/2013 17:35:56,10/13/2013,17:35:56,0.00,7.50,68.30,974.01,16
10/13/2013 17:36:26,10/13/2013,17:36:26,0.00,7.42,68.09,974.00,16
10/13/2013 17:36:56,10/13/2013,17:36:56,0.00,7.34,68.09,974.03,16
10/13/2013 17:37:26,10/13/2013,17:37:26,0.00,7.30,68.19,974.01,24
10/13/2013 17:37:56,10/13/2013,17:37:56,0.00,7.22,68.30,974.00,115
10/13/2013 17:38:26,10/13/2013,17:38:26,0.00,7.15,68.40,973.99,115
10/13/2013 17:38:56,10/13/2013,17:38:56,0.00,7.07,68.09,973.99,69
10/13/2013 17:39:26,10/13/2013,17:39:26,0.00,7.00,67.59,974.00,69
10/13/2013 17:39:56,10/13/2013,17:39:56,0.00,6.87,67.30,974.01,344
10/13/2013 17:40:26,10/13/2013,17:40:26,0.00,6.75,67.59,974.04,339
10/13/2013 17:40:56,10/13/2013,17:40:56,0.00,6.59,67.30,974.05,342
10/13/2013 17:41:26,10/13/2013,17:41:26,0.00,6.47,67.90,974.04,336
10/13/2013 17:41:56,10/13/2013,17:41:56,0.00,6.34,69.00,974.05,303
10/13/2013 17:42:26,10/13/2013,17:42:26,0.00,6.32,69.90,974.06,293
10/13/2013 17:42:56,10/13/2013,17:42:56,0.00,6.27,70.09,974.06,293
10/13/2013 17:43:26,10/13/2013,17:43:26,0.00,6.27,70.19,974.07,266
10/13/2013 17:43:56,10/13/2013,17:43:56,0.00,6.19,70.00,974.11,268
10/13/2013 17:44:26,10/13/2013,17:44:26,0.00,6.19,70.00,974.07,325
10/13/2013 17:44:56,10/13/2013,17:44:56,0.00,6.05,68.80,974.10,352
10/13/2013 17:45:26,10/13/2013,17:45:26,0.00,6.00,69.00,974.11,350
10/13/2013 17:45:56,10/13/2013,17:45:56,0.00,5.94,69.90,974.10,350
10/13/2013 17:46:26,10/13/2013,17:46:26,0.00,5.87,70.30,974.07,350
10/13/2013 17:46:56,10/13/2013,17:46:56,0.00,5.80,70.59,974.07,350
10/13/2013 17:47:26,10/13/2013,17:47:26,0.00,5.75,70.69,974.10,350
10/13/2013 17:47:56,10/13/2013,17:47:56,0.00,5.80,71.50,974.13,350
10/13/2013 17:48:26,10/13/2013,17:48:26,0.00,5.72,72.40,974.15,350
10/13/2013 17:48:56,10/13/2013,17:48:56,0.00,5.75,73.09,974.15,349
10/13/2013 17:49:26,10/13/2013,17:49:26,0.00,5.72,73.19,974.17,349
10/13/2013 17:49:56,10/13/2013,17:49:56,0.00,5.65,73.00,974.13,348
10/13/2013 17:50:26,10/13/2013,17:50:26,0.00,5.65,73.00,974.15,348
10/13/2013 17:50:56,10/13/2013,17:50:56,0.00,5.65,72.80,974.18,336
10/13/2013 17:51:26,10/13/2013,17:51:26,0.00,5.57,72.40,974.19,336
10/13/2013 17:51:56,10/13/2013,17:51:56,0.00,5.47,72.40,974.20,335
10/13/2013 17:52:26,10/13/2013,17:52:26,0.00,5.47,72.19,974.20,334
10/13/2013 17:52:56,10/13/2013,17:52:56,0.00,5.40,72.00,974.20,338
10/13/2013 17:53:26,10/13/2013,17:53:26,0.00,5.32,72.09,974.21,337
10/13/2013 17:53:56,10/13/2013,17:53:56,0.00,5.32,72.19,974.20,338
10/13/2013 17:54:26,10/13/2013,17:54:26,0.00,5.25,72.30,974.24,350
10/13/2013 17:54:56,10/13/2013,17:54:56,0.00,5.12,71.80,974.25,353
10/13/2013 17:55:26,10/13/2013,17:55:26,0.00,5.17,71.80,974.28,355
10/13/2013 17:55:56,10/13/2013,17:55:56,0.00,5.05,71.69,974.27,353
10/13/2013 17:56:26,10/13/2013,17:56:26,0.00,5.07,72.30,974.32,352
10/13/2013 17:56:56,10/13/2013,17:56:56,0.00,5.00,72.19,974.32,358
10/13/2013 17:57:26,10/13/2013,17:57:26,0.00,5.00,72.30,974.31,358
10/13/2013 17:57:56,10/13/2013,17:57:56,0.00,5.00,72.40,974.31,358
10/13/2013 17:58:26,10/13/2013,17:58:26,0.00,5.00,72.80,974.29,19
10/13/2013 17:58:56,10/13/2013,17:58:56,0.00,5.00,73.19,974.27,23
10/13/2013 17:59:26,10/13/2013,17:59:26,0.00,5.00,73.40,974.22,23
10/13/2013 17:59:56,10/13/2013,17:59:56,0.00,5.00,73.50,974.22,104
10/13/2013 18:00:26,10/13/2013,18:00:26,0.00,5.00,73.69,974.21,117
10/13/2013 18:00:56,10/13/2013,18:00:56,0.00,4.97,74.00,974.21,143
10/13/2013 18:01:26,10/13/2013,18:01:26,0.00,4.92,74.09,974.20,144
10/13/2013 18:01:56,10/13/2013,18:01:56,0.00,4.97,74.19,974.22,143
10/13/2013 18:02:26,10/13/2013,18:02:26,0.00,4.97,74.40,974.24,165
10/13/2013 18:02:56,10/13/2013,18:02:56,0.00,4.92,74.80,974.25,164
10/13/2013 18:03:26,10/13/2013,18:03:26,0.00,4.92,74.90,974.26,164
10/13/2013 18:03:56,10/13/2013,18:03:56,0.00,4.92,75.00,974.25,164
10/13/2013 18:04:26,10/13/2013,18:04:26,0.00,4.90,75.09,974.28,165
10/13/2013 18:04:56,10/13/2013,18:04:56,0.00,4.84,75.09,974.29,164
10/13/2013 18:05:26,10/13/2013,18:05:26,0.00,4.77,74.69,974.32,313
10/13/2013 18:05:56,10/13/2013,18:05:56,0.00,4.77,74.50,974.33,211
10/13/2013 18:06:26,10/13/2013,18:06:26,0.00,4.72,74.50,974.35,211
10/13/2013 18:06:56,10/13/2013,18:06:56,0.00,4.77,74.40,974.36,210
10/13/2013 18:07:26,10/13/2013,18:07:26,0.00,4.69,74.19,974.34,211
10/13/2013 18:07:56,10/13/2013,18:07:56,0.00,4.69,74.19,974.34,210
10/13/2013 18:08:26,10/13/2013,18:08:26,0.00,4.69,74.19,974.33,211
10/13/2013 18:08:56,10/13/2013,18:08:56,0.00,4.65,74.19,974.34,210
10/13/2013 18:09:26,10/13/2013,18:09:26,0.00,4.59,74.30,974.32,211
10/13/2013 18:09:56,10/13/2013,18:09:56,0.00,4.59,74.30,974.34,213
10/13/2013 18:10:26,10/13/2013,18:10:26,0.00,4.59,74.40,974.32,213
10/13/2013 18:10:56,10/13/2013,18:10:56,0.00,4.59,74.40,974.32,213
10/13/2013 18:11:26,10/13/2013,18:11:26,0.00,4.57,74.40,974.33,214
10/13/2013 18:11:56,10/13/2013,18:11:56,0.00,4.57,74.40,974.31,213
10/13/2013 18:12:26,10/13/2013,18:12:26,0.00,4.50,73.40,974.29,15
10/13/2013 18:12:56,10/13/2013,18:12:56,0.00,4.44,73.30,974.31,14
10/13/2013 18:13:26,10/13/2013,18:13:26,0.00,4.42,72.90,974.32,15
10/13/2013 18:13:56,10/13/2013,18:13:56,0.00,4.37,72.50,974.32,14
10/13/2013 18:14:26,10/13/2013,18:14:26,0.00,4.32,72.09,974.32,7
10/13/2013 18:14:56,10/13/2013,18:14:56,0.00,4.12,71.00,974.33,334
10/13/2013 18:15:26,10/13/2013,18:15:26,0.00,4.25,72.30,974.34,334
10/13/2013 18:15:56,10/13/2013,18:15:56,0.00,4.22,73.50,974.35,334
10/13/2013 18:16:26,10/13/2013,18:16:26,0.00,4.12,73.80,974.36,334
10/13/2013 18:16:56,10/13/2013,18:16:56,0.00,4.22,74.59,974.40,328
10/13/2013 18:17:26,10/13/2013,18:17:26,0.00,4.12,74.90,974.42,327
10/13/2013 18:17:56,10/13/2013,18:17:56,0.00,4.12,75.30,974.40,330
10/13/2013 18:18:26,10/13/2013,18:18:26,0.00,4.12,75.50,974.42,345
10/13/2013 18:18:56,10/13/2013,18:18:56,0.00,4.12,75.69,974.42,345
10/13/2013 18:19:26,10/13/2013,18:19:26,0.00,4.12,75.80,974.41,345
10/13/2013 18:19:56,10/13/2013,18:19:56,0.00,4.12,76.09,974.41,355
10/13/2013 18:20:26,10/13/2013,18:20:26,0.00,4.17,76.30,974.43,357
10/13/2013 18:20:56,10/13/2013,18:20:56,0.00,4.25,76.59,974.40,0
10/13/2013 18:21:26,10/13/2013,18:21:26,0.00,4.30,76.90,974.39,0
10/13/2013 18:21:56,10/13/2013,18:21:56,0.00,4.25,77.00,974.38,0
10/13/2013 18:22:26,10/13/2013,18:22:26,0.00,4.30,77.09,974.36,0
10/13/2013 18:22:56,10/13/2013,18:22:56,0.00,4.30,77.19,974.36,359
10/13/2013 18:23:26,10/13/2013,18:23:26,0.00,4.30,77.30,974.35,359
10/13/2013 18:23:56,10/13/2013,18:23:56,0.00,4.30,77.30,974.34,0
10/13/2013 18:24:26,10/13/2013,18:24:26,0.00,4.25,77.30,974.34,0
10/13/2013 18:24:56,10/13/2013,18:24:56,0.00,4.30,77.40,974.35,0
10/13/2013 18:25:26,10/13/2013,18:25:26,0.00,4.30,77.40,974.38,0
10/13/2013 18:25:56,10/13/2013,18:25:56,0.00,4.25,77.30,974.38,359
10/13/2013 18:26:26,10/13/2013,18:26:26,0.00,4.25,77.30,974.41,0
10/13/2013 18:26:56,10/13/2013,18:26:56,0.00,4.22,77.30,974.45,0
10/13/2013 18:27:26,10/13/2013,18:27:26,0.00,4.25,77.30,974.45,0
10/13/2013 18:27:56,10/13/2013,18:27:56,0.00,4.25,77.30,974.48,359
10/13/2013 18:28:26,10/13/2013,18:28:26,0.00,4.22,77.30,974.48,0
10/13/2013 18:28:56,10/13/2013,18:28:56,0.00,4.22,77.30,974.50,0
10/13/2013 18:29:26,10/13/2013,18:29:26,0.00,4.22,77.30,974.52,359
10/13/2013 18:29:56,10/13/2013,18:29:56,0.00,4.12,77.19,974.54,0
10/13/2013 18:30:26,10/13/2013,18:30:26,0.00,4.12,77.19,974.56,0
10/13/2013 18:30:56,10/13/2013,18:30:56,0.00,4.12,77.19,974.57,359
10/13/2013 18:31:26,10/13/2013,18:31:26,0.00,4.12,77.19,974.57,0
10/13/2013 18:31:56,10/13/2013,18:31:56,0.00,4.12,77.19,974.60,0
10/13/2013 18:32:26,10/13/2013,18:32:26,0.00,4.05,76.90,974.60,335
10/13/2013 18:32:56,10/13/2013,18:32:56,0.00,4.05,76.80,974.62,332
10/13/2013 18:33:26,10/13/2013,18:33:26,0.00,4.02,76.80,974.63,332
10/13/2013 18:33:56,10/13/2013,18:33:56,0.00,3.97,76.69,974.63,327
10/13/2013 18:34:26,10/13/2013,18:34:26,0.00,3.97,76.69,974.63,327
10/13/2013 18:34:56,10/13/2013,18:34:56,0.00,3.97,76.69,974.62,323
10/13/2013 18:35:26,10/13/2013,18:35:26,0.00,3.97,76.59,974.60,322
10/13/2013 18:35:56,10/13/2013,18:35:56,0.00,3.90,76.59,974.60,320
10/13/2013 18:36:26,10/13/2013,18:36:26,0.00,3.90,76.69,974.60,317
10/13/2013 18:36:56,10/13/2013,18:36:56,0.00,3.90,76.59,974.61,317
10/13/2013 18:37:26,10/13/2013,18:37:26,0.00,3.90,76.69,974.60,317
10/13/2013 18:37:56,10/13/2013,18:37:56,0.00,3.84,76.69,974.58,317
10/13/2013 18:38:26,10/13/2013,18:38:26,0.00,3.90,76.80,974.58,317
10/13/2013 18:38:56,10/13/2013,18:38:56,0.00,3.84,77.00,974.57,302
10/13/2013 18:39:26,10/13/2013,18:39:26,0.00,3.84,77.09,974.55,293
10/13/2013 18:39:56,10/13/2013,18:39:56,0.00,3.84,77.19,974.56,292
10/13/2013 18:40:26,10/13/2013,18:40:26,0.00,3.84,77.30,974.52,292
10/13/2013 18:40:56,10/13/2013,18:40:56,0.00,3.84,77.40,974.53,291
10/13/2013 18:41:26,10/13/2013,18:41:26,0.00,3.84,77.50,974.53,291
10/13/2013 18:41:56,10/13/2013,18:41:56,0.00,3.84,77.59,974.50,291
10/13/2013 18:42:26,10/13/2013,18:42:26,0.00,3.84,77.69,974.54,291
10/13/2013 18:42:56,10/13/2013,18:42:56,0.00,3.84,77.80,974.53,291
10/13/2013 18:43:26,10/13/2013,18:43:26,0.00,3.84,77.90,974.55,296
10/13/2013 18:43:56,10/13/2013,18:43:56,0.00,3.82,77.90,974.58,326
10/13/2013 18:44:26,10/13/2013,18:44:26,0.00,3.75,78.00,974.62,329
10/13/2013 18:44:56,10/13/2013,18:44:56,0.00,3.75,78.00,974.62,339
10/13/2013 18:45:26,10/13/2013,18:45:26,0.00,3.65,77.90,974.64,342
10/13/2013 18:45:56,10/13/2013,18:45:56,0.00,3.65,77.90,974.65,342
10/13/2013 18:46:26,10/13/2013,18:46:26,0.00,3.65,77.80,974.68,342
10/13/2013 18:46:56,10/13/2013,18:46:56,0.00,3.65,77.80,974.70,347
10/13/2013 18:47:26,10/13/2013,18:47:26,0.00,3.65,77.80,974.71,356
10/13/2013 18:47:56,10/13/2013,18:47:56,0.00,3.65,77.80,974.74,356
10/13/2013 18:48:26,10/13/2013,18:48:26,0.00,3.65,77.80,974.75,357
10/13/2013 18:48:56,10/13/2013,18:48:56,0.00,3.65,77.90,974.77,356
10/13/2013 18:49:26,10/13/2013,18:49:26,0.00,3.65,78.00,974.82,356
10/13/2013 18:49:56,10/13/2013,18:49:56,0.00,3.65,78.00,974.84,357
10/13/2013 18:50:26,10/13/2013,18:50:26,0.00,3.65,78.09,974.84,357
10/13/2013 18:50:56,10/13/2013,18:50:56,0.00,3.65,78.19,974.85,357
10/13/2013 18:51:26,10/13/2013,18:51:26,0.00,3.65,78.19,974.88,357
10/13/2013 18:51:56,10/13/2013,18:51:56,0.00,3.65,78.19,974.89,356
10/13/2013 18:52:26,10/13/2013,18:52:26,0.00,3.65,78.19,974.91,357
10/13/2013 18:52:56,10/13/2013,18:52:56,0.00,3.65,78.19,974.91,356
10/13/2013 18:53:26,10/13/2013,18:53:26,0.00,3.65,78.19,974.91,356
10/13/2013 18:53:56,10/13/2013,18:53:56,0.00,3.65,78.30,974.92,357
10/13/2013 18:54:26,10/13/2013,18:54:26,0.00,3.65,78.30,974.96,357
10/13/2013 18:54:56,10/13/2013,18:54:56,0.00,3.65,78.30,974.97,357
10/13/2013 18:55:26,10/13/2013,18:55:26,0.00,3.65,78.30,975.00,356
10/13/2013 18:55:56,10/13/2013,18:55:56,0.00,3.65,78.30,974.99,356
10/13/2013 18:56:26,10/13/2013,18:56:26,0.00,3.65,78.30,974.99,356
10/13/2013 18:56:56,10/13/2013,18:56:56,0.00,3.65,78.40,974.99,355
10/13/2013 18:57:26,10/13/2013,18:57:26,0.00,3.62,78.40,974.98,355
10/13/2013 18:57:56,10/13/2013,18:57:56,0.00,3.57,78.40,975.00,355
10/13/2013 18:58:26,10/13/2013,18:58:26,0.00,3.57,78.40,975.02,354
10/13/2013 18:58:56,10/13/2013,18:58:56,0.00,3.54,78.40,975.03,354
10/13/2013 18:59:26,10/13/2013,18:59:26,0.00,3.50,78.40,975.05,354
10/13/2013 18:59:56,10/13/2013,18:59:56,0.00,3.50,78.40,975.07,354
10/13/2013 19:00:26,10/13/2013,19:00:26,0.00,3.47,78.40,975.07,354
10/13/2013 19:00:56,10/13/2013,19:00:56,0.00,3.42,78.40,975.09,330
10/13/2013 19:01:26,10/13/2013,19:01:26,0.00,3.42,78.30,975.13,328
10/13/2013 19:01:56,10/13/2013,19:01:56,0.00,3.42,78.30,975.13,308
10/13/2013 19:02:26,10/13/2013,19:02:26,0.00,3.42,78.30,975.13,308
10/13/2013 19:02:56,10/13/2013,19:02:56,0.00,3.42,78.40,975.17,308
10/13/2013 19:03:26,10/13/2013,19:03:26,0.00,3.34,78.40,975.19,308
10/13/2013 19:03:56,10/13/2013,19:03:56,0.00,3.34,78.40,975.20,309
10/13/2013 19:04:26,10/13/2013,19:04:26,0.00,3.34,78.40,975.23,308
10/13/2013 19:04:56,10/13/2013,19:04:56,0.00,3.34,78.40,975.21,308
10/13/2013 19:05:26,10/13/2013,19:05:26,0.00,3.29,78.40,975.23,308
10/13/2013 19:05:56,10/13/2013,19:05:56,0.00,3.29,78.40,975.23,308
10/13/2013 19:06:26,10/13/2013,19:06:26,0.00,3.29,78.40,975.24,309
10/13/2013 19:06:56,10/13/2013,19:06:56,0.00,3.27,78.40,975.24,308
10/13/2013 19:07:26,10/13/2013,19:07:26,0.00,3.27,78.40,975.25,308
10/13/2013 19:07:56,10/13/2013,19:07:56,0.00,3.27,78.40,975.26,307
10/13/2013 19:08:26,10/13/2013,19:08:26,0.00,3.27,78.40,975.28,307
10/13/2013 19:08:56,10/13/2013,19:08:56,0.00,3.27,78.40,975.31,307
10/13/2013 19:09:26,10/13/2013,19:09:26,0.00,3.27,78.40,975.33,307
10/13/2013 19:09:56,10/13/2013,19:09:56,0.00,3.27,78.40,975.33,307
10/13/2013 19:10:26,10/13/2013,19:10:26,0.00,3.27,78.40,975.37,307
10/13/2013 19:10:56,10/13/2013,19:10:56,0.00,3.27,78.50,975.35,308
10/13/2013 19:11:26,10/13/2013,19:11:26,0.00,3.29,78.50,975.37,307
10/13/2013 19:11:56,10/13/2013,19:11:56,0.00,3.29,78.59,975.38,307
10/13/2013 19:12:26,10/13/2013,19:12:26,0.00,3.34,78.59,975.39,319
10/13/2013 19:12:56,10/13/2013,19:12:56,0.00,3.37,78.59,975.39,149
10/13/2013 19:13:26,10/13/2013,19:13:26,0.00,3.42,78.69,975.34,148
10/13/2013 19:13:56,10/13/2013,19:13:56,0.00,3.42,78.80,975.38,149
10/13/2013 19:14:26,10/13/2013,19:14:26,0.00,3.42,78.80,975.38,148
10/13/2013 19:14:56,10/13/2013,19:14:56,0.00,3.42,78.80,975.40,148
10/13/2013 19:15:26,10/13/2013,19:15:26,0.00,3.37,78.90,975.41,149
10/13/2013 19:15:56,10/13/2013,19:15:56,0.00,3.34,78.90,975.43,149
10/13/2013 19:16:26,10/13/2013,19:16:26,0.00,3.34,78.90,975.46,149
10/13/2013 19:16:56,10/13/2013,19:16:56,0.00,3.34,79.00,975.46,149
10/13/2013 19:17:26,10/13/2013,19:17:26,0.00,3.34,79.00,975.48,154
10/13/2013 19:17:56,10/13/2013,19:17:56,0.00,3.34,79.00,975.48,190
10/13/2013 19:18:26,10/13/2013,19:18:26,0.00,3.29,79.00,975.48,190
10/13/2013 19:18:56,10/13/2013,19:18:56,0.00,3.27,79.00,975.48,189
10/13/2013 19:19:26,10/13/2013,19:19:26,0.00,3.27,79.00,975.48,225
10/13/2013 19:19:56,10/13/2013,19:19:56,0.00,3.27,79.00,975.47,242
10/13/2013 19:20:26,10/13/2013,19:20:26,0.00,3.27,79.09,975.48,285
10/13/2013 19:20:56,10/13/2013,19:20:56,0.00,3.17,79.00,975.48,300
10/13/2013 19:21:26,10/13/2013,19:21:26,0.00,3.09,78.90,975.47,300
10/13/2013 19:21:56,10/13/2013,19:21:56,0.00,3.09,78.80,975.47,300
10/13/2013 19:22:26,10/13/2013,19:22:26,0.00,3.02,78.69,975.47,298
10/13/2013 19:22:56,10/13/2013,19:22:56,0.00,3.07,78.69,975.47,298
10/13/2013 19:23:26,10/13/2013,19:23:26,0.00,3.09,78.69,975.47,298
10/13/2013 19:23:56,10/13/2013,19:23:56,0.00,3.09,78.80,975.48,298
10/13/2013 19:24:26,10/13/2013,19:24:26,0.00,3.02,78.80,975.47,303
10/13/2013 19:24:56,10/13/2013,19:24:56,0.00,3.02,78.80,975.49,303
10/13/2013 19:25:26,10/13/2013,19:25:26,0.00,3.02,78.80,975.50,303
10/13/2013 19:25:56,10/13/2013,19:25:56,0.00,3.02,78.90,975.50,303
10/13/2013 19:26:26,10/13/2013,19:26:26,0.00,3.02,79.00,975.52,303
10/13/2013 19:26:56,10/13/2013,19:26:56,0.00,3.02,79.09,975.50,302
10/13/2013 19:27:26,10/13/2013,19:27:26,0.00,3.02,79.09,975.49,300
10/13/2013 19:27:56,10/13/2013,19:27:56,0.00,3.02,79.19,975.47,301
10/13/2013 19:28:26,10/13/2013,19:28:26,0.00,3.02,79.30,975.46,302
10/13/2013 19:28:56,10/13/2013,19:28:56,0.00,3.02,79.30,975.45,302
10/13/2013 19:29:26,10/13/2013,19:29:26,0.00,2.97,79.30,975.42,300
10/13/2013 19:29:56,10/13/2013,19:29:56,0.00,2.97,79.40,975.41,301
10/13/2013 19:30:26,10/13/2013,19:30:26,0.00,2.97,79.40,975.41,301
10/13/2013 19:30:56,10/13/2013,19:30:56,0.00,3.02,79.40,975.40,301
10/13/2013 19:31:26,10/13/2013,19:31:26,0.00,2.97,79.50,975.40,301
10/13/2013 19:31:56,10/13/2013,19:31:56,0.00,2.97,79.50,975.40,301
10/13/2013 19:32:26,10/13/2013,19:32:26,0.00,2.97,79.50,975.40,301
10/13/2013 19:32:56,10/13/2013,19:32:56,0.00,2.97,79.50,975.39,300
10/13/2013 19:33:26,10/13/2013,19:33:26,0.00,3.02,79.59,975.40,300
10/13/2013 19:33:56,10/13/2013,19:33:56,0.00,3.02,79.59,975.41,300
10/13/2013 19:34:26,10/13/2013,19:34:26,0.00,3.02,79.59,975.42,298
10/13/2013 19:34:56,10/13/2013,19:34:56,0.00,3.02,79.59,975.42,297
10/13/2013 19:35:26,10/13/2013,19:35:26,0.00,2.97,79.69,975.42,297
10/13/2013 19:35:56,10/13/2013,19:35:56,0.00,3.02,79.69,975.41,297
10/13/2013 19:36:26,10/13/2013,19:36:26,0.00,2.97,79.69,975.40,297
10/13/2013 19:36:56,10/13/2013,19:36:56,0.00,2.97,79.69,975.41,297
10/13/2013 19:37:26,10/13/2013,19:37:26,0.00,2.95,79.69,975.45,297
10/13/2013 19:37:56,10/13/2013,19:37:56,0.00,2.95,79.80,975.46,297
10/13/2013 19:38:26,10/13/2013,19:38:26,0.00,2.95,79.80,975.45,297
10/13/2013 19:38:56,10/13/2013,19:38:56,0.00,2.95,79.80,975.45,297
10/13/2013 19:39:26,10/13/2013,19:39:26,0.00,2.90,79.80,975.47,297
10/13/2013 19:39:56,10/13/2013,19:39:56,0.00,2.90,79.80,975.47,297
10/13/2013 19:40:26,10/13/2013,19:40:26,0.00,2.87,79.80,975.49,297
10/13/2013 19:40:56,10/13/2013,19:40:56,0.00,2.87,79.80,975.49,297
10/13/2013 19:41:26,10/13/2013,19:41:26,0.00,2.87,79.80,975.50,301
10/13/2013 19:41:56,10/13/2013,19:41:56,0.00,2.87,79.90,975.50,300
10/13/2013 19:42:26,10/13/2013,19:42:26,0.00,2.87,79.90,975.47,160
10/13/2013 19:42:56,10/13/2013,19:42:56,0.00,2.82,79.90,975.47,157
10/13/2013 19:43:26,10/13/2013,19:43:26,0.00,2.82,79.90,975.48,157
10/13/2013 19:43:56,10/13/2013,19:43:56,0.00,2.82,79.90,975.49,156
10/13/2013 19:44:26,10/13/2013,19:44:26,0.00,2.82,79.90,975.50,156
10/13/2013 19:44:56,10/13/2013,19:44:56,0.00,2.79,79.90,975.53,156
10/13/2013 19:45:26,10/13/2013,19:45:26,0.00,2.79,79.90,975.54,157
10/13/2013 19:45:56,10/13/2013,19:45:56,0.00,2.79,79.90,975.55,124
10/13/2013 19:46:26,10/13/2013,19:46:26,0.00,2.70,79.80,975.59,319
10/13/2013 19:46:56,10/13/2013,19:46:56,0.00,2.75,79.90,975.64,320
10/13/2013 19:47:26,10/13/2013,19:47:26,0.00,2.70,79.90,975.63,320
10/13/2013 19:47:56,10/13/2013,19:47:56,0.00,2.75,79.90,975.64,325
10/13/2013 19:48:26,10/13/2013,19:48:26,0.00,2.70,79.90,975.67,325
10/13/2013 19:48:56,10/13/2013,19:48:56,0.00,2.70,79.90,975.64,325
10/13/2013 19:49:26,10/13/2013,19:49:26,0.00,2.70,79.90,975.66,325
10/13/2013 19:49:56,10/13/2013,19:49:56,0.00,2.70,79.90,975.66,325
10/13/2013 19:50:26,10/13/2013,19:50:26,0.00,2.67,79.90,975.66,325
10/13/2013 19:50:56,10/13/2013,19:50:56,0.00,2.67,79.90,975.68,325
10/13/2013 19:51:26,10/13/2013,19:51:26,0.00,2.70,79.90,975.68,325
10/13/2013 19:51:56,10/13/2013,19:51:56,0.00,2.70,79.90,975.69,325
10/13/2013 19:52:26,10/13/2013,19:52:26,0.00,2.70,79.90,975.70,325
10/13/2013 19:52:56,10/13/2013,19:52:56,0.00,2.70,80.00,975.70,325
10/13/2013 19:53:26,10/13/2013,19:53:26,0.00,2.70,80.00,975.73,325
10/13/2013 19:53:56,10/13/2013,19:53:56,0.00,2.79,80.00,975.71,327
10/13/2013 19:54:26,10/13/2013,19:54:26,0.00,2.79,80.09,975.68,326
10/13/2013 19:54:56,10/13/2013,19:54:56,0.00,2.79,80.19,975.67,322
10/13/2013 19:55:26,10/13/2013,19:55:26,0.00,2.82,80.19,975.68,323
10/13/2013 19:55:56,10/13/2013,19:55:56,0.00,2.82,80.19,975.66,323
10/13/2013 19:56:26,10/13/2013,19:56:26,0.00,2.79,80.19,975.67,323
10/13/2013 19:56:56,10/13/2013,19:56:56,0.00,2.79,80.19,975.67,323
10/13/2013 19:57:26,10/13/2013,19:57:26,0.00,2.79,80.19,975.67,323
10/13/2013 19:57:56,10/13/2013,19:57:56,0.00,2.79,80.19,975.68,322
10/13/2013 19:58:26,10/13/2013,19:58:26,0.00,2.79,80.19,975.68,322
10/13/2013 19:58:56,10/13/2013,19:58:56,0.00,2.79,80.30,975.66,10
10/13/2013 19:59:26,10/13/2013,19:59:26,0.00,2.79,80.30,975.68,10
10/13/2013 19:59:56,10/13/2013,19:59:56,0.00,2.79,80.30,975.67,10
10/13/2013 20:00:26,10/13/2013,20:00:26,0.00,2.79,80.30,975.66,99
10/13/2013 20:00:56,10/13/2013,20:00:56,0.00,2.79,80.30,975.67,127
10/13/2013 20:01:26,10/13/2013,20:01:26,0.00,2.79,80.30,975.67,137
10/13/2013 20:01:56,10/13/2013,20:01:56,0.00,2.79,80.30,975.68,130
10/13/2013 20:02:26,10/13/2013,20:02:26,0.00,2.79,80.40,975.67,106
10/13/2013 20:02:56,10/13/2013,20:02:56,0.00,2.87,80.50,975.68,93
10/13/2013 20:03:26,10/13/2013,20:03:26,0.00,2.87,80.50,975.69,90
10/13/2013 20:03:56,10/13/2013,20:03:56,0.00,2.79,80.50,975.73,91
10/13/2013 20:04:26,10/13/2013,20:04:26,0.00,2.70,80.50,975.76,92
10/13/2013 20:04:56,10/13/2013,20:04:56,0.00,2.70,80.50,975.81,95
10/13/2013 20:05:26,10/13/2013,20:05:26,0.00,2.70,80.50,975.83,97
10/13/2013 20:05:56,10/13/2013,20:05:56,0.00,2.70,80.59,975.84,99
10/13/2013 20:06:26,10/13/2013,20:06:26,0.00,2.70,80.59,975.84,98
10/13/2013 20:06:56,10/13/2013,20:06:56,0.00,2.70,80.59,975.87,118
10/13/2013 20:07:26,10/13/2013,20:07:26,0.00,2.70,80.59,975.87,119
10/13/2013 20:07:56,10/13/2013,20:07:56,0.00,2.75,80.69,975.85,124
10/13/2013 20:08:26,10/13/2013,20:08:26,0.00,2.75,80.69,975.84,124
10/13/2013 20:08:56,10/13/2013,20:08:56,0.00,2.75,80.80,975.84,119
10/13/2013 20:09:26,10/13/2013,20:09:26,0.00,2.75,80.80,975.83,122
10/13/2013 20:09:56,10/13/2013,20:09:56,0.00,2.70,80.80,975.84,121
10/13/2013 20:10:26,10/13/2013,20:10:26,0.00,2.70,80.90,975.84,105
10/13/2013 20:10:56,10/13/2013,20:10:56,0.00,2.70,80.90,975.84,105
10/13/2013 20:11:26,10/13/2013,20:11:26,0.00,2.70,80.90,975.84,153
10/13/2013 20:11:56,10/13/2013,20:11:56,0.00,2.62,80.90,975.83,155
10/13/2013 20:12:26,10/13/2013,20:12:26,0.00,2.54,80.80,975.84,160
10/13/2013 20:12:56,10/13/2013,20:12:56,0.00,2.54,80.80,975.85,160
10/13/2013 20:13:26,10/13/2013,20:13:26,0.00,2.54,80.90,975.87,158
10/13/2013 20:13:56,10/13/2013,20:13:56,0.00,2.47,80.90,975.89,158
10/13/2013 20:14:26,10/13/2013,20:14:26,0.00,2.47,80.90,975.88,161
10/13/2013 20:14:56,10/13/2013,20:14:56,0.00,2.47,80.90,975.85,160
10/13/2013 20:15:26,10/13/2013,20:15:26,0.00,2.40,80.90,975.87,160
10/13/2013 20:15:56,10/13/2013,20:15:56,0.00,2.40,80.90,975.87,160
10/13/2013 20:16:26,10/13/2013,20:16:26,0.00,2.34,80.90,975.83,161
10/13/2013 20:16:56,10/13/2013,20:16:56,0.00,2.32,80.80,975.83,160
10/13/2013 20:17:26,10/13/2013,20:17:26,0.00,2.32,80.80,975.84,160
10/13/2013 20:17:56,10/13/2013,20:17:56,0.00,2.32,80.80,975.83,257
10/13/2013 20:18:26,10/13/2013,20:18:26,0.00,2.32,80.90,975.84,259
10/13/2013 20:18:56,10/13/2013,20:18:56,0.00,2.32,80.90,975.84,259
10/13/2013 20:19:26,10/13/2013,20:19:26,0.00,2.22,80.80,975.85,318
10/13/2013 20:19:56,10/13/2013,20:19:56,0.00,2.20,80.80,975.88,318
10/13/2013 20:20:26,10/13/2013,20:20:26,0.00,2.20,80.80,975.88,318
10/13/2013 20:20:56,10/13/2013,20:20:56,0.00,2.15,80.80,975.85,318
10/13/2013 20:21:26,10/13/2013,20:21:26,0.00,2.15,80.80,975.83,320
10/13/2013 20:21:56,10/13/2013,20:21:56,0.00,2.07,80.80,975.83,320
10/13/2013 20:22:26,10/13/2013,20:22:26,0.00,2.12,80.80,975.83,320
10/13/2013 20:22:56,10/13/2013,20:22:56,0.00,2.07,80.80,975.82,320
10/13/2013 20:23:26,10/13/2013,20:23:26,0.00,2.07,80.80,975.82,333
10/13/2013 20:23:56,10/13/2013,20:23:56,0.00,2.12,80.80,975.81,349
10/13/2013 20:24:26,10/13/2013,20:24:26,0.00,2.12,80.80,975.80,350
10/13/2013 20:24:56,10/13/2013,20:24:56,0.00,2.15,80.90,975.77,349
10/13/2013 20:25:26,10/13/2013,20:25:26,0.00,2.12,80.90,975.76,349
10/13/2013 20:25:56,10/13/2013,20:25:56,0.00,2.15,80.90,975.74,349
10/13/2013 20:26:26,10/13/2013,20:26:26,0.00,2.15,80.90,975.73,349
10/13/2013 20:26:56,10/13/2013,20:26:56,0.00,2.15,81.00,975.70,349
10/13/2013 20:27:26,10/13/2013,20:27:26,0.00,2.15,81.00,975.73,349
10/13/2013 20:27:56,10/13/2013,20:27:56,0.00,2.15,81.09,975.74,349
10/13/2013 20:28:26,10/13/2013,20:28:26,0.00,2.15,81.09,975.70,349
10/13/2013 20:28:56,10/13/2013,20:28:56,0.00,2.15,81.09,975.70,349
10/13/2013 20:29:26,10/13/2013,20:29:26,0.00,2.12,81.09,975.70,349
10/13/2013 20:29:56,10/13/2013,20:29:56,0.00,2.15,81.09,975.69,350
10/13/2013 20:30:26,10/13/2013,20:30:26,0.00,2.15,81.09,975.69,350
10/13/2013 20:30:56,10/13/2013,20:30:56,0.00,2.15,81.09,975.70,350
10/13/2013 20:31:26,10/13/2013,20:31:26,0.00,2.15,81.19,975.71,349
10/13/2013 20:31:56,10/13/2013,20:31:56,0.00,2.15,81.19,975.75,349
10/13/2013 20:32:26,10/13/2013,20:32:26,0.00,2.15,81.19,975.76,350
10/13/2013 20:32:56,10/13/2013,20:32:56,0.00,2.15,81.19,975.78,349
10/13/2013 20:33:26,10/13/2013,20:33:26,0.00,2.15,81.30,975.82,349
10/13/2013 20:33:56,10/13/2013,20:33:56,0.00,2.15,81.30,975.84,349
10/13/2013 20:34:26,10/13/2013,20:34:26,0.00,2.15,81.30,975.87,357
10/13/2013 20:34:56,10/13/2013,20:34:56,0.00,2.15,81.30,975.87,357
10/13/2013 20:35:26,10/13/2013,20:35:26,0.00,2.20,81.40,975.89,355
10/13/2013 20:35:56,10/13/2013,20:35:56,0.00,2.20,81.40,975.90,353
10/13/2013 20:36:26,10/13/2013,20:36:26,0.00,2.22,81.40,975.91,353
10/13/2013 20:36:56,10/13/2013,20:36:56,0.00,2.20,81.40,975.90,0
10/13/2013 20:37:26,10/13/2013,20:37:26,0.00,2.15,81.40,975.92,164
10/13/2013 20:37:56,10/13/2013,20:37:56,0.00,2.15,81.40,975.91,164
10/13/2013 20:38:26,10/13/2013,20:38:26,0.00,2.15,81.40,975.91,164
10/13/2013 20:38:56,10/13/2013,20:38:56,0.00,2.15,81.40,975.88,161
10/13/2013 20:39:26,10/13/2013,20:39:26,0.00,2.15,81.50,975.89,120
10/13/2013 20:39:56,10/13/2013,20:39:56,0.00,2.22,81.50,975.89,116
10/13/2013 20:40:26,10/13/2013,20:40:26,0.00,2.22,81.59,975.84,115
10/13/2013 20:40:56,10/13/2013,20:40:56,0.00,2.22,81.59,975.82,116
10/13/2013 20:41:26,10/13/2013,20:41:26,0.00,2.22,81.59,975.81,118
10/13/2013 20:41:56,10/13/2013,20:41:56,0.00,2.22,81.59,975.81,118
10/13/2013 20:42:26,10/13/2013,20:42:26,0.00,2.22,81.59,975.80,106
10/13/2013 20:42:56,10/13/2013,20:42:56,0.00,2.22,81.59,975.82,74
10/13/2013 20:43:26,10/13/2013,20:43:26,0.00,2.22,81.59,975.83,77
10/13/2013 20:43:56,10/13/2013,20:43:56,0.00,2.20,81.59,975.87,91
10/13/2013 20:44:26,10/13/2013,20:44:26,0.00,2.20,81.69,975.88,91
10/13/2013 20:44:56,10/13/2013,20:44:56,0.00,2.20,81.69,975.91,88
10/13/2013 20:45:26,10/13/2013,20:45:26,0.00,2.22,81.80,975.92,84
10/13/2013 20:45:56,10/13/2013,20:45:56,0.00,2.20,81.80,975.94,86
10/13/2013 20:46:26,10/13/2013,20:46:26,0.00,2.15,81.80,975.97,86
10/13/2013 20:46:56,10/13/2013,20:46:56,0.00,2.15,81.80,975.97,87
10/13/2013 20:47:26,10/13/2013,20:47:26,0.00,2.15,81.80,975.99,87
10/13/2013 20:47:56,10/13/2013,20:47:56,0.00,2.15,81.80,976.01,86
10/13/2013 20:48:26,10/13/2013,20:48:26,0.00,2.15,81.90,976.01,87
10/13/2013 20:48:56,10/13/2013,20:48:56,0.00,2.15,81.90,976.01,86
10/13/2013 20:49:26,10/13/2013,20:49:26,0.00,2.20,81.90,976.02,87
10/13/2013 20:49:56,10/13/2013,20:49:56,0.00,2.20,81.90,976.01,87
10/13/2013 20:50:26,10/13/2013,20:50:26,0.00,2.20,81.90,976.02,86
10/13/2013 20:50:56,10/13/2013,20:50:56,0.00,2.22,82.00,975.99,87
10/13/2013 20:51:26,10/13/2013,20:51:26,0.00,2.27,82.00,975.99,59
10/13/2013 20:51:56,10/13/2013,20:51:56,0.00,2.32,82.00,975.99,38
10/13/2013 20:52:26,10/13/2013,20:52:26,0.00,2.32,82.09,975.99,0
10/13/2013 20:52:56,10/13/2013,20:52:56,0.00,2.32,82.09,976.01,0
10/13/2013 20:53:26,10/13/2013,20:53:26,0.00,2.27,82.09,976.02,0
10/13/2013 20:53:56,10/13/2013,20:53:56,0.00,2.22,82.09,976.03,0
10/13/2013 20:54:26,10/13/2013,20:54:26,0.00,2.22,82.09,976.05,0
10/13/2013 20:54:56,10/13/2013,20:54:56,0.00,2.20,82.09,976.08,0
10/13/2013 20:55:26,10/13/2013,20:55:26,0.00,2.22,82.09,976.10,0
10/13/2013 20:55:56,10/13/2013,20:55:56,0.00,2.22,82.19,976.11,0
10/13/2013 20:56:26,10/13/2013,20:56:26,0.00,2.15,82.19,976.11,0
10/13/2013 20:56:56,10/13/2013,20:56:56,0.00,2.07,82.09,976.12,0
10/13/2013 20:57:26,10/13/2013,20:57:26,0.00,2.15,82.19,976.12,0
10/13/2013 20:57:56,10/13/2013,20:57:56,0.00,2.15,82.30,976.15,0
10/13/2013 20:58:26,10/13/2013,20:58:26,0.00,2.15,82.30,976.15,0
10/13/2013 20:58:56,10/13/2013,20:58:56,0.00,2.15,82.40,976.12,0
10/13/2013 20:59:26,10/13/2013,20:59:26,0.00,2.12,82.40,976.12,0
10/13/2013 20:59:56,10/13/2013,20:59:56,0.00,2.07,82.30,976.10,1
10/13/2013 21:00:26,10/13/2013,21:00:26,0.00,2.07,82.30,976.09,0
10/13/2013 21:00:56,10/13/2013,21:00:56,0.00,2.07,82.40,976.10,0
10/13/2013 21:01:26,10/13/2013,21:01:26,0.00,2.07,82.40,976.10,0
10/13/2013 21:01:56,10/13/2013,21:01:56,0.00,2.07,82.40,976.13,0
10/13/2013 21:02:26,10/13/2013,21:02:26,0.00,2.02,82.40,976.15,0
10/13/2013 21:02:56,10/13/2013,21:02:56,0.00,2.00,82.40,976.12,0
10/13/2013 21:03:26,10/13/2013,21:03:26,0.00,2.00,82.40,976.13,0
10/13/2013 21:03:56,10/13/2013,21:03:56,0.00,2.00,82.40,976.16,1
10/13/2013 21:04:26,10/13/2013,21:04:26,0.00,1.95,82.40,976.19,0
10/13/2013 21:04:56,10/13/2013,21:04:56,0.00,1.92,82.40,976.19,358
10/13/2013 21:05:26,10/13/2013,21:05:26,0.00,1.82,82.40,976.20,253
10/13/2013 21:05:56,10/13/2013,21:05:56,0.00,1.82,82.40,976.22,253
10/13/2013 21:06:26,10/13/2013,21:06:26,0.00,1.79,82.40,976.19,253
10/13/2013 21:06:56,10/13/2013,21:06:56,0.00,1.75,82.40,976.18,252
10/13/2013 21:07:26,10/13/2013,21:07:26,0.00,1.75,82.40,976.17,253
10/13/2013 21:07:56,10/13/2013,21:07:56,0.00,1.75,82.40,976.19,254
10/13/2013 21:08:26,10/13/2013,21:08:26,0.00,1.75,82.50,976.18,256
10/13/2013 21:08:56,10/13/2013,21:08:56,0.00,1.75,82.50,976.19,255
10/13/2013 21:09:26,10/13/2013,21:09:26,0.00,1.75,82.50,976.20,256
10/13/2013 21:09:56,10/13/2013,21:09:56,0.00,1.75,82.50,976.19,255
10/13/2013 21:10:26,10/13/2013,21:10:26,0.00,1.75,82.50,976.19,255
10/13/2013 21:10:56,10/13/2013,21:10:56,0.00,1.75,82.50,976.17,255
10/13/2013 21:11:26,10/13/2013,21:11:26,0.00,1.75,82.50,976.19,255
10/13/2013 21:11:56,10/13/2013,21:11:56,0.00,1.82,82.50,976.19,255
10/13/2013 21:12:26,10/13/2013,21:12:26,0.00,1.82,82.59,976.19,258
10/13/2013 21:12:56,10/13/2013,21:12:56,0.00,1.79,82.59,976.22,258
10/13/2013 21:13:26,10/13/2013,21:13:26,0.00,1.75,82.59,976.22,284
10/13/2013 21:13:56,10/13/2013,21:13:56,0.00,1.75,82.50,976.23,286
10/13/2013 21:14:26,10/13/2013,21:14:26,0.00,1.67,82.50,976.24,286
10/13/2013 21:14:56,10/13/2013,21:14:56,0.00,1.67,82.50,976.26,286
10/13/2013 21:15:26,10/13/2013,21:15:26,0.00,1.67,82.50,976.27,285
10/13/2013 21:15:56,10/13/2013,21:15:56,0.00,1.67,82.50,976.26,286
10/13/2013 21:16:26,10/13/2013,21:16:26,0.00,1.67,82.59,976.29,295
10/13/2013 21:16:56,10/13/2013,21:16:56,0.00,1.64,82.59,976.30,294
10/13/2013 21:17:26,10/13/2013,21:17:26,0.00,1.64,82.59,976.33,295
10/13/2013 21:17:56,10/13/2013,21:17:56,0.00,1.60,82.59,976.34,295
10/13/2013 21:18:26,10/13/2013,21:18:26,0.00,1.54,82.59,976.36,295
10/13/2013 21:18:56,10/13/2013,21:18:56,0.00,1.60,82.59,976.38,296
10/13/2013 21:19:26,10/13/2013,21:19:26,0.00,1.60,82.59,976.38,300
10/13/2013 21:19:56,10/13/2013,21:19:56,0.00,1.60,82.69,976.38,315
10/13/2013 21:20:26,10/13/2013,21:20:26,0.00,1.60,82.69,976.39,314
10/13/2013 21:20:56,10/13/2013,21:20:56,0.00,1.60,82.69,976.36,312
10/13/2013 21:21:26,10/13/2013,21:21:26,0.00,1.60,82.69,976.37,312
10/13/2013 21:21:56,10/13/2013,21:21:56,0.00,1.60,82.69,976.38,312
10/13/2013 21:22:26,10/13/2013,21:22:26,0.00,1.60,82.80,976.38,310
10/13/2013 21:22:56,10/13/2013,21:22:56,0.00,1.60,82.80,976.37,310
10/13/2013 21:23:26,10/13/2013,21:23:26,0.00,1.67,82.90,976.37,311
10/13/2013 21:23:56,10/13/2013,21:23:56,0.00,1.67,82.90,976.36,311
10/13/2013 21:24:26,10/13/2013,21:24:26,0.00,1.72,83.00,976.33,312
10/13/2013 21:24:56,10/13/2013,21:24:56,0.00,1.72,83.00,976.31,311
10/13/2013 21:25:26,10/13/2013,21:25:26,0.00,1.75,83.00,976.31,310
10/13/2013 21:25:56,10/13/2013,21:25:56,0.00,1.72,83.00,976.32,310
10/13/2013 21:26:26,10/13/2013,21:26:26,0.00,1.72,83.00,976.32,309
10/13/2013 21:26:56,10/13/2013,21:26:56,0.00,1.72,83.00,976.31,308
10/13/2013 21:27:26,10/13/2013,21:27:26,0.00,1.72,83.00,976.31,306
10/13/2013 21:27:56,10/13/2013,21:27:56,0.00,1.75,83.09,976.31,289
10/13/2013 21:28:26,10/13/2013,21:28:26,0.00,1.75,83.09,976.29,289
10/13/2013 21:28:56,10/13/2013,21:28:56,0.00,1.79,83.19,976.30,288
10/13/2013 21:29:26,10/13/2013,21:29:26,0.00,1.79,83.19,976.29,290
10/13/2013 21:29:56,10/13/2013,21:29:56,0.00,1.79,83.09,976.31,290
10/13/2013 21:30:26,10/13/2013,21:30:26,0.00,1.75,83.09,976.34,290
10/13/2013 21:30:56,10/13/2013,21:30:56,0.00,1.75,83.09,976.34,290
10/13/2013 21:31:26,10/13/2013,21:31:26,0.00,1.67,83.09,976.37,295
10/13/2013 21:31:56,10/13/2013,21:31:56,0.00,1.67,83.09,976.37,290
10/13/2013 21:32:26,10/13/2013,21:32:26,0.00,1.67,83.09,976.36,292
10/13/2013 21:32:56,10/13/2013,21:32:56,0.00,1.67,83.09,976.37,292
10/13/2013 21:33:26,10/13/2013,21:33:26,0.00,1.60,83.09,976.37,304
10/13/2013 21:33:56,10/13/2013,21:33:56,0.00,1.60,83.09,976.38,303
10/13/2013 21:34:26,10/13/2013,21:34:26,0.00,1.60,83.19,976.38,303
10/13/2013 21:34:56,10/13/2013,21:34:56,0.00,1.60,83.19,976.37,308
10/13/2013 21:35:26,10/13/2013,21:35:26,0.00,1.60,83.19,976.39,306
10/13/2013 21:35:56,10/13/2013,21:35:56,0.00,1.64,83.30,976.39,305
10/13/2013 21:36:26,10/13/2013,21:36:26,0.00,1.60,83.30,976.40,307
10/13/2013 21:36:56,10/13/2013,21:36:56,0.00,1.60,83.30,976.43,305
10/13/2013 21:37:26,10/13/2013,21:37:26,0.00,1.60,83.30,976.43,310
10/13/2013 21:37:56,10/13/2013,21:37:56,0.00,1.52,83.30,976.45,312
10/13/2013 21:38:26,10/13/2013,21:38:26,0.00,1.54,83.30,976.46,318
10/13/2013 21:38:56,10/13/2013,21:38:56,0.00,1.54,83.30,976.46,320
10/13/2013 21:39:26,10/13/2013,21:39:26,0.00,1.64,83.40,976.47,345
10/13/2013 21:39:56,10/13/2013,21:39:56,0.00,1.67,83.50,976.48,344
10/13/2013 21:40:26,10/13/2013,21:40:26,0.00,1.75,83.59,976.46,344
10/13/2013 21:40:56,10/13/2013,21:40:56,0.00,1.72,83.59,976.44,348
10/13/2013 21:41:26,10/13/2013,21:41:26,0.00,1.75,83.69,976.45,346
10/13/2013 21:41:56,10/13/2013,21:41:56,0.00,1.79,83.69,976.45,348
10/13/2013 21:42:26,10/13/2013,21:42:26,0.00,1.82,83.80,976.45,346
10/13/2013 21:42:56,10/13/2013,21:42:56,0.00,1.87,83.80,976.43,347
10/13/2013 21:43:26,10/13/2013,21:43:26,0.00,1.92,83.90,976.47,351
10/13/2013 21:43:56,10/13/2013,21:43:56,0.00,1.92,83.90,976.47,351
10/13/2013 21:44:26,10/13/2013,21:44:26,0.00,1.95,83.90,976.47,351
10/13/2013 21:44:56,10/13/2013,21:44:56,0.00,1.95,83.90,976.48,349
10/13/2013 21:45:26,10/13/2013,21:45:26,0.00,1.95,83.90,976.48,348
10/13/2013 21:45:56,10/13/2013,21:45:56,0.00,2.00,83.90,976.50,346
10/13/2013 21:46:26,10/13/2013,21:46:26,0.00,2.00,83.90,976.53,345
10/13/2013 21:46:56,10/13/2013,21:46:56,0.00,2.00,83.90,976.54,343
10/13/2013 21:47:26,10/13/2013,21:47:26,0.00,1.95,83.90,976.53,315
10/13/2013 21:47:56,10/13/2013,21:47:56,0.00,1.92,83.90,976.55,310
10/13/2013 21:48:26,10/13/2013,21:48:26,0.00,1.95,83.90,976.55,310
10/13/2013 21:48:56,10/13/2013,21:48:56,0.00,2.00,83.90,976.58,310
10/13/2013 21:49:26,10/13/2013,21:49:26,0.00,2.00,84.00,976.59,311
10/13/2013 21:49:56,10/13/2013,21:49:56,0.00,2.00,84.00,976.55,311
10/13/2013 21:50:26,10/13/2013,21:50:26,0.00,2.00,84.00,976.55,310
10/13/2013 21:50:56,10/13/2013,21:50:56,0.00,2.00,84.00,976.55,308
10/13/2013 21:51:26,10/13/2013,21:51:26,0.00,2.00,84.09,976.55,300
10/13/2013 21:51:56,10/13/2013,21:51:56,0.00,2.00,84.00,976.55,302
10/13/2013 21:52:26,10/13/2013,21:52:26,0.00,2.00,84.00,976.54,302
10/13/2013 21:52:56,10/13/2013,21:52:56,0.00,2.00,84.00,976.55,305
10/13/2013 21:53:26,10/13/2013,21:53:26,0.00,2.00,84.00,976.55,318
10/13/2013 21:53:56,10/13/2013,21:53:56,0.00,2.00,84.00,976.55,318
10/13/2013 21:54:26,10/13/2013,21:54:26,0.00,2.07,84.09,976.55,353
10/13/2013 21:54:56,10/13/2013,21:54:56,0.00,2.02,84.19,976.59,353
10/13/2013 21:55:26,10/13/2013,21:55:26,0.00,2.12,84.19,976.59,350
10/13/2013 21:55:56,10/13/2013,21:55:56,0.00,2.20,84.30,976.59,353
10/13/2013 21:56:26,10/13/2013,21:56:26,0.00,2.22,84.40,976.59,356
10/13/2013 21:56:56,10/13/2013,21:56:56,0.00,2.32,84.40,976.60,356
10/13/2013 21:57:26,10/13/2013,21:57:26,0.00,2.32,84.40,976.62,355
10/13/2013 21:57:56,10/13/2013,21:57:56,0.00,2.32,84.50,976.61,357
10/13/2013 21:58:26,10/13/2013,21:58:26,0.00,2.34,84.50,976.62,356
10/13/2013 21:58:56,10/13/2013,21:58:56,0.00,2.40,84.50,976.60,356
10/13/2013 21:59:26,10/13/2013,21:59:26,0.00,2.40,84.50,976.62,356
10/13/2013 21:59:56,10/13/2013,21:59:56,0.00,2.40,84.40,976.62,356
10/13/2013 22:00:26,10/13/2013,22:00:26,0.00,2.40,84.40,976.62,354
10/13/2013 22:00:56,10/13/2013,22:00:56,0.00,2.40,84.40,976.61,353
10/13/2013 22:01:26,10/13/2013,22:01:26,0.00,2.40,84.30,976.62,353
10/13/2013 22:01:56,10/13/2013,22:01:56,0.00,2.42,84.30,976.62,349
10/13/2013 22:02:26,10/13/2013,22:02:26,0.00,2.42,84.40,976.65,313
10/13/2013 22:02:56,10/13/2013,22:02:56,0.00,2.40,84.40,976.66,313
10/13/2013 22:03:26,10/13/2013,22:03:26,0.00,2.40,84.40,976.66,320
10/13/2013 22:03:56,10/13/2013,22:03:56,0.00,2.47,84.40,976.66,319
10/13/2013 22:04:26,10/13/2013,22:04:26,0.00,2.47,84.40,976.65,320
10/13/2013 22:04:56,10/13/2013,22:04:56,0.00,2.47,84.50,976.64,319
10/13/2013 22:05:26,10/13/2013,22:05:26,0.00,2.50,84.50,976.62,321
10/13/2013 22:05:56,10/13/2013,22:05:56,0.00,2.50,84.50,976.64,321
10/13/2013 22:06:26,10/13/2013,22:06:26,0.00,2.47,84.50,976.64,323
10/13/2013 22:06:56,10/13/2013,22:06:56,0.00,2.50,84.50,976.62,324
10/13/2013 22:07:26,10/13/2013,22:07:26,0.00,2.54,84.50,976.62,324
10/13/2013 22:07:56,10/13/2013,22:07:56,0.00,2.54,84.50,976.62,324
10/13/2013 22:08:26,10/13/2013,22:08:26,0.00,2.54,84.59,976.64,324
10/13/2013 22:08:56,10/13/2013,22:08:56,0.00,2.54,84.50,976.62,325
10/13/2013 22:09:26,10/13/2013,22:09:26,0.00,2.59,84.50,976.62,328
10/13/2013 22:09:56,10/13/2013,22:09:56,0.00,2.62,84.59,976.61,328
10/13/2013 22:10:26,10/13/2013,22:10:26,0.00,2.67,84.59,976.62,357
10/13/2013 22:10:56,10/13/2013,22:10:56,0.00,2.67,84.59,976.59,357
10/13/2013 22:11:26,10/13/2013,22:11:26,0.00,2.67,84.59,976.60,357
10/13/2013 22:11:56,10/13/2013,22:11:56,0.00,2.67,84.59,976.60,357
10/13/2013 22:12:26,10/13/2013,22:12:26,0.00,2.70,84.59,976.59,355
10/13/2013 22:12:56,10/13/2013,22:12:56,0.00,2.70,84.69,976.59,357
10/13/2013 22:13:26,10/13/2013,22:13:26,0.00,2.75,84.69,976.59,355
10/13/2013 22:13:56,10/13/2013,22:13:56,0.00,2.79,84.69,976.57,355
10/13/2013 22:14:26,10/13/2013,22:14:26,0.00,2.79,84.69,976.57,357
10/13/2013 22:14:56,10/13/2013,22:14:56,0.00,2.75,84.69,976.59,359
10/13/2013 22:15:26,10/13/2013,22:15:26,0.00,2.79,84.69,976.55,356
10/13/2013 22:15:56,10/13/2013,22:15:56,0.00,2.79,84.69,976.55,358
10/13/2013 22:16:26,10/13/2013,22:16:26,0.00,2.79,84.69,976.55,357
10/13/2013 22:16:56,10/13/2013,22:16:56,0.00,2.87,84.80,976.55,357
10/13/2013 22:17:26,10/13/2013,22:17:26,0.00,2.82,84.80,976.53,359
10/13/2013 22:17:56,10/13/2013,22:17:56,0.00,2.87,84.80,976.52,357
10/13/2013 22:18:26,10/13/2013,22:18:26,0.00,2.87,84.80,976.52,358
10/13/2013 22:18:56,10/13/2013,22:18:56,0.00,2.87,84.80,976.51,356
10/13/2013 22:19:26,10/13/2013,22:19:26,0.00,2.90,84.80,976.54,357
10/13/2013 22:19:56,10/13/2013,22:19:56,0.00,2.95,84.80,976.52,357
10/13/2013 22:20:26,10/13/2013,22:20:26,0.00,2.95,84.90,976.52,355
10/13/2013 22:20:56,10/13/2013,22:20:56,0.00,3.02,85.00,976.51,353
10/13/2013 22:21:26,10/13/2013,22:21:26,0.00,2.97,84.90,976.51,353
10/13/2013 22:21:56,10/13/2013,22:21:56,0.00,2.97,84.90,976.50,353
10/13/2013 22:22:26,10/13/2013,22:22:26,0.00,3.02,84.90,976.50,354
10/13/2013 22:22:56,10/13/2013,22:22:56,0.00,3.02,84.80,976.50,354
10/13/2013 22:23:26,10/13/2013,22:23:26,0.00,3.02,84.80,976.50,350
10/13/2013 22:23:56,10/13/2013,22:23:56,0.00,3.07,84.90,976.50,351
10/13/2013 22:24:26,10/13/2013,22:24:26,0.00,3.02,84.80,976.51,336
10/13/2013 22:24:56,10/13/2013,22:24:56,0.00,3.02,84.80,976.52,336
10/13/2013 22:25:26,10/13/2013,22:25:26,0.00,3.02,84.80,976.50,336
10/13/2013 22:25:56,10/13/2013,22:25:56,0.00,3.02,84.80,976.51,336
10/13/2013 22:26:26,10/13/2013,22:26:26,0.00,3.02,84.80,976.50,336
10/13/2013 22:26:56,10/13/2013,22:26:56,0.00,3.02,84.80,976.52,337
10/13/2013 22:27:26,10/13/2013,22:27:26,0.00,3.02,84.80,976.52,336
10/13/2013 22:27:56,10/13/2013,22:27:56,0.00,3.02,84.69,976.53,308
10/13/2013 22:28:26,10/13/2013,22:28:26,0.00,2.95,84.69,976.55,252
10/13/2013 22:28:56,10/13/2013,22:28:56,0.00,2.90,84.69,976.57,248
10/13/2013 22:29:26,10/13/2013,22:29:26,0.00,2.87,84.69,976.59,249
10/13/2013 22:29:56,10/13/2013,22:29:56,0.00,2.87,84.69,976.59,248
10/13/2013 22:30:26,10/13/2013,22:30:26,0.00,2.82,84.59,976.57,248
10/13/2013 22:30:56,10/13/2013,22:30:56,0.00,2.82,84.59,976.55,248
10/13/2013 22:31:26,10/13/2013,22:31:26,0.00,2.79,84.69,976.55,251
10/13/2013 22:31:56,10/13/2013,22:31:56,0.00,2.75,84.69,976.57,294
10/13/2013 22:32:26,10/13/2013,22:32:26,0.00,2.67,84.59,976.55,300
10/13/2013 22:32:56,10/13/2013,22:32:56,0.00,2.62,84.59,976.57,300
10/13/2013 22:33:26,10/13/2013,22:33:26,0.00,2.54,84.59,976.60,303
10/13/2013 22:33:56,10/13/2013,22:33:56,0.00,2.47,84.50,976.62,304
10/13/2013 22:34:26,10/13/2013,22:34:26,0.00,2.40,84.50,976.62,319
10/13/2013 22:34:56,10/13/2013,22:34:56,0.00,2.32,84.50,976.61,325
10/13/2013 22:35:26,10/13/2013,22:35:26,0.00,2.22,84.40,976.65,334
10/13/2013 22:35:56,10/13/2013,22:35:56,0.00,2.22,84.50,976.67,0
10/13/2013 22:36:26,10/13/2013,22:36:26,0.00,2.15,84.50,976.72,0
10/13/2013 22:36:56,10/13/2013,22:36:56,0.00,2.15,84.59,976.73,0
10/13/2013 22:37:26,10/13/2013,22:37:26,0.00,2.20,84.69,976.75,359
10/13/2013 22:37:56,10/13/2013,22:37:56,0.00,2.22,84.80,976.75,358
10/13/2013 22:38:26,10/13/2013,22:38:26,0.00,2.22,84.90,976.74,358
10/13/2013 22:38:56,10/13/2013,22:38:56,0.00,2.27,84.90,976.74,357
10/13/2013 22:39:26,10/13/2013,22:39:26,0.00,2.40,85.00,976.74,328
10/13/2013 22:39:56,10/13/2013,22:39:56,0.00,2.40,85.09,976.69,327
10/13/2013 22:40:26,10/13/2013,22:40:26,0.00,2.42,85.19,976.68,329
10/13/2013 22:40:56,10/13/2013,22:40:56,0.00,2.47,85.30,976.68,326
10/13/2013 22:41:26,10/13/2013,22:41:26,0.00,2.54,85.30,976.71,329
10/13/2013 22:41:56,10/13/2013,22:41:56,0.00,2.50,85.30,976.72,329
10/13/2013 22:42:26,10/13/2013,22:42:26,0.00,2.50,85.19,976.73,329
10/13/2013 22:42:56,10/13/2013,22:42:56,0.00,2.47,85.09,976.73,330
10/13/2013 22:43:26,10/13/2013,22:43:26,0.00,2.47,85.09,976.76,331
10/13/2013 22:43:56,10/13/2013,22:43:56,0.00,2.47,85.00,976.78,329
10/13/2013 22:44:26,10/13/2013,22:44:26,0.00,2.50,85.09,976.76,327
10/13/2013 22:44:56,10/13/2013,22:44:56,0.00,2.50,85.00,976.78,329
10/13/2013 22:45:26,10/13/2013,22:45:26,0.00,2.50,85.00,976.79,339
10/13/2013 22:45:56,10/13/2013,22:45:56,0.00,2.47,85.00,976.78,339
10/13/2013 22:46:26,10/13/2013,22:46:26,0.00,2.47,85.00,976.80,336
10/13/2013 22:46:56,10/13/2013,22:46:56,0.00,2.47,85.00,976.79,329
10/13/2013 22:47:26,10/13/2013,22:47:26,0.00,2.47,84.90,976.81,329
10/13/2013 22:47:56,10/13/2013,22:47:56,0.00,2.40,84.90,976.82,329
10/13/2013 22:48:26,10/13/2013,22:48:26,0.00,2.34,84.90,976.81,329
10/13/2013 22:48:56,10/13/2013,22:48:56,0.00,2.32,84.90,976.83,330
10/13/2013 22:49:26,10/13/2013,22:49:26,0.00,2.27,84.80,976.86,330
10/13/2013 22:49:56,10/13/2013,22:49:56,0.00,2.22,84.80,976.88,329
10/13/2013 22:50:26,10/13/2013,22:50:26,0.00,2.20,84.80,976.90,330
10/13/2013 22:50:56,10/13/2013,22:50:56,0.00,2.15,84.80,976.90,328
10/13/2013 22:51:26,10/13/2013,22:51:26,0.00,2.12,84.80,976.92,329
10/13/2013 22:51:56,10/13/2013,22:51:56,0.00,2.07,84.80,976.92,328
10/13/2013 22:52:26,10/13/2013,22:52:26,0.00,2.07,84.80,976.94,328
10/13/2013 22:52:56,10/13/2013,22:52:56,0.00,2.07,84.80,976.95,328
10/13/2013 22:53:26,10/13/2013,22:53:26,0.00,2.02,84.80,976.94,328
10/13/2013 22:53:56,10/13/2013,22:53:56,0.00,2.00,84.80,976.94,329
10/13/2013 22:54:26,10/13/2013,22:54:26,0.00,2.00,84.90,976.94,328
10/13/2013 22:54:56,10/13/2013,22:54:56,0.00,1.95,84.90,976.94,328
10/13/2013 22:55:26,10/13/2013,22:55:26,0.00,1.95,84.90,976.94,329
10/13/2013 22:55:56,10/13/2013,22:55:56,0.00,1.95,84.90,976.94,329
10/13/2013 22:56:26,10/13/2013,22:56:26,0.00,1.95,84.90,976.94,328
10/13/2013 22:56:56,10/13/2013,22:56:56,0.00,1.95,84.90,976.92,329
10/13/2013 22:57:26,10/13/2013,22:57:26,0.00,1.92,84.90,976.90,328
10/13/2013 22:57:56,10/13/2013,22:57:56,0.00,1.92,84.90,976.89,328
10/13/2013 22:58:26,10/13/2013,22:58:26,0.00,1.92,84.90,976.88,328
10/13/2013 22:58:56,10/13/2013,22:58:56,0.00,1.92,84.90,976.86,328
10/13/2013 22:59:26,10/13/2013,22:59:26,0.00,1.87,85.00,976.86,328
10/13/2013 22:59:56,10/13/2013,22:59:56,0.00,1.82,84.90,976.87,328
10/13/2013 23:00:26,10/13/2013,23:00:26,0.00,1.75,84.90,976.86,328
10/13/2013 23:00:56,10/13/2013,23:00:56,0.00,1.67,84.80,976.88,328
10/13/2013 23:01:26,10/13/2013,23:01:26,0.00,1.60,84.90,976.86,328
10/13/2013 23:01:56,10/13/2013,23:01:56,0.00,1.52,85.00,976.86,328
10/13/2013 23:02:26,10/13/2013,23:02:26,0.00,1.45,85.00,976.86,324
10/13/2013 23:02:56,10/13/2013,23:02:56,0.00,1.47,85.00,976.86,323
10/13/2013 23:03:26,10/13/2013,23:03:26,0.00,1.47,85.00,976.86,323
10/13/2013 23:03:56,10/13/2013,23:03:56,0.00,1.52,85.00,976.85,323
10/13/2013 23:04:26,10/13/2013,23:04:26,0.00,1.54,85.09,976.85,323
10/13/2013 23:04:56,10/13/2013,23:04:56,0.00,1.60,85.30,976.85,323
10/13/2013 23:05:26,10/13/2013,23:05:26,0.00,1.54,85.19,976.82,323
10/13/2013 23:05:56,10/13/2013,23:05:56,0.00,1.54,85.19,976.82,323
10/13/2013 23:06:26,10/13/2013,23:06:26,0.00,1.60,85.19,976.81,323
10/13/2013 23:06:56,10/13/2013,23:06:56,0.00,1.54,85.19,976.79,323
10/13/2013 23:07:26,10/13/2013,23:07:26,0.00,1.52,85.19,976.79,323
10/13/2013 23:07:56,10/13/2013,23:07:56,0.00,1.52,85.09,976.80,323
10/13/2013 23:08:26,10/13/2013,23:08:26,0.00,1.52,85.09,976.79,323
10/13/2013 23:08:56,10/13/2013,23:08:56,0.00,1.52,85.09,976.79,323
10/13/2013 23:09:26,10/13/2013,23:09:26,0.00,1.52,85.09,976.79,323
10/13/2013 23:09:56,10/13/2013,23:09:56,0.00,1.52,85.09,976.79,323
10/13/2013 23:10:26,10/13/2013,23:10:26,0.00,1.52,85.09,976.80,323
10/13/2013 23:10:56,10/13/2013,23:10:56,0.00,1.47,85.09,976.81,322
10/13/2013 23:11:26,10/13/2013,23:11:26,0.00,1.45,85.09,976.82,213
10/13/2013 23:11:56,10/13/2013,23:11:56,0.00,1.45,85.00,976.83,215
10/13/2013 23:12:26,10/13/2013,23:12:26,0.00,1.39,85.00,976.85,215
10/13/2013 23:12:56,10/13/2013,23:12:56,0.00,1.35,85.00,976.83,209
10/13/2013 23:13:26,10/13/2013,23:13:26,0.00,1.35,85.00,976.86,196
10/13/2013 23:13:56,10/13/2013,23:13:56,0.00,1.27,85.00,976.86,180
10/13/2013 23:14:26,10/13/2013,23:14:26,0.00,1.25,85.00,976.86,158
10/13/2013 23:14:56,10/13/2013,23:14:56,0.00,1.12,84.90,976.88,159
10/13/2013 23:15:26,10/13/2013,23:15:26,0.00,1.04,84.90,976.87,158
10/13/2013 23:15:56,10/13/2013,23:15:56,0.00,1.04,84.80,976.89,160
10/13/2013 23:16:26,10/13/2013,23:16:26,0.00,0.97,84.80,976.93,160
10/13/2013 23:16:56,10/13/2013,23:16:56,0.00,0.97,84.90,976.94,159
10/13/2013 23:17:26,10/13/2013,23:17:26,0.00,0.97,84.90,976.94,160
10/13/2013 23:17:56,10/13/2013,23:17:56,0.00,0.97,84.90,976.95,160
10/13/2013 23:18:26,10/13/2013,23:18:26,0.00,0.97,84.90,976.96,162
10/13/2013 23:18:56,10/13/2013,23:18:56,0.00,0.97,85.00,976.96,160
10/13/2013 23:19:26,10/13/2013,23:19:26,0.00,0.97,85.00,976.96,160
10/13/2013 23:19:56,10/13/2013,23:19:56,0.00,1.00,85.00,976.97,160
10/13/2013 23:20:26,10/13/2013,23:20:26,0.00,1.04,85.09,976.97,161
10/13/2013 23:20:56,10/13/2013,23:20:56,0.00,1.04,85.19,977.00,161
10/13/2013 23:21:26,10/13/2013,23:21:26,0.00,1.04,85.19,976.99,161
10/13/2013 23:21:56,10/13/2013,23:21:56,0.00,1.04,85.19,976.99,161
10/13/2013 23:22:26,10/13/2013,23:22:26,0.00,1.04,85.09,976.99,161
10/13/2013 23:22:56,10/13/2013,23:22:56,0.00,1.04,85.00,976.96,160
10/13/2013 23:23:26,10/13/2013,23:23:26,0.00,1.00,85.09,976.96,0
10/13/2013 23:23:56,10/13/2013,23:23:56,0.00,1.00,85.00,976.93,0
10/13/2013 23:24:26,10/13/2013,23:24:26,0.00,1.00,85.09,976.93,0
10/13/2013 23:24:56,10/13/2013,23:24:56,0.00,0.97,85.09,976.93,0
10/13/2013 23:25:26,10/13/2013,23:25:26,0.00,0.97,85.09,976.92,0
10/13/2013 23:25:56,10/13/2013,23:25:56,0.00,0.97,85.09,976.92,0
10/13/2013 23:26:26,10/13/2013,23:26:26,0.00,0.97,85.09,976.90,0
10/13/2013 23:26:56,10/13/2013,23:26:56,0.00,0.97,85.09,976.92,0
10/13/2013 23:27:26,10/13/2013,23:27:26,0.00,0.97,85.09,976.92,0
10/13/2013 23:27:56,10/13/2013,23:27:56,0.00,1.00,85.09,976.90,358
10/13/2013 23:28:26,10/13/2013,23:28:26,0.00,1.00,85.09,976.90,358
10/13/2013 23:28:56,10/13/2013,23:28:56,0.00,1.00,85.19,976.92,358
10/13/2013 23:29:26,10/13/2013,23:29:26,0.00,1.00,85.19,976.93,359
10/13/2013 23:29:56,10/13/2013,23:29:56,0.00,0.97,85.09,976.92,358
10/13/2013 23:30:26,10/13/2013,23:30:26,0.00,1.00,85.09,976.93,358
10/13/2013 23:30:56,10/13/2013,23:30:56,0.00,0.97,85.09,976.93,358
10/13/2013 23:31:26,10/13/2013,23:31:26,0.00,0.97,85.09,976.95,358
10/13/2013 23:31:56,10/13/2013,23:31:56,0.00,0.97,85.09,976.95,357
10/13/2013 23:32:26,10/13/2013,23:32:26,0.00,1.04,85.09,976.94,357
10/13/2013 23:32:56,10/13/2013,23:32:56,0.00,0.97,85.09,976.94,358
10/13/2013 23:33:26,10/13/2013,23:33:26,0.00,1.00,85.19,976.95,357
10/13/2013 23:33:56,10/13/2013,23:33:56,0.00,1.00,85.19,976.96,357
10/13/2013 23:34:26,10/13/2013,23:34:26,0.00,1.04,85.19,977.00,358
10/13/2013 23:34:56,10/13/2013,23:34:56,0.00,1.04,85.09,977.01,358
10/13/2013 23:35:26,10/13/2013,23:35:26,0.00,1.12,85.19,977.01,358
10/13/2013 23:35:56,10/13/2013,23:35:56,0.00,1.12,85.30,977.00,358
10/13/2013 23:36:26,10/13/2013,23:36:26,0.00,1.12,85.30,976.97,359
10/13/2013 23:36:56,10/13/2013,23:36:56,0.00,1.12,85.30,976.99,358
10/13/2013 23:37:26,10/13/2013,23:37:26,0.00,1.17,85.19,976.97,358
10/13/2013 23:37:56,10/13/2013,23:37:56,0.00,1.17,85.19,976.99,358
10/13/2013 23:38:26,10/13/2013,23:38:26,0.00,1.20,85.19,976.99,358
10/13/2013 23:38:56,10/13/2013,23:38:56,0.00,1.20,85.19,976.99,358
10/13/2013 23:39:26,10/13/2013,23:39:26,0.00,1.25,85.19,977.01,358
10/13/2013 23:39:56,10/13/2013,23:39:56,0.00,1.27,85.19,976.99,358
10/13/2013 23:40:26,10/13/2013,23:40:26,0.00,1.27,85.19,976.99,358
10/13/2013 23:40:56,10/13/2013,23:40:56,0.00,1.27,85.19,977.01,358
10/13/2013 23:41:26,10/13/2013,23:41:26,0.00,1.27,85.19,977.02,358
10/13/2013 23:41:56,10/13/2013,23:41:56,0.00,1.27,85.19,977.02,358
10/13/2013 23:42:26,10/13/2013,23:42:26,0.00,1.32,85.19,977.00,358
10/13/2013 23:42:56,10/13/2013,23:42:56,0.00,1.32,85.19,977.02,358
10/13/2013 23:43:26,10/13/2013,23:43:26,0.00,1.32,85.09,977.04,358
10/13/2013 23:43:56,10/13/2013,23:43:56,0.00,1.35,85.19,977.03,358
10/13/2013 23:44:26,10/13/2013,23:44:26,0.00,1.35,85.09,977.04,358
10/13/2013 23:44:56,10/13/2013,23:44:56,0.00,1.35,85.09,977.08,358
10/13/2013 23:45:26,10/13/2013,23:45:26,0.00,1.35,85.09,977.09,358
10/13/2013 23:45:56,10/13/2013,23:45:56,0.00,1.35,85.09,977.08,358
10/13/2013 23:46:26,10/13/2013,23:46:26,0.00,1.35,85.09,977.06,358
10/13/2013 23:46:56,10/13/2013,23:46:56,0.00,1.35,85.09,977.07,357
10/13/2013 23:47:26,10/13/2013,23:47:26,0.00,1.35,85.09,977.07,342
10/13/2013 23:47:56,10/13/2013,23:47:56,0.00,1.35,85.09,977.04,344
10/13/2013 23:48:26,10/13/2013,23:48:26,0.00,1.35,85.09,977.04,342
10/13/2013 23:48:56,10/13/2013,23:48:56,0.00,1.35,85.09,977.02,344
10/13/2013 23:49:26,10/13/2013,23:49:26,0.00,1.32,85.09,977.03,344
10/13/2013 23:49:56,10/13/2013,23:49:56,0.00,1.35,85.00,977.00,343
10/13/2013 23:50:26,10/13/2013,23:50:26,0.00,1.27,85.00,977.01,343
10/13/2013 23:50:56,10/13/2013,23:50:56,0.00,1.12,84.90,977.00,340
10/13/2013 23:51:26,10/13/2013,23:51:26,0.00,1.27,84.90,977.02,344
10/13/2013 23:51:56,10/13/2013,23:51:56,0.00,1.27,85.00,977.03,294
10/13/2013 23:52:26,10/13/2013,23:52:26,0.00,1.39,85.09,977.03,294
10/13/2013 23:52:56,10/13/2013,23:52:56,0.00,1.45,85.19,977.04,294
10/13/2013 23:53:26,10/13/2013,23:53:26,0.00,1.39,85.30,977.01,294
10/13/2013 23:53:56,10/13/2013,23:53:56,0.00,1.32,85.19,977.02,294
10/13/2013 23:54:26,10/13/2013,23:54:26,0.00,1.27,85.00,977.00,294
10/13/2013 23:54:56,10/13/2013,23:54:56,0.00,1.27,85.00,976.97,294
10/13/2013 23:55:26,10/13/2013,23:55:26,0.00,1.27,85.00,976.99,294
10/13/2013 23:55:56,10/13/2013,23:55:56,0.00,1.25,85.00,976.99,293
10/13/2013 23:56:26,10/13/2013,23:56:26,0.00,1.20,85.00,976.97,297
10/13/2013 23:56:56,10/13/2013,23:56:56,0.00,1.25,85.09,976.95,330
10/13/2013 23:57:26,10/13/2013,23:57:26,0.00,1.20,85.09,976.95,330
10/13/2013 23:57:56,10/13/2013,23:57:56,0.00,1.20,85.09,976.96,330
10/13/2013 23:58:26,10/13/2013,23:58:26,0.00,1.20,85.09,976.96,331
10/13/2013 23:58:56,10/13/2013,23:58:56,0.00,1.20,85.09,976.96,331
10/13/2013 23:59:26,10/13/2013,23:59:26,0.00,1.17,85.09,976.97,327
10/13/2013 23:59:56,10/13/2013,23:59:56,0.00,1.12,85.00,976.99,327
10/14/2013 00:00:26,10/14/2013,00:00:26,0.00,1.12,85.09,976.97,328
10/14/2013 00:00:56,10/14/2013,00:00:56,0.00,1.12,85.09,977.00,339
10/14/2013 00:01:26,10/14/2013,00:01:26,0.00,1.12,85.09,977.01,344
10/14/2013 00:01:56,10/14/2013,00:01:56,0.00,1.07,85.09,977.02,343
10/14/2013 00:02:26,10/14/2013,00:02:26,0.00,1.04,85.09,977.03,332
10/14/2013 00:02:56,10/14/2013,00:02:56,0.00,1.04,85.09,977.03,325
10/14/2013 00:03:26,10/14/2013,00:03:26,0.00,1.04,85.09,977.03,290
10/14/2013 00:03:56,10/14/2013,00:03:56,0.00,1.04,85.09,977.02,272
10/14/2013 00:04:26,10/14/2013,00:04:26,0.00,1.04,85.09,977.03,271
10/14/2013 00:04:56,10/14/2013,00:04:56,0.00,1.04,85.09,977.03,275
10/14/2013 00:05:26,10/14/2013,00:05:26,0.00,1.00,85.09,977.04,270
10/14/2013 00:05:56,10/14/2013,00:05:56,0.00,1.00,85.09,977.04,270
10/14/2013 00:06:26,10/14/2013,00:06:26,0.00,0.97,85.09,977.06,270
10/14/2013 00:06:56,10/14/2013,00:06:56,0.00,0.87,85.00,977.06,261
10/14/2013 00:07:26,10/14/2013,00:07:26,0.00,0.80,85.00,977.04,257
10/14/2013 00:07:56,10/14/2013,00:07:56,0.00,0.80,84.90,977.06,255
10/14/2013 00:08:26,10/14/2013,00:08:26,0.00,0.80,84.90,977.06,255
10/14/2013 00:08:56,10/14/2013,00:08:56,0.00,0.80,84.90,977.06,255
10/14/2013 00:09:26,10/14/2013,00:09:26,0.00,0.72,85.00,977.07,256
10/14/2013 00:09:56,10/14/2013,00:09:56,0.00,0.77,85.00,977.06,255
10/14/2013 00:10:26,10/14/2013,00:10:26,0.00,0.77,85.00,977.06,254
10/14/2013 00:10:56,10/14/2013,00:10:56,0.00,0.80,85.09,977.04,253
10/14/2013 00:11:26,10/14/2013,00:11:26,0.00,0.80,85.09,977.04,253
10/14/2013 00:11:56,10/14/2013,00:11:56,0.00,0.80,85.09,977.04,253
10/14/2013 00:12:26,10/14/2013,00:12:26,0.00,0.80,85.09,977.04,266
10/14/2013 00:12:56,10/14/2013,00:12:56,0.00,0.80,85.09,977.04,267
10/14/2013 00:13:26,10/14/2013,00:13:26,0.00,0.80,85.09,977.03,262
10/14/2013 00:13:56,10/14/2013,00:13:56,0.00,0.85,85.09,977.06,261
10/14/2013 00:14:26,10/14/2013,00:14:26,0.00,0.87,85.09,977.04,351
10/14/2013 00:14:56,10/14/2013,00:14:56,0.00,0.80,85.09,977.06,351
10/14/2013 00:15:26,10/14/2013,00:15:26,0.00,0.87,85.09,977.04,351
10/14/2013 00:15:56,10/14/2013,00:15:56,0.00,0.85,85.09,977.06,351
10/14/2013 00:16:26,10/14/2013,00:16:26,0.00,0.80,85.09,977.07,351
10/14/2013 00:16:56,10/14/2013,00:16:56,0.00,0.72,85.00,977.07,350
10/14/2013 00:17:26,10/14/2013,00:17:26,0.00,0.72,84.90,977.06,348
10/14/2013 00:17:56,10/14/2013,00:17:56,0.00,0.67,84.90,977.07,348
10/14/2013 00:18:26,10/14/2013,00:18:26,0.00,0.67,84.90,977.06,348
10/14/2013 00:18:56,10/14/2013,00:18:56,0.00,0.72,85.00,977.08,348
10/14/2013 00:19:26,10/14/2013,00:19:26,0.00,0.64,85.00,977.10,347
10/14/2013 00:19:56,10/14/2013,00:19:56,0.00,0.60,84.90,977.10,348
10/14/2013 00:20:26,10/14/2013,00:20:26,0.00,0.64,84.90,977.10,348
10/14/2013 00:20:56,10/14/2013,00:20:56,0.00,0.64,85.00,977.10,348
10/14/2013 00:21:26,10/14/2013,00:21:26,0.00,0.64,85.00,977.10,349
10/14/2013 00:21:56,10/14/2013,00:21:56,0.00,0.64,85.00,977.11,349
10/14/2013 00:22:26,10/14/2013,00:22:26,0.00,0.67,85.09,977.10,349
10/14/2013 00:22:56,10/14/2013,00:22:56,0.00,0.72,85.09,977.07,349
10/14/2013 00:23:26,10/14/2013,00:23:26,0.00,0.77,85.09,977.08,349
10/14/2013 00:23:56,10/14/2013,00:23:56,0.00,0.77,85.09,977.07,349
10/14/2013 00:24:26,10/14/2013,00:24:26,0.00,0.77,85.09,977.09,350
10/14/2013 00:24:56,10/14/2013,00:24:56,0.00,0.80,85.09,977.10,348
10/14/2013 00:25:26,10/14/2013,00:25:26,0.00,0.80,85.09,977.10,348
10/14/2013 00:25:56,10/14/2013,00:25:56,0.00,0.80,85.09,977.10,348
10/14/2013 00:26:26,10/14/2013,00:26:26,0.00,0.85,85.09,977.09,348
10/14/2013 00:26:56,10/14/2013,00:26:56,0.00,0.87,85.19,977.10,348
10/14/2013 00:27:26,10/14/2013,00:27:26,0.00,0.87,85.19,977.09,348
10/14/2013 00:27:56,10/14/2013,00:27:56,0.00,0.87,85.19,977.13,166
10/14/2013 00:28:26,10/14/2013,00:28:26,0.00,0.87,85.09,977.14,165
10/14/2013 00:28:56,10/14/2013,00:28:56,0.00,0.77,85.00,977.11,180
10/14/2013 00:29:26,10/14/2013,00:29:26,0.00,0.77,84.90,977.11,176
10/14/2013 00:29:56,10/14/2013,00:29:56,0.00,0.72,84.80,977.10,176
10/14/2013 00:30:26,10/14/2013,00:30:26,0.00,0.72,84.90,977.09,176
10/14/2013 00:30:56,10/14/2013,00:30:56,0.00,0.72,84.90,977.10,176
10/14/2013 00:31:26,10/14/2013,00:31:26,0.00,0.72,84.90,977.09,178
10/14/2013 00:31:56,10/14/2013,00:31:56,0.00,0.72,84.90,977.09,178
10/14/2013 00:32:26,10/14/2013,00:32:26,0.00,0.72,84.90,977.09,179
10/14/2013 00:32:56,10/14/2013,00:32:56,0.00,0.72,84.90,977.08,178
10/14/2013 00:33:26,10/14/2013,00:33:26,0.00,0.72,85.00,977.09,12
10/14/2013 00:33:56,10/14/2013,00:33:56,0.00,0.72,85.00,977.08,10
10/14/2013 00:34:26,10/14/2013,00:34:26,0.00,0.67,85.09,977.08,10
10/14/2013 00:34:56,10/14/2013,00:34:56,0.00,0.67,85.09,977.09,10
10/14/2013 00:35:26,10/14/2013,00:35:26,0.00,0.67,85.19,977.10,10
10/14/2013 00:35:56,10/14/2013,00:35:56,0.00,0.67,85.19,977.08,10
10/14/2013 00:36:26,10/14/2013,00:36:26,0.00,0.64,85.19,977.07,10
10/14/2013 00:36:56,10/14/2013,00:36:56,0.00,0.72,85.19,977.04,10
10/14/2013 00:37:26,10/14/2013,00:37:26,0.00,0.67,85.19,977.03,10
10/14/2013 00:37:56,10/14/2013,00:37:56,0.00,0.64,85.19,977.01,343
10/14/2013 00:38:26,10/14/2013,00:38:26,0.00,0.67,85.09,977.01,341
10/14/2013 00:38:56,10/14/2013,00:38:56,0.00,0.64,85.19,977.01,340
10/14/2013 00:39:26,10/14/2013,00:39:26,0.00,0.72,85.19,977.00,313
10/14/2013 00:39:56,10/14/2013,00:39:56,0.00,0.64,85.19,977.00,313
10/14/2013 00:40:26,10/14/2013,00:40:26,0.00,0.72,85.19,977.00,313
10/14/2013 00:40:56,10/14/2013,00:40:56,0.00,0.72,85.19,977.00,313
10/14/2013 00:41:26,10/14/2013,00:41:26,0.00,0.77,85.19,976.99,313
10/14/2013 00:41:56,10/14/2013,00:41:56,0.00,0.77,85.30,976.97,313
10/14/2013 00:42:26,10/14/2013,00:42:26,0.00,0.77,85.30,976.96,310
10/14/2013 00:42:56,10/14/2013,00:42:56,0.00,0.77,85.19,976.99,310
10/14/2013 00:43:26,10/14/2013,00:43:26,0.00,0.80,85.19,976.96,310
10/14/2013 00:43:56,10/14/2013,00:43:56,0.00,0.80,85.19,976.97,310
10/14/2013 00:44:26,10/14/2013,00:44:26,0.00,0.77,85.19,976.97,310
10/14/2013 00:44:56,10/14/2013,00:44:56,0.00,0.77,85.19,976.97,309
10/14/2013 00:45:26,10/14/2013,00:45:26,0.00,0.72,85.19,976.97,313
10/14/2013 00:45:56,10/14/2013,00:45:56,0.00,0.72,85.09,976.96,313
10/14/2013 00:46:26,10/14/2013,00:46:26,0.00,0.80,85.09,976.99,85
10/14/2013 00:46:56,10/14/2013,00:46:56,0.00,0.80,85.19,976.99,259
10/14/2013 00:47:26,10/14/2013,00:47:26,0.00,0.80,85.09,976.99,259
10/14/2013 00:47:56,10/14/2013,00:47:56,0.00,0.80,85.19,976.97,260
10/14/2013 00:48:26,10/14/2013,00:48:26,0.00,0.80,85.09,976.99,260
10/14/2013 00:48:56,10/14/2013,00:48:56,0.00,0.80,85.19,976.97,238
10/14/2013 00:49:26,10/14/2013,00:49:26,0.00,0.80,85.09,976.96,238
10/14/2013 00:49:56,10/14/2013,00:49:56,0.00,0.80,85.09,976.96,238
10/14/2013 00:50:26,10/14/2013,00:50:26,0.00,0.80,85.09,976.96,238
10/14/2013 00:50:56,10/14/2013,00:50:56,0.00,0.77,85.09,976.94,238
10/14/2013 00:51:26,10/14/2013,00:51:26,0.00,0.80,85.09,976.93,237
10/14/2013 00:51:56,10/14/2013,00:51:56,0.00,0.77,85.09,976.90,238
10/14/2013 00:52:26,10/14/2013,00:52:26,0.00,0.72,85.09,976.88,274
10/14/2013 00:52:56,10/14/2013,00:52:56,0.00,0.72,85.09,976.88,272
10/14/2013 00:53:26,10/14/2013,00:53:26,0.00,0.72,85.09,976.88,272
10/14/2013 00:53:56,10/14/2013,00:53:56,0.00,0.72,85.09,976.87,279
10/14/2013 00:54:26,10/14/2013,00:54:26,0.00,0.64,85.00,976.88,300
10/14/2013 00:54:56,10/14/2013,00:54:56,0.00,0.64,85.00,976.88,299
10/14/2013 00:55:26,10/14/2013,00:55:26,0.00,0.64,85.00,976.89,300
10/14/2013 00:55:56,10/14/2013,00:55:56,0.00,0.57,85.00,976.89,301
10/14/2013 00:56:26,10/14/2013,00:56:26,0.00,0.57,85.00,976.90,302
10/14/2013 00:56:56,10/14/2013,00:56:56,0.00,0.57,85.09,976.90,302
10/14/2013 00:57:26,10/14/2013,00:57:26,0.00,0.57,85.09,976.90,300
10/14/2013 00:57:56,10/14/2013,00:57:56,0.00,0.57,85.19,976.90,301
10/14/2013 00:58:26,10/14/2013,00:58:26,0.00,0.57,85.19,976.93,304
10/14/2013 00:58:56,10/14/2013,00:58:56,0.00,0.64,85.19,976.93,333
10/14/2013 00:59:26,10/14/2013,00:59:26,0.00,0.97,85.50,976.93,355
10/14/2013 00:59:56,10/14/2013,00:59:56,0.00,0.87,85.69,976.93,354
10/14/2013 01:00:26,10/14/2013,01:00:26,0.00,1.04,85.69,976.94,354
10/14/2013 01:00:56,10/14/2013,01:00:56,0.00,1.04,85.80,976.96,358
10/14/2013 01:01:26,10/14/2013,01:01:26,0.00,1.07,85.69,976.94,358
10/14/2013 01:01:56,10/14/2013,01:01:56,0.00,1.07,85.69,976.95,358
10/14/2013 01:02:26,10/14/2013,01:02:26,0.00,1.07,85.69,976.94,358
10/14/2013 01:02:56,10/14/2013,01:02:56,0.00,1.07,85.59,976.95,358
10/14/2013 01:03:26,10/14/2013,01:03:26,0.00,1.04,85.50,976.93,358
10/14/2013 01:03:56,10/14/2013,01:03:56,0.00,1.04,85.40,976.93,358
10/14/2013 01:04:26,10/14/2013,01:04:26,0.00,0.97,85.40,976.94,269
10/14/2013 01:04:56,10/14/2013,01:04:56,0.00,0.97,85.30,976.92,255
10/14/2013 01:05:26,10/14/2013,01:05:26,0.00,0.87,85.19,976.93,255
10/14/2013 01:05:56,10/14/2013,01:05:56,0.00,0.87,85.09,976.93,255
10/14/2013 01:06:26,10/14/2013,01:06:26,0.00,0.80,85.09,976.93,255
10/14/2013 01:06:56,10/14/2013,01:06:56,0.00,0.77,85.09,976.94,256
10/14/2013 01:07:26,10/14/2013,01:07:26,0.00,0.72,85.09,976.94,228
10/14/2013 01:07:56,10/14/2013,01:07:56,0.00,0.72,85.00,976.92,228
10/14/2013 01:08:26,10/14/2013,01:08:26,0.00,0.67,85.09,976.93,227
10/14/2013 01:08:56,10/14/2013,01:08:56,0.00,0.72,85.09,976.93,227
10/14/2013 01:09:26,10/14/2013,01:09:26,0.00,0.67,85.09,976.93,228
10/14/2013 01:09:56,10/14/2013,01:09:56,0.00,0.64,85.19,976.93,228
10/14/2013 01:10:26,10/14/2013,01:10:26,0.00,0.64,85.19,976.94,229
10/14/2013 01:10:56,10/14/2013,01:10:56,0.00,0.67,85.19,976.94,229
10/14/2013 01:11:26,10/14/2013,01:11:26,0.00,0.67,85.30,976.94,229
10/14/2013 01:11:56,10/14/2013,01:11:56,0.00,0.67,85.30,976.95,228
10/14/2013 01:12:26,10/14/2013,01:12:26,0.00,0.67,85.30,976.99,229
10/14/2013 01:12:56,10/14/2013,01:12:56,0.00,0.64,85.30,976.97,229
10/14/2013 01:13:26,10/14/2013,01:13:26,0.00,0.64,85.19,976.97,228
10/14/2013 01:13:56,10/14/2013,01:13:56,0.00,0.64,85.30,976.99,228
10/14/2013 01:14:26,10/14/2013,01:14:26,0.00,0.64,85.30,977.00,230
10/14/2013 01:14:56,10/14/2013,01:14:56,0.00,0.64,85.30,977.00,230
10/14/2013 01:15:26,10/14/2013,01:15:26,0.00,0.64,85.30,977.01,230
10/14/2013 01:15:56,10/14/2013,01:15:56,0.00,0.64,85.30,977.01,231
10/14/2013 01:16:26,10/14/2013,01:16:26,0.00,0.64,85.30,977.02,231
10/14/2013 01:16:56,10/14/2013,01:16:56,0.00,0.60,85.30,977.03,231
10/14/2013 01:17:26,10/14/2013,01:17:26,0.00,0.64,85.30,977.03,232
10/14/2013 01:17:56,10/14/2013,01:17:56,0.00,0.60,85.30,977.04,231
10/14/2013 01:18:26,10/14/2013,01:18:26,0.00,0.64,85.30,977.06,243
10/14/2013 01:18:56,10/14/2013,01:18:56,0.00,0.64,85.30,977.03,281
10/14/2013 01:19:26,10/14/2013,01:19:26,0.00,0.64,85.30,977.03,281
10/14/2013 01:19:56,10/14/2013,01:19:56,0.00,0.60,85.40,977.02,281
10/14/2013 01:20:26,10/14/2013,01:20:26,0.00,0.64,85.40,977.01,282
10/14/2013 01:20:56,10/14/2013,01:20:56,0.00,0.64,85.40,977.00,290
10/14/2013 01:21:26,10/14/2013,01:21:26,0.00,0.60,85.40,977.01,293
10/14/2013 01:21:56,10/14/2013,01:21:56,0.00,0.57,85.40,977.01,293
10/14/2013 01:22:26,10/14/2013,01:22:26,0.00,0.57,85.30,976.99,294
10/14/2013 01:22:56,10/14/2013,01:22:56,0.00,0.57,85.30,977.01,294
10/14/2013 01:23:26,10/14/2013,01:23:26,0.00,0.52,85.30,976.99,307
10/14/2013 01:23:56,10/14/2013,01:23:56,0.00,0.52,85.30,976.96,313
10/14/2013 01:24:26,10/14/2013,01:24:26,0.00,0.52,85.30,976.94,313
10/14/2013 01:24:56,10/14/2013,01:24:56,0.00,0.57,85.40,976.94,315
10/14/2013 01:25:26,10/14/2013,01:25:26,0.00,0.57,85.40,976.95,333
10/14/2013 01:25:56,10/14/2013,01:25:56,0.00,0.57,85.50,976.95,333
10/14/2013 01:26:26,10/14/2013,01:26:26,0.00,0.60,85.50,976.93,333
10/14/2013 01:26:56,10/14/2013,01:26:56,0.00,0.60,85.50,976.94,332
10/14/2013 01:27:26,10/14/2013,01:27:26,0.00,0.64,85.50,976.92,330
10/14/2013 01:27:56,10/14/2013,01:27:56,0.00,0.64,85.59,976.92,326
10/14/2013 01:28:26,10/14/2013,01:28:26,0.00,0.72,85.50,976.92,316
10/14/2013 01:28:56,10/14/2013,01:28:56,0.00,0.72,85.59,976.89,318
10/14/2013 01:29:26,10/14/2013,01:29:26,0.00,0.80,85.69,976.88,316
10/14/2013 01:29:56,10/14/2013,01:29:56,0.00,0.80,85.69,976.86,315
10/14/2013 01:30:26,10/14/2013,01:30:26,0.00,0.85,85.69,976.87,315
10/14/2013 01:30:56,10/14/2013,01:30:56,0.00,0.85,85.69,976.86,315
10/14/2013 01:31:26,10/14/2013,01:31:26,0.00,0.87,85.69,976.86,316
10/14/2013 01:31:56,10/14/2013,01:31:56,0.00,0.92,85.69,976.85,316
10/14/2013 01:32:26,10/14/2013,01:32:26,0.00,0.97,85.69,976.87,316
10/14/2013 01:32:56,10/14/2013,01:32:56,0.00,0.97,85.69,976.87,319
10/14/2013 01:33:26,10/14/2013,01:33:26,0.00,1.04,85.69,976.87,345
10/14/2013 01:33:56,10/14/2013,01:33:56,0.00,1.04,85.69,976.86,347
10/14/2013 01:34:26,10/14/2013,01:34:26,0.00,1.12,85.80,976.89,348
10/14/2013 01:34:56,10/14/2013,01:34:56,0.00,1.12,85.80,976.86,347
10/14/2013 01:35:26,10/14/2013,01:35:26,0.00,1.20,85.80,976.86,347
10/14/2013 01:35:56,10/14/2013,01:35:56,0.00,1.27,85.80,976.85,348
10/14/2013 01:36:26,10/14/2013,01:36:26,0.00,1.35,85.90,976.85,348
10/14/2013 01:36:56,10/14/2013,01:36:56,0.00,1.39,85.90,976.85,347
10/14/2013 01:37:26,10/14/2013,01:37:26,0.00,1.45,85.90,976.85,346
10/14/2013 01:37:56,10/14/2013,01:37:56,0.00,1.52,85.90,976.85,347
10/14/2013 01:38:26,10/14/2013,01:38:26,0.00,1.47,85.90,976.85,347
10/14/2013 01:38:56,10/14/2013,01:38:56,0.00,1.52,85.90,976.82,348
10/14/2013 01:39:26,10/14/2013,01:39:26,0.00,1.52,85.90,976.82,347
10/14/2013 01:39:56,10/14/2013,01:39:56,0.00,1.52,85.80,976.82,348
10/14/2013 01:40:26,10/14/2013,01:40:26,0.00,1.52,85.80,976.81,348
10/14/2013 01:40:56,10/14/2013,01:40:56,0.00,1.52,85.69,976.85,348
10/14/2013 01:41:26,10/14/2013,01:41:26,0.00,1.45,85.69,976.86,348
10/14/2013 01:41:56,10/14/2013,01:41:56,0.00,1.39,85.59,976.86,347
10/14/2013 01:42:26,10/14/2013,01:42:26,0.00,1.35,85.50,976.88,348
10/14/2013 01:42:56,10/14/2013,01:42:56,0.00,1.27,85.40,976.87,348
10/14/2013 01:43:26,10/14/2013,01:43:26,0.00,1.27,85.40,976.88,347
10/14/2013 01:43:56,10/14/2013,01:43:56,0.00,1.27,85.40,976.90,346
10/14/2013 01:44:26,10/14/2013,01:44:26,0.00,1.25,85.40,976.92,347
10/14/2013 01:44:56,10/14/2013,01:44:56,0.00,1.20,85.40,976.92,344
10/14/2013 01:45:26,10/14/2013,01:45:26,0.00,1.20,85.40,976.92,342
10/14/2013 01:45:56,10/14/2013,01:45:56,0.00,1.17,85.40,976.92,343
10/14/2013 01:46:26,10/14/2013,01:46:26,0.00,1.17,85.50,976.94,342
10/14/2013 01:46:56,10/14/2013,01:46:56,0.00,1.12,85.40,976.92,340
10/14/2013 01:47:26,10/14/2013,01:47:26,0.00,1.07,85.40,976.94,339
10/14/2013 01:47:56,10/14/2013,01:47:56,0.00,1.04,85.50,976.97,340
10/14/2013 01:48:26,10/14/2013,01:48:26,0.00,1.04,85.50,976.97,331
10/14/2013 01:48:56,10/14/2013,01:48:56,0.00,1.04,85.50,976.97,332
10/14/2013 01:49:26,10/14/2013,01:49:26,0.00,1.04,85.50,976.99,332
10/14/2013 01:49:56,10/14/2013,01:49:56,0.00,1.04,85.59,976.99,332
10/14/2013 01:50:26,10/14/2013,01:50:26,0.00,0.97,85.50,977.00,328
10/14/2013 01:50:56,10/14/2013,01:50:56,0.00,0.97,85.50,977.00,329
10/14/2013 01:51:26,10/14/2013,01:51:26,0.00,0.97,85.50,976.99,328
10/14/2013 01:51:56,10/14/2013,01:51:56,0.00,0.97,85.59,977.01,327
10/14/2013 01:52:26,10/14/2013,01:52:26,0.00,0.92,85.59,977.01,182
10/14/2013 01:52:56,10/14/2013,01:52:56,0.00,0.80,85.50,977.01,195
10/14/2013 01:53:26,10/14/2013,01:53:26,0.00,0.77,85.50,977.02,195
10/14/2013 01:53:56,10/14/2013,01:53:56,0.00,0.80,85.50,977.03,195
10/14/2013 01:54:26,10/14/2013,01:54:26,0.00,0.77,85.50,977.02,195
10/14/2013 01:54:56,10/14/2013,01:54:56,0.00,0.64,85.59,977.02,191
10/14/2013 01:55:26,10/14/2013,01:55:26,0.00,0.57,85.40,977.04,185
10/14/2013 01:55:56,10/14/2013,01:55:56,0.00,0.57,85.40,977.04,172
10/14/2013 01:56:26,10/14/2013,01:56:26,0.00,0.57,85.40,977.07,173
10/14/2013 01:56:56,10/14/2013,01:56:56,0.00,0.52,85.40,977.06,173
10/14/2013 01:57:26,10/14/2013,01:57:26,0.00,0.50,85.50,977.03,173
10/14/2013 01:57:56,10/14/2013,01:57:56,0.00,0.50,85.50,977.03,173
10/14/2013 01:58:26,10/14/2013,01:58:26,0.00,0.50,85.59,977.03,172
10/14/2013 01:58:56,10/14/2013,01:58:56,0.00,0.50,85.59,977.01,173
10/14/2013 01:59:26,10/14/2013,01:59:26,0.00,0.50,85.59,977.00,93
10/14/2013 01:59:56,10/14/2013,01:59:56,0.00,0.50,85.69,976.95,64
10/14/2013 02:00:26,10/14/2013,02:00:26,0.00,0.57,85.80,976.94,64
10/14/2013 02:00:56,10/14/2013,02:00:56,0.00,0.57,85.80,976.93,65
10/14/2013 02:01:26,10/14/2013,02:01:26,0.00,0.57,85.80,976.92,73
10/14/2013 02:01:56,10/14/2013,02:01:56,0.00,0.50,85.80,976.88,73
10/14/2013 02:02:26,10/14/2013,02:02:26,0.00,0.50,85.80,976.86,73
10/14/2013 02:02:56,10/14/2013,02:02:56,0.00,0.50,85.69,976.88,73
10/14/2013 02:03:26,10/14/2013,02:03:26,0.00,0.44,85.69,976.88,73
10/14/2013 02:03:56,10/14/2013,02:03:56,0.00,0.44,85.69,976.90,77
10/14/2013 02:04:26,10/14/2013,02:04:26,0.00,0.44,85.80,976.89,75
10/14/2013 02:04:56,10/14/2013,02:04:56,0.00,0.44,85.80,976.90,75
10/14/2013 02:05:26,10/14/2013,02:05:26,0.00,0.44,85.80,976.92,89
10/14/2013 02:05:56,10/14/2013,02:05:56,0.00,0.44,85.80,976.92,89
10/14/2013 02:06:26,10/14/2013,02:06:26,0.00,0.40,85.80,976.92,96
10/14/2013 02:06:56,10/14/2013,02:06:56,0.00,0.50,85.80,976.94,105
10/14/2013 02:07:26,10/14/2013,02:07:26,0.00,0.40,85.90,976.94,96
10/14/2013 02:07:56,10/14/2013,02:07:56,0.00,0.40,85.80,976.94,98
10/14/2013 02:08:26,10/14/2013,02:08:26,0.00,0.40,85.80,976.94,98
10/14/2013 02:08:56,10/14/2013,02:08:56,0.00,0.40,85.80,976.94,99
10/14/2013 02:09:26,10/14/2013,02:09:26,0.00,0.40,85.80,976.95,98
10/14/2013 02:09:56,10/14/2013,02:09:56,0.00,0.40,85.80,976.96,106
10/14/2013 02:10:26,10/14/2013,02:10:26,0.00,0.40,85.80,976.97,106
10/14/2013 02:10:56,10/14/2013,02:10:56,0.00,0.40,85.90,976.99,114
10/14/2013 02:11:26,10/14/2013,02:11:26,0.00,0.44,85.90,977.00,122
10/14/2013 02:11:56,10/14/2013,02:11:56,0.00,0.40,85.80,977.00,122
10/14/2013 02:12:26,10/14/2013,02:12:26,0.00,0.40,85.80,976.97,122
10/14/2013 02:12:56,10/14/2013,02:12:56,0.00,0.37,85.80,976.97,122
10/14/2013 02:13:26,10/14/2013,02:13:26,0.00,0.32,85.80,976.99,123
10/14/2013 02:13:56,10/14/2013,02:13:56,0.00,0.32,85.80,976.99,126
10/14/2013 02:14:26,10/14/2013,02:14:26,0.00,0.32,85.80,976.99,129
10/14/2013 02:14:56,10/14/2013,02:14:56,0.00,0.32,85.80,976.96,129
10/14/2013 02:15:26,10/14/2013,02:15:26,0.00,0.32,85.80,976.95,129
10/14/2013 02:15:56,10/14/2013,02:15:56,0.00,0.30,85.80,976.94,132
10/14/2013 02:16:26,10/14/2013,02:16:26,0.00,0.25,85.80,976.96,294
10/14/2013 02:16:56,10/14/2013,02:16:56,0.00,0.25,85.80,976.96,294
10/14/2013 02:17:26,10/14/2013,02:17:26,0.00,0.20,85.90,976.95,293
10/14/2013 02:17:56,10/14/2013,02:17:56,0.00,0.17,85.80,976.94,293
10/14/2013 02:18:26,10/14/2013,02:18:26,0.00,0.17,85.90,976.93,293
10/14/2013 02:18:56,10/14/2013,02:18:56,0.00,0.17,85.90,976.94,294
10/14/2013 02:19:26,10/14/2013,02:19:26,0.00,0.17,85.90,976.92,294
10/14/2013 02:19:56,10/14/2013,02:19:56,0.00,0.17,85.90,976.92,294
10/14/2013 02:20:26,10/14/2013,02:20:26,0.00,0.17,85.90,976.90,310
10/14/2013 02:20:56,10/14/2013,02:20:56,0.00,0.12,85.90,976.89,330
10/14/2013 02:21:26,10/14/2013,02:21:26,0.00,0.10,85.90,976.87,340
10/14/2013 02:21:56,10/14/2013,02:21:56,0.00,0.17,85.90,976.87,341
10/14/2013 02:22:26,10/14/2013,02:22:26,0.00,0.12,85.90,976.87,341
10/14/2013 02:22:56,10/14/2013,02:22:56,0.00,0.17,86.00,976.86,343
10/14/2013 02:23:26,10/14/2013,02:23:26,0.00,0.17,86.00,976.88,343
10/14/2013 02:23:56,10/14/2013,02:23:56,0.00,0.25,86.09,976.86,343
10/14/2013 02:24:26,10/14/2013,02:24:26,0.00,0.25,86.09,976.86,352
10/14/2013 02:24:56,10/14/2013,02:24:56,0.00,0.25,86.09,976.87,352
10/14/2013 02:25:26,10/14/2013,02:25:26,0.00,0.25,86.09,976.88,352
10/14/2013 02:25:56,10/14/2013,02:25:56,0.00,0.30,86.09,976.90,352
10/14/2013 02:26:26,10/14/2013,02:26:26,0.00,0.32,86.09,976.90,351
10/14/2013 02:26:56,10/14/2013,02:26:56,0.00,0.32,86.19,976.90,351
10/14/2013 02:27:26,10/14/2013,02:27:26,0.00,0.32,86.19,976.92,351
10/14/2013 02:27:56,10/14/2013,02:27:56,0.00,0.32,86.09,976.90,351
10/14/2013 02:28:26,10/14/2013,02:28:26,0.00,0.32,86.09,976.90,342
10/14/2013 02:28:56,10/14/2013,02:28:56,0.00,0.30,86.09,976.92,332
10/14/2013 02:29:26,10/14/2013,02:29:26,0.00,0.25,86.00,976.93,307
10/14/2013 02:29:56,10/14/2013,02:29:56,0.00,0.25,86.00,976.94,290
10/14/2013 02:30:26,10/14/2013,02:30:26,0.00,0.25,86.00,976.94,290
10/14/2013 02:30:56,10/14/2013,02:30:56,0.00,0.25,86.00,976.94,290
10/14/2013 02:31:26,10/14/2013,02:31:26,0.00,0.17,86.00,976.94,262
10/14/2013 02:31:56,10/14/2013,02:31:56,0.00,0.12,85.90,976.97,262
10/14/2013 02:32:26,10/14/2013,02:32:26,0.00,0.10,85.90,976.97,263
10/14/2013 02:32:56,10/14/2013,02:32:56,0.00,0.05,85.90,976.97,263
10/14/2013 02:33:26,10/14/2013,02:33:26,0.00,0,85.90,976.97,265
10/14/2013 02:33:56,10/14/2013,02:33:56,0.00,0,85.90,976.96,266
10/14/2013 02:34:26,10/14/2013,02:34:26,0.00,-0.02,85.90,976.96,265
10/14/2013 02:34:56,10/14/2013,02:34:56,0.00,0,86.00,976.95,266
10/14/2013 02:35:26,10/14/2013,02:35:26,0.00,0,86.00,976.95,265
10/14/2013 02:35:56,10/14/2013,02:35:56,0.00,0,86.00,976.94,266
10/14/2013 02:36:26,10/14/2013,02:36:26,0.00,0,86.09,976.95,348
10/14/2013 02:36:56,10/14/2013,02:36:56,0.00,0,86.00,976.93,5
10/14/2013 02:37:26,10/14/2013,02:37:26,0.00,0,86.09,976.94,3
10/14/2013 02:37:56,10/14/2013,02:37:56,0.00,0.05,86.19,976.93,4
10/14/2013 02:38:26,10/14/2013,02:38:26,0.00,0.12,86.19,976.90,4
10/14/2013 02:38:56,10/14/2013,02:38:56,0.00,0.17,86.30,976.92,8
10/14/2013 02:39:26,10/14/2013,02:39:26,0.00,0.25,86.40,976.93,4
10/14/2013 02:39:56,10/14/2013,02:39:56,0.00,0.32,86.50,976.89,4
10/14/2013 02:40:26,10/14/2013,02:40:26,0.00,0.50,86.59,976.89,0
10/14/2013 02:40:56,10/14/2013,02:40:56,0.00,0.50,86.69,976.88,0
10/14/2013 02:41:26,10/14/2013,02:41:26,0.00,0.50,86.59,976.88,2
10/14/2013 02:41:56,10/14/2013,02:41:56,0.00,0.64,86.59,976.89,3
10/14/2013 02:42:26,10/14/2013,02:42:26,0.00,0.64,86.69,976.88,3
10/14/2013 02:42:56,10/14/2013,02:42:56,0.00,0.64,86.59,976.89,4
10/14/2013 02:43:26,10/14/2013,02:43:26,0.00,0.64,86.59,976.87,3
10/14/2013 02:43:56,10/14/2013,02:43:56,0.00,0.64,86.50,976.89,4
10/14/2013 02:44:26,10/14/2013,02:44:26,0.00,0.64,86.40,976.90,3
10/14/2013 02:44:56,10/14/2013,02:44:56,0.00,0.72,86.40,976.88,2
10/14/2013 02:45:26,10/14/2013,02:45:26,0.00,0.72,86.40,976.89,4
10/14/2013 02:45:56,10/14/2013,02:45:56,0.00,0.72,86.40,976.92,4
10/14/2013 02:46:26,10/14/2013,02:46:26,0.00,0.64,86.30,976.90,48
10/14/2013 02:46:56,10/14/2013,02:46:56,0.00,0.64,86.30,976.92,104
10/14/2013 02:47:26,10/14/2013,02:47:26,0.00,0.64,86.19,976.93,110
10/14/2013 02:47:56,10/14/2013,02:47:56,0.00,0.60,86.19,976.94,111
10/14/2013 02:48:26,10/14/2013,02:48:26,0.00,0.57,86.09,976.94,93
10/14/2013 02:48:56,10/14/2013,02:48:56,0.00,0.50,86.09,976.94,90
10/14/2013 02:49:26,10/14/2013,02:49:26,0.00,0.32,86.00,976.95,89
10/14/2013 02:49:56,10/14/2013,02:49:56,0.00,0.25,85.80,976.95,85
10/14/2013 02:50:26,10/14/2013,02:50:26,0.00,0.17,85.69,976.95,90
10/14/2013 02:50:56,10/14/2013,02:50:56,0.00,0.12,85.69,976.96,94
10/14/2013 02:51:26,10/14/2013,02:51:26,0.00,0.10,85.80,976.97,95
10/14/2013 02:51:56,10/14/2013,02:51:56,0.00,0.05,85.80,976.96,95
10/14/2013 02:52:26,10/14/2013,02:52:26,0.00,0,85.90,976.94,98
10/14/2013 02:52:56,10/14/2013,02:52:56,0.00,0,85.90,976.96,105
10/14/2013 02:53:26,10/14/2013,02:53:26,0.00,0,86.00,976.93,110
10/14/2013 02:53:56,10/14/2013,02:53:56,0.00,-0.07,86.00,976.93,112
10/14/2013 02:54:26,10/14/2013,02:54:26,0.00,-0.02,86.09,976.92,115
10/14/2013 02:54:56,10/14/2013,02:54:56,0.00,-0.07,86.09,976.93,117
10/14/2013 02:55:26,10/14/2013,02:55:26,0.00,-0.07,86.19,976.93,118
10/14/2013 02:55:56,10/14/2013,02:55:56,0.00,-0.02,86.19,976.89,138
10/14/2013 02:56:26,10/14/2013,02:56:26,0.00,-0.07,86.19,976.89,145
10/14/2013 02:56:56,10/14/2013,02:56:56,0.00,-0.07,86.30,976.90,145
10/14/2013 02:57:26,10/14/2013,02:57:26,0.00,-0.07,86.30,976.92,145
10/14/2013 02:57:56,10/14/2013,02:57:56,0.00,-0.07,86.30,976.94,145
10/14/2013 02:58:26,10/14/2013,02:58:26,0.00,-0.10,86.30,976.95,145
10/14/2013 02:58:56,10/14/2013,02:58:56,0.00,-0.15,86.30,976.96,145
10/14/2013 02:59:26,10/14/2013,02:59:26,0.00,-0.15,86.30,976.96,145
10/14/2013 02:59:56,10/14/2013,02:59:56,0.00,-0.15,86.40,976.96,145
10/14/2013 03:00:26,10/14/2013,03:00:26,0.00,-0.10,86.40,976.96,145
10/14/2013 03:00:56,10/14/2013,03:00:56,0.00,-0.10,86.40,976.96,145
10/14/2013 03:01:26,10/14/2013,03:01:26,0.00,-0.10,86.40,976.97,145
10/14/2013 03:01:56,10/14/2013,03:01:56,0.00,-0.15,86.40,976.97,145
10/14/2013 03:02:26,10/14/2013,03:02:26,0.00,-0.10,86.40,976.99,145
10/14/2013 03:02:56,10/14/2013,03:02:56,0.00,-0.10,86.40,976.99,145
10/14/2013 03:03:26,10/14/2013,03:03:26,0.00,-0.15,86.40,976.99,145
10/14/2013 03:03:56,10/14/2013,03:03:56,0.00,-0.15,86.40,977.00,145
10/14/2013 03:04:26,10/14/2013,03:04:26,0.00,-0.15,86.40,977.01,145
10/14/2013 03:04:56,10/14/2013,03:04:56,0.00,-0.17,86.40,977.00,270
10/14/2013 03:05:26,10/14/2013,03:05:26,0.00,-0.22,86.30,976.99,275
10/14/2013 03:05:56,10/14/2013,03:05:56,0.00,-0.22,86.30,976.97,276
10/14/2013 03:06:26,10/14/2013,03:06:26,0.00,-0.27,86.30,976.97,276
10/14/2013 03:06:56,10/14/2013,03:06:56,0.00,-0.30,86.30,976.97,277
10/14/2013 03:07:26,10/14/2013,03:07:26,0.00,-0.30,86.30,976.96,276
10/14/2013 03:07:56,10/14/2013,03:07:56,0.00,-0.34,86.30,976.95,276
10/14/2013 03:08:26,10/14/2013,03:08:26,0.00,-0.34,86.30,976.94,276
10/14/2013 03:08:56,10/14/2013,03:08:56,0.00,-0.37,86.40,976.93,275
10/14/2013 03:09:26,10/14/2013,03:09:26,0.00,-0.37,86.40,976.92,277
10/14/2013 03:09:56,10/14/2013,03:09:56,0.00,-0.37,86.40,976.90,277
10/14/2013 03:10:26,10/14/2013,03:10:26,0.00,-0.37,86.40,976.90,277
10/14/2013 03:10:56,10/14/2013,03:10:56,0.00,-0.37,86.40,976.90,276
10/14/2013 03:11:26,10/14/2013,03:11:26,0.00,-0.37,86.40,976.90,277
10/14/2013 03:11:56,10/14/2013,03:11:56,0.00,-0.37,86.40,976.90,276
10/14/2013 03:12:26,10/14/2013,03:12:26,0.00,-0.37,86.50,976.89,277
10/14/2013 03:12:56,10/14/2013,03:12:56,0.00,-0.37,86.50,976.89,276
10/14/2013 03:13:26,10/14/2013,03:13:26,0.00,-0.34,86.50,976.90,275
10/14/2013 03:13:56,10/14/2013,03:13:56,0.00,-0.34,86.50,976.89,268
10/14/2013 03:14:26,10/14/2013,03:14:26,0.00,-0.34,86.50,976.89,267
10/14/2013 03:14:56,10/14/2013,03:14:56,0.00,-0.37,86.50,976.90,268
10/14/2013 03:15:26,10/14/2013,03:15:26,0.00,-0.37,86.50,976.90,268
10/14/2013 03:15:56,10/14/2013,03:15:56,0.00,-0.37,86.50,976.90,268
10/14/2013 03:16:26,10/14/2013,03:16:26,0.00,-0.34,86.50,976.90,272
10/14/2013 03:16:56,10/14/2013,03:16:56,0.00,-0.37,86.50,976.89,272
10/14/2013 03:17:26,10/14/2013,03:17:26,0.00,-0.37,86.50,976.90,272
10/14/2013 03:17:56,10/14/2013,03:17:56,0.00,-0.37,86.50,976.88,272
10/14/2013 03:18:26,10/14/2013,03:18:26,0.00,-0.37,86.50,976.85,289
10/14/2013 03:18:56,10/14/2013,03:18:56,0.00,-0.37,86.50,976.85,289
10/14/2013 03:19:26,10/14/2013,03:19:26,0.00,-0.42,86.50,976.83,289
10/14/2013 03:19:56,10/14/2013,03:19:56,0.00,-0.37,86.59,976.82,293
10/14/2013 03:20:26,10/14/2013,03:20:26,0.00,-0.37,86.59,976.83,299
10/14/2013 03:20:56,10/14/2013,03:20:56,0.00,-0.37,86.59,976.81,302
10/14/2013 03:21:26,10/14/2013,03:21:26,0.00,-0.37,86.59,976.79,302
10/14/2013 03:21:56,10/14/2013,03:21:56,0.00,-0.37,86.59,976.79,302
10/14/2013 03:22:26,10/14/2013,03:22:26,0.00,-0.37,86.59,976.82,303
10/14/2013 03:22:56,10/14/2013,03:22:56,0.00,-0.37,86.59,976.82,303
10/14/2013 03:23:26,10/14/2013,03:23:26,0.00,-0.37,86.59,976.82,303
10/14/2013 03:23:56,10/14/2013,03:23:56,0.00,-0.37,86.59,976.85,303
10/14/2013 03:24:26,10/14/2013,03:24:26,0.00,-0.37,86.59,976.85,303
10/14/2013 03:24:56,10/14/2013,03:24:56,0.00,-0.37,86.59,976.86,304
10/14/2013 03:25:26,10/14/2013,03:25:26,0.00,-0.37,86.59,976.83,328
10/14/2013 03:25:56,10/14/2013,03:25:56,0.00,-0.37,86.59,976.83,337
10/14/2013 03:26:26,10/14/2013,03:26:26,0.00,-0.37,86.59,976.85,337
10/14/2013 03:26:56,10/14/2013,03:26:56,0.00,-0.42,86.50,976.81,337
10/14/2013 03:27:26,10/14/2013,03:27:26,0.00,-0.42,86.50,976.82,34
10/14/2013 03:27:56,10/14/2013,03:27:56,0.00,-0.42,86.50,976.81,60
10/14/2013 03:28:26,10/14/2013,03:28:26,0.00,-0.37,86.59,976.81,81
10/14/2013 03:28:56,10/14/2013,03:28:56,0.00,-0.37,86.59,976.83,82
10/14/2013 03:29:26,10/14/2013,03:29:26,0.00,-0.30,86.69,976.83,89
10/14/2013 03:29:56,10/14/2013,03:29:56,0.00,-0.37,86.59,976.83,93
10/14/2013 03:30:26,10/14/2013,03:30:26,0.00,-0.34,86.59,976.83,99
10/14/2013 03:30:56,10/14/2013,03:30:56,0.00,-0.30,86.59,976.86,95
10/14/2013 03:31:26,10/14/2013,03:31:26,0.00,-0.42,86.59,976.87,95
10/14/2013 03:31:56,10/14/2013,03:31:56,0.00,-0.37,86.50,976.87,106
10/14/2013 03:32:26,10/14/2013,03:32:26,0.00,-0.42,86.50,976.86,107
10/14/2013 03:32:56,10/14/2013,03:32:56,0.00,-0.37,86.50,976.85,120
10/14/2013 03:33:26,10/14/2013,03:33:26,0.00,-0.37,86.59,976.85,120
10/14/2013 03:33:56,10/14/2013,03:33:56,0.00,-0.37,86.59,976.85,121
10/14/2013 03:34:26,10/14/2013,03:34:26,0.00,-0.37,86.59,976.85,122
10/14/2013 03:34:56,10/14/2013,03:34:56,0.00,-0.37,86.59,976.85,122
10/14/2013 03:35:26,10/14/2013,03:35:26,0.00,-0.37,86.59,976.81,110
10/14/2013 03:35:56,10/14/2013,03:35:56,0.00,-0.37,86.59,976.81,110
10/14/2013 03:36:26,10/14/2013,03:36:26,0.00,-0.34,86.59,976.81,111
10/14/2013 03:36:56,10/14/2013,03:36:56,0.00,-0.34,86.59,976.81,112
10/14/2013 03:37:26,10/14/2013,03:37:26,0.00,-0.34,86.59,976.81,113
10/14/2013 03:37:56,10/14/2013,03:37:56,0.00,-0.37,86.59,976.82,283
10/14/2013 03:38:26,10/14/2013,03:38:26,0.00,-0.37,86.59,976.86,278
10/14/2013 03:38:56,10/14/2013,03:38:56,0.00,-0.42,86.50,976.85,278
10/14/2013 03:39:26,10/14/2013,03:39:26,0.00,-0.42,86.50,976.85,278
10/14/2013 03:39:56,10/14/2013,03:39:56,0.00,-0.47,86.50,976.85,236
10/14/2013 03:40:26,10/14/2013,03:40:26,0.00,-0.47,86.50,976.86,237
10/14/2013 03:40:56,10/14/2013,03:40:56,0.00,-0.47,86.50,976.87,236
10/14/2013 03:41:26,10/14/2013,03:41:26,0.00,-0.55,86.50,976.85,236
10/14/2013 03:41:56,10/14/2013,03:41:56,0.00,-0.55,86.50,976.85,236
10/14/2013 03:42:26,10/14/2013,03:42:26,0.00,-0.55,86.50,976.85,237
10/14/2013 03:42:56,10/14/2013,03:42:56,0.00,-0.57,86.50,976.85,236
10/14/2013 03:43:26,10/14/2013,03:43:26,0.00,-0.57,86.50,976.85,236
10/14/2013 03:43:56,10/14/2013,03:43:56,0.00,-0.57,86.50,976.83,242
10/14/2013 03:44:26,10/14/2013,03:44:26,0.00,-0.57,86.50,976.85,0
10/14/2013 03:44:56,10/14/2013,03:44:56,0.00,-0.62,86.50,976.81,49
10/14/2013 03:45:26,10/14/2013,03:45:26,0.00,-0.62,86.59,976.82,37
10/14/2013 03:45:56,10/14/2013,03:45:56,0.00,-0.62,86.59,976.83,24
10/14/2013 03:46:26,10/14/2013,03:46:26,0.00,-0.62,86.59,976.81,13
10/14/2013 03:46:56,10/14/2013,03:46:56,0.00,-0.62,86.69,976.78,13
10/14/2013 03:47:26,10/14/2013,03:47:26,0.00,-0.62,86.90,976.78,13
10/14/2013 03:47:56,10/14/2013,03:47:56,0.00,-0.62,87.09,976.78,13
10/14/2013 03:48:26,10/14/2013,03:48:26,0.00,-0.62,87.19,976.78,13
10/14/2013 03:48:56,10/14/2013,03:48:56,0.00,-0.62,87.30,976.78,323
10/14/2013 03:49:26,10/14/2013,03:49:26,0.00,-0.62,87.30,976.78,323
10/14/2013 03:49:56,10/14/2013,03:49:56,0.00,-0.62,87.19,976.79,323
10/14/2013 03:50:26,10/14/2013,03:50:26,0.00,-0.62,87.19,976.81,323
10/14/2013 03:50:56,10/14/2013,03:50:56,0.00,-0.62,87.09,976.80,323
10/14/2013 03:51:26,10/14/2013,03:51:26,0.00,-0.62,87.09,976.83,323
10/14/2013 03:51:56,10/14/2013,03:51:56,0.00,-0.57,87.09,976.86,319
10/14/2013 03:52:26,10/14/2013,03:52:26,0.00,-0.57,87.00,976.86,306
10/14/2013 03:52:56,10/14/2013,03:52:56,0.00,-0.55,87.00,976.88,306
10/14/2013 03:53:26,10/14/2013,03:53:26,0.00,-0.55,87.00,976.87,306
10/14/2013 03:53:56,10/14/2013,03:53:56,0.00,-0.55,87.00,976.88,259
10/14/2013 03:54:26,10/14/2013,03:54:26,0.00,-0.57,86.90,976.90,258
10/14/2013 03:54:56,10/14/2013,03:54:56,0.00,-0.62,86.90,976.90,259
10/14/2013 03:55:26,10/14/2013,03:55:26,0.00,-0.62,86.80,976.92,259
10/14/2013 03:55:56,10/14/2013,03:55:56,0.00,-0.62,86.80,976.89,259
10/14/2013 03:56:26,10/14/2013,03:56:26,0.00,-0.62,86.80,976.89,259
10/14/2013 03:56:56,10/14/2013,03:56:56,0.00,-0.62,86.80,976.88,259
10/14/2013 03:57:26,10/14/2013,03:57:26,0.00,-0.62,86.69,976.89,259
10/14/2013 03:57:56,10/14/2013,03:57:56,0.00,-0.62,86.80,976.92,259
10/14/2013 03:58:26,10/14/2013,03:58:26,0.00,-0.62,86.80,976.93,258
10/14/2013 03:58:56,10/14/2013,03:58:56,0.00,-0.62,86.80,976.93,258
10/14/2013 03:59:26,10/14/2013,03:59:26,0.00,-0.62,86.69,976.93,259
10/14/2013 03:59:56,10/14/2013,03:59:56,0.00,-0.62,86.80,976.92,258
10/14/2013 04:00:26,10/14/2013,04:00:26,0.00,-0.62,86.69,976.92,259
10/14/2013 04:00:56,10/14/2013,04:00:56,0.00,-0.62,86.69,976.92,258
10/14/2013 04:01:26,10/14/2013,04:01:26,0.00,-0.62,86.69,976.92,258
10/14/2013 04:01:56,10/14/2013,04:01:56,0.00,-0.62,86.80,976.90,258
10/14/2013 04:02:26,10/14/2013,04:02:26,0.00,-0.62,86.69,976.90,261
10/14/2013 04:02:56,10/14/2013,04:02:56,0.00,-0.62,86.80,976.90,262
10/14/2013 04:03:26,10/14/2013,04:03:26,0.00,-0.62,86.69,976.90,295
10/14/2013 04:03:56,10/14/2013,04:03:56,0.00,-0.57,86.80,976.89,343
10/14/2013 04:04:26,10/14/2013,04:04:26,0.00,-0.57,86.80,976.87,343
10/14/2013 04:04:56,10/14/2013,04:04:56,0.00,-0.57,86.80,976.86,344
10/14/2013 04:05:26,10/14/2013,04:05:26,0.00,-0.55,86.80,976.86,344
10/14/2013 04:05:56,10/14/2013,04:05:56,0.00,-0.55,86.80,976.86,344
10/14/2013 04:06:26,10/14/2013,04:06:26,0.00,-0.55,86.80,976.88,344
10/14/2013 04:06:56,10/14/2013,04:06:56,0.00,-0.55,86.80,976.87,344
10/14/2013 04:07:26,10/14/2013,04:07:26,0.00,-0.55,86.80,976.88,344
10/14/2013 04:07:56,10/14/2013,04:07:56,0.00,-0.50,86.80,976.89,344
10/14/2013 04:08:26,10/14/2013,04:08:26,0.00,-0.47,86.90,976.93,344
10/14/2013 04:08:56,10/14/2013,04:08:56,0.00,-0.47,86.90,976.93,344
10/14/2013 04:09:26,10/14/2013,04:09:26,0.00,-0.47,86.90,976.95,344
10/14/2013 04:09:56,10/14/2013,04:09:56,0.00,-0.47,86.90,976.95,344
10/14/2013 04:10:26,10/14/2013,04:10:26,0.00,-0.47,86.90,976.95,344
10/14/2013 04:10:56,10/14/2013,04:10:56,0.00,-0.47,86.80,976.95,344
10/14/2013 04:11:26,10/14/2013,04:11:26,0.00,-0.47,86.80,976.95,344
10/14/2013 04:11:56,10/14/2013,04:11:56,0.00,-0.47,86.80,976.96,344
10/14/2013 04:12:26,10/14/2013,04:12:26,0.00,-0.47,86.80,976.96,344
10/14/2013 04:12:56,10/14/2013,04:12:56,0.00,-0.47,86.69,976.96,164
10/14/2013 04:13:26,10/14/2013,04:13:26,0.00,-0.55,86.69,976.94,167
10/14/2013 04:13:56,10/14/2013,04:13:56,0.00,-0.55,86.69,976.94,168
10/14/2013 04:14:26,10/14/2013,04:14:26,0.00,-0.55,86.69,976.95,168
10/14/2013 04:14:56,10/14/2013,04:14:56,0.00,-0.57,86.59,976.95,168
10/14/2013 04:15:26,10/14/2013,04:15:26,0.00,-0.62,86.69,976.94,168
10/14/2013 04:15:56,10/14/2013,04:15:56,0.00,-0.62,86.69,976.94,173
10/14/2013 04:16:26,10/14/2013,04:16:26,0.00,-0.62,86.69,976.95,173
10/14/2013 04:16:56,10/14/2013,04:16:56,0.00,-0.62,86.69,976.93,173
10/14/2013 04:17:26,10/14/2013,04:17:26,0.00,-0.62,86.69,976.89,173
10/14/2013 04:17:56,10/14/2013,04:17:56,0.00,-0.62,86.69,976.88,173
10/14/2013 04:18:26,10/14/2013,04:18:26,0.00,-0.62,86.69,976.88,173
10/14/2013 04:18:56,10/14/2013,04:18:56,0.00,-0.62,86.69,976.89,175
10/14/2013 04:19:26,10/14/2013,04:19:26,0.00,-0.62,86.69,976.90,175
10/14/2013 04:19:56,10/14/2013,04:19:56,0.00,-0.67,86.69,976.90,175
10/14/2013 04:20:26,10/14/2013,04:20:26,0.00,-0.67,86.69,976.92,175
10/14/2013 04:20:56,10/14/2013,04:20:56,0.00,-0.62,86.69,976.92,175
10/14/2013 04:21:26,10/14/2013,04:21:26,0.00,-0.67,86.69,976.92,175
10/14/2013 04:21:56,10/14/2013,04:21:56,0.00,-0.67,86.69,976.94,175
10/14/2013 04:22:26,10/14/2013,04:22:26,0.00,-0.67,86.69,976.97,175
10/14/2013 04:22:56,10/14/2013,04:22:56,0.00,-0.67,86.69,977.00,175
10/14/2013 04:23:26,10/14/2013,04:23:26,0.00,-0.69,86.69,977.01,191
10/14/2013 04:23:56,10/14/2013,04:23:56,0.00,-0.69,86.69,977.04,206
10/14/2013 04:24:26,10/14/2013,04:24:26,0.00,-0.77,86.69,977.03,208
10/14/2013 04:24:56,10/14/2013,04:24:56,0.00,-0.77,86.69,977.07,208
10/14/2013 04:25:26,10/14/2013,04:25:26,0.00,-0.77,86.69,977.07,208
10/14/2013 04:25:56,10/14/2013,04:25:56,0.00,-0.77,86.69,977.06,207
10/14/2013 04:26:26,10/14/2013,04:26:26,0.00,-0.82,86.69,977.04,208
10/14/2013 04:26:56,10/14/2013,04:26:56,0.00,-0.85,86.59,977.06,215
10/14/2013 04:27:26,10/14/2013,04:27:26,0.00,-0.85,86.69,977.06,215
10/14/2013 04:27:56,10/14/2013,04:27:56,0.00,-0.85,86.69,977.03,215
10/14/2013 04:28:26,10/14/2013,04:28:26,0.00,-0.85,86.69,977.04,215
10/14/2013 04:28:56,10/14/2013,04:28:56,0.00,-0.85,86.69,977.03,215
10/14/2013 04:29:26,10/14/2013,04:29:26,0.00,-0.85,86.69,977.02,215
10/14/2013 04:29:56,10/14/2013,04:29:56,0.00,-0.85,86.69,977.01,215
10/14/2013 04:30:26,10/14/2013,04:30:26,0.00,-0.85,86.69,977.00,215
10/14/2013 04:30:56,10/14/2013,04:30:56,0.00,-0.85,86.69,977.00,215
10/14/2013 04:31:26,10/14/2013,04:31:26,0.00,-0.85,86.69,976.99,216
10/14/2013 04:31:56,10/14/2013,04:31:56,0.00,-0.85,86.80,976.99,215
10/14/2013 04:32:26,10/14/2013,04:32:26,0.00,-0.85,86.80,977.00,215
10/14/2013 04:32:56,10/14/2013,04:32:56,0.00,-0.85,86.80,977.00,216
10/14/2013 04:33:26,10/14/2013,04:33:26,0.00,-0.85,86.80,977.00,307
10/14/2013 04:33:56,10/14/2013,04:33:56,0.00,-0.85,86.80,976.99,310
10/14/2013 04:34:26,10/14/2013,04:34:26,0.00,-0.85,86.80,976.99,317
10/14/2013 04:34:56,10/14/2013,04:34:56,0.00,-0.85,86.80,977.00,319
10/14/2013 04:35:26,10/14/2013,04:35:26,0.00,-0.85,86.80,977.01,319
10/14/2013 04:35:56,10/14/2013,04:35:56,0.00,-0.82,86.80,977.00,318
10/14/2013 04:36:26,10/14/2013,04:36:26,0.00,-0.82,86.80,977.00,318
10/14/2013 04:36:56,10/14/2013,04:36:56,0.00,-0.82,86.80,977.00,319
10/14/2013 04:37:26,10/14/2013,04:37:26,0.00,-0.77,86.80,977.00,319
10/14/2013 04:37:56,10/14/2013,04:37:56,0.00,-0.77,86.80,977.01,319
10/14/2013 04:38:26,10/14/2013,04:38:26,0.00,-0.77,86.80,977.02,319
10/14/2013 04:38:56,10/14/2013,04:38:56,0.00,-0.77,86.80,977.03,318
10/14/2013 04:39:26,10/14/2013,04:39:26,0.00,-0.77,86.80,977.04,317
10/14/2013 04:39:56,10/14/2013,04:39:56,0.00,-0.77,86.80,977.06,210
10/14/2013 04:40:26,10/14/2013,04:40:26,0.00,-0.77,86.80,977.07,211
10/14/2013 04:40:56,10/14/2013,04:40:56,0.00,-0.77,86.80,977.09,212
10/14/2013 04:41:26,10/14/2013,04:41:26,0.00,-0.77,86.80,977.09,211
10/14/2013 04:41:56,10/14/2013,04:41:56,0.00,-0.77,86.80,977.09,206
10/14/2013 04:42:26,10/14/2013,04:42:26,0.00,-0.77,86.80,977.09,203
10/14/2013 04:42:56,10/14/2013,04:42:56,0.00,-0.77,86.80,977.10,203
10/14/2013 04:43:26,10/14/2013,04:43:26,0.00,-0.77,86.80,977.10,203
10/14/2013 04:43:56,10/14/2013,04:43:56,0.00,-0.77,86.80,977.09,203
10/14/2013 04:44:26,10/14/2013,04:44:26,0.00,-0.77,86.80,977.10,203
10/14/2013 04:44:56,10/14/2013,04:44:56,0.00,-0.77,86.80,977.11,203
10/14/2013 04:45:26,10/14/2013,04:45:26,0.00,-0.77,86.80,977.10,203
10/14/2013 04:45:56,10/14/2013,04:45:56,0.00,-0.82,86.80,977.10,203
10/14/2013 04:46:26,10/14/2013,04:46:26,0.00,-0.77,86.80,977.09,204
10/14/2013 04:46:56,10/14/2013,04:46:56,0.00,-0.77,86.80,977.09,203
10/14/2013 04:47:26,10/14/2013,04:47:26,0.00,-0.77,86.80,977.08,203
10/14/2013 04:47:56,10/14/2013,04:47:56,0.00,-0.82,86.80,977.07,203
10/14/2013 04:48:26,10/14/2013,04:48:26,0.00,-0.77,86.80,977.07,203
10/14/2013 04:48:56,10/14/2013,04:48:56,0.00,-0.82,86.80,977.07,203
10/14/2013 04:49:26,10/14/2013,04:49:26,0.00,-0.77,86.80,977.07,203
10/14/2013 04:49:56,10/14/2013,04:49:56,0.00,-0.77,86.80,977.07,203
10/14/2013 04:50:26,10/14/2013,04:50:26,0.00,-0.77,86.80,977.06,207
10/14/2013 04:50:56,10/14/2013,04:50:56,0.00,-0.77,86.80,977.08,207
10/14/2013 04:51:26,10/14/2013,04:51:26,0.00,-0.77,86.80,977.06,286
10/14/2013 04:51:56,10/14/2013,04:51:56,0.00,-0.77,86.80,977.06,287
10/14/2013 04:52:26,10/14/2013,04:52:26,0.00,-0.77,86.80,977.08,287
10/14/2013 04:52:56,10/14/2013,04:52:56,0.00,-0.77,86.80,977.08,287
10/14/2013 04:53:26,10/14/2013,04:53:26,0.00,-0.77,86.80,977.10,287
10/14/2013 04:53:56,10/14/2013,04:53:56,0.00,-0.77,86.80,977.09,287
10/14/2013 04:54:26,10/14/2013,04:54:26,0.00,-0.77,86.80,977.10,286
10/14/2013 04:54:56,10/14/2013,04:54:56,0.00,-0.77,86.80,977.10,286
10/14/2013 04:55:26,10/14/2013,04:55:26,0.00,-0.77,86.80,977.09,287
10/14/2013 04:55:56,10/14/2013,04:55:56,0.00,-0.77,86.80,977.07,287
10/14/2013 04:56:26,10/14/2013,04:56:26,0.00,-0.82,86.80,977.08,287
10/14/2013 04:56:56,10/14/2013,04:56:56,0.00,-0.77,86.80,977.08,287
10/14/2013 04:57:26,10/14/2013,04:57:26,0.00,-0.77,86.80,977.07,287
10/14/2013 04:57:56,10/14/2013,04:57:56,0.00,-0.77,86.80,977.06,287
10/14/2013 04:58:26,10/14/2013,04:58:26,0.00,-0.77,86.80,977.04,287
10/14/2013 04:58:56,10/14/2013,04:58:56,0.00,-0.82,86.80,977.03,300
10/14/2013 04:59:26,10/14/2013,04:59:26,0.00,-0.85,86.80,977.03,307
10/14/2013 04:59:56,10/14/2013,04:59:56,0.00,-0.85,86.80,977.03,305
10/14/2013 05:00:26,10/14/2013,05:00:26,0.00,-0.85,86.80,977.01,305
10/14/2013 05:00:56,10/14/2013,05:00:56,0.00,-0.85,86.80,977.02,305
10/14/2013 05:01:26,10/14/2013,05:01:26,0.00,-0.85,86.80,977.01,306
10/14/2013 05:01:56,10/14/2013,05:01:56,0.00,-0.85,86.80,976.99,307
10/14/2013 05:02:26,10/14/2013,05:02:26,0.00,-0.85,86.80,976.97,307
10/14/2013 05:02:56,10/14/2013,05:02:56,0.00,-0.85,86.80,976.99,307
10/14/2013 05:03:26,10/14/2013,05:03:26,0.00,-0.85,86.80,976.97,307
10/14/2013 05:03:56,10/14/2013,05:03:56,0.00,-0.85,86.80,976.99,307
10/14/2013 05:04:26,10/14/2013,05:04:26,0.00,-0.85,86.90,977.01,307
10/14/2013 05:04:56,10/14/2013,05:04:56,0.00,-0.85,86.90,977.02,307
10/14/2013 05:05:26,10/14/2013,05:05:26,0.00,-0.82,86.90,977.03,307
10/14/2013 05:05:56,10/14/2013,05:05:56,0.00,-0.85,86.90,977.02,305
10/14/2013 05:06:26,10/14/2013,05:06:26,0.00,-0.85,86.90,977.03,305
10/14/2013 05:06:56,10/14/2013,05:06:56,0.00,-0.85,86.90,977.04,305
10/14/2013 05:07:26,10/14/2013,05:07:26,0.00,-0.85,86.80,977.03,305
10/14/2013 05:07:56,10/14/2013,05:07:56,0.00,-0.85,86.80,977.03,305
10/14/2013 05:08:26,10/14/2013,05:08:26,0.00,-0.85,86.80,977.03,305
10/14/2013 05:08:56,10/14/2013,05:08:56,0.00,-0.85,86.80,977.03,305
10/14/2013 05:09:26,10/14/2013,05:09:26,0.00,-0.85,86.80,977.02,305
10/14/2013 05:09:56,10/14/2013,05:09:56,0.00,-0.82,86.80,977.03,305
10/14/2013 05:10:26,10/14/2013,05:10:26,0.00,-0.82,86.80,977.03,305
10/14/2013 05:10:56,10/14/2013,05:10:56,0.00,-0.82,86.80,977.02,304
10/14/2013 05:11:26,10/14/2013,05:11:26,0.00,-0.82,86.80,977.02,304
10/14/2013 05:11:56,10/14/2013,05:11:56,0.00,-0.77,86.80,977.00,304
10/14/2013 05:12:26,10/14/2013,05:12:26,0.00,-0.82,86.80,977.00,305
10/14/2013 05:12:56,10/14/2013,05:12:56,0.00,-0.82,86.80,976.99,298
10/14/2013 05:13:26,10/14/2013,05:13:26,0.00,-0.85,86.80,977.00,298
10/14/2013 05:13:56,10/14/2013,05:13:56,0.00,-0.85,86.80,977.00,299
10/14/2013 05:14:26,10/14/2013,05:14:26,0.00,-0.85,86.80,977.00,297
10/14/2013 05:14:56,10/14/2013,05:14:56,0.00,-0.85,86.80,977.00,246
10/14/2013 05:15:26,10/14/2013,05:15:26,0.00,-0.77,86.59,977.01,241
10/14/2013 05:15:56,10/14/2013,05:15:56,0.00,-0.82,86.69,976.99,236
10/14/2013 05:16:26,10/14/2013,05:16:26,0.00,-0.85,86.69,976.99,236
10/14/2013 05:16:56,10/14/2013,05:16:56,0.00,-0.85,86.69,976.97,232
10/14/2013 05:17:26,10/14/2013,05:17:26,0.00,-0.85,86.69,977.00,234
10/14/2013 05:17:56,10/14/2013,05:17:56,0.00,-0.85,86.69,976.99,234
10/14/2013 05:18:26,10/14/2013,05:18:26,0.00,-0.85,86.69,976.99,215
10/14/2013 05:18:56,10/14/2013,05:18:56,0.00,-0.85,86.69,976.97,215
10/14/2013 05:19:26,10/14/2013,05:19:26,0.00,-0.85,86.69,976.96,215
10/14/2013 05:19:56,10/14/2013,05:19:56,0.00,-0.85,86.69,976.96,215
10/14/2013 05:20:26,10/14/2013,05:20:26,0.00,-0.85,86.69,976.97,215
10/14/2013 05:20:56,10/14/2013,05:20:56,0.00,-0.85,86.69,976.96,218
10/14/2013 05:21:26,10/14/2013,05:21:26,0.00,-0.85,86.59,976.96,218
10/14/2013 05:21:56,10/14/2013,05:21:56,0.00,-0.85,86.59,976.95,218
10/14/2013 05:22:26,10/14/2013,05:22:26,0.00,-0.85,86.59,976.94,219
10/14/2013 05:22:56,10/14/2013,05:22:56,0.00,-0.85,86.59,976.93,219
10/14/2013 05:23:26,10/14/2013,05:23:26,0.00,-0.85,86.59,976.94,219
10/14/2013 05:23:56,10/14/2013,05:23:56,0.00,-0.85,86.59,976.94,219
10/14/2013 05:24:26,10/14/2013,05:24:26,0.00,-0.85,86.59,976.95,219
10/14/2013 05:24:56,10/14/2013,05:24:56,0.00,-0.89,86.50,976.96,220
10/14/2013 05:25:26,10/14/2013,05:25:26,0.00,-0.94,86.50,976.95,221
10/14/2013 05:25:56,10/14/2013,05:25:56,0.00,-0.94,86.50,976.96,237
10/14/2013 05:26:26,10/14/2013,05:26:26,0.00,-0.94,86.50,976.99,252
10/14/2013 05:26:56,10/14/2013,05:26:56,0.00,-1.04,86.30,976.99,293
10/14/2013 05:27:26,10/14/2013,05:27:26,0.00,-1.10,86.19,977.00,293
10/14/2013 05:27:56,10/14/2013,05:27:56,0.00,-1.10,86.19,977.02,294
10/14/2013 05:28:26,10/14/2013,05:28:26,0.00,-1.10,86.19,977.02,293
10/14/2013 05:28:56,10/14/2013,05:28:56,0.00,-1.10,86.19,977.02,293
10/14/2013 05:29:26,10/14/2013,05:29:26,0.00,-1.10,86.19,977.02,293
10/14/2013 05:29:56,10/14/2013,05:29:56,0.00,-1.10,86.19,977.03,292
10/14/2013 05:30:26,10/14/2013,05:30:26,0.00,-1.10,86.19,977.03,292
10/14/2013 05:30:56,10/14/2013,05:30:56,0.00,-1.10,86.19,977.02,292
10/14/2013 05:31:26,10/14/2013,05:31:26,0.00,-1.10,86.19,977.04,292
10/14/2013 05:31:56,10/14/2013,05:31:56,0.00,-1.04,86.09,977.04,325
10/14/2013 05:32:26,10/14/2013,05:32:26,0.00,-1.04,86.09,977.04,348
10/14/2013 05:32:56,10/14/2013,05:32:56,0.00,-1.04,86.09,977.04,349
10/14/2013 05:33:26,10/14/2013,05:33:26,0.00,-1.04,86.00,977.03,348
10/14/2013 05:33:56,10/14/2013,05:33:56,0.00,-1.02,86.00,977.03,348
10/14/2013 05:34:26,10/14/2013,05:34:26,0.00,-1.02,86.00,977.03,348
10/14/2013 05:34:56,10/14/2013,05:34:56,0.00,-1.02,86.00,977.03,348
10/14/2013 05:35:26,10/14/2013,05:35:26,0.00,-1.02,86.00,977.04,348
10/14/2013 05:35:56,10/14/2013,05:35:56,0.00,-0.97,86.00,977.03,346
10/14/2013 05:36:26,10/14/2013,05:36:26,0.00,-1.02,86.00,977.04,335
10/14/2013 05:36:56,10/14/2013,05:36:56,0.00,-0.97,85.90,977.06,331
10/14/2013 05:37:26,10/14/2013,05:37:26,0.00,-1.02,85.90,977.07,324
10/14/2013 05:37:56,10/14/2013,05:37:56,0.00,-1.02,85.90,977.07,323
10/14/2013 05:38:26,10/14/2013,05:38:26,0.00,-1.02,85.90,977.08,322
10/14/2013 05:38:56,10/14/2013,05:38:56,0.00,-1.02,85.90,977.08,304
10/14/2013 05:39:26,10/14/2013,05:39:26,0.00,-1.02,85.90,977.10,287
10/14/2013 05:39:56,10/14/2013,05:39:56,0.00,-0.97,85.80,977.13,282
10/14/2013 05:40:26,10/14/2013,05:40:26,0.00,-1.02,85.69,977.14,281
10/14/2013 05:40:56,10/14/2013,05:40:56,0.00,-1.04,85.69,977.17,278
10/14/2013 05:41:26,10/14/2013,05:41:26,0.00,-1.04,85.69,977.20,271
10/14/2013 05:41:56,10/14/2013,05:41:56,0.00,-1.04,85.59,977.18,266
10/14/2013 05:42:26,10/14/2013,05:42:26,0.00,-1.04,85.59,977.20,268
10/14/2013 05:42:56,10/14/2013,05:42:56,0.00,-1.02,85.59,977.20,241
10/14/2013 05:43:26,10/14/2013,05:43:26,0.00,-1.02,85.59,977.20,241
10/14/2013 05:43:56,10/14/2013,05:43:56,0.00,-1.02,85.59,977.20,242
10/14/2013 05:44:26,10/14/2013,05:44:26,0.00,-1.02,85.59,977.20,241
10/14/2013 05:44:56,10/14/2013,05:44:56,0.00,-1.02,85.59,977.22,241
10/14/2013 05:45:26,10/14/2013,05:45:26,0.00,-0.97,85.59,977.24,241
10/14/2013 05:45:56,10/14/2013,05:45:56,0.00,-0.94,85.59,977.22,241
10/14/2013 05:46:26,10/14/2013,05:46:26,0.00,-0.94,85.59,977.22,241
10/14/2013 05:46:56,10/14/2013,05:46:56,0.00,-0.94,85.59,977.23,241
10/14/2013 05:47:26,10/14/2013,05:47:26,0.00,-0.94,85.50,977.24,85
10/14/2013 05:47:56,10/14/2013,05:47:56,0.00,-0.94,85.50,977.24,85
10/14/2013 05:48:26,10/14/2013,05:48:26,0.00,-0.97,85.50,977.25,85
10/14/2013 05:48:56,10/14/2013,05:48:56,0.00,-1.02,85.30,977.27,80
10/14/2013 05:49:26,10/14/2013,05:49:26,0.00,-1.04,85.19,977.25,83
10/14/2013 05:49:56,10/14/2013,05:49:56,0.00,-1.10,85.09,977.28,83
10/14/2013 05:50:26,10/14/2013,05:50:26,0.00,-1.10,85.09,977.28,83
10/14/2013 05:50:56,10/14/2013,05:50:56,0.00,-1.10,85.09,977.30,83
10/14/2013 05:51:26,10/14/2013,05:51:26,0.00,-1.14,85.09,977.29,84
10/14/2013 05:51:56,10/14/2013,05:51:56,0.00,-1.14,85.09,977.29,83
10/14/2013 05:52:26,10/14/2013,05:52:26,0.00,-1.14,85.09,977.27,83
10/14/2013 05:52:56,10/14/2013,05:52:56,0.00,-1.10,85.09,977.28,83
10/14/2013 05:53:26,10/14/2013,05:53:26,0.00,-1.10,85.09,977.29,83
10/14/2013 05:53:56,10/14/2013,05:53:56,0.00,-1.10,85.09,977.28,71
10/14/2013 05:54:26,10/14/2013,05:54:26,0.00,-1.10,85.09,977.28,35
10/14/2013 05:54:56,10/14/2013,05:54:56,0.00,-1.17,85.00,977.27,25
10/14/2013 05:55:26,10/14/2013,05:55:26,0.00,-1.17,85.00,977.27,23
10/14/2013 05:55:56,10/14/2013,05:55:56,0.00,-1.17,84.90,977.25,18
10/14/2013 05:56:26,10/14/2013,05:56:26,0.00,-1.17,84.90,977.24,16
10/14/2013 05:56:56,10/14/2013,05:56:56,0.00,-1.17,84.80,977.24,13
10/14/2013 05:57:26,10/14/2013,05:57:26,0.00,-1.17,84.80,977.25,8
10/14/2013 05:57:56,10/14/2013,05:57:56,0.00,-1.17,84.80,977.25,6
10/14/2013 05:58:26,10/14/2013,05:58:26,0.00,-1.17,84.80,977.28,6
10/14/2013 05:58:56,10/14/2013,05:58:56,0.00,-1.17,84.69,977.28,6
10/14/2013 05:59:26,10/14/2013,05:59:26,0.00,-1.17,84.69,977.30,7
10/14/2013 05:59:56,10/14/2013,05:59:56,0.00,-1.14,84.69,977.32,7
10/14/2013 06:00:26,10/14/2013,06:00:26,0.00,-1.10,84.69,977.35,6
10/14/2013 06:00:56,10/14/2013,06:00:56,0.00,-1.10,84.69,977.37,6
10/14/2013 06:01:26,10/14/2013,06:01:26,0.00,-1.10,84.69,977.38,6
10/14/2013 06:01:56,10/14/2013,06:01:56,0.00,-1.10,84.69,977.42,6
10/14/2013 06:02:26,10/14/2013,06:02:26,0.00,-1.04,84.80,977.42,6
10/14/2013 06:02:56,10/14/2013,06:02:56,0.00,-1.02,84.80,977.42,0
10/14/2013 06:03:26,10/14/2013,06:03:26,0.00,-0.97,84.80,977.39,358
10/14/2013 06:03:56,10/14/2013,06:03:56,0.00,-0.97,84.90,977.39,357
10/14/2013 06:04:26,10/14/2013,06:04:26,0.00,-0.94,84.90,977.41,358
10/14/2013 06:04:56,10/14/2013,06:04:56,0.00,-0.94,84.90,977.39,358
10/14/2013 06:05:26,10/14/2013,06:05:26,0.00,-0.94,84.90,977.37,358
10/14/2013 06:05:56,10/14/2013,06:05:56,0.00,-0.94,84.90,977.36,358
10/14/2013 06:06:26,10/14/2013,06:06:26,0.00,-0.94,84.90,977.32,358
10/14/2013 06:06:56,10/14/2013,06:06:56,0.00,-0.94,84.90,977.32,358
10/14/2013 06:07:26,10/14/2013,06:07:26,0.00,-0.94,84.90,977.34,358
10/14/2013 06:07:56,10/14/2013,06:07:56,0.00,-0.89,84.90,977.35,357
10/14/2013 06:08:26,10/14/2013,06:08:26,0.00,-0.89,84.90,977.31,358
10/14/2013 06:08:56,10/14/2013,06:08:56,0.00,-0.89,84.90,977.36,358
10/14/2013 06:09:26,10/14/2013,06:09:26,0.00,-0.89,84.90,977.36,357
10/14/2013 06:09:56,10/14/2013,06:09:56,0.00,-0.94,84.90,977.37,358
10/14/2013 06:10:26,10/14/2013,06:10:26,0.00,-0.94,84.80,977.38,358
10/14/2013 06:10:56,10/14/2013,06:10:56,0.00,-0.94,84.80,977.42,48
10/14/2013 06:11:26,10/14/2013,06:11:26,0.00,-0.94,84.80,977.43,125
10/14/2013 06:11:56,10/14/2013,06:11:56,0.00,-0.94,84.80,977.45,126
10/14/2013 06:12:26,10/14/2013,06:12:26,0.00,-0.94,84.80,977.46,127
10/14/2013 06:12:56,10/14/2013,06:12:56,0.00,-0.94,84.80,977.46,128
10/14/2013 06:13:26,10/14/2013,06:13:26,0.00,-0.94,84.80,977.48,143
10/14/2013 06:13:56,10/14/2013,06:13:56,0.00,-1.02,84.69,977.46,154
10/14/2013 06:14:26,10/14/2013,06:14:26,0.00,-1.02,84.69,977.48,154
10/14/2013 06:14:56,10/14/2013,06:14:56,0.00,-0.97,84.69,977.48,153
10/14/2013 06:15:26,10/14/2013,06:15:26,0.00,-0.94,84.69,977.48,144
10/14/2013 06:15:56,10/14/2013,06:15:56,0.00,-0.94,84.80,977.45,95
10/14/2013 06:16:26,10/14/2013,06:16:26,0.00,-0.94,84.80,977.43,95
10/14/2013 06:16:56,10/14/2013,06:16:56,0.00,-0.94,84.80,977.42,95
10/14/2013 06:17:26,10/14/2013,06:17:26,0.00,-0.94,84.69,977.42,95
10/14/2013 06:17:56,10/14/2013,06:17:56,0.00,-0.94,84.69,977.42,96
10/14/2013 06:18:26,10/14/2013,06:18:26,0.00,-0.94,84.69,977.42,98
10/14/2013 06:18:56,10/14/2013,06:18:56,0.00,-0.94,84.69,977.43,102
10/14/2013 06:19:26,10/14/2013,06:19:26,0.00,-0.94,84.69,977.42,100
10/14/2013 06:19:56,10/14/2013,06:19:56,0.00,-0.94,84.69,977.41,100
10/14/2013 06:20:26,10/14/2013,06:20:26,0.00,-0.94,84.69,977.42,100
10/14/2013 06:20:56,10/14/2013,06:20:56,0.00,-0.94,84.69,977.41,100
10/14/2013 06:21:26,10/14/2013,06:21:26,0.00,-0.94,84.69,977.41,100
10/14/2013 06:21:56,10/14/2013,06:21:56,0.00,-0.94,84.69,977.41,100
10/14/2013 06:22:26,10/14/2013,06:22:26,0.00,-0.94,84.69,977.39,100
10/14/2013 06:22:56,10/14/2013,06:22:56,0.00,-0.94,84.69,977.37,100
10/14/2013 06:23:26,10/14/2013,06:23:26,0.00,-0.94,84.69,977.37,100
10/14/2013 06:23:56,10/14/2013,06:23:56,0.00,-0.97,84.69,977.36,100
10/14/2013 06:24:26,10/14/2013,06:24:26,0.00,-1.02,84.69,977.36,100
10/14/2013 06:24:56,10/14/2013,06:24:56,0.00,-1.02,84.69,977.35,100
10/14/2013 06:25:26,10/14/2013,06:25:26,0.00,-1.02,84.59,977.34,109
10/14/2013 06:25:56,10/14/2013,06:25:56,0.00,-1.02,84.59,977.36,144
10/14/2013 06:26:26,10/14/2013,06:26:26,0.00,-1.02,84.59,977.36,145
10/14/2013 06:26:56,10/14/2013,06:26:56,0.00,-1.02,84.59,977.36,111
10/14/2013 06:27:26,10/14/2013,06:27:26,0.00,-1.02,84.59,977.38,108
10/14/2013 06:27:56,10/14/2013,06:27:56,0.00,-1.02,84.59,977.39,89
10/14/2013 06:28:26,10/14/2013,06:28:26,0.00,-1.10,84.50,977.41,83
10/14/2013 06:28:56,10/14/2013,06:28:56,0.00,-1.10,84.50,977.42,86
10/14/2013 06:29:26,10/14/2013,06:29:26,0.00,-1.10,84.40,977.42,87
10/14/2013 06:29:56,10/14/2013,06:29:56,0.00,-1.10,84.40,977.43,92
10/14/2013 06:30:26,10/14/2013,06:30:26,0.00,-1.14,84.40,977.42,93
10/14/2013 06:30:56,10/14/2013,06:30:56,0.00,-1.10,84.40,977.43,93
10/14/2013 06:31:26,10/14/2013,06:31:26,0.00,-1.10,84.40,977.41,93
10/14/2013 06:31:56,10/14/2013,06:31:56,0.00,-1.10,84.40,977.39,92
10/14/2013 06:32:26,10/14/2013,06:32:26,0.00,-1.14,84.40,977.38,93
10/14/2013 06:32:56,10/14/2013,06:32:56,0.00,-1.10,84.40,977.37,92
10/14/2013 06:33:26,10/14/2013,06:33:26,0.00,-1.10,84.40,977.37,92
10/14/2013 06:33:56,10/14/2013,06:33:56,0.00,-1.10,84.40,977.35,92
10/14/2013 06:34:26,10/14/2013,06:34:26,0.00,-1.10,84.40,977.34,92
10/14/2013 06:34:56,10/14/2013,06:34:56,0.00,-1.10,84.40,977.34,92
10/14/2013 06:35:26,10/14/2013,06:35:26,0.00,-1.10,84.40,977.32,92
10/14/2013 06:35:56,10/14/2013,06:35:56,0.00,-1.10,84.40,977.31,92
10/14/2013 06:36:26,10/14/2013,06:36:26,0.00,-1.04,84.40,977.30,93
10/14/2013 06:36:56,10/14/2013,06:36:56,0.00,-1.04,84.40,977.30,93
10/14/2013 06:37:26,10/14/2013,06:37:26,0.00,-1.02,84.40,977.31,95
10/14/2013 06:37:56,10/14/2013,06:37:56,0.00,-1.02,84.40,977.31,95
10/14/2013 06:38:26,10/14/2013,06:38:26,0.00,-1.02,84.40,977.32,130
10/14/2013 06:38:56,10/14/2013,06:38:56,0.00,-1.02,84.40,977.35,130
10/14/2013 06:39:26,10/14/2013,06:39:26,0.00,-0.97,84.40,977.37,138
10/14/2013 06:39:56,10/14/2013,06:39:56,0.00,-1.02,84.40,977.38,140
10/14/2013 06:40:26,10/14/2013,06:40:26,0.00,-0.97,84.40,977.39,140
10/14/2013 06:40:56,10/14/2013,06:40:56,0.00,-0.97,84.40,977.42,140
10/14/2013 06:41:26,10/14/2013,06:41:26,0.00,-1.02,84.40,977.41,140
10/14/2013 06:41:56,10/14/2013,06:41:56,0.00,-1.02,84.30,977.43,140
10/14/2013 06:42:26,10/14/2013,06:42:26,0.00,-0.97,84.40,977.44,140
10/14/2013 06:42:56,10/14/2013,06:42:56,0.00,-1.02,84.40,977.43,140
10/14/2013 06:43:26,10/14/2013,06:43:26,0.00,-1.02,84.30,977.42,140
10/14/2013 06:43:56,10/14/2013,06:43:56,0.00,-1.02,84.30,977.41,140
10/14/2013 06:44:26,10/14/2013,06:44:26,0.00,-1.02,84.30,977.43,100
10/14/2013 06:44:56,10/14/2013,06:44:56,0.00,-1.02,84.30,977.41,75
10/14/2013 06:45:26,10/14/2013,06:45:26,0.00,-1.02,84.40,977.41,75
10/14/2013 06:45:56,10/14/2013,06:45:56,0.00,-1.02,84.40,977.38,75
10/14/2013 06:46:26,10/14/2013,06:46:26,0.00,-1.02,84.40,977.39,77
10/14/2013 06:46:56,10/14/2013,06:46:56,0.00,-1.02,84.40,977.38,73
10/14/2013 06:47:26,10/14/2013,06:47:26,0.00,-1.02,84.40,977.38,73
10/14/2013 06:47:56,10/14/2013,06:47:56,0.00,-1.02,84.40,977.37,73
10/14/2013 06:48:26,10/14/2013,06:48:26,0.00,-1.02,84.40,977.36,73
10/14/2013 06:48:56,10/14/2013,06:48:56,0.00,-1.02,84.30,977.36,63
10/14/2013 06:49:26,10/14/2013,06:49:26,0.00,-1.02,84.30,977.36,59
10/14/2013 06:49:56,10/14/2013,06:49:56,0.00,-1.02,84.30,977.36,59
10/14/2013 06:50:26,10/14/2013,06:50:26,0.00,-1.02,84.30,977.37,59
10/14/2013 06:50:56,10/14/2013,06:50:56,0.00,-1.04,84.30,977.37,59
10/14/2013 06:51:26,10/14/2013,06:51:26,0.00,-1.10,84.30,977.36,59
10/14/2013 06:51:56,10/14/2013,06:51:56,0.00,-1.10,84.30,977.38,59
10/14/2013 06:52:26,10/14/2013,06:52:26,0.00,-1.10,84.19,977.38,59
10/14/2013 06:52:56,10/14/2013,06:52:56,0.00,-1.10,84.30,977.38,60
10/14/2013 06:53:26,10/14/2013,06:53:26,0.00,-1.10,84.19,977.39,60
10/14/2013 06:53:56,10/14/2013,06:53:56,0.00,-1.10,84.19,977.41,62
10/14/2013 06:54:26,10/14/2013,06:54:26,0.00,-1.10,84.19,977.41,62
10/14/2013 06:54:56,10/14/2013,06:54:56,0.00,-1.10,84.19,977.41,62
10/14/2013 06:55:26,10/14/2013,06:55:26,0.00,-1.10,84.19,977.42,77
10/14/2013 06:55:56,10/14/2013,06:55:56,0.00,-1.10,84.19,977.43,118
10/14/2013 06:56:26,10/14/2013,06:56:26,0.00,-1.10,84.19,977.44,119
10/14/2013 06:56:56,10/14/2013,06:56:56,0.00,-1.10,84.19,977.44,120
10/14/2013 06:57:26,10/14/2013,06:57:26,0.00,-1.10,84.19,977.44,118
10/14/2013 06:57:56,10/14/2013,06:57:56,0.00,-1.02,84.30,977.44,105
10/14/2013 06:58:26,10/14/2013,06:58:26,0.00,-1.02,84.30,977.43,97
10/14/2013 06:58:56,10/14/2013,06:58:56,0.00,-1.02,84.30,977.42,97
10/14/2013 06:59:26,10/14/2013,06:59:26,0.00,-1.02,84.30,977.42,97
10/14/2013 06:59:56,10/14/2013,06:59:56,0.00,-1.02,84.30,977.41,96
10/14/2013 07:00:26,10/14/2013,07:00:26,0.00,-1.02,84.30,977.42,98
10/14/2013 07:00:56,10/14/2013,07:00:56,0.00,-1.02,84.30,977.41,98
10/14/2013 07:01:26,10/14/2013,07:01:26,0.00,-1.02,84.30,977.41,98
10/14/2013 07:01:56,10/14/2013,07:01:56,0.00,-1.02,84.30,977.43,98
10/14/2013 07:02:26,10/14/2013,07:02:26,0.00,-1.02,84.30,977.43,98
10/14/2013 07:02:56,10/14/2013,07:02:56,0.00,-0.97,84.30,977.42,98
10/14/2013 07:03:26,10/14/2013,07:03:26,0.00,-0.97,84.30,977.44,96
10/14/2013 07:03:56,10/14/2013,07:03:56,0.00,-1.02,84.30,977.48,97
10/14/2013 07:04:26,10/14/2013,07:04:26,0.00,-0.97,84.30,977.49,97
10/14/2013 07:04:56,10/14/2013,07:04:56,0.00,-0.94,84.30,977.50,98
10/14/2013 07:05:26,10/14/2013,07:05:26,0.00,-0.97,84.30,977.51,100
10/14/2013 07:05:56,10/14/2013,07:05:56,0.00,-0.94,84.30,977.52,100
10/14/2013 07:06:26,10/14/2013,07:06:26,0.00,-0.97,84.30,977.52,100
10/14/2013 07:06:56,10/14/2013,07:06:56,0.00,-1.02,84.30,977.51,100
10/14/2013 07:07:26,10/14/2013,07:07:26,0.00,-1.02,84.30,977.50,100
10/14/2013 07:07:56,10/14/2013,07:07:56,0.00,-1.02,84.30,977.48,100
10/14/2013 07:08:26,10/14/2013,07:08:26,0.00,-1.02,84.19,977.45,100
10/14/2013 07:08:56,10/14/2013,07:08:56,0.00,-1.02,84.30,977.48,100
10/14/2013 07:09:26,10/14/2013,07:09:26,0.00,-1.02,84.30,977.49,100
10/14/2013 07:09:56,10/14/2013,07:09:56,0.00,-1.02,84.19,977.49,100
10/14/2013 07:10:26,10/14/2013,07:10:26,0.00,-1.02,84.19,977.49,100
10/14/2013 07:10:56,10/14/2013,07:10:56,0.00,-1.02,84.19,977.52,100
10/14/2013 07:11:26,10/14/2013,07:11:26,0.00,-1.02,84.30,977.53,100
10/14/2013 07:11:56,10/14/2013,07:11:56,0.00,-1.02,84.19,977.56,95
10/14/2013 07:12:26,10/14/2013,07:12:26,0.00,-1.10,84.19,977.56,353
10/14/2013 07:12:56,10/14/2013,07:12:56,0.00,-1.10,84.19,977.56,354
10/14/2013 07:13:26,10/14/2013,07:13:26,0.00,-1.10,84.19,977.57,354
10/14/2013 07:13:56,10/14/2013,07:13:56,0.00,-1.10,84.19,977.56,355
10/14/2013 07:14:26,10/14/2013,07:14:26,0.00,-1.10,84.09,977.53,86
10/14/2013 07:14:56,10/14/2013,07:14:56,0.00,-1.10,84.19,977.56,114
10/14/2013 07:15:26,10/14/2013,07:15:26,0.00,-1.04,84.19,977.55,113
10/14/2013 07:15:56,10/14/2013,07:15:56,0.00,-1.02,84.19,977.55,114
10/14/2013 07:16:26,10/14/2013,07:16:26,0.00,-1.02,84.19,977.53,112
10/14/2013 07:16:56,10/14/2013,07:16:56,0.00,-0.97,84.30,977.56,115
10/14/2013 07:17:26,10/14/2013,07:17:26,0.00,-0.94,84.30,977.58,115
10/14/2013 07:17:56,10/14/2013,07:17:56,0.00,-1.02,84.19,977.59,177
10/14/2013 07:18:26,10/14/2013,07:18:26,0.00,-1.02,84.19,977.59,182
10/14/2013 07:18:56,10/14/2013,07:18:56,0.00,-1.04,84.09,977.62,182
10/14/2013 07:19:26,10/14/2013,07:19:26,0.00,-1.10,84.09,977.62,182
10/14/2013 07:19:56,10/14/2013,07:19:56,0.00,-1.10,84.09,977.63,182
10/14/2013 07:20:26,10/14/2013,07:20:26,0.00,-1.10,84.09,977.62,182
10/14/2013 07:20:56,10/14/2013,07:20:56,0.00,-1.10,84.09,977.63,182
10/14/2013 07:21:26,10/14/2013,07:21:26,0.00,-1.10,84.09,977.60,182
10/14/2013 07:21:56,10/14/2013,07:21:56,0.00,-1.10,84.09,977.60,182
10/14/2013 07:22:26,10/14/2013,07:22:26,0.00,-1.10,84.09,977.59,152
10/14/2013 07:22:56,10/14/2013,07:22:56,0.00,-1.10,84.09,977.57,97
10/14/2013 07:23:26,10/14/2013,07:23:26,0.00,-1.04,84.09,977.60,98
10/14/2013 07:23:56,10/14/2013,07:23:56,0.00,-1.02,84.19,977.60,97
10/14/2013 07:24:26,10/14/2013,07:24:26,0.00,-1.04,84.19,977.58,97
10/14/2013 07:24:56,10/14/2013,07:24:56,0.00,-1.04,84.19,977.60,97
10/14/2013 07:25:26,10/14/2013,07:25:26,0.00,-1.10,84.09,977.62,96
10/14/2013 07:25:56,10/14/2013,07:25:56,0.00,-1.10,84.09,977.64,96
10/14/2013 07:26:26,10/14/2013,07:26:26,0.00,-1.10,84.09,977.63,97
10/14/2013 07:26:56,10/14/2013,07:26:56,0.00,-1.04,84.19,977.66,98
10/14/2013 07:27:26,10/14/2013,07:27:26,0.00,-1.10,84.19,977.67,98
10/14/2013 07:27:56,10/14/2013,07:27:56,0.00,-1.10,84.19,977.67,98
10/14/2013 07:28:26,10/14/2013,07:28:26,0.00,-1.10,84.19,977.69,98
10/14/2013 07:28:56,10/14/2013,07:28:56,0.00,-1.02,84.19,977.66,98
10/14/2013 07:29:26,10/14/2013,07:29:26,0.00,-1.02,84.19,977.65,98
10/14/2013 07:29:56,10/14/2013,07:29:56,0.00,-1.02,84.19,977.65,98
10/14/2013 07:30:26,10/14/2013,07:30:26,0.00,-1.02,84.19,977.62,96
10/14/2013 07:30:56,10/14/2013,07:30:56,0.00,-1.02,84.19,977.59,96
10/14/2013 07:31:26,10/14/2013,07:31:26,0.00,-1.02,84.19,977.60,83
10/14/2013 07:31:56,10/14/2013,07:31:56,0.00,-1.02,84.19,977.59,42
10/14/2013 07:32:26,10/14/2013,07:32:26,0.00,-1.04,84.09,977.60,43
10/14/2013 07:32:56,10/14/2013,07:32:56,0.00,-1.02,84.19,977.60,44
10/14/2013 07:33:26,10/14/2013,07:33:26,0.00,-1.02,84.19,977.60,44
10/14/2013 07:33:56,10/14/2013,07:33:56,0.00,-1.02,84.19,977.60,27
10/14/2013 07:34:26,10/14/2013,07:34:26,0.00,-1.02,84.09,977.63,27
10/14/2013 07:34:56,10/14/2013,07:34:56,0.00,-1.02,84.09,977.65,27
10/14/2013 07:35:26,10/14/2013,07:35:26,0.00,-1.02,84.09,977.66,194
10/14/2013 07:35:56,10/14/2013,07:35:56,0.00,-1.02,84.09,977.66,188
10/14/2013 07:36:26,10/14/2013,07:36:26,0.00,-1.04,84.09,977.69,188
10/14/2013 07:36:56,10/14/2013,07:36:56,0.00,-1.02,84.09,977.70,187
10/14/2013 07:37:26,10/14/2013,07:37:26,0.00,-1.02,84.09,977.69,182
10/14/2013 07:37:56,10/14/2013,07:37:56,0.00,-1.02,84.09,977.70,182
10/14/2013 07:38:26,10/14/2013,07:38:26,0.00,-1.02,84.09,977.72,182
10/14/2013 07:38:56,10/14/2013,07:38:56,0.00,-1.04,84.09,977.73,182
10/14/2013 07:39:26,10/14/2013,07:39:26,0.00,-1.02,84.09,977.72,182
10/14/2013 07:39:56,10/14/2013,07:39:56,0.00,-1.02,84.09,977.73,182
10/14/2013 07:40:26,10/14/2013,07:40:26,0.00,-1.02,84.09,977.72,201
10/14/2013 07:40:56,10/14/2013,07:40:56,0.00,-1.02,84.09,977.72,336
10/14/2013 07:41:26,10/14/2013,07:41:26,0.00,-1.02,84.09,977.72,336
10/14/2013 07:41:56,10/14/2013,07:41:56,0.00,-1.02,84.09,977.71,336
10/14/2013 07:42:26,10/14/2013,07:42:26,0.00,-1.02,84.09,977.69,336
10/14/2013 07:42:56,10/14/2013,07:42:56,0.00,-1.02,84.00,977.69,337
10/14/2013 07:43:26,10/14/2013,07:43:26,0.00,-1.02,84.00,977.67,336
10/14/2013 07:43:56,10/14/2013,07:43:56,0.00,-1.04,84.00,977.66,336
10/14/2013 07:44:26,10/14/2013,07:44:26,0.00,-1.02,84.00,977.65,336
10/14/2013 07:44:56,10/14/2013,07:44:56,0.00,-1.02,84.00,977.64,336
10/14/2013 07:45:26,10/14/2013,07:45:26,0.00,-1.02,84.00,977.63,336
10/14/2013 07:45:56,10/14/2013,07:45:56,0.00,-1.02,84.00,977.64,335
10/14/2013 07:46:26,10/14/2013,07:46:26,0.00,-1.02,84.00,977.63,335
10/14/2013 07:46:56,10/14/2013,07:46:56,0.00,-1.02,84.00,977.63,336
10/14/2013 07:47:26,10/14/2013,07:47:26,0.00,-1.02,84.00,977.64,336
10/14/2013 07:47:56,10/14/2013,07:47:56,0.00,-0.97,84.09,977.65,336
10/14/2013 07:48:26,10/14/2013,07:48:26,0.00,-0.94,84.09,977.66,335
10/14/2013 07:48:56,10/14/2013,07:48:56,0.00,-0.94,84.09,977.66,336
10/14/2013 07:49:26,10/14/2013,07:49:26,0.00,-0.89,84.09,977.67,336
10/14/2013 07:49:56,10/14/2013,07:49:56,0.00,-0.89,84.09,977.69,336
10/14/2013 07:50:26,10/14/2013,07:50:26,0.00,-0.89,84.09,977.69,336
10/14/2013 07:50:56,10/14/2013,07:50:56,0.00,-0.94,84.09,977.70,335
10/14/2013 07:51:26,10/14/2013,07:51:26,0.00,-0.94,84.09,977.72,333
10/14/2013 07:51:56,10/14/2013,07:51:56,0.00,-0.94,84.09,977.74,332
10/14/2013 07:52:26,10/14/2013,07:52:26,0.00,-0.97,84.09,977.76,333
10/14/2013 07:52:56,10/14/2013,07:52:56,0.00,-1.02,84.00,977.77,331
10/14/2013 07:53:26,10/14/2013,07:53:26,0.00,-1.02,84.00,977.79,329
10/14/2013 07:53:56,10/14/2013,07:53:56,0.00,-1.02,84.00,977.80,319
10/14/2013 07:54:26,10/14/2013,07:54:26,0.00,-1.02,84.00,977.81,319
10/14/2013 07:54:56,10/14/2013,07:54:56,0.00,-0.94,84.00,977.81,319
10/14/2013 07:55:26,10/14/2013,07:55:26,0.00,-0.97,84.00,977.81,319
10/14/2013 07:55:56,10/14/2013,07:55:56,0.00,-0.94,84.00,977.80,319
10/14/2013 07:56:26,10/14/2013,07:56:26,0.00,-0.94,84.00,977.80,319
10/14/2013 07:56:56,10/14/2013,07:56:56,0.00,-0.94,84.00,977.81,319
10/14/2013 07:57:26,10/14/2013,07:57:26,0.00,-0.89,84.00,977.83,319
10/14/2013 07:57:56,10/14/2013,07:57:56,0.00,-0.89,84.00,977.81,319
10/14/2013 07:58:26,10/14/2013,07:58:26,0.00,-0.85,84.09,977.81,321
10/14/2013 07:58:56,10/14/2013,07:58:56,0.00,-0.85,84.09,977.83,321
10/14/2013 07:59:26,10/14/2013,07:59:26,0.00,-0.85,84.09,977.84,322
10/14/2013 07:59:56,10/14/2013,07:59:56,0.00,-0.77,84.09,977.84,322
10/14/2013 08:00:26,10/14/2013,08:00:26,0.00,-0.77,84.09,977.85,321
10/14/2013 08:00:56,10/14/2013,08:00:56,0.00,-0.77,84.09,977.85,321
10/14/2013 08:01:26,10/14/2013,08:01:26,0.00,-0.69,84.19,977.85,321
10/14/2013 08:01:56,10/14/2013,08:01:56,0.00,-0.69,84.19,977.85,321
10/14/2013 08:02:26,10/14/2013,08:02:26,0.00,-0.69,84.30,977.85,321
10/14/2013 08:02:56,10/14/2013,08:02:56,0.00,-0.67,84.30,977.84,280
10/14/2013 08:03:26,10/14/2013,08:03:26,0.00,-0.62,84.30,977.88,213
10/14/2013 08:03:56,10/14/2013,08:03:56,0.00,-0.62,84.30,977.88,198
10/14/2013 08:04:26,10/14/2013,08:04:26,0.00,-0.55,84.40,977.90,199
10/14/2013 08:04:56,10/14/2013,08:04:56,0.00,-0.55,84.40,977.90,199
10/14/2013 08:05:26,10/14/2013,08:05:26,0.00,-0.55,84.40,977.91,199
10/14/2013 08:05:56,10/14/2013,08:05:56,0.00,-0.55,84.50,977.90,199
10/14/2013 08:06:26,10/14/2013,08:06:26,0.00,-0.55,84.50,977.94,199
10/14/2013 08:06:56,10/14/2013,08:06:56,0.00,-0.55,84.50,977.91,198
10/14/2013 08:07:26,10/14/2013,08:07:26,0.00,-0.55,84.50,977.91,198
10/14/2013 08:07:56,10/14/2013,08:07:56,0.00,-0.55,84.50,977.91,180
10/14/2013 08:08:26,10/14/2013,08:08:26,0.00,-0.55,84.50,977.90,177
10/14/2013 08:08:56,10/14/2013,08:08:56,0.00,-0.55,84.50,977.88,174
10/14/2013 08:09:26,10/14/2013,08:09:26,0.00,-0.55,84.50,977.91,174
10/14/2013 08:09:56,10/14/2013,08:09:56,0.00,-0.50,84.50,977.91,174
10/14/2013 08:10:26,10/14/2013,08:10:26,0.00,-0.50,84.50,977.91,174
10/14/2013 08:10:56,10/14/2013,08:10:56,0.00,-0.47,84.59,977.92,175
10/14/2013 08:11:26,10/14/2013,08:11:26,0.00,-0.47,84.59,977.90,178
10/14/2013 08:11:56,10/14/2013,08:11:56,0.00,-0.42,84.59,977.87,232
10/14/2013 08:12:26,10/14/2013,08:12:26,0.00,-0.42,84.59,977.88,231
10/14/2013 08:12:56,10/14/2013,08:12:56,0.00,-0.37,84.59,977.87,231
10/14/2013 08:13:26,10/14/2013,08:13:26,0.00,-0.37,84.69,977.86,231
10/14/2013 08:13:56,10/14/2013,08:13:56,0.00,-0.34,84.69,977.85,231
10/14/2013 08:14:26,10/14/2013,08:14:26,0.00,-0.30,84.69,977.84,232
10/14/2013 08:14:56,10/14/2013,08:14:56,0.00,-0.30,84.69,977.84,232
10/14/2013 08:15:26,10/14/2013,08:15:26,0.00,-0.30,84.69,977.84,231
10/14/2013 08:15:56,10/14/2013,08:15:56,0.00,-0.22,84.80,977.85,231
10/14/2013 08:16:26,10/14/2013,08:16:26,0.00,-0.22,84.80,977.85,232
10/14/2013 08:16:56,10/14/2013,08:16:56,0.00,-0.22,84.80,977.85,232
10/14/2013 08:17:26,10/14/2013,08:17:26,0.00,-0.17,84.80,977.85,231
10/14/2013 08:17:56,10/14/2013,08:17:56,0.00,-0.15,84.80,977.86,232
10/14/2013 08:18:26,10/14/2013,08:18:26,0.00,-0.15,84.90,977.87,231
10/14/2013 08:18:56,10/14/2013,08:18:56,0.00,-0.15,84.80,977.87,231
10/14/2013 08:19:26,10/14/2013,08:19:26,0.00,-0.07,84.90,977.86,231
10/14/2013 08:19:56,10/14/2013,08:19:56,0.00,-0.07,84.90,977.84,230
10/14/2013 08:20:26,10/14/2013,08:20:26,0.00,-0.07,84.90,977.81,230
10/14/2013 08:20:56,10/14/2013,08:20:56,0.00,-0.02,84.90,977.84,230
10/14/2013 08:21:26,10/14/2013,08:21:26,0.00,0,84.90,977.85,230
10/14/2013 08:21:56,10/14/2013,08:21:56,0.00,0,84.90,977.83,228
10/14/2013 08:22:26,10/14/2013,08:22:26,0.00,0,85.00,977.83,227
10/14/2013 08:22:56,10/14/2013,08:22:56,0.00,0,84.90,977.84,227
10/14/2013 08:23:26,10/14/2013,08:23:26,0.00,0.10,84.90,977.80,227
10/14/2013 08:23:56,10/14/2013,08:23:56,0.00,0.10,84.90,977.83,228
10/14/2013 08:24:26,10/14/2013,08:24:26,0.00,0.10,84.90,977.81,227
10/14/2013 08:24:56,10/14/2013,08:24:56,0.00,0.12,84.90,977.78,227
10/14/2013 08:25:26,10/14/2013,08:25:26,0.00,0.17,85.00,977.80,227
10/14/2013 08:25:56,10/14/2013,08:25:56,0.00,0.17,85.00,977.77,227
10/14/2013 08:26:26,10/14/2013,08:26:26,0.00,0.17,85.00,977.76,228
10/14/2013 08:26:56,10/14/2013,08:26:56,0.00,0.20,85.00,977.74,227
10/14/2013 08:27:26,10/14/2013,08:27:26,0.00,0.17,85.00,977.74,213
10/14/2013 08:27:56,10/14/2013,08:27:56,0.00,0.25,85.00,977.74,210
10/14/2013 08:28:26,10/14/2013,08:28:26,0.00,0.25,85.00,977.76,180
10/14/2013 08:28:56,10/14/2013,08:28:56,0.00,0.25,85.00,977.74,180
10/14/2013 08:29:26,10/14/2013,08:29:26,0.00,0.25,85.00,977.74,178
10/14/2013 08:29:56,10/14/2013,08:29:56,0.00,0.25,85.00,977.77,161
10/14/2013 08:30:26,10/14/2013,08:30:26,0.00,0.32,85.00,977.77,160
10/14/2013 08:30:56,10/14/2013,08:30:56,0.00,0.32,85.00,977.78,160
10/14/2013 08:31:26,10/14/2013,08:31:26,0.00,0.40,85.09,977.78,160
10/14/2013 08:31:56,10/14/2013,08:31:56,0.00,0.40,85.09,977.78,160
10/14/2013 08:32:26,10/14/2013,08:32:26,0.00,0.50,85.09,977.76,160
10/14/2013 08:32:56,10/14/2013,08:32:56,0.00,0.50,85.00,977.74,160
10/14/2013 08:33:26,10/14/2013,08:33:26,0.00,0.57,85.00,977.74,160
10/14/2013 08:33:56,10/14/2013,08:33:56,0.00,0.57,84.80,977.74,160
10/14/2013 08:34:26,10/14/2013,08:34:26,0.00,0.57,84.90,977.72,1
10/14/2013 08:34:56,10/14/2013,08:34:56,0.00,0.50,84.90,977.72,0
10/14/2013 08:35:26,10/14/2013,08:35:26,0.00,0.50,84.90,977.66,0
10/14/2013 08:35:56,10/14/2013,08:35:56,0.00,0.52,84.90,977.66,0
10/14/2013 08:36:26,10/14/2013,08:36:26,0.00,0.52,84.90,977.65,0
10/14/2013 08:36:56,10/14/2013,08:36:56,0.00,0.60,84.90,977.63,0
10/14/2013 08:37:26,10/14/2013,08:37:26,0.00,0.60,85.00,977.62,92
10/14/2013 08:37:56,10/14/2013,08:37:56,0.00,0.64,85.00,977.60,93
10/14/2013 08:38:26,10/14/2013,08:38:26,0.00,0.67,85.00,977.59,90
10/14/2013 08:38:56,10/14/2013,08:38:56,0.00,0.72,85.00,977.58,90
10/14/2013 08:39:26,10/14/2013,08:39:26,0.00,0.72,85.00,977.58,90
10/14/2013 08:39:56,10/14/2013,08:39:56,0.00,0.72,85.00,977.59,90
10/14/2013 08:40:26,10/14/2013,08:40:26,0.00,0.77,85.00,977.58,90
10/14/2013 08:40:56,10/14/2013,08:40:56,0.00,0.80,85.00,977.59,90
10/14/2013 08:41:26,10/14/2013,08:41:26,0.00,0.80,85.00,977.57,91
10/14/2013 08:41:56,10/14/2013,08:41:56,0.00,0.85,84.90,977.59,91
10/14/2013 08:42:26,10/14/2013,08:42:26,0.00,0.87,84.90,977.59,90
10/14/2013 08:42:56,10/14/2013,08:42:56,0.00,0.87,84.90,977.58,90
10/14/2013 08:43:26,10/14/2013,08:43:26,0.00,0.97,84.90,977.57,91
10/14/2013 08:43:56,10/14/2013,08:43:56,0.00,1.04,84.90,977.59,91
10/14/2013 08:44:26,10/14/2013,08:44:26,0.00,1.04,84.90,977.59,91
10/14/2013 08:44:56,10/14/2013,08:44:56,0.00,1.12,85.00,977.59,91
10/14/2013 08:45:26,10/14/2013,08:45:26,0.00,1.20,85.00,977.60,90
10/14/2013 08:45:56,10/14/2013,08:45:56,0.00,1.25,85.00,977.63,91
10/14/2013 08:46:26,10/14/2013,08:46:26,0.00,1.27,85.00,977.63,84
10/14/2013 08:46:56,10/14/2013,08:46:56,0.00,1.35,84.90,977.65,65
10/14/2013 08:47:26,10/14/2013,08:47:26,0.00,1.35,84.90,977.65,36
10/14/2013 08:47:56,10/14/2013,08:47:56,0.00,1.39,84.90,977.64,36
10/14/2013 08:48:26,10/14/2013,08:48:26,0.00,1.45,85.00,977.63,36
10/14/2013 08:48:56,10/14/2013,08:48:56,0.00,1.45,84.90,977.63,36
10/14/2013 08:49:26,10/14/2013,08:49:26,0.00,1.52,84.90,977.62,36
10/14/2013 08:49:56,10/14/2013,08:49:56,0.00,1.52,84.90,977.64,36
10/14/2013 08:50:26,10/14/2013,08:50:26,0.00,1.60,84.90,977.64,36
10/14/2013 08:50:56,10/14/2013,08:50:56,0.00,1.64,84.90,977.60,36
10/14/2013 08:51:26,10/14/2013,08:51:26,0.00,1.67,84.90,977.60,36
10/14/2013 08:51:56,10/14/2013,08:51:56,0.00,1.72,84.80,977.58,36
10/14/2013 08:52:26,10/14/2013,08:52:26,0.00,1.75,84.90,977.58,36
10/14/2013 08:52:56,10/14/2013,08:52:56,0.00,1.75,84.80,977.58,188
10/14/2013 08:53:26,10/14/2013,08:53:26,0.00,1.82,84.69,977.55,188
10/14/2013 08:53:56,10/14/2013,08:53:56,0.00,1.95,84.69,977.55,164
10/14/2013 08:54:26,10/14/2013,08:54:26,0.00,2.07,84.80,977.52,159
10/14/2013 08:54:56,10/14/2013,08:54:56,0.00,2.15,84.80,977.51,160
10/14/2013 08:55:26,10/14/2013,08:55:26,0.00,2.20,84.80,977.48,157
10/14/2013 08:55:56,10/14/2013,08:55:56,0.00,2.22,84.80,977.42,157
10/14/2013 08:56:26,10/14/2013,08:56:26,0.00,2.22,84.80,977.43,157
10/14/2013 08:56:56,10/14/2013,08:56:56,0.00,2.22,84.69,977.42,153
10/14/2013 08:57:26,10/14/2013,08:57:26,0.00,2.27,84.59,977.41,149
10/14/2013 08:57:56,10/14/2013,08:57:56,0.00,2.32,84.59,977.39,149
10/14/2013 08:58:26,10/14/2013,08:58:26,0.00,2.32,84.59,977.41,149
10/14/2013 08:58:56,10/14/2013,08:58:56,0.00,2.40,84.50,977.43,150
10/14/2013 08:59:26,10/14/2013,08:59:26,0.00,2.47,84.50,977.43,150
10/14/2013 08:59:56,10/14/2013,08:59:56,0.00,2.47,84.50,977.41,153
10/14/2013 09:00:26,10/14/2013,09:00:26,0.00,2.47,84.40,977.41,153
10/14/2013 09:00:56,10/14/2013,09:00:56,0.00,2.54,84.30,977.37,154
10/14/2013 09:01:26,10/14/2013,09:01:26,0.00,2.70,84.30,977.36,154
10/14/2013 09:01:56,10/14/2013,09:01:56,0.00,2.62,84.30,977.37,154
10/14/2013 09:02:26,10/14/2013,09:02:26,0.00,2.79,84.09,977.35,152
10/14/2013 09:02:56,10/14/2013,09:02:56,0.00,2.90,84.19,977.32,133
10/14/2013 09:03:26,10/14/2013,09:03:26,0.00,3.02,84.30,977.31,139
10/14/2013 09:03:56,10/14/2013,09:03:56,0.00,3.09,84.30,977.32,140
10/14/2013 09:04:26,10/14/2013,09:04:26,0.00,3.17,84.19,977.31,139
10/14/2013 09:04:56,10/14/2013,09:04:56,0.00,3.27,84.00,977.32,140
10/14/2013 09:05:26,10/14/2013,09:05:26,0.00,3.29,84.00,977.31,135
10/14/2013 09:05:56,10/14/2013,09:05:56,0.00,3.27,83.90,977.32,118
10/14/2013 09:06:26,10/14/2013,09:06:26,0.00,3.09,83.69,977.32,106
10/14/2013 09:06:56,10/14/2013,09:06:56,0.00,3.09,83.50,977.30,105
10/14/2013 09:07:26,10/14/2013,09:07:26,0.00,3.09,83.40,977.30,105
10/14/2013 09:07:56,10/14/2013,09:07:56,0.00,3.09,83.30,977.31,120
10/14/2013 09:08:26,10/14/2013,09:08:26,0.00,3.09,83.09,977.31,118
10/14/2013 09:08:56,10/14/2013,09:08:56,0.00,3.09,83.00,977.32,118
10/14/2013 09:09:26,10/14/2013,09:09:26,0.00,3.09,82.90,977.35,118
10/14/2013 09:09:56,10/14/2013,09:09:56,0.00,3.15,82.69,977.35,120
10/14/2013 09:10:26,10/14/2013,09:10:26,0.00,3.17,82.59,977.37,122
10/14/2013 09:10:56,10/14/2013,09:10:56,0.00,3.27,82.50,977.36,122
10/14/2013 09:11:26,10/14/2013,09:11:26,0.00,3.27,82.40,977.38,121
10/14/2013 09:11:56,10/14/2013,09:11:56,0.00,3.34,82.40,977.39,121
10/14/2013 09:12:26,10/14/2013,09:12:26,0.00,3.34,82.30,977.39,118
10/14/2013 09:12:56,10/14/2013,09:12:56,0.00,3.42,82.30,977.41,119
10/14/2013 09:13:26,10/14/2013,09:13:26,0.00,3.42,82.00,977.41,118
10/14/2013 09:13:56,10/14/2013,09:13:56,0.00,3.34,81.50,977.43,118
10/14/2013 09:14:26,10/14/2013,09:14:26,0.00,3.27,81.59,977.42,26
10/14/2013 09:14:56,10/14/2013,09:14:56,0.00,3.17,81.50,977.43,26
10/14/2013 09:15:26,10/14/2013,09:15:26,0.00,3.17,81.30,977.42,26
10/14/2013 09:15:56,10/14/2013,09:15:56,0.00,3.17,81.09,977.42,26
10/14/2013 09:16:26,10/14/2013,09:16:26,0.00,3.17,80.90,977.41,26
10/14/2013 09:16:56,10/14/2013,09:16:56,0.00,3.17,80.80,977.42,26
10/14/2013 09:17:26,10/14/2013,09:17:26,0.00,3.17,80.80,977.43,26
10/14/2013 09:17:56,10/14/2013,09:17:56,0.00,3.17,80.69,977.43,26
10/14/2013 09:18:26,10/14/2013,09:18:26,0.00,3.17,80.59,977.44,26
10/14/2013 09:18:56,10/14/2013,09:18:56,0.00,3.27,80.59,977.45,26
10/14/2013 09:19:26,10/14/2013,09:19:26,0.00,3.17,80.50,977.45,85
10/14/2013 09:19:56,10/14/2013,09:19:56,0.00,3.17,80.30,977.45,80
10/14/2013 09:20:26,10/14/2013,09:20:26,0.00,3.22,80.19,977.45,81
10/14/2013 09:20:56,10/14/2013,09:20:56,0.00,3.27,79.90,977.44,81
10/14/2013 09:21:26,10/14/2013,09:21:26,0.00,3.27,79.69,977.43,80
10/14/2013 09:21:56,10/14/2013,09:21:56,0.00,3.27,79.59,977.42,80
10/14/2013 09:22:26,10/14/2013,09:22:26,0.00,3.27,79.19,977.44,81
10/14/2013 09:22:56,10/14/2013,09:22:56,0.00,3.27,79.00,977.44,80
10/14/2013 09:23:26,10/14/2013,09:23:26,0.00,3.34,78.80,977.43,82
10/14/2013 09:23:56,10/14/2013,09:23:56,0.00,3.34,78.59,977.44,80
10/14/2013 09:24:26,10/14/2013,09:24:26,0.00,3.34,78.59,977.48,81
10/14/2013 09:24:56,10/14/2013,09:24:56,0.00,3.37,78.59,977.51,81
10/14/2013 09:25:26,10/14/2013,09:25:26,0.00,3.37,78.59,977.53,81
10/14/2013 09:25:56,10/14/2013,09:25:56,0.00,3.42,78.59,977.53,81
10/14/2013 09:26:26,10/14/2013,09:26:26,0.00,3.42,78.59,977.56,81
10/14/2013 09:26:56,10/14/2013,09:26:56,0.00,3.42,78.59,977.55,81
10/14/2013 09:27:26,10/14/2013,09:27:26,0.00,3.47,78.59,977.55,81
10/14/2013 09:27:56,10/14/2013,09:27:56,0.00,3.50,78.59,977.55,81
10/14/2013 09:28:26,10/14/2013,09:28:26,0.00,3.50,78.59,977.51,102
10/14/2013 09:28:56,10/14/2013,09:28:56,0.00,3.54,78.69,977.50,106
10/14/2013 09:29:26,10/14/2013,09:29:26,0.00,3.57,78.59,977.50,107
10/14/2013 09:29:56,10/14/2013,09:29:56,0.00,3.62,78.59,977.49,107
10/14/2013 09:30:26,10/14/2013,09:30:26,0.00,3.65,78.59,977.49,108
10/14/2013 09:30:56,10/14/2013,09:30:56,0.00,3.65,78.50,977.46,111
10/14/2013 09:31:26,10/14/2013,09:31:26,0.00,3.62,78.40,977.46,108
10/14/2013 09:31:56,10/14/2013,09:31:56,0.00,3.54,78.09,977.48,105
10/14/2013 09:32:26,10/14/2013,09:32:26,0.00,3.57,77.50,977.46,96
10/14/2013 09:32:56,10/14/2013,09:32:56,0.00,3.54,76.69,977.48,95
10/14/2013 09:33:26,10/14/2013,09:33:26,0.00,3.54,75.90,977.45,96
10/14/2013 09:33:56,10/14/2013,09:33:56,0.00,3.57,75.40,977.45,100
10/14/2013 09:34:26,10/14/2013,09:34:26,0.00,3.57,75.19,977.43,107
10/14/2013 09:34:56,10/14/2013,09:34:56,0.00,3.70,75.19,977.45,116
10/14/2013 09:35:26,10/14/2013,09:35:26,0.00,3.82,75.19,977.44,116
10/14/2013 09:35:56,10/14/2013,09:35:56,0.00,4.02,75.09,977.43,117
10/14/2013 09:36:26,10/14/2013,09:36:26,0.00,4.30,75.19,977.44,123
10/14/2013 09:36:56,10/14/2013,09:36:56,0.00,4.59,75.19,977.42,123
10/14/2013 09:37:26,10/14/2013,09:37:26,0.00,5.00,75.40,977.41,122
10/14/2013 09:37:56,10/14/2013,09:37:56,0.00,5.17,74.90,977.41,330
10/14/2013 09:38:26,10/14/2013,09:38:26,0.00,5.25,72.19,977.38,332
10/14/2013 09:38:56,10/14/2013,09:38:56,0.00,5.17,69.59,977.38,332
10/14/2013 09:39:26,10/14/2013,09:39:26,0.00,5.17,67.90,977.36,332
10/14/2013 09:39:56,10/14/2013,09:39:56,0.00,5.32,67.30,977.36,333
10/14/2013 09:40:26,10/14/2013,09:40:26,0.00,5.65,66.59,977.37,332
10/14/2013 09:40:56,10/14/2013,09:40:56,0.00,5.80,66.30,977.36,332
10/14/2013 09:41:26,10/14/2013,09:41:26,0.00,6.00,65.69,977.36,332
10/14/2013 09:41:56,10/14/2013,09:41:56,0.00,6.07,65.30,977.36,332
10/14/2013 09:42:26,10/14/2013,09:42:26,0.00,6.19,65.69,977.34,331
10/14/2013 09:42:56,10/14/2013,09:42:56,0.00,6.27,66.09,977.32,331
10/14/2013 09:43:26,10/14/2013,09:43:26,0.00,6.40,65.80,977.29,332
10/14/2013 09:43:56,10/14/2013,09:43:56,0.00,6.55,65.19,977.28,331
10/14/2013 09:44:26,10/14/2013,09:44:26,0.00,6.67,65.59,977.27,331
10/14/2013 09:44:56,10/14/2013,09:44:56,0.00,6.75,65.90,977.27,330
10/14/2013 09:45:26,10/14/2013,09:45:26,0.00,6.82,65.40,977.27,343
10/14/2013 09:45:56,10/14/2013,09:45:56,0.00,6.69,64.50,977.27,102
10/14/2013 09:46:26,10/14/2013,09:46:26,0.00,6.69,63.70,977.25,109
10/14/2013 09:46:56,10/14/2013,09:46:56,0.00,6.80,63.40,977.20,106
10/14/2013 09:47:26,10/14/2013,09:47:26,0.00,6.69,63.40,977.22,103
10/14/2013 09:47:56,10/14/2013,09:47:56,0.00,6.75,63.09,977.22,83
10/14/2013 09:48:26,10/14/2013,09:48:26,0.00,6.69,62.59,977.24,83
10/14/2013 09:48:56,10/14/2013,09:48:56,0.00,6.67,62.90,977.23,39
10/14/2013 09:49:26,10/14/2013,09:49:26,0.00,6.52,62.40,977.27,39
10/14/2013 09:49:56,10/14/2013,09:49:56,0.00,6.34,62.40,977.28,40
10/14/2013 09:50:26,10/14/2013,09:50:26,0.00,6.40,62.70,977.31,40
10/14/2013 09:50:56,10/14/2013,09:50:56,0.00,6.34,62.59,977.35,40
10/14/2013 09:51:26,10/14/2013,09:51:26,0.00,6.40,62.90,977.36,60
10/14/2013 09:51:56,10/14/2013,09:51:56,0.00,6.19,63.40,977.38,165
10/14/2013 09:52:26,10/14/2013,09:52:26,0.00,6.12,64.40,977.42,180
10/14/2013 09:52:56,10/14/2013,09:52:56,0.00,6.05,64.19,977.42,176
10/14/2013 09:53:26,10/14/2013,09:53:26,0.00,6.05,64.69,977.44,161
10/14/2013 09:53:56,10/14/2013,09:53:56,0.00,6.05,64.50,977.46,167
10/14/2013 09:54:26,10/14/2013,09:54:26,0.00,6.12,64.59,977.45,160
10/14/2013 09:54:56,10/14/2013,09:54:56,0.00,6.12,64.69,977.46,163
10/14/2013 09:55:26,10/14/2013,09:55:26,0.00,6.05,65.09,977.48,168
10/14/2013 09:55:56,10/14/2013,09:55:56,0.00,6.19,64.40,977.49,165
10/14/2013 09:56:26,10/14/2013,09:56:26,0.00,6.19,64.59,977.49,96
10/14/2013 09:56:56,10/14/2013,09:56:56,0.00,6.15,65.09,977.46,95
10/14/2013 09:57:26,10/14/2013,09:57:26,0.00,6.15,64.59,977.49,97
10/14/2013 09:57:56,10/14/2013,09:57:56,0.00,6.19,64.50,977.50,97
10/14/2013 09:58:26,10/14/2013,09:58:26,0.00,6.19,64.80,977.51,105
10/14/2013 09:58:56,10/14/2013,09:58:56,0.00,6.19,65.00,977.52,104
10/14/2013 09:59:26,10/14/2013,09:59:26,0.00,6.19,64.80,977.52,104
10/14/2013 09:59:56,10/14/2013,09:59:56,0.00,6.22,65.00,977.52,35
10/14/2013 10:00:26,10/14/2013,10:00:26,0.00,6.05,64.59,977.51,34
10/14/2013 10:00:56,10/14/2013,10:00:56,0.00,5.87,64.30,977.53,33
10/14/2013 10:01:26,10/14/2013,10:01:26,0.00,5.94,64.40,977.50,33
10/14/2013 10:01:56,10/14/2013,10:01:56,0.00,6.05,64.30,977.48,36
10/14/2013 10:02:26,10/14/2013,10:02:26,0.00,6.07,64.80,977.49,36
10/14/2013 10:02:56,10/14/2013,10:02:56,0.00,6.19,64.69,977.45,36
10/14/2013 10:03:26,10/14/2013,10:03:26,0.00,6.32,64.59,977.46,36
10/14/2013 10:03:56,10/14/2013,10:03:56,0.00,6.34,63.90,977.46,35
10/14/2013 10:04:26,10/14/2013,10:04:26,0.00,6.47,63.40,977.44,29
10/14/2013 10:04:56,10/14/2013,10:04:56,0.00,6.75,63.20,977.42,29
10/14/2013 10:05:26,10/14/2013,10:05:26,0.00,7.07,63.00,977.44,29
10/14/2013 10:05:56,10/14/2013,10:05:56,0.00,7.30,63.29,977.42,29
10/14/2013 10:06:26,10/14/2013,10:06:26,0.00,7.42,62.00,977.41,29
10/14/2013 10:06:56,10/14/2013,10:06:56,0.00,7.55,61.20,977.38,29
10/14/2013 10:07:26,10/14/2013,10:07:26,0.00,7.77,60.90,977.36,30
10/14/2013 10:07:56,10/14/2013,10:07:56,0.00,7.92,60.79,977.36,110
10/14/2013 10:08:26,10/14/2013,10:08:26,0.00,8.17,60.90,977.35,131
10/14/2013 10:08:56,10/14/2013,10:08:56,0.00,8.39,59.90,977.30,132
10/14/2013 10:09:26,10/14/2013,10:09:26,0.00,8.44,60.00,977.29,89
10/14/2013 10:09:56,10/14/2013,10:09:56,0.00,8.39,59.70,977.31,89
10/14/2013 10:10:26,10/14/2013,10:10:26,0.00,8.50,59.70,977.31,69
10/14/2013 10:10:56,10/14/2013,10:10:56,0.00,8.50,59.29,977.31,95
10/14/2013 10:11:26,10/14/2013,10:11:26,0.00,8.50,59.90,977.31,123
10/14/2013 10:11:56,10/14/2013,10:11:56,0.00,8.50,59.40,977.35,124
10/14/2013 10:12:26,10/14/2013,10:12:26,0.00,8.52,59.59,977.35,124
10/14/2013 10:12:56,10/14/2013,10:12:56,0.00,8.39,60.20,977.36,344
10/14/2013 10:13:26,10/14/2013,10:13:26,0.00,8.25,59.29,977.35,345
10/14/2013 10:13:56,10/14/2013,10:13:56,0.00,8.02,59.29,977.36,4
10/14/2013 10:14:26,10/14/2013,10:14:26,0.00,7.69,59.90,977.36,6
10/14/2013 10:14:56,10/14/2013,10:14:56,0.00,7.77,60.40,977.35,6
10/14/2013 10:15:26,10/14/2013,10:15:26,0.00,7.84,60.59,977.36,7
10/14/2013 10:15:56,10/14/2013,10:15:56,0.00,7.77,60.40,977.36,4
10/14/2013 10:16:26,10/14/2013,10:16:26,0.00,7.90,60.50,977.36,4
10/14/2013 10:16:56,10/14/2013,10:16:56,0.00,8.10,60.50,977.37,4
10/14/2013 10:17:26,10/14/2013,10:17:26,0.00,8.22,60.59,977.39,4
10/14/2013 10:17:56,10/14/2013,10:17:56,0.00,8.37,60.79,977.39,7
10/14/2013 10:18:26,10/14/2013,10:18:26,0.00,8.50,60.70,977.38,6
10/14/2013 10:18:56,10/14/2013,10:18:56,0.00,8.64,60.70,977.37,6
10/14/2013 10:19:26,10/14/2013,10:19:26,0.00,8.64,59.90,977.36,77
10/14/2013 10:19:56,10/14/2013,10:19:56,0.00,8.69,60.09,977.34,78
10/14/2013 10:20:26,10/14/2013,10:20:26,0.00,8.77,59.70,977.29,85
10/14/2013 10:20:56,10/14/2013,10:20:56,0.00,8.80,60.00,977.27,129
10/14/2013 10:21:26,10/14/2013,10:21:26,0.00,8.85,58.90,977.23,130
10/14/2013 10:21:56,10/14/2013,10:21:56,0.00,8.97,58.40,977.20,131
10/14/2013 10:22:26,10/14/2013,10:22:26,0.00,9.05,58.59,977.17,131
10/14/2013 10:22:56,10/14/2013,10:22:56,0.00,9.12,58.50,977.16,131
10/14/2013 10:23:26,10/14/2013,10:23:26,0.00,9.19,58.20,977.16,143
10/14/2013 10:23:56,10/14/2013,10:23:56,0.00,9.44,58.50,977.14,122
10/14/2013 10:24:26,10/14/2013,10:24:26,0.00,9.52,58.09,977.14,132
10/14/2013 10:24:56,10/14/2013,10:24:56,0.00,9.60,57.79,977.13,132
10/14/2013 10:25:26,10/14/2013,10:25:26,0.00,9.67,58.20,977.13,145
10/14/2013 10:25:56,10/14/2013,10:25:56,0.00,9.67,57.20,977.15,130
10/14/2013 10:26:26,10/14/2013,10:26:26,0.00,9.82,56.70,977.14,131
10/14/2013 10:26:56,10/14/2013,10:26:56,0.00,9.82,57.09,977.15,162
10/14/2013 10:27:26,10/14/2013,10:27:26,0.00,9.82,56.59,977.16,111
10/14/2013 10:27:56,10/14/2013,10:27:56,0.00,9.75,56.59,977.14,95
10/14/2013 10:28:26,10/14/2013,10:28:26,0.00,9.67,56.79,977.15,110
10/14/2013 10:28:56,10/14/2013,10:28:56,0.00,9.44,56.79,977.20,97
10/14/2013 10:29:26,10/14/2013,10:29:26,0.00,9.12,57.59,977.18,92
10/14/2013 10:29:56,10/14/2013,10:29:56,0.00,9.07,57.79,977.22,108
10/14/2013 10:30:26,10/14/2013,10:30:26,0.00,9.35,57.90,977.23,99
10/14/2013 10:30:56,10/14/2013,10:30:56,0.00,9.12,57.90,977.23,84
10/14/2013 10:31:26,10/14/2013,10:31:26,0.00,9.05,57.59,977.24,79
10/14/2013 10:31:56,10/14/2013,10:31:56,0.00,9.25,58.00,977.24,99
10/14/2013 10:32:26,10/14/2013,10:32:26,0.00,9.25,57.29,977.25,86
10/14/2013 10:32:56,10/14/2013,10:32:56,0.00,9.55,56.59,977.24,87
10/14/2013 10:33:26,10/14/2013,10:33:26,0.00,9.64,56.70,977.25,86
10/14/2013 10:33:56,10/14/2013,10:33:56,0.00,9.67,57.00,977.22,86
10/14/2013 10:34:26,10/14/2013,10:34:26,0.00,9.75,56.79,977.22,83
10/14/2013 10:34:56,10/14/2013,10:34:56,0.00,9.87,56.59,977.22,79
10/14/2013 10:35:26,10/14/2013,10:35:26,0.00,9.92,56.09,977.21,78
10/14/2013 10:35:56,10/14/2013,10:35:56,0.00,9.92,55.50,977.20,95
10/14/2013 10:36:26,10/14/2013,10:36:26,0.00,10.07,55.50,977.16,125
10/14/2013 10:36:56,10/14/2013,10:36:56,0.00,10.42,55.90,977.09,125
10/14/2013 10:37:26,10/14/2013,10:37:26,0.00,10.82,55.40,977.07,129
10/14/2013 10:37:56,10/14/2013,10:37:56,0.00,11.17,54.20,977.03,130
10/14/2013 10:38:26,10/14/2013,10:38:26,0.00,11.64,53.29,976.99,130
10/14/2013 10:38:56,10/14/2013,10:38:56,0.00,11.80,53.79,976.96,135
10/14/2013 10:39:26,10/14/2013,10:39:26,0.00,12.27,52.50,976.94,115
10/14/2013 10:39:56,10/14/2013,10:39:56,0.00,12.64,52.20,976.92,115
10/14/2013 10:40:26,10/14/2013,10:40:26,0.00,12.85,51.79,976.89,134
10/14/2013 10:40:56,10/14/2013,10:40:56,0.00,13.00,51.50,976.88,132
10/14/2013 10:41:26,10/14/2013,10:41:26,0.00,13.42,51.40,976.86,127
10/14/2013 10:41:56,10/14/2013,10:41:56,0.00,13.67,51.29,976.81,125
10/14/2013 10:42:26,10/14/2013,10:42:26,0.00,13.60,51.20,976.81,122
10/14/2013 10:42:56,10/14/2013,10:42:56,0.00,14.02,50.59,976.76,87
10/14/2013 10:43:26,10/14/2013,10:43:26,0.00,14.02,50.29,976.74,93
10/14/2013 10:43:56,10/14/2013,10:43:56,0.00,13.62,51.29,976.75,88
10/14/2013 10:44:26,10/14/2013,10:44:26,0.00,13.39,51.09,976.78,88
10/14/2013 10:44:56,10/14/2013,10:44:56,0.00,13.22,51.09,976.76,88
10/14/2013 10:45:26,10/14/2013,10:45:26,0.00,13.39,51.50,976.79,88
10/14/2013 10:45:56,10/14/2013,10:45:56,0.00,13.22,51.29,976.79,88
10/14/2013 10:46:26,10/14/2013,10:46:26,0.00,13.14,51.59,976.85,88
10/14/2013 10:46:56,10/14/2013,10:46:56,0.00,13.39,51.79,976.85,117
10/14/2013 10:47:26,10/14/2013,10:47:26,0.00,13.47,51.70,976.81,109
10/14/2013 10:47:56,10/14/2013,10:47:56,0.00,13.55,51.29,976.80,109
10/14/2013 10:48:26,10/14/2013,10:48:26,0.00,13.22,51.59,976.78,105
10/14/2013 10:48:56,10/14/2013,10:48:56,0.00,13.39,51.09,976.78,105
10/14/2013 10:49:26,10/14/2013,10:49:26,0.00,13.14,51.70,976.78,105
10/14/2013 10:49:56,10/14/2013,10:49:56,0.00,13.42,51.90,976.74,116
10/14/2013 10:50:26,10/14/2013,10:50:26,0.00,13.39,51.29,976.72,118
10/14/2013 10:50:56,10/14/2013,10:50:56,0.00,13.30,51.70,976.71,119
10/14/2013 10:51:26,10/14/2013,10:51:26,0.00,13.14,51.79,976.72,118
10/14/2013 10:51:56,10/14/2013,10:51:56,0.00,13.14,51.79,976.73,119
10/14/2013 10:52:26,10/14/2013,10:52:26,0.00,13.14,52.09,976.74,119
10/14/2013 10:52:56,10/14/2013,10:52:56,0.00,13.07,51.90,976.74,118
10/14/2013 10:53:26,10/14/2013,10:53:26,0.00,13.02,52.00,976.75,119
10/14/2013 10:53:56,10/14/2013,10:53:56,0.00,12.94,52.20,976.76,118
10/14/2013 10:54:26,10/14/2013,10:54:26,0.00,12.80,52.20,976.74,119
10/14/2013 10:54:56,10/14/2013,10:54:56,0.00,12.67,52.20,976.75,111
10/14/2013 10:55:26,10/14/2013,10:55:26,0.00,12.60,52.40,976.75,111
10/14/2013 10:55:56,10/14/2013,10:55:56,0.00,12.64,52.59,976.78,110
10/14/2013 10:56:26,10/14/2013,10:56:26,0.00,12.37,52.79,976.78,102
10/14/2013 10:56:56,10/14/2013,10:56:56,0.00,12.27,53.09,976.78,102
10/14/2013 10:57:26,10/14/2013,10:57:26,0.00,12.10,53.00,976.78,102
10/14/2013 10:57:56,10/14/2013,10:57:56,0.00,11.80,53.20,976.81,102
10/14/2013 10:58:26,10/14/2013,10:58:26,0.00,11.64,53.40,976.81,101
10/14/2013 10:58:56,10/14/2013,10:58:56,0.00,11.50,53.90,976.82,100
10/14/2013 10:59:26,10/14/2013,10:59:26,0.00,11.50,54.29,976.82,100
10/14/2013 10:59:56,10/14/2013,10:59:56,0.00,11.17,53.79,976.83,101
10/14/2013 11:00:26,10/14/2013,11:00:26,0.00,11.17,54.70,976.83,119
10/14/2013 11:00:56,10/14/2013,11:00:56,0.00,11.10,54.79,976.86,118
10/14/2013 11:01:26,10/14/2013,11:01:26,0.00,10.94,54.59,976.88,117
10/14/2013 11:01:56,10/14/2013,11:01:56,0.00,10.75,54.90,976.87,129
10/14/2013 11:02:26,10/14/2013,11:02:26,0.00,10.69,55.29,976.88,121
10/14/2013 11:02:56,10/14/2013,11:02:56,0.00,10.27,56.09,976.85,92
10/14/2013 11:03:26,10/14/2013,11:03:26,0.00,10.22,55.79,976.88,90
10/14/2013 11:03:56,10/14/2013,11:03:56,0.00,10.10,55.59,976.86,84
10/14/2013 11:04:26,10/14/2013,11:04:26,0.00,10.14,56.29,976.85,83
10/14/2013 11:04:56,10/14/2013,11:04:56,0.00,9.87,56.70,976.83,81
10/14/2013 11:05:26,10/14/2013,11:05:26,0.00,9.82,56.40,976.83,79
10/14/2013 11:05:56,10/14/2013,11:05:56,0.00,9.80,57.29,976.85,80
10/14/2013 11:06:26,10/14/2013,11:06:26,0.00,9.82,57.50,976.86,80
10/14/2013 11:06:56,10/14/2013,11:06:56,0.00,9.87,57.40,976.86,80
10/14/2013 11:07:26,10/14/2013,11:07:26,0.00,9.92,56.79,976.88,79
10/14/2013 11:07:56,10/14/2013,11:07:56,0.00,9.92,56.40,976.87,80
10/14/2013 11:08:26,10/14/2013,11:08:26,0.00,9.94,56.59,976.88,86
10/14/2013 11:08:56,10/14/2013,11:08:56,0.00,10.00,56.70,976.86,92
10/14/2013 11:09:26,10/14/2013,11:09:26,0.00,10.00,57.20,976.87,103
10/14/2013 11:09:56,10/14/2013,11:09:56,0.00,10.00,57.09,976.85,126
10/14/2013 11:10:26,10/14/2013,11:10:26,0.00,10.00,56.09,976.83,126
10/14/2013 11:10:56,10/14/2013,11:10:56,0.00,10.02,56.40,976.75,126
10/14/2013 11:11:26,10/14/2013,11:11:26,0.00,10.02,56.59,976.75,124
10/14/2013 11:11:56,10/14/2013,11:11:56,0.00,10.07,56.70,976.73,124
10/14/2013 11:12:26,10/14/2013,11:12:26,0.00,10.10,57.20,976.72,126
10/14/2013 11:12:56,10/14/2013,11:12:56,0.00,10.14,57.20,976.73,126
10/14/2013 11:13:26,10/14/2013,11:13:26,0.00,10.22,57.29,976.72,137
10/14/2013 11:13:56,10/14/2013,11:13:56,0.00,10.27,57.20,976.72,97
10/14/2013 11:14:26,10/14/2013,11:14:26,0.00,10.22,56.90,976.71,97
10/14/2013 11:14:56,10/14/2013,11:14:56,0.00,10.22,56.79,976.71,97
10/14/2013 11:15:26,10/14/2013,11:15:26,0.00,10.22,56.59,976.71,97
10/14/2013 11:15:56,10/14/2013,11:15:56,0.00,10.27,56.59,976.72,226
10/14/2013 11:16:26,10/14/2013,11:16:26,0.00,10.47,56.70,976.71,133
10/14/2013 11:16:56,10/14/2013,11:16:56,0.00,10.57,56.00,976.68,157
10/14/2013 11:17:26,10/14/2013,11:17:26,0.00,10.77,55.40,976.65,178
10/14/2013 11:17:56,10/14/2013,11:17:56,0.00,11.10,55.59,976.65,174
10/14/2013 11:18:26,10/14/2013,11:18:26,0.00,11.25,55.09,976.60,151
10/14/2013 11:18:56,10/14/2013,11:18:56,0.00,11.42,54.59,976.58,120
10/14/2013 11:19:26,10/14/2013,11:19:26,0.00,11.42,54.50,976.55,111
10/14/2013 11:19:56,10/14/2013,11:19:56,0.00,11.57,54.20,976.53,121
10/14/2013 11:20:26,10/14/2013,11:20:26,0.00,11.57,54.09,976.50,118
10/14/2013 11:20:56,10/14/2013,11:20:56,0.00,11.69,53.59,976.48,118
10/14/2013 11:21:26,10/14/2013,11:21:26,0.00,11.72,53.50,976.48,112
10/14/2013 11:21:56,10/14/2013,11:21:56,0.00,11.64,54.00,976.47,92
10/14/2013 11:22:26,10/14/2013,11:22:26,0.00,11.52,53.59,976.46,91
10/14/2013 11:22:56,10/14/2013,11:22:56,0.00,11.50,54.20,976.46,91
10/14/2013 11:23:26,10/14/2013,11:23:26,0.00,11.62,53.79,976.45,92
10/14/2013 11:23:56,10/14/2013,11:23:56,0.00,11.52,53.70,976.44,92
10/14/2013 11:24:26,10/14/2013,11:24:26,0.00,11.50,54.00,976.43,92
10/14/2013 11:24:56,10/14/2013,11:24:56,0.00,11.50,54.20,976.43,104
10/14/2013 11:25:26,10/14/2013,11:25:26,0.00,11.32,54.50,976.41,99
10/14/2013 11:25:56,10/14/2013,11:25:56,0.00,11.17,54.59,976.40,90
10/14/2013 11:26:26,10/14/2013,11:26:26,0.00,11.17,54.29,976.39,90
10/14/2013 11:26:56,10/14/2013,11:26:56,0.00,11.17,54.79,976.38,90
10/14/2013 11:27:26,10/14/2013,11:27:26,0.00,11.10,55.09,976.36,90
10/14/2013 11:27:56,10/14/2013,11:27:56,0.00,11.10,55.59,976.36,101
10/14/2013 11:28:26,10/14/2013,11:28:26,0.00,11.10,55.29,976.36,118
10/14/2013 11:28:56,10/14/2013,11:28:56,0.00,10.94,55.00,976.34,113
10/14/2013 11:29:26,10/14/2013,11:29:26,0.00,10.87,55.29,976.32,101
10/14/2013 11:29:56,10/14/2013,11:29:56,0.00,11.02,55.59,976.33,126
10/14/2013 11:30:26,10/14/2013,11:30:26,0.00,11.10,55.59,976.31,121
10/14/2013 11:30:56,10/14/2013,11:30:56,0.00,11.17,54.90,976.29,118
10/14/2013 11:31:26,10/14/2013,11:31:26,0.00,11.10,55.00,976.29,111
10/14/2013 11:31:56,10/14/2013,11:31:56,0.00,11.05,55.40,976.27,126
10/14/2013 11:32:26,10/14/2013,11:32:26,0.00,11.05,55.00,976.27,120
10/14/2013 11:32:56,10/14/2013,11:32:56,0.00,10.94,54.90,976.26,117
10/14/2013 11:33:26,10/14/2013,11:33:26,0.00,10.87,55.70,976.26,106
10/14/2013 11:33:56,10/14/2013,11:33:56,0.00,10.69,56.00,976.24,101
10/14/2013 11:34:26,10/14/2013,11:34:26,0.00,10.55,56.29,976.22,101
10/14/2013 11:34:56,10/14/2013,11:34:56,0.00,10.55,57.00,976.22,101
10/14/2013 11:35:26,10/14/2013,11:35:26,0.00,10.57,56.79,976.19,102
10/14/2013 11:35:56,10/14/2013,11:35:56,0.00,10.69,56.40,976.18,102
10/14/2013 11:36:26,10/14/2013,11:36:26,0.00,10.69,56.20,976.17,101
10/14/2013 11:36:56,10/14/2013,11:36:56,0.00,10.69,56.70,976.16,101
10/14/2013 11:37:26,10/14/2013,11:37:26,0.00,10.75,57.20,976.17,106
10/14/2013 11:37:56,10/14/2013,11:37:56,0.00,10.82,57.00,976.18,109
10/14/2013 11:38:26,10/14/2013,11:38:26,0.00,10.87,56.79,976.22,130
10/14/2013 11:38:56,10/14/2013,11:38:56,0.00,10.97,56.09,976.18,116
10/14/2013 11:39:26,10/14/2013,11:39:26,0.00,10.94,55.90,976.13,101
10/14/2013 11:39:56,10/14/2013,11:39:56,0.00,10.87,55.70,976.15,101
10/14/2013 11:40:26,10/14/2013,11:40:26,0.00,10.77,56.50,976.16,88
10/14/2013 11:40:56,10/14/2013,11:40:56,0.00,10.75,56.29,976.12,88
10/14/2013 11:41:26,10/14/2013,11:41:26,0.00,10.62,56.59,976.10,88
10/14/2013 11:41:56,10/14/2013,11:41:56,0.00,10.69,57.09,976.10,87
10/14/2013 11:42:26,10/14/2013,11:42:26,0.00,10.69,57.00,976.09,85
10/14/2013 11:42:56,10/14/2013,11:42:56,0.00,10.62,57.20,976.10,85
10/14/2013 11:43:26,10/14/2013,11:43:26,0.00,10.75,57.29,976.10,95
10/14/2013 11:43:56,10/14/2013,11:43:56,0.00,10.77,57.79,976.10,122
10/14/2013 11:44:26,10/14/2013,11:44:26,0.00,10.82,56.79,976.10,125
10/14/2013 11:44:56,10/14/2013,11:44:56,0.00,10.94,56.09,976.10,125
10/14/2013 11:45:26,10/14/2013,11:45:26,0.00,11.02,56.50,976.09,125
10/14/2013 11:45:56,10/14/2013,11:45:56,0.00,10.89,56.50,976.08,140
10/14/2013 11:46:26,10/14/2013,11:46:26,0.00,10.94,56.29,976.09,147
10/14/2013 11:46:56,10/14/2013,11:46:56,0.00,11.02,56.40,976.08,147
10/14/2013 11:47:26,10/14/2013,11:47:26,0.00,11.10,56.29,976.02,145
10/14/2013 11:47:56,10/14/2013,11:47:56,0.00,11.10,56.79,975.99,147
10/14/2013 11:48:26,10/14/2013,11:48:26,0.00,11.10,56.40,975.95,163
10/14/2013 11:48:56,10/14/2013,11:48:56,0.00,11.10,55.70,975.95,160
10/14/2013 11:49:26,10/14/2013,11:49:26,0.00,11.44,55.90,975.95,159
10/14/2013 11:49:56,10/14/2013,11:49:56,0.00,11.69,55.40,975.89,155
10/14/2013 11:50:26,10/14/2013,11:50:26,0.00,11.69,55.29,975.88,102
10/14/2013 11:50:56,10/14/2013,11:50:56,0.00,11.64,54.79,975.87,102
10/14/2013 11:51:26,10/14/2013,11:51:26,0.00,11.62,54.90,975.84,103
10/14/2013 11:51:56,10/14/2013,11:51:56,0.00,11.62,54.79,975.84,102
10/14/2013 11:52:26,10/14/2013,11:52:26,0.00,11.64,54.79,975.83,102
10/14/2013 11:52:56,10/14/2013,11:52:56,0.00,11.69,54.79,975.82,103
10/14/2013 11:53:26,10/14/2013,11:53:26,0.00,11.72,55.00,975.81,102
10/14/2013 11:53:56,10/14/2013,11:53:56,0.00,11.77,54.70,975.81,102
10/14/2013 11:54:26,10/14/2013,11:54:26,0.00,11.77,55.00,975.78,104
10/14/2013 11:54:56,10/14/2013,11:54:56,0.00,11.72,54.50,975.77,105
10/14/2013 11:55:26,10/14/2013,11:55:26,0.00,11.89,54.70,975.77,105
10/14/2013 11:55:56,10/14/2013,11:55:56,0.00,12.05,54.50,975.74,105
10/14/2013 11:56:26,10/14/2013,11:56:26,0.00,12.05,54.29,975.74,103
10/14/2013 11:56:56,10/14/2013,11:56:56,0.00,11.89,54.50,975.71,96
10/14/2013 11:57:26,10/14/2013,11:57:26,0.00,12.00,54.79,975.69,97
10/14/2013 11:57:56,10/14/2013,11:57:56,0.00,12.27,54.20,975.66,97
10/14/2013 11:58:26,10/14/2013,11:58:26,0.00,12.37,53.79,975.66,96
10/14/2013 11:58:56,10/14/2013,11:58:56,0.00,12.37,53.70,975.63,97
10/14/2013 11:59:26,10/14/2013,11:59:26,0.00,12.39,53.59,975.64,139
10/14/2013 11:59:56,10/14/2013,11:59:56,0.00,12.44,53.59,975.62,144
10/14/2013 12:00:26,10/14/2013,12:00:26,0.00,12.37,52.70,975.60,193
10/14/2013 12:00:56,10/14/2013,12:00:56,0.00,12.67,52.70,975.60,209
10/14/2013 12:01:26,10/14/2013,12:01:26,0.00,12.85,52.50,975.59,234
10/14/2013 12:01:56,10/14/2013,12:01:56,0.00,12.92,52.50,975.60,186
10/14/2013 12:02:26,10/14/2013,12:02:26,0.00,13.00,52.70,975.59,150
10/14/2013 12:02:56,10/14/2013,12:02:56,0.00,13.00,52.09,975.57,158
10/14/2013 12:03:26,10/14/2013,12:03:26,0.00,12.67,52.50,975.57,180
10/14/2013 12:03:56,10/14/2013,12:03:56,0.00,12.60,53.20,975.56,192
10/14/2013 12:04:26,10/14/2013,12:04:26,0.00,12.72,51.59,975.56,212
10/14/2013 12:04:56,10/14/2013,12:04:56,0.00,12.67,51.09,975.56,195
10/14/2013 12:05:26,10/14/2013,12:05:26,0.00,12.64,51.59,975.54,191
10/14/2013 12:05:56,10/14/2013,12:05:56,0.00,13.00,52.40,975.50,201
10/14/2013 12:06:26,10/14/2013,12:06:26,0.00,13.30,50.70,975.47,218
10/14/2013 12:06:56,10/14/2013,12:06:56,0.00,13.22,50.59,975.47,204
10/14/2013 12:07:26,10/14/2013,12:07:26,0.00,13.39,50.59,975.43,205
10/14/2013 12:07:56,10/14/2013,12:07:56,0.00,13.14,50.70,975.43,219
10/14/2013 12:08:26,10/14/2013,12:08:26,0.00,13.14,50.70,975.41,240
10/14/2013 12:08:56,10/14/2013,12:08:56,0.00,13.22,50.40,975.41,209
10/14/2013 12:09:26,10/14/2013,12:09:26,0.00,13.14,50.79,975.41,220
10/14/2013 12:09:56,10/14/2013,12:09:56,0.00,13.12,50.79,975.41,218
10/14/2013 12:10:26,10/14/2013,12:10:26,0.00,13.22,51.90,975.39,196
10/14/2013 12:10:56,10/14/2013,12:10:56,0.00,12.92,51.59,975.40,199
10/14/2013 12:11:26,10/14/2013,12:11:26,0.34,12.60,50.09,975.43,207
10/14/2013 12:11:56,10/14/2013,12:11:56,0.72,12.39,51.59,975.43,184
10/14/2013 12:12:26,10/14/2013,12:12:26,0.95,12.19,51.59,975.45,203
10/14/2013 12:12:56,10/14/2013,12:12:56,0.00,12.75,52.29,975.43,229
10/14/2013 12:13:26,10/14/2013,12:13:26,0.00,12.60,51.50,975.47,202
10/14/2013 12:13:56,10/14/2013,12:13:56,0.00,12.44,51.79,975.46,182
10/14/2013 12:14:26,10/14/2013,12:14:26,0.00,13.00,51.40,975.41,215
10/14/2013 12:14:56,10/14/2013,12:14:56,0.00,12.67,51.09,975.40,182
10/14/2013 12:15:26,10/14/2013,12:15:26,0.00,12.92,51.70,975.38,189
10/14/2013 12:15:56,10/14/2013,12:15:56,0.00,12.39,52.09,975.40,188
10/14/2013 12:16:26,10/14/2013,12:16:26,0.00,12.80,52.40,975.39,188
10/14/2013 12:16:56,10/14/2013,12:16:56,0.58,12.39,51.90,975.39,196
10/14/2013 12:17:26,10/14/2013,12:17:26,0.00,12.37,51.40,975.40,200
10/14/2013 12:17:56,10/14/2013,12:17:56,0.00,12.25,51.79,975.42,189
10/14/2013 12:18:26,10/14/2013,12:18:26,0.00,12.52,51.20,975.45,196
10/14/2013 12:18:56,10/14/2013,12:18:56,0.00,12.32,52.90,975.47,194
10/14/2013 12:19:26,10/14/2013,12:19:26,0.00,12.27,52.59,975.48,208
10/14/2013 12:19:56,10/14/2013,12:19:56,0.00,12.17,52.00,975.46,192
10/14/2013 12:20:26,10/14/2013,12:20:26,0.00,12.27,52.29,975.46,217
10/14/2013 12:20:56,10/14/2013,12:20:56,0.00,12.05,52.29,975.43,214
10/14/2013 12:21:26,10/14/2013,12:21:26,0.00,12.32,52.20,975.40,192
10/14/2013 12:21:56,10/14/2013,12:21:56,0.00,12.10,52.20,975.40,225
10/14/2013 12:22:26,10/14/2013,12:22:26,0.00,12.12,52.40,975.40,180
10/14/2013 12:22:56,10/14/2013,12:22:56,0.00,12.25,52.90,975.39,202
10/14/2013 12:23:26,10/14/2013,12:23:26,0.00,12.12,52.70,975.38,230
10/14/2013 12:23:56,10/14/2013,12:23:56,0.00,11.97,52.90,975.40,210
10/14/2013 12:24:26,10/14/2013,12:24:26,0.00,11.97,52.90,975.42,194
10/14/2013 12:24:56,10/14/2013,12:24:56,0.00,11.77,53.70,975.42,159
10/14/2013 12:25:26,10/14/2013,12:25:26,0.00,11.64,54.00,975.43,180
10/14/2013 12:25:56,10/14/2013,12:25:56,0.00,11.52,53.40,975.43,212
10/14/2013 12:26:26,10/14/2013,12:26:26,0.00,11.44,53.29,975.47,216
10/14/2013 12:26:56,10/14/2013,12:26:56,0.00,11.42,53.90,975.49,192
10/14/2013 12:27:26,10/14/2013,12:27:26,0.00,11.25,54.50,975.48,201
10/14/2013 12:27:56,10/14/2013,12:27:56,0.00,11.17,54.00,975.49,201
10/14/2013 12:28:26,10/14/2013,12:28:26,0.00,11.05,53.50,975.49,179
10/14/2013 12:28:56,10/14/2013,12:28:56,0.00,11.02,53.09,975.46,190
10/14/2013 12:29:26,10/14/2013,12:29:26,0.00,11.10,53.70,975.46,189
10/14/2013 12:29:56,10/14/2013,12:29:56,0.00,10.94,53.50,975.46,187
10/14/2013 12:30:26,10/14/2013,12:30:26,0.00,10.77,53.40,975.47,203
10/14/2013 12:30:56,10/14/2013,12:30:56,0.00,10.75,53.00,975.47,200
10/14/2013 12:31:26,10/14/2013,12:31:26,0.00,10.75,54.40,975.48,203
10/14/2013 12:31:56,10/14/2013,12:31:56,0.00,10.69,53.70,975.47,208
10/14/2013 12:32:26,10/14/2013,12:32:26,0.00,10.62,53.40,975.47,203
10/14/2013 12:32:56,10/14/2013,12:32:56,0.00,10.55,54.40,975.47,196
10/14/2013 12:33:26,10/14/2013,12:33:26,0.00,10.62,54.59,975.47,204
10/14/2013 12:33:56,10/14/2013,12:33:56,0.00,10.55,53.90,975.47,202
10/14/2013 12:34:26,10/14/2013,12:34:26,0.00,10.57,55.00,975.43,185
10/14/2013 12:34:56,10/14/2013,12:34:56,0.00,10.62,54.29,975.42,194
10/14/2013 12:35:26,10/14/2013,12:35:26,0.00,10.42,53.70,975.41,189
10/14/2013 12:35:56,10/14/2013,12:35:56,0.00,10.39,53.90,975.45,208
10/14/2013 12:36:26,10/14/2013,12:36:26,0.81,10.30,54.70,975.42,219
10/14/2013 12:36:56,10/14/2013,12:36:56,0.00,10.30,53.29,975.45,207
10/14/2013 12:37:26,10/14/2013,12:37:26,0.00,10.30,53.79,975.47,195
10/14/2013 12:37:56,10/14/2013,12:37:56,0.00,10.39,54.90,975.45,205
10/14/2013 12:38:26,10/14/2013,12:38:26,0.00,10.39,55.59,975.45,238
10/14/2013 12:38:56,10/14/2013,12:38:56,0.00,10.39,56.59,975.46,195
10/14/2013 12:39:26,10/14/2013,12:39:26,0.00,10.35,56.09,975.43,208
10/14/2013 12:39:56,10/14/2013,12:39:56,0.00,10.39,55.59,975.43,205
10/14/2013 12:40:26,10/14/2013,12:40:26,0.00,10.27,54.50,975.45,206
10/14/2013 12:40:56,10/14/2013,12:40:56,0.00,10.27,54.59,975.43,197
10/14/2013 12:41:26,10/14/2013,12:41:26,0.49,10.22,54.79,975.41,210
10/14/2013 12:41:56,10/14/2013,12:41:56,0.00,10.30,54.90,975.43,217
10/14/2013 12:42:26,10/14/2013,12:42:26,0.00,10.30,55.79,975.43,202
10/14/2013 12:42:56,10/14/2013,12:42:56,0.00,10.22,54.70,975.43,189
10/14/2013 12:43:26,10/14/2013,12:43:26,0.00,10.30,56.29,975.43,173
10/14/2013 12:43:56,10/14/2013,12:43:56,0.38,10.19,54.90,975.43,211
10/14/2013 12:44:26,10/14/2013,12:44:26,0.00,10.22,56.00,975.41,200
10/14/2013 12:44:56,10/14/2013,12:44:56,0.00,10.27,54.50,975.42,198
10/14/2013 12:45:26,10/14/2013,12:45:26,0.00,10.19,55.29,975.41,185
10/14/2013 12:45:56,10/14/2013,12:45:56,0.00,10.30,54.50,975.40,194
10/14/2013 12:46:26,10/14/2013,12:46:26,0.00,10.30,54.70,975.39,226
10/14/2013 12:46:56,10/14/2013,12:46:56,0.00,10.22,54.70,975.37,235
10/14/2013 12:47:26,10/14/2013,12:47:26,0.00,10.22,55.20,975.34,253
10/14/2013 12:47:56,10/14/2013,12:47:56,0.00,10.19,54.90,975.34,206
10/14/2013 12:48:26,10/14/2013,12:48:26,0.00,10.27,55.59,975.33,229
10/14/2013 12:48:56,10/14/2013,12:48:56,0.00,10.22,55.70,975.33,211
10/14/2013 12:49:26,10/14/2013,12:49:26,0.00,10.22,55.59,975.32,208
10/14/2013 12:49:56,10/14/2013,12:49:56,0.00,10.22,55.70,975.33,228
10/14/2013 12:50:26,10/14/2013,12:50:26,0.00,10.22,56.20,975.33,220
10/14/2013 12:50:56,10/14/2013,12:50:56,0.00,10.14,57.29,975.34,233
10/14/2013 12:51:26,10/14/2013,12:51:26,0.00,10.14,56.50,975.34,235
10/14/2013 12:51:56,10/14/2013,12:51:56,0.00,10.07,56.20,975.37,240
10/14/2013 12:52:26,10/14/2013,12:52:26,0.00,10.02,55.20,975.34,242
10/14/2013 12:52:56,10/14/2013,12:52:56,0.00,10.07,56.20,975.34,234
10/14/2013 12:53:26,10/14/2013,12:53:26,0.16,10.02,56.29,975.32,216
10/14/2013 12:53:56,10/14/2013,12:53:56,0.00,10.02,55.79,975.28,223
10/14/2013 12:54:26,10/14/2013,12:54:26,0.00,10.02,55.00,975.27,225
10/14/2013 12:54:56,10/14/2013,12:54:56,0.00,10.00,54.50,975.25,234
10/14/2013 12:55:26,10/14/2013,12:55:26,0.00,10.00,54.79,975.25,202
10/14/2013 12:55:56,10/14/2013,12:55:56,0.00,10.00,54.59,975.25,210
10/14/2013 12:56:26,10/14/2013,12:56:26,0.15,10.00,54.79,975.25,228
10/14/2013 12:56:56,10/14/2013,12:56:56,0.54,9.92,55.00,975.25,252
10/14/2013 12:57:26,10/14/2013,12:57:26,0.00,10.00,54.50,975.25,235
10/14/2013 12:57:56,10/14/2013,12:57:56,0.55,10.00,54.90,975.24,229
10/14/2013 12:58:26,10/14/2013,12:58:26,0.33,10.02,55.09,975.25,248
10/14/2013 12:58:56,10/14/2013,12:58:56,0.00,10.10,54.90,975.25,244
10/14/2013 12:59:26,10/14/2013,12:59:26,0.62,10.07,54.40,975.23,221
10/14/2013 12:59:56,10/14/2013,12:59:56,0.00,10.14,55.20,975.21,242
10/14/2013 13:00:26,10/14/2013,13:00:26,0.00,10.14,54.70,975.18,230
10/14/2013 13:00:56,10/14/2013,13:00:56,0.00,10.22,54.59,975.18,221
10/14/2013 13:01:26,10/14/2013,13:01:26,0.00,10.39,55.40,975.14,201
10/14/2013 13:01:56,10/14/2013,13:01:56,0.00,10.39,54.90,975.16,231
10/14/2013 13:02:26,10/14/2013,13:02:26,0.00,10.39,54.20,975.17,225
10/14/2013 13:02:56,10/14/2013,13:02:56,0.11,10.39,54.90,975.16,244
10/14/2013 13:03:26,10/14/2013,13:03:26,0.00,10.47,54.70,975.18,235
10/14/2013 13:03:56,10/14/2013,13:03:56,0.00,10.50,53.90,975.17,209
10/14/2013 13:04:26,10/14/2013,13:04:26,0.00,10.55,54.50,975.17,243
10/14/2013 13:04:56,10/14/2013,13:04:56,0.16,10.62,53.40,975.16,211
10/14/2013 13:05:26,10/14/2013,13:05:26,0.00,10.69,54.00,975.14,214
10/14/2013 13:05:56,10/14/2013,13:05:56,0.00,10.77,53.90,975.12,230
10/14/2013 13:06:26,10/14/2013,13:06:26,0.00,10.82,54.50,975.11,215
10/14/2013 13:06:56,10/14/2013,13:06:56,0.00,10.87,53.90,975.09,240
10/14/2013 13:07:26,10/14/2013,13:07:26,0.59,10.77,53.70,975.06,235
10/14/2013 13:07:56,10/14/2013,13:07:56,0.00,10.87,54.29,975.05,238
10/14/2013 13:08:26,10/14/2013,13:08:26,0.00,10.87,54.00,975.06,246
10/14/2013 13:08:56,10/14/2013,13:08:56,0.36,10.77,54.00,975.03,223
10/14/2013 13:09:26,10/14/2013,13:09:26,0.00,10.77,54.20,975.03,243
10/14/2013 13:09:56,10/14/2013,13:09:56,0.00,10.82,53.90,975.06,216
10/14/2013 13:10:26,10/14/2013,13:10:26,0.00,10.69,53.79,975.06,227
10/14/2013 13:10:56,10/14/2013,13:10:56,0.47,10.62,53.09,975.05,227
10/14/2013 13:11:26,10/14/2013,13:11:26,0.74,10.57,54.09,975.04,246
10/14/2013 13:11:56,10/14/2013,13:11:56,0.00,10.55,53.90,975.06,229
10/14/2013 13:12:26,10/14/2013,13:12:26,0.68,10.50,53.59,975.03,227
10/14/2013 13:12:56,10/14/2013,13:12:56,0.43,10.47,54.20,975.05,246
10/14/2013 13:13:26,10/14/2013,13:13:26,0.69,10.42,53.09,975.09,239
10/14/2013 13:13:56,10/14/2013,13:13:56,0.12,10.39,53.59,975.10,218
10/14/2013 13:14:26,10/14/2013,13:14:26,0.00,10.47,53.70,975.11,228
10/14/2013 13:14:56,10/14/2013,13:14:56,0.12,10.39,54.09,975.07,218
10/14/2013 13:15:26,10/14/2013,13:15:26,0.62,10.35,54.40,975.03,242
10/14/2013 13:15:56,10/14/2013,13:15:56,0.72,10.30,53.59,975.00,239
10/14/2013 13:16:26,10/14/2013,13:16:26,0.00,10.35,55.50,974.97,229
10/14/2013 13:16:56,10/14/2013,13:16:56,0.00,10.35,54.70,974.97,221
10/14/2013 13:17:26,10/14/2013,13:17:26,0.00,10.30,54.40,974.95,247
10/14/2013 13:17:56,10/14/2013,13:17:56,0.00,10.35,54.40,974.93,234
10/14/2013 13:18:26,10/14/2013,13:18:26,0.00,10.39,55.09,974.95,227
10/14/2013 13:18:56,10/14/2013,13:18:56,0.00,10.30,54.90,974.95,234
10/14/2013 13:19:26,10/14/2013,13:19:26,0.00,10.30,55.70,974.95,217
10/14/2013 13:19:56,10/14/2013,13:19:56,0.00,10.39,54.50,974.95,225
10/14/2013 13:20:26,10/14/2013,13:20:26,0.00,10.39,54.79,974.93,244
10/14/2013 13:20:56,10/14/2013,13:20:56,0.00,10.35,54.70,974.93,238
10/14/2013 13:21:26,10/14/2013,13:21:26,0.65,10.30,54.29,974.90,239
10/14/2013 13:21:56,10/14/2013,13:21:56,0.11,10.35,53.70,974.90,231
10/14/2013 13:22:26,10/14/2013,13:22:26,0.05,10.30,54.40,974.89,239
10/14/2013 13:22:56,10/14/2013,13:22:56,0.36,10.30,54.09,974.85,219
10/14/2013 13:23:26,10/14/2013,13:23:26,0.45,10.27,55.29,974.88,237
10/14/2013 13:23:56,10/14/2013,13:23:56,0.73,10.22,54.79,974.86,241
10/14/2013 13:24:26,10/14/2013,13:24:26,0.00,10.27,54.40,974.88,242
10/14/2013 13:24:56,10/14/2013,13:24:56,0.00,10.30,55.50,974.90,196
10/14/2013 13:25:26,10/14/2013,13:25:26,0.00,10.30,54.79,974.90,245
10/14/2013 13:25:56,10/14/2013,13:25:56,0.52,10.30,54.09,974.88,195
10/14/2013 13:26:26,10/14/2013,13:26:26,0.40,10.22,53.70,974.85,240
10/14/2013 13:26:56,10/14/2013,13:26:56,0.00,10.30,54.90,974.85,232
10/14/2013 13:27:26,10/14/2013,13:27:26,0.00,10.35,54.70,974.84,227
10/14/2013 13:27:56,10/14/2013,13:27:56,0.00,10.35,54.90,974.83,232
10/14/2013 13:28:26,10/14/2013,13:28:26,0.00,10.30,55.20,974.81,240
10/14/2013 13:28:56,10/14/2013,13:28:56,0.00,10.35,54.79,974.81,228
10/14/2013 13:29:26,10/14/2013,13:29:26,0.59,10.22,55.00,974.77,241
10/14/2013 13:29:56,10/14/2013,13:29:56,0.34,10.27,54.20,974.78,222
10/14/2013 13:30:26,10/14/2013,13:30:26,0.20,10.30,54.09,974.78,225
10/14/2013 13:30:56,10/14/2013,13:30:56,1.09,10.22,53.20,974.76,245
10/14/2013 13:31:26,10/14/2013,13:31:26,0.63,10.30,53.79,974.76,230
10/14/2013 13:31:56,10/14/2013,13:31:56,0.00,10.39,54.40,974.79,246
10/14/2013 13:32:26,10/14/2013,13:32:26,0.00,10.42,54.59,974.78,240
10/14/2013 13:32:56,10/14/2013,13:32:56,0.12,10.47,54.59,974.77,228
10/14/2013 13:33:26,10/14/2013,13:33:26,0.79,10.39,53.90,974.74,247
10/14/2013 13:33:56,10/14/2013,13:33:56,1.08,10.35,54.40,974.71,245
10/14/2013 13:34:26,10/14/2013,13:34:26,0.62,10.35,52.79,974.75,255
10/14/2013 13:34:56,10/14/2013,13:34:56,0.84,10.30,53.50,974.74,241
10/14/2013 13:35:26,10/14/2013,13:35:26,0.66,10.35,53.29,974.71,241
10/14/2013 13:35:56,10/14/2013,13:35:56,1.06,10.35,52.70,974.71,219
10/14/2013 13:36:26,10/14/2013,13:36:26,0.94,10.35,53.50,974.69,243
10/14/2013 13:36:56,10/14/2013,13:36:56,1.04,10.39,52.40,974.64,235
10/14/2013 13:37:26,10/14/2013,13:37:26,0.36,10.47,52.79,974.64,237
10/14/2013 13:37:56,10/14/2013,13:37:56,0.00,10.57,53.59,974.65,243
10/14/2013 13:38:26,10/14/2013,13:38:26,0.00,10.75,53.29,974.63,220
10/14/2013 13:38:56,10/14/2013,13:38:56,0.00,10.77,53.29,974.62,238
10/14/2013 13:39:26,10/14/2013,13:39:26,0.00,10.87,53.09,974.62,238
10/14/2013 13:39:56,10/14/2013,13:39:56,0.00,10.89,53.20,974.60,240
10/14/2013 13:40:26,10/14/2013,13:40:26,0.87,10.77,52.79,974.57,236
10/14/2013 13:40:56,10/14/2013,13:40:56,0.66,10.77,53.59,974.56,245
10/14/2013 13:41:26,10/14/2013,13:41:26,0.05,10.77,53.00,974.56,247
10/14/2013 13:41:56,10/14/2013,13:41:56,0.30,10.69,53.20,974.54,228
10/14/2013 13:42:26,10/14/2013,13:42:26,0.27,10.69,53.79,974.53,237
10/14/2013 13:42:56,10/14/2013,13:42:56,0.00,10.75,53.79,974.55,222
10/14/2013 13:43:26,10/14/2013,13:43:26,0.00,10.67,52.90,974.54,227
10/14/2013 13:43:56,10/14/2013,13:43:56,0.36,10.55,53.00,974.50,237
10/14/2013 13:44:26,10/14/2013,13:44:26,0.76,10.47,53.00,974.47,242
10/14/2013 13:44:56,10/14/2013,13:44:56,0.90,10.42,53.20,974.43,221
10/14/2013 13:45:26,10/14/2013,13:45:26,0.00,10.47,54.00,974.46,231
10/14/2013 13:45:56,10/14/2013,13:45:56,0.00,10.47,53.70,974.47,229
10/14/2013 13:46:26,10/14/2013,13:46:26,0.94,10.39,53.79,974.43,250
10/14/2013 13:46:56,10/14/2013,13:46:56,0.97,10.30,54.00,974.41,247
10/14/2013 13:47:26,10/14/2013,13:47:26,0.13,10.35,54.40,974.42,223
10/14/2013 13:47:56,10/14/2013,13:47:56,0.00,10.30,54.50,974.45,240
10/14/2013 13:48:26,10/14/2013,13:48:26,0.00,10.35,54.50,974.45,246
10/14/2013 13:48:56,10/14/2013,13:48:56,0.00,10.30,54.29,974.45,225
10/14/2013 13:49:26,10/14/2013,13:49:26,0.11,10.30,53.59,974.45,220
10/14/2013 13:49:56,10/14/2013,13:49:56,1.33,10.22,53.59,974.39,249
10/14/2013 13:50:26,10/14/2013,13:50:26,0.27,10.22,53.70,974.39,258
10/14/2013 13:50:56,10/14/2013,13:50:56,0.05,10.22,54.09,974.41,242
10/14/2013 13:51:26,10/14/2013,13:51:26,0.83,10.19,54.40,974.40,241
10/14/2013 13:51:56,10/14/2013,13:51:56,0.00,10.30,54.40,974.42,239
10/14/2013 13:52:26,10/14/2013,13:52:26,1.41,10.14,54.09,974.39,256
10/14/2013 13:52:56,10/14/2013,13:52:56,1.06,10.19,53.40,974.39,245
10/14/2013 13:53:26,10/14/2013,13:53:26,0.13,10.14,53.70,974.41,241
10/14/2013 13:53:56,10/14/2013,13:53:56,0.61,10.14,53.70,974.40,250
10/14/2013 13:54:26,10/14/2013,13:54:26,0.93,10.14,53.90,974.38,251
10/14/2013 13:54:56,10/14/2013,13:54:56,0.00,10.14,53.79,974.39,254
10/14/2013 13:55:26,10/14/2013,13:55:26,0.69,10.19,54.09,974.36,233
10/14/2013 13:55:56,10/14/2013,13:55:56,1.12,10.14,53.70,974.33,242
10/14/2013 13:56:26,10/14/2013,13:56:26,1.01,10.14,54.40,974.32,250
10/14/2013 13:56:56,10/14/2013,13:56:56,0.97,10.19,53.40,974.32,239
10/14/2013 13:57:26,10/14/2013,13:57:26,1.41,10.14,53.40,974.31,242
10/14/2013 13:57:56,10/14/2013,13:57:56,1.11,10.14,53.79,974.29,247
10/14/2013 13:58:26,10/14/2013,13:58:26,0.81,10.22,54.00,974.29,246
10/14/2013 13:58:56,10/14/2013,13:58:56,1.47,10.14,54.00,974.25,236
10/14/2013 13:59:26,10/14/2013,13:59:26,0.91,10.19,53.00,974.24,248
10/14/2013 13:59:56,10/14/2013,13:59:56,1.08,10.19,54.20,974.22,222
10/14/2013 14:00:26,10/14/2013,14:00:26,1.22,10.19,53.90,974.21,238
10/14/2013 14:00:56,10/14/2013,14:00:56,0.87,10.22,53.40,974.20,226
10/14/2013 14:01:26,10/14/2013,14:01:26,0.00,10.30,54.29,974.22,232
10/14/2013 14:01:56,10/14/2013,14:01:56,0.00,10.27,54.59,974.22,240
10/14/2013 14:02:26,10/14/2013,14:02:26,1.08,10.22,54.09,974.19,243
10/14/2013 14:02:56,10/14/2013,14:02:56,0.00,10.27,54.90,974.24,225
10/14/2013 14:03:26,10/14/2013,14:03:26,0.90,10.22,54.29,974.21,241
10/14/2013 14:03:56,10/14/2013,14:03:56,0.61,10.22,54.70,974.25,250
10/14/2013 14:04:26,10/14/2013,14:04:26,1.26,10.19,54.40,974.24,256
10/14/2013 14:04:56,10/14/2013,14:04:56,1.38,10.14,53.90,974.24,227
10/14/2013 14:05:26,10/14/2013,14:05:26,0.00,10.22,54.20,974.26,243
10/14/2013 14:05:56,10/14/2013,14:05:56,0.69,10.22,54.50,974.24,251
10/14/2013 14:06:26,10/14/2013,14:06:26,0.61,10.27,54.90,974.21,234
10/14/2013 14:06:56,10/14/2013,14:06:56,0.00,10.35,55.29,974.21,253
10/14/2013 14:07:26,10/14/2013,14:07:26,0.77,10.39,55.09,974.18,239
10/14/2013 14:07:56,10/14/2013,14:07:56,0.84,10.47,54.20,974.14,248
10/14/2013 14:08:26,10/14/2013,14:08:26,0.80,10.62,53.79,974.10,245
10/14/2013 14:08:56,10/14/2013,14:08:56,1.09,10.69,52.90,974.06,246
10/14/2013 14:09:26,10/14/2013,14:09:26,0.88,10.87,52.79,974.03,248
10/14/2013 14:09:56,10/14/2013,14:09:56,0.94,11.02,52.90,973.97,238
10/14/2013 14:10:26,10/14/2013,14:10:26,0.55,11.37,51.90,973.99,225
10/14/2013 14:10:56,10/14/2013,14:10:56,1.05,11.32,52.20,973.91,235
10/14/2013 14:11:26,10/14/2013,14:11:26,0.26,11.72,52.79,973.91,239
10/14/2013 14:11:56,10/14/2013,14:11:56,0.97,12.00,51.09,973.86,238
10/14/2013 14:12:26,10/14/2013,14:12:26,0.84,12.25,50.90,973.85,244
10/14/2013 14:12:56,10/14/2013,14:12:56,0.54,12.37,50.59,973.85,236
10/14/2013 14:13:26,10/14/2013,14:13:26,0.61,12.52,50.70,973.82,234
10/14/2013 14:13:56,10/14/2013,14:13:56,0.08,12.37,50.50,973.83,238
10/14/2013 14:14:26,10/14/2013,14:14:26,0.00,12.55,51.00,973.84,236
10/14/2013 14:14:56,10/14/2013,14:14:56,1.01,12.19,51.20,973.84,222
10/14/2013 14:15:26,10/14/2013,14:15:26,0.95,12.05,51.20,973.85,239
10/14/2013 14:15:56,10/14/2013,14:15:56,1.16,11.85,52.29,973.86,244
10/14/2013 14:16:26,10/14/2013,14:16:26,0.90,11.92,51.59,973.88,231
10/14/2013 14:16:56,10/14/2013,14:16:56,0.38,11.97,51.59,973.90,228
10/14/2013 14:17:26,10/14/2013,14:17:26,0.79,11.72,51.79,973.94,232
10/14/2013 14:17:56,10/14/2013,14:17:56,0.66,11.64,51.79,973.96,245
10/14/2013 14:18:26,10/14/2013,14:18:26,0.68,11.50,52.00,973.93,239
10/14/2013 14:18:56,10/14/2013,14:18:56,0.12,11.42,53.20,973.96,242
10/14/2013 14:19:26,10/14/2013,14:19:26,1.09,11.25,52.29,973.93,235
10/14/2013 14:19:56,10/14/2013,14:19:56,0.95,11.17,52.00,973.92,249
10/14/2013 14:20:26,10/14/2013,14:20:26,1.52,10.97,52.50,973.90,252
10/14/2013 14:20:56,10/14/2013,14:20:56,0.93,10.94,52.79,973.90,243
10/14/2013 14:21:26,10/14/2013,14:21:26,0.81,10.94,53.40,973.91,240
10/14/2013 14:21:56,10/14/2013,14:21:56,0.63,10.94,53.09,973.94,236
10/14/2013 14:22:26,10/14/2013,14:22:26,0.15,10.89,53.29,973.97,240
10/14/2013 14:22:56,10/14/2013,14:22:56,1.19,10.77,53.90,973.94,233
10/14/2013 14:23:26,10/14/2013,14:23:26,1.16,10.77,52.59,973.92,240
10/14/2013 14:23:56,10/14/2013,14:23:56,0.80,10.82,52.90,973.90,234
10/14/2013 14:24:26,10/14/2013,14:24:26,0.58,10.75,52.70,973.89,234
10/14/2013 14:24:56,10/14/2013,14:24:56,0.76,10.57,53.79,973.85,250
10/14/2013 14:25:26,10/14/2013,14:25:26,0.76,10.55,54.20,973.88,239
10/14/2013 14:25:56,10/14/2013,14:25:56,0.63,10.50,53.50,973.84,233
10/14/2013 14:26:26,10/14/2013,14:26:26,0.69,10.35,53.90,973.86,244
10/14/2013 14:26:56,10/14/2013,14:26:56,1.34,10.22,54.20,973.88,236
10/14/2013 14:27:26,10/14/2013,14:27:26,0.94,10.22,54.00,973.89,230
10/14/2013 14:27:56,10/14/2013,14:27:56,1.15,10.14,54.09,973.88,240
10/14/2013 14:28:26,10/14/2013,14:28:26,1.45,10.07,54.40,973.85,241
10/14/2013 14:28:56,10/14/2013,14:28:56,0.66,10.07,54.29,973.89,242
10/14/2013 14:29:26,10/14/2013,14:29:26,0.00,10.07,54.59,973.90,245
10/14/2013 14:29:56,10/14/2013,14:29:56,0.00,10.07,55.09,973.89,219
10/14/2013 14:30:26,10/14/2013,14:30:26,0.00,10.00,55.09,973.86,250
10/14/2013 14:30:56,10/14/2013,14:30:56,0.00,10.00,54.79,973.88,235
10/14/2013 14:31:26,10/14/2013,14:31:26,0.87,9.94,55.90,973.85,241
10/14/2013 14:31:56,10/14/2013,14:31:56,0.73,9.94,54.90,973.88,248
10/14/2013 14:32:26,10/14/2013,14:32:26,1.02,9.92,55.29,973.88,227
10/14/2013 14:32:56,10/14/2013,14:32:56,1.22,9.82,55.20,973.86,253
10/14/2013 14:33:26,10/14/2013,14:33:26,0.80,9.87,55.40,973.88,240
10/14/2013 14:33:56,10/14/2013,14:33:56,0.90,9.82,55.59,973.88,240
10/14/2013 14:34:26,10/14/2013,14:34:26,0.00,9.82,55.90,973.88,237
10/14/2013 14:34:56,10/14/2013,14:34:56,0.61,9.80,55.29,973.85,245
10/14/2013 14:35:26,10/14/2013,14:35:26,0.16,9.82,56.09,973.86,229
10/14/2013 14:35:56,10/14/2013,14:35:56,0.00,9.82,55.90,973.85,227
10/14/2013 14:36:26,10/14/2013,14:36:26,0.84,9.75,57.00,973.84,239
10/14/2013 14:36:56,10/14/2013,14:36:56,1.34,9.67,54.90,973.83,244
10/14/2013 14:37:26,10/14/2013,14:37:26,0.87,9.72,55.50,973.83,248
10/14/2013 14:37:56,10/14/2013,14:37:56,0.16,9.67,56.20,973.86,243
10/14/2013 14:38:26,10/14/2013,14:38:26,0.88,9.64,55.79,973.85,249
10/14/2013 14:38:56,10/14/2013,14:38:56,0.84,9.60,56.40,973.83,239
10/14/2013 14:39:26,10/14/2013,14:39:26,0.22,9.64,55.90,973.84,242
10/14/2013 14:39:56,10/14/2013,14:39:56,0.66,9.60,55.50,973.84,234
10/14/2013 14:40:26,10/14/2013,14:40:26,0.18,9.60,55.59,973.84,227
10/14/2013 14:40:56,10/14/2013,14:40:56,0.00,9.60,55.70,973.84,235
10/14/2013 14:41:26,10/14/2013,14:41:26,0.00,9.60,56.59,973.84,244
10/14/2013 14:41:56,10/14/2013,14:41:56,0.65,9.55,56.20,973.84,237
10/14/2013 14:42:26,10/14/2013,14:42:26,0.00,9.60,56.59,973.85,229
10/14/2013 14:42:56,10/14/2013,14:42:56,0.73,9.55,56.09,973.81,228
10/14/2013 14:43:26,10/14/2013,14:43:26,0.00,9.60,56.29,973.84,242
10/14/2013 14:43:56,10/14/2013,14:43:56,0.26,9.55,56.29,973.82,247
10/14/2013 14:44:26,10/14/2013,14:44:26,0.80,9.55,56.59,973.77,242
10/14/2013 14:44:56,10/14/2013,14:44:56,1.02,9.55,56.29,973.76,243
10/14/2013 14:45:26,10/14/2013,14:45:26,1.09,9.52,56.50,973.76,230
10/14/2013 14:45:56,10/14/2013,14:45:56,0.41,9.52,57.00,973.77,228
10/14/2013 14:46:26,10/14/2013,14:46:26,0.00,9.44,56.90,973.78,237
10/14/2013 14:46:56,10/14/2013,14:46:56,0.00,9.44,56.70,973.79,232
10/14/2013 14:47:26,10/14/2013,14:47:26,0.72,9.39,56.50,973.76,237
10/14/2013 14:47:56,10/14/2013,14:47:56,0.00,9.39,57.00,973.78,217
10/14/2013 14:48:26,10/14/2013,14:48:26,0.00,9.35,57.50,973.76,218
10/14/2013 14:48:56,10/14/2013,14:48:56,0.08,9.32,57.70,973.74,228
10/14/2013 14:49:26,10/14/2013,14:49:26,0.00,9.27,58.00,973.75,241
10/14/2013 14:49:56,10/14/2013,14:49:56,0.00,9.27,57.59,973.74,234
10/14/2013 14:50:26,10/14/2013,14:50:26,0.00,9.27,58.50,973.74,243
10/14/2013 14:50:56,10/14/2013,14:50:56,0.00,9.25,58.09,973.74,232
10/14/2013 14:51:26,10/14/2013,14:51:26,0.00,9.19,58.09,973.75,241
10/14/2013 14:51:56,10/14/2013,14:51:56,0.00,9.19,58.29,973.74,236
10/14/2013 14:52:26,10/14/2013,14:52:26,0.73,9.12,58.00,973.71,239
10/14/2013 14:52:56,10/14/2013,14:52:56,0.00,9.12,58.20,973.70,235
10/14/2013 14:53:26,10/14/2013,14:53:26,0.00,9.12,58.59,973.71,242
10/14/2013 14:53:56,10/14/2013,14:53:56,0.00,9.12,58.70,973.72,234
10/14/2013 14:54:26,10/14/2013,14:54:26,0.00,9.12,58.79,973.72,236
10/14/2013 14:54:56,10/14/2013,14:54:56,0.31,9.05,58.59,973.74,239
10/14/2013 14:55:26,10/14/2013,14:55:26,0.00,9.05,58.29,973.74,241
10/14/2013 14:55:56,10/14/2013,14:55:56,0.72,9.00,58.29,973.69,229
10/14/2013 14:56:26,10/14/2013,14:56:26,0.00,8.97,58.40,973.74,245
10/14/2013 14:56:56,10/14/2013,14:56:56,0.00,9.05,58.70,973.70,223
10/14/2013 14:57:26,10/14/2013,14:57:26,0.00,8.97,59.20,973.68,244
10/14/2013 14:57:56,10/14/2013,14:57:56,0.00,8.97,58.90,973.69,220
10/14/2013 14:58:26,10/14/2013,14:58:26,0.00,8.97,59.59,973.68,232
10/14/2013 14:58:56,10/14/2013,14:58:56,0.06,8.92,59.00,973.68,252
10/14/2013 14:59:26,10/14/2013,14:59:26,0.00,8.92,58.90,973.68,224
10/14/2013 14:59:56,10/14/2013,14:59:56,0.00,8.87,59.29,973.69,223
10/14/2013 15:00:26,10/14/2013,15:00:26,0.00,8.87,59.79,973.69,245
10/14/2013 15:00:56,10/14/2013,15:00:56,0.00,8.87,59.29,973.68,215
10/14/2013 15:01:26,10/14/2013,15:01:26,0.00,8.87,59.50,973.71,237
10/14/2013 15:01:56,10/14/2013,15:01:56,0.12,8.85,59.40,973.68,208
10/14/2013 15:02:26,10/14/2013,15:02:26,0.00,8.80,59.50,973.68,244
10/14/2013 15:02:56,10/14/2013,15:02:56,0.00,8.80,59.29,973.67,230
10/14/2013 15:03:26,10/14/2013,15:03:26,0.00,8.77,59.20,973.68,240
10/14/2013 15:03:56,10/14/2013,15:03:56,0.63,8.72,59.79,973.65,248
10/14/2013 15:04:26,10/14/2013,15:04:26,0.49,8.69,59.90,973.69,242
10/14/2013 15:04:56,10/14/2013,15:04:56,0.40,8.69,59.50,973.68,238
10/14/2013 15:05:26,10/14/2013,15:05:26,0.43,8.69,59.29,973.68,232
10/14/2013 15:05:56,10/14/2013,15:05:56,0.00,8.64,59.50,973.69,233
10/14/2013 15:06:26,10/14/2013,15:06:26,0.00,8.60,59.90,973.70,243
10/14/2013 15:06:56,10/14/2013,15:06:56,0.00,8.60,59.79,973.71,242
10/14/2013 15:07:26,10/14/2013,15:07:26,0.00,8.60,60.00,973.69,227
10/14/2013 15:07:56,10/14/2013,15:07:56,0.00,8.57,59.90,973.68,228
10/14/2013 15:08:26,10/14/2013,15:08:26,0.00,8.57,60.09,973.68,231
10/14/2013 15:08:56,10/14/2013,15:08:56,0.00,8.57,60.29,973.69,242
10/14/2013 15:09:26,10/14/2013,15:09:26,0.00,8.52,60.29,973.69,228
10/14/2013 15:09:56,10/14/2013,15:09:56,0.00,8.52,60.70,973.70,243
10/14/2013 15:10:26,10/14/2013,15:10:26,0.00,8.52,60.09,973.69,234
10/14/2013 15:10:56,10/14/2013,15:10:56,0.00,8.50,60.09,973.69,240
10/14/2013 15:11:26,10/14/2013,15:11:26,0.00,8.50,60.40,973.68,236
10/14/2013 15:11:56,10/14/2013,15:11:56,0.00,8.50,60.59,973.65,241
10/14/2013 15:12:26,10/14/2013,15:12:26,0.00,8.50,60.50,973.63,236
10/14/2013 15:12:56,10/14/2013,15:12:56,0.00,8.44,60.70,973.62,235
10/14/2013 15:13:26,10/14/2013,15:13:26,0.00,8.44,60.79,973.62,228
10/14/2013 15:13:56,10/14/2013,15:13:56,0.00,8.39,60.59,973.62,243
10/14/2013 15:14:26,10/14/2013,15:14:26,0.00,8.39,61.00,973.64,239
10/14/2013 15:14:56,10/14/2013,15:14:56,0.00,8.39,60.79,973.63,235
10/14/2013 15:15:26,10/14/2013,15:15:26,0.00,8.37,61.00,973.63,243
10/14/2013 15:15:56,10/14/2013,15:15:56,0.00,8.37,61.00,973.61,241
10/14/2013 15:16:26,10/14/2013,15:16:26,0.00,8.32,61.09,973.63,240
10/14/2013 15:16:56,10/14/2013,15:16:56,0.00,8.32,61.00,973.62,245
10/14/2013 15:17:26,10/14/2013,15:17:26,0.00,8.32,61.20,973.62,237
10/14/2013 15:17:56,10/14/2013,15:17:56,0.00,8.32,61.40,973.62,240
10/14/2013 15:18:26,10/14/2013,15:18:26,0.00,8.30,61.40,973.62,245
10/14/2013 15:18:56,10/14/2013,15:18:56,0.00,8.30,61.59,973.63,237
10/14/2013 15:19:26,10/14/2013,15:19:26,0.00,8.25,61.70,973.60,234
10/14/2013 15:19:56,10/14/2013,15:19:56,0.00,8.25,61.79,973.57,243
10/14/2013 15:20:26,10/14/2013,15:20:26,0.00,8.25,62.09,973.58,240
10/14/2013 15:20:56,10/14/2013,15:20:56,0.00,8.25,62.00,973.58,242
10/14/2013 15:21:26,10/14/2013,15:21:26,0.00,8.25,61.90,973.55,240
10/14/2013 15:21:56,10/14/2013,15:21:56,0.00,8.25,62.09,973.56,240
10/14/2013 15:22:26,10/14/2013,15:22:26,0.00,8.22,62.20,973.55,236
10/14/2013 15:22:56,10/14/2013,15:22:56,0.00,8.22,62.00,973.53,234
10/14/2013 15:23:26,10/14/2013,15:23:26,0.00,8.25,62.20,973.53,235
10/14/2013 15:23:56,10/14/2013,15:23:56,0.00,8.17,62.29,973.51,238
10/14/2013 15:24:26,10/14/2013,15:24:26,0.00,8.22,62.40,973.51,229
10/14/2013 15:24:56,10/14/2013,15:24:56,0.00,8.17,62.50,973.51,235
10/14/2013 15:25:26,10/14/2013,15:25:26,0.00,8.17,62.59,973.49,229
10/14/2013 15:25:56,10/14/2013,15:25:56,0.00,8.17,62.50,973.47,236
10/14/2013 15:26:26,10/14/2013,15:26:26,0.00,8.22,62.50,973.47,228
10/14/2013 15:26:56,10/14/2013,15:26:56,0.00,8.17,62.79,973.46,233
10/14/2013 15:27:26,10/14/2013,15:27:26,0.00,8.17,62.70,973.47,228
10/14/2013 15:27:56,10/14/2013,15:27:56,0.00,8.17,62.70,973.46,230
10/14/2013 15:28:26,10/14/2013,15:28:26,0.00,8.17,62.70,973.43,228
10/14/2013 15:28:56,10/14/2013,15:28:56,0.00,8.17,62.59,973.42,223
10/14/2013 15:29:26,10/14/2013,15:29:26,0.00,8.17,62.70,973.40,229
10/14/2013 15:29:56,10/14/2013,15:29:56,0.00,8.17,62.90,973.37,227
10/14/2013 15:30:26,10/14/2013,15:30:26,0.00,8.17,62.90,973.35,228
10/14/2013 15:30:56,10/14/2013,15:30:56,0.00,8.17,62.90,973.35,218
10/14/2013 15:31:26,10/14/2013,15:31:26,0.00,8.17,62.90,973.36,218
10/14/2013 15:31:56,10/14/2013,15:31:56,0.00,8.17,62.90,973.36,239
10/14/2013 15:32:26,10/14/2013,15:32:26,0.00,8.17,62.70,973.40,246
10/14/2013 15:32:56,10/14/2013,15:32:56,0.00,8.22,62.59,973.41,228
10/14/2013 15:33:26,10/14/2013,15:33:26,0.00,8.17,63.00,973.41,249
10/14/2013 15:33:56,10/14/2013,15:33:56,0.00,8.17,62.90,973.41,240
10/14/2013 15:34:26,10/14/2013,15:34:26,0.00,8.17,63.00,973.39,223
10/14/2013 15:34:56,10/14/2013,15:34:56,0.00,8.17,62.79,973.34,227
10/14/2013 15:35:26,10/14/2013,15:35:26,0.00,8.22,63.00,973.32,232
10/14/2013 15:35:56,10/14/2013,15:35:56,0.00,8.22,63.20,973.29,226
10/14/2013 15:36:26,10/14/2013,15:36:26,0.00,8.25,63.09,973.29,225
10/14/2013 15:36:56,10/14/2013,15:36:56,0.00,8.25,63.00,973.29,236
10/14/2013 15:37:26,10/14/2013,15:37:26,0.00,8.22,62.90,973.28,240
10/14/2013 15:37:56,10/14/2013,15:37:56,0.00,8.25,62.59,973.28,214
10/14/2013 15:38:26,10/14/2013,15:38:26,0.00,8.25,62.50,973.28,231
10/14/2013 15:38:56,10/14/2013,15:38:56,0.00,8.22,62.59,973.28,233
10/14/2013 15:39:26,10/14/2013,15:39:26,0.00,8.25,62.79,973.27,228
10/14/2013 15:39:56,10/14/2013,15:39:56,0.00,8.25,62.50,973.22,232
10/14/2013 15:40:26,10/14/2013,15:40:26,0.00,8.25,62.40,973.20,229
10/14/2013 15:40:56,10/14/2013,15:40:56,0.00,8.25,62.59,973.19,218
10/14/2013 15:41:26,10/14/2013,15:41:26,0.00,8.25,62.50,973.19,224
10/14/2013 15:41:56,10/14/2013,15:41:56,0.00,8.22,62.59,973.19,230
10/14/2013 15:42:26,10/14/2013,15:42:26,0.00,8.22,62.70,973.20,227
10/14/2013 15:42:56,10/14/2013,15:42:56,0.00,8.22,62.59,973.21,227
10/14/2013 15:43:26,10/14/2013,15:43:26,0.00,8.22,62.50,973.21,239
10/14/2013 15:43:56,10/14/2013,15:43:56,0.00,8.25,62.50,973.20,233
10/14/2013 15:44:26,10/14/2013,15:44:26,0.00,8.25,62.40,973.24,232
10/14/2013 15:44:56,10/14/2013,15:44:56,0.00,8.25,62.50,973.22,230
10/14/2013 15:45:26,10/14/2013,15:45:26,0.00,8.25,62.59,973.21,229
10/14/2013 15:45:56,10/14/2013,15:45:56,0.00,8.25,62.79,973.20,227
10/14/2013 15:46:26,10/14/2013,15:46:26,0.00,8.25,62.29,973.18,228
10/14/2013 15:46:56,10/14/2013,15:46:56,0.00,8.25,62.40,973.18,217
10/14/2013 15:47:26,10/14/2013,15:47:26,0.00,8.25,62.20,973.17,220
10/14/2013 15:47:56,10/14/2013,15:47:56,0.00,8.25,62.40,973.14,219
10/14/2013 15:48:26,10/14/2013,15:48:26,0.00,8.25,62.09,973.13,195
10/14/2013 15:48:56,10/14/2013,15:48:56,0.00,8.17,62.40,973.11,242
10/14/2013 15:49:26,10/14/2013,15:49:26,0.00,8.17,62.40,973.10,207
10/14/2013 15:49:56,10/14/2013,15:49:56,0.00,8.17,62.40,973.04,210
10/14/2013 15:50:26,10/14/2013,15:50:26,0.00,8.12,62.09,973.04,246
10/14/2013 15:50:56,10/14/2013,15:50:56,0.00,8.12,62.09,973.03,223
10/14/2013 15:51:26,10/14/2013,15:51:26,0.00,8.10,62.50,973.04,227
10/14/2013 15:51:56,10/14/2013,15:51:56,0.00,8.10,62.59,973.01,225
10/14/2013 15:52:26,10/14/2013,15:52:26,0.00,8.05,62.50,973.00,238
10/14/2013 15:52:56,10/14/2013,15:52:56,0.00,8.05,62.29,972.99,218
10/14/2013 15:53:26,10/14/2013,15:53:26,0.00,8.02,62.59,972.99,225
10/14/2013 15:53:56,10/14/2013,15:53:56,0.00,8.02,62.29,972.96,239
10/14/2013 15:54:26,10/14/2013,15:54:26,0.00,8.02,62.40,972.93,232
10/14/2013 15:54:56,10/14/2013,15:54:56,0.00,7.97,62.50,972.91,237
10/14/2013 15:55:26,10/14/2013,15:55:26,0.00,8.02,62.59,972.87,228
10/14/2013 15:55:56,10/14/2013,15:55:56,0.00,7.92,62.79,972.85,242
10/14/2013 15:56:26,10/14/2013,15:56:26,0.00,7.92,62.70,972.86,212
10/14/2013 15:56:56,10/14/2013,15:56:56,0.00,7.92,62.70,972.87,234
10/14/2013 15:57:26,10/14/2013,15:57:26,0.00,7.92,62.79,972.89,229
10/14/2013 15:57:56,10/14/2013,15:57:56,0.00,7.92,62.70,972.90,232
10/14/2013 15:58:26,10/14/2013,15:58:26,0.00,7.90,62.70,972.91,231
10/14/2013 15:58:56,10/14/2013,15:58:56,0.00,7.84,62.90,972.93,221
10/14/2013 15:59:26,10/14/2013,15:59:26,0.00,7.84,62.90,972.93,225
10/14/2013 15:59:56,10/14/2013,15:59:56,0.00,7.84,62.79,972.89,228
10/14/2013 16:00:26,10/14/2013,16:00:26,0.00,7.82,62.90,972.90,223
10/14/2013 16:00:56,10/14/2013,16:00:56,0.00,7.77,63.20,972.87,223
10/14/2013 16:01:26,10/14/2013,16:01:26,0.00,7.77,63.20,972.86,225
10/14/2013 16:01:56,10/14/2013,16:01:56,0.00,7.77,63.20,972.84,218
10/14/2013 16:02:26,10/14/2013,16:02:26,0.00,7.75,63.29,972.85,233
10/14/2013 16:02:56,10/14/2013,16:02:56,0.00,7.69,63.09,972.85,232
10/14/2013 16:03:26,10/14/2013,16:03:26,0.00,7.69,63.20,972.85,221
10/14/2013 16:03:56,10/14/2013,16:03:56,0.00,7.62,63.29,972.85,236
10/14/2013 16:04:26,10/14/2013,16:04:26,0.00,7.62,63.40,972.83,233
10/14/2013 16:04:56,10/14/2013,16:04:56,0.00,7.62,63.29,972.82,235
10/14/2013 16:05:26,10/14/2013,16:05:26,0.00,7.57,63.50,972.79,230
10/14/2013 16:05:56,10/14/2013,16:05:56,0.00,7.55,63.59,972.77,212
10/14/2013 16:06:26,10/14/2013,16:06:26,0.00,7.55,63.40,972.76,243
10/14/2013 16:06:56,10/14/2013,16:06:56,0.00,7.50,63.29,972.77,233
10/14/2013 16:07:26,10/14/2013,16:07:26,0.00,7.50,63.40,972.76,242
10/14/2013 16:07:56,10/14/2013,16:07:56,0.00,7.47,63.40,972.74,233
10/14/2013 16:08:26,10/14/2013,16:08:26,0.00,7.47,63.50,972.72,242
10/14/2013 16:08:56,10/14/2013,16:08:56,0.00,7.37,63.70,972.74,233
10/14/2013 16:09:26,10/14/2013,16:09:26,0.00,7.37,63.59,972.75,237
10/14/2013 16:09:56,10/14/2013,16:09:56,0.00,7.34,63.70,972.74,237
10/14/2013 16:10:26,10/14/2013,16:10:26,0.00,7.30,63.79,972.75,242
10/14/2013 16:10:56,10/14/2013,16:10:56,0.00,7.30,63.90,972.78,233
10/14/2013 16:11:26,10/14/2013,16:11:26,0.00,7.30,64.00,972.81,235
10/14/2013 16:11:56,10/14/2013,16:11:56,0.00,7.22,64.09,972.81,239
10/14/2013 16:12:26,10/14/2013,16:12:26,0.00,7.22,64.30,972.84,238
10/14/2013 16:12:56,10/14/2013,16:12:56,0.00,7.17,64.30,972.84,233
10/14/2013 16:13:26,10/14/2013,16:13:26,0.00,7.17,64.50,972.84,226
10/14/2013 16:13:56,10/14/2013,16:13:56,0.00,7.15,64.50,972.82,234
10/14/2013 16:14:26,10/14/2013,16:14:26,0.00,7.15,64.69,972.82,235
10/14/2013 16:14:56,10/14/2013,16:14:56,0.00,7.07,64.59,972.81,236
10/14/2013 16:15:26,10/14/2013,16:15:26,0.00,7.07,64.69,972.83,238
10/14/2013 16:15:56,10/14/2013,16:15:56,0.00,7.07,64.80,972.82,239
10/14/2013 16:16:26,10/14/2013,16:16:26,0.00,7.00,64.80,972.84,235
10/14/2013 16:16:56,10/14/2013,16:16:56,0.00,7.00,64.90,972.83,232
10/14/2013 16:17:26,10/14/2013,16:17:26,0.00,7.00,65.00,972.83,233
10/14/2013 16:17:56,10/14/2013,16:17:56,0.00,6.94,65.00,972.81,233
10/14/2013 16:18:26,10/14/2013,16:18:26,0.00,6.90,65.09,972.78,221
10/14/2013 16:18:56,10/14/2013,16:18:56,0.00,6.90,65.19,972.78,224
10/14/2013 16:19:26,10/14/2013,16:19:26,0.00,6.90,65.19,972.77,239
10/14/2013 16:19:56,10/14/2013,16:19:56,0.00,6.90,65.30,972.77,239
10/14/2013 16:20:26,10/14/2013,16:20:26,0.00,6.87,65.30,972.77,238
10/14/2013 16:20:56,10/14/2013,16:20:56,0.00,6.87,65.19,972.77,235
10/14/2013 16:21:26,10/14/2013,16:21:26,0.00,6.87,65.19,972.78,240
10/14/2013 16:21:56,10/14/2013,16:21:56,0.00,6.87,65.19,972.78,243
10/14/2013 16:22:26,10/14/2013,16:22:26,0.00,6.82,65.19,972.79,237
10/14/2013 16:22:56,10/14/2013,16:22:56,0.00,6.82,65.30,972.79,243
10/14/2013 16:23:26,10/14/2013,16:23:26,0.00,6.80,65.30,972.83,243
10/14/2013 16:23:56,10/14/2013,16:23:56,0.00,6.75,65.40,972.85,240
10/14/2013 16:24:26,10/14/2013,16:24:26,0.00,6.69,65.50,972.86,240
10/14/2013 16:24:56,10/14/2013,16:24:56,0.00,6.69,65.59,972.87,241
10/14/2013 16:25:26,10/14/2013,16:25:26,0.00,6.67,65.80,972.86,241
10/14/2013 16:25:56,10/14/2013,16:25:56,0.00,6.67,65.90,972.90,243
10/14/2013 16:26:26,10/14/2013,16:26:26,0.00,6.67,66.00,972.90,243
10/14/2013 16:26:56,10/14/2013,16:26:56,0.00,6.67,66.19,972.91,243
10/14/2013 16:27:26,10/14/2013,16:27:26,0.00,6.67,66.19,972.92,243
10/14/2013 16:27:56,10/14/2013,16:27:56,0.00,6.67,66.30,972.93,245
10/14/2013 16:28:26,10/14/2013,16:28:26,0.00,6.67,66.30,972.92,239
10/14/2013 16:28:56,10/14/2013,16:28:56,0.00,6.67,66.30,972.90,237
10/14/2013 16:29:26,10/14/2013,16:29:26,0.00,6.69,66.19,972.89,240
10/14/2013 16:29:56,10/14/2013,16:29:56,0.00,6.69,66.09,972.89,238
10/14/2013 16:30:26,10/14/2013,16:30:26,0.00,6.75,66.00,972.90,235
10/14/2013 16:30:56,10/14/2013,16:30:56,0.00,6.75,66.00,972.91,240
10/14/2013 16:31:26,10/14/2013,16:31:26,0.00,6.75,66.00,972.90,237
10/14/2013 16:31:56,10/14/2013,16:31:56,0.00,6.75,66.00,972.93,238
10/14/2013 16:32:26,10/14/2013,16:32:26,0.00,6.80,66.09,972.94,238
10/14/2013 16:32:56,10/14/2013,16:32:56,0.00,6.80,66.00,972.97,238
10/14/2013 16:33:26,10/14/2013,16:33:26,0.00,6.80,65.80,972.97,241
10/14/2013 16:33:56,10/14/2013,16:33:56,0.00,6.82,65.90,972.96,244
10/14/2013 16:34:26,10/14/2013,16:34:26,0.00,6.82,65.69,972.93,240
10/14/2013 16:34:56,10/14/2013,16:34:56,0.00,6.82,65.90,972.91,240
10/14/2013 16:35:26,10/14/2013,16:35:26,0.00,6.82,65.80,972.89,240
10/14/2013 16:35:56,10/14/2013,16:35:56,0.00,6.82,65.69,972.87,238
10/14/2013 16:36:26,10/14/2013,16:36:26,0.00,6.82,65.80,972.86,244
10/14/2013 16:36:56,10/14/2013,16:36:56,0.00,6.82,65.59,972.87,238
10/14/2013 16:37:26,10/14/2013,16:37:26,0.00,6.87,65.50,972.86,239
10/14/2013 16:37:56,10/14/2013,16:37:56,0.00,6.82,65.69,972.84,236
10/14/2013 16:38:26,10/14/2013,16:38:26,0.00,6.87,65.80,972.83,237
10/14/2013 16:38:56,10/14/2013,16:38:56,0.00,6.82,65.90,972.82,236
10/14/2013 16:39:26,10/14/2013,16:39:26,0.00,6.82,65.90,972.82,233
10/14/2013 16:39:56,10/14/2013,16:39:56,0.00,6.82,65.90,972.81,238
10/14/2013 16:40:26,10/14/2013,16:40:26,0.00,6.82,65.69,972.81,243
10/14/2013 16:40:56,10/14/2013,16:40:56,0.00,6.82,65.90,972.79,237
10/14/2013 16:41:26,10/14/2013,16:41:26,0.00,6.82,65.90,972.78,242
10/14/2013 16:41:56,10/14/2013,16:41:56,0.00,6.82,66.00,972.77,215
10/14/2013 16:42:26,10/14/2013,16:42:26,0.00,6.82,66.19,972.76,220
10/14/2013 16:42:56,10/14/2013,16:42:56,0.00,6.82,66.19,972.72,235
10/14/2013 16:43:26,10/14/2013,16:43:26,0.00,6.82,66.30,972.74,235
10/14/2013 16:43:56,10/14/2013,16:43:56,0.00,6.82,66.19,972.71,237
10/14/2013 16:44:26,10/14/2013,16:44:26,0.00,6.80,66.19,972.75,230
10/14/2013 16:44:56,10/14/2013,16:44:56,0.00,6.75,66.30,972.76,226
10/14/2013 16:45:26,10/14/2013,16:45:26,0.00,6.75,66.40,972.76,229
10/14/2013 16:45:56,10/14/2013,16:45:56,0.00,6.75,66.40,972.76,232
10/14/2013 16:46:26,10/14/2013,16:46:26,0.00,6.75,66.50,972.76,227
10/14/2013 16:46:56,10/14/2013,16:46:56,0.00,6.75,66.59,972.74,226
10/14/2013 16:47:26,10/14/2013,16:47:26,0.00,6.75,66.69,972.74,226
10/14/2013 16:47:56,10/14/2013,16:47:56,0.00,6.75,66.59,972.71,224
10/14/2013 16:48:26,10/14/2013,16:48:26,0.00,6.75,66.69,972.74,228
10/14/2013 16:48:56,10/14/2013,16:48:56,0.00,6.80,66.59,972.72,227
10/14/2013 16:49:26,10/14/2013,16:49:26,0.00,6.80,66.59,972.71,232
10/14/2013 16:49:56,10/14/2013,16:49:56,0.00,6.80,66.40,972.69,232
10/14/2013 16:50:26,10/14/2013,16:50:26,0.00,6.80,66.50,972.67,222
10/14/2013 16:50:56,10/14/2013,16:50:56,0.00,6.82,66.59,972.65,212
10/14/2013 16:51:26,10/14/2013,16:51:26,0.00,6.82,66.59,972.65,212
10/14/2013 16:51:56,10/14/2013,16:51:56,0.00,6.82,66.59,972.63,213
10/14/2013 16:52:26,10/14/2013,16:52:26,0.00,6.82,66.59,972.61,212
10/14/2013 16:52:56,10/14/2013,16:52:56,0.00,6.82,66.59,972.57,213
10/14/2013 16:53:26,10/14/2013,16:53:26,0.00,6.82,66.59,972.57,211
10/14/2013 16:53:56,10/14/2013,16:53:56,0.00,6.82,66.50,972.56,211
10/14/2013 16:54:26,10/14/2013,16:54:26,0.00,6.82,66.69,972.51,212
10/14/2013 16:54:56,10/14/2013,16:54:56,0.00,6.82,66.59,972.51,212
10/14/2013 16:55:26,10/14/2013,16:55:26,0.00,6.80,66.69,972.49,212
10/14/2013 16:55:56,10/14/2013,16:55:56,0.00,6.82,66.69,972.44,215
10/14/2013 16:56:26,10/14/2013,16:56:26,0.00,6.82,66.59,972.42,215
10/14/2013 16:56:56,10/14/2013,16:56:56,0.00,6.80,66.80,972.42,182
10/14/2013 16:57:26,10/14/2013,16:57:26,0.00,6.75,66.69,972.43,180
10/14/2013 16:57:56,10/14/2013,16:57:56,0.00,6.75,66.69,972.43,194
10/14/2013 16:58:26,10/14/2013,16:58:26,0.00,6.75,66.80,972.43,201
10/14/2013 16:58:56,10/14/2013,16:58:56,0.00,6.75,66.69,972.43,200
10/14/2013 16:59:26,10/14/2013,16:59:26,0.00,6.75,66.59,972.42,226
10/14/2013 16:59:56,10/14/2013,16:59:56,0.00,6.69,66.50,972.41,231
10/14/2013 17:00:26,10/14/2013,17:00:26,0.00,6.69,66.50,972.41,228
10/14/2013 17:00:56,10/14/2013,17:00:56,0.00,6.69,66.69,972.41,227
10/14/2013 17:01:26,10/14/2013,17:01:26,0.00,6.69,66.80,972.42,219
10/14/2013 17:01:56,10/14/2013,17:01:56,0.00,6.67,66.69,972.43,212
10/14/2013 17:02:26,10/14/2013,17:02:26,0.00,6.67,66.59,972.42,212
10/14/2013 17:02:56,10/14/2013,17:02:56,0.00,6.67,66.59,972.41,206
10/14/2013 17:03:26,10/14/2013,17:03:26,0.00,6.67,66.50,972.41,200
10/14/2013 17:03:56,10/14/2013,17:03:56,0.00,6.62,66.50,972.40,204
10/14/2013 17:04:26,10/14/2013,17:04:26,0.00,6.67,66.59,972.40,204
10/14/2013 17:04:56,10/14/2013,17:04:56,0.00,6.67,66.59,972.40,204
10/14/2013 17:05:26,10/14/2013,17:05:26,0.00,6.67,66.40,972.41,204
10/14/2013 17:05:56,10/14/2013,17:05:56,0.00,6.67,66.50,972.39,203
10/14/2013 17:06:26,10/14/2013,17:06:26,0.00,6.67,66.59,972.38,215
10/14/2013 17:06:56,10/14/2013,17:06:56,0.00,6.67,66.59,972.38,237
10/14/2013 17:07:26,10/14/2013,17:07:26,0.00,6.67,66.59,972.38,201
10/14/2013 17:07:56,10/14/2013,17:07:56,0.00,6.67,66.69,972.38,230
10/14/2013 17:08:26,10/14/2013,17:08:26,0.00,6.67,66.50,972.36,230
10/14/2013 17:08:56,10/14/2013,17:08:56,0.00,6.67,66.59,972.36,230
10/14/2013 17:09:26,10/14/2013,17:09:26,0.00,6.67,66.50,972.35,227
10/14/2013 17:09:56,10/14/2013,17:09:56,0.00,6.67,66.59,972.34,204
10/14/2013 17:10:26,10/14/2013,17:10:26,0.00,6.67,66.59,972.34,207
10/14/2013 17:10:56,10/14/2013,17:10:56,0.00,6.67,66.59,972.34,207
10/14/2013 17:11:26,10/14/2013,17:11:26,0.00,6.67,66.69,972.33,229
10/14/2013 17:11:56,10/14/2013,17:11:56,0.00,6.67,66.59,972.32,224
10/14/2013 17:12:26,10/14/2013,17:12:26,0.00,6.67,66.69,972.31,224
10/14/2013 17:12:56,10/14/2013,17:12:56,0.00,6.67,66.69,972.32,224
10/14/2013 17:13:26,10/14/2013,17:13:26,0.00,6.67,66.59,972.31,224
10/14/2013 17:13:56,10/14/2013,17:13:56,0.00,6.67,66.59,972.31,222
10/14/2013 17:14:26,10/14/2013,17:14:26,0.00,6.67,66.59,972.29,228
10/14/2013 17:14:56,10/14/2013,17:14:56,0.00,6.67,66.69,972.31,228
10/14/2013 17:15:26,10/14/2013,17:15:26,0.00,6.67,66.69,972.28,228
10/14/2013 17:15:56,10/14/2013,17:15:56,0.00,6.67,66.80,972.27,221
10/14/2013 17:16:26,10/14/2013,17:16:26,0.00,6.69,66.90,972.27,198
10/14/2013 17:16:56,10/14/2013,17:16:56,0.00,6.67,66.80,972.26,205
10/14/2013 17:17:26,10/14/2013,17:17:26,0.00,6.69,66.80,972.26,208
10/14/2013 17:17:56,10/14/2013,17:17:56,0.00,6.67,66.69,972.22,208
10/14/2013 17:18:26,10/14/2013,17:18:26,0.00,6.69,66.80,972.22,208
10/14/2013 17:18:56,10/14/2013,17:18:56,0.00,6.69,66.90,972.22,222
10/14/2013 17:19:26,10/14/2013,17:19:26,0.00,6.69,66.90,972.22,221
10/14/2013 17:19:56,10/14/2013,17:19:56,0.00,6.69,67.00,972.22,235
10/14/2013 17:20:26,10/14/2013,17:20:26,0.00,6.69,66.90,972.22,241
10/14/2013 17:20:56,10/14/2013,17:20:56,0.00,6.75,66.90,972.21,246
10/14/2013 17:21:26,10/14/2013,17:21:26,0.00,6.69,66.80,972.22,235
10/14/2013 17:21:56,10/14/2013,17:21:56,0.00,6.75,66.90,972.20,244
10/14/2013 17:22:26,10/14/2013,17:22:26,0.00,6.69,66.90,972.20,245
10/14/2013 17:22:56,10/14/2013,17:22:56,0.00,6.75,66.69,972.20,238
10/14/2013 17:23:26,10/14/2013,17:23:26,0.00,6.75,66.69,972.21,238
10/14/2013 17:23:56,10/14/2013,17:23:56,0.00,6.75,66.69,972.19,238
10/14/2013 17:24:26,10/14/2013,17:24:26,0.00,6.75,66.80,972.19,235
10/14/2013 17:24:56,10/14/2013,17:24:56,0.00,6.75,66.90,972.17,237
10/14/2013 17:25:26,10/14/2013,17:25:26,0.00,6.75,66.69,972.17,240
10/14/2013 17:25:56,10/14/2013,17:25:56,0.00,6.75,66.69,972.15,174
10/14/2013 17:26:26,10/14/2013,17:26:26,0.00,6.75,66.80,972.15,218
10/14/2013 17:26:56,10/14/2013,17:26:56,0.00,6.75,66.69,972.18,215
10/14/2013 17:27:26,10/14/2013,17:27:26,0.00,6.75,66.19,972.18,185
10/14/2013 17:27:56,10/14/2013,17:27:56,0.00,6.80,66.09,972.18,186
10/14/2013 17:28:26,10/14/2013,17:28:26,0.00,6.82,66.00,972.17,188
10/14/2013 17:28:56,10/14/2013,17:28:56,0.00,6.82,66.19,972.13,188
10/14/2013 17:29:26,10/14/2013,17:29:26,0.00,6.82,66.00,972.11,205
10/14/2013 17:29:56,10/14/2013,17:29:56,0.00,6.90,65.59,972.10,195
10/14/2013 17:30:26,10/14/2013,17:30:26,0.00,6.87,65.69,972.07,193
10/14/2013 17:30:56,10/14/2013,17:30:56,0.00,6.90,65.30,972.06,189
10/14/2013 17:31:26,10/14/2013,17:31:26,0.00,6.94,65.40,972.04,198
10/14/2013 17:31:56,10/14/2013,17:31:56,0.00,7.00,65.30,972.00,194
10/14/2013 17:32:26,10/14/2013,17:32:26,0.00,7.00,65.19,971.99,196
10/14/2013 17:32:56,10/14/2013,17:32:56,0.00,7.00,65.40,971.98,194
10/14/2013 17:33:26,10/14/2013,17:33:26,0.00,7.00,65.19,971.98,208
10/14/2013 17:33:56,10/14/2013,17:33:56,0.00,7.02,65.00,971.98,203
10/14/2013 17:34:26,10/14/2013,17:34:26,0.00,7.02,65.19,971.96,205
10/14/2013 17:34:56,10/14/2013,17:34:56,0.00,7.15,64.19,971.96,197
10/14/2013 17:35:26,10/14/2013,17:35:26,0.00,7.07,64.40,971.92,197
10/14/2013 17:35:56,10/14/2013,17:35:56,0.00,7.09,64.50,971.91,201
10/14/2013 17:36:26,10/14/2013,17:36:26,0.00,7.09,64.50,971.89,204
10/14/2013 17:36:56,10/14/2013,17:36:56,0.00,7.15,64.30,971.88,203
10/14/2013 17:37:26,10/14/2013,17:37:26,0.00,7.09,64.59,971.86,200
10/14/2013 17:37:56,10/14/2013,17:37:56,0.00,7.09,64.30,971.86,203
10/14/2013 17:38:26,10/14/2013,17:38:26,0.00,7.15,64.00,971.86,195
10/14/2013 17:38:56,10/14/2013,17:38:56,0.00,7.15,64.50,971.84,206
10/14/2013 17:39:26,10/14/2013,17:39:26,0.00,7.15,64.50,971.83,202
10/14/2013 17:39:56,10/14/2013,17:39:56,0.00,7.22,63.90,971.82,209
10/14/2013 17:40:26,10/14/2013,17:40:26,0.00,7.22,63.90,971.79,204
10/14/2013 17:40:56,10/14/2013,17:40:56,0.00,7.22,63.90,971.81,196
10/14/2013 17:41:26,10/14/2013,17:41:26,0.00,7.22,63.90,971.81,205
10/14/2013 17:41:56,10/14/2013,17:41:56,0.00,7.30,63.50,971.81,203
10/14/2013 17:42:26,10/14/2013,17:42:26,0.00,7.30,63.70,971.81,210
10/14/2013 17:42:56,10/14/2013,17:42:56,0.48,7.37,62.90,971.78,199
10/14/2013 17:43:26,10/14/2013,17:43:26,0.81,7.37,63.00,971.77,216
10/14/2013 17:43:56,10/14/2013,17:43:56,0.00,7.37,63.50,971.78,210
10/14/2013 17:44:26,10/14/2013,17:44:26,0.00,7.34,63.79,971.79,203
10/14/2013 17:44:56,10/14/2013,17:44:56,0.00,7.37,63.09,971.77,191
10/14/2013 17:45:26,10/14/2013,17:45:26,0.00,7.42,63.00,971.78,197
10/14/2013 17:45:56,10/14/2013,17:45:56,0.00,7.37,63.09,971.76,154
10/14/2013 17:46:26,10/14/2013,17:46:26,0.49,7.42,63.00,971.74,216
10/14/2013 17:46:56,10/14/2013,17:46:56,0.00,7.47,63.00,971.75,200
10/14/2013 17:47:26,10/14/2013,17:47:26,0.00,7.47,63.40,971.75,208
10/14/2013 17:47:56,10/14/2013,17:47:56,0.30,7.47,63.00,971.72,158
10/14/2013 17:48:26,10/14/2013,17:48:26,0.00,7.47,62.90,971.76,202
10/14/2013 17:48:56,10/14/2013,17:48:56,0.00,7.47,63.20,971.75,188
10/14/2013 17:49:26,10/14/2013,17:49:26,0.00,7.47,63.00,971.72,193
10/14/2013 17:49:56,10/14/2013,17:49:56,0.62,7.50,62.79,971.69,181
10/14/2013 17:50:26,10/14/2013,17:50:26,0.65,7.50,62.70,971.69,216
10/14/2013 17:50:56,10/14/2013,17:50:56,0.00,7.47,62.90,971.70,187
10/14/2013 17:51:26,10/14/2013,17:51:26,1.40,7.55,62.59,971.64,218
10/14/2013 17:51:56,10/14/2013,17:51:56,1.26,7.55,62.79,971.63,211
10/14/2013 17:52:26,10/14/2013,17:52:26,0.80,7.55,62.79,971.60,197
10/14/2013 17:52:56,10/14/2013,17:52:56,0.70,7.50,62.79,971.59,201
10/14/2013 17:53:26,10/14/2013,17:53:26,0.56,7.50,62.90,971.59,192
10/14/2013 17:53:56,10/14/2013,17:53:56,0.98,7.50,62.59,971.55,191
10/14/2013 17:54:26,10/14/2013,17:54:26,1.18,7.47,62.90,971.52,190
10/14/2013 17:54:56,10/14/2013,17:54:56,0.15,7.47,62.70,971.52,199
10/14/2013 17:55:26,10/14/2013,17:55:26,0.94,7.47,62.90,971.47,197
10/14/2013 17:55:56,10/14/2013,17:55:56,0.44,7.47,62.79,971.48,203
10/14/2013 17:56:26,10/14/2013,17:56:26,1.29,7.42,62.70,971.43,185
10/14/2013 17:56:56,10/14/2013,17:56:56,0.73,7.37,63.00,971.43,193
10/14/2013 17:57:26,10/14/2013,17:57:26,0.00,7.34,63.20,971.46,198
10/14/2013 17:57:56,10/14/2013,17:57:56,0.00,7.34,63.09,971.48,207
10/14/2013 17:58:26,10/14/2013,17:58:26,0.13,7.30,63.40,971.48,200
10/14/2013 17:58:56,10/14/2013,17:58:56,0.81,7.30,63.00,971.43,195
10/14/2013 17:59:26,10/14/2013,17:59:26,0.13,7.34,62.90,971.43,190
10/14/2013 17:59:56,10/14/2013,17:59:56,0.99,7.34,62.90,971.42,160
10/14/2013 18:00:26,10/14/2013,18:00:26,0.91,7.30,62.90,971.41,200
10/14/2013 18:00:56,10/14/2013,18:00:56,0.43,7.30,63.29,971.41,201
10/14/2013 18:01:26,10/14/2013,18:01:26,0.97,7.30,62.90,971.34,201
10/14/2013 18:01:56,10/14/2013,18:01:56,1.06,7.37,62.59,971.31,204
10/14/2013 18:02:26,10/14/2013,18:02:26,1.52,7.37,62.40,971.28,155
10/14/2013 18:02:56,10/14/2013,18:02:56,0.81,7.30,62.70,971.30,196
10/14/2013 18:03:26,10/14/2013,18:03:26,1.01,7.30,63.09,971.30,190
10/14/2013 18:03:56,10/14/2013,18:03:56,0.12,7.30,62.90,971.31,192
10/14/2013 18:04:26,10/14/2013,18:04:26,0.52,7.30,62.29,971.31,202
10/14/2013 18:04:56,10/14/2013,18:04:56,0.54,7.34,62.59,971.30,180
10/14/2013 18:05:26,10/14/2013,18:05:26,0.43,7.34,62.70,971.28,206
10/14/2013 18:05:56,10/14/2013,18:05:56,0.00,7.34,62.50,971.32,191
10/14/2013 18:06:26,10/14/2013,18:06:26,0.74,7.37,62.20,971.27,162
10/14/2013 18:06:56,10/14/2013,18:06:56,0.36,7.34,62.59,971.27,160
10/14/2013 18:07:26,10/14/2013,18:07:26,0.52,7.30,62.90,971.25,195
10/14/2013 18:07:56,10/14/2013,18:07:56,0.90,7.30,62.40,971.23,156
10/14/2013 18:08:26,10/14/2013,18:08:26,0.27,7.30,63.00,971.24,174
10/14/2013 18:08:56,10/14/2013,18:08:56,0.74,7.30,62.70,971.20,160
10/14/2013 18:09:26,10/14/2013,18:09:26,0.36,7.30,62.50,971.20,195
10/14/2013 18:09:56,10/14/2013,18:09:56,0.00,7.30,62.40,971.23,187
10/14/2013 18:10:26,10/14/2013,18:10:26,0.58,7.34,62.20,971.20,163
10/14/2013 18:10:56,10/14/2013,18:10:56,0.80,7.30,62.79,971.21,195
10/14/2013 18:11:26,10/14/2013,18:11:26,0.59,7.30,62.79,971.23,171
10/14/2013 18:11:56,10/14/2013,18:11:56,0.05,7.30,62.90,971.24,204
10/14/2013 18:12:26,10/14/2013,18:12:26,1.04,7.34,62.40,971.23,167
10/14/2013 18:12:56,10/14/2013,18:12:56,0.19,7.37,62.29,971.23,157
10/14/2013 18:13:26,10/14/2013,18:13:26,0.91,7.30,62.70,971.19,198
10/14/2013 18:13:56,10/14/2013,18:13:56,1.16,7.42,62.09,971.16,165
10/14/2013 18:14:26,10/14/2013,18:14:26,0.80,7.37,62.09,971.12,202
10/14/2013 18:14:56,10/14/2013,18:14:56,0.49,7.37,62.40,971.09,195
10/14/2013 18:15:26,10/14/2013,18:15:26,0.00,7.37,62.40,971.12,198
10/14/2013 18:15:56,10/14/2013,18:15:56,0.00,7.37,62.50,971.11,198
10/14/2013 18:16:26,10/14/2013,18:16:26,0.00,7.37,62.50,971.10,196
10/14/2013 18:16:56,10/14/2013,18:16:56,0.00,7.42,62.00,971.09,188
10/14/2013 18:17:26,10/14/2013,18:17:26,0.13,7.42,62.20,971.10,183
10/14/2013 18:17:56,10/14/2013,18:17:56,0.00,7.47,61.70,971.11,188
10/14/2013 18:18:26,10/14/2013,18:18:26,0.29,7.37,61.90,971.09,193
10/14/2013 18:18:56,10/14/2013,18:18:56,0.00,7.47,62.00,971.11,187
10/14/2013 18:19:26,10/14/2013,18:19:26,0.00,7.50,61.59,971.12,195
10/14/2013 18:19:56,10/14/2013,18:19:56,0.00,7.47,61.40,971.13,206
10/14/2013 18:20:26,10/14/2013,18:20:26,0.00,7.47,61.50,971.14,203
10/14/2013 18:20:56,10/14/2013,18:20:56,0.00,7.47,61.79,971.16,214
10/14/2013 18:21:26,10/14/2013,18:21:26,0.00,7.47,61.70,971.17,201
10/14/2013 18:21:56,10/14/2013,18:21:56,0.00,7.47,62.09,971.19,200
10/14/2013 18:22:26,10/14/2013,18:22:26,0.00,7.47,61.79,971.20,199
10/14/2013 18:22:56,10/14/2013,18:22:56,0.00,7.47,62.00,971.21,215
10/14/2013 18:23:26,10/14/2013,18:23:26,0.00,7.47,62.00,971.20,211
10/14/2013 18:23:56,10/14/2013,18:23:56,0.00,7.47,61.90,971.18,189
10/14/2013 18:24:26,10/14/2013,18:24:26,0.00,7.47,61.90,971.14,192
10/14/2013 18:24:56,10/14/2013,18:24:56,0.66,7.47,61.70,971.09,201
10/14/2013 18:25:26,10/14/2013,18:25:26,0.00,7.47,61.79,971.07,196
10/14/2013 18:25:56,10/14/2013,18:25:56,0.00,7.47,61.59,971.03,156
10/14/2013 18:26:26,10/14/2013,18:26:26,0.66,7.47,62.00,970.99,149
10/14/2013 18:26:56,10/14/2013,18:26:56,0.05,7.42,62.20,970.96,168
10/14/2013 18:27:26,10/14/2013,18:27:26,0.00,7.42,62.40,970.96,176
10/14/2013 18:27:56,10/14/2013,18:27:56,1.40,7.42,62.29,970.90,158
10/14/2013 18:28:26,10/14/2013,18:28:26,1.11,7.37,62.09,970.89,175
10/14/2013 18:28:56,10/14/2013,18:28:56,1.80,7.37,62.79,970.90,160
10/14/2013 18:29:26,10/14/2013,18:29:26,0.98,7.34,62.50,970.94,178
10/14/2013 18:29:56,10/14/2013,18:29:56,0.90,7.37,62.50,970.95,165
10/14/2013 18:30:26,10/14/2013,18:30:26,0.97,7.34,62.29,970.94,146
10/14/2013 18:30:56,10/14/2013,18:30:56,1.13,7.37,62.20,970.91,159
10/14/2013 18:31:26,10/14/2013,18:31:26,1.05,7.30,62.79,970.94,187
10/14/2013 18:31:56,10/14/2013,18:31:56,0.00,7.27,62.90,971.00,178
10/14/2013 18:32:26,10/14/2013,18:32:26,0.00,7.27,63.59,971.03,160
10/14/2013 18:32:56,10/14/2013,18:32:56,0.00,7.22,63.00,971.00,168
10/14/2013 18:33:26,10/14/2013,18:33:26,0.00,7.22,62.90,971.03,182
10/14/2013 18:33:56,10/14/2013,18:33:56,0.68,7.27,62.59,970.95,161
10/14/2013 18:34:26,10/14/2013,18:34:26,0.41,7.22,62.50,970.95,182
10/14/2013 18:34:56,10/14/2013,18:34:56,0.00,7.27,62.70,970.97,183
10/14/2013 18:35:26,10/14/2013,18:35:26,0.24,7.22,62.59,970.95,173
10/14/2013 18:35:56,10/14/2013,18:35:56,0.00,7.22,63.29,970.96,178
10/14/2013 18:36:26,10/14/2013,18:36:26,0.00,7.22,63.09,970.97,191
10/14/2013 18:36:56,10/14/2013,18:36:56,0.00,7.22,63.09,970.97,194
10/14/2013 18:37:26,10/14/2013,18:37:26,0.00,7.22,62.70,970.95,164
10/14/2013 18:37:56,10/14/2013,18:37:56,0.00,7.22,62.79,970.90,194
10/14/2013 18:38:26,10/14/2013,18:38:26,0.00,7.22,62.59,970.90,187
10/14/2013 18:38:56,10/14/2013,18:38:56,0.00,7.22,62.70,970.88,192
10/14/2013 18:39:26,10/14/2013,18:39:26,0.00,7.22,62.50,970.89,185
10/14/2013 18:39:56,10/14/2013,18:39:56,0.00,7.22,62.40,970.88,209
10/14/2013 18:40:26,10/14/2013,18:40:26,0.00,7.22,62.20,970.88,192
10/14/2013 18:40:56,10/14/2013,18:40:56,0.00,7.22,62.40,970.88,197
10/14/2013 18:41:26,10/14/2013,18:41:26,0.00,7.22,62.90,970.88,185
10/14/2013 18:41:56,10/14/2013,18:41:56,0.77,7.30,62.09,970.81,208
10/14/2013 18:42:26,10/14/2013,18:42:26,0.24,7.30,62.40,970.83,211
10/14/2013 18:42:56,10/14/2013,18:42:56,0.58,7.30,61.90,970.78,193
10/14/2013 18:43:26,10/14/2013,18:43:26,0.00,7.30,61.79,970.82,201
10/14/2013 18:43:56,10/14/2013,18:43:56,0.16,7.30,61.90,970.81,195
10/14/2013 18:44:26,10/14/2013,18:44:26,0.00,7.34,61.90,970.80,197
10/14/2013 18:44:56,10/14/2013,18:44:56,0.00,7.30,61.90,970.76,181
10/14/2013 18:45:26,10/14/2013,18:45:26,0.00,7.30,62.00,970.75,223
10/14/2013 18:45:56,10/14/2013,18:45:56,0.00,7.30,62.09,970.73,192
10/14/2013 18:46:26,10/14/2013,18:46:26,0.00,7.34,62.29,970.71,203
10/14/2013 18:46:56,10/14/2013,18:46:56,0.00,7.34,61.50,970.66,201
10/14/2013 18:47:26,10/14/2013,18:47:26,0.26,7.30,62.00,970.63,170
10/14/2013 18:47:56,10/14/2013,18:47:56,0.00,7.30,61.90,970.62,198
10/14/2013 18:48:26,10/14/2013,18:48:26,0.47,7.30,62.20,970.60,193
10/14/2013 18:48:56,10/14/2013,18:48:56,0.88,7.34,62.09,970.59,204
10/14/2013 18:49:26,10/14/2013,18:49:26,0.00,7.34,61.59,970.60,187
10/14/2013 18:49:56,10/14/2013,18:49:56,0.00,7.30,62.00,970.61,208
10/14/2013 18:50:26,10/14/2013,18:50:26,0.79,7.34,61.79,970.60,187
10/14/2013 18:50:56,10/14/2013,18:50:56,0.00,7.30,61.90,970.61,210
10/14/2013 18:51:26,10/14/2013,18:51:26,0.00,7.30,61.90,970.62,201
10/14/2013 18:51:56,10/14/2013,18:51:56,0.00,7.37,61.70,970.66,217
10/14/2013 18:52:26,10/14/2013,18:52:26,0.00,7.34,61.40,970.66,186
10/14/2013 18:52:56,10/14/2013,18:52:56,0.00,7.30,61.90,970.69,205
10/14/2013 18:53:26,10/14/2013,18:53:26,0.00,7.37,61.29,970.68,211
10/14/2013 18:53:56,10/14/2013,18:53:56,0.00,7.37,61.40,970.68,180
10/14/2013 18:54:26,10/14/2013,18:54:26,0.00,7.37,61.50,970.70,197
10/14/2013 18:54:56,10/14/2013,18:54:56,0.00,7.34,61.50,970.70,193
10/14/2013 18:55:26,10/14/2013,18:55:26,0.00,7.30,62.00,970.69,174
10/14/2013 18:55:56,10/14/2013,18:55:56,0.00,7.30,61.79,970.67,210
10/14/2013 18:56:26,10/14/2013,18:56:26,0.00,7.30,61.79,970.68,211
10/14/2013 18:56:56,10/14/2013,18:56:56,0.00,7.30,61.79,970.66,189
10/14/2013 18:57:26,10/14/2013,18:57:26,0.00,7.27,62.00,970.62,207
10/14/2013 18:57:56,10/14/2013,18:57:56,0.00,7.30,61.79,970.59,180
10/14/2013 18:58:26,10/14/2013,18:58:26,0.00,7.27,62.00,970.59,173
10/14/2013 18:58:56,10/14/2013,18:58:56,0.00,7.27,61.79,970.55,156
10/14/2013 18:59:26,10/14/2013,18:59:26,0.00,7.22,62.00,970.55,208
10/14/2013 18:59:56,10/14/2013,18:59:56,0.00,7.17,62.09,970.54,210
10/14/2013 19:00:26,10/14/2013,19:00:26,0.00,7.17,62.09,970.53,199
10/14/2013 19:00:56,10/14/2013,19:00:56,0.00,7.17,62.00,970.47,185
10/14/2013 19:01:26,10/14/2013,19:01:26,0.00,7.15,62.20,970.48,206
10/14/2013 19:01:56,10/14/2013,19:01:56,0.00,7.09,62.29,970.47,197
10/14/2013 19:02:26,10/14/2013,19:02:26,0.00,7.07,62.59,970.47,189
10/14/2013 19:02:56,10/14/2013,19:02:56,0.00,7.09,62.20,970.46,199
10/14/2013 19:03:26,10/14/2013,19:03:26,0.00,7.07,62.29,970.46,191
10/14/2013 19:03:56,10/14/2013,19:03:56,0.61,7.07,62.40,970.41,195
10/14/2013 19:04:26,10/14/2013,19:04:26,0.58,7.07,62.29,970.39,191
10/14/2013 19:04:56,10/14/2013,19:04:56,0.00,7.07,62.09,970.40,188
10/14/2013 19:05:26,10/14/2013,19:05:26,0.73,7.07,61.90,970.36,175
10/14/2013 19:05:56,10/14/2013,19:05:56,0.00,7.07,61.90,970.37,202
10/14/2013 19:06:26,10/14/2013,19:06:26,0.00,7.07,62.09,970.34,191
10/14/2013 19:06:56,10/14/2013,19:06:56,0.00,7.07,61.90,970.33,201
10/14/2013 19:07:26,10/14/2013,19:07:26,0.00,7.07,61.70,970.32,187
10/14/2013 19:07:56,10/14/2013,19:07:56,0.00,7.07,62.00,970.31,199
10/14/2013 19:08:26,10/14/2013,19:08:26,0.22,7.07,61.70,970.29,216
10/14/2013 19:08:56,10/14/2013,19:08:56,0.00,7.07,61.90,970.31,211
10/14/2013 19:09:26,10/14/2013,19:09:26,0.00,7.07,61.59,970.32,192
10/14/2013 19:09:56,10/14/2013,19:09:56,0.00,7.09,61.59,970.31,200
10/14/2013 19:10:26,10/14/2013,19:10:26,0.00,7.07,61.79,970.31,198
10/14/2013 19:10:56,10/14/2013,19:10:56,0.00,7.07,61.79,970.31,196
10/14/2013 19:11:26,10/14/2013,19:11:26,0.47,7.07,61.50,970.31,198
10/14/2013 19:11:56,10/14/2013,19:11:56,0.18,7.15,61.50,970.30,195
10/14/2013 19:12:26,10/14/2013,19:12:26,0.00,7.07,62.20,970.32,190
10/14/2013 19:12:56,10/14/2013,19:12:56,0.00,7.07,61.79,970.31,203
10/14/2013 19:13:26,10/14/2013,19:13:26,0.00,7.09,61.70,970.30,202
10/14/2013 19:13:56,10/14/2013,19:13:56,0.00,7.15,61.50,970.31,168
10/14/2013 19:14:26,10/14/2013,19:14:26,0.00,7.09,61.79,970.29,191
10/14/2013 19:14:56,10/14/2013,19:14:56,0.58,7.15,61.50,970.26,220
10/14/2013 19:15:26,10/14/2013,19:15:26,0.72,7.15,61.40,970.19,207
10/14/2013 19:15:56,10/14/2013,19:15:56,0.15,7.15,61.29,970.22,196
10/14/2013 19:16:26,10/14/2013,19:16:26,0.29,7.15,61.50,970.20,205
10/14/2013 19:16:56,10/14/2013,19:16:56,0.00,7.15,61.70,970.24,204
10/14/2013 19:17:26,10/14/2013,19:17:26,0.29,7.17,61.70,970.20,210
10/14/2013 19:17:56,10/14/2013,19:17:56,1.23,7.22,61.20,970.17,202
10/14/2013 19:18:26,10/14/2013,19:18:26,0.00,7.15,61.70,970.24,217
10/14/2013 19:18:56,10/14/2013,19:18:56,0.45,7.22,61.40,970.24,200
10/14/2013 19:19:26,10/14/2013,19:19:26,0.00,7.22,61.70,970.27,208
10/14/2013 19:19:56,10/14/2013,19:19:56,0.69,7.22,61.40,970.24,204
10/14/2013 19:20:26,10/14/2013,19:20:26,0.34,7.22,61.29,970.26,204
10/14/2013 19:20:56,10/14/2013,19:20:56,0.00,7.22,61.00,970.27,192
10/14/2013 19:21:26,10/14/2013,19:21:26,0.31,7.22,61.50,970.29,210
10/14/2013 19:21:56,10/14/2013,19:21:56,0.38,7.27,61.09,970.27,196
10/14/2013 19:22:26,10/14/2013,19:22:26,0.77,7.27,61.59,970.27,187
10/14/2013 19:22:56,10/14/2013,19:22:56,0.70,7.30,61.29,970.27,188
10/14/2013 19:23:26,10/14/2013,19:23:26,0.00,7.22,61.59,970.30,210
10/14/2013 19:23:56,10/14/2013,19:23:56,0.00,7.27,61.29,970.32,194
10/14/2013 19:24:26,10/14/2013,19:24:26,0.00,7.22,61.40,970.32,194
10/14/2013 19:24:56,10/14/2013,19:24:56,0.00,7.27,61.50,970.31,209
10/14/2013 19:25:26,10/14/2013,19:25:26,0.00,7.27,61.20,970.31,199
10/14/2013 19:25:56,10/14/2013,19:25:56,0.00,7.27,61.70,970.30,200
10/14/2013 19:26:26,10/14/2013,19:26:26,0.00,7.27,61.40,970.29,223
10/14/2013 19:26:56,10/14/2013,19:26:56,0.00,7.27,61.29,970.25,195
10/14/2013 19:27:26,10/14/2013,19:27:26,0.06,7.27,61.59,970.26,206
10/14/2013 19:27:56,10/14/2013,19:27:56,0.59,7.27,61.40,970.23,199
10/14/2013 19:28:26,10/14/2013,19:28:26,0.37,7.27,61.29,970.23,210
10/14/2013 19:28:56,10/14/2013,19:28:56,0.00,7.27,61.40,970.29,198
10/14/2013 19:29:26,10/14/2013,19:29:26,0.00,7.27,61.40,970.31,201
10/14/2013 19:29:56,10/14/2013,19:29:56,0.00,7.30,61.70,970.31,205
10/14/2013 19:30:26,10/14/2013,19:30:26,0.00,7.22,61.50,970.29,178
10/14/2013 19:30:56,10/14/2013,19:30:56,0.00,7.27,61.59,970.29,198
10/14/2013 19:31:26,10/14/2013,19:31:26,0.00,7.22,61.50,970.27,192
10/14/2013 19:31:56,10/14/2013,19:31:56,0.00,7.27,61.50,970.25,178
10/14/2013 19:32:26,10/14/2013,19:32:26,0.63,7.30,61.20,970.22,212
10/14/2013 19:32:56,10/14/2013,19:32:56,0.00,7.22,61.29,970.26,197
10/14/2013 19:33:26,10/14/2013,19:33:26,0.00,7.30,61.29,970.27,190
10/14/2013 19:33:56,10/14/2013,19:33:56,0.00,7.27,61.09,970.30,207
10/14/2013 19:34:26,10/14/2013,19:34:26,0.63,7.27,61.59,970.27,194
10/14/2013 19:34:56,10/14/2013,19:34:56,0.56,7.30,61.00,970.24,180
10/14/2013 19:35:26,10/14/2013,19:35:26,0.00,7.30,61.09,970.24,192
10/14/2013 19:35:56,10/14/2013,19:35:56,0.00,7.27,61.50,970.22,213
10/14/2013 19:36:26,10/14/2013,19:36:26,0.41,7.22,61.09,970.20,219
10/14/2013 19:36:56,10/14/2013,19:36:56,0.77,7.27,61.09,970.18,208
10/14/2013 19:37:26,10/14/2013,19:37:26,0.06,7.27,61.20,970.18,201
10/14/2013 19:37:56,10/14/2013,19:37:56,0.00,7.22,61.29,970.18,201
10/14/2013 19:38:26,10/14/2013,19:38:26,0.61,7.22,61.20,970.15,206
10/14/2013 19:38:56,10/14/2013,19:38:56,0.00,7.22,61.09,970.16,200
10/14/2013 19:39:26,10/14/2013,19:39:26,0.00,7.22,61.50,970.15,193
10/14/2013 19:39:56,10/14/2013,19:39:56,0.41,7.22,61.70,970.11,209
10/14/2013 19:40:26,10/14/2013,19:40:26,0.00,7.17,61.40,970.12,193
10/14/2013 19:40:56,10/14/2013,19:40:56,0.00,7.17,61.00,970.12,201
10/14/2013 19:41:26,10/14/2013,19:41:26,0.00,7.22,61.20,970.10,206
10/14/2013 19:41:56,10/14/2013,19:41:56,0.00,7.17,61.29,970.10,181
10/14/2013 19:42:26,10/14/2013,19:42:26,0.69,7.22,61.20,970.03,200
10/14/2013 19:42:56,10/14/2013,19:42:56,0.77,7.17,61.20,970.04,199
10/14/2013 19:43:26,10/14/2013,19:43:26,0.27,7.22,61.20,970.02,184
10/14/2013 19:43:56,10/14/2013,19:43:56,0.00,7.15,61.59,970.03,191
10/14/2013 19:44:26,10/14/2013,19:44:26,0.00,7.22,61.50,969.98,196
10/14/2013 19:44:56,10/14/2013,19:44:56,0.30,7.22,61.40,969.95,167
10/14/2013 19:45:26,10/14/2013,19:45:26,0.18,7.22,61.59,969.94,205
10/14/2013 19:45:56,10/14/2013,19:45:56,0.00,7.22,61.40,969.93,190
10/14/2013 19:46:26,10/14/2013,19:46:26,0.36,7.22,61.79,969.89,198
10/14/2013 19:46:56,10/14/2013,19:46:56,0.77,7.27,61.40,969.87,206
10/14/2013 19:47:26,10/14/2013,19:47:26,0.73,7.22,61.09,969.81,211
10/14/2013 19:47:56,10/14/2013,19:47:56,0.87,7.30,61.09,969.80,194
10/14/2013 19:48:26,10/14/2013,19:48:26,0.00,7.27,61.20,969.82,204
10/14/2013 19:48:56,10/14/2013,19:48:56,0.19,7.30,61.40,969.80,201
10/14/2013 19:49:26,10/14/2013,19:49:26,0.00,7.30,61.29,969.80,200
10/14/2013 19:49:56,10/14/2013,19:49:56,0.40,7.30,61.00,969.79,204
10/14/2013 19:50:26,10/14/2013,19:50:26,0.91,7.30,61.09,969.75,190
10/14/2013 19:50:56,10/14/2013,19:50:56,0.00,7.30,61.29,969.76,211
10/14/2013 19:51:26,10/14/2013,19:51:26,0.65,7.37,61.20,969.76,203
10/14/2013 19:51:56,10/14/2013,19:51:56,0.68,7.37,60.90,969.72,192
10/14/2013 19:52:26,10/14/2013,19:52:26,0.22,7.37,61.09,969.71,211
10/14/2013 19:52:56,10/14/2013,19:52:56,0.95,7.47,61.00,969.67,198
10/14/2013 19:53:26,10/14/2013,19:53:26,0.00,7.42,60.50,969.66,204
10/14/2013 19:53:56,10/14/2013,19:53:56,0.00,7.42,60.90,969.66,194
10/14/2013 19:54:26,10/14/2013,19:54:26,0.00,7.42,61.00,969.61,220
10/14/2013 19:54:56,10/14/2013,19:54:56,0.19,7.47,60.59,969.59,212
10/14/2013 19:55:26,10/14/2013,19:55:26,0.73,7.47,61.29,969.57,217
10/14/2013 19:55:56,10/14/2013,19:55:56,1.09,7.55,60.70,969.57,207
10/14/2013 19:56:26,10/14/2013,19:56:26,0.66,7.50,61.09,969.54,191
10/14/2013 19:56:56,10/14/2013,19:56:56,0.00,7.50,61.09,969.55,200
10/14/2013 19:57:26,10/14/2013,19:57:26,1.06,7.55,60.70,969.50,212
10/14/2013 19:57:56,10/14/2013,19:57:56,0.73,7.55,60.40,969.49,169
10/14/2013 19:58:26,10/14/2013,19:58:26,0.91,7.55,60.59,969.43,178
10/14/2013 19:58:56,10/14/2013,19:58:56,0.87,7.57,60.40,969.39,205
10/14/2013 19:59:26,10/14/2013,19:59:26,0.97,7.57,60.40,969.36,200
10/14/2013 19:59:56,10/14/2013,19:59:56,1.08,7.62,60.40,969.35,210
10/14/2013 20:00:26,10/14/2013,20:00:26,0.00,7.62,60.40,969.39,205
10/14/2013 20:00:56,10/14/2013,20:00:56,0.63,7.62,60.40,969.37,189
10/14/2013 20:01:26,10/14/2013,20:01:26,1.04,7.62,60.59,969.35,193
10/14/2013 20:01:56,10/14/2013,20:01:56,0.05,7.62,60.40,969.38,189
10/14/2013 20:02:26,10/14/2013,20:02:26,0.56,7.65,60.00,969.36,201
10/14/2013 20:02:56,10/14/2013,20:02:56,0.27,7.69,60.00,969.39,206
10/14/2013 20:03:26,10/14/2013,20:03:26,0.73,7.69,59.59,969.38,193
10/14/2013 20:03:56,10/14/2013,20:03:56,0.15,7.69,60.00,969.40,182
10/14/2013 20:04:26,10/14/2013,20:04:26,1.12,7.69,60.00,969.36,204
10/14/2013 20:04:56,10/14/2013,20:04:56,1.01,7.77,59.79,969.32,196
10/14/2013 20:05:26,10/14/2013,20:05:26,0.90,7.75,59.79,969.29,190
10/14/2013 20:05:56,10/14/2013,20:05:56,0.76,7.77,60.09,969.32,203
10/14/2013 20:06:26,10/14/2013,20:06:26,0.48,7.77,59.50,969.31,205
10/14/2013 20:06:56,10/14/2013,20:06:56,0.00,7.75,59.90,969.35,185
10/14/2013 20:07:26,10/14/2013,20:07:26,1.02,7.77,59.59,969.29,205
10/14/2013 20:07:56,10/14/2013,20:07:56,0.74,7.77,59.50,969.30,209
10/14/2013 20:08:26,10/14/2013,20:08:26,0.81,7.77,59.50,969.30,198
10/14/2013 20:08:56,10/14/2013,20:08:56,0.91,7.82,59.50,969.30,203
10/14/2013 20:09:26,10/14/2013,20:09:26,0.97,7.77,59.70,969.30,199
10/14/2013 20:09:56,10/14/2013,20:09:56,0.45,7.77,59.70,969.30,195
10/14/2013 20:10:26,10/14/2013,20:10:26,0.00,7.77,60.09,969.33,201
10/14/2013 20:10:56,10/14/2013,20:10:56,0.34,7.77,59.79,969.33,217
10/14/2013 20:11:26,10/14/2013,20:11:26,0.69,7.82,59.40,969.31,202
10/14/2013 20:11:56,10/14/2013,20:11:56,0.00,7.82,60.20,969.33,192
10/14/2013 20:12:26,10/14/2013,20:12:26,0.00,7.77,60.40,969.35,197
10/14/2013 20:12:56,10/14/2013,20:12:56,0.51,7.77,59.70,969.33,182
10/14/2013 20:13:26,10/14/2013,20:13:26,0.94,7.82,59.50,969.29,200
10/14/2013 20:13:56,10/14/2013,20:13:56,1.38,7.82,59.70,969.28,183
10/14/2013 20:14:26,10/14/2013,20:14:26,0.69,7.84,59.59,969.32,211
10/14/2013 20:14:56,10/14/2013,20:14:56,0.72,7.82,59.70,969.30,148
10/14/2013 20:15:26,10/14/2013,20:15:26,0.76,7.84,59.40,969.31,196
10/14/2013 20:15:56,10/14/2013,20:15:56,0.33,7.82,59.59,969.33,223
10/14/2013 20:16:26,10/14/2013,20:16:26,0.00,7.82,59.40,969.35,198
10/14/2013 20:16:56,10/14/2013,20:16:56,0.00,7.77,59.90,969.35,196
10/14/2013 20:17:26,10/14/2013,20:17:26,0.00,7.82,59.90,969.33,182
10/14/2013 20:17:56,10/14/2013,20:17:56,0.00,7.77,60.40,969.33,204
10/14/2013 20:18:26,10/14/2013,20:18:26,0.59,7.82,59.70,969.31,195
10/14/2013 20:18:56,10/14/2013,20:18:56,0.00,7.77,60.20,969.33,212
10/14/2013 20:19:26,10/14/2013,20:19:26,0.00,7.77,60.59,969.32,171
10/14/2013 20:19:56,10/14/2013,20:19:56,0.00,7.77,60.40,969.30,222
10/14/2013 20:20:26,10/14/2013,20:20:26,0.00,7.77,60.29,969.28,167
10/14/2013 20:20:56,10/14/2013,20:20:56,0.00,7.77,60.00,969.28,212
10/14/2013 20:21:26,10/14/2013,20:21:26,0.00,7.77,60.29,969.28,188
10/14/2013 20:21:56,10/14/2013,20:21:56,0.00,7.77,60.40,969.25,190
10/14/2013 20:22:26,10/14/2013,20:22:26,0.00,7.77,60.59,969.24,217
10/14/2013 20:22:56,10/14/2013,20:22:56,0.00,7.77,60.59,969.24,179
10/14/2013 20:23:26,10/14/2013,20:23:26,0.00,7.77,60.90,969.23,196
10/14/2013 20:23:56,10/14/2013,20:23:56,0.00,7.77,60.90,969.22,212
10/14/2013 20:24:26,10/14/2013,20:24:26,0.00,7.77,61.20,969.22,214
10/14/2013 20:24:56,10/14/2013,20:24:56,0.00,7.75,61.00,969.21,228
10/14/2013 20:25:26,10/14/2013,20:25:26,0.00,7.75,60.79,969.22,203
10/14/2013 20:25:56,10/14/2013,20:25:56,0.00,7.75,61.40,969.22,197
10/14/2013 20:26:26,10/14/2013,20:26:26,0.00,7.77,60.90,969.20,192
10/14/2013 20:26:56,10/14/2013,20:26:56,0.00,7.77,60.79,969.20,219
10/14/2013 20:27:26,10/14/2013,20:27:26,0.16,7.75,61.09,969.18,233
10/14/2013 20:27:56,10/14/2013,20:27:56,0.00,7.77,60.59,969.16,235
10/14/2013 20:28:26,10/14/2013,20:28:26,0.00,7.75,61.09,969.15,206
10/14/2013 20:28:56,10/14/2013,20:28:56,0.00,7.77,61.09,969.15,237
10/14/2013 20:29:26,10/14/2013,20:29:26,0.00,7.77,61.00,969.14,244
10/14/2013 20:29:56,10/14/2013,20:29:56,0.00,7.77,61.29,969.11,239
10/14/2013 20:30:26,10/14/2013,20:30:26,0.00,7.77,61.20,969.11,218
10/14/2013 20:30:56,10/14/2013,20:30:56,0.00,7.77,60.90,969.10,231
10/14/2013 20:31:26,10/14/2013,20:31:26,0.00,7.77,61.29,969.10,231
10/14/2013 20:31:56,10/14/2013,20:31:56,0.00,7.77,61.20,969.10,201
10/14/2013 20:32:26,10/14/2013,20:32:26,0.00,7.77,61.00,969.10,240
10/14/2013 20:32:56,10/14/2013,20:32:56,0.00,7.82,61.40,969.09,229
10/14/2013 20:33:26,10/14/2013,20:33:26,0.00,7.77,61.00,969.09,218
10/14/2013 20:33:56,10/14/2013,20:33:56,0.00,7.82,61.29,969.07,221
10/14/2013 20:34:26,10/14/2013,20:34:26,0.00,7.82,60.90,969.07,233
10/14/2013 20:34:56,10/14/2013,20:34:56,0.00,7.82,61.20,969.07,236
10/14/2013 20:35:26,10/14/2013,20:35:26,0.41,7.82,61.09,969.06,231
10/14/2013 20:35:56,10/14/2013,20:35:56,0.00,7.82,61.20,969.06,233
10/14/2013 20:36:26,10/14/2013,20:36:26,0.00,7.84,60.59,969.06,252
10/14/2013 20:36:56,10/14/2013,20:36:56,0.00,7.84,61.00,969.05,244
10/14/2013 20:37:26,10/14/2013,20:37:26,0.05,7.84,60.59,969.00,216
10/14/2013 20:37:56,10/14/2013,20:37:56,0.52,7.92,60.09,968.98,232
10/14/2013 20:38:26,10/14/2013,20:38:26,0.05,7.90,61.00,969.01,256
10/14/2013 20:38:56,10/14/2013,20:38:56,0.00,7.90,60.50,968.99,238
10/14/2013 20:39:26,10/14/2013,20:39:26,0.00,7.84,60.70,969.01,245
10/14/2013 20:39:56,10/14/2013,20:39:56,0.00,7.84,61.00,969.00,246
10/14/2013 20:40:26,10/14/2013,20:40:26,0.00,7.84,61.20,969.00,244
10/14/2013 20:40:56,10/14/2013,20:40:56,0.00,7.84,60.59,968.99,210
10/14/2013 20:41:26,10/14/2013,20:41:26,0.00,7.84,60.90,968.99,242
10/14/2013 20:41:56,10/14/2013,20:41:56,0.00,7.84,60.50,968.99,165
10/14/2013 20:42:26,10/14/2013,20:42:26,0.00,7.84,60.50,968.99,207
10/14/2013 20:42:56,10/14/2013,20:42:56,0.00,7.90,60.40,968.99,244
10/14/2013 20:43:26,10/14/2013,20:43:26,0.05,7.92,60.40,968.98,247
10/14/2013 20:43:56,10/14/2013,20:43:56,0.00,7.92,60.50,968.99,229
10/14/2013 20:44:26,10/14/2013,20:44:26,0.56,7.92,60.29,968.98,233
10/14/2013 20:44:56,10/14/2013,20:44:56,0.00,7.92,60.50,968.95,240
10/14/2013 20:45:26,10/14/2013,20:45:26,0.00,7.92,60.59,968.95,229
10/14/2013 20:45:56,10/14/2013,20:45:56,0.00,7.92,60.50,968.95,215
10/14/2013 20:46:26,10/14/2013,20:46:26,0.00,7.92,60.50,968.94,218
10/14/2013 20:46:56,10/14/2013,20:46:56,0.33,7.92,60.40,968.93,245
10/14/2013 20:47:26,10/14/2013,20:47:26,0.63,7.92,60.40,968.88,239
10/14/2013 20:47:56,10/14/2013,20:47:56,0.84,8.02,59.90,968.88,224
10/14/2013 20:48:26,10/14/2013,20:48:26,0.31,7.97,60.09,968.91,207
10/14/2013 20:48:56,10/14/2013,20:48:56,0.00,7.97,60.00,968.92,214
10/14/2013 20:49:26,10/14/2013,20:49:26,0.00,7.97,60.09,968.94,202
10/14/2013 20:49:56,10/14/2013,20:49:56,0.65,8.02,60.00,968.89,245
10/14/2013 20:50:26,10/14/2013,20:50:26,0.19,8.02,59.90,968.92,240
10/14/2013 20:50:56,10/14/2013,20:50:56,0.00,8.02,60.40,968.94,234
10/14/2013 20:51:26,10/14/2013,20:51:26,0.15,8.02,60.20,968.94,248
10/14/2013 20:51:56,10/14/2013,20:51:56,0.00,8.02,59.70,968.93,231
10/14/2013 20:52:26,10/14/2013,20:52:26,0.00,8.02,60.00,968.94,237
10/14/2013 20:52:56,10/14/2013,20:52:56,0.33,8.02,60.00,968.89,223
10/14/2013 20:53:26,10/14/2013,20:53:26,0.33,8.02,60.50,968.91,263
10/14/2013 20:53:56,10/14/2013,20:53:56,0.29,8.02,60.29,968.89,242
10/14/2013 20:54:26,10/14/2013,20:54:26,0.76,8.02,59.70,968.86,229
10/14/2013 20:54:56,10/14/2013,20:54:56,0.00,8.02,59.79,968.88,212
10/14/2013 20:55:26,10/14/2013,20:55:26,0.48,8.02,60.00,968.86,241
10/14/2013 20:55:56,10/14/2013,20:55:56,0.34,8.05,59.59,968.85,215
10/14/2013 20:56:26,10/14/2013,20:56:26,0.00,8.05,59.90,968.85,248
10/14/2013 20:56:56,10/14/2013,20:56:56,0.11,8.10,59.40,968.82,247
10/14/2013 20:57:26,10/14/2013,20:57:26,0.16,8.05,59.79,968.81,214
10/14/2013 20:57:56,10/14/2013,20:57:56,0.00,8.05,59.59,968.80,217
10/14/2013 20:58:26,10/14/2013,20:58:26,0.00,8.05,59.59,968.78,201
10/14/2013 20:58:56,10/14/2013,20:58:56,0.20,8.05,59.59,968.73,242
10/14/2013 20:59:26,10/14/2013,20:59:26,0.00,8.10,59.09,968.73,206
10/14/2013 20:59:56,10/14/2013,20:59:56,0.00,8.05,59.59,968.72,183
10/14/2013 21:00:26,10/14/2013,21:00:26,0.00,8.10,59.09,968.70,206
10/14/2013 21:00:56,10/14/2013,21:00:56,0.00,8.05,59.70,968.69,213
10/14/2013 21:01:26,10/14/2013,21:01:26,0.00,8.05,59.20,968.69,223
10/14/2013 21:01:56,10/14/2013,21:01:56,0.00,8.05,59.70,968.66,210
10/14/2013 21:02:26,10/14/2013,21:02:26,0.00,8.10,59.29,968.63,216
10/14/2013 21:02:56,10/14/2013,21:02:56,0.00,8.10,59.59,968.64,175
10/14/2013 21:03:26,10/14/2013,21:03:26,0.80,8.10,59.09,968.58,205
10/14/2013 21:03:56,10/14/2013,21:03:56,0.34,8.10,58.90,968.58,249
10/14/2013 21:04:26,10/14/2013,21:04:26,0.00,8.10,59.09,968.60,208
10/14/2013 21:04:56,10/14/2013,21:04:56,0.00,8.10,59.40,968.58,203
10/14/2013 21:05:26,10/14/2013,21:05:26,0.00,8.10,59.70,968.56,213
10/14/2013 21:05:56,10/14/2013,21:05:56,0.00,8.10,59.29,968.55,219
10/14/2013 21:06:26,10/14/2013,21:06:26,0.98,8.12,59.00,968.50,249
10/14/2013 21:06:56,10/14/2013,21:06:56,0.00,8.10,59.00,968.56,227
10/14/2013 21:07:26,10/14/2013,21:07:26,0.00,8.10,59.40,968.57,247
10/14/2013 21:07:56,10/14/2013,21:07:56,0.43,8.12,59.40,968.58,228
10/14/2013 21:08:26,10/14/2013,21:08:26,0.00,8.10,58.70,968.60,254
10/14/2013 21:08:56,10/14/2013,21:08:56,1.04,8.17,58.79,968.56,243
10/14/2013 21:09:26,10/14/2013,21:09:26,0.23,8.12,58.70,968.58,204
10/14/2013 21:09:56,10/14/2013,21:09:56,0.00,8.17,58.90,968.60,246
10/14/2013 21:10:26,10/14/2013,21:10:26,0.90,8.17,59.00,968.58,248
10/14/2013 21:10:56,10/14/2013,21:10:56,0.66,8.17,59.00,968.60,234
10/14/2013 21:11:26,10/14/2013,21:11:26,0.55,8.17,59.20,968.62,210
10/14/2013 21:11:56,10/14/2013,21:11:56,0.66,8.17,58.59,968.60,243
10/14/2013 21:12:26,10/14/2013,21:12:26,1.23,8.25,58.40,968.59,252
10/14/2013 21:12:56,10/14/2013,21:12:56,0.30,8.17,58.90,968.62,208
10/14/2013 21:13:26,10/14/2013,21:13:26,0.00,8.17,59.20,968.63,250
10/14/2013 21:13:56,10/14/2013,21:13:56,0.93,8.25,58.29,968.60,233
10/14/2013 21:14:26,10/14/2013,21:14:26,0.86,8.25,58.40,968.59,253
10/14/2013 21:14:56,10/14/2013,21:14:56,0.81,8.22,58.79,968.58,228
10/14/2013 21:15:26,10/14/2013,21:15:26,1.09,8.25,59.00,968.55,249
10/14/2013 21:15:56,10/14/2013,21:15:56,0.56,8.25,59.29,968.56,249
10/14/2013 21:16:26,10/14/2013,21:16:26,0.93,8.25,58.40,968.54,248
10/14/2013 21:16:56,10/14/2013,21:16:56,0.95,8.25,59.09,968.52,252
10/14/2013 21:17:26,10/14/2013,21:17:26,0.66,8.30,58.20,968.51,228
10/14/2013 21:17:56,10/14/2013,21:17:56,0.44,8.30,58.40,968.50,261
10/14/2013 21:18:26,10/14/2013,21:18:26,0.66,8.25,58.50,968.47,236
10/14/2013 21:18:56,10/14/2013,21:18:56,0.74,8.30,58.50,968.42,249
10/14/2013 21:19:26,10/14/2013,21:19:26,0.84,8.30,58.00,968.42,236
10/14/2013 21:19:56,10/14/2013,21:19:56,0.83,8.30,58.70,968.41,252
10/14/2013 21:20:26,10/14/2013,21:20:26,0.65,8.32,58.50,968.40,224
10/14/2013 21:20:56,10/14/2013,21:20:56,0.70,8.32,58.50,968.40,210
10/14/2013 21:21:26,10/14/2013,21:21:26,0.76,8.32,58.09,968.36,220
10/14/2013 21:21:56,10/14/2013,21:21:56,0.99,8.32,58.29,968.36,200
10/14/2013 21:22:26,10/14/2013,21:22:26,1.51,8.39,58.50,968.33,221
10/14/2013 21:22:56,10/14/2013,21:22:56,1.23,8.32,58.20,968.33,206
10/14/2013 21:23:26,10/14/2013,21:23:26,0.83,8.37,58.09,968.32,236
10/14/2013 21:23:56,10/14/2013,21:23:56,0.68,8.37,58.29,968.27,242
10/14/2013 21:24:26,10/14/2013,21:24:26,1.18,8.37,58.70,968.25,248
10/14/2013 21:24:56,10/14/2013,21:24:56,0.68,8.37,58.00,968.26,239
10/14/2013 21:25:26,10/14/2013,21:25:26,0.77,8.37,58.40,968.25,233
10/14/2013 21:25:56,10/14/2013,21:25:56,0.43,8.32,58.90,968.25,255
10/14/2013 21:26:26,10/14/2013,21:26:26,0.65,8.32,58.70,968.22,240
10/14/2013 21:26:56,10/14/2013,21:26:56,0.38,8.32,58.40,968.21,212
10/14/2013 21:27:26,10/14/2013,21:27:26,0.68,8.32,58.59,968.20,228
10/14/2013 21:27:56,10/14/2013,21:27:56,0.00,8.32,58.59,968.21,215
10/14/2013 21:28:26,10/14/2013,21:28:26,0.98,8.37,58.29,968.16,235
10/14/2013 21:28:56,10/14/2013,21:28:56,0.79,8.32,58.40,968.15,217
10/14/2013 21:29:26,10/14/2013,21:29:26,0.66,8.37,58.40,968.15,215
10/14/2013 21:29:56,10/14/2013,21:29:56,0.73,8.37,58.20,968.12,235
10/14/2013 21:30:26,10/14/2013,21:30:26,1.06,8.32,58.70,968.11,235
10/14/2013 21:30:56,10/14/2013,21:30:56,0.70,8.37,58.29,968.12,194
10/14/2013 21:31:26,10/14/2013,21:31:26,0.00,8.32,58.50,968.12,208
10/14/2013 21:31:56,10/14/2013,21:31:56,1.09,8.37,57.90,968.08,236
10/14/2013 21:32:26,10/14/2013,21:32:26,0.95,8.37,58.40,968.07,206
10/14/2013 21:32:56,10/14/2013,21:32:56,0.22,8.37,58.20,968.07,215
10/14/2013 21:33:26,10/14/2013,21:33:26,0.36,8.37,58.09,968.07,220
10/14/2013 21:33:56,10/14/2013,21:33:56,0.70,8.32,58.90,968.05,246
10/14/2013 21:34:26,10/14/2013,21:34:26,0.81,8.37,58.40,968.04,239
10/14/2013 21:34:56,10/14/2013,21:34:56,0.51,8.37,59.00,968.07,242
10/14/2013 21:35:26,10/14/2013,21:35:26,0.95,8.39,58.00,968.03,234
10/14/2013 21:35:56,10/14/2013,21:35:56,0.66,8.37,58.50,968.04,222
10/14/2013 21:36:26,10/14/2013,21:36:26,1.09,8.37,58.50,968.03,251
10/14/2013 21:36:56,10/14/2013,21:36:56,0.33,8.37,58.20,968.04,221
10/14/2013 21:37:26,10/14/2013,21:37:26,0.93,8.32,59.00,968.01,244
10/14/2013 21:37:56,10/14/2013,21:37:56,0.48,8.32,58.59,968.03,216
10/14/2013 21:38:26,10/14/2013,21:38:26,0.36,8.32,58.40,968.03,237
10/14/2013 21:38:56,10/14/2013,21:38:56,0.93,8.32,59.09,968.00,192
10/14/2013 21:39:26,10/14/2013,21:39:26,0.65,8.37,58.50,967.99,251
10/14/2013 21:39:56,10/14/2013,21:39:56,0.37,8.32,58.90,968.01,209
10/14/2013 21:40:26,10/14/2013,21:40:26,1.19,8.37,58.40,967.97,237
10/14/2013 21:40:56,10/14/2013,21:40:56,0.18,8.32,58.90,968.01,224
10/14/2013 21:41:26,10/14/2013,21:41:26,0.76,8.32,58.09,967.98,238
10/14/2013 21:41:56,10/14/2013,21:41:56,0.40,8.32,58.70,967.99,241
10/14/2013 21:42:26,10/14/2013,21:42:26,0.26,8.32,58.40,967.97,230
10/14/2013 21:42:56,10/14/2013,21:42:56,0.00,8.32,58.70,967.96,216
10/14/2013 21:43:26,10/14/2013,21:43:26,0.00,8.32,58.40,967.94,217
10/14/2013 21:43:56,10/14/2013,21:43:56,1.04,8.30,58.29,967.89,250
10/14/2013 21:44:26,10/14/2013,21:44:26,0.48,8.30,58.40,967.89,182
10/14/2013 21:44:56,10/14/2013,21:44:56,0.00,8.30,59.09,967.91,208
10/14/2013 21:45:26,10/14/2013,21:45:26,0.30,8.25,59.29,967.89,260
10/14/2013 21:45:56,10/14/2013,21:45:56,0.36,8.25,58.59,967.86,225
10/14/2013 21:46:26,10/14/2013,21:46:26,0.81,8.22,58.90,967.84,221
10/14/2013 21:46:56,10/14/2013,21:46:56,0.37,8.25,58.29,967.84,201
10/14/2013 21:47:26,10/14/2013,21:47:26,0.18,8.25,58.59,967.82,178
10/14/2013 21:47:56,10/14/2013,21:47:56,0.00,8.17,59.20,967.82,211
10/14/2013 21:48:26,10/14/2013,21:48:26,0.69,8.17,59.40,967.82,242
10/14/2013 21:48:56,10/14/2013,21:48:56,0.91,8.22,58.79,967.81,206
10/14/2013 21:49:26,10/14/2013,21:49:26,0.34,8.17,58.90,967.84,237
10/14/2013 21:49:56,10/14/2013,21:49:56,0.52,8.12,59.20,967.83,220
10/14/2013 21:50:26,10/14/2013,21:50:26,0.41,8.17,59.20,967.84,215
10/14/2013 21:50:56,10/14/2013,21:50:56,0.79,8.12,59.29,967.84,246
10/14/2013 21:51:26,10/14/2013,21:51:26,0.00,8.10,59.40,967.88,217
10/14/2013 21:51:56,10/14/2013,21:51:56,0.00,8.10,59.50,967.88,298
10/14/2013 21:52:26,10/14/2013,21:52:26,0.00,8.10,59.29,967.86,223
10/14/2013 21:52:56,10/14/2013,21:52:56,0.62,8.10,59.59,967.84,232
10/14/2013 21:53:26,10/14/2013,21:53:26,0.69,8.10,59.09,967.82,203
10/14/2013 21:53:56,10/14/2013,21:53:56,0.95,8.10,59.29,967.82,243
10/14/2013 21:54:26,10/14/2013,21:54:26,0.63,8.05,59.59,967.78,255
10/14/2013 21:54:56,10/14/2013,21:54:56,0.00,8.05,59.50,967.78,243
10/14/2013 21:55:26,10/14/2013,21:55:26,1.05,8.05,59.20,967.75,188
10/14/2013 21:55:56,10/14/2013,21:55:56,0.00,8.02,59.40,967.78,223
10/14/2013 21:56:26,10/14/2013,21:56:26,0.00,8.02,59.50,967.77,239
10/14/2013 21:56:56,10/14/2013,21:56:56,0.72,8.02,59.79,967.74,216
10/14/2013 21:57:26,10/14/2013,21:57:26,1.31,8.02,59.40,967.72,246
10/14/2013 21:57:56,10/14/2013,21:57:56,0.19,8.02,59.40,967.75,233
10/14/2013 21:58:26,10/14/2013,21:58:26,0.45,7.92,59.59,967.76,254
10/14/2013 21:58:56,10/14/2013,21:58:56,0.08,7.97,59.59,967.74,220
10/14/2013 21:59:26,10/14/2013,21:59:26,0.00,7.97,59.70,967.75,223
10/14/2013 21:59:56,10/14/2013,21:59:56,0.69,7.92,59.79,967.70,253
10/14/2013 22:00:26,10/14/2013,22:00:26,0.00,7.90,59.90,967.70,242
10/14/2013 22:00:56,10/14/2013,22:00:56,0.24,7.92,59.70,967.68,243
10/14/2013 22:01:26,10/14/2013,22:01:26,0.30,7.92,59.90,967.69,248
10/14/2013 22:01:56,10/14/2013,22:01:56,0.00,7.92,60.00,967.70,253
10/14/2013 22:02:26,10/14/2013,22:02:26,0.00,7.92,59.90,967.69,223
10/14/2013 22:02:56,10/14/2013,22:02:56,0.00,7.92,60.09,967.69,194
10/14/2013 22:03:26,10/14/2013,22:03:26,0.00,7.90,60.29,967.69,201
10/14/2013 22:03:56,10/14/2013,22:03:56,0.00,7.92,59.79,967.67,216
10/14/2013 22:04:26,10/14/2013,22:04:26,0.00,7.92,59.90,967.63,212
10/14/2013 22:04:56,10/14/2013,22:04:56,0.00,7.92,60.20,967.62,194
10/14/2013 22:05:26,10/14/2013,22:05:26,0.00,7.92,60.00,967.61,244
10/14/2013 22:05:56,10/14/2013,22:05:56,0.08,7.97,59.70,967.57,242
10/14/2013 22:06:26,10/14/2013,22:06:26,0.49,8.02,59.70,967.55,216
10/14/2013 22:06:56,10/14/2013,22:06:56,0.65,8.02,60.00,967.55,244
10/14/2013 22:07:26,10/14/2013,22:07:26,0.66,8.05,60.09,967.56,223
10/14/2013 22:07:56,10/14/2013,22:07:56,1.01,8.10,59.79,967.53,209
10/14/2013 22:08:26,10/14/2013,22:08:26,0.48,8.10,59.90,967.54,229
10/14/2013 22:08:56,10/14/2013,22:08:56,0.61,8.10,59.70,967.51,223
10/14/2013 22:09:26,10/14/2013,22:09:26,0.11,8.10,59.40,967.49,211
10/14/2013 22:09:56,10/14/2013,22:09:56,0.00,8.10,59.50,967.51,197
10/14/2013 22:10:26,10/14/2013,22:10:26,0.00,8.10,59.79,967.53,275
10/14/2013 22:10:56,10/14/2013,22:10:56,0.00,8.10,60.29,967.52,182
10/14/2013 22:11:26,10/14/2013,22:11:26,0.22,8.10,60.40,967.48,243
10/14/2013 22:11:56,10/14/2013,22:11:56,0.05,8.12,60.09,967.46,210
10/14/2013 22:12:26,10/14/2013,22:12:26,0.00,8.12,60.00,967.46,212
10/14/2013 22:12:56,10/14/2013,22:12:56,0.00,8.12,59.90,967.44,190
10/14/2013 22:13:26,10/14/2013,22:13:26,0.70,8.17,59.90,967.40,228
10/14/2013 22:13:56,10/14/2013,22:13:56,0.00,8.22,59.59,967.40,231
10/14/2013 22:14:26,10/14/2013,22:14:26,0.16,8.22,59.40,967.39,203
10/14/2013 22:14:56,10/14/2013,22:14:56,0.00,8.25,59.59,967.39,210
10/14/2013 22:15:26,10/14/2013,22:15:26,0.40,8.25,59.90,967.38,223
10/14/2013 22:15:56,10/14/2013,22:15:56,0.26,8.25,59.90,967.37,239
10/14/2013 22:16:26,10/14/2013,22:16:26,0.00,8.25,59.79,967.38,222
10/14/2013 22:16:56,10/14/2013,22:16:56,0.37,8.25,59.50,967.35,240
10/14/2013 22:17:26,10/14/2013,22:17:26,0.00,8.30,59.59,967.38,226
10/14/2013 22:17:56,10/14/2013,22:17:56,0.49,8.32,59.90,967.38,240
10/14/2013 22:18:26,10/14/2013,22:18:26,0.00,8.30,59.90,967.35,214
10/14/2013 22:18:56,10/14/2013,22:18:56,0.00,8.30,60.00,967.37,245
10/14/2013 22:19:26,10/14/2013,22:19:26,0.18,8.32,59.70,967.37,247
10/14/2013 22:19:56,10/14/2013,22:19:56,0.00,8.32,60.09,967.37,219
10/14/2013 22:20:26,10/14/2013,22:20:26,0.00,8.32,59.59,967.40,220
10/14/2013 22:20:56,10/14/2013,22:20:56,1.19,8.37,59.59,967.38,221
10/14/2013 22:21:26,10/14/2013,22:21:26,0.91,8.37,59.70,967.38,220
10/14/2013 22:21:56,10/14/2013,22:21:56,0.70,8.37,59.79,967.39,209
10/14/2013 22:22:26,10/14/2013,22:22:26,0.62,8.39,59.50,967.33,205
10/14/2013 22:22:56,10/14/2013,22:22:56,0.65,8.39,59.79,967.35,228
10/14/2013 22:23:26,10/14/2013,22:23:26,0.59,8.39,59.90,967.31,233
10/14/2013 22:23:56,10/14/2013,22:23:56,0.18,8.39,59.90,967.33,200
10/14/2013 22:24:26,10/14/2013,22:24:26,0.05,8.39,59.90,967.31,214
10/14/2013 22:24:56,10/14/2013,22:24:56,0.38,8.37,60.20,967.30,210
10/14/2013 22:25:26,10/14/2013,22:25:26,0.05,8.39,60.20,967.27,204
10/14/2013 22:25:56,10/14/2013,22:25:56,0.09,8.39,59.20,967.24,195
10/14/2013 22:26:26,10/14/2013,22:26:26,0.77,8.44,60.09,967.20,187
10/14/2013 22:26:56,10/14/2013,22:26:56,0.00,8.44,60.00,967.18,218
10/14/2013 22:27:26,10/14/2013,22:27:26,0.00,8.39,60.00,967.18,200
10/14/2013 22:27:56,10/14/2013,22:27:56,0.00,8.39,60.20,967.17,233
10/14/2013 22:28:26,10/14/2013,22:28:26,0.76,8.39,60.00,967.15,174
10/14/2013 22:28:56,10/14/2013,22:28:56,1.90,8.50,59.79,967.11,212
10/14/2013 22:29:26,10/14/2013,22:29:26,0.79,8.44,59.79,967.15,204
10/14/2013 22:29:56,10/14/2013,22:29:56,0.86,8.50,59.40,967.17,270
10/14/2013 22:30:26,10/14/2013,22:30:26,0.90,8.50,60.09,967.22,211
10/14/2013 22:30:56,10/14/2013,22:30:56,1.20,8.50,59.90,967.18,260
10/14/2013 22:31:26,10/14/2013,22:31:26,0.15,8.50,60.00,967.13,196
10/14/2013 22:31:56,10/14/2013,22:31:56,0.00,8.44,60.50,967.11,214
10/14/2013 22:32:26,10/14/2013,22:32:26,0.00,8.44,60.00,967.08,189
10/14/2013 22:32:56,10/14/2013,22:32:56,0.19,8.39,60.00,967.03,195
10/14/2013 22:33:26,10/14/2013,22:33:26,0.00,8.39,60.40,967.03,205
10/14/2013 22:33:56,10/14/2013,22:33:56,0.00,8.39,60.59,967.03,223
10/14/2013 22:34:26,10/14/2013,22:34:26,0.36,8.39,60.70,967.01,205
10/14/2013 22:34:56,10/14/2013,22:34:56,0.00,8.37,61.00,967.01,189
10/14/2013 22:35:26,10/14/2013,22:35:26,0.38,8.39,60.50,967.03,214
10/14/2013 22:35:56,10/14/2013,22:35:56,1.30,8.39,60.29,966.97,204
10/14/2013 22:36:26,10/14/2013,22:36:26,0.41,8.39,60.50,967.01,213
10/14/2013 22:36:56,10/14/2013,22:36:56,0.44,8.39,60.70,967.02,198
10/14/2013 22:37:26,10/14/2013,22:37:26,0.00,8.39,61.00,967.03,209
10/14/2013 22:37:56,10/14/2013,22:37:56,0.51,8.39,60.70,967.01,236
10/14/2013 22:38:26,10/14/2013,22:38:26,0.94,8.39,61.00,966.95,143
10/14/2013 22:38:56,10/14/2013,22:38:56,0.00,8.39,60.59,966.97,216
10/14/2013 22:39:26,10/14/2013,22:39:26,1.47,8.39,61.00,966.93,234
10/14/2013 22:39:56,10/14/2013,22:39:56,0.34,8.39,60.70,966.95,244
10/14/2013 22:40:26,10/14/2013,22:40:26,0.97,8.39,60.90,966.94,232
10/14/2013 22:40:56,10/14/2013,22:40:56,0.30,8.39,61.00,966.97,217
10/14/2013 22:41:26,10/14/2013,22:41:26,0.94,8.39,60.70,966.98,246
10/14/2013 22:41:56,10/14/2013,22:41:56,0.98,8.39,60.79,966.96,260
10/14/2013 22:42:26,10/14/2013,22:42:26,0.83,8.39,61.40,966.97,214
10/14/2013 22:42:56,10/14/2013,22:42:56,1.58,8.39,61.09,966.97,238
10/14/2013 22:43:26,10/14/2013,22:43:26,0.98,8.39,60.90,966.97,229
10/14/2013 22:43:56,10/14/2013,22:43:56,1.36,8.39,60.90,966.97,214
10/14/2013 22:44:26,10/14/2013,22:44:26,0.05,8.39,60.90,967.01,216
10/14/2013 22:44:56,10/14/2013,22:44:56,0.00,8.39,61.09,967.01,226
10/14/2013 22:45:26,10/14/2013,22:45:26,0.90,8.39,61.09,966.95,238
10/14/2013 22:45:56,10/14/2013,22:45:56,0.56,8.39,61.09,966.96,219
10/14/2013 22:46:26,10/14/2013,22:46:26,0.33,8.39,61.00,966.96,213
10/14/2013 22:46:56,10/14/2013,22:46:56,0.00,8.39,61.50,966.97,221
10/14/2013 22:47:26,10/14/2013,22:47:26,0.45,8.39,61.40,966.95,239
10/14/2013 22:47:56,10/14/2013,22:47:56,0.26,8.39,61.40,966.94,252
10/14/2013 22:48:26,10/14/2013,22:48:26,0.12,8.37,61.40,966.94,255
10/14/2013 22:48:56,10/14/2013,22:48:56,1.11,8.39,61.20,966.89,245
10/14/2013 22:49:26,10/14/2013,22:49:26,0.40,8.39,61.00,966.89,226
10/14/2013 22:49:56,10/14/2013,22:49:56,0.24,8.37,61.29,966.89,259
10/14/2013 22:50:26,10/14/2013,22:50:26,0.40,8.39,61.20,966.89,231
10/14/2013 22:50:56,10/14/2013,22:50:56,1.16,8.39,61.50,966.91,246
10/14/2013 22:51:26,10/14/2013,22:51:26,0.09,8.39,61.59,966.90,251
10/14/2013 22:51:56,10/14/2013,22:51:56,0.65,8.39,61.59,966.88,240
10/14/2013 22:52:26,10/14/2013,22:52:26,0.00,8.39,61.70,966.89,232
10/14/2013 22:52:56,10/14/2013,22:52:56,0.05,8.39,61.40,966.89,232
10/14/2013 22:53:26,10/14/2013,22:53:26,0.48,8.39,61.70,966.87,215
10/14/2013 22:53:56,10/14/2013,22:53:56,0.00,8.37,61.70,966.87,208
10/14/2013 22:54:26,10/14/2013,22:54:26,0.69,8.37,61.50,966.83,218
10/14/2013 22:54:56,10/14/2013,22:54:56,0.00,8.37,61.90,966.85,215
10/14/2013 22:55:26,10/14/2013,22:55:26,0.31,8.37,62.29,966.83,227
10/14/2013 22:55:56,10/14/2013,22:55:56,0.45,8.37,61.70,966.79,230
10/14/2013 22:56:26,10/14/2013,22:56:26,0.19,8.37,61.90,966.80,238
10/14/2013 22:56:56,10/14/2013,22:56:56,0.80,8.37,62.09,966.73,239
10/14/2013 22:57:26,10/14/2013,22:57:26,1.48,8.37,62.20,966.71,254
10/14/2013 22:57:56,10/14/2013,22:57:56,1.11,8.37,62.20,966.71,237
10/14/2013 22:58:26,10/14/2013,22:58:26,1.37,8.37,62.09,966.71,205
10/14/2013 22:58:56,10/14/2013,22:58:56,0.95,8.37,62.20,966.72,242
10/14/2013 22:59:26,10/14/2013,22:59:26,1.16,8.37,62.59,966.73,235
10/14/2013 22:59:56,10/14/2013,22:59:56,1.12,8.32,62.79,966.75,230
10/14/2013 23:00:26,10/14/2013,23:00:26,1.44,8.32,62.59,966.73,253
10/14/2013 23:00:56,10/14/2013,23:00:56,1.49,8.32,63.00,966.74,228
10/14/2013 23:01:26,10/14/2013,23:01:26,1.22,8.32,63.20,966.74,242
10/14/2013 23:01:56,10/14/2013,23:01:56,1.43,8.32,63.29,966.74,223
10/14/2013 23:02:26,10/14/2013,23:02:26,1.55,8.32,63.20,966.73,231
10/14/2013 23:02:56,10/14/2013,23:02:56,0.47,8.32,63.29,966.72,238
10/14/2013 23:03:26,10/14/2013,23:03:26,0.83,8.25,63.79,966.74,234
10/14/2013 23:03:56,10/14/2013,23:03:56,1.54,8.30,63.50,966.70,237
10/14/2013 23:04:26,10/14/2013,23:04:26,1.22,8.30,63.59,966.67,239
10/14/2013 23:04:56,10/14/2013,23:04:56,1.34,8.25,63.70,966.67,249
10/14/2013 23:05:26,10/14/2013,23:05:26,1.12,8.25,63.79,966.65,228
10/14/2013 23:05:56,10/14/2013,23:05:56,0.90,8.25,63.70,966.63,240
10/14/2013 23:06:26,10/14/2013,23:06:26,0.30,8.25,63.79,966.65,231
10/14/2013 23:06:56,10/14/2013,23:06:56,1.01,8.25,63.70,966.61,230
10/14/2013 23:07:26,10/14/2013,23:07:26,1.31,8.32,63.59,966.59,247
10/14/2013 23:07:56,10/14/2013,23:07:56,1.37,8.30,63.59,966.58,229
10/14/2013 23:08:26,10/14/2013,23:08:26,0.83,8.32,63.29,966.58,233
10/14/2013 23:08:56,10/14/2013,23:08:56,1.13,8.30,63.79,966.53,228
10/14/2013 23:09:26,10/14/2013,23:09:26,0.34,8.25,64.00,966.57,251
10/14/2013 23:09:56,10/14/2013,23:09:56,1.13,8.25,64.09,966.53,241
10/14/2013 23:10:26,10/14/2013,23:10:26,1.11,8.25,64.50,966.54,246
10/14/2013 23:10:56,10/14/2013,23:10:56,0.90,8.25,64.19,966.52,211
10/14/2013 23:11:26,10/14/2013,23:11:26,1.26,8.25,64.40,966.52,245
10/14/2013 23:11:56,10/14/2013,23:11:56,0.97,8.22,64.59,966.54,245
10/14/2013 23:12:26,10/14/2013,23:12:26,1.65,8.25,64.40,966.53,236
10/14/2013 23:12:56,10/14/2013,23:12:56,0.36,8.25,64.59,966.54,228
10/14/2013 23:13:26,10/14/2013,23:13:26,0.94,8.22,64.59,966.52,208
10/14/2013 23:13:56,10/14/2013,23:13:56,0.79,8.22,64.69,966.53,234
10/14/2013 23:14:26,10/14/2013,23:14:26,0.91,8.22,64.59,966.50,256
10/14/2013 23:14:56,10/14/2013,23:14:56,1.47,8.22,64.80,966.45,235
10/14/2013 23:15:26,10/14/2013,23:15:26,0.98,8.25,64.59,966.48,218
10/14/2013 23:15:56,10/14/2013,23:15:56,1.69,8.25,64.40,966.46,243
10/14/2013 23:16:26,10/14/2013,23:16:26,1.62,8.25,64.50,966.44,233
10/14/2013 23:16:56,10/14/2013,23:16:56,1.99,8.25,64.40,966.43,246
10/14/2013 23:17:26,10/14/2013,23:17:26,0.83,8.25,64.69,966.42,214
10/14/2013 23:17:56,10/14/2013,23:17:56,1.36,8.25,65.00,966.42,235
10/14/2013 23:18:26,10/14/2013,23:18:26,1.05,8.25,64.69,966.38,230
10/14/2013 23:18:56,10/14/2013,23:18:56,1.11,8.25,64.80,966.38,210
10/14/2013 23:19:26,10/14/2013,23:19:26,1.45,8.25,64.69,966.37,229
10/14/2013 23:19:56,10/14/2013,23:19:56,0.97,8.25,65.00,966.37,228
10/14/2013 23:20:26,10/14/2013,23:20:26,1.61,8.22,65.09,966.36,250
10/14/2013 23:20:56,10/14/2013,23:20:56,0.90,8.22,65.30,966.37,205
10/14/2013 23:21:26,10/14/2013,23:21:26,1.23,8.22,65.30,966.36,245
10/14/2013 23:21:56,10/14/2013,23:21:56,1.13,8.22,65.30,966.33,219
10/14/2013 23:22:26,10/14/2013,23:22:26,1.33,8.22,65.30,966.30,248
10/14/2013 23:22:56,10/14/2013,23:22:56,1.80,8.22,65.50,966.28,252
10/14/2013 23:23:26,10/14/2013,23:23:26,1.84,8.17,65.50,966.26,231
10/14/2013 23:23:56,10/14/2013,23:23:56,0.94,8.17,65.69,966.24,231
10/14/2013 23:24:26,10/14/2013,23:24:26,1.43,8.17,65.69,966.20,255
10/14/2013 23:24:56,10/14/2013,23:24:56,1.40,8.17,65.80,966.21,242
10/14/2013 23:25:26,10/14/2013,23:25:26,1.02,8.10,65.90,966.23,234
10/14/2013 23:25:56,10/14/2013,23:25:56,0.63,8.10,65.90,966.23,235
10/14/2013 23:26:26,10/14/2013,23:26:26,1.59,8.10,65.90,966.20,230
10/14/2013 23:26:56,10/14/2013,23:26:56,1.59,8.12,65.59,966.16,257
10/14/2013 23:27:26,10/14/2013,23:27:26,1.40,8.10,65.69,966.16,227
10/14/2013 23:27:56,10/14/2013,23:27:56,0.47,8.10,66.00,966.19,257
10/14/2013 23:28:26,10/14/2013,23:28:26,0.97,8.05,66.00,966.15,221
10/14/2013 23:28:56,10/14/2013,23:28:56,1.11,8.10,65.90,966.12,250
10/14/2013 23:29:26,10/14/2013,23:29:26,1.66,8.10,65.69,966.07,245
10/14/2013 23:29:56,10/14/2013,23:29:56,1.26,8.05,65.80,966.06,273
10/14/2013 23:30:26,10/14/2013,23:30:26,1.08,8.10,65.59,966.06,220
10/14/2013 23:30:56,10/14/2013,23:30:56,1.55,8.05,65.80,966.05,253
10/14/2013 23:31:26,10/14/2013,23:31:26,1.77,8.10,65.69,966.07,242
10/14/2013 23:31:56,10/14/2013,23:31:56,1.31,8.05,65.80,966.07,237
10/14/2013 23:32:26,10/14/2013,23:32:26,1.59,8.10,65.50,966.07,242
10/14/2013 23:32:56,10/14/2013,23:32:56,1.79,8.10,65.40,966.07,258
10/14/2013 23:33:26,10/14/2013,23:33:26,1.52,8.10,65.59,966.09,216
10/14/2013 23:33:56,10/14/2013,23:33:56,1.54,8.05,65.59,966.13,247
10/14/2013 23:34:26,10/14/2013,23:34:26,1.69,8.05,65.59,966.13,240
10/14/2013 23:34:56,10/14/2013,23:34:56,1.33,8.05,65.59,966.14,236
10/14/2013 23:35:26,10/14/2013,23:35:26,2.31,8.10,65.50,966.15,223
10/14/2013 23:35:56,10/14/2013,23:35:56,1.72,8.10,65.30,966.13,239
10/14/2013 23:36:26,10/14/2013,23:36:26,1.91,8.10,65.30,966.12,240
10/14/2013 23:36:56,10/14/2013,23:36:56,1.44,8.10,65.50,966.12,233
10/14/2013 23:37:26,10/14/2013,23:37:26,1.80,8.10,65.40,966.13,262
10/14/2013 23:37:56,10/14/2013,23:37:56,1.38,8.10,65.30,966.11,249
10/14/2013 23:38:26,10/14/2013,23:38:26,1.62,8.10,65.30,966.09,232
10/14/2013 23:38:56,10/14/2013,23:38:56,1.76,8.12,65.19,966.06,253
10/14/2013 23:39:26,10/14/2013,23:39:26,1.73,8.17,65.09,966.07,233
10/14/2013 23:39:56,10/14/2013,23:39:56,1.81,8.12,65.19,966.11,262
10/14/2013 23:40:26,10/14/2013,23:40:26,1.52,8.10,65.30,966.09,222
10/14/2013 23:40:56,10/14/2013,23:40:56,1.13,8.10,65.50,966.12,253
10/14/2013 23:41:26,10/14/2013,23:41:26,1.62,8.17,65.09,966.09,246
10/14/2013 23:41:56,10/14/2013,23:41:56,1.30,8.12,65.30,966.11,244
10/14/2013 23:42:26,10/14/2013,23:42:26,1.37,8.12,65.40,966.09,227
10/14/2013 23:42:56,10/14/2013,23:42:56,0.88,8.12,65.40,966.09,245
10/14/2013 23:43:26,10/14/2013,23:43:26,1.56,8.17,65.30,966.07,209
10/14/2013 23:43:56,10/14/2013,23:43:56,1.16,8.22,65.30,966.07,237
10/14/2013 23:44:26,10/14/2013,23:44:26,1.54,8.25,65.09,966.04,235
10/14/2013 23:44:56,10/14/2013,23:44:56,1.70,8.25,65.09,966.02,245
10/14/2013 23:45:26,10/14/2013,23:45:26,1.59,8.25,65.19,966.04,234
10/14/2013 23:45:56,10/14/2013,23:45:56,1.30,8.30,65.09,966.02,241
10/14/2013 23:46:26,10/14/2013,23:46:26,1.63,8.32,65.00,966.01,260
10/14/2013 23:46:56,10/14/2013,23:46:56,1.40,8.32,64.90,966.01,243
10/14/2013 23:47:26,10/14/2013,23:47:26,1.51,8.32,65.09,966.04,244
10/14/2013 23:47:56,10/14/2013,23:47:56,1.22,8.32,65.19,966.04,211
10/14/2013 23:48:26,10/14/2013,23:48:26,1.52,8.39,65.00,966.02,238
10/14/2013 23:48:56,10/14/2013,23:48:56,1.31,8.37,65.30,966.02,246
10/14/2013 23:49:26,10/14/2013,23:49:26,1.12,8.39,65.09,966.02,231
10/14/2013 23:49:56,10/14/2013,23:49:56,1.58,8.39,65.00,966.00,239
10/14/2013 23:50:26,10/14/2013,23:50:26,1.04,8.39,65.30,965.97,235
10/14/2013 23:50:56,10/14/2013,23:50:56,1.83,8.39,65.30,965.94,235
10/14/2013 23:51:26,10/14/2013,23:51:26,1.24,8.39,65.19,965.96,240
10/14/2013 23:51:56,10/14/2013,23:51:56,1.06,8.44,65.30,965.90,218
10/14/2013 23:52:26,10/14/2013,23:52:26,1.84,8.50,65.00,965.85,246
10/14/2013 23:52:56,10/14/2013,23:52:56,2.54,8.57,64.59,965.90,254
10/14/2013 23:53:26,10/14/2013,23:53:26,2.80,8.57,64.80,965.91,244
10/14/2013 23:53:56,10/14/2013,23:53:56,1.58,8.57,64.80,965.97,265
10/14/2013 23:54:26,10/14/2013,23:54:26,1.41,8.57,65.00,965.97,250
10/14/2013 23:54:56,10/14/2013,23:54:56,1.05,8.57,64.90,965.97,265
10/14/2013 23:55:26,10/14/2013,23:55:26,1.76,8.52,65.19,965.98,250
10/14/2013 23:55:56,10/14/2013,23:55:56,0.77,8.52,65.40,965.97,258
10/14/2013 23:56:26,10/14/2013,23:56:26,1.81,8.57,65.19,965.92,240
10/14/2013 23:56:56,10/14/2013,23:56:56,2.01,8.57,65.09,965.85,257
10/14/2013 23:57:26,10/14/2013,23:57:26,1.77,8.57,65.09,965.90,237
10/14/2013 23:57:56,10/14/2013,23:57:56,1.94,8.57,64.80,965.89,243
10/14/2013 23:58:26,10/14/2013,23:58:26,1.55,8.57,65.00,965.86,238
10/14/2013 23:58:56,10/14/2013,23:58:56,1.91,8.60,65.00,965.87,246
10/14/2013 23:59:26,10/14/2013,23:59:26,2.05,8.57,65.00,965.89,234
10/14/2013 23:59:56,10/14/2013,23:59:56,1.49,8.57,65.00,965.87,237
10/15/2013 00:00:26,10/15/2013,00:00:26,1.97,8.57,65.30,965.89,253
10/15/2013 00:00:56,10/15/2013,00:00:56,1.80,8.64,64.90,965.85,242
10/15/2013 00:01:26,10/15/2013,00:01:26,3.11,8.72,64.19,965.78,255
10/15/2013 00:01:56,10/15/2013,00:01:56,1.73,8.69,64.59,965.77,208
10/15/2013 00:02:26,10/15/2013,00:02:26,1.45,8.69,64.69,965.75,258
10/15/2013 00:02:56,10/15/2013,00:02:56,2.44,8.72,64.50,965.71,242
10/15/2013 00:03:26,10/15/2013,00:03:26,2.02,8.64,65.09,965.72,242
10/15/2013 00:03:56,10/15/2013,00:03:56,1.99,8.57,65.50,965.69,233
10/15/2013 00:04:26,10/15/2013,00:04:26,1.69,8.57,66.00,965.70,257
10/15/2013 00:04:56,10/15/2013,00:04:56,1.37,8.50,66.80,965.68,244
10/15/2013 00:05:26,10/15/2013,00:05:26,1.20,8.39,67.30,965.65,242
10/15/2013 00:05:56,10/15/2013,00:05:56,0.98,8.39,67.59,965.64,256
10/15/2013 00:06:26,10/15/2013,00:06:26,1.86,8.39,67.30,965.64,249
10/15/2013 00:06:56,10/15/2013,00:06:56,3.05,8.44,66.59,965.57,244
10/15/2013 00:07:26,10/15/2013,00:07:26,2.22,8.32,68.09,965.62,242
10/15/2013 00:07:56,10/15/2013,00:07:56,1.80,8.32,68.59,965.63,252
10/15/2013 00:08:26,10/15/2013,00:08:26,2.31,8.32,68.19,965.56,245
10/15/2013 00:08:56,10/15/2013,00:08:56,2.05,8.32,68.50,965.57,238
10/15/2013 00:09:26,10/15/2013,00:09:26,2.20,8.25,69.09,965.52,266
10/15/2013 00:09:56,10/15/2013,00:09:56,1.94,8.25,69.30,965.57,264
10/15/2013 00:10:26,10/15/2013,00:10:26,2.70,8.25,68.69,965.55,250
10/15/2013 00:10:56,10/15/2013,00:10:56,2.45,8.30,68.50,965.54,237
10/15/2013 00:11:26,10/15/2013,00:11:26,1.94,8.25,69.09,965.55,261
10/15/2013 00:11:56,10/15/2013,00:11:56,1.61,8.17,69.50,965.56,253
10/15/2013 00:12:26,10/15/2013,00:12:26,1.81,8.17,69.80,965.55,264
10/15/2013 00:12:56,10/15/2013,00:12:56,1.73,8.12,70.00,965.56,249
10/15/2013 00:13:26,10/15/2013,00:13:26,2.05,8.10,70.19,965.53,249
10/15/2013 00:13:56,10/15/2013,00:13:56,2.29,8.12,69.59,965.47,258
10/15/2013 00:14:26,10/15/2013,00:14:26,1.76,8.10,70.00,965.48,251
10/15/2013 00:14:56,10/15/2013,00:14:56,1.88,8.10,70.19,965.47,253
10/15/2013 00:15:26,10/15/2013,00:15:26,2.05,8.10,70.09,965.46,256
10/15/2013 00:15:56,10/15/2013,00:15:56,1.33,8.10,70.40,965.47,256
10/15/2013 00:16:26,10/15/2013,00:16:26,2.11,8.10,70.19,965.46,237
10/15/2013 00:16:56,10/15/2013,00:16:56,1.52,8.10,70.09,965.46,246
10/15/2013 00:17:26,10/15/2013,00:17:26,1.58,8.10,70.19,965.46,254
10/15/2013 00:17:56,10/15/2013,00:17:56,2.01,8.05,70.19,965.46,251
10/15/2013 00:18:26,10/15/2013,00:18:26,1.15,8.02,70.30,965.46,257
10/15/2013 00:18:56,10/15/2013,00:18:56,1.70,8.02,70.30,965.47,259
10/15/2013 00:19:26,10/15/2013,00:19:26,2.30,8.05,69.80,965.48,242
10/15/2013 00:19:56,10/15/2013,00:19:56,1.66,8.05,69.69,965.48,253
10/15/2013 00:20:26,10/15/2013,00:20:26,1.74,8.02,70.00,965.49,231
10/15/2013 00:20:56,10/15/2013,00:20:56,2.15,8.02,69.59,965.46,241
10/15/2013 00:21:26,10/15/2013,00:21:26,1.98,8.02,69.50,965.47,247
10/15/2013 00:21:56,10/15/2013,00:21:56,1.58,8.02,69.40,965.48,244
10/15/2013 00:22:26,10/15/2013,00:22:26,1.69,8.02,69.59,965.48,252
10/15/2013 00:22:56,10/15/2013,00:22:56,1.27,8.02,69.69,965.49,259
10/15/2013 00:23:26,10/15/2013,00:23:26,1.77,8.02,69.80,965.49,261
10/15/2013 00:23:56,10/15/2013,00:23:56,1.94,8.02,69.30,965.47,250
10/15/2013 00:24:26,10/15/2013,00:24:26,1.66,8.02,69.50,965.45,262
10/15/2013 00:24:56,10/15/2013,00:24:56,1.76,8.02,69.50,965.41,243
10/15/2013 00:25:26,10/15/2013,00:25:26,1.63,7.97,69.50,965.41,244
10/15/2013 00:25:56,10/15/2013,00:25:56,1.02,7.92,69.80,965.45,260
10/15/2013 00:26:26,10/15/2013,00:26:26,1.48,7.97,69.69,965.42,244
10/15/2013 00:26:56,10/15/2013,00:26:56,1.62,8.02,69.30,965.44,256
10/15/2013 00:27:26,10/15/2013,00:27:26,1.55,7.97,69.30,965.41,245
10/15/2013 00:27:56,10/15/2013,00:27:56,0.88,7.92,69.30,965.41,264
10/15/2013 00:28:26,10/15/2013,00:28:26,1.90,7.97,69.00,965.37,256
10/15/2013 00:28:56,10/15/2013,00:28:56,1.23,7.97,69.09,965.35,245
10/15/2013 00:29:26,10/15/2013,00:29:26,1.05,7.97,68.80,965.39,250
10/15/2013 00:29:56,10/15/2013,00:29:56,1.51,7.92,69.00,965.40,252
10/15/2013 00:30:26,10/15/2013,00:30:26,1.16,7.92,69.19,965.40,239
10/15/2013 00:30:56,10/15/2013,00:30:56,1.34,7.92,69.00,965.39,245
10/15/2013 00:31:26,10/15/2013,00:31:26,1.31,7.92,68.90,965.40,255
10/15/2013 00:31:56,10/15/2013,00:31:56,0.66,7.92,68.80,965.41,259
10/15/2013 00:32:26,10/15/2013,00:32:26,1.04,7.90,69.09,965.40,243
10/15/2013 00:32:56,10/15/2013,00:32:56,1.48,7.92,68.19,965.38,256
10/15/2013 00:33:26,10/15/2013,00:33:26,1.51,7.90,68.80,965.39,257
10/15/2013 00:33:56,10/15/2013,00:33:56,2.08,7.97,68.30,965.38,266
10/15/2013 00:34:26,10/15/2013,00:34:26,1.69,8.02,68.09,965.40,257
10/15/2013 00:34:56,10/15/2013,00:34:56,1.45,7.97,68.00,965.39,250
10/15/2013 00:35:26,10/15/2013,00:35:26,1.43,7.97,68.09,965.39,236
10/15/2013 00:35:56,10/15/2013,00:35:56,1.68,7.92,68.30,965.39,249
10/15/2013 00:36:26,10/15/2013,00:36:26,1.09,7.92,68.30,965.39,255
10/15/2013 00:36:56,10/15/2013,00:36:56,1.37,7.92,68.30,965.40,281
10/15/2013 00:37:26,10/15/2013,00:37:26,0.99,7.90,68.50,965.40,244
10/15/2013 00:37:56,10/15/2013,00:37:56,0.58,7.92,68.59,965.41,250
10/15/2013 00:38:26,10/15/2013,00:38:26,1.41,7.92,68.40,965.40,262
10/15/2013 00:38:56,10/15/2013,00:38:56,1.29,7.92,68.30,965.41,242
10/15/2013 00:39:26,10/15/2013,00:39:26,1.47,7.92,68.40,965.40,259
10/15/2013 00:39:56,10/15/2013,00:39:56,1.19,7.92,68.40,965.39,258
10/15/2013 00:40:26,10/15/2013,00:40:26,0.99,7.92,68.30,965.39,249
10/15/2013 00:40:56,10/15/2013,00:40:56,1.16,7.92,68.40,965.38,267
10/15/2013 00:41:26,10/15/2013,00:41:26,1.23,7.92,68.30,965.38,257
10/15/2013 00:41:56,10/15/2013,00:41:56,1.19,7.92,68.30,965.32,254
10/15/2013 00:42:26,10/15/2013,00:42:26,0.93,7.97,68.19,965.32,245
10/15/2013 00:42:56,10/15/2013,00:42:56,1.47,8.02,67.90,965.26,277
10/15/2013 00:43:26,10/15/2013,00:43:26,1.33,8.02,68.19,965.27,267
10/15/2013 00:43:56,10/15/2013,00:43:56,1.20,8.02,68.30,965.27,259
10/15/2013 00:44:26,10/15/2013,00:44:26,1.56,8.02,68.19,965.26,257
10/15/2013 00:44:56,10/15/2013,00:44:56,1.76,8.02,68.19,965.29,275
10/15/2013 00:45:26,10/15/2013,00:45:26,0.98,8.02,68.19,965.30,251
10/15/2013 00:45:56,10/15/2013,00:45:56,1.44,8.02,68.19,965.27,254
10/15/2013 00:46:26,10/15/2013,00:46:26,1.26,8.02,68.30,965.30,270
10/15/2013 00:46:56,10/15/2013,00:46:56,0.62,8.02,68.30,965.33,253
10/15/2013 00:47:26,10/15/2013,00:47:26,0.68,8.02,68.59,965.32,240
10/15/2013 00:47:56,10/15/2013,00:47:56,0.88,7.97,68.50,965.32,241
10/15/2013 00:48:26,10/15/2013,00:48:26,0.65,7.97,68.69,965.31,245
10/15/2013 00:48:56,10/15/2013,00:48:56,1.23,7.92,68.50,965.32,258
10/15/2013 00:49:26,10/15/2013,00:49:26,1.37,7.97,68.59,965.29,250
10/15/2013 00:49:56,10/15/2013,00:49:56,1.20,7.92,68.69,965.30,233
10/15/2013 00:50:26,10/15/2013,00:50:26,1.90,8.02,68.50,965.25,259
10/15/2013 00:50:56,10/15/2013,00:50:56,1.16,8.02,68.59,965.25,263
10/15/2013 00:51:26,10/15/2013,00:51:26,1.52,8.02,68.69,965.26,256
10/15/2013 00:51:56,10/15/2013,00:51:56,1.13,7.97,68.69,965.26,269
10/15/2013 00:52:26,10/15/2013,00:52:26,1.19,7.97,68.80,965.26,233
10/15/2013 00:52:56,10/15/2013,00:52:56,1.66,7.97,68.69,965.25,262
10/15/2013 00:53:26,10/15/2013,00:53:26,1.68,8.02,68.69,965.24,246
10/15/2013 00:53:56,10/15/2013,00:53:56,1.16,7.92,68.90,965.25,254
10/15/2013 00:54:26,10/15/2013,00:54:26,1.18,7.97,68.90,965.25,257
10/15/2013 00:54:56,10/15/2013,00:54:56,1.01,7.92,69.00,965.27,249
10/15/2013 00:55:26,10/15/2013,00:55:26,1.16,7.97,69.09,965.27,270
10/15/2013 00:55:56,10/15/2013,00:55:56,1.18,7.97,69.00,965.27,247
10/15/2013 00:56:26,10/15/2013,00:56:26,1.34,7.97,69.09,965.27,272
10/15/2013 00:56:56,10/15/2013,00:56:56,1.47,7.97,69.09,965.29,246
10/15/2013 00:57:26,10/15/2013,00:57:26,1.69,8.02,69.00,965.27,256
10/15/2013 00:57:56,10/15/2013,00:57:56,0.99,8.02,68.90,965.29,255
10/15/2013 00:58:26,10/15/2013,00:58:26,1.02,8.02,69.00,965.27,244
10/15/2013 00:58:56,10/15/2013,00:58:56,1.13,8.02,68.90,965.25,236
10/15/2013 00:59:26,10/15/2013,00:59:26,0.94,8.02,69.00,965.23,259
10/15/2013 00:59:56,10/15/2013,00:59:56,0.13,8.02,69.09,965.27,260
10/15/2013 01:00:26,10/15/2013,01:00:26,1.61,8.02,68.90,965.20,218
10/15/2013 01:00:56,10/15/2013,01:00:56,1.18,8.02,68.90,965.22,237
10/15/2013 01:01:26,10/15/2013,01:01:26,1.13,7.97,69.00,965.20,271
10/15/2013 01:01:56,10/15/2013,01:01:56,1.08,7.92,69.19,965.23,253
10/15/2013 01:02:26,10/15/2013,01:02:26,0.90,7.92,69.19,965.23,247
10/15/2013 01:02:56,10/15/2013,01:02:56,1.12,7.90,69.30,965.25,236
10/15/2013 01:03:26,10/15/2013,01:03:26,1.12,7.90,69.30,965.25,265
10/15/2013 01:03:56,10/15/2013,01:03:56,1.15,7.90,69.19,965.25,243
10/15/2013 01:04:26,10/15/2013,01:04:26,1.31,7.90,69.19,965.20,251
10/15/2013 01:04:56,10/15/2013,01:04:56,2.04,7.92,69.00,965.17,254
10/15/2013 01:05:26,10/15/2013,01:05:26,1.04,7.92,69.09,965.19,246
10/15/2013 01:05:56,10/15/2013,01:05:56,1.97,7.90,69.09,965.17,250
10/15/2013 01:06:26,10/15/2013,01:06:26,1.48,7.92,69.00,965.16,248
10/15/2013 01:06:56,10/15/2013,01:06:56,1.63,7.84,69.09,965.18,252
10/15/2013 01:07:26,10/15/2013,01:07:26,0.87,7.84,69.19,965.19,243
10/15/2013 01:07:56,10/15/2013,01:07:56,0.87,7.84,69.19,965.18,279
10/15/2013 01:08:26,10/15/2013,01:08:26,0.84,7.82,69.19,965.16,255
10/15/2013 01:08:56,10/15/2013,01:08:56,0.49,7.82,69.30,965.22,232
10/15/2013 01:09:26,10/15/2013,01:09:26,0.70,7.77,69.30,965.19,249
10/15/2013 01:09:56,10/15/2013,01:09:56,0.76,7.77,69.40,965.17,252
10/15/2013 01:10:26,10/15/2013,01:10:26,0.22,7.77,69.50,965.19,242
10/15/2013 01:10:56,10/15/2013,01:10:56,0.70,7.77,69.59,965.20,247
10/15/2013 01:11:26,10/15/2013,01:11:26,0.00,7.77,69.69,965.24,269
10/15/2013 01:11:56,10/15/2013,01:11:56,1.04,7.75,69.69,965.20,264
10/15/2013 01:12:26,10/15/2013,01:12:26,1.37,7.77,69.69,965.16,252
10/15/2013 01:12:56,10/15/2013,01:12:56,1.01,7.75,69.69,965.14,240
10/15/2013 01:13:26,10/15/2013,01:13:26,0.73,7.77,69.80,965.15,264
10/15/2013 01:13:56,10/15/2013,01:13:56,0.86,7.77,69.80,965.15,254
10/15/2013 01:14:26,10/15/2013,01:14:26,0.62,7.75,69.90,965.18,257
10/15/2013 01:14:56,10/15/2013,01:14:56,1.20,7.77,69.80,965.16,246
10/15/2013 01:15:26,10/15/2013,01:15:26,0.59,7.77,69.90,965.18,257
10/15/2013 01:15:56,10/15/2013,01:15:56,0.00,7.77,69.90,965.19,240
10/15/2013 01:16:26,10/15/2013,01:16:26,0.72,7.75,69.90,965.17,262
10/15/2013 01:16:56,10/15/2013,01:16:56,0.94,7.77,69.90,965.17,264
10/15/2013 01:17:26,10/15/2013,01:17:26,0.77,7.75,69.90,965.17,253
10/15/2013 01:17:56,10/15/2013,01:17:56,1.16,7.77,69.90,965.17,270
10/15/2013 01:18:26,10/15/2013,01:18:26,0.91,7.77,69.80,965.19,253
10/15/2013 01:18:56,10/15/2013,01:18:56,1.16,7.82,69.90,965.18,264
10/15/2013 01:19:26,10/15/2013,01:19:26,1.09,7.82,69.80,965.17,274
10/15/2013 01:19:56,10/15/2013,01:19:56,1.12,7.84,69.69,965.15,262
10/15/2013 01:20:26,10/15/2013,01:20:26,0.95,7.84,69.59,965.12,257
10/15/2013 01:20:56,10/15/2013,01:20:56,0.81,7.84,69.59,965.12,266
10/15/2013 01:21:26,10/15/2013,01:21:26,0.73,7.84,69.59,965.14,259
10/15/2013 01:21:56,10/15/2013,01:21:56,1.37,7.84,69.59,965.09,242
10/15/2013 01:22:26,10/15/2013,01:22:26,0.76,7.90,69.69,965.10,267
10/15/2013 01:22:56,10/15/2013,01:22:56,0.80,7.84,69.50,965.08,261
10/15/2013 01:23:26,10/15/2013,01:23:26,1.13,7.84,69.50,965.07,257
10/15/2013 01:23:56,10/15/2013,01:23:56,1.30,7.92,69.30,965.05,266
10/15/2013 01:24:26,10/15/2013,01:24:26,1.43,8.05,69.30,965.04,267
10/15/2013 01:24:56,10/15/2013,01:24:56,1.29,8.05,69.00,965.02,265
10/15/2013 01:25:26,10/15/2013,01:25:26,1.37,8.02,69.00,965.03,274
10/15/2013 01:25:56,10/15/2013,01:25:56,1.48,8.10,68.80,965.02,265
10/15/2013 01:26:26,10/15/2013,01:26:26,1.04,8.10,68.80,965.03,269
10/15/2013 01:26:56,10/15/2013,01:26:56,1.34,8.10,68.69,965.02,264
10/15/2013 01:27:26,10/15/2013,01:27:26,0.74,8.05,68.69,965.01,257
10/15/2013 01:27:56,10/15/2013,01:27:56,1.05,8.12,68.69,965.00,263
10/15/2013 01:28:26,10/15/2013,01:28:26,0.30,8.10,68.69,965.04,268
10/15/2013 01:28:56,10/15/2013,01:28:56,1.09,8.17,68.69,965.02,258
10/15/2013 01:29:26,10/15/2013,01:29:26,1.18,8.17,68.59,965.01,275
10/15/2013 01:29:56,10/15/2013,01:29:56,1.26,8.17,68.50,965.02,271
10/15/2013 01:30:26,10/15/2013,01:30:26,1.73,8.25,68.30,965.01,284
10/15/2013 01:30:56,10/15/2013,01:30:56,0.12,8.22,68.40,965.04,258
10/15/2013 01:31:26,10/15/2013,01:31:26,0.40,8.22,68.50,965.04,267
10/15/2013 01:31:56,10/15/2013,01:31:56,0.44,8.25,68.40,965.02,261
10/15/2013 01:32:26,10/15/2013,01:32:26,0.31,8.25,68.50,965.04,270
10/15/2013 01:32:56,10/15/2013,01:32:56,0.47,8.25,68.50,965.04,266
10/15/2013 01:33:26,10/15/2013,01:33:26,0.47,8.30,68.40,965.02,250
10/15/2013 01:33:56,10/15/2013,01:33:56,0.58,8.32,68.30,965.02,277
10/15/2013 01:34:26,10/15/2013,01:34:26,1.11,8.32,68.19,965.01,253
10/15/2013 01:34:56,10/15/2013,01:34:56,0.31,8.32,68.19,965.03,261
10/15/2013 01:35:26,10/15/2013,01:35:26,0.79,8.37,68.19,965.04,282
10/15/2013 01:35:56,10/15/2013,01:35:56,0.34,8.37,68.30,965.07,263
10/15/2013 01:36:26,10/15/2013,01:36:26,0.00,8.37,68.19,965.07,249
10/15/2013 01:36:56,10/15/2013,01:36:56,0.99,8.39,68.09,965.02,274
10/15/2013 01:37:26,10/15/2013,01:37:26,0.63,8.39,68.09,965.02,286
10/15/2013 01:37:56,10/15/2013,01:37:56,0.00,8.39,68.00,965.03,270
10/15/2013 01:38:26,10/15/2013,01:38:26,0.19,8.39,68.19,965.01,275
10/15/2013 01:38:56,10/15/2013,01:38:56,0.00,8.39,68.30,965.03,258
10/15/2013 01:39:26,10/15/2013,01:39:26,0.00,8.39,68.30,965.04,258
10/15/2013 01:39:56,10/15/2013,01:39:56,0.74,8.39,68.19,965.02,277
10/15/2013 01:40:26,10/15/2013,01:40:26,0.88,8.44,68.00,965.00,263
10/15/2013 01:40:56,10/15/2013,01:40:56,0.76,8.39,68.09,965.01,247
10/15/2013 01:41:26,10/15/2013,01:41:26,0.11,8.44,67.90,965.02,255
10/15/2013 01:41:56,10/15/2013,01:41:56,0.00,8.44,68.00,965.02,255
10/15/2013 01:42:26,10/15/2013,01:42:26,0.65,8.39,68.00,965.02,263
10/15/2013 01:42:56,10/15/2013,01:42:56,0.00,8.44,67.90,965.03,272
10/15/2013 01:43:26,10/15/2013,01:43:26,0.19,8.44,67.90,965.00,260
10/15/2013 01:43:56,10/15/2013,01:43:56,0.37,8.44,68.00,964.98,263
10/15/2013 01:44:26,10/15/2013,01:44:26,0.88,8.44,68.00,964.97,263
10/15/2013 01:44:56,10/15/2013,01:44:56,0.49,8.39,68.00,964.96,265
10/15/2013 01:45:26,10/15/2013,01:45:26,0.84,8.44,68.00,964.98,255
10/15/2013 01:45:56,10/15/2013,01:45:56,0.65,8.50,67.69,964.95,263
10/15/2013 01:46:26,10/15/2013,01:46:26,0.00,8.44,67.80,964.97,271
10/15/2013 01:46:56,10/15/2013,01:46:56,1.13,8.44,67.90,964.93,250
10/15/2013 01:47:26,10/15/2013,01:47:26,0.09,8.44,67.90,964.93,258
10/15/2013 01:47:56,10/15/2013,01:47:56,0.00,8.44,68.00,964.94,258
10/15/2013 01:48:26,10/15/2013,01:48:26,1.23,8.44,68.00,964.92,281
10/15/2013 01:48:56,10/15/2013,01:48:56,2.05,8.50,67.69,964.89,275
10/15/2013 01:49:26,10/15/2013,01:49:26,1.69,8.52,67.59,964.88,276
10/15/2013 01:49:56,10/15/2013,01:49:56,0.62,8.50,67.69,964.89,245
10/15/2013 01:50:26,10/15/2013,01:50:26,0.87,8.50,67.59,964.90,265
10/15/2013 01:50:56,10/15/2013,01:50:56,0.68,8.50,67.80,964.93,298
10/15/2013 01:51:26,10/15/2013,01:51:26,0.55,8.50,67.80,964.93,267
10/15/2013 01:51:56,10/15/2013,01:51:56,1.16,8.50,67.69,964.89,283
10/15/2013 01:52:26,10/15/2013,01:52:26,0.00,8.44,67.90,964.93,249
10/15/2013 01:52:56,10/15/2013,01:52:56,0.00,8.50,67.90,964.94,258
10/15/2013 01:53:26,10/15/2013,01:53:26,0.00,8.50,67.90,964.96,258
10/15/2013 01:53:56,10/15/2013,01:53:56,0.00,8.44,67.90,964.98,258
10/15/2013 01:54:26,10/15/2013,01:54:26,0.00,8.44,68.00,964.97,246
10/15/2013 01:54:56,10/15/2013,01:54:56,0.91,8.44,67.90,964.94,265
10/15/2013 01:55:26,10/15/2013,01:55:26,1.02,8.50,67.90,964.90,276
10/15/2013 01:55:56,10/15/2013,01:55:56,0.26,8.50,67.90,964.94,261
10/15/2013 01:56:26,10/15/2013,01:56:26,0.97,8.50,68.09,964.93,274
10/15/2013 01:56:56,10/15/2013,01:56:56,0.84,8.50,68.00,964.95,263
10/15/2013 01:57:26,10/15/2013,01:57:26,1.05,8.50,67.80,964.94,281
10/15/2013 01:57:56,10/15/2013,01:57:56,0.22,8.50,67.90,964.93,256
10/15/2013 01:58:26,10/15/2013,01:58:26,0.93,8.50,68.00,964.93,276
10/15/2013 01:58:56,10/15/2013,01:58:56,0.90,8.50,68.00,964.93,262
10/15/2013 01:59:26,10/15/2013,01:59:26,0.87,8.50,67.80,964.92,269
10/15/2013 01:59:56,10/15/2013,01:59:56,0.98,8.50,67.90,964.93,260
10/15/2013 02:00:26,10/15/2013,02:00:26,0.66,8.50,67.90,964.92,231
10/15/2013 02:00:56,10/15/2013,02:00:56,0.52,8.50,67.90,964.93,263
10/15/2013 02:01:26,10/15/2013,02:01:26,0.29,8.44,68.00,964.93,280
10/15/2013 02:01:56,10/15/2013,02:01:56,0.00,8.50,68.09,964.98,260
10/15/2013 02:02:26,10/15/2013,02:02:26,0.00,8.39,68.09,964.96,273
10/15/2013 02:02:56,10/15/2013,02:02:56,0.00,8.39,68.09,965.00,260
10/15/2013 02:03:26,10/15/2013,02:03:26,0.00,8.39,68.09,964.98,254
10/15/2013 02:03:56,10/15/2013,02:03:56,0.00,8.39,68.09,964.98,251
10/15/2013 02:04:26,10/15/2013,02:04:26,0.09,8.39,68.09,964.97,258
10/15/2013 02:04:56,10/15/2013,02:04:56,0.80,8.39,68.09,964.96,264
10/15/2013 02:05:26,10/15/2013,02:05:26,0.41,8.37,68.09,964.97,262
10/15/2013 02:05:56,10/15/2013,02:05:56,1.16,8.39,68.09,964.93,269
10/15/2013 02:06:26,10/15/2013,02:06:26,0.76,8.37,68.09,964.95,229
10/15/2013 02:06:56,10/15/2013,02:06:56,0.00,8.32,68.19,964.96,251
10/15/2013 02:07:26,10/15/2013,02:07:26,0.00,8.37,68.30,964.98,266
10/15/2013 02:07:56,10/15/2013,02:07:56,0.00,8.32,68.30,965.00,281
10/15/2013 02:08:26,10/15/2013,02:08:26,0.00,8.30,68.30,964.97,252
10/15/2013 02:08:56,10/15/2013,02:08:56,0.00,8.30,68.40,964.94,264
10/15/2013 02:09:26,10/15/2013,02:09:26,0.00,8.30,68.50,964.93,257
10/15/2013 02:09:56,10/15/2013,02:09:56,0.40,8.25,68.59,964.90,266
10/15/2013 02:10:26,10/15/2013,02:10:26,0.80,8.30,68.50,964.88,253
10/15/2013 02:10:56,10/15/2013,02:10:56,0.19,8.25,68.50,964.89,254
10/15/2013 02:11:26,10/15/2013,02:11:26,0.44,8.25,68.50,964.90,253
10/15/2013 02:11:56,10/15/2013,02:11:56,0.00,8.25,68.50,964.90,251
10/15/2013 02:12:26,10/15/2013,02:12:26,0.47,8.17,68.59,964.87,255
10/15/2013 02:12:56,10/15/2013,02:12:56,0.13,8.22,68.69,964.88,262
10/15/2013 02:13:26,10/15/2013,02:13:26,0.27,8.25,68.69,964.90,266
10/15/2013 02:13:56,10/15/2013,02:13:56,0.00,8.25,68.69,964.90,242
10/15/2013 02:14:26,10/15/2013,02:14:26,0.00,8.17,68.69,964.92,273
10/15/2013 02:14:56,10/15/2013,02:14:56,0.00,8.22,68.80,964.92,272
10/15/2013 02:15:26,10/15/2013,02:15:26,0.00,8.12,68.69,964.90,244
10/15/2013 02:15:56,10/15/2013,02:15:56,0.00,8.17,68.80,964.95,254
10/15/2013 02:16:26,10/15/2013,02:16:26,0.52,8.12,68.80,964.94,267
10/15/2013 02:16:56,10/15/2013,02:16:56,1.26,8.17,69.00,964.94,272
10/15/2013 02:17:26,10/15/2013,02:17:26,1.29,8.17,68.90,964.92,271
10/15/2013 02:17:56,10/15/2013,02:17:56,0.87,8.17,68.90,964.95,254
10/15/2013 02:18:26,10/15/2013,02:18:26,0.23,8.22,68.90,964.95,248
10/15/2013 02:18:56,10/15/2013,02:18:56,0.72,8.22,68.80,964.96,270
10/15/2013 02:19:26,10/15/2013,02:19:26,0.73,8.17,68.80,964.96,262
10/15/2013 02:19:56,10/15/2013,02:19:56,1.98,8.25,68.59,964.92,250
10/15/2013 02:20:26,10/15/2013,02:20:26,0.55,8.30,68.40,964.94,257
10/15/2013 02:20:56,10/15/2013,02:20:56,0.97,8.32,68.40,964.93,291
10/15/2013 02:21:26,10/15/2013,02:21:26,0.63,8.25,68.50,964.95,260
10/15/2013 02:21:56,10/15/2013,02:21:56,1.27,8.25,68.50,964.95,280
10/15/2013 02:22:26,10/15/2013,02:22:26,1.49,8.32,68.40,964.93,286
10/15/2013 02:22:56,10/15/2013,02:22:56,1.48,8.32,68.30,964.89,276
10/15/2013 02:23:26,10/15/2013,02:23:26,0.52,8.32,68.30,964.92,275
10/15/2013 02:23:56,10/15/2013,02:23:56,0.00,8.30,68.40,964.97,240
10/15/2013 02:24:26,10/15/2013,02:24:26,0.00,8.25,68.40,964.96,262
10/15/2013 02:24:56,10/15/2013,02:24:56,0.27,8.25,68.40,964.97,274
10/15/2013 02:25:26,10/15/2013,02:25:26,0.00,8.25,68.50,965.00,283
10/15/2013 02:25:56,10/15/2013,02:25:56,0.84,8.30,68.50,964.95,270
10/15/2013 02:26:26,10/15/2013,02:26:26,0.00,8.32,68.50,964.95,272
10/15/2013 02:26:56,10/15/2013,02:26:56,0.62,8.30,68.40,964.94,263
10/15/2013 02:27:26,10/15/2013,02:27:26,0.23,8.32,68.40,964.94,274
10/15/2013 02:27:56,10/15/2013,02:27:56,0.65,8.30,68.40,964.93,267
10/15/2013 02:28:26,10/15/2013,02:28:26,1.73,8.32,68.40,964.90,259
10/15/2013 02:28:56,10/15/2013,02:28:56,1.20,8.32,68.19,964.90,258
10/15/2013 02:29:26,10/15/2013,02:29:26,0.80,8.32,68.30,964.95,268
10/15/2013 02:29:56,10/15/2013,02:29:56,0.11,8.32,68.30,964.95,260
10/15/2013 02:30:26,10/15/2013,02:30:26,0.00,8.32,68.40,964.95,267
10/15/2013 02:30:56,10/15/2013,02:30:56,0.91,8.32,68.40,964.92,272
10/15/2013 02:31:26,10/15/2013,02:31:26,0.00,8.32,68.50,964.93,265
10/15/2013 02:31:56,10/15/2013,02:31:56,0.81,8.32,68.50,964.87,265
10/15/2013 02:32:26,10/15/2013,02:32:26,0.87,8.32,68.40,964.86,281
10/15/2013 02:32:56,10/15/2013,02:32:56,0.97,8.32,68.40,964.88,265
10/15/2013 02:33:26,10/15/2013,02:33:26,0.00,8.32,68.50,964.89,255
10/15/2013 02:33:56,10/15/2013,02:33:56,0.00,8.32,68.50,964.87,265
10/15/2013 02:34:26,10/15/2013,02:34:26,0.36,8.30,68.50,964.85,264
10/15/2013 02:34:56,10/15/2013,02:34:56,1.11,8.32,68.19,964.78,251
10/15/2013 02:35:26,10/15/2013,02:35:26,0.73,8.32,68.30,964.81,271
10/15/2013 02:35:56,10/15/2013,02:35:56,0.13,8.32,68.40,964.81,250
10/15/2013 02:36:26,10/15/2013,02:36:26,0.00,8.32,68.40,964.83,256
10/15/2013 02:36:56,10/15/2013,02:36:56,0.65,8.32,68.40,964.82,258
10/15/2013 02:37:26,10/15/2013,02:37:26,0.40,8.37,68.30,964.82,278
10/15/2013 02:37:56,10/15/2013,02:37:56,0.97,8.37,68.19,964.79,270
10/15/2013 02:38:26,10/15/2013,02:38:26,0.86,8.32,68.19,964.79,251
10/15/2013 02:38:56,10/15/2013,02:38:56,0.30,8.32,68.30,964.81,260
10/15/2013 02:39:26,10/15/2013,02:39:26,0.00,8.32,68.30,964.81,260
10/15/2013 02:39:56,10/15/2013,02:39:56,1.04,8.32,68.30,964.78,244
10/15/2013 02:40:26,10/15/2013,02:40:26,1.58,8.37,68.30,964.74,275
10/15/2013 02:40:56,10/15/2013,02:40:56,0.36,8.32,68.30,964.77,260
10/15/2013 02:41:26,10/15/2013,02:41:26,1.30,8.32,68.30,964.78,278
10/15/2013 02:41:56,10/15/2013,02:41:56,1.33,8.32,68.30,964.73,275
10/15/2013 02:42:26,10/15/2013,02:42:26,1.15,8.32,68.40,964.78,267
10/15/2013 02:42:56,10/15/2013,02:42:56,0.43,8.30,68.40,964.77,253
10/15/2013 02:43:26,10/15/2013,02:43:26,1.22,8.30,68.40,964.75,285
10/15/2013 02:43:56,10/15/2013,02:43:56,1.27,8.30,68.50,964.74,275
10/15/2013 02:44:26,10/15/2013,02:44:26,0.33,8.25,68.59,964.78,262
10/15/2013 02:44:56,10/15/2013,02:44:56,1.16,8.30,68.59,964.75,271
10/15/2013 02:45:26,10/15/2013,02:45:26,0.95,8.25,68.50,964.77,264
10/15/2013 02:45:56,10/15/2013,02:45:56,1.62,8.25,68.50,964.74,274
10/15/2013 02:46:26,10/15/2013,02:46:26,0.30,8.25,68.50,964.80,272
10/15/2013 02:46:56,10/15/2013,02:46:56,0.91,8.25,68.59,964.79,285
10/15/2013 02:47:26,10/15/2013,02:47:26,0.77,8.25,68.59,964.82,258
10/15/2013 02:47:56,10/15/2013,02:47:56,1.44,8.25,68.59,964.80,272
10/15/2013 02:48:26,10/15/2013,02:48:26,0.29,8.22,68.69,964.83,257
10/15/2013 02:48:56,10/15/2013,02:48:56,0.81,8.22,68.69,964.81,265
10/15/2013 02:49:26,10/15/2013,02:49:26,0.00,8.22,68.80,964.82,270
10/15/2013 02:49:56,10/15/2013,02:49:56,0.00,8.22,68.80,964.85,270
10/15/2013 02:50:26,10/15/2013,02:50:26,0.00,8.17,68.90,964.83,258
10/15/2013 02:50:56,10/15/2013,02:50:56,1.19,8.25,68.69,964.79,273
10/15/2013 02:51:26,10/15/2013,02:51:26,0.76,8.22,68.69,964.80,269
10/15/2013 02:51:56,10/15/2013,02:51:56,0.69,8.17,68.69,964.80,275
10/15/2013 02:52:26,10/15/2013,02:52:26,0.61,8.17,68.80,964.77,268
10/15/2013 02:52:56,10/15/2013,02:52:56,0.80,8.17,68.80,964.74,263
10/15/2013 02:53:26,10/15/2013,02:53:26,0.93,8.12,68.90,964.78,277
10/15/2013 02:53:56,10/15/2013,02:53:56,0.30,8.12,68.80,964.78,254
10/15/2013 02:54:26,10/15/2013,02:54:26,0.74,8.17,68.80,964.75,273
10/15/2013 02:54:56,10/15/2013,02:54:56,1.26,8.12,68.69,964.75,275
10/15/2013 02:55:26,10/15/2013,02:55:26,1.41,8.17,68.80,964.72,268
10/15/2013 02:55:56,10/15/2013,02:55:56,1.12,8.22,68.50,964.71,258
10/15/2013 02:56:26,10/15/2013,02:56:26,0.24,8.17,68.59,964.75,260
10/15/2013 02:56:56,10/15/2013,02:56:56,1.02,8.17,68.50,964.75,274
10/15/2013 02:57:26,10/15/2013,02:57:26,0.00,8.17,68.59,964.78,264
10/15/2013 02:57:56,10/15/2013,02:57:56,0.00,8.12,68.50,964.78,268
10/15/2013 02:58:26,10/15/2013,02:58:26,0.63,8.17,68.50,964.77,273
10/15/2013 02:58:56,10/15/2013,02:58:56,0.00,8.17,68.50,964.77,264
10/15/2013 02:59:26,10/15/2013,02:59:26,0.00,8.10,68.50,964.79,277
10/15/2013 02:59:56,10/15/2013,02:59:56,1.16,8.12,68.50,964.78,267
10/15/2013 03:00:26,10/15/2013,03:00:26,0.00,8.10,68.40,964.80,248
10/15/2013 03:00:56,10/15/2013,03:00:56,0.00,8.10,68.40,964.79,251
10/15/2013 03:01:26,10/15/2013,03:01:26,0.00,8.10,68.30,964.78,268
10/15/2013 03:01:56,10/15/2013,03:01:56,1.27,8.12,68.19,964.75,267
10/15/2013 03:02:26,10/15/2013,03:02:26,0.88,8.17,68.09,964.73,273
10/15/2013 03:02:56,10/15/2013,03:02:56,0.00,8.10,68.09,964.79,275
10/15/2013 03:03:26,10/15/2013,03:03:26,0.87,8.12,68.19,964.78,275
10/15/2013 03:03:56,10/15/2013,03:03:56,0.27,8.10,68.09,964.81,258
10/15/2013 03:04:26,10/15/2013,03:04:26,0.51,8.10,68.09,964.82,260
10/15/2013 03:04:56,10/15/2013,03:04:56,0.18,8.12,68.09,964.81,258
10/15/2013 03:05:26,10/15/2013,03:05:26,1.09,8.17,67.90,964.79,276
10/15/2013 03:05:56,10/15/2013,03:05:56,1.09,8.17,68.00,964.79,270
10/15/2013 03:06:26,10/15/2013,03:06:26,0.00,8.17,68.00,964.83,283
10/15/2013 03:06:56,10/15/2013,03:06:56,0.81,8.17,67.90,964.85,279
10/15/2013 03:07:26,10/15/2013,03:07:26,0.41,8.10,67.90,964.86,273
10/15/2013 03:07:56,10/15/2013,03:07:56,0.00,8.10,67.90,964.88,255
10/15/2013 03:08:26,10/15/2013,03:08:26,0.00,8.05,67.90,964.88,295
10/15/2013 03:08:56,10/15/2013,03:08:56,0.00,8.10,68.00,964.85,257
10/15/2013 03:09:26,10/15/2013,03:09:26,0.87,8.10,68.00,964.81,256
10/15/2013 03:09:56,10/15/2013,03:09:56,0.76,8.05,67.90,964.81,282
10/15/2013 03:10:26,10/15/2013,03:10:26,0.08,8.05,67.90,964.83,260
10/15/2013 03:10:56,10/15/2013,03:10:56,0.16,8.10,68.00,964.85,268
10/15/2013 03:11:26,10/15/2013,03:11:26,0.22,8.05,67.80,964.81,258
10/15/2013 03:11:56,10/15/2013,03:11:56,0.41,8.02,67.80,964.82,263
10/15/2013 03:12:26,10/15/2013,03:12:26,0.19,8.05,67.90,964.82,262
10/15/2013 03:12:56,10/15/2013,03:12:56,0.74,8.02,67.90,964.79,261
10/15/2013 03:13:26,10/15/2013,03:13:26,0.27,8.02,67.80,964.81,274
10/15/2013 03:13:56,10/15/2013,03:13:56,0.00,8.02,68.00,964.82,260
10/15/2013 03:14:26,10/15/2013,03:14:26,0.83,8.02,67.80,964.80,275
10/15/2013 03:14:56,10/15/2013,03:14:56,0.81,8.02,67.69,964.79,263
10/15/2013 03:15:26,10/15/2013,03:15:26,0.97,8.02,67.59,964.78,272
10/15/2013 03:15:56,10/15/2013,03:15:56,1.02,8.02,67.69,964.79,278
10/15/2013 03:16:26,10/15/2013,03:16:26,0.68,7.92,67.69,964.82,270
10/15/2013 03:16:56,10/15/2013,03:16:56,0.91,7.97,67.69,964.81,267
10/15/2013 03:17:26,10/15/2013,03:17:26,1.33,8.02,67.59,964.80,271
10/15/2013 03:17:56,10/15/2013,03:17:56,1.15,7.97,67.69,964.81,268
10/15/2013 03:18:26,10/15/2013,03:18:26,0.93,7.92,67.59,964.81,266
10/15/2013 03:18:56,10/15/2013,03:18:56,1.09,7.92,67.59,964.80,266
10/15/2013 03:19:26,10/15/2013,03:19:26,1.23,7.92,67.59,964.79,271
10/15/2013 03:19:56,10/15/2013,03:19:56,1.01,7.92,67.50,964.78,269
10/15/2013 03:20:26,10/15/2013,03:20:26,0.48,7.92,67.59,964.79,272
10/15/2013 03:20:56,10/15/2013,03:20:56,0.00,7.84,67.69,964.82,268
10/15/2013 03:21:26,10/15/2013,03:21:26,0.83,7.82,67.69,964.81,270
10/15/2013 03:21:56,10/15/2013,03:21:56,1.24,7.84,67.69,964.75,275
10/15/2013 03:22:26,10/15/2013,03:22:26,1.15,7.90,67.50,964.74,265
10/15/2013 03:22:56,10/15/2013,03:22:56,0.94,7.84,67.59,964.75,266
10/15/2013 03:23:26,10/15/2013,03:23:26,0.74,7.84,67.59,964.78,262
10/15/2013 03:23:56,10/15/2013,03:23:56,0.74,7.82,67.59,964.78,275
10/15/2013 03:24:26,10/15/2013,03:24:26,0.33,7.84,67.69,964.78,265
10/15/2013 03:24:56,10/15/2013,03:24:56,0.90,7.82,67.59,964.73,270
10/15/2013 03:25:26,10/15/2013,03:25:26,0.47,7.82,67.69,964.73,260
10/15/2013 03:25:56,10/15/2013,03:25:56,0.40,7.75,67.59,964.75,251
10/15/2013 03:26:26,10/15/2013,03:26:26,1.26,7.75,67.69,964.73,277
10/15/2013 03:26:56,10/15/2013,03:26:56,0.30,7.69,67.80,964.75,251
10/15/2013 03:27:26,10/15/2013,03:27:26,1.06,7.69,67.69,964.72,273
10/15/2013 03:27:56,10/15/2013,03:27:56,1.23,7.75,67.59,964.70,257
10/15/2013 03:28:26,10/15/2013,03:28:26,2.11,7.77,67.50,964.67,269
10/15/2013 03:28:56,10/15/2013,03:28:56,1.37,7.77,67.50,964.70,271
10/15/2013 03:29:26,10/15/2013,03:29:26,0.56,7.77,67.59,964.70,263
10/15/2013 03:29:56,10/15/2013,03:29:56,0.41,7.69,67.69,964.70,261
10/15/2013 03:30:26,10/15/2013,03:30:26,0.34,7.65,67.69,964.71,265
10/15/2013 03:30:56,10/15/2013,03:30:56,1.05,7.62,67.80,964.72,267
10/15/2013 03:31:26,10/15/2013,03:31:26,1.66,7.69,67.59,964.70,253
10/15/2013 03:31:56,10/15/2013,03:31:56,1.51,7.69,67.59,964.70,272
10/15/2013 03:32:26,10/15/2013,03:32:26,1.18,7.69,67.69,964.70,272
10/15/2013 03:32:56,10/15/2013,03:32:56,0.56,7.69,67.69,964.74,267
10/15/2013 03:33:26,10/15/2013,03:33:26,1.36,7.65,67.69,964.70,258
10/15/2013 03:33:56,10/15/2013,03:33:56,1.12,7.62,67.69,964.68,278
10/15/2013 03:34:26,10/15/2013,03:34:26,0.83,7.62,67.80,964.72,277
10/15/2013 03:34:56,10/15/2013,03:34:56,0.99,7.57,67.90,964.72,276
10/15/2013 03:35:26,10/15/2013,03:35:26,0.51,7.57,67.90,964.73,271
10/15/2013 03:35:56,10/15/2013,03:35:56,1.06,7.57,67.90,964.74,246
10/15/2013 03:36:26,10/15/2013,03:36:26,0.73,7.62,67.80,964.75,271
10/15/2013 03:36:56,10/15/2013,03:36:56,1.08,7.62,67.80,964.74,275
10/15/2013 03:37:26,10/15/2013,03:37:26,0.45,7.57,67.80,964.75,263
10/15/2013 03:37:56,10/15/2013,03:37:56,0.58,7.57,67.90,964.77,264
10/15/2013 03:38:26,10/15/2013,03:38:26,1.15,7.55,67.90,964.75,276
10/15/2013 03:38:56,10/15/2013,03:38:56,0.00,7.55,68.00,964.81,257
10/15/2013 03:39:26,10/15/2013,03:39:26,0.33,7.55,68.00,964.81,261
10/15/2013 03:39:56,10/15/2013,03:39:56,0.55,7.55,68.00,964.82,266
10/15/2013 03:40:26,10/15/2013,03:40:26,0.99,7.55,67.90,964.81,275
10/15/2013 03:40:56,10/15/2013,03:40:56,1.09,7.55,68.00,964.80,284
10/15/2013 03:41:26,10/15/2013,03:41:26,0.00,7.47,68.09,964.83,253
10/15/2013 03:41:56,10/15/2013,03:41:56,0.00,7.55,68.09,964.85,260
10/15/2013 03:42:26,10/15/2013,03:42:26,0.05,7.47,68.00,964.86,269
10/15/2013 03:42:56,10/15/2013,03:42:56,0.87,7.47,68.09,964.81,271
10/15/2013 03:43:26,10/15/2013,03:43:26,1.33,7.47,68.09,964.80,275
10/15/2013 03:43:56,10/15/2013,03:43:56,0.33,7.47,68.19,964.82,259
10/15/2013 03:44:26,10/15/2013,03:44:26,0.65,7.47,68.19,964.85,256
10/15/2013 03:44:56,10/15/2013,03:44:56,0.47,7.47,68.30,964.87,267
10/15/2013 03:45:26,10/15/2013,03:45:26,0.11,7.47,68.19,964.89,273
10/15/2013 03:45:56,10/15/2013,03:45:56,0.00,7.37,68.19,964.89,256
10/15/2013 03:46:26,10/15/2013,03:46:26,0.52,7.37,68.30,964.87,279
10/15/2013 03:46:56,10/15/2013,03:46:56,0.94,7.37,68.40,964.88,269
10/15/2013 03:47:26,10/15/2013,03:47:26,0.00,7.37,68.50,964.89,275
10/15/2013 03:47:56,10/15/2013,03:47:56,0.29,7.37,68.40,964.90,263
10/15/2013 03:48:26,10/15/2013,03:48:26,0.00,7.34,68.40,964.89,260
10/15/2013 03:48:56,10/15/2013,03:48:56,0.00,7.34,68.50,964.95,266
10/15/2013 03:49:26,10/15/2013,03:49:26,0.61,7.37,68.59,964.95,267
10/15/2013 03:49:56,10/15/2013,03:49:56,0.88,7.30,68.59,964.94,270
10/15/2013 03:50:26,10/15/2013,03:50:26,0.09,7.30,68.59,964.93,273
10/15/2013 03:50:56,10/15/2013,03:50:56,0.00,7.30,68.69,964.93,277
10/15/2013 03:51:26,10/15/2013,03:51:26,0.00,7.27,68.69,964.93,268
10/15/2013 03:51:56,10/15/2013,03:51:56,0.00,7.22,68.80,964.94,271
10/15/2013 03:52:26,10/15/2013,03:52:26,0.00,7.22,68.90,964.93,270
10/15/2013 03:52:56,10/15/2013,03:52:56,0.00,7.17,68.80,964.94,257
10/15/2013 03:53:26,10/15/2013,03:53:26,0.00,7.17,69.00,964.93,272
10/15/2013 03:53:56,10/15/2013,03:53:56,0.00,7.15,69.00,964.90,266
10/15/2013 03:54:26,10/15/2013,03:54:26,0.00,7.15,69.00,964.89,253
10/15/2013 03:54:56,10/15/2013,03:54:56,0.00,7.15,69.00,964.87,264
10/15/2013 03:55:26,10/15/2013,03:55:26,0.05,7.15,69.19,964.86,263
10/15/2013 03:55:56,10/15/2013,03:55:56,0.00,7.07,69.19,964.86,263
10/15/2013 03:56:26,10/15/2013,03:56:26,0.00,7.07,69.19,964.81,245
10/15/2013 03:56:56,10/15/2013,03:56:56,0.00,7.07,69.30,964.81,260
10/15/2013 03:57:26,10/15/2013,03:57:26,0.00,7.07,69.50,964.81,268
10/15/2013 03:57:56,10/15/2013,03:57:56,0.00,7.02,69.50,964.80,279
10/15/2013 03:58:26,10/15/2013,03:58:26,0.00,7.00,69.59,964.80,279
10/15/2013 03:58:56,10/15/2013,03:58:56,0.00,7.00,69.59,964.83,274
10/15/2013 03:59:26,10/15/2013,03:59:26,0.00,6.94,69.50,964.85,272
10/15/2013 03:59:56,10/15/2013,03:59:56,0.00,7.00,69.69,964.85,272
10/15/2013 04:00:26,10/15/2013,04:00:26,0.00,6.90,69.80,964.86,268
10/15/2013 04:00:56,10/15/2013,04:00:56,0.00,6.94,69.80,964.81,270
10/15/2013 04:01:26,10/15/2013,04:01:26,0.45,7.00,70.00,964.79,269
10/15/2013 04:01:56,10/15/2013,04:01:56,0.06,7.00,70.00,964.80,260
10/15/2013 04:02:26,10/15/2013,04:02:26,0.31,7.00,69.90,964.81,267
10/15/2013 04:02:56,10/15/2013,04:02:56,0.73,7.00,70.00,964.80,267
10/15/2013 04:03:26,10/15/2013,04:03:26,0.00,7.00,69.90,964.81,263
10/15/2013 04:03:56,10/15/2013,04:03:56,0.00,7.00,70.00,964.85,263
10/15/2013 04:04:26,10/15/2013,04:04:26,0.00,7.00,70.00,964.86,260
10/15/2013 04:04:56,10/15/2013,04:04:56,0.31,7.02,70.00,964.83,265
10/15/2013 04:05:26,10/15/2013,04:05:26,0.61,7.02,70.00,964.81,277
10/15/2013 04:05:56,10/15/2013,04:05:56,0.00,7.00,70.00,964.82,263
10/15/2013 04:06:26,10/15/2013,04:06:26,0.12,7.02,70.00,964.81,290
10/15/2013 04:06:56,10/15/2013,04:06:56,0.00,7.00,70.00,964.81,240
10/15/2013 04:07:26,10/15/2013,04:07:26,0.00,7.02,69.90,964.83,267
10/15/2013 04:07:56,10/15/2013,04:07:56,0.33,7.02,69.90,964.83,279
10/15/2013 04:08:26,10/15/2013,04:08:26,0.00,7.00,69.80,964.83,278
10/15/2013 04:08:56,10/15/2013,04:08:56,0.00,7.00,69.90,964.81,270
10/15/2013 04:09:26,10/15/2013,04:09:26,0.00,7.00,69.90,964.83,266
10/15/2013 04:09:56,10/15/2013,04:09:56,0.00,7.00,70.00,964.85,259
10/15/2013 04:10:26,10/15/2013,04:10:26,0.00,6.94,69.90,964.85,282
10/15/2013 04:10:56,10/15/2013,04:10:56,0.00,6.90,70.00,964.85,266
10/15/2013 04:11:26,10/15/2013,04:11:26,0.00,6.90,70.00,964.83,264
10/15/2013 04:11:56,10/15/2013,04:11:56,0.00,7.00,70.09,964.85,279
10/15/2013 04:12:26,10/15/2013,04:12:26,0.00,6.90,70.09,964.81,259
10/15/2013 04:12:56,10/15/2013,04:12:56,0.00,6.94,70.19,964.81,263
10/15/2013 04:13:26,10/15/2013,04:13:26,0.94,7.00,70.19,964.77,265
10/15/2013 04:13:56,10/15/2013,04:13:56,0.95,7.02,70.19,964.78,269
10/15/2013 04:14:26,10/15/2013,04:14:26,0.83,7.00,70.09,964.77,274
10/15/2013 04:14:56,10/15/2013,04:14:56,0.00,7.00,70.09,964.80,270
10/15/2013 04:15:26,10/15/2013,04:15:26,0.00,7.00,70.19,964.80,258
10/15/2013 04:15:56,10/15/2013,04:15:56,0.55,7.00,70.19,964.79,288
10/15/2013 04:16:26,10/15/2013,04:16:26,0.00,7.00,70.19,964.81,269
10/15/2013 04:16:56,10/15/2013,04:16:56,0.11,6.90,70.09,964.80,273
10/15/2013 04:17:26,10/15/2013,04:17:26,0.56,6.94,70.19,964.77,269
10/15/2013 04:17:56,10/15/2013,04:17:56,0.72,6.94,70.30,964.77,270
10/15/2013 04:18:26,10/15/2013,04:18:26,0.52,6.90,70.30,964.81,262
10/15/2013 04:18:56,10/15/2013,04:18:56,0.00,6.94,70.30,964.85,280
10/15/2013 04:19:26,10/15/2013,04:19:26,0.31,6.94,70.40,964.85,271
10/15/2013 04:19:56,10/15/2013,04:19:56,1.08,7.00,70.40,964.80,272
10/15/2013 04:20:26,10/15/2013,04:20:26,0.74,7.00,70.30,964.81,248
10/15/2013 04:20:56,10/15/2013,04:20:56,0.00,7.00,70.30,964.86,271
10/15/2013 04:21:26,10/15/2013,04:21:26,0.00,7.00,70.40,964.86,269
10/15/2013 04:21:56,10/15/2013,04:21:56,0.00,6.94,70.40,964.86,260
10/15/2013 04:22:26,10/15/2013,04:22:26,0.00,6.90,70.40,964.86,267
10/15/2013 04:22:56,10/15/2013,04:22:56,0.73,7.00,70.40,964.82,289
10/15/2013 04:23:26,10/15/2013,04:23:26,1.04,7.00,70.40,964.82,270
10/15/2013 04:23:56,10/15/2013,04:23:56,0.54,7.00,70.40,964.82,262
10/15/2013 04:24:26,10/15/2013,04:24:26,0.34,7.02,70.40,964.82,268
10/15/2013 04:24:56,10/15/2013,04:24:56,0.00,7.00,70.40,964.83,255
10/15/2013 04:25:26,10/15/2013,04:25:26,0.00,7.00,70.40,964.81,261
10/15/2013 04:25:56,10/15/2013,04:25:56,0.48,7.00,70.30,964.78,265
10/15/2013 04:26:26,10/15/2013,04:26:26,0.51,7.00,70.40,964.80,282
10/15/2013 04:26:56,10/15/2013,04:26:56,0.00,7.00,70.50,964.81,254
10/15/2013 04:27:26,10/15/2013,04:27:26,0.47,7.02,70.50,964.80,295
10/15/2013 04:27:56,10/15/2013,04:27:56,0.49,7.00,70.50,964.80,258
10/15/2013 04:28:26,10/15/2013,04:28:26,0.74,7.02,70.50,964.79,270
10/15/2013 04:28:56,10/15/2013,04:28:56,0.65,7.00,70.40,964.77,257
10/15/2013 04:29:26,10/15/2013,04:29:26,0.55,7.00,70.50,964.79,281
10/15/2013 04:29:56,10/15/2013,04:29:56,0.43,7.00,70.50,964.79,282
10/15/2013 04:30:26,10/15/2013,04:30:26,0.30,7.00,70.59,964.82,273
10/15/2013 04:30:56,10/15/2013,04:30:56,1.29,7.02,70.50,964.78,258
10/15/2013 04:31:26,10/15/2013,04:31:26,1.04,7.07,70.50,964.79,280
10/15/2013 04:31:56,10/15/2013,04:31:56,0.52,7.00,70.50,964.81,278
10/15/2013 04:32:26,10/15/2013,04:32:26,0.52,7.07,70.40,964.81,265
10/15/2013 04:32:56,10/15/2013,04:32:56,0.80,7.09,70.40,964.80,260
10/15/2013 04:33:26,10/15/2013,04:33:26,1.61,7.15,70.19,964.77,276
10/15/2013 04:33:56,10/15/2013,04:33:56,0.84,7.15,70.09,964.81,280
10/15/2013 04:34:26,10/15/2013,04:34:26,0.34,7.09,70.09,964.86,270
10/15/2013 04:34:56,10/15/2013,04:34:56,0.73,7.09,70.09,964.86,297
10/15/2013 04:35:26,10/15/2013,04:35:26,0.06,7.09,70.00,964.88,284
10/15/2013 04:35:56,10/15/2013,04:35:56,0.00,7.07,70.00,964.90,252
10/15/2013 04:36:26,10/15/2013,04:36:26,0.00,7.07,70.09,964.89,278
10/15/2013 04:36:56,10/15/2013,04:36:56,0.00,7.07,70.09,964.92,276
10/15/2013 04:37:26,10/15/2013,04:37:26,0.94,7.15,70.00,964.86,278
10/15/2013 04:37:56,10/15/2013,04:37:56,0.59,7.15,69.90,964.88,275
10/15/2013 04:38:26,10/15/2013,04:38:26,0.11,7.09,69.90,964.90,270
10/15/2013 04:38:56,10/15/2013,04:38:56,0.00,7.15,70.00,964.90,286
10/15/2013 04:39:26,10/15/2013,04:39:26,1.02,7.15,69.90,964.87,271
10/15/2013 04:39:56,10/15/2013,04:39:56,0.59,7.15,69.69,964.88,294
10/15/2013 04:40:26,10/15/2013,04:40:26,0.30,7.09,69.80,964.89,280
10/15/2013 04:40:56,10/15/2013,04:40:56,1.66,7.22,69.40,964.85,288
10/15/2013 04:41:26,10/15/2013,04:41:26,0.73,7.17,69.50,964.87,270
10/15/2013 04:41:56,10/15/2013,04:41:56,0.63,7.15,69.50,964.87,275
10/15/2013 04:42:26,10/15/2013,04:42:26,0.45,7.15,69.59,964.86,298
10/15/2013 04:42:56,10/15/2013,04:42:56,0.66,7.17,69.59,964.85,279
10/15/2013 04:43:26,10/15/2013,04:43:26,1.08,7.15,69.50,964.81,274
10/15/2013 04:43:56,10/15/2013,04:43:56,2.47,7.27,69.30,964.78,282
10/15/2013 04:44:26,10/15/2013,04:44:26,1.41,7.22,69.19,964.80,250
10/15/2013 04:44:56,10/15/2013,04:44:56,0.24,7.22,69.19,964.81,266
10/15/2013 04:45:26,10/15/2013,04:45:26,1.26,7.17,69.30,964.82,270
10/15/2013 04:45:56,10/15/2013,04:45:56,0.18,7.22,69.30,964.85,266
10/15/2013 04:46:26,10/15/2013,04:46:26,0.45,7.15,69.30,964.85,243
10/15/2013 04:46:56,10/15/2013,04:46:56,0.33,7.17,69.19,964.86,268
10/15/2013 04:47:26,10/15/2013,04:47:26,0.44,7.22,69.19,964.86,243
10/15/2013 04:47:56,10/15/2013,04:47:56,1.44,7.22,69.09,964.83,280
10/15/2013 04:48:26,10/15/2013,04:48:26,1.36,7.22,68.90,964.82,263
10/15/2013 04:48:56,10/15/2013,04:48:56,1.56,7.27,68.90,964.81,281
10/15/2013 04:49:26,10/15/2013,04:49:26,1.06,7.22,68.90,964.80,256
10/15/2013 04:49:56,10/15/2013,04:49:56,1.01,7.22,69.00,964.82,282
10/15/2013 04:50:26,10/15/2013,04:50:26,1.70,7.30,68.80,964.80,272
10/15/2013 04:50:56,10/15/2013,04:50:56,1.31,7.27,68.69,964.80,271
10/15/2013 04:51:26,10/15/2013,04:51:26,1.19,7.27,68.69,964.81,270
10/15/2013 04:51:56,10/15/2013,04:51:56,0.00,7.22,68.80,964.87,261
10/15/2013 04:52:26,10/15/2013,04:52:26,1.20,7.27,68.80,964.85,275
10/15/2013 04:52:56,10/15/2013,04:52:56,1.81,7.22,68.80,964.82,281
10/15/2013 04:53:26,10/15/2013,04:53:26,1.15,7.22,68.80,964.83,257
10/15/2013 04:53:56,10/15/2013,04:53:56,1.15,7.22,68.90,964.82,252
10/15/2013 04:54:26,10/15/2013,04:54:26,0.66,7.22,69.00,964.85,264
10/15/2013 04:54:56,10/15/2013,04:54:56,1.99,7.27,68.90,964.82,281
10/15/2013 04:55:26,10/15/2013,04:55:26,1.40,7.22,68.80,964.81,266
10/15/2013 04:55:56,10/15/2013,04:55:56,1.01,7.22,68.90,964.81,259
10/15/2013 04:56:26,10/15/2013,04:56:26,0.97,7.15,69.00,964.85,281
10/15/2013 04:56:56,10/15/2013,04:56:56,0.88,7.22,69.09,964.85,271
10/15/2013 04:57:26,10/15/2013,04:57:26,1.19,7.22,69.00,964.85,275
10/15/2013 04:57:56,10/15/2013,04:57:56,0.63,7.22,69.00,964.86,266
10/15/2013 04:58:26,10/15/2013,04:58:26,0.00,7.22,69.09,964.90,264
10/15/2013 04:58:56,10/15/2013,04:58:56,1.18,7.22,69.00,964.90,247
10/15/2013 04:59:26,10/15/2013,04:59:26,1.31,7.17,69.00,964.90,256
10/15/2013 04:59:56,10/15/2013,04:59:56,1.47,7.22,69.00,964.92,275
10/15/2013 05:00:26,10/15/2013,05:00:26,1.76,7.27,68.80,964.93,264
10/15/2013 05:00:56,10/15/2013,05:00:56,1.62,7.22,68.80,964.96,280
10/15/2013 05:01:26,10/15/2013,05:01:26,0.90,7.22,68.90,965.00,255
10/15/2013 05:01:56,10/15/2013,05:01:56,1.02,7.17,69.00,965.03,280
10/15/2013 05:02:26,10/15/2013,05:02:26,0.83,7.22,68.90,965.04,265
10/15/2013 05:02:56,10/15/2013,05:02:56,1.12,7.22,69.00,965.07,266
10/15/2013 05:03:26,10/15/2013,05:03:26,1.30,7.17,69.00,965.04,270
10/15/2013 05:03:56,10/15/2013,05:03:56,0.90,7.15,69.09,965.05,288
10/15/2013 05:04:26,10/15/2013,05:04:26,0.86,7.17,69.19,965.05,277
10/15/2013 05:04:56,10/15/2013,05:04:56,0.47,7.15,69.30,965.05,267
10/15/2013 05:05:26,10/15/2013,05:05:26,1.44,7.22,69.19,964.98,265
10/15/2013 05:05:56,10/15/2013,05:05:56,1.54,7.17,69.19,965.02,275
10/15/2013 05:06:26,10/15/2013,05:06:26,0.72,7.22,69.19,965.02,270
10/15/2013 05:06:56,10/15/2013,05:06:56,0.37,7.15,69.19,965.04,265
10/15/2013 05:07:26,10/15/2013,05:07:26,1.36,7.15,69.30,964.98,281
10/15/2013 05:07:56,10/15/2013,05:07:56,0.41,7.15,69.40,965.02,267
10/15/2013 05:08:26,10/15/2013,05:08:26,0.22,7.15,69.30,965.03,257
10/15/2013 05:08:56,10/15/2013,05:08:56,1.12,7.15,69.30,965.00,253
10/15/2013 05:09:26,10/15/2013,05:09:26,1.34,7.15,69.09,964.98,277
10/15/2013 05:09:56,10/15/2013,05:09:56,0.83,7.15,69.19,964.98,271
10/15/2013 05:10:26,10/15/2013,05:10:26,1.69,7.15,69.19,964.96,263
10/15/2013 05:10:56,10/15/2013,05:10:56,1.88,7.15,69.09,964.95,285
10/15/2013 05:11:26,10/15/2013,05:11:26,1.36,7.15,69.19,964.94,266
10/15/2013 05:11:56,10/15/2013,05:11:56,1.33,7.15,69.30,964.93,274
10/15/2013 05:12:26,10/15/2013,05:12:26,1.16,7.15,69.30,964.96,266
10/15/2013 05:12:56,10/15/2013,05:12:56,1.18,7.15,69.30,964.92,276
10/15/2013 05:13:26,10/15/2013,05:13:26,0.74,7.15,69.40,964.96,258
10/15/2013 05:13:56,10/15/2013,05:13:56,0.12,7.07,69.40,965.00,265
10/15/2013 05:14:26,10/15/2013,05:14:26,0.65,7.09,69.40,964.98,272
10/15/2013 05:14:56,10/15/2013,05:14:56,1.01,7.09,69.50,964.96,277
10/15/2013 05:15:26,10/15/2013,05:15:26,1.47,7.15,69.50,964.98,262
10/15/2013 05:15:56,10/15/2013,05:15:56,0.91,7.15,69.30,965.01,257
10/15/2013 05:16:26,10/15/2013,05:16:26,1.12,7.17,69.30,965.02,267
10/15/2013 05:16:56,10/15/2013,05:16:56,1.37,7.17,69.40,965.02,281
10/15/2013 05:17:26,10/15/2013,05:17:26,0.98,7.22,69.30,965.03,247
10/15/2013 05:17:56,10/15/2013,05:17:56,1.01,7.22,69.19,965.03,264
10/15/2013 05:18:26,10/15/2013,05:18:26,0.98,7.22,69.30,965.04,276
10/15/2013 05:18:56,10/15/2013,05:18:56,1.13,7.22,69.30,965.05,285
10/15/2013 05:19:26,10/15/2013,05:19:26,1.12,7.27,69.09,965.07,273
10/15/2013 05:19:56,10/15/2013,05:19:56,1.33,7.27,69.09,965.07,266
10/15/2013 05:20:26,10/15/2013,05:20:26,2.04,7.30,68.90,965.05,291
10/15/2013 05:20:56,10/15/2013,05:20:56,1.15,7.30,68.90,965.10,270
10/15/2013 05:21:26,10/15/2013,05:21:26,0.51,7.30,68.90,965.14,270
10/15/2013 05:21:56,10/15/2013,05:21:56,1.12,7.30,68.80,965.12,286
10/15/2013 05:22:26,10/15/2013,05:22:26,1.08,7.30,68.80,965.15,312
10/15/2013 05:22:56,10/15/2013,05:22:56,0.30,7.30,68.80,965.17,262
10/15/2013 05:23:26,10/15/2013,05:23:26,0.65,7.30,68.90,965.19,261
10/15/2013 05:23:56,10/15/2013,05:23:56,0.61,7.30,69.00,965.24,270
10/15/2013 05:24:26,10/15/2013,05:24:26,1.61,7.34,68.90,965.22,278
10/15/2013 05:24:56,10/15/2013,05:24:56,1.20,7.37,68.50,965.23,284
10/15/2013 05:25:26,10/15/2013,05:25:26,0.24,7.34,68.59,965.22,251
10/15/2013 05:25:56,10/15/2013,05:25:56,0.79,7.34,68.59,965.22,295
10/15/2013 05:26:26,10/15/2013,05:26:26,0.00,7.37,68.40,965.23,255
10/15/2013 05:26:56,10/15/2013,05:26:56,0.26,7.37,68.50,965.18,264
10/15/2013 05:27:26,10/15/2013,05:27:26,0.61,7.37,68.59,965.16,279
10/15/2013 05:27:56,10/15/2013,05:27:56,0.26,7.37,68.69,965.16,281
10/15/2013 05:28:26,10/15/2013,05:28:26,0.33,7.37,68.40,965.14,249
10/15/2013 05:28:56,10/15/2013,05:28:56,0.36,7.37,68.59,965.17,278
10/15/2013 05:29:26,10/15/2013,05:29:26,1.36,7.47,68.19,965.16,270
10/15/2013 05:29:56,10/15/2013,05:29:56,1.40,7.47,68.19,965.16,279
10/15/2013 05:30:26,10/15/2013,05:30:26,0.40,7.47,68.00,965.20,257
10/15/2013 05:30:56,10/15/2013,05:30:56,0.95,7.47,68.09,965.20,275
10/15/2013 05:31:26,10/15/2013,05:31:26,0.54,7.47,68.09,965.19,252
10/15/2013 05:31:56,10/15/2013,05:31:56,1.16,7.42,68.09,965.18,270
10/15/2013 05:32:26,10/15/2013,05:32:26,0.19,7.42,68.00,965.20,257
10/15/2013 05:32:56,10/15/2013,05:32:56,0.80,7.47,67.90,965.17,269
10/15/2013 05:33:26,10/15/2013,05:33:26,0.86,7.42,68.00,965.16,257
10/15/2013 05:33:56,10/15/2013,05:33:56,1.13,7.47,67.69,965.16,268
10/15/2013 05:34:26,10/15/2013,05:34:26,0.65,7.42,67.69,965.16,262
10/15/2013 05:34:56,10/15/2013,05:34:56,0.41,7.37,67.80,965.16,259
10/15/2013 05:35:26,10/15/2013,05:35:26,1.86,7.47,67.59,965.12,280
10/15/2013 05:35:56,10/15/2013,05:35:56,0.94,7.37,67.69,965.11,268
10/15/2013 05:36:26,10/15/2013,05:36:26,0.97,7.37,67.59,965.12,249
10/15/2013 05:36:56,10/15/2013,05:36:56,1.06,7.42,67.59,965.11,266
10/15/2013 05:37:26,10/15/2013,05:37:26,1.15,7.42,67.50,965.11,250
10/15/2013 05:37:56,10/15/2013,05:37:56,0.66,7.37,67.59,965.11,288
10/15/2013 05:38:26,10/15/2013,05:38:26,0.74,7.37,67.59,965.10,274
10/15/2013 05:38:56,10/15/2013,05:38:56,0.27,7.34,67.69,965.14,269
10/15/2013 05:39:26,10/15/2013,05:39:26,0.30,7.30,67.80,965.16,255
10/15/2013 05:39:56,10/15/2013,05:39:56,0.00,7.30,67.80,965.19,268
10/15/2013 05:40:26,10/15/2013,05:40:26,0.59,7.27,67.90,965.19,268
10/15/2013 05:40:56,10/15/2013,05:40:56,0.90,7.22,67.80,965.20,267
10/15/2013 05:41:26,10/15/2013,05:41:26,0.05,7.27,68.00,965.24,276
10/15/2013 05:41:56,10/15/2013,05:41:56,0.00,7.22,68.00,965.27,264
10/15/2013 05:42:26,10/15/2013,05:42:26,0.15,7.22,68.00,965.25,264
10/15/2013 05:42:56,10/15/2013,05:42:56,0.44,7.22,68.00,965.26,260
10/15/2013 05:43:26,10/15/2013,05:43:26,0.22,7.22,68.00,965.30,270
10/15/2013 05:43:56,10/15/2013,05:43:56,0.38,7.17,68.09,965.30,270
10/15/2013 05:44:26,10/15/2013,05:44:26,0.76,7.15,68.09,965.29,283
10/15/2013 05:44:56,10/15/2013,05:44:56,0.93,7.09,68.19,965.30,270
10/15/2013 05:45:26,10/15/2013,05:45:26,0.91,7.15,68.09,965.32,271
10/15/2013 05:45:56,10/15/2013,05:45:56,0.00,7.15,68.19,965.37,268
10/15/2013 05:46:26,10/15/2013,05:46:26,0.00,7.09,68.30,965.40,259
10/15/2013 05:46:56,10/15/2013,05:46:56,0.08,7.07,68.40,965.40,269
10/15/2013 05:47:26,10/15/2013,05:47:26,0.00,7.07,68.50,965.41,269
10/15/2013 05:47:56,10/15/2013,05:47:56,0.45,7.00,68.40,965.38,267
10/15/2013 05:48:26,10/15/2013,05:48:26,0.00,7.02,68.59,965.40,260
10/15/2013 05:48:56,10/15/2013,05:48:56,0.00,7.00,68.59,965.42,260
10/15/2013 05:49:26,10/15/2013,05:49:26,0.58,7.00,68.59,965.40,267
10/15/2013 05:49:56,10/15/2013,05:49:56,0.00,7.00,68.69,965.42,258
10/15/2013 05:50:26,10/15/2013,05:50:26,0.23,7.00,68.80,965.44,270
10/15/2013 05:50:56,10/15/2013,05:50:56,0.29,6.94,68.80,965.41,265
10/15/2013 05:51:26,10/15/2013,05:51:26,0.77,6.90,68.69,965.38,274
10/15/2013 05:51:56,10/15/2013,05:51:56,0.00,7.00,68.80,965.39,267
10/15/2013 05:52:26,10/15/2013,05:52:26,0.51,6.90,68.80,965.39,252
10/15/2013 05:52:56,10/15/2013,05:52:56,0.36,6.90,68.80,965.40,265
10/15/2013 05:53:26,10/15/2013,05:53:26,0.00,6.90,68.90,965.44,263
10/15/2013 05:53:56,10/15/2013,05:53:56,0.91,6.90,68.90,965.40,267
10/15/2013 05:54:26,10/15/2013,05:54:26,1.05,6.94,68.90,965.38,268
10/15/2013 05:54:56,10/15/2013,05:54:56,0.65,6.90,68.90,965.40,266
10/15/2013 05:55:26,10/15/2013,05:55:26,0.00,6.90,68.90,965.44,269
10/15/2013 05:55:56,10/15/2013,05:55:56,0.44,6.87,68.90,965.45,269
10/15/2013 05:56:26,10/15/2013,05:56:26,0.00,6.82,68.90,965.47,263
10/15/2013 05:56:56,10/15/2013,05:56:56,0.00,6.82,68.90,965.47,260
10/15/2013 05:57:26,10/15/2013,05:57:26,0.00,6.82,69.00,965.48,267
10/15/2013 05:57:56,10/15/2013,05:57:56,0.40,6.82,69.00,965.47,270
10/15/2013 05:58:26,10/15/2013,05:58:26,0.54,6.82,69.00,965.47,278
10/15/2013 05:58:56,10/15/2013,05:58:56,0.22,6.75,69.09,965.49,264
10/15/2013 05:59:26,10/15/2013,05:59:26,0.45,6.80,69.19,965.52,274
10/15/2013 05:59:56,10/15/2013,05:59:56,0.00,6.75,69.09,965.55,259
10/15/2013 06:00:26,10/15/2013,06:00:26,0.00,6.67,69.09,965.53,270
10/15/2013 06:00:56,10/15/2013,06:00:56,0.00,6.67,69.09,965.54,263
10/15/2013 06:01:26,10/15/2013,06:01:26,0.79,6.69,69.30,965.50,268
10/15/2013 06:01:56,10/15/2013,06:01:56,0.00,6.69,69.40,965.52,263
10/15/2013 06:02:26,10/15/2013,06:02:26,0.38,6.69,69.30,965.50,269
10/15/2013 06:02:56,10/15/2013,06:02:56,0.00,6.75,69.40,965.55,254
10/15/2013 06:03:26,10/15/2013,06:03:26,0.00,6.75,69.50,965.55,258
10/15/2013 06:03:56,10/15/2013,06:03:56,0.00,6.75,69.50,965.55,264
10/15/2013 06:04:26,10/15/2013,06:04:26,0.00,6.62,69.30,965.56,268
10/15/2013 06:04:56,10/15/2013,06:04:56,0.00,6.67,69.30,965.56,258
10/15/2013 06:05:26,10/15/2013,06:05:26,0.00,6.59,69.40,965.55,267
10/15/2013 06:05:56,10/15/2013,06:05:56,0.00,6.59,69.50,965.56,268
10/15/2013 06:06:26,10/15/2013,06:06:26,0.00,6.59,69.50,965.57,275
10/15/2013 06:06:56,10/15/2013,06:06:56,0.00,6.59,69.50,965.57,260
10/15/2013 06:07:26,10/15/2013,06:07:26,0.00,6.59,69.59,965.57,277
10/15/2013 06:07:56,10/15/2013,06:07:56,0.00,6.59,69.59,965.57,272
10/15/2013 06:08:26,10/15/2013,06:08:26,0.00,6.62,69.69,965.56,272
10/15/2013 06:08:56,10/15/2013,06:08:56,0.00,6.59,69.59,965.59,272
10/15/2013 06:09:26,10/15/2013,06:09:26,0.00,6.52,69.50,965.60,253
10/15/2013 06:09:56,10/15/2013,06:09:56,0.00,6.52,69.40,965.57,266
10/15/2013 06:10:26,10/15/2013,06:10:26,0.00,6.52,69.69,965.60,267
10/15/2013 06:10:56,10/15/2013,06:10:56,0.00,6.52,69.69,965.55,267
10/15/2013 06:11:26,10/15/2013,06:11:26,0.00,6.59,69.69,965.56,260
10/15/2013 06:11:56,10/15/2013,06:11:56,0.00,6.55,69.59,965.55,263
10/15/2013 06:12:26,10/15/2013,06:12:26,0.00,6.52,69.50,965.55,268
10/15/2013 06:12:56,10/15/2013,06:12:56,0.00,6.52,69.50,965.53,270
10/15/2013 06:13:26,10/15/2013,06:13:26,0.00,6.52,69.59,965.52,265
10/15/2013 06:13:56,10/15/2013,06:13:56,0.00,6.42,69.40,965.52,235
10/15/2013 06:14:26,10/15/2013,06:14:26,0.00,6.42,69.40,965.53,267
10/15/2013 06:14:56,10/15/2013,06:14:56,0.00,6.47,69.59,965.53,267
10/15/2013 06:15:26,10/15/2013,06:15:26,0.00,6.52,69.59,965.54,274
10/15/2013 06:15:56,10/15/2013,06:15:56,0.00,6.42,69.50,965.55,265
10/15/2013 06:16:26,10/15/2013,06:16:26,0.00,6.42,69.40,965.56,271
10/15/2013 06:16:56,10/15/2013,06:16:56,0.00,6.42,69.40,965.56,265
10/15/2013 06:17:26,10/15/2013,06:17:26,0.00,6.42,69.50,965.56,255
10/15/2013 06:17:56,10/15/2013,06:17:56,0.00,6.42,69.50,965.56,269
10/15/2013 06:18:26,10/15/2013,06:18:26,0.00,6.40,69.40,965.57,246
10/15/2013 06:18:56,10/15/2013,06:18:56,0.00,6.40,69.50,965.59,280
10/15/2013 06:19:26,10/15/2013,06:19:26,0.00,6.40,69.50,965.59,269
10/15/2013 06:19:56,10/15/2013,06:19:56,0.36,6.34,69.30,965.60,268
10/15/2013 06:20:26,10/15/2013,06:20:26,0.11,6.34,69.40,965.62,267
10/15/2013 06:20:56,10/15/2013,06:20:56,0.00,6.40,69.50,965.63,273
10/15/2013 06:21:26,10/15/2013,06:21:26,0.00,6.42,69.59,965.63,265
10/15/2013 06:21:56,10/15/2013,06:21:56,0.00,6.40,69.50,965.62,262
10/15/2013 06:22:26,10/15/2013,06:22:26,0.00,6.34,69.40,965.63,259
10/15/2013 06:22:56,10/15/2013,06:22:56,0.00,6.40,69.30,965.63,272
10/15/2013 06:23:26,10/15/2013,06:23:26,0.00,6.34,69.30,965.61,260
10/15/2013 06:23:56,10/15/2013,06:23:56,0.40,6.34,69.30,965.59,268
10/15/2013 06:24:26,10/15/2013,06:24:26,0.00,6.40,69.30,965.61,274
10/15/2013 06:24:56,10/15/2013,06:24:56,0.70,6.34,69.09,965.56,272
10/15/2013 06:25:26,10/15/2013,06:25:26,0.00,6.34,69.09,965.56,265
10/15/2013 06:25:56,10/15/2013,06:25:56,0.00,6.34,69.19,965.56,269
10/15/2013 06:26:26,10/15/2013,06:26:26,0.00,6.32,69.09,965.56,264
10/15/2013 06:26:56,10/15/2013,06:26:56,0.27,6.34,69.09,965.52,263
10/15/2013 06:27:26,10/15/2013,06:27:26,0.00,6.34,69.19,965.56,255
10/15/2013 06:27:56,10/15/2013,06:27:56,0.00,6.34,69.09,965.57,260
10/15/2013 06:28:26,10/15/2013,06:28:26,0.00,6.34,69.09,965.56,251
10/15/2013 06:28:56,10/15/2013,06:28:56,0.00,6.34,69.09,965.56,290
10/15/2013 06:29:26,10/15/2013,06:29:26,0.00,6.27,69.09,965.59,278
10/15/2013 06:29:56,10/15/2013,06:29:56,0.00,6.27,69.00,965.60,276
10/15/2013 06:30:26,10/15/2013,06:30:26,0.00,6.27,69.00,965.57,263
10/15/2013 06:30:56,10/15/2013,06:30:56,0.00,6.27,69.09,965.54,259
10/15/2013 06:31:26,10/15/2013,06:31:26,0.00,6.27,69.19,965.57,262
10/15/2013 06:31:56,10/15/2013,06:31:56,0.00,6.32,69.40,965.56,274
10/15/2013 06:32:26,10/15/2013,06:32:26,0.00,6.27,69.30,965.55,268
10/15/2013 06:32:56,10/15/2013,06:32:56,0.00,6.27,69.19,965.55,246
10/15/2013 06:33:26,10/15/2013,06:33:26,0.00,6.22,69.30,965.57,259
10/15/2013 06:33:56,10/15/2013,06:33:56,0.00,6.22,69.30,965.59,273
10/15/2013 06:34:26,10/15/2013,06:34:26,0.00,6.27,69.19,965.60,268
10/15/2013 06:34:56,10/15/2013,06:34:56,0.00,6.22,69.19,965.62,262
10/15/2013 06:35:26,10/15/2013,06:35:26,0.00,6.22,69.30,965.63,256
10/15/2013 06:35:56,10/15/2013,06:35:56,0.80,6.34,69.00,965.59,280
10/15/2013 06:36:26,10/15/2013,06:36:26,0.00,6.34,68.90,965.57,274
10/15/2013 06:36:56,10/15/2013,06:36:56,0.00,6.34,68.90,965.60,276
10/15/2013 06:37:26,10/15/2013,06:37:26,0.00,6.32,68.69,965.61,272
10/15/2013 06:37:56,10/15/2013,06:37:56,0.66,6.40,68.59,965.57,268
10/15/2013 06:38:26,10/15/2013,06:38:26,0.00,6.34,68.69,965.60,255
10/15/2013 06:38:56,10/15/2013,06:38:56,0.00,6.34,68.40,965.62,268
10/15/2013 06:39:26,10/15/2013,06:39:26,0.00,6.34,68.19,965.61,266
10/15/2013 06:39:56,10/15/2013,06:39:56,0.00,6.34,68.19,965.60,259
10/15/2013 06:40:26,10/15/2013,06:40:26,0.59,6.40,68.09,965.56,271
10/15/2013 06:40:56,10/15/2013,06:40:56,0.22,6.42,68.00,965.57,266
10/15/2013 06:41:26,10/15/2013,06:41:26,0.00,6.42,68.00,965.60,274
10/15/2013 06:41:56,10/15/2013,06:41:56,0.00,6.34,67.80,965.61,264
10/15/2013 06:42:26,10/15/2013,06:42:26,0.36,6.34,67.90,965.59,275
10/15/2013 06:42:56,10/15/2013,06:42:56,0.33,6.34,67.80,965.60,238
10/15/2013 06:43:26,10/15/2013,06:43:26,0.00,6.34,67.80,965.61,263
10/15/2013 06:43:56,10/15/2013,06:43:56,0.33,6.40,67.69,965.57,258
10/15/2013 06:44:26,10/15/2013,06:44:26,0.00,6.34,67.69,965.62,267
10/15/2013 06:44:56,10/15/2013,06:44:56,0.00,6.34,67.80,965.59,275
10/15/2013 06:45:26,10/15/2013,06:45:26,0.00,6.40,67.80,965.59,270
10/15/2013 06:45:56,10/15/2013,06:45:56,0.00,6.34,67.80,965.61,268
10/15/2013 06:46:26,10/15/2013,06:46:26,0.09,6.34,67.80,965.63,273
10/15/2013 06:46:56,10/15/2013,06:46:56,0.73,6.42,67.69,965.61,287
10/15/2013 06:47:26,10/15/2013,06:47:26,0.13,6.42,67.69,965.63,267
10/15/2013 06:47:56,10/15/2013,06:47:56,0.00,6.40,67.69,965.67,247
10/15/2013 06:48:26,10/15/2013,06:48:26,0.00,6.40,67.80,965.67,273
10/15/2013 06:48:56,10/15/2013,06:48:56,0.00,6.42,67.69,965.65,273
10/15/2013 06:49:26,10/15/2013,06:49:26,0.34,6.42,67.50,965.62,264
10/15/2013 06:49:56,10/15/2013,06:49:56,0.00,6.42,67.59,965.67,259
10/15/2013 06:50:26,10/15/2013,06:50:26,0.41,6.42,67.59,965.65,244
10/15/2013 06:50:56,10/15/2013,06:50:56,0.45,6.42,67.50,965.67,271
10/15/2013 06:51:26,10/15/2013,06:51:26,0.00,6.42,67.50,965.68,271
10/15/2013 06:51:56,10/15/2013,06:51:56,0.00,6.40,67.50,965.67,251
10/15/2013 06:52:26,10/15/2013,06:52:26,0.00,6.34,67.59,965.65,275
10/15/2013 06:52:56,10/15/2013,06:52:56,0.27,6.42,67.50,965.63,266
10/15/2013 06:53:26,10/15/2013,06:53:26,0.00,6.40,67.50,965.63,270
10/15/2013 06:53:56,10/15/2013,06:53:56,0.00,6.34,67.50,965.62,260
10/15/2013 06:54:26,10/15/2013,06:54:26,0.00,6.34,67.50,965.63,274
10/15/2013 06:54:56,10/15/2013,06:54:56,0.00,6.34,67.50,965.62,282
10/15/2013 06:55:26,10/15/2013,06:55:26,0.29,6.42,67.50,965.59,261
10/15/2013 06:55:56,10/15/2013,06:55:56,0.00,6.40,67.50,965.59,268
10/15/2013 06:56:26,10/15/2013,06:56:26,0.00,6.34,67.40,965.61,269
10/15/2013 06:56:56,10/15/2013,06:56:56,0.00,6.34,67.50,965.63,266
10/15/2013 06:57:26,10/15/2013,06:57:26,0.00,6.32,67.50,965.65,263
10/15/2013 06:57:56,10/15/2013,06:57:56,0.72,6.34,67.50,965.64,274
10/15/2013 06:58:26,10/15/2013,06:58:26,0.00,6.32,67.50,965.69,259
10/15/2013 06:58:56,10/15/2013,06:58:56,0.00,6.34,67.50,965.71,267
10/15/2013 06:59:26,10/15/2013,06:59:26,0.00,6.34,67.40,965.74,275
10/15/2013 06:59:56,10/15/2013,06:59:56,0.00,6.34,67.40,965.75,264
10/15/2013 07:00:26,10/15/2013,07:00:26,0.81,6.40,67.30,965.71,270
10/15/2013 07:00:56,10/15/2013,07:00:56,0.00,6.42,67.30,965.75,271
10/15/2013 07:01:26,10/15/2013,07:01:26,0.00,6.40,67.30,965.75,266
10/15/2013 07:01:56,10/15/2013,07:01:56,0.00,6.42,67.19,965.76,272
10/15/2013 07:02:26,10/15/2013,07:02:26,0.00,6.42,67.19,965.77,275
10/15/2013 07:02:56,10/15/2013,07:02:56,0.00,6.34,67.19,965.76,243
10/15/2013 07:03:26,10/15/2013,07:03:26,0.00,6.34,67.30,965.76,268
10/15/2013 07:03:56,10/15/2013,07:03:56,0.00,6.34,67.40,965.77,263
10/15/2013 07:04:26,10/15/2013,07:04:26,0.00,6.32,67.40,965.78,258
10/15/2013 07:04:56,10/15/2013,07:04:56,0.00,6.34,67.50,965.79,262
10/15/2013 07:05:26,10/15/2013,07:05:26,0.00,6.27,67.50,965.81,272
10/15/2013 07:05:56,10/15/2013,07:05:56,0.00,6.27,67.50,965.78,264
10/15/2013 07:06:26,10/15/2013,07:06:26,0.00,6.32,67.59,965.77,254
10/15/2013 07:06:56,10/15/2013,07:06:56,0.00,6.32,67.59,965.77,270
10/15/2013 07:07:26,10/15/2013,07:07:26,0.00,6.27,67.50,965.76,260
10/15/2013 07:07:56,10/15/2013,07:07:56,0.00,6.27,67.59,965.74,267
10/15/2013 07:08:26,10/15/2013,07:08:26,0.00,6.27,67.59,965.75,273
10/15/2013 07:08:56,10/15/2013,07:08:56,0.00,6.22,67.69,965.76,278
10/15/2013 07:09:26,10/15/2013,07:09:26,0.30,6.27,67.69,965.71,267
10/15/2013 07:09:56,10/15/2013,07:09:56,0.41,6.34,67.69,965.69,266
10/15/2013 07:10:26,10/15/2013,07:10:26,0.29,6.32,67.69,965.69,257
10/15/2013 07:10:56,10/15/2013,07:10:56,0.00,6.32,67.69,965.71,271
10/15/2013 07:11:26,10/15/2013,07:11:26,0.00,6.32,67.59,965.70,263
10/15/2013 07:11:56,10/15/2013,07:11:56,0.00,6.27,67.69,965.71,265
10/15/2013 07:12:26,10/15/2013,07:12:26,0.00,6.27,67.80,965.71,272
10/15/2013 07:12:56,10/15/2013,07:12:56,0.00,6.22,67.80,965.71,273
10/15/2013 07:13:26,10/15/2013,07:13:26,0.00,6.22,67.90,965.72,273
10/15/2013 07:13:56,10/15/2013,07:13:56,0.00,6.19,68.00,965.75,267
10/15/2013 07:14:26,10/15/2013,07:14:26,0.23,6.19,68.00,965.74,264
10/15/2013 07:14:56,10/15/2013,07:14:56,0.19,6.27,68.00,965.72,262
10/15/2013 07:15:26,10/15/2013,07:15:26,0.87,6.22,68.00,965.71,273
10/15/2013 07:15:56,10/15/2013,07:15:56,0.13,6.27,67.90,965.71,255
10/15/2013 07:16:26,10/15/2013,07:16:26,0.99,6.27,68.00,965.70,274
10/15/2013 07:16:56,10/15/2013,07:16:56,0.90,6.32,67.90,965.69,264
10/15/2013 07:17:26,10/15/2013,07:17:26,0.13,6.27,67.90,965.71,259
10/15/2013 07:17:56,10/15/2013,07:17:56,0.00,6.19,68.00,965.74,250
10/15/2013 07:18:26,10/15/2013,07:18:26,0.93,6.22,68.00,965.71,268
10/15/2013 07:18:56,10/15/2013,07:18:56,0.19,6.27,67.90,965.76,268
10/15/2013 07:19:26,10/15/2013,07:19:26,1.26,6.32,67.90,965.74,274
10/15/2013 07:19:56,10/15/2013,07:19:56,0.65,6.27,67.80,965.76,267
10/15/2013 07:20:26,10/15/2013,07:20:26,1.16,6.34,67.69,965.71,271
10/15/2013 07:20:56,10/15/2013,07:20:56,0.41,6.34,67.69,965.77,265
10/15/2013 07:21:26,10/15/2013,07:21:26,0.52,6.34,67.50,965.77,271
10/15/2013 07:21:56,10/15/2013,07:21:56,0.68,6.32,67.50,965.79,269
10/15/2013 07:22:26,10/15/2013,07:22:26,0.12,6.34,67.59,965.83,272
10/15/2013 07:22:56,10/15/2013,07:22:56,1.44,6.40,67.30,965.78,272
10/15/2013 07:23:26,10/15/2013,07:23:26,0.84,6.40,67.19,965.83,262
10/15/2013 07:23:56,10/15/2013,07:23:56,0.00,6.34,67.30,965.86,260
10/15/2013 07:24:26,10/15/2013,07:24:26,0.68,6.40,67.00,965.85,264
10/15/2013 07:24:56,10/15/2013,07:24:56,1.36,6.42,67.09,965.82,265
10/15/2013 07:25:26,10/15/2013,07:25:26,1.62,6.47,67.00,965.82,286
10/15/2013 07:25:56,10/15/2013,07:25:56,0.99,6.42,66.80,965.84,273
10/15/2013 07:26:26,10/15/2013,07:26:26,0.86,6.42,66.90,965.84,264
10/15/2013 07:26:56,10/15/2013,07:26:56,0.61,6.42,66.80,965.86,267
10/15/2013 07:27:26,10/15/2013,07:27:26,1.15,6.42,66.80,965.86,277
10/15/2013 07:27:56,10/15/2013,07:27:56,0.20,6.47,66.69,965.89,271
10/15/2013 07:28:26,10/15/2013,07:28:26,0.54,6.52,66.59,965.90,260
10/15/2013 07:28:56,10/15/2013,07:28:56,0.93,6.55,66.30,965.89,262
10/15/2013 07:29:26,10/15/2013,07:29:26,0.55,6.47,66.50,965.91,272
10/15/2013 07:29:56,10/15/2013,07:29:56,1.45,6.47,66.40,965.90,266
10/15/2013 07:30:26,10/15/2013,07:30:26,1.59,6.52,66.30,965.87,268
10/15/2013 07:30:56,10/15/2013,07:30:56,0.27,6.52,66.50,965.92,262
10/15/2013 07:31:26,10/15/2013,07:31:26,1.47,6.52,66.50,965.87,267
10/15/2013 07:31:56,10/15/2013,07:31:56,0.86,6.52,66.30,965.90,279
10/15/2013 07:32:26,10/15/2013,07:32:26,0.86,6.52,66.40,965.90,253
10/15/2013 07:32:56,10/15/2013,07:32:56,1.38,6.42,66.40,965.89,264
10/15/2013 07:33:26,10/15/2013,07:33:26,1.01,6.52,66.30,965.89,274
10/15/2013 07:33:56,10/15/2013,07:33:56,0.27,6.42,66.40,965.92,242
10/15/2013 07:34:26,10/15/2013,07:34:26,0.55,6.47,66.59,965.92,263
10/15/2013 07:34:56,10/15/2013,07:34:56,1.59,6.52,66.40,965.90,273
10/15/2013 07:35:26,10/15/2013,07:35:26,0.30,6.47,66.40,965.93,254
10/15/2013 07:35:56,10/15/2013,07:35:56,0.94,6.47,66.50,965.94,272
10/15/2013 07:36:26,10/15/2013,07:36:26,1.16,6.47,66.50,965.97,275
10/15/2013 07:36:56,10/15/2013,07:36:56,0.59,6.42,66.40,966.01,268
10/15/2013 07:37:26,10/15/2013,07:37:26,0.36,6.42,66.50,966.04,260
10/15/2013 07:37:56,10/15/2013,07:37:56,0.00,6.42,66.50,966.08,260
10/15/2013 07:38:26,10/15/2013,07:38:26,0.15,6.42,66.59,966.08,267
10/15/2013 07:38:56,10/15/2013,07:38:56,0.55,6.42,66.50,966.07,268
10/15/2013 07:39:26,10/15/2013,07:39:26,0.45,6.42,66.40,966.06,264
10/15/2013 07:39:56,10/15/2013,07:39:56,0.00,6.42,66.50,966.09,264
10/15/2013 07:40:26,10/15/2013,07:40:26,0.38,6.47,66.40,966.07,264
10/15/2013 07:40:56,10/15/2013,07:40:56,0.26,6.52,66.40,966.09,270
10/15/2013 07:41:26,10/15/2013,07:41:26,0.00,6.52,66.19,966.09,268
10/15/2013 07:41:56,10/15/2013,07:41:56,0.00,6.42,66.30,966.13,274
10/15/2013 07:42:26,10/15/2013,07:42:26,0.08,6.42,66.40,966.14,263
10/15/2013 07:42:56,10/15/2013,07:42:56,0.00,6.52,66.40,966.15,271
10/15/2013 07:43:26,10/15/2013,07:43:26,0.00,6.52,66.30,966.14,281
10/15/2013 07:43:56,10/15/2013,07:43:56,0.00,6.42,66.40,966.14,267
10/15/2013 07:44:26,10/15/2013,07:44:26,0.05,6.52,66.40,966.14,264
10/15/2013 07:44:56,10/15/2013,07:44:56,0.00,6.52,66.30,966.17,270
10/15/2013 07:45:26,10/15/2013,07:45:26,0.00,6.47,66.30,966.20,270
10/15/2013 07:45:56,10/15/2013,07:45:56,0.00,6.47,66.30,966.19,272
10/15/2013 07:46:26,10/15/2013,07:46:26,0.00,6.42,66.40,966.23,270
10/15/2013 07:46:56,10/15/2013,07:46:56,0.00,6.47,66.50,966.20,268
10/15/2013 07:47:26,10/15/2013,07:47:26,0.51,6.52,66.30,966.19,253
10/15/2013 07:47:56,10/15/2013,07:47:56,1.05,6.55,66.19,966.19,289
10/15/2013 07:48:26,10/15/2013,07:48:26,0.00,6.52,66.30,966.22,267
10/15/2013 07:48:56,10/15/2013,07:48:56,0.11,6.59,66.30,966.26,264
10/15/2013 07:49:26,10/15/2013,07:49:26,0.30,6.59,66.09,966.27,254
10/15/2013 07:49:56,10/15/2013,07:49:56,0.88,6.59,66.30,966.27,265
10/15/2013 07:50:26,10/15/2013,07:50:26,0.90,6.67,66.00,966.24,267
10/15/2013 07:50:56,10/15/2013,07:50:56,0.74,6.59,66.00,966.24,271
10/15/2013 07:51:26,10/15/2013,07:51:26,1.33,6.59,66.09,966.27,268
10/15/2013 07:51:56,10/15/2013,07:51:56,0.06,6.62,66.09,966.29,264
10/15/2013 07:52:26,10/15/2013,07:52:26,0.79,6.59,65.90,966.28,266
10/15/2013 07:52:56,10/15/2013,07:52:56,0.06,6.59,66.00,966.30,270
10/15/2013 07:53:26,10/15/2013,07:53:26,0.00,6.59,66.19,966.33,261
10/15/2013 07:53:56,10/15/2013,07:53:56,0.05,6.59,66.19,966.33,269
10/15/2013 07:54:26,10/15/2013,07:54:26,0.00,6.59,66.19,966.35,307
10/15/2013 07:54:56,10/15/2013,07:54:56,0.00,6.55,66.19,966.35,278
10/15/2013 07:55:26,10/15/2013,07:55:26,0.00,6.59,66.30,966.37,274
10/15/2013 07:55:56,10/15/2013,07:55:56,0.00,6.59,66.19,966.38,264
10/15/2013 07:56:26,10/15/2013,07:56:26,0.00,6.59,66.19,966.38,275
10/15/2013 07:56:56,10/15/2013,07:56:56,0.00,6.59,66.30,966.39,286
10/15/2013 07:57:26,10/15/2013,07:57:26,0.00,6.59,66.19,966.41,250
10/15/2013 07:57:56,10/15/2013,07:57:56,0.15,6.59,66.19,966.41,266
10/15/2013 07:58:26,10/15/2013,07:58:26,0.00,6.59,66.30,966.43,259
10/15/2013 07:58:56,10/15/2013,07:58:56,0.51,6.59,66.30,966.41,264
10/15/2013 07:59:26,10/15/2013,07:59:26,0.48,6.59,66.19,966.41,268
10/15/2013 07:59:56,10/15/2013,07:59:56,0.24,6.59,66.30,966.41,257
10/15/2013 08:00:26,10/15/2013,08:00:26,0.69,6.59,66.40,966.41,254
10/15/2013 08:00:56,10/15/2013,08:00:56,1.13,6.59,66.19,966.42,279
10/15/2013 08:01:26,10/15/2013,08:01:26,1.15,6.59,66.19,966.43,270
10/15/2013 08:01:56,10/15/2013,08:01:56,0.66,6.62,66.19,966.44,291
10/15/2013 08:02:26,10/15/2013,08:02:26,1.18,6.62,66.30,966.45,277
10/15/2013 08:02:56,10/15/2013,08:02:56,0.16,6.62,66.09,966.50,251
10/15/2013 08:03:26,10/15/2013,08:03:26,0.52,6.62,66.09,966.51,264
10/15/2013 08:03:56,10/15/2013,08:03:56,1.19,6.67,66.09,966.50,263
10/15/2013 08:04:26,10/15/2013,08:04:26,0.99,6.67,66.00,966.48,267
10/15/2013 08:04:56,10/15/2013,08:04:56,0.00,6.67,66.09,966.53,264
10/15/2013 08:05:26,10/15/2013,08:05:26,0.34,6.67,66.19,966.53,249
10/15/2013 08:05:56,10/15/2013,08:05:56,0.63,6.67,65.90,966.51,262
10/15/2013 08:06:26,10/15/2013,08:06:26,0.00,6.69,65.90,966.57,279
10/15/2013 08:06:56,10/15/2013,08:06:56,0.37,6.69,66.00,966.59,272
10/15/2013 08:07:26,10/15/2013,08:07:26,0.44,6.75,65.90,966.54,274
10/15/2013 08:07:56,10/15/2013,08:07:56,0.26,6.69,66.00,966.57,252
10/15/2013 08:08:26,10/15/2013,08:08:26,0.38,6.75,65.69,966.57,267
10/15/2013 08:08:56,10/15/2013,08:08:56,0.00,6.75,65.80,966.63,257
10/15/2013 08:09:26,10/15/2013,08:09:26,0.00,6.82,65.50,966.64,260
10/15/2013 08:09:56,10/15/2013,08:09:56,0.00,6.80,65.50,966.64,267
10/15/2013 08:10:26,10/15/2013,08:10:26,0.62,6.82,65.30,966.58,270
10/15/2013 08:10:56,10/15/2013,08:10:56,0.18,6.82,65.19,966.57,242
10/15/2013 08:11:26,10/15/2013,08:11:26,0.00,6.87,65.00,966.53,275
10/15/2013 08:11:56,10/15/2013,08:11:56,0.58,6.90,65.09,966.51,277
10/15/2013 08:12:26,10/15/2013,08:12:26,0.00,6.90,64.80,966.52,251
10/15/2013 08:12:56,10/15/2013,08:12:56,0.34,6.94,64.69,966.52,248
10/15/2013 08:13:26,10/15/2013,08:13:26,0.27,7.00,64.40,966.51,278
10/15/2013 08:13:56,10/15/2013,08:13:56,0.37,7.07,63.90,966.52,271
10/15/2013 08:14:26,10/15/2013,08:14:26,0.54,7.00,64.00,966.54,278
10/15/2013 08:14:56,10/15/2013,08:14:56,0.47,7.07,63.90,966.56,293
10/15/2013 08:15:26,10/15/2013,08:15:26,0.88,7.09,63.90,966.56,317
10/15/2013 08:15:56,10/15/2013,08:15:56,0.15,7.09,63.70,966.57,274
10/15/2013 08:16:26,10/15/2013,08:16:26,0.00,7.15,64.00,966.58,275
10/15/2013 08:16:56,10/15/2013,08:16:56,0.00,7.15,63.70,966.60,253
10/15/2013 08:17:26,10/15/2013,08:17:26,0.00,7.17,63.70,966.61,263
10/15/2013 08:17:56,10/15/2013,08:17:56,0.36,7.22,63.20,966.61,274
10/15/2013 08:18:26,10/15/2013,08:18:26,1.01,7.22,63.70,966.63,303
10/15/2013 08:18:56,10/15/2013,08:18:56,1.18,7.30,63.09,966.58,283
10/15/2013 08:19:26,10/15/2013,08:19:26,1.40,7.34,62.50,966.56,268
10/15/2013 08:19:56,10/15/2013,08:19:56,0.44,7.37,62.90,966.61,289
10/15/2013 08:20:26,10/15/2013,08:20:26,0.00,7.37,62.90,966.59,270
10/15/2013 08:20:56,10/15/2013,08:20:56,0.00,7.37,62.50,966.65,304
10/15/2013 08:21:26,10/15/2013,08:21:26,0.00,7.42,62.70,966.68,291
10/15/2013 08:21:56,10/15/2013,08:21:56,2.13,7.47,62.50,966.65,310
10/15/2013 08:22:26,10/15/2013,08:22:26,0.44,7.47,62.09,966.66,268
10/15/2013 08:22:56,10/15/2013,08:22:56,0.00,7.47,62.70,966.70,278
10/15/2013 08:23:26,10/15/2013,08:23:26,0.18,7.47,62.50,966.67,253
10/15/2013 08:23:56,10/15/2013,08:23:56,0.55,7.47,62.50,966.65,261
10/15/2013 08:24:26,10/15/2013,08:24:26,0.55,7.50,61.79,966.61,288
10/15/2013 08:24:56,10/15/2013,08:24:56,0.00,7.50,62.29,966.64,264
10/15/2013 08:25:26,10/15/2013,08:25:26,0.80,7.55,62.29,966.60,269
10/15/2013 08:25:56,10/15/2013,08:25:56,0.00,7.55,62.00,966.61,249
10/15/2013 08:26:26,10/15/2013,08:26:26,2.09,7.50,62.59,966.61,301
10/15/2013 08:26:56,10/15/2013,08:26:56,2.11,7.62,61.79,966.54,285
10/15/2013 08:27:26,10/15/2013,08:27:26,1.54,7.62,61.50,966.56,269
10/15/2013 08:27:56,10/15/2013,08:27:56,1.72,7.62,61.59,966.59,296
10/15/2013 08:28:26,10/15/2013,08:28:26,1.34,7.62,61.50,966.61,254
10/15/2013 08:28:56,10/15/2013,08:28:56,0.95,7.62,61.70,966.67,283
10/15/2013 08:29:26,10/15/2013,08:29:26,0.00,7.62,62.00,966.72,273
10/15/2013 08:29:56,10/15/2013,08:29:56,0.00,7.65,62.00,966.71,293
10/15/2013 08:30:26,10/15/2013,08:30:26,0.00,7.62,62.09,966.72,251
10/15/2013 08:30:56,10/15/2013,08:30:56,1.22,7.65,61.79,966.65,278
10/15/2013 08:31:26,10/15/2013,08:31:26,1.22,7.69,61.50,966.65,273
10/15/2013 08:31:56,10/15/2013,08:31:56,1.37,7.75,61.20,966.65,266
10/15/2013 08:32:26,10/15/2013,08:32:26,0.40,7.69,61.20,966.67,263
10/15/2013 08:32:56,10/15/2013,08:32:56,0.08,7.69,61.79,966.70,260
10/15/2013 08:33:26,10/15/2013,08:33:26,0.00,7.75,61.40,966.70,266
10/15/2013 08:33:56,10/15/2013,08:33:56,0.95,7.69,61.59,966.66,278
10/15/2013 08:34:26,10/15/2013,08:34:26,0.69,7.75,61.79,966.67,261
10/15/2013 08:34:56,10/15/2013,08:34:56,0.45,7.77,61.40,966.68,273
10/15/2013 08:35:26,10/15/2013,08:35:26,0.00,7.77,61.59,966.67,254
10/15/2013 08:35:56,10/15/2013,08:35:56,0.18,7.82,61.20,966.65,249
10/15/2013 08:36:26,10/15/2013,08:36:26,1.54,7.82,61.09,966.60,271
10/15/2013 08:36:56,10/15/2013,08:36:56,0.90,7.84,61.00,966.64,278
10/15/2013 08:37:26,10/15/2013,08:37:26,1.24,7.84,60.50,966.63,274
10/15/2013 08:37:56,10/15/2013,08:37:56,0.87,7.84,61.09,966.61,275
10/15/2013 08:38:26,10/15/2013,08:38:26,0.00,7.90,61.00,966.63,272
10/15/2013 08:38:56,10/15/2013,08:38:56,0.94,7.84,61.09,966.65,290
10/15/2013 08:39:26,10/15/2013,08:39:26,1.20,7.90,61.50,966.63,280
10/15/2013 08:39:56,10/15/2013,08:39:56,1.24,7.92,60.79,966.61,268
10/15/2013 08:40:26,10/15/2013,08:40:26,0.87,7.92,61.29,966.63,274
10/15/2013 08:40:56,10/15/2013,08:40:56,0.24,8.02,61.29,966.65,269
10/15/2013 08:41:26,10/15/2013,08:41:26,0.00,8.02,61.00,966.66,268
10/15/2013 08:41:56,10/15/2013,08:41:56,0.00,8.10,60.50,966.70,255
10/15/2013 08:42:26,10/15/2013,08:42:26,0.84,8.02,61.29,966.64,298
10/15/2013 08:42:56,10/15/2013,08:42:56,0.33,8.10,60.50,966.65,297
10/15/2013 08:43:26,10/15/2013,08:43:26,0.48,8.10,60.70,966.64,270
10/15/2013 08:43:56,10/15/2013,08:43:56,0.81,8.10,60.50,966.65,293
10/15/2013 08:44:26,10/15/2013,08:44:26,0.87,8.12,60.50,966.65,267
10/15/2013 08:44:56,10/15/2013,08:44:56,0.61,8.17,60.20,966.64,282
10/15/2013 08:45:26,10/15/2013,08:45:26,0.59,8.17,60.29,966.64,276
10/15/2013 08:45:56,10/15/2013,08:45:56,0.70,8.17,60.09,966.65,270
10/15/2013 08:46:26,10/15/2013,08:46:26,0.11,8.17,60.59,966.66,305
10/15/2013 08:46:56,10/15/2013,08:46:56,1.51,8.22,59.79,966.60,301
10/15/2013 08:47:26,10/15/2013,08:47:26,0.24,8.22,60.20,966.63,309
10/15/2013 08:47:56,10/15/2013,08:47:56,0.15,8.22,60.29,966.67,284
10/15/2013 08:48:26,10/15/2013,08:48:26,1.23,8.25,59.70,966.63,284
10/15/2013 08:48:56,10/15/2013,08:48:56,0.55,8.30,59.70,966.66,276
10/15/2013 08:49:26,10/15/2013,08:49:26,0.19,8.32,60.00,966.67,252
10/15/2013 08:49:56,10/15/2013,08:49:56,1.09,8.32,59.79,966.61,302
10/15/2013 08:50:26,10/15/2013,08:50:26,0.05,8.32,59.40,966.65,276
10/15/2013 08:50:56,10/15/2013,08:50:56,0.66,8.39,59.70,966.65,320
10/15/2013 08:51:26,10/15/2013,08:51:26,0.72,8.32,59.90,966.63,282
10/15/2013 08:51:56,10/15/2013,08:51:56,1.26,8.37,59.50,966.61,347
10/15/2013 08:52:26,10/15/2013,08:52:26,0.00,8.39,59.40,966.63,272
10/15/2013 08:52:56,10/15/2013,08:52:56,0.00,8.39,59.79,966.60,264
10/15/2013 08:53:26,10/15/2013,08:53:26,0.45,8.39,59.90,966.61,270
10/15/2013 08:53:56,10/15/2013,08:53:56,0.51,8.44,59.90,966.61,263
10/15/2013 08:54:26,10/15/2013,08:54:26,0.80,8.50,59.40,966.60,265
10/15/2013 08:54:56,10/15/2013,08:54:56,1.40,8.50,59.09,966.54,284
10/15/2013 08:55:26,10/15/2013,08:55:26,0.81,8.50,59.70,966.56,276
10/15/2013 08:55:56,10/15/2013,08:55:56,0.00,8.57,59.20,966.57,265
10/15/2013 08:56:26,10/15/2013,08:56:26,0.72,8.57,59.29,966.57,300
10/15/2013 08:56:56,10/15/2013,08:56:56,0.70,8.60,59.50,966.58,308
10/15/2013 08:57:26,10/15/2013,08:57:26,1.41,8.64,59.09,966.53,313
10/15/2013 08:57:56,10/15/2013,08:57:56,1.16,8.64,59.40,966.53,308
10/15/2013 08:58:26,10/15/2013,08:58:26,1.88,8.69,59.00,966.51,316
10/15/2013 08:58:56,10/15/2013,08:58:56,1.48,8.72,58.50,966.50,281
10/15/2013 08:59:26,10/15/2013,08:59:26,0.97,8.72,59.29,966.51,259
10/15/2013 08:59:56,10/15/2013,08:59:56,1.13,8.77,58.90,966.50,238
10/15/2013 09:00:26,10/15/2013,09:00:26,1.16,8.80,58.50,966.51,318
10/15/2013 09:00:56,10/15/2013,09:00:56,0.61,8.87,58.09,966.52,267
10/15/2013 09:01:26,10/15/2013,09:01:26,2.48,8.80,58.29,966.43,277
10/15/2013 09:01:56,10/15/2013,09:01:56,1.68,8.85,58.40,966.43,271
10/15/2013 09:02:26,10/15/2013,09:02:26,1.09,8.87,58.70,966.45,273
10/15/2013 09:02:56,10/15/2013,09:02:56,1.13,8.87,58.90,966.46,245
10/15/2013 09:03:26,10/15/2013,09:03:26,1.44,8.92,58.09,966.53,273
10/15/2013 09:03:56,10/15/2013,09:03:56,2.08,8.87,58.00,966.52,279
10/15/2013 09:04:26,10/15/2013,09:04:26,1.45,8.92,58.70,966.53,310
10/15/2013 09:04:56,10/15/2013,09:04:56,0.16,9.05,58.90,966.58,275
10/15/2013 09:05:26,10/15/2013,09:05:26,1.36,8.97,58.40,966.53,276
10/15/2013 09:05:56,10/15/2013,09:05:56,1.91,8.97,58.40,966.53,325
10/15/2013 09:06:26,10/15/2013,09:06:26,1.18,9.00,57.70,966.53,281
10/15/2013 09:06:56,10/15/2013,09:06:56,0.30,9.05,57.70,966.56,253
10/15/2013 09:07:26,10/15/2013,09:07:26,0.98,9.00,58.90,966.54,264
10/15/2013 09:07:56,10/15/2013,09:07:56,0.40,9.05,57.70,966.57,278
10/15/2013 09:08:26,10/15/2013,09:08:26,1.47,8.97,58.20,966.58,294
10/15/2013 09:08:56,10/15/2013,09:08:56,1.65,8.92,57.90,966.54,281
10/15/2013 09:09:26,10/15/2013,09:09:26,0.36,8.87,58.40,966.57,279
10/15/2013 09:09:56,10/15/2013,09:09:56,0.09,8.87,58.90,966.63,278
10/15/2013 09:10:26,10/15/2013,09:10:26,1.26,8.77,59.09,966.61,287
10/15/2013 09:10:56,10/15/2013,09:10:56,1.84,8.77,58.50,966.61,286
10/15/2013 09:11:26,10/15/2013,09:11:26,0.66,8.80,58.50,966.65,255
10/15/2013 09:11:56,10/15/2013,09:11:56,1.73,8.77,59.40,966.67,289
10/15/2013 09:12:26,10/15/2013,09:12:26,0.20,8.85,58.40,966.70,267
10/15/2013 09:12:56,10/15/2013,09:12:56,0.83,8.80,58.70,966.70,280
10/15/2013 09:13:26,10/15/2013,09:13:26,0.80,8.85,58.70,966.70,263
10/15/2013 09:13:56,10/15/2013,09:13:56,1.49,8.80,58.29,966.72,311
10/15/2013 09:14:26,10/15/2013,09:14:26,1.11,8.85,58.29,966.72,291
10/15/2013 09:14:56,10/15/2013,09:14:56,1.54,8.85,58.90,966.73,275
10/15/2013 09:15:26,10/15/2013,09:15:26,1.23,8.80,58.40,966.72,293
10/15/2013 09:15:56,10/15/2013,09:15:56,0.80,8.85,58.79,966.76,285
10/15/2013 09:16:26,10/15/2013,09:16:26,1.34,8.85,57.70,966.78,284
10/15/2013 09:16:56,10/15/2013,09:16:56,0.95,8.92,58.79,966.76,262
10/15/2013 09:17:26,10/15/2013,09:17:26,1.31,8.97,58.00,966.74,281
10/15/2013 09:17:56,10/15/2013,09:17:56,0.66,8.97,58.00,966.79,276
10/15/2013 09:18:26,10/15/2013,09:18:26,2.99,8.92,58.50,966.78,304
10/15/2013 09:18:56,10/15/2013,09:18:56,2.11,9.00,58.79,966.75,273
10/15/2013 09:19:26,10/15/2013,09:19:26,1.22,9.05,57.40,966.78,283
10/15/2013 09:19:56,10/15/2013,09:19:56,0.93,9.07,57.70,966.80,304
10/15/2013 09:20:26,10/15/2013,09:20:26,1.81,9.05,58.09,966.76,286
10/15/2013 09:20:56,10/15/2013,09:20:56,1.36,9.05,58.09,966.78,287
10/15/2013 09:21:26,10/15/2013,09:21:26,0.88,9.05,57.70,966.76,273
10/15/2013 09:21:56,10/15/2013,09:21:56,0.19,9.07,57.79,966.79,268
10/15/2013 09:22:26,10/15/2013,09:22:26,0.68,9.07,58.09,966.79,271
10/15/2013 09:22:56,10/15/2013,09:22:56,1.56,9.05,58.90,966.78,317
10/15/2013 09:23:26,10/15/2013,09:23:26,0.34,9.12,57.70,966.78,276
10/15/2013 09:23:56,10/15/2013,09:23:56,0.76,9.12,57.20,966.78,261
10/15/2013 09:24:26,10/15/2013,09:24:26,0.55,9.12,57.40,966.79,277
10/15/2013 09:24:56,10/15/2013,09:24:56,0.72,9.17,57.40,966.81,268
10/15/2013 09:25:26,10/15/2013,09:25:26,0.22,9.19,57.79,966.87,274
10/15/2013 09:25:56,10/15/2013,09:25:56,0.20,9.25,57.40,966.90,282
10/15/2013 09:26:26,10/15/2013,09:26:26,0.00,9.27,57.50,966.91,295
10/15/2013 09:26:56,10/15/2013,09:26:56,1.20,9.27,57.79,966.87,309
10/15/2013 09:27:26,10/15/2013,09:27:26,1.93,9.27,57.09,966.85,272
10/15/2013 09:27:56,10/15/2013,09:27:56,0.08,9.39,56.40,966.87,274
10/15/2013 09:28:26,10/15/2013,09:28:26,0.79,9.44,57.40,966.86,291
10/15/2013 09:28:56,10/15/2013,09:28:56,0.00,9.52,57.50,966.90,291
10/15/2013 09:29:26,10/15/2013,09:29:26,0.00,9.52,57.09,966.90,283
10/15/2013 09:29:56,10/15/2013,09:29:56,0.91,9.47,57.50,966.87,270
10/15/2013 09:30:26,10/15/2013,09:30:26,1.29,9.44,56.90,966.88,273
10/15/2013 09:30:56,10/15/2013,09:30:56,1.19,9.47,56.29,966.83,278
10/15/2013 09:31:26,10/15/2013,09:31:26,2.44,9.44,57.40,966.80,302
10/15/2013 09:31:56,10/15/2013,09:31:56,1.13,9.47,56.40,966.83,262
10/15/2013 09:32:26,10/15/2013,09:32:26,0.86,9.52,57.00,966.87,267
10/15/2013 09:32:56,10/15/2013,09:32:56,1.41,9.52,56.50,966.87,262
10/15/2013 09:33:26,10/15/2013,09:33:26,1.29,9.52,56.29,966.88,295
10/15/2013 09:33:56,10/15/2013,09:33:56,1.73,9.52,56.29,966.87,321
10/15/2013 09:34:26,10/15/2013,09:34:26,0.61,9.52,56.90,966.89,283
10/15/2013 09:34:56,10/15/2013,09:34:56,1.12,9.55,56.20,966.87,285
10/15/2013 09:35:26,10/15/2013,09:35:26,1.41,9.60,55.90,966.87,277
10/15/2013 09:35:56,10/15/2013,09:35:56,0.80,9.75,56.40,966.90,331
10/15/2013 09:36:26,10/15/2013,09:36:26,1.24,9.75,56.20,966.93,281
10/15/2013 09:36:56,10/15/2013,09:36:56,2.74,9.64,56.59,966.90,310
10/15/2013 09:37:26,10/15/2013,09:37:26,2.27,9.60,55.40,966.94,278
10/15/2013 09:37:56,10/15/2013,09:37:56,1.73,9.60,55.90,966.95,302
10/15/2013 09:38:26,10/15/2013,09:38:26,0.74,9.75,56.09,966.96,266
10/15/2013 09:38:56,10/15/2013,09:38:56,0.95,9.82,56.20,966.97,259
10/15/2013 09:39:26,10/15/2013,09:39:26,1.22,9.92,57.09,966.91,289
10/15/2013 09:39:56,10/15/2013,09:39:56,2.62,9.82,54.50,966.90,309
10/15/2013 09:40:26,10/15/2013,09:40:26,2.12,9.82,55.59,966.94,297
10/15/2013 09:40:56,10/15/2013,09:40:56,1.41,9.94,55.70,966.98,266
10/15/2013 09:41:26,10/15/2013,09:41:26,1.11,10.00,56.00,967.04,297
10/15/2013 09:41:56,10/15/2013,09:41:56,0.16,10.10,56.00,967.09,293
10/15/2013 09:42:26,10/15/2013,09:42:26,1.51,10.02,55.59,967.08,319
10/15/2013 09:42:56,10/15/2013,09:42:56,1.93,10.02,54.79,967.09,330
10/15/2013 09:43:26,10/15/2013,09:43:26,0.77,10.10,55.40,967.12,290
10/15/2013 09:43:56,10/15/2013,09:43:56,0.00,10.14,55.40,967.13,273
10/15/2013 09:44:26,10/15/2013,09:44:26,1.45,10.00,55.29,967.09,267
10/15/2013 09:44:56,10/15/2013,09:44:56,0.69,10.02,55.09,967.09,270
10/15/2013 09:45:26,10/15/2013,09:45:26,1.86,10.00,56.00,967.11,344
10/15/2013 09:45:56,10/15/2013,09:45:56,0.29,10.07,55.20,967.13,290
10/15/2013 09:46:26,10/15/2013,09:46:26,2.29,9.92,56.09,967.15,311
10/15/2013 09:46:56,10/15/2013,09:46:56,1.34,10.00,55.00,967.11,265
10/15/2013 09:47:26,10/15/2013,09:47:26,1.11,10.02,55.09,967.11,283
10/15/2013 09:47:56,10/15/2013,09:47:56,0.19,10.19,56.09,967.15,269
10/15/2013 09:48:26,10/15/2013,09:48:26,0.73,10.14,56.09,967.16,270
10/15/2013 09:48:56,10/15/2013,09:48:56,1.51,10.07,55.50,967.12,300
10/15/2013 09:49:26,10/15/2013,09:49:26,1.95,10.00,53.79,967.12,295
10/15/2013 09:49:56,10/15/2013,09:49:56,2.66,9.87,54.70,967.08,296
10/15/2013 09:50:26,10/15/2013,09:50:26,2.01,9.92,55.50,967.07,340
10/15/2013 09:50:56,10/15/2013,09:50:56,2.94,9.75,56.00,967.05,296
10/15/2013 09:51:26,10/15/2013,09:51:26,1.29,9.82,55.09,967.05,279
10/15/2013 09:51:56,10/15/2013,09:51:56,1.31,9.75,55.40,967.05,264
10/15/2013 09:52:26,10/15/2013,09:52:26,4.20,9.52,55.00,967.03,286
10/15/2013 09:52:56,10/15/2013,09:52:56,2.26,9.52,55.20,967.05,273
10/15/2013 09:53:26,10/15/2013,09:53:26,3.27,9.39,55.29,967.03,280
10/15/2013 09:53:56,10/15/2013,09:53:56,2.29,9.44,55.40,967.07,284
10/15/2013 09:54:26,10/15/2013,09:54:26,0.51,9.52,56.00,967.11,262
10/15/2013 09:54:56,10/15/2013,09:54:56,2.40,9.35,56.59,967.12,299
10/15/2013 09:55:26,10/15/2013,09:55:26,1.41,9.44,55.59,967.08,313
10/15/2013 09:55:56,10/15/2013,09:55:56,0.99,9.44,57.00,967.08,270
10/15/2013 09:56:26,10/15/2013,09:56:26,0.97,9.44,55.59,967.10,278
10/15/2013 09:56:56,10/15/2013,09:56:56,0.88,9.44,56.00,967.12,291
10/15/2013 09:57:26,10/15/2013,09:57:26,0.76,9.44,55.59,967.10,314
10/15/2013 09:57:56,10/15/2013,09:57:56,1.52,9.35,55.59,967.11,320
10/15/2013 09:58:26,10/15/2013,09:58:26,2.01,9.35,56.40,967.10,326
10/15/2013 09:58:56,10/15/2013,09:58:56,1.97,9.32,56.00,967.09,310
10/15/2013 09:59:26,10/15/2013,09:59:26,0.37,9.44,56.29,967.12,0
10/15/2013 09:59:56,10/15/2013,09:59:56,1.59,9.44,57.50,967.16,323
10/15/2013 10:00:26,10/15/2013,10:00:26,1.72,9.47,55.20,967.12,356
10/15/2013 10:00:56,10/15/2013,10:00:56,0.91,9.52,55.90,967.13,273
10/15/2013 10:01:26,10/15/2013,10:01:26,0.93,9.60,56.09,967.12,281
10/15/2013 10:01:56,10/15/2013,10:01:56,2.97,9.55,54.90,967.12,278
10/15/2013 10:02:26,10/15/2013,10:02:26,1.51,9.67,55.00,967.13,283
10/15/2013 10:02:56,10/15/2013,10:02:56,1.45,9.72,55.00,967.15,310
10/15/2013 10:03:26,10/15/2013,10:03:26,1.12,9.82,55.79,967.13,343
10/15/2013 10:03:56,10/15/2013,10:03:56,1.77,9.94,55.00,967.11,326
10/15/2013 10:04:26,10/15/2013,10:04:26,1.48,10.02,54.70,967.11,292
10/15/2013 10:04:56,10/15/2013,10:04:56,2.70,9.94,54.20,967.13,296
10/15/2013 10:05:26,10/15/2013,10:05:26,1.19,10.07,54.40,967.10,293
10/15/2013 10:05:56,10/15/2013,10:05:56,2.67,9.92,54.70,967.11,273
10/15/2013 10:06:26,10/15/2013,10:06:26,3.84,9.80,54.90,967.18,315
10/15/2013 10:06:56,10/15/2013,10:06:56,3.49,9.92,54.59,967.13,301
10/15/2013 10:07:26,10/15/2013,10:07:26,2.76,9.92,55.09,967.15,296
10/15/2013 10:07:56,10/15/2013,10:07:56,2.99,10.00,54.70,967.13,304
10/15/2013 10:08:26,10/15/2013,10:08:26,3.26,9.92,54.59,967.15,312
10/15/2013 10:08:56,10/15/2013,10:08:56,3.17,9.82,54.20,967.19,286
10/15/2013 10:09:26,10/15/2013,10:09:26,4.92,9.67,54.59,967.16,333
10/15/2013 10:09:56,10/15/2013,10:09:56,3.95,9.67,55.79,967.20,306
10/15/2013 10:10:26,10/15/2013,10:10:26,3.73,9.67,55.79,967.26,313
10/15/2013 10:10:56,10/15/2013,10:10:56,2.90,9.72,56.00,967.30,325
10/15/2013 10:11:26,10/15/2013,10:11:26,1.98,9.82,55.29,967.30,267
10/15/2013 10:11:56,10/15/2013,10:11:56,1.91,9.80,55.59,967.31,293
10/15/2013 10:12:26,10/15/2013,10:12:26,2.40,9.80,55.50,967.32,319
10/15/2013 10:12:56,10/15/2013,10:12:56,1.33,9.82,55.50,967.32,343
10/15/2013 10:13:26,10/15/2013,10:13:26,2.36,9.67,55.59,967.40,310
10/15/2013 10:13:56,10/15/2013,10:13:56,3.94,9.52,56.20,967.47,300
10/15/2013 10:14:26,10/15/2013,10:14:26,4.92,9.35,56.00,967.45,305
10/15/2013 10:14:56,10/15/2013,10:14:56,3.84,9.27,55.90,967.49,311
10/15/2013 10:15:26,10/15/2013,10:15:26,3.80,9.12,56.20,967.49,312
10/15/2013 10:15:56,10/15/2013,10:15:56,2.86,9.05,56.50,967.55,311
10/15/2013 10:16:26,10/15/2013,10:16:26,1.52,9.05,57.40,967.56,304
10/15/2013 10:16:56,10/15/2013,10:16:56,2.48,8.92,57.09,967.57,325
10/15/2013 10:17:26,10/15/2013,10:17:26,2.09,8.87,57.29,967.60,331
10/15/2013 10:17:56,10/15/2013,10:17:56,1.81,8.80,57.50,967.62,0
10/15/2013 10:18:26,10/15/2013,10:18:26,2.51,8.72,58.00,967.64,319
10/15/2013 10:18:56,10/15/2013,10:18:56,2.27,8.72,58.50,967.66,317
10/15/2013 10:19:26,10/15/2013,10:19:26,3.79,8.69,58.50,967.67,301
10/15/2013 10:19:56,10/15/2013,10:19:56,1.95,8.72,57.79,967.64,342
10/15/2013 10:20:26,10/15/2013,10:20:26,2.02,8.64,58.29,967.68,320
10/15/2013 10:20:56,10/15/2013,10:20:56,3.17,8.60,58.40,967.67,322
10/15/2013 10:21:26,10/15/2013,10:21:26,1.62,8.60,58.29,967.67,292
10/15/2013 10:21:56,10/15/2013,10:21:56,1.88,8.57,58.40,967.67,304
10/15/2013 10:22:26,10/15/2013,10:22:26,1.56,8.57,59.00,967.71,20
10/15/2013 10:22:56,10/15/2013,10:22:56,1.13,8.60,58.59,967.71,310
10/15/2013 10:23:26,10/15/2013,10:23:26,1.90,8.57,58.59,967.72,337
10/15/2013 10:23:56,10/15/2013,10:23:56,1.55,8.57,58.40,967.70,317
10/15/2013 10:24:26,10/15/2013,10:24:26,1.69,8.57,58.90,967.72,322
10/15/2013 10:24:56,10/15/2013,10:24:56,2.63,8.57,58.79,967.74,309
10/15/2013 10:25:26,10/15/2013,10:25:26,2.36,8.57,58.79,967.77,317
10/15/2013 10:25:56,10/15/2013,10:25:56,1.47,8.57,58.70,967.78,303
10/15/2013 10:26:26,10/15/2013,10:26:26,0.88,8.60,59.40,967.81,341
10/15/2013 10:26:56,10/15/2013,10:26:56,1.51,8.60,59.50,967.79,311
10/15/2013 10:27:26,10/15/2013,10:27:26,1.61,8.64,57.90,967.77,335
10/15/2013 10:27:56,10/15/2013,10:27:56,1.99,8.64,58.40,967.78,327
10/15/2013 10:28:26,10/15/2013,10:28:26,3.55,8.64,57.79,967.74,312
10/15/2013 10:28:56,10/15/2013,10:28:56,3.81,8.69,57.70,967.74,350
10/15/2013 10:29:26,10/15/2013,10:29:26,2.92,8.72,58.09,967.77,337
10/15/2013 10:29:56,10/15/2013,10:29:56,3.44,8.72,57.59,967.79,323
10/15/2013 10:30:26,10/15/2013,10:30:26,2.70,8.72,58.29,967.83,309
10/15/2013 10:30:56,10/15/2013,10:30:56,3.12,8.77,57.09,967.81,359
10/15/2013 10:31:26,10/15/2013,10:31:26,2.65,8.80,57.09,967.83,289
10/15/2013 10:31:56,10/15/2013,10:31:56,1.66,8.80,56.59,967.82,310
10/15/2013 10:32:26,10/15/2013,10:32:26,4.77,8.72,56.59,967.81,321
10/15/2013 10:32:56,10/15/2013,10:32:56,3.37,8.72,56.09,967.84,335
10/15/2013 10:33:26,10/15/2013,10:33:26,2.79,8.72,56.40,967.85,324
10/15/2013 10:33:56,10/15/2013,10:33:56,2.05,8.72,57.20,967.88,308
10/15/2013 10:34:26,10/15/2013,10:34:26,3.45,8.69,56.59,967.85,318
10/15/2013 10:34:56,10/15/2013,10:34:56,4.12,8.64,56.90,967.84,312
10/15/2013 10:35:26,10/15/2013,10:35:26,2.67,8.69,56.70,967.89,330
10/15/2013 10:35:56,10/15/2013,10:35:56,2.99,8.69,56.90,967.89,304
10/15/2013 10:36:26,10/15/2013,10:36:26,3.12,8.69,56.59,967.91,330
10/15/2013 10:36:56,10/15/2013,10:36:56,2.80,8.72,57.29,967.89,277
10/15/2013 10:37:26,10/15/2013,10:37:26,3.13,8.77,56.50,967.88,322
10/15/2013 10:37:56,10/15/2013,10:37:56,2.13,8.80,57.00,967.90,293
10/15/2013 10:38:26,10/15/2013,10:38:26,1.51,8.92,56.20,967.85,338
10/15/2013 10:38:56,10/15/2013,10:38:56,0.84,9.00,56.00,967.89,306
10/15/2013 10:39:26,10/15/2013,10:39:26,1.54,9.12,56.20,967.86,319
10/15/2013 10:39:56,10/15/2013,10:39:56,1.52,9.35,55.00,967.84,320
10/15/2013 10:40:26,10/15/2013,10:40:26,2.58,9.47,55.09,967.77,302
10/15/2013 10:40:56,10/15/2013,10:40:56,3.65,9.60,55.00,967.77,288
10/15/2013 10:41:26,10/15/2013,10:41:26,2.65,9.92,54.20,967.75,304
10/15/2013 10:41:56,10/15/2013,10:41:56,3.61,10.00,53.70,967.74,286
10/15/2013 10:42:26,10/15/2013,10:42:26,3.41,10.07,53.50,967.69,295
10/15/2013 10:42:56,10/15/2013,10:42:56,2.45,10.30,53.20,967.69,304
10/15/2013 10:43:26,10/15/2013,10:43:26,1.90,10.50,53.29,967.67,319
10/15/2013 10:43:56,10/15/2013,10:43:56,3.23,10.47,52.79,967.62,320
10/15/2013 10:44:26,10/15/2013,10:44:26,1.41,10.77,53.70,967.64,269
10/15/2013 10:44:56,10/15/2013,10:44:56,3.47,10.62,52.09,967.62,306
10/15/2013 10:45:26,10/15/2013,10:45:26,1.98,10.82,52.09,967.62,302
10/15/2013 10:45:56,10/15/2013,10:45:56,3.88,10.75,51.90,967.60,298
10/15/2013 10:46:26,10/15/2013,10:46:26,2.34,10.97,52.09,967.62,294
10/15/2013 10:46:56,10/15/2013,10:46:56,2.42,11.05,51.70,967.62,301
10/15/2013 10:47:26,10/15/2013,10:47:26,3.41,10.94,51.79,967.59,297
10/15/2013 10:47:56,10/15/2013,10:47:56,2.65,11.02,51.70,967.60,313
10/15/2013 10:48:26,10/15/2013,10:48:26,3.81,10.87,52.59,967.60,330
10/15/2013 10:48:56,10/15/2013,10:48:56,3.84,10.77,52.59,967.61,318
10/15/2013 10:49:26,10/15/2013,10:49:26,3.59,10.87,51.90,967.61,283
10/15/2013 10:49:56,10/15/2013,10:49:56,2.92,10.94,51.79,967.63,331
10/15/2013 10:50:26,10/15/2013,10:50:26,1.94,11.17,52.09,967.64,289
10/15/2013 10:50:56,10/15/2013,10:50:56,3.63,10.97,52.00,967.60,313
10/15/2013 10:51:26,10/15/2013,10:51:26,2.54,11.22,51.70,967.61,286
10/15/2013 10:51:56,10/15/2013,10:51:56,3.72,11.17,51.59,967.60,344
10/15/2013 10:52:26,10/15/2013,10:52:26,2.92,11.25,53.00,967.62,275
10/15/2013 10:52:56,10/15/2013,10:52:56,3.87,11.10,52.50,967.62,321
10/15/2013 10:53:26,10/15/2013,10:53:26,3.30,11.17,51.09,967.63,319
10/15/2013 10:53:56,10/15/2013,10:53:56,2.41,11.30,51.40,967.64,318
10/15/2013 10:54:26,10/15/2013,10:54:26,2.87,11.25,51.00,967.66,332
10/15/2013 10:54:56,10/15/2013,10:54:56,4.52,10.97,50.70,967.62,348
10/15/2013 10:55:26,10/15/2013,10:55:26,2.33,11.10,51.70,967.66,325
10/15/2013 10:55:56,10/15/2013,10:55:56,3.40,10.87,51.79,967.69,288
10/15/2013 10:56:26,10/15/2013,10:56:26,6.08,10.47,51.29,967.64,332
10/15/2013 10:56:56,10/15/2013,10:56:56,3.11,10.57,51.90,967.67,319
10/15/2013 10:57:26,10/15/2013,10:57:26,2.19,10.62,52.79,967.74,299
10/15/2013 10:57:56,10/15/2013,10:57:56,0.36,10.89,52.09,967.75,245
10/15/2013 10:58:26,10/15/2013,10:58:26,2.76,10.47,52.50,967.71,292
10/15/2013 10:58:56,10/15/2013,10:58:56,3.38,10.30,52.59,967.70,277
10/15/2013 10:59:26,10/15/2013,10:59:26,3.52,10.27,52.29,967.70,302
10/15/2013 10:59:56,10/15/2013,10:59:56,3.19,10.22,53.09,967.71,306
10/15/2013 11:00:26,10/15/2013,11:00:26,2.98,10.14,52.40,967.71,311
10/15/2013 11:00:56,10/15/2013,11:00:56,2.76,10.19,52.20,967.71,317
10/15/2013 11:01:26,10/15/2013,11:01:26,2.63,10.19,52.29,967.72,321
10/15/2013 11:01:56,10/15/2013,11:01:56,2.34,10.22,53.09,967.75,332
10/15/2013 11:02:26,10/15/2013,11:02:26,4.30,10.07,52.50,967.77,337
10/15/2013 11:02:56,10/15/2013,11:02:56,4.27,10.00,52.79,967.79,327
10/15/2013 11:03:26,10/15/2013,11:03:26,5.58,9.82,52.29,967.75,298
10/15/2013 11:03:56,10/15/2013,11:03:56,3.67,9.92,52.79,967.79,308
10/15/2013 11:04:26,10/15/2013,11:04:26,1.91,10.14,53.09,967.83,327
10/15/2013 11:04:56,10/15/2013,11:04:56,2.34,10.14,52.40,967.83,303
10/15/2013 11:05:26,10/15/2013,11:05:26,1.30,10.22,53.70,967.83,272
10/15/2013 11:05:56,10/15/2013,11:05:56,4.34,10.07,53.50,967.88,0
10/15/2013 11:06:26,10/15/2013,11:06:26,3.29,9.94,52.29,967.85,286
10/15/2013 11:06:56,10/15/2013,11:06:56,4.45,9.87,53.50,967.85,301
10/15/2013 11:07:26,10/15/2013,11:07:26,4.33,9.80,53.20,967.85,328
10/15/2013 11:07:56,10/15/2013,11:07:56,4.38,9.67,53.20,967.89,304
10/15/2013 11:08:26,10/15/2013,11:08:26,2.26,9.75,53.00,967.91,290
10/15/2013 11:08:56,10/15/2013,11:08:56,2.70,9.75,53.40,967.93,267
10/15/2013 11:09:26,10/15/2013,11:09:26,2.47,9.72,53.29,967.97,304
10/15/2013 11:09:56,10/15/2013,11:09:56,2.41,9.67,53.90,967.97,291
10/15/2013 11:10:26,10/15/2013,11:10:26,4.41,9.55,52.79,967.96,322
10/15/2013 11:10:56,10/15/2013,11:10:56,2.51,9.67,52.59,967.96,296
10/15/2013 11:11:26,10/15/2013,11:11:26,2.90,9.67,52.79,967.98,274
10/15/2013 11:11:56,10/15/2013,11:11:56,4.02,9.64,53.09,967.98,343
10/15/2013 11:12:26,10/15/2013,11:12:26,3.15,9.67,53.59,967.99,304
10/15/2013 11:12:56,10/15/2013,11:12:56,3.55,9.72,52.59,967.98,4
10/15/2013 11:13:26,10/15/2013,11:13:26,2.83,9.82,53.40,967.98,323
10/15/2013 11:13:56,10/15/2013,11:13:56,2.08,10.00,51.40,968.00,309
10/15/2013 11:14:26,10/15/2013,11:14:26,2.56,10.10,51.90,968.00,319
10/15/2013 11:14:56,10/15/2013,11:14:56,3.24,10.22,51.79,967.97,301
10/15/2013 11:15:26,10/15/2013,11:15:26,5.01,10.22,52.20,967.97,323
10/15/2013 11:15:56,10/15/2013,11:15:56,5.42,10.02,52.79,967.94,313
10/15/2013 11:16:26,10/15/2013,11:16:26,2.63,10.07,51.90,967.96,298
10/15/2013 11:16:56,10/15/2013,11:16:56,2.44,10.02,51.79,967.97,253
10/15/2013 11:17:26,10/15/2013,11:17:26,3.04,9.82,51.70,967.93,304
10/15/2013 11:17:56,10/15/2013,11:17:56,2.70,9.75,52.50,967.96,340
10/15/2013 11:18:26,10/15/2013,11:18:26,3.36,9.60,52.50,967.97,325
10/15/2013 11:18:56,10/15/2013,11:18:56,3.62,9.52,52.79,967.97,303
10/15/2013 11:19:26,10/15/2013,11:19:26,3.61,9.44,53.50,967.94,321
10/15/2013 11:19:56,10/15/2013,11:19:56,4.30,9.27,53.40,967.97,311
10/15/2013 11:20:26,10/15/2013,11:20:26,4.27,9.25,53.40,967.96,275
10/15/2013 11:20:56,10/15/2013,11:20:56,2.45,9.25,53.40,968.04,334
10/15/2013 11:21:26,10/15/2013,11:21:26,3.09,9.19,53.79,968.05,314
10/15/2013 11:21:56,10/15/2013,11:21:56,4.76,9.05,54.20,968.04,284
10/15/2013 11:22:26,10/15/2013,11:22:26,3.17,9.05,53.50,968.04,316
10/15/2013 11:22:56,10/15/2013,11:22:56,2.31,9.05,54.50,968.06,320
10/15/2013 11:23:26,10/15/2013,11:23:26,2.36,9.05,54.50,968.07,336
10/15/2013 11:23:56,10/15/2013,11:23:56,2.09,9.00,54.09,968.11,299
10/15/2013 11:24:26,10/15/2013,11:24:26,2.23,9.00,54.90,968.12,334
10/15/2013 11:24:56,10/15/2013,11:24:56,2.29,9.05,54.00,968.07,301
10/15/2013 11:25:26,10/15/2013,11:25:26,4.09,9.05,53.29,968.07,325
10/15/2013 11:25:56,10/15/2013,11:25:56,4.33,9.07,54.09,968.07,299
10/15/2013 11:26:26,10/15/2013,11:26:26,3.08,9.19,53.50,968.12,328
10/15/2013 11:26:56,10/15/2013,11:26:56,0.95,9.39,53.40,968.12,297
10/15/2013 11:27:26,10/15/2013,11:27:26,2.77,9.35,53.20,968.08,286
10/15/2013 11:27:56,10/15/2013,11:27:56,2.11,9.55,52.90,968.07,299
10/15/2013 11:28:26,10/15/2013,11:28:26,2.63,9.67,52.79,968.08,293
10/15/2013 11:28:56,10/15/2013,11:28:56,2.55,9.75,52.20,968.07,302
10/15/2013 11:29:26,10/15/2013,11:29:26,3.36,9.82,52.50,968.05,306
10/15/2013 11:29:56,10/15/2013,11:29:56,2.13,10.00,52.90,968.08,304
10/15/2013 11:30:26,10/15/2013,11:30:26,1.55,10.14,51.70,968.14,323
10/15/2013 11:30:56,10/15/2013,11:30:56,3.06,10.14,52.29,968.15,298
10/15/2013 11:31:26,10/15/2013,11:31:26,1.15,10.39,51.79,968.13,293
10/15/2013 11:31:56,10/15/2013,11:31:56,3.26,10.22,51.59,968.13,320
10/15/2013 11:32:26,10/15/2013,11:32:26,2.69,10.35,52.00,968.08,331
10/15/2013 11:32:56,10/15/2013,11:32:56,2.34,10.39,51.70,968.08,320
10/15/2013 11:33:26,10/15/2013,11:33:26,3.63,10.30,51.29,968.03,318
10/15/2013 11:33:56,10/15/2013,11:33:56,3.29,10.30,51.90,968.01,307
10/15/2013 11:34:26,10/15/2013,11:34:26,1.51,10.57,52.00,968.01,294
10/15/2013 11:34:56,10/15/2013,11:34:56,4.01,10.39,51.50,968.03,320
10/15/2013 11:35:26,10/15/2013,11:35:26,1.16,10.77,51.09,968.04,283
10/15/2013 11:35:56,10/15/2013,11:35:56,2.27,10.75,51.29,968.01,319
10/15/2013 11:36:26,10/15/2013,11:36:26,2.26,10.87,51.20,968.01,303
10/15/2013 11:36:56,10/15/2013,11:36:56,3.62,10.77,51.09,968.00,335
10/15/2013 11:37:26,10/15/2013,11:37:26,2.65,10.94,50.90,968.03,305
10/15/2013 11:37:56,10/15/2013,11:37:56,1.77,11.17,50.50,968.01,324
10/15/2013 11:38:26,10/15/2013,11:38:26,2.55,11.14,51.20,967.97,298
10/15/2013 11:38:56,10/15/2013,11:38:56,1.29,11.42,50.50,967.99,258
10/15/2013 11:39:26,10/15/2013,11:39:26,0.94,11.42,50.09,968.00,282
10/15/2013 11:39:56,10/15/2013,11:39:56,1.36,11.32,50.59,968.00,310
10/15/2013 11:40:26,10/15/2013,11:40:26,1.16,11.32,50.90,968.01,306
10/15/2013 11:40:56,10/15/2013,11:40:56,1.58,11.22,51.00,968.03,301
10/15/2013 11:41:26,10/15/2013,11:41:26,1.48,11.32,50.50,968.01,324
10/15/2013 11:41:56,10/15/2013,11:41:56,2.05,11.32,50.29,968.03,5
10/15/2013 11:42:26,10/15/2013,11:42:26,2.48,11.10,51.09,968.03,285
10/15/2013 11:42:56,10/15/2013,11:42:56,1.30,11.32,50.59,968.04,306
10/15/2013 11:43:26,10/15/2013,11:43:26,2.74,11.02,51.79,968.05,347
10/15/2013 11:43:56,10/15/2013,11:43:56,3.29,10.94,51.29,968.08,315
10/15/2013 11:44:26,10/15/2013,11:44:26,3.15,10.87,52.50,968.12,305
10/15/2013 11:44:56,10/15/2013,11:44:56,2.72,10.87,51.70,968.12,310
10/15/2013 11:45:26,10/15/2013,11:45:26,3.20,10.77,51.90,968.14,355
10/15/2013 11:45:56,10/15/2013,11:45:56,3.63,10.69,51.50,968.12,327
10/15/2013 11:46:26,10/15/2013,11:46:26,2.24,10.77,52.40,968.13,295
10/15/2013 11:46:56,10/15/2013,11:46:56,0.97,10.97,51.00,968.13,292
10/15/2013 11:47:26,10/15/2013,11:47:26,0.83,10.94,51.09,968.06,292
10/15/2013 11:47:56,10/15/2013,11:47:56,2.49,10.55,51.90,968.10,327
10/15/2013 11:48:26,10/15/2013,11:48:26,2.29,10.47,51.79,968.15,287
10/15/2013 11:48:56,10/15/2013,11:48:56,4.06,10.14,52.29,968.15,312
10/15/2013 11:49:26,10/15/2013,11:49:26,2.92,10.14,51.79,968.21,302
10/15/2013 11:49:56,10/15/2013,11:49:56,3.79,10.22,51.59,968.21,340
10/15/2013 11:50:26,10/15/2013,11:50:26,2.13,10.35,51.70,968.23,306
10/15/2013 11:50:56,10/15/2013,11:50:56,2.08,10.39,51.50,968.23,306
10/15/2013 12:08:23,10/15/2013,12:08:23,2.01,10.47,51.79,968.22,331
10/15/2013 12:08:26,10/15/2013,12:08:26,1.86,9.27,53.20,968.22,295
10/15/2013 12:08:56,10/15/2013,12:08:56,2.49,9.27,53.79,968.28,329
10/15/2013 12:09:26,10/15/2013,12:09:26,1.68,9.19,53.70,968.26,335
10/15/2013 12:09:56,10/15/2013,12:09:56,3.15,9.19,52.50,968.25,334
10/15/2013 12:10:26,10/15/2013,12:10:26,2.06,9.17,52.70,968.23,335
10/15/2013 12:10:56,10/15/2013,12:10:56,2.69,9.12,52.70,968.21,300
10/15/2013 12:11:26,10/15/2013,12:11:26,4.48,9.12,52.70,968.20,337
10/15/2013 12:11:56,10/15/2013,12:11:56,4.09,9.00,55.29,968.18,303
10/15/2013 12:12:26,10/15/2013,12:12:26,3.42,9.05,52.70,968.18,299
10/15/2013 12:12:56,10/15/2013,12:12:56,3.34,9.00,53.20,968.15,336
10/15/2013 12:13:26,10/15/2013,12:13:26,2.52,9.05,52.90,968.18,302
10/15/2013 12:13:56,10/15/2013,12:13:56,2.48,9.05,53.20,968.19,332
10/15/2013 12:14:26,10/15/2013,12:14:26,2.11,9.00,53.79,968.21,310
10/15/2013 12:14:56,10/15/2013,12:14:56,3.22,9.12,52.90,968.18,350
10/15/2013 12:15:26,10/15/2013,12:15:26,1.91,9.19,54.00,968.20,275
10/15/2013 12:15:56,10/15/2013,12:15:56,2.51,9.44,52.90,968.19,297
10/15/2013 12:16:26,10/15/2013,12:16:26,4.01,9.60,52.70,968.14,320
10/15/2013 12:16:56,10/15/2013,12:16:56,3.48,9.75,52.29,968.15,290
10/15/2013 12:17:26,10/15/2013,12:17:26,4.42,9.82,52.29,968.13,325
10/15/2013 12:17:56,10/15/2013,12:17:56,3.02,10.00,52.09,968.14,321
10/15/2013 12:18:26,10/15/2013,12:18:26,2.20,10.19,51.90,968.14,312
10/15/2013 12:18:56,10/15/2013,12:18:56,1.84,10.22,51.59,968.14,297
10/15/2013 12:19:26,10/15/2013,12:19:26,2.02,10.14,52.20,968.16,312
10/15/2013 12:19:56,10/15/2013,12:19:56,2.12,10.22,51.59,968.12,355
10/15/2013 12:20:26,10/15/2013,12:20:26,2.37,10.14,52.29,968.15,293
10/15/2013 12:20:56,10/15/2013,12:20:56,4.49,10.14,51.00,968.07,349
10/15/2013 12:21:26,10/15/2013,12:21:26,4.88,10.14,50.70,968.03,347
10/15/2013 12:21:56,10/15/2013,12:21:56,3.24,10.19,51.09,968.08,335
10/15/2013 12:22:26,10/15/2013,12:22:26,3.24,10.14,52.20,968.10,14
10/15/2013 12:22:56,10/15/2013,12:22:56,3.45,10.02,51.59,968.11,325
10/15/2013 12:23:26,10/15/2013,12:23:26,3.09,10.07,53.09,968.12,314
10/15/2013 12:23:56,10/15/2013,12:23:56,2.77,10.07,51.90,968.13,313
10/15/2013 12:24:26,10/15/2013,12:24:26,1.61,10.14,52.20,968.13,331
10/15/2013 12:24:56,10/15/2013,12:24:56,1.43,10.22,52.09,968.21,328
10/15/2013 12:25:26,10/15/2013,12:25:26,2.18,10.19,52.29,968.20,357
10/15/2013 12:25:56,10/15/2013,12:25:56,2.51,10.10,52.09,968.23,326
10/15/2013 12:26:26,10/15/2013,12:26:26,2.79,10.07,53.20,968.25,291
10/15/2013 12:26:56,10/15/2013,12:26:56,5.51,9.92,51.20,968.15,307
10/15/2013 12:27:26,10/15/2013,12:27:26,4.54,9.92,52.00,968.13,321
10/15/2013 12:27:56,10/15/2013,12:27:56,5.10,9.82,52.00,968.15,350
10/15/2013 12:28:26,10/15/2013,12:28:26,3.69,9.82,52.09,968.13,13
10/15/2013 12:28:56,10/15/2013,12:28:56,3.16,9.80,52.29,968.19,307
10/15/2013 12:29:26,10/15/2013,12:29:26,4.85,9.67,52.20,968.22,346
10/15/2013 12:29:56,10/15/2013,12:29:56,3.45,9.67,52.50,968.26,334
10/15/2013 12:30:26,10/15/2013,12:30:26,3.95,9.60,51.50,968.26,352
10/15/2013 12:30:56,10/15/2013,12:30:56,3.12,9.60,53.00,968.26,311
10/15/2013 12:31:26,10/15/2013,12:31:26,2.42,9.60,52.20,968.27,32
10/15/2013 12:31:56,10/15/2013,12:31:56,2.88,9.55,52.90,968.27,323
10/15/2013 12:32:26,10/15/2013,12:32:26,3.29,9.52,52.40,968.27,336
10/15/2013 12:32:56,10/15/2013,12:32:56,4.04,9.47,52.29,968.29,348
10/15/2013 12:33:26,10/15/2013,12:33:26,4.49,9.44,52.00,968.28,318
10/15/2013 12:33:56,10/15/2013,12:33:56,2.52,9.52,52.29,968.32,329
10/15/2013 12:34:26,10/15/2013,12:34:26,1.56,9.52,52.70,968.38,272
10/15/2013 12:34:56,10/15/2013,12:34:56,4.22,9.52,52.29,968.35,309
10/15/2013 12:35:26,10/15/2013,12:35:26,3.90,9.47,52.59,968.38,333
10/15/2013 12:35:56,10/15/2013,12:35:56,4.29,9.39,52.40,968.36,338
10/15/2013 12:36:26,10/15/2013,12:36:26,1.06,9.52,53.09,968.41,322
10/15/2013 12:36:56,10/15/2013,12:36:56,1.61,9.47,53.20,968.44,336
10/15/2013 12:37:26,10/15/2013,12:37:26,2.56,9.47,53.20,968.41,317
10/15/2013 12:37:56,10/15/2013,12:37:56,1.26,9.52,53.09,968.44,295
10/15/2013 12:38:26,10/15/2013,12:38:26,0.88,9.55,54.00,968.48,300
10/15/2013 12:38:56,10/15/2013,12:38:56,3.56,9.47,52.50,968.44,313
10/15/2013 12:39:26,10/15/2013,12:39:26,2.65,9.52,52.79,968.43,317
10/15/2013 12:39:56,10/15/2013,12:39:56,3.90,9.44,52.00,968.37,330
10/15/2013 12:40:26,10/15/2013,12:40:26,3.26,9.44,52.20,968.37,301
10/15/2013 12:40:56,10/15/2013,12:40:56,3.72,9.44,52.59,968.33,341
10/15/2013 12:41:26,10/15/2013,12:41:26,1.87,9.47,52.40,968.30,340
10/15/2013 12:41:56,10/15/2013,12:41:56,3.49,9.44,53.00,968.28,311
10/15/2013 12:42:26,10/15/2013,12:42:26,2.26,9.44,53.09,968.33,333
10/15/2013 12:42:56,10/15/2013,12:42:56,2.70,9.44,52.70,968.34,303
10/15/2013 12:43:26,10/15/2013,12:43:26,4.37,9.47,52.40,968.30,313
10/15/2013 12:43:56,10/15/2013,12:43:56,1.95,9.47,52.20,968.28,301
10/15/2013 12:44:26,10/15/2013,12:44:26,2.15,9.47,52.29,968.32,318
10/15/2013 12:44:56,10/15/2013,12:44:56,1.93,9.47,52.59,968.33,306
10/15/2013 12:45:26,10/15/2013,12:45:26,3.37,9.44,52.79,968.33,298
10/15/2013 12:45:56,10/15/2013,12:45:56,2.94,9.44,52.09,968.32,317
10/15/2013 12:46:26,10/15/2013,12:46:26,2.13,9.44,52.59,968.33,313
10/15/2013 12:46:56,10/15/2013,12:46:56,2.41,9.39,52.90,968.33,305
10/15/2013 12:47:26,10/15/2013,12:47:26,2.66,9.35,53.09,968.35,335
10/15/2013 12:47:56,10/15/2013,12:47:56,2.59,9.35,52.90,968.37,290
10/15/2013 12:48:26,10/15/2013,12:48:26,1.91,9.35,53.40,968.36,311
10/15/2013 12:48:56,10/15/2013,12:48:56,1.16,9.35,54.20,968.37,349
10/15/2013 12:49:26,10/15/2013,12:49:26,2.05,9.35,52.70,968.36,320
10/15/2013 12:49:56,10/15/2013,12:49:56,3.90,9.35,53.00,968.41,294
10/15/2013 12:50:26,10/15/2013,12:50:26,3.79,9.35,53.20,968.42,322
10/15/2013 12:50:56,10/15/2013,12:50:56,3.67,9.32,52.40,968.33,309
10/15/2013 12:51:26,10/15/2013,12:51:26,3.12,9.35,52.00,968.36,345
10/15/2013 12:51:56,10/15/2013,12:51:56,2.61,9.35,52.20,968.36,346
10/15/2013 12:52:26,10/15/2013,12:52:26,2.24,9.32,53.00,968.36,314
10/15/2013 12:52:56,10/15/2013,12:52:56,2.81,9.32,52.79,968.38,324
10/15/2013 12:53:26,10/15/2013,12:53:26,4.22,9.35,52.40,968.32,326
10/15/2013 12:53:56,10/15/2013,12:53:56,3.58,9.39,52.50,968.28,315
10/15/2013 12:54:26,10/15/2013,12:54:26,2.66,9.44,52.29,968.30,341
10/15/2013 12:54:56,10/15/2013,12:54:56,1.83,9.47,53.20,968.32,342
10/15/2013 12:55:26,10/15/2013,12:55:26,1.51,9.52,52.59,968.25,308
10/15/2013 12:55:56,10/15/2013,12:55:56,4.04,9.52,52.79,968.26,353
10/15/2013 12:56:26,10/15/2013,12:56:26,2.73,9.52,52.59,968.25,313
10/15/2013 12:56:56,10/15/2013,12:56:56,1.45,9.60,53.20,968.25,317
10/15/2013 12:57:26,10/15/2013,12:57:26,0.93,9.64,52.50,968.27,333
10/15/2013 12:57:56,10/15/2013,12:57:56,0.80,9.67,53.29,968.25,300
10/15/2013 12:58:26,10/15/2013,12:58:26,1.55,9.64,51.90,968.26,299
10/15/2013 12:58:56,10/15/2013,12:58:56,2.04,9.64,52.50,968.27,0
10/15/2013 12:59:26,10/15/2013,12:59:26,2.86,9.60,52.50,968.27,303
10/15/2013 12:59:56,10/15/2013,12:59:56,1.22,9.67,52.50,968.30,323
10/15/2013 13:00:26,10/15/2013,13:00:26,2.76,9.67,51.59,968.27,280
10/15/2013 13:00:56,10/15/2013,13:00:56,1.95,9.75,52.20,968.22,260
10/15/2013 13:01:26,10/15/2013,13:01:26,2.73,9.75,51.40,968.23,320
10/15/2013 13:01:56,10/15/2013,13:01:56,3.54,9.75,52.59,968.27,317
10/15/2013 13:02:26,10/15/2013,13:02:26,1.86,9.80,51.50,968.30,287
10/15/2013 13:02:56,10/15/2013,13:02:56,3.45,9.75,51.40,968.26,308
10/15/2013 13:03:26,10/15/2013,13:03:26,1.83,9.82,51.90,968.34,285
10/15/2013 13:03:56,10/15/2013,13:03:56,2.13,9.87,51.50,968.34,4
10/15/2013 13:04:26,10/15/2013,13:04:26,1.56,9.92,52.20,968.34,346
10/15/2013 13:04:56,10/15/2013,13:04:56,3.20,9.92,51.90,968.33,356
10/15/2013 13:05:26,10/15/2013,13:05:26,4.56,9.82,52.40,968.30,355
10/15/2013 13:05:56,10/15/2013,13:05:56,2.59,9.82,51.20,968.35,308
10/15/2013 13:06:26,10/15/2013,13:06:26,1.70,9.92,51.90,968.33,291
10/15/2013 13:06:56,10/15/2013,13:06:56,4.26,9.82,50.90,968.30,339
10/15/2013 13:07:26,10/15/2013,13:07:26,2.62,9.82,50.70,968.42,326
10/15/2013 13:07:56,10/15/2013,13:07:56,3.88,9.82,51.50,968.34,315
10/15/2013 13:08:26,10/15/2013,13:08:26,1.45,9.92,51.50,968.37,298
10/15/2013 13:08:56,10/15/2013,13:08:56,1.31,9.92,51.40,968.33,305
10/15/2013 13:09:26,10/15/2013,13:09:26,1.73,9.92,51.40,968.36,305
10/15/2013 13:09:56,10/15/2013,13:09:56,2.41,9.92,50.90,968.36,292
10/15/2013 13:10:26,10/15/2013,13:10:26,3.65,9.87,51.70,968.34,305
10/15/2013 13:10:56,10/15/2013,13:10:56,2.31,9.92,51.90,968.33,320
10/15/2013 13:11:26,10/15/2013,13:11:26,1.84,9.94,51.90,968.36,270
10/15/2013 13:11:56,10/15/2013,13:11:56,3.27,9.92,51.79,968.33,312
10/15/2013 13:12:26,10/15/2013,13:12:26,2.49,9.92,52.90,968.33,300
10/15/2013 13:12:56,10/15/2013,13:12:56,3.58,9.92,51.20,968.26,316
10/15/2013 13:13:26,10/15/2013,13:13:26,2.44,10.00,51.70,968.29,297
10/15/2013 13:13:56,10/15/2013,13:13:56,1.13,10.00,51.59,968.25,298
10/15/2013 13:14:26,10/15/2013,13:14:26,3.30,9.92,51.40,968.23,322
10/15/2013 13:14:56,10/15/2013,13:14:56,1.73,9.94,51.20,968.23,312
10/15/2013 13:15:26,10/15/2013,13:15:26,2.12,9.92,51.50,968.22,316
10/15/2013 13:15:56,10/15/2013,13:15:56,4.38,9.82,51.59,968.18,312
10/15/2013 13:16:26,10/15/2013,13:16:26,2.88,9.80,52.79,968.20,344
10/15/2013 13:16:56,10/15/2013,13:16:56,1.11,9.82,52.00,968.22,327
10/15/2013 13:17:26,10/15/2013,13:17:26,2.40,9.75,51.90,968.25,317
10/15/2013 13:17:56,10/15/2013,13:17:56,0.95,9.80,51.50,968.26,299
10/15/2013 13:18:26,10/15/2013,13:18:26,3.49,9.72,52.00,968.29,336
10/15/2013 13:18:56,10/15/2013,13:18:56,2.09,9.75,51.79,968.29,294
10/15/2013 13:19:26,10/15/2013,13:19:26,2.13,9.75,51.40,968.33,298
10/15/2013 13:19:56,10/15/2013,13:19:56,2.29,9.80,53.29,968.33,306
10/15/2013 13:20:26,10/15/2013,13:20:26,2.61,9.75,51.59,968.32,305
10/15/2013 13:20:56,10/15/2013,13:20:56,2.47,9.82,51.59,968.33,312
10/15/2013 13:21:26,10/15/2013,13:21:26,2.15,9.82,51.79,968.36,311
10/15/2013 13:21:56,10/15/2013,13:21:56,3.79,9.82,51.59,968.36,308
10/15/2013 13:22:26,10/15/2013,13:22:26,3.77,9.80,52.00,968.38,338
10/15/2013 13:22:56,10/15/2013,13:22:56,5.33,9.75,51.29,968.33,327
10/15/2013 13:23:26,10/15/2013,13:23:26,3.97,9.72,51.00,968.33,321
10/15/2013 13:23:56,10/15/2013,13:23:56,1.91,9.75,50.59,968.40,337
10/15/2013 13:24:26,10/15/2013,13:24:26,3.26,9.72,51.40,968.38,330
10/15/2013 13:24:56,10/15/2013,13:24:56,4.72,9.67,51.59,968.33,324
10/15/2013 13:25:26,10/15/2013,13:25:26,4.34,9.64,52.29,968.30,319
10/15/2013 13:25:56,10/15/2013,13:25:56,2.01,9.72,51.59,968.33,331
10/15/2013 13:26:26,10/15/2013,13:26:26,1.99,9.75,52.59,968.36,302
10/15/2013 13:26:56,10/15/2013,13:26:56,2.80,9.75,51.40,968.34,312
10/15/2013 13:27:26,10/15/2013,13:27:26,2.88,9.80,51.79,968.37,328
10/15/2013 13:27:56,10/15/2013,13:27:56,3.67,9.80,51.20,968.34,330
10/15/2013 13:28:26,10/15/2013,13:28:26,2.81,9.82,52.59,968.36,310
10/15/2013 13:28:56,10/15/2013,13:28:56,1.77,9.92,52.09,968.37,319
10/15/2013 13:29:26,10/15/2013,13:29:26,3.81,9.82,52.00,968.40,292
10/15/2013 13:29:56,10/15/2013,13:29:56,4.22,9.82,51.90,968.40,320
10/15/2013 13:30:26,10/15/2013,13:30:26,4.99,9.80,51.90,968.35,348
10/15/2013 13:30:56,10/15/2013,13:30:56,2.29,9.82,52.09,968.40,292
10/15/2013 13:31:26,10/15/2013,13:31:26,1.93,9.82,51.70,968.40,343
10/15/2013 13:31:56,10/15/2013,13:31:56,1.56,9.82,51.70,968.41,313
10/15/2013 13:32:26,10/15/2013,13:32:26,1.59,9.82,52.79,968.41,310
10/15/2013 13:32:56,10/15/2013,13:32:56,1.91,9.82,51.79,968.41,306
10/15/2013 13:33:26,10/15/2013,13:33:26,1.47,9.87,52.59,968.41,308
10/15/2013 13:33:56,10/15/2013,13:33:56,2.06,9.82,51.59,968.42,321
10/15/2013 13:34:26,10/15/2013,13:34:26,4.65,9.80,53.09,968.42,340
10/15/2013 13:34:56,10/15/2013,13:34:56,2.31,9.82,51.70,968.42,321
10/15/2013 13:35:26,10/15/2013,13:35:26,5.59,9.75,51.50,968.41,15
10/15/2013 13:35:56,10/15/2013,13:35:56,5.02,9.72,50.79,968.36,323
10/15/2013 13:36:26,10/15/2013,13:36:26,4.95,9.72,51.70,968.41,350
10/15/2013 13:36:56,10/15/2013,13:36:56,5.51,9.67,50.79,968.38,309
10/15/2013 13:37:26,10/15/2013,13:37:26,3.17,9.67,50.90,968.43,313
10/15/2013 13:37:56,10/15/2013,13:37:56,5.06,9.64,51.09,968.40,307
10/15/2013 13:38:26,10/15/2013,13:38:26,6.67,9.64,51.00,968.36,334
10/15/2013 13:38:56,10/15/2013,13:38:56,5.62,9.60,51.90,968.43,339
10/15/2013 13:39:26,10/15/2013,13:39:26,4.41,9.60,52.50,968.51,294
10/15/2013 13:39:56,10/15/2013,13:39:56,5.45,9.55,51.40,968.50,321
10/15/2013 13:40:26,10/15/2013,13:40:26,3.54,9.52,52.29,968.54,329
10/15/2013 13:40:56,10/15/2013,13:40:56,5.26,9.52,52.40,968.56,333
10/15/2013 13:41:26,10/15/2013,13:41:26,5.72,9.52,51.79,968.51,355
10/15/2013 13:41:56,10/15/2013,13:41:56,3.63,9.47,52.59,968.54,358
10/15/2013 13:42:26,10/15/2013,13:42:26,3.33,9.44,52.90,968.50,335
10/15/2013 13:42:56,10/15/2013,13:42:56,2.18,9.44,52.90,968.54,0
10/15/2013 13:43:26,10/15/2013,13:43:26,4.04,9.32,52.90,968.54,354
10/15/2013 13:43:56,10/15/2013,13:43:56,3.40,9.32,53.09,968.54,308
10/15/2013 13:44:26,10/15/2013,13:44:26,4.16,9.35,52.20,968.49,344
10/15/2013 13:44:56,10/15/2013,13:44:56,3.84,9.39,52.09,968.50,335
10/15/2013 13:45:26,10/15/2013,13:45:26,3.45,9.35,52.59,968.52,354
10/15/2013 13:45:56,10/15/2013,13:45:56,3.12,9.35,52.40,968.54,6
10/15/2013 13:46:26,10/15/2013,13:46:26,3.08,9.32,53.00,968.56,324
10/15/2013 13:46:56,10/15/2013,13:46:56,3.62,9.32,51.79,968.58,321
10/15/2013 13:47:26,10/15/2013,13:47:26,4.37,9.27,53.50,968.58,314
10/15/2013 13:47:56,10/15/2013,13:47:56,5.94,9.25,52.59,968.55,307
10/15/2013 13:48:26,10/15/2013,13:48:26,2.48,9.27,52.90,968.60,340
10/15/2013 13:48:56,10/15/2013,13:48:56,1.72,9.32,52.20,968.64,319
10/15/2013 13:49:26,10/15/2013,13:49:26,2.72,9.27,52.59,968.66,320
10/15/2013 13:49:56,10/15/2013,13:49:56,3.73,9.32,52.20,968.60,8
10/15/2013 13:50:26,10/15/2013,13:50:26,3.42,9.32,52.40,968.59,5
10/15/2013 13:50:56,10/15/2013,13:50:56,2.83,9.27,52.50,968.63,334
10/15/2013 13:51:26,10/15/2013,13:51:26,2.84,9.32,51.59,968.59,322
10/15/2013 13:51:56,10/15/2013,13:51:56,2.66,9.35,52.40,968.55,335
10/15/2013 13:52:26,10/15/2013,13:52:26,2.30,9.35,53.59,968.56,297
10/15/2013 13:52:56,10/15/2013,13:52:56,2.31,9.35,52.59,968.56,290
10/15/2013 13:53:26,10/15/2013,13:53:26,4.54,9.35,52.20,968.55,332
10/15/2013 13:53:56,10/15/2013,13:53:56,3.09,9.35,53.79,968.56,11
10/15/2013 13:54:26,10/15/2013,13:54:26,3.69,9.35,52.59,968.54,355
10/15/2013 13:54:56,10/15/2013,13:54:56,2.51,9.44,52.40,968.56,340
10/15/2013 13:55:26,10/15/2013,13:55:26,3.92,9.35,53.29,968.56,356
10/15/2013 13:55:56,10/15/2013,13:55:56,2.69,9.44,52.79,968.57,336
10/15/2013 13:56:26,10/15/2013,13:56:26,4.70,9.47,52.59,968.54,347
10/15/2013 13:56:56,10/15/2013,13:56:56,3.30,9.52,53.00,968.58,342
10/15/2013 13:57:26,10/15/2013,13:57:26,2.94,9.60,52.50,968.60,309
10/15/2013 13:57:56,10/15/2013,13:57:56,2.37,9.60,52.79,968.64,337
10/15/2013 13:58:26,10/15/2013,13:58:26,3.01,9.60,52.00,968.65,343
10/15/2013 13:58:56,10/15/2013,13:58:56,3.92,9.60,52.20,968.64,329
10/15/2013 13:59:26,10/15/2013,13:59:26,3.01,9.60,51.79,968.63,319
10/15/2013 13:59:56,10/15/2013,13:59:56,2.55,9.64,52.90,968.63,350
10/15/2013 14:00:26,10/15/2013,14:00:26,3.74,9.64,51.59,968.60,332
10/15/2013 14:00:56,10/15/2013,14:00:56,2.98,9.60,51.50,968.62,345
10/15/2013 14:01:26,10/15/2013,14:01:26,2.73,9.67,52.29,968.63,311
10/15/2013 14:01:56,10/15/2013,14:01:56,2.79,9.67,52.70,968.64,4
10/15/2013 14:02:26,10/15/2013,14:02:26,3.79,9.64,52.20,968.63,345
10/15/2013 14:02:56,10/15/2013,14:02:56,2.47,9.67,52.00,968.69,2
10/15/2013 14:03:26,10/15/2013,14:03:26,3.74,9.64,51.59,968.67,327
10/15/2013 14:03:56,10/15/2013,14:03:56,3.05,9.60,52.09,968.72,287
10/15/2013 14:04:26,10/15/2013,14:04:26,3.65,9.60,52.59,968.71,300
10/15/2013 14:04:56,10/15/2013,14:04:56,4.02,9.60,52.29,968.66,308
10/15/2013 14:05:26,10/15/2013,14:05:26,2.26,9.60,52.20,968.70,358
10/15/2013 14:05:56,10/15/2013,14:05:56,3.62,9.60,52.29,968.65,321
10/15/2013 14:06:26,10/15/2013,14:06:26,2.99,9.64,52.20,968.64,335
10/15/2013 14:06:56,10/15/2013,14:06:56,2.18,9.64,52.70,968.64,328
10/15/2013 14:07:26,10/15/2013,14:07:26,2.33,9.67,51.90,968.63,327
10/15/2013 14:07:56,10/15/2013,14:07:56,2.59,9.67,52.50,968.62,312
10/15/2013 14:08:26,10/15/2013,14:08:26,3.95,9.60,52.00,968.59,348
10/15/2013 14:08:56,10/15/2013,14:08:56,2.18,9.67,52.90,968.63,347
10/15/2013 14:09:26,10/15/2013,14:09:26,1.93,9.67,52.29,968.60,328
10/15/2013 14:09:56,10/15/2013,14:09:56,3.87,9.60,52.29,968.57,294
10/15/2013 14:10:26,10/15/2013,14:10:26,3.40,9.60,52.40,968.56,340
10/15/2013 14:10:56,10/15/2013,14:10:56,2.81,9.60,52.50,968.60,286
10/15/2013 14:11:26,10/15/2013,14:11:26,2.99,9.60,52.09,968.59,309
10/15/2013 14:11:56,10/15/2013,14:11:56,1.65,9.67,52.70,968.59,338
10/15/2013 14:12:26,10/15/2013,14:12:26,2.61,9.64,51.90,968.59,345
10/15/2013 14:12:56,10/15/2013,14:12:56,2.72,9.67,52.00,968.60,344
10/15/2013 14:13:26,10/15/2013,14:13:26,2.91,9.60,51.50,968.62,19
10/15/2013 14:13:56,10/15/2013,14:13:56,2.09,9.60,52.50,968.65,300
10/15/2013 14:14:26,10/15/2013,14:14:26,2.99,9.55,52.29,968.65,344
10/15/2013 14:14:56,10/15/2013,14:14:56,2.42,9.60,52.50,968.67,356
10/15/2013 14:15:26,10/15/2013,14:15:26,4.84,9.52,51.90,968.63,305
10/15/2013 14:15:56,10/15/2013,14:15:56,3.97,9.52,52.29,968.66,302
10/15/2013 14:16:26,10/15/2013,14:16:26,1.70,9.55,52.79,968.71,334
10/15/2013 14:16:56,10/15/2013,14:16:56,1.70,9.55,53.50,968.72,279
10/15/2013 14:17:26,10/15/2013,14:17:26,2.48,9.55,52.90,968.73,320
10/15/2013 14:17:56,10/15/2013,14:17:56,3.84,9.52,52.50,968.72,299
10/15/2013 14:18:26,10/15/2013,14:18:26,3.92,9.52,52.09,968.72,310
10/15/2013 14:18:56,10/15/2013,14:18:56,3.70,9.47,52.00,968.72,332
10/15/2013 14:19:26,10/15/2013,14:19:26,2.97,9.44,52.70,968.76,332
10/15/2013 14:19:56,10/15/2013,14:19:56,2.77,9.47,51.70,968.74,313
10/15/2013 14:20:26,10/15/2013,14:20:26,2.45,9.52,52.29,968.76,349
10/15/2013 14:20:56,10/15/2013,14:20:56,2.69,9.47,52.00,968.76,325
10/15/2013 14:21:26,10/15/2013,14:21:26,2.77,9.47,52.20,968.73,308
10/15/2013 14:21:56,10/15/2013,14:21:56,2.15,9.52,51.79,968.73,320
10/15/2013 14:22:26,10/15/2013,14:22:26,3.55,9.47,52.40,968.71,303
10/15/2013 14:22:56,10/15/2013,14:22:56,2.81,9.47,52.79,968.73,312
10/15/2013 14:23:26,10/15/2013,14:23:26,2.02,9.52,52.09,968.72,313
10/15/2013 14:23:56,10/15/2013,14:23:56,2.65,9.52,52.00,968.71,0
10/15/2013 14:24:26,10/15/2013,14:24:26,1.26,9.52,52.90,968.72,352
10/15/2013 14:24:56,10/15/2013,14:24:56,2.40,9.47,52.70,968.66,0
10/15/2013 14:25:26,10/15/2013,14:25:26,0.36,9.52,52.70,968.72,352
10/15/2013 14:25:56,10/15/2013,14:25:56,1.54,9.52,52.29,968.71,295
10/15/2013 14:26:26,10/15/2013,14:26:26,1.88,9.52,52.50,968.69,336
10/15/2013 14:26:56,10/15/2013,14:26:56,1.23,9.52,52.70,968.76,338
10/15/2013 14:27:26,10/15/2013,14:27:26,0.91,9.52,53.09,968.77,336
10/15/2013 14:27:56,10/15/2013,14:27:56,1.55,9.52,52.40,968.81,310
10/15/2013 14:28:26,10/15/2013,14:28:26,1.70,9.52,52.90,968.81,332
10/15/2013 14:28:56,10/15/2013,14:28:56,2.73,9.52,52.79,968.80,334
10/15/2013 14:29:26,10/15/2013,14:29:26,3.73,9.47,52.20,968.76,5
10/15/2013 14:29:56,10/15/2013,14:29:56,3.12,9.47,52.00,968.72,310
10/15/2013 14:30:26,10/15/2013,14:30:26,2.48,9.52,52.70,968.71,356
10/15/2013 14:30:56,10/15/2013,14:30:56,2.61,9.52,52.40,968.70,297
10/15/2013 14:31:26,10/15/2013,14:31:26,1.95,9.52,52.59,968.72,324
10/15/2013 14:31:56,10/15/2013,14:31:56,2.31,9.55,52.29,968.72,344
10/15/2013 14:32:26,10/15/2013,14:32:26,2.31,9.60,52.40,968.74,344
10/15/2013 14:32:56,10/15/2013,14:32:56,1.54,9.60,52.09,968.72,358
10/15/2013 14:33:26,10/15/2013,14:33:26,2.65,9.60,53.20,968.73,355
10/15/2013 14:33:56,10/15/2013,14:33:56,1.41,9.64,52.59,968.73,300
10/15/2013 14:34:26,10/15/2013,14:34:26,1.37,9.67,52.79,968.74,308
10/15/2013 14:34:56,10/15/2013,14:34:56,1.99,9.67,51.59,968.74,322
10/15/2013 14:35:26,10/15/2013,14:35:26,1.90,9.67,52.70,968.78,0
10/15/2013 14:35:56,10/15/2013,14:35:56,0.84,9.75,53.29,968.80,292
10/15/2013 14:36:26,10/15/2013,14:36:26,1.05,9.80,52.50,968.80,334
10/15/2013 14:36:56,10/15/2013,14:36:56,1.27,9.80,52.00,968.81,8
10/15/2013 14:37:26,10/15/2013,14:37:26,3.55,9.67,52.09,968.74,1
10/15/2013 14:37:56,10/15/2013,14:37:56,1.87,9.75,51.90,968.76,332
10/15/2013 14:38:26,10/15/2013,14:38:26,2.81,9.67,52.20,968.73,355
10/15/2013 14:38:56,10/15/2013,14:38:56,1.52,9.75,53.50,968.76,290
10/15/2013 14:39:26,10/15/2013,14:39:26,2.23,9.80,52.40,968.78,322
10/15/2013 14:39:56,10/15/2013,14:39:56,2.63,9.75,52.29,968.76,299
10/15/2013 14:40:26,10/15/2013,14:40:26,2.08,9.82,51.59,968.77,279
10/15/2013 14:40:56,10/15/2013,14:40:56,2.41,9.82,51.00,968.79,334
10/15/2013 14:41:26,10/15/2013,14:41:26,1.56,9.82,51.40,968.79,299
10/15/2013 14:41:56,10/15/2013,14:41:56,1.55,9.87,51.90,968.81,310
10/15/2013 14:42:26,10/15/2013,14:42:26,1.97,9.82,51.70,968.84,325
10/15/2013 14:42:56,10/15/2013,14:42:56,1.88,9.82,51.90,968.87,312
10/15/2013 14:43:26,10/15/2013,14:43:26,3.95,9.75,52.09,968.91,334
10/15/2013 14:43:56,10/15/2013,14:43:56,2.27,9.80,52.59,968.94,326
10/15/2013 14:44:26,10/15/2013,14:44:26,3.36,9.75,51.90,968.96,323
10/15/2013 14:44:56,10/15/2013,14:44:56,3.40,9.75,51.50,968.96,10
10/15/2013 14:45:26,10/15/2013,14:45:26,4.13,9.75,51.90,968.96,303
10/15/2013 14:45:56,10/15/2013,14:45:56,3.42,9.67,50.59,968.99,344
10/15/2013 14:46:26,10/15/2013,14:46:26,3.31,9.67,51.59,968.98,335
10/15/2013 14:46:56,10/15/2013,14:46:56,2.62,9.60,52.59,968.96,299
10/15/2013 14:47:26,10/15/2013,14:47:26,3.77,9.60,51.40,968.94,310
10/15/2013 14:47:56,10/15/2013,14:47:56,2.83,9.60,51.59,968.91,292
10/15/2013 14:48:26,10/15/2013,14:48:26,2.66,9.60,51.20,968.85,270
10/15/2013 14:48:56,10/15/2013,14:48:56,2.40,9.60,51.70,968.78,316
10/15/2013 14:49:26,10/15/2013,14:49:26,2.41,9.60,52.20,968.78,319
10/15/2013 14:49:56,10/15/2013,14:49:56,2.47,9.55,51.59,968.73,312
10/15/2013 14:50:26,10/15/2013,14:50:26,0.95,9.60,51.40,968.70,248
10/15/2013 14:50:56,10/15/2013,14:50:56,1.79,9.52,52.29,968.65,297
10/15/2013 14:51:26,10/15/2013,14:51:26,3.04,9.52,51.70,968.60,340
10/15/2013 14:51:56,10/15/2013,14:51:56,2.47,9.52,51.90,968.57,291
10/15/2013 14:52:26,10/15/2013,14:52:26,2.42,9.47,52.00,968.57,303
10/15/2013 14:52:56,10/15/2013,14:52:56,2.13,9.47,52.00,968.59,310
10/15/2013 14:53:26,10/15/2013,14:53:26,2.44,9.47,52.00,968.58,307
10/15/2013 14:53:56,10/15/2013,14:53:56,2.06,9.44,52.90,968.60,330
10/15/2013 14:54:26,10/15/2013,14:54:26,2.36,9.35,53.09,968.63,312
10/15/2013 14:54:56,10/15/2013,14:54:56,1.99,9.35,51.40,968.70,320
10/15/2013 14:55:26,10/15/2013,14:55:26,3.20,9.35,51.90,968.72,318
10/15/2013 14:55:56,10/15/2013,14:55:56,1.33,9.35,52.00,968.74,277
10/15/2013 14:56:26,10/15/2013,14:56:26,3.40,9.32,51.90,968.73,310
10/15/2013 14:56:56,10/15/2013,14:56:56,2.99,9.27,53.70,968.80,305
10/15/2013 14:57:26,10/15/2013,14:57:26,2.40,9.25,52.20,968.80,327
10/15/2013 14:57:56,10/15/2013,14:57:56,1.98,9.25,52.90,968.84,311
10/15/2013 14:58:26,10/15/2013,14:58:26,4.23,9.17,51.40,968.84,322
10/15/2013 14:58:56,10/15/2013,14:58:56,2.65,9.12,52.50,968.92,317
10/15/2013 14:59:26,10/15/2013,14:59:26,2.24,9.12,52.29,968.99,307
10/15/2013 14:59:56,10/15/2013,14:59:56,2.86,8.97,52.29,969.05,301
10/15/2013 15:00:26,10/15/2013,15:00:26,2.11,9.00,54.59,969.11,307
10/15/2013 15:00:56,10/15/2013,15:00:56,3.69,8.97,52.29,969.11,337
10/15/2013 15:01:26,10/15/2013,15:01:26,2.98,8.92,52.79,969.25,355
10/15/2013 15:01:56,10/15/2013,15:01:56,3.84,8.85,53.59,969.40,359
10/15/2013 15:02:26,10/15/2013,15:02:26,3.49,8.60,54.79,969.47,344
10/15/2013 15:02:56,10/15/2013,15:02:56,3.23,8.32,57.09,969.59,349
10/15/2013 15:03:26,10/15/2013,15:03:26,3.81,7.69,60.29,969.65,348
10/15/2013 15:03:56,10/15/2013,15:03:56,3.92,7.15,63.90,969.69,348
10/15/2013 15:04:26,10/15/2013,15:04:26,2.37,7.02,66.90,969.71,348
10/15/2013 15:04:56,10/15/2013,15:04:56,2.65,6.75,67.09,969.69,13
10/15/2013 15:05:26,10/15/2013,15:05:26,2.56,6.59,68.40,969.67,333
10/15/2013 15:05:56,10/15/2013,15:05:56,3.15,6.42,68.59,969.59,355
10/15/2013 15:06:26,10/15/2013,15:06:26,2.77,6.27,67.80,969.58,347
10/15/2013 15:06:56,10/15/2013,15:06:56,3.13,6.19,66.80,969.58,351
10/15/2013 15:07:26,10/15/2013,15:07:26,3.23,6.12,67.00,969.61,10
10/15/2013 15:07:56,10/15/2013,15:07:56,2.45,6.05,67.59,969.66,334
10/15/2013 15:08:26,10/15/2013,15:08:26,3.44,5.87,68.30,969.71,329
10/15/2013 15:08:56,10/15/2013,15:08:56,3.40,5.80,68.59,969.74,308
10/15/2013 15:09:26,10/15/2013,15:09:26,3.06,5.72,68.19,969.78,343
10/15/2013 15:09:56,10/15/2013,15:09:56,2.97,5.67,68.59,969.78,328
10/15/2013 15:10:26,10/15/2013,15:10:26,2.54,5.65,68.90,969.79,305
10/15/2013 15:10:56,10/15/2013,15:10:56,1.51,5.67,70.09,969.80,15
10/15/2013 15:11:26,10/15/2013,15:11:26,2.86,5.65,69.00,969.80,304
10/15/2013 15:11:56,10/15/2013,15:11:56,2.61,5.65,68.19,969.80,350
10/15/2013 15:12:26,10/15/2013,15:12:26,1.51,5.65,68.59,969.81,315
10/15/2013 15:12:56,10/15/2013,15:12:56,2.69,5.59,68.09,969.81,277
10/15/2013 15:13:26,10/15/2013,15:13:26,2.87,5.65,67.09,969.78,330
10/15/2013 15:13:56,10/15/2013,15:13:56,2.22,5.65,67.30,969.76,305
10/15/2013 15:14:26,10/15/2013,15:14:26,2.38,5.67,66.90,969.71,302
10/15/2013 15:14:56,10/15/2013,15:14:56,0.70,5.65,68.09,969.68,331
10/15/2013 15:15:26,10/15/2013,15:15:26,1.76,5.59,68.30,969.62,317
10/15/2013 15:15:56,10/15/2013,15:15:56,0.18,5.57,68.59,969.65,300
10/15/2013 15:16:26,10/15/2013,15:16:26,0.00,5.57,69.90,969.64,349
10/15/2013 15:16:56,10/15/2013,15:16:56,1.69,5.59,68.50,969.59,337
10/15/2013 15:17:26,10/15/2013,15:17:26,1.05,5.57,68.69,969.60,303
10/15/2013 15:17:56,10/15/2013,15:17:56,0.93,5.57,68.69,969.67,321
10/15/2013 15:18:26,10/15/2013,15:18:26,1.04,5.57,68.59,969.72,322
10/15/2013 15:18:56,10/15/2013,15:18:56,0.90,5.57,69.09,969.74,344
10/15/2013 15:19:26,10/15/2013,15:19:26,1.95,5.57,68.69,969.78,312
10/15/2013 15:19:56,10/15/2013,15:19:56,0.88,5.57,68.59,969.73,325
10/15/2013 15:20:26,10/15/2013,15:20:26,1.81,5.65,66.69,969.72,297
10/15/2013 15:20:56,10/15/2013,15:20:56,0.99,5.65,67.30,969.71,321
10/15/2013 15:21:26,10/15/2013,15:21:26,1.33,5.65,67.50,969.68,292
10/15/2013 15:21:56,10/15/2013,15:21:56,0.33,5.65,68.00,969.72,299
10/15/2013 15:22:26,10/15/2013,15:22:26,0.83,5.59,68.40,969.72,301
10/15/2013 15:22:56,10/15/2013,15:22:56,0.00,5.57,69.40,969.76,302
10/15/2013 15:23:26,10/15/2013,15:23:26,0.65,5.59,69.40,969.75,335
10/15/2013 15:23:56,10/15/2013,15:23:56,0.00,5.57,69.90,969.78,317
10/15/2013 15:24:26,10/15/2013,15:24:26,0.00,5.57,70.50,969.79,293
10/15/2013 15:24:56,10/15/2013,15:24:56,0.00,5.57,70.90,969.80,340
10/15/2013 15:25:26,10/15/2013,15:25:26,0.00,5.57,71.00,969.81,345
10/15/2013 15:25:56,10/15/2013,15:25:56,1.02,5.65,69.69,969.75,302
10/15/2013 15:26:26,10/15/2013,15:26:26,0.76,5.65,69.40,969.74,327
10/15/2013 15:26:56,10/15/2013,15:26:56,0.00,5.65,69.50,969.75,325
10/15/2013 15:27:26,10/15/2013,15:27:26,0.00,5.65,70.19,969.72,348
10/15/2013 15:27:56,10/15/2013,15:27:56,0.00,5.65,69.90,969.69,322
10/15/2013 15:28:26,10/15/2013,15:28:26,0.00,5.65,70.19,969.69,328
10/15/2013 15:28:56,10/15/2013,15:28:56,0.00,5.67,70.09,969.71,355
10/15/2013 15:29:26,10/15/2013,15:29:26,0.94,5.72,69.30,969.69,297
10/15/2013 15:29:56,10/15/2013,15:29:56,0.83,5.72,68.40,969.72,303
10/15/2013 15:30:26,10/15/2013,15:30:26,0.00,5.72,69.09,969.79,285
10/15/2013 15:30:56,10/15/2013,15:30:56,0.00,5.72,69.40,969.82,316
10/15/2013 15:31:26,10/15/2013,15:31:26,0.31,5.75,69.09,969.83,329
10/15/2013 15:31:56,10/15/2013,15:31:56,0.37,5.72,68.90,969.88,340
10/15/2013 15:32:26,10/15/2013,15:32:26,0.47,5.80,68.40,969.89,327
10/15/2013 15:32:56,10/15/2013,15:32:56,0.00,5.75,68.30,969.91,340
10/15/2013 15:33:26,10/15/2013,15:33:26,0.93,5.80,67.69,969.88,359
10/15/2013 15:33:56,10/15/2013,15:33:56,0.00,5.75,67.90,969.91,308
10/15/2013 15:34:26,10/15/2013,15:34:26,0.00,5.80,68.30,969.97,308
10/15/2013 15:34:56,10/15/2013,15:34:56,0.00,5.80,67.30,969.98,312
10/15/2013 15:35:26,10/15/2013,15:35:26,0.00,5.75,67.59,970.00,302
10/15/2013 15:35:56,10/15/2013,15:35:56,0.00,5.80,67.90,970.03,342
10/15/2013 15:36:26,10/15/2013,15:36:26,0.00,5.80,67.80,970.05,301
10/15/2013 15:36:56,10/15/2013,15:36:56,0.81,5.84,66.50,970.04,334
10/15/2013 15:37:26,10/15/2013,15:37:26,1.13,5.87,64.80,970.04,12
10/15/2013 15:37:56,10/15/2013,15:37:56,1.12,5.87,65.09,970.04,315
10/15/2013 15:38:26,10/15/2013,15:38:26,0.62,5.87,65.90,970.08,332
10/15/2013 15:38:56,10/15/2013,15:38:56,0.43,5.87,65.50,970.07,291
10/15/2013 15:39:26,10/15/2013,15:39:26,0.77,5.92,65.00,970.07,310
10/15/2013 15:39:56,10/15/2013,15:39:56,0.84,5.92,64.90,970.05,306
10/15/2013 15:40:26,10/15/2013,15:40:26,0.00,5.87,64.80,970.07,322
10/15/2013 15:40:56,10/15/2013,15:40:56,0.00,5.87,65.30,970.03,320
10/15/2013 15:41:26,10/15/2013,15:41:26,0.00,5.87,65.30,969.98,344
10/15/2013 15:41:56,10/15/2013,15:41:56,0.58,5.94,64.00,969.90,340
10/15/2013 15:42:26,10/15/2013,15:42:26,0.00,5.94,64.19,969.89,330
10/15/2013 15:42:56,10/15/2013,15:42:56,0.31,5.94,64.80,969.87,316
10/15/2013 15:43:26,10/15/2013,15:43:26,0.00,5.94,64.40,969.88,330
10/15/2013 15:43:56,10/15/2013,15:43:56,0.00,5.94,64.09,969.83,325
10/15/2013 15:44:26,10/15/2013,15:44:26,0.00,5.94,64.09,969.82,344
10/15/2013 15:44:56,10/15/2013,15:44:56,0.00,5.94,64.50,969.82,311
10/15/2013 15:45:26,10/15/2013,15:45:26,0.00,5.94,64.59,969.84,316
10/15/2013 15:45:56,10/15/2013,15:45:56,1.34,6.05,63.90,969.80,311
10/15/2013 15:46:26,10/15/2013,15:46:26,0.94,6.05,63.50,969.83,289
10/15/2013 15:46:56,10/15/2013,15:46:56,0.93,6.07,63.29,969.88,301
10/15/2013 15:47:26,10/15/2013,15:47:26,0.99,6.05,63.20,969.91,300
10/15/2013 15:47:56,10/15/2013,15:47:56,1.18,6.05,63.50,969.96,301
10/15/2013 15:48:26,10/15/2013,15:48:26,0.29,6.05,62.90,969.98,350
10/15/2013 15:48:56,10/15/2013,15:48:56,0.00,6.05,63.70,970.02,279
10/15/2013 15:49:26,10/15/2013,15:49:26,1.87,6.12,63.59,969.95,297
10/15/2013 15:49:56,10/15/2013,15:49:56,1.61,6.12,62.50,969.90,310
10/15/2013 15:50:26,10/15/2013,15:50:26,1.61,6.12,62.29,969.91,314
10/15/2013 15:50:56,10/15/2013,15:50:56,0.76,6.12,62.70,969.94,322
10/15/2013 15:51:26,10/15/2013,15:51:26,1.47,6.12,63.09,969.91,307
10/15/2013 15:51:56,10/15/2013,15:51:56,1.15,6.12,62.70,969.95,294
10/15/2013 15:52:26,10/15/2013,15:52:26,1.29,6.12,62.50,969.94,310
10/15/2013 15:52:56,10/15/2013,15:52:56,1.31,6.15,62.59,969.95,301
10/15/2013 15:53:26,10/15/2013,15:53:26,2.23,6.15,62.40,969.96,302
10/15/2013 15:53:56,10/15/2013,15:53:56,1.98,6.15,62.50,969.96,321
10/15/2013 15:54:26,10/15/2013,15:54:26,0.38,6.12,62.59,970.02,317
10/15/2013 15:54:56,10/15/2013,15:54:56,0.47,6.12,62.59,970.03,309
10/15/2013 15:55:26,10/15/2013,15:55:26,0.77,6.07,62.90,970.03,28
10/15/2013 15:55:56,10/15/2013,15:55:56,1.02,6.12,62.70,970.01,299
10/15/2013 15:56:26,10/15/2013,15:56:26,1.98,6.15,62.29,970.03,322
10/15/2013 15:56:56,10/15/2013,15:56:56,0.98,6.12,62.40,970.05,308
10/15/2013 15:57:26,10/15/2013,15:57:26,0.44,6.12,62.90,970.09,313
10/15/2013 15:57:56,10/15/2013,15:57:56,1.13,6.12,63.00,970.08,318
10/15/2013 15:58:26,10/15/2013,15:58:26,1.44,6.12,62.79,970.10,350
10/15/2013 15:58:56,10/15/2013,15:58:56,2.22,6.15,62.50,970.11,298
10/15/2013 15:59:26,10/15/2013,15:59:26,2.13,6.19,62.50,970.12,332
10/15/2013 15:59:56,10/15/2013,15:59:56,2.55,6.19,61.70,970.11,293
10/15/2013 16:00:26,10/15/2013,16:00:26,0.94,6.15,62.29,970.16,298
10/15/2013 16:00:56,10/15/2013,16:00:56,0.98,6.12,62.50,970.16,289
10/15/2013 16:01:26,10/15/2013,16:01:26,0.77,6.15,62.50,970.18,304
10/15/2013 16:01:56,10/15/2013,16:01:56,1.19,6.15,62.40,970.18,319
10/15/2013 16:02:26,10/15/2013,16:02:26,1.51,6.15,62.09,970.18,319
10/15/2013 16:02:56,10/15/2013,16:02:56,1.12,6.12,62.79,970.19,294
10/15/2013 16:03:26,10/15/2013,16:03:26,0.95,6.12,62.59,970.22,312
10/15/2013 16:03:56,10/15/2013,16:03:56,1.16,6.12,62.40,970.20,305
10/15/2013 16:04:26,10/15/2013,16:04:26,0.86,6.12,62.09,970.22,324
10/15/2013 16:04:56,10/15/2013,16:04:56,0.91,6.12,62.40,970.19,300
10/15/2013 16:05:26,10/15/2013,16:05:26,1.62,6.15,62.09,970.19,337
10/15/2013 16:05:56,10/15/2013,16:05:56,1.51,6.19,62.20,970.20,303
10/15/2013 16:06:26,10/15/2013,16:06:26,0.93,6.12,62.20,970.24,295
10/15/2013 16:06:56,10/15/2013,16:06:56,0.54,6.12,62.59,970.24,329
10/15/2013 16:07:26,10/15/2013,16:07:26,1.43,6.12,62.50,970.23,299
10/15/2013 16:07:56,10/15/2013,16:07:56,0.77,6.15,62.00,970.24,325
10/15/2013 16:08:26,10/15/2013,16:08:26,0.58,6.12,62.70,970.27,355
10/15/2013 16:08:56,10/15/2013,16:08:56,1.01,6.12,62.79,970.26,306
10/15/2013 16:09:26,10/15/2013,16:09:26,1.93,6.19,62.29,970.27,312
10/15/2013 16:09:56,10/15/2013,16:09:56,1.30,6.19,61.70,970.29,321
10/15/2013 16:10:26,10/15/2013,16:10:26,0.81,6.19,61.79,970.36,311
10/15/2013 16:10:56,10/15/2013,16:10:56,0.00,6.19,62.09,970.41,340
10/15/2013 16:11:26,10/15/2013,16:11:26,0.48,6.19,62.59,970.45,303
10/15/2013 16:11:56,10/15/2013,16:11:56,1.44,6.19,62.20,970.40,350
10/15/2013 16:12:26,10/15/2013,16:12:26,1.65,6.19,62.09,970.40,337
10/15/2013 16:12:56,10/15/2013,16:12:56,1.63,6.27,61.40,970.39,11
10/15/2013 16:13:26,10/15/2013,16:13:26,1.04,6.22,61.90,970.38,320
10/15/2013 16:13:56,10/15/2013,16:13:56,1.01,6.19,62.09,970.37,321
10/15/2013 16:14:26,10/15/2013,16:14:26,0.84,6.22,62.00,970.36,317
10/15/2013 16:14:56,10/15/2013,16:14:56,0.58,6.19,62.20,970.37,330
10/15/2013 16:15:26,10/15/2013,16:15:26,1.24,6.19,62.50,970.34,350
10/15/2013 16:15:56,10/15/2013,16:15:56,0.79,6.19,62.29,970.34,341
10/15/2013 16:16:26,10/15/2013,16:16:26,2.31,6.34,61.40,970.30,317
10/15/2013 16:16:56,10/15/2013,16:16:56,1.93,6.34,61.29,970.27,316
10/15/2013 16:17:26,10/15/2013,16:17:26,1.33,6.34,61.50,970.22,348
10/15/2013 16:17:56,10/15/2013,16:17:56,0.65,6.27,62.00,970.22,286
10/15/2013 16:18:26,10/15/2013,16:18:26,0.00,6.27,61.79,970.25,345
10/15/2013 16:18:56,10/15/2013,16:18:56,0.29,6.27,61.90,970.27,340
10/15/2013 16:19:26,10/15/2013,16:19:26,0.84,6.27,61.70,970.24,329
10/15/2013 16:19:56,10/15/2013,16:19:56,1.24,6.32,61.40,970.20,300
10/15/2013 16:20:26,10/15/2013,16:20:26,1.73,6.32,61.59,970.18,310
10/15/2013 16:20:56,10/15/2013,16:20:56,1.26,6.34,61.29,970.18,310
10/15/2013 16:21:26,10/15/2013,16:21:26,1.31,6.34,61.50,970.16,308
10/15/2013 16:21:56,10/15/2013,16:21:56,1.37,6.34,61.40,970.17,336
10/15/2013 16:22:26,10/15/2013,16:22:26,1.29,6.34,61.40,970.15,299
10/15/2013 16:22:56,10/15/2013,16:22:56,1.62,6.32,61.70,970.15,331
10/15/2013 16:23:26,10/15/2013,16:23:26,2.11,6.42,60.79,970.12,316
10/15/2013 16:23:56,10/15/2013,16:23:56,1.36,6.34,61.50,970.17,319
10/15/2013 16:24:26,10/15/2013,16:24:26,0.98,6.40,60.90,970.20,327
10/15/2013 16:24:56,10/15/2013,16:24:56,1.43,6.42,61.00,970.20,320
10/15/2013 16:25:26,10/15/2013,16:25:26,1.09,6.42,61.00,970.20,323
10/15/2013 16:25:56,10/15/2013,16:25:56,0.88,6.42,60.79,970.22,299
10/15/2013 16:26:26,10/15/2013,16:26:26,1.90,6.42,60.90,970.20,312
10/15/2013 16:26:56,10/15/2013,16:26:56,1.19,6.47,60.79,970.18,271
10/15/2013 16:27:26,10/15/2013,16:27:26,0.00,6.42,60.29,970.22,249
10/15/2013 16:27:56,10/15/2013,16:27:56,1.31,6.42,60.29,970.19,309
10/15/2013 16:28:26,10/15/2013,16:28:26,1.55,6.52,60.09,970.19,341
10/15/2013 16:28:56,10/15/2013,16:28:56,1.02,6.52,60.20,970.20,297
10/15/2013 16:29:26,10/15/2013,16:29:26,1.29,6.52,60.40,970.23,21
10/15/2013 16:29:56,10/15/2013,16:29:56,2.27,6.59,60.09,970.18,303
10/15/2013 16:30:26,10/15/2013,16:30:26,0.68,6.59,59.70,970.19,286
10/15/2013 16:30:56,10/15/2013,16:30:56,1.05,6.55,60.09,970.20,340
10/15/2013 16:31:26,10/15/2013,16:31:26,2.79,6.67,59.70,970.17,313
10/15/2013 16:31:56,10/15/2013,16:31:56,1.12,6.59,59.90,970.19,335
10/15/2013 16:32:26,10/15/2013,16:32:26,1.43,6.59,59.70,970.20,321
10/15/2013 16:32:56,10/15/2013,16:32:56,0.91,6.55,60.50,970.23,307
10/15/2013 16:33:26,10/15/2013,16:33:26,1.77,6.62,59.90,970.19,310
10/15/2013 16:33:56,10/15/2013,16:33:56,1.41,6.67,59.79,970.16,283
10/15/2013 16:34:26,10/15/2013,16:34:26,0.70,6.67,59.70,970.18,296
10/15/2013 16:34:56,10/15/2013,16:34:56,1.47,6.62,60.09,970.15,333
10/15/2013 16:35:26,10/15/2013,16:35:26,0.06,6.59,60.09,970.16,328
10/15/2013 16:35:56,10/15/2013,16:35:56,1.72,6.59,60.40,970.12,302
10/15/2013 16:36:26,10/15/2013,16:36:26,2.77,6.75,59.40,970.09,307
10/15/2013 16:36:56,10/15/2013,16:36:56,2.13,6.67,59.90,970.09,305
10/15/2013 16:37:26,10/15/2013,16:37:26,1.45,6.67,59.79,970.11,297
10/15/2013 16:37:56,10/15/2013,16:37:56,1.29,6.67,59.90,970.15,312
10/15/2013 16:38:26,10/15/2013,16:38:26,2.09,6.75,59.20,970.15,309
10/15/2013 16:38:56,10/15/2013,16:38:56,2.08,6.80,59.20,970.15,321
10/15/2013 16:39:26,10/15/2013,16:39:26,0.94,6.75,59.20,970.19,316
10/15/2013 16:39:56,10/15/2013,16:39:56,1.02,6.75,59.59,970.24,322
10/15/2013 16:40:26,10/15/2013,16:40:26,1.69,6.75,59.79,970.24,321
10/15/2013 16:40:56,10/15/2013,16:40:56,0.94,6.69,59.90,970.30,343
10/15/2013 16:41:26,10/15/2013,16:41:26,1.63,6.69,60.09,970.33,317
10/15/2013 16:41:56,10/15/2013,16:41:56,2.66,6.75,59.79,970.36,323
10/15/2013 16:42:26,10/15/2013,16:42:26,2.40,6.75,59.50,970.34,312
10/15/2013 16:42:56,10/15/2013,16:42:56,1.91,6.75,59.40,970.34,288
10/15/2013 16:43:26,10/15/2013,16:43:26,0.86,6.75,59.59,970.38,311
10/15/2013 16:43:56,10/15/2013,16:43:56,1.36,6.75,59.79,970.34,318
10/15/2013 16:44:26,10/15/2013,16:44:26,1.81,6.69,60.20,970.34,322
10/15/2013 16:44:56,10/15/2013,16:44:56,1.83,6.69,59.29,970.31,300
10/15/2013 16:45:26,10/15/2013,16:45:26,2.02,6.80,59.00,970.22,305
10/15/2013 16:45:56,10/15/2013,16:45:56,1.49,6.75,59.50,970.25,306
10/15/2013 16:46:26,10/15/2013,16:46:26,1.70,6.67,59.70,970.27,0
10/15/2013 16:46:56,10/15/2013,16:46:56,1.99,6.67,60.09,970.31,315
10/15/2013 16:47:26,10/15/2013,16:47:26,2.23,6.67,59.79,970.34,323
10/15/2013 16:47:56,10/15/2013,16:47:56,1.54,6.67,59.70,970.36,335
10/15/2013 16:48:26,10/15/2013,16:48:26,2.04,6.69,59.90,970.37,304
10/15/2013 16:48:56,10/15/2013,16:48:56,2.15,6.67,59.70,970.38,316
10/15/2013 16:49:26,10/15/2013,16:49:26,0.87,6.59,59.90,970.44,312
10/15/2013 16:49:56,10/15/2013,16:49:56,1.62,6.59,60.00,970.44,357
10/15/2013 16:50:26,10/15/2013,16:50:26,2.02,6.67,59.70,970.45,313
10/15/2013 16:50:56,10/15/2013,16:50:56,1.19,6.59,59.40,970.48,316
10/15/2013 16:51:26,10/15/2013,16:51:26,1.72,6.59,59.90,970.51,310
10/15/2013 16:51:56,10/15/2013,16:51:56,1.83,6.62,59.70,970.53,309
10/15/2013 16:52:26,10/15/2013,16:52:26,1.70,6.62,59.59,970.55,348
10/15/2013 16:52:56,10/15/2013,16:52:56,1.49,6.55,59.90,970.58,327
10/15/2013 16:53:26,10/15/2013,16:53:26,2.51,6.59,60.09,970.56,313
10/15/2013 16:53:56,10/15/2013,16:53:56,1.52,6.52,59.90,970.59,321
10/15/2013 16:54:26,10/15/2013,16:54:26,1.74,6.59,59.90,970.59,322
10/15/2013 16:54:56,10/15/2013,16:54:56,1.40,6.52,59.79,970.60,319
10/15/2013 16:55:26,10/15/2013,16:55:26,1.08,6.52,59.90,970.62,326
10/15/2013 16:55:56,10/15/2013,16:55:56,1.31,6.47,60.09,970.61,336
10/15/2013 16:56:26,10/15/2013,16:56:26,0.99,6.42,60.20,970.61,311
10/15/2013 16:56:56,10/15/2013,16:56:56,1.01,6.47,60.09,970.60,352
10/15/2013 16:57:26,10/15/2013,16:57:26,1.73,6.47,60.20,970.58,316
10/15/2013 16:57:56,10/15/2013,16:57:56,1.18,6.42,60.00,970.56,306
10/15/2013 16:58:26,10/15/2013,16:58:26,0.40,6.40,60.09,970.58,311
10/15/2013 16:58:56,10/15/2013,16:58:56,0.00,6.42,60.29,970.61,305
10/15/2013 16:59:26,10/15/2013,16:59:26,0.58,6.34,60.50,970.60,311
10/15/2013 16:59:56,10/15/2013,16:59:56,1.15,6.34,60.59,970.60,315
10/15/2013 17:00:26,10/15/2013,17:00:26,1.15,6.34,60.09,970.54,317
10/15/2013 17:00:56,10/15/2013,17:00:56,0.00,6.32,60.50,970.54,305
10/15/2013 17:01:26,10/15/2013,17:01:26,1.06,6.34,60.29,970.51,310
10/15/2013 17:01:56,10/15/2013,17:01:56,0.79,6.32,60.40,970.53,317
10/15/2013 17:02:26,10/15/2013,17:02:26,1.47,6.32,60.20,970.47,300
10/15/2013 17:02:56,10/15/2013,17:02:56,0.86,6.27,60.20,970.54,323
10/15/2013 17:03:26,10/15/2013,17:03:26,0.95,6.22,60.40,970.53,320
10/15/2013 17:03:56,10/15/2013,17:03:56,0.83,6.27,60.40,970.54,333
10/15/2013 17:04:26,10/15/2013,17:04:26,1.31,6.22,60.50,970.52,304
10/15/2013 17:04:56,10/15/2013,17:04:56,0.36,6.22,60.29,970.55,304
10/15/2013 17:05:26,10/15/2013,17:05:26,0.70,6.19,60.50,970.56,313
10/15/2013 17:05:56,10/15/2013,17:05:56,1.55,6.19,60.40,970.55,312
10/15/2013 17:06:26,10/15/2013,17:06:26,0.30,6.19,60.59,970.65,306
10/15/2013 17:06:56,10/15/2013,17:06:56,0.56,6.19,60.40,970.66,309
10/15/2013 17:07:26,10/15/2013,17:07:26,1.08,6.19,60.40,970.67,299
10/15/2013 17:07:56,10/15/2013,17:07:56,1.23,6.19,60.29,970.68,328
10/15/2013 17:08:26,10/15/2013,17:08:26,0.58,6.15,60.40,970.71,335
10/15/2013 17:08:56,10/15/2013,17:08:56,0.77,6.12,60.59,970.73,318
10/15/2013 17:09:26,10/15/2013,17:09:26,1.08,6.12,60.59,970.75,317
10/15/2013 17:09:56,10/15/2013,17:09:56,0.88,6.12,60.50,970.78,300
10/15/2013 17:10:26,10/15/2013,17:10:26,1.01,6.12,60.20,970.80,316
10/15/2013 17:10:56,10/15/2013,17:10:56,0.68,6.12,60.40,970.81,294
10/15/2013 17:11:26,10/15/2013,17:11:26,0.33,6.12,60.29,970.83,336
10/15/2013 17:11:56,10/15/2013,17:11:56,0.83,6.12,60.29,970.82,303
10/15/2013 17:12:26,10/15/2013,17:12:26,0.00,6.12,60.50,970.84,297
10/15/2013 17:12:56,10/15/2013,17:12:56,0.56,6.12,60.59,970.82,342
10/15/2013 17:13:26,10/15/2013,17:13:26,1.20,6.12,60.20,970.78,325
10/15/2013 17:13:56,10/15/2013,17:13:56,0.99,6.12,60.40,970.78,330
10/15/2013 17:14:26,10/15/2013,17:14:26,0.13,6.05,60.40,970.83,328
10/15/2013 17:14:56,10/15/2013,17:14:56,0.00,6.05,60.59,970.89,318
10/15/2013 17:15:26,10/15/2013,17:15:26,0.00,6.00,60.70,970.94,323
10/15/2013 17:15:56,10/15/2013,17:15:56,0.74,6.05,60.70,970.91,305
10/15/2013 17:16:26,10/15/2013,17:16:26,0.69,6.05,60.59,970.92,292
10/15/2013 17:16:56,10/15/2013,17:16:56,0.16,6.05,60.59,970.92,292
10/15/2013 17:17:26,10/15/2013,17:17:26,0.00,6.05,60.59,970.95,313
10/15/2013 17:17:56,10/15/2013,17:17:56,0.45,5.94,60.79,970.95,331
10/15/2013 17:18:26,10/15/2013,17:18:26,0.91,5.94,60.59,970.91,339
10/15/2013 17:18:56,10/15/2013,17:18:56,0.55,5.94,60.70,970.95,302
10/15/2013 17:19:26,10/15/2013,17:19:26,0.84,5.94,60.79,970.94,308
10/15/2013 17:19:56,10/15/2013,17:19:56,0.94,5.94,60.40,970.90,296
10/15/2013 17:20:26,10/15/2013,17:20:26,0.00,5.92,60.70,970.96,300
10/15/2013 17:20:56,10/15/2013,17:20:56,0.00,5.94,60.70,970.94,325
10/15/2013 17:21:26,10/15/2013,17:21:26,0.68,5.87,60.90,970.94,326
10/15/2013 17:21:56,10/15/2013,17:21:56,1.16,5.92,60.50,970.85,290
10/15/2013 17:22:26,10/15/2013,17:22:26,0.59,5.94,60.50,970.87,319
10/15/2013 17:22:56,10/15/2013,17:22:56,0.19,5.87,60.50,970.87,345
10/15/2013 17:23:26,10/15/2013,17:23:26,0.88,5.87,61.00,970.84,295
10/15/2013 17:23:56,10/15/2013,17:23:56,0.65,5.87,60.50,970.82,287
10/15/2013 17:24:26,10/15/2013,17:24:26,0.00,5.94,60.59,970.82,307
10/15/2013 17:24:56,10/15/2013,17:24:56,1.58,6.00,60.09,970.73,330
10/15/2013 17:25:26,10/15/2013,17:25:26,1.54,6.05,60.09,970.68,320
10/15/2013 17:25:56,10/15/2013,17:25:56,0.00,5.94,60.09,970.71,321
10/15/2013 17:26:26,10/15/2013,17:26:26,0.00,5.94,60.29,970.71,313
10/15/2013 17:26:56,10/15/2013,17:26:56,1.01,6.05,59.79,970.62,345
10/15/2013 17:27:26,10/15/2013,17:27:26,1.05,6.05,60.09,970.65,301
10/15/2013 17:27:56,10/15/2013,17:27:56,2.27,6.07,59.79,970.61,293
10/15/2013 17:28:26,10/15/2013,17:28:26,0.87,6.05,60.20,970.62,305
10/15/2013 17:28:56,10/15/2013,17:28:56,1.38,6.05,60.09,970.63,304
10/15/2013 17:29:26,10/15/2013,17:29:26,2.42,6.15,59.90,970.60,313
10/15/2013 17:29:56,10/15/2013,17:29:56,1.02,6.07,59.70,970.63,317
10/15/2013 17:30:26,10/15/2013,17:30:26,1.44,6.15,59.59,970.63,317
10/15/2013 17:30:56,10/15/2013,17:30:56,0.59,6.07,60.00,970.70,310
10/15/2013 17:31:26,10/15/2013,17:31:26,1.62,6.19,59.70,970.69,317
10/15/2013 17:31:56,10/15/2013,17:31:56,0.80,6.12,59.70,970.71,310
10/15/2013 17:32:26,10/15/2013,17:32:26,1.47,6.12,60.00,970.71,335
10/15/2013 17:32:56,10/15/2013,17:32:56,1.34,6.12,60.00,970.74,329
10/15/2013 17:33:26,10/15/2013,17:33:26,0.59,6.12,60.00,970.78,283
10/15/2013 17:33:56,10/15/2013,17:33:56,1.09,6.12,60.00,970.81,298
10/15/2013 17:34:26,10/15/2013,17:34:26,0.56,6.12,60.00,970.84,317
10/15/2013 17:34:56,10/15/2013,17:34:56,1.11,6.12,59.79,970.82,307
10/15/2013 17:35:26,10/15/2013,17:35:26,0.51,6.07,60.09,970.85,329
10/15/2013 17:35:56,10/15/2013,17:35:56,0.00,6.05,60.40,970.87,281
10/15/2013 17:36:26,10/15/2013,17:36:26,0.38,6.05,60.40,970.87,313
10/15/2013 17:36:56,10/15/2013,17:36:56,0.00,6.05,60.50,970.85,306
10/15/2013 17:37:26,10/15/2013,17:37:26,0.00,6.00,60.59,970.88,277
10/15/2013 17:37:56,10/15/2013,17:37:56,0.00,6.00,60.79,970.90,325
10/15/2013 17:38:26,10/15/2013,17:38:26,0.00,5.94,60.79,970.88,313
10/15/2013 17:38:56,10/15/2013,17:38:56,1.12,6.00,60.79,970.85,317
10/15/2013 17:39:26,10/15/2013,17:39:26,0.72,6.00,60.50,970.88,297
10/15/2013 17:39:56,10/15/2013,17:39:56,0.48,5.94,60.50,970.90,327
10/15/2013 17:40:26,10/15/2013,17:40:26,0.00,5.94,60.70,970.95,292
10/15/2013 17:40:56,10/15/2013,17:40:56,0.69,5.92,60.79,970.94,304
10/15/2013 17:41:26,10/15/2013,17:41:26,0.00,5.92,60.79,970.95,293
10/15/2013 17:41:56,10/15/2013,17:41:56,0.00,5.94,60.79,970.92,281
10/15/2013 17:42:26,10/15/2013,17:42:26,0.00,5.94,61.09,970.94,276
10/15/2013 17:42:56,10/15/2013,17:42:56,0.00,5.87,61.00,970.92,247
10/15/2013 17:43:26,10/15/2013,17:43:26,0.00,5.87,61.20,970.92,243
10/15/2013 17:43:56,10/15/2013,17:43:56,0.00,5.87,61.09,970.94,276
10/15/2013 17:44:26,10/15/2013,17:44:26,1.45,5.92,60.90,970.89,359
10/15/2013 17:44:56,10/15/2013,17:44:56,0.72,5.84,61.09,970.88,300
10/15/2013 17:45:26,10/15/2013,17:45:26,0.00,5.87,61.29,970.92,290
10/15/2013 17:45:56,10/15/2013,17:45:56,0.00,5.84,61.20,970.92,286
10/15/2013 17:46:26,10/15/2013,17:46:26,0.00,5.80,61.50,970.91,235
10/15/2013 17:46:56,10/15/2013,17:46:56,0.00,5.87,61.20,970.91,273
10/15/2013 17:47:26,10/15/2013,17:47:26,0.00,5.87,61.20,970.91,262
10/15/2013 17:47:56,10/15/2013,17:47:56,0.00,5.80,61.29,970.90,314
10/15/2013 17:48:26,10/15/2013,17:48:26,0.18,5.87,61.20,970.90,296
10/15/2013 17:48:56,10/15/2013,17:48:56,0.00,5.80,61.29,970.91,296
10/15/2013 17:49:26,10/15/2013,17:49:26,0.58,5.75,61.40,970.90,291
10/15/2013 17:49:56,10/15/2013,17:49:56,0.00,5.80,61.90,970.98,345
10/15/2013 17:50:26,10/15/2013,17:50:26,0.00,5.80,61.70,970.91,305
10/15/2013 17:50:56,10/15/2013,17:50:56,0.87,5.87,61.09,970.85,300
