DateTime,Date,Time,Wind,Temperature,Humidity,Pressure,Direction
[MM/DD/YYYY hh:mm:ss],[MM/DD/YYYY],[hh:mm:ss],[m/s],[¡C],[%rH],[hPa],[¡N]
10/11/2013 16:37:49,10/11/2013,16:37:49,0.00,7.77,62.70,966.08,259
10/11/2013 16:38:19,10/11/2013,16:38:19,0.00,7.69,61.00,966.06,146
10/11/2013 16:38:49,10/11/2013,16:38:49,0.00,7.55,58.90,966.15,51
10/11/2013 16:39:19,10/11/2013,16:39:19,0.00,7.47,59.70,966.16,161
10/11/2013 16:39:49,10/11/2013,16:39:49,0.00,7.34,60.59,966.17,213
10/11/2013 16:40:19,10/11/2013,16:40:19,0.00,7.17,59.79,966.17,213
10/11/2013 16:40:49,10/11/2013,16:40:49,0.00,7.07,60.00,966.19,201
10/11/2013 16:41:19,10/11/2013,16:41:19,0.00,6.90,60.09,966.16,274
10/11/2013 16:41:49,10/11/2013,16:41:49,0.00,6.67,58.90,966.19,291
10/11/2013 16:42:19,10/11/2013,16:42:19,0.00,6.42,58.40,966.20,294
10/11/2013 16:42:49,10/11/2013,16:42:49,0.00,6.22,58.59,966.21,295
10/11/2013 16:43:19,10/11/2013,16:43:19,0.00,6.05,59.29,966.23,294
10/11/2013 16:43:49,10/11/2013,16:43:49,0.00,5.94,59.79,966.22,293
10/11/2013 16:44:19,10/11/2013,16:44:19,0.00,5.87,60.40,966.22,293
10/11/2013 16:44:49,10/11/2013,16:44:49,0.00,5.75,61.29,966.21,294
10/11/2013 16:45:19,10/11/2013,16:45:19,0.00,5.72,61.59,966.22,294
10/11/2013 16:45:49,10/11/2013,16:45:49,0.00,5.65,61.90,966.24,294
10/11/2013 16:46:19,10/11/2013,16:46:19,0.00,5.57,62.09,966.23,158
10/11/2013 16:46:49,10/11/2013,16:46:49,0.00,5.47,62.20,966.23,157
10/11/2013 16:47:19,10/11/2013,16:47:19,0.00,5.44,62.50,966.24,157
10/11/2013 16:47:49,10/11/2013,16:47:49,0.00,5.32,62.79,966.22,157
10/11/2013 16:48:19,10/11/2013,16:48:19,0.00,5.25,63.00,966.21,140
10/11/2013 16:48:49,10/11/2013,16:48:49,0.00,5.17,62.90,966.22,140
10/11/2013 16:49:19,10/11/2013,16:49:19,0.00,5.07,63.00,966.24,140
10/11/2013 16:49:49,10/11/2013,16:49:49,0.00,5.07,63.09,966.26,140
10/11/2013 16:50:19,10/11/2013,16:50:19,0.00,5.00,63.20,966.26,141
10/11/2013 16:50:49,10/11/2013,16:50:49,0.00,4.97,63.40,966.27,141
10/11/2013 16:51:19,10/11/2013,16:51:19,0.00,4.92,63.50,966.27,143
10/11/2013 16:51:49,10/11/2013,16:51:49,0.00,4.92,63.70,966.28,142
10/11/2013 16:52:19,10/11/2013,16:52:19,0.00,4.80,63.90,966.26,159
10/11/2013 16:52:49,10/11/2013,16:52:49,0.00,4.69,63.79,966.28,181
10/11/2013 16:53:19,10/11/2013,16:53:19,0.00,4.52,63.59,966.28,186
10/11/2013 16:53:49,10/11/2013,16:53:49,0.00,4.37,63.40,966.30,192
10/11/2013 16:54:19,10/11/2013,16:54:19,0.00,4.32,64.00,966.29,192
10/11/2013 16:54:49,10/11/2013,16:54:49,0.00,4.30,64.90,966.33,192
10/11/2013 16:55:19,10/11/2013,16:55:19,0.00,4.25,65.19,966.31,192
10/11/2013 16:55:49,10/11/2013,16:55:49,0.00,4.22,65.50,966.31,192
10/11/2013 16:56:19,10/11/2013,16:56:19,0.00,4.17,65.90,966.33,192
10/11/2013 16:56:49,10/11/2013,16:56:49,0.00,4.12,66.09,966.34,197
10/11/2013 16:57:19,10/11/2013,16:57:19,0.00,4.09,66.19,966.35,211
10/11/2013 16:57:49,10/11/2013,16:57:49,0.00,4.05,66.30,966.34,211
10/11/2013 16:58:19,10/11/2013,16:58:19,0.00,4.05,66.50,966.33,211
10/11/2013 16:58:49,10/11/2013,16:58:49,0.00,4.02,66.59,966.29,207
10/11/2013 16:59:19,10/11/2013,16:59:19,0.00,3.97,66.69,966.28,207
10/11/2013 16:59:49,10/11/2013,16:59:49,0.00,3.97,66.80,966.28,217
10/11/2013 17:00:19,10/11/2013,17:00:19,0.00,3.95,67.00,966.27,216
10/11/2013 17:00:49,10/11/2013,17:00:49,0.00,3.90,67.09,966.26,216
10/11/2013 17:01:19,10/11/2013,17:01:19,0.00,3.90,67.19,966.26,217
10/11/2013 17:01:49,10/11/2013,17:01:49,0.00,3.82,67.40,966.28,218
10/11/2013 17:02:19,10/11/2013,17:02:19,0.00,3.82,67.59,966.29,218
10/11/2013 17:02:49,10/11/2013,17:02:49,0.00,3.77,67.69,966.30,218
10/11/2013 17:03:19,10/11/2013,17:03:19,0.00,3.75,67.90,966.35,218
10/11/2013 17:03:49,10/11/2013,17:03:49,0.00,3.57,67.40,966.37,212
10/11/2013 17:04:19,10/11/2013,17:04:19,0.00,3.57,67.00,966.38,212
10/11/2013 17:04:49,10/11/2013,17:04:49,0.00,3.50,67.00,966.43,209
10/11/2013 17:05:19,10/11/2013,17:05:19,0.00,3.37,67.30,966.50,209
10/11/2013 17:05:49,10/11/2013,17:05:49,0.00,3.42,67.59,966.50,208
10/11/2013 17:06:19,10/11/2013,17:06:19,0.00,3.37,67.59,966.57,209
10/11/2013 17:06:49,10/11/2013,17:06:49,0.00,3.34,67.69,966.58,209
10/11/2013 17:07:19,10/11/2013,17:07:19,0.00,3.29,67.90,966.59,209
10/11/2013 17:07:49,10/11/2013,17:07:49,0.00,3.27,68.09,966.61,209
10/11/2013 17:08:19,10/11/2013,17:08:19,0.00,3.27,68.40,966.65,224
10/11/2013 17:08:49,10/11/2013,17:08:49,0.00,3.27,68.80,966.67,232
10/11/2013 17:09:19,10/11/2013,17:09:19,0.00,3.22,69.19,966.70,246
10/11/2013 17:09:49,10/11/2013,17:09:49,0.00,3.22,69.50,966.71,265
10/11/2013 17:10:19,10/11/2013,17:10:19,0.00,3.17,70.00,966.72,265
10/11/2013 17:10:49,10/11/2013,17:10:49,0.00,3.17,70.30,966.73,270
10/11/2013 17:11:19,10/11/2013,17:11:19,0.00,3.07,70.30,966.72,286
10/11/2013 17:11:49,10/11/2013,17:11:49,0.00,3.02,70.00,966.71,297
10/11/2013 17:12:19,10/11/2013,17:12:19,0.00,2.95,69.80,966.68,308
10/11/2013 17:12:49,10/11/2013,17:12:49,0.00,2.82,69.50,966.65,311
10/11/2013 17:13:19,10/11/2013,17:13:19,0.00,2.79,69.19,966.63,311
10/11/2013 17:13:49,10/11/2013,17:13:49,0.00,2.70,69.00,966.64,312
10/11/2013 17:14:19,10/11/2013,17:14:19,0.00,2.70,69.00,966.61,312
10/11/2013 17:14:49,10/11/2013,17:14:49,0.00,2.67,69.00,966.59,312
10/11/2013 17:15:19,10/11/2013,17:15:19,0.00,2.62,69.30,966.59,312
10/11/2013 17:15:49,10/11/2013,17:15:49,0.00,2.62,69.59,966.56,312
10/11/2013 17:16:19,10/11/2013,17:16:19,0.00,2.67,70.00,966.54,311
10/11/2013 17:16:49,10/11/2013,17:16:49,0.00,2.62,70.30,966.54,312
10/11/2013 17:17:19,10/11/2013,17:17:19,0.00,2.62,70.50,966.54,310
10/11/2013 17:17:49,10/11/2013,17:17:49,0.00,2.62,70.69,966.54,211
10/11/2013 17:18:19,10/11/2013,17:18:19,0.00,2.59,70.69,966.56,205
10/11/2013 17:18:49,10/11/2013,17:18:49,0.00,2.54,70.50,966.58,203
10/11/2013 17:19:19,10/11/2013,17:19:19,0.00,2.47,70.40,966.59,182
10/11/2013 17:19:49,10/11/2013,17:19:49,0.00,2.47,69.80,966.61,180
10/11/2013 17:20:19,10/11/2013,17:20:19,0.00,2.47,69.50,966.63,180
10/11/2013 17:20:49,10/11/2013,17:20:49,0.00,2.40,69.50,966.64,180
10/11/2013 17:21:19,10/11/2013,17:21:19,0.00,2.42,69.59,966.63,180
10/11/2013 17:21:49,10/11/2013,17:21:49,0.00,2.40,69.80,966.63,180
10/11/2013 17:22:19,10/11/2013,17:22:19,0.00,2.40,70.00,966.61,180
10/11/2013 17:22:49,10/11/2013,17:22:49,0.00,2.40,70.09,966.63,180
10/11/2013 17:23:19,10/11/2013,17:23:19,0.00,2.40,70.09,966.61,177
10/11/2013 17:23:49,10/11/2013,17:23:49,0.00,2.40,70.19,966.60,178
10/11/2013 17:24:19,10/11/2013,17:24:19,0.00,2.42,70.30,966.61,178
10/11/2013 17:24:49,10/11/2013,17:24:49,0.00,2.40,70.40,966.63,178
10/11/2013 17:25:19,10/11/2013,17:25:19,0.00,2.42,70.50,966.65,178
10/11/2013 17:25:49,10/11/2013,17:25:49,0.00,2.42,70.50,966.64,185
10/11/2013 17:26:19,10/11/2013,17:26:19,0.00,2.42,70.59,966.63,188
10/11/2013 17:26:49,10/11/2013,17:26:49,0.00,2.40,70.80,966.60,189
10/11/2013 17:27:19,10/11/2013,17:27:19,0.00,2.40,70.80,966.60,189
10/11/2013 17:27:49,10/11/2013,17:27:49,0.00,2.40,70.90,966.59,215
10/11/2013 17:28:19,10/11/2013,17:28:19,0.00,2.40,71.00,966.59,235
10/11/2013 17:28:49,10/11/2013,17:28:49,0.00,2.40,71.00,966.59,235
10/11/2013 17:29:19,10/11/2013,17:29:19,0.00,2.40,71.00,966.59,240
10/11/2013 17:29:49,10/11/2013,17:29:49,0.00,2.34,71.00,966.59,240
10/11/2013 17:30:19,10/11/2013,17:30:19,0.00,2.34,71.00,966.59,240
10/11/2013 17:30:49,10/11/2013,17:30:49,0.00,2.34,71.00,966.61,239
10/11/2013 17:31:19,10/11/2013,17:31:19,0.00,2.34,71.09,966.63,237
10/11/2013 17:31:49,10/11/2013,17:31:49,0.00,2.34,71.19,966.63,237
10/11/2013 17:32:19,10/11/2013,17:32:19,0.00,2.34,71.19,966.63,232
10/11/2013 17:32:49,10/11/2013,17:32:49,0.00,2.40,71.30,966.63,233
10/11/2013 17:33:19,10/11/2013,17:33:19,0.00,2.40,71.40,966.61,233
10/11/2013 17:33:49,10/11/2013,17:33:49,0.00,2.40,71.40,966.61,233
10/11/2013 17:34:19,10/11/2013,17:34:19,0.00,2.22,71.19,966.63,203
10/11/2013 17:34:49,10/11/2013,17:34:49,0.00,2.20,70.50,966.63,202
10/11/2013 17:35:19,10/11/2013,17:35:19,0.00,2.20,69.90,966.66,203
10/11/2013 17:35:49,10/11/2013,17:35:49,0.00,2.15,69.59,966.70,203
10/11/2013 17:36:19,10/11/2013,17:36:19,0.00,2.15,69.59,966.70,202
10/11/2013 17:36:49,10/11/2013,17:36:49,0.00,2.07,69.69,966.72,203
10/11/2013 17:37:19,10/11/2013,17:37:19,0.00,2.07,69.69,966.73,203
10/11/2013 17:37:49,10/11/2013,17:37:49,0.00,2.07,69.80,966.74,202
10/11/2013 17:38:19,10/11/2013,17:38:19,0.00,2.07,69.90,966.74,199
10/11/2013 17:38:49,10/11/2013,17:38:49,0.00,2.07,70.09,966.73,137
10/11/2013 17:39:19,10/11/2013,17:39:19,0.00,2.07,70.19,966.72,140
10/11/2013 17:39:49,10/11/2013,17:39:49,0.00,2.07,70.30,966.73,140
10/11/2013 17:40:19,10/11/2013,17:40:19,0.00,2.07,70.50,966.72,140
10/11/2013 17:40:49,10/11/2013,17:40:49,0.00,2.07,70.59,966.72,141
10/11/2013 17:41:19,10/11/2013,17:41:19,0.00,2.07,70.69,966.71,142
10/11/2013 17:41:49,10/11/2013,17:41:49,0.00,2.12,70.80,966.71,217
10/11/2013 17:42:19,10/11/2013,17:42:19,0.00,2.07,71.00,966.70,217
10/11/2013 17:42:49,10/11/2013,17:42:49,0.00,2.07,71.19,966.71,218
10/11/2013 17:43:19,10/11/2013,17:43:19,0.00,2.07,71.40,966.70,242
10/11/2013 17:43:49,10/11/2013,17:43:49,0.00,2.07,71.69,966.67,257
10/11/2013 17:44:19,10/11/2013,17:44:19,0.00,2.07,72.00,966.67,256
10/11/2013 17:44:49,10/11/2013,17:44:49,0.00,2.07,72.19,966.66,255
10/11/2013 17:45:19,10/11/2013,17:45:19,0.00,2.07,72.30,966.65,256
10/11/2013 17:45:49,10/11/2013,17:45:49,0.00,2.07,72.30,966.63,250
10/11/2013 17:46:19,10/11/2013,17:46:19,0.00,2.02,72.40,966.61,256
10/11/2013 17:46:49,10/11/2013,17:46:49,0.00,2.00,72.40,966.63,285
10/11/2013 17:47:19,10/11/2013,17:47:19,0.00,2.00,72.19,966.63,285
10/11/2013 17:47:49,10/11/2013,17:47:49,0.00,2.00,72.09,966.64,284
10/11/2013 17:48:19,10/11/2013,17:48:19,0.00,2.00,72.00,966.64,278
10/11/2013 17:48:49,10/11/2013,17:48:49,0.00,2.00,72.00,966.64,279
10/11/2013 17:49:19,10/11/2013,17:49:19,0.00,2.00,71.90,966.65,278
10/11/2013 17:49:49,10/11/2013,17:49:49,0.00,1.79,71.80,966.67,213
10/11/2013 17:50:19,10/11/2013,17:50:19,0.00,1.75,70.90,966.67,205
10/11/2013 17:50:49,10/11/2013,17:50:49,0.00,1.75,70.40,966.68,184
10/11/2013 17:51:19,10/11/2013,17:51:19,0.00,1.79,70.40,966.72,183
10/11/2013 17:51:49,10/11/2013,17:51:49,0.00,1.75,70.59,966.72,179
10/11/2013 17:52:19,10/11/2013,17:52:19,0.00,1.79,70.80,966.73,170
10/11/2013 17:52:49,10/11/2013,17:52:49,0.00,1.82,70.90,966.74,170
10/11/2013 17:53:19,10/11/2013,17:53:19,0.00,1.82,71.09,966.74,171
10/11/2013 17:53:49,10/11/2013,17:53:49,0.00,1.82,71.30,966.75,171
10/11/2013 17:54:19,10/11/2013,17:54:19,0.00,1.82,71.59,966.74,217
10/11/2013 17:54:49,10/11/2013,17:54:49,0.00,1.79,71.80,966.75,217
10/11/2013 17:55:19,10/11/2013,17:55:19,0.00,1.79,71.90,966.74,161
10/11/2013 17:55:49,10/11/2013,17:55:49,0.00,1.79,71.90,966.71,162
10/11/2013 17:56:19,10/11/2013,17:56:19,0.00,1.82,72.00,966.72,174
10/11/2013 17:56:49,10/11/2013,17:56:49,0.00,1.79,72.09,966.71,267
10/11/2013 17:57:19,10/11/2013,17:57:19,0.00,1.75,72.19,966.74,274
10/11/2013 17:57:49,10/11/2013,17:57:49,0.00,1.75,72.19,966.74,282
10/11/2013 17:58:19,10/11/2013,17:58:19,0.00,1.72,72.19,966.73,288
10/11/2013 17:58:49,10/11/2013,17:58:49,0.00,1.64,72.09,966.72,306
10/11/2013 17:59:19,10/11/2013,17:59:19,0.00,1.54,71.90,966.73,317
10/11/2013 17:59:49,10/11/2013,17:59:49,0.00,1.52,71.69,966.74,311
10/11/2013 18:00:19,10/11/2013,18:00:19,0.00,1.52,71.59,966.72,312
10/11/2013 18:00:49,10/11/2013,18:00:49,0.00,1.52,71.50,966.72,309
10/11/2013 18:01:19,10/11/2013,18:01:19,0.00,1.45,71.50,966.74,310
10/11/2013 18:01:49,10/11/2013,18:01:49,0.00,1.45,71.40,966.74,315
10/11/2013 18:02:19,10/11/2013,18:02:19,0.00,1.45,71.50,966.75,317
10/11/2013 18:02:49,10/11/2013,18:02:49,0.00,1.47,71.50,966.74,315
10/11/2013 18:03:19,10/11/2013,18:03:19,0.00,1.47,71.59,966.74,315
10/11/2013 18:03:49,10/11/2013,18:03:49,0.00,1.52,71.69,966.71,314
10/11/2013 18:04:19,10/11/2013,18:04:19,0.00,1.52,71.90,966.70,309
10/11/2013 18:04:49,10/11/2013,18:04:49,0.00,1.54,72.00,966.67,302
10/11/2013 18:05:19,10/11/2013,18:05:19,0.00,1.54,72.09,966.67,174
10/11/2013 18:05:49,10/11/2013,18:05:49,0.00,1.60,72.19,966.66,156
10/11/2013 18:06:19,10/11/2013,18:06:19,0.00,1.54,72.30,966.66,146
10/11/2013 18:06:49,10/11/2013,18:06:49,0.00,1.60,72.50,966.67,145
10/11/2013 18:07:19,10/11/2013,18:07:19,0.00,1.54,72.50,966.66,139
10/11/2013 18:07:49,10/11/2013,18:07:49,0.00,1.60,72.59,966.67,106
10/11/2013 18:08:19,10/11/2013,18:08:19,0.00,1.60,72.69,966.67,138
10/11/2013 18:08:49,10/11/2013,18:08:49,0.00,1.60,72.80,966.66,138
10/11/2013 18:09:19,10/11/2013,18:09:19,0.00,1.54,72.90,966.68,139
10/11/2013 18:09:49,10/11/2013,18:09:49,0.00,1.60,72.90,966.67,123
10/11/2013 18:10:19,10/11/2013,18:10:19,0.00,1.60,73.09,966.70,124
10/11/2013 18:10:49,10/11/2013,18:10:49,0.00,1.60,73.30,966.70,124
10/11/2013 18:11:19,10/11/2013,18:11:19,0.00,1.60,73.50,966.70,124
10/11/2013 18:11:49,10/11/2013,18:11:49,0.00,1.60,73.59,966.70,125
10/11/2013 18:12:19,10/11/2013,18:12:19,0.00,1.60,73.59,966.71,177
10/11/2013 18:12:49,10/11/2013,18:12:49,0.00,1.60,73.69,966.70,237
10/11/2013 18:13:19,10/11/2013,18:13:19,0.00,1.54,73.69,966.70,264
10/11/2013 18:13:49,10/11/2013,18:13:49,0.00,1.52,73.59,966.67,288
10/11/2013 18:14:19,10/11/2013,18:14:19,0.00,1.52,73.50,966.67,289
10/11/2013 18:14:49,10/11/2013,18:14:49,0.00,1.52,73.40,966.66,186
10/11/2013 18:15:19,10/11/2013,18:15:19,0.00,1.52,73.40,966.67,211
10/11/2013 18:15:49,10/11/2013,18:15:49,0.00,1.45,73.30,966.71,245
10/11/2013 18:16:19,10/11/2013,18:16:19,0.00,1.45,73.09,966.73,244
10/11/2013 18:16:49,10/11/2013,18:16:49,0.00,1.47,73.00,966.75,248
10/11/2013 18:17:19,10/11/2013,18:17:19,0.00,1.45,72.90,966.75,207
10/11/2013 18:17:49,10/11/2013,18:17:49,0.00,1.45,72.90,966.75,152
10/11/2013 18:18:19,10/11/2013,18:18:19,0.00,1.45,72.90,966.79,250
10/11/2013 18:18:49,10/11/2013,18:18:49,0.00,1.45,73.00,966.79,229
10/11/2013 18:19:19,10/11/2013,18:19:19,0.00,1.35,72.90,966.79,200
10/11/2013 18:19:49,10/11/2013,18:19:49,0.00,1.39,72.90,966.78,124
10/11/2013 18:20:19,10/11/2013,18:20:19,0.00,1.39,72.90,966.78,124
10/11/2013 18:20:49,10/11/2013,18:20:49,0.00,1.45,72.90,966.78,125
10/11/2013 18:21:19,10/11/2013,18:21:19,0.00,1.39,72.90,966.78,161
10/11/2013 18:21:49,10/11/2013,18:21:49,0.00,1.35,72.90,966.76,130
10/11/2013 18:22:19,10/11/2013,18:22:19,0.00,1.35,73.00,966.78,128
10/11/2013 18:22:49,10/11/2013,18:22:49,0.00,1.32,73.09,966.80,127
10/11/2013 18:23:19,10/11/2013,18:23:19,0.00,1.35,73.19,966.79,128
10/11/2013 18:23:49,10/11/2013,18:23:49,0.00,1.35,73.40,966.80,127
10/11/2013 18:24:19,10/11/2013,18:24:19,0.00,1.35,73.50,966.78,127
10/11/2013 18:24:49,10/11/2013,18:24:49,0.00,1.39,73.59,966.76,131
10/11/2013 18:25:19,10/11/2013,18:25:19,0.00,1.45,73.59,966.76,131
10/11/2013 18:25:49,10/11/2013,18:25:49,0.00,1.45,73.69,966.74,131
10/11/2013 18:26:19,10/11/2013,18:26:19,0.00,1.45,73.69,966.72,131
10/11/2013 18:26:49,10/11/2013,18:26:49,0.00,1.45,73.59,966.71,131
10/11/2013 18:27:19,10/11/2013,18:27:19,0.00,1.45,73.59,966.71,131
10/11/2013 18:27:49,10/11/2013,18:27:49,0.00,1.45,73.59,966.70,131
10/11/2013 18:28:19,10/11/2013,18:28:19,0.00,1.45,73.59,966.67,131
10/11/2013 18:28:49,10/11/2013,18:28:49,0.00,1.45,73.59,966.67,131
10/11/2013 18:29:19,10/11/2013,18:29:19,0.00,1.45,73.59,966.68,131
10/11/2013 18:29:49,10/11/2013,18:29:49,0.00,1.45,73.59,966.66,131
10/11/2013 18:30:19,10/11/2013,18:30:19,0.00,1.45,73.59,966.70,131
10/11/2013 18:30:49,10/11/2013,18:30:49,0.00,1.45,73.59,966.72,174
10/11/2013 18:31:19,10/11/2013,18:31:19,0.00,1.35,73.30,966.75,190
10/11/2013 18:31:49,10/11/2013,18:31:49,0.00,1.27,72.80,966.78,194
10/11/2013 18:32:19,10/11/2013,18:32:19,0.00,1.25,72.09,966.79,193
10/11/2013 18:32:49,10/11/2013,18:32:49,0.00,1.20,71.50,966.78,194
10/11/2013 18:33:19,10/11/2013,18:33:19,0.00,1.20,71.19,966.75,200
10/11/2013 18:33:49,10/11/2013,18:33:49,0.00,1.20,71.19,966.75,200
10/11/2013 18:34:19,10/11/2013,18:34:19,0.00,1.12,71.19,966.74,196
10/11/2013 18:34:49,10/11/2013,18:34:49,0.00,1.17,71.19,966.74,196
10/11/2013 18:35:19,10/11/2013,18:35:19,0.00,1.12,71.19,966.74,178
10/11/2013 18:35:49,10/11/2013,18:35:49,0.00,1.17,71.40,966.72,177
10/11/2013 18:36:19,10/11/2013,18:36:19,0.00,1.17,71.40,966.74,178
10/11/2013 18:36:49,10/11/2013,18:36:49,0.00,1.20,71.59,966.76,178
10/11/2013 18:37:19,10/11/2013,18:37:19,0.00,1.20,71.80,966.78,182
10/11/2013 18:37:49,10/11/2013,18:37:49,0.00,1.17,71.90,966.78,184
10/11/2013 18:38:19,10/11/2013,18:38:19,0.00,1.12,72.00,966.79,184
10/11/2013 18:38:49,10/11/2013,18:38:49,0.00,1.12,72.00,966.81,184
10/11/2013 18:39:19,10/11/2013,18:39:19,0.00,1.12,72.00,966.83,273
10/11/2013 18:39:49,10/11/2013,18:39:49,0.00,1.12,72.09,966.83,276
10/11/2013 18:40:19,10/11/2013,18:40:19,0.00,1.07,72.19,966.85,278
10/11/2013 18:40:49,10/11/2013,18:40:49,0.00,1.12,72.19,966.85,278
10/11/2013 18:41:19,10/11/2013,18:41:19,0.00,1.07,72.30,966.83,278
10/11/2013 18:41:49,10/11/2013,18:41:49,0.00,1.07,72.30,966.83,277
10/11/2013 18:42:19,10/11/2013,18:42:19,0.00,1.12,72.40,966.81,277
10/11/2013 18:42:49,10/11/2013,18:42:49,0.00,1.12,72.59,966.80,276
10/11/2013 18:43:19,10/11/2013,18:43:19,0.00,1.12,72.69,966.78,275
10/11/2013 18:43:49,10/11/2013,18:43:49,0.00,1.12,72.80,966.78,270
10/11/2013 18:44:19,10/11/2013,18:44:19,0.00,1.17,72.80,966.75,271
10/11/2013 18:44:49,10/11/2013,18:44:49,0.00,1.17,72.80,966.75,228
10/11/2013 18:45:19,10/11/2013,18:45:19,0.00,1.20,72.90,966.74,200
10/11/2013 18:45:49,10/11/2013,18:45:49,0.00,1.20,72.90,966.72,186
10/11/2013 18:46:19,10/11/2013,18:46:19,0.00,1.20,73.00,966.73,100
10/11/2013 18:46:49,10/11/2013,18:46:49,0.00,1.25,73.00,966.74,157
10/11/2013 18:47:19,10/11/2013,18:47:19,0.00,1.25,73.09,966.73,172
10/11/2013 18:47:49,10/11/2013,18:47:49,0.00,1.25,73.19,966.72,176
10/11/2013 18:48:19,10/11/2013,18:48:19,0.00,1.25,73.19,966.72,165
10/11/2013 18:48:49,10/11/2013,18:48:49,0.00,1.27,73.30,966.71,165
10/11/2013 18:49:19,10/11/2013,18:49:19,0.00,1.27,73.30,966.71,167
10/11/2013 18:49:49,10/11/2013,18:49:49,0.00,1.20,73.30,966.71,171
10/11/2013 18:50:19,10/11/2013,18:50:19,0.00,1.20,73.19,966.70,189
10/11/2013 18:50:49,10/11/2013,18:50:49,0.00,1.20,73.19,966.72,191
10/11/2013 18:51:19,10/11/2013,18:51:19,0.00,1.20,73.09,966.73,191
10/11/2013 18:51:49,10/11/2013,18:51:49,0.00,1.25,73.19,966.74,191
10/11/2013 18:52:19,10/11/2013,18:52:19,0.00,1.27,73.19,966.74,191
10/11/2013 18:52:49,10/11/2013,18:52:49,0.00,1.27,73.19,966.72,191
10/11/2013 18:53:19,10/11/2013,18:53:19,0.00,1.27,73.19,966.74,191
10/11/2013 18:53:49,10/11/2013,18:53:49,0.00,1.32,73.30,966.71,232
10/11/2013 18:54:19,10/11/2013,18:54:19,0.00,1.35,73.30,966.74,237
10/11/2013 18:54:49,10/11/2013,18:54:49,0.00,1.35,73.30,966.78,238
10/11/2013 18:55:19,10/11/2013,18:55:19,0.00,1.39,73.40,966.78,215
10/11/2013 18:55:49,10/11/2013,18:55:49,0.00,1.39,73.40,966.79,212
10/11/2013 18:56:19,10/11/2013,18:56:19,0.00,1.45,73.50,966.80,212
10/11/2013 18:56:49,10/11/2013,18:56:49,0.00,1.45,73.50,966.81,217
10/11/2013 18:57:19,10/11/2013,18:57:19,0.00,1.45,73.50,966.81,216
10/11/2013 18:57:49,10/11/2013,18:57:49,0.00,1.45,73.50,966.81,170
10/11/2013 18:58:19,10/11/2013,18:58:19,0.00,1.45,73.59,966.82,104
10/11/2013 18:58:49,10/11/2013,18:58:49,0.00,1.47,73.59,966.80,111
10/11/2013 18:59:19,10/11/2013,18:59:19,0.00,1.45,73.59,966.81,111
10/11/2013 18:59:49,10/11/2013,18:59:49,0.00,1.45,73.59,966.79,110
10/11/2013 19:00:19,10/11/2013,19:00:19,0.00,1.45,73.50,966.80,110
10/11/2013 19:00:49,10/11/2013,19:00:49,0.00,1.45,73.40,966.80,110
10/11/2013 19:01:19,10/11/2013,19:01:19,0.00,1.45,73.30,966.81,110
10/11/2013 19:01:49,10/11/2013,19:01:49,0.00,1.45,73.19,966.82,110
10/11/2013 19:02:19,10/11/2013,19:02:19,0.00,1.47,73.19,966.86,350
10/11/2013 19:02:49,10/11/2013,19:02:49,0.00,1.52,73.30,966.85,290
10/11/2013 19:03:19,10/11/2013,19:03:19,0.00,1.54,73.40,966.85,293
10/11/2013 19:03:49,10/11/2013,19:03:49,0.00,1.54,73.50,966.87,180
10/11/2013 19:04:19,10/11/2013,19:04:19,0.00,1.60,73.50,966.88,148
10/11/2013 19:04:49,10/11/2013,19:04:49,0.00,1.60,73.59,966.88,149
10/11/2013 19:05:19,10/11/2013,19:05:19,0.00,1.60,73.69,966.87,151
10/11/2013 19:05:49,10/11/2013,19:05:49,0.00,1.60,73.80,966.87,151
10/11/2013 19:06:19,10/11/2013,19:06:19,0.00,1.60,73.80,966.86,151
10/11/2013 19:06:49,10/11/2013,19:06:49,0.00,1.60,73.90,966.87,150
10/11/2013 19:07:19,10/11/2013,19:07:19,0.00,1.67,73.90,966.85,157
10/11/2013 19:07:49,10/11/2013,19:07:49,0.00,1.67,73.90,966.85,157
10/11/2013 19:08:19,10/11/2013,19:08:19,0.00,1.67,74.00,966.83,157
10/11/2013 19:08:49,10/11/2013,19:08:49,0.00,1.67,74.00,966.86,173
10/11/2013 19:09:19,10/11/2013,19:09:19,0.00,1.67,74.00,966.88,228
10/11/2013 19:09:49,10/11/2013,19:09:49,0.00,1.60,73.90,966.87,228
10/11/2013 19:10:19,10/11/2013,19:10:19,0.00,1.60,73.69,966.89,232
10/11/2013 19:10:49,10/11/2013,19:10:49,0.00,1.60,73.50,966.90,252
10/11/2013 19:11:19,10/11/2013,19:11:19,0.00,1.60,73.40,966.88,250
10/11/2013 19:11:49,10/11/2013,19:11:49,0.00,1.60,73.30,966.88,250
10/11/2013 19:12:19,10/11/2013,19:12:19,0.00,1.60,73.30,966.88,249
10/11/2013 19:12:49,10/11/2013,19:12:49,0.00,1.60,73.30,966.87,249
10/11/2013 19:13:19,10/11/2013,19:13:19,0.00,1.60,73.30,966.85,246
10/11/2013 19:13:49,10/11/2013,19:13:49,0.00,1.60,73.30,966.86,246
10/11/2013 19:14:19,10/11/2013,19:14:19,0.00,1.64,73.40,966.85,245
10/11/2013 19:14:49,10/11/2013,19:14:49,0.00,1.67,73.40,966.81,200
10/11/2013 19:15:19,10/11/2013,19:15:19,0.00,1.67,73.40,966.82,144
10/11/2013 19:15:49,10/11/2013,19:15:49,0.00,1.67,73.50,966.82,147
10/11/2013 19:16:19,10/11/2013,19:16:19,0.00,1.67,73.50,966.81,151
10/11/2013 19:16:49,10/11/2013,19:16:49,0.00,1.67,73.50,966.83,146
10/11/2013 19:17:19,10/11/2013,19:17:19,0.00,1.67,73.50,966.83,145
10/11/2013 19:17:49,10/11/2013,19:17:49,0.00,1.67,73.59,966.86,145
10/11/2013 19:18:19,10/11/2013,19:18:19,0.00,1.67,73.59,966.88,148
10/11/2013 19:18:49,10/11/2013,19:18:49,0.00,1.67,73.59,966.91,167
10/11/2013 19:19:19,10/11/2013,19:19:19,0.00,1.72,73.50,966.95,168
10/11/2013 19:19:49,10/11/2013,19:19:49,0.00,1.64,73.59,966.95,207
10/11/2013 19:20:19,10/11/2013,19:20:19,0.00,1.67,73.40,966.97,211
10/11/2013 19:20:49,10/11/2013,19:20:49,0.00,1.67,73.30,966.97,210
10/11/2013 19:21:19,10/11/2013,19:21:19,0.00,1.67,73.30,967.00,208
10/11/2013 19:21:49,10/11/2013,19:21:49,0.00,1.64,73.19,967.00,208
10/11/2013 19:22:19,10/11/2013,19:22:19,0.00,1.60,73.09,967.00,208
10/11/2013 19:22:49,10/11/2013,19:22:49,0.00,1.60,73.00,967.01,208
10/11/2013 19:23:19,10/11/2013,19:23:19,0.00,1.60,72.90,967.02,207
10/11/2013 19:23:49,10/11/2013,19:23:49,0.00,1.60,72.80,967.01,207
10/11/2013 19:24:19,10/11/2013,19:24:19,0.00,1.60,72.80,967.00,208
10/11/2013 19:24:49,10/11/2013,19:24:49,0.00,1.60,72.80,966.98,272
10/11/2013 19:25:19,10/11/2013,19:25:19,0.00,1.60,72.90,966.97,271
10/11/2013 19:25:49,10/11/2013,19:25:49,0.00,1.64,73.00,966.94,272
10/11/2013 19:26:19,10/11/2013,19:26:19,0.00,1.67,73.00,966.95,237
10/11/2013 19:26:49,10/11/2013,19:26:49,0.00,1.67,73.09,966.95,236
10/11/2013 19:27:19,10/11/2013,19:27:19,0.00,1.64,73.09,966.93,231
10/11/2013 19:27:49,10/11/2013,19:27:49,0.00,1.67,73.00,966.90,132
10/11/2013 19:28:19,10/11/2013,19:28:19,0.00,1.67,73.00,966.89,133
10/11/2013 19:28:49,10/11/2013,19:28:49,0.00,1.67,73.00,966.88,131
10/11/2013 19:29:19,10/11/2013,19:29:19,0.00,1.67,73.00,966.85,131
10/11/2013 19:29:49,10/11/2013,19:29:49,0.00,1.64,73.00,966.82,132
10/11/2013 19:30:19,10/11/2013,19:30:19,0.00,1.67,73.09,966.81,120
10/11/2013 19:30:49,10/11/2013,19:30:49,0.00,1.64,73.19,966.80,113
10/11/2013 19:31:19,10/11/2013,19:31:19,0.00,1.67,73.30,966.79,114
10/11/2013 19:31:49,10/11/2013,19:31:49,0.00,1.67,73.50,966.80,114
10/11/2013 19:32:19,10/11/2013,19:32:19,0.00,1.72,73.59,966.82,114
10/11/2013 19:32:49,10/11/2013,19:32:49,0.00,1.72,73.69,966.83,114
10/11/2013 19:33:19,10/11/2013,19:33:19,0.00,1.75,73.80,966.86,114
10/11/2013 19:33:49,10/11/2013,19:33:49,0.00,1.75,73.80,966.87,117
10/11/2013 19:34:19,10/11/2013,19:34:19,0.00,1.75,73.80,966.87,163
10/11/2013 19:34:49,10/11/2013,19:34:49,0.00,1.75,73.80,966.88,168
10/11/2013 19:35:19,10/11/2013,19:35:19,0.00,1.75,73.80,966.89,168
10/11/2013 19:35:49,10/11/2013,19:35:49,0.00,1.79,73.90,966.89,168
10/11/2013 19:36:19,10/11/2013,19:36:19,0.00,1.79,73.90,966.91,168
10/11/2013 19:36:49,10/11/2013,19:36:49,0.00,1.75,73.90,966.93,169
10/11/2013 19:37:19,10/11/2013,19:37:19,0.00,1.75,73.80,966.95,172
10/11/2013 19:37:49,10/11/2013,19:37:49,0.00,1.75,73.90,966.97,173
10/11/2013 19:38:19,10/11/2013,19:38:19,0.00,1.75,73.80,967.00,174
10/11/2013 19:38:49,10/11/2013,19:38:49,0.00,1.75,73.80,967.02,174
10/11/2013 19:39:19,10/11/2013,19:39:19,0.00,1.67,73.80,967.02,193
10/11/2013 19:39:49,10/11/2013,19:39:49,0.00,1.72,73.69,967.02,189
10/11/2013 19:40:19,10/11/2013,19:40:19,0.00,1.67,73.59,967.01,189
10/11/2013 19:40:49,10/11/2013,19:40:49,0.00,1.67,73.40,967.00,189
10/11/2013 19:41:19,10/11/2013,19:41:19,0.00,1.67,73.30,967.01,189
10/11/2013 19:41:49,10/11/2013,19:41:49,0.00,1.67,73.19,967.01,189
10/11/2013 19:42:19,10/11/2013,19:42:19,0.00,1.67,73.19,967.00,189
10/11/2013 19:42:49,10/11/2013,19:42:49,0.00,1.67,73.19,967.00,189
10/11/2013 19:43:19,10/11/2013,19:43:19,0.00,1.67,73.19,966.97,189
10/11/2013 19:43:49,10/11/2013,19:43:49,0.00,1.67,73.19,966.96,189
10/11/2013 19:44:19,10/11/2013,19:44:19,0.00,1.75,73.30,966.94,189
10/11/2013 19:44:49,10/11/2013,19:44:49,0.00,1.75,73.30,966.93,189
10/11/2013 19:45:19,10/11/2013,19:45:19,0.00,1.75,73.30,966.91,189
10/11/2013 19:45:49,10/11/2013,19:45:49,0.00,1.75,73.30,966.93,190
10/11/2013 19:46:19,10/11/2013,19:46:19,0.00,1.79,73.30,966.89,182
10/11/2013 19:46:49,10/11/2013,19:46:49,0.00,1.82,73.40,966.89,182
10/11/2013 19:47:19,10/11/2013,19:47:19,0.00,1.82,73.40,966.88,176
10/11/2013 19:47:49,10/11/2013,19:47:49,0.00,1.82,73.40,966.89,173
10/11/2013 19:48:19,10/11/2013,19:48:19,0.00,1.87,73.50,966.88,167
10/11/2013 19:48:49,10/11/2013,19:48:49,0.00,1.92,73.59,966.86,126
10/11/2013 19:49:19,10/11/2013,19:49:19,0.00,1.92,73.59,966.88,126
10/11/2013 19:49:49,10/11/2013,19:49:49,0.00,1.92,73.59,966.88,128
10/11/2013 19:50:19,10/11/2013,19:50:19,0.00,1.92,73.59,966.90,128
10/11/2013 19:50:49,10/11/2013,19:50:49,0.00,1.92,73.59,966.93,128
10/11/2013 19:51:19,10/11/2013,19:51:19,0.00,1.95,73.69,966.91,127
10/11/2013 19:51:49,10/11/2013,19:51:49,0.00,1.95,73.69,966.93,128
10/11/2013 19:52:19,10/11/2013,19:52:19,0.00,2.00,73.69,966.93,128
10/11/2013 19:52:49,10/11/2013,19:52:49,0.00,2.00,73.69,966.90,128
10/11/2013 19:53:19,10/11/2013,19:53:19,0.00,2.00,73.80,966.94,131
10/11/2013 19:53:49,10/11/2013,19:53:49,0.00,2.02,73.80,966.95,131
10/11/2013 19:54:19,10/11/2013,19:54:19,0.00,2.02,73.80,966.97,175
10/11/2013 19:54:49,10/11/2013,19:54:49,0.00,2.00,73.90,966.97,185
10/11/2013 19:55:19,10/11/2013,19:55:19,0.00,1.92,73.69,967.01,198
10/11/2013 19:55:49,10/11/2013,19:55:49,0.00,1.92,73.40,967.02,197
10/11/2013 19:56:19,10/11/2013,19:56:19,0.00,1.92,73.19,967.03,199
10/11/2013 19:56:49,10/11/2013,19:56:49,0.00,1.92,73.09,967.05,199
10/11/2013 19:57:19,10/11/2013,19:57:19,0.00,1.92,73.00,967.08,199
10/11/2013 19:57:49,10/11/2013,19:57:49,0.00,1.92,72.90,967.05,197
10/11/2013 19:58:19,10/11/2013,19:58:19,0.00,1.92,72.90,967.05,197
10/11/2013 19:58:49,10/11/2013,19:58:49,0.00,1.92,72.90,967.04,191
10/11/2013 19:59:19,10/11/2013,19:59:19,0.00,1.92,73.00,967.03,169
10/11/2013 19:59:49,10/11/2013,19:59:49,0.00,1.95,73.00,967.02,170
10/11/2013 20:00:19,10/11/2013,20:00:19,0.00,1.95,73.00,967.00,169
10/11/2013 20:00:49,10/11/2013,20:00:49,0.00,1.95,73.09,966.98,169
10/11/2013 20:01:19,10/11/2013,20:01:19,0.00,1.95,73.09,966.97,170
10/11/2013 20:01:49,10/11/2013,20:01:49,0.00,1.95,73.19,966.96,157
10/11/2013 20:02:19,10/11/2013,20:02:19,0.00,2.00,73.19,966.95,120
10/11/2013 20:02:49,10/11/2013,20:02:49,0.00,2.00,73.40,966.93,120
10/11/2013 20:03:19,10/11/2013,20:03:19,0.00,2.00,73.50,966.94,120
10/11/2013 20:03:49,10/11/2013,20:03:49,0.00,2.00,73.69,966.93,120
10/11/2013 20:04:19,10/11/2013,20:04:19,0.00,2.02,73.80,966.95,120
10/11/2013 20:04:49,10/11/2013,20:04:49,0.00,2.07,74.00,966.97,121
10/11/2013 20:05:19,10/11/2013,20:05:19,0.00,2.07,74.09,966.98,121
10/11/2013 20:05:49,10/11/2013,20:05:49,0.00,2.07,74.19,966.98,120
10/11/2013 20:06:19,10/11/2013,20:06:19,0.00,2.07,74.30,966.97,135
10/11/2013 20:06:49,10/11/2013,20:06:49,0.00,2.07,74.30,966.96,134
10/11/2013 20:07:19,10/11/2013,20:07:19,0.00,2.07,74.40,966.96,214
10/11/2013 20:07:49,10/11/2013,20:07:49,0.00,2.07,74.40,966.96,214
10/11/2013 20:08:19,10/11/2013,20:08:19,0.00,2.07,74.40,966.97,214
10/11/2013 20:08:49,10/11/2013,20:08:49,0.00,2.07,74.40,966.97,213
10/11/2013 20:09:19,10/11/2013,20:09:19,0.00,2.07,74.40,967.00,214
10/11/2013 20:09:49,10/11/2013,20:09:49,0.00,2.07,74.40,967.02,226
10/11/2013 20:10:19,10/11/2013,20:10:19,0.00,2.07,74.50,967.02,226
10/11/2013 20:10:49,10/11/2013,20:10:49,0.00,2.07,74.50,967.04,226
10/11/2013 20:11:19,10/11/2013,20:11:19,0.00,2.12,74.50,967.05,225
10/11/2013 20:11:49,10/11/2013,20:11:49,0.00,2.12,74.50,967.05,223
10/11/2013 20:12:19,10/11/2013,20:12:19,0.00,2.12,74.50,967.08,221
10/11/2013 20:12:49,10/11/2013,20:12:49,0.00,2.12,74.50,967.08,220
10/11/2013 20:13:19,10/11/2013,20:13:19,0.00,2.12,74.50,967.08,220
10/11/2013 20:13:49,10/11/2013,20:13:49,0.00,2.07,74.40,967.11,220
10/11/2013 20:14:19,10/11/2013,20:14:19,0.00,2.07,74.40,967.12,168
10/11/2013 20:14:49,10/11/2013,20:14:49,0.00,2.15,74.40,967.12,167
10/11/2013 20:15:19,10/11/2013,20:15:19,0.00,2.15,74.40,967.13,166
10/11/2013 20:15:49,10/11/2013,20:15:49,0.00,2.15,74.40,967.13,167
10/11/2013 20:16:19,10/11/2013,20:16:19,0.00,2.15,74.40,967.13,167
10/11/2013 20:16:49,10/11/2013,20:16:49,0.00,2.15,74.30,967.12,167
10/11/2013 20:17:19,10/11/2013,20:17:19,0.00,2.15,74.30,967.11,167
10/11/2013 20:17:49,10/11/2013,20:17:49,0.00,2.15,74.30,967.11,167
10/11/2013 20:18:19,10/11/2013,20:18:19,0.00,2.15,74.30,967.09,158
10/11/2013 20:18:49,10/11/2013,20:18:49,0.00,2.15,74.30,967.10,141
10/11/2013 20:19:19,10/11/2013,20:19:19,0.00,2.15,74.30,967.08,141
10/11/2013 20:19:49,10/11/2013,20:19:49,0.00,2.20,74.30,967.07,141
10/11/2013 20:20:19,10/11/2013,20:20:19,0.00,2.20,74.30,967.07,139
10/11/2013 20:20:49,10/11/2013,20:20:49,0.00,2.20,74.30,967.07,140
10/11/2013 20:21:19,10/11/2013,20:21:19,0.00,2.22,74.40,967.04,138
10/11/2013 20:21:49,10/11/2013,20:21:49,0.00,2.22,74.50,967.03,134
10/11/2013 20:22:19,10/11/2013,20:22:19,0.00,2.22,74.50,967.03,135
10/11/2013 20:22:49,10/11/2013,20:22:49,0.00,2.22,74.59,967.04,136
10/11/2013 20:23:19,10/11/2013,20:23:19,0.00,2.22,74.59,967.05,135
10/11/2013 20:23:49,10/11/2013,20:23:49,0.00,2.27,74.59,967.08,143
10/11/2013 20:24:19,10/11/2013,20:24:19,0.00,2.32,74.59,967.09,145
10/11/2013 20:24:49,10/11/2013,20:24:49,0.00,2.32,74.59,967.09,146
10/11/2013 20:25:19,10/11/2013,20:25:19,0.00,2.32,74.69,967.09,146
10/11/2013 20:25:49,10/11/2013,20:25:49,0.00,2.34,74.69,967.08,146
10/11/2013 20:26:19,10/11/2013,20:26:19,0.00,2.40,74.69,967.05,144
10/11/2013 20:26:49,10/11/2013,20:26:49,0.00,2.40,74.69,967.05,145
10/11/2013 20:27:19,10/11/2013,20:27:19,0.00,2.40,74.69,967.03,144
10/11/2013 20:27:49,10/11/2013,20:27:49,0.00,2.40,74.69,967.03,144
10/11/2013 20:28:19,10/11/2013,20:28:19,0.00,2.40,74.80,967.05,259
10/11/2013 20:28:49,10/11/2013,20:28:49,0.00,2.40,74.80,967.03,246
10/11/2013 20:29:19,10/11/2013,20:29:19,0.00,2.40,74.80,967.04,247
10/11/2013 20:29:49,10/11/2013,20:29:49,0.00,2.42,74.80,967.03,249
10/11/2013 20:30:19,10/11/2013,20:30:19,0.00,2.42,74.80,967.03,249
10/11/2013 20:30:49,10/11/2013,20:30:49,0.00,2.40,74.80,967.02,249
10/11/2013 20:31:19,10/11/2013,20:31:19,0.00,2.40,74.80,967.02,249
10/11/2013 20:31:49,10/11/2013,20:31:49,0.00,2.47,74.80,967.01,245
10/11/2013 20:32:19,10/11/2013,20:32:19,0.00,2.47,74.80,967.01,245
10/11/2013 20:32:49,10/11/2013,20:32:49,0.00,2.47,74.80,967.01,244
10/11/2013 20:33:19,10/11/2013,20:33:19,0.00,2.47,74.80,967.02,244
10/11/2013 20:33:49,10/11/2013,20:33:49,0.00,2.50,74.80,967.01,245
10/11/2013 20:34:19,10/11/2013,20:34:19,0.00,2.47,74.80,967.01,213
10/11/2013 20:34:49,10/11/2013,20:34:49,0.00,2.47,74.69,967.00,214
10/11/2013 20:35:19,10/11/2013,20:35:19,0.00,2.47,74.69,967.01,204
10/11/2013 20:35:49,10/11/2013,20:35:49,0.00,2.47,74.69,967.01,174
10/11/2013 20:36:19,10/11/2013,20:36:19,0.00,2.47,74.69,967.01,174
10/11/2013 20:36:49,10/11/2013,20:36:49,0.00,2.50,74.69,967.00,174
10/11/2013 20:37:19,10/11/2013,20:37:19,0.00,2.50,74.59,966.98,167
10/11/2013 20:37:49,10/11/2013,20:37:49,0.00,2.54,74.59,966.98,159
10/11/2013 20:38:19,10/11/2013,20:38:19,0.00,2.54,74.59,967.00,143
10/11/2013 20:38:49,10/11/2013,20:38:49,0.00,2.54,74.69,967.00,137
10/11/2013 20:39:19,10/11/2013,20:39:19,0.00,2.54,74.69,967.00,133
10/11/2013 20:39:49,10/11/2013,20:39:49,0.00,2.54,74.69,967.01,130
10/11/2013 20:40:19,10/11/2013,20:40:19,0.00,2.54,74.69,967.02,130
10/11/2013 20:40:49,10/11/2013,20:40:49,0.00,2.54,74.69,967.02,130
10/11/2013 20:41:19,10/11/2013,20:41:19,0.00,2.54,74.59,967.01,130
10/11/2013 20:41:49,10/11/2013,20:41:49,0.00,2.54,74.59,967.00,130
10/11/2013 20:42:19,10/11/2013,20:42:19,0.00,2.54,74.59,966.97,144
10/11/2013 20:42:49,10/11/2013,20:42:49,0.00,2.59,74.59,966.95,144
10/11/2013 20:43:19,10/11/2013,20:43:19,0.00,2.59,74.59,966.95,144
10/11/2013 20:43:49,10/11/2013,20:43:49,0.00,2.62,74.69,966.96,141
10/11/2013 20:44:19,10/11/2013,20:44:19,0.00,2.62,74.69,966.94,140
10/11/2013 20:44:49,10/11/2013,20:44:49,0.00,2.62,74.59,966.95,141
10/11/2013 20:45:19,10/11/2013,20:45:19,0.00,2.62,74.59,966.91,140
10/11/2013 20:45:49,10/11/2013,20:45:49,0.00,2.62,74.69,966.93,140
10/11/2013 20:46:19,10/11/2013,20:46:19,0.00,2.62,74.59,966.94,140
10/11/2013 20:46:49,10/11/2013,20:46:49,0.00,2.62,74.59,966.96,134
10/11/2013 20:47:19,10/11/2013,20:47:19,0.00,2.62,74.69,966.96,133
10/11/2013 20:47:49,10/11/2013,20:47:49,0.00,2.62,74.69,966.96,134
10/11/2013 20:48:19,10/11/2013,20:48:19,0.00,2.62,74.69,967.00,134
10/11/2013 20:48:49,10/11/2013,20:48:49,0.00,2.62,74.69,967.02,136
10/11/2013 20:49:19,10/11/2013,20:49:19,0.00,2.67,74.69,967.02,138
10/11/2013 20:49:49,10/11/2013,20:49:49,0.00,2.62,74.69,967.03,138
10/11/2013 20:50:19,10/11/2013,20:50:19,0.00,2.62,74.80,967.03,137
10/11/2013 20:50:49,10/11/2013,20:50:49,0.00,2.67,74.69,967.03,132
10/11/2013 20:51:19,10/11/2013,20:51:19,0.00,2.67,74.69,967.03,125
10/11/2013 20:51:49,10/11/2013,20:51:49,0.00,2.62,74.69,967.03,125
10/11/2013 20:52:19,10/11/2013,20:52:19,0.00,2.62,74.69,967.03,125
10/11/2013 20:52:49,10/11/2013,20:52:49,0.00,2.62,74.59,967.02,125
10/11/2013 20:53:19,10/11/2013,20:53:19,0.00,2.62,74.59,967.04,125
10/11/2013 20:53:49,10/11/2013,20:53:49,0.00,2.62,74.50,967.02,124
10/11/2013 20:54:19,10/11/2013,20:54:19,0.00,2.62,74.50,967.02,125
10/11/2013 20:54:49,10/11/2013,20:54:49,0.00,2.62,74.40,967.03,124
10/11/2013 20:55:19,10/11/2013,20:55:19,0.00,2.62,74.40,967.03,130
10/11/2013 20:55:49,10/11/2013,20:55:49,0.00,2.62,74.40,967.02,130
10/11/2013 20:56:19,10/11/2013,20:56:19,0.00,2.70,74.30,967.01,130
10/11/2013 20:56:49,10/11/2013,20:56:49,0.00,2.70,74.30,967.00,130
10/11/2013 20:57:19,10/11/2013,20:57:19,0.00,2.70,74.30,966.97,148
10/11/2013 20:57:49,10/11/2013,20:57:49,0.00,2.70,74.30,966.94,145
10/11/2013 20:58:19,10/11/2013,20:58:19,0.00,2.70,74.30,966.94,141
10/11/2013 20:58:49,10/11/2013,20:58:49,0.00,2.70,74.30,966.93,143
10/11/2013 20:59:19,10/11/2013,20:59:19,0.00,2.70,74.30,966.91,155
10/11/2013 20:59:49,10/11/2013,20:59:49,0.00,2.70,74.30,966.94,174
10/11/2013 21:00:19,10/11/2013,21:00:19,0.00,2.75,74.30,966.96,200
10/11/2013 21:00:49,10/11/2013,21:00:49,0.00,2.79,74.40,966.94,245
10/11/2013 21:01:19,10/11/2013,21:01:19,0.00,2.75,74.40,966.94,275
10/11/2013 21:01:49,10/11/2013,21:01:49,0.00,2.79,74.30,966.91,275
10/11/2013 21:02:19,10/11/2013,21:02:19,0.00,2.79,74.30,966.90,271
10/11/2013 21:02:49,10/11/2013,21:02:49,0.00,2.79,74.30,966.90,271
10/11/2013 21:03:19,10/11/2013,21:03:19,0.00,2.79,74.30,966.89,271
10/11/2013 21:03:49,10/11/2013,21:03:49,0.00,2.79,74.30,966.86,271
10/11/2013 21:04:19,10/11/2013,21:04:19,0.00,2.79,74.30,966.86,243
10/11/2013 21:04:49,10/11/2013,21:04:49,0.00,2.82,74.30,966.87,174
10/11/2013 21:05:19,10/11/2013,21:05:19,0.00,2.82,74.30,966.86,175
10/11/2013 21:05:49,10/11/2013,21:05:49,0.00,2.79,74.30,966.87,190
10/11/2013 21:06:19,10/11/2013,21:06:19,0.00,2.79,74.19,966.87,189
10/11/2013 21:06:49,10/11/2013,21:06:49,0.00,2.79,74.09,966.87,189
10/11/2013 21:07:19,10/11/2013,21:07:19,0.00,2.82,74.09,966.85,185
10/11/2013 21:07:49,10/11/2013,21:07:49,0.00,2.82,74.09,966.83,186
10/11/2013 21:08:19,10/11/2013,21:08:19,0.00,2.82,74.00,966.81,186
10/11/2013 21:08:49,10/11/2013,21:08:49,0.00,2.87,74.09,966.81,175
10/11/2013 21:09:19,10/11/2013,21:09:19,0.00,2.87,74.09,966.80,160
10/11/2013 21:09:49,10/11/2013,21:09:49,0.00,2.87,74.00,966.78,160
10/11/2013 21:10:19,10/11/2013,21:10:19,0.00,2.87,74.09,966.78,160
10/11/2013 21:10:49,10/11/2013,21:10:49,0.00,2.87,74.09,966.76,175
10/11/2013 21:11:19,10/11/2013,21:11:19,0.00,2.95,74.09,966.78,158
10/11/2013 21:11:49,10/11/2013,21:11:49,0.00,2.90,74.00,966.76,158
10/11/2013 21:12:19,10/11/2013,21:12:19,0.00,2.95,74.09,966.76,158
10/11/2013 21:12:49,10/11/2013,21:12:49,0.00,2.95,74.09,966.78,158
10/11/2013 21:13:19,10/11/2013,21:13:19,0.00,2.97,74.09,966.80,157
10/11/2013 21:13:49,10/11/2013,21:13:49,0.00,2.97,74.09,966.80,172
10/11/2013 21:14:19,10/11/2013,21:14:19,0.00,3.02,74.09,966.79,173
10/11/2013 21:14:49,10/11/2013,21:14:49,0.00,2.97,74.09,966.80,173
10/11/2013 21:15:19,10/11/2013,21:15:19,0.00,2.97,74.09,966.82,183
10/11/2013 21:15:49,10/11/2013,21:15:49,0.00,2.97,74.09,966.81,183
10/11/2013 21:16:19,10/11/2013,21:16:19,0.00,3.02,74.00,966.80,183
10/11/2013 21:16:49,10/11/2013,21:16:49,0.00,2.97,74.00,966.81,183
10/11/2013 21:17:19,10/11/2013,21:17:19,0.00,3.02,74.09,966.80,183
10/11/2013 21:17:49,10/11/2013,21:17:49,0.00,3.02,74.00,966.80,183
10/11/2013 21:18:19,10/11/2013,21:18:19,0.00,3.02,74.09,966.81,183
10/11/2013 21:18:49,10/11/2013,21:18:49,0.00,3.07,74.09,966.81,183
10/11/2013 21:19:19,10/11/2013,21:19:19,0.00,3.09,74.09,966.82,183
10/11/2013 21:19:49,10/11/2013,21:19:49,0.00,3.09,74.09,966.82,183
10/11/2013 21:20:19,10/11/2013,21:20:19,0.00,3.09,74.09,966.81,191
10/11/2013 21:20:49,10/11/2013,21:20:49,0.00,3.07,74.09,966.83,197
10/11/2013 21:21:19,10/11/2013,21:21:19,0.00,3.09,74.09,966.82,197
10/11/2013 21:21:49,10/11/2013,21:21:49,0.00,3.07,74.00,966.85,197
10/11/2013 21:22:19,10/11/2013,21:22:19,0.00,3.07,74.00,966.83,194
10/11/2013 21:22:49,10/11/2013,21:22:49,0.00,3.09,74.00,966.85,116
10/11/2013 21:23:19,10/11/2013,21:23:19,0.00,3.09,74.09,966.86,120
10/11/2013 21:23:49,10/11/2013,21:23:49,0.00,3.09,74.09,966.83,121
10/11/2013 21:24:19,10/11/2013,21:24:19,0.00,3.09,74.09,966.85,121
10/11/2013 21:24:49,10/11/2013,21:24:49,0.00,3.09,74.19,966.83,121
10/11/2013 21:25:19,10/11/2013,21:25:19,0.00,3.15,74.19,966.82,121
10/11/2013 21:25:49,10/11/2013,21:25:49,0.00,3.17,74.19,966.81,121
10/11/2013 21:26:19,10/11/2013,21:26:19,0.00,3.17,74.19,966.82,121
10/11/2013 21:26:49,10/11/2013,21:26:49,0.00,3.17,74.30,966.82,121
10/11/2013 21:27:19,10/11/2013,21:27:19,0.00,3.22,74.40,966.82,121
10/11/2013 21:27:49,10/11/2013,21:27:49,0.00,3.22,74.40,966.81,121
10/11/2013 21:28:19,10/11/2013,21:28:19,0.00,3.27,74.40,966.82,120
10/11/2013 21:28:49,10/11/2013,21:28:49,0.00,3.27,74.40,966.82,121
10/11/2013 21:29:19,10/11/2013,21:29:19,0.00,3.27,74.40,966.81,121
10/11/2013 21:29:49,10/11/2013,21:29:49,0.00,3.29,74.40,966.82,198
10/11/2013 21:30:19,10/11/2013,21:30:19,0.00,3.34,74.50,966.83,198
10/11/2013 21:30:49,10/11/2013,21:30:49,0.00,3.34,74.50,966.80,199
10/11/2013 21:31:19,10/11/2013,21:31:19,0.00,3.34,74.50,966.78,198
10/11/2013 21:31:49,10/11/2013,21:31:49,0.00,3.37,74.50,966.75,193
10/11/2013 21:32:19,10/11/2013,21:32:19,0.00,3.42,74.59,966.73,193
10/11/2013 21:32:49,10/11/2013,21:32:49,0.00,3.42,74.59,966.74,193
10/11/2013 21:33:19,10/11/2013,21:33:19,0.00,3.42,74.59,966.74,193
10/11/2013 21:33:49,10/11/2013,21:33:49,0.00,3.42,74.59,966.71,193
10/11/2013 21:34:19,10/11/2013,21:34:19,0.00,3.47,74.59,966.71,193
10/11/2013 21:34:49,10/11/2013,21:34:49,0.00,3.47,74.59,966.70,197
10/11/2013 21:35:19,10/11/2013,21:35:19,0.00,3.50,74.59,966.68,238
10/11/2013 21:35:49,10/11/2013,21:35:49,0.00,3.50,74.59,966.66,236
10/11/2013 21:36:19,10/11/2013,21:36:19,0.00,3.54,74.59,966.65,233
10/11/2013 21:36:49,10/11/2013,21:36:49,0.00,3.54,74.59,966.63,233
10/11/2013 21:37:19,10/11/2013,21:37:19,0.00,3.57,74.69,966.60,228
10/11/2013 21:37:49,10/11/2013,21:37:49,0.00,3.62,74.69,966.59,125
10/11/2013 21:38:19,10/11/2013,21:38:19,0.00,3.65,74.69,966.60,125
10/11/2013 21:38:49,10/11/2013,21:38:49,0.00,3.65,74.80,966.59,125
10/11/2013 21:39:19,10/11/2013,21:39:19,0.00,3.65,74.80,966.58,125
10/11/2013 21:39:49,10/11/2013,21:39:49,0.00,3.65,74.80,966.59,125
10/11/2013 21:40:19,10/11/2013,21:40:19,0.00,3.75,74.69,966.59,115
10/11/2013 21:40:49,10/11/2013,21:40:49,0.00,3.75,74.69,966.58,115
10/11/2013 21:41:19,10/11/2013,21:41:19,0.00,3.75,74.69,966.58,115
10/11/2013 21:41:49,10/11/2013,21:41:49,0.00,3.75,74.69,966.59,119
10/11/2013 21:42:19,10/11/2013,21:42:19,0.00,3.82,74.69,966.59,118
10/11/2013 21:42:49,10/11/2013,21:42:49,0.00,3.82,74.69,966.58,117
10/11/2013 21:43:19,10/11/2013,21:43:19,0.00,3.82,74.69,966.60,106
10/11/2013 21:43:49,10/11/2013,21:43:49,0.00,3.82,74.69,966.58,104
10/11/2013 21:44:19,10/11/2013,21:44:19,0.00,3.82,74.80,966.61,103
10/11/2013 21:44:49,10/11/2013,21:44:49,0.00,3.82,74.80,966.61,111
10/11/2013 21:45:19,10/11/2013,21:45:19,0.00,3.82,74.80,966.58,111
10/11/2013 21:45:49,10/11/2013,21:45:49,0.00,3.84,74.90,966.59,111
10/11/2013 21:46:19,10/11/2013,21:46:19,0.00,3.90,74.90,966.61,111
10/11/2013 21:46:49,10/11/2013,21:46:49,0.00,3.90,75.00,966.60,111
10/11/2013 21:47:19,10/11/2013,21:47:19,0.00,3.90,75.00,966.61,108
10/11/2013 21:47:49,10/11/2013,21:47:49,0.00,3.95,75.00,966.56,108
10/11/2013 21:48:19,10/11/2013,21:48:19,0.00,3.97,75.00,966.56,108
10/11/2013 21:48:49,10/11/2013,21:48:49,0.00,3.97,75.09,966.54,109
10/11/2013 21:49:19,10/11/2013,21:49:19,0.00,3.97,75.09,966.58,109
10/11/2013 21:49:49,10/11/2013,21:49:49,0.00,4.02,75.00,966.56,108
10/11/2013 21:50:19,10/11/2013,21:50:19,0.00,4.05,75.00,966.56,108
10/11/2013 21:50:49,10/11/2013,21:50:49,0.00,4.05,75.00,966.56,110
10/11/2013 21:51:19,10/11/2013,21:51:19,0.00,4.05,75.00,966.53,110
10/11/2013 21:51:49,10/11/2013,21:51:49,0.00,4.05,75.00,966.52,110
10/11/2013 21:52:19,10/11/2013,21:52:19,0.00,4.09,75.00,966.52,116
10/11/2013 21:52:49,10/11/2013,21:52:49,0.00,4.12,74.90,966.51,116
10/11/2013 21:53:19,10/11/2013,21:53:19,0.00,4.12,74.90,966.50,118
10/11/2013 21:53:49,10/11/2013,21:53:49,0.00,4.17,74.90,966.49,119
10/11/2013 21:54:19,10/11/2013,21:54:19,0.00,4.17,74.90,966.48,127
10/11/2013 21:54:49,10/11/2013,21:54:49,0.00,4.22,74.80,966.46,129
10/11/2013 21:55:19,10/11/2013,21:55:19,0.00,4.22,74.80,966.44,130
10/11/2013 21:55:49,10/11/2013,21:55:49,0.00,4.22,74.80,966.46,129
10/11/2013 21:56:19,10/11/2013,21:56:19,0.00,4.22,74.69,966.45,154
10/11/2013 21:56:49,10/11/2013,21:56:49,0.00,4.25,74.69,966.46,143
10/11/2013 21:57:19,10/11/2013,21:57:19,0.00,4.30,74.59,966.44,143
10/11/2013 21:57:49,10/11/2013,21:57:49,0.00,4.30,74.59,966.44,143
10/11/2013 21:58:19,10/11/2013,21:58:19,0.00,4.30,74.59,966.44,143
10/11/2013 21:58:49,10/11/2013,21:58:49,0.00,4.32,74.50,966.44,131
10/11/2013 21:59:19,10/11/2013,21:59:19,0.00,4.37,74.40,966.44,131
10/11/2013 21:59:49,10/11/2013,21:59:49,0.00,4.37,74.30,966.44,132
10/11/2013 22:00:19,10/11/2013,22:00:19,0.00,4.37,74.30,966.41,131
10/11/2013 22:00:49,10/11/2013,22:00:49,0.00,4.42,74.40,966.41,131
10/11/2013 22:01:19,10/11/2013,22:01:19,0.00,4.44,74.30,966.37,131
10/11/2013 22:01:49,10/11/2013,22:01:49,0.00,4.44,74.30,966.39,131
10/11/2013 22:02:19,10/11/2013,22:02:19,0.00,4.44,74.19,966.38,131
10/11/2013 22:02:49,10/11/2013,22:02:49,0.00,4.44,74.19,966.38,131
10/11/2013 22:03:19,10/11/2013,22:03:19,0.00,4.44,74.00,966.36,130
10/11/2013 22:03:49,10/11/2013,22:03:49,0.00,4.44,73.90,966.35,130
10/11/2013 22:04:19,10/11/2013,22:04:19,0.00,4.50,73.80,966.34,130
10/11/2013 22:04:49,10/11/2013,22:04:49,0.00,4.52,73.59,966.33,130
10/11/2013 22:05:19,10/11/2013,22:05:19,0.00,4.52,73.50,966.34,130
10/11/2013 22:05:49,10/11/2013,22:05:49,0.00,4.52,73.50,966.33,118
10/11/2013 22:06:19,10/11/2013,22:06:19,0.00,4.52,73.40,966.34,117
10/11/2013 22:06:49,10/11/2013,22:06:49,0.00,4.52,73.19,966.34,120
10/11/2013 22:07:19,10/11/2013,22:07:19,0.00,4.59,72.90,966.34,120
10/11/2013 22:07:49,10/11/2013,22:07:49,0.00,4.59,72.69,966.34,120
10/11/2013 22:08:19,10/11/2013,22:08:19,0.00,4.59,72.69,966.34,119
10/11/2013 22:08:49,10/11/2013,22:08:49,0.00,4.65,72.59,966.34,119
10/11/2013 22:09:19,10/11/2013,22:09:19,0.00,4.65,72.50,966.34,118
10/11/2013 22:09:49,10/11/2013,22:09:49,0.00,4.69,72.40,966.33,110
10/11/2013 22:10:19,10/11/2013,22:10:19,0.00,4.69,72.19,966.33,119
10/11/2013 22:10:49,10/11/2013,22:10:49,0.00,4.69,72.19,966.33,120
10/11/2013 22:11:19,10/11/2013,22:11:19,0.00,4.69,72.09,966.31,120
10/11/2013 22:11:49,10/11/2013,22:11:49,0.00,4.77,72.09,966.31,116
10/11/2013 22:12:19,10/11/2013,22:12:19,0.00,4.77,72.19,966.30,119
10/11/2013 22:12:49,10/11/2013,22:12:49,0.00,4.77,72.19,966.29,120
10/11/2013 22:13:19,10/11/2013,22:13:19,0.00,4.77,72.00,966.29,122
10/11/2013 22:13:49,10/11/2013,22:13:49,0.00,4.80,71.69,966.30,124
10/11/2013 22:14:19,10/11/2013,22:14:19,0.00,4.80,71.59,966.28,124
10/11/2013 22:14:49,10/11/2013,22:14:49,0.00,4.84,71.59,966.29,123
10/11/2013 22:15:19,10/11/2013,22:15:19,0.00,4.84,71.59,966.28,124
10/11/2013 22:15:49,10/11/2013,22:15:49,0.00,4.84,71.59,966.28,123
10/11/2013 22:16:19,10/11/2013,22:16:19,0.00,4.84,71.50,966.24,124
10/11/2013 22:16:49,10/11/2013,22:16:49,0.00,4.84,71.30,966.26,123
10/11/2013 22:17:19,10/11/2013,22:17:19,0.00,4.90,71.09,966.27,123
10/11/2013 22:17:49,10/11/2013,22:17:49,0.00,4.92,71.19,966.26,123
10/11/2013 22:18:19,10/11/2013,22:18:19,0.00,4.92,71.30,966.24,123
10/11/2013 22:18:49,10/11/2013,22:18:49,0.00,4.92,71.19,966.23,121
10/11/2013 22:19:19,10/11/2013,22:19:19,0.00,4.92,71.09,966.22,120
10/11/2013 22:19:49,10/11/2013,22:19:49,0.00,4.92,71.00,966.24,117
10/11/2013 22:20:19,10/11/2013,22:20:19,0.00,4.92,71.09,966.24,117
10/11/2013 22:20:49,10/11/2013,22:20:49,0.00,4.92,71.30,966.22,124
10/11/2013 22:21:19,10/11/2013,22:21:19,0.00,4.97,71.19,966.22,117
10/11/2013 22:21:49,10/11/2013,22:21:49,0.00,5.00,71.30,966.21,117
10/11/2013 22:22:19,10/11/2013,22:22:19,0.00,5.00,71.30,966.20,118
10/11/2013 22:22:49,10/11/2013,22:22:49,0.00,5.00,71.40,966.22,119
10/11/2013 22:23:19,10/11/2013,22:23:19,0.00,5.00,71.40,966.24,122
10/11/2013 22:23:49,10/11/2013,22:23:49,0.00,5.00,71.30,966.22,103
10/11/2013 22:24:19,10/11/2013,22:24:19,0.00,5.05,71.30,966.21,127
10/11/2013 22:24:49,10/11/2013,22:24:49,0.00,5.05,71.30,966.22,123
10/11/2013 22:25:19,10/11/2013,22:25:19,0.00,5.05,71.50,966.21,127
10/11/2013 22:25:49,10/11/2013,22:25:49,0.00,5.07,71.50,966.15,126
10/11/2013 22:26:19,10/11/2013,22:26:19,0.00,5.07,71.19,966.15,125
10/11/2013 22:26:49,10/11/2013,22:26:49,0.00,5.12,71.19,966.12,140
10/11/2013 22:27:19,10/11/2013,22:27:19,0.00,5.17,71.19,966.11,140
10/11/2013 22:27:49,10/11/2013,22:27:49,0.00,5.17,71.30,966.09,141
10/11/2013 22:28:19,10/11/2013,22:28:19,0.00,5.17,71.19,966.09,138
10/11/2013 22:28:49,10/11/2013,22:28:49,0.00,5.17,71.19,966.07,114
10/11/2013 22:29:19,10/11/2013,22:29:19,0.00,5.25,70.69,966.05,126
10/11/2013 22:29:49,10/11/2013,22:29:49,0.00,5.25,70.59,966.06,163
10/11/2013 22:30:19,10/11/2013,22:30:19,0.00,5.27,70.40,966.07,161
10/11/2013 22:30:49,10/11/2013,22:30:49,0.00,5.32,70.09,966.06,120
10/11/2013 22:31:19,10/11/2013,22:31:19,0.00,5.44,69.50,966.06,165
10/11/2013 22:31:49,10/11/2013,22:31:49,0.00,5.47,69.00,966.07,124
10/11/2013 22:32:19,10/11/2013,22:32:19,0.00,5.47,69.09,966.08,122
10/11/2013 22:32:49,10/11/2013,22:32:49,0.00,5.47,69.19,966.07,145
10/11/2013 22:33:19,10/11/2013,22:33:19,0.33,5.72,68.40,966.06,179
10/11/2013 22:33:49,10/11/2013,22:33:49,0.00,5.72,68.00,966.07,160
10/11/2013 22:34:19,10/11/2013,22:34:19,0.00,5.75,68.19,966.05,166
10/11/2013 22:34:49,10/11/2013,22:34:49,0.20,5.87,67.59,966.01,175
10/11/2013 22:35:19,10/11/2013,22:35:19,0.00,5.84,67.90,966.02,163
10/11/2013 22:35:49,10/11/2013,22:35:49,0.54,6.00,66.90,966.02,121
10/11/2013 22:36:19,10/11/2013,22:36:19,0.00,5.94,66.80,966.05,182
10/11/2013 22:36:49,10/11/2013,22:36:49,0.00,6.05,67.30,966.06,212
10/11/2013 22:37:19,10/11/2013,22:37:19,0.00,6.05,67.50,966.05,170
10/11/2013 22:37:49,10/11/2013,22:37:49,0.00,6.19,66.59,966.05,162
10/11/2013 22:38:19,10/11/2013,22:38:19,0.29,6.22,65.90,966.07,53
10/11/2013 22:38:49,10/11/2013,22:38:49,0.00,6.32,65.69,966.05,171
10/11/2013 22:39:19,10/11/2013,22:39:19,0.00,6.34,65.19,966.00,114
10/11/2013 22:39:49,10/11/2013,22:39:49,0.00,6.42,64.90,966.01,157
10/11/2013 22:40:19,10/11/2013,22:40:19,0.18,6.42,65.00,966.01,31
10/11/2013 22:40:49,10/11/2013,22:40:49,0.00,6.47,64.90,966.00,110
10/11/2013 22:41:19,10/11/2013,22:41:19,0.00,6.52,64.69,966.00,120
10/11/2013 22:41:49,10/11/2013,22:41:49,0.00,6.55,65.09,965.97,123
10/11/2013 22:42:19,10/11/2013,22:42:19,0.48,6.59,64.50,965.99,126
10/11/2013 22:42:49,10/11/2013,22:42:49,0.00,6.67,63.59,966.01,79
10/11/2013 22:43:19,10/11/2013,22:43:19,0.16,6.67,63.70,965.99,125
10/11/2013 22:43:49,10/11/2013,22:43:49,0.00,6.67,64.19,966.00,169
10/11/2013 22:44:19,10/11/2013,22:44:19,0.00,6.69,63.79,966.01,142
10/11/2013 22:44:49,10/11/2013,22:44:49,0.00,6.75,64.09,966.02,206
10/11/2013 22:45:19,10/11/2013,22:45:19,0.00,6.75,64.09,966.04,204
10/11/2013 22:45:49,10/11/2013,22:45:49,0.00,6.75,64.69,966.04,144
10/11/2013 22:46:19,10/11/2013,22:46:19,0.00,6.80,64.30,966.04,149
10/11/2013 22:46:49,10/11/2013,22:46:49,0.00,6.75,64.40,966.02,121
10/11/2013 22:47:19,10/11/2013,22:47:19,0.00,6.80,64.09,966.01,39
10/11/2013 22:47:49,10/11/2013,22:47:49,0.00,6.82,64.00,966.00,162
10/11/2013 22:48:19,10/11/2013,22:48:19,0.00,6.80,64.00,965.98,137
10/11/2013 22:48:49,10/11/2013,22:48:49,0.00,6.82,64.30,965.99,114
10/11/2013 22:49:19,10/11/2013,22:49:19,0.00,6.82,64.50,965.98,127
10/11/2013 22:49:49,10/11/2013,22:49:49,0.00,6.82,64.30,965.97,130
10/11/2013 22:50:19,10/11/2013,22:50:19,0.00,6.82,63.90,965.97,115
10/11/2013 22:50:49,10/11/2013,22:50:49,0.00,6.82,64.19,965.96,122
10/11/2013 22:51:19,10/11/2013,22:51:19,0.00,6.82,64.50,965.94,153
10/11/2013 22:51:49,10/11/2013,22:51:49,0.00,6.80,65.30,965.92,147
10/11/2013 22:52:19,10/11/2013,22:52:19,0.37,6.82,64.40,965.90,119
10/11/2013 22:52:49,10/11/2013,22:52:49,0.00,6.82,63.40,965.89,140
10/11/2013 22:53:19,10/11/2013,22:53:19,0.00,6.82,64.09,965.89,170
10/11/2013 22:53:49,10/11/2013,22:53:49,0.00,6.82,64.50,965.86,163
10/11/2013 22:54:19,10/11/2013,22:54:19,0.00,6.82,64.59,965.85,167
10/11/2013 22:54:49,10/11/2013,22:54:49,0.00,6.82,64.19,965.83,140
10/11/2013 22:55:19,10/11/2013,22:55:19,0.00,6.82,64.00,965.83,130
10/11/2013 22:55:49,10/11/2013,22:55:49,0.00,6.82,63.79,965.82,128
10/11/2013 22:56:19,10/11/2013,22:56:19,0.00,6.87,63.79,965.82,174
10/11/2013 22:56:49,10/11/2013,22:56:49,0.00,6.87,64.19,965.82,194
10/11/2013 22:57:19,10/11/2013,22:57:19,0.00,6.87,64.30,965.82,172
10/11/2013 22:57:49,10/11/2013,22:57:49,0.00,6.87,63.90,965.81,180
10/11/2013 22:58:19,10/11/2013,22:58:19,0.00,6.87,64.50,965.79,171
10/11/2013 22:58:49,10/11/2013,22:58:49,0.00,6.82,64.30,965.76,162
10/11/2013 22:59:19,10/11/2013,22:59:19,0.00,6.87,64.40,965.75,169
10/11/2013 22:59:49,10/11/2013,22:59:49,0.00,6.87,64.40,965.76,175
10/11/2013 23:00:19,10/11/2013,23:00:19,0.00,6.87,64.59,965.75,142
10/11/2013 23:00:49,10/11/2013,23:00:49,0.00,6.87,64.40,965.75,144
10/11/2013 23:01:19,10/11/2013,23:01:19,0.00,6.90,64.00,965.76,143
10/11/2013 23:01:49,10/11/2013,23:01:49,0.00,6.90,64.09,965.75,153
10/11/2013 23:02:19,10/11/2013,23:02:19,0.00,6.90,64.19,965.76,156
10/11/2013 23:02:49,10/11/2013,23:02:49,0.00,6.87,64.50,965.74,156
10/11/2013 23:03:19,10/11/2013,23:03:19,0.00,6.87,64.40,965.75,125
10/11/2013 23:03:49,10/11/2013,23:03:49,0.00,6.87,63.79,965.76,179
10/11/2013 23:04:19,10/11/2013,23:04:19,0.00,6.87,64.00,965.74,142
10/11/2013 23:04:49,10/11/2013,23:04:49,0.00,6.90,64.30,965.76,152
10/11/2013 23:05:19,10/11/2013,23:05:19,0.00,6.90,64.30,965.75,158
10/11/2013 23:05:49,10/11/2013,23:05:49,0.00,6.90,64.00,965.76,170
10/11/2013 23:06:19,10/11/2013,23:06:19,0.00,6.90,63.90,965.77,154
10/11/2013 23:06:49,10/11/2013,23:06:49,0.00,6.90,64.19,965.78,160
10/11/2013 23:07:19,10/11/2013,23:07:19,0.00,6.90,64.19,965.78,186
10/11/2013 23:07:49,10/11/2013,23:07:49,0.00,6.90,64.40,965.81,122
10/11/2013 23:08:19,10/11/2013,23:08:19,0.00,6.90,64.40,965.81,142
10/11/2013 23:08:49,10/11/2013,23:08:49,0.00,6.90,64.40,965.82,168
10/11/2013 23:09:19,10/11/2013,23:09:19,0.00,6.90,64.30,965.83,155
10/11/2013 23:09:49,10/11/2013,23:09:49,0.00,6.90,64.30,965.83,161
10/11/2013 23:10:19,10/11/2013,23:10:19,0.00,6.90,64.59,965.83,131
10/11/2013 23:10:49,10/11/2013,23:10:49,0.00,6.90,64.59,965.83,172
10/11/2013 23:11:19,10/11/2013,23:11:19,0.00,6.87,64.59,965.82,126
10/11/2013 23:11:49,10/11/2013,23:11:49,0.00,6.90,64.19,965.83,146
10/11/2013 23:12:19,10/11/2013,23:12:19,0.00,6.90,64.19,965.84,154
10/11/2013 23:12:49,10/11/2013,23:12:49,0.00,6.90,64.40,965.87,158
10/11/2013 23:13:19,10/11/2013,23:13:19,0.00,6.90,64.40,965.89,178
10/11/2013 23:13:49,10/11/2013,23:13:49,0.00,6.90,64.50,965.90,140
10/11/2013 23:14:19,10/11/2013,23:14:19,0.00,6.90,64.80,965.90,173
10/11/2013 23:14:49,10/11/2013,23:14:49,0.00,6.90,64.40,965.92,130
10/11/2013 23:15:19,10/11/2013,23:15:19,0.00,6.90,64.50,965.92,180
10/11/2013 23:15:49,10/11/2013,23:15:49,0.00,6.90,64.30,965.93,159
10/11/2013 23:16:19,10/11/2013,23:16:19,0.00,6.90,64.19,965.93,155
10/11/2013 23:16:49,10/11/2013,23:16:49,0.00,6.90,64.09,965.93,142
10/11/2013 23:17:19,10/11/2013,23:17:19,0.00,6.90,64.30,965.93,160
10/11/2013 23:17:49,10/11/2013,23:17:49,0.00,6.90,64.40,965.93,165
10/11/2013 23:18:19,10/11/2013,23:18:19,0.00,6.90,64.40,965.92,164
10/11/2013 23:18:49,10/11/2013,23:18:49,0.00,6.90,64.40,965.93,161
10/11/2013 23:19:19,10/11/2013,23:19:19,0.00,6.90,64.30,965.92,125
10/11/2013 23:19:49,10/11/2013,23:19:49,0.00,6.90,63.59,965.91,196
10/11/2013 23:20:19,10/11/2013,23:20:19,0.00,6.90,64.19,965.91,127
10/11/2013 23:20:49,10/11/2013,23:20:49,0.00,6.90,64.59,965.90,127
10/11/2013 23:21:19,10/11/2013,23:21:19,0.00,6.94,64.50,965.90,131
10/11/2013 23:21:49,10/11/2013,23:21:49,0.00,6.90,64.50,965.90,132
10/11/2013 23:22:19,10/11/2013,23:22:19,0.00,6.90,64.59,965.90,139
10/11/2013 23:22:49,10/11/2013,23:22:49,0.00,6.90,65.09,965.92,135
10/11/2013 23:23:19,10/11/2013,23:23:19,0.00,6.90,64.80,965.94,140
10/11/2013 23:23:49,10/11/2013,23:23:49,0.00,6.90,64.80,965.96,149
10/11/2013 23:24:19,10/11/2013,23:24:19,0.00,6.90,64.90,965.96,139
10/11/2013 23:24:49,10/11/2013,23:24:49,0.00,6.90,64.80,965.98,139
10/11/2013 23:25:19,10/11/2013,23:25:19,0.00,6.90,64.59,966.00,144
10/11/2013 23:25:49,10/11/2013,23:25:49,0.00,6.90,64.69,966.02,158
10/11/2013 23:26:19,10/11/2013,23:26:19,0.00,6.90,64.90,966.02,158
10/11/2013 23:26:49,10/11/2013,23:26:49,0.00,6.90,64.40,966.05,138
10/11/2013 23:27:19,10/11/2013,23:27:19,0.00,6.90,64.50,966.04,147
10/11/2013 23:27:49,10/11/2013,23:27:49,0.00,6.90,64.19,966.05,234
10/11/2013 23:28:19,10/11/2013,23:28:19,0.00,6.90,63.90,966.06,167
10/11/2013 23:28:49,10/11/2013,23:28:49,0.00,6.94,64.00,966.02,124
10/11/2013 23:29:19,10/11/2013,23:29:19,0.00,6.94,64.19,966.00,176
10/11/2013 23:29:49,10/11/2013,23:29:49,0.00,6.94,64.09,966.01,260
10/11/2013 23:30:19,10/11/2013,23:30:19,0.00,6.94,64.59,966.05,115
10/11/2013 23:30:49,10/11/2013,23:30:49,0.00,6.94,64.30,966.05,239
10/11/2013 23:31:19,10/11/2013,23:31:19,0.00,7.00,63.79,966.05,69
10/11/2013 23:31:49,10/11/2013,23:31:49,0.00,7.00,63.40,966.04,137
10/11/2013 23:32:19,10/11/2013,23:32:19,0.00,7.00,64.09,966.02,122
10/11/2013 23:32:49,10/11/2013,23:32:49,0.00,7.00,63.70,966.04,162
10/11/2013 23:33:19,10/11/2013,23:33:19,0.00,7.00,64.09,966.04,174
10/11/2013 23:33:49,10/11/2013,23:33:49,0.00,7.00,64.09,966.04,88
10/11/2013 23:34:19,10/11/2013,23:34:19,0.00,7.00,64.19,966.04,138
10/11/2013 23:34:49,10/11/2013,23:34:49,0.00,7.00,64.40,966.04,154
10/11/2013 23:35:19,10/11/2013,23:35:19,0.00,7.00,64.30,966.02,111
10/11/2013 23:35:49,10/11/2013,23:35:49,0.00,7.00,63.50,966.01,127
10/11/2013 23:36:19,10/11/2013,23:36:19,0.00,7.00,63.50,965.99,117
10/11/2013 23:36:49,10/11/2013,23:36:49,0.00,7.00,64.00,965.98,151
10/11/2013 23:37:19,10/11/2013,23:37:19,0.00,7.00,64.19,965.96,161
10/11/2013 23:37:49,10/11/2013,23:37:49,0.00,7.02,63.90,965.96,123
10/11/2013 23:38:19,10/11/2013,23:38:19,0.00,7.02,63.29,965.92,139
10/11/2013 23:38:49,10/11/2013,23:38:49,0.00,7.02,63.79,965.92,103
10/11/2013 23:39:19,10/11/2013,23:39:19,0.00,7.00,64.00,965.92,120
10/11/2013 23:39:49,10/11/2013,23:39:49,0.00,7.02,63.29,965.92,143
10/11/2013 23:40:19,10/11/2013,23:40:19,0.00,7.02,63.20,965.91,145
10/11/2013 23:40:49,10/11/2013,23:40:49,0.00,7.02,63.40,965.91,176
10/11/2013 23:41:19,10/11/2013,23:41:19,0.00,7.02,63.70,965.92,136
10/11/2013 23:41:49,10/11/2013,23:41:49,0.00,7.02,63.29,965.91,116
10/11/2013 23:42:19,10/11/2013,23:42:19,0.00,7.02,63.09,965.89,130
10/11/2013 23:42:49,10/11/2013,23:42:49,0.00,7.07,63.20,965.89,174
10/11/2013 23:43:19,10/11/2013,23:43:19,0.00,7.07,63.00,965.89,180
10/11/2013 23:43:49,10/11/2013,23:43:49,0.00,7.07,63.50,965.89,163
10/11/2013 23:44:19,10/11/2013,23:44:19,0.00,7.07,63.40,965.87,146
10/11/2013 23:44:49,10/11/2013,23:44:49,0.00,7.07,63.09,965.89,169
10/11/2013 23:45:19,10/11/2013,23:45:19,0.00,7.07,63.59,965.89,175
10/11/2013 23:45:49,10/11/2013,23:45:49,0.00,7.07,63.50,965.89,170
10/11/2013 23:46:19,10/11/2013,23:46:19,0.00,7.07,63.70,965.85,120
10/11/2013 23:46:49,10/11/2013,23:46:49,0.00,7.07,63.50,965.83,186
10/11/2013 23:47:19,10/11/2013,23:47:19,0.00,7.07,63.50,965.83,182
10/11/2013 23:47:49,10/11/2013,23:47:49,0.00,7.07,63.70,965.84,214
10/11/2013 23:48:19,10/11/2013,23:48:19,0.00,7.07,63.79,965.83,207
10/11/2013 23:48:49,10/11/2013,23:48:49,0.00,7.07,63.59,965.82,160
10/11/2013 23:49:19,10/11/2013,23:49:19,0.00,7.07,63.50,965.82,161
10/11/2013 23:49:49,10/11/2013,23:49:49,0.00,7.07,63.70,965.82,161
10/11/2013 23:50:19,10/11/2013,23:50:19,0.00,7.07,63.50,965.81,191
10/11/2013 23:50:49,10/11/2013,23:50:49,0.00,7.07,63.50,965.79,131
10/11/2013 23:51:19,10/11/2013,23:51:19,0.00,7.07,63.00,965.77,105
10/11/2013 23:51:49,10/11/2013,23:51:49,0.00,7.09,62.40,965.75,181
10/11/2013 23:52:19,10/11/2013,23:52:19,0.00,7.09,62.59,965.75,139
10/11/2013 23:52:49,10/11/2013,23:52:49,0.00,7.07,63.00,965.75,179
10/11/2013 23:53:19,10/11/2013,23:53:19,0.00,7.09,63.00,965.74,163
10/11/2013 23:53:49,10/11/2013,23:53:49,0.00,7.09,62.90,965.72,171
10/11/2013 23:54:19,10/11/2013,23:54:19,0.00,7.09,63.70,965.71,174
10/11/2013 23:54:49,10/11/2013,23:54:49,0.00,7.09,63.50,965.71,181
10/11/2013 23:55:19,10/11/2013,23:55:19,0.00,7.09,63.70,965.71,159
10/11/2013 23:55:49,10/11/2013,23:55:49,0.00,7.09,63.79,965.72,123
10/11/2013 23:56:19,10/11/2013,23:56:19,0.00,7.15,62.70,965.74,190
10/11/2013 23:56:49,10/11/2013,23:56:49,0.00,7.15,62.70,965.72,110
10/11/2013 23:57:19,10/11/2013,23:57:19,0.00,7.15,62.70,965.72,176
10/11/2013 23:57:49,10/11/2013,23:57:49,0.00,7.15,62.90,965.71,152
10/11/2013 23:58:19,10/11/2013,23:58:19,0.00,7.15,62.70,965.71,133
10/11/2013 23:58:49,10/11/2013,23:58:49,0.00,7.15,63.29,965.74,153
10/11/2013 23:59:19,10/11/2013,23:59:19,0.00,7.15,63.50,965.71,130
10/11/2013 23:59:49,10/11/2013,23:59:49,0.00,7.15,62.70,965.71,127
10/12/2013 00:00:19,10/12/2013,00:00:19,0.00,7.15,63.40,965.71,127
10/12/2013 00:00:49,10/12/2013,00:00:49,0.00,7.15,63.50,965.70,122
10/12/2013 00:01:19,10/12/2013,00:01:19,0.00,7.15,64.19,965.69,121
10/12/2013 00:01:49,10/12/2013,00:01:49,0.00,7.15,64.19,965.69,123
10/12/2013 00:02:19,10/12/2013,00:02:19,0.00,7.15,64.50,965.69,123
10/12/2013 00:02:49,10/12/2013,00:02:49,0.00,7.15,63.90,965.67,127
10/12/2013 00:03:19,10/12/2013,00:03:19,0.00,7.15,63.90,965.65,162
10/12/2013 00:03:49,10/12/2013,00:03:49,0.00,7.15,63.50,965.65,133
10/12/2013 00:04:19,10/12/2013,00:04:19,0.00,7.15,62.90,965.64,133
10/12/2013 00:04:49,10/12/2013,00:04:49,0.00,7.15,63.29,965.63,133
10/12/2013 00:05:19,10/12/2013,00:05:19,0.00,7.15,64.09,965.62,113
10/12/2013 00:05:49,10/12/2013,00:05:49,0.00,7.15,63.90,965.61,125
10/12/2013 00:06:19,10/12/2013,00:06:19,0.00,7.09,64.19,965.60,125
10/12/2013 00:06:49,10/12/2013,00:06:49,0.00,7.07,64.40,965.63,125
10/12/2013 00:07:19,10/12/2013,00:07:19,0.00,7.09,64.50,965.61,120
10/12/2013 00:07:49,10/12/2013,00:07:49,0.00,7.09,64.40,965.60,119
10/12/2013 00:08:19,10/12/2013,00:08:19,0.00,7.07,64.30,965.60,108
10/12/2013 00:08:49,10/12/2013,00:08:49,0.00,7.07,64.09,965.60,109
10/12/2013 00:09:19,10/12/2013,00:09:19,0.00,7.07,64.30,965.56,109
10/12/2013 00:09:49,10/12/2013,00:09:49,0.00,7.07,64.00,965.59,112
10/12/2013 00:10:19,10/12/2013,00:10:19,0.00,7.09,64.00,965.56,112
10/12/2013 00:10:49,10/12/2013,00:10:49,0.00,7.07,64.09,965.55,109
10/12/2013 00:11:19,10/12/2013,00:11:19,0.00,7.09,64.00,965.53,109
10/12/2013 00:11:49,10/12/2013,00:11:49,0.00,7.07,63.90,965.52,113
10/12/2013 00:12:19,10/12/2013,00:12:19,0.00,7.07,64.09,965.49,113
10/12/2013 00:12:49,10/12/2013,00:12:49,0.00,7.07,64.09,965.50,114
10/12/2013 00:13:19,10/12/2013,00:13:19,0.00,7.07,64.50,965.49,112
10/12/2013 00:13:49,10/12/2013,00:13:49,0.00,7.09,64.19,965.50,106
10/12/2013 00:14:19,10/12/2013,00:14:19,0.00,7.07,64.09,965.52,117
10/12/2013 00:14:49,10/12/2013,00:14:49,0.00,7.07,64.19,965.50,111
10/12/2013 00:15:19,10/12/2013,00:15:19,0.00,7.07,63.90,965.50,108
10/12/2013 00:15:49,10/12/2013,00:15:49,0.00,7.09,64.19,965.52,113
10/12/2013 00:16:19,10/12/2013,00:16:19,0.00,7.09,64.00,965.52,111
10/12/2013 00:16:49,10/12/2013,00:16:49,0.00,7.09,64.09,965.50,110
10/12/2013 00:17:19,10/12/2013,00:17:19,0.00,7.09,63.70,965.49,110
10/12/2013 00:17:49,10/12/2013,00:17:49,0.00,7.15,63.79,965.48,110
10/12/2013 00:18:19,10/12/2013,00:18:19,0.00,7.15,63.59,965.49,111
10/12/2013 00:18:49,10/12/2013,00:18:49,0.00,7.15,63.79,965.52,114
10/12/2013 00:19:19,10/12/2013,00:19:19,0.00,7.15,64.50,965.50,116
10/12/2013 00:19:49,10/12/2013,00:19:49,0.00,7.15,64.09,965.50,113
10/12/2013 00:20:19,10/12/2013,00:20:19,0.00,7.09,64.09,965.52,113
10/12/2013 00:20:49,10/12/2013,00:20:49,0.00,7.09,64.00,965.52,112
10/12/2013 00:21:19,10/12/2013,00:21:19,0.00,7.09,64.30,965.53,114
10/12/2013 00:21:49,10/12/2013,00:21:49,0.00,7.15,64.19,965.52,108
10/12/2013 00:22:19,10/12/2013,00:22:19,0.00,7.15,64.19,965.50,112
10/12/2013 00:22:49,10/12/2013,00:22:49,0.00,7.15,64.69,965.53,113
10/12/2013 00:23:19,10/12/2013,00:23:19,0.00,7.15,64.69,965.53,113
10/12/2013 00:23:49,10/12/2013,00:23:49,0.00,7.15,64.40,965.53,109
10/12/2013 00:24:19,10/12/2013,00:24:19,0.00,7.15,64.00,965.53,109
10/12/2013 00:24:49,10/12/2013,00:24:49,0.00,7.15,64.19,965.54,107
10/12/2013 00:25:19,10/12/2013,00:25:19,0.00,7.15,64.00,965.53,84
10/12/2013 00:25:49,10/12/2013,00:25:49,0.00,7.15,64.19,965.52,108
10/12/2013 00:26:19,10/12/2013,00:26:19,0.00,7.15,64.50,965.53,108
10/12/2013 00:26:49,10/12/2013,00:26:49,0.00,7.15,64.40,965.50,107
10/12/2013 00:27:19,10/12/2013,00:27:19,0.00,7.15,64.69,965.52,101
10/12/2013 00:27:49,10/12/2013,00:27:49,0.00,7.17,64.09,965.52,114
10/12/2013 00:28:19,10/12/2013,00:28:19,0.00,7.17,64.09,965.52,111
10/12/2013 00:28:49,10/12/2013,00:28:49,0.00,7.17,64.19,965.53,112
10/12/2013 00:29:19,10/12/2013,00:29:19,0.00,7.22,64.40,965.53,115
10/12/2013 00:29:49,10/12/2013,00:29:49,0.00,7.22,64.40,965.53,111
10/12/2013 00:30:19,10/12/2013,00:30:19,0.00,7.22,64.00,965.52,109
10/12/2013 00:30:49,10/12/2013,00:30:49,0.00,7.22,64.09,965.52,102
10/12/2013 00:31:19,10/12/2013,00:31:19,0.00,7.22,64.40,965.52,109
10/12/2013 00:31:49,10/12/2013,00:31:49,0.00,7.22,64.40,965.52,111
10/12/2013 00:32:19,10/12/2013,00:32:19,0.00,7.22,64.09,965.52,108
10/12/2013 00:32:49,10/12/2013,00:32:49,0.00,7.22,64.30,965.50,96
10/12/2013 00:33:19,10/12/2013,00:33:19,0.00,7.22,64.59,965.53,109
10/12/2013 00:33:49,10/12/2013,00:33:49,0.00,7.22,64.40,965.53,106
10/12/2013 00:34:19,10/12/2013,00:34:19,0.00,7.22,64.30,965.53,108
10/12/2013 00:34:49,10/12/2013,00:34:49,0.00,7.22,64.00,965.53,109
10/12/2013 00:35:19,10/12/2013,00:35:19,0.00,7.22,64.19,965.53,105
10/12/2013 00:35:49,10/12/2013,00:35:49,0.00,7.22,64.30,965.53,109
10/12/2013 00:36:19,10/12/2013,00:36:19,0.00,7.22,64.40,965.52,104
10/12/2013 00:36:49,10/12/2013,00:36:49,0.00,7.22,64.50,965.53,104
10/12/2013 00:37:19,10/12/2013,00:37:19,0.00,7.27,64.50,965.52,103
10/12/2013 00:37:49,10/12/2013,00:37:49,0.00,7.27,64.50,965.55,109
10/12/2013 00:38:19,10/12/2013,00:38:19,0.00,7.27,64.30,965.53,96
10/12/2013 00:38:49,10/12/2013,00:38:49,0.00,7.30,64.59,965.50,102
10/12/2013 00:39:19,10/12/2013,00:39:19,0.00,7.30,64.59,965.53,112
10/12/2013 00:39:49,10/12/2013,00:39:49,0.00,7.30,64.30,965.54,104
10/12/2013 00:40:19,10/12/2013,00:40:19,0.00,7.30,64.30,965.53,108
10/12/2013 00:40:49,10/12/2013,00:40:49,0.00,7.30,64.30,965.55,114
10/12/2013 00:41:19,10/12/2013,00:41:19,0.00,7.30,64.59,965.56,114
10/12/2013 00:41:49,10/12/2013,00:41:49,0.00,7.30,64.69,965.55,109
10/12/2013 00:42:19,10/12/2013,00:42:19,0.00,7.34,64.40,965.54,111
10/12/2013 00:42:49,10/12/2013,00:42:49,0.00,7.34,64.69,965.55,113
10/12/2013 00:43:19,10/12/2013,00:43:19,0.00,7.34,64.59,965.54,111
10/12/2013 00:43:49,10/12/2013,00:43:49,0.00,7.34,64.40,965.53,110
10/12/2013 00:44:19,10/12/2013,00:44:19,0.00,7.34,64.50,965.49,110
10/12/2013 00:44:49,10/12/2013,00:44:49,0.00,7.34,64.69,965.49,111
10/12/2013 00:45:19,10/12/2013,00:45:19,0.00,7.34,64.69,965.48,104
10/12/2013 00:45:49,10/12/2013,00:45:49,0.00,7.37,64.50,965.47,109
10/12/2013 00:46:19,10/12/2013,00:46:19,0.00,7.37,64.40,965.47,107
10/12/2013 00:46:49,10/12/2013,00:46:49,0.00,7.37,64.50,965.47,111
10/12/2013 00:47:19,10/12/2013,00:47:19,0.00,7.37,64.19,965.47,114
10/12/2013 00:47:49,10/12/2013,00:47:49,0.00,7.37,64.40,965.44,110
10/12/2013 00:48:19,10/12/2013,00:48:19,0.00,7.42,64.59,965.46,109
10/12/2013 00:48:49,10/12/2013,00:48:49,0.00,7.42,64.59,965.45,115
10/12/2013 00:49:19,10/12/2013,00:49:19,0.00,7.42,64.50,965.44,113
10/12/2013 00:49:49,10/12/2013,00:49:49,0.00,7.47,64.09,965.41,111
10/12/2013 00:50:19,10/12/2013,00:50:19,0.00,7.47,64.09,965.42,112
10/12/2013 00:50:49,10/12/2013,00:50:49,0.00,7.47,64.09,965.44,118
10/12/2013 00:51:19,10/12/2013,00:51:19,0.00,7.42,64.09,965.42,112
10/12/2013 00:51:49,10/12/2013,00:51:49,0.00,7.47,64.19,965.39,112
10/12/2013 00:52:19,10/12/2013,00:52:19,0.00,7.47,64.19,965.39,111
10/12/2013 00:52:49,10/12/2013,00:52:49,0.00,7.47,64.19,965.38,115
10/12/2013 00:53:19,10/12/2013,00:53:19,0.00,7.47,64.59,965.39,117
10/12/2013 00:53:49,10/12/2013,00:53:49,0.00,7.47,64.80,965.35,111
10/12/2013 00:54:19,10/12/2013,00:54:19,0.00,7.47,64.50,965.34,113
10/12/2013 00:54:49,10/12/2013,00:54:49,0.00,7.47,64.30,965.33,114
10/12/2013 00:55:19,10/12/2013,00:55:19,0.00,7.47,64.00,965.33,114
10/12/2013 00:55:49,10/12/2013,00:55:49,0.00,7.47,63.70,965.33,110
10/12/2013 00:56:19,10/12/2013,00:56:19,0.00,7.50,63.50,965.33,110
10/12/2013 00:56:49,10/12/2013,00:56:49,0.00,7.55,64.09,965.32,119
10/12/2013 00:57:19,10/12/2013,00:57:19,0.00,7.50,64.50,965.33,123
10/12/2013 00:57:49,10/12/2013,00:57:49,0.00,7.55,64.59,965.31,122
10/12/2013 00:58:19,10/12/2013,00:58:19,0.00,7.50,64.50,965.30,116
10/12/2013 00:58:49,10/12/2013,00:58:49,0.00,7.50,64.59,965.29,114
10/12/2013 00:59:19,10/12/2013,00:59:19,0.00,7.55,64.00,965.27,116
10/12/2013 00:59:49,10/12/2013,00:59:49,0.00,7.55,64.09,965.29,111
10/12/2013 01:00:19,10/12/2013,01:00:19,0.00,7.55,64.09,965.26,90
10/12/2013 01:00:49,10/12/2013,01:00:49,0.00,7.55,64.40,965.24,93
10/12/2013 01:01:19,10/12/2013,01:01:19,0.00,7.55,64.50,965.22,116
10/12/2013 01:01:49,10/12/2013,01:01:49,0.00,7.55,64.09,965.18,87
10/12/2013 01:02:19,10/12/2013,01:02:19,0.00,7.55,64.30,965.22,110
10/12/2013 01:02:49,10/12/2013,01:02:49,0.00,7.55,64.40,965.19,114
10/12/2013 01:03:19,10/12/2013,01:03:19,0.00,7.55,64.69,965.18,97
10/12/2013 01:03:49,10/12/2013,01:03:49,0.00,7.57,64.50,965.16,77
10/12/2013 01:04:19,10/12/2013,01:04:19,0.00,7.55,64.09,965.15,77
10/12/2013 01:04:49,10/12/2013,01:04:49,0.00,7.55,64.40,965.17,112
10/12/2013 01:05:19,10/12/2013,01:05:19,0.00,7.57,64.50,965.18,91
10/12/2013 01:05:49,10/12/2013,01:05:49,0.00,7.55,64.69,965.16,83
10/12/2013 01:06:19,10/12/2013,01:06:19,0.00,7.55,64.30,965.16,77
10/12/2013 01:06:49,10/12/2013,01:06:49,0.00,7.57,64.00,965.16,78
10/12/2013 01:07:19,10/12/2013,01:07:19,0.00,7.57,64.50,965.16,102
10/12/2013 01:07:49,10/12/2013,01:07:49,0.00,7.57,64.19,965.12,80
10/12/2013 01:08:19,10/12/2013,01:08:19,0.00,7.57,64.30,965.11,85
10/12/2013 01:08:49,10/12/2013,01:08:49,0.00,7.62,64.69,965.14,129
10/12/2013 01:09:19,10/12/2013,01:09:19,0.00,7.62,64.90,965.14,121
10/12/2013 01:09:49,10/12/2013,01:09:49,0.00,7.62,65.00,965.10,114
10/12/2013 01:10:19,10/12/2013,01:10:19,0.00,7.62,64.59,965.10,122
10/12/2013 01:10:49,10/12/2013,01:10:49,0.00,7.62,65.00,965.10,120
10/12/2013 01:11:19,10/12/2013,01:11:19,0.00,7.62,65.69,965.07,101
10/12/2013 01:11:49,10/12/2013,01:11:49,0.00,7.57,65.69,965.07,120
10/12/2013 01:12:19,10/12/2013,01:12:19,0.00,7.62,65.59,965.07,120
10/12/2013 01:12:49,10/12/2013,01:12:49,0.00,7.62,65.69,965.07,119
10/12/2013 01:13:19,10/12/2013,01:13:19,0.00,7.62,65.69,965.05,295
10/12/2013 01:13:49,10/12/2013,01:13:49,0.00,7.62,65.90,965.04,334
10/12/2013 01:14:19,10/12/2013,01:14:19,0.00,7.62,65.90,965.04,103
10/12/2013 01:14:49,10/12/2013,01:14:49,0.00,7.62,65.80,965.02,99
10/12/2013 01:15:19,10/12/2013,01:15:19,0.00,7.62,65.30,965.04,128
10/12/2013 01:15:49,10/12/2013,01:15:49,0.00,7.62,65.30,965.04,128
10/12/2013 01:16:19,10/12/2013,01:16:19,0.00,7.62,65.40,965.03,128
10/12/2013 01:16:49,10/12/2013,01:16:49,0.00,7.62,65.59,965.02,215
10/12/2013 01:17:19,10/12/2013,01:17:19,0.00,7.62,65.69,965.02,91
10/12/2013 01:17:49,10/12/2013,01:17:49,0.00,7.62,65.80,965.00,91
10/12/2013 01:18:19,10/12/2013,01:18:19,0.00,7.62,65.30,965.00,97
10/12/2013 01:18:49,10/12/2013,01:18:49,0.00,7.65,64.69,965.03,103
10/12/2013 01:19:19,10/12/2013,01:19:19,0.00,7.69,63.70,965.02,127
10/12/2013 01:19:49,10/12/2013,01:19:49,0.00,7.77,63.59,965.02,166
10/12/2013 01:20:19,10/12/2013,01:20:19,0.00,7.75,63.90,965.02,121
10/12/2013 01:20:49,10/12/2013,01:20:49,0.00,7.77,64.00,965.01,127
10/12/2013 01:21:19,10/12/2013,01:21:19,0.00,7.77,64.30,965.01,152
10/12/2013 01:21:49,10/12/2013,01:21:49,0.00,7.77,64.40,965.00,148
10/12/2013 01:22:19,10/12/2013,01:22:19,0.00,7.82,63.70,964.98,133
10/12/2013 01:22:49,10/12/2013,01:22:49,0.00,7.84,63.20,964.96,158
10/12/2013 01:23:19,10/12/2013,01:23:19,0.00,7.84,63.29,964.98,103
10/12/2013 01:23:49,10/12/2013,01:23:49,0.00,7.90,64.00,964.98,106
10/12/2013 01:24:19,10/12/2013,01:24:19,0.00,7.90,64.09,964.98,106
10/12/2013 01:24:49,10/12/2013,01:24:49,0.00,7.90,64.09,964.97,104
10/12/2013 01:25:19,10/12/2013,01:25:19,0.00,7.90,64.09,965.00,105
10/12/2013 01:25:49,10/12/2013,01:25:49,0.00,7.92,64.09,964.96,207
10/12/2013 01:26:19,10/12/2013,01:26:19,0.00,7.92,63.90,964.95,285
10/12/2013 01:26:49,10/12/2013,01:26:49,0.00,7.97,63.20,964.96,74
10/12/2013 01:27:19,10/12/2013,01:27:19,0.00,7.92,64.40,964.92,119
10/12/2013 01:27:49,10/12/2013,01:27:49,0.00,7.97,64.59,964.94,119
10/12/2013 01:28:19,10/12/2013,01:28:19,0.00,8.02,64.59,964.94,207
10/12/2013 01:28:49,10/12/2013,01:28:49,0.00,8.02,63.79,964.95,186
10/12/2013 01:29:19,10/12/2013,01:29:19,0.00,8.02,63.79,964.94,224
10/12/2013 01:29:49,10/12/2013,01:29:49,0.00,8.02,63.70,964.94,77
10/12/2013 01:30:19,10/12/2013,01:30:19,0.00,8.10,64.00,964.96,219
10/12/2013 01:30:49,10/12/2013,01:30:49,0.00,8.12,62.90,964.95,220
10/12/2013 01:31:19,10/12/2013,01:31:19,0.00,8.17,62.40,964.98,203
10/12/2013 01:31:49,10/12/2013,01:31:49,0.00,8.17,63.09,964.97,132
10/12/2013 01:32:19,10/12/2013,01:32:19,0.00,8.17,63.50,964.97,114
10/12/2013 01:32:49,10/12/2013,01:32:49,0.00,8.22,64.09,964.97,83
10/12/2013 01:33:19,10/12/2013,01:33:19,0.00,8.32,62.20,964.97,141
10/12/2013 01:33:49,10/12/2013,01:33:49,0.00,8.32,62.29,964.96,81
10/12/2013 01:34:19,10/12/2013,01:34:19,0.00,8.32,62.40,964.93,112
10/12/2013 01:34:49,10/12/2013,01:34:49,0.00,8.30,62.79,964.93,157
10/12/2013 01:35:19,10/12/2013,01:35:19,0.00,8.25,63.59,964.93,156
10/12/2013 01:35:49,10/12/2013,01:35:49,0.00,8.25,63.90,964.92,156
10/12/2013 01:36:19,10/12/2013,01:36:19,0.00,8.25,63.79,964.90,156
10/12/2013 01:36:49,10/12/2013,01:36:49,0.00,8.30,63.90,964.88,156
10/12/2013 01:37:19,10/12/2013,01:37:19,0.00,8.30,64.09,964.90,156
10/12/2013 01:37:49,10/12/2013,01:37:49,0.00,8.25,64.00,964.93,157
10/12/2013 01:38:19,10/12/2013,01:38:19,0.00,8.25,64.00,964.90,241
10/12/2013 01:38:49,10/12/2013,01:38:49,0.00,8.30,64.50,964.90,208
10/12/2013 01:39:19,10/12/2013,01:39:19,0.00,8.32,63.90,964.92,210
10/12/2013 01:39:49,10/12/2013,01:39:49,0.00,8.30,64.50,964.92,157
10/12/2013 01:40:19,10/12/2013,01:40:19,0.00,8.25,65.09,964.92,157
10/12/2013 01:40:49,10/12/2013,01:40:49,0.00,8.25,65.59,964.94,157
10/12/2013 01:41:19,10/12/2013,01:41:19,0.00,8.25,65.90,964.95,89
10/12/2013 01:41:49,10/12/2013,01:41:49,0.00,8.25,65.90,964.95,273
10/12/2013 01:42:19,10/12/2013,01:42:19,0.00,8.22,66.50,964.97,103
10/12/2013 01:42:49,10/12/2013,01:42:49,0.00,8.25,66.00,964.98,212
10/12/2013 01:43:19,10/12/2013,01:43:19,0.73,8.32,64.69,964.98,194
10/12/2013 01:43:49,10/12/2013,01:43:49,0.68,8.32,64.50,964.97,180
10/12/2013 01:44:19,10/12/2013,01:44:19,0.00,8.25,65.09,965.00,102
10/12/2013 01:44:49,10/12/2013,01:44:49,0.00,8.25,65.80,964.98,102
10/12/2013 01:45:19,10/12/2013,01:45:19,0.00,8.25,66.30,965.00,101
10/12/2013 01:45:49,10/12/2013,01:45:49,0.00,8.25,67.09,965.00,118
10/12/2013 01:46:19,10/12/2013,01:46:19,0.00,8.17,67.59,965.00,128
10/12/2013 01:46:49,10/12/2013,01:46:49,0.00,8.17,67.90,965.00,205
10/12/2013 01:47:19,10/12/2013,01:47:19,0.00,8.17,67.90,965.02,128
10/12/2013 01:47:49,10/12/2013,01:47:49,0.00,8.17,66.90,965.02,96
10/12/2013 01:48:19,10/12/2013,01:48:19,0.00,8.17,66.40,965.00,180
10/12/2013 01:48:49,10/12/2013,01:48:49,0.00,8.22,65.90,965.01,198
10/12/2013 01:49:19,10/12/2013,01:49:19,0.00,8.17,65.80,965.01,179
10/12/2013 01:49:49,10/12/2013,01:49:49,0.00,8.17,66.40,965.04,233
10/12/2013 01:50:19,10/12/2013,01:50:19,0.00,8.17,66.40,965.04,188
10/12/2013 01:50:49,10/12/2013,01:50:49,0.00,8.22,65.50,965.02,157
10/12/2013 01:51:19,10/12/2013,01:51:19,0.00,8.22,66.00,965.03,158
10/12/2013 01:51:49,10/12/2013,01:51:49,0.00,8.17,66.90,965.03,143
10/12/2013 01:52:19,10/12/2013,01:52:19,0.00,8.17,66.59,965.03,90
10/12/2013 01:52:49,10/12/2013,01:52:49,0.00,8.17,67.19,965.02,221
10/12/2013 01:53:19,10/12/2013,01:53:19,0.22,8.25,65.09,965.00,159
10/12/2013 01:53:49,10/12/2013,01:53:49,0.30,8.25,65.50,965.02,49
10/12/2013 01:54:19,10/12/2013,01:54:19,0.00,8.25,65.80,965.02,223
10/12/2013 01:54:49,10/12/2013,01:54:49,0.00,8.25,66.80,965.00,191
10/12/2013 01:55:19,10/12/2013,01:55:19,0.00,8.22,67.09,965.02,172
10/12/2013 01:55:49,10/12/2013,01:55:49,0.00,8.17,67.40,965.02,173
10/12/2013 01:56:19,10/12/2013,01:56:19,0.00,8.17,67.59,965.02,173
10/12/2013 01:56:49,10/12/2013,01:56:49,0.06,8.17,67.80,965.03,169
10/12/2013 01:57:19,10/12/2013,01:57:19,0.00,8.22,66.30,965.02,76
10/12/2013 01:57:49,10/12/2013,01:57:49,0.00,8.17,66.69,965.05,134
10/12/2013 01:58:19,10/12/2013,01:58:19,0.69,8.25,66.19,965.02,170
10/12/2013 01:58:49,10/12/2013,01:58:49,0.00,8.22,65.90,965.03,245
10/12/2013 01:59:19,10/12/2013,01:59:19,0.00,8.17,67.19,965.05,176
10/12/2013 01:59:49,10/12/2013,01:59:49,0.00,8.22,66.80,965.05,229
10/12/2013 02:00:19,10/12/2013,02:00:19,0.00,8.17,67.30,965.04,111
10/12/2013 02:00:49,10/12/2013,02:00:49,0.00,8.17,67.80,965.03,124
10/12/2013 02:01:19,10/12/2013,02:01:19,0.00,8.17,68.00,965.03,169
10/12/2013 02:01:49,10/12/2013,02:01:49,0.00,8.12,68.09,965.04,212
10/12/2013 02:02:19,10/12/2013,02:02:19,0.00,8.17,68.09,965.07,191
10/12/2013 02:02:49,10/12/2013,02:02:49,0.00,8.12,68.19,965.07,211
10/12/2013 02:03:19,10/12/2013,02:03:19,0.00,8.10,68.00,965.05,216
10/12/2013 02:03:49,10/12/2013,02:03:49,0.00,8.17,67.50,965.04,217
10/12/2013 02:04:19,10/12/2013,02:04:19,0.00,8.12,67.59,965.04,133
10/12/2013 02:04:49,10/12/2013,02:04:49,0.00,8.10,67.69,965.04,168
10/12/2013 02:05:19,10/12/2013,02:05:19,0.00,8.10,68.09,965.02,214
10/12/2013 02:05:49,10/12/2013,02:05:49,0.00,8.10,68.09,965.01,200
10/12/2013 02:06:19,10/12/2013,02:06:19,0.00,8.10,67.40,964.97,152
10/12/2013 02:06:49,10/12/2013,02:06:49,0.00,8.10,68.19,964.97,116
10/12/2013 02:07:19,10/12/2013,02:07:19,0.00,8.05,68.90,964.95,98
10/12/2013 02:07:49,10/12/2013,02:07:49,0.00,8.02,69.40,964.96,129
10/12/2013 02:08:19,10/12/2013,02:08:19,0.00,8.02,69.19,964.94,190
10/12/2013 02:08:49,10/12/2013,02:08:49,0.00,8.02,68.90,964.93,120
10/12/2013 02:09:19,10/12/2013,02:09:19,0.00,8.02,69.09,964.92,165
10/12/2013 02:09:49,10/12/2013,02:09:49,0.00,8.02,69.09,964.90,173
10/12/2013 02:10:19,10/12/2013,02:10:19,0.00,7.97,69.30,964.92,191
10/12/2013 02:10:49,10/12/2013,02:10:49,0.00,7.97,69.69,964.90,123
10/12/2013 02:11:19,10/12/2013,02:11:19,0.00,7.92,70.40,964.86,98
10/12/2013 02:11:49,10/12/2013,02:11:49,0.00,7.92,70.90,964.87,126
10/12/2013 02:12:19,10/12/2013,02:12:19,0.00,7.92,71.09,964.87,124
10/12/2013 02:12:49,10/12/2013,02:12:49,0.00,7.92,71.30,964.85,201
10/12/2013 02:13:19,10/12/2013,02:13:19,0.00,7.92,71.50,964.85,186
10/12/2013 02:13:49,10/12/2013,02:13:49,0.00,7.90,71.50,964.85,108
10/12/2013 02:14:19,10/12/2013,02:14:19,0.00,7.90,71.30,964.85,127
10/12/2013 02:14:49,10/12/2013,02:14:49,0.00,7.90,70.90,964.81,271
10/12/2013 02:15:19,10/12/2013,02:15:19,0.00,7.90,70.80,964.81,173
10/12/2013 02:15:49,10/12/2013,02:15:49,0.00,7.90,70.90,964.81,183
10/12/2013 02:16:19,10/12/2013,02:16:19,0.00,7.90,71.09,964.81,206
10/12/2013 02:16:49,10/12/2013,02:16:49,0.00,7.92,70.90,964.81,157
10/12/2013 02:17:19,10/12/2013,02:17:19,0.00,7.90,70.90,964.81,166
10/12/2013 02:17:49,10/12/2013,02:17:49,0.00,7.90,70.69,964.79,180
10/12/2013 02:18:19,10/12/2013,02:18:19,0.00,7.84,70.80,964.77,194
10/12/2013 02:18:49,10/12/2013,02:18:49,0.00,7.84,71.00,964.74,117
10/12/2013 02:19:19,10/12/2013,02:19:19,0.00,7.84,71.59,964.75,178
10/12/2013 02:19:49,10/12/2013,02:19:49,0.00,7.84,71.90,964.75,161
10/12/2013 02:20:19,10/12/2013,02:20:19,0.00,7.84,71.90,964.75,182
10/12/2013 02:20:49,10/12/2013,02:20:49,0.00,7.84,71.90,964.72,244
10/12/2013 02:21:19,10/12/2013,02:21:19,0.29,7.92,71.09,964.70,191
10/12/2013 02:21:49,10/12/2013,02:21:49,0.00,7.90,71.00,964.71,118
10/12/2013 02:22:19,10/12/2013,02:22:19,0.00,7.90,71.19,964.68,120
10/12/2013 02:22:49,10/12/2013,02:22:49,0.00,7.84,71.50,964.68,168
10/12/2013 02:23:19,10/12/2013,02:23:19,0.00,7.84,71.50,964.68,185
10/12/2013 02:23:49,10/12/2013,02:23:49,0.00,7.84,71.69,964.67,98
10/12/2013 02:24:19,10/12/2013,02:24:19,0.00,7.84,71.90,964.67,180
10/12/2013 02:24:49,10/12/2013,02:24:49,0.00,7.90,72.09,964.68,109
10/12/2013 02:25:19,10/12/2013,02:25:19,0.00,7.84,72.00,964.65,133
10/12/2013 02:25:49,10/12/2013,02:25:49,0.00,7.84,72.09,964.65,148
10/12/2013 02:26:19,10/12/2013,02:26:19,0.00,7.84,72.19,964.65,168
10/12/2013 02:26:49,10/12/2013,02:26:49,0.00,7.84,72.40,964.63,100
10/12/2013 02:27:19,10/12/2013,02:27:19,0.00,7.84,72.59,964.65,195
10/12/2013 02:27:49,10/12/2013,02:27:49,0.16,7.90,71.69,964.66,103
10/12/2013 02:28:19,10/12/2013,02:28:19,0.00,7.92,71.50,964.67,126
10/12/2013 02:28:49,10/12/2013,02:28:49,0.15,7.90,71.40,964.64,197
10/12/2013 02:29:19,10/12/2013,02:29:19,0.11,7.92,71.09,964.63,205
10/12/2013 02:29:49,10/12/2013,02:29:49,0.00,7.90,71.30,964.64,172
10/12/2013 02:30:19,10/12/2013,02:30:19,0.00,7.92,71.69,964.64,133
10/12/2013 02:30:49,10/12/2013,02:30:49,0.00,7.92,71.69,964.63,120
10/12/2013 02:31:19,10/12/2013,02:31:19,0.00,7.92,71.59,964.62,165
10/12/2013 02:31:49,10/12/2013,02:31:49,0.00,7.92,71.69,964.62,149
10/12/2013 02:32:19,10/12/2013,02:32:19,0.00,7.92,71.90,964.64,128
10/12/2013 02:32:49,10/12/2013,02:32:49,0.00,7.92,72.09,964.62,142
10/12/2013 02:33:19,10/12/2013,02:33:19,0.00,7.92,72.00,964.59,166
10/12/2013 02:33:49,10/12/2013,02:33:49,0.00,7.92,71.80,964.58,182
10/12/2013 02:34:19,10/12/2013,02:34:19,0.00,7.92,71.80,964.56,238
10/12/2013 02:34:49,10/12/2013,02:34:49,0.00,7.92,71.90,964.55,170
10/12/2013 02:35:19,10/12/2013,02:35:19,0.00,7.92,71.80,964.57,184
10/12/2013 02:35:49,10/12/2013,02:35:49,0.00,7.92,71.80,964.55,106
10/12/2013 02:36:19,10/12/2013,02:36:19,0.00,7.92,71.59,964.50,268
10/12/2013 02:36:49,10/12/2013,02:36:49,0.00,7.92,71.50,964.50,180
10/12/2013 02:37:19,10/12/2013,02:37:19,0.00,7.97,71.40,964.48,176
10/12/2013 02:37:49,10/12/2013,02:37:49,0.00,7.97,71.59,964.50,262
10/12/2013 02:38:19,10/12/2013,02:38:19,0.00,7.97,71.69,964.48,174
10/12/2013 02:38:49,10/12/2013,02:38:49,0.00,8.02,71.59,964.43,172
10/12/2013 02:39:19,10/12/2013,02:39:19,0.00,7.97,71.59,964.43,146
10/12/2013 02:39:49,10/12/2013,02:39:49,1.05,8.05,71.19,964.41,221
10/12/2013 02:40:19,10/12/2013,02:40:19,0.00,8.02,71.19,964.40,252
10/12/2013 02:40:49,10/12/2013,02:40:49,0.00,8.02,71.50,964.40,112
10/12/2013 02:41:19,10/12/2013,02:41:19,0.00,8.02,71.80,964.41,155
10/12/2013 02:41:49,10/12/2013,02:41:49,0.00,7.97,72.00,964.40,146
10/12/2013 02:42:19,10/12/2013,02:42:19,0.00,8.02,72.09,964.38,141
10/12/2013 02:42:49,10/12/2013,02:42:49,0.00,8.02,72.09,964.40,157
10/12/2013 02:43:19,10/12/2013,02:43:19,0.00,7.97,72.19,964.34,146
10/12/2013 02:43:49,10/12/2013,02:43:49,0.00,7.97,72.30,964.35,146
10/12/2013 02:44:19,10/12/2013,02:44:19,0.00,7.97,72.40,964.34,129
10/12/2013 02:44:49,10/12/2013,02:44:49,0.00,7.92,72.50,964.33,207
10/12/2013 02:45:19,10/12/2013,02:45:19,0.00,7.97,72.69,964.32,121
10/12/2013 02:45:49,10/12/2013,02:45:49,0.00,7.97,72.80,964.33,234
10/12/2013 02:46:19,10/12/2013,02:46:19,0.00,8.02,72.80,964.33,163
10/12/2013 02:46:49,10/12/2013,02:46:49,0.00,7.97,72.69,964.30,126
10/12/2013 02:47:19,10/12/2013,02:47:19,0.00,7.97,72.80,964.30,192
10/12/2013 02:47:49,10/12/2013,02:47:49,0.00,7.97,72.80,964.33,188
10/12/2013 02:48:19,10/12/2013,02:48:19,0.00,7.97,72.90,964.32,195
10/12/2013 02:48:49,10/12/2013,02:48:49,0.00,8.02,73.00,964.32,96
10/12/2013 02:49:19,10/12/2013,02:49:19,0.00,8.02,72.80,964.29,162
10/12/2013 02:49:49,10/12/2013,02:49:49,0.00,8.10,72.80,964.30,165
10/12/2013 02:50:19,10/12/2013,02:50:19,0.00,8.10,72.30,964.30,132
10/12/2013 02:50:49,10/12/2013,02:50:49,0.00,8.10,72.30,964.28,156
10/12/2013 02:51:19,10/12/2013,02:51:19,0.00,8.10,72.40,964.28,233
10/12/2013 02:51:49,10/12/2013,02:51:49,0.00,8.05,72.50,964.25,214
10/12/2013 02:52:19,10/12/2013,02:52:19,0.00,8.10,72.69,964.26,115
10/12/2013 02:52:49,10/12/2013,02:52:49,0.00,8.10,73.00,964.27,182
10/12/2013 02:53:19,10/12/2013,02:53:19,0.00,8.10,73.00,964.25,114
10/12/2013 02:53:49,10/12/2013,02:53:49,0.00,8.10,72.69,964.23,233
10/12/2013 02:54:19,10/12/2013,02:54:19,0.00,8.17,72.59,964.23,160
10/12/2013 02:54:49,10/12/2013,02:54:49,0.00,8.17,72.30,964.26,148
10/12/2013 02:55:19,10/12/2013,02:55:19,0.00,8.17,72.40,964.23,199
10/12/2013 02:55:49,10/12/2013,02:55:49,0.00,8.17,72.59,964.25,167
10/12/2013 02:56:19,10/12/2013,02:56:19,0.00,8.17,72.59,964.23,171
10/12/2013 02:56:49,10/12/2013,02:56:49,0.00,8.12,72.80,964.19,250
10/12/2013 02:57:19,10/12/2013,02:57:19,0.00,8.17,73.00,964.20,142
10/12/2013 02:57:49,10/12/2013,02:57:49,0.34,8.17,73.00,964.18,238
10/12/2013 02:58:19,10/12/2013,02:58:19,0.08,8.25,72.90,964.17,168
10/12/2013 02:58:49,10/12/2013,02:58:49,0.00,8.22,73.00,964.17,170
10/12/2013 02:59:19,10/12/2013,02:59:19,0.51,8.25,72.80,964.14,142
10/12/2013 02:59:49,10/12/2013,02:59:49,0.30,8.25,72.80,964.18,253
10/12/2013 03:00:19,10/12/2013,03:00:19,0.34,8.25,72.80,964.15,109
10/12/2013 03:00:49,10/12/2013,03:00:49,0.26,8.32,72.59,964.12,192
10/12/2013 03:01:19,10/12/2013,03:01:19,0.00,8.32,72.50,964.11,172
10/12/2013 03:01:49,10/12/2013,03:01:49,0.00,8.30,72.59,964.11,153
10/12/2013 03:02:19,10/12/2013,03:02:19,1.36,8.37,72.59,964.07,176
10/12/2013 03:02:49,10/12/2013,03:02:49,0.41,8.32,72.50,964.06,194
10/12/2013 03:03:19,10/12/2013,03:03:19,0.13,8.32,72.69,964.04,207
10/12/2013 03:03:49,10/12/2013,03:03:49,0.00,8.32,72.90,964.06,155
10/12/2013 03:04:19,10/12/2013,03:04:19,0.18,8.37,73.00,964.06,199
10/12/2013 03:04:49,10/12/2013,03:04:49,1.19,8.39,72.59,964.04,164
10/12/2013 03:05:19,10/12/2013,03:05:19,0.86,8.39,72.69,963.99,160
10/12/2013 03:05:49,10/12/2013,03:05:49,0.00,8.39,72.59,964.03,155
10/12/2013 03:06:19,10/12/2013,03:06:19,0.00,8.39,72.80,964.03,155
10/12/2013 03:06:49,10/12/2013,03:06:49,0.00,8.37,73.00,964.04,121
10/12/2013 03:07:19,10/12/2013,03:07:19,0.37,8.37,73.19,963.98,101
10/12/2013 03:07:49,10/12/2013,03:07:49,0.38,8.39,73.19,964.02,164
10/12/2013 03:08:19,10/12/2013,03:08:19,0.40,8.39,73.19,964.04,175
10/12/2013 03:08:49,10/12/2013,03:08:49,0.58,8.39,73.00,964.00,217
10/12/2013 03:09:19,10/12/2013,03:09:19,0.00,8.39,73.19,963.99,172
10/12/2013 03:09:49,10/12/2013,03:09:49,0.00,8.39,73.40,963.99,220
10/12/2013 03:10:19,10/12/2013,03:10:19,0.00,8.39,73.40,963.98,200
10/12/2013 03:10:49,10/12/2013,03:10:49,1.20,8.39,73.19,963.99,127
10/12/2013 03:11:19,10/12/2013,03:11:19,1.15,8.50,72.80,963.95,128
10/12/2013 03:11:49,10/12/2013,03:11:49,0.05,8.44,73.00,963.97,96
10/12/2013 03:12:19,10/12/2013,03:12:19,0.95,8.50,72.90,963.96,171
10/12/2013 03:12:49,10/12/2013,03:12:49,0.43,8.50,72.59,963.92,141
10/12/2013 03:13:19,10/12/2013,03:13:19,0.06,8.44,72.80,963.92,190
10/12/2013 03:13:49,10/12/2013,03:13:49,0.00,8.39,73.00,963.93,175
10/12/2013 03:14:19,10/12/2013,03:14:19,0.58,8.44,73.19,963.93,163
10/12/2013 03:14:49,10/12/2013,03:14:49,0.99,8.50,73.40,963.92,142
10/12/2013 03:15:19,10/12/2013,03:15:19,0.45,8.44,73.40,963.90,165
10/12/2013 03:15:49,10/12/2013,03:15:49,0.86,8.50,73.30,963.88,181
10/12/2013 03:16:19,10/12/2013,03:16:19,0.00,8.44,73.40,963.88,130
10/12/2013 03:16:49,10/12/2013,03:16:49,0.00,8.50,73.59,963.88,96
10/12/2013 03:17:19,10/12/2013,03:17:19,0.11,8.50,73.69,963.90,172
10/12/2013 03:17:49,10/12/2013,03:17:49,0.83,8.50,73.59,963.88,171
10/12/2013 03:18:19,10/12/2013,03:18:19,0.73,8.50,73.50,963.88,242
10/12/2013 03:18:49,10/12/2013,03:18:49,0.27,8.52,73.30,963.85,157
10/12/2013 03:19:19,10/12/2013,03:19:19,0.00,8.50,73.50,963.84,189
10/12/2013 03:19:49,10/12/2013,03:19:49,0.98,8.57,73.69,963.80,163
10/12/2013 03:20:19,10/12/2013,03:20:19,0.00,8.50,73.69,963.83,121
10/12/2013 03:20:49,10/12/2013,03:20:49,0.16,8.52,73.80,963.83,124
10/12/2013 03:21:19,10/12/2013,03:21:19,0.00,8.52,74.00,963.82,219
10/12/2013 03:21:49,10/12/2013,03:21:49,0.24,8.52,74.19,963.81,156
10/12/2013 03:22:19,10/12/2013,03:22:19,0.20,8.52,74.00,963.80,155
10/12/2013 03:22:49,10/12/2013,03:22:49,0.37,8.52,74.00,963.81,188
10/12/2013 03:23:19,10/12/2013,03:23:19,0.23,8.52,74.19,963.81,165
10/12/2013 03:23:49,10/12/2013,03:23:49,0.00,8.52,74.30,963.81,151
10/12/2013 03:24:19,10/12/2013,03:24:19,0.00,8.50,74.50,963.84,168
10/12/2013 03:24:49,10/12/2013,03:24:49,0.47,8.57,74.59,963.83,108
10/12/2013 03:25:19,10/12/2013,03:25:19,0.56,8.57,74.69,963.81,114
10/12/2013 03:25:49,10/12/2013,03:25:49,0.00,8.57,74.69,963.81,182
10/12/2013 03:26:19,10/12/2013,03:26:19,0.00,8.57,74.90,963.84,114
10/12/2013 03:26:49,10/12/2013,03:26:49,0.00,8.52,75.40,963.83,176
10/12/2013 03:27:19,10/12/2013,03:27:19,0.00,8.57,75.19,963.84,
10/12/2013 03:27:49,10/12/2013,03:27:49,0.00,8.57,75.30,963.84,135
10/12/2013 03:28:19,10/12/2013,03:28:19,0.00,8.57,75.50,963.85,203
10/12/2013 03:28:49,10/12/2013,03:28:49,0.00,8.57,75.59,963.84,124
10/12/2013 03:29:19,10/12/2013,03:29:19,0.00,8.57,75.50,963.89,
10/12/2013 03:29:49,10/12/2013,03:29:49,0.00,8.57,75.59,963.85,130
10/12/2013 03:30:19,10/12/2013,03:30:19,0.00,8.57,75.50,963.84,202
10/12/2013 03:30:49,10/12/2013,03:30:49,0.00,8.57,75.59,963.83,191
10/12/2013 03:31:19,10/12/2013,03:31:19,0.00,8.57,75.69,963.82,180
10/12/2013 03:31:49,10/12/2013,03:31:49,0.00,8.60,75.59,963.81,137
10/12/2013 03:32:19,10/12/2013,03:32:19,1.76,8.72,75.09,963.78,174
10/12/2013 03:32:49,10/12/2013,03:32:49,0.73,8.64,75.19,963.75,130
10/12/2013 03:33:19,10/12/2013,03:33:19,0.00,8.64,75.19,963.80,159
10/12/2013 03:33:49,10/12/2013,03:33:49,0.00,8.64,75.30,963.76,193
10/12/2013 03:34:19,10/12/2013,03:34:19,0.00,8.64,75.40,963.75,153
10/12/2013 03:34:49,10/12/2013,03:34:49,0.00,8.64,75.50,963.73,154
10/12/2013 03:35:19,10/12/2013,03:35:19,0.00,8.64,75.59,963.73,158
10/12/2013 03:35:49,10/12/2013,03:35:49,0.00,8.64,75.80,963.73,134
10/12/2013 03:36:19,10/12/2013,03:36:19,0.13,8.64,75.80,963.73,135
10/12/2013 03:36:49,10/12/2013,03:36:49,0.00,8.64,76.00,963.75,108
10/12/2013 03:37:19,10/12/2013,03:37:19,0.00,8.69,76.09,963.69,102
10/12/2013 03:37:49,10/12/2013,03:37:49,0.00,8.64,76.09,963.72,183
10/12/2013 03:38:19,10/12/2013,03:38:19,0.00,8.69,76.19,963.69,191
10/12/2013 03:38:49,10/12/2013,03:38:49,0.00,8.69,76.30,963.69,178
10/12/2013 03:39:19,10/12/2013,03:39:19,0.00,8.64,76.30,963.72,159
10/12/2013 03:39:49,10/12/2013,03:39:49,0.00,8.64,76.40,963.70,156
10/12/2013 03:40:19,10/12/2013,03:40:19,1.44,8.72,76.50,963.67,180
10/12/2013 03:40:49,10/12/2013,03:40:49,0.00,8.64,76.50,963.68,291
10/12/2013 03:41:19,10/12/2013,03:41:19,0.00,8.72,76.59,963.70,113
10/12/2013 03:41:49,10/12/2013,03:41:49,0.49,8.72,76.69,963.70,160
10/12/2013 03:42:19,10/12/2013,03:42:19,0.06,8.72,76.59,963.69,174
10/12/2013 03:42:49,10/12/2013,03:42:49,0.00,8.72,76.69,963.68,149
10/12/2013 03:43:19,10/12/2013,03:43:19,0.24,8.72,76.80,963.65,157
10/12/2013 03:43:49,10/12/2013,03:43:49,0.22,8.72,76.80,963.67,131
10/12/2013 03:44:19,10/12/2013,03:44:19,0.00,8.72,76.90,963.70,171
10/12/2013 03:44:49,10/12/2013,03:44:49,0.00,8.72,76.90,963.69,178
10/12/2013 03:45:19,10/12/2013,03:45:19,0.61,8.77,77.00,963.67,153
10/12/2013 03:45:49,10/12/2013,03:45:49,0.00,8.72,77.09,963.72,165
10/12/2013 03:46:19,10/12/2013,03:46:19,0.00,8.72,77.09,963.72,224
10/12/2013 03:46:49,10/12/2013,03:46:49,0.00,8.77,77.19,963.69,129
10/12/2013 03:47:19,10/12/2013,03:47:19,0.00,8.77,77.30,963.70,143
10/12/2013 03:47:49,10/12/2013,03:47:49,0.00,8.77,77.30,963.72,138
10/12/2013 03:48:19,10/12/2013,03:48:19,0.00,8.80,77.40,963.72,136
10/12/2013 03:48:49,10/12/2013,03:48:49,0.00,8.77,77.40,963.70,154
10/12/2013 03:49:19,10/12/2013,03:49:19,0.00,8.77,77.50,963.69,141
10/12/2013 03:49:49,10/12/2013,03:49:49,0.00,8.77,77.59,963.68,150
10/12/2013 03:50:19,10/12/2013,03:50:19,0.00,8.80,77.69,963.68,174
10/12/2013 03:50:49,10/12/2013,03:50:49,0.00,8.80,77.69,963.68,98
10/12/2013 03:51:19,10/12/2013,03:51:19,0.00,8.80,77.80,963.65,165
10/12/2013 03:51:49,10/12/2013,03:51:49,0.00,8.80,77.80,963.67,136
10/12/2013 03:52:19,10/12/2013,03:52:19,0.00,8.80,77.90,963.67,172
10/12/2013 03:52:49,10/12/2013,03:52:49,0.00,8.80,77.90,963.65,191
10/12/2013 03:53:19,10/12/2013,03:53:19,0.00,8.80,78.00,963.62,151
10/12/2013 03:53:49,10/12/2013,03:53:49,0.00,8.80,78.00,963.63,158
10/12/2013 03:54:19,10/12/2013,03:54:19,0.00,8.80,78.09,963.67,104
10/12/2013 03:54:49,10/12/2013,03:54:49,0.00,8.80,78.09,963.63,145
10/12/2013 03:55:19,10/12/2013,03:55:19,0.00,8.85,78.19,963.66,126
10/12/2013 03:55:49,10/12/2013,03:55:49,0.00,8.80,78.30,963.66,174
10/12/2013 03:56:19,10/12/2013,03:56:19,0.00,8.87,78.30,963.68,204
10/12/2013 03:56:49,10/12/2013,03:56:49,0.00,8.87,78.40,963.67,196
10/12/2013 03:57:19,10/12/2013,03:57:19,0.00,8.87,78.50,963.65,224
10/12/2013 03:57:49,10/12/2013,03:57:49,0.26,8.87,78.50,963.60,103
10/12/2013 03:58:19,10/12/2013,03:58:19,0.62,8.87,78.40,963.61,174
10/12/2013 03:58:49,10/12/2013,03:58:49,0.00,8.87,78.40,963.60,141
10/12/2013 03:59:19,10/12/2013,03:59:19,0.00,8.87,78.40,963.60,196
10/12/2013 03:59:49,10/12/2013,03:59:49,0.00,8.87,78.50,963.59,175
10/12/2013 04:00:19,10/12/2013,04:00:19,0.00,8.97,78.59,963.59,140
10/12/2013 04:00:49,10/12/2013,04:00:49,1.11,8.97,78.59,963.58,159
10/12/2013 04:01:19,10/12/2013,04:01:19,0.00,9.00,78.59,963.55,155
10/12/2013 04:01:49,10/12/2013,04:01:49,1.18,9.05,78.50,963.52,170
10/12/2013 04:02:19,10/12/2013,04:02:19,0.00,9.05,78.50,963.58,211
10/12/2013 04:02:49,10/12/2013,04:02:49,0.00,9.00,78.50,963.53,123
10/12/2013 04:03:19,10/12/2013,04:03:19,0.00,9.05,78.50,963.50,171
10/12/2013 04:03:49,10/12/2013,04:03:49,0.00,9.05,78.50,963.50,108
10/12/2013 04:04:19,10/12/2013,04:04:19,0.00,9.00,78.50,963.47,225
10/12/2013 04:04:49,10/12/2013,04:04:49,0.00,9.05,78.50,963.46,169
10/12/2013 04:05:19,10/12/2013,04:05:19,0.00,9.05,78.59,963.48,183
10/12/2013 04:05:49,10/12/2013,04:05:49,1.12,9.07,78.59,963.44,
10/12/2013 04:06:19,10/12/2013,04:06:19,1.48,9.12,78.40,963.42,113
10/12/2013 04:06:49,10/12/2013,04:06:49,0.00,9.07,78.40,963.45,176
10/12/2013 04:07:19,10/12/2013,04:07:19,0.00,9.07,78.40,963.45,176
10/12/2013 04:07:49,10/12/2013,04:07:49,0.00,9.05,78.40,963.46,128
10/12/2013 04:08:19,10/12/2013,04:08:19,0.00,9.07,78.50,963.45,123
10/12/2013 04:08:49,10/12/2013,04:08:49,0.08,9.12,78.50,963.47,145
10/12/2013 04:09:19,10/12/2013,04:09:19,0.62,9.12,78.40,963.45,135
10/12/2013 04:09:49,10/12/2013,04:09:49,0.00,9.12,78.40,963.45,120
10/12/2013 04:10:19,10/12/2013,04:10:19,0.00,9.12,78.50,963.44,141
10/12/2013 04:10:49,10/12/2013,04:10:49,0.00,9.12,78.50,963.42,169
10/12/2013 04:11:19,10/12/2013,04:11:19,0.00,9.17,78.50,963.43,174
10/12/2013 04:11:49,10/12/2013,04:11:49,0.00,9.12,78.50,963.44,198
10/12/2013 04:12:19,10/12/2013,04:12:19,0.00,9.17,78.59,963.42,166
10/12/2013 04:12:49,10/12/2013,04:12:49,0.00,9.17,78.59,963.43,174
10/12/2013 04:13:19,10/12/2013,04:13:19,0.18,9.19,78.50,963.38,203
10/12/2013 04:13:49,10/12/2013,04:13:49,0.58,9.19,78.50,963.38,144
10/12/2013 04:14:19,10/12/2013,04:14:19,0.00,9.19,78.50,963.38,136
10/12/2013 04:14:49,10/12/2013,04:14:49,0.33,9.25,78.50,963.37,207
10/12/2013 04:15:19,10/12/2013,04:15:19,0.34,9.27,78.40,963.36,145
10/12/2013 04:15:49,10/12/2013,04:15:49,1.54,9.27,78.09,963.29,176
10/12/2013 04:16:19,10/12/2013,04:16:19,0.94,9.27,78.19,963.32,203
10/12/2013 04:16:49,10/12/2013,04:16:49,0.00,9.25,78.09,963.35,118
10/12/2013 04:17:19,10/12/2013,04:17:19,0.00,9.25,78.19,963.35,170
10/12/2013 04:17:49,10/12/2013,04:17:49,0.00,9.27,78.30,963.37,178
10/12/2013 04:18:19,10/12/2013,04:18:19,0.00,9.27,78.30,963.37,153
10/12/2013 04:18:49,10/12/2013,04:18:49,0.06,9.27,78.30,963.38,130
10/12/2013 04:19:19,10/12/2013,04:19:19,0.00,9.27,78.30,963.39,202
10/12/2013 04:19:49,10/12/2013,04:19:49,0.00,9.27,78.30,963.38,166
10/12/2013 04:20:19,10/12/2013,04:20:19,0.00,9.27,78.40,963.39,212
10/12/2013 04:20:49,10/12/2013,04:20:49,0.00,9.27,78.40,963.40,270
10/12/2013 04:21:19,10/12/2013,04:21:19,0.00,9.27,78.40,963.40,106
10/12/2013 04:21:49,10/12/2013,04:21:49,0.00,9.32,78.40,963.42,144
10/12/2013 04:22:19,10/12/2013,04:22:19,0.00,9.27,78.40,963.45,141
10/12/2013 04:22:49,10/12/2013,04:22:49,0.00,9.35,78.40,963.45,184
10/12/2013 04:23:19,10/12/2013,04:23:19,0.00,9.35,78.40,963.44,161
10/12/2013 04:23:49,10/12/2013,04:23:49,0.00,9.32,78.40,963.44,149
10/12/2013 04:24:19,10/12/2013,04:24:19,0.00,9.32,78.50,963.44,124
10/12/2013 04:24:49,10/12/2013,04:24:49,0.00,9.35,78.50,963.44,193
10/12/2013 04:25:19,10/12/2013,04:25:19,0.00,9.32,78.50,963.42,184
10/12/2013 04:25:49,10/12/2013,04:25:49,0.00,9.35,78.50,963.43,162
10/12/2013 04:26:19,10/12/2013,04:26:19,0.00,9.35,78.50,963.42,119
10/12/2013 04:26:49,10/12/2013,04:26:49,0.00,9.35,78.50,963.42,112
10/12/2013 04:27:19,10/12/2013,04:27:19,0.05,9.44,78.40,963.43,159
10/12/2013 04:27:49,10/12/2013,04:27:49,0.79,9.35,78.30,963.39,234
10/12/2013 04:28:19,10/12/2013,04:28:19,0.00,9.39,78.30,963.39,198
10/12/2013 04:28:49,10/12/2013,04:28:49,0.65,9.39,78.40,963.37,186
10/12/2013 04:29:19,10/12/2013,04:29:19,0.00,9.35,78.30,963.39,198
10/12/2013 04:29:49,10/12/2013,04:29:49,0.00,9.39,78.40,963.37,145
10/12/2013 04:30:19,10/12/2013,04:30:19,0.00,9.44,78.40,963.37,178
10/12/2013 04:30:49,10/12/2013,04:30:49,0.00,9.39,78.40,963.37,169
10/12/2013 04:31:19,10/12/2013,04:31:19,0.00,9.39,78.40,963.38,141
10/12/2013 04:31:49,10/12/2013,04:31:49,0.00,9.44,78.40,963.38,101
10/12/2013 04:32:19,10/12/2013,04:32:19,0.80,9.44,78.30,963.35,157
10/12/2013 04:32:49,10/12/2013,04:32:49,1.13,9.44,78.40,963.35,207
10/12/2013 04:33:19,10/12/2013,04:33:19,1.09,9.44,78.30,963.31,173
10/12/2013 04:33:49,10/12/2013,04:33:49,0.29,9.44,78.30,963.33,152
10/12/2013 04:34:19,10/12/2013,04:34:19,0.00,9.44,78.30,963.33,171
10/12/2013 04:34:49,10/12/2013,04:34:49,0.00,9.44,78.30,963.37,180
10/12/2013 04:35:19,10/12/2013,04:35:19,0.55,9.44,78.40,963.37,121
10/12/2013 04:35:49,10/12/2013,04:35:49,2.20,9.52,78.00,963.31,158
10/12/2013 04:36:19,10/12/2013,04:36:19,1.04,9.52,77.80,963.32,169
10/12/2013 04:36:49,10/12/2013,04:36:49,0.65,9.52,77.90,963.31,202
10/12/2013 04:37:19,10/12/2013,04:37:19,0.58,9.52,78.00,963.29,169
10/12/2013 04:37:49,10/12/2013,04:37:49,0.00,9.47,78.00,963.30,172
10/12/2013 04:38:19,10/12/2013,04:38:19,0.88,9.52,78.00,963.28,173
10/12/2013 04:38:49,10/12/2013,04:38:49,0.00,9.47,78.00,963.28,151
10/12/2013 04:39:19,10/12/2013,04:39:19,0.00,9.47,78.00,963.29,177
10/12/2013 04:39:49,10/12/2013,04:39:49,0.00,9.47,78.09,963.24,228
10/12/2013 04:40:19,10/12/2013,04:40:19,0.74,9.47,78.09,963.23,
10/12/2013 04:40:49,10/12/2013,04:40:49,1.05,9.52,78.00,963.24,179
10/12/2013 04:41:19,10/12/2013,04:41:19,1.29,9.52,77.90,963.16,168
10/12/2013 04:41:49,10/12/2013,04:41:49,0.24,9.47,77.90,963.20,133
10/12/2013 04:42:19,10/12/2013,04:42:19,0.00,9.47,78.00,963.17,114
10/12/2013 04:42:49,10/12/2013,04:42:49,0.63,9.52,78.19,963.17,165
10/12/2013 04:43:19,10/12/2013,04:43:19,0.00,9.52,78.30,963.20,155
10/12/2013 04:43:49,10/12/2013,04:43:49,0.00,9.47,78.30,963.21,194
10/12/2013 04:44:19,10/12/2013,04:44:19,0.00,9.44,78.30,963.20,213
10/12/2013 04:44:49,10/12/2013,04:44:49,0.00,9.44,78.40,963.18,172
10/12/2013 04:45:19,10/12/2013,04:45:19,0.00,9.47,78.50,963.21,214
10/12/2013 04:45:49,10/12/2013,04:45:49,2.56,9.52,77.90,963.15,221
10/12/2013 04:46:19,10/12/2013,04:46:19,1.20,9.52,77.80,963.12,183
10/12/2013 04:46:49,10/12/2013,04:46:49,1.83,9.55,77.59,963.15,157
10/12/2013 04:47:19,10/12/2013,04:47:19,1.09,9.52,77.80,963.14,169
10/12/2013 04:47:49,10/12/2013,04:47:49,0.48,9.52,77.69,963.10,193
10/12/2013 04:48:19,10/12/2013,04:48:19,1.34,9.52,77.69,963.10,180
10/12/2013 04:48:49,10/12/2013,04:48:49,0.73,9.52,77.59,963.09,217
10/12/2013 04:49:19,10/12/2013,04:49:19,0.12,9.52,77.69,963.12,211
10/12/2013 04:49:49,10/12/2013,04:49:49,0.00,9.52,77.80,963.13,173
10/12/2013 04:50:19,10/12/2013,04:50:19,0.00,9.52,77.80,963.14,201
10/12/2013 04:50:49,10/12/2013,04:50:49,0.59,9.52,77.90,963.14,18
10/12/2013 04:51:19,10/12/2013,04:51:19,2.24,9.55,77.19,963.09,180
10/12/2013 04:51:49,10/12/2013,04:51:49,0.77,9.55,77.40,963.09,187
10/12/2013 04:52:19,10/12/2013,04:52:19,0.00,9.52,77.50,963.13,157
10/12/2013 04:52:49,10/12/2013,04:52:49,0.00,9.52,77.59,963.13,129
10/12/2013 04:53:19,10/12/2013,04:53:19,0.00,9.52,77.59,963.14,125
10/12/2013 04:53:49,10/12/2013,04:53:49,0.00,9.52,77.69,963.14,221
10/12/2013 04:54:19,10/12/2013,04:54:19,0.00,9.52,77.80,963.14,158
10/12/2013 04:54:49,10/12/2013,04:54:49,0.44,9.52,77.80,963.15,169
10/12/2013 04:55:19,10/12/2013,04:55:19,1.93,9.55,77.40,963.10,184
10/12/2013 04:55:49,10/12/2013,04:55:49,1.56,9.55,77.40,963.09,170
10/12/2013 04:56:19,10/12/2013,04:56:19,0.05,9.55,77.40,963.14,185
10/12/2013 04:56:49,10/12/2013,04:56:49,0.80,9.55,77.40,963.09,188
10/12/2013 04:57:19,10/12/2013,04:57:19,0.00,9.52,77.50,963.13,101
10/12/2013 04:57:49,10/12/2013,04:57:49,0.05,9.52,77.59,963.15,159
10/12/2013 04:58:19,10/12/2013,04:58:19,0.58,9.52,77.40,963.14,145
10/12/2013 04:58:49,10/12/2013,04:58:49,0.55,9.55,77.40,963.10,194
10/12/2013 04:59:19,10/12/2013,04:59:19,0.30,9.52,77.50,963.00,
10/12/2013 04:59:49,10/12/2013,04:59:49,0.49,9.60,77.59,962.99,
10/12/2013 05:00:19,10/12/2013,05:00:19,0.66,9.55,77.59,962.94,161
10/12/2013 05:00:49,10/12/2013,05:00:49,0.18,9.60,77.69,962.94,272
10/12/2013 05:01:19,10/12/2013,05:01:19,1.94,9.60,77.09,962.90,179
10/12/2013 05:01:49,10/12/2013,05:01:49,0.84,9.60,77.30,962.94,174
10/12/2013 05:02:19,10/12/2013,05:02:19,2.01,9.60,76.80,962.91,192
10/12/2013 05:02:49,10/12/2013,05:02:49,2.72,9.60,76.69,962.93,170
10/12/2013 05:03:19,10/12/2013,05:03:19,2.80,9.60,76.30,962.93,186
10/12/2013 05:03:49,10/12/2013,05:03:49,4.08,9.64,75.59,962.87,188
10/12/2013 05:04:19,10/12/2013,05:04:19,2.56,9.60,75.80,962.90,170
10/12/2013 05:04:49,10/12/2013,05:04:49,1.66,9.60,76.00,962.92,175
10/12/2013 05:05:19,10/12/2013,05:05:19,2.19,9.60,76.00,962.90,178
10/12/2013 05:05:49,10/12/2013,05:05:49,1.26,9.60,76.30,962.92,188
10/12/2013 05:06:19,10/12/2013,05:06:19,0.93,9.55,76.50,962.94,165
10/12/2013 05:06:49,10/12/2013,05:06:49,2.26,9.60,76.59,962.97,175
10/12/2013 05:07:19,10/12/2013,05:07:19,3.65,9.60,76.19,962.90,182
10/12/2013 05:07:49,10/12/2013,05:07:49,1.86,9.60,76.50,962.91,169
10/12/2013 05:08:19,10/12/2013,05:08:19,1.30,9.55,76.59,962.95,169
10/12/2013 05:08:49,10/12/2013,05:08:49,1.34,9.55,77.19,962.95,208
10/12/2013 05:09:19,10/12/2013,05:09:19,2.58,9.60,77.09,962.91,169
10/12/2013 05:09:49,10/12/2013,05:09:49,3.58,9.60,76.80,962.89,193
10/12/2013 05:10:19,10/12/2013,05:10:19,2.42,9.55,77.09,962.86,183
10/12/2013 05:10:49,10/12/2013,05:10:49,0.91,9.60,77.50,962.87,173
10/12/2013 05:11:19,10/12/2013,05:11:19,1.13,9.55,77.80,962.90,182
10/12/2013 05:11:49,10/12/2013,05:11:49,2.80,9.55,77.59,962.90,186
10/12/2013 05:12:19,10/12/2013,05:12:19,1.93,9.60,77.80,962.87,183
10/12/2013 05:12:49,10/12/2013,05:12:49,3.56,9.60,76.90,962.86,182
10/12/2013 05:13:19,10/12/2013,05:13:19,1.73,9.60,77.50,962.85,165
10/12/2013 05:13:49,10/12/2013,05:13:49,1.49,9.55,77.69,962.86,195
10/12/2013 05:14:19,10/12/2013,05:14:19,2.81,9.60,77.50,962.87,178
10/12/2013 05:14:49,10/12/2013,05:14:49,1.26,9.52,77.69,962.87,187
10/12/2013 05:15:19,10/12/2013,05:15:19,1.95,9.60,77.59,962.87,178
10/12/2013 05:15:49,10/12/2013,05:15:49,1.47,9.55,77.69,962.86,174
10/12/2013 05:16:19,10/12/2013,05:16:19,0.65,9.52,77.80,962.86,160
10/12/2013 05:16:49,10/12/2013,05:16:49,1.23,9.55,77.69,962.86,175
10/12/2013 05:17:19,10/12/2013,05:17:19,1.79,9.60,77.59,962.84,184
10/12/2013 05:17:49,10/12/2013,05:17:49,0.56,9.52,77.69,962.84,184
10/12/2013 05:18:19,10/12/2013,05:18:19,0.00,9.52,77.69,962.86,139
10/12/2013 05:18:49,10/12/2013,05:18:49,1.11,9.55,77.90,962.84,189
10/12/2013 05:19:19,10/12/2013,05:19:19,0.77,9.55,77.80,962.85,178
10/12/2013 05:19:49,10/12/2013,05:19:49,2.44,9.60,77.50,962.84,176
10/12/2013 05:20:19,10/12/2013,05:20:19,2.36,9.60,77.30,962.80,192
10/12/2013 05:20:49,10/12/2013,05:20:49,1.61,9.60,77.40,962.77,184
10/12/2013 05:21:19,10/12/2013,05:21:19,1.56,9.60,77.40,962.82,184
10/12/2013 05:21:49,10/12/2013,05:21:49,1.63,9.55,77.59,962.80,169
10/12/2013 05:22:19,10/12/2013,05:22:19,0.98,9.55,77.80,962.82,197
10/12/2013 05:22:49,10/12/2013,05:22:49,1.30,9.55,77.69,962.80,142
10/12/2013 05:23:19,10/12/2013,05:23:19,1.66,9.55,78.00,962.78,191
10/12/2013 05:23:49,10/12/2013,05:23:49,1.23,9.55,78.19,962.79,164
10/12/2013 05:24:19,10/12/2013,05:24:19,0.38,9.52,78.50,962.82,150
10/12/2013 05:24:49,10/12/2013,05:24:49,0.00,9.52,78.69,962.82,152
10/12/2013 05:25:19,10/12/2013,05:25:19,1.79,9.55,78.80,962.77,183
10/12/2013 05:25:49,10/12/2013,05:25:49,0.44,9.52,79.00,962.80,131
10/12/2013 05:26:19,10/12/2013,05:26:19,2.22,9.52,79.00,962.75,164
10/12/2013 05:26:49,10/12/2013,05:26:49,2.45,9.55,79.00,962.74,197
10/12/2013 05:27:19,10/12/2013,05:27:19,0.47,9.52,79.09,962.77,165
10/12/2013 05:27:49,10/12/2013,05:27:49,0.83,9.52,79.30,962.78,131
10/12/2013 05:28:19,10/12/2013,05:28:19,1.15,9.52,79.50,962.75,164
10/12/2013 05:28:49,10/12/2013,05:28:49,1.04,9.52,79.50,962.76,161
10/12/2013 05:29:19,10/12/2013,05:29:19,0.00,9.52,79.59,962.80,107
10/12/2013 05:29:49,10/12/2013,05:29:49,0.00,9.52,79.69,962.79,146
10/12/2013 05:30:19,10/12/2013,05:30:19,0.00,9.52,79.80,962.82,189
10/12/2013 05:30:49,10/12/2013,05:30:49,0.00,9.52,79.90,962.80,175
10/12/2013 05:31:19,10/12/2013,05:31:19,0.00,9.52,80.00,962.80,171
10/12/2013 05:31:49,10/12/2013,05:31:49,1.66,9.52,80.19,962.77,172
10/12/2013 05:32:19,10/12/2013,05:32:19,1.93,9.55,80.09,962.77,190
10/12/2013 05:32:49,10/12/2013,05:32:49,1.29,9.52,80.09,962.76,152
10/12/2013 05:33:19,10/12/2013,05:33:19,0.00,9.52,80.30,962.80,143
10/12/2013 05:33:49,10/12/2013,05:33:49,2.40,9.52,80.19,962.77,180
10/12/2013 05:34:19,10/12/2013,05:34:19,1.38,9.52,80.40,962.77,182
10/12/2013 05:34:49,10/12/2013,05:34:49,0.66,9.52,80.19,962.77,90
10/12/2013 05:35:19,10/12/2013,05:35:19,0.63,9.52,80.40,962.82,140
10/12/2013 05:35:49,10/12/2013,05:35:49,1.09,9.52,80.50,962.79,148
10/12/2013 05:36:19,10/12/2013,05:36:19,0.68,9.52,80.59,962.79,200
10/12/2013 05:36:49,10/12/2013,05:36:49,0.08,9.52,80.69,962.80,192
10/12/2013 05:37:19,10/12/2013,05:37:19,0.09,9.52,80.69,962.80,177
10/12/2013 05:37:49,10/12/2013,05:37:49,2.16,9.52,80.59,962.76,194
10/12/2013 05:38:19,10/12/2013,05:38:19,0.80,9.55,80.59,962.77,177
10/12/2013 05:38:49,10/12/2013,05:38:49,0.06,9.52,80.80,962.78,164
10/12/2013 05:39:19,10/12/2013,05:39:19,1.04,9.55,80.90,962.78,187
10/12/2013 05:39:49,10/12/2013,05:39:49,1.19,9.55,80.90,962.76,165
10/12/2013 05:40:19,10/12/2013,05:40:19,0.15,9.55,80.90,962.78,182
10/12/2013 05:40:49,10/12/2013,05:40:49,1.98,9.52,80.90,962.75,156
10/12/2013 05:41:19,10/12/2013,05:41:19,2.73,9.60,80.59,962.71,191
10/12/2013 05:41:49,10/12/2013,05:41:49,1.66,9.55,80.69,962.74,185
10/12/2013 05:42:19,10/12/2013,05:42:19,1.43,9.55,80.80,962.75,138
10/12/2013 05:42:49,10/12/2013,05:42:49,2.70,9.60,80.80,962.74,168
10/12/2013 05:43:19,10/12/2013,05:43:19,2.91,9.60,80.59,962.72,152
10/12/2013 05:43:49,10/12/2013,05:43:49,0.83,9.60,80.80,962.74,170
10/12/2013 05:44:19,10/12/2013,05:44:19,1.15,9.60,80.90,962.74,162
10/12/2013 05:44:49,10/12/2013,05:44:49,0.00,9.60,81.00,962.76,172
10/12/2013 05:45:19,10/12/2013,05:45:19,1.36,9.60,81.19,962.72,174
10/12/2013 05:45:49,10/12/2013,05:45:49,0.59,9.60,81.00,962.76,129
10/12/2013 05:46:19,10/12/2013,05:46:19,1.37,9.60,81.19,962.74,166
10/12/2013 05:46:49,10/12/2013,05:46:49,2.47,9.64,80.90,962.70,168
10/12/2013 05:47:19,10/12/2013,05:47:19,1.51,9.64,81.00,962.67,151
10/12/2013 05:47:49,10/12/2013,05:47:49,0.00,9.60,81.09,962.72,190
10/12/2013 05:48:19,10/12/2013,05:48:19,0.00,9.64,81.19,962.72,115
10/12/2013 05:48:49,10/12/2013,05:48:49,0.00,9.64,81.40,962.72,164
10/12/2013 05:49:19,10/12/2013,05:49:19,0.88,9.64,81.50,962.70,180
10/12/2013 05:49:49,10/12/2013,05:49:49,1.83,9.64,81.50,962.70,170
10/12/2013 05:50:19,10/12/2013,05:50:19,0.00,9.67,81.59,962.74,180
10/12/2013 05:50:49,10/12/2013,05:50:49,1.76,9.67,81.50,962.71,172
10/12/2013 05:51:19,10/12/2013,05:51:19,2.09,9.67,81.50,962.70,161
10/12/2013 05:51:49,10/12/2013,05:51:49,0.37,9.67,81.50,962.74,197
10/12/2013 05:52:19,10/12/2013,05:52:19,2.56,9.67,81.00,962.64,176
10/12/2013 05:52:49,10/12/2013,05:52:49,1.70,9.67,81.19,962.65,155
10/12/2013 05:53:19,10/12/2013,05:53:19,1.88,9.72,81.19,962.67,189
10/12/2013 05:53:49,10/12/2013,05:53:49,1.23,9.67,81.19,962.68,183
10/12/2013 05:54:19,10/12/2013,05:54:19,0.00,9.67,81.19,962.70,172
10/12/2013 05:54:49,10/12/2013,05:54:49,0.00,9.72,81.40,962.72,157
10/12/2013 05:55:19,10/12/2013,05:55:19,1.72,9.72,81.30,962.67,168
10/12/2013 05:55:49,10/12/2013,05:55:49,0.99,9.72,81.30,962.68,156
10/12/2013 05:56:19,10/12/2013,05:56:19,0.00,9.72,81.40,962.69,140
10/12/2013 05:56:49,10/12/2013,05:56:49,0.00,9.72,81.50,962.68,166
10/12/2013 05:57:19,10/12/2013,05:57:19,0.00,9.72,81.59,962.67,200
10/12/2013 05:57:49,10/12/2013,05:57:49,0.00,9.72,81.59,962.65,142
10/12/2013 05:58:19,10/12/2013,05:58:19,0.00,9.72,81.59,962.64,187
10/12/2013 05:58:49,10/12/2013,05:58:49,0.00,9.67,81.69,962.63,151
10/12/2013 05:59:19,10/12/2013,05:59:19,0.00,9.72,81.80,962.64,126
10/12/2013 05:59:49,10/12/2013,05:59:49,0.24,9.75,81.80,962.63,171
10/12/2013 06:00:19,10/12/2013,06:00:19,0.00,9.75,81.80,962.62,171
10/12/2013 06:00:49,10/12/2013,06:00:49,0.65,9.72,81.80,962.60,189
10/12/2013 06:01:19,10/12/2013,06:01:19,0.22,9.75,81.90,962.60,139
10/12/2013 06:01:49,10/12/2013,06:01:49,0.23,9.75,81.90,962.59,168
10/12/2013 06:02:19,10/12/2013,06:02:19,0.91,9.75,82.00,962.57,173
10/12/2013 06:02:49,10/12/2013,06:02:49,0.00,9.75,82.00,962.61,182
10/12/2013 06:03:19,10/12/2013,06:03:19,0.97,9.75,82.00,962.59,181
10/12/2013 06:03:49,10/12/2013,06:03:49,1.33,9.80,82.00,962.56,156
10/12/2013 06:04:19,10/12/2013,06:04:19,0.00,9.75,82.00,962.60,191
10/12/2013 06:04:49,10/12/2013,06:04:49,0.62,9.80,82.00,962.57,171
10/12/2013 06:05:19,10/12/2013,06:05:19,1.45,9.80,82.00,962.56,193
10/12/2013 06:05:49,10/12/2013,06:05:49,1.79,9.82,81.80,962.53,166
10/12/2013 06:06:19,10/12/2013,06:06:19,0.69,9.82,81.90,962.54,177
10/12/2013 06:06:49,10/12/2013,06:06:49,2.19,9.82,81.69,962.52,172
10/12/2013 06:07:19,10/12/2013,06:07:19,1.43,9.82,81.80,962.53,180
10/12/2013 06:07:49,10/12/2013,06:07:49,0.22,9.82,81.80,962.56,180
10/12/2013 06:08:19,10/12/2013,06:08:19,0.62,9.82,82.00,962.56,155
10/12/2013 06:08:49,10/12/2013,06:08:49,0.00,9.87,82.00,962.60,167
10/12/2013 06:09:19,10/12/2013,06:09:19,1.98,9.87,82.00,962.54,191
10/12/2013 06:09:49,10/12/2013,06:09:49,1.41,9.92,82.09,962.55,163
10/12/2013 06:10:19,10/12/2013,06:10:19,0.05,9.92,82.00,962.59,152
10/12/2013 06:10:49,10/12/2013,06:10:49,1.52,9.92,82.09,962.55,131
10/12/2013 06:11:19,10/12/2013,06:11:19,0.18,9.92,82.09,962.55,165
10/12/2013 06:11:49,10/12/2013,06:11:49,0.00,9.92,82.09,962.54,154
10/12/2013 06:12:19,10/12/2013,06:12:19,0.00,9.92,82.19,962.53,182
10/12/2013 06:12:49,10/12/2013,06:12:49,0.43,9.92,82.30,962.56,202
10/12/2013 06:13:19,10/12/2013,06:13:19,2.49,9.92,82.30,962.49,172
10/12/2013 06:13:49,10/12/2013,06:13:49,0.73,9.92,82.50,962.50,172
10/12/2013 06:14:19,10/12/2013,06:14:19,0.09,9.94,82.50,962.50,124
10/12/2013 06:14:49,10/12/2013,06:14:49,3.30,10.00,82.19,962.45,166
10/12/2013 06:15:19,10/12/2013,06:15:19,0.41,9.94,82.40,962.49,149
10/12/2013 06:15:49,10/12/2013,06:15:49,0.00,10.00,82.50,962.49,182
10/12/2013 06:16:19,10/12/2013,06:16:19,2.22,10.00,82.59,962.45,160
10/12/2013 06:16:49,10/12/2013,06:16:49,0.22,10.00,82.59,962.48,178
10/12/2013 06:17:19,10/12/2013,06:17:19,1.40,10.00,82.69,962.45,195
10/12/2013 06:17:49,10/12/2013,06:17:49,0.00,10.00,82.69,962.47,165
10/12/2013 06:18:19,10/12/2013,06:18:19,0.00,10.00,82.80,962.47,191
10/12/2013 06:18:49,10/12/2013,06:18:49,0.00,10.00,82.90,962.46,180
10/12/2013 06:19:19,10/12/2013,06:19:19,0.00,10.00,82.80,962.45,184
10/12/2013 06:19:49,10/12/2013,06:19:49,0.29,10.02,82.90,962.45,181
10/12/2013 06:20:19,10/12/2013,06:20:19,1.31,10.02,82.90,962.42,182
10/12/2013 06:20:49,10/12/2013,06:20:49,0.87,10.07,82.90,962.42,123
10/12/2013 06:21:19,10/12/2013,06:21:19,1.06,10.07,83.00,962.40,158
10/12/2013 06:21:49,10/12/2013,06:21:49,1.49,10.07,83.00,962.40,182
10/12/2013 06:22:19,10/12/2013,06:22:19,1.72,10.07,82.90,962.35,180
10/12/2013 06:22:49,10/12/2013,06:22:49,0.87,10.07,82.90,962.38,130
10/12/2013 06:23:19,10/12/2013,06:23:19,1.06,10.07,83.00,962.38,181
10/12/2013 06:23:49,10/12/2013,06:23:49,0.93,10.07,83.00,962.39,160
10/12/2013 06:24:19,10/12/2013,06:24:19,2.16,10.07,82.90,962.37,180
10/12/2013 06:24:49,10/12/2013,06:24:49,0.00,10.07,82.80,962.44,182
10/12/2013 06:25:19,10/12/2013,06:25:19,0.00,10.07,82.80,962.48,130
10/12/2013 06:25:49,10/12/2013,06:25:49,0.65,10.10,83.00,962.48,195
10/12/2013 06:26:19,10/12/2013,06:26:19,2.66,10.14,82.50,962.38,208
10/12/2013 06:26:49,10/12/2013,06:26:49,0.22,10.14,82.50,962.40,157
10/12/2013 06:27:19,10/12/2013,06:27:19,1.20,10.14,82.59,962.40,163
10/12/2013 06:27:49,10/12/2013,06:27:49,0.56,10.10,82.69,962.42,183
10/12/2013 06:28:19,10/12/2013,06:28:19,2.02,10.14,82.69,962.39,177
10/12/2013 06:28:49,10/12/2013,06:28:49,0.00,10.14,82.69,962.44,148
10/12/2013 06:29:19,10/12/2013,06:29:19,2.99,10.14,82.50,962.39,180
10/12/2013 06:29:49,10/12/2013,06:29:49,0.00,10.14,82.59,962.42,147
10/12/2013 06:30:19,10/12/2013,06:30:19,1.26,10.14,82.69,962.40,197
10/12/2013 06:30:49,10/12/2013,06:30:49,0.00,10.14,82.59,962.41,169
10/12/2013 06:31:19,10/12/2013,06:31:19,0.00,10.19,82.69,962.41,178
10/12/2013 06:31:49,10/12/2013,06:31:49,2.90,10.19,82.40,962.39,175
10/12/2013 06:32:19,10/12/2013,06:32:19,2.26,10.22,82.40,962.38,182
10/12/2013 06:32:49,10/12/2013,06:32:49,0.73,10.22,82.40,962.39,159
10/12/2013 06:33:19,10/12/2013,06:33:19,0.00,10.22,82.30,962.39,124
10/12/2013 06:33:49,10/12/2013,06:33:49,0.00,10.22,82.50,962.39,184
10/12/2013 06:34:19,10/12/2013,06:34:19,0.00,10.22,82.59,962.41,125
10/12/2013 06:34:49,10/12/2013,06:34:49,0.00,10.22,82.59,962.41,155
10/12/2013 06:35:19,10/12/2013,06:35:19,1.31,10.22,82.59,962.39,167
10/12/2013 06:35:49,10/12/2013,06:35:49,0.45,10.22,82.69,962.40,151
10/12/2013 06:36:19,10/12/2013,06:36:19,2.58,10.30,82.19,962.34,192
10/12/2013 06:36:49,10/12/2013,06:36:49,1.63,10.30,82.19,962.34,175
10/12/2013 06:37:19,10/12/2013,06:37:19,0.09,10.27,82.30,962.38,146
10/12/2013 06:37:49,10/12/2013,06:37:49,0.00,10.27,82.30,962.40,151
10/12/2013 06:38:19,10/12/2013,06:38:19,0.16,10.27,82.40,962.37,176
10/12/2013 06:38:49,10/12/2013,06:38:49,1.15,10.27,82.50,962.34,180
10/12/2013 06:39:19,10/12/2013,06:39:19,0.00,10.30,82.50,962.35,71
10/12/2013 06:39:49,10/12/2013,06:39:49,0.72,10.30,82.59,962.31,165
10/12/2013 06:40:19,10/12/2013,06:40:19,1.48,10.35,82.69,962.30,184
10/12/2013 06:40:49,10/12/2013,06:40:49,1.24,10.30,82.69,962.26,162
10/12/2013 06:41:19,10/12/2013,06:41:19,1.08,10.30,82.69,962.25,150
10/12/2013 06:41:49,10/12/2013,06:41:49,0.41,10.35,82.69,962.31,180
10/12/2013 06:42:19,10/12/2013,06:42:19,0.76,10.35,82.80,962.30,184
10/12/2013 06:42:49,10/12/2013,06:42:49,0.61,10.39,82.59,962.29,168
10/12/2013 06:43:19,10/12/2013,06:43:19,1.40,10.39,82.69,962.26,169
10/12/2013 06:43:49,10/12/2013,06:43:49,0.00,10.39,82.59,962.31,146
10/12/2013 06:44:19,10/12/2013,06:44:19,0.00,10.39,82.69,962.30,168
10/12/2013 06:44:49,10/12/2013,06:44:49,0.00,10.39,82.59,962.31,150
10/12/2013 06:45:19,10/12/2013,06:45:19,0.00,10.42,82.69,962.31,163
10/12/2013 06:45:49,10/12/2013,06:45:49,0.13,10.42,82.80,962.34,182
10/12/2013 06:46:19,10/12/2013,06:46:19,0.00,10.42,82.69,962.32,182
10/12/2013 06:46:49,10/12/2013,06:46:49,2.18,10.47,82.69,962.27,197
10/12/2013 06:47:19,10/12/2013,06:47:19,0.68,10.47,82.69,962.32,139
10/12/2013 06:47:49,10/12/2013,06:47:49,0.00,10.47,82.59,962.31,180
10/12/2013 06:48:19,10/12/2013,06:48:19,1.30,10.47,82.69,962.31,180
10/12/2013 06:48:49,10/12/2013,06:48:49,0.99,10.47,82.69,962.30,180
10/12/2013 06:49:19,10/12/2013,06:49:19,1.38,10.55,82.80,962.26,162
10/12/2013 06:49:49,10/12/2013,06:49:49,0.72,10.50,83.09,962.27,101
10/12/2013 06:50:19,10/12/2013,06:50:19,0.74,10.55,83.19,962.30,191
10/12/2013 06:50:49,10/12/2013,06:50:49,0.98,10.55,83.30,962.30,209
10/12/2013 06:51:19,10/12/2013,06:51:19,1.02,10.55,83.40,962.29,182
10/12/2013 06:51:49,10/12/2013,06:51:49,1.80,10.57,83.50,962.29,180
10/12/2013 06:52:19,10/12/2013,06:52:19,1.81,10.57,83.50,962.26,178
10/12/2013 06:52:49,10/12/2013,06:52:49,2.20,10.62,83.50,962.27,176
10/12/2013 06:53:19,10/12/2013,06:53:19,1.88,10.62,83.50,962.24,162
10/12/2013 06:53:49,10/12/2013,06:53:49,0.00,10.62,83.30,962.29,165
10/12/2013 06:54:19,10/12/2013,06:54:19,0.00,10.62,83.30,962.30,168
10/12/2013 06:54:49,10/12/2013,06:54:49,0.44,10.62,83.50,962.29,165
10/12/2013 06:55:19,10/12/2013,06:55:19,0.00,10.62,83.59,962.32,199
10/12/2013 06:55:49,10/12/2013,06:55:49,0.00,10.62,83.50,962.35,137
10/12/2013 06:56:19,10/12/2013,06:56:19,0.00,10.62,83.59,962.35,198
10/12/2013 06:56:49,10/12/2013,06:56:49,0.00,10.62,83.59,962.33,152
10/12/2013 06:57:19,10/12/2013,06:57:19,0.51,10.62,83.69,962.33,182
10/12/2013 06:57:49,10/12/2013,06:57:49,1.18,10.67,83.90,962.31,140
10/12/2013 06:58:19,10/12/2013,06:58:19,1.44,10.69,83.90,962.25,185
10/12/2013 06:58:49,10/12/2013,06:58:49,0.51,10.67,83.90,962.29,171
10/12/2013 06:59:19,10/12/2013,06:59:19,0.00,10.67,83.69,962.30,160
10/12/2013 06:59:49,10/12/2013,06:59:49,0.00,10.69,83.69,962.31,176
10/12/2013 07:00:19,10/12/2013,07:00:19,0.00,10.67,83.69,962.32,146
10/12/2013 07:00:49,10/12/2013,07:00:49,0.00,10.67,83.69,962.33,167
10/12/2013 07:01:19,10/12/2013,07:01:19,0.00,10.69,83.80,962.30,167
10/12/2013 07:01:49,10/12/2013,07:01:49,0.00,10.69,83.80,962.30,159
10/12/2013 07:02:19,10/12/2013,07:02:19,1.47,10.77,84.09,962.29,190
10/12/2013 07:02:49,10/12/2013,07:02:49,2.27,10.77,84.00,962.26,179
10/12/2013 07:03:19,10/12/2013,07:03:19,1.72,10.77,84.00,962.25,175
10/12/2013 07:03:49,10/12/2013,07:03:49,1.40,10.77,84.00,962.27,173
10/12/2013 07:04:19,10/12/2013,07:04:19,1.83,10.77,84.00,962.26,174
10/12/2013 07:04:49,10/12/2013,07:04:49,0.88,10.77,84.00,962.25,182
10/12/2013 07:05:19,10/12/2013,07:05:19,0.00,10.77,83.90,962.30,160
10/12/2013 07:05:49,10/12/2013,07:05:49,0.00,10.77,84.09,962.32,166
10/12/2013 07:06:19,10/12/2013,07:06:19,0.00,10.77,84.09,962.31,191
10/12/2013 07:06:49,10/12/2013,07:06:49,0.00,10.77,84.19,962.31,173
10/12/2013 07:07:19,10/12/2013,07:07:19,0.00,10.82,84.30,962.30,178
10/12/2013 07:07:49,10/12/2013,07:07:49,1.80,10.87,84.09,962.23,177
10/12/2013 07:08:19,10/12/2013,07:08:19,0.00,10.87,84.09,962.25,171
10/12/2013 07:08:49,10/12/2013,07:08:49,0.00,10.87,84.00,962.26,126
10/12/2013 07:09:19,10/12/2013,07:09:19,0.49,10.82,84.19,962.25,176
10/12/2013 07:09:49,10/12/2013,07:09:49,1.66,10.87,84.19,962.23,180
10/12/2013 07:10:19,10/12/2013,07:10:19,0.00,10.87,84.00,962.26,167
10/12/2013 07:10:49,10/12/2013,07:10:49,0.00,10.87,84.19,962.26,184
10/12/2013 07:11:19,10/12/2013,07:11:19,0.00,10.87,84.19,962.25,190
10/12/2013 07:11:49,10/12/2013,07:11:49,1.29,10.89,84.30,962.23,187
10/12/2013 07:12:19,10/12/2013,07:12:19,2.38,10.94,84.09,962.18,171
10/12/2013 07:12:49,10/12/2013,07:12:49,0.00,10.87,84.00,962.22,160
10/12/2013 07:13:19,10/12/2013,07:13:19,0.00,10.87,84.00,962.23,167
10/12/2013 07:13:49,10/12/2013,07:13:49,0.08,10.89,84.09,962.24,178
10/12/2013 07:14:19,10/12/2013,07:14:19,0.84,10.89,84.19,962.21,183
10/12/2013 07:14:49,10/12/2013,07:14:49,0.68,10.89,84.30,962.21,185
10/12/2013 07:15:19,10/12/2013,07:15:19,0.33,10.94,84.30,962.19,160
10/12/2013 07:15:49,10/12/2013,07:15:49,1.23,10.94,84.30,962.17,162
10/12/2013 07:16:19,10/12/2013,07:16:19,0.97,10.94,84.30,962.19,163
10/12/2013 07:16:49,10/12/2013,07:16:49,1.38,10.97,84.19,962.22,188
10/12/2013 07:17:19,10/12/2013,07:17:19,1.48,11.02,84.00,962.19,153
10/12/2013 07:17:49,10/12/2013,07:17:49,1.87,11.02,84.09,962.23,174
10/12/2013 07:18:19,10/12/2013,07:18:19,3.27,11.05,83.40,962.21,191
10/12/2013 07:18:49,10/12/2013,07:18:49,1.33,11.05,83.50,962.21,188
10/12/2013 07:19:19,10/12/2013,07:19:19,2.76,11.10,83.19,962.17,180
10/12/2013 07:19:49,10/12/2013,07:19:49,2.52,11.10,83.00,962.19,186
10/12/2013 07:20:19,10/12/2013,07:20:19,0.09,11.10,83.19,962.21,215
10/12/2013 07:20:49,10/12/2013,07:20:49,1.30,11.10,83.50,962.22,187
10/12/2013 07:21:19,10/12/2013,07:21:19,1.26,11.10,83.59,962.25,180
10/12/2013 07:21:49,10/12/2013,07:21:49,1.84,11.10,83.59,962.21,186
10/12/2013 07:22:19,10/12/2013,07:22:19,1.12,11.10,83.40,962.23,150
10/12/2013 07:22:49,10/12/2013,07:22:49,3.04,11.14,83.00,962.21,163
10/12/2013 07:23:19,10/12/2013,07:23:19,2.61,11.14,83.09,962.22,198
10/12/2013 07:23:49,10/12/2013,07:23:49,1.95,11.17,83.00,962.23,208
10/12/2013 07:24:19,10/12/2013,07:24:19,1.97,11.17,83.09,962.23,182
10/12/2013 07:24:49,10/12/2013,07:24:49,0.16,11.14,83.19,962.25,166
10/12/2013 07:25:19,10/12/2013,07:25:19,0.00,11.14,83.30,962.25,167
10/12/2013 07:25:49,10/12/2013,07:25:49,0.19,11.14,83.40,962.26,168
10/12/2013 07:26:19,10/12/2013,07:26:19,1.52,11.14,83.40,962.25,192
10/12/2013 07:26:49,10/12/2013,07:26:49,0.58,11.14,83.30,962.26,172
10/12/2013 07:27:19,10/12/2013,07:27:19,0.55,11.14,83.40,962.27,192
10/12/2013 07:27:49,10/12/2013,07:27:49,1.73,11.17,83.40,962.23,207
10/12/2013 07:28:19,10/12/2013,07:28:19,1.12,11.17,83.40,962.24,176
10/12/2013 07:28:49,10/12/2013,07:28:49,2.74,11.17,83.00,962.19,164
10/12/2013 07:29:19,10/12/2013,07:29:19,0.45,11.17,83.09,962.21,174
10/12/2013 07:29:49,10/12/2013,07:29:49,1.34,11.17,83.30,962.18,170
10/12/2013 07:30:19,10/12/2013,07:30:19,2.27,11.22,83.19,962.14,188
10/12/2013 07:30:49,10/12/2013,07:30:49,1.43,11.22,83.00,962.16,161
10/12/2013 07:31:19,10/12/2013,07:31:19,2.83,11.25,82.69,962.16,200
10/12/2013 07:31:49,10/12/2013,07:31:49,2.15,11.25,82.59,962.15,186
10/12/2013 07:32:19,10/12/2013,07:32:19,1.18,11.25,82.90,962.17,196
10/12/2013 07:32:49,10/12/2013,07:32:49,1.47,11.25,83.00,962.18,175
10/12/2013 07:33:19,10/12/2013,07:33:19,1.48,11.25,82.90,962.15,171
10/12/2013 07:33:49,10/12/2013,07:33:49,1.52,11.25,82.80,962.18,147
10/12/2013 07:34:19,10/12/2013,07:34:19,0.66,11.25,82.90,962.18,187
10/12/2013 07:34:49,10/12/2013,07:34:49,1.81,11.25,82.90,962.15,166
10/12/2013 07:35:19,10/12/2013,07:35:19,0.38,11.25,83.09,962.18,124
10/12/2013 07:35:49,10/12/2013,07:35:49,0.97,11.25,83.19,962.19,183
10/12/2013 07:36:19,10/12/2013,07:36:19,1.97,11.25,83.09,962.19,180
10/12/2013 07:36:49,10/12/2013,07:36:49,2.20,11.32,83.00,962.19,173
10/12/2013 07:37:19,10/12/2013,07:37:19,1.91,11.30,82.90,962.22,164
10/12/2013 07:37:49,10/12/2013,07:37:49,2.66,11.32,82.40,962.19,172
10/12/2013 07:38:19,10/12/2013,07:38:19,1.54,11.32,82.69,962.21,180
10/12/2013 07:38:49,10/12/2013,07:38:49,0.61,11.25,82.80,962.23,170
10/12/2013 07:39:19,10/12/2013,07:39:19,0.91,11.32,83.00,962.23,118
10/12/2013 07:39:49,10/12/2013,07:39:49,2.76,11.32,82.69,962.22,187
10/12/2013 07:40:19,10/12/2013,07:40:19,3.15,11.37,82.40,962.21,192
10/12/2013 07:40:49,10/12/2013,07:40:49,2.76,11.37,82.30,962.18,181
10/12/2013 07:41:19,10/12/2013,07:41:19,2.42,11.37,82.30,962.22,175
10/12/2013 07:41:49,10/12/2013,07:41:49,1.12,11.37,82.50,962.23,184
10/12/2013 07:42:19,10/12/2013,07:42:19,0.91,11.32,82.69,962.23,185
10/12/2013 07:42:49,10/12/2013,07:42:49,2.80,11.37,82.50,962.22,196
10/12/2013 07:43:19,10/12/2013,07:43:19,0.91,11.37,82.59,962.23,173
10/12/2013 07:43:49,10/12/2013,07:43:49,2.05,11.37,82.59,962.23,170
10/12/2013 07:44:19,10/12/2013,07:44:19,0.00,11.37,82.69,962.22,192
10/12/2013 07:44:49,10/12/2013,07:44:49,4.22,11.42,82.09,962.19,180
10/12/2013 07:45:19,10/12/2013,07:45:19,2.18,11.44,82.19,962.16,202
10/12/2013 07:45:49,10/12/2013,07:45:49,2.48,11.44,82.00,962.16,155
10/12/2013 07:46:19,10/12/2013,07:46:19,2.79,11.44,81.90,962.19,192
10/12/2013 07:46:49,10/12/2013,07:46:49,2.30,11.44,81.80,962.21,216
10/12/2013 07:47:19,10/12/2013,07:47:19,1.58,11.44,82.19,962.23,170
10/12/2013 07:47:49,10/12/2013,07:47:49,1.20,11.44,82.50,962.22,171
10/12/2013 07:48:19,10/12/2013,07:48:19,2.47,11.44,82.50,962.23,206
10/12/2013 07:48:49,10/12/2013,07:48:49,1.61,11.42,82.59,962.25,175
10/12/2013 07:49:19,10/12/2013,07:49:19,2.23,11.50,82.30,962.22,178
10/12/2013 07:49:49,10/12/2013,07:49:49,2.55,11.50,82.19,962.23,164
10/12/2013 07:50:19,10/12/2013,07:50:19,1.94,11.50,82.19,962.22,155
10/12/2013 07:50:49,10/12/2013,07:50:49,1.19,11.50,82.50,962.24,182
10/12/2013 07:51:19,10/12/2013,07:51:19,2.80,11.50,82.00,962.27,188
10/12/2013 07:51:49,10/12/2013,07:51:49,0.98,11.50,82.19,962.26,208
10/12/2013 07:52:19,10/12/2013,07:52:19,1.19,11.50,82.40,962.25,198
10/12/2013 07:52:49,10/12/2013,07:52:49,0.24,11.50,82.50,962.30,188
10/12/2013 07:53:19,10/12/2013,07:53:19,1.47,11.50,82.59,962.27,162
10/12/2013 07:53:49,10/12/2013,07:53:49,2.92,11.57,82.30,962.26,185
10/12/2013 07:54:19,10/12/2013,07:54:19,1.97,11.52,82.19,962.26,148
10/12/2013 07:54:49,10/12/2013,07:54:49,2.44,11.57,82.09,962.25,187
10/12/2013 07:55:19,10/12/2013,07:55:19,1.84,11.57,82.19,962.27,195
10/12/2013 07:55:49,10/12/2013,07:55:49,2.52,11.57,82.00,962.22,178
10/12/2013 07:56:19,10/12/2013,07:56:19,1.44,11.57,82.19,962.24,208
10/12/2013 07:56:49,10/12/2013,07:56:49,3.77,11.57,82.00,962.26,199
10/12/2013 07:57:19,10/12/2013,07:57:19,2.11,11.57,82.00,962.25,174
10/12/2013 07:57:49,10/12/2013,07:57:49,2.11,11.57,82.00,962.23,172
10/12/2013 07:58:19,10/12/2013,07:58:19,2.02,11.57,82.19,962.25,204
10/12/2013 07:58:49,10/12/2013,07:58:49,1.99,11.62,82.40,962.26,168
10/12/2013 07:59:19,10/12/2013,07:59:19,1.27,11.62,82.40,962.27,173
10/12/2013 07:59:49,10/12/2013,07:59:49,2.37,11.64,82.30,962.29,198
10/12/2013 08:00:19,10/12/2013,08:00:19,2.04,11.62,82.19,962.24,164
10/12/2013 08:00:49,10/12/2013,08:00:49,0.45,11.62,82.19,962.27,128
10/12/2013 08:01:19,10/12/2013,08:01:19,0.48,11.57,82.40,962.27,160
10/12/2013 08:01:49,10/12/2013,08:01:49,1.79,11.62,82.50,962.27,169
10/12/2013 08:02:19,10/12/2013,08:02:19,1.37,11.64,82.59,962.26,180
10/12/2013 08:02:49,10/12/2013,08:02:49,1.80,11.64,82.59,962.27,182
10/12/2013 08:03:19,10/12/2013,08:03:19,2.66,11.64,82.40,962.25,180
10/12/2013 08:03:49,10/12/2013,08:03:49,2.19,11.64,82.40,962.25,189
10/12/2013 08:04:19,10/12/2013,08:04:19,1.34,11.64,82.40,962.25,185
10/12/2013 08:04:49,10/12/2013,08:04:49,1.31,11.64,82.59,962.25,128
10/12/2013 08:05:19,10/12/2013,08:05:19,2.34,11.64,82.40,962.25,167
10/12/2013 08:05:49,10/12/2013,08:05:49,0.63,11.64,82.59,962.27,174
10/12/2013 08:06:19,10/12/2013,08:06:19,0.59,11.64,82.69,962.27,164
10/12/2013 08:06:49,10/12/2013,08:06:49,1.52,11.64,82.80,962.25,191
10/12/2013 08:07:19,10/12/2013,08:07:19,0.16,11.64,82.69,962.29,207
10/12/2013 08:07:49,10/12/2013,08:07:49,1.98,11.64,82.80,962.27,183
10/12/2013 08:08:19,10/12/2013,08:08:19,2.54,11.69,82.69,962.24,182
10/12/2013 08:08:49,10/12/2013,08:08:49,0.30,11.64,82.80,962.27,200
10/12/2013 08:09:19,10/12/2013,08:09:19,0.00,11.69,82.90,962.27,190
10/12/2013 08:09:49,10/12/2013,08:09:49,1.76,11.69,82.90,962.26,169
10/12/2013 08:10:19,10/12/2013,08:10:19,2.22,11.69,82.80,962.25,198
10/12/2013 08:10:49,10/12/2013,08:10:49,0.23,11.69,82.69,962.27,178
10/12/2013 08:11:19,10/12/2013,08:11:19,2.09,11.72,82.80,962.27,186
10/12/2013 08:11:49,10/12/2013,08:11:49,3.24,11.72,82.50,962.25,186
10/12/2013 08:12:19,10/12/2013,08:12:19,2.83,11.72,82.40,962.26,178
10/12/2013 08:12:49,10/12/2013,08:12:49,2.33,11.72,82.40,962.25,197
10/12/2013 08:13:19,10/12/2013,08:13:19,2.38,11.72,82.50,962.26,176
10/12/2013 08:13:49,10/12/2013,08:13:49,2.61,11.72,82.50,962.24,194
10/12/2013 08:14:19,10/12/2013,08:14:19,0.97,11.77,82.59,962.25,224
10/12/2013 08:14:49,10/12/2013,08:14:49,0.00,11.72,82.69,962.27,200
10/12/2013 08:15:19,10/12/2013,08:15:19,0.00,11.72,82.90,962.30,211
10/12/2013 08:15:49,10/12/2013,08:15:49,0.00,11.72,83.00,962.30,201
10/12/2013 08:16:19,10/12/2013,08:16:19,0.00,11.72,83.00,962.33,176
10/12/2013 08:16:49,10/12/2013,08:16:49,2.33,11.72,83.09,962.29,176
10/12/2013 08:17:19,10/12/2013,08:17:19,2.47,11.80,82.69,962.26,202
10/12/2013 08:17:49,10/12/2013,08:17:49,3.02,11.85,82.50,962.25,189
10/12/2013 08:18:19,10/12/2013,08:18:19,1.90,11.80,82.50,962.24,187
10/12/2013 08:18:49,10/12/2013,08:18:49,2.65,11.80,82.59,962.26,178
10/12/2013 08:19:19,10/12/2013,08:19:19,2.06,11.80,82.59,962.26,184
10/12/2013 08:19:49,10/12/2013,08:19:49,0.54,11.80,82.59,962.31,175
10/12/2013 08:20:19,10/12/2013,08:20:19,2.88,11.80,82.69,962.27,204
10/12/2013 08:20:49,10/12/2013,08:20:49,3.05,11.85,82.40,962.25,189
10/12/2013 08:21:19,10/12/2013,08:21:19,3.19,11.85,82.40,962.26,207
10/12/2013 08:21:49,10/12/2013,08:21:49,3.17,11.80,82.19,962.25,169
10/12/2013 08:22:19,10/12/2013,08:22:19,2.56,11.85,82.40,962.25,190
10/12/2013 08:22:49,10/12/2013,08:22:49,1.87,11.85,82.50,962.29,179
10/12/2013 08:23:19,10/12/2013,08:23:19,1.65,11.85,82.69,962.29,169
10/12/2013 08:23:49,10/12/2013,08:23:49,1.59,11.85,82.80,962.29,185
10/12/2013 08:24:19,10/12/2013,08:24:19,0.29,11.89,82.59,962.30,234
10/12/2013 08:24:49,10/12/2013,08:24:49,1.31,11.89,82.80,962.30,167
10/12/2013 08:25:19,10/12/2013,08:25:19,2.30,11.89,82.80,962.29,182
10/12/2013 08:25:49,10/12/2013,08:25:49,3.22,11.89,82.59,962.29,209
10/12/2013 08:26:19,10/12/2013,08:26:19,3.81,11.92,82.50,962.25,180
10/12/2013 08:26:49,10/12/2013,08:26:49,2.73,11.92,82.59,962.27,188
10/12/2013 08:27:19,10/12/2013,08:27:19,1.31,11.92,82.59,962.33,205
10/12/2013 08:27:49,10/12/2013,08:27:49,0.41,11.89,82.80,962.35,172
10/12/2013 08:28:19,10/12/2013,08:28:19,2.69,11.92,82.50,962.32,165
10/12/2013 08:28:49,10/12/2013,08:28:49,2.90,11.92,82.50,962.32,180
10/12/2013 08:29:19,10/12/2013,08:29:19,2.83,11.89,82.50,962.33,166
10/12/2013 08:29:49,10/12/2013,08:29:49,1.84,11.92,82.69,962.35,203
10/12/2013 08:30:19,10/12/2013,08:30:19,2.12,11.92,82.90,962.35,189
10/12/2013 08:30:49,10/12/2013,08:30:49,1.81,11.92,82.80,962.33,165
10/12/2013 08:31:19,10/12/2013,08:31:19,1.74,11.97,82.90,962.33,160
10/12/2013 08:31:49,10/12/2013,08:31:49,2.91,11.97,82.69,962.31,174
10/12/2013 08:32:19,10/12/2013,08:32:19,2.20,11.92,82.69,962.35,198
10/12/2013 08:32:49,10/12/2013,08:32:49,3.11,11.97,82.59,962.33,164
10/12/2013 08:33:19,10/12/2013,08:33:19,4.01,11.97,82.09,962.30,197
10/12/2013 08:33:49,10/12/2013,08:33:49,2.13,11.97,82.50,962.32,194
10/12/2013 08:34:19,10/12/2013,08:34:19,2.18,11.97,82.80,962.32,179
10/12/2013 08:34:49,10/12/2013,08:34:49,2.04,11.97,83.00,962.32,161
10/12/2013 08:35:19,10/12/2013,08:35:19,2.05,11.97,83.09,962.32,182
10/12/2013 08:35:49,10/12/2013,08:35:49,2.40,11.97,83.09,962.31,195
10/12/2013 08:36:19,10/12/2013,08:36:19,2.72,11.97,83.09,962.32,156
10/12/2013 08:36:49,10/12/2013,08:36:49,3.67,11.97,82.90,962.27,203
10/12/2013 08:37:19,10/12/2013,08:37:19,2.51,11.97,82.80,962.30,156
10/12/2013 08:37:49,10/12/2013,08:37:49,3.38,12.00,82.80,962.26,199
10/12/2013 08:38:19,10/12/2013,08:38:19,2.92,11.97,82.90,962.29,183
10/12/2013 08:38:49,10/12/2013,08:38:49,2.05,11.97,83.09,962.29,186
10/12/2013 08:39:19,10/12/2013,08:39:19,0.90,12.00,83.30,962.29,146
10/12/2013 08:39:49,10/12/2013,08:39:49,1.95,12.05,83.40,962.25,205
10/12/2013 08:40:19,10/12/2013,08:40:19,1.83,12.05,83.50,962.27,218
10/12/2013 08:40:49,10/12/2013,08:40:49,2.40,12.05,83.50,962.27,192
10/12/2013 08:41:19,10/12/2013,08:41:19,3.29,12.05,83.30,962.24,182
10/12/2013 08:41:49,10/12/2013,08:41:49,2.95,12.05,83.19,962.25,198
10/12/2013 08:42:19,10/12/2013,08:42:19,3.33,12.05,83.09,962.27,179
10/12/2013 08:42:49,10/12/2013,08:42:49,1.65,12.05,83.19,962.26,184
10/12/2013 08:43:19,10/12/2013,08:43:19,3.19,12.05,83.00,962.27,204
10/12/2013 08:43:49,10/12/2013,08:43:49,2.44,12.05,83.09,962.27,182
10/12/2013 08:44:19,10/12/2013,08:44:19,0.79,12.05,83.40,962.32,199
10/12/2013 08:44:49,10/12/2013,08:44:49,4.49,12.10,82.90,962.26,189
10/12/2013 08:45:19,10/12/2013,08:45:19,1.54,12.10,83.09,962.29,169
10/12/2013 08:45:49,10/12/2013,08:45:49,0.52,12.10,83.30,962.30,163
10/12/2013 08:46:19,10/12/2013,08:46:19,2.19,12.12,83.40,962.27,193
10/12/2013 08:46:49,10/12/2013,08:46:49,1.88,12.12,83.40,962.26,183
10/12/2013 08:47:19,10/12/2013,08:47:19,1.70,12.12,83.40,962.27,153
10/12/2013 08:47:49,10/12/2013,08:47:49,2.11,12.10,83.59,962.29,184
10/12/2013 08:48:19,10/12/2013,08:48:19,1.83,12.12,83.69,962.27,192
10/12/2013 08:48:49,10/12/2013,08:48:49,1.59,12.12,83.69,962.31,160
10/12/2013 08:49:19,10/12/2013,08:49:19,2.76,12.12,83.69,962.25,165
10/12/2013 08:49:49,10/12/2013,08:49:49,2.80,12.12,83.80,962.25,175
10/12/2013 08:50:19,10/12/2013,08:50:19,3.09,12.17,83.59,962.26,188
10/12/2013 08:50:49,10/12/2013,08:50:49,4.15,12.17,83.19,962.23,175
10/12/2013 08:51:19,10/12/2013,08:51:19,1.12,12.19,83.69,962.27,198
10/12/2013 08:51:49,10/12/2013,08:51:49,1.26,12.17,84.09,962.31,186
10/12/2013 08:52:19,10/12/2013,08:52:19,2.30,12.17,84.30,962.30,174
10/12/2013 08:52:49,10/12/2013,08:52:49,2.62,12.17,84.40,962.31,189
10/12/2013 08:53:19,10/12/2013,08:53:19,2.40,12.17,84.40,962.30,186
10/12/2013 08:53:49,10/12/2013,08:53:49,1.98,12.19,84.50,962.30,198
10/12/2013 08:54:19,10/12/2013,08:54:19,2.22,12.19,84.59,962.33,194
10/12/2013 08:54:49,10/12/2013,08:54:49,0.87,12.19,84.69,962.34,214
10/12/2013 08:55:19,10/12/2013,08:55:19,1.52,12.19,84.90,962.31,211
10/12/2013 08:55:49,10/12/2013,08:55:49,0.00,12.19,84.90,962.34,198
10/12/2013 08:56:19,10/12/2013,08:56:19,2.67,12.19,84.90,962.35,172
10/12/2013 08:56:49,10/12/2013,08:56:49,3.67,12.19,84.80,962.32,186
10/12/2013 08:57:19,10/12/2013,08:57:19,2.38,12.19,84.80,962.31,180
10/12/2013 08:57:49,10/12/2013,08:57:49,1.48,12.19,85.00,962.33,193
10/12/2013 08:58:19,10/12/2013,08:58:19,2.01,12.19,85.09,962.34,189
10/12/2013 08:58:49,10/12/2013,08:58:49,2.05,12.19,85.19,962.33,190
10/12/2013 08:59:19,10/12/2013,08:59:19,1.63,12.27,85.19,962.35,165
10/12/2013 08:59:49,10/12/2013,08:59:49,2.62,12.25,85.09,962.37,195
10/12/2013 09:00:19,10/12/2013,09:00:19,2.90,12.27,85.19,962.34,176
10/12/2013 09:00:49,10/12/2013,09:00:49,2.76,12.25,85.09,962.37,189
10/12/2013 09:01:19,10/12/2013,09:01:19,2.76,12.25,85.19,962.37,185
10/12/2013 09:01:49,10/12/2013,09:01:49,3.51,12.27,85.19,962.32,188
10/12/2013 09:02:19,10/12/2013,09:02:19,3.08,12.25,85.19,962.35,197
10/12/2013 09:02:49,10/12/2013,09:02:49,1.34,12.27,85.30,962.38,190
10/12/2013 09:03:19,10/12/2013,09:03:19,0.05,12.27,85.30,962.41,195
10/12/2013 09:03:49,10/12/2013,09:03:49,1.31,12.27,85.40,962.42,191
10/12/2013 09:04:19,10/12/2013,09:04:19,2.65,12.27,85.50,962.37,190
10/12/2013 09:04:49,10/12/2013,09:04:49,0.79,12.27,85.50,962.37,183
10/12/2013 09:05:19,10/12/2013,09:05:19,2.04,12.27,85.50,962.35,171
10/12/2013 09:05:49,10/12/2013,09:05:49,1.74,12.27,85.59,962.37,209
10/12/2013 09:06:19,10/12/2013,09:06:19,2.09,12.27,85.59,962.35,162
10/12/2013 09:06:49,10/12/2013,09:06:49,1.86,12.27,85.69,962.34,189
10/12/2013 09:07:19,10/12/2013,09:07:19,0.19,12.27,85.69,962.37,182
10/12/2013 09:07:49,10/12/2013,09:07:49,1.61,12.27,85.69,962.38,204
10/12/2013 09:08:19,10/12/2013,09:08:19,1.23,12.27,85.69,962.37,182
10/12/2013 09:08:49,10/12/2013,09:08:49,1.74,12.27,85.80,962.33,201
10/12/2013 09:09:19,10/12/2013,09:09:19,1.90,12.27,85.90,962.33,186
10/12/2013 09:09:49,10/12/2013,09:09:49,1.44,12.27,85.90,962.34,173
10/12/2013 09:10:19,10/12/2013,09:10:19,1.80,12.27,86.00,962.34,153
10/12/2013 09:10:49,10/12/2013,09:10:49,2.51,12.27,86.00,962.34,193
10/12/2013 09:11:19,10/12/2013,09:11:19,2.37,12.27,86.09,962.32,204
10/12/2013 09:11:49,10/12/2013,09:11:49,2.12,12.32,86.09,962.32,188
10/12/2013 09:12:19,10/12/2013,09:12:19,2.30,12.27,86.09,962.35,222
10/12/2013 09:12:49,10/12/2013,09:12:49,1.16,12.32,86.19,962.37,217
10/12/2013 09:13:19,10/12/2013,09:13:19,0.12,12.32,86.09,962.38,193
10/12/2013 09:13:49,10/12/2013,09:13:49,2.37,12.32,86.19,962.37,200
10/12/2013 09:14:19,10/12/2013,09:14:19,2.77,12.32,86.19,962.33,177
10/12/2013 09:14:49,10/12/2013,09:14:49,3.36,12.37,86.30,962.31,180
10/12/2013 09:15:19,10/12/2013,09:15:19,1.74,12.37,86.30,962.34,177
10/12/2013 09:15:49,10/12/2013,09:15:49,2.61,12.37,86.30,962.34,188
10/12/2013 09:16:19,10/12/2013,09:16:19,3.01,12.37,86.30,962.37,185
10/12/2013 09:16:49,10/12/2013,09:16:49,1.90,12.37,86.30,962.35,183
10/12/2013 09:17:19,10/12/2013,09:17:19,1.77,12.37,86.30,962.37,185
10/12/2013 09:17:49,10/12/2013,09:17:49,3.01,12.37,86.30,962.35,180
10/12/2013 09:18:19,10/12/2013,09:18:19,2.15,12.37,86.40,962.33,212
10/12/2013 09:18:49,10/12/2013,09:18:49,0.66,12.37,86.30,962.37,194
10/12/2013 09:19:19,10/12/2013,09:19:19,0.00,12.37,86.30,962.42,222
10/12/2013 09:19:49,10/12/2013,09:19:49,1.45,12.37,86.40,962.38,188
10/12/2013 09:20:19,10/12/2013,09:20:19,1.81,12.37,86.40,962.38,187
10/12/2013 09:20:49,10/12/2013,09:20:49,1.06,12.39,86.40,962.39,203
10/12/2013 09:21:19,10/12/2013,09:21:19,1.27,12.37,86.40,962.38,228
10/12/2013 09:21:49,10/12/2013,09:21:49,1.30,12.37,86.40,962.39,251
10/12/2013 09:22:19,10/12/2013,09:22:19,1.19,12.39,86.40,962.38,175
10/12/2013 09:22:49,10/12/2013,09:22:49,0.69,12.44,86.50,962.38,201
10/12/2013 09:23:19,10/12/2013,09:23:19,2.01,12.44,86.50,962.37,214
10/12/2013 09:23:49,10/12/2013,09:23:49,1.93,12.39,86.50,962.37,182
10/12/2013 09:24:19,10/12/2013,09:24:19,2.51,12.44,86.59,962.35,201
10/12/2013 09:24:49,10/12/2013,09:24:49,2.05,12.44,86.59,962.33,194
10/12/2013 09:25:19,10/12/2013,09:25:19,1.34,12.44,86.59,962.34,155
10/12/2013 09:25:49,10/12/2013,09:25:49,1.77,12.44,86.59,962.37,187
10/12/2013 09:26:19,10/12/2013,09:26:19,2.66,12.44,86.69,962.37,200
10/12/2013 09:26:49,10/12/2013,09:26:49,1.88,12.44,86.69,962.38,178
10/12/2013 09:27:19,10/12/2013,09:27:19,2.12,12.44,86.69,962.37,181
10/12/2013 09:27:49,10/12/2013,09:27:49,1.93,12.44,86.69,962.35,193
10/12/2013 09:28:19,10/12/2013,09:28:19,0.88,12.47,86.69,962.40,204
10/12/2013 09:28:49,10/12/2013,09:28:49,1.19,12.44,86.69,962.38,180
10/12/2013 09:29:19,10/12/2013,09:29:19,2.51,12.44,86.69,962.39,193
10/12/2013 09:29:49,10/12/2013,09:29:49,0.77,12.47,86.69,962.42,179
10/12/2013 09:30:19,10/12/2013,09:30:19,1.36,12.44,86.69,962.40,211
10/12/2013 09:30:49,10/12/2013,09:30:49,0.74,12.44,86.69,962.40,180
10/12/2013 09:31:19,10/12/2013,09:31:19,0.18,12.44,86.69,962.40,189
10/12/2013 09:31:49,10/12/2013,09:31:49,0.65,12.47,86.69,962.40,214
10/12/2013 09:32:19,10/12/2013,09:32:19,2.02,12.44,86.80,962.40,186
10/12/2013 09:32:49,10/12/2013,09:32:49,1.84,12.47,86.80,962.39,168
10/12/2013 09:33:19,10/12/2013,09:33:19,2.36,12.44,86.80,962.40,184
10/12/2013 09:33:49,10/12/2013,09:33:49,1.01,12.47,86.80,962.41,184
10/12/2013 09:34:19,10/12/2013,09:34:19,1.26,12.47,86.80,962.38,192
10/12/2013 09:34:49,10/12/2013,09:34:49,2.15,12.47,86.90,962.41,184
10/12/2013 09:35:19,10/12/2013,09:35:19,1.26,12.47,86.90,962.40,174
10/12/2013 09:35:49,10/12/2013,09:35:49,1.56,12.47,86.90,962.40,176
10/12/2013 09:36:19,10/12/2013,09:36:19,0.69,12.52,86.90,962.40,197
10/12/2013 09:36:49,10/12/2013,09:36:49,1.27,12.47,86.90,962.40,175
10/12/2013 09:37:19,10/12/2013,09:37:19,1.83,12.52,86.90,962.39,176
10/12/2013 09:37:49,10/12/2013,09:37:49,1.15,12.47,86.90,962.39,178
10/12/2013 09:38:19,10/12/2013,09:38:19,1.22,12.47,86.90,962.40,178
10/12/2013 09:38:49,10/12/2013,09:38:49,2.02,12.47,86.90,962.38,194
10/12/2013 09:39:19,10/12/2013,09:39:19,0.16,12.52,86.90,962.42,192
10/12/2013 09:39:49,10/12/2013,09:39:49,0.00,12.52,86.90,962.45,180
10/12/2013 09:40:19,10/12/2013,09:40:19,0.00,12.52,86.90,962.44,173
10/12/2013 09:40:49,10/12/2013,09:40:49,1.08,12.52,86.90,962.44,216
10/12/2013 09:41:19,10/12/2013,09:41:19,2.11,12.52,86.90,962.40,177
10/12/2013 09:41:49,10/12/2013,09:41:49,1.23,12.52,87.00,962.39,217
10/12/2013 09:42:19,10/12/2013,09:42:19,1.33,12.52,87.00,962.39,166
10/12/2013 09:42:49,10/12/2013,09:42:49,1.47,12.52,87.00,962.40,172
10/12/2013 09:43:19,10/12/2013,09:43:19,0.97,12.52,87.00,962.41,199
10/12/2013 09:43:49,10/12/2013,09:43:49,1.41,12.55,87.00,962.40,192
10/12/2013 09:44:19,10/12/2013,09:44:19,0.95,12.55,87.00,962.40,201
10/12/2013 09:44:49,10/12/2013,09:44:49,0.40,12.55,87.00,962.47,155
10/12/2013 09:45:19,10/12/2013,09:45:19,1.23,12.55,87.00,962.47,174
10/12/2013 09:45:49,10/12/2013,09:45:49,1.09,12.60,87.09,962.47,176
10/12/2013 09:46:19,10/12/2013,09:46:19,1.47,12.60,87.09,962.47,187
10/12/2013 09:46:49,10/12/2013,09:46:49,1.86,12.60,87.09,962.47,167
10/12/2013 09:47:19,10/12/2013,09:47:19,1.73,12.60,87.09,962.45,170
10/12/2013 09:47:49,10/12/2013,09:47:49,0.00,12.60,87.09,962.50,197
10/12/2013 09:48:19,10/12/2013,09:48:19,2.31,12.60,87.09,962.47,185
10/12/2013 09:48:49,10/12/2013,09:48:49,1.43,12.60,87.19,962.48,183
10/12/2013 09:49:19,10/12/2013,09:49:19,1.69,12.64,87.19,962.46,212
10/12/2013 09:49:49,10/12/2013,09:49:49,0.18,12.64,87.09,962.49,203
10/12/2013 09:50:19,10/12/2013,09:50:19,1.11,12.64,87.09,962.49,176
10/12/2013 09:50:49,10/12/2013,09:50:49,2.16,12.64,87.19,962.47,178
10/12/2013 09:51:19,10/12/2013,09:51:19,0.83,12.64,87.40,962.49,205
10/12/2013 09:51:49,10/12/2013,09:51:49,0.00,12.64,87.40,962.54,170
10/12/2013 09:52:19,10/12/2013,09:52:19,0.00,12.64,87.40,962.54,241
10/12/2013 09:52:49,10/12/2013,09:52:49,0.72,12.67,87.50,962.53,190
10/12/2013 09:53:19,10/12/2013,09:53:19,1.54,12.67,87.59,962.49,188
10/12/2013 09:53:49,10/12/2013,09:53:49,0.44,12.67,87.69,962.53,185
10/12/2013 09:54:19,10/12/2013,09:54:19,0.55,12.67,87.69,962.54,195
10/12/2013 09:54:49,10/12/2013,09:54:49,1.58,12.67,87.69,962.52,185
10/12/2013 09:55:19,10/12/2013,09:55:19,0.26,12.67,87.69,962.55,181
10/12/2013 09:55:49,10/12/2013,09:55:49,0.00,12.72,87.80,962.55,188
10/12/2013 09:56:19,10/12/2013,09:56:19,0.00,12.75,87.80,962.56,218
10/12/2013 09:56:49,10/12/2013,09:56:49,0.00,12.75,87.80,962.55,219
10/12/2013 09:57:19,10/12/2013,09:57:19,0.00,12.75,87.90,962.55,189
10/12/2013 09:57:49,10/12/2013,09:57:49,1.86,12.75,87.90,962.53,185
10/12/2013 09:58:19,10/12/2013,09:58:19,1.33,12.75,87.90,962.52,191
10/12/2013 09:58:49,10/12/2013,09:58:49,0.00,12.75,87.90,962.54,205
10/12/2013 09:59:19,10/12/2013,09:59:19,0.00,12.75,87.90,962.53,173
10/12/2013 09:59:49,10/12/2013,09:59:49,1.22,12.75,88.00,962.49,190
10/12/2013 10:00:19,10/12/2013,10:00:19,0.13,12.75,88.00,962.52,174
10/12/2013 10:00:49,10/12/2013,10:00:49,1.11,12.75,88.00,962.49,197
10/12/2013 10:01:19,10/12/2013,10:01:19,0.00,12.80,88.00,962.52,210
10/12/2013 10:01:49,10/12/2013,10:01:49,1.68,12.75,88.00,962.49,186
10/12/2013 10:02:19,10/12/2013,10:02:19,1.49,12.80,88.09,962.49,184
10/12/2013 10:02:49,10/12/2013,10:02:49,0.93,12.80,88.09,962.50,198
10/12/2013 10:03:19,10/12/2013,10:03:19,0.55,12.80,88.09,962.49,181
10/12/2013 10:03:49,10/12/2013,10:03:49,0.00,12.85,88.09,962.48,208
10/12/2013 10:04:19,10/12/2013,10:04:19,0.00,12.85,88.09,962.49,222
10/12/2013 10:04:49,10/12/2013,10:04:49,0.00,12.85,88.09,962.48,186
10/12/2013 10:05:19,10/12/2013,10:05:19,0.00,12.85,88.09,962.48,186
10/12/2013 10:05:49,10/12/2013,10:05:49,0.00,12.85,88.09,962.50,185
10/12/2013 10:06:19,10/12/2013,10:06:19,0.00,12.92,88.09,962.47,193
10/12/2013 10:06:49,10/12/2013,10:06:49,0.00,12.92,88.19,962.49,237
10/12/2013 10:07:19,10/12/2013,10:07:19,0.00,12.92,88.09,962.52,195
10/12/2013 10:07:49,10/12/2013,10:07:49,0.00,12.92,88.09,962.49,180
10/12/2013 10:08:19,10/12/2013,10:08:19,0.69,12.92,88.19,962.49,180
10/12/2013 10:08:49,10/12/2013,10:08:49,0.00,12.92,88.19,962.49,182
10/12/2013 10:09:19,10/12/2013,10:09:19,0.00,12.92,88.19,962.52,175
10/12/2013 10:09:49,10/12/2013,10:09:49,0.00,12.92,88.19,962.52,193
10/12/2013 10:10:19,10/12/2013,10:10:19,0.00,12.92,88.19,962.53,213
10/12/2013 10:10:49,10/12/2013,10:10:49,0.00,12.92,88.19,962.53,215
10/12/2013 10:11:19,10/12/2013,10:11:19,0.00,12.92,88.09,962.52,188
10/12/2013 10:11:49,10/12/2013,10:11:49,0.00,12.94,88.09,962.53,248
10/12/2013 10:12:19,10/12/2013,10:12:19,0.00,13.00,88.09,962.54,186
10/12/2013 10:12:49,10/12/2013,10:12:49,0.00,12.94,88.09,962.54,192
10/12/2013 10:13:19,10/12/2013,10:13:19,0.00,12.94,88.19,962.55,177
10/12/2013 10:13:49,10/12/2013,10:13:49,0.00,13.00,88.19,962.55,186
10/12/2013 10:14:19,10/12/2013,10:14:19,2.20,13.00,88.19,962.52,192
10/12/2013 10:14:49,10/12/2013,10:14:49,1.65,12.94,88.30,962.49,183
10/12/2013 10:15:19,10/12/2013,10:15:19,0.00,13.00,88.19,962.53,208
10/12/2013 10:15:49,10/12/2013,10:15:49,0.00,13.00,88.19,962.54,235
10/12/2013 10:16:19,10/12/2013,10:16:19,0.00,13.00,88.19,962.55,248
10/12/2013 10:16:49,10/12/2013,10:16:49,0.00,13.00,88.19,962.56,181
10/12/2013 10:17:19,10/12/2013,10:17:19,0.00,13.00,88.19,962.57,194
10/12/2013 10:17:49,10/12/2013,10:17:49,0.00,13.02,88.30,962.57,192
10/12/2013 10:18:19,10/12/2013,10:18:19,0.00,13.02,88.19,962.56,208
10/12/2013 10:18:49,10/12/2013,10:18:49,0.00,13.07,88.19,962.56,215
10/12/2013 10:19:19,10/12/2013,10:19:19,0.00,13.07,88.19,962.60,184
10/12/2013 10:19:49,10/12/2013,10:19:49,0.00,13.07,88.19,962.59,234
10/12/2013 10:20:19,10/12/2013,10:20:19,0.00,13.07,88.19,962.57,195
10/12/2013 10:20:49,10/12/2013,10:20:49,0.00,13.07,88.30,962.60,186
10/12/2013 10:21:19,10/12/2013,10:21:19,0.00,13.07,88.30,962.60,178
10/12/2013 10:21:49,10/12/2013,10:21:49,0.00,13.12,88.19,962.57,194
10/12/2013 10:22:19,10/12/2013,10:22:19,0.00,13.12,88.19,962.56,192
10/12/2013 10:22:49,10/12/2013,10:22:49,0.00,13.14,88.19,962.57,179
10/12/2013 10:23:19,10/12/2013,10:23:19,0.00,13.14,88.30,962.56,171
10/12/2013 10:23:49,10/12/2013,10:23:49,0.00,13.12,88.30,962.57,197
10/12/2013 10:24:19,10/12/2013,10:24:19,0.00,13.14,88.30,962.59,241
10/12/2013 10:24:49,10/12/2013,10:24:49,0.00,13.14,88.30,962.57,221
10/12/2013 10:25:19,10/12/2013,10:25:19,0.00,13.14,88.30,962.56,176
10/12/2013 10:25:49,10/12/2013,10:25:49,1.81,13.14,88.30,962.54,191
10/12/2013 10:26:19,10/12/2013,10:26:19,0.79,13.14,88.30,962.54,207
10/12/2013 10:26:49,10/12/2013,10:26:49,0.00,13.14,88.30,962.56,198
10/12/2013 10:27:19,10/12/2013,10:27:19,0.41,13.14,88.30,962.55,221
10/12/2013 10:27:49,10/12/2013,10:27:49,0.00,13.19,88.30,962.54,198
10/12/2013 10:28:19,10/12/2013,10:28:19,0.00,13.22,88.30,962.53,212
10/12/2013 10:28:49,10/12/2013,10:28:49,0.00,13.22,88.19,962.54,184
10/12/2013 10:29:19,10/12/2013,10:29:19,0.15,13.22,88.30,962.53,234
10/12/2013 10:29:49,10/12/2013,10:29:49,0.83,13.22,88.30,962.52,184
10/12/2013 10:30:19,10/12/2013,10:30:19,0.00,13.22,88.30,962.53,195
10/12/2013 10:30:49,10/12/2013,10:30:49,0.98,13.22,88.30,962.53,188
10/12/2013 10:31:19,10/12/2013,10:31:19,1.11,13.22,88.40,962.49,195
10/12/2013 10:31:49,10/12/2013,10:31:49,0.00,13.22,88.30,962.53,196
10/12/2013 10:32:19,10/12/2013,10:32:19,0.00,13.30,88.30,962.54,233
10/12/2013 10:32:49,10/12/2013,10:32:49,0.00,13.27,88.30,962.55,210
10/12/2013 10:33:19,10/12/2013,10:33:19,0.00,13.30,88.30,962.54,209
10/12/2013 10:33:49,10/12/2013,10:33:49,0.00,13.30,88.19,962.54,163
10/12/2013 10:34:19,10/12/2013,10:34:19,0.00,13.30,88.19,962.54,221
10/12/2013 10:34:49,10/12/2013,10:34:49,0.00,13.30,88.19,962.56,188
10/12/2013 10:35:19,10/12/2013,10:35:19,0.00,13.35,88.19,962.57,217
10/12/2013 10:35:49,10/12/2013,10:35:49,0.00,13.35,88.19,962.56,209
10/12/2013 10:36:19,10/12/2013,10:36:19,0.00,13.35,88.19,962.55,261
10/12/2013 10:36:49,10/12/2013,10:36:49,0.00,13.30,88.19,962.54,210
10/12/2013 10:37:19,10/12/2013,10:37:19,0.00,13.30,88.19,962.53,204
10/12/2013 10:37:49,10/12/2013,10:37:49,0.00,13.30,88.19,962.55,211
10/12/2013 10:38:19,10/12/2013,10:38:19,0.00,13.30,88.19,962.56,236
10/12/2013 10:38:49,10/12/2013,10:38:49,0.00,13.30,88.19,962.57,196
10/12/2013 10:39:19,10/12/2013,10:39:19,0.87,13.30,88.19,962.56,200
10/12/2013 10:39:49,10/12/2013,10:39:49,0.00,13.30,88.19,962.56,238
10/12/2013 10:40:19,10/12/2013,10:40:19,0.74,13.30,88.19,962.57,
10/12/2013 10:40:49,10/12/2013,10:40:49,0.13,13.30,88.19,962.56,230
10/12/2013 10:41:19,10/12/2013,10:41:19,0.76,13.30,88.19,962.55,226
10/12/2013 10:41:49,10/12/2013,10:41:49,0.55,13.30,88.19,962.55,216
10/12/2013 10:42:19,10/12/2013,10:42:19,0.00,13.30,88.19,962.56,177
10/12/2013 10:42:49,10/12/2013,10:42:49,0.00,13.30,88.19,962.56,197
10/12/2013 10:43:19,10/12/2013,10:43:19,0.00,13.35,88.19,962.53,192
10/12/2013 10:43:49,10/12/2013,10:43:49,0.00,13.35,88.30,962.53,227
10/12/2013 10:44:19,10/12/2013,10:44:19,0.26,13.30,88.30,962.53,193
10/12/2013 10:44:49,10/12/2013,10:44:49,1.19,13.30,88.30,962.50,228
10/12/2013 10:45:19,10/12/2013,10:45:19,1.19,13.35,88.30,962.49,221
10/12/2013 10:45:49,10/12/2013,10:45:49,0.00,13.39,88.30,962.50,239
10/12/2013 10:46:19,10/12/2013,10:46:19,0.00,13.39,88.30,962.53,212
10/12/2013 10:46:49,10/12/2013,10:46:49,0.00,13.39,88.30,962.54,202
10/12/2013 10:47:19,10/12/2013,10:47:19,0.00,13.39,88.30,962.54,207
10/12/2013 10:47:49,10/12/2013,10:47:49,0.00,13.39,88.30,962.54,202
10/12/2013 10:48:19,10/12/2013,10:48:19,0.00,13.39,88.19,962.53,240
10/12/2013 10:48:49,10/12/2013,10:48:49,0.00,13.39,88.19,962.54,219
10/12/2013 10:49:19,10/12/2013,10:49:19,0.19,13.39,88.19,962.52,221
10/12/2013 10:49:49,10/12/2013,10:49:49,0.49,13.42,88.30,962.50,207
10/12/2013 10:50:19,10/12/2013,10:50:19,0.55,13.39,88.30,962.50,220
10/12/2013 10:50:49,10/12/2013,10:50:49,0.43,13.39,88.30,962.49,
10/12/2013 10:51:19,10/12/2013,10:51:19,1.16,13.42,88.30,962.47,204
10/12/2013 10:51:49,10/12/2013,10:51:49,0.34,13.39,88.30,962.46,181
10/12/2013 10:52:19,10/12/2013,10:52:19,0.00,13.42,88.30,962.49,200
10/12/2013 10:52:49,10/12/2013,10:52:49,0.00,13.42,88.19,962.47,186
10/12/2013 10:53:19,10/12/2013,10:53:19,0.66,13.42,88.30,962.46,151
10/12/2013 10:53:49,10/12/2013,10:53:49,1.18,13.47,88.30,962.42,188
10/12/2013 10:54:19,10/12/2013,10:54:19,0.58,13.42,88.30,962.45,231
10/12/2013 10:54:49,10/12/2013,10:54:49,0.00,13.42,88.30,962.47,214
10/12/2013 10:55:19,10/12/2013,10:55:19,0.98,13.39,88.30,962.45,242
10/12/2013 10:55:49,10/12/2013,10:55:49,0.70,13.42,88.30,962.44,
10/12/2013 10:56:19,10/12/2013,10:56:19,0.94,13.42,88.30,962.42,218
10/12/2013 10:56:49,10/12/2013,10:56:49,0.52,13.47,88.30,962.46,193
10/12/2013 10:57:19,10/12/2013,10:57:19,0.00,13.47,88.19,962.47,211
10/12/2013 10:57:49,10/12/2013,10:57:49,0.24,13.47,88.19,962.50,211
10/12/2013 10:58:19,10/12/2013,10:58:19,1.06,13.42,88.30,962.47,181
10/12/2013 10:58:49,10/12/2013,10:58:49,0.81,13.42,88.30,962.48,181
10/12/2013 10:59:19,10/12/2013,10:59:19,0.49,13.42,88.30,962.49,224
10/12/2013 10:59:49,10/12/2013,10:59:49,1.16,13.47,88.30,962.47,195
10/12/2013 11:00:19,10/12/2013,11:00:19,1.06,13.47,88.40,962.45,223
10/12/2013 11:00:49,10/12/2013,11:00:49,0.79,13.47,88.30,962.47,212
10/12/2013 11:01:19,10/12/2013,11:01:19,0.12,13.47,88.30,962.48,237
10/12/2013 11:01:49,10/12/2013,11:01:49,0.37,13.47,88.30,962.47,230
10/12/2013 11:02:19,10/12/2013,11:02:19,0.00,13.47,88.19,962.46,192
10/12/2013 11:02:49,10/12/2013,11:02:49,0.66,13.47,88.30,962.46,211
10/12/2013 11:03:19,10/12/2013,11:03:19,1.05,13.47,88.30,962.42,214
10/12/2013 11:03:49,10/12/2013,11:03:49,0.15,13.47,88.30,962.45,220
10/12/2013 11:04:19,10/12/2013,11:04:19,0.00,13.47,88.19,962.46,231
10/12/2013 11:04:49,10/12/2013,11:04:49,0.00,13.47,88.19,962.44,227
10/12/2013 11:05:19,10/12/2013,11:05:19,0.00,13.47,88.19,962.44,230
10/12/2013 11:05:49,10/12/2013,11:05:49,0.65,13.47,88.19,962.40,
10/12/2013 11:06:19,10/12/2013,11:06:19,0.00,13.50,88.19,962.42,205
10/12/2013 11:06:49,10/12/2013,11:06:49,0.00,13.55,88.19,962.44,229
10/12/2013 11:07:19,10/12/2013,11:07:19,0.59,13.55,88.19,962.41,257
10/12/2013 11:07:49,10/12/2013,11:07:49,0.00,13.55,88.19,962.44,189
10/12/2013 11:08:19,10/12/2013,11:08:19,0.24,13.55,88.19,962.41,243
10/12/2013 11:08:49,10/12/2013,11:08:49,0.68,13.55,88.19,962.41,227
10/12/2013 11:09:19,10/12/2013,11:09:19,0.70,13.55,88.19,962.42,196
10/12/2013 11:09:49,10/12/2013,11:09:49,0.08,13.55,88.19,962.42,221
10/12/2013 11:10:19,10/12/2013,11:10:19,0.00,13.55,88.19,962.44,178
10/12/2013 11:10:49,10/12/2013,11:10:49,0.00,13.55,88.09,962.41,194
10/12/2013 11:11:19,10/12/2013,11:11:19,0.00,13.60,88.09,962.40,222
10/12/2013 11:11:49,10/12/2013,11:11:49,0.00,13.62,88.09,962.42,194
10/12/2013 11:12:19,10/12/2013,11:12:19,0.00,13.62,88.09,962.44,222
10/12/2013 11:12:49,10/12/2013,11:12:49,0.00,13.62,88.09,962.44,209
10/12/2013 11:13:19,10/12/2013,11:13:19,0.69,13.60,88.09,962.38,215
10/12/2013 11:13:49,10/12/2013,11:13:49,0.00,13.62,88.09,962.40,205
10/12/2013 11:14:19,10/12/2013,11:14:19,0.31,13.60,88.09,962.39,227
10/12/2013 11:14:49,10/12/2013,11:14:49,0.00,13.62,88.09,962.39,233
10/12/2013 11:15:19,10/12/2013,11:15:19,0.00,13.62,88.09,962.40,211
10/12/2013 11:15:49,10/12/2013,11:15:49,1.13,13.60,88.09,962.39,177
10/12/2013 11:16:19,10/12/2013,11:16:19,2.16,13.55,88.19,962.37,176
10/12/2013 11:16:49,10/12/2013,11:16:49,1.48,13.60,88.30,962.38,190
10/12/2013 11:17:19,10/12/2013,11:17:19,0.41,13.62,88.19,962.39,215
10/12/2013 11:17:49,10/12/2013,11:17:49,0.00,13.62,88.19,962.42,198
10/12/2013 11:18:19,10/12/2013,11:18:19,1.29,13.60,88.19,962.42,187
10/12/2013 11:18:49,10/12/2013,11:18:49,0.05,13.62,88.19,962.46,183
10/12/2013 11:19:19,10/12/2013,11:19:19,0.19,13.62,88.09,962.45,202
10/12/2013 11:19:49,10/12/2013,11:19:49,0.00,13.62,88.09,962.46,205
10/12/2013 11:20:19,10/12/2013,11:20:19,0.00,13.62,88.00,962.46,231
10/12/2013 11:20:49,10/12/2013,11:20:49,0.00,13.62,88.00,962.47,198
10/12/2013 11:21:19,10/12/2013,11:21:19,0.00,13.62,88.00,962.47,187
10/12/2013 11:21:49,10/12/2013,11:21:49,0.00,13.62,87.90,962.47,244
10/12/2013 11:22:19,10/12/2013,11:22:19,0.00,13.67,87.90,962.49,219
10/12/2013 11:22:49,10/12/2013,11:22:49,0.09,13.62,88.00,962.48,232
10/12/2013 11:23:19,10/12/2013,11:23:19,0.33,13.62,88.00,962.45,205
10/12/2013 11:23:49,10/12/2013,11:23:49,1.30,13.62,88.09,962.44,220
10/12/2013 11:24:19,10/12/2013,11:24:19,1.01,13.62,88.09,962.44,201
10/12/2013 11:24:49,10/12/2013,11:24:49,1.59,13.60,88.09,962.41,228
10/12/2013 11:25:19,10/12/2013,11:25:19,0.06,13.62,88.00,962.45,206
10/12/2013 11:25:49,10/12/2013,11:25:49,0.00,13.67,87.90,962.45,227
10/12/2013 11:26:19,10/12/2013,11:26:19,0.09,13.67,87.90,962.45,220
10/12/2013 11:26:49,10/12/2013,11:26:49,1.09,13.67,88.00,962.41,202
10/12/2013 11:27:19,10/12/2013,11:27:19,0.76,13.67,88.00,962.41,239
10/12/2013 11:27:49,10/12/2013,11:27:49,0.62,13.62,88.00,962.42,182
10/12/2013 11:28:19,10/12/2013,11:28:19,0.00,13.62,88.00,962.42,196
10/12/2013 11:28:49,10/12/2013,11:28:49,2.45,13.55,88.09,962.39,222
10/12/2013 11:29:19,10/12/2013,11:29:19,1.13,13.62,88.09,962.40,224
10/12/2013 11:29:49,10/12/2013,11:29:49,0.00,13.62,88.00,962.42,209
10/12/2013 11:30:19,10/12/2013,11:30:19,0.23,13.62,88.00,962.41,159
10/12/2013 11:30:49,10/12/2013,11:30:49,0.36,13.60,88.00,962.40,244
10/12/2013 11:31:19,10/12/2013,11:31:19,1.44,13.55,88.00,962.40,
10/12/2013 11:31:49,10/12/2013,11:31:49,1.38,13.60,88.00,962.41,209
10/12/2013 11:32:19,10/12/2013,11:32:19,1.04,13.55,88.00,962.42,191
10/12/2013 11:32:49,10/12/2013,11:32:49,0.00,13.60,87.90,962.45,234
10/12/2013 11:33:19,10/12/2013,11:33:19,1.09,13.55,88.00,962.42,215
10/12/2013 11:33:49,10/12/2013,11:33:49,0.88,13.55,88.00,962.45,231
10/12/2013 11:34:19,10/12/2013,11:34:19,0.34,13.55,87.90,962.45,192
10/12/2013 11:34:49,10/12/2013,11:34:49,1.41,13.55,88.00,962.44,169
10/12/2013 11:35:19,10/12/2013,11:35:19,1.45,13.55,88.09,962.44,222
10/12/2013 11:35:49,10/12/2013,11:35:49,0.79,13.55,88.00,962.45,191
10/12/2013 11:36:19,10/12/2013,11:36:19,1.11,13.50,88.00,962.41,218
10/12/2013 11:36:49,10/12/2013,11:36:49,0.13,13.50,88.00,962.45,212
10/12/2013 11:37:19,10/12/2013,11:37:19,0.00,13.55,87.90,962.47,206
10/12/2013 11:37:49,10/12/2013,11:37:49,0.00,13.55,87.90,962.47,194
10/12/2013 11:38:19,10/12/2013,11:38:19,0.00,13.55,87.80,962.49,212
10/12/2013 11:38:49,10/12/2013,11:38:49,0.00,13.55,87.80,962.49,219
10/12/2013 11:39:19,10/12/2013,11:39:19,0.11,13.55,87.90,962.49,233
10/12/2013 11:39:49,10/12/2013,11:39:49,0.05,13.55,87.90,962.48,180
10/12/2013 11:40:19,10/12/2013,11:40:19,0.00,13.55,87.90,962.47,191
10/12/2013 11:40:49,10/12/2013,11:40:49,0.12,13.55,87.90,962.48,211
10/12/2013 11:41:19,10/12/2013,11:41:19,0.00,13.55,87.90,962.48,199
10/12/2013 11:41:49,10/12/2013,11:41:49,0.24,13.50,87.90,962.46,180
10/12/2013 11:42:19,10/12/2013,11:42:19,0.72,13.50,87.90,962.45,217
10/12/2013 11:42:49,10/12/2013,11:42:49,0.15,13.55,88.00,962.45,212
10/12/2013 11:43:19,10/12/2013,11:43:19,0.00,13.55,88.00,962.47,245
10/12/2013 11:43:49,10/12/2013,11:43:49,0.73,13.55,88.00,962.45,203
10/12/2013 11:44:19,10/12/2013,11:44:19,0.00,13.55,87.90,962.47,213
10/12/2013 11:44:49,10/12/2013,11:44:49,0.36,13.60,88.00,962.47,184
10/12/2013 11:45:19,10/12/2013,11:45:19,0.05,13.60,88.00,962.46,193
10/12/2013 11:45:49,10/12/2013,11:45:49,0.13,13.55,88.00,962.47,226
10/12/2013 11:46:19,10/12/2013,11:46:19,0.00,13.62,87.90,962.45,209
10/12/2013 11:46:49,10/12/2013,11:46:49,0.11,13.62,87.90,962.46,182
10/12/2013 11:47:19,10/12/2013,11:47:19,0.00,13.62,87.90,962.47,203
10/12/2013 11:47:49,10/12/2013,11:47:49,0.62,13.62,87.90,962.47,243
10/12/2013 11:48:19,10/12/2013,11:48:19,0.16,13.62,87.90,962.49,249
10/12/2013 11:48:49,10/12/2013,11:48:49,0.18,13.67,87.90,962.48,233
10/12/2013 11:49:19,10/12/2013,11:49:19,0.00,13.67,87.90,962.49,214
10/12/2013 11:49:49,10/12/2013,11:49:49,0.00,13.67,87.90,962.50,196
10/12/2013 11:50:19,10/12/2013,11:50:19,0.84,13.62,88.00,962.48,200
10/12/2013 11:50:49,10/12/2013,11:50:49,0.40,13.69,87.90,962.49,207
10/12/2013 11:51:19,10/12/2013,11:51:19,0.00,13.67,87.90,962.52,216
10/12/2013 11:51:49,10/12/2013,11:51:49,0.00,13.69,87.90,962.49,201
10/12/2013 11:52:19,10/12/2013,11:52:19,0.00,13.69,87.90,962.49,208
10/12/2013 11:52:49,10/12/2013,11:52:49,0.00,13.69,87.90,962.49,187
10/12/2013 11:53:19,10/12/2013,11:53:19,0.74,13.69,87.90,962.49,166
10/12/2013 11:53:49,10/12/2013,11:53:49,1.62,13.67,88.00,962.46,210
10/12/2013 11:54:19,10/12/2013,11:54:19,0.05,13.62,88.00,962.49,204
10/12/2013 11:54:49,10/12/2013,11:54:49,0.00,13.67,87.90,962.50,216
10/12/2013 11:55:19,10/12/2013,11:55:19,0.00,13.69,87.90,962.49,222
10/12/2013 11:55:49,10/12/2013,11:55:49,0.38,13.62,87.90,962.48,181
10/12/2013 11:56:19,10/12/2013,11:56:19,0.00,13.69,87.90,962.49,219
10/12/2013 11:56:49,10/12/2013,11:56:49,0.73,13.67,87.90,962.47,182
10/12/2013 11:57:19,10/12/2013,11:57:19,0.54,13.62,87.90,962.48,211
10/12/2013 11:57:49,10/12/2013,11:57:49,0.00,13.67,87.90,962.50,216
10/12/2013 11:58:19,10/12/2013,11:58:19,0.00,13.67,87.90,962.50,234
10/12/2013 11:58:49,10/12/2013,11:58:49,0.12,13.62,87.80,962.49,172
10/12/2013 11:59:19,10/12/2013,11:59:19,0.00,13.69,87.90,962.49,192
10/12/2013 11:59:49,10/12/2013,11:59:49,0.97,13.62,87.90,962.48,175
10/12/2013 12:00:19,10/12/2013,12:00:19,2.30,13.62,88.00,962.44,186
10/12/2013 12:00:49,10/12/2013,12:00:49,0.06,13.67,87.90,962.45,167
10/12/2013 12:01:19,10/12/2013,12:01:19,0.74,13.62,88.00,962.44,204
10/12/2013 12:01:49,10/12/2013,12:01:49,0.00,13.62,87.90,962.46,193
10/12/2013 12:02:19,10/12/2013,12:02:19,0.00,13.62,87.90,962.46,200
10/12/2013 12:02:49,10/12/2013,12:02:49,0.00,13.67,87.80,962.46,222
10/12/2013 12:03:19,10/12/2013,12:03:19,0.00,13.67,87.80,962.46,189
10/12/2013 12:03:49,10/12/2013,12:03:49,1.37,13.62,87.90,962.42,187
10/12/2013 12:04:19,10/12/2013,12:04:19,0.73,13.62,87.90,962.44,189
10/12/2013 12:04:49,10/12/2013,12:04:49,0.00,13.62,87.90,962.45,201
10/12/2013 12:05:19,10/12/2013,12:05:19,0.00,13.62,87.80,962.42,221
10/12/2013 12:05:49,10/12/2013,12:05:49,0.47,13.62,87.80,962.42,193
10/12/2013 12:06:19,10/12/2013,12:06:19,0.00,13.62,87.80,962.41,214
10/12/2013 12:06:49,10/12/2013,12:06:49,0.00,13.62,87.80,962.44,212
10/12/2013 12:07:19,10/12/2013,12:07:19,0.00,13.62,87.80,962.40,196
10/12/2013 12:07:49,10/12/2013,12:07:49,1.02,13.62,87.90,962.35,229
10/12/2013 12:08:19,10/12/2013,12:08:19,0.00,13.62,87.80,962.38,223
10/12/2013 12:08:49,10/12/2013,12:08:49,0.00,13.62,87.80,962.40,180
10/12/2013 12:09:19,10/12/2013,12:09:19,0.00,13.62,87.80,962.40,216
10/12/2013 12:09:49,10/12/2013,12:09:49,0.83,13.62,87.90,962.39,220
10/12/2013 12:10:19,10/12/2013,12:10:19,0.19,13.62,87.90,962.39,206
10/12/2013 12:10:49,10/12/2013,12:10:49,0.00,13.62,87.80,962.41,203
10/12/2013 12:11:19,10/12/2013,12:11:19,0.45,13.60,87.90,962.40,222
10/12/2013 12:11:49,10/12/2013,12:11:49,0.00,13.60,87.90,962.41,233
10/12/2013 12:12:19,10/12/2013,12:12:19,0.41,13.60,87.90,962.40,207
10/12/2013 12:12:49,10/12/2013,12:12:49,0.00,13.60,87.80,962.42,214
10/12/2013 12:13:19,10/12/2013,12:13:19,0.00,13.62,87.90,962.41,229
10/12/2013 12:13:49,10/12/2013,12:13:49,0.00,13.60,87.80,962.41,217
10/12/2013 12:14:19,10/12/2013,12:14:19,0.00,13.60,87.90,962.40,193
10/12/2013 12:14:49,10/12/2013,12:14:49,0.52,13.55,87.90,962.39,228
10/12/2013 12:15:19,10/12/2013,12:15:19,0.93,13.55,87.90,962.38,195
10/12/2013 12:15:49,10/12/2013,12:15:49,0.00,13.55,87.90,962.39,246
10/12/2013 12:16:19,10/12/2013,12:16:19,0.00,13.55,87.90,962.39,194
10/12/2013 12:16:49,10/12/2013,12:16:49,0.55,13.55,87.90,962.38,241
10/12/2013 12:17:19,10/12/2013,12:17:19,0.00,13.55,87.90,962.38,191
10/12/2013 12:17:49,10/12/2013,12:17:49,0.00,13.55,87.90,962.38,199
10/12/2013 12:18:19,10/12/2013,12:18:19,0.34,13.55,87.90,962.37,191
10/12/2013 12:18:49,10/12/2013,12:18:49,0.00,13.55,87.90,962.39,233
10/12/2013 12:19:19,10/12/2013,12:19:19,0.47,13.55,87.90,962.35,186
10/12/2013 12:19:49,10/12/2013,12:19:49,0.62,13.55,88.00,962.37,227
10/12/2013 12:20:19,10/12/2013,12:20:19,0.00,13.55,87.90,962.35,216
10/12/2013 12:20:49,10/12/2013,12:20:49,0.00,13.55,87.90,962.35,209
10/12/2013 12:21:19,10/12/2013,12:21:19,0.00,13.55,87.90,962.37,204
10/12/2013 12:21:49,10/12/2013,12:21:49,0.00,13.55,87.90,962.39,234
10/12/2013 12:22:19,10/12/2013,12:22:19,0.00,13.60,87.90,962.35,193
10/12/2013 12:22:49,10/12/2013,12:22:49,0.00,13.60,87.90,962.35,216
10/12/2013 12:23:19,10/12/2013,12:23:19,0.00,13.60,87.90,962.37,194
10/12/2013 12:23:49,10/12/2013,12:23:49,0.00,13.62,87.90,962.37,188
10/12/2013 12:24:19,10/12/2013,12:24:19,0.00,13.55,87.90,962.34,214
10/12/2013 12:24:49,10/12/2013,12:24:49,0.26,13.55,87.90,962.34,219
10/12/2013 12:25:19,10/12/2013,12:25:19,0.00,13.60,87.90,962.35,218
10/12/2013 12:25:49,10/12/2013,12:25:49,0.70,13.55,87.90,962.32,243
10/12/2013 12:26:19,10/12/2013,12:26:19,0.13,13.60,88.00,962.32,182
10/12/2013 12:26:49,10/12/2013,12:26:49,0.70,13.60,88.00,962.32,208
10/12/2013 12:27:19,10/12/2013,12:27:19,0.00,13.60,88.00,962.32,197
10/12/2013 12:27:49,10/12/2013,12:27:49,0.00,13.60,87.90,962.32,215
10/12/2013 12:28:19,10/12/2013,12:28:19,0.00,13.62,87.90,962.31,227
10/12/2013 12:28:49,10/12/2013,12:28:49,0.00,13.60,87.90,962.33,206
10/12/2013 12:29:19,10/12/2013,12:29:19,1.22,13.60,88.00,962.31,180
10/12/2013 12:29:49,10/12/2013,12:29:49,0.36,13.60,88.00,962.29,210
10/12/2013 12:30:19,10/12/2013,12:30:19,0.00,13.60,87.90,962.31,179
10/12/2013 12:30:49,10/12/2013,12:30:49,0.00,13.60,87.90,962.30,228
10/12/2013 12:31:19,10/12/2013,12:31:19,0.00,13.60,87.90,962.31,192
10/12/2013 12:31:49,10/12/2013,12:31:49,0.36,13.60,87.90,962.29,195
10/12/2013 12:32:19,10/12/2013,12:32:19,0.00,13.60,87.90,962.29,191
10/12/2013 12:32:49,10/12/2013,12:32:49,0.00,13.60,87.90,962.30,197
10/12/2013 12:33:19,10/12/2013,12:33:19,0.00,13.60,87.90,962.31,241
10/12/2013 12:33:49,10/12/2013,12:33:49,0.34,13.60,87.90,962.30,232
10/12/2013 12:34:19,10/12/2013,12:34:19,0.00,13.55,87.90,962.30,203
10/12/2013 12:34:49,10/12/2013,12:34:49,0.00,13.55,87.90,962.31,212
10/12/2013 12:35:19,10/12/2013,12:35:19,0.88,13.60,88.00,962.27,195
10/12/2013 12:35:49,10/12/2013,12:35:49,0.65,13.55,88.00,962.29,219
10/12/2013 12:36:19,10/12/2013,12:36:19,0.69,13.60,88.00,962.30,196
10/12/2013 12:36:49,10/12/2013,12:36:49,0.61,13.55,88.00,962.30,212
10/12/2013 12:37:19,10/12/2013,12:37:19,0.49,13.55,88.00,962.29,283
10/12/2013 12:37:49,10/12/2013,12:37:49,0.00,13.62,87.90,962.31,206
10/12/2013 12:38:19,10/12/2013,12:38:19,0.58,13.55,88.00,962.30,253
10/12/2013 12:38:49,10/12/2013,12:38:49,0.36,13.55,88.00,962.29,215
10/12/2013 12:39:19,10/12/2013,12:39:19,0.00,13.55,87.90,962.30,242
10/12/2013 12:39:49,10/12/2013,12:39:49,0.00,13.60,88.00,962.31,210
10/12/2013 12:40:19,10/12/2013,12:40:19,0.00,13.62,88.00,962.31,208
10/12/2013 12:40:49,10/12/2013,12:40:49,0.00,13.60,88.00,962.32,220
10/12/2013 12:41:19,10/12/2013,12:41:19,0.91,13.60,88.00,962.27,205
10/12/2013 12:41:49,10/12/2013,12:41:49,0.00,13.62,88.00,962.30,192
10/12/2013 12:42:19,10/12/2013,12:42:19,0.49,13.60,87.90,962.30,170
10/12/2013 12:42:49,10/12/2013,12:42:49,0.08,13.62,88.00,962.26,198
10/12/2013 12:43:19,10/12/2013,12:43:19,0.00,13.62,87.90,962.26,211
10/12/2013 12:43:49,10/12/2013,12:43:49,0.00,13.62,87.90,962.30,215
10/12/2013 12:44:19,10/12/2013,12:44:19,0.00,13.62,87.90,962.30,184
10/12/2013 12:44:49,10/12/2013,12:44:49,0.11,13.62,87.90,962.27,235
10/12/2013 12:45:19,10/12/2013,12:45:19,0.94,13.62,88.00,962.27,245
10/12/2013 12:45:49,10/12/2013,12:45:49,0.00,13.62,87.90,962.29,227
10/12/2013 12:46:19,10/12/2013,12:46:19,0.00,13.62,87.90,962.29,211
10/12/2013 12:46:49,10/12/2013,12:46:49,0.00,13.62,87.90,962.29,188
10/12/2013 12:47:19,10/12/2013,12:47:19,0.00,13.62,87.90,962.29,205
10/12/2013 12:47:49,10/12/2013,12:47:49,0.00,13.62,87.90,962.30,231
10/12/2013 12:48:19,10/12/2013,12:48:19,0.00,13.62,87.90,962.30,182
10/12/2013 12:48:49,10/12/2013,12:48:49,0.00,13.62,87.90,962.31,189
10/12/2013 12:49:19,10/12/2013,12:49:19,0.00,13.62,87.90,962.33,174
10/12/2013 12:49:49,10/12/2013,12:49:49,0.00,13.67,87.90,962.33,193
10/12/2013 12:50:19,10/12/2013,12:50:19,0.48,13.62,87.90,962.33,237
10/12/2013 12:50:49,10/12/2013,12:50:49,0.58,13.62,87.90,962.31,241
10/12/2013 12:51:19,10/12/2013,12:51:19,0.74,13.62,87.90,962.29,185
10/12/2013 12:51:49,10/12/2013,12:51:49,2.13,13.60,88.00,962.25,184
10/12/2013 12:52:19,10/12/2013,12:52:19,0.11,13.62,88.00,962.26,215
10/12/2013 12:52:49,10/12/2013,12:52:49,0.00,13.62,87.90,962.27,221
10/12/2013 12:53:19,10/12/2013,12:53:19,0.00,13.62,87.90,962.31,236
10/12/2013 12:53:49,10/12/2013,12:53:49,0.00,13.62,87.90,962.31,213
10/12/2013 12:54:19,10/12/2013,12:54:19,0.00,13.62,87.90,962.30,228
10/12/2013 12:54:49,10/12/2013,12:54:49,0.00,13.62,87.90,962.29,214
10/12/2013 12:55:19,10/12/2013,12:55:19,0.00,13.62,87.90,962.30,183
10/12/2013 12:55:49,10/12/2013,12:55:49,0.00,13.62,87.90,962.30,196
10/12/2013 12:56:19,10/12/2013,12:56:19,0.00,13.67,87.90,962.29,239
10/12/2013 12:56:49,10/12/2013,12:56:49,0.00,13.62,87.90,962.29,193
10/12/2013 12:57:19,10/12/2013,12:57:19,0.00,13.62,87.90,962.26,210
10/12/2013 12:57:49,10/12/2013,12:57:49,0.00,13.67,87.90,962.25,205
10/12/2013 12:58:19,10/12/2013,12:58:19,0.00,13.62,87.90,962.26,212
10/12/2013 12:58:49,10/12/2013,12:58:49,0.36,13.62,87.90,962.27,209
10/12/2013 12:59:19,10/12/2013,12:59:19,0.00,13.67,87.90,962.29,216
10/12/2013 12:59:49,10/12/2013,12:59:49,0.00,13.62,87.90,962.29,240
10/12/2013 13:00:19,10/12/2013,13:00:19,0.00,13.62,87.90,962.26,216
10/12/2013 13:00:49,10/12/2013,13:00:49,0.00,13.67,87.90,962.27,211
10/12/2013 13:01:19,10/12/2013,13:01:19,0.00,13.67,87.90,962.29,222
10/12/2013 13:01:49,10/12/2013,13:01:49,0.00,13.67,87.90,962.27,176
10/12/2013 13:02:19,10/12/2013,13:02:19,0.00,13.67,87.90,962.26,206
10/12/2013 13:02:49,10/12/2013,13:02:49,0.00,13.67,87.90,962.26,206
10/12/2013 13:03:19,10/12/2013,13:03:19,0.00,13.62,87.90,962.29,227
10/12/2013 13:03:49,10/12/2013,13:03:49,0.26,13.62,87.90,962.27,197
10/12/2013 13:04:19,10/12/2013,13:04:19,0.55,13.62,87.90,962.27,191
10/12/2013 13:04:49,10/12/2013,13:04:49,0.66,13.62,87.90,962.25,207
10/12/2013 13:05:19,10/12/2013,13:05:19,0.00,13.62,87.90,962.24,228
10/12/2013 13:05:49,10/12/2013,13:05:49,0.00,13.62,87.90,962.24,226
10/12/2013 13:06:19,10/12/2013,13:06:19,0.00,13.62,87.80,962.24,228
10/12/2013 13:06:49,10/12/2013,13:06:49,0.00,13.62,87.80,962.25,184
10/12/2013 13:07:19,10/12/2013,13:07:19,0.00,13.62,87.80,962.27,222
10/12/2013 13:07:49,10/12/2013,13:07:49,0.00,13.62,87.80,962.30,212
10/12/2013 13:08:19,10/12/2013,13:08:19,0.00,13.62,87.80,962.30,202
10/12/2013 13:08:49,10/12/2013,13:08:49,0.00,13.62,87.90,962.31,223
10/12/2013 13:09:19,10/12/2013,13:09:19,0.00,13.62,87.80,962.32,197
10/12/2013 13:09:49,10/12/2013,13:09:49,0.00,13.62,87.90,962.33,239
10/12/2013 13:10:19,10/12/2013,13:10:19,0.00,13.62,87.80,962.34,220
10/12/2013 13:10:49,10/12/2013,13:10:49,0.00,13.62,87.80,962.34,202
10/12/2013 13:11:19,10/12/2013,13:11:19,0.00,13.62,87.90,962.34,225
10/12/2013 13:11:49,10/12/2013,13:11:49,0.27,13.62,87.90,962.33,226
10/12/2013 13:12:19,10/12/2013,13:12:19,0.00,13.62,87.90,962.33,220
10/12/2013 13:12:49,10/12/2013,13:12:49,0.00,13.62,87.80,962.32,238
10/12/2013 13:13:19,10/12/2013,13:13:19,0.00,13.62,87.90,962.31,193
10/12/2013 13:13:49,10/12/2013,13:13:49,0.00,13.67,87.90,962.29,250
10/12/2013 13:14:19,10/12/2013,13:14:19,0.00,13.67,87.90,962.30,220
10/12/2013 13:14:49,10/12/2013,13:14:49,0.27,13.62,87.90,962.31,
10/12/2013 13:15:19,10/12/2013,13:15:19,0.00,13.67,87.90,962.31,193
10/12/2013 13:15:49,10/12/2013,13:15:49,0.00,13.67,87.90,962.31,166
10/12/2013 13:16:19,10/12/2013,13:16:19,0.56,13.69,88.00,962.27,192
10/12/2013 13:16:49,10/12/2013,13:16:49,0.00,13.69,87.90,962.31,192
10/12/2013 13:17:19,10/12/2013,13:17:19,0.00,13.69,87.90,962.31,230
10/12/2013 13:17:49,10/12/2013,13:17:49,0.00,13.69,87.90,962.30,204
10/12/2013 13:18:19,10/12/2013,13:18:19,0.00,13.69,87.90,962.27,231
10/12/2013 13:18:49,10/12/2013,13:18:49,0.00,13.69,87.90,962.29,230
10/12/2013 13:19:19,10/12/2013,13:19:19,0.00,13.69,87.90,962.27,193
10/12/2013 13:19:49,10/12/2013,13:19:49,0.00,13.69,87.90,962.27,239
10/12/2013 13:20:19,10/12/2013,13:20:19,0.00,13.69,87.90,962.27,246
10/12/2013 13:20:49,10/12/2013,13:20:49,0.00,13.69,87.90,962.29,206
10/12/2013 13:21:19,10/12/2013,13:21:19,0.00,13.69,87.90,962.30,240
10/12/2013 13:21:49,10/12/2013,13:21:49,0.00,13.69,87.90,962.29,215
10/12/2013 13:22:19,10/12/2013,13:22:19,0.00,13.69,87.90,962.30,222
10/12/2013 13:22:49,10/12/2013,13:22:49,0.27,13.69,87.90,962.29,234
10/12/2013 13:23:19,10/12/2013,13:23:19,0.00,13.69,87.90,962.27,221
10/12/2013 13:23:49,10/12/2013,13:23:49,0.00,13.69,87.90,962.29,213
10/12/2013 13:24:19,10/12/2013,13:24:19,0.19,13.69,87.90,962.27,210
10/12/2013 13:24:49,10/12/2013,13:24:49,0.00,13.69,87.90,962.29,199
10/12/2013 13:25:19,10/12/2013,13:25:19,0.00,13.75,87.90,962.27,203
10/12/2013 13:25:49,10/12/2013,13:25:49,0.00,13.77,87.90,962.26,216
10/12/2013 13:26:19,10/12/2013,13:26:19,0.00,13.77,87.90,962.27,217
10/12/2013 13:26:49,10/12/2013,13:26:49,0.00,13.77,87.90,962.25,205
10/12/2013 13:27:19,10/12/2013,13:27:19,0.00,13.77,87.90,962.27,238
10/12/2013 13:27:49,10/12/2013,13:27:49,0.00,13.77,87.90,962.26,218
10/12/2013 13:28:19,10/12/2013,13:28:19,0.00,13.77,87.90,962.26,220
10/12/2013 13:28:49,10/12/2013,13:28:49,0.00,13.82,87.90,962.26,216
10/12/2013 13:29:19,10/12/2013,13:29:19,0.00,13.82,87.80,962.25,201
10/12/2013 13:29:49,10/12/2013,13:29:49,0.00,13.82,87.90,962.26,204
10/12/2013 13:30:19,10/12/2013,13:30:19,0.00,13.82,87.90,962.25,252
10/12/2013 13:30:49,10/12/2013,13:30:49,0.16,13.87,87.90,962.26,204
10/12/2013 13:31:19,10/12/2013,13:31:19,0.00,13.82,87.80,962.27,236
10/12/2013 13:31:49,10/12/2013,13:31:49,0.00,13.87,87.80,962.24,204
10/12/2013 13:32:19,10/12/2013,13:32:19,0.00,13.82,87.80,962.25,231
10/12/2013 13:32:49,10/12/2013,13:32:49,0.00,13.87,87.80,962.25,219
10/12/2013 13:33:19,10/12/2013,13:33:19,0.13,13.87,87.90,962.24,237
10/12/2013 13:33:49,10/12/2013,13:33:49,0.00,13.87,87.80,962.24,191
10/12/2013 13:34:19,10/12/2013,13:34:19,0.00,13.87,87.80,962.23,250
10/12/2013 13:34:49,10/12/2013,13:34:49,0.00,13.82,87.80,962.25,230
10/12/2013 13:35:19,10/12/2013,13:35:19,0.00,13.87,87.80,962.26,229
10/12/2013 13:35:49,10/12/2013,13:35:49,0.00,13.87,87.80,962.27,211
10/12/2013 13:36:19,10/12/2013,13:36:19,0.00,13.87,87.80,962.26,178
10/12/2013 13:36:49,10/12/2013,13:36:49,0.00,13.87,87.69,962.24,211
10/12/2013 13:37:19,10/12/2013,13:37:19,0.00,13.82,87.80,962.26,220
10/12/2013 13:37:49,10/12/2013,13:37:49,0.00,13.82,87.80,962.29,239
10/12/2013 13:38:19,10/12/2013,13:38:19,0.00,13.87,87.80,962.27,229
10/12/2013 13:38:49,10/12/2013,13:38:49,0.24,13.77,87.80,962.27,239
10/12/2013 13:39:19,10/12/2013,13:39:19,0.00,13.77,87.69,962.26,245
10/12/2013 13:39:49,10/12/2013,13:39:49,0.05,13.77,87.80,962.29,227
10/12/2013 13:40:19,10/12/2013,13:40:19,0.00,13.77,87.80,962.29,205
10/12/2013 13:40:49,10/12/2013,13:40:49,0.00,13.75,87.80,962.29,
10/12/2013 13:41:19,10/12/2013,13:41:19,0.00,13.77,87.80,962.25,204
10/12/2013 13:41:49,10/12/2013,13:41:49,0.00,13.77,87.80,962.26,209
10/12/2013 13:42:19,10/12/2013,13:42:19,0.00,13.77,87.80,962.26,233
10/12/2013 13:42:49,10/12/2013,13:42:49,0.00,13.77,87.80,962.26,200
10/12/2013 13:43:19,10/12/2013,13:43:19,0.27,13.77,87.80,962.25,191
10/12/2013 13:43:49,10/12/2013,13:43:49,0.00,13.77,87.80,962.26,203
10/12/2013 13:44:19,10/12/2013,13:44:19,0.00,13.75,87.80,962.26,193
10/12/2013 13:44:49,10/12/2013,13:44:49,0.00,13.77,87.80,962.25,214
10/12/2013 13:45:19,10/12/2013,13:45:19,0.00,13.77,87.80,962.24,233
10/12/2013 13:45:49,10/12/2013,13:45:49,0.00,13.77,87.80,962.23,202
10/12/2013 13:46:19,10/12/2013,13:46:19,0.00,13.69,87.80,962.24,201
10/12/2013 13:46:49,10/12/2013,13:46:49,0.00,13.77,87.80,962.24,202
10/12/2013 13:47:19,10/12/2013,13:47:19,0.05,13.69,87.80,962.25,233
10/12/2013 13:47:49,10/12/2013,13:47:49,0.18,13.69,87.80,962.25,250
10/12/2013 13:48:19,10/12/2013,13:48:19,0.00,13.69,87.80,962.25,206
10/12/2013 13:48:49,10/12/2013,13:48:49,0.08,13.69,87.80,962.24,211
10/12/2013 13:49:19,10/12/2013,13:49:19,0.48,13.69,87.80,962.24,174
10/12/2013 13:49:49,10/12/2013,13:49:49,0.00,13.69,87.90,962.24,238
10/12/2013 13:50:19,10/12/2013,13:50:19,0.22,13.69,87.90,962.23,215
10/12/2013 13:50:49,10/12/2013,13:50:49,0.00,13.69,87.80,962.24,201
10/12/2013 13:51:19,10/12/2013,13:51:19,0.11,13.69,87.80,962.24,220
10/12/2013 13:51:49,10/12/2013,13:51:49,0.00,13.69,87.90,962.24,223
10/12/2013 13:52:19,10/12/2013,13:52:19,0.00,13.69,87.80,962.22,243
10/12/2013 13:52:49,10/12/2013,13:52:49,0.00,13.69,87.90,962.23,197
10/12/2013 13:53:19,10/12/2013,13:53:19,0.00,13.69,87.90,962.22,190
10/12/2013 13:53:49,10/12/2013,13:53:49,0.19,13.69,87.90,962.19,185
10/12/2013 13:54:19,10/12/2013,13:54:19,0.00,13.69,87.90,962.21,243
10/12/2013 13:54:49,10/12/2013,13:54:49,0.00,13.69,87.90,962.19,174
10/12/2013 13:55:19,10/12/2013,13:55:19,0.73,13.67,87.90,962.19,176
10/12/2013 13:55:49,10/12/2013,13:55:49,0.00,13.69,87.90,962.19,229
10/12/2013 13:56:19,10/12/2013,13:56:19,0.00,13.69,87.90,962.21,210
10/12/2013 13:56:49,10/12/2013,13:56:49,0.00,13.69,87.90,962.21,183
10/12/2013 13:57:19,10/12/2013,13:57:19,0.00,13.69,87.90,962.19,205
10/12/2013 13:57:49,10/12/2013,13:57:49,0.20,13.67,87.90,962.18,235
10/12/2013 13:58:19,10/12/2013,13:58:19,0.00,13.67,87.90,962.21,227
10/12/2013 13:58:49,10/12/2013,13:58:49,0.00,13.67,87.90,962.22,229
10/12/2013 13:59:19,10/12/2013,13:59:19,0.00,13.69,87.90,962.21,233
10/12/2013 13:59:49,10/12/2013,13:59:49,0.00,13.67,87.90,962.19,209
10/12/2013 14:00:19,10/12/2013,14:00:19,0.16,13.67,87.90,962.21,244
10/12/2013 14:00:49,10/12/2013,14:00:49,0.00,13.62,87.90,962.23,180
10/12/2013 14:01:19,10/12/2013,14:01:19,0.00,13.67,87.90,962.22,194
10/12/2013 14:01:49,10/12/2013,14:01:49,0.00,13.67,87.90,962.22,216
10/12/2013 14:02:19,10/12/2013,14:02:19,0.66,13.62,87.90,962.19,201
10/12/2013 14:02:49,10/12/2013,14:02:49,0.24,13.62,87.90,962.22,217
10/12/2013 14:03:19,10/12/2013,14:03:19,0.00,13.62,87.90,962.23,217
10/12/2013 14:03:49,10/12/2013,14:03:49,0.38,13.62,87.90,962.21,214
10/12/2013 14:04:19,10/12/2013,14:04:19,0.00,13.62,87.90,962.22,237
10/12/2013 14:04:49,10/12/2013,14:04:49,0.59,13.62,87.90,962.19,222
10/12/2013 14:05:19,10/12/2013,14:05:19,0.08,13.62,87.90,962.19,227
10/12/2013 14:05:49,10/12/2013,14:05:49,0.00,13.62,87.90,962.18,240
10/12/2013 14:06:19,10/12/2013,14:06:19,0.54,13.62,87.90,962.19,242
10/12/2013 14:06:49,10/12/2013,14:06:49,0.00,13.62,87.90,962.21,219
10/12/2013 14:07:19,10/12/2013,14:07:19,0.00,13.62,87.90,962.19,214
10/12/2013 14:07:49,10/12/2013,14:07:49,0.00,13.62,87.90,962.21,210
10/12/2013 14:08:19,10/12/2013,14:08:19,0.00,13.62,87.90,962.22,215
10/12/2013 14:08:49,10/12/2013,14:08:49,0.38,13.60,87.90,962.22,234
10/12/2013 14:09:19,10/12/2013,14:09:19,0.00,13.62,87.90,962.22,216
10/12/2013 14:09:49,10/12/2013,14:09:49,0.00,13.62,87.90,962.22,192
10/12/2013 14:10:19,10/12/2013,14:10:19,0.00,13.62,87.90,962.22,225
10/12/2013 14:10:49,10/12/2013,14:10:49,0.54,13.60,87.90,962.23,229
10/12/2013 14:11:19,10/12/2013,14:11:19,0.05,13.62,87.90,962.22,180
10/12/2013 14:11:49,10/12/2013,14:11:49,0.00,13.62,87.90,962.22,188
10/12/2013 14:12:19,10/12/2013,14:12:19,0.00,13.62,87.90,962.24,232
10/12/2013 14:12:49,10/12/2013,14:12:49,0.54,13.60,87.90,962.22,226
10/12/2013 14:13:19,10/12/2013,14:13:19,0.00,13.60,87.90,962.22,202
10/12/2013 14:13:49,10/12/2013,14:13:49,0.00,13.62,87.90,962.23,206
10/12/2013 14:14:19,10/12/2013,14:14:19,0.00,13.60,87.80,962.22,237
10/12/2013 14:14:49,10/12/2013,14:14:49,0.00,13.62,87.90,962.22,214
10/12/2013 14:15:19,10/12/2013,14:15:19,0.00,13.60,87.90,962.21,191
10/12/2013 14:15:49,10/12/2013,14:15:49,0.00,13.60,87.90,962.22,213
10/12/2013 14:16:19,10/12/2013,14:16:19,0.00,13.60,87.90,962.22,186
10/12/2013 14:16:49,10/12/2013,14:16:49,0.00,13.60,87.90,962.18,226
10/12/2013 14:17:19,10/12/2013,14:17:19,0.00,13.60,87.90,962.19,234
10/12/2013 14:17:49,10/12/2013,14:17:49,0.00,13.62,87.90,962.19,195
10/12/2013 14:18:19,10/12/2013,14:18:19,0.20,13.62,87.90,962.16,203
10/12/2013 14:18:49,10/12/2013,14:18:49,0.00,13.62,87.90,962.18,193
10/12/2013 14:19:19,10/12/2013,14:19:19,0.00,13.60,87.90,962.17,232
10/12/2013 14:19:49,10/12/2013,14:19:49,0.99,13.60,87.90,962.14,223
10/12/2013 14:20:19,10/12/2013,14:20:19,0.00,13.60,87.90,962.15,213
10/12/2013 14:20:49,10/12/2013,14:20:49,0.00,13.62,87.90,962.17,224
10/12/2013 14:21:19,10/12/2013,14:21:19,0.00,13.62,87.90,962.17,239
10/12/2013 14:21:49,10/12/2013,14:21:49,0.00,13.60,87.90,962.17,214
10/12/2013 14:22:19,10/12/2013,14:22:19,0.00,13.62,87.90,962.16,230
10/12/2013 14:22:49,10/12/2013,14:22:49,0.00,13.62,87.90,962.18,206
10/12/2013 14:23:19,10/12/2013,14:23:19,0.00,13.62,87.80,962.19,213
10/12/2013 14:23:49,10/12/2013,14:23:49,0.00,13.62,87.90,962.21,248
10/12/2013 14:24:19,10/12/2013,14:24:19,0.00,13.62,87.80,962.21,199
10/12/2013 14:24:49,10/12/2013,14:24:49,0.00,13.62,87.80,962.21,174
10/12/2013 14:25:19,10/12/2013,14:25:19,0.00,13.62,87.80,962.21,228
10/12/2013 14:25:49,10/12/2013,14:25:49,0.00,13.62,87.80,962.19,196
10/12/2013 14:26:19,10/12/2013,14:26:19,0.00,13.62,87.80,962.19,200
10/12/2013 14:26:49,10/12/2013,14:26:49,0.00,13.60,87.80,962.18,197
10/12/2013 14:27:19,10/12/2013,14:27:19,0.47,13.62,87.80,962.18,187
10/12/2013 14:27:49,10/12/2013,14:27:49,0.36,13.62,87.80,962.16,234
10/12/2013 14:28:19,10/12/2013,14:28:19,0.00,13.62,87.80,962.18,212
10/12/2013 14:28:49,10/12/2013,14:28:49,0.00,13.60,87.80,962.21,191
10/12/2013 14:29:19,10/12/2013,14:29:19,0.55,13.62,87.80,962.21,184
10/12/2013 14:29:49,10/12/2013,14:29:49,0.00,13.62,87.80,962.23,209
10/12/2013 14:30:19,10/12/2013,14:30:19,0.13,13.62,87.80,962.25,215
10/12/2013 14:30:49,10/12/2013,14:30:49,0.00,13.62,87.80,962.25,216
10/12/2013 14:31:19,10/12/2013,14:31:19,0.00,13.60,87.80,962.26,206
10/12/2013 14:31:49,10/12/2013,14:31:49,0.00,13.62,87.80,962.27,173
10/12/2013 14:32:19,10/12/2013,14:32:19,0.00,13.62,87.80,962.26,236
10/12/2013 14:32:49,10/12/2013,14:32:49,0.00,13.62,87.80,962.25,173
10/12/2013 14:33:19,10/12/2013,14:33:19,0.00,13.62,87.80,962.24,200
10/12/2013 14:33:49,10/12/2013,14:33:49,0.00,13.62,87.80,962.27,213
10/12/2013 14:34:19,10/12/2013,14:34:19,0.00,13.62,87.80,962.26,212
10/12/2013 14:34:49,10/12/2013,14:34:49,0.00,13.62,87.80,962.27,209
10/12/2013 14:35:19,10/12/2013,14:35:19,0.00,13.67,87.69,962.27,238
10/12/2013 14:35:49,10/12/2013,14:35:49,0.00,13.67,87.69,962.29,200
10/12/2013 14:36:19,10/12/2013,14:36:19,0.00,13.62,87.69,962.27,168
10/12/2013 14:36:49,10/12/2013,14:36:49,0.00,13.67,87.69,962.29,196
10/12/2013 14:37:19,10/12/2013,14:37:19,0.00,13.67,87.69,962.27,225
10/12/2013 14:37:49,10/12/2013,14:37:49,0.00,13.67,87.69,962.27,262
10/12/2013 14:38:19,10/12/2013,14:38:19,0.00,13.67,87.69,962.29,212
10/12/2013 14:38:49,10/12/2013,14:38:49,0.00,13.62,87.69,962.29,228
10/12/2013 14:39:19,10/12/2013,14:39:19,0.00,13.67,87.59,962.29,223
10/12/2013 14:39:49,10/12/2013,14:39:49,0.00,13.69,87.59,962.27,182
10/12/2013 14:40:19,10/12/2013,14:40:19,0.00,13.67,87.59,962.27,173
10/12/2013 14:40:49,10/12/2013,14:40:49,0.00,13.67,87.59,962.29,225
10/12/2013 14:41:19,10/12/2013,14:41:19,0.00,13.69,87.59,962.29,196
10/12/2013 14:41:49,10/12/2013,14:41:49,0.00,13.67,87.69,962.29,202
10/12/2013 14:42:19,10/12/2013,14:42:19,0.00,13.67,87.59,962.29,205
10/12/2013 14:42:49,10/12/2013,14:42:49,0.00,13.69,87.69,962.29,218
10/12/2013 14:43:19,10/12/2013,14:43:19,0.08,13.67,87.69,962.27,169
10/12/2013 14:43:49,10/12/2013,14:43:49,0.00,13.69,87.69,962.27,229
10/12/2013 14:44:19,10/12/2013,14:44:19,0.33,13.69,87.69,962.27,212
10/12/2013 14:44:49,10/12/2013,14:44:49,0.00,13.69,87.69,962.29,236
10/12/2013 14:45:19,10/12/2013,14:45:19,0.37,13.69,87.69,962.26,239
10/12/2013 14:45:49,10/12/2013,14:45:49,1.36,13.69,87.69,962.24,235
10/12/2013 14:46:19,10/12/2013,14:46:19,0.00,13.69,87.69,962.27,203
10/12/2013 14:46:49,10/12/2013,14:46:49,0.00,13.69,87.69,962.27,200
10/12/2013 14:47:19,10/12/2013,14:47:19,0.00,13.69,87.69,962.31,194
10/12/2013 14:47:49,10/12/2013,14:47:49,0.00,13.69,87.59,962.31,259
10/12/2013 14:48:19,10/12/2013,14:48:19,0.00,13.69,87.59,962.29,218
10/12/2013 14:48:49,10/12/2013,14:48:49,0.00,13.75,87.59,962.29,223
10/12/2013 14:49:19,10/12/2013,14:49:19,0.00,13.75,87.59,962.27,178
10/12/2013 14:49:49,10/12/2013,14:49:49,0.65,13.75,87.69,962.26,
10/12/2013 14:50:19,10/12/2013,14:50:19,0.26,13.77,87.59,962.25,213
10/12/2013 14:50:49,10/12/2013,14:50:49,0.00,13.77,87.59,962.26,190
10/12/2013 14:51:19,10/12/2013,14:51:19,0.00,13.77,87.59,962.27,230
10/12/2013 14:51:49,10/12/2013,14:51:49,0.47,13.82,87.59,962.26,217
10/12/2013 14:52:19,10/12/2013,14:52:19,0.00,13.77,87.59,962.29,204
10/12/2013 14:52:49,10/12/2013,14:52:49,0.00,13.82,87.50,962.30,234
10/12/2013 14:53:19,10/12/2013,14:53:19,0.00,13.82,87.50,962.32,233
10/12/2013 14:53:49,10/12/2013,14:53:49,0.00,13.87,87.50,962.33,187
10/12/2013 14:54:19,10/12/2013,14:54:19,0.00,13.87,87.50,962.32,211
10/12/2013 14:54:49,10/12/2013,14:54:49,0.00,13.87,87.50,962.30,226
10/12/2013 14:55:19,10/12/2013,14:55:19,0.00,13.87,87.40,962.32,147
10/12/2013 14:55:49,10/12/2013,14:55:49,0.00,13.87,87.40,962.31,205
10/12/2013 14:56:19,10/12/2013,14:56:19,0.00,13.87,87.40,962.32,228
10/12/2013 14:56:49,10/12/2013,14:56:49,0.00,13.87,87.30,962.29,222
10/12/2013 14:57:19,10/12/2013,14:57:19,0.00,13.87,87.30,962.29,227
10/12/2013 14:57:49,10/12/2013,14:57:49,0.00,13.87,87.30,962.29,231
10/12/2013 14:58:19,10/12/2013,14:58:19,0.00,13.87,87.30,962.26,204
10/12/2013 14:58:49,10/12/2013,14:58:49,0.00,13.87,87.30,962.25,254
10/12/2013 14:59:19,10/12/2013,14:59:19,0.00,13.87,87.30,962.26,205
10/12/2013 14:59:49,10/12/2013,14:59:49,0.00,13.87,87.30,962.26,214
10/12/2013 15:00:19,10/12/2013,15:00:19,0.00,13.87,87.30,962.25,188
10/12/2013 15:00:49,10/12/2013,15:00:49,0.62,13.82,87.30,962.26,230
10/12/2013 15:01:19,10/12/2013,15:01:19,0.00,13.87,87.30,962.30,193
10/12/2013 15:01:49,10/12/2013,15:01:49,0.00,13.82,87.19,962.29,184
10/12/2013 15:02:19,10/12/2013,15:02:19,0.00,13.82,87.30,962.31,248
10/12/2013 15:02:49,10/12/2013,15:02:49,0.00,13.87,87.30,962.31,245
10/12/2013 15:03:19,10/12/2013,15:03:19,0.00,13.82,87.19,962.31,225
10/12/2013 15:03:49,10/12/2013,15:03:49,0.00,13.87,87.19,962.31,198
10/12/2013 15:04:19,10/12/2013,15:04:19,0.00,13.82,87.09,962.32,222
10/12/2013 15:04:49,10/12/2013,15:04:49,0.00,13.87,87.09,962.32,228
10/12/2013 15:05:19,10/12/2013,15:05:19,0.00,13.87,87.09,962.31,218
10/12/2013 15:05:49,10/12/2013,15:05:49,0.00,13.87,87.09,962.31,223
10/12/2013 15:06:19,10/12/2013,15:06:19,0.00,13.87,87.09,962.32,237
10/12/2013 15:06:49,10/12/2013,15:06:49,0.00,13.87,87.09,962.35,232
10/12/2013 15:07:19,10/12/2013,15:07:19,0.00,13.87,87.09,962.38,199
10/12/2013 15:07:49,10/12/2013,15:07:49,0.00,13.89,87.00,962.35,200
10/12/2013 15:08:19,10/12/2013,15:08:19,0.00,13.87,87.09,962.35,249
10/12/2013 15:08:49,10/12/2013,15:08:49,0.00,13.89,87.00,962.35,186
10/12/2013 15:09:19,10/12/2013,15:09:19,0.00,13.87,87.09,962.35,215
10/12/2013 15:09:49,10/12/2013,15:09:49,0.00,13.87,87.00,962.37,178
10/12/2013 15:10:19,10/12/2013,15:10:19,0.00,13.87,87.00,962.37,215
10/12/2013 15:10:49,10/12/2013,15:10:49,0.00,13.87,87.00,962.35,217
10/12/2013 15:11:19,10/12/2013,15:11:19,0.00,13.87,87.00,962.33,220
10/12/2013 15:11:49,10/12/2013,15:11:49,0.20,13.82,87.00,962.34,200
10/12/2013 15:12:19,10/12/2013,15:12:19,0.00,13.82,87.00,962.34,193
10/12/2013 15:12:49,10/12/2013,15:12:49,0.00,13.82,87.00,962.34,200
10/12/2013 15:13:19,10/12/2013,15:13:19,0.00,13.87,87.00,962.37,193
10/12/2013 15:13:49,10/12/2013,15:13:49,0.00,13.87,87.00,962.37,239
10/12/2013 15:14:19,10/12/2013,15:14:19,0.00,13.87,87.00,962.38,219
10/12/2013 15:14:49,10/12/2013,15:14:49,0.00,13.87,87.00,962.37,191
10/12/2013 15:15:19,10/12/2013,15:15:19,0.00,13.87,87.00,962.37,169
10/12/2013 15:15:49,10/12/2013,15:15:49,0.00,13.87,86.90,962.37,264
10/12/2013 15:16:19,10/12/2013,15:16:19,0.00,13.87,86.90,962.37,212
10/12/2013 15:16:49,10/12/2013,15:16:49,0.00,13.82,87.00,962.37,235
10/12/2013 15:17:19,10/12/2013,15:17:19,0.00,13.87,87.00,962.38,196
10/12/2013 15:17:49,10/12/2013,15:17:49,0.00,13.87,87.00,962.37,231
10/12/2013 15:18:19,10/12/2013,15:18:19,0.00,13.87,86.90,962.37,223
10/12/2013 15:18:49,10/12/2013,15:18:49,0.00,13.82,87.00,962.37,216
10/12/2013 15:19:19,10/12/2013,15:19:19,0.11,13.82,87.00,962.38,240
10/12/2013 15:19:49,10/12/2013,15:19:49,0.00,13.87,87.00,962.38,222
10/12/2013 15:20:19,10/12/2013,15:20:19,0.00,13.87,86.90,962.38,226
10/12/2013 15:20:49,10/12/2013,15:20:49,0.00,13.82,86.90,962.37,204
10/12/2013 15:21:19,10/12/2013,15:21:19,0.00,13.82,86.90,962.38,237
10/12/2013 15:21:49,10/12/2013,15:21:49,0.00,13.87,86.90,962.35,219
10/12/2013 15:22:19,10/12/2013,15:22:19,0.06,13.82,86.90,962.37,190
10/12/2013 15:22:49,10/12/2013,15:22:49,0.00,13.87,86.90,962.35,217
10/12/2013 15:23:19,10/12/2013,15:23:19,0.00,13.87,86.90,962.35,211
10/12/2013 15:23:49,10/12/2013,15:23:49,0.00,13.82,86.90,962.35,196
10/12/2013 15:24:19,10/12/2013,15:24:19,0.00,13.82,86.90,962.35,216
10/12/2013 15:24:49,10/12/2013,15:24:49,0.00,13.77,86.90,962.35,235
10/12/2013 15:25:19,10/12/2013,15:25:19,0.00,13.77,86.90,962.38,203
10/12/2013 15:25:49,10/12/2013,15:25:49,0.00,13.77,86.80,962.39,254
10/12/2013 15:26:19,10/12/2013,15:26:19,0.00,13.77,86.80,962.41,218
10/12/2013 15:26:49,10/12/2013,15:26:49,0.00,13.82,86.80,962.42,182
10/12/2013 15:27:19,10/12/2013,15:27:19,0.00,13.77,86.80,962.42,211
10/12/2013 15:27:49,10/12/2013,15:27:49,0.00,13.82,86.80,962.44,201
10/12/2013 15:28:19,10/12/2013,15:28:19,0.00,13.77,86.90,962.42,195
10/12/2013 15:28:49,10/12/2013,15:28:49,0.00,13.77,86.80,962.44,200
10/12/2013 15:29:19,10/12/2013,15:29:19,0.00,13.77,86.80,962.44,228
10/12/2013 15:29:49,10/12/2013,15:29:49,0.00,13.77,86.80,962.44,243
10/12/2013 15:30:19,10/12/2013,15:30:19,0.00,13.75,86.80,962.42,251
10/12/2013 15:30:49,10/12/2013,15:30:49,0.00,13.77,86.80,962.42,230
10/12/2013 15:31:19,10/12/2013,15:31:19,0.00,13.77,86.80,962.42,224
10/12/2013 15:31:49,10/12/2013,15:31:49,0.00,13.77,86.80,962.41,214
10/12/2013 15:32:19,10/12/2013,15:32:19,0.00,13.77,86.80,962.39,212
10/12/2013 15:32:49,10/12/2013,15:32:49,0.00,13.77,86.80,962.39,230
10/12/2013 15:33:19,10/12/2013,15:33:19,0.00,13.77,86.90,962.40,227
10/12/2013 15:33:49,10/12/2013,15:33:49,0.00,13.77,86.90,962.39,231
10/12/2013 15:34:19,10/12/2013,15:34:19,0.00,13.77,86.90,962.39,204
10/12/2013 15:34:49,10/12/2013,15:34:49,0.00,13.77,86.90,962.40,232
10/12/2013 15:35:19,10/12/2013,15:35:19,0.00,13.75,86.80,962.40,215
10/12/2013 15:35:49,10/12/2013,15:35:49,0.00,13.77,86.90,962.41,195
10/12/2013 15:36:19,10/12/2013,15:36:19,0.00,13.77,86.80,962.40,196
10/12/2013 15:36:49,10/12/2013,15:36:49,0.00,13.77,86.90,962.42,210
10/12/2013 15:37:19,10/12/2013,15:37:19,0.00,13.75,86.80,962.41,184
10/12/2013 15:37:49,10/12/2013,15:37:49,0.00,13.75,86.90,962.39,192
10/12/2013 15:38:19,10/12/2013,15:38:19,0.00,13.77,86.80,962.39,189
10/12/2013 15:38:49,10/12/2013,15:38:49,0.00,13.75,86.80,962.41,206
10/12/2013 15:39:19,10/12/2013,15:39:19,0.00,13.75,86.80,962.44,242
10/12/2013 15:39:49,10/12/2013,15:39:49,0.58,13.75,86.90,962.41,220
10/12/2013 15:40:19,10/12/2013,15:40:19,0.83,13.75,86.90,962.44,196
10/12/2013 15:40:49,10/12/2013,15:40:49,0.00,13.75,86.80,962.46,206
10/12/2013 15:41:19,10/12/2013,15:41:19,0.00,13.75,86.80,962.49,235
10/12/2013 15:41:49,10/12/2013,15:41:49,0.00,13.75,86.80,962.49,200
10/12/2013 15:42:19,10/12/2013,15:42:19,0.00,13.77,86.80,962.49,177
10/12/2013 15:42:49,10/12/2013,15:42:49,0.00,13.75,86.80,962.46,219
10/12/2013 15:43:19,10/12/2013,15:43:19,0.11,13.75,86.80,962.44,
10/12/2013 15:43:49,10/12/2013,15:43:49,0.00,13.75,86.80,962.44,198
10/12/2013 15:44:19,10/12/2013,15:44:19,0.34,13.69,86.80,962.45,208
10/12/2013 15:44:49,10/12/2013,15:44:49,0.93,13.69,86.90,962.44,220
10/12/2013 15:45:19,10/12/2013,15:45:19,0.00,13.69,86.80,962.45,242
10/12/2013 15:45:49,10/12/2013,15:45:49,0.15,13.69,86.80,962.46,199
10/12/2013 15:46:19,10/12/2013,15:46:19,0.00,13.69,86.80,962.48,193
10/12/2013 15:46:49,10/12/2013,15:46:49,0.00,13.75,86.80,962.46,216
10/12/2013 15:47:19,10/12/2013,15:47:19,0.00,13.69,86.80,962.48,156
10/12/2013 15:47:49,10/12/2013,15:47:49,0.51,13.69,86.80,962.47,219
10/12/2013 15:48:19,10/12/2013,15:48:19,0.00,13.69,86.80,962.52,214
10/12/2013 15:48:49,10/12/2013,15:48:49,0.00,13.75,86.80,962.50,211
10/12/2013 15:49:19,10/12/2013,15:49:19,0.00,13.69,86.80,962.52,240
10/12/2013 15:49:49,10/12/2013,15:49:49,0.00,13.69,86.80,962.52,232
10/12/2013 15:50:19,10/12/2013,15:50:19,0.09,13.69,86.80,962.54,194
10/12/2013 15:50:49,10/12/2013,15:50:49,0.18,13.69,86.80,962.55,228
10/12/2013 15:51:19,10/12/2013,15:51:19,0.16,13.69,86.80,962.57,211
10/12/2013 15:51:49,10/12/2013,15:51:49,0.37,13.69,86.80,962.55,230
10/12/2013 15:52:19,10/12/2013,15:52:19,0.00,13.69,86.69,962.59,233
10/12/2013 15:52:49,10/12/2013,15:52:49,0.00,13.75,86.80,962.57,241
10/12/2013 15:53:19,10/12/2013,15:53:19,0.26,13.69,86.80,962.57,209
10/12/2013 15:53:49,10/12/2013,15:53:49,0.30,13.69,86.80,962.57,233
10/12/2013 15:54:19,10/12/2013,15:54:19,0.00,13.69,86.80,962.57,190
10/12/2013 15:54:49,10/12/2013,15:54:49,0.00,13.69,86.69,962.57,217
10/12/2013 15:55:19,10/12/2013,15:55:19,0.00,13.69,86.80,962.57,235
10/12/2013 15:55:49,10/12/2013,15:55:49,0.00,13.69,86.69,962.57,206
10/12/2013 15:56:19,10/12/2013,15:56:19,0.00,13.75,86.69,962.62,221
10/12/2013 15:56:49,10/12/2013,15:56:49,0.00,13.69,86.69,962.60,194
10/12/2013 15:57:19,10/12/2013,15:57:19,0.00,13.69,86.69,962.61,240
10/12/2013 15:57:49,10/12/2013,15:57:49,0.08,13.69,86.69,962.62,246
10/12/2013 15:58:19,10/12/2013,15:58:19,0.31,13.69,86.69,962.60,237
10/12/2013 15:58:49,10/12/2013,15:58:49,0.00,13.75,86.69,962.62,222
10/12/2013 15:59:19,10/12/2013,15:59:19,0.00,13.69,86.69,962.62,210
10/12/2013 15:59:49,10/12/2013,15:59:49,0.00,13.69,86.69,962.63,216
10/12/2013 16:00:19,10/12/2013,16:00:19,0.00,13.69,86.69,962.64,234
10/12/2013 16:00:49,10/12/2013,16:00:49,0.79,13.69,86.69,962.61,219
10/12/2013 16:01:19,10/12/2013,16:01:19,0.34,13.69,86.69,962.64,218
10/12/2013 16:01:49,10/12/2013,16:01:49,0.31,13.69,86.69,962.63,227
10/12/2013 16:02:19,10/12/2013,16:02:19,0.00,13.69,86.69,962.64,182
10/12/2013 16:02:49,10/12/2013,16:02:49,0.55,13.69,86.69,962.65,233
10/12/2013 16:03:19,10/12/2013,16:03:19,0.00,13.69,86.69,962.68,241
10/12/2013 16:03:49,10/12/2013,16:03:49,0.00,13.69,86.59,962.67,257
10/12/2013 16:04:19,10/12/2013,16:04:19,0.00,13.69,86.69,962.65,232
10/12/2013 16:04:49,10/12/2013,16:04:49,0.00,13.69,86.59,962.65,252
10/12/2013 16:05:19,10/12/2013,16:05:19,0.00,13.69,86.59,962.65,201
10/12/2013 16:05:49,10/12/2013,16:05:49,0.19,13.69,86.59,962.64,223
10/12/2013 16:06:19,10/12/2013,16:06:19,0.00,13.69,86.59,962.64,196
10/12/2013 16:06:49,10/12/2013,16:06:49,0.43,13.69,86.59,962.63,228
10/12/2013 16:07:19,10/12/2013,16:07:19,0.00,13.69,86.59,962.64,181
10/12/2013 16:07:49,10/12/2013,16:07:49,0.00,13.69,86.59,962.65,216
10/12/2013 16:08:19,10/12/2013,16:08:19,0.00,13.69,86.59,962.67,202
10/12/2013 16:08:49,10/12/2013,16:08:49,0.00,13.69,86.59,962.68,221
10/12/2013 16:09:19,10/12/2013,16:09:19,0.00,13.69,86.59,962.69,232
10/12/2013 16:09:49,10/12/2013,16:09:49,1.12,13.69,86.59,962.68,
10/12/2013 16:10:19,10/12/2013,16:10:19,0.00,13.69,86.59,962.71,193
10/12/2013 16:10:49,10/12/2013,16:10:49,0.00,13.69,86.59,962.74,208
10/12/2013 16:11:19,10/12/2013,16:11:19,0.00,13.69,86.59,962.74,265
10/12/2013 16:11:49,10/12/2013,16:11:49,0.00,13.69,86.50,962.75,207
10/12/2013 16:12:19,10/12/2013,16:12:19,0.00,13.67,86.50,962.76,221
10/12/2013 16:12:49,10/12/2013,16:12:49,0.00,13.67,86.59,962.77,209
10/12/2013 16:13:19,10/12/2013,16:13:19,0.00,13.67,86.59,962.78,221
10/12/2013 16:13:49,10/12/2013,16:13:49,0.00,13.67,86.69,962.79,230
10/12/2013 16:14:19,10/12/2013,16:14:19,0.00,13.67,86.69,962.80,229
10/12/2013 16:14:49,10/12/2013,16:14:49,0.00,13.67,86.69,962.82,222
10/12/2013 16:15:19,10/12/2013,16:15:19,0.00,13.67,86.69,962.83,260
10/12/2013 16:15:49,10/12/2013,16:15:49,0.00,13.67,86.69,962.82,227
10/12/2013 16:16:19,10/12/2013,16:16:19,0.00,13.67,86.69,962.84,217
10/12/2013 16:16:49,10/12/2013,16:16:49,0.00,13.67,86.69,962.84,230
10/12/2013 16:17:19,10/12/2013,16:17:19,0.00,13.67,86.69,962.85,214
10/12/2013 16:17:49,10/12/2013,16:17:49,0.00,13.67,86.69,962.85,233
10/12/2013 16:18:19,10/12/2013,16:18:19,0.00,13.67,86.69,962.85,221
10/12/2013 16:18:49,10/12/2013,16:18:49,0.00,13.67,86.69,962.87,232
10/12/2013 16:19:19,10/12/2013,16:19:19,0.00,13.67,86.69,962.90,218
10/12/2013 16:19:49,10/12/2013,16:19:49,0.06,13.67,86.69,962.89,162
10/12/2013 16:20:19,10/12/2013,16:20:19,0.00,13.62,86.69,962.86,218
10/12/2013 16:20:49,10/12/2013,16:20:49,0.00,13.62,86.69,962.86,223
10/12/2013 16:21:19,10/12/2013,16:21:19,0.00,13.67,86.69,962.86,213
10/12/2013 16:21:49,10/12/2013,16:21:49,0.00,13.67,86.69,962.84,238
10/12/2013 16:22:19,10/12/2013,16:22:19,0.00,13.67,86.69,962.84,247
10/12/2013 16:22:49,10/12/2013,16:22:49,0.00,13.62,86.59,962.82,205
10/12/2013 16:23:19,10/12/2013,16:23:19,0.00,13.67,86.69,962.83,192
10/12/2013 16:23:49,10/12/2013,16:23:49,0.00,13.62,86.69,962.83,218
10/12/2013 16:24:19,10/12/2013,16:24:19,0.06,13.62,86.59,962.86,228
10/12/2013 16:24:49,10/12/2013,16:24:49,0.00,13.62,86.69,962.85,210
10/12/2013 16:25:19,10/12/2013,16:25:19,0.00,13.62,86.59,962.86,223
10/12/2013 16:25:49,10/12/2013,16:25:49,0.00,13.62,86.59,962.86,242
10/12/2013 16:26:19,10/12/2013,16:26:19,0.52,13.62,86.59,962.84,176
10/12/2013 16:26:49,10/12/2013,16:26:49,0.00,13.62,86.59,962.86,236
10/12/2013 16:27:19,10/12/2013,16:27:19,0.00,13.62,86.59,962.86,161
10/12/2013 16:27:49,10/12/2013,16:27:49,0.00,13.62,86.50,962.86,216
10/12/2013 16:28:19,10/12/2013,16:28:19,0.00,13.62,86.59,962.87,227
10/12/2013 16:28:49,10/12/2013,16:28:49,0.00,13.62,86.59,962.86,225
10/12/2013 16:29:19,10/12/2013,16:29:19,0.00,13.62,86.59,962.89,207
10/12/2013 16:29:49,10/12/2013,16:29:49,0.22,13.62,86.50,962.86,204
10/12/2013 16:30:19,10/12/2013,16:30:19,0.00,13.62,86.50,962.86,219
10/12/2013 16:30:49,10/12/2013,16:30:49,0.05,13.62,86.50,962.84,242
10/12/2013 16:31:19,10/12/2013,16:31:19,0.00,13.62,86.40,962.85,219
10/12/2013 16:31:49,10/12/2013,16:31:49,0.00,13.62,86.40,962.85,219
10/12/2013 16:32:19,10/12/2013,16:32:19,0.00,13.62,86.40,962.85,198
10/12/2013 16:32:49,10/12/2013,16:32:49,0.00,13.62,86.40,962.85,220
10/12/2013 16:33:19,10/12/2013,16:33:19,0.00,13.62,86.40,962.84,202
10/12/2013 16:33:49,10/12/2013,16:33:49,0.00,13.62,86.30,962.83,231
10/12/2013 16:34:19,10/12/2013,16:34:19,0.00,13.62,86.30,962.82,219
10/12/2013 16:34:49,10/12/2013,16:34:49,0.00,13.62,86.30,962.80,236
10/12/2013 16:35:19,10/12/2013,16:35:19,0.19,13.62,86.30,962.79,216
10/12/2013 16:35:49,10/12/2013,16:35:49,0.00,13.62,86.19,962.80,192
10/12/2013 16:36:19,10/12/2013,16:36:19,0.00,13.62,86.19,962.80,203
10/12/2013 16:36:49,10/12/2013,16:36:49,0.00,13.62,86.19,962.80,205
10/12/2013 16:37:19,10/12/2013,16:37:19,0.00,13.60,86.19,962.82,229
10/12/2013 16:37:49,10/12/2013,16:37:49,0.00,13.62,86.09,962.82,175
10/12/2013 16:38:19,10/12/2013,16:38:19,0.36,13.62,86.09,962.80,180
10/12/2013 16:38:49,10/12/2013,16:38:49,0.00,13.62,86.09,962.82,191
10/12/2013 16:39:19,10/12/2013,16:39:19,0.00,13.60,86.09,962.79,178
10/12/2013 16:39:49,10/12/2013,16:39:49,0.00,13.62,86.00,962.80,211
10/12/2013 16:40:19,10/12/2013,16:40:19,0.00,13.60,86.00,962.77,223
10/12/2013 16:40:49,10/12/2013,16:40:49,0.00,13.62,86.00,962.76,175
10/12/2013 16:41:19,10/12/2013,16:41:19,0.00,13.60,86.09,962.74,214
10/12/2013 16:41:49,10/12/2013,16:41:49,0.00,13.60,86.00,962.72,212
10/12/2013 16:42:19,10/12/2013,16:42:19,0.00,13.60,86.00,962.74,211
10/12/2013 16:42:49,10/12/2013,16:42:49,0.00,13.62,86.00,962.74,193
10/12/2013 16:43:19,10/12/2013,16:43:19,0.00,13.62,86.00,962.72,196
10/12/2013 16:43:49,10/12/2013,16:43:49,0.00,13.60,86.00,962.71,218
10/12/2013 16:44:19,10/12/2013,16:44:19,0.00,13.60,86.00,962.72,186
10/12/2013 16:44:49,10/12/2013,16:44:49,0.00,13.60,86.00,962.71,200
10/12/2013 16:45:19,10/12/2013,16:45:19,0.00,13.62,86.00,962.72,207
10/12/2013 16:45:49,10/12/2013,16:45:49,0.00,13.62,86.00,962.71,229
10/12/2013 16:46:19,10/12/2013,16:46:19,0.00,13.62,86.00,962.69,203
10/12/2013 16:46:49,10/12/2013,16:46:49,0.00,13.60,86.00,962.69,215
10/12/2013 16:47:19,10/12/2013,16:47:19,0.31,13.60,86.00,962.67,239
10/12/2013 16:47:49,10/12/2013,16:47:49,0.00,13.60,86.00,962.67,225
10/12/2013 16:48:19,10/12/2013,16:48:19,0.00,13.60,86.00,962.68,220
10/12/2013 16:48:49,10/12/2013,16:48:49,0.13,13.62,86.00,962.67,225
10/12/2013 16:49:19,10/12/2013,16:49:19,0.00,13.62,86.00,962.67,220
10/12/2013 16:49:49,10/12/2013,16:49:49,0.37,13.62,86.09,962.67,223
10/12/2013 16:50:19,10/12/2013,16:50:19,0.00,13.62,86.00,962.67,158
10/12/2013 16:50:49,10/12/2013,16:50:49,0.00,13.62,86.00,962.65,239
10/12/2013 16:51:19,10/12/2013,16:51:19,0.00,13.62,86.00,962.67,216
10/12/2013 16:51:49,10/12/2013,16:51:49,0.00,13.62,86.00,962.65,198
10/12/2013 16:52:19,10/12/2013,16:52:19,0.00,13.62,86.00,962.67,193
10/12/2013 16:52:49,10/12/2013,16:52:49,0.00,13.62,86.00,962.65,195
10/12/2013 16:53:19,10/12/2013,16:53:19,0.00,13.60,86.00,962.67,241
10/12/2013 16:53:49,10/12/2013,16:53:49,0.00,13.62,85.90,962.68,204
10/12/2013 16:54:19,10/12/2013,16:54:19,0.00,13.60,86.00,962.68,208
10/12/2013 16:54:49,10/12/2013,16:54:49,0.00,13.60,86.00,962.71,232
10/12/2013 16:55:19,10/12/2013,16:55:19,0.00,13.60,85.90,962.72,222
10/12/2013 16:55:49,10/12/2013,16:55:49,0.00,13.62,85.90,962.74,230
10/12/2013 16:56:19,10/12/2013,16:56:19,0.00,13.60,86.00,962.75,194
10/12/2013 16:56:49,10/12/2013,16:56:49,0.00,13.60,86.00,962.74,229
10/12/2013 16:57:19,10/12/2013,16:57:19,0.00,13.60,86.00,962.75,244
10/12/2013 16:57:49,10/12/2013,16:57:49,0.00,13.60,86.00,962.76,234
10/12/2013 16:58:19,10/12/2013,16:58:19,0.00,13.60,86.00,962.79,233
10/12/2013 16:58:49,10/12/2013,16:58:49,0.00,13.60,86.00,962.80,194
10/12/2013 16:59:19,10/12/2013,16:59:19,0.00,13.62,86.00,962.80,215
10/12/2013 16:59:49,10/12/2013,16:59:49,0.00,13.60,86.00,962.83,198
10/12/2013 17:00:19,10/12/2013,17:00:19,0.00,13.60,86.00,962.82,207
10/12/2013 17:00:49,10/12/2013,17:00:49,0.00,13.60,86.00,962.82,216
10/12/2013 17:01:19,10/12/2013,17:01:19,0.00,13.60,86.00,962.83,232
10/12/2013 17:01:49,10/12/2013,17:01:49,0.00,13.60,86.00,962.83,234
10/12/2013 17:02:19,10/12/2013,17:02:19,0.00,13.62,86.00,962.83,235
10/12/2013 17:02:49,10/12/2013,17:02:49,0.00,13.62,86.00,962.85,221
10/12/2013 17:03:19,10/12/2013,17:03:19,0.00,13.62,86.00,962.86,197
10/12/2013 17:03:49,10/12/2013,17:03:49,0.00,13.62,86.00,962.84,227
10/12/2013 17:04:19,10/12/2013,17:04:19,0.00,13.60,86.00,962.84,217
10/12/2013 17:04:49,10/12/2013,17:04:49,0.00,13.62,86.00,962.83,216
10/12/2013 17:05:19,10/12/2013,17:05:19,0.00,13.60,86.00,962.83,204
10/12/2013 17:05:49,10/12/2013,17:05:49,0.00,13.60,86.00,962.83,213
10/12/2013 17:06:19,10/12/2013,17:06:19,0.00,13.62,86.00,962.80,241
10/12/2013 17:06:49,10/12/2013,17:06:49,0.00,13.60,86.00,962.82,210
10/12/2013 17:07:19,10/12/2013,17:07:19,0.00,13.62,86.00,962.82,219
10/12/2013 17:07:49,10/12/2013,17:07:49,0.00,13.60,86.00,962.82,228
10/12/2013 17:08:19,10/12/2013,17:08:19,0.00,13.62,86.00,962.82,200
10/12/2013 17:08:49,10/12/2013,17:08:49,0.00,13.60,86.00,962.82,212
10/12/2013 17:09:19,10/12/2013,17:09:19,0.00,13.60,86.00,962.82,220
10/12/2013 17:09:49,10/12/2013,17:09:49,0.00,13.60,86.00,962.83,212
10/12/2013 17:10:19,10/12/2013,17:10:19,0.00,13.60,86.00,962.85,184
10/12/2013 17:10:49,10/12/2013,17:10:49,0.00,13.62,86.00,962.87,205
10/12/2013 17:11:19,10/12/2013,17:11:19,0.00,13.60,86.00,962.87,239
10/12/2013 17:11:49,10/12/2013,17:11:49,0.00,13.62,86.00,962.87,222
10/12/2013 17:12:19,10/12/2013,17:12:19,0.00,13.62,86.00,962.87,218
10/12/2013 17:12:49,10/12/2013,17:12:49,0.00,13.62,86.00,962.90,203
10/12/2013 17:13:19,10/12/2013,17:13:19,0.00,13.62,86.00,962.91,218
10/12/2013 17:13:49,10/12/2013,17:13:49,0.00,13.62,86.00,962.92,245
10/12/2013 17:14:19,10/12/2013,17:14:19,0.08,13.62,86.00,962.93,228
10/12/2013 17:14:49,10/12/2013,17:14:49,0.00,13.62,86.00,962.95,238
10/12/2013 17:15:19,10/12/2013,17:15:19,0.00,13.62,86.00,962.95,240
10/12/2013 17:15:49,10/12/2013,17:15:49,0.13,13.62,86.00,962.97,217
10/12/2013 17:16:19,10/12/2013,17:16:19,0.00,13.60,86.00,962.97,216
10/12/2013 17:16:49,10/12/2013,17:16:49,0.00,13.62,86.00,962.95,230
10/12/2013 17:17:19,10/12/2013,17:17:19,0.00,13.60,86.00,962.94,210
10/12/2013 17:17:49,10/12/2013,17:17:49,0.00,13.62,86.00,962.94,241
10/12/2013 17:18:19,10/12/2013,17:18:19,0.00,13.62,86.00,962.93,210
10/12/2013 17:18:49,10/12/2013,17:18:49,0.00,13.62,86.00,962.92,195
10/12/2013 17:19:19,10/12/2013,17:19:19,0.00,13.62,86.00,962.92,233
10/12/2013 17:19:49,10/12/2013,17:19:49,0.00,13.62,86.00,962.93,216
10/12/2013 17:20:19,10/12/2013,17:20:19,0.00,13.62,86.00,962.94,170
10/12/2013 17:20:49,10/12/2013,17:20:49,0.00,13.62,86.00,962.93,237
10/12/2013 17:21:19,10/12/2013,17:21:19,0.00,13.60,86.00,962.94,201
10/12/2013 17:21:49,10/12/2013,17:21:49,0.00,13.62,85.90,962.93,208
10/12/2013 17:22:19,10/12/2013,17:22:19,0.00,13.60,85.90,962.95,215
10/12/2013 17:22:49,10/12/2013,17:22:49,0.00,13.62,85.90,962.95,249
10/12/2013 17:23:19,10/12/2013,17:23:19,0.00,13.60,85.90,962.97,201
10/12/2013 17:23:49,10/12/2013,17:23:49,0.00,13.62,85.90,962.98,204
10/12/2013 17:24:19,10/12/2013,17:24:19,0.00,13.60,85.90,963.00,208
10/12/2013 17:24:49,10/12/2013,17:24:49,0.00,13.60,85.90,963.00,235
10/12/2013 17:25:19,10/12/2013,17:25:19,0.00,13.62,85.90,963.00,199
10/12/2013 17:25:49,10/12/2013,17:25:49,0.00,13.60,85.90,963.00,214
10/12/2013 17:26:19,10/12/2013,17:26:19,0.00,13.60,85.80,963.01,204
10/12/2013 17:26:49,10/12/2013,17:26:49,0.00,13.60,85.90,963.05,220
10/12/2013 17:27:19,10/12/2013,17:27:19,0.00,13.60,85.90,963.07,212
10/12/2013 17:27:49,10/12/2013,17:27:49,0.00,13.60,85.90,963.08,215
10/12/2013 17:28:19,10/12/2013,17:28:19,0.00,13.62,85.90,963.10,219
10/12/2013 17:28:49,10/12/2013,17:28:49,0.00,13.60,85.90,963.12,229
10/12/2013 17:29:19,10/12/2013,17:29:19,0.00,13.62,85.90,963.16,230
10/12/2013 17:29:49,10/12/2013,17:29:49,0.00,13.60,85.90,963.16,174
10/12/2013 17:30:19,10/12/2013,17:30:19,0.00,13.60,85.90,963.16,218
10/12/2013 17:30:49,10/12/2013,17:30:49,0.00,13.60,85.90,963.17,236
10/12/2013 17:31:19,10/12/2013,17:31:19,0.00,13.60,85.90,963.18,212
10/12/2013 17:31:49,10/12/2013,17:31:49,0.00,13.60,85.90,963.20,222
10/12/2013 17:32:19,10/12/2013,17:32:19,0.00,13.60,85.90,963.18,178
10/12/2013 17:32:49,10/12/2013,17:32:49,0.00,13.60,85.90,963.20,205
10/12/2013 17:33:19,10/12/2013,17:33:19,0.00,13.60,85.80,963.20,209
10/12/2013 17:33:49,10/12/2013,17:33:49,0.00,13.55,85.90,963.18,242
10/12/2013 17:34:19,10/12/2013,17:34:19,0.00,13.55,85.90,963.18,226
10/12/2013 17:34:49,10/12/2013,17:34:49,0.00,13.60,85.90,963.18,193
10/12/2013 17:35:19,10/12/2013,17:35:19,0.00,13.55,85.90,963.15,228
10/12/2013 17:35:49,10/12/2013,17:35:49,0.00,13.55,85.90,963.15,188
10/12/2013 17:36:19,10/12/2013,17:36:19,0.00,13.60,85.90,963.17,228
10/12/2013 17:36:49,10/12/2013,17:36:49,0.00,13.55,85.90,963.18,178
10/12/2013 17:37:19,10/12/2013,17:37:19,0.00,13.55,85.90,963.18,233
10/12/2013 17:37:49,10/12/2013,17:37:49,0.00,13.55,85.90,963.21,194
10/12/2013 17:38:19,10/12/2013,17:38:19,0.00,13.55,85.90,963.21,234
10/12/2013 17:38:49,10/12/2013,17:38:49,0.00,13.55,85.90,963.22,207
10/12/2013 17:39:19,10/12/2013,17:39:19,0.00,13.55,85.90,963.20,219
10/12/2013 17:39:49,10/12/2013,17:39:49,0.00,13.60,85.90,963.20,219
10/12/2013 17:40:19,10/12/2013,17:40:19,0.00,13.55,85.90,963.20,243
