DateTime,Date,Time,Wind,Temperature,Humidity,Pressure,Direction
[MM/DD/YYYY hh:mm:ss],[MM/DD/YYYY],[hh:mm:ss],[m/s],[¡C],[%rH],[hPa],[¡N]
5/7/2013 15:07:28,5/7/2013,15:07:28,0.98,23.47,36.20,956.41,178
5/7/2013 15:07:43,5/7/2013,15:07:43,1.13,23.47,35.29,956.45,167
5/7/2013 15:07:58,5/7/2013,15:07:58,1.43,23.25,35.79,956.56,147
5/7/2013 15:08:13,5/7/2013,15:08:13,2.26,22.79,34.00,956.63,157
5/7/2013 15:08:28,5/7/2013,15:08:28,1.69,22.87,34.70,956.70,133
5/7/2013 15:08:43,5/7/2013,15:08:43,1.58,22.92,35.40,956.71,194
5/7/2013 15:08:58,5/7/2013,15:08:58,1.79,22.57,34.59,956.73,173
5/7/2013 15:09:13,5/7/2013,15:09:13,1.61,22.50,35.50,956.76,173
5/7/2013 15:09:28,5/7/2013,15:09:28,2.31,22.17,35.20,956.76,163
5/7/2013 15:09:43,5/7/2013,15:09:43,1.54,22.29,36.79,956.78,172
5/7/2013 15:09:58,5/7/2013,15:09:58,0.81,22.45,35.79,956.79,171
5/7/2013 15:10:13,5/7/2013,15:10:13,0.00,22.92,37.29,956.78,202
5/7/2013 15:10:28,5/7/2013,15:10:28,0.86,23.07,41.20,956.77,141
5/7/2013 15:10:43,5/7/2013,15:10:43,0.47,23.07,39.40,956.75,129
5/7/2013 15:10:58,5/7/2013,15:10:58,0.11,23.20,37.59,956.73,143
5/7/2013 15:11:13,5/7/2013,15:11:13,0.46,23.07,37.70,956.71,118
5/7/2013 15:11:28,5/7/2013,15:11:28,0.00,23.00,35.00,956.70,169
5/7/2013 15:11:43,5/7/2013,15:11:43,0.17,22.77,36.29,956.70,163
5/7/2013 15:11:58,5/7/2013,15:11:58,0.67,22.85,37.29,956.70,196
5/7/2013 15:12:13,5/7/2013,15:12:13,0.00,23.14,39.09,956.71,147
5/7/2013 15:12:28,5/7/2013,15:12:28,0.00,23.27,39.40,956.72,164
5/7/2013 15:12:43,5/7/2013,15:12:43,0.00,23.00,37.59,956.72,168
5/7/2013 15:12:58,5/7/2013,15:12:58,0.56,22.92,40.50,956.71,180
5/7/2013 15:13:13,5/7/2013,15:13:13,0.63,22.87,39.70,956.72,81
5/7/2013 15:13:28,5/7/2013,15:13:28,0.81,22.87,38.59,956.71,158
5/7/2013 15:13:43,5/7/2013,15:13:43,1.53,22.52,37.90,956.72,162
5/7/2013 15:13:58,5/7/2013,15:13:58,1.19,22.60,41.00,956.73,213
5/7/2013 15:14:13,5/7/2013,15:14:13,0.36,22.85,42.79,956.75,184
5/7/2013 15:14:28,5/7/2013,15:14:28,0.97,22.70,39.90,956.73,180
5/7/2013 15:14:43,5/7/2013,15:14:43,1.33,22.37,36.70,956.73,172
5/7/2013 15:14:58,5/7/2013,15:14:58,1.04,22.52,39.29,956.73,169
5/7/2013 15:15:13,5/7/2013,15:15:13,1.34,22.29,38.09,956.72,173
5/7/2013 15:15:28,5/7/2013,15:15:28,0.72,22.52,39.50,956.72,169
5/7/2013 15:15:43,5/7/2013,15:15:43,1.07,22.32,39.09,956.71,211
5/7/2013 15:15:58,5/7/2013,15:15:58,0.17,22.57,41.50,956.71,166
5/7/2013 15:16:13,5/7/2013,15:16:13,0.79,22.45,39.90,956.71,161
5/7/2013 15:16:28,5/7/2013,15:16:28,1.16,22.29,38.59,956.70,164
5/7/2013 15:16:43,5/7/2013,15:16:43,1.53,22.25,40.40,956.70,164
5/7/2013 15:16:58,5/7/2013,15:16:58,1.05,22.37,41.09,956.71,214
5/7/2013 15:17:13,5/7/2013,15:17:13,0.79,22.50,42.70,956.71,192
5/7/2013 15:17:28,5/7/2013,15:17:28,2.25,21.89,38.79,956.69,201
5/7/2013 15:17:43,5/7/2013,15:17:43,1.33,22.04,40.40,956.72,167
5/7/2013 15:17:58,5/7/2013,15:17:58,1.04,22.25,41.79,956.73,180
5/7/2013 15:18:13,5/7/2013,15:18:13,1.50,22.02,40.50,956.73,191
5/7/2013 15:18:28,5/7/2013,15:18:28,0.75,22.32,44.20,956.73,162
5/7/2013 15:18:43,5/7/2013,15:18:43,0.00,22.52,44.79,956.72,216
5/7/2013 15:18:58,5/7/2013,15:18:58,1.86,22.10,43.20,956.71,179
5/7/2013 15:19:13,5/7/2013,15:19:13,1.29,22.22,44.09,956.71,152
5/7/2013 15:19:28,5/7/2013,15:19:28,0.96,22.45,42.70,956.71,180
5/7/2013 15:19:43,5/7/2013,15:19:43,1.10,22.29,41.70,956.71,192
5/7/2013 15:19:58,5/7/2013,15:19:58,0.72,22.37,40.40,956.71,164
5/7/2013 15:20:13,5/7/2013,15:20:13,0.61,22.42,42.09,956.72,174
5/7/2013 15:20:28,5/7/2013,15:20:28,1.13,22.25,40.29,956.68,167
5/7/2013 15:20:43,5/7/2013,15:20:43,0.47,22.50,41.40,956.68,159
5/7/2013 15:20:58,5/7/2013,15:20:58,0.63,22.45,41.90,956.67,
5/7/2013 15:21:13,5/7/2013,15:21:13,1.51,22.29,42.29,956.65,223
5/7/2013 15:21:28,5/7/2013,15:21:28,1.16,22.29,43.09,956.64,163
5/7/2013 15:21:43,5/7/2013,15:21:43,0.32,22.60,42.00,956.67,209
5/7/2013 15:21:58,5/7/2013,15:21:58,0.09,22.60,41.29,956.65,184
5/7/2013 15:22:13,5/7/2013,15:22:13,0.44,22.60,40.59,956.67,140
5/7/2013 15:22:28,5/7/2013,15:22:28,0.35,22.72,40.50,956.65,125
5/7/2013 15:22:43,5/7/2013,15:22:43,0.00,22.85,39.40,956.64,99
5/7/2013 15:22:58,5/7/2013,15:22:58,0.00,22.77,38.59,956.63,106
5/7/2013 15:23:13,5/7/2013,15:23:13,0.17,22.70,38.90,956.63,160
5/7/2013 15:23:28,5/7/2013,15:23:28,1.39,22.32,37.70,956.63,136
5/7/2013 15:23:43,5/7/2013,15:23:43,1.82,22.10,36.70,956.63,164
5/7/2013 15:23:58,5/7/2013,15:23:58,0.74,22.37,38.09,956.65,166
5/7/2013 15:24:13,5/7/2013,15:24:13,0.39,22.52,38.59,956.67,95
5/7/2013 15:24:28,5/7/2013,15:24:28,0.00,22.60,36.40,956.65,110
5/7/2013 15:24:43,5/7/2013,15:24:43,0.11,22.60,37.40,956.63,162
5/7/2013 15:24:58,5/7/2013,15:24:58,0.18,22.70,39.59,956.63,142
5/7/2013 15:25:13,5/7/2013,15:25:13,0.00,22.85,39.29,956.64,185
5/7/2013 15:25:28,5/7/2013,15:25:28,0.33,22.70,39.59,956.63,150
5/7/2013 15:25:43,5/7/2013,15:25:43,0.84,22.42,37.09,956.62,165
5/7/2013 15:25:58,5/7/2013,15:25:58,0.44,22.64,41.09,956.60,132
5/7/2013 15:26:13,5/7/2013,15:26:13,0.63,22.60,40.59,956.58,166
5/7/2013 15:26:28,5/7/2013,15:26:28,0.68,22.52,37.40,956.60,104
5/7/2013 15:26:43,5/7/2013,15:26:43,0.89,22.42,35.70,956.58,94
5/7/2013 15:26:58,5/7/2013,15:26:58,0.08,22.60,36.79,956.60,138
5/7/2013 15:27:13,5/7/2013,15:27:13,0.00,22.52,37.50,956.60,143
5/7/2013 15:27:28,5/7/2013,15:27:28,0.88,22.37,36.70,956.60,169
5/7/2013 15:27:43,5/7/2013,15:27:43,0.31,22.64,38.90,956.60,165
5/7/2013 15:27:58,5/7/2013,15:27:58,0.32,22.70,39.90,956.56,144
5/7/2013 15:28:13,5/7/2013,15:28:13,1.46,22.37,38.50,956.56,163
5/7/2013 15:28:28,5/7/2013,15:28:28,1.78,22.22,37.50,956.57,142
5/7/2013 15:28:43,5/7/2013,15:28:43,1.92,22.04,36.50,956.57,169
5/7/2013 15:28:58,5/7/2013,15:28:58,1.40,22.14,36.00,956.57,131
5/7/2013 15:29:13,5/7/2013,15:29:13,0.89,22.29,36.50,956.56,169
5/7/2013 15:29:28,5/7/2013,15:29:28,1.34,22.17,37.70,956.54,151
5/7/2013 15:29:43,5/7/2013,15:29:43,1.19,22.22,36.50,956.56,182
5/7/2013 15:29:58,5/7/2013,15:29:58,0.17,22.52,39.70,956.56,193
5/7/2013 15:30:13,5/7/2013,15:30:13,0.78,22.50,37.70,956.54,162
5/7/2013 15:30:28,5/7/2013,15:30:28,0.88,22.42,36.59,956.54,193
5/7/2013 15:30:43,5/7/2013,15:30:43,0.42,22.72,40.50,956.55,215
5/7/2013 15:30:58,5/7/2013,15:30:58,0.26,22.64,37.09,956.52,159
5/7/2013 15:31:13,5/7/2013,15:31:13,0.75,22.60,36.79,956.48,170
5/7/2013 15:31:28,5/7/2013,15:31:28,1.00,22.52,36.70,956.49,147
5/7/2013 15:31:43,5/7/2013,15:31:43,0.17,22.97,37.50,956.49,74
5/7/2013 15:31:58,5/7/2013,15:31:58,0.00,22.87,37.09,956.47,104
5/7/2013 15:32:13,5/7/2013,15:32:13,0.00,22.72,35.29,956.46,117
5/7/2013 15:32:28,5/7/2013,15:32:28,0.00,22.92,36.09,956.45,140
5/7/2013 15:32:43,5/7/2013,15:32:43,0.00,23.04,38.40,956.46,156
5/7/2013 15:32:58,5/7/2013,15:32:58,0.00,23.07,38.00,956.46,110
5/7/2013 15:33:13,5/7/2013,15:33:13,0.00,23.00,35.00,956.46,148
5/7/2013 15:33:28,5/7/2013,15:33:28,0.00,23.04,34.70,956.47,105
5/7/2013 15:33:43,5/7/2013,15:33:43,0.00,23.39,35.29,956.46,182
5/7/2013 15:33:58,5/7/2013,15:33:58,0.28,23.25,37.40,956.44,141
5/7/2013 15:34:13,5/7/2013,15:34:13,0.56,23.25,37.09,956.44,147
5/7/2013 15:34:28,5/7/2013,15:34:28,0.50,23.27,35.70,956.44,143
5/7/2013 15:34:43,5/7/2013,15:34:43,0.96,22.87,35.20,956.42,148
5/7/2013 15:34:58,5/7/2013,15:34:58,0.57,23.07,37.20,956.40,184
5/7/2013 15:35:13,5/7/2013,15:35:13,0.51,23.14,36.29,956.40,167
5/7/2013 15:35:28,5/7/2013,15:35:28,0.00,23.39,36.79,956.38,97
5/7/2013 15:35:43,5/7/2013,15:35:43,0.00,23.75,37.00,956.37,76
5/7/2013 15:35:58,5/7/2013,15:35:58,0.00,23.70,36.09,956.36,157
5/7/2013 15:36:13,5/7/2013,15:36:13,0.00,23.67,35.50,956.36,141
5/7/2013 15:36:28,5/7/2013,15:36:28,0.00,23.87,36.90,956.34,145
5/7/2013 15:36:43,5/7/2013,15:36:43,0.00,23.89,38.29,956.32,155
5/7/2013 15:36:58,5/7/2013,15:36:58,0.00,24.25,41.90,956.30,156
5/7/2013 15:37:13,5/7/2013,15:37:13,0.26,23.87,37.70,956.29,141
5/7/2013 15:37:28,5/7/2013,15:37:28,0.38,23.95,36.59,956.28,88
5/7/2013 15:37:43,5/7/2013,15:37:43,0.65,23.75,35.20,956.26,111
5/7/2013 15:37:58,5/7/2013,15:37:58,1.03,23.60,36.00,956.26,152
5/7/2013 15:38:13,5/7/2013,15:38:13,1.14,23.35,35.29,956.26,146
5/7/2013 15:38:28,5/7/2013,15:38:28,0.81,23.54,37.29,956.28,213
5/7/2013 15:38:43,5/7/2013,15:38:43,0.07,24.02,40.00,956.29,233
5/7/2013 15:38:58,5/7/2013,15:38:58,0.61,23.79,39.09,956.29,162
5/7/2013 15:39:13,5/7/2013,15:39:13,1.08,23.60,36.20,956.26,164
5/7/2013 15:39:28,5/7/2013,15:39:28,1.03,23.47,35.59,956.28,160
5/7/2013 15:39:43,5/7/2013,15:39:43,0.40,23.89,38.59,956.26,192
5/7/2013 15:39:58,5/7/2013,15:39:58,0.00,24.07,38.59,956.28,189
5/7/2013 15:40:13,5/7/2013,15:40:13,0.00,24.17,38.00,956.28,124
5/7/2013 15:40:28,5/7/2013,15:40:28,0.63,23.95,36.29,956.28,169
5/7/2013 15:40:43,5/7/2013,15:40:43,0.74,23.95,38.00,956.25,103
5/7/2013 15:40:58,5/7/2013,15:40:58,0.68,23.95,35.40,956.25,198
5/7/2013 15:41:13,5/7/2013,15:41:13,1.21,23.62,35.59,956.26,150
5/7/2013 15:41:28,5/7/2013,15:41:28,1.46,23.39,34.50,956.28,170
5/7/2013 15:41:43,5/7/2013,15:41:43,0.83,23.62,36.40,956.26,112
5/7/2013 15:41:58,5/7/2013,15:41:58,0.81,23.62,35.50,956.26,145
5/7/2013 15:42:13,5/7/2013,15:42:13,0.88,23.47,35.20,956.25,156
5/7/2013 15:42:28,5/7/2013,15:42:28,1.13,23.39,36.00,956.26,134
5/7/2013 15:42:43,5/7/2013,15:42:43,0.93,23.35,35.09,956.28,157
5/7/2013 15:42:58,5/7/2013,15:42:58,0.06,23.62,38.40,956.29,140
5/7/2013 15:43:13,5/7/2013,15:43:13,0.00,23.39,34.79,956.29,173
5/7/2013 15:43:28,5/7/2013,15:43:28,0.00,23.52,36.00,956.29,132
5/7/2013 15:43:43,5/7/2013,15:43:43,0.19,23.54,35.59,956.28,143
5/7/2013 15:43:58,5/7/2013,15:43:58,0.00,23.62,35.70,956.28,144
5/7/2013 15:44:13,5/7/2013,15:44:13,0.00,23.82,35.70,956.28,146
5/7/2013 15:44:28,5/7/2013,15:44:28,0.42,23.52,37.70,956.28,171
5/7/2013 15:44:43,5/7/2013,15:44:43,0.78,23.42,36.79,956.25,168
5/7/2013 15:44:58,5/7/2013,15:44:58,1.04,23.20,35.70,956.26,125
5/7/2013 15:45:13,5/7/2013,15:45:13,0.12,23.54,36.09,956.25,160
5/7/2013 15:45:28,5/7/2013,15:45:28,0.00,23.52,39.20,956.26,200
5/7/2013 15:45:43,5/7/2013,15:45:43,1.19,23.32,41.09,956.24,143
5/7/2013 15:45:58,5/7/2013,15:45:58,1.10,23.42,41.09,956.25,198
5/7/2013 15:46:13,5/7/2013,15:46:13,1.19,23.25,38.70,956.25,168
5/7/2013 15:46:28,5/7/2013,15:46:28,0.36,23.60,40.70,956.28,165
5/7/2013 15:46:43,5/7/2013,15:46:43,0.79,23.42,38.00,956.28,152
5/7/2013 15:46:58,5/7/2013,15:46:58,0.88,23.32,38.29,956.28,163
5/7/2013 15:47:13,5/7/2013,15:47:13,0.90,23.32,36.70,956.26,167
5/7/2013 15:47:28,5/7/2013,15:47:28,0.07,23.42,36.59,956.29,126
5/7/2013 15:47:43,5/7/2013,15:47:43,0.36,23.47,34.20,956.28,156
5/7/2013 15:47:58,5/7/2013,15:47:58,0.17,23.32,36.59,956.29,154
5/7/2013 15:48:13,5/7/2013,15:48:13,0.93,23.20,38.09,956.28,178
5/7/2013 15:48:28,5/7/2013,15:48:28,0.54,23.47,41.00,956.26,86
5/7/2013 15:48:43,5/7/2013,15:48:43,1.11,23.14,37.70,956.26,148
5/7/2013 15:48:58,5/7/2013,15:48:58,0.94,23.20,38.40,956.29,152
5/7/2013 15:49:13,5/7/2013,15:49:13,1.15,23.00,37.70,956.31,148
5/7/2013 15:49:28,5/7/2013,15:49:28,1.90,22.64,35.29,956.30,162
5/7/2013 15:49:43,5/7/2013,15:49:43,1.78,22.57,36.00,956.30,122
5/7/2013 15:49:58,5/7/2013,15:49:58,1.47,22.57,35.20,956.32,145
5/7/2013 15:50:13,5/7/2013,15:50:13,1.08,22.60,37.00,956.34,176
5/7/2013 15:50:28,5/7/2013,15:50:28,0.83,22.64,37.90,956.36,199
5/7/2013 15:50:43,5/7/2013,15:50:43,0.49,22.70,37.70,956.36,141
5/7/2013 15:50:58,5/7/2013,15:50:58,0.82,22.52,35.90,956.34,155
5/7/2013 15:51:13,5/7/2013,15:51:13,0.93,22.52,37.40,956.34,118
5/7/2013 15:51:28,5/7/2013,15:51:28,0.88,22.42,35.50,956.34,117
5/7/2013 15:51:43,5/7/2013,15:51:43,0.11,22.64,36.20,956.34,134
5/7/2013 15:51:58,5/7/2013,15:51:58,1.50,22.29,37.70,956.33,145
5/7/2013 15:52:13,5/7/2013,15:52:13,1.21,22.22,35.50,956.37,142
5/7/2013 15:52:28,5/7/2013,15:52:28,0.98,22.17,35.29,956.38,107
5/7/2013 15:52:43,5/7/2013,15:52:43,0.81,22.17,34.70,956.38,130
5/7/2013 15:52:58,5/7/2013,15:52:58,0.83,22.22,36.70,956.39,141
5/7/2013 15:53:13,5/7/2013,15:53:13,0.82,22.25,35.79,956.39,132
5/7/2013 15:53:28,5/7/2013,15:53:28,1.43,21.97,35.70,956.38,167
5/7/2013 15:53:43,5/7/2013,15:53:43,2.21,21.62,35.70,956.38,175
5/7/2013 15:53:58,5/7/2013,15:53:58,1.71,21.67,36.09,956.39,139
5/7/2013 15:54:13,5/7/2013,15:54:13,0.90,21.82,37.70,956.38,65
5/7/2013 15:54:28,5/7/2013,15:54:28,0.06,22.04,38.29,956.38,80
5/7/2013 15:54:43,5/7/2013,15:54:43,0.83,22.02,37.59,956.38,146
5/7/2013 15:54:58,5/7/2013,15:54:58,0.39,22.14,37.59,956.38,119
5/7/2013 15:55:13,5/7/2013,15:55:13,0.51,22.04,37.00,956.37,150
5/7/2013 15:55:28,5/7/2013,15:55:28,1.46,21.70,35.09,956.34,142
5/7/2013 15:55:43,5/7/2013,15:55:43,1.41,21.57,35.40,956.37,156
5/7/2013 15:55:58,5/7/2013,15:55:58,1.36,21.50,35.79,956.37,159
5/7/2013 15:56:13,5/7/2013,15:56:13,0.89,21.67,36.59,956.39,151
5/7/2013 15:56:28,5/7/2013,15:56:28,0.50,21.75,35.40,956.40,155
5/7/2013 15:56:43,5/7/2013,15:56:43,1.08,21.62,36.09,956.38,171
5/7/2013 15:56:58,5/7/2013,15:56:58,0.68,21.70,37.40,956.37,146
5/7/2013 15:57:13,5/7/2013,15:57:13,0.00,21.82,38.90,956.37,159
5/7/2013 15:57:28,5/7/2013,15:57:28,0.00,21.89,38.90,956.40,179
5/7/2013 15:57:43,5/7/2013,15:57:43,0.74,21.75,38.20,956.40,162
5/7/2013 15:57:58,5/7/2013,15:57:58,0.93,21.67,38.50,956.40,163
5/7/2013 15:58:13,5/7/2013,15:58:13,1.19,21.57,39.00,956.40,125
5/7/2013 15:58:28,5/7/2013,15:58:28,1.51,21.42,37.29,956.39,159
5/7/2013 15:58:43,5/7/2013,15:58:43,2.19,21.20,36.40,956.37,149
5/7/2013 15:58:58,5/7/2013,15:58:58,2.24,21.14,37.09,956.38,143
5/7/2013 15:59:13,5/7/2013,15:59:13,1.82,21.20,37.50,956.40,159
5/7/2013 15:59:28,5/7/2013,15:59:28,0.98,21.35,40.09,956.40,169
5/7/2013 15:59:43,5/7/2013,15:59:43,1.54,21.22,39.00,956.40,165
5/7/2013 15:59:58,5/7/2013,15:59:58,1.37,21.22,39.79,956.41,164
5/7/2013 16:00:13,5/7/2013,16:00:13,0.93,21.29,38.50,956.39,163
5/7/2013 16:00:28,5/7/2013,16:00:28,0.94,21.35,42.00,956.39,169
5/7/2013 16:00:43,5/7/2013,16:00:43,1.22,21.35,41.09,956.40,187
5/7/2013 16:00:58,5/7/2013,16:00:58,0.98,21.42,42.00,956.40,160
5/7/2013 16:01:13,5/7/2013,16:01:13,0.50,21.42,41.09,956.40,204
5/7/2013 16:01:28,5/7/2013,16:01:28,0.82,21.50,42.70,956.37,159
5/7/2013 16:01:43,5/7/2013,16:01:43,1.01,21.47,42.29,956.37,168
5/7/2013 16:01:58,5/7/2013,16:01:58,1.41,21.35,41.09,956.39,145
5/7/2013 16:02:13,5/7/2013,16:02:13,1.81,21.20,40.00,956.38,156
5/7/2013 16:02:28,5/7/2013,16:02:28,1.76,21.20,40.20,956.38,174
5/7/2013 16:02:43,5/7/2013,16:02:43,0.89,21.29,40.09,956.38,211
5/7/2013 16:02:58,5/7/2013,16:02:58,0.00,21.54,42.00,956.39,164
5/7/2013 16:03:13,5/7/2013,16:03:13,0.76,21.35,42.00,956.38,207
5/7/2013 16:03:28,5/7/2013,16:03:28,1.03,21.29,41.00,956.39,151
5/7/2013 16:03:43,5/7/2013,16:03:43,1.65,21.12,39.70,956.39,166
5/7/2013 16:03:58,5/7/2013,16:03:58,1.53,21.07,39.79,956.40,167
5/7/2013 16:04:13,5/7/2013,16:04:13,1.67,20.95,39.59,956.39,158
5/7/2013 16:04:28,5/7/2013,16:04:28,0.94,21.12,42.50,956.39,200
5/7/2013 16:04:43,5/7/2013,16:04:43,0.96,21.14,42.50,956.39,177
5/7/2013 16:04:58,5/7/2013,16:04:58,0.65,21.22,45.29,956.40,172
5/7/2013 16:05:13,5/7/2013,16:05:13,0.58,21.27,43.79,956.39,194
5/7/2013 16:05:28,5/7/2013,16:05:28,2.03,20.87,39.90,956.38,193
5/7/2013 16:05:43,5/7/2013,16:05:43,0.25,21.20,45.20,956.39,162
5/7/2013 16:05:58,5/7/2013,16:05:58,1.04,21.00,40.09,956.37,163
5/7/2013 16:06:13,5/7/2013,16:06:13,1.30,21.00,42.90,956.34,155
5/7/2013 16:06:28,5/7/2013,16:06:28,1.48,20.95,41.90,956.34,205
5/7/2013 16:06:43,5/7/2013,16:06:43,0.61,21.12,43.70,956.34,157
5/7/2013 16:06:58,5/7/2013,16:06:58,0.90,21.00,40.79,956.33,149
5/7/2013 16:07:13,5/7/2013,16:07:13,2.44,20.75,40.20,956.32,134
5/7/2013 16:07:28,5/7/2013,16:07:28,1.60,20.92,43.59,956.33,143
5/7/2013 16:07:43,5/7/2013,16:07:43,1.86,20.79,40.40,956.34,171
5/7/2013 16:07:58,5/7/2013,16:07:58,1.16,20.92,41.59,956.37,153
5/7/2013 16:08:13,5/7/2013,16:08:13,0.60,21.07,44.00,956.38,192
5/7/2013 16:08:28,5/7/2013,16:08:28,0.50,21.02,44.70,956.36,195
5/7/2013 16:08:43,5/7/2013,16:08:43,0.65,21.12,42.09,956.32,165
5/7/2013 16:08:58,5/7/2013,16:08:58,0.00,21.14,43.79,956.30,160
5/7/2013 16:09:13,5/7/2013,16:09:13,0.89,21.12,43.00,956.30,180
5/7/2013 16:09:28,5/7/2013,16:09:28,1.14,21.07,42.70,956.26,206
5/7/2013 16:09:43,5/7/2013,16:09:43,1.57,21.00,42.79,956.25,209
5/7/2013 16:09:58,5/7/2013,16:09:58,1.67,20.95,41.09,956.24,153
5/7/2013 16:10:13,5/7/2013,16:10:13,0.98,21.12,43.59,956.26,249
5/7/2013 16:10:28,5/7/2013,16:10:28,1.82,20.92,42.29,956.26,209
5/7/2013 16:10:43,5/7/2013,16:10:43,1.30,21.02,43.20,956.29,198
5/7/2013 16:10:58,5/7/2013,16:10:58,1.19,21.00,40.29,956.29,155
5/7/2013 16:11:13,5/7/2013,16:11:13,0.90,21.07,42.09,956.29,161
5/7/2013 16:11:28,5/7/2013,16:11:28,0.76,21.12,42.50,956.29,212
5/7/2013 16:11:43,5/7/2013,16:11:43,0.51,21.20,40.90,956.29,200
5/7/2013 16:11:58,5/7/2013,16:11:58,0.61,21.12,39.79,956.31,144
5/7/2013 16:12:13,5/7/2013,16:12:13,0.67,21.12,39.90,956.30,115
5/7/2013 16:12:28,5/7/2013,16:12:28,2.04,20.79,37.90,956.29,153
5/7/2013 16:12:43,5/7/2013,16:12:43,2.18,20.67,37.59,956.29,168
5/7/2013 16:12:58,5/7/2013,16:12:58,2.34,20.60,37.90,956.29,155
5/7/2013 16:13:13,5/7/2013,16:13:13,0.98,20.79,40.09,956.31,196
5/7/2013 16:13:28,5/7/2013,16:13:28,0.94,20.87,42.50,956.31,154
5/7/2013 16:13:43,5/7/2013,16:13:43,1.94,20.60,40.29,956.31,167
5/7/2013 16:13:58,5/7/2013,16:13:58,1.57,20.64,40.20,956.32,152
5/7/2013 16:14:13,5/7/2013,16:14:13,2.04,20.64,39.00,956.31,129
5/7/2013 16:14:28,5/7/2013,16:14:28,1.46,20.75,39.20,956.31,150
5/7/2013 16:14:43,5/7/2013,16:14:43,1.50,20.67,39.00,956.31,164
5/7/2013 16:14:58,5/7/2013,16:14:58,0.33,20.87,40.40,956.32,195
5/7/2013 16:15:13,5/7/2013,16:15:13,1.58,20.72,39.20,956.30,139
5/7/2013 16:15:28,5/7/2013,16:15:28,1.58,20.60,37.70,956.30,182
5/7/2013 16:15:43,5/7/2013,16:15:43,0.31,20.87,42.00,956.30,163
5/7/2013 16:15:58,5/7/2013,16:15:58,0.00,20.87,40.90,956.32,157
5/7/2013 16:16:13,5/7/2013,16:16:13,0.26,20.95,41.29,956.32,173
5/7/2013 16:16:28,5/7/2013,16:16:28,0.40,21.02,40.90,956.31,160
5/7/2013 16:16:43,5/7/2013,16:16:43,1.75,20.79,37.90,956.30,130
5/7/2013 16:16:58,5/7/2013,16:16:58,1.27,20.79,37.20,956.29,159
5/7/2013 16:17:13,5/7/2013,16:17:13,1.05,20.79,37.20,956.28,145
5/7/2013 16:17:28,5/7/2013,16:17:28,1.00,20.92,40.20,956.26,154
5/7/2013 16:17:43,5/7/2013,16:17:43,0.90,20.87,37.40,956.25,167
5/7/2013 16:17:58,5/7/2013,16:17:58,1.01,20.87,38.70,956.25,131
5/7/2013 16:18:13,5/7/2013,16:18:13,0.90,20.92,37.29,956.25,128
5/7/2013 16:18:28,5/7/2013,16:18:28,0.71,21.02,37.70,956.25,160
5/7/2013 16:18:43,5/7/2013,16:18:43,1.19,20.95,37.20,956.23,168
5/7/2013 16:18:58,5/7/2013,16:18:58,1.34,20.87,38.59,956.21,182
5/7/2013 16:19:13,5/7/2013,16:19:13,0.72,21.00,38.59,956.21,155
5/7/2013 16:19:28,5/7/2013,16:19:28,0.64,21.07,39.00,956.22,128
5/7/2013 16:19:43,5/7/2013,16:19:43,1.15,21.07,38.79,956.17,173
5/7/2013 16:19:58,5/7/2013,16:19:58,0.88,21.07,39.59,956.17,169
5/7/2013 16:20:13,5/7/2013,16:20:13,1.33,21.02,40.59,956.18,163
5/7/2013 16:20:28,5/7/2013,16:20:28,1.55,20.95,42.59,956.17,227
5/7/2013 16:20:43,5/7/2013,16:20:43,1.67,20.95,44.00,956.17,208
5/7/2013 16:20:58,5/7/2013,16:20:58,0.97,21.20,45.79,956.18,173
5/7/2013 16:21:13,5/7/2013,16:21:13,1.29,21.12,44.59,956.16,199
5/7/2013 16:21:28,5/7/2013,16:21:28,1.22,21.12,41.29,956.16,174
5/7/2013 16:21:43,5/7/2013,16:21:43,0.88,21.12,40.79,956.18,176
5/7/2013 16:21:58,5/7/2013,16:21:58,0.67,21.20,42.29,956.20,166
5/7/2013 16:22:13,5/7/2013,16:22:13,0.76,21.07,38.40,956.17,171
5/7/2013 16:22:28,5/7/2013,16:22:28,0.36,21.20,40.00,956.20,148
5/7/2013 16:22:43,5/7/2013,16:22:43,1.36,21.02,38.50,956.17,147
5/7/2013 16:22:58,5/7/2013,16:22:58,0.94,21.12,39.29,956.18,185
5/7/2013 16:23:13,5/7/2013,16:23:13,0.97,21.02,36.70,956.18,127
5/7/2013 16:23:28,5/7/2013,16:23:28,0.11,21.20,37.20,956.18,
5/7/2013 16:23:43,5/7/2013,16:23:43,1.16,21.02,38.09,956.18,171
5/7/2013 16:23:58,5/7/2013,16:23:58,0.71,21.20,39.79,956.18,153
5/7/2013 16:24:13,5/7/2013,16:24:13,0.60,21.12,39.20,956.18,172
5/7/2013 16:24:28,5/7/2013,16:24:28,0.22,21.22,38.79,956.18,176
5/7/2013 16:24:43,5/7/2013,16:24:43,0.07,21.27,40.50,956.17,183
5/7/2013 16:24:58,5/7/2013,16:24:58,1.08,21.02,38.70,956.17,196
5/7/2013 16:25:13,5/7/2013,16:25:13,0.46,21.12,40.29,956.17,208
5/7/2013 16:25:28,5/7/2013,16:25:28,1.33,21.02,40.29,956.17,195
5/7/2013 16:25:43,5/7/2013,16:25:43,1.07,21.02,40.50,956.16,208
5/7/2013 16:25:58,5/7/2013,16:25:58,0.83,21.07,41.70,956.14,192
5/7/2013 16:26:13,5/7/2013,16:26:13,0.14,21.27,41.20,956.16,171
5/7/2013 16:26:28,5/7/2013,16:26:28,0.00,21.20,42.09,956.16,219
5/7/2013 16:26:43,5/7/2013,16:26:43,0.46,21.22,40.79,956.15,179
5/7/2013 16:26:58,5/7/2013,16:26:58,0.67,21.20,40.09,956.16,131
5/7/2013 16:27:13,5/7/2013,16:27:13,0.00,21.27,38.20,956.14,121
5/7/2013 16:27:28,5/7/2013,16:27:28,0.00,21.27,38.29,956.13,129
5/7/2013 16:27:43,5/7/2013,16:27:43,0.78,21.22,37.40,956.11,185
5/7/2013 16:27:58,5/7/2013,16:27:58,1.94,21.07,38.70,956.11,158
5/7/2013 16:28:13,5/7/2013,16:28:13,2.93,20.72,36.79,956.09,129
5/7/2013 16:28:28,5/7/2013,16:28:28,1.67,20.87,37.29,956.13,154
5/7/2013 16:28:43,5/7/2013,16:28:43,0.50,21.20,40.79,956.14,158
5/7/2013 16:28:58,5/7/2013,16:28:58,0.00,21.29,41.20,956.13,150
5/7/2013 16:29:13,5/7/2013,16:29:13,1.01,21.12,38.90,956.11,171
5/7/2013 16:29:28,5/7/2013,16:29:28,0.18,21.27,38.90,956.13,201
5/7/2013 16:29:43,5/7/2013,16:29:43,0.00,21.42,42.90,956.11,201
5/7/2013 16:29:58,5/7/2013,16:29:58,0.00,21.50,43.59,956.11,188
5/7/2013 16:30:13,5/7/2013,16:30:13,0.32,21.50,42.90,956.07,182
5/7/2013 16:30:28,5/7/2013,16:30:28,0.00,21.67,45.29,956.08,176
5/7/2013 16:30:43,5/7/2013,16:30:43,0.00,21.57,41.09,956.07,170
5/7/2013 16:30:58,5/7/2013,16:30:58,0.00,21.62,40.70,956.06,204
5/7/2013 16:31:13,5/7/2013,16:31:13,0.00,21.67,41.79,956.05,194
5/7/2013 16:31:28,5/7/2013,16:31:28,0.56,21.54,40.40,956.05,159
5/7/2013 16:31:43,5/7/2013,16:31:43,0.31,21.62,40.20,956.07,150
5/7/2013 16:31:58,5/7/2013,16:31:58,0.82,21.50,38.00,956.05,163
5/7/2013 16:32:13,5/7/2013,16:32:13,1.21,21.39,36.70,956.05,160
5/7/2013 16:32:28,5/7/2013,16:32:28,0.15,21.62,38.50,956.03,159
5/7/2013 16:32:43,5/7/2013,16:32:43,1.54,21.35,38.29,956.02,149
5/7/2013 16:32:58,5/7/2013,16:32:58,1.47,21.22,36.20,956.02,168
5/7/2013 16:33:13,5/7/2013,16:33:13,0.81,21.35,36.70,956.03,160
5/7/2013 16:33:28,5/7/2013,16:33:28,0.89,21.27,36.40,956.03,176
5/7/2013 16:33:43,5/7/2013,16:33:43,1.00,21.35,39.50,956.03,147
5/7/2013 16:33:58,5/7/2013,16:33:58,1.33,21.27,36.59,956.03,160
5/7/2013 16:34:13,5/7/2013,16:34:13,0.46,21.42,39.50,956.05,188
5/7/2013 16:34:28,5/7/2013,16:34:28,1.58,21.12,37.20,956.05,160
5/7/2013 16:34:43,5/7/2013,16:34:43,1.23,21.20,40.59,956.03,227
5/7/2013 16:34:58,5/7/2013,16:34:58,0.28,21.27,41.79,956.05,215
5/7/2013 16:35:13,5/7/2013,16:35:13,0.46,21.29,40.50,956.03,223
5/7/2013 16:35:28,5/7/2013,16:35:28,0.39,21.27,41.40,956.03,167
5/7/2013 16:35:43,5/7/2013,16:35:43,1.05,21.12,40.09,956.00,157
5/7/2013 16:35:58,5/7/2013,16:35:58,0.50,21.22,42.29,956.01,211
5/7/2013 16:36:13,5/7/2013,16:36:13,0.98,21.02,39.70,956.02,165
5/7/2013 16:36:28,5/7/2013,16:36:28,0.65,21.20,42.59,956.02,148
5/7/2013 16:36:43,5/7/2013,16:36:43,0.00,21.20,40.90,956.02,174
5/7/2013 16:36:58,5/7/2013,16:36:58,0.46,21.22,43.40,956.02,182
5/7/2013 16:37:13,5/7/2013,16:37:13,0.98,21.20,43.40,956.01,184
5/7/2013 16:37:28,5/7/2013,16:37:28,1.44,21.00,39.79,956.01,156
5/7/2013 16:37:43,5/7/2013,16:37:43,1.62,20.92,37.40,956.01,168
5/7/2013 16:37:58,5/7/2013,16:37:58,1.53,21.00,38.29,956.00,176
5/7/2013 16:38:13,5/7/2013,16:38:13,1.41,20.95,37.70,956.01,181
5/7/2013 16:38:28,5/7/2013,16:38:28,0.86,21.07,38.90,956.01,181
5/7/2013 16:38:43,5/7/2013,16:38:43,1.60,20.92,37.50,956.01,181
5/7/2013 16:38:58,5/7/2013,16:38:58,1.46,20.87,37.59,956.01,202
5/7/2013 16:39:13,5/7/2013,16:39:13,1.16,20.95,37.50,955.99,202
5/7/2013 16:39:28,5/7/2013,16:39:28,1.07,21.07,40.09,955.98,141
5/7/2013 16:39:43,5/7/2013,16:39:43,0.21,21.20,41.00,956.00,155
5/7/2013 16:39:58,5/7/2013,16:39:58,0.71,21.27,37.40,956.00,158
5/7/2013 16:40:13,5/7/2013,16:40:13,0.90,21.27,38.79,955.99,229
5/7/2013 16:40:28,5/7/2013,16:40:28,1.18,21.12,36.00,955.98,185
5/7/2013 16:40:43,5/7/2013,16:40:43,0.17,21.35,38.29,955.98,168
5/7/2013 16:40:58,5/7/2013,16:40:58,0.00,21.27,36.79,955.97,160
5/7/2013 16:41:13,5/7/2013,16:41:13,0.00,21.39,37.70,955.97,198
5/7/2013 16:41:28,5/7/2013,16:41:28,0.00,21.39,35.50,955.95,161
5/7/2013 16:41:43,5/7/2013,16:41:43,0.54,21.35,37.70,955.93,172
5/7/2013 16:41:58,5/7/2013,16:41:58,0.50,21.39,39.50,955.93,188
5/7/2013 16:42:13,5/7/2013,16:42:13,0.54,21.20,39.20,955.93,209
5/7/2013 16:42:28,5/7/2013,16:42:28,0.68,21.22,39.50,955.94,154
5/7/2013 16:42:43,5/7/2013,16:42:43,0.06,21.27,39.79,955.94,160
5/7/2013 16:42:58,5/7/2013,16:42:58,0.90,21.14,36.90,955.93,194
5/7/2013 16:43:13,5/7/2013,16:43:13,1.33,21.07,36.59,955.91,240
5/7/2013 16:43:28,5/7/2013,16:43:28,0.74,21.12,35.70,955.91,143
5/7/2013 16:43:43,5/7/2013,16:43:43,0.61,21.22,38.70,955.91,175
5/7/2013 16:43:58,5/7/2013,16:43:58,0.00,21.35,41.79,955.92,157
5/7/2013 16:44:13,5/7/2013,16:44:13,1.75,20.95,32.50,955.91,149
5/7/2013 16:44:28,5/7/2013,16:44:28,1.64,20.95,33.09,955.92,179
5/7/2013 16:44:43,5/7/2013,16:44:43,1.05,21.12,34.59,955.91,102
5/7/2013 16:44:58,5/7/2013,16:44:58,0.53,21.22,33.90,955.92,125
5/7/2013 16:45:13,5/7/2013,16:45:13,0.00,21.22,33.90,955.92,174
5/7/2013 16:45:28,5/7/2013,16:45:28,0.00,21.35,36.40,955.91,159
5/7/2013 16:45:43,5/7/2013,16:45:43,1.93,21.14,32.59,955.89,157
5/7/2013 16:45:58,5/7/2013,16:45:58,1.16,21.35,36.00,955.87,172
5/7/2013 16:46:13,5/7/2013,16:46:13,0.72,21.47,33.50,955.86,181
5/7/2013 16:46:28,5/7/2013,16:46:28,1.05,21.50,32.59,955.83,209
5/7/2013 16:46:43,5/7/2013,16:46:43,0.53,21.75,37.20,955.82,173
5/7/2013 16:46:58,5/7/2013,16:46:58,0.00,21.89,36.90,955.82,155
5/7/2013 16:47:13,5/7/2013,16:47:13,0.35,21.95,36.40,955.79,149
5/7/2013 16:47:28,5/7/2013,16:47:28,1.58,21.67,31.89,955.77,178
5/7/2013 16:47:43,5/7/2013,16:47:43,1.71,21.67,32.59,955.76,99
5/7/2013 16:47:58,5/7/2013,16:47:58,0.86,21.82,31.60,955.76,107
5/7/2013 16:48:13,5/7/2013,16:48:13,1.67,21.67,31.20,955.76,138
5/7/2013 16:48:28,5/7/2013,16:48:28,1.33,21.67,31.29,955.75,119
5/7/2013 16:48:43,5/7/2013,16:48:43,0.64,21.82,31.50,955.76,93
5/7/2013 16:48:58,5/7/2013,16:48:58,0.44,22.04,32.09,955.75,180
5/7/2013 16:49:13,5/7/2013,16:49:13,0.63,22.04,32.20,955.74,163
5/7/2013 16:49:28,5/7/2013,16:49:28,0.39,22.22,34.29,955.73,171
5/7/2013 16:49:43,5/7/2013,16:49:43,0.76,22.10,32.70,955.71,169
5/7/2013 16:49:58,5/7/2013,16:49:58,1.18,21.97,33.90,955.73,139
5/7/2013 16:50:13,5/7/2013,16:50:13,0.32,22.22,34.20,955.73,169
5/7/2013 16:50:28,5/7/2013,16:50:28,0.21,22.37,36.90,955.71,127
5/7/2013 16:50:43,5/7/2013,16:50:43,0.31,22.45,33.90,955.69,77
5/7/2013 16:50:58,5/7/2013,16:50:58,0.00,22.52,34.09,955.71,126
5/7/2013 16:51:13,5/7/2013,16:51:13,0.68,22.32,34.50,955.68,125
5/7/2013 16:51:28,5/7/2013,16:51:28,0.61,22.42,34.09,955.67,141
5/7/2013 16:51:43,5/7/2013,16:51:43,0.49,22.45,34.20,955.67,150
5/7/2013 16:51:58,5/7/2013,16:51:58,0.56,22.52,36.00,955.68,140
5/7/2013 16:52:13,5/7/2013,16:52:13,0.71,22.52,35.29,955.66,159
5/7/2013 16:52:28,5/7/2013,16:52:28,0.75,22.45,35.09,955.65,169
5/7/2013 16:52:43,5/7/2013,16:52:43,0.81,22.52,35.70,955.66,151
5/7/2013 16:52:58,5/7/2013,16:52:58,0.49,22.64,37.09,955.65,176
5/7/2013 16:53:13,5/7/2013,16:53:13,0.00,22.92,39.50,955.66,150
5/7/2013 16:53:28,5/7/2013,16:53:28,0.00,22.85,36.79,955.65,163
5/7/2013 16:53:43,5/7/2013,16:53:43,0.00,22.85,40.50,955.66,182
5/7/2013 16:53:58,5/7/2013,16:53:58,0.15,22.85,37.90,955.63,160
5/7/2013 16:54:13,5/7/2013,16:54:13,0.38,22.77,35.59,955.66,119
5/7/2013 16:54:28,5/7/2013,16:54:28,0.00,22.77,35.00,955.66,170
5/7/2013 16:54:43,5/7/2013,16:54:43,1.76,22.17,36.00,955.66,161
5/7/2013 16:54:58,5/7/2013,16:54:58,2.46,21.87,36.70,955.68,153
5/7/2013 16:55:13,5/7/2013,16:55:13,2.32,21.77,37.40,955.69,161
5/7/2013 16:55:28,5/7/2013,16:55:28,2.17,21.67,37.09,955.71,136
5/7/2013 16:55:43,5/7/2013,16:55:43,1.34,21.82,39.00,955.73,185
5/7/2013 16:55:58,5/7/2013,16:55:58,0.39,21.89,40.09,955.75,152
5/7/2013 16:56:13,5/7/2013,16:56:13,1.97,21.50,37.29,955.77,148
5/7/2013 16:56:28,5/7/2013,16:56:28,0.93,21.75,40.29,955.81,201
5/7/2013 16:56:43,5/7/2013,16:56:43,0.22,21.89,40.90,955.81,181
5/7/2013 16:56:58,5/7/2013,16:56:58,0.56,21.67,39.20,955.82,182
5/7/2013 16:57:13,5/7/2013,16:57:13,0.60,21.70,40.00,955.81,145
5/7/2013 16:57:28,5/7/2013,16:57:28,1.83,21.29,38.70,955.78,160
5/7/2013 16:57:43,5/7/2013,16:57:43,1.75,21.27,40.00,955.78,202
5/7/2013 16:57:58,5/7/2013,16:57:58,0.64,21.57,40.90,955.79,169
5/7/2013 16:58:13,5/7/2013,16:58:13,0.71,21.54,40.79,955.78,160
5/7/2013 16:58:28,5/7/2013,16:58:28,0.39,21.75,42.40,955.78,143
5/7/2013 16:58:43,5/7/2013,16:58:43,0.98,21.50,38.90,955.78,139
5/7/2013 16:58:58,5/7/2013,16:58:58,0.44,21.67,38.59,955.78,155
5/7/2013 16:59:13,5/7/2013,16:59:13,0.00,21.67,38.79,955.78,182
5/7/2013 16:59:28,5/7/2013,16:59:28,0.49,21.77,41.70,955.77,193
5/7/2013 16:59:43,5/7/2013,16:59:43,0.71,21.87,40.59,955.75,153
5/7/2013 16:59:58,5/7/2013,16:59:58,0.28,22.04,42.50,955.71,160
5/7/2013 17:00:13,5/7/2013,17:00:13,0.63,21.97,38.90,955.69,162
5/7/2013 17:00:28,5/7/2013,17:00:28,0.00,22.14,40.70,955.68,158
5/7/2013 17:00:43,5/7/2013,17:00:43,0.07,22.04,39.59,955.68,152
5/7/2013 17:00:58,5/7/2013,17:00:58,1.25,21.77,37.59,955.67,143
5/7/2013 17:01:13,5/7/2013,17:01:13,0.32,21.95,37.79,955.68,162
5/7/2013 17:01:28,5/7/2013,17:01:28,1.43,21.67,37.09,955.68,169
5/7/2013 17:01:43,5/7/2013,17:01:43,1.25,21.70,38.29,955.69,155
5/7/2013 17:01:58,5/7/2013,17:01:58,1.00,21.75,37.40,955.69,140
5/7/2013 17:02:13,5/7/2013,17:02:13,0.43,21.82,38.29,955.70,128
5/7/2013 17:02:28,5/7/2013,17:02:28,0.18,21.82,37.29,955.71,140
5/7/2013 17:02:43,5/7/2013,17:02:43,0.75,21.77,38.09,955.71,167
5/7/2013 17:02:58,5/7/2013,17:02:58,1.22,21.67,39.29,955.70,132
5/7/2013 17:03:13,5/7/2013,17:03:13,1.71,21.39,37.59,955.70,147
5/7/2013 17:03:28,5/7/2013,17:03:28,1.51,21.39,38.29,955.70,160
5/7/2013 17:03:43,5/7/2013,17:03:43,1.10,21.47,38.79,955.70,161
5/7/2013 17:03:58,5/7/2013,17:03:58,0.74,21.50,39.20,955.69,170
5/7/2013 17:04:13,5/7/2013,17:04:13,0.83,21.54,39.40,955.68,126
5/7/2013 17:04:28,5/7/2013,17:04:28,0.76,21.50,38.90,955.69,163
5/7/2013 17:04:43,5/7/2013,17:04:43,1.30,21.47,40.09,955.69,150
5/7/2013 17:04:58,5/7/2013,17:04:58,0.65,21.50,39.70,955.68,164
5/7/2013 17:05:13,5/7/2013,17:05:13,0.00,21.70,40.40,955.70,148
5/7/2013 17:05:28,5/7/2013,17:05:28,0.86,21.57,41.00,955.68,160
5/7/2013 17:05:43,5/7/2013,17:05:43,0.71,21.54,38.70,955.68,75
5/7/2013 17:05:58,5/7/2013,17:05:58,0.00,21.70,39.09,955.68,138
5/7/2013 17:06:13,5/7/2013,17:06:13,0.75,21.50,40.50,955.68,178
5/7/2013 17:06:28,5/7/2013,17:06:28,1.88,21.27,40.29,955.65,151
5/7/2013 17:06:43,5/7/2013,17:06:43,1.47,21.27,39.79,955.66,154
5/7/2013 17:06:58,5/7/2013,17:06:58,0.86,21.42,40.50,955.68,167
5/7/2013 17:07:13,5/7/2013,17:07:13,1.04,21.35,41.40,955.69,143
5/7/2013 17:07:28,5/7/2013,17:07:28,0.93,21.35,41.40,955.71,182
5/7/2013 17:07:43,5/7/2013,17:07:43,0.18,21.57,42.09,955.71,137
5/7/2013 17:07:58,5/7/2013,17:07:58,0.49,21.50,41.59,955.69,149
5/7/2013 17:08:13,5/7/2013,17:08:13,1.14,21.42,41.20,955.69,197
5/7/2013 17:08:28,5/7/2013,17:08:28,0.74,21.39,41.00,955.69,121
5/7/2013 17:08:43,5/7/2013,17:08:43,0.65,21.35,40.00,955.67,114
5/7/2013 17:08:58,5/7/2013,17:08:58,0.88,21.29,39.29,955.68,155
5/7/2013 17:09:13,5/7/2013,17:09:13,1.22,21.22,40.50,955.68,169
5/7/2013 17:09:28,5/7/2013,17:09:28,0.91,21.22,40.29,955.69,155
5/7/2013 17:09:43,5/7/2013,17:09:43,2.29,20.95,40.40,955.69,153
5/7/2013 17:09:58,5/7/2013,17:09:58,1.86,20.95,40.90,955.69,162
5/7/2013 17:10:13,5/7/2013,17:10:13,0.96,21.12,42.00,955.67,161
5/7/2013 17:10:28,5/7/2013,17:10:28,0.11,21.22,42.00,955.69,163
5/7/2013 17:10:43,5/7/2013,17:10:43,0.00,21.29,42.90,955.69,162
5/7/2013 17:10:58,5/7/2013,17:10:58,0.58,21.22,41.59,955.68,133
5/7/2013 17:11:13,5/7/2013,17:11:13,0.00,21.35,43.09,955.69,124
5/7/2013 17:11:28,5/7/2013,17:11:28,1.19,21.12,42.50,955.66,151
5/7/2013 17:11:43,5/7/2013,17:11:43,1.51,21.07,42.90,955.68,153
5/7/2013 17:11:58,5/7/2013,17:11:58,2.08,20.85,41.90,955.70,154
5/7/2013 17:12:13,5/7/2013,17:12:13,0.38,21.14,41.50,955.69,128
5/7/2013 17:12:28,5/7/2013,17:12:28,0.90,20.95,41.50,955.68,138
5/7/2013 17:12:43,5/7/2013,17:12:43,1.32,20.87,42.00,955.68,127
5/7/2013 17:12:58,5/7/2013,17:12:58,2.15,20.64,42.00,955.68,155
5/7/2013 17:13:13,5/7/2013,17:13:13,1.51,20.67,42.29,955.70,161
5/7/2013 17:13:28,5/7/2013,17:13:28,0.74,20.79,42.59,955.71,142
5/7/2013 17:13:43,5/7/2013,17:13:43,0.09,20.87,42.20,955.73,175
5/7/2013 17:13:58,5/7/2013,17:13:58,0.00,20.92,42.90,955.74,141
5/7/2013 17:14:13,5/7/2013,17:14:13,0.94,20.79,45.29,955.73,168
5/7/2013 17:14:28,5/7/2013,17:14:28,0.31,20.79,42.00,955.71,148
5/7/2013 17:14:43,5/7/2013,17:14:43,0.00,20.79,42.90,955.73,147
5/7/2013 17:14:58,5/7/2013,17:14:58,0.00,20.85,43.79,955.75,114
5/7/2013 17:15:13,5/7/2013,17:15:13,0.79,20.67,42.90,955.75,140
5/7/2013 17:15:28,5/7/2013,17:15:28,0.88,20.72,44.59,955.75,160
5/7/2013 17:15:43,5/7/2013,17:15:43,0.32,20.79,45.79,955.75,174
5/7/2013 17:15:58,5/7/2013,17:15:58,0.00,20.85,45.29,955.75,132
5/7/2013 17:16:13,5/7/2013,17:16:13,0.00,20.87,46.90,955.71,139
5/7/2013 17:16:28,5/7/2013,17:16:28,0.00,20.87,48.00,955.73,137
5/7/2013 17:16:43,5/7/2013,17:16:43,0.78,20.64,44.50,955.74,176
5/7/2013 17:16:58,5/7/2013,17:16:58,0.21,20.75,46.79,955.75,198
5/7/2013 17:17:13,5/7/2013,17:17:13,0.57,20.64,48.20,955.75,165
5/7/2013 17:17:28,5/7/2013,17:17:28,0.00,20.60,46.20,955.77,163
5/7/2013 17:17:43,5/7/2013,17:17:43,0.00,20.57,47.70,955.78,184
5/7/2013 17:17:58,5/7/2013,17:17:58,0.00,20.64,47.09,955.78,211
5/7/2013 17:18:13,5/7/2013,17:18:13,0.58,20.57,46.09,955.78,168
5/7/2013 17:18:28,5/7/2013,17:18:28,0.58,20.57,46.09,955.78,178
5/7/2013 17:18:43,5/7/2013,17:18:43,0.00,20.57,45.70,955.78,174
5/7/2013 17:18:58,5/7/2013,17:18:58,0.00,20.60,47.59,955.79,156
5/7/2013 17:19:13,5/7/2013,17:19:13,0.64,20.52,46.70,955.78,169
5/7/2013 17:19:28,5/7/2013,17:19:28,0.89,20.39,43.59,955.77,150
5/7/2013 17:19:43,5/7/2013,17:19:43,0.07,20.57,45.90,955.77,162
5/7/2013 17:19:58,5/7/2013,17:19:58,0.83,20.37,44.59,955.77,155
5/7/2013 17:20:13,5/7/2013,17:20:13,0.64,20.39,44.00,955.77,162
5/7/2013 17:20:28,5/7/2013,17:20:28,0.00,20.52,44.90,955.77,167
5/7/2013 17:20:43,5/7/2013,17:20:43,0.00,20.60,46.70,955.76,155
5/7/2013 17:20:58,5/7/2013,17:20:58,0.00,20.57,47.70,955.75,152
5/7/2013 17:21:13,5/7/2013,17:21:13,0.00,20.47,45.70,955.75,171
5/7/2013 17:21:28,5/7/2013,17:21:28,0.65,20.39,45.59,955.71,168
5/7/2013 17:21:43,5/7/2013,17:21:43,0.67,20.39,45.09,955.70,135
5/7/2013 17:21:58,5/7/2013,17:21:58,0.25,20.39,45.59,955.69,172
5/7/2013 17:22:13,5/7/2013,17:22:13,0.00,20.47,46.09,955.70,113
5/7/2013 17:22:28,5/7/2013,17:22:28,0.00,20.57,44.50,955.69,77
5/7/2013 17:22:43,5/7/2013,17:22:43,0.00,20.60,45.79,955.69,140
5/7/2013 17:22:58,5/7/2013,17:22:58,0.00,20.52,44.79,955.68,138
5/7/2013 17:23:13,5/7/2013,17:23:13,0.81,20.39,45.70,955.68,162
5/7/2013 17:23:28,5/7/2013,17:23:28,1.08,20.32,44.20,955.69,125
5/7/2013 17:23:43,5/7/2013,17:23:43,1.26,20.25,44.09,955.67,153
5/7/2013 17:23:58,5/7/2013,17:23:58,0.82,20.29,44.50,955.67,126
5/7/2013 17:24:13,5/7/2013,17:24:13,1.05,20.20,43.90,955.68,121
5/7/2013 17:24:28,5/7/2013,17:24:28,0.65,20.25,43.79,955.67,137
5/7/2013 17:24:43,5/7/2013,17:24:43,0.18,20.29,45.29,955.67,145
5/7/2013 17:24:58,5/7/2013,17:24:58,0.82,20.17,44.00,955.66,138
5/7/2013 17:25:13,5/7/2013,17:25:13,1.03,20.17,43.50,955.66,130
5/7/2013 17:25:28,5/7/2013,17:25:28,1.65,20.04,43.70,955.65,163
5/7/2013 17:25:43,5/7/2013,17:25:43,1.71,19.92,43.50,955.66,132
5/7/2013 17:25:58,5/7/2013,17:25:58,1.74,19.89,44.20,955.67,163
5/7/2013 17:26:13,5/7/2013,17:26:13,1.93,19.82,44.90,955.67,155
5/7/2013 17:26:28,5/7/2013,17:26:28,1.99,19.82,44.79,955.68,139
5/7/2013 17:26:43,5/7/2013,17:26:43,1.60,19.82,44.79,955.69,148
5/7/2013 17:26:58,5/7/2013,17:26:58,1.97,19.70,44.20,955.69,121
5/7/2013 17:27:13,5/7/2013,17:27:13,2.00,19.64,44.20,955.68,132
5/7/2013 17:27:28,5/7/2013,17:27:28,1.40,19.70,45.40,955.68,160
5/7/2013 17:27:43,5/7/2013,17:27:43,1.47,19.64,44.70,955.67,154
5/7/2013 17:27:58,5/7/2013,17:27:58,1.79,19.57,44.79,955.67,144
5/7/2013 17:28:13,5/7/2013,17:28:13,1.07,19.64,45.00,955.67,154
5/7/2013 17:28:28,5/7/2013,17:28:28,0.84,19.62,45.59,955.68,161
5/7/2013 17:28:43,5/7/2013,17:28:43,0.46,19.70,46.90,955.69,167
5/7/2013 17:28:58,5/7/2013,17:28:58,1.44,19.62,46.09,955.70,148
5/7/2013 17:29:13,5/7/2013,17:29:13,0.96,19.54,44.90,955.68,153
5/7/2013 17:29:28,5/7/2013,17:29:28,0.15,19.70,46.20,955.71,94
5/7/2013 17:29:43,5/7/2013,17:29:43,0.00,19.70,46.70,955.74,121
5/7/2013 17:29:58,5/7/2013,17:29:58,0.00,19.77,45.70,955.73,112
5/7/2013 17:30:13,5/7/2013,17:30:13,0.00,19.64,45.50,955.73,172
5/7/2013 17:30:28,5/7/2013,17:30:28,0.79,19.57,45.29,955.73,150
5/7/2013 17:30:43,5/7/2013,17:30:43,1.92,19.42,45.29,955.71,164
5/7/2013 17:30:58,5/7/2013,17:30:58,0.97,19.45,44.59,955.71,135
5/7/2013 17:31:13,5/7/2013,17:31:13,0.19,19.57,45.50,955.71,143
5/7/2013 17:31:28,5/7/2013,17:31:28,0.24,19.54,45.59,955.73,161
5/7/2013 17:31:43,5/7/2013,17:31:43,1.00,19.45,45.79,955.70,166
5/7/2013 17:31:58,5/7/2013,17:31:58,1.46,19.42,44.90,955.69,146
5/7/2013 17:32:13,5/7/2013,17:32:13,0.44,19.50,45.09,955.69,114
5/7/2013 17:32:28,5/7/2013,17:32:28,0.00,19.57,45.00,955.71,155
5/7/2013 17:32:43,5/7/2013,17:32:43,0.00,19.62,44.90,955.69,163
5/7/2013 17:32:58,5/7/2013,17:32:58,0.39,19.62,46.59,955.69,153
5/7/2013 17:33:13,5/7/2013,17:33:13,0.00,19.70,47.40,955.69,116
5/7/2013 17:33:28,5/7/2013,17:33:28,0.26,19.70,45.79,955.66,154
5/7/2013 17:33:43,5/7/2013,17:33:43,0.00,19.82,45.50,955.65,161
5/7/2013 17:33:58,5/7/2013,17:33:58,0.00,19.85,47.09,955.65,133
5/7/2013 17:34:13,5/7/2013,17:34:13,0.49,19.82,46.20,955.65,167
5/7/2013 17:34:28,5/7/2013,17:34:28,0.79,19.77,46.90,955.62,232
5/7/2013 17:34:43,5/7/2013,17:34:43,0.08,19.82,48.40,955.62,152
5/7/2013 17:34:58,5/7/2013,17:34:58,1.00,19.77,45.90,955.65,163
5/7/2013 17:35:13,5/7/2013,17:35:13,1.21,19.70,44.90,955.63,181
5/7/2013 17:35:28,5/7/2013,17:35:28,2.03,19.57,45.29,955.61,153
5/7/2013 17:35:43,5/7/2013,17:35:43,1.74,19.57,45.50,955.62,146
5/7/2013 17:35:58,5/7/2013,17:35:58,2.21,19.50,44.90,955.62,150
5/7/2013 17:36:13,5/7/2013,17:36:13,1.16,19.57,44.79,955.62,156
5/7/2013 17:36:28,5/7/2013,17:36:28,0.67,19.64,46.79,955.62,124
5/7/2013 17:36:43,5/7/2013,17:36:43,1.23,19.57,44.79,955.60,173
5/7/2013 17:36:58,5/7/2013,17:36:58,0.49,19.70,45.90,955.61,139
5/7/2013 17:37:13,5/7/2013,17:37:13,0.17,19.77,45.09,955.62,106
5/7/2013 17:37:28,5/7/2013,17:37:28,0.19,19.75,45.90,955.60,153
5/7/2013 17:37:43,5/7/2013,17:37:43,0.78,19.70,47.79,955.58,174
5/7/2013 17:37:58,5/7/2013,17:37:58,0.46,19.77,46.90,955.59,164
5/7/2013 17:38:13,5/7/2013,17:38:13,0.00,19.85,47.59,955.58,145
5/7/2013 17:38:28,5/7/2013,17:38:28,0.00,19.89,47.00,955.56,167
5/7/2013 17:38:43,5/7/2013,17:38:43,0.00,19.89,48.40,955.56,153
5/7/2013 17:38:58,5/7/2013,17:38:58,0.60,19.77,48.40,955.54,115
5/7/2013 17:39:13,5/7/2013,17:39:13,0.93,19.75,45.59,955.53,152
5/7/2013 17:39:28,5/7/2013,17:39:28,0.25,19.77,46.29,955.53,163
5/7/2013 17:39:43,5/7/2013,17:39:43,0.43,19.77,45.29,955.53,155
5/7/2013 17:39:58,5/7/2013,17:39:58,0.91,19.75,46.20,955.53,116
5/7/2013 17:40:13,5/7/2013,17:40:13,0.57,19.77,46.50,955.53,148
5/7/2013 17:40:28,5/7/2013,17:40:28,0.64,19.77,45.79,955.51,148
5/7/2013 17:40:43,5/7/2013,17:40:43,0.86,19.77,45.20,955.48,172
5/7/2013 17:40:58,5/7/2013,17:40:58,0.83,19.75,45.79,955.48,152
5/7/2013 17:41:13,5/7/2013,17:41:13,1.11,19.75,45.59,955.47,149
5/7/2013 17:41:28,5/7/2013,17:41:28,0.79,19.75,45.40,955.50,152
5/7/2013 17:41:43,5/7/2013,17:41:43,0.56,19.82,45.50,955.48,147
5/7/2013 17:41:58,5/7/2013,17:41:58,1.03,19.77,46.50,955.47,128
5/7/2013 17:42:13,5/7/2013,17:42:13,1.67,19.70,45.00,955.46,151
5/7/2013 17:42:28,5/7/2013,17:42:28,1.00,19.82,45.50,955.45,116
5/7/2013 17:42:43,5/7/2013,17:42:43,0.07,20.02,44.79,955.46,167
5/7/2013 17:42:58,5/7/2013,17:42:58,0.00,20.10,46.70,955.44,184
5/7/2013 17:43:13,5/7/2013,17:43:13,0.25,20.17,47.29,955.42,158
5/7/2013 17:43:28,5/7/2013,17:43:28,0.00,20.25,47.59,955.40,164
5/7/2013 17:43:43,5/7/2013,17:43:43,1.08,20.17,45.90,955.38,128
5/7/2013 17:43:58,5/7/2013,17:43:58,0.79,20.25,46.20,955.36,170
5/7/2013 17:44:13,5/7/2013,17:44:13,1.39,20.17,45.59,955.36,148
5/7/2013 17:44:28,5/7/2013,17:44:28,1.15,20.20,45.59,955.36,147
5/7/2013 17:44:43,5/7/2013,17:44:43,1.27,20.25,44.79,955.35,160
5/7/2013 17:44:58,5/7/2013,17:44:58,1.08,20.32,44.79,955.34,152
5/7/2013 17:45:13,5/7/2013,17:45:13,0.65,20.45,44.90,955.31,151
5/7/2013 17:45:28,5/7/2013,17:45:28,0.64,20.52,45.40,955.31,158
5/7/2013 17:45:43,5/7/2013,17:45:43,0.46,20.64,45.00,955.32,131
5/7/2013 17:45:58,5/7/2013,17:45:58,0.00,20.87,44.70,955.31,125
5/7/2013 17:46:13,5/7/2013,17:46:13,0.00,20.87,45.20,955.29,178
5/7/2013 17:46:28,5/7/2013,17:46:28,0.00,20.95,45.59,955.28,158
5/7/2013 17:46:43,5/7/2013,17:46:43,0.00,21.12,47.29,955.28,220
5/7/2013 17:46:58,5/7/2013,17:46:58,0.00,21.29,47.29,955.26,180
5/7/2013 17:47:13,5/7/2013,17:47:13,0.00,21.27,46.40,955.22,172
5/7/2013 17:47:28,5/7/2013,17:47:28,0.00,21.35,44.59,955.21,146
5/7/2013 17:47:43,5/7/2013,17:47:43,0.42,21.22,44.90,955.18,156
5/7/2013 17:47:58,5/7/2013,17:47:58,0.67,21.27,44.50,955.15,140
5/7/2013 17:48:13,5/7/2013,17:48:13,0.42,21.42,44.50,955.15,234
5/7/2013 17:48:28,5/7/2013,17:48:28,0.00,21.70,46.50,955.16,151
5/7/2013 17:48:43,5/7/2013,17:48:43,0.26,21.57,43.79,955.15,159
5/7/2013 17:48:58,5/7/2013,17:48:58,0.25,21.70,43.09,955.12,164
5/7/2013 17:49:13,5/7/2013,17:49:13,0.00,21.70,44.20,955.12,174
5/7/2013 17:49:28,5/7/2013,17:49:28,0.29,21.75,45.09,955.11,221
5/7/2013 17:49:43,5/7/2013,17:49:43,0.00,21.67,45.59,955.11,168
5/7/2013 17:49:58,5/7/2013,17:49:58,0.61,21.57,43.59,955.11,169
5/7/2013 17:50:13,5/7/2013,17:50:13,0.40,21.70,44.90,955.11,182
5/7/2013 17:50:28,5/7/2013,17:50:28,0.14,21.75,46.20,955.10,152
5/7/2013 17:50:43,5/7/2013,17:50:43,0.00,21.82,45.50,955.10,209
5/7/2013 17:50:58,5/7/2013,17:50:58,0.00,21.87,45.20,955.10,79
5/7/2013 17:51:13,5/7/2013,17:51:13,0.00,22.04,44.09,955.07,153
5/7/2013 17:51:28,5/7/2013,17:51:28,0.86,21.70,43.70,955.06,157
5/7/2013 17:51:43,5/7/2013,17:51:43,0.61,21.67,43.70,955.07,164
5/7/2013 17:51:58,5/7/2013,17:51:58,1.25,21.42,42.79,955.07,159
5/7/2013 17:52:13,5/7/2013,17:52:13,1.64,21.27,43.70,955.07,149
5/7/2013 17:52:28,5/7/2013,17:52:28,1.22,21.27,42.40,955.08,132
5/7/2013 17:52:43,5/7/2013,17:52:43,1.75,21.12,42.20,955.10,147
5/7/2013 17:52:58,5/7/2013,17:52:58,1.78,21.00,42.59,955.08,141
5/7/2013 17:53:13,5/7/2013,17:53:13,1.26,21.07,42.90,955.11,161
5/7/2013 17:53:28,5/7/2013,17:53:28,1.36,21.02,43.00,955.11,144
5/7/2013 17:53:43,5/7/2013,17:53:43,0.89,21.14,43.50,955.12,152
5/7/2013 17:53:58,5/7/2013,17:53:58,0.18,21.27,45.29,955.13,156
5/7/2013 17:54:13,5/7/2013,17:54:13,0.26,21.35,44.29,955.13,152
5/7/2013 17:54:28,5/7/2013,17:54:28,0.91,21.14,44.09,955.12,168
5/7/2013 17:54:43,5/7/2013,17:54:43,1.34,21.02,43.90,955.12,128
5/7/2013 17:54:58,5/7/2013,17:54:58,0.25,21.29,44.50,955.13,129
5/7/2013 17:55:13,5/7/2013,17:55:13,0.83,21.20,43.00,955.10,140
5/7/2013 17:55:28,5/7/2013,17:55:28,1.21,21.00,42.29,955.12,154
5/7/2013 17:55:43,5/7/2013,17:55:43,1.57,20.87,42.40,955.11,145
5/7/2013 17:55:58,5/7/2013,17:55:58,2.17,20.64,42.00,955.11,152
5/7/2013 17:56:13,5/7/2013,17:56:13,1.16,20.79,42.59,955.10,182
5/7/2013 17:56:28,5/7/2013,17:56:28,0.86,20.85,43.50,955.11,176
5/7/2013 17:56:43,5/7/2013,17:56:43,0.94,20.87,44.70,955.12,163
5/7/2013 17:56:58,5/7/2013,17:56:58,0.60,20.95,44.40,955.13,170
5/7/2013 17:57:13,5/7/2013,17:57:13,0.78,20.87,43.79,955.13,168
5/7/2013 17:57:28,5/7/2013,17:57:28,1.01,20.79,45.29,955.13,160
5/7/2013 17:57:43,5/7/2013,17:57:43,0.74,20.79,45.09,955.12,153
5/7/2013 17:57:58,5/7/2013,17:57:58,1.14,20.72,45.09,955.11,160
5/7/2013 17:58:13,5/7/2013,17:58:13,0.17,20.87,45.90,955.12,105
5/7/2013 17:58:28,5/7/2013,17:58:28,0.40,20.85,44.00,955.12,149
5/7/2013 17:58:43,5/7/2013,17:58:43,0.74,20.75,43.29,955.10,150
5/7/2013 17:58:58,5/7/2013,17:58:58,0.94,20.72,45.59,955.11,166
5/7/2013 17:59:13,5/7/2013,17:59:13,1.00,20.72,45.40,955.10,180
5/7/2013 17:59:28,5/7/2013,17:59:28,0.67,20.67,45.79,955.11,154
5/7/2013 17:59:43,5/7/2013,17:59:43,0.61,20.75,44.40,955.11,91
5/7/2013 17:59:58,5/7/2013,17:59:58,1.25,20.60,44.09,955.10,134
5/7/2013 18:00:13,5/7/2013,18:00:13,1.11,20.57,43.09,955.08,168
5/7/2013 18:00:28,5/7/2013,18:00:28,0.89,20.60,44.09,955.10,153
5/7/2013 18:00:43,5/7/2013,18:00:43,0.25,20.75,43.90,955.10,105
5/7/2013 18:00:58,5/7/2013,18:00:58,0.29,20.72,43.50,955.10,162
5/7/2013 18:01:13,5/7/2013,18:01:13,1.25,20.57,43.50,955.07,174
5/7/2013 18:01:28,5/7/2013,18:01:28,1.05,20.60,44.20,955.06,156
5/7/2013 18:01:43,5/7/2013,18:01:43,1.08,20.60,43.50,955.05,138
5/7/2013 18:01:58,5/7/2013,18:01:58,0.82,20.67,45.00,955.06,143
5/7/2013 18:02:13,5/7/2013,18:02:13,0.78,20.72,43.90,955.04,159
5/7/2013 18:02:28,5/7/2013,18:02:28,0.39,20.72,45.29,955.03,109
5/7/2013 18:02:43,5/7/2013,18:02:43,0.93,20.72,43.90,955.03,160
5/7/2013 18:02:58,5/7/2013,18:02:58,2.13,20.45,43.29,955.02,167
5/7/2013 18:03:13,5/7/2013,18:03:13,1.30,20.52,44.09,955.00,166
5/7/2013 18:03:28,5/7/2013,18:03:28,0.93,20.67,44.59,955.02,149
5/7/2013 18:03:43,5/7/2013,18:03:43,1.88,20.45,43.79,955.00,153
5/7/2013 18:03:58,5/7/2013,18:03:58,1.32,20.52,44.29,955.00,175
5/7/2013 18:04:13,5/7/2013,18:04:13,0.61,20.67,45.70,955.00,151
5/7/2013 18:04:28,5/7/2013,18:04:28,1.07,20.60,46.09,955.02,166
5/7/2013 18:04:43,5/7/2013,18:04:43,1.22,20.57,45.20,955.00,154
5/7/2013 18:04:58,5/7/2013,18:04:58,1.26,20.57,45.00,954.99,133
5/7/2013 18:05:13,5/7/2013,18:05:13,1.36,20.45,44.79,954.99,141
5/7/2013 18:05:28,5/7/2013,18:05:28,1.18,20.47,44.59,955.02,104
5/7/2013 18:05:43,5/7/2013,18:05:43,0.11,20.64,44.40,955.00,127
5/7/2013 18:05:58,5/7/2013,18:05:58,0.43,20.64,44.79,955.00,158
5/7/2013 18:06:13,5/7/2013,18:06:13,1.23,20.47,45.09,955.00,156
5/7/2013 18:06:28,5/7/2013,18:06:28,2.07,20.25,44.29,955.00,138
5/7/2013 18:06:43,5/7/2013,18:06:43,0.91,20.45,43.29,955.00,180
5/7/2013 18:06:58,5/7/2013,18:06:58,0.63,20.47,43.29,955.00,114
5/7/2013 18:07:13,5/7/2013,18:07:13,1.16,20.32,44.59,955.02,154
5/7/2013 18:07:28,5/7/2013,18:07:28,0.72,20.45,46.00,955.02,155
5/7/2013 18:07:43,5/7/2013,18:07:43,2.00,20.17,45.20,955.04,154
5/7/2013 18:07:58,5/7/2013,18:07:58,1.27,20.17,44.50,955.04,152
5/7/2013 18:08:13,5/7/2013,18:08:13,1.03,20.17,45.09,955.04,151
5/7/2013 18:08:28,5/7/2013,18:08:28,0.94,20.20,45.70,955.04,142
5/7/2013 18:08:43,5/7/2013,18:08:43,0.14,20.25,45.59,955.04,153
5/7/2013 18:08:58,5/7/2013,18:08:58,0.74,20.20,46.09,955.06,148
5/7/2013 18:09:13,5/7/2013,18:09:13,1.25,20.10,45.70,955.05,148
5/7/2013 18:09:28,5/7/2013,18:09:28,1.83,19.92,45.09,955.05,144
5/7/2013 18:09:43,5/7/2013,18:09:43,1.85,19.89,45.20,955.05,150
5/7/2013 18:09:58,5/7/2013,18:09:58,1.69,19.85,45.50,955.07,140
5/7/2013 18:10:13,5/7/2013,18:10:13,1.21,19.97,46.09,955.10,132
5/7/2013 18:10:28,5/7/2013,18:10:28,0.65,20.04,46.50,955.11,131
5/7/2013 18:10:43,5/7/2013,18:10:43,2.29,19.75,45.59,955.06,149
5/7/2013 18:10:58,5/7/2013,18:10:58,1.47,19.85,45.70,955.07,148
5/7/2013 18:11:13,5/7/2013,18:11:13,1.67,19.82,45.59,955.06,145
5/7/2013 18:11:28,5/7/2013,18:11:28,1.16,19.92,46.29,955.07,163
5/7/2013 18:11:43,5/7/2013,18:11:43,0.65,20.02,45.70,955.06,130
5/7/2013 18:11:58,5/7/2013,18:11:58,1.14,20.02,46.29,955.02,149
5/7/2013 18:12:13,5/7/2013,18:12:13,1.13,20.04,46.50,955.00,172
5/7/2013 18:12:28,5/7/2013,18:12:28,1.08,20.10,46.90,954.99,173
5/7/2013 18:12:43,5/7/2013,18:12:43,1.08,20.10,45.90,954.99,176
5/7/2013 18:12:58,5/7/2013,18:12:58,0.69,20.25,48.20,955.00,178
5/7/2013 18:13:13,5/7/2013,18:13:13,1.10,20.17,46.29,954.98,165
5/7/2013 18:13:28,5/7/2013,18:13:28,0.81,20.29,47.00,954.97,160
5/7/2013 18:13:43,5/7/2013,18:13:43,0.86,20.32,46.09,954.93,163
5/7/2013 18:13:58,5/7/2013,18:13:58,1.21,20.32,46.29,954.92,143
5/7/2013 18:14:13,5/7/2013,18:14:13,1.19,20.37,45.20,954.92,138
5/7/2013 18:14:28,5/7/2013,18:14:28,0.50,20.64,45.09,954.90,156
5/7/2013 18:14:43,5/7/2013,18:14:43,0.00,20.72,44.50,954.91,124
5/7/2013 18:14:58,5/7/2013,18:14:58,1.14,20.60,44.79,954.89,169
5/7/2013 18:15:13,5/7/2013,18:15:13,1.75,20.45,45.09,954.88,149
5/7/2013 18:15:28,5/7/2013,18:15:28,1.46,20.57,45.29,954.89,140
5/7/2013 18:15:43,5/7/2013,18:15:43,1.14,20.64,44.90,954.89,157
5/7/2013 18:15:58,5/7/2013,18:15:58,1.37,20.57,44.79,954.89,158
5/7/2013 18:16:13,5/7/2013,18:16:13,0.82,20.57,45.20,954.89,146
5/7/2013 18:16:28,5/7/2013,18:16:28,1.10,20.57,44.09,954.89,155
5/7/2013 18:16:43,5/7/2013,18:16:43,0.98,20.64,44.79,954.90,148
5/7/2013 18:16:58,5/7/2013,18:16:58,0.75,20.67,45.20,954.91,119
5/7/2013 18:17:13,5/7/2013,18:17:13,0.07,20.87,44.40,954.90,153
5/7/2013 18:17:28,5/7/2013,18:17:28,0.00,20.87,44.40,954.89,136
5/7/2013 18:17:43,5/7/2013,18:17:43,0.00,21.00,45.29,954.88,109
5/7/2013 18:17:58,5/7/2013,18:17:58,0.00,21.20,43.20,954.85,125
5/7/2013 18:18:13,5/7/2013,18:18:13,0.00,21.22,44.40,954.85,164
5/7/2013 18:18:28,5/7/2013,18:18:28,0.00,21.12,45.40,954.84,154
5/7/2013 18:18:43,5/7/2013,18:18:43,0.00,21.02,44.90,954.84,159
5/7/2013 18:18:58,5/7/2013,18:18:58,0.00,21.07,45.09,954.84,180
5/7/2013 18:19:13,5/7/2013,18:19:13,0.00,21.12,46.09,954.84,153
5/7/2013 18:19:28,5/7/2013,18:19:28,0.90,20.92,45.09,954.83,159
5/7/2013 18:19:43,5/7/2013,18:19:43,0.17,21.02,44.79,954.84,171
5/7/2013 18:19:58,5/7/2013,18:19:58,0.79,20.85,44.20,954.82,150
5/7/2013 18:20:13,5/7/2013,18:20:13,1.33,20.64,44.50,954.83,150
5/7/2013 18:20:28,5/7/2013,18:20:28,1.14,20.75,46.29,954.85,174
5/7/2013 18:20:43,5/7/2013,18:20:43,0.07,20.92,47.59,954.88,200
5/7/2013 18:20:58,5/7/2013,18:20:58,0.00,20.87,47.29,954.88,194
5/7/2013 18:21:13,5/7/2013,18:21:13,1.13,20.57,46.09,954.85,151
5/7/2013 18:21:28,5/7/2013,18:21:28,1.26,20.57,45.70,954.85,186
5/7/2013 18:21:43,5/7/2013,18:21:43,0.19,20.67,46.59,954.88,160
5/7/2013 18:21:58,5/7/2013,18:21:58,0.00,20.79,47.00,954.87,168
5/7/2013 18:22:13,5/7/2013,18:22:13,0.71,20.57,46.00,954.87,143
5/7/2013 18:22:28,5/7/2013,18:22:28,1.34,20.45,44.09,954.87,147
5/7/2013 18:22:43,5/7/2013,18:22:43,2.24,20.25,44.50,954.85,168
5/7/2013 18:22:58,5/7/2013,18:22:58,1.72,20.25,43.90,954.85,162
5/7/2013 18:23:13,5/7/2013,18:23:13,1.47,20.29,44.59,954.87,164
5/7/2013 18:23:28,5/7/2013,18:23:28,1.05,20.39,45.29,954.85,105
5/7/2013 18:23:43,5/7/2013,18:23:43,0.43,20.52,44.90,954.87,159
5/7/2013 18:23:58,5/7/2013,18:23:58,0.84,20.47,44.70,954.85,149
5/7/2013 18:24:13,5/7/2013,18:24:13,0.72,20.47,44.90,954.84,140
5/7/2013 18:24:28,5/7/2013,18:24:28,0.86,20.47,46.29,954.84,160
5/7/2013 18:24:43,5/7/2013,18:24:43,0.69,20.52,45.50,954.84,130
5/7/2013 18:24:58,5/7/2013,18:24:58,0.00,20.79,44.50,954.85,133
5/7/2013 18:25:13,5/7/2013,18:25:13,0.64,20.64,44.59,954.84,200
5/7/2013 18:25:28,5/7/2013,18:25:28,0.72,20.60,44.79,954.83,172
5/7/2013 18:25:43,5/7/2013,18:25:43,0.82,20.52,45.90,954.83,150
5/7/2013 18:25:58,5/7/2013,18:25:58,0.11,20.72,47.00,954.84,169
5/7/2013 18:26:13,5/7/2013,18:26:13,0.00,20.72,45.20,954.85,169
5/7/2013 18:26:28,5/7/2013,18:26:28,0.00,20.79,47.09,954.84,152
5/7/2013 18:26:43,5/7/2013,18:26:43,1.15,20.52,45.20,954.84,150
5/7/2013 18:26:58,5/7/2013,18:26:58,1.19,20.57,45.29,954.83,158
5/7/2013 18:27:13,5/7/2013,18:27:13,0.63,20.72,45.20,954.85,188
5/7/2013 18:27:28,5/7/2013,18:27:28,0.08,20.87,45.50,954.87,200
5/7/2013 18:27:43,5/7/2013,18:27:43,1.67,20.47,44.59,954.85,143
5/7/2013 18:27:58,5/7/2013,18:27:58,0.76,20.67,44.90,954.84,174
5/7/2013 18:28:13,5/7/2013,18:28:13,0.00,20.72,46.29,954.84,104
5/7/2013 18:28:28,5/7/2013,18:28:28,0.00,20.75,44.29,954.84,159
5/7/2013 18:28:43,5/7/2013,18:28:43,0.97,20.52,44.50,954.83,167
5/7/2013 18:28:58,5/7/2013,18:28:58,0.67,20.60,44.90,954.85,100
5/7/2013 18:29:13,5/7/2013,18:29:13,0.67,20.52,45.09,954.85,176
5/7/2013 18:29:28,5/7/2013,18:29:28,0.49,20.60,45.79,954.87,141
5/7/2013 18:29:43,5/7/2013,18:29:43,0.00,20.79,45.90,954.87,99
5/7/2013 18:29:58,5/7/2013,18:29:58,0.00,20.92,44.90,954.87,156
5/7/2013 18:30:13,5/7/2013,18:30:13,0.00,20.85,45.59,954.85,151
5/7/2013 18:30:28,5/7/2013,18:30:28,0.32,20.72,45.70,954.85,178
5/7/2013 18:30:43,5/7/2013,18:30:43,0.00,20.60,47.59,954.87,146
5/7/2013 18:30:58,5/7/2013,18:30:58,0.79,20.47,45.70,954.83,182
5/7/2013 18:31:13,5/7/2013,18:31:13,0.69,20.52,46.70,954.84,152
5/7/2013 18:31:28,5/7/2013,18:31:28,0.00,20.60,47.40,954.84,120
5/7/2013 18:31:43,5/7/2013,18:31:43,0.00,20.67,46.50,954.85,69
5/7/2013 18:31:58,5/7/2013,18:31:58,0.00,20.85,46.09,954.85,157
5/7/2013 18:32:13,5/7/2013,18:32:13,1.16,20.39,45.09,954.85,132
5/7/2013 18:32:28,5/7/2013,18:32:28,1.50,20.25,45.09,954.88,156
5/7/2013 18:32:43,5/7/2013,18:32:43,1.01,20.25,44.90,954.90,135
5/7/2013 18:32:58,5/7/2013,18:32:58,0.51,20.32,44.90,954.90,145
5/7/2013 18:33:13,5/7/2013,18:33:13,1.00,20.17,44.79,954.90,165
5/7/2013 18:33:28,5/7/2013,18:33:28,0.60,20.20,45.40,954.90,180
5/7/2013 18:33:43,5/7/2013,18:33:43,1.27,20.02,46.20,954.91,157
5/7/2013 18:33:58,5/7/2013,18:33:58,0.47,20.10,46.00,954.92,115
5/7/2013 18:34:13,5/7/2013,18:34:13,0.38,20.12,46.70,954.92,104
5/7/2013 18:34:28,5/7/2013,18:34:28,0.00,20.12,45.40,954.92,119
5/7/2013 18:34:43,5/7/2013,18:34:43,0.00,20.12,45.79,954.93,110
5/7/2013 18:34:58,5/7/2013,18:34:58,0.94,19.92,47.29,954.93,161
5/7/2013 18:35:13,5/7/2013,18:35:13,1.15,19.85,46.90,954.93,177
5/7/2013 18:35:28,5/7/2013,18:35:28,1.34,19.75,46.40,954.96,155
5/7/2013 18:35:43,5/7/2013,18:35:43,0.89,19.75,46.00,954.96,122
5/7/2013 18:35:58,5/7/2013,18:35:58,1.15,19.70,45.90,954.96,156
5/7/2013 18:36:13,5/7/2013,18:36:13,1.55,19.57,45.70,954.97,172
5/7/2013 18:36:28,5/7/2013,18:36:28,1.40,19.50,46.40,954.99,159
5/7/2013 18:36:43,5/7/2013,18:36:43,1.68,19.37,45.59,955.00,120
5/7/2013 18:36:58,5/7/2013,18:36:58,1.65,19.37,46.09,955.02,174
5/7/2013 18:37:13,5/7/2013,18:37:13,2.11,19.22,45.59,955.04,153
5/7/2013 18:37:28,5/7/2013,18:37:28,1.74,19.22,46.20,955.03,151
5/7/2013 18:37:43,5/7/2013,18:37:43,1.05,19.27,46.50,955.03,154
5/7/2013 18:37:58,5/7/2013,18:37:58,1.36,19.17,46.59,955.04,175
5/7/2013 18:38:13,5/7/2013,18:38:13,1.13,19.14,47.79,955.04,154
5/7/2013 18:38:28,5/7/2013,18:38:28,1.51,19.07,47.29,955.04,155
5/7/2013 18:38:43,5/7/2013,18:38:43,1.23,19.07,47.00,955.03,152
5/7/2013 18:38:58,5/7/2013,18:38:58,1.23,19.02,47.00,955.04,184
5/7/2013 18:39:13,5/7/2013,18:39:13,0.26,19.14,47.59,955.06,127
5/7/2013 18:39:28,5/7/2013,18:39:28,1.25,19.00,48.40,955.07,158
5/7/2013 18:39:43,5/7/2013,18:39:43,0.76,19.00,48.40,955.10,168
5/7/2013 18:39:58,5/7/2013,18:39:58,0.71,18.95,48.90,955.08,158
5/7/2013 18:40:13,5/7/2013,18:40:13,0.07,19.00,48.90,955.10,92
5/7/2013 18:40:28,5/7/2013,18:40:28,0.00,19.00,48.29,955.10,176
5/7/2013 18:40:43,5/7/2013,18:40:43,0.44,19.00,48.79,955.10,205
5/7/2013 18:40:58,5/7/2013,18:40:58,0.94,18.87,49.40,955.11,143
5/7/2013 18:41:13,5/7/2013,18:41:13,0.78,18.87,48.20,955.11,149
5/7/2013 18:41:28,5/7/2013,18:41:28,0.15,18.89,48.20,955.11,164
5/7/2013 18:41:43,5/7/2013,18:41:43,0.00,18.87,48.59,955.11,133
5/7/2013 18:41:58,5/7/2013,18:41:58,0.91,18.79,47.70,955.08,157
5/7/2013 18:42:13,5/7/2013,18:42:13,0.68,18.79,49.40,955.07,117
5/7/2013 18:42:28,5/7/2013,18:42:28,0.57,18.75,49.00,955.06,152
5/7/2013 18:42:43,5/7/2013,18:42:43,0.84,18.72,49.50,955.07,174
5/7/2013 18:42:58,5/7/2013,18:42:58,0.33,18.72,50.09,955.10,147
5/7/2013 18:43:13,5/7/2013,18:43:13,0.79,18.67,49.40,955.07,144
5/7/2013 18:43:28,5/7/2013,18:43:28,0.09,18.72,48.79,955.08,159
5/7/2013 18:43:43,5/7/2013,18:43:43,0.36,18.75,49.29,955.08,100
5/7/2013 18:43:58,5/7/2013,18:43:58,0.00,18.79,48.90,955.07,131
5/7/2013 18:44:13,5/7/2013,18:44:13,1.41,18.62,48.29,955.06,155
5/7/2013 18:44:28,5/7/2013,18:44:28,1.16,18.62,49.09,955.05,169
5/7/2013 18:44:43,5/7/2013,18:44:43,0.12,18.67,50.40,955.06,176
5/7/2013 18:44:58,5/7/2013,18:44:58,0.00,18.67,51.20,955.07,180
5/7/2013 18:45:13,5/7/2013,18:45:13,1.08,18.60,50.09,955.05,155
5/7/2013 18:45:28,5/7/2013,18:45:28,1.67,18.54,49.00,955.04,152
5/7/2013 18:45:43,5/7/2013,18:45:43,1.11,18.60,49.70,955.04,164
5/7/2013 18:45:58,5/7/2013,18:45:58,1.26,18.60,49.29,955.04,152
5/7/2013 18:46:13,5/7/2013,18:46:13,0.83,18.60,49.29,955.04,153
5/7/2013 18:46:28,5/7/2013,18:46:28,0.67,18.62,49.50,955.03,151
5/7/2013 18:46:43,5/7/2013,18:46:43,0.61,18.67,49.70,955.03,142
5/7/2013 18:46:58,5/7/2013,18:46:58,0.38,18.67,49.29,955.02,149
5/7/2013 18:47:13,5/7/2013,18:47:13,0.00,18.72,49.59,955.03,153
5/7/2013 18:47:28,5/7/2013,18:47:28,0.00,18.72,49.50,955.04,149
5/7/2013 18:47:43,5/7/2013,18:47:43,0.00,18.75,50.59,955.02,157
5/7/2013 18:47:58,5/7/2013,18:47:58,0.00,18.75,51.20,955.00,104
5/7/2013 18:48:13,5/7/2013,18:48:13,0.00,18.79,49.20,955.00,101
5/7/2013 18:48:28,5/7/2013,18:48:28,0.00,18.82,49.09,955.00,112
5/7/2013 18:48:43,5/7/2013,18:48:43,0.00,18.82,49.20,954.99,145
5/7/2013 18:48:58,5/7/2013,18:48:58,0.00,18.75,49.59,954.99,150
5/7/2013 18:49:13,5/7/2013,18:49:13,1.00,18.67,49.79,954.99,142
5/7/2013 18:49:28,5/7/2013,18:49:28,0.94,18.62,50.59,954.98,153
5/7/2013 18:49:43,5/7/2013,18:49:43,1.04,18.60,50.50,954.99,154
5/7/2013 18:49:58,5/7/2013,18:49:58,0.54,18.67,49.79,954.99,176
5/7/2013 18:50:13,5/7/2013,18:50:13,0.25,18.67,50.09,955.00,136
5/7/2013 18:50:28,5/7/2013,18:50:28,0.00,18.67,49.29,955.02,128
5/7/2013 18:50:43,5/7/2013,18:50:43,0.53,18.60,48.50,955.00,143
5/7/2013 18:50:58,5/7/2013,18:50:58,0.60,18.60,48.79,955.00,142
5/7/2013 18:51:13,5/7/2013,18:51:13,1.04,18.54,48.70,955.00,148
5/7/2013 18:51:28,5/7/2013,18:51:28,0.33,18.60,48.70,955.00,121
5/7/2013 18:51:43,5/7/2013,18:51:43,0.00,18.60,48.90,955.00,153
5/7/2013 18:51:58,5/7/2013,18:51:58,0.00,18.67,49.09,954.99,154
5/7/2013 18:52:13,5/7/2013,18:52:13,0.00,18.67,50.20,955.00,141
5/7/2013 18:52:28,5/7/2013,18:52:28,0.00,18.60,51.79,955.02,125
5/7/2013 18:52:43,5/7/2013,18:52:43,0.00,18.60,49.59,955.00,159
5/7/2013 18:52:58,5/7/2013,18:52:58,0.00,18.60,49.79,955.00,151
5/7/2013 18:53:13,5/7/2013,18:53:13,0.00,18.54,49.70,955.00,130
5/7/2013 18:53:28,5/7/2013,18:53:28,0.00,18.54,49.50,955.02,186
5/7/2013 18:53:43,5/7/2013,18:53:43,0.00,18.60,50.20,955.02,160
5/7/2013 18:53:58,5/7/2013,18:53:58,0.09,18.60,51.00,954.99,205
5/7/2013 18:54:13,5/7/2013,18:54:13,0.00,18.52,50.40,955.00,156
5/7/2013 18:54:28,5/7/2013,18:54:28,0.22,18.52,50.29,955.00,139
5/7/2013 18:54:43,5/7/2013,18:54:43,0.00,18.62,50.00,954.98,142
5/7/2013 18:54:58,5/7/2013,18:54:58,0.00,18.54,49.40,954.99,143
5/7/2013 18:55:13,5/7/2013,18:55:13,1.16,18.47,49.70,954.98,164
5/7/2013 18:55:28,5/7/2013,18:55:28,1.11,18.52,48.40,954.97,182
5/7/2013 18:55:43,5/7/2013,18:55:43,0.86,18.54,48.70,954.96,96
5/7/2013 18:55:58,5/7/2013,18:55:58,1.29,18.52,48.50,954.96,136
5/7/2013 18:56:13,5/7/2013,18:56:13,1.04,18.54,48.40,954.96,167
5/7/2013 18:56:28,5/7/2013,18:56:28,1.29,18.52,48.40,954.95,155
5/7/2013 18:56:43,5/7/2013,18:56:43,0.74,18.54,48.70,954.95,157
5/7/2013 18:56:58,5/7/2013,18:56:58,0.00,18.62,49.29,954.97,152
5/7/2013 18:57:13,5/7/2013,18:57:13,0.00,18.67,49.50,954.96,100
5/7/2013 18:57:28,5/7/2013,18:57:28,0.00,18.72,49.90,954.98,126
5/7/2013 18:57:43,5/7/2013,18:57:43,0.00,18.67,50.20,954.98,153
5/7/2013 18:57:58,5/7/2013,18:57:58,0.00,18.60,49.70,954.98,180
5/7/2013 18:58:13,5/7/2013,18:58:13,0.29,18.60,48.90,954.97,180
5/7/2013 18:58:28,5/7/2013,18:58:28,0.63,18.52,49.09,954.97,159
5/7/2013 18:58:43,5/7/2013,18:58:43,1.00,18.47,49.79,954.97,157
5/7/2013 18:58:58,5/7/2013,18:58:58,1.10,18.39,50.50,954.97,158
5/7/2013 18:59:13,5/7/2013,18:59:13,0.78,18.45,49.70,954.98,150
5/7/2013 18:59:28,5/7/2013,18:59:28,1.05,18.35,50.79,954.97,126
5/7/2013 18:59:43,5/7/2013,18:59:43,0.97,18.35,49.20,954.96,144
5/7/2013 18:59:58,5/7/2013,18:59:58,0.56,18.45,49.09,954.97,159
5/7/2013 19:00:13,5/7/2013,19:00:13,0.00,18.45,49.59,954.98,135
5/7/2013 19:00:28,5/7/2013,19:00:28,1.10,18.35,49.29,954.96,145
5/7/2013 19:00:43,5/7/2013,19:00:43,0.86,18.35,49.59,954.96,169
5/7/2013 19:00:58,5/7/2013,19:00:58,0.63,18.35,50.29,954.95,160
5/7/2013 19:01:13,5/7/2013,19:01:13,1.30,18.27,50.09,954.96,171
5/7/2013 19:01:28,5/7/2013,19:01:28,0.57,18.27,51.40,954.97,164
5/7/2013 19:01:43,5/7/2013,19:01:43,0.65,18.27,50.29,954.97,148
5/7/2013 19:01:58,5/7/2013,19:01:58,0.39,18.27,50.29,954.97,153
5/7/2013 19:02:13,5/7/2013,19:02:13,0.00,18.35,51.20,954.97,182
5/7/2013 19:02:28,5/7/2013,19:02:28,0.00,18.32,50.59,954.99,192
5/7/2013 19:02:43,5/7/2013,19:02:43,0.00,18.27,51.20,954.99,174
5/7/2013 19:02:58,5/7/2013,19:02:58,0.29,18.14,52.20,954.97,144
5/7/2013 19:03:13,5/7/2013,19:03:13,0.97,18.12,51.70,954.95,153
5/7/2013 19:03:28,5/7/2013,19:03:28,2.53,18.04,50.70,954.92,145
5/7/2013 19:03:43,5/7/2013,19:03:43,1.26,18.07,50.50,954.96,139
5/7/2013 19:03:58,5/7/2013,19:03:58,0.31,18.14,51.50,954.97,166
5/7/2013 19:04:13,5/7/2013,19:04:13,0.00,18.07,52.59,954.98,148
5/7/2013 19:04:28,5/7/2013,19:04:28,0.60,18.07,52.09,954.98,169
5/7/2013 19:04:43,5/7/2013,19:04:43,0.00,18.07,51.79,954.99,133
5/7/2013 19:04:58,5/7/2013,19:04:58,0.38,18.07,51.20,954.99,142
5/7/2013 19:05:13,5/7/2013,19:05:13,0.00,18.12,50.59,955.02,142
5/7/2013 19:05:28,5/7/2013,19:05:28,0.00,18.12,51.29,955.03,104
5/7/2013 19:05:43,5/7/2013,19:05:43,0.00,18.14,51.09,955.00,150
5/7/2013 19:05:58,5/7/2013,19:05:58,0.00,18.12,51.70,954.99,158
5/7/2013 19:06:13,5/7/2013,19:06:13,0.00,18.07,50.59,954.99,154
5/7/2013 19:06:28,5/7/2013,19:06:28,0.00,18.12,51.29,955.00,136
5/7/2013 19:06:43,5/7/2013,19:06:43,0.00,18.12,51.20,955.00,153
5/7/2013 19:06:58,5/7/2013,19:06:58,1.55,18.00,50.70,954.98,150
5/7/2013 19:07:13,5/7/2013,19:07:13,1.05,18.04,50.79,954.99,160
5/7/2013 19:07:28,5/7/2013,19:07:28,0.58,18.04,51.50,955.00,143
5/7/2013 19:07:43,5/7/2013,19:07:43,0.00,18.12,51.20,955.00,212
5/7/2013 19:07:58,5/7/2013,19:07:58,0.00,18.12,52.90,954.99,157
5/7/2013 19:08:13,5/7/2013,19:08:13,0.74,18.04,51.90,954.99,137
5/7/2013 19:08:28,5/7/2013,19:08:28,0.29,18.07,53.09,954.98,172
5/7/2013 19:08:43,5/7/2013,19:08:43,0.00,18.04,52.70,954.99,184
5/7/2013 19:08:58,5/7/2013,19:08:58,0.49,18.04,52.59,954.97,155
5/7/2013 19:09:13,5/7/2013,19:09:13,0.72,18.04,51.90,954.96,196
5/7/2013 19:09:28,5/7/2013,19:09:28,0.12,18.04,52.29,954.96,144
5/7/2013 19:09:43,5/7/2013,19:09:43,0.00,18.07,51.59,954.97,139
5/7/2013 19:09:58,5/7/2013,19:09:58,0.00,18.07,52.90,954.97,144
5/7/2013 19:10:13,5/7/2013,19:10:13,0.00,18.12,51.70,954.97,155
5/7/2013 19:10:28,5/7/2013,19:10:28,0.54,18.07,52.00,954.95,162
5/7/2013 19:10:43,5/7/2013,19:10:43,0.63,18.07,52.40,954.93,139
5/7/2013 19:10:58,5/7/2013,19:10:58,1.14,18.04,51.79,954.90,184
5/7/2013 19:11:13,5/7/2013,19:11:13,0.57,18.04,52.20,954.91,138
5/7/2013 19:11:28,5/7/2013,19:11:28,0.97,18.04,51.29,954.90,155
5/7/2013 19:11:43,5/7/2013,19:11:43,0.83,18.07,51.50,954.89,148
5/7/2013 19:11:58,5/7/2013,19:11:58,1.03,18.04,52.40,954.89,128
5/7/2013 19:12:13,5/7/2013,19:12:13,1.11,18.04,52.00,954.89,160
5/7/2013 19:12:28,5/7/2013,19:12:28,1.08,18.07,51.00,954.90,140
5/7/2013 19:12:43,5/7/2013,19:12:43,1.16,18.04,50.79,954.88,160
5/7/2013 19:12:58,5/7/2013,19:12:58,0.50,18.07,52.29,954.89,149
5/7/2013 19:13:13,5/7/2013,19:13:13,0.21,18.04,52.20,954.90,146
5/7/2013 19:13:28,5/7/2013,19:13:28,0.31,18.07,52.29,954.92,127
5/7/2013 19:13:43,5/7/2013,19:13:43,0.00,18.20,52.20,954.91,174
5/7/2013 19:13:58,5/7/2013,19:13:58,0.00,18.12,53.09,954.90,100
5/7/2013 19:14:13,5/7/2013,19:14:13,0.00,18.20,52.20,954.90,133
5/7/2013 19:14:28,5/7/2013,19:14:28,0.00,18.12,51.50,954.92,166
5/7/2013 19:14:43,5/7/2013,19:14:43,0.69,18.04,51.79,954.89,156
5/7/2013 19:14:58,5/7/2013,19:14:58,0.25,18.12,52.09,954.90,167
5/7/2013 19:15:13,5/7/2013,19:15:13,0.00,18.12,52.40,954.90,142
5/7/2013 19:15:28,5/7/2013,19:15:28,0.00,18.12,53.00,954.90,135
5/7/2013 19:15:43,5/7/2013,19:15:43,0.00,18.20,51.40,954.89,180
5/7/2013 19:15:58,5/7/2013,19:15:58,0.00,18.20,52.79,954.90,125
5/7/2013 19:16:13,5/7/2013,19:16:13,0.00,18.12,51.90,954.89,113
5/7/2013 19:16:28,5/7/2013,19:16:28,0.00,18.14,51.59,954.90,149
5/7/2013 19:16:43,5/7/2013,19:16:43,0.42,18.07,52.00,954.90,164
5/7/2013 19:16:58,5/7/2013,19:16:58,0.00,18.12,52.29,954.90,147
5/7/2013 19:17:13,5/7/2013,19:17:13,0.60,18.04,52.50,954.89,141
5/7/2013 19:17:28,5/7/2013,19:17:28,0.17,18.04,52.29,954.89,148
5/7/2013 19:17:43,5/7/2013,19:17:43,0.00,18.07,52.79,954.88,141
5/7/2013 19:17:58,5/7/2013,19:17:58,0.00,18.07,52.59,954.88,171
5/7/2013 19:18:13,5/7/2013,19:18:13,0.00,18.07,51.70,954.88,166
5/7/2013 19:18:28,5/7/2013,19:18:28,0.00,18.07,52.50,954.90,146
5/7/2013 19:18:43,5/7/2013,19:18:43,0.00,18.04,54.00,954.90,140
5/7/2013 19:18:58,5/7/2013,19:18:58,0.00,18.04,53.79,954.91,172
5/7/2013 19:19:13,5/7/2013,19:19:13,0.00,18.04,54.29,954.89,195
5/7/2013 19:19:28,5/7/2013,19:19:28,0.50,17.97,52.40,954.89,141
5/7/2013 19:19:43,5/7/2013,19:19:43,0.00,18.04,53.29,954.87,156
5/7/2013 19:19:58,5/7/2013,19:19:58,0.00,17.97,54.20,954.87,152
5/7/2013 19:20:13,5/7/2013,19:20:13,0.00,18.07,53.59,954.88,159
5/7/2013 19:20:28,5/7/2013,19:20:28,0.00,18.00,54.70,954.87,140
5/7/2013 19:20:43,5/7/2013,19:20:43,0.00,17.97,53.40,954.88,152
5/7/2013 19:20:58,5/7/2013,19:20:58,0.51,17.92,52.59,954.85,134
5/7/2013 19:21:13,5/7/2013,19:21:13,0.18,17.97,53.79,954.85,139
5/7/2013 19:21:28,5/7/2013,19:21:28,0.00,18.04,54.09,954.87,121
5/7/2013 19:21:43,5/7/2013,19:21:43,0.00,18.00,54.00,954.87,154
5/7/2013 19:21:58,5/7/2013,19:21:58,0.00,17.97,53.09,954.87,160
5/7/2013 19:22:13,5/7/2013,19:22:13,0.00,17.87,53.70,954.88,160
5/7/2013 19:22:28,5/7/2013,19:22:28,0.42,17.87,53.40,954.87,151
5/7/2013 19:22:43,5/7/2013,19:22:43,0.53,17.87,54.59,954.87,153
5/7/2013 19:22:58,5/7/2013,19:22:58,0.00,18.00,54.40,954.85,117
5/7/2013 19:23:13,5/7/2013,19:23:13,0.00,18.00,53.79,954.87,90
5/7/2013 19:23:28,5/7/2013,19:23:28,0.00,18.00,52.79,954.85,187
5/7/2013 19:23:43,5/7/2013,19:23:43,0.00,17.97,53.59,954.82,147
5/7/2013 19:23:58,5/7/2013,19:23:58,0.00,17.87,54.40,954.84,159
5/7/2013 19:24:13,5/7/2013,19:24:13,1.25,17.77,53.00,954.81,163
5/7/2013 19:24:28,5/7/2013,19:24:28,0.93,17.77,52.70,954.81,151
5/7/2013 19:24:43,5/7/2013,19:24:43,0.56,17.79,53.09,954.81,172
5/7/2013 19:24:58,5/7/2013,19:24:58,0.00,17.85,53.59,954.82,148
5/7/2013 19:25:13,5/7/2013,19:25:13,0.00,17.87,52.79,954.82,110
5/7/2013 19:25:28,5/7/2013,19:25:28,0.00,17.87,53.20,954.83,138
5/7/2013 19:25:43,5/7/2013,19:25:43,0.00,17.85,53.40,954.82,139
5/7/2013 19:25:58,5/7/2013,19:25:58,0.00,17.79,54.00,954.81,145
5/7/2013 19:26:13,5/7/2013,19:26:13,0.00,17.72,54.09,954.82,167
5/7/2013 19:26:28,5/7/2013,19:26:28,0.33,17.70,53.40,954.81,118
5/7/2013 19:26:43,5/7/2013,19:26:43,1.53,17.60,52.50,954.80,153
5/7/2013 19:26:58,5/7/2013,19:26:58,0.96,17.64,52.29,954.79,170
5/7/2013 19:27:13,5/7/2013,19:27:13,0.86,17.60,53.50,954.79,168
5/7/2013 19:27:28,5/7/2013,19:27:28,1.13,17.57,53.59,954.80,153
5/7/2013 19:27:43,5/7/2013,19:27:43,0.65,17.60,53.40,954.82,165
5/7/2013 19:27:58,5/7/2013,19:27:58,0.00,17.64,54.20,954.83,151
5/7/2013 19:28:13,5/7/2013,19:28:13,0.00,17.64,54.59,954.82,
5/7/2013 19:28:28,5/7/2013,19:28:28,0.00,17.70,53.79,954.82,118
5/7/2013 19:28:43,5/7/2013,19:28:43,0.00,17.64,54.79,954.84,106
5/7/2013 19:28:58,5/7/2013,19:28:58,0.00,17.64,54.29,954.83,108
5/7/2013 19:29:13,5/7/2013,19:29:13,0.00,17.57,53.09,954.84,86
5/7/2013 19:29:28,5/7/2013,19:29:28,0.00,17.60,52.79,954.83,130
5/7/2013 19:29:43,5/7/2013,19:29:43,0.00,17.57,53.90,954.84,159
5/7/2013 19:29:58,5/7/2013,19:29:58,0.00,17.50,54.50,954.84,97
5/7/2013 19:30:13,5/7/2013,19:30:13,0.00,17.52,54.59,954.84,150
5/7/2013 19:30:28,5/7/2013,19:30:28,0.00,17.50,53.70,954.83,168
5/7/2013 19:30:43,5/7/2013,19:30:43,0.00,17.42,55.79,954.83,142
5/7/2013 19:30:58,5/7/2013,19:30:58,0.00,17.42,54.70,954.84,156
5/7/2013 19:31:13,5/7/2013,19:31:13,0.14,17.37,53.79,954.83,135
5/7/2013 19:31:28,5/7/2013,19:31:28,0.40,17.32,54.50,954.83,131
5/7/2013 19:31:43,5/7/2013,19:31:43,1.05,17.32,53.90,954.80,148
5/7/2013 19:31:58,5/7/2013,19:31:58,0.53,17.32,53.59,954.81,158
5/7/2013 19:32:13,5/7/2013,19:32:13,0.46,17.29,54.90,954.81,170
5/7/2013 19:32:28,5/7/2013,19:32:28,0.64,17.25,54.20,954.81,152
5/7/2013 19:32:43,5/7/2013,19:32:43,0.54,17.25,55.09,954.82,137
5/7/2013 19:32:58,5/7/2013,19:32:58,0.51,17.25,54.40,954.84,145
5/7/2013 19:33:13,5/7/2013,19:33:13,0.64,17.17,54.79,954.84,153
5/7/2013 19:33:28,5/7/2013,19:33:28,0.90,17.17,54.40,954.82,134
5/7/2013 19:33:43,5/7/2013,19:33:43,0.40,17.22,54.70,954.83,159
5/7/2013 19:33:58,5/7/2013,19:33:58,0.00,17.22,55.40,954.85,138
5/7/2013 19:34:13,5/7/2013,19:34:13,0.00,17.17,55.20,954.87,141
5/7/2013 19:34:28,5/7/2013,19:34:28,0.00,17.22,54.50,954.83,163
5/7/2013 19:34:43,5/7/2013,19:34:43,0.00,17.17,55.09,954.83,153
5/7/2013 19:34:58,5/7/2013,19:34:58,0.35,17.10,55.50,954.85,166
5/7/2013 19:35:13,5/7/2013,19:35:13,0.86,17.10,54.40,954.85,150
5/7/2013 19:35:28,5/7/2013,19:35:28,1.36,17.10,54.50,954.87,157
5/7/2013 19:35:43,5/7/2013,19:35:43,0.75,17.10,54.59,954.87,159
5/7/2013 19:35:58,5/7/2013,19:35:58,0.46,17.04,55.70,954.85,93
5/7/2013 19:36:13,5/7/2013,19:36:13,0.06,17.10,54.40,954.87,175
5/7/2013 19:36:28,5/7/2013,19:36:28,0.31,17.10,54.59,954.87,158
5/7/2013 19:36:43,5/7/2013,19:36:43,0.94,17.02,55.20,954.87,121
5/7/2013 19:36:58,5/7/2013,19:36:58,1.04,16.97,55.29,954.87,166
5/7/2013 19:37:13,5/7/2013,19:37:13,0.79,16.97,55.40,954.85,143
5/7/2013 19:37:28,5/7/2013,19:37:28,0.08,17.02,55.79,954.87,119
5/7/2013 19:37:43,5/7/2013,19:37:43,0.00,17.02,55.40,954.87,153
5/7/2013 19:37:58,5/7/2013,19:37:58,0.00,16.97,56.40,954.88,150
5/7/2013 19:38:13,5/7/2013,19:38:13,0.00,16.97,55.70,954.88,163
5/7/2013 19:38:28,5/7/2013,19:38:28,0.00,16.97,55.20,954.89,143
5/7/2013 19:38:43,5/7/2013,19:38:43,0.00,16.95,55.90,954.89,131
5/7/2013 19:38:58,5/7/2013,19:38:58,0.00,16.95,56.70,954.88,140
5/7/2013 19:39:13,5/7/2013,19:39:13,0.00,16.95,57.00,954.88,142
5/7/2013 19:39:28,5/7/2013,19:39:28,0.00,16.95,55.79,954.89,169
5/7/2013 19:39:43,5/7/2013,19:39:43,0.53,16.82,57.70,954.88,137
5/7/2013 19:39:58,5/7/2013,19:39:58,0.65,16.82,56.70,954.88,184
5/7/2013 19:40:13,5/7/2013,19:40:13,0.14,16.85,55.09,954.88,117
5/7/2013 19:40:28,5/7/2013,19:40:28,0.00,16.85,54.70,954.88,81
5/7/2013 19:40:43,5/7/2013,19:40:43,0.39,16.85,54.50,954.87,147
5/7/2013 19:40:58,5/7/2013,19:40:58,0.86,16.85,54.90,954.85,131
5/7/2013 19:41:13,5/7/2013,19:41:13,1.18,16.82,54.59,954.84,137
5/7/2013 19:41:28,5/7/2013,19:41:28,0.58,16.82,55.50,954.85,104
5/7/2013 19:41:43,5/7/2013,19:41:43,0.65,16.77,55.20,954.87,176
5/7/2013 19:41:58,5/7/2013,19:41:58,1.41,16.77,54.79,954.84,148
5/7/2013 19:42:13,5/7/2013,19:42:13,0.18,16.77,55.70,954.84,145
5/7/2013 19:42:28,5/7/2013,19:42:28,0.00,16.75,56.40,954.87,151
5/7/2013 19:42:43,5/7/2013,19:42:43,0.36,16.70,56.40,954.85,152
5/7/2013 19:42:58,5/7/2013,19:42:58,0.00,16.70,56.59,954.83,120
5/7/2013 19:43:13,5/7/2013,19:43:13,0.00,16.70,55.59,954.83,126
5/7/2013 19:43:28,5/7/2013,19:43:28,0.00,16.70,55.59,954.83,128
5/7/2013 19:43:43,5/7/2013,19:43:43,0.00,16.70,55.40,954.85,160
5/7/2013 19:43:58,5/7/2013,19:43:58,0.00,16.70,56.20,954.83,160
5/7/2013 19:44:13,5/7/2013,19:44:13,0.00,16.70,56.29,954.81,153
5/7/2013 19:44:28,5/7/2013,19:44:28,0.00,16.57,57.20,954.82,147
5/7/2013 19:44:43,5/7/2013,19:44:43,0.00,16.57,55.90,954.84,120
5/7/2013 19:44:58,5/7/2013,19:44:58,0.00,16.57,56.09,954.83,156
5/7/2013 19:45:13,5/7/2013,19:45:13,0.00,16.54,56.40,954.83,150
5/7/2013 19:45:28,5/7/2013,19:45:28,0.00,16.50,56.90,954.85,148
5/7/2013 19:45:43,5/7/2013,19:45:43,0.00,16.54,57.50,954.85,157
5/7/2013 19:45:58,5/7/2013,19:45:58,0.26,16.50,56.79,954.85,162
5/7/2013 19:46:13,5/7/2013,19:46:13,0.50,16.54,56.00,954.83,142
5/7/2013 19:46:28,5/7/2013,19:46:28,0.00,16.50,56.90,954.85,168
5/7/2013 19:46:43,5/7/2013,19:46:43,0.00,16.42,58.00,954.85,161
5/7/2013 19:46:58,5/7/2013,19:46:58,0.14,16.39,57.50,954.84,155
5/7/2013 19:47:13,5/7/2013,19:47:13,0.39,16.39,57.79,954.85,156
5/7/2013 19:47:28,5/7/2013,19:47:28,0.00,16.47,56.50,954.84,100
5/7/2013 19:47:43,5/7/2013,19:47:43,0.00,16.47,55.90,954.85,100
5/7/2013 19:47:58,5/7/2013,19:47:58,0.00,16.47,55.79,954.84,86
5/7/2013 19:48:13,5/7/2013,19:48:13,0.50,16.39,56.40,954.85,156
5/7/2013 19:48:28,5/7/2013,19:48:28,0.64,16.39,57.20,954.87,150
5/7/2013 19:48:43,5/7/2013,19:48:43,1.04,16.39,56.29,954.87,142
5/7/2013 19:48:58,5/7/2013,19:48:58,0.39,16.39,56.50,954.85,114
5/7/2013 19:49:13,5/7/2013,19:49:13,0.00,16.39,56.70,954.87,146
5/7/2013 19:49:28,5/7/2013,19:49:28,0.00,16.39,57.00,954.88,146
5/7/2013 19:49:43,5/7/2013,19:49:43,0.00,16.35,57.29,954.87,158
5/7/2013 19:49:58,5/7/2013,19:49:58,0.00,16.35,56.50,954.87,158
5/7/2013 19:50:13,5/7/2013,19:50:13,0.00,16.29,57.00,954.88,136
5/7/2013 19:50:28,5/7/2013,19:50:28,0.00,16.35,57.09,954.85,117
5/7/2013 19:50:43,5/7/2013,19:50:43,0.00,16.29,57.50,954.85,127
5/7/2013 19:50:58,5/7/2013,19:50:58,0.00,16.29,56.29,954.85,113
5/7/2013 19:51:13,5/7/2013,19:51:13,0.00,16.29,56.59,954.87,150
5/7/2013 19:51:28,5/7/2013,19:51:28,0.00,16.27,56.70,954.87,99
5/7/2013 19:51:43,5/7/2013,19:51:43,0.00,16.27,57.00,954.87,136
5/7/2013 19:51:58,5/7/2013,19:51:58,0.00,16.27,57.59,954.88,137
5/7/2013 19:52:13,5/7/2013,19:52:13,0.00,16.22,57.09,954.87,148
5/7/2013 19:52:28,5/7/2013,19:52:28,0.00,16.22,57.79,954.88,113
5/7/2013 19:52:43,5/7/2013,19:52:43,0.00,16.22,57.20,954.88,145
5/7/2013 19:52:58,5/7/2013,19:52:58,0.00,16.20,56.90,954.88,155
5/7/2013 19:53:13,5/7/2013,19:53:13,0.00,16.14,57.40,954.88,156
5/7/2013 19:53:28,5/7/2013,19:53:28,0.49,16.14,57.29,954.87,153
5/7/2013 19:53:43,5/7/2013,19:53:43,0.07,16.14,57.29,954.85,152
5/7/2013 19:53:58,5/7/2013,19:53:58,0.00,16.14,57.40,954.88,144
5/7/2013 19:54:13,5/7/2013,19:54:13,0.00,16.14,57.20,954.90,169
5/7/2013 19:54:28,5/7/2013,19:54:28,0.00,16.07,57.50,954.88,152
5/7/2013 19:54:43,5/7/2013,19:54:43,0.00,16.12,57.29,954.88,139
5/7/2013 19:54:58,5/7/2013,19:54:58,0.00,16.12,56.90,954.87,134
5/7/2013 19:55:13,5/7/2013,19:55:13,0.00,16.07,57.70,954.88,168
5/7/2013 19:55:28,5/7/2013,19:55:28,0.00,16.07,57.20,954.88,148
5/7/2013 19:55:43,5/7/2013,19:55:43,0.00,16.07,57.40,954.88,145
5/7/2013 19:55:58,5/7/2013,19:55:58,0.00,16.07,56.90,954.89,152
5/7/2013 19:56:13,5/7/2013,19:56:13,0.00,16.07,57.09,954.89,163
5/7/2013 19:56:28,5/7/2013,19:56:28,0.00,16.07,57.00,954.90,148
5/7/2013 19:56:43,5/7/2013,19:56:43,0.00,16.07,56.90,954.90,111
5/7/2013 19:56:58,5/7/2013,19:56:58,0.00,16.07,56.70,954.89,159
5/7/2013 19:57:13,5/7/2013,19:57:13,0.78,16.00,57.59,954.87,174
5/7/2013 19:57:28,5/7/2013,19:57:28,0.74,16.00,56.59,954.87,135
5/7/2013 19:57:43,5/7/2013,19:57:43,0.50,16.00,56.90,954.87,126
5/7/2013 19:57:58,5/7/2013,19:57:58,0.00,16.00,57.90,954.89,155
5/7/2013 19:58:13,5/7/2013,19:58:13,0.00,16.00,57.50,954.90,141
5/7/2013 19:58:28,5/7/2013,19:58:28,0.00,15.94,57.70,954.90,133
5/7/2013 19:58:43,5/7/2013,19:58:43,0.00,15.94,57.59,954.90,128
5/7/2013 19:58:58,5/7/2013,19:58:58,0.00,15.92,57.50,954.91,149
5/7/2013 19:59:13,5/7/2013,19:59:13,0.28,15.92,57.50,954.93,169
5/7/2013 19:59:28,5/7/2013,19:59:28,0.12,15.92,57.50,954.92,151
5/7/2013 19:59:43,5/7/2013,19:59:43,0.65,15.94,57.09,954.90,133
5/7/2013 19:59:58,5/7/2013,19:59:58,0.54,15.92,57.50,954.90,159
5/7/2013 20:00:13,5/7/2013,20:00:13,0.67,15.92,56.90,954.89,155
5/7/2013 20:00:28,5/7/2013,20:00:28,1.00,15.87,57.79,954.92,97
5/7/2013 20:00:43,5/7/2013,20:00:43,0.07,15.92,57.20,954.91,155
5/7/2013 20:00:58,5/7/2013,20:00:58,0.57,15.92,57.40,954.91,133
5/7/2013 20:01:13,5/7/2013,20:01:13,0.68,15.87,58.00,954.91,127
5/7/2013 20:01:28,5/7/2013,20:01:28,0.60,15.87,57.59,954.95,141
5/7/2013 20:01:43,5/7/2013,20:01:43,0.97,15.92,56.90,954.93,167
5/7/2013 20:01:58,5/7/2013,20:01:58,0.74,15.92,56.90,954.93,171
5/7/2013 20:02:13,5/7/2013,20:02:13,0.12,15.92,57.59,954.93,141
5/7/2013 20:02:28,5/7/2013,20:02:28,0.00,15.87,58.29,954.95,180
5/7/2013 20:02:43,5/7/2013,20:02:43,0.00,15.87,59.40,954.95,158
5/7/2013 20:02:58,5/7/2013,20:02:58,0.00,15.82,59.40,954.96,143
5/7/2013 20:03:13,5/7/2013,20:03:13,0.00,15.80,58.70,954.96,152
5/7/2013 20:03:28,5/7/2013,20:03:28,0.11,15.75,58.00,954.95,147
5/7/2013 20:03:43,5/7/2013,20:03:43,0.14,15.80,57.90,954.93,137
5/7/2013 20:03:58,5/7/2013,20:03:58,1.03,15.80,57.29,954.92,119
5/7/2013 20:04:13,5/7/2013,20:04:13,1.27,15.82,57.29,954.92,143
5/7/2013 20:04:28,5/7/2013,20:04:28,0.46,15.80,57.90,954.92,158
5/7/2013 20:04:43,5/7/2013,20:04:43,0.00,15.75,58.70,954.95,139
5/7/2013 20:04:58,5/7/2013,20:04:58,0.00,15.72,58.79,954.93,149
5/7/2013 20:05:13,5/7/2013,20:05:13,0.07,15.75,58.00,954.93,164
5/7/2013 20:05:28,5/7/2013,20:05:28,0.14,15.75,57.90,954.92,164
5/7/2013 20:05:43,5/7/2013,20:05:43,0.00,15.75,58.00,954.92,149
5/7/2013 20:05:58,5/7/2013,20:05:58,0.00,15.75,57.70,954.92,148
5/7/2013 20:06:13,5/7/2013,20:06:13,0.57,15.72,58.09,954.93,172
5/7/2013 20:06:28,5/7/2013,20:06:28,1.04,15.67,58.20,954.88,129
5/7/2013 20:06:43,5/7/2013,20:06:43,0.89,15.72,57.59,954.87,166
5/7/2013 20:06:58,5/7/2013,20:06:58,0.50,15.67,58.29,954.89,106
5/7/2013 20:07:13,5/7/2013,20:07:13,0.00,15.72,58.00,954.88,193
5/7/2013 20:07:28,5/7/2013,20:07:28,0.89,15.67,58.00,954.88,190
5/7/2013 20:07:43,5/7/2013,20:07:43,0.64,15.72,57.70,954.88,176
5/7/2013 20:07:58,5/7/2013,20:07:58,1.10,15.64,58.40,954.87,130
5/7/2013 20:08:13,5/7/2013,20:08:13,0.49,15.67,57.90,954.88,130
5/7/2013 20:08:28,5/7/2013,20:08:28,1.37,15.67,58.00,954.87,163
5/7/2013 20:08:43,5/7/2013,20:08:43,1.29,15.67,57.90,954.84,174
5/7/2013 20:08:58,5/7/2013,20:08:58,0.54,15.67,58.09,954.84,145
5/7/2013 20:09:13,5/7/2013,20:09:13,0.54,15.67,58.20,954.84,130
5/7/2013 20:09:28,5/7/2013,20:09:28,0.00,15.67,58.00,954.87,109
5/7/2013 20:09:43,5/7/2013,20:09:43,0.00,15.64,59.20,954.87,117
5/7/2013 20:09:58,5/7/2013,20:09:58,0.00,15.60,59.29,954.88,101
5/7/2013 20:10:13,5/7/2013,20:10:13,0.00,15.64,58.59,954.88,145
5/7/2013 20:10:28,5/7/2013,20:10:28,0.00,15.60,58.79,954.87,127
5/7/2013 20:10:43,5/7/2013,20:10:43,0.00,15.60,59.20,954.88,133
5/7/2013 20:10:58,5/7/2013,20:10:58,0.00,15.60,59.00,954.85,130
5/7/2013 20:11:13,5/7/2013,20:11:13,0.00,15.52,59.50,954.85,158
5/7/2013 20:11:28,5/7/2013,20:11:28,0.00,15.52,58.79,954.84,137
5/7/2013 20:11:43,5/7/2013,20:11:43,0.00,15.52,59.59,954.84,146
5/7/2013 20:11:58,5/7/2013,20:11:58,0.00,15.52,59.40,954.84,163
5/7/2013 20:12:13,5/7/2013,20:12:13,0.00,15.47,59.50,954.82,133
5/7/2013 20:12:28,5/7/2013,20:12:28,0.00,15.47,60.40,954.83,109
5/7/2013 20:12:43,5/7/2013,20:12:43,0.00,15.52,59.09,954.82,126
5/7/2013 20:12:58,5/7/2013,20:12:58,0.00,15.44,59.40,954.83,149
5/7/2013 20:13:13,5/7/2013,20:13:13,0.00,15.44,59.70,954.83,127
5/7/2013 20:13:28,5/7/2013,20:13:28,0.00,15.44,60.09,954.82,138
5/7/2013 20:13:43,5/7/2013,20:13:43,0.00,15.37,60.40,954.82,137
5/7/2013 20:13:58,5/7/2013,20:13:58,0.00,15.37,60.79,954.81,144
5/7/2013 20:14:13,5/7/2013,20:14:13,0.00,15.37,59.90,954.80,139
5/7/2013 20:14:28,5/7/2013,20:14:28,0.00,15.39,59.50,954.80,91
5/7/2013 20:14:43,5/7/2013,20:14:43,0.00,15.39,59.20,954.81,100
5/7/2013 20:14:58,5/7/2013,20:14:58,0.00,15.37,59.50,954.81,94
5/7/2013 20:15:13,5/7/2013,20:15:13,0.00,15.37,59.20,954.79,94
5/7/2013 20:15:28,5/7/2013,20:15:28,0.00,15.37,60.40,954.79,147
5/7/2013 20:15:43,5/7/2013,20:15:43,0.00,15.37,60.59,954.80,138
5/7/2013 20:15:58,5/7/2013,20:15:58,0.00,15.32,60.90,954.79,118
5/7/2013 20:16:13,5/7/2013,20:16:13,0.00,15.27,61.20,954.79,114
5/7/2013 20:16:28,5/7/2013,20:16:28,0.00,15.32,59.59,954.79,131
5/7/2013 20:16:43,5/7/2013,20:16:43,0.00,15.27,59.90,954.79,167
5/7/2013 20:16:58,5/7/2013,20:16:58,0.00,15.27,60.59,954.80,137
5/7/2013 20:17:13,5/7/2013,20:17:13,0.00,15.27,61.20,954.80,126
5/7/2013 20:17:28,5/7/2013,20:17:28,0.00,15.25,60.70,954.79,90
5/7/2013 20:17:43,5/7/2013,20:17:43,0.00,15.25,61.40,954.79,107
5/7/2013 20:17:58,5/7/2013,20:17:58,0.00,15.25,60.09,954.79,104
5/7/2013 20:18:13,5/7/2013,20:18:13,0.00,15.19,60.70,954.79,125
5/7/2013 20:18:28,5/7/2013,20:18:28,0.00,15.25,60.79,954.77,166
5/7/2013 20:18:43,5/7/2013,20:18:43,0.00,15.19,60.90,954.79,106
5/7/2013 20:18:58,5/7/2013,20:18:58,0.00,15.19,60.90,954.79,131
5/7/2013 20:19:13,5/7/2013,20:19:13,0.00,15.19,61.50,954.79,82
5/7/2013 20:19:28,5/7/2013,20:19:28,0.00,15.19,59.90,954.79,54
5/7/2013 20:19:43,5/7/2013,20:19:43,0.00,15.19,60.00,954.76,145
5/7/2013 20:19:58,5/7/2013,20:19:58,0.00,15.19,60.70,954.77,120
5/7/2013 20:20:13,5/7/2013,20:20:13,0.00,15.19,60.09,954.77,114
5/7/2013 20:20:28,5/7/2013,20:20:28,0.00,15.17,60.59,954.77,156
5/7/2013 20:20:43,5/7/2013,20:20:43,0.00,15.17,60.90,954.76,146
5/7/2013 20:20:58,5/7/2013,20:20:58,0.00,15.12,61.50,954.76,105
5/7/2013 20:21:13,5/7/2013,20:21:13,0.00,15.12,60.79,954.76,154
5/7/2013 20:21:28,5/7/2013,20:21:28,0.00,15.12,60.79,954.77,182
5/7/2013 20:21:43,5/7/2013,20:21:43,0.00,15.12,61.90,954.77,92
5/7/2013 20:21:58,5/7/2013,20:21:58,0.00,15.12,61.00,954.76,142
5/7/2013 20:22:13,5/7/2013,20:22:13,0.00,15.10,61.50,954.77,128
5/7/2013 20:22:28,5/7/2013,20:22:28,0.00,15.10,61.00,954.77,118
5/7/2013 20:22:43,5/7/2013,20:22:43,0.00,15.05,61.00,954.77,123
5/7/2013 20:22:58,5/7/2013,20:22:58,0.00,15.10,61.20,954.76,128
5/7/2013 20:23:13,5/7/2013,20:23:13,0.00,15.05,61.50,954.75,131
5/7/2013 20:23:28,5/7/2013,20:23:28,0.00,15.05,61.50,954.76,150
5/7/2013 20:23:43,5/7/2013,20:23:43,0.00,15.00,61.50,954.74,150
5/7/2013 20:23:58,5/7/2013,20:23:58,0.00,15.00,61.50,954.76,147
5/7/2013 20:24:13,5/7/2013,20:24:13,0.00,15.00,60.59,954.75,171
5/7/2013 20:24:28,5/7/2013,20:24:28,0.00,15.00,61.40,954.74,125
5/7/2013 20:24:43,5/7/2013,20:24:43,0.00,14.97,61.40,954.73,164
5/7/2013 20:24:58,5/7/2013,20:24:58,0.00,14.97,61.20,954.73,127
5/7/2013 20:25:13,5/7/2013,20:25:13,0.00,14.97,61.40,954.73,114
5/7/2013 20:25:28,5/7/2013,20:25:28,0.00,14.97,61.00,954.73,83
5/7/2013 20:25:43,5/7/2013,20:25:43,0.00,14.97,60.90,954.73,109
5/7/2013 20:25:58,5/7/2013,20:25:58,0.00,14.97,63.00,954.73,116
5/7/2013 20:26:13,5/7/2013,20:26:13,0.00,14.92,62.29,954.73,152
5/7/2013 20:26:28,5/7/2013,20:26:28,0.00,14.89,61.90,954.73,118
5/7/2013 20:26:43,5/7/2013,20:26:43,0.00,14.89,62.59,954.73,124
5/7/2013 20:26:58,5/7/2013,20:26:58,0.00,14.89,62.59,954.72,112
5/7/2013 20:27:13,5/7/2013,20:27:13,0.00,14.89,62.90,954.73,133
5/7/2013 20:27:28,5/7/2013,20:27:28,0.00,14.89,62.59,954.72,139
5/7/2013 20:27:43,5/7/2013,20:27:43,0.00,14.85,62.09,954.73,147
5/7/2013 20:27:58,5/7/2013,20:27:58,0.00,14.85,61.79,954.72,164
5/7/2013 20:28:13,5/7/2013,20:28:13,0.00,14.85,61.90,954.72,147
5/7/2013 20:28:28,5/7/2013,20:28:28,0.00,14.80,62.70,954.71,143
5/7/2013 20:28:43,5/7/2013,20:28:43,0.00,14.80,62.20,954.69,102
5/7/2013 20:28:58,5/7/2013,20:28:58,0.00,14.80,61.90,954.71,92
5/7/2013 20:29:13,5/7/2013,20:29:13,0.00,14.77,64.30,954.73,119
5/7/2013 20:29:28,5/7/2013,20:29:28,0.00,14.77,63.20,954.71,107
5/7/2013 20:29:43,5/7/2013,20:29:43,0.00,14.80,61.90,954.69,111
5/7/2013 20:29:58,5/7/2013,20:29:58,0.00,14.77,61.59,954.71,104
5/7/2013 20:30:13,5/7/2013,20:30:13,0.00,14.77,62.59,954.71,129
5/7/2013 20:30:28,5/7/2013,20:30:28,0.00,14.77,62.40,954.71,143
5/7/2013 20:30:43,5/7/2013,20:30:43,0.00,14.72,62.09,954.71,163
5/7/2013 20:30:58,5/7/2013,20:30:58,0.00,14.72,62.50,954.69,98
5/7/2013 20:31:13,5/7/2013,20:31:13,0.00,14.72,62.90,954.69,98
5/7/2013 20:31:28,5/7/2013,20:31:28,0.00,14.69,63.00,954.71,104
5/7/2013 20:31:43,5/7/2013,20:31:43,0.00,14.69,63.79,954.71,107
5/7/2013 20:31:58,5/7/2013,20:31:58,0.00,14.64,64.09,954.69,116
5/7/2013 20:32:13,5/7/2013,20:32:13,0.00,14.64,62.79,954.68,114
5/7/2013 20:32:28,5/7/2013,20:32:28,0.00,14.64,63.40,954.67,116
5/7/2013 20:32:43,5/7/2013,20:32:43,0.00,14.62,65.09,954.67,138
5/7/2013 20:32:58,5/7/2013,20:32:58,0.00,14.57,64.40,954.67,126
5/7/2013 20:33:13,5/7/2013,20:33:13,0.00,14.62,63.79,954.67,102
5/7/2013 20:33:28,5/7/2013,20:33:28,0.00,14.62,63.79,954.66,137
5/7/2013 20:33:43,5/7/2013,20:33:43,0.00,14.57,63.79,954.67,175
5/7/2013 20:33:58,5/7/2013,20:33:58,0.00,14.57,63.50,954.68,142
5/7/2013 20:34:13,5/7/2013,20:34:13,0.00,14.57,63.40,954.68,146
5/7/2013 20:34:28,5/7/2013,20:34:28,0.00,14.52,63.29,954.68,131
5/7/2013 20:34:43,5/7/2013,20:34:43,0.00,14.50,63.70,954.68,70
5/7/2013 20:34:58,5/7/2013,20:34:58,0.00,14.50,64.19,954.69,111
5/7/2013 20:35:13,5/7/2013,20:35:13,0.00,14.57,62.59,954.68,152
5/7/2013 20:35:28,5/7/2013,20:35:28,0.00,14.57,63.09,954.69,165
5/7/2013 20:35:43,5/7/2013,20:35:43,0.00,14.57,62.79,954.69,143
5/7/2013 20:35:58,5/7/2013,20:35:58,0.00,14.52,63.79,954.69,125
5/7/2013 20:36:13,5/7/2013,20:36:13,0.00,14.57,63.09,954.69,132
5/7/2013 20:36:28,5/7/2013,20:36:28,0.00,14.52,62.79,954.69,125
5/7/2013 20:36:43,5/7/2013,20:36:43,0.00,14.52,63.20,954.69,139
5/7/2013 20:36:58,5/7/2013,20:36:58,0.00,14.50,63.70,954.69,116
5/7/2013 20:37:13,5/7/2013,20:37:13,0.00,14.50,63.59,954.69,112
5/7/2013 20:37:28,5/7/2013,20:37:28,0.00,14.50,64.19,954.71,144
5/7/2013 20:37:43,5/7/2013,20:37:43,0.00,14.50,64.59,954.72,134
5/7/2013 20:37:58,5/7/2013,20:37:58,0.00,14.44,64.90,954.72,106
5/7/2013 20:38:13,5/7/2013,20:38:13,0.00,14.44,63.70,954.72,109
5/7/2013 20:38:28,5/7/2013,20:38:28,0.00,14.44,64.40,954.72,125
5/7/2013 20:38:43,5/7/2013,20:38:43,0.00,14.44,64.50,954.72,112
5/7/2013 20:38:58,5/7/2013,20:38:58,0.00,14.44,63.20,954.72,176
5/7/2013 20:39:13,5/7/2013,20:39:13,0.00,14.44,64.50,954.71,86
5/7/2013 20:39:28,5/7/2013,20:39:28,0.00,14.42,64.40,954.71,120
5/7/2013 20:39:43,5/7/2013,20:39:43,0.00,14.42,64.00,954.71,87
5/7/2013 20:39:58,5/7/2013,20:39:58,0.00,14.42,64.69,954.72,120
5/7/2013 20:40:13,5/7/2013,20:40:13,0.00,14.42,63.59,954.69,90
5/7/2013 20:40:28,5/7/2013,20:40:28,0.00,14.42,64.00,954.71,99
5/7/2013 20:40:43,5/7/2013,20:40:43,0.00,14.37,65.00,954.71,137
5/7/2013 20:40:58,5/7/2013,20:40:58,0.00,14.35,65.09,954.71,109
5/7/2013 20:41:13,5/7/2013,20:41:13,0.00,14.35,65.09,954.71,145
5/7/2013 20:41:28,5/7/2013,20:41:28,0.00,14.35,64.69,954.72,89
5/7/2013 20:41:43,5/7/2013,20:41:43,0.00,14.42,63.50,954.72,87
5/7/2013 20:41:58,5/7/2013,20:41:58,0.00,14.37,63.50,954.71,125
5/7/2013 20:42:13,5/7/2013,20:42:13,0.00,14.35,64.69,954.72,131
5/7/2013 20:42:28,5/7/2013,20:42:28,0.00,14.35,65.59,954.71,122
5/7/2013 20:42:43,5/7/2013,20:42:43,0.00,14.35,64.59,954.72,111
5/7/2013 20:42:58,5/7/2013,20:42:58,0.00,14.35,64.80,954.72,136
5/7/2013 20:43:13,5/7/2013,20:43:13,0.00,14.30,65.40,954.72,124
5/7/2013 20:43:28,5/7/2013,20:43:28,0.00,14.30,65.90,954.73,104
5/7/2013 20:43:43,5/7/2013,20:43:43,0.00,14.30,64.30,954.73,105
5/7/2013 20:43:58,5/7/2013,20:43:58,0.00,14.25,64.69,954.73,105
5/7/2013 20:44:13,5/7/2013,20:44:13,0.00,14.25,64.80,954.73,121
5/7/2013 20:44:28,5/7/2013,20:44:28,0.00,14.25,64.69,954.73,112
5/7/2013 20:44:43,5/7/2013,20:44:43,0.00,14.25,66.00,954.74,105
5/7/2013 20:44:58,5/7/2013,20:44:58,0.00,14.22,65.90,954.73,109
5/7/2013 20:45:13,5/7/2013,20:45:13,0.00,14.22,65.09,954.72,140
5/7/2013 20:45:28,5/7/2013,20:45:28,0.00,14.17,66.30,954.71,129
5/7/2013 20:45:43,5/7/2013,20:45:43,0.00,14.17,67.40,954.71,110
5/7/2013 20:45:58,5/7/2013,20:45:58,0.00,14.17,67.30,954.72,121
5/7/2013 20:46:13,5/7/2013,20:46:13,0.00,14.14,66.40,954.71,132
5/7/2013 20:46:28,5/7/2013,20:46:28,0.00,14.14,66.40,954.71,109
5/7/2013 20:46:43,5/7/2013,20:46:43,0.00,14.10,65.50,954.72,105
5/7/2013 20:46:58,5/7/2013,20:46:58,0.00,14.17,64.59,954.71,114
5/7/2013 20:47:13,5/7/2013,20:47:13,0.00,14.17,64.40,954.72,118
5/7/2013 20:47:28,5/7/2013,20:47:28,0.00,14.17,64.69,954.73,128
5/7/2013 20:47:43,5/7/2013,20:47:43,0.00,14.17,64.00,954.71,112
5/7/2013 20:47:58,5/7/2013,20:47:58,0.00,14.17,65.30,954.72,144
5/7/2013 20:48:13,5/7/2013,20:48:13,0.00,14.14,65.50,954.72,123
5/7/2013 20:48:28,5/7/2013,20:48:28,0.00,14.14,66.90,954.73,123
5/7/2013 20:48:43,5/7/2013,20:48:43,0.00,14.14,65.50,954.73,120
5/7/2013 20:48:58,5/7/2013,20:48:58,0.00,14.10,66.09,954.71,163
5/7/2013 20:49:13,5/7/2013,20:49:13,0.00,14.10,66.00,954.72,140
5/7/2013 20:49:28,5/7/2013,20:49:28,0.00,14.10,65.59,954.72,128
5/7/2013 20:49:43,5/7/2013,20:49:43,0.00,14.10,65.59,954.71,145
5/7/2013 20:49:58,5/7/2013,20:49:58,0.00,14.10,64.90,954.73,131
5/7/2013 20:50:13,5/7/2013,20:50:13,0.00,14.10,66.00,954.71,91
5/7/2013 20:50:28,5/7/2013,20:50:28,0.00,14.02,65.69,954.71,74
5/7/2013 20:50:43,5/7/2013,20:50:43,0.00,14.05,65.40,954.71,74
5/7/2013 20:50:58,5/7/2013,20:50:58,0.00,14.05,66.59,954.71,113
5/7/2013 20:51:13,5/7/2013,20:51:13,0.00,14.05,65.19,954.69,83
5/7/2013 20:51:28,5/7/2013,20:51:28,0.00,14.05,65.50,954.69,123
5/7/2013 20:51:43,5/7/2013,20:51:43,0.00,14.02,65.59,954.69,116
5/7/2013 20:51:58,5/7/2013,20:51:58,0.00,14.05,65.00,954.67,144
5/7/2013 20:52:13,5/7/2013,20:52:13,0.00,14.02,66.90,954.66,96
5/7/2013 20:52:28,5/7/2013,20:52:28,0.00,14.05,65.19,954.68,85
5/7/2013 20:52:43,5/7/2013,20:52:43,0.00,14.02,65.59,954.69,98
5/7/2013 20:52:58,5/7/2013,20:52:58,0.00,14.02,65.19,954.68,91
5/7/2013 20:53:13,5/7/2013,20:53:13,0.00,14.02,65.50,954.69,99
5/7/2013 20:53:28,5/7/2013,20:53:28,0.00,14.02,65.90,954.69,105
5/7/2013 20:53:43,5/7/2013,20:53:43,0.00,14.02,65.59,954.71,151
5/7/2013 20:53:58,5/7/2013,20:53:58,0.00,14.02,65.69,954.72,83
5/7/2013 20:54:13,5/7/2013,20:54:13,0.00,14.10,64.40,954.71,107
5/7/2013 20:54:28,5/7/2013,20:54:28,0.00,14.05,64.50,954.69,122
5/7/2013 20:54:43,5/7/2013,20:54:43,0.00,14.02,66.69,954.68,122
5/7/2013 20:54:58,5/7/2013,20:54:58,0.00,14.02,67.69,954.68,121
5/7/2013 20:55:13,5/7/2013,20:55:13,0.00,13.97,67.19,954.69,105
5/7/2013 20:55:28,5/7/2013,20:55:28,0.00,14.02,65.19,954.71,119
5/7/2013 20:55:43,5/7/2013,20:55:43,0.00,14.02,65.69,954.71,85
5/7/2013 20:55:58,5/7/2013,20:55:58,0.00,14.02,65.00,954.72,101
5/7/2013 20:56:13,5/7/2013,20:56:13,0.00,13.97,67.09,954.72,143
5/7/2013 20:56:28,5/7/2013,20:56:28,0.00,13.94,67.90,954.72,107
5/7/2013 20:56:43,5/7/2013,20:56:43,0.00,13.94,66.50,954.68,101
5/7/2013 20:56:58,5/7/2013,20:56:58,0.00,13.97,65.69,954.68,90
5/7/2013 20:57:13,5/7/2013,20:57:13,0.00,13.97,64.80,954.67,124
5/7/2013 20:57:28,5/7/2013,20:57:28,0.00,13.97,65.59,954.68,149
5/7/2013 20:57:43,5/7/2013,20:57:43,0.00,13.94,65.80,954.67,103
5/7/2013 20:57:58,5/7/2013,20:57:58,0.00,13.94,65.80,954.67,115
5/7/2013 20:58:13,5/7/2013,20:58:13,0.00,13.94,65.69,954.67,197
5/7/2013 20:58:28,5/7/2013,20:58:28,0.00,13.94,66.69,954.67,85
5/7/2013 20:58:43,5/7/2013,20:58:43,0.00,13.94,66.40,954.68,85
5/7/2013 20:58:58,5/7/2013,20:58:58,0.00,13.89,66.09,954.68,85
5/7/2013 20:59:13,5/7/2013,20:59:13,0.00,13.89,66.30,954.68,86
5/7/2013 20:59:28,5/7/2013,20:59:28,0.00,13.87,66.09,954.67,89
5/7/2013 20:59:43,5/7/2013,20:59:43,0.00,13.87,65.69,954.67,89
5/7/2013 20:59:58,5/7/2013,20:59:58,0.00,13.87,66.90,954.67,88
5/7/2013 21:00:13,5/7/2013,21:00:13,0.00,13.87,67.59,954.68,89
5/7/2013 21:00:28,5/7/2013,21:00:28,0.00,13.82,66.69,954.66,124
5/7/2013 21:00:43,5/7/2013,21:00:43,0.00,13.87,66.00,954.66,143
5/7/2013 21:00:58,5/7/2013,21:00:58,0.00,13.87,66.80,954.66,156
5/7/2013 21:01:13,5/7/2013,21:01:13,0.00,13.82,66.09,954.66,156
5/7/2013 21:01:28,5/7/2013,21:01:28,0.00,13.82,66.30,954.68,139
5/7/2013 21:01:43,5/7/2013,21:01:43,0.00,13.77,66.69,954.67,76
5/7/2013 21:01:58,5/7/2013,21:01:58,0.00,13.77,67.00,954.67,131
5/7/2013 21:02:13,5/7/2013,21:02:13,0.00,13.77,66.59,954.67,124
5/7/2013 21:02:28,5/7/2013,21:02:28,0.00,13.82,66.00,954.67,97
5/7/2013 21:02:43,5/7/2013,21:02:43,0.00,13.77,66.59,954.67,162
5/7/2013 21:02:58,5/7/2013,21:02:58,0.00,13.82,66.59,954.66,90
5/7/2013 21:03:13,5/7/2013,21:03:13,0.00,13.77,66.40,954.67,79
5/7/2013 21:03:28,5/7/2013,21:03:28,0.00,13.77,66.30,954.66,81
5/7/2013 21:03:43,5/7/2013,21:03:43,0.00,13.77,66.69,954.66,82
5/7/2013 21:03:58,5/7/2013,21:03:58,0.00,13.77,66.59,954.67,105
5/7/2013 21:04:13,5/7/2013,21:04:13,0.00,13.77,66.50,954.64,122
5/7/2013 21:04:28,5/7/2013,21:04:28,0.00,13.77,65.69,954.65,104
5/7/2013 21:04:43,5/7/2013,21:04:43,0.00,13.77,66.19,954.66,152
5/7/2013 21:04:58,5/7/2013,21:04:58,0.00,13.77,66.50,954.65,99
5/7/2013 21:05:13,5/7/2013,21:05:13,0.00,13.77,66.30,954.66,176
5/7/2013 21:05:28,5/7/2013,21:05:28,0.00,13.77,66.00,954.65,123
5/7/2013 21:05:43,5/7/2013,21:05:43,0.00,13.69,66.40,954.65,131
5/7/2013 21:05:58,5/7/2013,21:05:58,0.00,13.77,66.59,954.64,104
5/7/2013 21:06:13,5/7/2013,21:06:13,0.00,13.77,66.00,954.64,107
5/7/2013 21:06:28,5/7/2013,21:06:28,0.00,13.75,67.09,954.65,107
5/7/2013 21:06:43,5/7/2013,21:06:43,0.00,13.75,66.69,954.66,79
5/7/2013 21:06:58,5/7/2013,21:06:58,0.00,13.75,65.59,954.66,89
5/7/2013 21:07:13,5/7/2013,21:07:13,0.00,13.69,66.50,954.66,126
5/7/2013 21:07:28,5/7/2013,21:07:28,0.00,13.69,67.09,954.66,105
5/7/2013 21:07:43,5/7/2013,21:07:43,0.00,13.75,65.90,954.64,93
5/7/2013 21:07:58,5/7/2013,21:07:58,0.00,13.75,65.30,954.64,85
5/7/2013 21:08:13,5/7/2013,21:08:13,0.00,13.77,65.50,954.64,124
5/7/2013 21:08:28,5/7/2013,21:08:28,0.00,13.75,66.19,954.65,140
5/7/2013 21:08:43,5/7/2013,21:08:43,0.00,13.75,66.19,954.66,139
5/7/2013 21:08:58,5/7/2013,21:08:58,0.00,13.69,67.09,954.65,124
5/7/2013 21:09:13,5/7/2013,21:09:13,0.00,13.69,67.59,954.66,85
5/7/2013 21:09:28,5/7/2013,21:09:28,0.00,13.69,67.09,954.65,85
5/7/2013 21:09:43,5/7/2013,21:09:43,0.00,13.69,67.69,954.64,120
5/7/2013 21:09:58,5/7/2013,21:09:58,0.00,13.67,69.09,954.63,135
5/7/2013 21:10:13,5/7/2013,21:10:13,0.00,13.62,69.50,954.65,87
5/7/2013 21:10:28,5/7/2013,21:10:28,0.00,13.62,69.50,954.64,87
5/7/2013 21:10:43,5/7/2013,21:10:43,0.00,13.67,67.19,954.64,100
5/7/2013 21:10:58,5/7/2013,21:10:58,0.00,13.67,66.30,954.63,107
5/7/2013 21:11:13,5/7/2013,21:11:13,0.00,13.62,66.40,954.63,104
5/7/2013 21:11:28,5/7/2013,21:11:28,0.00,13.62,66.30,954.63,99
5/7/2013 21:11:43,5/7/2013,21:11:43,0.00,13.62,66.50,954.63,100
5/7/2013 21:11:58,5/7/2013,21:11:58,0.00,13.62,66.69,954.61,100
5/7/2013 21:12:13,5/7/2013,21:12:13,0.00,13.62,66.30,954.61,101
5/7/2013 21:12:28,5/7/2013,21:12:28,0.00,13.62,66.50,954.63,99
5/7/2013 21:12:43,5/7/2013,21:12:43,0.00,13.62,66.19,954.61,108
5/7/2013 21:12:58,5/7/2013,21:12:58,0.00,13.62,67.09,954.61,107
5/7/2013 21:13:13,5/7/2013,21:13:13,0.00,13.62,67.09,954.61,107
5/7/2013 21:13:28,5/7/2013,21:13:28,0.00,13.62,66.30,954.59,86
5/7/2013 21:13:43,5/7/2013,21:13:43,0.00,13.62,66.50,954.61,111
5/7/2013 21:13:58,5/7/2013,21:13:58,0.00,13.62,66.69,954.60,110
5/7/2013 21:14:13,5/7/2013,21:14:13,0.00,13.62,67.00,954.59,105
5/7/2013 21:14:28,5/7/2013,21:14:28,0.00,13.62,67.19,954.59,105
5/7/2013 21:14:43,5/7/2013,21:14:43,0.00,13.62,67.69,954.59,106
5/7/2013 21:14:58,5/7/2013,21:14:58,0.00,13.60,67.90,954.59,106
5/7/2013 21:15:13,5/7/2013,21:15:13,0.00,13.55,67.69,954.59,106
5/7/2013 21:15:28,5/7/2013,21:15:28,0.00,13.55,67.30,954.59,106
5/7/2013 21:15:43,5/7/2013,21:15:43,0.00,13.55,66.90,954.59,106
5/7/2013 21:15:58,5/7/2013,21:15:58,0.00,13.55,68.59,954.60,106
5/7/2013 21:16:13,5/7/2013,21:16:13,0.00,13.55,69.00,954.61,107
5/7/2013 21:16:28,5/7/2013,21:16:28,0.00,13.55,70.09,954.64,107
5/7/2013 21:16:43,5/7/2013,21:16:43,0.00,13.50,70.09,954.63,105
5/7/2013 21:16:58,5/7/2013,21:16:58,0.00,13.50,68.59,954.63,105
5/7/2013 21:17:13,5/7/2013,21:17:13,0.00,13.47,67.59,954.63,102
5/7/2013 21:17:28,5/7/2013,21:17:28,0.00,13.47,68.50,954.63,105
5/7/2013 21:17:43,5/7/2013,21:17:43,0.00,13.47,69.69,954.63,105
5/7/2013 21:17:58,5/7/2013,21:17:58,0.00,13.47,70.59,954.61,103
5/7/2013 21:18:13,5/7/2013,21:18:13,0.00,13.47,68.59,954.64,91
5/7/2013 21:18:28,5/7/2013,21:18:28,0.00,13.47,67.69,954.64,91
5/7/2013 21:18:43,5/7/2013,21:18:43,0.00,13.42,68.69,954.65,97
5/7/2013 21:18:58,5/7/2013,21:18:58,0.00,13.42,68.50,954.65,97
5/7/2013 21:19:13,5/7/2013,21:19:13,0.00,13.42,68.80,954.65,103
5/7/2013 21:19:28,5/7/2013,21:19:28,0.00,13.42,68.30,954.65,100
5/7/2013 21:19:43,5/7/2013,21:19:43,0.00,13.42,67.90,954.64,102
5/7/2013 21:19:58,5/7/2013,21:19:58,0.00,13.42,67.50,954.63,91
5/7/2013 21:20:13,5/7/2013,21:20:13,0.00,13.47,67.30,954.63,100
5/7/2013 21:20:28,5/7/2013,21:20:28,0.00,13.42,68.40,954.63,99
5/7/2013 21:20:43,5/7/2013,21:20:43,0.00,13.42,67.59,954.63,99
5/7/2013 21:20:58,5/7/2013,21:20:58,0.00,13.42,67.30,954.63,90
5/7/2013 21:21:13,5/7/2013,21:21:13,0.00,13.42,67.40,954.63,91
5/7/2013 21:21:28,5/7/2013,21:21:28,0.00,13.42,68.59,954.61,110
5/7/2013 21:21:43,5/7/2013,21:21:43,0.00,13.42,68.30,954.63,92
5/7/2013 21:21:58,5/7/2013,21:21:58,0.00,13.42,67.69,954.61,97
5/7/2013 21:22:13,5/7/2013,21:22:13,0.00,13.42,67.59,954.61,99
5/7/2013 21:22:28,5/7/2013,21:22:28,0.00,13.47,67.50,954.60,91
5/7/2013 21:22:43,5/7/2013,21:22:43,0.00,13.50,66.40,954.59,91
5/7/2013 21:22:58,5/7/2013,21:22:58,0.00,13.47,66.90,954.59,95
5/7/2013 21:23:13,5/7/2013,21:23:13,0.00,13.47,67.09,954.56,97
5/7/2013 21:23:28,5/7/2013,21:23:28,0.00,13.47,67.09,954.56,99
5/7/2013 21:23:43,5/7/2013,21:23:43,0.00,13.47,67.00,954.57,98
5/7/2013 21:23:58,5/7/2013,21:23:58,0.00,13.47,67.19,954.57,93
5/7/2013 21:24:13,5/7/2013,21:24:13,0.00,13.47,67.30,954.56,100
5/7/2013 21:24:28,5/7/2013,21:24:28,0.00,13.47,67.30,954.56,88
5/7/2013 21:24:43,5/7/2013,21:24:43,0.00,13.47,67.40,954.55,88
5/7/2013 21:24:58,5/7/2013,21:24:58,0.00,13.47,68.40,954.55,88
5/7/2013 21:25:13,5/7/2013,21:25:13,0.00,13.47,67.90,954.56,89
5/7/2013 21:25:28,5/7/2013,21:25:28,0.00,13.47,67.59,954.53,89
5/7/2013 21:25:43,5/7/2013,21:25:43,0.00,13.47,68.09,954.51,106
5/7/2013 21:25:58,5/7/2013,21:25:58,0.00,13.47,67.19,954.51,101
5/7/2013 21:26:13,5/7/2013,21:26:13,0.00,13.47,66.90,954.51,87
5/7/2013 21:26:28,5/7/2013,21:26:28,0.00,13.42,67.69,954.50,88
5/7/2013 21:26:43,5/7/2013,21:26:43,0.00,13.47,67.69,954.50,88
5/7/2013 21:26:58,5/7/2013,21:26:58,0.00,13.47,67.90,954.50,90
5/7/2013 21:27:13,5/7/2013,21:27:13,0.00,13.47,67.09,954.51,85
5/7/2013 21:27:28,5/7/2013,21:27:28,0.00,13.50,65.80,954.47,83
5/7/2013 21:27:43,5/7/2013,21:27:43,0.00,13.50,66.50,954.47,116
5/7/2013 21:27:58,5/7/2013,21:27:58,0.00,13.50,66.69,954.45,111
5/7/2013 21:28:13,5/7/2013,21:28:13,0.00,13.55,65.69,954.44,97
5/7/2013 21:28:28,5/7/2013,21:28:28,0.00,13.50,66.00,954.43,97
5/7/2013 21:28:43,5/7/2013,21:28:43,0.00,13.50,67.19,954.44,100
5/7/2013 21:28:58,5/7/2013,21:28:58,0.00,13.50,67.19,954.44,101
5/7/2013 21:29:13,5/7/2013,21:29:13,0.00,13.50,66.40,954.44,99
5/7/2013 21:29:28,5/7/2013,21:29:28,0.00,13.50,66.19,954.44,98
5/7/2013 21:29:43,5/7/2013,21:29:43,0.00,13.55,65.90,954.44,99
5/7/2013 21:29:58,5/7/2013,21:29:58,0.00,13.50,65.80,954.44,90
5/7/2013 21:30:13,5/7/2013,21:30:13,0.00,13.50,66.40,954.42,93
5/7/2013 21:30:28,5/7/2013,21:30:28,0.00,13.50,66.69,954.43,96
5/7/2013 21:30:43,5/7/2013,21:30:43,0.00,13.55,65.50,954.44,97
5/7/2013 21:30:58,5/7/2013,21:30:58,0.00,13.50,66.30,954.43,98
5/7/2013 21:31:13,5/7/2013,21:31:13,0.00,13.50,66.00,954.43,100
5/7/2013 21:31:28,5/7/2013,21:31:28,0.00,13.55,65.90,954.42,98
5/7/2013 21:31:43,5/7/2013,21:31:43,0.00,13.55,64.59,954.42,96
5/7/2013 21:31:58,5/7/2013,21:31:58,0.00,13.55,64.09,954.43,93
5/7/2013 21:32:13,5/7/2013,21:32:13,0.00,13.55,64.90,954.43,94
5/7/2013 21:32:28,5/7/2013,21:32:28,0.00,13.55,65.40,954.43,101
5/7/2013 21:32:43,5/7/2013,21:32:43,0.00,13.55,65.40,954.43,101
5/7/2013 21:32:58,5/7/2013,21:32:58,0.00,13.55,65.09,954.43,98
5/7/2013 21:33:13,5/7/2013,21:33:13,0.00,13.55,64.00,954.43,106
5/7/2013 21:33:28,5/7/2013,21:33:28,0.00,13.55,64.69,954.41,106
5/7/2013 21:33:43,5/7/2013,21:33:43,0.00,13.62,64.19,954.41,96
5/7/2013 21:33:58,5/7/2013,21:33:58,0.00,13.55,64.30,954.40,109
5/7/2013 21:34:13,5/7/2013,21:34:13,0.00,13.60,63.79,954.40,110
5/7/2013 21:34:28,5/7/2013,21:34:28,0.00,13.60,63.79,954.39,98
5/7/2013 21:34:43,5/7/2013,21:34:43,0.00,13.55,64.40,954.37,87
5/7/2013 21:34:58,5/7/2013,21:34:58,0.00,13.60,65.30,954.36,93
5/7/2013 21:35:13,5/7/2013,21:35:13,0.00,13.55,65.19,954.37,100
5/7/2013 21:35:28,5/7/2013,21:35:28,0.00,13.55,64.80,954.37,94
5/7/2013 21:35:43,5/7/2013,21:35:43,0.00,13.60,64.09,954.36,93
5/7/2013 21:35:58,5/7/2013,21:35:58,0.00,13.60,64.19,954.36,89
5/7/2013 21:36:13,5/7/2013,21:36:13,0.00,13.55,64.50,954.36,89
5/7/2013 21:36:28,5/7/2013,21:36:28,0.00,13.55,64.90,954.34,91
5/7/2013 21:36:43,5/7/2013,21:36:43,0.00,13.55,64.40,954.34,91
5/7/2013 21:36:58,5/7/2013,21:36:58,0.00,13.55,64.80,954.35,96
5/7/2013 21:37:13,5/7/2013,21:37:13,0.00,13.55,65.19,954.35,139
5/7/2013 21:37:28,5/7/2013,21:37:28,0.00,13.55,65.90,954.35,101
5/7/2013 21:37:43,5/7/2013,21:37:43,0.00,13.62,63.40,954.35,97
5/7/2013 21:37:58,5/7/2013,21:37:58,0.00,13.55,63.50,954.35,96
5/7/2013 21:38:13,5/7/2013,21:38:13,0.00,13.55,64.00,954.34,93
5/7/2013 21:38:28,5/7/2013,21:38:28,0.00,13.55,65.09,954.34,106
5/7/2013 21:38:43,5/7/2013,21:38:43,0.00,13.55,64.59,954.34,101
5/7/2013 21:38:58,5/7/2013,21:38:58,0.00,13.55,63.79,954.33,79
5/7/2013 21:39:13,5/7/2013,21:39:13,0.00,13.55,63.79,954.33,104
5/7/2013 21:39:28,5/7/2013,21:39:28,0.00,13.55,64.50,954.33,106
5/7/2013 21:39:43,5/7/2013,21:39:43,0.00,13.55,64.69,954.34,79
5/7/2013 21:39:58,5/7/2013,21:39:58,0.00,13.55,63.70,954.34,91
5/7/2013 21:40:13,5/7/2013,21:40:13,0.00,13.55,64.00,954.35,100
5/7/2013 21:40:28,5/7/2013,21:40:28,0.00,13.55,62.90,954.35,83
5/7/2013 21:40:43,5/7/2013,21:40:43,0.00,13.55,64.59,954.34,89
5/7/2013 21:40:58,5/7/2013,21:40:58,0.00,13.55,63.40,954.33,87
5/7/2013 21:41:13,5/7/2013,21:41:13,0.00,13.55,63.90,954.34,88
5/7/2013 21:41:28,5/7/2013,21:41:28,0.00,13.50,64.59,954.34,90
5/7/2013 21:41:43,5/7/2013,21:41:43,0.00,13.55,63.50,954.34,91
5/7/2013 21:41:58,5/7/2013,21:41:58,0.00,13.50,64.40,954.34,97
5/7/2013 21:42:13,5/7/2013,21:42:13,0.00,13.50,63.20,954.34,45
5/7/2013 21:42:28,5/7/2013,21:42:28,0.00,13.50,63.09,954.34,74
5/7/2013 21:42:43,5/7/2013,21:42:43,0.00,13.47,64.50,954.34,110
5/7/2013 21:42:58,5/7/2013,21:42:58,0.00,13.47,64.50,954.34,106
5/7/2013 21:43:13,5/7/2013,21:43:13,0.00,13.47,64.80,954.33,93
5/7/2013 21:43:28,5/7/2013,21:43:28,0.00,13.47,64.69,954.34,97
5/7/2013 21:43:43,5/7/2013,21:43:43,0.00,13.47,64.80,954.32,93
5/7/2013 21:43:58,5/7/2013,21:43:58,0.00,13.47,63.00,954.34,111
5/7/2013 21:44:13,5/7/2013,21:44:13,0.00,13.47,63.29,954.34,83
5/7/2013 21:44:28,5/7/2013,21:44:28,0.00,13.47,63.70,954.34,83
5/7/2013 21:44:43,5/7/2013,21:44:43,0.00,13.47,63.29,954.35,83
5/7/2013 21:44:58,5/7/2013,21:44:58,0.00,13.47,63.90,954.34,85
5/7/2013 21:45:13,5/7/2013,21:45:13,0.00,13.42,63.29,954.35,87
5/7/2013 21:45:28,5/7/2013,21:45:28,0.00,13.42,63.79,954.36,87
5/7/2013 21:45:43,5/7/2013,21:45:43,0.00,13.39,64.80,954.36,87
5/7/2013 21:45:58,5/7/2013,21:45:58,0.00,13.39,64.19,954.36,87
5/7/2013 21:46:13,5/7/2013,21:46:13,0.00,13.39,64.59,954.36,88
5/7/2013 21:46:28,5/7/2013,21:46:28,0.00,13.35,64.80,954.36,89
5/7/2013 21:46:43,5/7/2013,21:46:43,0.00,13.39,64.09,954.35,89
5/7/2013 21:46:58,5/7/2013,21:46:58,0.00,13.35,64.40,954.35,89
5/7/2013 21:47:13,5/7/2013,21:47:13,0.00,13.35,63.90,954.35,89
5/7/2013 21:47:28,5/7/2013,21:47:28,0.00,13.35,63.29,954.34,89
5/7/2013 21:47:43,5/7/2013,21:47:43,0.00,13.30,63.29,954.32,89
5/7/2013 21:47:58,5/7/2013,21:47:58,0.00,13.39,62.70,954.31,87
5/7/2013 21:48:13,5/7/2013,21:48:13,0.00,13.35,62.29,954.31,73
5/7/2013 21:48:28,5/7/2013,21:48:28,0.00,13.30,63.40,954.31,94
5/7/2013 21:48:43,5/7/2013,21:48:43,0.00,13.30,63.59,954.29,91
5/7/2013 21:48:58,5/7/2013,21:48:58,0.00,13.30,64.50,954.28,91
5/7/2013 21:49:13,5/7/2013,21:49:13,0.00,13.30,63.79,954.29,91
5/7/2013 21:49:28,5/7/2013,21:49:28,0.00,13.27,64.40,954.29,100
5/7/2013 21:49:43,5/7/2013,21:49:43,0.00,13.27,63.70,954.29,91
5/7/2013 21:49:58,5/7/2013,21:49:58,0.00,13.22,63.90,954.31,100
5/7/2013 21:50:13,5/7/2013,21:50:13,0.00,13.22,64.30,954.29,97
5/7/2013 21:50:28,5/7/2013,21:50:28,0.00,13.22,63.00,954.31,97
5/7/2013 21:50:43,5/7/2013,21:50:43,0.00,13.22,62.79,954.29,91
5/7/2013 21:50:58,5/7/2013,21:50:58,0.00,13.30,62.20,954.29,101
5/7/2013 21:51:13,5/7/2013,21:51:13,0.00,13.27,62.70,954.28,93
5/7/2013 21:51:28,5/7/2013,21:51:28,0.00,13.27,62.70,954.28,92
5/7/2013 21:51:43,5/7/2013,21:51:43,0.00,13.22,62.79,954.27,109
5/7/2013 21:51:58,5/7/2013,21:51:58,0.00,13.27,62.40,954.27,97
5/7/2013 21:52:13,5/7/2013,21:52:13,0.00,13.27,62.00,954.27,66
5/7/2013 21:52:28,5/7/2013,21:52:28,0.00,13.27,62.50,954.27,100
5/7/2013 21:52:43,5/7/2013,21:52:43,0.00,13.22,62.90,954.26,97
5/7/2013 21:52:58,5/7/2013,21:52:58,0.00,13.22,63.09,954.25,96
5/7/2013 21:53:13,5/7/2013,21:53:13,0.00,13.22,64.40,954.25,103
5/7/2013 21:53:28,5/7/2013,21:53:28,0.00,13.22,64.50,954.25,107
5/7/2013 21:53:43,5/7/2013,21:53:43,0.00,13.22,63.59,954.25,80
5/7/2013 21:53:58,5/7/2013,21:53:58,0.00,13.19,63.40,954.26,93
5/7/2013 21:54:13,5/7/2013,21:54:13,0.00,13.19,63.70,954.25,98
5/7/2013 21:54:28,5/7/2013,21:54:28,0.00,13.14,64.00,954.26,99
5/7/2013 21:54:43,5/7/2013,21:54:43,0.00,13.14,63.79,954.25,98
5/7/2013 21:54:58,5/7/2013,21:54:58,0.00,13.14,64.00,954.25,91
5/7/2013 21:55:13,5/7/2013,21:55:13,0.00,13.14,63.79,954.25,87
5/7/2013 21:55:28,5/7/2013,21:55:28,0.00,13.14,63.90,954.23,89
5/7/2013 21:55:43,5/7/2013,21:55:43,0.00,13.14,64.19,954.21,81
5/7/2013 21:55:58,5/7/2013,21:55:58,0.00,13.12,64.69,954.21,82
5/7/2013 21:56:13,5/7/2013,21:56:13,0.00,13.12,64.69,954.20,83
5/7/2013 21:56:28,5/7/2013,21:56:28,0.00,13.12,64.69,954.20,94
5/7/2013 21:56:43,5/7/2013,21:56:43,0.00,13.12,64.19,954.20,91
5/7/2013 21:56:58,5/7/2013,21:56:58,0.00,13.07,64.40,954.20,104
5/7/2013 21:57:13,5/7/2013,21:57:13,0.00,13.07,64.19,954.19,74
5/7/2013 21:57:28,5/7/2013,21:57:28,0.00,13.12,63.50,954.18,93
5/7/2013 21:57:43,5/7/2013,21:57:43,0.00,13.07,63.79,954.18,90
5/7/2013 21:57:58,5/7/2013,21:57:58,0.00,13.07,63.29,954.19,98
5/7/2013 21:58:13,5/7/2013,21:58:13,0.00,13.07,63.90,954.18,100
5/7/2013 21:58:28,5/7/2013,21:58:28,0.00,13.07,64.00,954.19,83
5/7/2013 21:58:43,5/7/2013,21:58:43,0.00,13.07,63.90,954.19,82
5/7/2013 21:58:58,5/7/2013,21:58:58,0.00,13.02,64.59,954.18,91
5/7/2013 21:59:13,5/7/2013,21:59:13,0.00,13.02,64.59,954.18,91
5/7/2013 21:59:28,5/7/2013,21:59:28,0.00,13.00,64.69,954.18,89
5/7/2013 21:59:43,5/7/2013,21:59:43,0.00,13.00,64.50,954.19,95
5/7/2013 21:59:58,5/7/2013,21:59:58,0.00,13.00,64.40,954.18,94
5/7/2013 22:00:13,5/7/2013,22:00:13,0.00,13.00,63.50,954.17,87
5/7/2013 22:00:28,5/7/2013,22:00:28,0.00,13.00,65.09,954.16,108
5/7/2013 22:00:43,5/7/2013,22:00:43,0.00,13.00,64.50,954.15,75
5/7/2013 22:00:58,5/7/2013,22:00:58,0.00,12.94,64.30,954.15,80
5/7/2013 22:01:13,5/7/2013,22:01:13,0.00,12.94,64.69,954.12,89
5/7/2013 22:01:28,5/7/2013,22:01:28,0.00,12.94,64.40,954.12,99
5/7/2013 22:01:43,5/7/2013,22:01:43,0.00,12.92,64.30,954.12,87
5/7/2013 22:01:58,5/7/2013,22:01:58,0.00,12.92,64.19,954.12,89
5/7/2013 22:02:13,5/7/2013,22:02:13,0.00,12.92,64.09,954.13,89
5/7/2013 22:02:28,5/7/2013,22:02:28,0.00,12.92,64.19,954.15,92
5/7/2013 22:02:43,5/7/2013,22:02:43,0.00,12.92,64.59,954.16,92
5/7/2013 22:02:58,5/7/2013,22:02:58,0.00,12.92,63.40,954.18,71
5/7/2013 22:03:13,5/7/2013,22:03:13,0.00,12.92,64.69,954.17,87
5/7/2013 22:03:28,5/7/2013,22:03:28,0.00,12.92,63.79,954.16,81
5/7/2013 22:03:43,5/7/2013,22:03:43,0.00,12.92,64.30,954.15,99
5/7/2013 22:03:58,5/7/2013,22:03:58,0.00,12.92,63.50,954.16,99
5/7/2013 22:04:13,5/7/2013,22:04:13,0.00,12.92,63.90,954.13,91
5/7/2013 22:04:28,5/7/2013,22:04:28,0.00,12.92,63.00,954.13,79
5/7/2013 22:04:43,5/7/2013,22:04:43,0.00,12.92,63.29,954.12,92
5/7/2013 22:04:58,5/7/2013,22:04:58,0.00,12.92,63.50,954.13,93
5/7/2013 22:05:13,5/7/2013,22:05:13,0.00,12.92,63.50,954.15,94
5/7/2013 22:05:28,5/7/2013,22:05:28,0.00,12.92,64.09,954.15,93
5/7/2013 22:05:43,5/7/2013,22:05:43,0.00,12.87,63.79,954.15,94
5/7/2013 22:05:58,5/7/2013,22:05:58,0.00,12.92,64.09,954.13,96
5/7/2013 22:06:13,5/7/2013,22:06:13,0.00,12.87,63.59,954.13,94
5/7/2013 22:06:28,5/7/2013,22:06:28,0.00,12.87,63.79,954.13,100
5/7/2013 22:06:43,5/7/2013,22:06:43,0.00,12.92,63.50,954.13,100
5/7/2013 22:06:58,5/7/2013,22:06:58,0.00,12.85,64.90,954.13,98
5/7/2013 22:07:13,5/7/2013,22:07:13,0.00,12.87,63.90,954.12,85
5/7/2013 22:07:28,5/7/2013,22:07:28,0.00,12.85,64.09,954.11,87
5/7/2013 22:07:43,5/7/2013,22:07:43,0.00,12.85,64.30,954.12,88
5/7/2013 22:07:58,5/7/2013,22:07:58,0.00,12.85,64.50,954.13,87
5/7/2013 22:08:13,5/7/2013,22:08:13,0.00,12.85,63.90,954.11,74
5/7/2013 22:08:28,5/7/2013,22:08:28,0.00,12.85,64.59,954.12,93
5/7/2013 22:08:43,5/7/2013,22:08:43,0.00,12.85,65.00,954.12,100
5/7/2013 22:08:58,5/7/2013,22:08:58,0.00,12.80,64.90,954.11,90
5/7/2013 22:09:13,5/7/2013,22:09:13,0.00,12.80,65.00,954.12,91
5/7/2013 22:09:28,5/7/2013,22:09:28,0.00,12.80,64.50,954.12,95
5/7/2013 22:09:43,5/7/2013,22:09:43,0.00,12.85,64.59,954.12,118
5/7/2013 22:09:58,5/7/2013,22:09:58,0.00,12.85,64.19,954.12,90
5/7/2013 22:10:13,5/7/2013,22:10:13,0.00,12.85,64.40,954.11,106
5/7/2013 22:10:28,5/7/2013,22:10:28,0.00,12.80,64.50,954.12,75
5/7/2013 22:10:43,5/7/2013,22:10:43,0.00,12.75,64.50,954.11,88
5/7/2013 22:10:58,5/7/2013,22:10:58,0.00,12.75,65.19,954.11,110
5/7/2013 22:11:13,5/7/2013,22:11:13,0.00,12.75,64.90,954.12,94
5/7/2013 22:11:28,5/7/2013,22:11:28,0.00,12.80,64.30,954.12,77
5/7/2013 22:11:43,5/7/2013,22:11:43,0.00,12.75,64.59,954.12,79
5/7/2013 22:11:58,5/7/2013,22:11:58,0.00,12.75,66.19,954.11,109
5/7/2013 22:12:13,5/7/2013,22:12:13,0.00,12.75,65.90,954.11,99
5/7/2013 22:12:28,5/7/2013,22:12:28,0.00,12.75,64.59,954.11,96
5/7/2013 22:12:43,5/7/2013,22:12:43,0.00,12.75,65.00,954.11,98
5/7/2013 22:12:58,5/7/2013,22:12:58,0.00,12.75,64.80,954.11,110
5/7/2013 22:13:13,5/7/2013,22:13:13,0.00,12.75,64.80,954.11,99
5/7/2013 22:13:28,5/7/2013,22:13:28,0.00,12.75,65.30,954.12,92
5/7/2013 22:13:43,5/7/2013,22:13:43,0.00,12.75,65.19,954.12,110
5/7/2013 22:13:58,5/7/2013,22:13:58,0.00,12.75,64.90,954.12,87
5/7/2013 22:14:13,5/7/2013,22:14:13,0.00,12.75,64.59,954.11,99
5/7/2013 22:14:28,5/7/2013,22:14:28,0.00,12.72,65.19,954.12,96
5/7/2013 22:14:43,5/7/2013,22:14:43,0.00,12.75,65.00,954.12,103
5/7/2013 22:14:58,5/7/2013,22:14:58,0.00,12.80,64.40,954.11,94
5/7/2013 22:15:13,5/7/2013,22:15:13,0.00,12.85,64.00,954.10,79
5/7/2013 22:15:28,5/7/2013,22:15:28,0.00,12.80,64.30,954.09,99
5/7/2013 22:15:43,5/7/2013,22:15:43,0.00,12.75,64.59,954.09,100
5/7/2013 22:15:58,5/7/2013,22:15:58,0.00,12.80,64.30,954.09,84
5/7/2013 22:16:13,5/7/2013,22:16:13,0.00,12.75,64.50,954.09,126
5/7/2013 22:16:28,5/7/2013,22:16:28,0.00,12.85,64.40,954.09,104
5/7/2013 22:16:43,5/7/2013,22:16:43,0.00,12.80,64.00,954.07,100
5/7/2013 22:16:58,5/7/2013,22:16:58,0.00,12.80,64.40,954.04,88
5/7/2013 22:17:13,5/7/2013,22:17:13,0.00,12.75,64.80,954.04,89
5/7/2013 22:17:28,5/7/2013,22:17:28,0.00,12.75,65.19,954.04,103
5/7/2013 22:17:43,5/7/2013,22:17:43,0.00,12.75,65.19,954.04,89
5/7/2013 22:17:58,5/7/2013,22:17:58,0.00,12.75,65.00,954.03,101
5/7/2013 22:18:13,5/7/2013,22:18:13,0.00,12.75,65.09,954.04,93
5/7/2013 22:18:28,5/7/2013,22:18:28,0.00,12.75,64.80,954.03,139
5/7/2013 22:18:43,5/7/2013,22:18:43,0.00,12.75,64.90,954.03,137
5/7/2013 22:18:58,5/7/2013,22:18:58,0.00,12.75,65.50,954.03,107
5/7/2013 22:19:13,5/7/2013,22:19:13,0.00,12.75,65.09,954.03,137
5/7/2013 22:19:28,5/7/2013,22:19:28,0.00,12.72,64.69,954.02,73
5/7/2013 22:19:43,5/7/2013,22:19:43,0.00,12.72,65.69,954.02,44
5/7/2013 22:19:58,5/7/2013,22:19:58,0.00,12.67,65.80,954.02,133
5/7/2013 22:20:13,5/7/2013,22:20:13,0.00,12.72,66.80,954.03,118
5/7/2013 22:20:28,5/7/2013,22:20:28,0.00,12.67,66.50,954.02,92
5/7/2013 22:20:43,5/7/2013,22:20:43,0.00,12.67,65.69,954.00,91
5/7/2013 22:20:58,5/7/2013,22:20:58,0.00,12.67,65.50,953.98,119
5/7/2013 22:21:13,5/7/2013,22:21:13,0.00,12.67,65.90,953.98,119
5/7/2013 22:21:28,5/7/2013,22:21:28,0.00,12.67,65.59,953.98,95
5/7/2013 22:21:43,5/7/2013,22:21:43,0.00,12.67,65.80,953.98,126
5/7/2013 22:21:58,5/7/2013,22:21:58,0.00,12.67,66.40,954.00,99
5/7/2013 22:22:13,5/7/2013,22:22:13,0.00,12.67,66.19,954.00,100
5/7/2013 22:22:28,5/7/2013,22:22:28,0.00,12.64,66.30,953.97,79
5/7/2013 22:22:43,5/7/2013,22:22:43,0.00,12.64,66.19,953.97,118
5/7/2013 22:22:58,5/7/2013,22:22:58,0.00,12.60,66.69,953.97,103
5/7/2013 22:23:13,5/7/2013,22:23:13,0.00,12.60,66.69,953.97,103
5/7/2013 22:23:28,5/7/2013,22:23:28,0.00,12.60,66.00,953.95,48
5/7/2013 22:23:43,5/7/2013,22:23:43,0.00,12.60,67.59,953.94,131
5/7/2013 22:23:58,5/7/2013,22:23:58,0.00,12.60,69.09,953.96,120
5/7/2013 22:24:13,5/7/2013,22:24:13,0.00,12.60,67.09,953.94,121
5/7/2013 22:24:28,5/7/2013,22:24:28,0.00,12.60,66.30,953.95,98
5/7/2013 22:24:43,5/7/2013,22:24:43,0.00,12.60,65.80,953.94,112
5/7/2013 22:24:58,5/7/2013,22:24:58,0.00,12.60,66.30,953.94,79
5/7/2013 22:25:13,5/7/2013,22:25:13,0.00,12.60,66.00,953.95,118
5/7/2013 22:25:28,5/7/2013,22:25:28,0.00,12.60,66.90,953.96,102
5/7/2013 22:25:43,5/7/2013,22:25:43,0.00,12.60,66.69,953.94,90
5/7/2013 22:25:58,5/7/2013,22:25:58,0.00,12.64,65.59,953.92,108
5/7/2013 22:26:13,5/7/2013,22:26:13,0.00,12.60,66.50,953.93,145
5/7/2013 22:26:28,5/7/2013,22:26:28,0.00,12.60,66.69,953.93,123
5/7/2013 22:26:43,5/7/2013,22:26:43,0.00,12.60,66.19,953.92,114
5/7/2013 22:26:58,5/7/2013,22:26:58,0.00,12.64,65.50,953.92,114
5/7/2013 22:27:13,5/7/2013,22:27:13,0.00,12.64,65.80,953.90,124
5/7/2013 22:27:28,5/7/2013,22:27:28,0.00,12.64,66.09,953.90,110
5/7/2013 22:27:43,5/7/2013,22:27:43,0.00,12.60,65.59,953.89,108
5/7/2013 22:27:58,5/7/2013,22:27:58,0.00,12.64,66.40,953.88,107
5/7/2013 22:28:13,5/7/2013,22:28:13,0.00,12.60,66.59,953.88,89
5/7/2013 22:28:28,5/7/2013,22:28:28,0.00,12.60,66.59,953.88,100
5/7/2013 22:28:43,5/7/2013,22:28:43,0.00,12.60,66.80,953.89,102
5/7/2013 22:28:58,5/7/2013,22:28:58,0.00,12.60,66.19,953.90,102
5/7/2013 22:29:13,5/7/2013,22:29:13,0.00,12.60,66.50,953.88,115
5/7/2013 22:29:28,5/7/2013,22:29:28,0.00,12.60,67.19,953.87,115
5/7/2013 22:29:43,5/7/2013,22:29:43,0.00,12.60,66.09,953.88,77
5/7/2013 22:29:58,5/7/2013,22:29:58,0.00,12.60,66.40,953.88,93
5/7/2013 22:30:13,5/7/2013,22:30:13,0.00,12.60,67.00,953.87,103
5/7/2013 22:30:28,5/7/2013,22:30:28,0.51,12.67,65.90,953.85,106
5/7/2013 22:30:43,5/7/2013,22:30:43,0.00,12.67,65.50,953.84,158
5/7/2013 22:30:58,5/7/2013,22:30:58,0.00,12.64,66.69,953.84,180
5/7/2013 22:31:13,5/7/2013,22:31:13,0.00,12.60,66.59,953.84,138
5/7/2013 22:31:28,5/7/2013,22:31:28,0.00,12.60,67.00,953.85,127
5/7/2013 22:31:43,5/7/2013,22:31:43,0.14,12.60,66.80,953.84,143
5/7/2013 22:31:58,5/7/2013,22:31:58,0.00,12.60,66.59,953.84,131
5/7/2013 22:32:13,5/7/2013,22:32:13,0.00,12.60,66.59,953.82,107
5/7/2013 22:32:28,5/7/2013,22:32:28,0.00,12.60,66.40,953.81,101
5/7/2013 22:32:43,5/7/2013,22:32:43,0.00,12.64,66.59,953.81,127
5/7/2013 22:32:58,5/7/2013,22:32:58,0.00,12.60,67.09,953.81,120
5/7/2013 22:33:13,5/7/2013,22:33:13,0.00,12.60,67.09,953.80,118
5/7/2013 22:33:28,5/7/2013,22:33:28,0.00,12.60,67.19,953.80,163
5/7/2013 22:33:43,5/7/2013,22:33:43,0.00,12.60,67.80,953.80,137
5/7/2013 22:33:58,5/7/2013,22:33:58,0.00,12.60,67.00,953.78,126
5/7/2013 22:34:13,5/7/2013,22:34:13,0.00,12.60,67.59,953.78,87
5/7/2013 22:34:28,5/7/2013,22:34:28,0.00,12.60,67.90,953.78,123
5/7/2013 22:34:43,5/7/2013,22:34:43,0.00,12.60,68.90,953.77,111
5/7/2013 22:34:58,5/7/2013,22:34:58,0.00,12.55,68.59,953.77,112
5/7/2013 22:35:13,5/7/2013,22:35:13,0.00,12.55,67.80,953.77,109
5/7/2013 22:35:28,5/7/2013,22:35:28,0.00,12.55,67.69,953.76,99
5/7/2013 22:35:43,5/7/2013,22:35:43,0.00,12.55,68.09,953.73,96
5/7/2013 22:35:58,5/7/2013,22:35:58,0.00,12.55,67.80,953.71,172
5/7/2013 22:36:13,5/7/2013,22:36:13,0.00,12.52,69.30,953.70,144
5/7/2013 22:36:28,5/7/2013,22:36:28,0.00,12.52,69.30,953.69,99
5/7/2013 22:36:43,5/7/2013,22:36:43,0.00,12.52,68.59,953.69,100
5/7/2013 22:36:58,5/7/2013,22:36:58,0.00,12.52,68.09,953.68,125
5/7/2013 22:37:13,5/7/2013,22:37:13,0.00,12.52,68.00,953.69,111
5/7/2013 22:37:28,5/7/2013,22:37:28,0.00,12.55,66.90,953.69,90
5/7/2013 22:37:43,5/7/2013,22:37:43,0.00,12.55,67.69,953.66,91
5/7/2013 22:37:58,5/7/2013,22:37:58,0.00,12.52,68.09,953.65,129
5/7/2013 22:38:13,5/7/2013,22:38:13,0.00,12.52,68.30,953.65,86
5/7/2013 22:38:28,5/7/2013,22:38:28,0.00,12.52,67.50,953.64,92
5/7/2013 22:38:43,5/7/2013,22:38:43,0.00,12.60,67.30,953.64,129
5/7/2013 22:38:58,5/7/2013,22:38:58,0.00,12.60,66.80,953.63,113
5/7/2013 22:39:13,5/7/2013,22:39:13,0.00,12.55,67.19,953.64,115
5/7/2013 22:39:28,5/7/2013,22:39:28,0.00,12.52,67.69,953.63,115
5/7/2013 22:39:43,5/7/2013,22:39:43,0.00,12.55,68.00,953.64,100
5/7/2013 22:39:58,5/7/2013,22:39:58,0.00,12.55,67.59,953.62,100
5/7/2013 22:40:13,5/7/2013,22:40:13,0.00,12.55,66.80,953.63,39
5/7/2013 22:40:28,5/7/2013,22:40:28,0.00,12.55,67.19,953.62,93
5/7/2013 22:40:43,5/7/2013,22:40:43,0.00,12.55,66.80,953.63,146
5/7/2013 22:40:58,5/7/2013,22:40:58,0.00,12.55,68.59,953.64,130
5/7/2013 22:41:13,5/7/2013,22:41:13,0.00,12.55,68.19,953.64,138
5/7/2013 22:41:28,5/7/2013,22:41:28,0.00,12.55,68.09,953.63,66
5/7/2013 22:41:43,5/7/2013,22:41:43,0.00,12.52,68.00,953.61,81
5/7/2013 22:41:58,5/7/2013,22:41:58,0.00,12.52,68.30,953.60,98
5/7/2013 22:42:13,5/7/2013,22:42:13,0.00,12.55,68.19,953.58,103
5/7/2013 22:42:28,5/7/2013,22:42:28,0.00,12.60,67.40,953.58,86
5/7/2013 22:42:43,5/7/2013,22:42:43,0.00,12.60,66.80,953.58,80
5/7/2013 22:42:58,5/7/2013,22:42:58,0.00,12.60,66.90,953.58,109
5/7/2013 22:43:13,5/7/2013,22:43:13,0.00,12.60,67.19,953.60,115
5/7/2013 22:43:28,5/7/2013,22:43:28,0.00,12.60,67.59,953.58,132
5/7/2013 22:43:43,5/7/2013,22:43:43,0.00,12.55,68.09,953.57,106
5/7/2013 22:43:58,5/7/2013,22:43:58,0.00,12.60,67.59,953.57,100
5/7/2013 22:44:13,5/7/2013,22:44:13,0.00,12.60,67.69,953.57,99
5/7/2013 22:44:28,5/7/2013,22:44:28,0.00,12.55,68.00,953.56,101
5/7/2013 22:44:43,5/7/2013,22:44:43,0.00,12.55,67.69,953.56,130
5/7/2013 22:44:58,5/7/2013,22:44:58,0.00,12.60,67.40,953.55,100
5/7/2013 22:45:13,5/7/2013,22:45:13,0.00,12.60,66.90,953.55,140
5/7/2013 22:45:28,5/7/2013,22:45:28,0.00,12.60,67.90,953.55,150
5/7/2013 22:45:43,5/7/2013,22:45:43,0.00,12.55,67.90,953.53,117
5/7/2013 22:45:58,5/7/2013,22:45:58,0.00,12.55,68.40,953.53,113
5/7/2013 22:46:13,5/7/2013,22:46:13,0.00,12.60,67.50,953.53,103
5/7/2013 22:46:28,5/7/2013,22:46:28,0.00,12.60,67.40,953.52,98
5/7/2013 22:46:43,5/7/2013,22:46:43,0.00,12.55,68.80,953.52,110
5/7/2013 22:46:58,5/7/2013,22:46:58,0.00,12.60,68.40,953.50,100
5/7/2013 22:47:13,5/7/2013,22:47:13,0.00,12.55,67.69,953.49,104
5/7/2013 22:47:28,5/7/2013,22:47:28,0.00,12.60,67.69,953.50,120
5/7/2013 22:47:43,5/7/2013,22:47:43,0.00,12.60,68.09,953.48,81
5/7/2013 22:47:58,5/7/2013,22:47:58,0.00,12.60,67.09,953.46,107
5/7/2013 22:48:13,5/7/2013,22:48:13,0.00,12.55,67.19,953.46,87
5/7/2013 22:48:28,5/7/2013,22:48:28,0.00,12.60,67.59,953.45,86
5/7/2013 22:48:43,5/7/2013,22:48:43,0.00,12.60,66.40,953.45,138
5/7/2013 22:48:58,5/7/2013,22:48:58,0.00,12.60,67.19,953.46,103
5/7/2013 22:49:13,5/7/2013,22:49:13,0.00,12.60,67.00,953.46,94
5/7/2013 22:49:28,5/7/2013,22:49:28,0.00,12.60,66.59,953.46,93
5/7/2013 22:49:43,5/7/2013,22:49:43,0.00,12.60,66.30,953.44,104
5/7/2013 22:49:58,5/7/2013,22:49:58,0.00,12.60,68.00,953.42,111
5/7/2013 22:50:13,5/7/2013,22:50:13,0.00,12.60,67.59,953.42,112
5/7/2013 22:50:28,5/7/2013,22:50:28,0.00,12.60,67.69,953.41,143
5/7/2013 22:50:43,5/7/2013,22:50:43,0.00,12.60,68.40,953.41,141
5/7/2013 22:50:58,5/7/2013,22:50:58,0.00,12.60,68.09,953.42,117
5/7/2013 22:51:13,5/7/2013,22:51:13,0.00,12.55,67.00,953.42,123
5/7/2013 22:51:28,5/7/2013,22:51:28,0.00,12.55,66.90,953.40,62
5/7/2013 22:51:43,5/7/2013,22:51:43,0.00,12.60,67.09,953.40,98
5/7/2013 22:51:58,5/7/2013,22:51:58,0.00,12.60,67.40,953.38,106
5/7/2013 22:52:13,5/7/2013,22:52:13,0.00,12.60,66.80,953.39,90
5/7/2013 22:52:28,5/7/2013,22:52:28,0.00,12.60,66.90,953.39,95
5/7/2013 22:52:43,5/7/2013,22:52:43,0.00,12.60,66.59,953.39,122
5/7/2013 22:52:58,5/7/2013,22:52:58,0.00,12.60,67.40,953.38,116
5/7/2013 22:53:13,5/7/2013,22:53:13,0.00,12.60,67.30,953.38,117
5/7/2013 22:53:28,5/7/2013,22:53:28,0.00,12.64,66.30,953.39,87
5/7/2013 22:53:43,5/7/2013,22:53:43,0.00,12.60,67.00,953.37,89
5/7/2013 22:53:58,5/7/2013,22:53:58,0.00,12.60,67.40,953.37,99
5/7/2013 22:54:13,5/7/2013,22:54:13,0.00,12.60,66.90,953.37,94
5/7/2013 22:54:28,5/7/2013,22:54:28,0.00,12.64,66.30,953.36,144
5/7/2013 22:54:43,5/7/2013,22:54:43,0.00,12.64,67.09,953.32,121
5/7/2013 22:54:58,5/7/2013,22:54:58,0.00,12.60,67.50,953.33,131
5/7/2013 22:55:13,5/7/2013,22:55:13,0.00,12.60,67.30,953.32,103
5/7/2013 22:55:28,5/7/2013,22:55:28,0.00,12.60,67.69,953.32,133
5/7/2013 22:55:43,5/7/2013,22:55:43,0.00,12.60,67.50,953.31,116
5/7/2013 22:55:58,5/7/2013,22:55:58,0.00,12.64,66.50,953.31,77
5/7/2013 22:56:13,5/7/2013,22:56:13,0.00,12.60,66.90,953.32,120
5/7/2013 22:56:28,5/7/2013,22:56:28,0.00,12.60,66.90,953.30,118
5/7/2013 22:56:43,5/7/2013,22:56:43,0.00,12.60,67.09,953.30,130
5/7/2013 22:56:58,5/7/2013,22:56:58,0.00,12.60,67.30,953.28,41
5/7/2013 22:57:13,5/7/2013,22:57:13,0.00,12.60,67.59,953.28,122
5/7/2013 22:57:28,5/7/2013,22:57:28,0.00,12.64,66.69,953.29,114
5/7/2013 22:57:43,5/7/2013,22:57:43,0.00,12.60,67.40,953.30,121
5/7/2013 22:57:58,5/7/2013,22:57:58,0.00,12.60,67.69,953.28,109
5/7/2013 22:58:13,5/7/2013,22:58:13,0.00,12.60,68.00,953.26,117
5/7/2013 22:58:28,5/7/2013,22:58:28,0.00,12.60,68.19,953.25,77
5/7/2013 22:58:43,5/7/2013,22:58:43,0.00,12.60,67.30,953.24,95
5/7/2013 22:58:58,5/7/2013,22:58:58,0.00,12.60,68.00,953.25,105
5/7/2013 22:59:13,5/7/2013,22:59:13,0.00,12.60,67.40,953.23,95
5/7/2013 22:59:28,5/7/2013,22:59:28,0.00,12.60,67.59,953.23,96
5/7/2013 22:59:43,5/7/2013,22:59:43,0.00,12.60,67.40,953.23,98
5/7/2013 22:59:58,5/7/2013,22:59:58,0.00,12.60,67.50,953.23,94
5/7/2013 23:00:13,5/7/2013,23:00:13,0.00,12.55,67.59,953.22,96
5/7/2013 23:00:28,5/7/2013,23:00:28,0.00,12.60,68.00,953.22,98
5/7/2013 23:00:43,5/7/2013,23:00:43,0.00,12.60,67.50,953.22,137
5/7/2013 23:00:58,5/7/2013,23:00:58,0.00,12.60,67.90,953.22,91
5/7/2013 23:01:13,5/7/2013,23:01:13,0.00,12.60,67.50,953.18,67
5/7/2013 23:01:28,5/7/2013,23:01:28,0.00,12.55,67.80,953.18,110
5/7/2013 23:01:43,5/7/2013,23:01:43,0.00,12.55,68.19,953.18,94
5/7/2013 23:01:58,5/7/2013,23:01:58,0.00,12.55,67.69,953.18,94
5/7/2013 23:02:13,5/7/2013,23:02:13,0.00,12.55,67.90,953.18,114
5/7/2013 23:02:28,5/7/2013,23:02:28,0.00,12.60,67.69,953.20,111
5/7/2013 23:02:43,5/7/2013,23:02:43,0.00,12.55,68.09,953.20,110
5/7/2013 23:02:58,5/7/2013,23:02:58,0.00,12.55,68.19,953.18,110
5/7/2013 23:03:13,5/7/2013,23:03:13,0.00,12.52,68.69,953.18,111
5/7/2013 23:03:28,5/7/2013,23:03:28,0.00,12.55,68.40,953.16,144
5/7/2013 23:03:43,5/7/2013,23:03:43,0.00,12.52,68.19,953.12,152
5/7/2013 23:03:58,5/7/2013,23:03:58,0.00,12.52,67.90,953.13,131
5/7/2013 23:04:13,5/7/2013,23:04:13,0.00,12.52,68.09,953.10,91
5/7/2013 23:04:28,5/7/2013,23:04:28,0.00,12.52,68.00,953.12,91
5/7/2013 23:04:43,5/7/2013,23:04:43,0.00,12.55,68.30,953.10,91
5/7/2013 23:04:58,5/7/2013,23:04:58,0.00,12.52,68.40,953.10,108
5/7/2013 23:05:13,5/7/2013,23:05:13,0.00,12.52,68.59,953.10,130
5/7/2013 23:05:28,5/7/2013,23:05:28,0.00,12.52,68.50,953.12,100
5/7/2013 23:05:43,5/7/2013,23:05:43,0.00,12.60,67.19,953.10,107
5/7/2013 23:05:58,5/7/2013,23:05:58,0.00,12.60,67.09,953.09,115
5/7/2013 23:06:13,5/7/2013,23:06:13,0.00,12.60,67.69,953.10,126
5/7/2013 23:06:28,5/7/2013,23:06:28,0.00,12.60,68.09,953.14,113
5/7/2013 23:06:43,5/7/2013,23:06:43,0.00,12.60,67.50,953.14,49
5/7/2013 23:06:58,5/7/2013,23:06:58,0.00,12.60,68.09,953.14,144
5/7/2013 23:07:13,5/7/2013,23:07:13,0.00,12.55,68.19,953.15,101
5/7/2013 23:07:28,5/7/2013,23:07:28,0.00,12.60,68.09,953.15,107
5/7/2013 23:07:43,5/7/2013,23:07:43,0.00,12.60,67.90,953.15,113
5/7/2013 23:07:58,5/7/2013,23:07:58,0.00,12.60,68.50,953.15,101
5/7/2013 23:08:13,5/7/2013,23:08:13,0.00,12.60,68.50,953.13,116
5/7/2013 23:08:28,5/7/2013,23:08:28,0.00,12.60,68.69,953.13,93
5/7/2013 23:08:43,5/7/2013,23:08:43,0.00,12.60,67.80,953.13,91
5/7/2013 23:08:58,5/7/2013,23:08:58,0.00,12.60,67.80,953.13,104
5/7/2013 23:09:13,5/7/2013,23:09:13,0.00,12.60,68.30,953.13,101
5/7/2013 23:09:28,5/7/2013,23:09:28,0.00,12.55,68.19,953.12,101
5/7/2013 23:09:43,5/7/2013,23:09:43,0.00,12.60,68.40,953.10,101
5/7/2013 23:09:58,5/7/2013,23:09:58,0.00,12.60,68.19,953.09,123
5/7/2013 23:10:13,5/7/2013,23:10:13,0.00,12.60,68.30,953.08,132
5/7/2013 23:10:28,5/7/2013,23:10:28,0.00,12.60,68.50,953.06,138
5/7/2013 23:10:43,5/7/2013,23:10:43,0.00,12.60,68.59,953.06,59
5/7/2013 23:10:58,5/7/2013,23:10:58,0.00,12.60,68.69,953.06,121
5/7/2013 23:11:13,5/7/2013,23:11:13,0.00,12.60,68.69,953.06,85
5/7/2013 23:11:28,5/7/2013,23:11:28,0.00,12.60,67.90,953.05,105
5/7/2013 23:11:43,5/7/2013,23:11:43,0.00,12.60,68.59,953.06,130
5/7/2013 23:11:58,5/7/2013,23:11:58,0.00,12.60,68.50,953.04,117
5/7/2013 23:12:13,5/7/2013,23:12:13,0.00,12.60,68.50,953.05,70
5/7/2013 23:12:28,5/7/2013,23:12:28,0.00,12.60,67.69,953.04,102
5/7/2013 23:12:43,5/7/2013,23:12:43,0.00,12.60,68.50,953.04,112
5/7/2013 23:12:58,5/7/2013,23:12:58,0.00,12.60,68.90,953.04,109
5/7/2013 23:13:13,5/7/2013,23:13:13,0.00,12.60,68.80,953.02,109
5/7/2013 23:13:28,5/7/2013,23:13:28,0.00,12.55,69.30,953.02,115
5/7/2013 23:13:43,5/7/2013,23:13:43,0.00,12.60,68.69,953.02,120
5/7/2013 23:13:58,5/7/2013,23:13:58,0.00,12.60,67.90,953.01,115
5/7/2013 23:14:13,5/7/2013,23:14:13,0.00,12.60,67.90,953.00,137
5/7/2013 23:14:28,5/7/2013,23:14:28,0.00,12.60,68.30,953.00,109
5/7/2013 23:14:43,5/7/2013,23:14:43,0.00,12.60,68.30,953.00,109
5/7/2013 23:14:58,5/7/2013,23:14:58,0.00,12.60,68.59,953.00,90
5/7/2013 23:15:13,5/7/2013,23:15:13,0.00,12.60,68.69,953.00,117
5/7/2013 23:15:28,5/7/2013,23:15:28,0.00,12.60,68.50,953.00,176
5/7/2013 23:15:43,5/7/2013,23:15:43,0.00,12.60,69.59,953.01,113
5/7/2013 23:15:58,5/7/2013,23:15:58,0.00,12.55,69.30,953.00,152
5/7/2013 23:16:13,5/7/2013,23:16:13,0.00,12.55,69.19,953.00,158
5/7/2013 23:16:28,5/7/2013,23:16:28,0.00,12.55,69.30,953.00,129
5/7/2013 23:16:43,5/7/2013,23:16:43,0.00,12.60,69.00,953.01,90
5/7/2013 23:16:58,5/7/2013,23:16:58,0.57,12.64,68.50,952.98,135
5/7/2013 23:17:13,5/7/2013,23:17:13,0.25,12.64,68.40,952.99,99
5/7/2013 23:17:28,5/7/2013,23:17:28,0.00,12.60,68.00,952.99,118
5/7/2013 23:17:43,5/7/2013,23:17:43,0.00,12.60,68.09,952.99,120
5/7/2013 23:17:58,5/7/2013,23:17:58,0.00,12.60,69.00,952.99,134
5/7/2013 23:18:13,5/7/2013,23:18:13,0.00,12.60,69.50,952.99,130
5/7/2013 23:18:28,5/7/2013,23:18:28,0.00,12.60,69.30,952.99,99
5/7/2013 23:18:43,5/7/2013,23:18:43,0.00,12.60,68.90,953.00,127
5/7/2013 23:18:58,5/7/2013,23:18:58,0.00,12.60,68.80,952.98,173
5/7/2013 23:19:13,5/7/2013,23:19:13,0.00,12.60,68.90,952.98,104
5/7/2013 23:19:28,5/7/2013,23:19:28,0.00,12.60,69.00,952.98,104
5/7/2013 23:19:43,5/7/2013,23:19:43,0.00,12.60,68.90,952.96,172
5/7/2013 23:19:58,5/7/2013,23:19:58,0.00,12.60,70.69,952.98,138
5/7/2013 23:20:13,5/7/2013,23:20:13,0.14,12.60,69.69,952.98,172
5/7/2013 23:20:28,5/7/2013,23:20:28,1.19,12.67,68.40,952.97,165
5/7/2013 23:20:43,5/7/2013,23:20:43,1.32,12.67,68.00,952.94,168
5/7/2013 23:20:58,5/7/2013,23:20:58,0.86,12.67,68.30,952.96,139
5/7/2013 23:21:13,5/7/2013,23:21:13,0.42,12.67,68.50,952.98,151
5/7/2013 23:21:28,5/7/2013,23:21:28,0.00,12.67,68.69,952.97,126
5/7/2013 23:21:43,5/7/2013,23:21:43,0.00,12.64,69.30,952.97,132
5/7/2013 23:21:58,5/7/2013,23:21:58,0.00,12.64,69.09,952.97,145
5/7/2013 23:22:13,5/7/2013,23:22:13,0.00,12.64,69.19,952.97,130
5/7/2013 23:22:28,5/7/2013,23:22:28,0.00,12.67,68.69,952.97,125
5/7/2013 23:22:43,5/7/2013,23:22:43,0.00,12.67,68.40,952.97,80
5/7/2013 23:22:58,5/7/2013,23:22:58,0.00,12.67,67.90,952.98,142
5/7/2013 23:23:13,5/7/2013,23:23:13,0.00,12.67,68.09,952.96,132
5/7/2013 23:23:28,5/7/2013,23:23:28,0.00,12.67,68.40,952.98,125
5/7/2013 23:23:43,5/7/2013,23:23:43,0.00,12.67,68.69,952.96,98
5/7/2013 23:23:58,5/7/2013,23:23:58,0.00,12.67,69.00,952.97,128
5/7/2013 23:24:13,5/7/2013,23:24:13,0.00,12.67,68.50,952.94,144
5/7/2013 23:24:28,5/7/2013,23:24:28,0.00,12.67,68.69,952.96,115
5/7/2013 23:24:43,5/7/2013,23:24:43,0.00,12.67,68.59,952.94,121
5/7/2013 23:24:58,5/7/2013,23:24:58,0.00,12.67,68.69,952.96,174
5/7/2013 23:25:13,5/7/2013,23:25:13,0.00,12.67,68.80,952.94,157
5/7/2013 23:25:28,5/7/2013,23:25:28,0.00,12.67,68.40,952.93,124
5/7/2013 23:25:43,5/7/2013,23:25:43,0.00,12.67,68.50,952.93,128
5/7/2013 23:25:58,5/7/2013,23:25:58,0.00,12.67,68.19,952.92,80
5/7/2013 23:26:13,5/7/2013,23:26:13,0.00,12.67,68.19,952.91,80
5/7/2013 23:26:28,5/7/2013,23:26:28,0.00,12.67,69.09,952.90,113
5/7/2013 23:26:43,5/7/2013,23:26:43,0.00,12.67,68.90,952.89,145
5/7/2013 23:26:58,5/7/2013,23:26:58,0.00,12.67,68.90,952.89,117
5/7/2013 23:27:13,5/7/2013,23:27:13,0.00,12.67,68.40,952.88,128
5/7/2013 23:27:28,5/7/2013,23:27:28,0.00,12.67,68.19,952.88,91
5/7/2013 23:27:43,5/7/2013,23:27:43,0.00,12.67,68.59,952.89,139
5/7/2013 23:27:58,5/7/2013,23:27:58,0.00,12.67,68.59,952.88,132
5/7/2013 23:28:13,5/7/2013,23:28:13,0.00,12.67,68.90,952.88,68
5/7/2013 23:28:28,5/7/2013,23:28:28,0.00,12.67,68.80,952.86,132
5/7/2013 23:28:43,5/7/2013,23:28:43,0.00,12.67,68.69,952.86,113
5/7/2013 23:28:58,5/7/2013,23:28:58,0.00,12.72,68.30,952.89,147
5/7/2013 23:29:13,5/7/2013,23:29:13,0.00,12.72,67.69,952.86,130
5/7/2013 23:29:28,5/7/2013,23:29:28,0.00,12.72,68.00,952.85,83
5/7/2013 23:29:43,5/7/2013,23:29:43,0.00,12.72,68.59,952.85,114
5/7/2013 23:29:58,5/7/2013,23:29:58,0.00,12.75,68.40,952.84,119
5/7/2013 23:30:13,5/7/2013,23:30:13,0.00,12.75,67.19,952.83,83
5/7/2013 23:30:28,5/7/2013,23:30:28,0.00,12.75,67.40,952.82,111
5/7/2013 23:30:43,5/7/2013,23:30:43,0.00,12.85,67.50,952.82,119
5/7/2013 23:30:58,5/7/2013,23:30:58,0.00,12.80,67.50,952.80,145
5/7/2013 23:31:13,5/7/2013,23:31:13,0.00,12.80,67.90,952.81,171
5/7/2013 23:31:28,5/7/2013,23:31:28,0.00,12.80,68.09,952.80,149
5/7/2013 23:31:43,5/7/2013,23:31:43,0.00,12.85,67.50,952.81,180
5/7/2013 23:31:58,5/7/2013,23:31:58,0.00,12.85,67.59,952.80,154
5/7/2013 23:32:13,5/7/2013,23:32:13,0.00,12.80,68.19,952.80,142
5/7/2013 23:32:28,5/7/2013,23:32:28,0.00,12.80,68.50,952.81,119
5/7/2013 23:32:43,5/7/2013,23:32:43,0.00,12.80,68.80,952.78,143
5/7/2013 23:32:58,5/7/2013,23:32:58,0.00,12.80,68.69,952.78,132
5/7/2013 23:33:13,5/7/2013,23:33:13,0.00,12.80,69.19,952.80,118
5/7/2013 23:33:28,5/7/2013,23:33:28,0.06,12.80,68.59,952.78,158
5/7/2013 23:33:43,5/7/2013,23:33:43,0.32,12.80,68.00,952.77,146
5/7/2013 23:33:58,5/7/2013,23:33:58,0.00,12.80,68.50,952.78,103
5/7/2013 23:34:13,5/7/2013,23:34:13,0.00,12.80,68.00,952.78,145
5/7/2013 23:34:28,5/7/2013,23:34:28,0.00,12.80,68.09,952.77,158
5/7/2013 23:34:43,5/7/2013,23:34:43,0.00,12.85,68.09,952.76,146
5/7/2013 23:34:58,5/7/2013,23:34:58,0.00,12.80,67.80,952.75,118
5/7/2013 23:35:13,5/7/2013,23:35:13,0.00,12.85,68.30,952.75,121
5/7/2013 23:35:28,5/7/2013,23:35:28,0.00,12.80,69.00,952.76,144
5/7/2013 23:35:43,5/7/2013,23:35:43,0.31,12.80,68.30,952.76,
5/7/2013 23:35:58,5/7/2013,23:35:58,0.00,12.85,67.59,952.76,120
5/7/2013 23:36:13,5/7/2013,23:36:13,0.00,12.85,67.90,952.75,120
5/7/2013 23:36:28,5/7/2013,23:36:28,0.00,12.85,67.69,952.75,128
5/7/2013 23:36:43,5/7/2013,23:36:43,0.00,12.85,67.59,952.77,123
5/7/2013 23:36:58,5/7/2013,23:36:58,0.00,12.87,67.80,952.78,93
5/7/2013 23:37:13,5/7/2013,23:37:13,0.00,12.87,67.00,952.76,103
5/7/2013 23:37:28,5/7/2013,23:37:28,0.00,12.85,67.90,952.75,162
5/7/2013 23:37:43,5/7/2013,23:37:43,0.00,12.85,68.40,952.74,110
5/7/2013 23:37:58,5/7/2013,23:37:58,0.00,12.87,68.00,952.74,154
5/7/2013 23:38:13,5/7/2013,23:38:13,0.08,12.87,67.69,952.75,168
5/7/2013 23:38:28,5/7/2013,23:38:28,0.89,12.92,67.80,952.73,124
5/7/2013 23:38:43,5/7/2013,23:38:43,0.19,12.92,67.19,952.74,155
5/7/2013 23:38:58,5/7/2013,23:38:58,0.75,12.92,67.59,952.72,114
5/7/2013 23:39:13,5/7/2013,23:39:13,0.54,12.92,67.09,952.70,165
5/7/2013 23:39:28,5/7/2013,23:39:28,0.00,12.92,67.50,952.72,111
5/7/2013 23:39:43,5/7/2013,23:39:43,0.00,12.92,66.80,952.69,168
5/7/2013 23:39:58,5/7/2013,23:39:58,0.74,12.92,67.90,952.65,164
5/7/2013 23:40:13,5/7/2013,23:40:13,0.63,12.94,67.50,952.62,112
5/7/2013 23:40:28,5/7/2013,23:40:28,0.06,12.92,67.90,952.62,136
5/7/2013 23:40:43,5/7/2013,23:40:43,0.00,12.92,67.90,952.64,148
5/7/2013 23:40:58,5/7/2013,23:40:58,0.00,12.92,68.00,952.64,106
5/7/2013 23:41:13,5/7/2013,23:41:13,0.00,12.92,67.90,952.60,148
5/7/2013 23:41:28,5/7/2013,23:41:28,0.00,12.92,67.80,952.59,141
5/7/2013 23:41:43,5/7/2013,23:41:43,0.00,12.92,67.50,952.58,117
5/7/2013 23:41:58,5/7/2013,23:41:58,0.00,12.92,68.00,952.58,120
5/7/2013 23:42:13,5/7/2013,23:42:13,0.00,12.92,67.90,952.56,117
5/7/2013 23:42:28,5/7/2013,23:42:28,0.00,12.92,67.80,952.54,134
5/7/2013 23:42:43,5/7/2013,23:42:43,0.00,12.92,68.19,952.54,120
5/7/2013 23:42:58,5/7/2013,23:42:58,0.00,13.00,67.19,952.53,99
5/7/2013 23:43:13,5/7/2013,23:43:13,0.00,13.00,67.09,952.52,92
5/7/2013 23:43:28,5/7/2013,23:43:28,0.00,13.00,66.50,952.51,152
5/7/2013 23:43:43,5/7/2013,23:43:43,0.00,13.00,66.90,952.50,174
5/7/2013 23:43:58,5/7/2013,23:43:58,0.00,12.94,67.40,952.49,168
5/7/2013 23:44:13,5/7/2013,23:44:13,0.00,13.00,66.80,952.50,136
5/7/2013 23:44:28,5/7/2013,23:44:28,0.00,13.00,66.80,952.50,162
5/7/2013 23:44:43,5/7/2013,23:44:43,0.00,13.00,67.69,952.48,138
5/7/2013 23:44:58,5/7/2013,23:44:58,0.00,13.00,67.50,952.48,128
5/7/2013 23:45:13,5/7/2013,23:45:13,0.00,12.94,67.50,952.48,149
5/7/2013 23:45:28,5/7/2013,23:45:28,0.00,13.00,67.69,952.49,171
5/7/2013 23:45:43,5/7/2013,23:45:43,0.00,13.00,67.69,952.50,130
5/7/2013 23:45:58,5/7/2013,23:45:58,0.00,12.94,68.19,952.49,89
5/7/2013 23:46:13,5/7/2013,23:46:13,0.00,13.00,68.09,952.50,143
5/7/2013 23:46:28,5/7/2013,23:46:28,0.00,12.94,67.40,952.50,123
5/7/2013 23:46:43,5/7/2013,23:46:43,0.00,12.94,67.69,952.50,107
5/7/2013 23:46:58,5/7/2013,23:46:58,0.00,12.94,68.09,952.51,118
5/7/2013 23:47:13,5/7/2013,23:47:13,0.00,13.00,68.30,952.53,159
5/7/2013 23:47:28,5/7/2013,23:47:28,0.00,13.00,67.50,952.51,142
5/7/2013 23:47:43,5/7/2013,23:47:43,0.00,13.00,67.50,952.52,161
5/7/2013 23:47:58,5/7/2013,23:47:58,1.29,13.07,66.90,952.49,122
5/7/2013 23:48:13,5/7/2013,23:48:13,0.39,13.02,66.59,952.53,175
5/7/2013 23:48:28,5/7/2013,23:48:28,1.81,13.07,66.80,952.53,151
5/7/2013 23:48:43,5/7/2013,23:48:43,0.97,13.02,67.09,952.51,142
5/7/2013 23:48:58,5/7/2013,23:48:58,0.08,13.02,67.30,952.53,102
5/7/2013 23:49:13,5/7/2013,23:49:13,0.00,13.00,67.50,952.54,127
5/7/2013 23:49:28,5/7/2013,23:49:28,0.00,13.00,68.00,952.54,147
5/7/2013 23:49:43,5/7/2013,23:49:43,0.00,13.00,68.30,952.56,170
5/7/2013 23:49:58,5/7/2013,23:49:58,0.00,13.00,67.80,952.56,153
5/7/2013 23:50:13,5/7/2013,23:50:13,0.00,13.00,67.50,952.56,122
5/7/2013 23:50:28,5/7/2013,23:50:28,0.00,13.00,66.90,952.56,175
5/7/2013 23:50:43,5/7/2013,23:50:43,0.00,13.02,66.80,952.54,169
5/7/2013 23:50:58,5/7/2013,23:50:58,0.00,13.02,67.30,952.52,137
5/7/2013 23:51:13,5/7/2013,23:51:13,0.00,13.02,67.69,952.52,99
5/7/2013 23:51:28,5/7/2013,23:51:28,0.00,13.07,66.69,952.51,98
5/7/2013 23:51:43,5/7/2013,23:51:43,0.00,13.07,66.80,952.52,112
5/7/2013 23:51:58,5/7/2013,23:51:58,0.00,13.07,66.40,952.53,116
5/7/2013 23:52:13,5/7/2013,23:52:13,0.00,13.07,67.00,952.53,145
5/7/2013 23:52:28,5/7/2013,23:52:28,0.79,13.14,66.30,952.49,145
5/7/2013 23:52:43,5/7/2013,23:52:43,0.53,13.07,66.69,952.51,148
5/7/2013 23:52:58,5/7/2013,23:52:58,0.00,13.07,67.00,952.51,180
5/7/2013 23:53:13,5/7/2013,23:53:13,0.00,13.07,67.40,952.52,119
5/7/2013 23:53:28,5/7/2013,23:53:28,0.00,13.07,66.90,952.53,126
5/7/2013 23:53:43,5/7/2013,23:53:43,0.00,13.12,66.59,952.52,159
5/7/2013 23:53:58,5/7/2013,23:53:58,0.83,13.12,66.80,952.50,129
5/7/2013 23:54:13,5/7/2013,23:54:13,0.00,13.12,67.00,952.51,143
5/7/2013 23:54:28,5/7/2013,23:54:28,0.00,13.07,66.80,952.52,139
5/7/2013 23:54:43,5/7/2013,23:54:43,0.00,13.12,67.09,952.53,109
5/7/2013 23:54:58,5/7/2013,23:54:58,0.00,13.12,66.90,952.53,145
5/7/2013 23:55:13,5/7/2013,23:55:13,0.00,13.12,66.80,952.53,158
5/7/2013 23:55:28,5/7/2013,23:55:28,0.00,13.12,67.19,952.53,132
5/7/2013 23:55:43,5/7/2013,23:55:43,0.00,13.07,67.19,952.53,155
5/7/2013 23:55:58,5/7/2013,23:55:58,0.51,13.12,66.90,952.52,154
5/7/2013 23:56:13,5/7/2013,23:56:13,0.00,13.12,67.00,952.49,120
5/7/2013 23:56:28,5/7/2013,23:56:28,0.00,13.12,67.40,952.50,80
5/7/2013 23:56:43,5/7/2013,23:56:43,0.00,13.12,67.00,952.51,126
5/7/2013 23:56:58,5/7/2013,23:56:58,0.00,13.14,66.30,952.50,152
5/7/2013 23:57:13,5/7/2013,23:57:13,0.00,13.12,66.00,952.48,144
5/7/2013 23:57:28,5/7/2013,23:57:28,0.00,13.14,66.00,952.48,126
5/7/2013 23:57:43,5/7/2013,23:57:43,0.00,13.12,66.59,952.48,119
5/7/2013 23:57:58,5/7/2013,23:57:58,0.00,13.12,67.00,952.46,158
5/7/2013 23:58:13,5/7/2013,23:58:13,0.00,13.12,67.59,952.48,145
5/7/2013 23:58:28,5/7/2013,23:58:28,0.38,13.14,66.80,952.48,105
5/7/2013 23:58:43,5/7/2013,23:58:43,0.00,13.12,66.80,952.48,143
5/7/2013 23:58:58,5/7/2013,23:58:58,0.18,13.12,67.19,952.48,167
5/7/2013 23:59:13,5/7/2013,23:59:13,0.28,13.12,66.90,952.46,180
5/7/2013 23:59:28,5/7/2013,23:59:28,0.19,13.14,67.30,952.48,104
5/7/2013 23:59:43,5/7/2013,23:59:43,0.00,13.12,67.40,952.48,146
5/7/2013 23:59:58,5/7/2013,23:59:58,0.35,13.12,66.80,952.46,161
5/8/2013 00:00:13,5/8/2013,00:00:13,0.09,13.12,66.80,952.46,109
5/8/2013 00:00:28,5/8/2013,00:00:28,0.00,13.14,66.19,952.46,108
5/8/2013 00:00:43,5/8/2013,00:00:43,0.00,13.14,66.40,952.46,163
5/8/2013 00:00:58,5/8/2013,00:00:58,0.00,13.12,66.59,952.46,171
5/8/2013 00:01:13,5/8/2013,00:01:13,0.00,13.14,67.69,952.46,164
5/8/2013 00:01:28,5/8/2013,00:01:28,0.00,13.12,67.30,952.45,142
5/8/2013 00:01:43,5/8/2013,00:01:43,0.00,13.07,67.69,952.46,144
5/8/2013 00:01:58,5/8/2013,00:01:58,0.00,13.12,67.09,952.45,156
5/8/2013 00:02:13,5/8/2013,00:02:13,0.00,13.12,67.00,952.46,152
5/8/2013 00:02:28,5/8/2013,00:02:28,0.00,13.12,67.19,952.44,133
5/8/2013 00:02:43,5/8/2013,00:02:43,0.17,13.12,66.90,952.42,167
5/8/2013 00:02:58,5/8/2013,00:02:58,0.71,13.07,67.40,952.41,132
5/8/2013 00:03:13,5/8/2013,00:03:13,0.17,13.07,67.69,952.42,126
5/8/2013 00:03:28,5/8/2013,00:03:28,0.00,13.07,67.30,952.42,101
5/8/2013 00:03:43,5/8/2013,00:03:43,0.00,13.07,66.90,952.43,69
5/8/2013 00:03:58,5/8/2013,00:03:58,0.00,13.07,66.69,952.42,73
5/8/2013 00:04:13,5/8/2013,00:04:13,0.00,13.07,66.80,952.40,74
5/8/2013 00:04:28,5/8/2013,00:04:28,0.00,13.07,67.69,952.41,113
5/8/2013 00:04:43,5/8/2013,00:04:43,0.00,13.07,67.59,952.41,97
5/8/2013 00:04:58,5/8/2013,00:04:58,0.00,13.07,67.30,952.40,165
5/8/2013 00:05:13,5/8/2013,00:05:13,0.00,13.07,67.40,952.40,133
5/8/2013 00:05:28,5/8/2013,00:05:28,0.00,13.02,67.90,952.38,130
5/8/2013 00:05:43,5/8/2013,00:05:43,0.00,13.07,67.50,952.37,145
5/8/2013 00:05:58,5/8/2013,00:05:58,0.00,13.02,67.69,952.36,113
5/8/2013 00:06:13,5/8/2013,00:06:13,0.00,13.02,68.00,952.36,152
5/8/2013 00:06:28,5/8/2013,00:06:28,0.00,13.02,67.80,952.35,116
5/8/2013 00:06:43,5/8/2013,00:06:43,0.00,13.07,67.40,952.36,133
5/8/2013 00:06:58,5/8/2013,00:06:58,0.00,13.02,67.69,952.36,147
5/8/2013 00:07:13,5/8/2013,00:07:13,0.00,13.02,68.09,952.36,119
5/8/2013 00:07:28,5/8/2013,00:07:28,0.00,13.07,66.90,952.35,129
5/8/2013 00:07:43,5/8/2013,00:07:43,0.00,13.02,68.09,952.35,150
5/8/2013 00:07:58,5/8/2013,00:07:58,0.00,13.00,68.19,952.35,96
5/8/2013 00:08:13,5/8/2013,00:08:13,0.00,13.02,67.80,952.34,106
5/8/2013 00:08:28,5/8/2013,00:08:28,0.00,13.07,66.80,952.34,120
5/8/2013 00:08:43,5/8/2013,00:08:43,0.00,13.07,66.40,952.34,84
5/8/2013 00:08:58,5/8/2013,00:08:58,0.00,13.07,66.90,952.34,100
5/8/2013 00:09:13,5/8/2013,00:09:13,0.00,13.02,66.90,952.32,123
5/8/2013 00:09:28,5/8/2013,00:09:28,0.00,13.07,67.00,952.28,124
5/8/2013 00:09:43,5/8/2013,00:09:43,0.00,13.02,66.90,952.27,135
5/8/2013 00:09:58,5/8/2013,00:09:58,0.00,13.07,67.30,952.27,75
5/8/2013 00:10:13,5/8/2013,00:10:13,0.00,13.02,67.40,952.26,121
5/8/2013 00:10:28,5/8/2013,00:10:28,0.00,13.07,67.09,952.25,85
5/8/2013 00:10:43,5/8/2013,00:10:43,0.00,13.02,66.90,952.24,90
5/8/2013 00:10:58,5/8/2013,00:10:58,0.00,13.02,67.09,952.22,101
5/8/2013 00:11:13,5/8/2013,00:11:13,0.00,13.02,67.50,952.21,103
5/8/2013 00:11:28,5/8/2013,00:11:28,0.00,13.02,67.40,952.21,103
5/8/2013 00:11:43,5/8/2013,00:11:43,0.00,13.02,66.90,952.18,133
5/8/2013 00:11:58,5/8/2013,00:11:58,0.00,13.02,67.00,952.19,83
5/8/2013 00:12:13,5/8/2013,00:12:13,0.00,13.02,66.69,952.18,77
5/8/2013 00:12:28,5/8/2013,00:12:28,0.00,13.02,66.69,952.19,108
5/8/2013 00:12:43,5/8/2013,00:12:43,0.00,13.07,67.00,952.19,105
5/8/2013 00:12:58,5/8/2013,00:12:58,0.00,13.02,67.59,952.19,128
5/8/2013 00:13:13,5/8/2013,00:13:13,0.00,13.07,66.59,952.18,125
5/8/2013 00:13:28,5/8/2013,00:13:28,0.00,13.07,66.59,952.20,122
5/8/2013 00:13:43,5/8/2013,00:13:43,0.00,13.07,66.50,952.18,80
5/8/2013 00:13:58,5/8/2013,00:13:58,0.00,13.07,66.30,952.19,131
5/8/2013 00:14:13,5/8/2013,00:14:13,0.00,13.02,67.19,952.19,124
5/8/2013 00:14:28,5/8/2013,00:14:28,0.00,13.02,67.59,952.19,99
5/8/2013 00:14:43,5/8/2013,00:14:43,0.00,13.02,67.40,952.19,100
5/8/2013 00:14:58,5/8/2013,00:14:58,0.00,13.02,68.00,952.18,94
5/8/2013 00:15:13,5/8/2013,00:15:13,0.00,13.02,66.90,952.18,127
5/8/2013 00:15:28,5/8/2013,00:15:28,0.00,13.00,67.00,952.16,129
5/8/2013 00:15:43,5/8/2013,00:15:43,0.00,13.02,67.19,952.18,102
5/8/2013 00:15:58,5/8/2013,00:15:58,0.00,13.02,66.90,952.17,133
5/8/2013 00:16:13,5/8/2013,00:16:13,0.00,13.00,67.59,952.16,112
5/8/2013 00:16:28,5/8/2013,00:16:28,0.00,13.07,66.80,952.16,90
5/8/2013 00:16:43,5/8/2013,00:16:43,0.00,13.02,66.90,952.17,110
5/8/2013 00:16:58,5/8/2013,00:16:58,0.06,13.02,66.90,952.16,140
5/8/2013 00:17:13,5/8/2013,00:17:13,0.12,13.02,67.00,952.16,139
5/8/2013 00:17:28,5/8/2013,00:17:28,0.00,13.07,66.69,952.16,103
5/8/2013 00:17:43,5/8/2013,00:17:43,0.00,13.07,66.19,952.17,121
5/8/2013 00:17:58,5/8/2013,00:17:58,0.00,13.07,66.80,952.17,124
5/8/2013 00:18:13,5/8/2013,00:18:13,0.00,13.07,66.69,952.18,152
5/8/2013 00:18:28,5/8/2013,00:18:28,0.00,13.07,66.90,952.18,127
5/8/2013 00:18:43,5/8/2013,00:18:43,0.00,13.07,66.19,952.19,146
5/8/2013 00:18:58,5/8/2013,00:18:58,0.00,13.07,66.19,952.19,116
5/8/2013 00:19:13,5/8/2013,00:19:13,0.00,13.07,66.19,952.18,103
5/8/2013 00:19:28,5/8/2013,00:19:28,0.00,13.07,66.09,952.17,126
5/8/2013 00:19:43,5/8/2013,00:19:43,0.00,13.07,66.40,952.17,139
5/8/2013 00:19:58,5/8/2013,00:19:58,0.00,13.12,66.09,952.17,120
5/8/2013 00:20:13,5/8/2013,00:20:13,0.09,13.12,66.30,952.16,155
5/8/2013 00:20:28,5/8/2013,00:20:28,0.51,13.12,66.09,952.13,120
5/8/2013 00:20:43,5/8/2013,00:20:43,0.00,13.12,66.59,952.11,86
5/8/2013 00:20:58,5/8/2013,00:20:58,0.00,13.12,66.50,952.11,98
5/8/2013 00:21:13,5/8/2013,00:21:13,0.00,13.12,66.19,952.11,106
5/8/2013 00:21:28,5/8/2013,00:21:28,0.00,13.12,66.50,952.11,93
5/8/2013 00:21:43,5/8/2013,00:21:43,0.00,13.12,66.40,952.09,125
5/8/2013 00:21:58,5/8/2013,00:21:58,0.00,13.12,66.69,952.09,122
5/8/2013 00:22:13,5/8/2013,00:22:13,0.00,13.12,66.09,952.09,108
5/8/2013 00:22:28,5/8/2013,00:22:28,0.00,13.12,66.30,952.09,144
5/8/2013 00:22:43,5/8/2013,00:22:43,0.00,13.12,66.40,952.08,81
5/8/2013 00:22:58,5/8/2013,00:22:58,0.00,13.12,67.00,952.05,115
5/8/2013 00:23:13,5/8/2013,00:23:13,0.00,13.12,67.00,952.04,153
5/8/2013 00:23:28,5/8/2013,00:23:28,0.54,13.12,66.80,952.03,153
5/8/2013 00:23:43,5/8/2013,00:23:43,0.78,13.14,66.69,952.03,147
5/8/2013 00:23:58,5/8/2013,00:23:58,0.14,13.14,66.50,952.03,109
5/8/2013 00:24:13,5/8/2013,00:24:13,0.00,13.14,66.19,952.03,125
5/8/2013 00:24:28,5/8/2013,00:24:28,0.00,13.12,66.40,952.02,81
5/8/2013 00:24:43,5/8/2013,00:24:43,0.00,13.14,66.59,952.03,81
5/8/2013 00:24:58,5/8/2013,00:24:58,0.00,13.12,67.09,952.03,135
5/8/2013 00:25:13,5/8/2013,00:25:13,0.00,13.14,66.50,952.01,192
5/8/2013 00:25:28,5/8/2013,00:25:28,0.00,13.12,66.50,952.01,155
5/8/2013 00:25:43,5/8/2013,00:25:43,0.00,13.14,66.59,952.00,139
5/8/2013 00:25:58,5/8/2013,00:25:58,0.00,13.14,67.00,951.97,165
5/8/2013 00:26:13,5/8/2013,00:26:13,0.00,13.14,67.09,951.95,117
5/8/2013 00:26:28,5/8/2013,00:26:28,0.00,13.12,67.00,951.96,125
5/8/2013 00:26:43,5/8/2013,00:26:43,0.00,13.14,66.50,951.96,146
5/8/2013 00:26:58,5/8/2013,00:26:58,0.00,13.14,66.59,951.97,164
5/8/2013 00:27:13,5/8/2013,00:27:13,0.00,13.14,67.00,951.97,75
5/8/2013 00:27:28,5/8/2013,00:27:28,0.00,13.14,67.30,951.97,112
5/8/2013 00:27:43,5/8/2013,00:27:43,0.00,13.12,67.69,951.96,74
5/8/2013 00:27:58,5/8/2013,00:27:58,0.00,13.12,67.30,951.95,139
5/8/2013 00:28:13,5/8/2013,00:28:13,0.00,13.12,67.50,951.94,141
5/8/2013 00:28:28,5/8/2013,00:28:28,0.00,13.12,67.59,951.94,95
5/8/2013 00:28:43,5/8/2013,00:28:43,0.00,13.14,66.90,951.93,87
5/8/2013 00:28:58,5/8/2013,00:28:58,0.00,13.14,66.80,951.92,144
5/8/2013 00:29:13,5/8/2013,00:29:13,0.00,13.12,67.00,951.90,167
5/8/2013 00:29:28,5/8/2013,00:29:28,0.00,13.12,67.69,951.92,156
5/8/2013 00:29:43,5/8/2013,00:29:43,0.00,13.07,68.00,951.90,123
5/8/2013 00:29:58,5/8/2013,00:29:58,0.00,13.07,67.90,951.89,124
5/8/2013 00:30:13,5/8/2013,00:30:13,0.39,13.12,67.40,951.89,156
5/8/2013 00:30:28,5/8/2013,00:30:28,0.00,13.14,67.00,951.92,91
5/8/2013 00:30:43,5/8/2013,00:30:43,0.00,13.07,67.00,951.92,113
5/8/2013 00:30:58,5/8/2013,00:30:58,0.00,13.07,67.59,951.90,137
5/8/2013 00:31:13,5/8/2013,00:31:13,0.38,13.14,67.40,951.89,145
5/8/2013 00:31:28,5/8/2013,00:31:28,0.14,13.14,66.90,951.90,90
5/8/2013 00:31:43,5/8/2013,00:31:43,0.28,13.22,66.40,951.88,91
5/8/2013 00:31:58,5/8/2013,00:31:58,0.57,13.19,66.30,951.88,110
5/8/2013 00:32:13,5/8/2013,00:32:13,0.00,13.19,66.09,951.87,143
5/8/2013 00:32:28,5/8/2013,00:32:28,0.00,13.19,66.69,951.87,169
5/8/2013 00:32:43,5/8/2013,00:32:43,0.36,13.14,67.40,951.84,144
5/8/2013 00:32:58,5/8/2013,00:32:58,0.22,13.19,67.30,951.84,140
5/8/2013 00:33:13,5/8/2013,00:33:13,0.09,13.19,66.69,951.84,142
5/8/2013 00:33:28,5/8/2013,00:33:28,0.00,13.14,67.19,951.85,151
5/8/2013 00:33:43,5/8/2013,00:33:43,0.33,13.22,66.80,951.84,168
5/8/2013 00:33:58,5/8/2013,00:33:58,0.00,13.22,66.90,951.84,139
5/8/2013 00:34:13,5/8/2013,00:34:13,0.00,13.22,66.80,951.86,119
5/8/2013 00:34:28,5/8/2013,00:34:28,0.00,13.19,67.09,951.86,168
5/8/2013 00:34:43,5/8/2013,00:34:43,0.40,13.22,67.09,951.84,155
5/8/2013 00:34:58,5/8/2013,00:34:58,0.17,13.22,66.69,951.82,153
5/8/2013 00:35:13,5/8/2013,00:35:13,0.43,13.19,67.40,951.81,171
5/8/2013 00:35:28,5/8/2013,00:35:28,0.08,13.22,67.09,951.81,87
5/8/2013 00:35:43,5/8/2013,00:35:43,0.00,13.22,66.59,951.82,99
5/8/2013 00:35:58,5/8/2013,00:35:58,0.00,13.22,66.90,951.82,103
5/8/2013 00:36:13,5/8/2013,00:36:13,0.00,13.22,66.80,951.84,148
5/8/2013 00:36:28,5/8/2013,00:36:28,0.00,13.22,66.90,951.81,114
5/8/2013 00:36:43,5/8/2013,00:36:43,0.00,13.22,67.19,951.81,144
5/8/2013 00:36:58,5/8/2013,00:36:58,0.00,13.22,67.50,951.80,176
5/8/2013 00:37:13,5/8/2013,00:37:13,0.00,13.22,67.19,951.80,144
5/8/2013 00:37:28,5/8/2013,00:37:28,0.00,13.22,67.19,951.78,172
5/8/2013 00:37:43,5/8/2013,00:37:43,0.28,13.22,67.09,951.78,123
5/8/2013 00:37:58,5/8/2013,00:37:58,0.00,13.22,67.30,951.79,144
5/8/2013 00:38:13,5/8/2013,00:38:13,0.00,13.22,66.90,951.80,82
5/8/2013 00:38:28,5/8/2013,00:38:28,0.00,13.22,66.90,951.79,178
5/8/2013 00:38:43,5/8/2013,00:38:43,0.00,13.27,66.90,951.79,158
5/8/2013 00:38:58,5/8/2013,00:38:58,0.00,13.22,67.50,951.78,140
5/8/2013 00:39:13,5/8/2013,00:39:13,0.00,13.22,67.30,951.79,125
5/8/2013 00:39:28,5/8/2013,00:39:28,0.00,13.22,67.19,951.80,163
5/8/2013 00:39:43,5/8/2013,00:39:43,0.00,13.30,66.50,951.78,76
5/8/2013 00:39:58,5/8/2013,00:39:58,0.00,13.30,66.40,951.77,168
5/8/2013 00:40:13,5/8/2013,00:40:13,0.00,13.27,66.90,951.74,141
5/8/2013 00:40:28,5/8/2013,00:40:28,0.00,13.27,67.59,951.74,149
5/8/2013 00:40:43,5/8/2013,00:40:43,0.00,13.27,67.30,951.74,137
5/8/2013 00:40:58,5/8/2013,00:40:58,0.29,13.27,67.00,951.74,155
5/8/2013 00:41:13,5/8/2013,00:41:13,0.06,13.27,67.09,951.76,172
5/8/2013 00:41:28,5/8/2013,00:41:28,0.00,13.27,68.00,951.78,144
5/8/2013 00:41:43,5/8/2013,00:41:43,0.00,13.27,67.50,951.77,142
5/8/2013 00:41:58,5/8/2013,00:41:58,0.00,13.27,67.69,951.73,144
5/8/2013 00:42:13,5/8/2013,00:42:13,0.00,13.27,67.69,951.74,86
5/8/2013 00:42:28,5/8/2013,00:42:28,0.00,13.30,66.59,951.74,120
5/8/2013 00:42:43,5/8/2013,00:42:43,0.00,13.30,66.30,951.74,113
5/8/2013 00:42:58,5/8/2013,00:42:58,0.00,13.30,66.80,951.72,178
5/8/2013 00:43:13,5/8/2013,00:43:13,0.00,13.30,66.90,951.73,140
5/8/2013 00:43:28,5/8/2013,00:43:28,0.24,13.30,67.30,951.71,126
5/8/2013 00:43:43,5/8/2013,00:43:43,0.00,13.27,67.19,951.71,141
5/8/2013 00:43:58,5/8/2013,00:43:58,0.00,13.30,67.19,951.72,115
5/8/2013 00:44:13,5/8/2013,00:44:13,0.00,13.30,67.30,951.72,151
5/8/2013 00:44:28,5/8/2013,00:44:28,0.00,13.27,68.00,951.72,97
5/8/2013 00:44:43,5/8/2013,00:44:43,0.00,13.27,67.50,951.72,187
5/8/2013 00:44:58,5/8/2013,00:44:58,0.00,13.27,67.69,951.71,153
5/8/2013 00:45:13,5/8/2013,00:45:13,0.82,13.30,67.19,951.68,142
5/8/2013 00:45:28,5/8/2013,00:45:28,0.56,13.30,67.50,951.70,160
5/8/2013 00:45:43,5/8/2013,00:45:43,0.15,13.30,67.50,951.70,105
5/8/2013 00:45:58,5/8/2013,00:45:58,0.00,13.30,67.19,951.69,155
5/8/2013 00:46:13,5/8/2013,00:46:13,0.38,13.30,67.00,951.66,134
5/8/2013 00:46:28,5/8/2013,00:46:28,0.49,13.30,66.90,951.68,168
5/8/2013 00:46:43,5/8/2013,00:46:43,0.96,13.30,67.00,951.65,163
5/8/2013 00:46:58,5/8/2013,00:46:58,0.78,13.35,66.80,951.65,125
5/8/2013 00:47:13,5/8/2013,00:47:13,0.58,13.39,66.09,951.66,145
5/8/2013 00:47:28,5/8/2013,00:47:28,0.00,13.35,66.80,951.69,133
5/8/2013 00:47:43,5/8/2013,00:47:43,0.00,13.35,66.40,951.69,175
5/8/2013 00:47:58,5/8/2013,00:47:58,0.00,13.39,66.69,951.70,132
5/8/2013 00:48:13,5/8/2013,00:48:13,0.00,13.35,66.69,951.70,111
5/8/2013 00:48:28,5/8/2013,00:48:28,0.00,13.39,66.40,951.70,156
5/8/2013 00:48:43,5/8/2013,00:48:43,0.00,13.39,66.40,951.69,175
5/8/2013 00:48:58,5/8/2013,00:48:58,0.00,13.35,66.80,951.69,106
5/8/2013 00:49:13,5/8/2013,00:49:13,0.00,13.39,66.59,951.68,117
5/8/2013 00:49:28,5/8/2013,00:49:28,0.00,13.39,66.30,951.69,132
5/8/2013 00:49:43,5/8/2013,00:49:43,0.00,13.35,66.90,951.68,98
5/8/2013 00:49:58,5/8/2013,00:49:58,0.00,13.39,66.50,951.68,121
5/8/2013 00:50:13,5/8/2013,00:50:13,0.00,13.39,66.19,951.64,146
5/8/2013 00:50:28,5/8/2013,00:50:28,0.00,13.39,66.30,951.63,112
5/8/2013 00:50:43,5/8/2013,00:50:43,0.00,13.39,66.30,951.63,117
5/8/2013 00:50:58,5/8/2013,00:50:58,0.00,13.39,67.19,951.63,106
5/8/2013 00:51:13,5/8/2013,00:51:13,0.00,13.39,66.90,951.63,103
5/8/2013 00:51:28,5/8/2013,00:51:28,0.00,13.39,66.30,951.62,180
5/8/2013 00:51:43,5/8/2013,00:51:43,0.64,13.39,66.90,951.63,145
5/8/2013 00:51:58,5/8/2013,00:51:58,0.17,13.39,66.59,951.63,100
5/8/2013 00:52:13,5/8/2013,00:52:13,0.00,13.39,66.30,951.62,106
5/8/2013 00:52:28,5/8/2013,00:52:28,0.00,13.39,66.40,951.61,125
5/8/2013 00:52:43,5/8/2013,00:52:43,0.00,13.42,66.50,951.61,141
5/8/2013 00:52:58,5/8/2013,00:52:58,0.00,13.39,66.90,951.60,133
5/8/2013 00:53:13,5/8/2013,00:53:13,0.00,13.39,66.80,951.58,159
5/8/2013 00:53:28,5/8/2013,00:53:28,0.14,13.39,66.40,951.60,149
5/8/2013 00:53:43,5/8/2013,00:53:43,0.64,13.39,66.30,951.58,172
5/8/2013 00:53:58,5/8/2013,00:53:58,0.11,13.39,66.59,951.58,164
5/8/2013 00:54:13,5/8/2013,00:54:13,0.49,13.42,67.00,951.60,150
5/8/2013 00:54:28,5/8/2013,00:54:28,0.00,13.39,68.00,951.60,161
5/8/2013 00:54:43,5/8/2013,00:54:43,0.17,13.35,68.00,951.60,110
5/8/2013 00:54:58,5/8/2013,00:54:58,0.00,13.39,67.40,951.58,170
5/8/2013 00:55:13,5/8/2013,00:55:13,0.00,13.39,67.80,951.58,166
5/8/2013 00:55:28,5/8/2013,00:55:28,0.00,13.35,67.80,951.58,131
5/8/2013 00:55:43,5/8/2013,00:55:43,0.00,13.35,67.30,951.60,125
5/8/2013 00:55:58,5/8/2013,00:55:58,0.00,13.39,67.09,951.60,155
5/8/2013 00:56:13,5/8/2013,00:56:13,0.89,13.39,67.19,951.57,180
5/8/2013 00:56:28,5/8/2013,00:56:28,0.67,13.39,67.30,951.56,162
5/8/2013 00:56:43,5/8/2013,00:56:43,1.10,13.39,66.80,951.55,137
5/8/2013 00:56:58,5/8/2013,00:56:58,0.25,13.39,66.80,951.56,168
5/8/2013 00:57:13,5/8/2013,00:57:13,0.00,13.39,67.30,951.56,114
5/8/2013 00:57:28,5/8/2013,00:57:28,0.00,13.39,66.90,951.55,107
5/8/2013 00:57:43,5/8/2013,00:57:43,0.00,13.39,67.40,951.56,158
5/8/2013 00:57:58,5/8/2013,00:57:58,0.00,13.39,67.40,951.56,147
5/8/2013 00:58:13,5/8/2013,00:58:13,0.78,13.39,67.09,951.55,144
5/8/2013 00:58:28,5/8/2013,00:58:28,0.71,13.39,66.90,951.55,162
5/8/2013 00:58:43,5/8/2013,00:58:43,0.67,13.39,66.90,951.54,148
5/8/2013 00:58:58,5/8/2013,00:58:58,0.74,13.42,66.80,951.54,138
5/8/2013 00:59:13,5/8/2013,00:59:13,0.00,13.39,66.90,951.54,158
5/8/2013 00:59:28,5/8/2013,00:59:28,0.00,13.39,66.90,951.53,168
5/8/2013 00:59:43,5/8/2013,00:59:43,0.00,13.39,66.90,951.53,90
5/8/2013 00:59:58,5/8/2013,00:59:58,0.00,13.39,67.40,951.52,73
5/8/2013 01:00:13,5/8/2013,01:00:13,0.00,13.39,67.80,951.50,144
5/8/2013 01:00:28,5/8/2013,01:00:28,0.00,13.39,67.50,951.52,158
5/8/2013 01:00:43,5/8/2013,01:00:43,0.46,13.39,67.19,951.50,153
5/8/2013 01:00:58,5/8/2013,01:00:58,0.22,13.39,66.80,951.50,139
5/8/2013 01:01:13,5/8/2013,01:01:13,0.75,13.42,66.59,951.49,153
5/8/2013 01:01:28,5/8/2013,01:01:28,1.54,13.42,66.59,951.47,164
5/8/2013 01:01:43,5/8/2013,01:01:43,0.88,13.42,67.19,951.45,113
5/8/2013 01:01:58,5/8/2013,01:01:58,0.00,13.42,66.80,951.48,140
5/8/2013 01:02:13,5/8/2013,01:02:13,0.50,13.42,67.00,951.47,140
5/8/2013 01:02:28,5/8/2013,01:02:28,0.18,13.42,67.09,951.47,109
5/8/2013 01:02:43,5/8/2013,01:02:43,0.00,13.39,67.19,951.47,158
5/8/2013 01:02:58,5/8/2013,01:02:58,0.00,13.39,67.30,951.47,121
5/8/2013 01:03:13,5/8/2013,01:03:13,0.00,13.42,66.59,951.48,121
5/8/2013 01:03:28,5/8/2013,01:03:28,0.00,13.42,67.09,951.48,87
5/8/2013 01:03:43,5/8/2013,01:03:43,0.00,13.42,66.59,951.48,128
5/8/2013 01:03:58,5/8/2013,01:03:58,0.00,13.42,66.90,951.48,147
5/8/2013 01:04:13,5/8/2013,01:04:13,0.21,13.47,66.30,951.48,74
5/8/2013 01:04:28,5/8/2013,01:04:28,0.00,13.47,66.19,951.47,91
5/8/2013 01:04:43,5/8/2013,01:04:43,0.71,13.47,66.30,951.48,162
5/8/2013 01:04:58,5/8/2013,01:04:58,0.74,13.47,66.50,951.48,90
5/8/2013 01:05:13,5/8/2013,01:05:13,0.69,13.47,66.09,951.47,95
5/8/2013 01:05:28,5/8/2013,01:05:28,0.00,13.47,66.40,951.50,119
5/8/2013 01:05:43,5/8/2013,01:05:43,0.00,13.47,66.80,951.50,159
5/8/2013 01:05:58,5/8/2013,01:05:58,0.00,13.47,66.90,951.52,150
5/8/2013 01:06:13,5/8/2013,01:06:13,0.00,13.42,67.00,951.54,182
5/8/2013 01:06:28,5/8/2013,01:06:28,0.00,13.42,67.40,951.53,182
5/8/2013 01:06:43,5/8/2013,01:06:43,0.00,13.42,68.00,951.54,169
5/8/2013 01:06:58,5/8/2013,01:06:58,0.58,13.42,67.90,951.56,165
5/8/2013 01:07:13,5/8/2013,01:07:13,1.22,13.47,67.00,951.56,140
5/8/2013 01:07:28,5/8/2013,01:07:28,0.81,13.47,67.00,951.56,166
5/8/2013 01:07:43,5/8/2013,01:07:43,1.44,13.47,67.00,951.56,144
5/8/2013 01:07:58,5/8/2013,01:07:58,1.04,13.47,66.30,951.58,161
5/8/2013 01:08:13,5/8/2013,01:08:13,0.47,13.47,66.59,951.60,153
5/8/2013 01:08:28,5/8/2013,01:08:28,0.00,13.42,67.30,951.61,155
5/8/2013 01:08:43,5/8/2013,01:08:43,0.00,13.39,67.90,951.62,178
5/8/2013 01:08:58,5/8/2013,01:08:58,0.00,13.39,68.19,951.61,150
5/8/2013 01:09:13,5/8/2013,01:09:13,0.00,13.42,67.50,951.60,135
5/8/2013 01:09:28,5/8/2013,01:09:28,0.00,13.42,67.80,951.58,146
5/8/2013 01:09:43,5/8/2013,01:09:43,0.00,13.42,67.19,951.58,176
5/8/2013 01:09:58,5/8/2013,01:09:58,0.22,13.42,67.50,951.56,98
5/8/2013 01:10:13,5/8/2013,01:10:13,0.08,13.39,67.80,951.56,147
5/8/2013 01:10:28,5/8/2013,01:10:28,0.79,13.42,67.40,951.55,160
5/8/2013 01:10:43,5/8/2013,01:10:43,1.33,13.47,67.09,951.53,153
5/8/2013 01:10:58,5/8/2013,01:10:58,1.85,13.47,66.80,951.52,141
5/8/2013 01:11:13,5/8/2013,01:11:13,0.97,13.47,67.00,951.52,157
5/8/2013 01:11:28,5/8/2013,01:11:28,0.07,13.47,67.00,951.54,144
5/8/2013 01:11:43,5/8/2013,01:11:43,0.00,13.47,67.00,951.56,160
5/8/2013 01:11:58,5/8/2013,01:11:58,0.51,13.42,67.19,951.55,155
5/8/2013 01:12:13,5/8/2013,01:12:13,0.17,13.42,67.59,951.56,220
5/8/2013 01:12:28,5/8/2013,01:12:28,0.39,13.47,67.59,951.56,171
5/8/2013 01:12:43,5/8/2013,01:12:43,0.96,13.47,67.30,951.56,151
5/8/2013 01:12:58,5/8/2013,01:12:58,1.01,13.47,67.19,951.57,148
5/8/2013 01:13:13,5/8/2013,01:13:13,1.32,13.47,67.00,951.58,149
5/8/2013 01:13:28,5/8/2013,01:13:28,0.78,13.47,67.00,951.61,160
5/8/2013 01:13:43,5/8/2013,01:13:43,0.00,13.42,68.00,951.63,163
5/8/2013 01:13:58,5/8/2013,01:13:58,0.00,13.42,68.50,951.64,160
5/8/2013 01:14:13,5/8/2013,01:14:13,0.00,13.42,68.09,951.66,168
5/8/2013 01:14:28,5/8/2013,01:14:28,0.00,13.39,68.50,951.66,168
5/8/2013 01:14:43,5/8/2013,01:14:43,0.00,13.39,69.09,951.64,128
5/8/2013 01:14:58,5/8/2013,01:14:58,0.00,13.39,68.69,951.63,162
5/8/2013 01:15:13,5/8/2013,01:15:13,0.54,13.39,67.80,951.62,85
5/8/2013 01:15:28,5/8/2013,01:15:28,0.72,13.42,67.69,951.62,114
5/8/2013 01:15:43,5/8/2013,01:15:43,1.61,13.47,67.30,951.61,132
5/8/2013 01:15:58,5/8/2013,01:15:58,1.23,13.47,66.90,951.58,161
5/8/2013 01:16:13,5/8/2013,01:16:13,1.14,13.47,66.90,951.57,139
5/8/2013 01:16:28,5/8/2013,01:16:28,0.98,13.47,66.69,951.60,152
5/8/2013 01:16:43,5/8/2013,01:16:43,0.51,13.47,67.19,951.60,157
5/8/2013 01:16:58,5/8/2013,01:16:58,0.06,13.47,67.30,951.60,153
5/8/2013 01:17:13,5/8/2013,01:17:13,0.68,13.47,67.00,951.58,127
5/8/2013 01:17:28,5/8/2013,01:17:28,0.63,13.47,67.09,951.56,161
5/8/2013 01:17:43,5/8/2013,01:17:43,0.00,13.47,67.80,951.57,158
5/8/2013 01:17:58,5/8/2013,01:17:58,0.53,13.47,67.59,951.57,218
5/8/2013 01:18:13,5/8/2013,01:18:13,0.00,13.42,68.30,951.58,144
5/8/2013 01:18:28,5/8/2013,01:18:28,0.26,13.42,67.80,951.58,163
5/8/2013 01:18:43,5/8/2013,01:18:43,0.98,13.47,67.40,951.56,164
5/8/2013 01:18:58,5/8/2013,01:18:58,0.89,13.47,67.30,951.56,174
5/8/2013 01:19:13,5/8/2013,01:19:13,0.06,13.42,67.40,951.56,159
5/8/2013 01:19:28,5/8/2013,01:19:28,0.00,13.42,67.69,951.56,160
5/8/2013 01:19:43,5/8/2013,01:19:43,0.00,13.39,67.59,951.57,189
5/8/2013 01:19:58,5/8/2013,01:19:58,0.00,13.39,68.30,951.56,193
5/8/2013 01:20:13,5/8/2013,01:20:13,0.00,13.39,68.69,951.56,117
5/8/2013 01:20:28,5/8/2013,01:20:28,0.00,13.39,67.90,951.55,153
5/8/2013 01:20:43,5/8/2013,01:20:43,0.00,13.39,67.69,951.53,140
5/8/2013 01:20:58,5/8/2013,01:20:58,0.09,13.42,67.40,951.49,114
5/8/2013 01:21:13,5/8/2013,01:21:13,1.54,13.42,67.30,951.50,156
5/8/2013 01:21:28,5/8/2013,01:21:28,1.39,13.47,67.19,951.50,160
5/8/2013 01:21:43,5/8/2013,01:21:43,1.50,13.47,67.09,951.50,163
5/8/2013 01:21:58,5/8/2013,01:21:58,1.10,13.42,67.50,951.52,164
5/8/2013 01:22:13,5/8/2013,01:22:13,0.09,13.39,67.80,951.52,157
5/8/2013 01:22:28,5/8/2013,01:22:28,1.46,13.47,67.19,951.49,147
5/8/2013 01:22:43,5/8/2013,01:22:43,0.65,13.42,67.19,951.50,
5/8/2013 01:22:58,5/8/2013,01:22:58,0.90,13.47,67.19,951.50,98
5/8/2013 01:23:13,5/8/2013,01:23:13,0.69,13.42,67.09,951.48,143
5/8/2013 01:23:28,5/8/2013,01:23:28,0.93,13.42,67.00,951.47,141
5/8/2013 01:23:43,5/8/2013,01:23:43,1.25,13.47,67.09,951.47,161
5/8/2013 01:23:58,5/8/2013,01:23:58,2.14,13.47,66.80,951.44,145
5/8/2013 01:24:13,5/8/2013,01:24:13,1.62,13.47,66.69,951.42,161
5/8/2013 01:24:28,5/8/2013,01:24:28,0.96,13.42,67.19,951.44,101
5/8/2013 01:24:43,5/8/2013,01:24:43,0.06,13.42,67.09,951.44,156
5/8/2013 01:24:58,5/8/2013,01:24:58,0.69,13.42,67.00,951.41,140
5/8/2013 01:25:13,5/8/2013,01:25:13,0.19,13.39,67.59,951.41,174
5/8/2013 01:25:28,5/8/2013,01:25:28,0.00,13.39,68.00,951.44,137
5/8/2013 01:25:43,5/8/2013,01:25:43,0.00,13.39,68.30,951.45,100
5/8/2013 01:25:58,5/8/2013,01:25:58,0.00,13.39,68.30,951.44,126
5/8/2013 01:26:13,5/8/2013,01:26:13,0.00,13.39,68.59,951.42,114
5/8/2013 01:26:28,5/8/2013,01:26:28,0.00,13.39,68.50,951.40,117
5/8/2013 01:26:43,5/8/2013,01:26:43,0.00,13.35,69.19,951.40,128
5/8/2013 01:26:58,5/8/2013,01:26:58,0.00,13.30,69.09,951.39,98
5/8/2013 01:27:13,5/8/2013,01:27:13,0.00,13.30,68.80,951.38,133
5/8/2013 01:27:28,5/8/2013,01:27:28,0.00,13.30,69.59,951.37,106
5/8/2013 01:27:43,5/8/2013,01:27:43,0.00,13.27,69.90,951.35,153
5/8/2013 01:27:58,5/8/2013,01:27:58,0.00,13.22,70.59,951.33,106
5/8/2013 01:28:13,5/8/2013,01:28:13,0.00,13.22,69.69,951.32,126
5/8/2013 01:28:28,5/8/2013,01:28:28,0.00,13.22,69.90,951.32,158
5/8/2013 01:28:43,5/8/2013,01:28:43,0.00,13.14,70.80,951.31,152
5/8/2013 01:28:58,5/8/2013,01:28:58,0.00,13.14,70.90,951.31,161
5/8/2013 01:29:13,5/8/2013,01:29:13,0.63,13.14,70.30,951.30,180
5/8/2013 01:29:28,5/8/2013,01:29:28,0.64,13.14,70.59,951.31,149
5/8/2013 01:29:43,5/8/2013,01:29:43,0.71,13.12,70.69,951.31,165
5/8/2013 01:29:58,5/8/2013,01:29:58,0.50,13.07,71.40,951.31,150
5/8/2013 01:30:13,5/8/2013,01:30:13,0.11,13.07,71.80,951.30,103
5/8/2013 01:30:28,5/8/2013,01:30:28,0.00,13.02,70.90,951.30,152
5/8/2013 01:30:43,5/8/2013,01:30:43,0.00,13.00,71.69,951.29,163
5/8/2013 01:30:58,5/8/2013,01:30:58,0.00,13.00,71.50,951.31,145
5/8/2013 01:31:13,5/8/2013,01:31:13,0.43,13.00,70.90,951.28,128
5/8/2013 01:31:28,5/8/2013,01:31:28,0.89,13.00,70.50,951.24,104
5/8/2013 01:31:43,5/8/2013,01:31:43,0.25,13.00,70.00,951.25,150
5/8/2013 01:31:58,5/8/2013,01:31:58,0.72,13.00,70.59,951.24,128
5/8/2013 01:32:13,5/8/2013,01:32:13,0.67,13.00,70.90,951.25,149
5/8/2013 01:32:28,5/8/2013,01:32:28,0.00,12.94,71.30,951.24,133
5/8/2013 01:32:43,5/8/2013,01:32:43,0.00,12.94,71.50,951.25,168
5/8/2013 01:32:58,5/8/2013,01:32:58,0.72,13.00,71.00,951.24,148
5/8/2013 01:33:13,5/8/2013,01:33:13,0.07,12.92,71.40,951.27,160
5/8/2013 01:33:28,5/8/2013,01:33:28,0.00,12.94,71.09,951.27,141
5/8/2013 01:33:43,5/8/2013,01:33:43,0.00,12.92,71.59,951.27,174
5/8/2013 01:33:58,5/8/2013,01:33:58,0.76,12.92,70.90,951.27,154
5/8/2013 01:34:13,5/8/2013,01:34:13,1.01,12.94,70.59,951.27,140
5/8/2013 01:34:28,5/8/2013,01:34:28,0.53,12.92,73.30,951.30,153
5/8/2013 01:34:43,5/8/2013,01:34:43,1.51,12.94,72.80,951.29,148
5/8/2013 01:34:58,5/8/2013,01:34:58,1.07,12.94,70.69,951.29,167
5/8/2013 01:35:13,5/8/2013,01:35:13,0.19,12.92,71.30,951.30,186
5/8/2013 01:35:28,5/8/2013,01:35:28,0.67,12.92,71.59,951.30,148
5/8/2013 01:35:43,5/8/2013,01:35:43,1.07,12.92,70.80,951.30,151
5/8/2013 01:35:58,5/8/2013,01:35:58,1.18,12.92,71.00,951.31,159
5/8/2013 01:36:13,5/8/2013,01:36:13,1.34,12.92,70.59,951.30,149
5/8/2013 01:36:28,5/8/2013,01:36:28,1.00,12.92,70.69,951.30,141
5/8/2013 01:36:43,5/8/2013,01:36:43,1.00,12.92,70.69,951.31,159
5/8/2013 01:36:58,5/8/2013,01:36:58,1.11,12.92,71.30,951.31,161
5/8/2013 01:37:13,5/8/2013,01:37:13,1.04,12.92,71.00,951.31,160
5/8/2013 01:37:28,5/8/2013,01:37:28,0.79,12.87,71.69,951.31,175
5/8/2013 01:37:43,5/8/2013,01:37:43,0.98,12.87,71.90,951.32,149
5/8/2013 01:37:58,5/8/2013,01:37:58,1.25,12.87,71.80,951.30,132
5/8/2013 01:38:13,5/8/2013,01:38:13,0.49,12.85,72.30,951.29,180
5/8/2013 01:38:28,5/8/2013,01:38:28,0.00,12.85,73.00,951.30,155
5/8/2013 01:38:43,5/8/2013,01:38:43,0.00,12.80,72.90,951.31,154
5/8/2013 01:38:58,5/8/2013,01:38:58,0.00,12.75,73.30,951.31,151
5/8/2013 01:39:13,5/8/2013,01:39:13,0.00,12.75,73.59,951.33,180
5/8/2013 01:39:28,5/8/2013,01:39:28,0.60,12.75,73.40,951.32,162
5/8/2013 01:39:43,5/8/2013,01:39:43,1.60,12.80,72.30,951.31,161
5/8/2013 01:39:58,5/8/2013,01:39:58,1.14,12.75,71.80,951.30,143
5/8/2013 01:40:13,5/8/2013,01:40:13,0.56,12.75,72.40,951.32,139
5/8/2013 01:40:28,5/8/2013,01:40:28,0.09,12.67,73.19,951.31,160
5/8/2013 01:40:43,5/8/2013,01:40:43,0.51,12.72,73.00,951.32,125
5/8/2013 01:40:58,5/8/2013,01:40:58,0.25,12.67,73.09,951.32,131
5/8/2013 01:41:13,5/8/2013,01:41:13,0.00,12.67,73.80,951.33,145
5/8/2013 01:41:28,5/8/2013,01:41:28,0.00,12.67,73.30,951.35,160
5/8/2013 01:41:43,5/8/2013,01:41:43,0.88,12.67,72.69,951.32,146
5/8/2013 01:41:58,5/8/2013,01:41:58,1.16,12.67,72.40,951.31,154
5/8/2013 01:42:13,5/8/2013,01:42:13,1.15,12.72,72.50,951.31,133
5/8/2013 01:42:28,5/8/2013,01:42:28,0.78,12.67,72.40,951.31,152
5/8/2013 01:42:43,5/8/2013,01:42:43,0.32,12.67,72.59,951.32,180
5/8/2013 01:42:58,5/8/2013,01:42:58,0.00,12.67,72.80,951.33,175
5/8/2013 01:43:13,5/8/2013,01:43:13,0.00,12.64,73.50,951.33,170
5/8/2013 01:43:28,5/8/2013,01:43:28,0.00,12.64,74.19,951.36,142
5/8/2013 01:43:43,5/8/2013,01:43:43,0.79,12.64,73.69,951.35,132
5/8/2013 01:43:58,5/8/2013,01:43:58,0.97,12.67,72.59,951.35,175
5/8/2013 01:44:13,5/8/2013,01:44:13,0.43,12.64,73.30,951.37,165
5/8/2013 01:44:28,5/8/2013,01:44:28,0.00,12.60,73.69,951.38,153
5/8/2013 01:44:43,5/8/2013,01:44:43,0.00,12.60,73.59,951.39,156
5/8/2013 01:44:58,5/8/2013,01:44:58,0.00,12.60,75.00,951.39,171
5/8/2013 01:45:13,5/8/2013,01:45:13,0.00,12.52,75.30,951.40,135
5/8/2013 01:45:28,5/8/2013,01:45:28,0.00,12.52,74.59,951.36,165
5/8/2013 01:45:43,5/8/2013,01:45:43,0.00,12.52,75.00,951.35,172
5/8/2013 01:45:58,5/8/2013,01:45:58,0.00,12.47,76.30,951.37,202
5/8/2013 01:46:13,5/8/2013,01:46:13,0.67,12.52,75.59,951.37,161
5/8/2013 01:46:28,5/8/2013,01:46:28,0.15,12.44,76.19,951.38,150
5/8/2013 01:46:43,5/8/2013,01:46:43,0.00,12.44,76.80,951.39,141
5/8/2013 01:46:58,5/8/2013,01:46:58,0.00,12.39,76.90,951.38,91
5/8/2013 01:47:13,5/8/2013,01:47:13,0.00,12.37,77.19,951.37,171
5/8/2013 01:47:28,5/8/2013,01:47:28,0.89,12.39,76.30,951.36,206
5/8/2013 01:47:43,5/8/2013,01:47:43,0.65,12.32,76.69,951.38,156
5/8/2013 01:47:58,5/8/2013,01:47:58,0.79,12.37,76.59,951.40,142
5/8/2013 01:48:13,5/8/2013,01:48:13,1.25,12.37,75.19,951.38,114
5/8/2013 01:48:28,5/8/2013,01:48:28,1.47,12.37,75.09,951.37,169
5/8/2013 01:48:43,5/8/2013,01:48:43,0.86,12.27,75.80,951.37,165
5/8/2013 01:48:58,5/8/2013,01:48:58,0.72,12.25,77.00,951.37,184
5/8/2013 01:49:13,5/8/2013,01:49:13,0.91,12.17,78.09,951.37,111
5/8/2013 01:49:28,5/8/2013,01:49:28,2.14,12.19,76.69,951.35,178
5/8/2013 01:49:43,5/8/2013,01:49:43,1.01,12.12,78.30,951.35,162
5/8/2013 01:49:58,5/8/2013,01:49:58,0.25,12.12,78.80,951.35,148
5/8/2013 01:50:13,5/8/2013,01:50:13,0.24,12.10,79.09,951.36,163
5/8/2013 01:50:28,5/8/2013,01:50:28,1.82,12.19,76.90,951.35,150
5/8/2013 01:50:43,5/8/2013,01:50:43,0.44,12.12,78.00,951.36,121
5/8/2013 01:50:58,5/8/2013,01:50:58,0.00,12.05,79.80,951.35,162
5/8/2013 01:51:13,5/8/2013,01:51:13,0.25,12.05,79.30,951.33,162
5/8/2013 01:51:28,5/8/2013,01:51:28,1.00,12.05,79.00,951.31,114
5/8/2013 01:51:43,5/8/2013,01:51:43,0.09,12.05,79.09,951.30,174
5/8/2013 01:51:58,5/8/2013,01:51:58,0.81,12.05,78.00,951.30,157
5/8/2013 01:52:13,5/8/2013,01:52:13,1.74,12.12,77.30,951.27,147
5/8/2013 01:52:28,5/8/2013,01:52:28,1.43,12.12,77.30,951.27,147
5/8/2013 01:52:43,5/8/2013,01:52:43,1.03,12.05,78.40,951.27,157
5/8/2013 01:52:58,5/8/2013,01:52:58,1.88,12.10,77.69,951.25,159
5/8/2013 01:53:13,5/8/2013,01:53:13,2.26,12.17,76.59,951.24,140
5/8/2013 01:53:28,5/8/2013,01:53:28,0.89,12.00,78.09,951.25,151
5/8/2013 01:53:43,5/8/2013,01:53:43,0.58,11.89,82.80,951.24,140
5/8/2013 01:53:58,5/8/2013,01:53:58,0.84,11.80,84.30,951.28,141
5/8/2013 01:54:13,5/8/2013,01:54:13,0.44,11.80,84.59,951.27,132
5/8/2013 01:54:28,5/8/2013,01:54:28,1.99,11.85,80.80,951.27,171
5/8/2013 01:54:43,5/8/2013,01:54:43,1.26,11.80,81.40,951.28,150
5/8/2013 01:54:58,5/8/2013,01:54:58,0.83,11.80,82.19,951.30,231
5/8/2013 01:55:13,5/8/2013,01:55:13,1.40,11.80,81.30,951.30,156
5/8/2013 01:55:28,5/8/2013,01:55:28,2.34,11.89,79.59,951.30,183
5/8/2013 01:55:43,5/8/2013,01:55:43,3.49,11.97,78.09,951.30,167
5/8/2013 01:55:58,5/8/2013,01:55:58,2.61,11.97,77.90,951.29,180
5/8/2013 01:56:13,5/8/2013,01:56:13,1.69,11.89,79.59,951.29,144
5/8/2013 01:56:28,5/8/2013,01:56:28,2.25,11.97,78.59,951.28,151
5/8/2013 01:56:43,5/8/2013,01:56:43,1.86,11.97,79.00,951.28,135
5/8/2013 01:56:58,5/8/2013,01:56:58,1.96,11.97,78.40,951.28,148
5/8/2013 01:57:13,5/8/2013,01:57:13,0.94,11.89,79.90,951.31,150
5/8/2013 01:57:28,5/8/2013,01:57:28,1.75,11.89,79.00,951.30,158
5/8/2013 01:57:43,5/8/2013,01:57:43,0.74,11.80,80.80,951.30,192
5/8/2013 01:57:58,5/8/2013,01:57:58,1.03,11.72,81.69,951.33,158
5/8/2013 01:58:13,5/8/2013,01:58:13,1.50,11.89,78.90,951.30,160
5/8/2013 01:58:28,5/8/2013,01:58:28,2.32,11.89,78.80,951.29,156
5/8/2013 01:58:43,5/8/2013,01:58:43,1.82,11.85,79.19,951.30,124
5/8/2013 01:58:58,5/8/2013,01:58:58,1.61,11.80,79.50,951.30,148
5/8/2013 01:59:13,5/8/2013,01:59:13,2.46,11.89,78.80,951.29,143
5/8/2013 01:59:28,5/8/2013,01:59:28,0.72,11.77,79.90,951.29,65
5/8/2013 01:59:43,5/8/2013,01:59:43,0.00,11.72,80.30,951.29,151
5/8/2013 01:59:58,5/8/2013,01:59:58,0.07,11.69,81.00,951.29,160
5/8/2013 02:00:13,5/8/2013,02:00:13,0.68,11.72,80.80,951.28,160
5/8/2013 02:00:28,5/8/2013,02:00:28,1.15,11.52,81.59,951.27,146
5/8/2013 02:00:43,5/8/2013,02:00:43,1.44,11.50,81.90,951.25,167
5/8/2013 02:00:58,5/8/2013,02:00:58,1.19,11.44,83.00,951.25,173
5/8/2013 02:01:13,5/8/2013,02:01:13,0.25,11.44,83.69,951.25,189
5/8/2013 02:01:28,5/8/2013,02:01:28,0.60,11.44,83.40,951.24,155
5/8/2013 02:01:43,5/8/2013,02:01:43,1.60,11.50,82.59,951.22,129
5/8/2013 02:01:58,5/8/2013,02:01:58,0.51,11.44,82.69,951.23,115
5/8/2013 02:02:13,5/8/2013,02:02:13,0.90,11.42,83.90,951.23,130
5/8/2013 02:02:28,5/8/2013,02:02:28,1.05,11.42,83.59,951.21,185
5/8/2013 02:02:43,5/8/2013,02:02:43,1.08,11.42,83.50,951.19,169
5/8/2013 02:02:58,5/8/2013,02:02:58,1.07,11.42,83.50,951.20,175
5/8/2013 02:03:13,5/8/2013,02:03:13,0.91,11.42,83.19,951.22,162
5/8/2013 02:03:28,5/8/2013,02:03:28,0.93,11.42,83.30,951.22,176
5/8/2013 02:03:43,5/8/2013,02:03:43,2.24,11.50,81.19,951.22,145
5/8/2013 02:03:58,5/8/2013,02:03:58,1.58,11.44,81.90,951.21,191
5/8/2013 02:04:13,5/8/2013,02:04:13,0.47,11.37,83.30,951.22,143
5/8/2013 02:04:28,5/8/2013,02:04:28,0.81,11.37,82.90,951.22,161
5/8/2013 02:04:43,5/8/2013,02:04:43,0.64,11.32,83.59,951.21,188
5/8/2013 02:04:58,5/8/2013,02:04:58,1.57,11.32,83.40,951.20,179
5/8/2013 02:05:13,5/8/2013,02:05:13,1.60,11.32,83.09,951.19,154
5/8/2013 02:05:28,5/8/2013,02:05:28,2.06,11.42,82.30,951.16,156
5/8/2013 02:05:43,5/8/2013,02:05:43,2.15,11.37,82.19,951.15,141
5/8/2013 02:05:58,5/8/2013,02:05:58,2.25,11.37,82.09,951.17,156
5/8/2013 02:06:13,5/8/2013,02:06:13,1.65,11.32,82.80,951.20,149
5/8/2013 02:06:28,5/8/2013,02:06:28,2.55,11.32,82.19,951.16,158
5/8/2013 02:06:43,5/8/2013,02:06:43,1.72,11.25,83.19,951.16,149
5/8/2013 02:06:58,5/8/2013,02:06:58,1.39,11.17,84.00,951.16,158
5/8/2013 02:07:13,5/8/2013,02:07:13,1.13,11.22,83.59,951.15,171
5/8/2013 02:07:28,5/8/2013,02:07:28,0.07,11.17,84.30,951.17,173
5/8/2013 02:07:43,5/8/2013,02:07:43,0.17,11.25,83.00,951.19,169
5/8/2013 02:07:58,5/8/2013,02:07:58,1.78,11.32,82.30,951.14,161
5/8/2013 02:08:13,5/8/2013,02:08:13,2.29,11.25,82.09,951.11,133
5/8/2013 02:08:28,5/8/2013,02:08:28,3.09,11.25,82.59,951.11,139
5/8/2013 02:08:43,5/8/2013,02:08:43,0.74,11.14,83.19,951.13,167
5/8/2013 02:08:58,5/8/2013,02:08:58,0.00,11.02,84.69,951.15,180
5/8/2013 02:09:13,5/8/2013,02:09:13,0.00,11.02,84.90,951.17,162
5/8/2013 02:09:28,5/8/2013,02:09:28,0.63,11.02,84.50,951.15,154
5/8/2013 02:09:43,5/8/2013,02:09:43,1.18,11.02,84.80,951.13,158
5/8/2013 02:09:58,5/8/2013,02:09:58,0.18,11.02,85.40,951.11,154
5/8/2013 02:10:13,5/8/2013,02:10:13,0.46,10.94,85.30,951.08,96
5/8/2013 02:10:28,5/8/2013,02:10:28,0.00,10.89,85.80,951.06,155
5/8/2013 02:10:43,5/8/2013,02:10:43,0.00,10.94,86.09,951.05,160
5/8/2013 02:10:58,5/8/2013,02:10:58,0.00,10.89,86.40,951.05,185
5/8/2013 02:11:13,5/8/2013,02:11:13,0.54,10.94,86.00,951.03,183
5/8/2013 02:11:28,5/8/2013,02:11:28,0.21,10.87,86.30,951.00,160
5/8/2013 02:11:43,5/8/2013,02:11:43,0.00,10.87,86.40,951.03,158
5/8/2013 02:11:58,5/8/2013,02:11:58,0.00,10.87,86.50,951.03,134
5/8/2013 02:12:13,5/8/2013,02:12:13,0.00,10.87,86.50,951.03,158
5/8/2013 02:12:28,5/8/2013,02:12:28,1.14,10.89,86.30,950.99,145
5/8/2013 02:12:43,5/8/2013,02:12:43,0.18,10.87,86.19,951.00,160
5/8/2013 02:12:58,5/8/2013,02:12:58,0.00,10.87,86.09,951.00,177
5/8/2013 02:13:13,5/8/2013,02:13:13,0.81,10.87,86.19,951.01,158
5/8/2013 02:13:28,5/8/2013,02:13:28,1.48,10.89,86.00,950.97,157
5/8/2013 02:13:43,5/8/2013,02:13:43,1.11,10.87,85.69,950.95,143
5/8/2013 02:13:58,5/8/2013,02:13:58,0.26,10.77,86.09,950.97,117
5/8/2013 02:14:13,5/8/2013,02:14:13,0.00,10.75,86.40,950.98,154
5/8/2013 02:14:28,5/8/2013,02:14:28,0.00,10.75,86.80,950.99,145
5/8/2013 02:14:43,5/8/2013,02:14:43,0.00,10.69,87.19,951.00,160
5/8/2013 02:14:58,5/8/2013,02:14:58,0.00,10.69,87.69,950.99,113
5/8/2013 02:15:13,5/8/2013,02:15:13,0.00,10.69,87.90,950.99,141
5/8/2013 02:15:28,5/8/2013,02:15:28,0.00,10.69,87.80,950.98,112
5/8/2013 02:15:43,5/8/2013,02:15:43,0.00,10.67,87.90,950.97,176
5/8/2013 02:15:58,5/8/2013,02:15:58,0.00,10.67,88.00,950.96,116
5/8/2013 02:16:13,5/8/2013,02:16:13,0.00,10.62,88.19,950.97,97
5/8/2013 02:16:28,5/8/2013,02:16:28,0.00,10.62,88.30,950.95,130
5/8/2013 02:16:43,5/8/2013,02:16:43,0.00,10.62,88.00,950.95,111
5/8/2013 02:16:58,5/8/2013,02:16:58,1.29,10.69,87.09,950.93,149
5/8/2013 02:17:13,5/8/2013,02:17:13,0.36,10.69,86.80,950.92,155
5/8/2013 02:17:28,5/8/2013,02:17:28,0.72,10.69,86.30,950.90,132
5/8/2013 02:17:43,5/8/2013,02:17:43,0.00,10.62,86.80,950.91,164
5/8/2013 02:17:58,5/8/2013,02:17:58,0.33,10.62,87.30,950.89,162
5/8/2013 02:18:13,5/8/2013,02:18:13,0.00,10.62,87.30,950.89,149
5/8/2013 02:18:28,5/8/2013,02:18:28,0.00,10.62,87.40,950.88,196
5/8/2013 02:18:43,5/8/2013,02:18:43,0.00,10.55,87.69,950.88,156
5/8/2013 02:18:58,5/8/2013,02:18:58,2.68,10.47,86.80,950.83,158
5/8/2013 02:19:13,5/8/2013,02:19:13,1.83,10.39,87.90,950.76,160
5/8/2013 02:19:28,5/8/2013,02:19:28,0.21,10.39,89.00,950.77,160
5/8/2013 02:19:43,5/8/2013,02:19:43,0.00,10.39,89.69,950.77,123
5/8/2013 02:19:58,5/8/2013,02:19:58,0.00,10.39,90.09,950.75,140
5/8/2013 02:20:13,5/8/2013,02:20:13,0.00,10.35,90.50,950.73,114
5/8/2013 02:20:28,5/8/2013,02:20:28,0.00,10.30,90.59,950.72,178
5/8/2013 02:20:43,5/8/2013,02:20:43,0.58,10.27,90.40,950.68,165
5/8/2013 02:20:58,5/8/2013,02:20:58,0.00,10.27,90.69,950.66,144
5/8/2013 02:21:13,5/8/2013,02:21:13,0.00,10.30,90.90,950.65,170
5/8/2013 02:21:28,5/8/2013,02:21:28,0.00,10.27,91.09,950.64,138
5/8/2013 02:21:43,5/8/2013,02:21:43,0.00,10.22,91.30,950.64,184
5/8/2013 02:21:58,5/8/2013,02:21:58,0.00,10.22,91.30,950.64,173
5/8/2013 02:22:13,5/8/2013,02:22:13,0.00,10.22,91.40,950.64,184
5/8/2013 02:22:28,5/8/2013,02:22:28,0.00,10.19,91.30,950.63,129
5/8/2013 02:22:43,5/8/2013,02:22:43,0.00,10.22,91.30,950.63,126
5/8/2013 02:22:58,5/8/2013,02:22:58,0.00,10.19,91.40,950.63,142
5/8/2013 02:23:13,5/8/2013,02:23:13,0.00,10.14,91.50,950.63,165
5/8/2013 02:23:28,5/8/2013,02:23:28,0.00,10.14,91.59,950.64,103
5/8/2013 02:23:43,5/8/2013,02:23:43,0.00,10.14,91.59,950.63,125
5/8/2013 02:23:58,5/8/2013,02:23:58,0.00,10.14,91.69,950.61,119
5/8/2013 02:24:13,5/8/2013,02:24:13,0.00,10.14,91.80,950.61,181
5/8/2013 02:24:28,5/8/2013,02:24:28,0.00,10.14,91.90,950.59,137
5/8/2013 02:24:43,5/8/2013,02:24:43,0.00,10.10,91.80,950.59,126
5/8/2013 02:24:58,5/8/2013,02:24:58,0.00,10.10,91.59,950.58,196
5/8/2013 02:25:13,5/8/2013,02:25:13,0.00,10.10,91.59,950.58,149
5/8/2013 02:25:28,5/8/2013,02:25:28,0.00,10.07,91.59,950.59,92
5/8/2013 02:25:43,5/8/2013,02:25:43,0.00,10.07,91.69,950.57,122
5/8/2013 02:25:58,5/8/2013,02:25:58,0.00,10.07,91.80,950.56,129
5/8/2013 02:26:13,5/8/2013,02:26:13,0.00,10.07,91.90,950.52,85
5/8/2013 02:26:28,5/8/2013,02:26:28,0.00,10.07,91.90,950.51,117
5/8/2013 02:26:43,5/8/2013,02:26:43,0.00,10.07,92.09,950.51,137
5/8/2013 02:26:58,5/8/2013,02:26:58,0.00,10.02,92.00,950.51,166
5/8/2013 02:27:13,5/8/2013,02:27:13,0.00,10.02,92.00,950.51,164
5/8/2013 02:27:28,5/8/2013,02:27:28,0.00,10.02,92.09,950.51,103
5/8/2013 02:27:43,5/8/2013,02:27:43,0.00,10.02,92.09,950.51,168
5/8/2013 02:27:58,5/8/2013,02:27:58,0.00,10.02,92.09,950.51,167
5/8/2013 02:28:13,5/8/2013,02:28:13,0.00,10.00,92.19,950.52,146
5/8/2013 02:28:28,5/8/2013,02:28:28,0.00,10.00,92.19,950.52,124
5/8/2013 02:28:43,5/8/2013,02:28:43,0.00,10.00,92.19,950.52,156
5/8/2013 02:28:58,5/8/2013,02:28:58,0.00,10.00,92.30,950.52,150
5/8/2013 02:29:13,5/8/2013,02:29:13,0.00,10.00,92.30,950.52,117
5/8/2013 02:29:28,5/8/2013,02:29:28,0.00,10.00,92.40,950.50,143
5/8/2013 02:29:43,5/8/2013,02:29:43,0.00,10.00,92.40,950.50,121
5/8/2013 02:29:58,5/8/2013,02:29:58,0.00,10.00,92.40,950.50,117
5/8/2013 02:30:13,5/8/2013,02:30:13,0.00,10.00,92.40,950.49,164
5/8/2013 02:30:28,5/8/2013,02:30:28,0.00,10.00,92.40,950.48,164
5/8/2013 02:30:43,5/8/2013,02:30:43,0.00,10.00,92.40,950.45,112
5/8/2013 02:30:58,5/8/2013,02:30:58,0.00,10.00,92.40,950.44,157
5/8/2013 02:31:13,5/8/2013,02:31:13,0.00,10.00,92.30,950.44,148
5/8/2013 02:31:28,5/8/2013,02:31:28,0.00,10.00,92.30,950.42,171
5/8/2013 02:31:43,5/8/2013,02:31:43,0.00,10.00,92.40,950.40,113
5/8/2013 02:31:58,5/8/2013,02:31:58,0.00,10.00,92.30,950.36,153
5/8/2013 02:32:13,5/8/2013,02:32:13,0.00,10.00,92.40,950.35,143
5/8/2013 02:32:28,5/8/2013,02:32:28,0.00,10.00,92.50,950.33,155
5/8/2013 02:32:43,5/8/2013,02:32:43,0.00,9.94,92.40,950.33,105
5/8/2013 02:32:58,5/8/2013,02:32:58,0.00,10.00,92.50,950.32,150
5/8/2013 02:33:13,5/8/2013,02:33:13,0.00,10.00,92.50,950.31,161
5/8/2013 02:33:28,5/8/2013,02:33:28,0.00,10.00,92.59,950.32,150
5/8/2013 02:33:43,5/8/2013,02:33:43,0.00,9.94,92.59,950.31,150
5/8/2013 02:33:58,5/8/2013,02:33:58,0.00,10.00,92.69,950.31,88
5/8/2013 02:34:13,5/8/2013,02:34:13,0.00,10.00,92.69,950.31,108
5/8/2013 02:34:28,5/8/2013,02:34:28,0.00,9.94,92.59,950.31,123
5/8/2013 02:34:43,5/8/2013,02:34:43,0.00,10.00,92.59,950.30,72
5/8/2013 02:34:58,5/8/2013,02:34:58,0.00,10.00,92.69,950.28,105
5/8/2013 02:35:13,5/8/2013,02:35:13,0.00,9.94,92.69,950.27,104
5/8/2013 02:35:28,5/8/2013,02:35:28,0.00,10.00,92.69,950.28,152
5/8/2013 02:35:43,5/8/2013,02:35:43,0.00,10.00,92.69,950.28,115
5/8/2013 02:35:58,5/8/2013,02:35:58,0.00,10.00,92.69,950.30,122
5/8/2013 02:36:13,5/8/2013,02:36:13,0.00,10.00,92.69,950.31,143
5/8/2013 02:36:28,5/8/2013,02:36:28,0.00,9.94,92.59,950.32,132
5/8/2013 02:36:43,5/8/2013,02:36:43,0.00,10.00,92.69,950.32,167
5/8/2013 02:36:58,5/8/2013,02:36:58,0.00,10.00,92.69,950.33,102
5/8/2013 02:37:13,5/8/2013,02:37:13,0.00,10.00,92.69,950.34,115
5/8/2013 02:37:28,5/8/2013,02:37:28,0.00,9.94,92.69,950.35,93
5/8/2013 02:37:43,5/8/2013,02:37:43,0.00,9.94,92.69,950.36,159
5/8/2013 02:37:58,5/8/2013,02:37:58,0.00,10.00,92.80,950.38,163
5/8/2013 02:38:13,5/8/2013,02:38:13,0.00,10.00,92.80,950.38,74
5/8/2013 02:38:28,5/8/2013,02:38:28,0.00,10.00,92.80,950.39,178
5/8/2013 02:38:43,5/8/2013,02:38:43,0.00,9.94,92.69,950.39,157
5/8/2013 02:38:58,5/8/2013,02:38:58,0.00,10.00,92.59,950.39,134
5/8/2013 02:39:13,5/8/2013,02:39:13,0.00,10.00,92.50,950.40,169
5/8/2013 02:39:28,5/8/2013,02:39:28,0.00,10.00,92.30,950.41,155
5/8/2013 02:39:43,5/8/2013,02:39:43,0.00,10.00,92.30,950.44,138
5/8/2013 02:39:58,5/8/2013,02:39:58,0.00,10.00,92.40,950.48,163
5/8/2013 02:40:13,5/8/2013,02:40:13,0.00,10.00,92.30,950.49,123
5/8/2013 02:40:28,5/8/2013,02:40:28,0.00,10.00,92.19,950.50,169
5/8/2013 02:40:43,5/8/2013,02:40:43,0.00,10.00,92.00,950.52,163
5/8/2013 02:40:58,5/8/2013,02:40:58,0.00,10.00,92.00,950.53,143
5/8/2013 02:41:13,5/8/2013,02:41:13,0.00,10.00,91.90,950.55,139
5/8/2013 02:41:28,5/8/2013,02:41:28,0.00,10.00,91.80,950.55,164
5/8/2013 02:41:43,5/8/2013,02:41:43,0.00,10.00,91.80,950.55,161
5/8/2013 02:41:58,5/8/2013,02:41:58,0.00,10.00,91.69,950.55,123
5/8/2013 02:42:13,5/8/2013,02:42:13,0.00,10.00,91.80,950.56,174
5/8/2013 02:42:28,5/8/2013,02:42:28,0.00,10.00,91.80,950.55,156
5/8/2013 02:42:43,5/8/2013,02:42:43,0.00,10.00,91.80,950.53,150
5/8/2013 02:42:58,5/8/2013,02:42:58,0.00,10.00,91.90,950.55,154
5/8/2013 02:43:13,5/8/2013,02:43:13,0.00,10.00,91.90,950.52,169
5/8/2013 02:43:28,5/8/2013,02:43:28,0.00,10.00,92.00,950.51,153
5/8/2013 02:43:43,5/8/2013,02:43:43,0.00,10.00,92.00,950.50,159
5/8/2013 02:43:58,5/8/2013,02:43:58,0.00,10.00,92.00,950.47,147
5/8/2013 02:44:13,5/8/2013,02:44:13,0.00,9.94,92.00,950.45,131
5/8/2013 02:44:28,5/8/2013,02:44:28,0.00,9.94,92.09,950.44,156
5/8/2013 02:44:43,5/8/2013,02:44:43,0.00,9.94,92.19,950.43,193
5/8/2013 02:44:58,5/8/2013,02:44:58,0.00,9.94,92.19,950.41,152
5/8/2013 02:45:13,5/8/2013,02:45:13,0.00,9.94,92.30,950.40,117
5/8/2013 02:45:28,5/8/2013,02:45:28,0.00,9.92,92.30,950.39,125
5/8/2013 02:45:43,5/8/2013,02:45:43,0.00,9.94,92.30,950.38,168
5/8/2013 02:45:58,5/8/2013,02:45:58,0.00,9.94,92.40,950.35,84
5/8/2013 02:46:13,5/8/2013,02:46:13,0.00,9.94,92.40,950.33,155
5/8/2013 02:46:28,5/8/2013,02:46:28,0.00,9.94,92.50,950.34,166
5/8/2013 02:46:43,5/8/2013,02:46:43,0.00,10.00,92.50,950.34,134
5/8/2013 02:46:58,5/8/2013,02:46:58,0.00,10.00,92.50,950.33,108
5/8/2013 02:47:13,5/8/2013,02:47:13,0.00,10.00,92.59,950.32,149
5/8/2013 02:47:28,5/8/2013,02:47:28,0.00,10.00,92.40,950.31,153
5/8/2013 02:47:43,5/8/2013,02:47:43,0.00,10.00,92.09,950.31,158
5/8/2013 02:47:58,5/8/2013,02:47:58,0.00,10.00,92.19,950.28,154
5/8/2013 02:48:13,5/8/2013,02:48:13,0.00,10.00,92.19,950.27,157
5/8/2013 02:48:28,5/8/2013,02:48:28,0.00,10.00,92.19,950.26,163
5/8/2013 02:48:43,5/8/2013,02:48:43,0.00,10.00,92.19,950.25,149
5/8/2013 02:48:58,5/8/2013,02:48:58,0.00,10.00,92.30,950.23,155
5/8/2013 02:49:13,5/8/2013,02:49:13,0.00,10.00,92.19,950.22,143
5/8/2013 02:49:28,5/8/2013,02:49:28,0.00,10.00,92.19,950.20,143
5/8/2013 02:49:43,5/8/2013,02:49:43,0.00,10.00,92.30,950.20,145
5/8/2013 02:49:58,5/8/2013,02:49:58,0.00,10.00,92.30,950.20,132
5/8/2013 02:50:13,5/8/2013,02:50:13,0.00,10.00,92.30,950.19,169
5/8/2013 02:50:28,5/8/2013,02:50:28,0.00,10.00,92.30,950.19,85
5/8/2013 02:50:43,5/8/2013,02:50:43,0.00,10.00,92.40,950.19,106
5/8/2013 02:50:58,5/8/2013,02:50:58,0.00,10.00,92.40,950.20,108
5/8/2013 02:51:13,5/8/2013,02:51:13,0.00,10.00,92.40,950.19,124
5/8/2013 02:51:28,5/8/2013,02:51:28,0.00,10.00,92.50,950.18,115
5/8/2013 02:51:43,5/8/2013,02:51:43,0.00,10.00,92.50,950.18,123
5/8/2013 02:51:58,5/8/2013,02:51:58,0.00,10.00,92.50,950.16,142
5/8/2013 02:52:13,5/8/2013,02:52:13,0.00,10.00,92.50,950.15,97
5/8/2013 02:52:28,5/8/2013,02:52:28,0.00,10.00,92.59,950.11,125
5/8/2013 02:52:43,5/8/2013,02:52:43,0.00,10.00,92.59,950.11,138
5/8/2013 02:52:58,5/8/2013,02:52:58,0.00,10.00,92.59,950.12,149
5/8/2013 02:53:13,5/8/2013,02:53:13,0.00,10.00,92.59,950.12,122
5/8/2013 02:53:28,5/8/2013,02:53:28,0.00,10.00,92.59,950.11,113
5/8/2013 02:53:43,5/8/2013,02:53:43,0.00,10.00,92.69,950.09,86
5/8/2013 02:53:58,5/8/2013,02:53:58,0.00,10.00,92.69,950.09,169
5/8/2013 02:54:13,5/8/2013,02:54:13,0.00,10.00,92.69,950.09,166
5/8/2013 02:54:28,5/8/2013,02:54:28,0.00,10.02,92.69,950.11,141
5/8/2013 02:54:43,5/8/2013,02:54:43,0.00,10.02,92.80,950.08,152
5/8/2013 02:54:58,5/8/2013,02:54:58,0.00,10.02,92.80,950.07,159
5/8/2013 02:55:13,5/8/2013,02:55:13,0.00,10.02,92.80,950.09,160
5/8/2013 02:55:28,5/8/2013,02:55:28,0.00,10.02,92.80,950.08,169
5/8/2013 02:55:43,5/8/2013,02:55:43,0.00,10.02,92.80,950.07,120
5/8/2013 02:55:58,5/8/2013,02:55:58,0.00,10.02,92.80,950.06,112
5/8/2013 02:56:13,5/8/2013,02:56:13,0.00,10.02,92.90,950.06,119
5/8/2013 02:56:28,5/8/2013,02:56:28,0.00,10.00,92.80,950.04,113
5/8/2013 02:56:43,5/8/2013,02:56:43,0.00,10.02,92.90,950.04,109
5/8/2013 02:56:58,5/8/2013,02:56:58,0.00,10.02,92.90,950.04,134
5/8/2013 02:57:13,5/8/2013,02:57:13,0.00,10.07,92.90,950.04,124
5/8/2013 02:57:28,5/8/2013,02:57:28,0.00,10.07,92.90,950.03,82
5/8/2013 02:57:43,5/8/2013,02:57:43,0.00,10.02,92.90,950.03,74
5/8/2013 02:57:58,5/8/2013,02:57:58,0.00,10.02,92.90,950.03,98
5/8/2013 02:58:13,5/8/2013,02:58:13,0.00,10.02,92.90,950.03,153
5/8/2013 02:58:28,5/8/2013,02:58:28,0.00,10.07,92.90,950.04,169
5/8/2013 02:58:43,5/8/2013,02:58:43,0.00,10.07,93.00,950.02,248
5/8/2013 02:58:58,5/8/2013,02:58:58,0.00,10.07,93.00,950.01,98
5/8/2013 02:59:13,5/8/2013,02:59:13,0.00,10.07,93.00,950.01,101
5/8/2013 02:59:28,5/8/2013,02:59:28,0.00,10.07,93.00,950.01,148
5/8/2013 02:59:43,5/8/2013,02:59:43,0.00,10.07,93.00,950.03,151
5/8/2013 02:59:58,5/8/2013,02:59:58,0.00,10.10,93.00,950.02,149
5/8/2013 03:00:13,5/8/2013,03:00:13,0.00,10.07,93.00,950.02,124
5/8/2013 03:00:28,5/8/2013,03:00:28,0.00,10.07,93.00,950.03,112
5/8/2013 03:00:43,5/8/2013,03:00:43,0.00,10.07,93.00,950.03,120
5/8/2013 03:00:58,5/8/2013,03:00:58,0.00,10.07,93.00,950.04,119
5/8/2013 03:01:13,5/8/2013,03:01:13,0.00,10.10,93.00,950.06,136
5/8/2013 03:01:28,5/8/2013,03:01:28,0.00,10.10,93.09,950.07,145
5/8/2013 03:01:43,5/8/2013,03:01:43,0.00,10.07,93.09,950.08,120
5/8/2013 03:01:58,5/8/2013,03:01:58,0.00,10.10,93.09,950.06,125
5/8/2013 03:02:13,5/8/2013,03:02:13,0.00,10.07,93.09,950.07,154
5/8/2013 03:02:28,5/8/2013,03:02:28,0.00,10.07,93.09,950.07,108
5/8/2013 03:02:43,5/8/2013,03:02:43,0.00,10.07,93.09,950.06,101
5/8/2013 03:02:58,5/8/2013,03:02:58,0.00,10.07,93.09,950.06,120
5/8/2013 03:03:13,5/8/2013,03:03:13,0.00,10.10,93.09,950.04,116
5/8/2013 03:03:28,5/8/2013,03:03:28,0.00,10.10,93.09,950.04,94
5/8/2013 03:03:43,5/8/2013,03:03:43,0.00,10.10,93.09,950.03,137
5/8/2013 03:03:58,5/8/2013,03:03:58,0.00,10.14,93.09,950.02,201
5/8/2013 03:04:13,5/8/2013,03:04:13,0.00,10.10,93.09,950.01,146
5/8/2013 03:04:28,5/8/2013,03:04:28,0.00,10.14,93.19,950.00,150
5/8/2013 03:04:43,5/8/2013,03:04:43,0.00,10.14,93.09,950.00,153
5/8/2013 03:04:58,5/8/2013,03:04:58,0.00,10.14,93.00,949.98,147
5/8/2013 03:05:13,5/8/2013,03:05:13,0.00,10.14,93.00,949.95,121
5/8/2013 03:05:28,5/8/2013,03:05:28,0.00,10.14,93.00,949.96,129
5/8/2013 03:05:43,5/8/2013,03:05:43,0.00,10.14,93.00,949.95,109
5/8/2013 03:05:58,5/8/2013,03:05:58,0.00,10.14,93.00,949.94,139
5/8/2013 03:06:13,5/8/2013,03:06:13,0.00,10.14,93.00,949.95,115
5/8/2013 03:06:28,5/8/2013,03:06:28,0.00,10.14,93.00,949.94,163
5/8/2013 03:06:43,5/8/2013,03:06:43,0.00,10.14,93.00,949.94,152
5/8/2013 03:06:58,5/8/2013,03:06:58,0.00,10.14,93.00,949.96,129
5/8/2013 03:07:13,5/8/2013,03:07:13,0.00,10.14,93.00,949.95,167
5/8/2013 03:07:28,5/8/2013,03:07:28,0.00,10.14,93.00,949.96,166
5/8/2013 03:07:43,5/8/2013,03:07:43,0.00,10.14,93.00,949.95,120
5/8/2013 03:07:58,5/8/2013,03:07:58,0.00,10.19,93.00,949.96,147
5/8/2013 03:08:13,5/8/2013,03:08:13,0.00,10.19,93.00,949.95,94
5/8/2013 03:08:28,5/8/2013,03:08:28,0.00,10.14,93.00,949.92,85
5/8/2013 03:08:43,5/8/2013,03:08:43,0.00,10.14,93.00,949.91,166
5/8/2013 03:08:58,5/8/2013,03:08:58,0.00,10.14,93.09,949.90,152
5/8/2013 03:09:13,5/8/2013,03:09:13,0.00,10.19,93.09,949.90,150
5/8/2013 03:09:28,5/8/2013,03:09:28,0.00,10.19,93.00,949.88,163
5/8/2013 03:09:43,5/8/2013,03:09:43,0.00,10.19,93.09,949.87,163
5/8/2013 03:09:58,5/8/2013,03:09:58,0.00,10.22,93.09,949.87,170
5/8/2013 03:10:13,5/8/2013,03:10:13,0.00,10.19,93.09,949.86,166
5/8/2013 03:10:28,5/8/2013,03:10:28,0.00,10.22,93.09,949.86,100
5/8/2013 03:10:43,5/8/2013,03:10:43,0.00,10.22,93.00,949.87,104
5/8/2013 03:10:58,5/8/2013,03:10:58,0.00,10.22,93.09,949.87,101
5/8/2013 03:11:13,5/8/2013,03:11:13,0.00,10.22,93.09,949.86,115
5/8/2013 03:11:28,5/8/2013,03:11:28,0.00,10.22,93.09,949.87,142
5/8/2013 03:11:43,5/8/2013,03:11:43,0.00,10.19,93.09,949.86,143
5/8/2013 03:11:58,5/8/2013,03:11:58,0.00,10.22,93.09,949.85,95
5/8/2013 03:12:13,5/8/2013,03:12:13,0.00,10.22,93.09,949.85,119
5/8/2013 03:12:28,5/8/2013,03:12:28,0.00,10.19,93.09,949.84,152
5/8/2013 03:12:43,5/8/2013,03:12:43,0.00,10.22,93.09,949.84,139
5/8/2013 03:12:58,5/8/2013,03:12:58,0.00,10.22,93.09,949.83,147
5/8/2013 03:13:13,5/8/2013,03:13:13,0.00,10.22,93.09,949.83,161
5/8/2013 03:13:28,5/8/2013,03:13:28,0.00,10.22,93.09,949.82,133
5/8/2013 03:13:43,5/8/2013,03:13:43,0.00,10.22,93.09,949.82,121
5/8/2013 03:13:58,5/8/2013,03:13:58,0.00,10.22,93.09,949.82,147
5/8/2013 03:14:13,5/8/2013,03:14:13,0.00,10.22,93.09,949.83,150
5/8/2013 03:14:28,5/8/2013,03:14:28,0.00,10.22,93.09,949.83,156
5/8/2013 03:14:43,5/8/2013,03:14:43,0.00,10.22,93.09,949.80,152
5/8/2013 03:14:58,5/8/2013,03:14:58,0.00,10.22,93.09,949.82,140
5/8/2013 03:15:13,5/8/2013,03:15:13,0.00,10.27,93.19,949.79,121
5/8/2013 03:15:28,5/8/2013,03:15:28,0.00,10.22,93.09,949.78,147
5/8/2013 03:15:43,5/8/2013,03:15:43,0.00,10.22,93.09,949.77,184
5/8/2013 03:15:58,5/8/2013,03:15:58,0.00,10.22,93.09,949.78,152
5/8/2013 03:16:13,5/8/2013,03:16:13,0.00,10.22,93.09,949.78,134
5/8/2013 03:16:28,5/8/2013,03:16:28,0.00,10.27,93.19,949.79,103
5/8/2013 03:16:43,5/8/2013,03:16:43,0.00,10.27,93.19,949.78,124
5/8/2013 03:16:58,5/8/2013,03:16:58,0.00,10.27,93.19,949.79,130
5/8/2013 03:17:13,5/8/2013,03:17:13,0.00,10.27,93.19,949.80,139
5/8/2013 03:17:28,5/8/2013,03:17:28,0.00,10.27,93.19,949.79,116
5/8/2013 03:17:43,5/8/2013,03:17:43,0.00,10.27,93.19,949.79,133
5/8/2013 03:17:58,5/8/2013,03:17:58,0.00,10.27,93.19,949.78,155
5/8/2013 03:18:13,5/8/2013,03:18:13,0.00,10.27,93.19,949.78,141
5/8/2013 03:18:28,5/8/2013,03:18:28,0.00,10.30,93.19,949.77,102
5/8/2013 03:18:43,5/8/2013,03:18:43,0.00,10.27,93.19,949.76,119
5/8/2013 03:18:58,5/8/2013,03:18:58,0.00,10.27,93.19,949.76,153
5/8/2013 03:19:13,5/8/2013,03:19:13,0.00,10.30,93.19,949.76,146
5/8/2013 03:19:28,5/8/2013,03:19:28,0.00,10.27,93.19,949.76,146
5/8/2013 03:19:43,5/8/2013,03:19:43,0.00,10.27,93.19,949.75,94
5/8/2013 03:19:58,5/8/2013,03:19:58,0.00,10.27,93.19,949.74,98
5/8/2013 03:20:13,5/8/2013,03:20:13,0.00,10.27,93.19,949.74,155
5/8/2013 03:20:28,5/8/2013,03:20:28,0.00,10.30,93.19,949.74,98
5/8/2013 03:20:43,5/8/2013,03:20:43,0.00,10.30,93.19,949.73,120
5/8/2013 03:20:58,5/8/2013,03:20:58,0.00,10.30,93.19,949.71,132
5/8/2013 03:21:13,5/8/2013,03:21:13,0.00,10.30,93.19,949.71,176
5/8/2013 03:21:28,5/8/2013,03:21:28,0.00,10.30,93.19,949.70,122
5/8/2013 03:21:43,5/8/2013,03:21:43,0.00,10.30,93.19,949.69,130
5/8/2013 03:21:58,5/8/2013,03:21:58,0.00,10.30,93.19,949.70,185
5/8/2013 03:22:13,5/8/2013,03:22:13,0.00,10.30,93.19,949.69,139
5/8/2013 03:22:28,5/8/2013,03:22:28,0.00,10.30,93.19,949.69,153
5/8/2013 03:22:43,5/8/2013,03:22:43,0.00,10.30,93.19,949.69,128
5/8/2013 03:22:58,5/8/2013,03:22:58,0.00,10.30,93.19,949.69,136
5/8/2013 03:23:13,5/8/2013,03:23:13,0.00,10.30,93.30,949.68,102
5/8/2013 03:23:28,5/8/2013,03:23:28,0.00,10.30,93.30,949.69,75
5/8/2013 03:23:43,5/8/2013,03:23:43,0.00,10.30,93.30,949.68,81
5/8/2013 03:23:58,5/8/2013,03:23:58,0.00,10.30,93.30,949.67,124
5/8/2013 03:24:13,5/8/2013,03:24:13,0.00,10.30,93.30,949.66,122
5/8/2013 03:24:28,5/8/2013,03:24:28,0.00,10.30,93.30,949.67,80
5/8/2013 03:24:43,5/8/2013,03:24:43,0.00,10.30,93.30,949.67,150
5/8/2013 03:24:58,5/8/2013,03:24:58,0.00,10.30,93.30,949.68,159
5/8/2013 03:25:13,5/8/2013,03:25:13,0.00,10.30,93.30,949.68,152
5/8/2013 03:25:28,5/8/2013,03:25:28,0.00,10.35,93.30,949.68,162
5/8/2013 03:25:43,5/8/2013,03:25:43,0.00,10.35,93.30,949.68,131
5/8/2013 03:25:58,5/8/2013,03:25:58,0.00,10.30,93.30,949.69,165
5/8/2013 03:26:13,5/8/2013,03:26:13,0.00,10.35,93.30,949.70,109
5/8/2013 03:26:28,5/8/2013,03:26:28,0.00,10.30,93.30,949.69,79
5/8/2013 03:26:43,5/8/2013,03:26:43,0.00,10.30,93.30,949.69,143
5/8/2013 03:26:58,5/8/2013,03:26:58,0.00,10.30,93.30,949.69,165
5/8/2013 03:27:13,5/8/2013,03:27:13,0.00,10.35,93.30,949.69,141
5/8/2013 03:27:28,5/8/2013,03:27:28,0.00,10.35,93.30,949.69,92
5/8/2013 03:27:43,5/8/2013,03:27:43,0.00,10.30,93.30,949.66,85
5/8/2013 03:27:58,5/8/2013,03:27:58,0.00,10.30,93.30,949.65,81
5/8/2013 03:28:13,5/8/2013,03:28:13,0.00,10.30,93.30,949.66,128
5/8/2013 03:28:28,5/8/2013,03:28:28,0.00,10.35,93.30,949.66,154
5/8/2013 03:28:43,5/8/2013,03:28:43,0.00,10.30,93.30,949.65,148
5/8/2013 03:28:58,5/8/2013,03:28:58,0.00,10.35,93.30,949.62,78
5/8/2013 03:29:13,5/8/2013,03:29:13,0.00,10.35,93.30,949.61,110
5/8/2013 03:29:28,5/8/2013,03:29:28,0.00,10.35,93.40,949.62,93
5/8/2013 03:29:43,5/8/2013,03:29:43,0.00,10.35,93.40,949.61,112
5/8/2013 03:29:58,5/8/2013,03:29:58,0.00,10.35,93.40,949.61,117
5/8/2013 03:30:13,5/8/2013,03:30:13,0.00,10.30,93.40,949.61,79
5/8/2013 03:30:28,5/8/2013,03:30:28,0.00,10.35,93.40,949.61,137
5/8/2013 03:30:43,5/8/2013,03:30:43,0.00,10.30,93.40,949.61,166
5/8/2013 03:30:58,5/8/2013,03:30:58,0.00,10.35,93.40,949.62,155
5/8/2013 03:31:13,5/8/2013,03:31:13,0.00,10.35,93.40,949.63,154
5/8/2013 03:31:28,5/8/2013,03:31:28,0.00,10.35,93.40,949.63,144
5/8/2013 03:31:43,5/8/2013,03:31:43,0.00,10.35,93.40,949.65,94
5/8/2013 03:31:58,5/8/2013,03:31:58,0.00,10.30,93.40,949.66,105
5/8/2013 03:32:13,5/8/2013,03:32:13,0.00,10.35,93.40,949.65,101
5/8/2013 03:32:28,5/8/2013,03:32:28,0.00,10.35,93.40,949.62,95
5/8/2013 03:32:43,5/8/2013,03:32:43,0.00,10.35,93.40,949.61,101
5/8/2013 03:32:58,5/8/2013,03:32:58,0.00,10.39,93.40,949.61,123
5/8/2013 03:33:13,5/8/2013,03:33:13,0.00,10.35,93.40,949.61,193
5/8/2013 03:33:28,5/8/2013,03:33:28,0.00,10.35,93.40,949.59,104
5/8/2013 03:33:43,5/8/2013,03:33:43,0.00,10.39,93.40,949.58,101
5/8/2013 03:33:58,5/8/2013,03:33:58,0.00,10.35,93.40,949.55,110
5/8/2013 03:34:13,5/8/2013,03:34:13,0.00,10.39,93.40,949.54,138
5/8/2013 03:34:28,5/8/2013,03:34:28,0.00,10.39,93.40,949.55,125
5/8/2013 03:34:43,5/8/2013,03:34:43,0.00,10.39,93.40,949.53,105
5/8/2013 03:34:58,5/8/2013,03:34:58,0.00,10.39,93.40,949.51,142
5/8/2013 03:35:13,5/8/2013,03:35:13,0.00,10.39,93.50,949.51,120
5/8/2013 03:35:28,5/8/2013,03:35:28,0.00,10.39,93.50,949.53,122
5/8/2013 03:35:43,5/8/2013,03:35:43,0.00,10.39,93.50,949.53,119
5/8/2013 03:35:58,5/8/2013,03:35:58,0.00,10.39,93.50,949.53,134
5/8/2013 03:36:13,5/8/2013,03:36:13,0.00,10.39,93.50,949.53,175
5/8/2013 03:36:28,5/8/2013,03:36:28,0.00,10.39,93.50,949.54,105
5/8/2013 03:36:43,5/8/2013,03:36:43,0.00,10.39,93.50,949.54,102
5/8/2013 03:36:58,5/8/2013,03:36:58,0.00,10.39,93.50,949.53,140
5/8/2013 03:37:13,5/8/2013,03:37:13,0.00,10.39,93.50,949.53,167
5/8/2013 03:37:28,5/8/2013,03:37:28,0.00,10.39,93.50,949.52,143
5/8/2013 03:37:43,5/8/2013,03:37:43,0.00,10.39,93.50,949.51,112
5/8/2013 03:37:58,5/8/2013,03:37:58,0.00,10.39,93.50,949.51,143
5/8/2013 03:38:13,5/8/2013,03:38:13,0.00,10.39,93.50,949.50,98
5/8/2013 03:38:28,5/8/2013,03:38:28,0.00,10.39,93.59,949.50,122
5/8/2013 03:38:43,5/8/2013,03:38:43,0.00,10.39,93.59,949.49,109
5/8/2013 03:38:58,5/8/2013,03:38:58,0.00,10.39,93.59,949.49,108
5/8/2013 03:39:13,5/8/2013,03:39:13,0.00,10.39,93.59,949.46,146
5/8/2013 03:39:28,5/8/2013,03:39:28,0.00,10.39,93.59,949.46,153
5/8/2013 03:39:43,5/8/2013,03:39:43,0.00,10.39,93.59,949.45,158
5/8/2013 03:39:58,5/8/2013,03:39:58,0.00,10.39,93.59,949.45,146
5/8/2013 03:40:13,5/8/2013,03:40:13,0.00,10.39,93.59,949.44,139
5/8/2013 03:40:28,5/8/2013,03:40:28,0.00,10.39,93.59,949.44,113
5/8/2013 03:40:43,5/8/2013,03:40:43,0.00,10.39,93.59,949.44,112
5/8/2013 03:40:58,5/8/2013,03:40:58,0.00,10.39,93.59,949.45,132
5/8/2013 03:41:13,5/8/2013,03:41:13,0.00,10.39,93.69,949.46,88
5/8/2013 03:41:28,5/8/2013,03:41:28,0.00,10.39,93.69,949.46,85
5/8/2013 03:41:43,5/8/2013,03:41:43,0.00,10.39,93.69,949.45,112
5/8/2013 03:41:58,5/8/2013,03:41:58,0.00,10.39,93.69,949.44,131
5/8/2013 03:42:13,5/8/2013,03:42:13,0.00,10.39,93.69,949.45,155
5/8/2013 03:42:28,5/8/2013,03:42:28,0.00,10.39,93.69,949.44,120
5/8/2013 03:42:43,5/8/2013,03:42:43,0.00,10.39,93.69,949.44,119
5/8/2013 03:42:58,5/8/2013,03:42:58,0.00,10.39,93.69,949.44,140
5/8/2013 03:43:13,5/8/2013,03:43:13,0.00,10.42,93.69,949.45,119
5/8/2013 03:43:28,5/8/2013,03:43:28,0.00,10.42,93.69,949.44,116
5/8/2013 03:43:43,5/8/2013,03:43:43,0.00,10.42,93.69,949.45,168
5/8/2013 03:43:58,5/8/2013,03:43:58,0.00,10.42,93.80,949.46,165
5/8/2013 03:44:13,5/8/2013,03:44:13,0.00,10.42,93.80,949.46,136
5/8/2013 03:44:28,5/8/2013,03:44:28,0.00,10.42,93.80,949.49,136
5/8/2013 03:44:43,5/8/2013,03:44:43,0.00,10.39,93.80,949.50,128
5/8/2013 03:44:58,5/8/2013,03:44:58,0.00,10.42,93.80,949.46,137
5/8/2013 03:45:13,5/8/2013,03:45:13,0.00,10.47,93.80,949.45,132
5/8/2013 03:45:28,5/8/2013,03:45:28,0.00,10.42,93.80,949.46,87
5/8/2013 03:45:43,5/8/2013,03:45:43,0.00,10.42,93.80,949.44,90
5/8/2013 03:45:58,5/8/2013,03:45:58,0.00,10.42,93.80,949.42,90
5/8/2013 03:46:13,5/8/2013,03:46:13,0.00,10.42,93.80,949.42,150
5/8/2013 03:46:28,5/8/2013,03:46:28,0.00,10.47,93.80,949.42,153
5/8/2013 03:46:43,5/8/2013,03:46:43,0.00,10.47,93.80,949.42,99
5/8/2013 03:46:58,5/8/2013,03:46:58,0.00,10.47,93.80,949.42,167
5/8/2013 03:47:13,5/8/2013,03:47:13,0.00,10.47,93.80,949.43,158
5/8/2013 03:47:28,5/8/2013,03:47:28,0.00,10.47,93.90,949.44,164
5/8/2013 03:47:43,5/8/2013,03:47:43,0.00,10.47,93.90,949.45,109
5/8/2013 03:47:58,5/8/2013,03:47:58,0.00,10.47,93.90,949.45,146
5/8/2013 03:48:13,5/8/2013,03:48:13,0.00,10.47,93.90,949.45,116
5/8/2013 03:48:28,5/8/2013,03:48:28,0.00,10.47,93.90,949.45,137
5/8/2013 03:48:43,5/8/2013,03:48:43,0.00,10.47,93.90,949.43,108
5/8/2013 03:48:58,5/8/2013,03:48:58,0.00,10.47,93.90,949.42,125
5/8/2013 03:49:13,5/8/2013,03:49:13,0.00,10.47,93.90,949.41,111
5/8/2013 03:49:28,5/8/2013,03:49:28,0.00,10.47,93.90,949.39,109
5/8/2013 03:49:43,5/8/2013,03:49:43,0.00,10.50,93.90,949.41,125
5/8/2013 03:49:58,5/8/2013,03:49:58,0.00,10.47,93.90,949.43,138
5/8/2013 03:50:13,5/8/2013,03:50:13,0.00,10.50,93.90,949.44,162
5/8/2013 03:50:28,5/8/2013,03:50:28,0.00,10.50,93.90,949.45,152
5/8/2013 03:50:43,5/8/2013,03:50:43,0.00,10.55,93.90,949.47,156
5/8/2013 03:50:58,5/8/2013,03:50:58,0.00,10.55,94.00,949.47,145
5/8/2013 03:51:13,5/8/2013,03:51:13,0.00,10.55,94.00,949.47,150
5/8/2013 03:51:28,5/8/2013,03:51:28,0.00,10.55,94.00,949.49,125
5/8/2013 03:51:43,5/8/2013,03:51:43,0.00,10.55,94.00,949.49,154
5/8/2013 03:51:58,5/8/2013,03:51:58,0.00,10.55,94.00,949.50,151
5/8/2013 03:52:13,5/8/2013,03:52:13,0.00,10.55,94.00,949.50,149
5/8/2013 03:52:28,5/8/2013,03:52:28,0.00,10.55,94.00,949.51,143
5/8/2013 03:52:43,5/8/2013,03:52:43,0.00,10.57,94.00,949.51,174
5/8/2013 03:52:58,5/8/2013,03:52:58,0.00,10.55,94.00,949.50,168
5/8/2013 03:53:13,5/8/2013,03:53:13,0.00,10.55,94.00,949.49,148
5/8/2013 03:53:28,5/8/2013,03:53:28,0.00,10.55,94.00,949.49,145
5/8/2013 03:53:43,5/8/2013,03:53:43,0.00,10.57,94.00,949.49,131
5/8/2013 03:53:58,5/8/2013,03:53:58,0.00,10.57,94.00,949.50,148
5/8/2013 03:54:13,5/8/2013,03:54:13,0.00,10.57,94.00,949.47,155
5/8/2013 03:54:28,5/8/2013,03:54:28,0.00,10.57,94.00,949.46,109
5/8/2013 03:54:43,5/8/2013,03:54:43,0.00,10.57,94.00,949.46,113
5/8/2013 03:54:58,5/8/2013,03:54:58,0.00,10.62,94.00,949.47,175
5/8/2013 03:55:13,5/8/2013,03:55:13,0.00,10.62,94.09,949.47,164
5/8/2013 03:55:28,5/8/2013,03:55:28,0.00,10.62,94.09,949.50,155
5/8/2013 03:55:43,5/8/2013,03:55:43,0.00,10.62,94.09,949.50,171
5/8/2013 03:55:58,5/8/2013,03:55:58,0.00,10.62,94.09,949.49,164
5/8/2013 03:56:13,5/8/2013,03:56:13,0.00,10.62,94.09,949.46,144
5/8/2013 03:56:28,5/8/2013,03:56:28,0.00,10.62,94.09,949.46,149
5/8/2013 03:56:43,5/8/2013,03:56:43,0.00,10.62,94.09,949.46,110
5/8/2013 03:56:58,5/8/2013,03:56:58,0.00,10.67,94.09,949.46,139
5/8/2013 03:57:13,5/8/2013,03:57:13,0.00,10.67,94.09,949.46,214
5/8/2013 03:57:28,5/8/2013,03:57:28,0.00,10.69,94.19,949.44,211
5/8/2013 03:57:43,5/8/2013,03:57:43,0.00,10.69,94.09,949.44,129
5/8/2013 03:57:58,5/8/2013,03:57:58,0.00,10.69,94.09,949.43,143
5/8/2013 03:58:13,5/8/2013,03:58:13,0.00,10.69,94.19,949.43,164
5/8/2013 03:58:28,5/8/2013,03:58:28,0.00,10.69,94.19,949.43,157
5/8/2013 03:58:43,5/8/2013,03:58:43,0.00,10.69,94.19,949.43,174
5/8/2013 03:58:58,5/8/2013,03:58:58,0.00,10.75,94.19,949.43,169
5/8/2013 03:59:13,5/8/2013,03:59:13,0.00,10.69,94.19,949.43,174
5/8/2013 03:59:28,5/8/2013,03:59:28,0.00,10.77,94.19,949.43,179
5/8/2013 03:59:43,5/8/2013,03:59:43,0.00,10.75,94.19,949.42,136
5/8/2013 03:59:58,5/8/2013,03:59:58,0.00,10.77,94.19,949.41,110
5/8/2013 04:00:13,5/8/2013,04:00:13,0.00,10.75,94.19,949.38,188
5/8/2013 04:00:28,5/8/2013,04:00:28,0.00,10.75,94.19,949.38,198
5/8/2013 04:00:43,5/8/2013,04:00:43,0.00,10.77,94.19,949.37,173
5/8/2013 04:00:58,5/8/2013,04:00:58,0.00,10.77,94.19,949.38,163
5/8/2013 04:01:13,5/8/2013,04:01:13,0.00,10.77,94.19,949.37,113
5/8/2013 04:01:28,5/8/2013,04:01:28,0.00,10.77,94.19,949.35,105
5/8/2013 04:01:43,5/8/2013,04:01:43,0.00,10.82,94.19,949.33,177
5/8/2013 04:01:58,5/8/2013,04:01:58,0.00,10.82,94.19,949.33,160
5/8/2013 04:02:13,5/8/2013,04:02:13,0.00,10.87,94.19,949.30,163
5/8/2013 04:02:28,5/8/2013,04:02:28,0.00,10.87,94.19,949.27,174
5/8/2013 04:02:43,5/8/2013,04:02:43,0.00,10.94,94.30,949.26,168
5/8/2013 04:02:58,5/8/2013,04:02:58,0.00,10.89,94.19,949.26,191
5/8/2013 04:03:13,5/8/2013,04:03:13,0.00,10.89,94.19,949.24,149
5/8/2013 04:03:28,5/8/2013,04:03:28,0.00,10.89,94.19,949.20,140
5/8/2013 04:03:43,5/8/2013,04:03:43,0.00,10.94,94.19,949.20,176
5/8/2013 04:03:58,5/8/2013,04:03:58,0.00,10.89,94.19,949.14,269
5/8/2013 04:04:13,5/8/2013,04:04:13,0.00,10.89,94.19,949.11,82
5/8/2013 04:04:28,5/8/2013,04:04:28,0.00,10.94,94.19,949.09,180
5/8/2013 04:04:43,5/8/2013,04:04:43,0.00,10.94,94.19,949.05,160
5/8/2013 04:04:58,5/8/2013,04:04:58,0.00,10.94,94.19,949.02,164
5/8/2013 04:05:13,5/8/2013,04:05:13,0.00,10.97,94.19,949.00,164
5/8/2013 04:05:28,5/8/2013,04:05:28,0.00,10.94,94.19,948.96,158
5/8/2013 04:05:43,5/8/2013,04:05:43,0.00,10.94,94.19,948.95,125
5/8/2013 04:05:58,5/8/2013,04:05:58,0.00,10.94,94.19,948.93,169
5/8/2013 04:06:13,5/8/2013,04:06:13,0.00,10.94,94.19,948.93,120
5/8/2013 04:06:28,5/8/2013,04:06:28,0.00,10.94,94.19,948.93,141
5/8/2013 04:06:43,5/8/2013,04:06:43,0.00,10.97,94.19,948.90,152
5/8/2013 04:06:58,5/8/2013,04:06:58,0.00,10.94,94.19,948.89,155
5/8/2013 04:07:13,5/8/2013,04:07:13,0.00,10.94,94.19,948.87,150
5/8/2013 04:07:28,5/8/2013,04:07:28,0.00,10.94,94.19,948.86,107
5/8/2013 04:07:43,5/8/2013,04:07:43,0.00,10.94,94.19,948.81,122
5/8/2013 04:07:58,5/8/2013,04:07:58,0.00,10.94,94.19,948.78,129
5/8/2013 04:08:13,5/8/2013,04:08:13,0.00,10.97,94.19,948.77,155
5/8/2013 04:08:28,5/8/2013,04:08:28,0.00,10.97,94.19,948.75,121
5/8/2013 04:08:43,5/8/2013,04:08:43,0.00,10.97,94.30,948.73,163
5/8/2013 04:08:58,5/8/2013,04:08:58,0.00,10.97,94.30,948.72,172
5/8/2013 04:09:13,5/8/2013,04:09:13,0.00,10.97,94.30,948.75,110
5/8/2013 04:09:28,5/8/2013,04:09:28,0.00,10.97,94.30,948.79,98
5/8/2013 04:09:43,5/8/2013,04:09:43,0.00,10.97,94.30,948.82,184
5/8/2013 04:09:58,5/8/2013,04:09:58,0.19,11.02,94.30,948.87,136
5/8/2013 04:10:13,5/8/2013,04:10:13,0.94,10.97,94.30,948.88,154
5/8/2013 04:10:28,5/8/2013,04:10:28,0.25,11.02,94.19,948.93,142
5/8/2013 04:10:43,5/8/2013,04:10:43,0.00,11.02,94.30,948.95,178
5/8/2013 04:10:58,5/8/2013,04:10:58,0.00,11.02,94.30,948.95,159
5/8/2013 04:11:13,5/8/2013,04:11:13,0.00,11.02,94.30,948.97,155
5/8/2013 04:11:28,5/8/2013,04:11:28,0.00,11.02,94.30,948.96,140
5/8/2013 04:11:43,5/8/2013,04:11:43,0.00,10.97,94.30,948.97,180
5/8/2013 04:11:58,5/8/2013,04:11:58,0.06,11.02,94.30,948.97,143
5/8/2013 04:12:13,5/8/2013,04:12:13,0.18,11.02,94.30,948.97,257
5/8/2013 04:12:28,5/8/2013,04:12:28,0.00,11.02,94.30,948.96,132
5/8/2013 04:12:43,5/8/2013,04:12:43,0.00,11.02,94.30,948.97,167
5/8/2013 04:12:58,5/8/2013,04:12:58,0.00,11.02,94.30,948.97,148
5/8/2013 04:13:13,5/8/2013,04:13:13,0.00,11.02,94.30,948.97,143
5/8/2013 04:13:28,5/8/2013,04:13:28,0.00,11.02,94.40,948.98,172
5/8/2013 04:13:43,5/8/2013,04:13:43,0.00,11.02,94.40,949.00,153
5/8/2013 04:13:58,5/8/2013,04:13:58,0.00,11.02,94.40,949.02,160
5/8/2013 04:14:13,5/8/2013,04:14:13,1.74,11.02,94.40,949.00,143
5/8/2013 04:14:28,5/8/2013,04:14:28,1.05,11.02,94.40,949.01,212
5/8/2013 04:14:43,5/8/2013,04:14:43,0.88,11.02,94.40,949.01,154
5/8/2013 04:14:58,5/8/2013,04:14:58,0.15,11.02,94.40,949.01,133
5/8/2013 04:15:13,5/8/2013,04:15:13,0.00,11.02,94.40,949.01,128
5/8/2013 04:15:28,5/8/2013,04:15:28,0.00,11.02,94.40,949.01,146
5/8/2013 04:15:43,5/8/2013,04:15:43,0.00,11.02,94.40,949.02,155
5/8/2013 04:15:58,5/8/2013,04:15:58,0.00,11.02,94.40,949.02,148
5/8/2013 04:16:13,5/8/2013,04:16:13,0.00,11.02,94.40,949.03,156
5/8/2013 04:16:28,5/8/2013,04:16:28,0.00,11.02,94.40,949.03,144
5/8/2013 04:16:43,5/8/2013,04:16:43,0.00,11.02,94.40,949.01,112
5/8/2013 04:16:58,5/8/2013,04:16:58,0.00,11.02,94.40,949.02,152
5/8/2013 04:17:13,5/8/2013,04:17:13,0.00,11.02,94.40,949.01,147
5/8/2013 04:17:28,5/8/2013,04:17:28,0.00,11.02,94.40,949.01,150
5/8/2013 04:17:43,5/8/2013,04:17:43,0.00,11.02,94.40,949.00,107
5/8/2013 04:17:58,5/8/2013,04:17:58,0.00,11.02,94.40,948.98,158
5/8/2013 04:18:13,5/8/2013,04:18:13,0.00,11.05,94.40,948.98,207
5/8/2013 04:18:28,5/8/2013,04:18:28,0.00,11.02,94.40,948.96,137
5/8/2013 04:18:43,5/8/2013,04:18:43,0.32,11.02,94.40,948.94,150
5/8/2013 04:18:58,5/8/2013,04:18:58,0.61,11.02,94.40,948.93,167
5/8/2013 04:19:13,5/8/2013,04:19:13,1.04,11.02,94.40,948.93,124
5/8/2013 04:19:28,5/8/2013,04:19:28,1.32,11.02,94.30,948.90,151
5/8/2013 04:19:43,5/8/2013,04:19:43,1.04,11.02,94.30,948.89,123
5/8/2013 04:19:58,5/8/2013,04:19:58,0.07,11.05,94.40,948.93,178
5/8/2013 04:20:13,5/8/2013,04:20:13,0.00,11.05,94.40,948.94,170
5/8/2013 04:20:28,5/8/2013,04:20:28,0.00,11.02,94.40,948.94,168
5/8/2013 04:20:43,5/8/2013,04:20:43,0.91,11.05,94.30,948.92,154
5/8/2013 04:20:58,5/8/2013,04:20:58,1.54,11.05,94.30,948.90,126
5/8/2013 04:21:13,5/8/2013,04:21:13,1.51,11.02,94.19,948.90,134
5/8/2013 04:21:28,5/8/2013,04:21:28,1.75,11.05,94.19,948.87,147
5/8/2013 04:21:43,5/8/2013,04:21:43,0.72,11.02,94.19,948.89,166
5/8/2013 04:21:58,5/8/2013,04:21:58,0.00,11.02,94.19,948.90,171
5/8/2013 04:22:13,5/8/2013,04:22:13,1.61,11.02,94.09,948.87,152
5/8/2013 04:22:28,5/8/2013,04:22:28,0.61,11.05,94.09,948.87,155
5/8/2013 04:22:43,5/8/2013,04:22:43,0.00,11.05,94.09,948.88,147
5/8/2013 04:22:58,5/8/2013,04:22:58,0.00,11.05,94.09,948.87,158
5/8/2013 04:23:13,5/8/2013,04:23:13,0.00,11.02,94.09,948.87,163
5/8/2013 04:23:28,5/8/2013,04:23:28,0.00,11.05,94.09,948.87,113
5/8/2013 04:23:43,5/8/2013,04:23:43,1.34,11.05,94.09,948.84,168
5/8/2013 04:23:58,5/8/2013,04:23:58,0.76,11.05,94.09,948.84,104
5/8/2013 04:24:13,5/8/2013,04:24:13,0.54,11.05,94.09,948.84,152
5/8/2013 04:24:28,5/8/2013,04:24:28,0.25,11.05,94.09,948.84,156
5/8/2013 04:24:43,5/8/2013,04:24:43,0.98,11.05,94.09,948.82,168
5/8/2013 04:24:58,5/8/2013,04:24:58,0.89,11.05,94.09,948.80,144
5/8/2013 04:25:13,5/8/2013,04:25:13,1.27,11.05,94.00,948.80,159
5/8/2013 04:25:28,5/8/2013,04:25:28,1.25,11.02,94.00,948.80,167
5/8/2013 04:25:43,5/8/2013,04:25:43,1.33,11.05,94.00,948.79,150
5/8/2013 04:25:58,5/8/2013,04:25:58,1.68,11.05,94.00,948.78,126
5/8/2013 04:26:13,5/8/2013,04:26:13,1.01,11.05,93.90,948.81,154
5/8/2013 04:26:28,5/8/2013,04:26:28,0.00,11.02,94.00,948.84,161
5/8/2013 04:26:43,5/8/2013,04:26:43,0.00,11.05,94.00,948.85,214
5/8/2013 04:26:58,5/8/2013,04:26:58,0.00,11.05,94.00,948.85,165
5/8/2013 04:27:13,5/8/2013,04:27:13,0.00,11.10,94.00,948.81,160
5/8/2013 04:27:28,5/8/2013,04:27:28,0.00,11.10,94.00,948.80,158
5/8/2013 04:27:43,5/8/2013,04:27:43,0.00,11.10,94.00,948.81,145
5/8/2013 04:27:58,5/8/2013,04:27:58,0.00,11.05,94.00,948.82,158
5/8/2013 04:28:13,5/8/2013,04:28:13,0.00,11.05,94.00,948.82,141
5/8/2013 04:28:28,5/8/2013,04:28:28,0.00,11.05,94.00,948.82,176
5/8/2013 04:28:43,5/8/2013,04:28:43,0.00,11.10,94.00,948.82,150
5/8/2013 04:28:58,5/8/2013,04:28:58,0.00,11.10,94.00,948.80,153
5/8/2013 04:29:13,5/8/2013,04:29:13,0.00,11.05,94.00,948.80,159
5/8/2013 04:29:28,5/8/2013,04:29:28,0.00,11.10,94.00,948.82,150
5/8/2013 04:29:43,5/8/2013,04:29:43,0.00,11.05,94.09,948.81,152
5/8/2013 04:29:58,5/8/2013,04:29:58,0.00,11.10,94.09,948.79,183
5/8/2013 04:30:13,5/8/2013,04:30:13,0.00,11.10,94.09,948.77,146
5/8/2013 04:30:28,5/8/2013,04:30:28,0.00,11.10,94.09,948.76,158
5/8/2013 04:30:43,5/8/2013,04:30:43,0.97,11.10,94.09,948.73,123
5/8/2013 04:30:58,5/8/2013,04:30:58,0.43,11.10,94.09,948.71,155
5/8/2013 04:31:13,5/8/2013,04:31:13,2.08,11.14,94.09,948.69,147
5/8/2013 04:31:28,5/8/2013,04:31:28,1.34,11.14,94.09,948.65,132
5/8/2013 04:31:43,5/8/2013,04:31:43,0.18,11.14,94.09,948.69,149
5/8/2013 04:31:58,5/8/2013,04:31:58,0.00,11.14,94.09,948.69,153
5/8/2013 04:32:13,5/8/2013,04:32:13,0.00,11.10,94.09,948.68,158
5/8/2013 04:32:28,5/8/2013,04:32:28,0.00,11.10,94.09,948.67,167
5/8/2013 04:32:43,5/8/2013,04:32:43,0.00,11.10,94.09,948.65,230
5/8/2013 04:32:58,5/8/2013,04:32:58,0.00,11.10,94.09,948.62,121
5/8/2013 04:33:13,5/8/2013,04:33:13,0.00,11.10,94.09,948.62,148
5/8/2013 04:33:28,5/8/2013,04:33:28,0.00,11.10,94.09,948.61,162
5/8/2013 04:33:43,5/8/2013,04:33:43,0.00,11.10,94.09,948.62,173
5/8/2013 04:33:58,5/8/2013,04:33:58,0.00,11.10,94.09,948.61,139
5/8/2013 04:34:13,5/8/2013,04:34:13,0.00,11.10,94.19,948.61,144
5/8/2013 04:34:28,5/8/2013,04:34:28,0.00,11.14,94.19,948.61,176
5/8/2013 04:34:43,5/8/2013,04:34:43,0.00,11.17,94.19,948.61,172
5/8/2013 04:34:58,5/8/2013,04:34:58,0.00,11.17,94.19,948.61,167
5/8/2013 04:35:13,5/8/2013,04:35:13,0.00,11.17,94.19,948.60,124
5/8/2013 04:35:28,5/8/2013,04:35:28,0.00,11.14,94.19,948.60,149
5/8/2013 04:35:43,5/8/2013,04:35:43,0.00,11.17,94.19,948.57,162
5/8/2013 04:35:58,5/8/2013,04:35:58,0.00,11.17,94.19,948.56,166
5/8/2013 04:36:13,5/8/2013,04:36:13,0.00,11.14,94.19,948.56,160
5/8/2013 04:36:28,5/8/2013,04:36:28,0.00,11.17,94.30,948.56,112
5/8/2013 04:36:43,5/8/2013,04:36:43,0.00,11.17,94.30,948.55,151
5/8/2013 04:36:58,5/8/2013,04:36:58,0.00,11.17,94.30,948.55,151
5/8/2013 04:37:13,5/8/2013,04:37:13,0.00,11.17,94.30,948.55,153
5/8/2013 04:37:28,5/8/2013,04:37:28,0.00,11.17,94.30,948.55,167
5/8/2013 04:37:43,5/8/2013,04:37:43,0.00,11.17,94.30,948.53,148
5/8/2013 04:37:58,5/8/2013,04:37:58,0.00,11.17,94.30,948.53,160
5/8/2013 04:38:13,5/8/2013,04:38:13,0.00,11.22,94.30,948.54,165
5/8/2013 04:38:28,5/8/2013,04:38:28,0.00,11.22,94.30,948.55,149
5/8/2013 04:38:43,5/8/2013,04:38:43,0.49,11.22,94.30,948.54,164
5/8/2013 04:38:58,5/8/2013,04:38:58,0.00,11.22,94.40,948.55,172
5/8/2013 04:39:13,5/8/2013,04:39:13,0.00,11.22,94.40,948.55,148
5/8/2013 04:39:28,5/8/2013,04:39:28,0.00,11.22,94.40,948.54,150
5/8/2013 04:39:43,5/8/2013,04:39:43,0.00,11.25,94.40,948.53,150
5/8/2013 04:39:58,5/8/2013,04:39:58,0.00,11.22,94.40,948.52,152
5/8/2013 04:40:13,5/8/2013,04:40:13,0.00,11.25,94.40,948.51,152
5/8/2013 04:40:28,5/8/2013,04:40:28,0.00,11.25,94.40,948.52,157
5/8/2013 04:40:43,5/8/2013,04:40:43,0.00,11.25,94.40,948.52,159
5/8/2013 04:40:58,5/8/2013,04:40:58,0.00,11.25,94.40,948.53,149
5/8/2013 04:41:13,5/8/2013,04:41:13,0.00,11.25,94.40,948.53,155
5/8/2013 04:41:28,5/8/2013,04:41:28,0.00,11.25,94.40,948.53,160
5/8/2013 04:41:43,5/8/2013,04:41:43,0.00,11.25,94.40,948.53,159
5/8/2013 04:41:58,5/8/2013,04:41:58,0.00,11.25,94.40,948.49,139
5/8/2013 04:42:13,5/8/2013,04:42:13,0.00,11.25,94.40,948.48,165
5/8/2013 04:42:28,5/8/2013,04:42:28,0.00,11.30,94.40,948.48,168
5/8/2013 04:42:43,5/8/2013,04:42:43,0.00,11.30,94.40,948.47,149
5/8/2013 04:42:58,5/8/2013,04:42:58,0.00,11.30,94.40,948.47,152
5/8/2013 04:43:13,5/8/2013,04:43:13,0.00,11.30,94.50,948.46,163
5/8/2013 04:43:28,5/8/2013,04:43:28,0.00,11.32,94.50,948.45,163
5/8/2013 04:43:43,5/8/2013,04:43:43,0.00,11.32,94.50,948.44,151
5/8/2013 04:43:58,5/8/2013,04:43:58,0.00,11.32,94.50,948.43,148
5/8/2013 04:44:13,5/8/2013,04:44:13,0.00,11.32,94.50,948.43,150
5/8/2013 04:44:28,5/8/2013,04:44:28,0.00,11.32,94.50,948.41,174
5/8/2013 04:44:43,5/8/2013,04:44:43,0.00,11.32,94.50,948.40,141
5/8/2013 04:44:58,5/8/2013,04:44:58,0.00,11.32,94.50,948.40,168
5/8/2013 04:45:13,5/8/2013,04:45:13,0.00,11.32,94.50,948.41,152
5/8/2013 04:45:28,5/8/2013,04:45:28,0.00,11.32,94.50,948.39,173
5/8/2013 04:45:43,5/8/2013,04:45:43,0.00,11.32,94.50,948.40,153
5/8/2013 04:45:58,5/8/2013,04:45:58,0.00,11.32,94.50,948.39,138
5/8/2013 04:46:13,5/8/2013,04:46:13,0.00,11.37,94.50,948.40,139
5/8/2013 04:46:28,5/8/2013,04:46:28,0.00,11.37,94.50,948.38,149
5/8/2013 04:46:43,5/8/2013,04:46:43,0.00,11.37,94.50,948.39,172
5/8/2013 04:46:58,5/8/2013,04:46:58,0.00,11.37,94.50,948.38,178
5/8/2013 04:47:13,5/8/2013,04:47:13,0.00,11.42,94.50,948.38,147
5/8/2013 04:47:28,5/8/2013,04:47:28,0.00,11.42,94.59,948.38,112
5/8/2013 04:47:43,5/8/2013,04:47:43,0.00,11.37,94.59,948.38,152
5/8/2013 04:47:58,5/8/2013,04:47:58,0.00,11.42,94.59,948.37,171
5/8/2013 04:48:13,5/8/2013,04:48:13,0.00,11.42,94.59,948.35,128
5/8/2013 04:48:28,5/8/2013,04:48:28,0.00,11.42,94.59,948.36,147
5/8/2013 04:48:43,5/8/2013,04:48:43,0.00,11.42,94.59,948.36,128
5/8/2013 04:48:58,5/8/2013,04:48:58,0.00,11.42,94.59,948.35,149
5/8/2013 04:49:13,5/8/2013,04:49:13,0.00,11.42,94.59,948.35,159
5/8/2013 04:49:28,5/8/2013,04:49:28,0.00,11.42,94.59,948.34,174
5/8/2013 04:49:43,5/8/2013,04:49:43,0.00,11.42,94.59,948.31,148
5/8/2013 04:49:58,5/8/2013,04:49:58,0.00,11.44,94.59,948.34,157
5/8/2013 04:50:13,5/8/2013,04:50:13,0.00,11.50,94.59,948.32,154
5/8/2013 04:50:28,5/8/2013,04:50:28,0.00,11.50,94.59,948.32,167
5/8/2013 04:50:43,5/8/2013,04:50:43,0.00,11.50,94.59,948.31,150
5/8/2013 04:50:58,5/8/2013,04:50:58,0.00,11.50,94.59,948.34,166
5/8/2013 04:51:13,5/8/2013,04:51:13,0.00,11.50,94.59,948.34,153
5/8/2013 04:51:28,5/8/2013,04:51:28,0.00,11.50,94.59,948.34,164
5/8/2013 04:51:43,5/8/2013,04:51:43,0.00,11.50,94.59,948.34,137
5/8/2013 04:51:58,5/8/2013,04:51:58,0.00,11.50,94.59,948.32,138
5/8/2013 04:52:13,5/8/2013,04:52:13,0.00,11.57,94.69,948.31,154
5/8/2013 04:52:28,5/8/2013,04:52:28,0.00,11.57,94.69,948.31,176
5/8/2013 04:52:43,5/8/2013,04:52:43,0.00,11.52,94.59,948.35,162
5/8/2013 04:52:58,5/8/2013,04:52:58,0.00,11.57,94.69,948.34,162
5/8/2013 04:53:13,5/8/2013,04:53:13,0.00,11.57,94.69,948.34,152
5/8/2013 04:53:28,5/8/2013,04:53:28,0.00,11.57,94.69,948.34,174
5/8/2013 04:53:43,5/8/2013,04:53:43,0.00,11.62,94.69,948.34,140
5/8/2013 04:53:58,5/8/2013,04:53:58,0.00,11.64,94.69,948.30,140
5/8/2013 04:54:13,5/8/2013,04:54:13,0.00,11.64,94.69,948.30,146
5/8/2013 04:54:28,5/8/2013,04:54:28,0.00,11.64,94.69,948.28,160
5/8/2013 04:54:43,5/8/2013,04:54:43,0.00,11.64,94.69,948.28,158
5/8/2013 04:54:58,5/8/2013,04:54:58,0.00,11.64,94.69,948.28,161
5/8/2013 04:55:13,5/8/2013,04:55:13,0.00,11.64,94.69,948.27,153
5/8/2013 04:55:28,5/8/2013,04:55:28,0.00,11.69,94.69,948.29,162
5/8/2013 04:55:43,5/8/2013,04:55:43,0.00,11.64,94.69,948.30,153
5/8/2013 04:55:58,5/8/2013,04:55:58,0.00,11.69,94.69,948.29,132
5/8/2013 04:56:13,5/8/2013,04:56:13,0.00,11.72,94.69,948.29,153
5/8/2013 04:56:28,5/8/2013,04:56:28,0.00,11.69,94.69,948.29,168
5/8/2013 04:56:43,5/8/2013,04:56:43,0.00,11.72,94.69,948.29,160
5/8/2013 04:56:58,5/8/2013,04:56:58,0.00,11.72,94.69,948.30,161
5/8/2013 04:57:13,5/8/2013,04:57:13,0.00,11.72,94.69,948.30,170
5/8/2013 04:57:28,5/8/2013,04:57:28,0.00,11.72,94.69,948.30,152
5/8/2013 04:57:43,5/8/2013,04:57:43,0.00,11.72,94.69,948.30,166
5/8/2013 04:57:58,5/8/2013,04:57:58,0.00,11.77,94.69,948.31,179
5/8/2013 04:58:13,5/8/2013,04:58:13,0.00,11.80,94.69,948.30,158
5/8/2013 04:58:28,5/8/2013,04:58:28,0.00,11.80,94.69,948.29,144
5/8/2013 04:58:43,5/8/2013,04:58:43,0.00,11.80,94.69,948.29,124
5/8/2013 04:58:58,5/8/2013,04:58:58,0.00,11.80,94.69,948.28,160
5/8/2013 04:59:13,5/8/2013,04:59:13,0.00,11.80,94.69,948.28,150
5/8/2013 04:59:28,5/8/2013,04:59:28,0.00,11.85,94.69,948.29,178
5/8/2013 04:59:43,5/8/2013,04:59:43,0.00,11.85,94.69,948.30,159
5/8/2013 04:59:58,5/8/2013,04:59:58,0.00,11.80,94.69,948.29,139
5/8/2013 05:00:13,5/8/2013,05:00:13,0.00,11.80,94.69,948.29,157
5/8/2013 05:00:28,5/8/2013,05:00:28,0.00,11.85,94.69,948.28,133
5/8/2013 05:00:43,5/8/2013,05:00:43,0.00,11.85,94.69,948.26,160
5/8/2013 05:00:58,5/8/2013,05:00:58,0.00,11.89,94.69,948.28,168
5/8/2013 05:01:13,5/8/2013,05:01:13,0.00,11.89,94.69,948.27,141
5/8/2013 05:01:28,5/8/2013,05:01:28,0.00,11.89,94.69,948.26,166
5/8/2013 05:01:43,5/8/2013,05:01:43,0.00,11.97,94.80,948.27,147
5/8/2013 05:01:58,5/8/2013,05:01:58,0.00,11.97,94.80,948.24,131
5/8/2013 05:02:13,5/8/2013,05:02:13,0.00,11.97,94.69,948.23,156
5/8/2013 05:02:28,5/8/2013,05:02:28,0.00,11.97,94.69,948.22,144
5/8/2013 05:02:43,5/8/2013,05:02:43,0.00,11.97,94.69,948.23,160
5/8/2013 05:02:58,5/8/2013,05:02:58,0.00,11.97,94.69,948.23,193
5/8/2013 05:03:13,5/8/2013,05:03:13,0.00,12.00,94.69,948.22,169
5/8/2013 05:03:28,5/8/2013,05:03:28,0.00,12.00,94.69,948.22,166
5/8/2013 05:03:43,5/8/2013,05:03:43,0.00,12.05,94.69,948.21,176
5/8/2013 05:03:58,5/8/2013,05:03:58,0.00,12.05,94.69,948.21,162
5/8/2013 05:04:13,5/8/2013,05:04:13,0.00,12.05,94.69,948.22,156
5/8/2013 05:04:28,5/8/2013,05:04:28,0.00,12.05,94.69,948.21,164
5/8/2013 05:04:43,5/8/2013,05:04:43,0.00,12.05,94.69,948.19,132
5/8/2013 05:04:58,5/8/2013,05:04:58,0.00,12.10,94.69,948.19,169
5/8/2013 05:05:13,5/8/2013,05:05:13,0.00,12.10,94.69,948.16,204
5/8/2013 05:05:28,5/8/2013,05:05:28,0.00,12.10,94.69,948.18,213
5/8/2013 05:05:43,5/8/2013,05:05:43,0.00,12.10,94.69,948.19,187
5/8/2013 05:05:58,5/8/2013,05:05:58,0.00,12.12,94.69,948.19,205
5/8/2013 05:06:13,5/8/2013,05:06:13,0.00,12.12,94.69,948.20,159
5/8/2013 05:06:28,5/8/2013,05:06:28,0.00,12.12,94.69,948.18,177
5/8/2013 05:06:43,5/8/2013,05:06:43,0.00,12.12,94.69,948.18,146
5/8/2013 05:06:58,5/8/2013,05:06:58,0.00,12.12,94.69,948.16,153
5/8/2013 05:07:13,5/8/2013,05:07:13,0.00,12.17,94.59,948.16,179
5/8/2013 05:07:28,5/8/2013,05:07:28,0.00,12.12,94.69,948.18,203
5/8/2013 05:07:43,5/8/2013,05:07:43,0.00,12.12,94.69,948.19,202
5/8/2013 05:07:58,5/8/2013,05:07:58,0.00,12.12,94.69,948.18,172
5/8/2013 05:08:13,5/8/2013,05:08:13,0.00,12.12,94.69,948.16,163
5/8/2013 05:08:28,5/8/2013,05:08:28,0.00,12.12,94.69,948.14,161
5/8/2013 05:08:43,5/8/2013,05:08:43,0.00,12.17,94.69,948.15,148
5/8/2013 05:08:58,5/8/2013,05:08:58,0.00,12.17,94.69,948.16,162
5/8/2013 05:09:13,5/8/2013,05:09:13,0.00,12.17,94.69,948.18,164
5/8/2013 05:09:28,5/8/2013,05:09:28,0.00,12.17,94.69,948.16,227
5/8/2013 05:09:43,5/8/2013,05:09:43,0.00,12.17,94.69,948.14,155
5/8/2013 05:09:58,5/8/2013,05:09:58,0.00,12.19,94.69,948.14,160
5/8/2013 05:10:13,5/8/2013,05:10:13,0.00,12.19,94.69,948.13,172
5/8/2013 05:10:28,5/8/2013,05:10:28,0.00,12.19,94.69,948.14,163
5/8/2013 05:10:43,5/8/2013,05:10:43,0.00,12.19,94.59,948.14,167
5/8/2013 05:10:58,5/8/2013,05:10:58,0.00,12.19,94.59,948.15,184
5/8/2013 05:11:13,5/8/2013,05:11:13,0.00,12.25,94.59,948.14,173
5/8/2013 05:11:28,5/8/2013,05:11:28,0.00,12.25,94.59,948.14,173
5/8/2013 05:11:43,5/8/2013,05:11:43,0.00,12.25,94.59,948.15,160
5/8/2013 05:11:58,5/8/2013,05:11:58,1.47,12.27,94.50,948.14,162
5/8/2013 05:12:13,5/8/2013,05:12:13,0.90,12.25,94.50,948.16,206
5/8/2013 05:12:28,5/8/2013,05:12:28,1.11,12.27,94.50,948.16,164
5/8/2013 05:12:43,5/8/2013,05:12:43,0.19,12.25,94.50,948.16,192
5/8/2013 05:12:58,5/8/2013,05:12:58,1.29,12.27,94.50,948.14,174
5/8/2013 05:13:13,5/8/2013,05:13:13,1.92,12.27,94.40,948.15,214
5/8/2013 05:13:28,5/8/2013,05:13:28,1.34,12.27,94.40,948.13,125
5/8/2013 05:13:43,5/8/2013,05:13:43,1.67,12.32,94.40,948.12,216
5/8/2013 05:13:58,5/8/2013,05:13:58,0.40,12.27,94.40,948.13,145
5/8/2013 05:14:13,5/8/2013,05:14:13,1.43,12.27,94.40,948.12,174
5/8/2013 05:14:28,5/8/2013,05:14:28,0.28,12.27,94.40,948.13,167
5/8/2013 05:14:43,5/8/2013,05:14:43,0.00,12.27,94.40,948.13,163
5/8/2013 05:14:58,5/8/2013,05:14:58,0.00,12.32,94.40,948.14,167
5/8/2013 05:15:13,5/8/2013,05:15:13,0.74,12.32,94.40,948.15,167
5/8/2013 05:15:28,5/8/2013,05:15:28,1.65,12.27,94.40,948.13,184
5/8/2013 05:15:43,5/8/2013,05:15:43,0.47,12.27,94.40,948.14,184
5/8/2013 05:15:58,5/8/2013,05:15:58,0.76,12.32,94.40,948.11,156
5/8/2013 05:16:13,5/8/2013,05:16:13,0.15,12.27,94.40,948.12,172
5/8/2013 05:16:28,5/8/2013,05:16:28,0.00,12.27,94.40,948.12,172
5/8/2013 05:16:43,5/8/2013,05:16:43,0.00,12.27,94.40,948.13,160
5/8/2013 05:16:58,5/8/2013,05:16:58,0.00,12.32,94.40,948.13,188
5/8/2013 05:17:13,5/8/2013,05:17:13,0.00,12.32,94.40,948.12,144
5/8/2013 05:17:28,5/8/2013,05:17:28,0.00,12.32,94.40,948.14,167
5/8/2013 05:17:43,5/8/2013,05:17:43,0.00,12.37,94.40,948.14,178
5/8/2013 05:17:58,5/8/2013,05:17:58,1.44,12.37,94.40,948.11,170
5/8/2013 05:18:13,5/8/2013,05:18:13,1.30,12.37,94.40,948.08,166
5/8/2013 05:18:28,5/8/2013,05:18:28,0.32,12.37,94.40,948.11,167
5/8/2013 05:18:43,5/8/2013,05:18:43,0.00,12.37,94.40,948.12,155
5/8/2013 05:18:58,5/8/2013,05:18:58,0.31,12.32,94.30,948.12,169
5/8/2013 05:19:13,5/8/2013,05:19:13,0.14,12.32,94.40,948.10,203
5/8/2013 05:19:28,5/8/2013,05:19:28,0.00,12.37,94.40,948.10,182
5/8/2013 05:19:43,5/8/2013,05:19:43,0.00,12.32,94.40,948.08,190
5/8/2013 05:19:58,5/8/2013,05:19:58,0.00,12.37,94.40,948.10,186
5/8/2013 05:20:13,5/8/2013,05:20:13,0.00,12.32,94.40,948.08,148
5/8/2013 05:20:28,5/8/2013,05:20:28,0.00,12.32,94.40,948.07,186
5/8/2013 05:20:43,5/8/2013,05:20:43,0.00,12.32,94.40,948.07,176
5/8/2013 05:20:58,5/8/2013,05:20:58,0.00,12.32,94.40,948.07,167
5/8/2013 05:21:13,5/8/2013,05:21:13,0.00,12.37,94.40,948.07,170
5/8/2013 05:21:28,5/8/2013,05:21:28,0.00,12.32,94.40,948.06,194
5/8/2013 05:21:43,5/8/2013,05:21:43,0.00,12.37,94.50,948.06,174
5/8/2013 05:21:58,5/8/2013,05:21:58,0.00,12.32,94.40,948.07,156
5/8/2013 05:22:13,5/8/2013,05:22:13,0.00,12.37,94.50,948.08,154
5/8/2013 05:22:28,5/8/2013,05:22:28,1.19,12.37,94.50,948.06,156
5/8/2013 05:22:43,5/8/2013,05:22:43,0.89,12.32,94.40,948.06,151
5/8/2013 05:22:58,5/8/2013,05:22:58,0.22,12.32,94.40,948.06,158
5/8/2013 05:23:13,5/8/2013,05:23:13,0.00,12.37,94.50,948.08,167
5/8/2013 05:23:28,5/8/2013,05:23:28,0.00,12.37,94.50,948.11,128
5/8/2013 05:23:43,5/8/2013,05:23:43,0.75,12.32,94.50,948.08,191
5/8/2013 05:23:58,5/8/2013,05:23:58,0.07,12.32,94.50,948.11,184
5/8/2013 05:24:13,5/8/2013,05:24:13,1.51,12.32,94.40,948.08,231
5/8/2013 05:24:28,5/8/2013,05:24:28,1.61,12.37,94.40,948.02,196
5/8/2013 05:24:43,5/8/2013,05:24:43,0.54,12.32,94.40,948.04,176
5/8/2013 05:24:58,5/8/2013,05:24:58,0.82,12.37,94.40,948.04,144
5/8/2013 05:25:13,5/8/2013,05:25:13,0.00,12.32,94.40,948.02,179
5/8/2013 05:25:28,5/8/2013,05:25:28,0.00,12.32,94.40,948.01,197
5/8/2013 05:25:43,5/8/2013,05:25:43,0.00,12.32,94.40,948.01,178
5/8/2013 05:25:58,5/8/2013,05:25:58,0.00,12.37,94.50,948.01,174
5/8/2013 05:26:13,5/8/2013,05:26:13,0.00,12.32,94.40,947.99,185
5/8/2013 05:26:28,5/8/2013,05:26:28,0.00,12.32,94.40,948.01,157
5/8/2013 05:26:43,5/8/2013,05:26:43,0.00,12.32,94.50,948.02,151
5/8/2013 05:26:58,5/8/2013,05:26:58,0.00,12.32,94.50,948.03,173
5/8/2013 05:27:13,5/8/2013,05:27:13,0.00,12.37,94.50,948.05,201
5/8/2013 05:27:28,5/8/2013,05:27:28,0.00,12.32,94.50,948.05,167
5/8/2013 05:27:43,5/8/2013,05:27:43,0.00,12.32,94.50,948.05,191
5/8/2013 05:27:58,5/8/2013,05:27:58,0.00,12.32,94.50,948.02,164
5/8/2013 05:28:13,5/8/2013,05:28:13,1.30,12.32,94.50,947.98,155
5/8/2013 05:28:28,5/8/2013,05:28:28,0.38,12.32,94.50,947.98,182
5/8/2013 05:28:43,5/8/2013,05:28:43,0.00,12.37,94.50,947.98,160
5/8/2013 05:28:58,5/8/2013,05:28:58,0.00,12.32,94.50,947.99,148
5/8/2013 05:29:13,5/8/2013,05:29:13,0.00,12.32,94.50,947.99,175
5/8/2013 05:29:28,5/8/2013,05:29:28,0.00,12.32,94.59,948.01,169
5/8/2013 05:29:43,5/8/2013,05:29:43,0.00,12.32,94.59,948.01,181
5/8/2013 05:29:58,5/8/2013,05:29:58,0.00,12.32,94.59,947.99,131
5/8/2013 05:30:13,5/8/2013,05:30:13,0.06,12.32,94.59,948.01,153
5/8/2013 05:30:28,5/8/2013,05:30:28,1.22,12.37,94.59,947.96,195
5/8/2013 05:30:43,5/8/2013,05:30:43,0.84,12.27,94.50,947.94,192
5/8/2013 05:30:58,5/8/2013,05:30:58,1.34,12.32,94.50,947.93,166
5/8/2013 05:31:13,5/8/2013,05:31:13,0.15,12.27,94.50,947.96,185
5/8/2013 05:31:28,5/8/2013,05:31:28,0.00,12.32,94.59,947.97,169
5/8/2013 05:31:43,5/8/2013,05:31:43,0.97,12.32,94.59,947.95,173
5/8/2013 05:31:58,5/8/2013,05:31:58,2.72,12.32,94.50,947.90,152
5/8/2013 05:32:13,5/8/2013,05:32:13,2.36,12.32,94.40,947.90,159
5/8/2013 05:32:28,5/8/2013,05:32:28,0.43,12.32,94.50,947.93,162
5/8/2013 05:32:43,5/8/2013,05:32:43,0.79,12.27,94.50,947.91,163
5/8/2013 05:32:58,5/8/2013,05:32:58,0.40,12.32,94.50,947.91,120
5/8/2013 05:33:13,5/8/2013,05:33:13,2.25,12.32,94.40,947.89,152
5/8/2013 05:33:28,5/8/2013,05:33:28,2.18,12.32,94.40,947.90,155
5/8/2013 05:33:43,5/8/2013,05:33:43,1.47,12.27,94.40,947.90,162
5/8/2013 05:33:58,5/8/2013,05:33:58,0.54,12.32,94.50,947.89,165
5/8/2013 05:34:13,5/8/2013,05:34:13,0.00,12.32,94.50,947.89,165
5/8/2013 05:34:28,5/8/2013,05:34:28,0.00,12.27,94.50,947.89,177
5/8/2013 05:34:43,5/8/2013,05:34:43,1.46,12.32,94.40,947.86,181
5/8/2013 05:34:58,5/8/2013,05:34:58,1.29,12.32,94.40,947.85,212
5/8/2013 05:35:13,5/8/2013,05:35:13,0.11,12.27,94.50,947.87,184
5/8/2013 05:35:28,5/8/2013,05:35:28,1.36,12.32,94.40,947.87,175
5/8/2013 05:35:43,5/8/2013,05:35:43,1.99,12.32,94.40,947.83,159
5/8/2013 05:35:58,5/8/2013,05:35:58,2.08,12.37,94.30,947.81,163
5/8/2013 05:36:13,5/8/2013,05:36:13,1.04,12.32,94.40,947.80,155
5/8/2013 05:36:28,5/8/2013,05:36:28,1.29,12.32,94.40,947.80,160
5/8/2013 05:36:43,5/8/2013,05:36:43,0.93,12.32,94.40,947.78,177
5/8/2013 05:36:58,5/8/2013,05:36:58,0.00,12.27,94.40,947.79,168
5/8/2013 05:37:13,5/8/2013,05:37:13,0.47,12.27,94.40,947.80,158
5/8/2013 05:37:28,5/8/2013,05:37:28,0.06,12.27,94.40,947.80,140
5/8/2013 05:37:43,5/8/2013,05:37:43,1.19,12.27,94.40,947.79,163
5/8/2013 05:37:58,5/8/2013,05:37:58,0.28,12.27,94.40,947.81,236
5/8/2013 05:38:13,5/8/2013,05:38:13,0.00,12.27,94.40,947.80,173
5/8/2013 05:38:28,5/8/2013,05:38:28,1.32,12.27,94.40,947.77,168
5/8/2013 05:38:43,5/8/2013,05:38:43,1.64,12.27,94.30,947.75,160
5/8/2013 05:38:58,5/8/2013,05:38:58,0.28,12.27,94.40,947.79,180
5/8/2013 05:39:13,5/8/2013,05:39:13,0.57,12.27,94.40,947.79,210
5/8/2013 05:39:28,5/8/2013,05:39:28,1.18,12.27,94.40,947.78,143
5/8/2013 05:39:43,5/8/2013,05:39:43,0.89,12.27,94.40,947.79,187
5/8/2013 05:39:58,5/8/2013,05:39:58,0.17,12.27,94.40,947.81,178
5/8/2013 05:40:13,5/8/2013,05:40:13,1.36,12.27,94.40,947.80,167
5/8/2013 05:40:28,5/8/2013,05:40:28,2.41,12.27,94.19,947.79,175
5/8/2013 05:40:43,5/8/2013,05:40:43,2.29,12.27,94.19,947.77,184
5/8/2013 05:40:58,5/8/2013,05:40:58,1.19,12.27,94.19,947.78,146
5/8/2013 05:41:13,5/8/2013,05:41:13,2.13,12.27,94.09,947.78,159
5/8/2013 05:41:28,5/8/2013,05:41:28,1.32,12.27,94.19,947.79,168
5/8/2013 05:41:43,5/8/2013,05:41:43,2.38,12.27,94.09,947.80,189
5/8/2013 05:41:58,5/8/2013,05:41:58,1.07,12.27,94.09,947.83,207
5/8/2013 05:42:13,5/8/2013,05:42:13,1.16,12.27,94.09,947.79,203
5/8/2013 05:42:28,5/8/2013,05:42:28,0.12,12.27,94.09,947.81,191
5/8/2013 05:42:43,5/8/2013,05:42:43,0.00,12.27,94.19,947.82,180
5/8/2013 05:42:58,5/8/2013,05:42:58,0.00,12.27,94.19,947.81,170
5/8/2013 05:43:13,5/8/2013,05:43:13,0.28,12.27,94.19,947.81,164
5/8/2013 05:43:28,5/8/2013,05:43:28,1.29,12.27,94.19,947.80,187
5/8/2013 05:43:43,5/8/2013,05:43:43,2.32,12.27,94.19,947.79,220
5/8/2013 05:43:58,5/8/2013,05:43:58,1.79,12.27,94.09,947.80,187
5/8/2013 05:44:13,5/8/2013,05:44:13,1.83,12.27,94.09,947.81,189
5/8/2013 05:44:28,5/8/2013,05:44:28,0.98,12.27,94.09,947.81,163
5/8/2013 05:44:43,5/8/2013,05:44:43,0.60,12.27,94.19,947.83,172
5/8/2013 05:44:58,5/8/2013,05:44:58,0.09,12.25,94.19,947.83,186
5/8/2013 05:45:13,5/8/2013,05:45:13,1.39,12.27,94.30,947.80,170
5/8/2013 05:45:28,5/8/2013,05:45:28,1.58,12.27,94.30,947.80,157
5/8/2013 05:45:43,5/8/2013,05:45:43,1.19,12.27,94.30,947.79,193
5/8/2013 05:45:58,5/8/2013,05:45:58,1.23,12.25,94.30,947.80,171
5/8/2013 05:46:13,5/8/2013,05:46:13,0.97,12.25,94.30,947.81,172
5/8/2013 05:46:28,5/8/2013,05:46:28,0.12,12.25,94.30,947.81,210
5/8/2013 05:46:43,5/8/2013,05:46:43,0.00,12.25,94.30,947.83,174
5/8/2013 05:46:58,5/8/2013,05:46:58,0.00,12.25,94.40,947.83,187
5/8/2013 05:47:13,5/8/2013,05:47:13,0.00,12.27,94.40,947.81,188
5/8/2013 05:47:28,5/8/2013,05:47:28,1.00,12.25,94.40,947.78,191
5/8/2013 05:47:43,5/8/2013,05:47:43,1.25,12.27,94.40,947.78,175
5/8/2013 05:47:58,5/8/2013,05:47:58,1.62,12.25,94.40,947.79,202
5/8/2013 05:48:13,5/8/2013,05:48:13,1.27,12.25,94.40,947.78,186
5/8/2013 05:48:28,5/8/2013,05:48:28,0.60,12.25,94.40,947.78,179
5/8/2013 05:48:43,5/8/2013,05:48:43,0.42,12.25,94.40,947.79,187
5/8/2013 05:48:58,5/8/2013,05:48:58,0.69,12.19,94.40,947.79,195
5/8/2013 05:49:13,5/8/2013,05:49:13,1.37,12.25,94.40,947.78,232
5/8/2013 05:49:28,5/8/2013,05:49:28,0.94,12.19,94.40,947.75,164
5/8/2013 05:49:43,5/8/2013,05:49:43,0.09,12.19,94.40,947.75,170
5/8/2013 05:49:58,5/8/2013,05:49:58,2.10,12.19,94.19,947.77,206
5/8/2013 05:50:13,5/8/2013,05:50:13,2.43,12.19,94.09,947.71,193
5/8/2013 05:50:28,5/8/2013,05:50:28,2.57,12.25,93.90,947.69,197
5/8/2013 05:50:43,5/8/2013,05:50:43,2.53,12.25,94.00,947.72,161
5/8/2013 05:50:58,5/8/2013,05:50:58,2.31,12.25,93.90,947.70,155
5/8/2013 05:51:13,5/8/2013,05:51:13,2.22,12.25,93.90,947.66,167
5/8/2013 05:51:28,5/8/2013,05:51:28,2.04,12.25,94.00,947.68,196
5/8/2013 05:51:43,5/8/2013,05:51:43,2.31,12.19,93.90,947.69,215
5/8/2013 05:51:58,5/8/2013,05:51:58,3.09,12.25,93.80,947.70,218
5/8/2013 05:52:13,5/8/2013,05:52:13,2.32,12.19,93.80,947.70,192
5/8/2013 05:52:28,5/8/2013,05:52:28,1.04,12.19,93.90,947.73,156
5/8/2013 05:52:43,5/8/2013,05:52:43,0.91,12.19,94.00,947.72,186
5/8/2013 05:52:58,5/8/2013,05:52:58,1.15,12.19,94.09,947.72,180
5/8/2013 05:53:13,5/8/2013,05:53:13,0.86,12.19,94.09,947.72,159
5/8/2013 05:53:28,5/8/2013,05:53:28,0.54,12.19,94.09,947.75,181
5/8/2013 05:53:43,5/8/2013,05:53:43,0.76,12.19,94.19,947.75,230
5/8/2013 05:53:58,5/8/2013,05:53:58,0.94,12.17,94.50,947.75,196
5/8/2013 05:54:13,5/8/2013,05:54:13,1.39,12.19,94.50,947.73,201
5/8/2013 05:54:28,5/8/2013,05:54:28,2.21,12.19,94.40,947.71,223
5/8/2013 05:54:43,5/8/2013,05:54:43,3.18,12.19,94.30,947.68,198
5/8/2013 05:54:58,5/8/2013,05:54:58,1.54,12.19,94.40,947.71,159
5/8/2013 05:55:13,5/8/2013,05:55:13,0.39,12.19,94.50,947.75,163
5/8/2013 05:55:28,5/8/2013,05:55:28,1.89,12.19,94.40,947.70,211
5/8/2013 05:55:43,5/8/2013,05:55:43,1.46,12.19,94.40,947.69,188
5/8/2013 05:55:58,5/8/2013,05:55:58,2.82,12.19,94.19,947.68,209
5/8/2013 05:56:13,5/8/2013,05:56:13,1.33,12.19,94.30,947.69,166
5/8/2013 05:56:28,5/8/2013,05:56:28,2.18,12.19,94.19,947.66,213
5/8/2013 05:56:43,5/8/2013,05:56:43,1.04,12.19,94.30,947.69,175
5/8/2013 05:56:58,5/8/2013,05:56:58,1.03,12.19,94.30,947.66,144
5/8/2013 05:57:13,5/8/2013,05:57:13,0.60,12.17,94.40,947.66,143
5/8/2013 05:57:28,5/8/2013,05:57:28,1.78,12.19,94.30,947.66,154
5/8/2013 05:57:43,5/8/2013,05:57:43,1.30,12.19,94.40,947.66,165
5/8/2013 05:57:58,5/8/2013,05:57:58,1.60,12.19,94.30,947.65,118
5/8/2013 05:58:13,5/8/2013,05:58:13,2.41,12.19,94.09,947.65,153
5/8/2013 05:58:28,5/8/2013,05:58:28,1.65,12.17,94.09,947.65,158
5/8/2013 05:58:43,5/8/2013,05:58:43,1.11,12.17,94.19,947.65,188
5/8/2013 05:58:58,5/8/2013,05:58:58,2.93,12.17,93.80,947.61,202
5/8/2013 05:59:13,5/8/2013,05:59:13,2.39,12.19,93.69,947.61,202
5/8/2013 05:59:28,5/8/2013,05:59:28,1.11,12.19,93.90,947.63,163
5/8/2013 05:59:43,5/8/2013,05:59:43,0.98,12.17,94.00,947.62,160
5/8/2013 05:59:58,5/8/2013,05:59:58,0.36,12.12,94.09,947.62,129
5/8/2013 06:00:13,5/8/2013,06:00:13,0.00,12.12,94.09,947.64,207
5/8/2013 06:00:28,5/8/2013,06:00:28,2.01,12.17,94.00,947.65,192
5/8/2013 06:00:43,5/8/2013,06:00:43,0.90,12.17,94.09,947.65,129
5/8/2013 06:00:58,5/8/2013,06:00:58,1.26,12.17,94.09,947.63,191
5/8/2013 06:01:13,5/8/2013,06:01:13,0.18,12.17,94.19,947.64,172
5/8/2013 06:01:28,5/8/2013,06:01:28,0.58,12.12,94.09,947.66,125
5/8/2013 06:01:43,5/8/2013,06:01:43,1.23,12.12,94.09,947.66,147
5/8/2013 06:01:58,5/8/2013,06:01:58,0.15,12.12,94.19,947.66,147
5/8/2013 06:02:13,5/8/2013,06:02:13,0.64,12.12,94.19,947.68,216
5/8/2013 06:02:28,5/8/2013,06:02:28,0.33,12.12,94.19,947.68,152
5/8/2013 06:02:43,5/8/2013,06:02:43,0.46,12.12,94.30,947.68,160
5/8/2013 06:02:58,5/8/2013,06:02:58,0.24,12.12,94.30,947.68,171
5/8/2013 06:03:13,5/8/2013,06:03:13,1.22,12.12,94.30,947.66,156
5/8/2013 06:03:28,5/8/2013,06:03:28,1.71,12.12,94.19,947.66,242
5/8/2013 06:03:43,5/8/2013,06:03:43,1.53,12.12,94.19,947.66,174
5/8/2013 06:03:58,5/8/2013,06:03:58,1.18,12.12,94.19,947.66,174
5/8/2013 06:04:13,5/8/2013,06:04:13,1.82,12.12,94.09,947.66,180
5/8/2013 06:04:28,5/8/2013,06:04:28,0.86,12.12,94.19,947.65,304
5/8/2013 06:04:43,5/8/2013,06:04:43,1.23,12.12,94.19,947.66,210
5/8/2013 06:04:58,5/8/2013,06:04:58,2.48,12.12,94.09,947.66,211
5/8/2013 06:05:13,5/8/2013,06:05:13,1.57,12.12,94.09,947.66,194
5/8/2013 06:05:28,5/8/2013,06:05:28,2.79,12.12,94.00,947.68,213
5/8/2013 06:05:43,5/8/2013,06:05:43,1.58,12.12,94.00,947.68,185
5/8/2013 06:05:58,5/8/2013,06:05:58,0.67,12.12,94.09,947.70,161
5/8/2013 06:06:13,5/8/2013,06:06:13,0.33,12.10,94.09,947.72,164
5/8/2013 06:06:28,5/8/2013,06:06:28,0.00,12.10,94.09,947.73,182
5/8/2013 06:06:43,5/8/2013,06:06:43,1.25,12.12,94.09,947.71,216
5/8/2013 06:06:58,5/8/2013,06:06:58,1.67,12.12,94.00,947.72,218
5/8/2013 06:07:13,5/8/2013,06:07:13,0.97,12.12,94.00,947.73,183
5/8/2013 06:07:28,5/8/2013,06:07:28,1.25,12.10,94.00,947.74,141
5/8/2013 06:07:43,5/8/2013,06:07:43,2.64,12.12,93.90,947.72,166
5/8/2013 06:07:58,5/8/2013,06:07:58,1.64,12.10,94.00,947.71,158
5/8/2013 06:08:13,5/8/2013,06:08:13,1.53,12.12,93.90,947.71,150
5/8/2013 06:08:28,5/8/2013,06:08:28,1.47,12.10,93.90,947.73,193
5/8/2013 06:08:43,5/8/2013,06:08:43,1.61,12.12,93.90,947.74,141
5/8/2013 06:08:58,5/8/2013,06:08:58,0.35,12.05,93.90,947.75,156
5/8/2013 06:09:13,5/8/2013,06:09:13,0.00,12.10,93.90,947.78,165
5/8/2013 06:09:28,5/8/2013,06:09:28,1.85,12.10,93.90,947.77,170
5/8/2013 06:09:43,5/8/2013,06:09:43,1.10,12.10,93.90,947.77,153
5/8/2013 06:09:58,5/8/2013,06:09:58,0.96,12.10,93.90,947.77,163
5/8/2013 06:10:13,5/8/2013,06:10:13,0.82,12.05,93.90,947.75,170
5/8/2013 06:10:28,5/8/2013,06:10:28,0.82,12.05,93.90,947.75,171
5/8/2013 06:10:43,5/8/2013,06:10:43,1.30,12.05,93.90,947.75,150
5/8/2013 06:10:58,5/8/2013,06:10:58,1.08,12.05,94.00,947.77,162
5/8/2013 06:11:13,5/8/2013,06:11:13,1.32,12.05,94.00,947.75,169
5/8/2013 06:11:28,5/8/2013,06:11:28,1.03,12.05,94.00,947.77,171
5/8/2013 06:11:43,5/8/2013,06:11:43,1.36,12.05,94.00,947.77,149
5/8/2013 06:11:58,5/8/2013,06:11:58,0.72,12.05,94.00,947.78,150
5/8/2013 06:12:13,5/8/2013,06:12:13,0.31,12.05,94.00,947.79,158
5/8/2013 06:12:28,5/8/2013,06:12:28,1.85,12.05,93.90,947.75,191
5/8/2013 06:12:43,5/8/2013,06:12:43,2.74,12.05,93.80,947.74,195
5/8/2013 06:12:58,5/8/2013,06:12:58,2.07,12.05,93.69,947.73,221
5/8/2013 06:13:13,5/8/2013,06:13:13,1.97,12.05,93.80,947.75,210
5/8/2013 06:13:28,5/8/2013,06:13:28,1.82,12.05,93.80,947.77,208
5/8/2013 06:13:43,5/8/2013,06:13:43,2.19,12.05,93.69,947.75,172
5/8/2013 06:13:58,5/8/2013,06:13:58,1.40,12.05,93.80,947.74,159
5/8/2013 06:14:13,5/8/2013,06:14:13,1.30,12.05,93.80,947.75,163
5/8/2013 06:14:28,5/8/2013,06:14:28,2.43,12.05,93.69,947.77,206
5/8/2013 06:14:43,5/8/2013,06:14:43,1.55,12.05,93.69,947.78,208
5/8/2013 06:14:58,5/8/2013,06:14:58,1.40,12.05,93.69,947.77,202
5/8/2013 06:15:13,5/8/2013,06:15:13,2.33,12.05,93.59,947.78,212
5/8/2013 06:15:28,5/8/2013,06:15:28,1.76,12.05,93.59,947.77,144
5/8/2013 06:15:43,5/8/2013,06:15:43,1.85,12.05,93.59,947.77,131
5/8/2013 06:15:58,5/8/2013,06:15:58,1.97,12.05,93.59,947.79,207
5/8/2013 06:16:13,5/8/2013,06:16:13,2.34,12.05,93.50,947.79,183
5/8/2013 06:16:28,5/8/2013,06:16:28,2.89,12.05,93.30,947.79,224
5/8/2013 06:16:43,5/8/2013,06:16:43,2.64,12.05,93.00,947.78,188
5/8/2013 06:16:58,5/8/2013,06:16:58,2.31,12.05,93.09,947.79,188
5/8/2013 06:17:13,5/8/2013,06:17:13,2.10,12.05,93.19,947.81,216
5/8/2013 06:17:28,5/8/2013,06:17:28,1.54,12.05,93.30,947.81,148
5/8/2013 06:17:43,5/8/2013,06:17:43,1.07,12.00,93.40,947.82,165
5/8/2013 06:17:58,5/8/2013,06:17:58,1.46,12.00,93.50,947.83,165
5/8/2013 06:18:13,5/8/2013,06:18:13,1.72,12.00,93.50,947.81,196
5/8/2013 06:18:28,5/8/2013,06:18:28,1.26,12.00,93.59,947.81,178
5/8/2013 06:18:43,5/8/2013,06:18:43,0.61,11.97,93.59,947.81,191
5/8/2013 06:18:58,5/8/2013,06:18:58,1.62,12.00,93.59,947.81,207
5/8/2013 06:19:13,5/8/2013,06:19:13,1.43,11.97,93.50,947.82,200
5/8/2013 06:19:28,5/8/2013,06:19:28,1.48,11.97,93.50,947.81,241
5/8/2013 06:19:43,5/8/2013,06:19:43,2.22,12.00,93.50,947.80,200
5/8/2013 06:19:58,5/8/2013,06:19:58,2.55,12.00,93.40,947.80,219
5/8/2013 06:20:13,5/8/2013,06:20:13,1.86,12.00,93.40,947.80,207
5/8/2013 06:20:28,5/8/2013,06:20:28,1.01,12.00,93.40,947.81,166
5/8/2013 06:20:43,5/8/2013,06:20:43,1.18,12.00,93.50,947.85,188
5/8/2013 06:20:58,5/8/2013,06:20:58,1.62,12.00,93.50,947.82,227
5/8/2013 06:21:13,5/8/2013,06:21:13,2.06,12.00,93.40,947.81,191
5/8/2013 06:21:28,5/8/2013,06:21:28,1.32,12.00,93.40,947.80,189
5/8/2013 06:21:43,5/8/2013,06:21:43,0.97,12.00,93.50,947.80,132
5/8/2013 06:21:58,5/8/2013,06:21:58,1.60,12.00,93.50,947.80,171
5/8/2013 06:22:13,5/8/2013,06:22:13,2.24,12.05,93.40,947.79,211
5/8/2013 06:22:28,5/8/2013,06:22:28,0.82,12.00,93.50,947.79,172
5/8/2013 06:22:43,5/8/2013,06:22:43,0.00,11.97,93.50,947.81,159
5/8/2013 06:22:58,5/8/2013,06:22:58,0.51,11.97,93.59,947.81,155
5/8/2013 06:23:13,5/8/2013,06:23:13,2.04,11.97,93.40,947.78,191
5/8/2013 06:23:28,5/8/2013,06:23:28,1.13,11.97,93.40,947.77,229
5/8/2013 06:23:43,5/8/2013,06:23:43,1.61,12.00,93.30,947.77,192
5/8/2013 06:23:58,5/8/2013,06:23:58,0.57,11.97,93.40,947.78,202
5/8/2013 06:24:13,5/8/2013,06:24:13,0.43,11.97,93.40,947.79,157
5/8/2013 06:24:28,5/8/2013,06:24:28,0.96,11.97,93.50,947.77,204
5/8/2013 06:24:43,5/8/2013,06:24:43,2.08,11.97,93.30,947.74,207
5/8/2013 06:24:58,5/8/2013,06:24:58,1.43,12.00,93.30,947.74,198
5/8/2013 06:25:13,5/8/2013,06:25:13,0.61,11.97,93.30,947.75,220
5/8/2013 06:25:28,5/8/2013,06:25:28,1.36,11.97,93.40,947.74,213
5/8/2013 06:25:43,5/8/2013,06:25:43,1.22,11.97,93.50,947.75,229
5/8/2013 06:25:58,5/8/2013,06:25:58,0.93,11.97,93.50,947.74,202
5/8/2013 06:26:13,5/8/2013,06:26:13,1.69,11.97,93.50,947.73,199
5/8/2013 06:26:28,5/8/2013,06:26:28,1.16,11.97,93.50,947.73,236
5/8/2013 06:26:43,5/8/2013,06:26:43,1.85,11.97,93.50,947.75,180
5/8/2013 06:26:58,5/8/2013,06:26:58,1.61,11.97,93.19,947.71,231
5/8/2013 06:27:13,5/8/2013,06:27:13,1.15,11.97,93.30,947.73,199
5/8/2013 06:27:28,5/8/2013,06:27:28,1.48,11.97,93.30,947.74,195
5/8/2013 06:27:43,5/8/2013,06:27:43,2.62,12.00,93.19,947.72,223
5/8/2013 06:27:58,5/8/2013,06:27:58,4.19,12.00,93.09,947.71,200
5/8/2013 06:28:13,5/8/2013,06:28:13,2.75,12.00,92.80,947.69,179
5/8/2013 06:28:28,5/8/2013,06:28:28,2.48,12.00,92.80,947.71,211
5/8/2013 06:28:43,5/8/2013,06:28:43,1.62,12.00,92.90,947.71,205
5/8/2013 06:28:58,5/8/2013,06:28:58,2.27,12.00,92.90,947.72,200
5/8/2013 06:29:13,5/8/2013,06:29:13,1.71,11.97,93.00,947.72,193
5/8/2013 06:29:28,5/8/2013,06:29:28,1.08,11.97,93.19,947.72,209
5/8/2013 06:29:43,5/8/2013,06:29:43,2.67,11.97,93.09,947.72,213
5/8/2013 06:29:58,5/8/2013,06:29:58,2.32,11.97,93.00,947.70,180
5/8/2013 06:30:13,5/8/2013,06:30:13,2.81,12.00,93.09,947.70,218
5/8/2013 06:30:28,5/8/2013,06:30:28,2.36,12.00,93.09,947.71,214
5/8/2013 06:30:43,5/8/2013,06:30:43,1.88,11.97,93.09,947.72,204
5/8/2013 06:30:58,5/8/2013,06:30:58,1.57,11.97,93.19,947.72,205
5/8/2013 06:31:13,5/8/2013,06:31:13,2.06,12.00,93.19,947.72,228
5/8/2013 06:31:28,5/8/2013,06:31:28,1.36,11.97,93.19,947.71,176
5/8/2013 06:31:43,5/8/2013,06:31:43,1.44,11.97,93.19,947.72,189
5/8/2013 06:31:58,5/8/2013,06:31:58,2.34,11.97,93.19,947.72,207
5/8/2013 06:32:13,5/8/2013,06:32:13,1.48,11.97,93.09,947.72,198
5/8/2013 06:32:28,5/8/2013,06:32:28,1.55,11.97,93.09,947.74,206
5/8/2013 06:32:43,5/8/2013,06:32:43,1.53,11.97,93.19,947.73,148
5/8/2013 06:32:58,5/8/2013,06:32:58,1.78,11.97,93.19,947.71,206
5/8/2013 06:33:13,5/8/2013,06:33:13,1.90,11.97,93.19,947.71,159
5/8/2013 06:33:28,5/8/2013,06:33:28,0.91,11.97,93.19,947.73,267
5/8/2013 06:33:43,5/8/2013,06:33:43,1.22,11.97,93.30,947.73,227
5/8/2013 06:33:58,5/8/2013,06:33:58,2.83,11.97,93.09,947.71,182
5/8/2013 06:34:13,5/8/2013,06:34:13,2.65,11.97,93.09,947.71,191
5/8/2013 06:34:28,5/8/2013,06:34:28,2.86,12.00,92.90,947.72,215
5/8/2013 06:34:43,5/8/2013,06:34:43,2.24,11.97,93.00,947.71,180
5/8/2013 06:34:58,5/8/2013,06:34:58,1.00,11.97,93.09,947.72,245
5/8/2013 06:35:13,5/8/2013,06:35:13,0.96,11.97,93.19,947.72,238
5/8/2013 06:35:28,5/8/2013,06:35:28,1.54,11.97,93.30,947.73,195
5/8/2013 06:35:43,5/8/2013,06:35:43,0.98,11.97,93.30,947.73,177
5/8/2013 06:35:58,5/8/2013,06:35:58,1.40,11.97,93.40,947.74,196
5/8/2013 06:36:13,5/8/2013,06:36:13,1.04,11.97,93.40,947.77,186
5/8/2013 06:36:28,5/8/2013,06:36:28,0.39,11.97,93.40,947.78,174
5/8/2013 06:36:43,5/8/2013,06:36:43,0.65,11.97,93.50,947.78,168
5/8/2013 06:36:58,5/8/2013,06:36:58,1.54,11.97,93.50,947.77,204
5/8/2013 06:37:13,5/8/2013,06:37:13,1.62,11.97,93.50,947.74,216
5/8/2013 06:37:28,5/8/2013,06:37:28,1.13,11.97,93.50,947.74,262
5/8/2013 06:37:43,5/8/2013,06:37:43,1.48,11.97,93.50,947.77,177
5/8/2013 06:37:58,5/8/2013,06:37:58,0.76,11.97,93.50,947.77,175
5/8/2013 06:38:13,5/8/2013,06:38:13,1.79,11.97,93.30,947.75,202
5/8/2013 06:38:28,5/8/2013,06:38:28,0.86,11.97,93.30,947.77,215
5/8/2013 06:38:43,5/8/2013,06:38:43,1.39,11.97,93.30,947.78,174
5/8/2013 06:38:58,5/8/2013,06:38:58,1.54,11.97,93.40,947.75,180
5/8/2013 06:39:13,5/8/2013,06:39:13,1.19,11.97,93.40,947.75,148
5/8/2013 06:39:28,5/8/2013,06:39:28,1.04,11.97,93.50,947.73,180
5/8/2013 06:39:43,5/8/2013,06:39:43,1.22,11.92,93.50,947.74,206
5/8/2013 06:39:58,5/8/2013,06:39:58,1.82,11.97,93.40,947.74,223
5/8/2013 06:40:13,5/8/2013,06:40:13,1.88,11.97,93.30,947.74,212
5/8/2013 06:40:28,5/8/2013,06:40:28,1.41,11.92,93.40,947.77,223
5/8/2013 06:40:43,5/8/2013,06:40:43,1.40,11.92,93.30,947.75,210
5/8/2013 06:40:58,5/8/2013,06:40:58,2.32,11.97,93.40,947.74,191
5/8/2013 06:41:13,5/8/2013,06:41:13,3.01,11.97,93.30,947.74,194
5/8/2013 06:41:28,5/8/2013,06:41:28,2.00,11.92,93.19,947.77,190
5/8/2013 06:41:43,5/8/2013,06:41:43,1.93,11.97,93.19,947.78,224
5/8/2013 06:41:58,5/8/2013,06:41:58,1.71,11.92,93.19,947.79,192
5/8/2013 06:42:13,5/8/2013,06:42:13,1.60,11.92,93.09,947.79,137
5/8/2013 06:42:28,5/8/2013,06:42:28,0.24,11.97,93.19,947.79,167
5/8/2013 06:42:43,5/8/2013,06:42:43,0.42,11.97,93.30,947.81,184
5/8/2013 06:42:58,5/8/2013,06:42:58,2.03,11.97,93.40,947.80,242
5/8/2013 06:43:13,5/8/2013,06:43:13,1.01,11.92,93.30,947.80,216
5/8/2013 06:43:28,5/8/2013,06:43:28,2.21,11.97,93.19,947.80,180
5/8/2013 06:43:43,5/8/2013,06:43:43,1.43,11.97,93.19,947.81,232
5/8/2013 06:43:58,5/8/2013,06:43:58,1.94,11.97,93.19,947.80,229
5/8/2013 06:44:13,5/8/2013,06:44:13,1.62,11.97,93.19,947.81,213
5/8/2013 06:44:28,5/8/2013,06:44:28,1.78,11.92,93.19,947.82,195
5/8/2013 06:44:43,5/8/2013,06:44:43,2.40,11.97,93.00,947.83,218
5/8/2013 06:44:58,5/8/2013,06:44:58,1.58,11.97,93.00,947.86,231
5/8/2013 06:45:13,5/8/2013,06:45:13,1.07,11.92,93.09,947.83,205
5/8/2013 06:45:28,5/8/2013,06:45:28,1.65,11.97,93.19,947.86,189
5/8/2013 06:45:43,5/8/2013,06:45:43,3.64,11.97,93.00,947.85,191
5/8/2013 06:45:58,5/8/2013,06:45:58,1.54,11.97,93.00,947.87,221
5/8/2013 06:46:13,5/8/2013,06:46:13,1.79,11.97,93.19,947.86,200
5/8/2013 06:46:28,5/8/2013,06:46:28,1.96,11.92,93.19,947.87,211
5/8/2013 06:46:43,5/8/2013,06:46:43,2.14,11.92,93.19,947.86,208
5/8/2013 06:46:58,5/8/2013,06:46:58,1.55,11.97,93.19,947.89,144
5/8/2013 06:47:13,5/8/2013,06:47:13,0.98,11.97,93.30,947.89,149
5/8/2013 06:47:28,5/8/2013,06:47:28,2.08,11.92,93.30,947.87,164
5/8/2013 06:47:43,5/8/2013,06:47:43,1.40,11.92,93.30,947.89,196
5/8/2013 06:47:58,5/8/2013,06:47:58,0.17,11.89,93.30,947.93,199
5/8/2013 06:48:13,5/8/2013,06:48:13,0.33,11.89,93.40,947.94,189
5/8/2013 06:48:28,5/8/2013,06:48:28,1.04,11.92,93.40,947.93,203
5/8/2013 06:48:43,5/8/2013,06:48:43,1.01,11.92,93.40,947.91,194
5/8/2013 06:48:58,5/8/2013,06:48:58,0.64,11.89,93.40,947.93,170
5/8/2013 06:49:13,5/8/2013,06:49:13,0.22,11.89,93.50,947.94,200
5/8/2013 06:49:28,5/8/2013,06:49:28,1.04,11.89,93.50,947.93,233
5/8/2013 06:49:43,5/8/2013,06:49:43,1.37,11.92,93.40,947.94,242
5/8/2013 06:49:58,5/8/2013,06:49:58,0.15,11.89,93.40,947.93,189
5/8/2013 06:50:13,5/8/2013,06:50:13,0.00,11.92,93.50,947.95,194
5/8/2013 06:50:28,5/8/2013,06:50:28,0.86,11.89,93.50,947.95,195
5/8/2013 06:50:43,5/8/2013,06:50:43,1.55,11.89,93.40,947.94,182
5/8/2013 06:50:58,5/8/2013,06:50:58,0.69,11.89,93.40,947.96,201
5/8/2013 06:51:13,5/8/2013,06:51:13,0.98,11.92,93.40,947.97,188
5/8/2013 06:51:28,5/8/2013,06:51:28,0.79,11.92,93.50,947.98,100
5/8/2013 06:51:43,5/8/2013,06:51:43,0.54,11.89,93.50,947.97,196
5/8/2013 06:51:58,5/8/2013,06:51:58,1.43,11.89,93.50,947.97,216
5/8/2013 06:52:13,5/8/2013,06:52:13,1.18,11.89,93.50,947.97,205
5/8/2013 06:52:28,5/8/2013,06:52:28,0.36,11.89,93.50,947.97,96
5/8/2013 06:52:43,5/8/2013,06:52:43,0.00,11.89,93.59,947.97,163
5/8/2013 06:52:58,5/8/2013,06:52:58,0.00,11.89,93.59,947.99,201
5/8/2013 06:53:13,5/8/2013,06:53:13,1.21,11.89,93.59,947.98,211
5/8/2013 06:53:28,5/8/2013,06:53:28,0.81,11.89,93.69,947.99,241
5/8/2013 06:53:43,5/8/2013,06:53:43,1.14,11.89,93.59,947.99,196
5/8/2013 06:53:58,5/8/2013,06:53:58,0.89,11.89,93.59,948.02,207
5/8/2013 06:54:13,5/8/2013,06:54:13,1.01,11.89,93.59,948.02,223
5/8/2013 06:54:28,5/8/2013,06:54:28,1.13,11.89,93.59,948.03,213
5/8/2013 06:54:43,5/8/2013,06:54:43,1.14,11.89,93.59,948.02,194
5/8/2013 06:54:58,5/8/2013,06:54:58,0.11,11.89,93.59,948.02,142
5/8/2013 06:55:13,5/8/2013,06:55:13,0.00,11.89,93.59,948.04,164
5/8/2013 06:55:28,5/8/2013,06:55:28,0.00,11.89,93.69,948.06,211
5/8/2013 06:55:43,5/8/2013,06:55:43,1.74,11.89,93.50,948.05,220
5/8/2013 06:55:58,5/8/2013,06:55:58,2.19,11.85,93.19,947.99,201
5/8/2013 06:56:13,5/8/2013,06:56:13,1.41,11.89,93.09,947.97,190
5/8/2013 06:56:28,5/8/2013,06:56:28,1.60,11.89,93.09,947.97,231
5/8/2013 06:56:43,5/8/2013,06:56:43,3.16,11.89,92.80,947.96,213
5/8/2013 06:56:58,5/8/2013,06:56:58,1.69,11.89,92.90,947.95,140
5/8/2013 06:57:13,5/8/2013,06:57:13,1.26,11.89,93.09,947.95,197
5/8/2013 06:57:28,5/8/2013,06:57:28,1.71,11.89,93.00,947.96,218
5/8/2013 06:57:43,5/8/2013,06:57:43,1.23,11.89,93.00,947.95,225
5/8/2013 06:57:58,5/8/2013,06:57:58,1.48,11.85,93.00,947.95,168
5/8/2013 06:58:13,5/8/2013,06:58:13,2.50,11.89,93.00,947.96,210
5/8/2013 06:58:28,5/8/2013,06:58:28,2.38,11.89,93.00,947.97,184
5/8/2013 06:58:43,5/8/2013,06:58:43,0.67,11.85,93.09,947.99,191
5/8/2013 06:58:58,5/8/2013,06:58:58,1.83,11.85,93.09,947.97,214
5/8/2013 06:59:13,5/8/2013,06:59:13,2.04,11.89,93.00,947.98,203
5/8/2013 06:59:28,5/8/2013,06:59:28,2.31,11.89,92.90,948.01,203
5/8/2013 06:59:43,5/8/2013,06:59:43,2.24,11.89,92.80,947.99,
5/8/2013 06:59:58,5/8/2013,06:59:58,2.60,11.85,92.80,948.01,216
5/8/2013 07:00:13,5/8/2013,07:00:13,1.65,11.89,92.80,948.01,189
5/8/2013 07:00:28,5/8/2013,07:00:28,1.03,11.85,92.90,947.99,139
5/8/2013 07:00:43,5/8/2013,07:00:43,0.47,11.85,93.09,947.98,200
5/8/2013 07:00:58,5/8/2013,07:00:58,1.14,11.85,93.19,947.97,222
5/8/2013 07:01:13,5/8/2013,07:01:13,0.21,11.85,93.19,948.02,186
5/8/2013 07:01:28,5/8/2013,07:01:28,0.94,11.80,93.30,947.99,249
5/8/2013 07:01:43,5/8/2013,07:01:43,0.72,11.85,93.40,947.96,223
5/8/2013 07:01:58,5/8/2013,07:01:58,1.71,11.80,93.30,947.96,196
5/8/2013 07:02:13,5/8/2013,07:02:13,1.47,11.85,93.30,947.97,182
5/8/2013 07:02:28,5/8/2013,07:02:28,2.83,11.85,93.30,947.97,143
5/8/2013 07:02:43,5/8/2013,07:02:43,2.62,11.85,93.09,947.98,198
5/8/2013 07:02:58,5/8/2013,07:02:58,2.74,11.85,93.00,947.97,200
5/8/2013 07:03:13,5/8/2013,07:03:13,2.03,11.89,93.00,947.98,238
5/8/2013 07:03:28,5/8/2013,07:03:28,2.21,11.85,93.00,947.98,192
5/8/2013 07:03:43,5/8/2013,07:03:43,0.42,11.85,93.09,948.01,194
5/8/2013 07:03:58,5/8/2013,07:03:58,0.60,11.85,93.19,948.02,174
5/8/2013 07:04:13,5/8/2013,07:04:13,0.17,11.85,93.30,948.04,189
5/8/2013 07:04:28,5/8/2013,07:04:28,0.36,11.85,93.40,948.04,159
5/8/2013 07:04:43,5/8/2013,07:04:43,0.74,11.85,93.40,948.04,226
5/8/2013 07:04:58,5/8/2013,07:04:58,1.19,11.80,93.30,948.01,240
5/8/2013 07:05:13,5/8/2013,07:05:13,1.18,11.89,93.30,947.99,159
5/8/2013 07:05:28,5/8/2013,07:05:28,0.36,11.89,93.30,948.02,190
5/8/2013 07:05:43,5/8/2013,07:05:43,0.58,11.85,93.30,948.03,196
5/8/2013 07:05:58,5/8/2013,07:05:58,0.43,11.85,93.30,948.04,172
5/8/2013 07:06:13,5/8/2013,07:06:13,1.57,11.80,93.19,948.02,152
5/8/2013 07:06:28,5/8/2013,07:06:28,1.36,11.85,93.19,948.03,201
5/8/2013 07:06:43,5/8/2013,07:06:43,2.75,11.89,93.00,948.01,201
5/8/2013 07:06:58,5/8/2013,07:06:58,1.96,11.89,92.90,947.99,214
5/8/2013 07:07:13,5/8/2013,07:07:13,1.68,11.89,92.80,947.98,172
5/8/2013 07:07:28,5/8/2013,07:07:28,1.83,11.89,92.90,947.99,215
5/8/2013 07:07:43,5/8/2013,07:07:43,1.57,11.89,92.90,948.01,172
5/8/2013 07:07:58,5/8/2013,07:07:58,1.82,11.89,92.90,947.98,220
5/8/2013 07:08:13,5/8/2013,07:08:13,1.76,11.89,92.90,948.02,223
5/8/2013 07:08:28,5/8/2013,07:08:28,0.39,11.89,93.00,948.05,173
5/8/2013 07:08:43,5/8/2013,07:08:43,0.72,11.89,93.09,948.03,194
5/8/2013 07:08:58,5/8/2013,07:08:58,1.23,11.89,93.09,948.03,195
5/8/2013 07:09:13,5/8/2013,07:09:13,1.68,11.89,92.80,948.03,197
5/8/2013 07:09:28,5/8/2013,07:09:28,0.94,11.89,92.80,948.03,201
5/8/2013 07:09:43,5/8/2013,07:09:43,1.61,11.92,93.00,948.02,176
5/8/2013 07:09:58,5/8/2013,07:09:58,0.96,11.89,93.09,948.04,213
5/8/2013 07:10:13,5/8/2013,07:10:13,1.46,11.89,93.09,948.03,210
5/8/2013 07:10:28,5/8/2013,07:10:28,2.21,11.89,92.90,948.02,206
5/8/2013 07:10:43,5/8/2013,07:10:43,1.61,11.89,92.80,948.01,211
5/8/2013 07:10:58,5/8/2013,07:10:58,1.26,11.92,92.80,947.99,214
5/8/2013 07:11:13,5/8/2013,07:11:13,0.40,11.92,92.90,948.01,191
5/8/2013 07:11:28,5/8/2013,07:11:28,1.53,11.89,92.90,948.02,205
5/8/2013 07:11:43,5/8/2013,07:11:43,1.93,11.92,92.80,948.02,193
5/8/2013 07:11:58,5/8/2013,07:11:58,1.32,11.92,92.80,948.03,173
5/8/2013 07:12:13,5/8/2013,07:12:13,2.06,11.92,92.80,948.02,209
5/8/2013 07:12:28,5/8/2013,07:12:28,1.34,11.97,92.90,948.01,195
5/8/2013 07:12:43,5/8/2013,07:12:43,1.25,11.97,93.00,948.01,214
5/8/2013 07:12:58,5/8/2013,07:12:58,1.07,11.97,93.09,947.99,198
5/8/2013 07:13:13,5/8/2013,07:13:13,1.15,11.97,93.09,947.98,205
5/8/2013 07:13:28,5/8/2013,07:13:28,1.57,11.92,92.90,947.99,237
5/8/2013 07:13:43,5/8/2013,07:13:43,1.25,11.92,92.90,947.97,209
5/8/2013 07:13:58,5/8/2013,07:13:58,1.83,11.97,93.00,947.98,210
5/8/2013 07:14:13,5/8/2013,07:14:13,2.39,11.97,92.80,947.97,169
5/8/2013 07:14:28,5/8/2013,07:14:28,1.23,11.92,92.90,947.97,161
5/8/2013 07:14:43,5/8/2013,07:14:43,0.82,11.97,93.00,947.98,208
5/8/2013 07:14:58,5/8/2013,07:14:58,0.75,11.97,93.00,948.01,202
5/8/2013 07:15:13,5/8/2013,07:15:13,1.18,11.92,93.00,947.99,210
5/8/2013 07:15:28,5/8/2013,07:15:28,1.96,11.92,92.80,947.96,190
5/8/2013 07:15:43,5/8/2013,07:15:43,3.37,11.92,92.50,947.96,202
5/8/2013 07:15:58,5/8/2013,07:15:58,3.16,11.92,92.30,947.97,212
5/8/2013 07:16:13,5/8/2013,07:16:13,2.19,11.92,92.40,947.98,206
5/8/2013 07:16:28,5/8/2013,07:16:28,2.97,11.89,92.09,947.99,214
5/8/2013 07:16:43,5/8/2013,07:16:43,2.90,11.89,92.09,947.96,222
5/8/2013 07:16:58,5/8/2013,07:16:58,2.65,11.92,92.19,947.95,205
5/8/2013 07:17:13,5/8/2013,07:17:13,3.04,11.89,92.19,947.94,201
5/8/2013 07:17:28,5/8/2013,07:17:28,1.83,11.89,92.19,947.94,186
5/8/2013 07:17:43,5/8/2013,07:17:43,1.83,11.89,92.30,947.96,212
5/8/2013 07:17:58,5/8/2013,07:17:58,1.58,11.89,92.40,947.97,117
5/8/2013 07:18:13,5/8/2013,07:18:13,1.88,11.85,92.40,947.97,212
5/8/2013 07:18:28,5/8/2013,07:18:28,1.68,11.89,92.40,947.97,215
5/8/2013 07:18:43,5/8/2013,07:18:43,1.58,11.89,92.59,947.96,206
5/8/2013 07:18:58,5/8/2013,07:18:58,1.60,11.89,92.59,947.98,230
5/8/2013 07:19:13,5/8/2013,07:19:13,1.44,11.89,92.40,947.98,184
5/8/2013 07:19:28,5/8/2013,07:19:28,2.93,11.89,92.19,947.99,205
5/8/2013 07:19:43,5/8/2013,07:19:43,1.94,11.89,92.19,947.99,178
5/8/2013 07:19:58,5/8/2013,07:19:58,3.07,11.89,92.00,948.01,190
5/8/2013 07:20:13,5/8/2013,07:20:13,3.23,11.89,92.00,948.01,207
5/8/2013 07:20:28,5/8/2013,07:20:28,3.04,11.89,91.90,948.01,236
5/8/2013 07:20:43,5/8/2013,07:20:43,3.28,11.89,92.00,948.01,223
5/8/2013 07:20:58,5/8/2013,07:20:58,2.21,11.89,92.19,948.02,202
5/8/2013 07:21:13,5/8/2013,07:21:13,3.04,11.89,92.09,948.01,223
5/8/2013 07:21:28,5/8/2013,07:21:28,2.53,11.89,92.09,948.01,200
5/8/2013 07:21:43,5/8/2013,07:21:43,2.47,11.89,92.19,947.99,217
5/8/2013 07:21:58,5/8/2013,07:21:58,2.07,11.85,92.30,947.99,224
5/8/2013 07:22:13,5/8/2013,07:22:13,1.93,11.85,92.19,947.98,204
5/8/2013 07:22:28,5/8/2013,07:22:28,1.81,11.85,92.19,947.97,198
5/8/2013 07:22:43,5/8/2013,07:22:43,1.53,11.85,92.40,947.98,182
5/8/2013 07:22:58,5/8/2013,07:22:58,2.17,11.85,92.40,947.97,216
5/8/2013 07:23:13,5/8/2013,07:23:13,2.06,11.80,92.40,947.98,200
5/8/2013 07:23:28,5/8/2013,07:23:28,1.27,11.85,92.50,947.97,195
5/8/2013 07:23:43,5/8/2013,07:23:43,2.11,11.80,92.40,947.99,196
5/8/2013 07:23:58,5/8/2013,07:23:58,2.90,11.80,92.09,947.97,233
5/8/2013 07:24:13,5/8/2013,07:24:13,2.72,11.80,92.19,947.94,207
5/8/2013 07:24:28,5/8/2013,07:24:28,3.21,11.80,91.80,947.95,209
5/8/2013 07:24:43,5/8/2013,07:24:43,3.59,11.80,91.80,947.96,225
5/8/2013 07:24:58,5/8/2013,07:24:58,3.68,11.80,91.50,947.97,190
5/8/2013 07:25:13,5/8/2013,07:25:13,3.30,11.80,91.40,947.97,199
5/8/2013 07:25:28,5/8/2013,07:25:28,3.18,11.80,91.40,947.97,186
5/8/2013 07:25:43,5/8/2013,07:25:43,2.07,11.80,91.80,947.98,229
5/8/2013 07:25:58,5/8/2013,07:25:58,1.58,11.80,92.09,947.98,203
5/8/2013 07:26:13,5/8/2013,07:26:13,1.01,11.77,92.19,947.98,186
5/8/2013 07:26:28,5/8/2013,07:26:28,1.53,11.72,92.30,947.97,192
5/8/2013 07:26:43,5/8/2013,07:26:43,3.21,11.72,91.90,947.99,198
5/8/2013 07:26:58,5/8/2013,07:26:58,2.47,11.72,91.80,948.01,186
5/8/2013 07:27:13,5/8/2013,07:27:13,1.29,11.72,92.00,948.02,160
5/8/2013 07:27:28,5/8/2013,07:27:28,0.98,11.72,92.19,948.03,240
5/8/2013 07:27:43,5/8/2013,07:27:43,2.00,11.72,92.00,948.04,217
5/8/2013 07:27:58,5/8/2013,07:27:58,3.09,11.72,91.69,948.02,192
5/8/2013 07:28:13,5/8/2013,07:28:13,1.79,11.72,91.80,948.03,215
5/8/2013 07:28:28,5/8/2013,07:28:28,2.74,11.72,91.69,948.01,211
5/8/2013 07:28:43,5/8/2013,07:28:43,1.67,11.77,91.80,948.01,210
5/8/2013 07:28:58,5/8/2013,07:28:58,2.54,11.72,91.80,947.99,219
5/8/2013 07:29:13,5/8/2013,07:29:13,2.89,11.72,91.59,948.01,185
5/8/2013 07:29:28,5/8/2013,07:29:28,2.31,11.72,91.69,948.01,187
5/8/2013 07:29:43,5/8/2013,07:29:43,2.75,11.72,91.59,947.98,187
5/8/2013 07:29:58,5/8/2013,07:29:58,1.53,11.72,91.69,947.98,186
5/8/2013 07:30:13,5/8/2013,07:30:13,2.26,11.72,91.69,947.99,221
5/8/2013 07:30:28,5/8/2013,07:30:28,2.00,11.72,91.90,948.01,223
5/8/2013 07:30:43,5/8/2013,07:30:43,2.21,11.72,91.80,947.99,204
5/8/2013 07:30:58,5/8/2013,07:30:58,3.46,11.72,91.50,947.97,211
5/8/2013 07:31:13,5/8/2013,07:31:13,2.68,11.72,91.59,947.99,240
5/8/2013 07:31:28,5/8/2013,07:31:28,3.02,11.72,91.50,947.98,241
5/8/2013 07:31:43,5/8/2013,07:31:43,3.64,11.72,91.50,947.97,214
5/8/2013 07:31:58,5/8/2013,07:31:58,2.76,11.72,91.40,947.97,215
5/8/2013 07:32:13,5/8/2013,07:32:13,2.40,11.69,91.59,948.01,208
5/8/2013 07:32:28,5/8/2013,07:32:28,3.08,11.69,91.50,947.99,211
5/8/2013 07:32:43,5/8/2013,07:32:43,2.68,11.72,91.40,947.98,172
5/8/2013 07:32:58,5/8/2013,07:32:58,2.44,11.72,91.59,947.98,219
5/8/2013 07:33:13,5/8/2013,07:33:13,3.51,11.69,91.30,948.02,202
5/8/2013 07:33:28,5/8/2013,07:33:28,4.36,11.72,91.19,947.99,193
5/8/2013 07:33:43,5/8/2013,07:33:43,3.57,11.69,91.00,947.99,201
5/8/2013 07:33:58,5/8/2013,07:33:58,1.33,11.69,91.30,948.01,210
5/8/2013 07:34:13,5/8/2013,07:34:13,1.15,11.69,91.59,948.02,200
5/8/2013 07:34:28,5/8/2013,07:34:28,1.32,11.64,91.69,948.03,212
5/8/2013 07:34:43,5/8/2013,07:34:43,1.08,11.64,91.80,948.03,203
5/8/2013 07:34:58,5/8/2013,07:34:58,2.08,11.64,91.50,948.03,182
5/8/2013 07:35:13,5/8/2013,07:35:13,3.30,11.69,91.50,948.04,213
5/8/2013 07:35:28,5/8/2013,07:35:28,4.00,11.69,90.90,948.03,196
5/8/2013 07:35:43,5/8/2013,07:35:43,3.44,11.69,91.00,948.03,203
5/8/2013 07:35:58,5/8/2013,07:35:58,2.53,11.69,91.09,948.02,191
5/8/2013 07:36:13,5/8/2013,07:36:13,3.28,11.69,90.90,948.02,195
5/8/2013 07:36:28,5/8/2013,07:36:28,3.49,11.69,90.69,947.99,205
5/8/2013 07:36:43,5/8/2013,07:36:43,2.68,11.72,91.00,947.99,216
5/8/2013 07:36:58,5/8/2013,07:36:58,2.72,11.69,91.00,947.97,204
5/8/2013 07:37:13,5/8/2013,07:37:13,1.74,11.64,91.30,947.97,192
5/8/2013 07:37:28,5/8/2013,07:37:28,1.97,11.69,91.19,947.97,203
5/8/2013 07:37:43,5/8/2013,07:37:43,0.90,11.69,91.40,947.99,189
5/8/2013 07:37:58,5/8/2013,07:37:58,1.55,11.69,91.40,947.99,208
5/8/2013 07:38:13,5/8/2013,07:38:13,1.67,11.69,91.30,947.98,243
5/8/2013 07:38:28,5/8/2013,07:38:28,2.86,11.72,91.00,947.99,182
5/8/2013 07:38:43,5/8/2013,07:38:43,2.82,11.72,91.00,947.98,194
5/8/2013 07:38:58,5/8/2013,07:38:58,2.85,11.72,90.90,947.95,236
5/8/2013 07:39:13,5/8/2013,07:39:13,1.93,11.72,90.90,947.95,194
5/8/2013 07:39:28,5/8/2013,07:39:28,1.04,11.72,91.09,947.95,167
5/8/2013 07:39:43,5/8/2013,07:39:43,1.14,11.72,91.19,947.96,196
5/8/2013 07:39:58,5/8/2013,07:39:58,0.68,11.72,91.09,947.99,186
5/8/2013 07:40:13,5/8/2013,07:40:13,1.32,11.72,91.30,947.97,192
5/8/2013 07:40:28,5/8/2013,07:40:28,1.57,11.72,91.19,947.98,233
5/8/2013 07:40:43,5/8/2013,07:40:43,1.39,11.72,91.09,947.99,196
5/8/2013 07:40:58,5/8/2013,07:40:58,1.48,11.77,91.19,947.99,207
5/8/2013 07:41:13,5/8/2013,07:41:13,2.04,11.72,91.09,947.98,197
5/8/2013 07:41:28,5/8/2013,07:41:28,1.74,11.72,90.80,947.97,214
5/8/2013 07:41:43,5/8/2013,07:41:43,2.21,11.72,90.80,947.97,222
5/8/2013 07:41:58,5/8/2013,07:41:58,1.79,11.72,90.69,947.99,197
5/8/2013 07:42:13,5/8/2013,07:42:13,1.29,11.77,91.00,947.99,165
5/8/2013 07:42:28,5/8/2013,07:42:28,3.30,11.72,90.90,948.01,243
5/8/2013 07:42:43,5/8/2013,07:42:43,4.57,11.72,90.40,947.98,200
5/8/2013 07:42:58,5/8/2013,07:42:58,1.97,11.72,91.50,947.99,207
5/8/2013 07:43:13,5/8/2013,07:43:13,3.16,11.64,91.40,947.99,208
5/8/2013 07:43:28,5/8/2013,07:43:28,4.21,11.69,90.69,947.98,198
5/8/2013 07:43:43,5/8/2013,07:43:43,4.11,11.64,90.40,947.97,208
5/8/2013 07:43:58,5/8/2013,07:43:58,2.68,11.69,90.80,947.96,206
5/8/2013 07:44:13,5/8/2013,07:44:13,2.27,11.64,91.09,947.98,254
5/8/2013 07:44:28,5/8/2013,07:44:28,2.15,11.64,91.09,947.98,196
5/8/2013 07:44:43,5/8/2013,07:44:43,1.82,11.64,91.19,948.01,184
5/8/2013 07:44:58,5/8/2013,07:44:58,2.46,11.62,91.30,948.02,214
5/8/2013 07:45:13,5/8/2013,07:45:13,2.11,11.57,91.30,948.02,209
5/8/2013 07:45:28,5/8/2013,07:45:28,1.71,11.57,91.30,948.02,198
5/8/2013 07:45:43,5/8/2013,07:45:43,1.93,11.57,91.40,948.02,200
5/8/2013 07:45:58,5/8/2013,07:45:58,2.29,11.57,91.40,948.01,175
5/8/2013 07:46:13,5/8/2013,07:46:13,1.54,11.57,91.59,948.02,176
5/8/2013 07:46:28,5/8/2013,07:46:28,2.32,11.52,91.50,948.03,246
5/8/2013 07:46:43,5/8/2013,07:46:43,1.62,11.57,91.69,948.03,211
5/8/2013 07:46:58,5/8/2013,07:46:58,2.06,11.52,91.80,948.03,180
5/8/2013 07:47:13,5/8/2013,07:47:13,1.00,11.50,91.90,948.03,173
5/8/2013 07:47:28,5/8/2013,07:47:28,1.32,11.50,92.00,948.04,198
5/8/2013 07:47:43,5/8/2013,07:47:43,2.06,11.52,91.59,948.04,184
5/8/2013 07:47:58,5/8/2013,07:47:58,2.21,11.50,91.59,948.02,209
5/8/2013 07:48:13,5/8/2013,07:48:13,1.04,11.50,91.69,948.03,166
5/8/2013 07:48:28,5/8/2013,07:48:28,0.43,11.50,91.80,948.03,205
5/8/2013 07:48:43,5/8/2013,07:48:43,0.43,11.50,91.90,948.03,229
5/8/2013 07:48:58,5/8/2013,07:48:58,0.25,11.50,92.00,948.03,62
5/8/2013 07:49:13,5/8/2013,07:49:13,1.23,11.50,91.90,948.02,230
5/8/2013 07:49:28,5/8/2013,07:49:28,1.19,11.50,91.90,948.03,218
5/8/2013 07:49:43,5/8/2013,07:49:43,1.79,11.50,91.40,948.02,208
5/8/2013 07:49:58,5/8/2013,07:49:58,1.46,11.50,91.40,947.99,234
5/8/2013 07:50:13,5/8/2013,07:50:13,1.86,11.50,91.50,947.99,202
5/8/2013 07:50:28,5/8/2013,07:50:28,1.15,11.50,91.50,948.04,156
5/8/2013 07:50:43,5/8/2013,07:50:43,0.49,11.50,91.59,948.05,161
5/8/2013 07:50:58,5/8/2013,07:50:58,0.22,11.50,91.80,948.05,215
5/8/2013 07:51:13,5/8/2013,07:51:13,1.30,11.50,91.90,948.04,155
5/8/2013 07:51:28,5/8/2013,07:51:28,2.22,11.50,91.90,948.04,202
5/8/2013 07:51:43,5/8/2013,07:51:43,2.07,11.50,91.69,948.04,219
5/8/2013 07:51:58,5/8/2013,07:51:58,2.22,11.50,91.59,948.04,215
5/8/2013 07:52:13,5/8/2013,07:52:13,1.58,11.50,91.69,948.04,190
5/8/2013 07:52:28,5/8/2013,07:52:28,1.86,11.50,91.59,948.06,232
5/8/2013 07:52:43,5/8/2013,07:52:43,2.07,11.50,91.09,948.05,197
5/8/2013 07:52:58,5/8/2013,07:52:58,1.34,11.50,91.30,948.04,200
5/8/2013 07:53:13,5/8/2013,07:53:13,2.43,11.52,91.09,948.05,196
5/8/2013 07:53:28,5/8/2013,07:53:28,1.65,11.50,91.19,948.07,196
5/8/2013 07:53:43,5/8/2013,07:53:43,2.74,11.50,90.59,948.07,203
5/8/2013 07:53:58,5/8/2013,07:53:58,2.10,11.52,90.00,948.07,153
5/8/2013 07:54:13,5/8/2013,07:54:13,2.48,11.52,89.80,948.04,200
5/8/2013 07:54:28,5/8/2013,07:54:28,1.23,11.52,90.30,948.07,211
5/8/2013 07:54:43,5/8/2013,07:54:43,1.34,11.52,90.59,948.08,186
5/8/2013 07:54:58,5/8/2013,07:54:58,0.76,11.52,90.90,948.13,190
5/8/2013 07:55:13,5/8/2013,07:55:13,1.10,11.52,91.09,948.13,204
5/8/2013 07:55:28,5/8/2013,07:55:28,1.61,11.50,90.40,948.11,191
5/8/2013 07:55:43,5/8/2013,07:55:43,2.00,11.57,90.19,948.10,228
5/8/2013 07:55:58,5/8/2013,07:55:58,2.01,11.57,90.09,948.11,221
5/8/2013 07:56:13,5/8/2013,07:56:13,1.83,11.57,90.19,948.11,189
5/8/2013 07:56:28,5/8/2013,07:56:28,2.00,11.57,90.00,948.12,216
5/8/2013 07:56:43,5/8/2013,07:56:43,1.85,11.57,90.40,948.12,205
5/8/2013 07:56:58,5/8/2013,07:56:58,1.14,11.57,90.69,948.12,234
5/8/2013 07:57:13,5/8/2013,07:57:13,0.91,11.57,90.80,948.12,211
5/8/2013 07:57:28,5/8/2013,07:57:28,1.05,11.57,91.00,948.15,221
5/8/2013 07:57:43,5/8/2013,07:57:43,0.90,11.57,90.69,948.19,179
5/8/2013 07:57:58,5/8/2013,07:57:58,1.04,11.62,90.59,948.16,168
5/8/2013 07:58:13,5/8/2013,07:58:13,2.06,11.57,90.40,948.16,207
5/8/2013 07:58:28,5/8/2013,07:58:28,0.36,11.57,90.30,948.15,117
5/8/2013 07:58:43,5/8/2013,07:58:43,0.78,11.57,90.59,948.16,176
5/8/2013 07:58:58,5/8/2013,07:58:58,0.94,11.64,90.69,948.14,195
5/8/2013 07:59:13,5/8/2013,07:59:13,2.01,11.62,90.30,948.15,199
5/8/2013 07:59:28,5/8/2013,07:59:28,2.48,11.62,89.90,948.15,203
5/8/2013 07:59:43,5/8/2013,07:59:43,2.27,11.62,90.00,948.16,220
5/8/2013 07:59:58,5/8/2013,07:59:58,1.08,11.62,90.30,948.16,155
5/8/2013 08:00:13,5/8/2013,08:00:13,1.29,11.62,90.40,948.18,216
5/8/2013 08:00:28,5/8/2013,08:00:28,1.37,11.62,90.30,948.18,175
5/8/2013 08:00:43,5/8/2013,08:00:43,0.47,11.62,90.59,948.20,179
5/8/2013 08:00:58,5/8/2013,08:00:58,2.33,11.57,89.90,948.21,201
5/8/2013 08:01:13,5/8/2013,08:01:13,1.93,11.62,89.59,948.19,201
5/8/2013 08:01:28,5/8/2013,08:01:28,2.06,11.62,89.90,948.18,204
5/8/2013 08:01:43,5/8/2013,08:01:43,1.81,11.57,90.19,948.16,160
5/8/2013 08:01:58,5/8/2013,08:01:58,1.37,11.57,90.50,948.19,204
5/8/2013 08:02:13,5/8/2013,08:02:13,1.57,11.62,90.69,948.20,215
5/8/2013 08:02:28,5/8/2013,08:02:28,2.47,11.57,90.59,948.21,199
5/8/2013 08:02:43,5/8/2013,08:02:43,2.76,11.62,90.00,948.20,217
5/8/2013 08:02:58,5/8/2013,08:02:58,2.14,11.62,90.00,948.20,191
5/8/2013 08:03:13,5/8/2013,08:03:13,1.64,11.62,90.30,948.20,229
5/8/2013 08:03:28,5/8/2013,08:03:28,1.19,11.62,90.50,948.20,178
5/8/2013 08:03:43,5/8/2013,08:03:43,0.12,11.62,90.59,948.21,170
5/8/2013 08:03:58,5/8/2013,08:03:58,0.65,11.62,90.69,948.21,191
5/8/2013 08:04:13,5/8/2013,08:04:13,0.75,11.62,90.69,948.21,205
5/8/2013 08:04:28,5/8/2013,08:04:28,1.39,11.57,90.50,948.21,229
5/8/2013 08:04:43,5/8/2013,08:04:43,1.85,11.57,90.40,948.20,233
5/8/2013 08:04:58,5/8/2013,08:04:58,2.22,11.57,89.90,948.20,224
5/8/2013 08:05:13,5/8/2013,08:05:13,2.94,11.57,89.80,948.21,206
5/8/2013 08:05:28,5/8/2013,08:05:28,2.51,11.57,89.59,948.22,195
5/8/2013 08:05:43,5/8/2013,08:05:43,1.71,11.57,89.80,948.23,195
5/8/2013 08:05:58,5/8/2013,08:05:58,1.57,11.57,89.90,948.21,215
5/8/2013 08:06:13,5/8/2013,08:06:13,1.81,11.57,90.09,948.22,218
5/8/2013 08:06:28,5/8/2013,08:06:28,1.19,11.57,90.09,948.22,204
5/8/2013 08:06:43,5/8/2013,08:06:43,0.83,11.57,90.30,948.23,183
5/8/2013 08:06:58,5/8/2013,08:06:58,1.43,11.52,90.50,948.26,227
5/8/2013 08:07:13,5/8/2013,08:07:13,2.43,11.57,90.09,948.23,180
5/8/2013 08:07:28,5/8/2013,08:07:28,1.72,11.57,89.69,948.23,208
5/8/2013 08:07:43,5/8/2013,08:07:43,2.24,11.57,90.00,948.22,211
5/8/2013 08:07:58,5/8/2013,08:07:58,0.98,11.57,90.30,948.26,
5/8/2013 08:08:13,5/8/2013,08:08:13,1.48,11.52,90.19,948.24,167
5/8/2013 08:08:28,5/8/2013,08:08:28,2.06,11.57,90.19,948.24,214
5/8/2013 08:08:43,5/8/2013,08:08:43,1.64,11.62,90.50,948.24,214
5/8/2013 08:08:58,5/8/2013,08:08:58,1.21,11.57,90.80,948.24,210
5/8/2013 08:09:13,5/8/2013,08:09:13,0.75,11.57,90.69,948.27,225
5/8/2013 08:09:28,5/8/2013,08:09:28,1.50,11.57,90.30,948.26,229
5/8/2013 08:09:43,5/8/2013,08:09:43,1.00,11.57,90.40,948.24,166
5/8/2013 08:09:58,5/8/2013,08:09:58,0.86,11.57,90.30,948.24,202
5/8/2013 08:10:13,5/8/2013,08:10:13,0.65,11.57,90.50,948.26,207
5/8/2013 08:10:28,5/8/2013,08:10:28,1.57,11.57,90.59,948.27,185
5/8/2013 08:10:43,5/8/2013,08:10:43,1.23,11.57,90.69,948.29,213
5/8/2013 08:10:58,5/8/2013,08:10:58,1.75,11.57,90.59,948.29,184
5/8/2013 08:11:13,5/8/2013,08:11:13,1.29,11.57,90.80,948.27,192
5/8/2013 08:11:28,5/8/2013,08:11:28,2.67,11.57,90.30,948.28,203
5/8/2013 08:11:43,5/8/2013,08:11:43,3.87,11.57,89.90,948.29,177
5/8/2013 08:11:58,5/8/2013,08:11:58,3.19,11.57,89.90,948.29,205
5/8/2013 08:12:13,5/8/2013,08:12:13,3.87,11.57,89.59,948.30,236
5/8/2013 08:12:28,5/8/2013,08:12:28,3.06,11.57,89.69,948.31,222
5/8/2013 08:12:43,5/8/2013,08:12:43,2.90,11.57,89.59,948.31,216
5/8/2013 08:12:58,5/8/2013,08:12:58,3.46,11.57,89.69,948.31,211
5/8/2013 08:13:13,5/8/2013,08:13:13,3.68,11.57,89.50,948.31,204
5/8/2013 08:13:28,5/8/2013,08:13:28,3.56,11.52,89.80,948.32,192
5/8/2013 08:13:43,5/8/2013,08:13:43,3.29,11.52,90.00,948.32,186
5/8/2013 08:13:58,5/8/2013,08:13:58,2.75,11.52,90.00,948.35,216
5/8/2013 08:14:13,5/8/2013,08:14:13,1.93,11.52,90.09,948.35,223
5/8/2013 08:14:28,5/8/2013,08:14:28,1.74,11.52,90.00,948.32,192
5/8/2013 08:14:43,5/8/2013,08:14:43,1.39,11.52,90.09,948.34,196
5/8/2013 08:14:58,5/8/2013,08:14:58,1.99,11.52,90.30,948.36,209
5/8/2013 08:15:13,5/8/2013,08:15:13,2.08,11.52,90.00,948.37,212
5/8/2013 08:15:28,5/8/2013,08:15:28,1.86,11.57,90.40,948.37,185
5/8/2013 08:15:43,5/8/2013,08:15:43,1.21,11.52,90.50,948.37,211
5/8/2013 08:15:58,5/8/2013,08:15:58,1.69,11.52,90.30,948.38,218
5/8/2013 08:16:13,5/8/2013,08:16:13,1.44,11.52,90.30,948.38,205
5/8/2013 08:16:28,5/8/2013,08:16:28,1.81,11.57,90.40,948.38,207
5/8/2013 08:16:43,5/8/2013,08:16:43,1.53,11.57,90.40,948.37,210
5/8/2013 08:16:58,5/8/2013,08:16:58,0.15,11.57,90.59,948.38,184
5/8/2013 08:17:13,5/8/2013,08:17:13,0.00,11.57,90.80,948.38,220
5/8/2013 08:17:28,5/8/2013,08:17:28,0.00,11.52,91.09,948.40,
5/8/2013 08:17:43,5/8/2013,08:17:43,0.00,11.52,91.19,948.41,233
5/8/2013 08:17:58,5/8/2013,08:17:58,1.29,11.57,90.59,948.39,233
5/8/2013 08:18:13,5/8/2013,08:18:13,0.18,11.57,90.69,948.40,
5/8/2013 08:18:28,5/8/2013,08:18:28,0.00,11.57,90.90,948.40,249
5/8/2013 08:18:43,5/8/2013,08:18:43,0.00,11.57,91.00,948.41,168
5/8/2013 08:18:58,5/8/2013,08:18:58,1.79,11.52,90.59,948.41,204
5/8/2013 08:19:13,5/8/2013,08:19:13,1.67,11.52,90.30,948.39,236
5/8/2013 08:19:28,5/8/2013,08:19:28,0.44,11.57,90.40,948.41,183
5/8/2013 08:19:43,5/8/2013,08:19:43,0.42,11.57,90.59,948.40,184
5/8/2013 08:19:58,5/8/2013,08:19:58,0.14,11.57,90.59,948.43,197
5/8/2013 08:20:13,5/8/2013,08:20:13,0.76,11.57,90.59,948.45,208
5/8/2013 08:20:28,5/8/2013,08:20:28,0.00,11.62,90.69,948.44,208
5/8/2013 08:20:43,5/8/2013,08:20:43,0.00,11.57,90.80,948.45,190
5/8/2013 08:20:58,5/8/2013,08:20:58,1.68,11.57,90.50,948.43,208
5/8/2013 08:21:13,5/8/2013,08:21:13,1.51,11.57,89.80,948.41,201
5/8/2013 08:21:28,5/8/2013,08:21:28,1.57,11.62,89.59,948.38,193
5/8/2013 08:21:43,5/8/2013,08:21:43,1.32,11.62,89.59,948.38,203
5/8/2013 08:21:58,5/8/2013,08:21:58,0.33,11.62,89.90,948.40,
5/8/2013 08:22:13,5/8/2013,08:22:13,0.00,11.64,90.09,948.41,348
5/8/2013 08:22:28,5/8/2013,08:22:28,0.71,11.57,90.30,948.39,178
5/8/2013 08:22:43,5/8/2013,08:22:43,1.03,11.57,90.40,948.43,223
5/8/2013 08:22:58,5/8/2013,08:22:58,1.25,11.62,89.59,948.38,195
5/8/2013 08:23:13,5/8/2013,08:23:13,1.68,11.62,89.40,948.43,197
5/8/2013 08:23:28,5/8/2013,08:23:28,1.14,11.64,89.69,948.43,218
5/8/2013 08:23:43,5/8/2013,08:23:43,1.23,11.64,90.09,948.45,219
5/8/2013 08:23:58,5/8/2013,08:23:58,1.65,11.57,89.69,948.45,199
5/8/2013 08:24:13,5/8/2013,08:24:13,0.78,11.57,89.90,948.44,
5/8/2013 08:24:28,5/8/2013,08:24:28,1.46,11.57,90.09,948.46,203
5/8/2013 08:24:43,5/8/2013,08:24:43,0.42,11.57,90.00,948.46,203
5/8/2013 08:24:58,5/8/2013,08:24:58,1.39,11.57,90.30,948.44,155
5/8/2013 08:25:13,5/8/2013,08:25:13,0.96,11.57,90.30,948.43,177
5/8/2013 08:25:28,5/8/2013,08:25:28,1.64,11.57,90.19,948.45,204
5/8/2013 08:25:43,5/8/2013,08:25:43,1.53,11.57,89.90,948.44,230
5/8/2013 08:25:58,5/8/2013,08:25:58,1.04,11.57,90.00,948.45,208
5/8/2013 08:26:13,5/8/2013,08:26:13,1.33,11.62,89.90,948.47,217
5/8/2013 08:26:28,5/8/2013,08:26:28,1.30,11.57,90.00,948.47,195
5/8/2013 08:26:43,5/8/2013,08:26:43,0.57,11.57,90.30,948.47,191
5/8/2013 08:26:58,5/8/2013,08:26:58,0.00,11.62,90.50,948.48,200
5/8/2013 08:27:13,5/8/2013,08:27:13,0.00,11.57,90.59,948.49,223
5/8/2013 08:27:28,5/8/2013,08:27:28,1.33,11.57,90.59,948.49,206
5/8/2013 08:27:43,5/8/2013,08:27:43,0.49,11.62,90.40,948.51,196
5/8/2013 08:27:58,5/8/2013,08:27:58,1.41,11.57,90.30,948.48,215
5/8/2013 08:28:13,5/8/2013,08:28:13,1.43,11.57,90.09,948.45,187
5/8/2013 08:28:28,5/8/2013,08:28:28,0.88,11.62,90.50,948.45,299
5/8/2013 08:28:43,5/8/2013,08:28:43,0.00,11.62,90.69,948.49,
5/8/2013 08:28:58,5/8/2013,08:28:58,0.00,11.64,90.80,948.49,
5/8/2013 08:29:13,5/8/2013,08:29:13,0.00,11.62,90.90,948.51,173
5/8/2013 08:29:28,5/8/2013,08:29:28,0.00,11.62,90.90,948.49,203
5/8/2013 08:29:43,5/8/2013,08:29:43,0.00,11.64,90.90,948.49,181
5/8/2013 08:29:58,5/8/2013,08:29:58,0.00,11.64,91.00,948.53,208
5/8/2013 08:30:13,5/8/2013,08:30:13,0.43,11.62,91.09,948.53,196
5/8/2013 08:30:28,5/8/2013,08:30:28,2.07,11.57,90.00,948.49,207
5/8/2013 08:30:43,5/8/2013,08:30:43,1.92,11.62,90.19,948.46,204
5/8/2013 08:30:58,5/8/2013,08:30:58,2.06,11.62,89.90,948.46,219
5/8/2013 08:31:13,5/8/2013,08:31:13,0.94,11.64,90.00,948.49,217
5/8/2013 08:31:28,5/8/2013,08:31:28,0.00,11.64,90.30,948.52,
5/8/2013 08:31:43,5/8/2013,08:31:43,0.00,11.64,90.50,948.54,201
5/8/2013 08:31:58,5/8/2013,08:31:58,0.00,11.64,90.59,948.53,159
5/8/2013 08:32:13,5/8/2013,08:32:13,1.01,11.64,90.69,948.51,202
5/8/2013 08:32:28,5/8/2013,08:32:28,0.68,11.69,90.69,948.53,182
5/8/2013 08:32:43,5/8/2013,08:32:43,0.00,11.64,90.80,948.56,169
5/8/2013 08:32:58,5/8/2013,08:32:58,0.00,11.64,90.80,948.55,
5/8/2013 08:33:13,5/8/2013,08:33:13,0.00,11.64,90.80,948.54,204
5/8/2013 08:33:28,5/8/2013,08:33:28,0.00,11.69,90.90,948.53,185
5/8/2013 08:33:43,5/8/2013,08:33:43,0.00,11.69,91.00,948.53,230
5/8/2013 08:33:58,5/8/2013,08:33:58,0.00,11.69,91.09,948.52,217
5/8/2013 08:34:13,5/8/2013,08:34:13,0.00,11.69,91.00,948.53,216
5/8/2013 08:34:28,5/8/2013,08:34:28,0.00,11.69,90.69,948.54,164
5/8/2013 08:34:43,5/8/2013,08:34:43,0.00,11.72,90.59,948.54,182
5/8/2013 08:34:58,5/8/2013,08:34:58,0.29,11.72,90.69,948.55,208
5/8/2013 08:35:13,5/8/2013,08:35:13,0.79,11.72,90.59,948.52,179
5/8/2013 08:35:28,5/8/2013,08:35:28,0.83,11.72,90.19,948.52,256
5/8/2013 08:35:43,5/8/2013,08:35:43,1.01,11.72,90.00,948.49,205
5/8/2013 08:35:58,5/8/2013,08:35:58,0.14,11.77,90.19,948.51,190
5/8/2013 08:36:13,5/8/2013,08:36:13,0.67,11.72,90.40,948.52,201
5/8/2013 08:36:28,5/8/2013,08:36:28,1.26,11.77,90.59,948.49,213
5/8/2013 08:36:43,5/8/2013,08:36:43,1.21,11.80,90.00,948.48,223
5/8/2013 08:36:58,5/8/2013,08:36:58,0.69,11.80,89.90,948.49,236
5/8/2013 08:37:13,5/8/2013,08:37:13,0.57,11.80,89.90,948.49,232
5/8/2013 08:37:28,5/8/2013,08:37:28,1.01,11.80,90.00,948.49,186
5/8/2013 08:37:43,5/8/2013,08:37:43,0.42,11.80,89.80,948.51,214
5/8/2013 08:37:58,5/8/2013,08:37:58,2.48,11.80,89.09,948.49,200
5/8/2013 08:38:13,5/8/2013,08:38:13,2.44,11.80,89.00,948.51,217
5/8/2013 08:38:28,5/8/2013,08:38:28,1.57,11.80,89.40,948.52,180
5/8/2013 08:38:43,5/8/2013,08:38:43,1.44,11.80,89.09,948.52,202
5/8/2013 08:38:58,5/8/2013,08:38:58,0.91,11.80,89.40,948.53,208
5/8/2013 08:39:13,5/8/2013,08:39:13,0.11,11.80,89.69,948.54,167
5/8/2013 08:39:28,5/8/2013,08:39:28,0.18,11.80,89.90,948.55,215
5/8/2013 08:39:43,5/8/2013,08:39:43,0.75,11.80,90.09,948.56,211
5/8/2013 08:39:58,5/8/2013,08:39:58,0.00,11.80,90.40,948.57,209
5/8/2013 08:40:13,5/8/2013,08:40:13,0.78,11.77,90.19,948.57,209
5/8/2013 08:40:28,5/8/2013,08:40:28,0.61,11.77,90.19,948.56,212
5/8/2013 08:40:43,5/8/2013,08:40:43,0.69,11.80,90.19,948.55,214
5/8/2013 08:40:58,5/8/2013,08:40:58,0.83,11.77,89.80,948.54,182
5/8/2013 08:41:13,5/8/2013,08:41:13,1.27,11.77,90.00,948.53,237
5/8/2013 08:41:28,5/8/2013,08:41:28,0.79,11.77,89.80,948.54,202
5/8/2013 08:41:43,5/8/2013,08:41:43,1.93,11.72,89.40,948.52,208
5/8/2013 08:41:58,5/8/2013,08:41:58,1.76,11.77,89.50,948.53,238
5/8/2013 08:42:13,5/8/2013,08:42:13,0.36,11.77,89.69,948.54,193
5/8/2013 08:42:28,5/8/2013,08:42:28,0.00,11.77,89.90,948.55,197
5/8/2013 08:42:43,5/8/2013,08:42:43,0.00,11.77,90.09,948.55,
5/8/2013 08:42:58,5/8/2013,08:42:58,0.00,11.77,90.40,948.56,182
5/8/2013 08:43:13,5/8/2013,08:43:13,0.33,11.72,90.50,948.55,237
5/8/2013 08:43:28,5/8/2013,08:43:28,1.46,11.72,89.90,948.53,216
5/8/2013 08:43:43,5/8/2013,08:43:43,0.78,11.72,90.09,948.55,218
5/8/2013 08:43:58,5/8/2013,08:43:58,0.00,11.77,90.19,948.57,179
5/8/2013 08:44:13,5/8/2013,08:44:13,0.00,11.72,90.40,948.57,203
5/8/2013 08:44:28,5/8/2013,08:44:28,0.94,11.72,90.19,948.54,209
5/8/2013 08:44:43,5/8/2013,08:44:43,1.43,11.72,89.69,948.53,219
5/8/2013 08:44:58,5/8/2013,08:44:58,1.41,11.72,89.69,948.53,228
5/8/2013 08:45:13,5/8/2013,08:45:13,1.85,11.72,89.30,948.52,195
5/8/2013 08:45:28,5/8/2013,08:45:28,1.69,11.72,89.30,948.49,232
5/8/2013 08:45:43,5/8/2013,08:45:43,1.43,11.72,89.50,948.51,198
5/8/2013 08:45:58,5/8/2013,08:45:58,1.16,11.72,89.50,948.49,225
5/8/2013 08:46:13,5/8/2013,08:46:13,1.13,11.72,89.59,948.52,208
5/8/2013 08:46:28,5/8/2013,08:46:28,0.18,11.72,89.69,948.53,183
5/8/2013 08:46:43,5/8/2013,08:46:43,1.08,11.72,90.00,948.53,206
5/8/2013 08:46:58,5/8/2013,08:46:58,0.91,11.72,89.90,948.52,268
5/8/2013 08:47:13,5/8/2013,08:47:13,1.11,11.72,90.19,948.52,195
5/8/2013 08:47:28,5/8/2013,08:47:28,1.88,11.72,90.19,948.52,179
5/8/2013 08:47:43,5/8/2013,08:47:43,1.08,11.72,90.09,948.52,180
5/8/2013 08:47:58,5/8/2013,08:47:58,2.47,11.72,89.40,948.52,197
5/8/2013 08:48:13,5/8/2013,08:48:13,2.83,11.77,89.00,948.49,193
5/8/2013 08:48:28,5/8/2013,08:48:28,2.13,11.77,89.00,948.47,209
5/8/2013 08:48:43,5/8/2013,08:48:43,2.71,11.80,88.69,948.46,202
5/8/2013 08:48:58,5/8/2013,08:48:58,1.25,11.80,88.90,948.47,221
5/8/2013 08:49:13,5/8/2013,08:49:13,1.67,11.80,89.09,948.49,197
5/8/2013 08:49:28,5/8/2013,08:49:28,1.13,11.80,89.30,948.49,170
5/8/2013 08:49:43,5/8/2013,08:49:43,0.86,11.80,89.19,948.51,183
5/8/2013 08:49:58,5/8/2013,08:49:58,0.83,11.85,89.40,948.52,222
5/8/2013 08:50:13,5/8/2013,08:50:13,0.81,11.85,89.69,948.53,209
5/8/2013 08:50:28,5/8/2013,08:50:28,1.58,11.89,89.00,948.51,222
5/8/2013 08:50:43,5/8/2013,08:50:43,0.36,11.89,89.50,948.52,170
5/8/2013 08:50:58,5/8/2013,08:50:58,0.00,11.89,89.69,948.53,173
5/8/2013 08:51:13,5/8/2013,08:51:13,0.33,11.89,89.69,948.53,218
5/8/2013 08:51:28,5/8/2013,08:51:28,1.13,11.89,89.30,948.53,194
5/8/2013 08:51:43,5/8/2013,08:51:43,1.04,11.92,88.90,948.52,189
5/8/2013 08:51:58,5/8/2013,08:51:58,1.03,11.97,89.19,948.51,214
5/8/2013 08:52:13,5/8/2013,08:52:13,0.32,12.00,89.50,948.53,188
5/8/2013 08:52:28,5/8/2013,08:52:28,0.00,11.97,89.69,948.53,226
5/8/2013 08:52:43,5/8/2013,08:52:43,0.00,12.00,89.40,948.52,186
5/8/2013 08:52:58,5/8/2013,08:52:58,1.61,11.97,88.90,948.51,200
5/8/2013 08:53:13,5/8/2013,08:53:13,2.17,12.00,89.09,948.48,204
5/8/2013 08:53:28,5/8/2013,08:53:28,1.21,12.05,88.69,948.51,196
5/8/2013 08:53:43,5/8/2013,08:53:43,0.78,12.05,89.40,948.51,208
5/8/2013 08:53:58,5/8/2013,08:53:58,1.34,12.05,89.00,948.52,240
5/8/2013 08:54:13,5/8/2013,08:54:13,1.82,12.05,89.00,948.49,199
5/8/2013 08:54:28,5/8/2013,08:54:28,0.47,12.10,89.30,948.52,189
5/8/2013 08:54:43,5/8/2013,08:54:43,1.29,12.12,89.69,948.52,217
5/8/2013 08:54:58,5/8/2013,08:54:58,1.04,12.10,89.19,948.54,179
5/8/2013 08:55:13,5/8/2013,08:55:13,1.51,12.10,89.00,948.53,211
5/8/2013 08:55:28,5/8/2013,08:55:28,0.60,12.12,89.09,948.55,204
5/8/2013 08:55:43,5/8/2013,08:55:43,0.53,12.12,89.09,948.56,204
5/8/2013 08:55:58,5/8/2013,08:55:58,0.11,12.12,89.30,948.55,212
5/8/2013 08:56:13,5/8/2013,08:56:13,0.33,12.12,89.40,948.55,195
5/8/2013 08:56:28,5/8/2013,08:56:28,0.43,12.10,89.59,948.55,210
5/8/2013 08:56:43,5/8/2013,08:56:43,1.10,12.10,89.30,948.54,229
5/8/2013 08:56:58,5/8/2013,08:56:58,0.11,12.12,89.40,948.55,223
5/8/2013 08:57:13,5/8/2013,08:57:13,0.00,12.17,89.50,948.55,176
5/8/2013 08:57:28,5/8/2013,08:57:28,0.00,12.19,89.90,948.56,158
5/8/2013 08:57:43,5/8/2013,08:57:43,1.43,12.12,89.50,948.57,196
5/8/2013 08:57:58,5/8/2013,08:57:58,2.36,12.10,88.90,948.55,230
5/8/2013 08:58:13,5/8/2013,08:58:13,1.74,12.05,88.50,948.55,188
5/8/2013 08:58:28,5/8/2013,08:58:28,2.11,12.05,88.40,948.53,223
5/8/2013 08:58:43,5/8/2013,08:58:43,2.25,12.05,88.80,948.54,186
5/8/2013 08:58:58,5/8/2013,08:58:58,1.92,12.05,88.90,948.52,194
5/8/2013 08:59:13,5/8/2013,08:59:13,1.65,12.00,89.00,948.51,220
5/8/2013 08:59:28,5/8/2013,08:59:28,1.60,12.00,88.69,948.55,188
5/8/2013 08:59:43,5/8/2013,08:59:43,1.60,11.97,88.50,948.54,197
5/8/2013 08:59:58,5/8/2013,08:59:58,1.58,12.00,88.80,948.54,210
5/8/2013 09:00:13,5/8/2013,09:00:13,1.46,11.97,88.80,948.52,193
5/8/2013 09:00:28,5/8/2013,09:00:28,1.03,12.00,89.30,948.53,220
5/8/2013 09:00:43,5/8/2013,09:00:43,0.54,12.00,89.50,948.55,218
5/8/2013 09:00:58,5/8/2013,09:00:58,0.18,12.05,89.69,948.56,206
5/8/2013 09:01:13,5/8/2013,09:01:13,1.40,11.97,89.00,948.53,205
5/8/2013 09:01:28,5/8/2013,09:01:28,0.76,11.97,88.90,948.53,230
5/8/2013 09:01:43,5/8/2013,09:01:43,0.00,12.05,89.19,948.55,220
5/8/2013 09:01:58,5/8/2013,09:01:58,0.00,12.00,89.50,948.55,183
5/8/2013 09:02:13,5/8/2013,09:02:13,1.21,11.97,89.50,948.55,222
5/8/2013 09:02:28,5/8/2013,09:02:28,2.18,11.97,88.59,948.54,201
5/8/2013 09:02:43,5/8/2013,09:02:43,1.18,11.97,88.80,948.54,209
5/8/2013 09:02:58,5/8/2013,09:02:58,2.33,11.92,88.59,948.54,202
5/8/2013 09:03:13,5/8/2013,09:03:13,1.34,11.97,88.80,948.53,183
5/8/2013 09:03:28,5/8/2013,09:03:28,1.26,11.97,89.19,948.52,218
5/8/2013 09:03:43,5/8/2013,09:03:43,2.40,11.89,88.80,948.51,212
5/8/2013 09:03:58,5/8/2013,09:03:58,2.31,11.89,88.69,948.51,184
5/8/2013 09:04:13,5/8/2013,09:04:13,2.51,11.89,88.80,948.52,200
5/8/2013 09:04:28,5/8/2013,09:04:28,1.93,11.89,88.69,948.53,205
5/8/2013 09:04:43,5/8/2013,09:04:43,2.46,11.89,88.69,948.52,215
5/8/2013 09:04:58,5/8/2013,09:04:58,1.71,11.89,89.00,948.52,211
5/8/2013 09:05:13,5/8/2013,09:05:13,1.10,11.89,89.19,948.53,190
5/8/2013 09:05:28,5/8/2013,09:05:28,1.33,11.89,89.40,948.54,227
5/8/2013 09:05:43,5/8/2013,09:05:43,1.64,11.89,89.59,948.54,176
5/8/2013 09:05:58,5/8/2013,09:05:58,1.43,11.89,89.59,948.53,166
5/8/2013 09:06:13,5/8/2013,09:06:13,2.18,11.85,89.09,948.53,222
5/8/2013 09:06:28,5/8/2013,09:06:28,1.88,11.89,89.00,948.54,233
5/8/2013 09:06:43,5/8/2013,09:06:43,1.61,11.89,89.09,948.56,205
5/8/2013 09:06:58,5/8/2013,09:06:58,1.57,11.89,89.09,948.59,202
5/8/2013 09:07:13,5/8/2013,09:07:13,1.30,11.89,89.40,948.60,179
5/8/2013 09:07:28,5/8/2013,09:07:28,1.89,11.80,89.69,948.57,204
5/8/2013 09:07:43,5/8/2013,09:07:43,3.11,11.89,89.00,948.56,195
5/8/2013 09:07:58,5/8/2013,09:07:58,2.25,11.89,89.19,948.55,209
5/8/2013 09:08:13,5/8/2013,09:08:13,1.41,11.89,89.40,948.55,210
5/8/2013 09:08:28,5/8/2013,09:08:28,0.11,11.89,89.59,948.59,180
5/8/2013 09:08:43,5/8/2013,09:08:43,1.58,11.89,89.19,948.56,209
5/8/2013 09:08:58,5/8/2013,09:08:58,1.46,11.89,89.19,948.56,189
5/8/2013 09:09:13,5/8/2013,09:09:13,1.22,11.92,89.59,948.57,211
5/8/2013 09:09:28,5/8/2013,09:09:28,1.53,11.89,89.90,948.60,168
5/8/2013 09:09:43,5/8/2013,09:09:43,1.29,11.89,89.00,948.62,202
5/8/2013 09:09:58,5/8/2013,09:09:58,2.06,11.92,89.00,948.61,173
5/8/2013 09:10:13,5/8/2013,09:10:13,2.10,11.92,88.19,948.57,201
5/8/2013 09:10:28,5/8/2013,09:10:28,2.50,11.97,88.40,948.57,244
5/8/2013 09:10:43,5/8/2013,09:10:43,2.33,11.92,88.80,948.59,200
5/8/2013 09:10:58,5/8/2013,09:10:58,1.23,11.97,88.50,948.59,203
5/8/2013 09:11:13,5/8/2013,09:11:13,0.69,11.97,88.69,948.60,163
5/8/2013 09:11:28,5/8/2013,09:11:28,1.16,11.97,89.19,948.59,208
5/8/2013 09:11:43,5/8/2013,09:11:43,0.74,11.97,89.30,948.60,198
5/8/2013 09:11:58,5/8/2013,09:11:58,1.29,12.00,89.19,948.60,195
5/8/2013 09:12:13,5/8/2013,09:12:13,1.07,12.00,89.30,948.61,176
5/8/2013 09:12:28,5/8/2013,09:12:28,1.65,11.97,88.59,948.62,147
5/8/2013 09:12:43,5/8/2013,09:12:43,1.90,12.00,88.59,948.60,195
5/8/2013 09:12:58,5/8/2013,09:12:58,1.22,12.00,88.80,948.61,187
5/8/2013 09:13:13,5/8/2013,09:13:13,2.44,11.97,88.59,948.62,211
5/8/2013 09:13:28,5/8/2013,09:13:28,1.41,12.00,88.90,948.63,184
5/8/2013 09:13:43,5/8/2013,09:13:43,1.14,12.00,88.80,948.63,241
5/8/2013 09:13:58,5/8/2013,09:13:58,0.81,11.97,88.90,948.64,207
5/8/2013 09:14:13,5/8/2013,09:14:13,1.14,12.00,88.90,948.62,201
5/8/2013 09:14:28,5/8/2013,09:14:28,1.37,11.97,89.00,948.62,216
5/8/2013 09:14:43,5/8/2013,09:14:43,0.76,12.05,88.90,948.62,194
5/8/2013 09:14:58,5/8/2013,09:14:58,0.91,12.00,89.40,948.63,191
5/8/2013 09:15:13,5/8/2013,09:15:13,0.94,11.97,89.40,948.63,206
5/8/2013 09:15:28,5/8/2013,09:15:28,2.08,11.97,88.59,948.61,217
5/8/2013 09:15:43,5/8/2013,09:15:43,1.53,12.00,88.80,948.62,199
5/8/2013 09:15:58,5/8/2013,09:15:58,1.34,12.00,89.00,948.62,205
5/8/2013 09:16:13,5/8/2013,09:16:13,1.64,11.97,88.30,948.60,216
5/8/2013 09:16:28,5/8/2013,09:16:28,1.78,12.00,88.19,948.60,200
5/8/2013 09:16:43,5/8/2013,09:16:43,2.48,11.97,87.90,948.59,216
5/8/2013 09:16:58,5/8/2013,09:16:58,2.10,12.00,87.59,948.61,187
5/8/2013 09:17:13,5/8/2013,09:17:13,1.93,12.00,87.69,948.61,207
5/8/2013 09:17:28,5/8/2013,09:17:28,2.07,12.00,87.80,948.61,202
5/8/2013 09:17:43,5/8/2013,09:17:43,1.37,12.05,87.80,948.62,198
5/8/2013 09:17:58,5/8/2013,09:17:58,2.14,12.00,87.59,948.61,176
5/8/2013 09:18:13,5/8/2013,09:18:13,0.84,12.00,87.80,948.62,182
5/8/2013 09:18:28,5/8/2013,09:18:28,2.11,12.00,88.19,948.63,197
5/8/2013 09:18:43,5/8/2013,09:18:43,2.18,11.97,87.90,948.60,215
5/8/2013 09:18:58,5/8/2013,09:18:58,1.97,12.00,88.09,948.62,209
5/8/2013 09:19:13,5/8/2013,09:19:13,1.44,11.97,87.90,948.62,188
5/8/2013 09:19:28,5/8/2013,09:19:28,1.29,11.97,87.90,948.63,190
5/8/2013 09:19:43,5/8/2013,09:19:43,1.08,11.97,87.90,948.63,205
5/8/2013 09:19:58,5/8/2013,09:19:58,1.74,11.97,88.00,948.63,212
5/8/2013 09:20:13,5/8/2013,09:20:13,1.01,11.97,88.30,948.64,202
5/8/2013 09:20:28,5/8/2013,09:20:28,0.67,11.97,88.19,948.65,208
5/8/2013 09:20:43,5/8/2013,09:20:43,0.00,12.00,88.19,948.68,205
5/8/2013 09:20:58,5/8/2013,09:20:58,0.00,12.00,88.40,948.68,
5/8/2013 09:21:13,5/8/2013,09:21:13,0.57,12.00,88.09,948.68,218
5/8/2013 09:21:28,5/8/2013,09:21:28,1.29,11.97,87.69,948.64,202
5/8/2013 09:21:43,5/8/2013,09:21:43,1.36,11.97,88.00,948.67,202
5/8/2013 09:21:58,5/8/2013,09:21:58,2.11,11.97,87.40,948.65,215
5/8/2013 09:22:13,5/8/2013,09:22:13,1.81,11.97,87.59,948.65,215
5/8/2013 09:22:28,5/8/2013,09:22:28,2.07,11.97,88.00,948.64,196
5/8/2013 09:22:43,5/8/2013,09:22:43,2.38,11.97,87.69,948.65,200
5/8/2013 09:22:58,5/8/2013,09:22:58,1.55,12.00,88.09,948.65,206
5/8/2013 09:23:13,5/8/2013,09:23:13,0.86,12.00,88.69,948.67,204
5/8/2013 09:23:28,5/8/2013,09:23:28,1.01,11.97,88.80,948.67,181
5/8/2013 09:23:43,5/8/2013,09:23:43,1.97,11.97,87.90,948.65,209
5/8/2013 09:23:58,5/8/2013,09:23:58,1.07,11.97,87.90,948.68,223
5/8/2013 09:24:13,5/8/2013,09:24:13,1.23,11.97,87.90,948.69,193
5/8/2013 09:24:28,5/8/2013,09:24:28,1.19,11.97,87.90,948.68,196
5/8/2013 09:24:43,5/8/2013,09:24:43,0.49,12.00,88.00,948.69,220
5/8/2013 09:24:58,5/8/2013,09:24:58,0.00,12.05,88.40,948.69,219
5/8/2013 09:25:13,5/8/2013,09:25:13,0.00,12.00,88.90,948.70,200
5/8/2013 09:25:28,5/8/2013,09:25:28,0.00,12.05,88.69,948.71,204
5/8/2013 09:25:43,5/8/2013,09:25:43,0.65,12.00,88.69,948.71,235
5/8/2013 09:25:58,5/8/2013,09:25:58,1.00,12.00,88.50,948.73,186
5/8/2013 09:26:13,5/8/2013,09:26:13,1.27,11.97,87.90,948.71,184
5/8/2013 09:26:28,5/8/2013,09:26:28,0.78,12.00,88.09,948.72,
5/8/2013 09:26:43,5/8/2013,09:26:43,1.57,11.97,87.90,948.70,198
5/8/2013 09:26:58,5/8/2013,09:26:58,2.60,12.00,87.69,948.70,213
5/8/2013 09:27:13,5/8/2013,09:27:13,2.06,12.00,87.59,948.69,196
5/8/2013 09:27:28,5/8/2013,09:27:28,1.94,11.97,87.00,948.70,211
5/8/2013 09:27:43,5/8/2013,09:27:43,3.64,12.00,86.80,948.68,219
5/8/2013 09:27:58,5/8/2013,09:27:58,2.86,11.97,87.19,948.70,210
5/8/2013 09:28:13,5/8/2013,09:28:13,1.33,12.00,87.40,948.70,207
5/8/2013 09:28:28,5/8/2013,09:28:28,1.88,11.97,87.59,948.71,194
5/8/2013 09:28:43,5/8/2013,09:28:43,1.82,11.97,87.59,948.71,199
5/8/2013 09:28:58,5/8/2013,09:28:58,1.54,11.97,87.59,948.70,207
5/8/2013 09:29:13,5/8/2013,09:29:13,0.83,12.00,87.69,948.71,174
5/8/2013 09:29:28,5/8/2013,09:29:28,1.27,11.97,87.90,948.71,188
5/8/2013 09:29:43,5/8/2013,09:29:43,1.36,11.97,88.00,948.71,202
5/8/2013 09:29:58,5/8/2013,09:29:58,1.48,12.00,87.90,948.70,198
5/8/2013 09:30:13,5/8/2013,09:30:13,1.83,12.05,87.90,948.69,177
5/8/2013 09:30:28,5/8/2013,09:30:28,1.40,12.00,87.40,948.69,196
5/8/2013 09:30:43,5/8/2013,09:30:43,1.82,11.97,87.80,948.70,211
5/8/2013 09:30:58,5/8/2013,09:30:58,2.79,12.00,87.09,948.69,205
5/8/2013 09:31:13,5/8/2013,09:31:13,2.25,12.05,87.80,948.70,156
5/8/2013 09:31:28,5/8/2013,09:31:28,1.51,12.00,87.59,948.72,209
5/8/2013 09:31:43,5/8/2013,09:31:43,1.82,11.97,87.19,948.72,213
5/8/2013 09:31:58,5/8/2013,09:31:58,1.46,11.97,86.90,948.71,204
5/8/2013 09:32:13,5/8/2013,09:32:13,0.63,12.00,86.90,948.71,204
5/8/2013 09:32:28,5/8/2013,09:32:28,2.13,11.97,86.80,948.69,204
5/8/2013 09:32:43,5/8/2013,09:32:43,2.92,11.97,87.19,948.69,222
5/8/2013 09:32:58,5/8/2013,09:32:58,2.50,11.97,87.59,948.67,210
5/8/2013 09:33:13,5/8/2013,09:33:13,1.41,11.97,87.50,948.70,185
5/8/2013 09:33:28,5/8/2013,09:33:28,0.74,11.97,87.80,948.72,176
5/8/2013 09:33:43,5/8/2013,09:33:43,0.81,11.97,87.80,948.73,194
5/8/2013 09:33:58,5/8/2013,09:33:58,1.62,11.97,87.59,948.73,226
5/8/2013 09:34:13,5/8/2013,09:34:13,1.23,11.97,87.69,948.73,198
5/8/2013 09:34:28,5/8/2013,09:34:28,1.48,11.97,87.69,948.71,197
5/8/2013 09:34:43,5/8/2013,09:34:43,1.67,11.92,88.00,948.72,188
5/8/2013 09:34:58,5/8/2013,09:34:58,1.58,11.97,88.30,948.72,200
5/8/2013 09:35:13,5/8/2013,09:35:13,0.74,11.97,88.30,948.72,216
5/8/2013 09:35:28,5/8/2013,09:35:28,1.43,11.92,87.69,948.72,188
5/8/2013 09:35:43,5/8/2013,09:35:43,1.94,11.92,87.50,948.75,227
5/8/2013 09:35:58,5/8/2013,09:35:58,1.64,11.92,87.69,948.75,207
5/8/2013 09:36:13,5/8/2013,09:36:13,0.44,11.92,87.90,948.75,205
5/8/2013 09:36:28,5/8/2013,09:36:28,0.00,11.97,88.30,948.76,203
5/8/2013 09:36:43,5/8/2013,09:36:43,0.61,11.97,88.50,948.75,216
5/8/2013 09:36:58,5/8/2013,09:36:58,0.42,11.92,88.69,948.73,202
5/8/2013 09:37:13,5/8/2013,09:37:13,0.43,11.92,88.59,948.75,192
5/8/2013 09:37:28,5/8/2013,09:37:28,0.81,11.92,88.59,948.72,194
5/8/2013 09:37:43,5/8/2013,09:37:43,1.16,11.97,88.50,948.72,215
5/8/2013 09:37:58,5/8/2013,09:37:58,1.25,11.89,88.69,948.72,209
5/8/2013 09:38:13,5/8/2013,09:38:13,2.96,11.89,88.30,948.75,218
5/8/2013 09:38:28,5/8/2013,09:38:28,3.22,11.89,87.90,948.73,205
5/8/2013 09:38:43,5/8/2013,09:38:43,3.68,11.89,87.90,948.75,206
5/8/2013 09:38:58,5/8/2013,09:38:58,3.22,11.89,87.69,948.75,211
5/8/2013 09:39:13,5/8/2013,09:39:13,1.40,11.89,88.09,948.76,162
5/8/2013 09:39:28,5/8/2013,09:39:28,1.93,11.89,88.30,948.79,218
5/8/2013 09:39:43,5/8/2013,09:39:43,0.96,11.89,88.69,948.78,167
5/8/2013 09:39:58,5/8/2013,09:39:58,0.32,11.89,88.59,948.78,149
5/8/2013 09:40:13,5/8/2013,09:40:13,2.51,11.89,87.80,948.76,182
5/8/2013 09:40:28,5/8/2013,09:40:28,2.34,11.89,87.50,948.75,202
5/8/2013 09:40:43,5/8/2013,09:40:43,4.00,11.89,87.30,948.73,184
5/8/2013 09:40:58,5/8/2013,09:40:58,3.14,11.92,87.40,948.73,184
5/8/2013 09:41:13,5/8/2013,09:41:13,2.04,11.92,87.50,948.73,214
5/8/2013 09:41:28,5/8/2013,09:41:28,1.36,11.92,87.69,948.75,210
5/8/2013 09:41:43,5/8/2013,09:41:43,0.75,11.97,87.80,948.75,205
5/8/2013 09:41:58,5/8/2013,09:41:58,0.90,11.97,88.09,948.75,202
5/8/2013 09:42:13,5/8/2013,09:42:13,1.34,12.00,88.09,948.73,205
5/8/2013 09:42:28,5/8/2013,09:42:28,1.72,12.05,88.00,948.72,210
5/8/2013 09:42:43,5/8/2013,09:42:43,1.68,12.05,87.59,948.70,250
5/8/2013 09:42:58,5/8/2013,09:42:58,0.83,12.10,87.80,948.73,179
5/8/2013 09:43:13,5/8/2013,09:43:13,1.37,12.10,87.50,948.73,202
5/8/2013 09:43:28,5/8/2013,09:43:28,0.60,12.12,87.19,948.75,187
5/8/2013 09:43:43,5/8/2013,09:43:43,0.75,12.12,87.59,948.72,217
5/8/2013 09:43:58,5/8/2013,09:43:58,1.01,12.17,87.19,948.70,211
5/8/2013 09:44:13,5/8/2013,09:44:13,0.57,12.19,87.90,948.70,175
5/8/2013 09:44:28,5/8/2013,09:44:28,0.36,12.25,87.69,948.69,185
5/8/2013 09:44:43,5/8/2013,09:44:43,0.57,12.27,87.19,948.68,200
5/8/2013 09:44:58,5/8/2013,09:44:58,0.08,12.32,87.50,948.68,
5/8/2013 09:45:13,5/8/2013,09:45:13,0.00,12.37,87.90,948.67,200
5/8/2013 09:45:28,5/8/2013,09:45:28,0.47,12.37,87.50,948.65,189
5/8/2013 09:45:43,5/8/2013,09:45:43,0.64,12.39,87.30,948.68,202
5/8/2013 09:45:58,5/8/2013,09:45:58,0.32,12.39,86.90,948.67,200
5/8/2013 09:46:13,5/8/2013,09:46:13,0.47,12.44,86.09,948.65,169
5/8/2013 09:46:28,5/8/2013,09:46:28,0.00,12.52,86.40,948.68,206
5/8/2013 09:46:43,5/8/2013,09:46:43,0.00,12.52,86.90,948.68,203
5/8/2013 09:46:58,5/8/2013,09:46:58,0.00,12.60,86.90,948.68,213
5/8/2013 09:47:13,5/8/2013,09:47:13,0.00,12.55,87.09,948.68,202
5/8/2013 09:47:28,5/8/2013,09:47:28,0.00,12.60,86.40,948.67,200
5/8/2013 09:47:43,5/8/2013,09:47:43,0.00,12.64,86.09,948.67,155
5/8/2013 09:47:58,5/8/2013,09:47:58,0.78,12.60,85.59,948.64,204
5/8/2013 09:48:13,5/8/2013,09:48:13,0.39,12.64,85.09,948.63,185
5/8/2013 09:48:28,5/8/2013,09:48:28,0.78,12.67,86.09,948.62,210
5/8/2013 09:48:43,5/8/2013,09:48:43,0.43,12.72,86.69,948.63,215
5/8/2013 09:48:58,5/8/2013,09:48:58,0.00,12.75,86.59,948.63,183
5/8/2013 09:49:13,5/8/2013,09:49:13,0.64,12.67,85.59,948.63,210
5/8/2013 09:49:28,5/8/2013,09:49:28,1.67,12.75,86.09,948.62,270
5/8/2013 09:49:43,5/8/2013,09:49:43,0.17,12.80,86.80,948.64,221
5/8/2013 09:49:58,5/8/2013,09:49:58,0.00,12.85,86.90,948.65,205
5/8/2013 09:50:13,5/8/2013,09:50:13,0.64,12.75,86.00,948.62,174
5/8/2013 09:50:28,5/8/2013,09:50:28,0.00,12.85,85.09,948.64,213
5/8/2013 09:50:43,5/8/2013,09:50:43,0.00,12.85,85.50,948.64,210
5/8/2013 09:50:58,5/8/2013,09:50:58,0.00,12.85,85.30,948.65,207
5/8/2013 09:51:13,5/8/2013,09:51:13,0.00,12.85,85.00,948.63,202
5/8/2013 09:51:28,5/8/2013,09:51:28,0.61,12.80,84.50,948.65,197
5/8/2013 09:51:43,5/8/2013,09:51:43,1.82,12.72,83.90,948.62,204
5/8/2013 09:51:58,5/8/2013,09:51:58,0.53,12.85,84.40,948.63,124
5/8/2013 09:52:13,5/8/2013,09:52:13,1.82,12.67,83.19,948.61,210
5/8/2013 09:52:28,5/8/2013,09:52:28,1.65,12.72,84.00,948.63,212
5/8/2013 09:52:43,5/8/2013,09:52:43,2.10,12.67,84.19,948.63,210
5/8/2013 09:52:58,5/8/2013,09:52:58,1.88,12.67,83.50,948.63,230
5/8/2013 09:53:13,5/8/2013,09:53:13,1.18,12.72,83.90,948.64,171
5/8/2013 09:53:28,5/8/2013,09:53:28,0.75,12.75,84.30,948.65,179
5/8/2013 09:53:43,5/8/2013,09:53:43,0.78,12.75,85.09,948.65,193
5/8/2013 09:53:58,5/8/2013,09:53:58,0.82,12.75,84.69,948.65,218
5/8/2013 09:54:13,5/8/2013,09:54:13,1.21,12.75,84.90,948.67,202
5/8/2013 09:54:28,5/8/2013,09:54:28,2.11,12.72,84.69,948.65,168
5/8/2013 09:54:43,5/8/2013,09:54:43,1.19,12.75,85.40,948.65,221
5/8/2013 09:54:58,5/8/2013,09:54:58,1.55,12.67,84.90,948.65,204
5/8/2013 09:55:13,5/8/2013,09:55:13,2.31,12.64,84.19,948.65,209
5/8/2013 09:55:28,5/8/2013,09:55:28,3.21,12.60,83.69,948.65,180
5/8/2013 09:55:43,5/8/2013,09:55:43,0.93,12.72,84.59,948.67,191
5/8/2013 09:55:58,5/8/2013,09:55:58,1.55,12.67,84.50,948.67,217
5/8/2013 09:56:13,5/8/2013,09:56:13,3.14,12.55,83.50,948.65,204
5/8/2013 09:56:28,5/8/2013,09:56:28,3.35,12.47,83.80,948.62,213
5/8/2013 09:56:43,5/8/2013,09:56:43,2.61,12.47,83.69,948.63,187
5/8/2013 09:56:58,5/8/2013,09:56:58,2.83,12.47,83.40,948.63,199
5/8/2013 09:57:13,5/8/2013,09:57:13,1.71,12.55,84.19,948.65,206
5/8/2013 09:57:28,5/8/2013,09:57:28,0.69,12.60,85.40,948.65,157
5/8/2013 09:57:43,5/8/2013,09:57:43,0.00,12.60,85.59,948.67,194
5/8/2013 09:57:58,5/8/2013,09:57:58,1.39,12.60,85.09,948.65,229
5/8/2013 09:58:13,5/8/2013,09:58:13,1.57,12.55,84.59,948.63,230
5/8/2013 09:58:28,5/8/2013,09:58:28,1.32,12.60,84.69,948.64,208
5/8/2013 09:58:43,5/8/2013,09:58:43,0.78,12.60,85.09,948.64,175
5/8/2013 09:58:58,5/8/2013,09:58:58,1.30,12.55,84.30,948.63,187
5/8/2013 09:59:13,5/8/2013,09:59:13,1.62,12.60,85.40,948.61,186
5/8/2013 09:59:28,5/8/2013,09:59:28,1.14,12.60,85.69,948.61,203
5/8/2013 09:59:43,5/8/2013,09:59:43,1.26,12.60,85.09,948.62,197
5/8/2013 09:59:58,5/8/2013,09:59:58,1.11,12.60,84.30,948.62,204
5/8/2013 10:00:13,5/8/2013,10:00:13,0.84,12.60,84.80,948.62,350
5/8/2013 10:00:28,5/8/2013,10:00:28,0.00,12.64,85.59,948.62,207
5/8/2013 10:00:43,5/8/2013,10:00:43,1.29,12.55,84.80,948.62,188
5/8/2013 10:00:58,5/8/2013,10:00:58,1.10,12.60,84.80,948.63,211
5/8/2013 10:01:13,5/8/2013,10:01:13,0.72,12.60,84.90,948.63,209
5/8/2013 10:01:28,5/8/2013,10:01:28,0.98,12.60,85.00,948.64,193
5/8/2013 10:01:43,5/8/2013,10:01:43,0.97,12.60,84.40,948.64,
5/8/2013 10:01:58,5/8/2013,10:01:58,0.65,12.60,84.40,948.64,262
5/8/2013 10:02:13,5/8/2013,10:02:13,0.43,12.60,84.59,948.63,231
5/8/2013 10:02:28,5/8/2013,10:02:28,0.00,12.60,84.59,948.65,200
5/8/2013 10:02:43,5/8/2013,10:02:43,0.79,12.60,83.59,948.65,197
5/8/2013 10:02:58,5/8/2013,10:02:58,1.08,12.60,83.69,948.65,210
5/8/2013 10:03:13,5/8/2013,10:03:13,0.07,12.64,84.09,948.68,193
5/8/2013 10:03:28,5/8/2013,10:03:28,1.47,12.55,83.69,948.68,200
5/8/2013 10:03:43,5/8/2013,10:03:43,1.36,12.52,84.00,948.68,215
5/8/2013 10:03:58,5/8/2013,10:03:58,1.30,12.60,84.69,948.67,164
5/8/2013 10:04:13,5/8/2013,10:04:13,2.41,12.52,84.30,948.67,205
5/8/2013 10:04:28,5/8/2013,10:04:28,2.47,12.52,84.09,948.67,219
5/8/2013 10:04:43,5/8/2013,10:04:43,1.76,12.52,84.90,948.69,196
5/8/2013 10:04:58,5/8/2013,10:04:58,1.43,12.52,84.30,948.70,219
5/8/2013 10:05:13,5/8/2013,10:05:13,1.19,12.52,84.40,948.70,202
5/8/2013 10:05:28,5/8/2013,10:05:28,0.89,12.52,85.00,948.69,232
5/8/2013 10:05:43,5/8/2013,10:05:43,0.91,12.52,85.00,948.72,219
5/8/2013 10:05:58,5/8/2013,10:05:58,1.08,12.52,84.09,948.71,193
5/8/2013 10:06:13,5/8/2013,10:06:13,1.40,12.44,84.00,948.70,221
5/8/2013 10:06:28,5/8/2013,10:06:28,1.19,12.47,84.00,948.71,218
5/8/2013 10:06:43,5/8/2013,10:06:43,1.27,12.47,84.69,948.72,220
5/8/2013 10:06:58,5/8/2013,10:06:58,0.74,12.52,85.00,948.75,164
5/8/2013 10:07:13,5/8/2013,10:07:13,1.93,12.44,84.90,948.75,211
5/8/2013 10:07:28,5/8/2013,10:07:28,1.51,12.47,85.00,948.73,213
5/8/2013 10:07:43,5/8/2013,10:07:43,0.93,12.47,85.40,948.76,193
5/8/2013 10:07:58,5/8/2013,10:07:58,0.83,12.44,85.59,948.78,211
5/8/2013 10:08:13,5/8/2013,10:08:13,1.76,12.39,84.59,948.79,223
5/8/2013 10:08:28,5/8/2013,10:08:28,1.69,12.39,84.80,948.77,219
5/8/2013 10:08:43,5/8/2013,10:08:43,2.08,12.37,84.19,948.78,195
5/8/2013 10:08:58,5/8/2013,10:08:58,2.01,12.39,85.30,948.79,180
5/8/2013 10:09:13,5/8/2013,10:09:13,3.18,12.27,84.90,948.79,215
5/8/2013 10:09:28,5/8/2013,10:09:28,3.16,12.27,84.40,948.78,215
5/8/2013 10:09:43,5/8/2013,10:09:43,2.27,12.27,84.90,948.77,243
5/8/2013 10:09:58,5/8/2013,10:09:58,2.15,12.25,84.69,948.77,213
5/8/2013 10:10:13,5/8/2013,10:10:13,1.51,12.27,85.19,948.78,211
5/8/2013 10:10:28,5/8/2013,10:10:28,1.15,12.27,85.09,948.79,205
5/8/2013 10:10:43,5/8/2013,10:10:43,1.82,12.27,85.50,948.77,207
5/8/2013 10:10:58,5/8/2013,10:10:58,2.03,12.25,85.50,948.78,216
5/8/2013 10:11:13,5/8/2013,10:11:13,1.21,12.27,86.09,948.80,206
5/8/2013 10:11:28,5/8/2013,10:11:28,1.39,12.25,85.90,948.79,220
5/8/2013 10:11:43,5/8/2013,10:11:43,1.88,12.19,85.50,948.80,208
5/8/2013 10:11:58,5/8/2013,10:11:58,1.97,12.19,85.30,948.78,200
5/8/2013 10:12:13,5/8/2013,10:12:13,1.97,12.19,85.30,948.78,196
5/8/2013 10:12:28,5/8/2013,10:12:28,1.30,12.19,85.50,948.81,210
5/8/2013 10:12:43,5/8/2013,10:12:43,2.76,12.12,84.90,948.80,228
5/8/2013 10:12:58,5/8/2013,10:12:58,2.78,12.12,85.30,948.80,203
5/8/2013 10:13:13,5/8/2013,10:13:13,1.55,12.17,85.19,948.82,200
5/8/2013 10:13:28,5/8/2013,10:13:28,1.85,12.12,85.19,948.81,186
5/8/2013 10:13:43,5/8/2013,10:13:43,1.67,12.12,85.50,948.81,195
5/8/2013 10:13:58,5/8/2013,10:13:58,1.34,12.12,86.09,948.81,197
5/8/2013 10:14:13,5/8/2013,10:14:13,1.40,12.12,86.19,948.82,180
5/8/2013 10:14:28,5/8/2013,10:14:28,2.44,12.12,86.19,948.85,210
5/8/2013 10:14:43,5/8/2013,10:14:43,2.71,12.05,85.59,948.84,199
5/8/2013 10:14:58,5/8/2013,10:14:58,2.21,12.05,85.80,948.84,228
5/8/2013 10:15:13,5/8/2013,10:15:13,1.76,12.05,85.50,948.82,189
5/8/2013 10:15:28,5/8/2013,10:15:28,2.57,12.00,85.00,948.80,195
5/8/2013 10:15:43,5/8/2013,10:15:43,1.23,12.05,85.50,948.80,262
5/8/2013 10:15:58,5/8/2013,10:15:58,1.47,12.00,85.50,948.79,236
5/8/2013 10:16:13,5/8/2013,10:16:13,1.44,12.00,85.80,948.78,208
5/8/2013 10:16:28,5/8/2013,10:16:28,1.33,12.05,86.50,948.79,202
5/8/2013 10:16:43,5/8/2013,10:16:43,2.86,11.97,86.30,948.78,199
5/8/2013 10:16:58,5/8/2013,10:16:58,2.25,11.97,87.09,948.78,
5/8/2013 10:17:13,5/8/2013,10:17:13,1.92,11.97,86.59,948.80,206
5/8/2013 10:17:28,5/8/2013,10:17:28,3.06,11.97,86.09,948.79,194
5/8/2013 10:17:43,5/8/2013,10:17:43,1.71,11.97,86.19,948.80,
5/8/2013 10:17:58,5/8/2013,10:17:58,1.26,12.00,86.80,948.82,215
5/8/2013 10:18:13,5/8/2013,10:18:13,1.53,12.00,86.69,948.80,196
5/8/2013 10:18:28,5/8/2013,10:18:28,2.83,11.92,86.30,948.80,234
5/8/2013 10:18:43,5/8/2013,10:18:43,2.32,11.97,86.30,948.80,221
5/8/2013 10:18:58,5/8/2013,10:18:58,1.44,12.00,86.90,948.79,211
5/8/2013 10:19:13,5/8/2013,10:19:13,2.47,11.97,86.30,948.81,177
5/8/2013 10:19:28,5/8/2013,10:19:28,2.13,11.97,86.40,948.81,202
5/8/2013 10:19:43,5/8/2013,10:19:43,1.86,11.97,86.30,948.82,215
5/8/2013 10:19:58,5/8/2013,10:19:58,2.26,11.97,86.50,948.81,208
5/8/2013 10:20:13,5/8/2013,10:20:13,1.61,12.00,86.69,948.81,188
5/8/2013 10:20:28,5/8/2013,10:20:28,1.16,12.05,86.80,948.81,201
5/8/2013 10:20:43,5/8/2013,10:20:43,0.32,12.05,87.30,948.85,188
5/8/2013 10:20:58,5/8/2013,10:20:58,0.82,12.00,86.50,948.85,198
5/8/2013 10:21:13,5/8/2013,10:21:13,1.22,12.00,86.30,948.86,207
5/8/2013 10:21:28,5/8/2013,10:21:28,1.21,12.05,86.80,948.87,223
5/8/2013 10:21:43,5/8/2013,10:21:43,0.96,12.05,86.40,948.87,202
5/8/2013 10:21:58,5/8/2013,10:21:58,1.72,12.00,86.40,948.87,193
5/8/2013 10:22:13,5/8/2013,10:22:13,1.37,12.05,86.40,948.88,177
5/8/2013 10:22:28,5/8/2013,10:22:28,1.16,12.05,87.00,948.86,167
5/8/2013 10:22:43,5/8/2013,10:22:43,1.55,12.00,86.90,948.87,186
5/8/2013 10:22:58,5/8/2013,10:22:58,1.29,12.05,87.00,948.88,212
5/8/2013 10:23:13,5/8/2013,10:23:13,0.17,12.05,87.40,948.90,306
5/8/2013 10:23:28,5/8/2013,10:23:28,1.11,11.97,87.30,948.88,184
5/8/2013 10:23:43,5/8/2013,10:23:43,2.10,11.97,86.40,948.86,250
5/8/2013 10:23:58,5/8/2013,10:23:58,1.46,11.97,86.40,948.87,182
5/8/2013 10:24:13,5/8/2013,10:24:13,1.43,11.97,86.50,948.87,228
5/8/2013 10:24:28,5/8/2013,10:24:28,1.58,11.97,86.69,948.88,203
5/8/2013 10:24:43,5/8/2013,10:24:43,1.23,11.97,87.09,948.87,193
5/8/2013 10:24:58,5/8/2013,10:24:58,1.71,11.97,87.30,948.88,208
5/8/2013 10:25:13,5/8/2013,10:25:13,1.30,11.97,87.19,948.88,210
5/8/2013 10:25:28,5/8/2013,10:25:28,0.11,12.00,87.80,948.90,202
5/8/2013 10:25:43,5/8/2013,10:25:43,0.00,11.97,87.90,948.92,169
5/8/2013 10:25:58,5/8/2013,10:25:58,0.00,12.00,88.00,948.89,199
5/8/2013 10:26:13,5/8/2013,10:26:13,0.33,12.00,88.00,948.88,206
5/8/2013 10:26:28,5/8/2013,10:26:28,1.36,11.97,86.90,948.86,201
5/8/2013 10:26:43,5/8/2013,10:26:43,1.11,11.97,87.40,948.88,195
5/8/2013 10:26:58,5/8/2013,10:26:58,0.28,12.05,87.90,948.90,180
5/8/2013 10:27:13,5/8/2013,10:27:13,0.00,12.05,88.00,948.90,164
5/8/2013 10:27:28,5/8/2013,10:27:28,0.12,12.00,88.19,948.90,223
5/8/2013 10:27:43,5/8/2013,10:27:43,0.49,12.05,87.59,948.89,207
5/8/2013 10:27:58,5/8/2013,10:27:58,0.00,12.05,87.69,948.89,205
5/8/2013 10:28:13,5/8/2013,10:28:13,1.01,12.05,87.30,948.88,192
5/8/2013 10:28:28,5/8/2013,10:28:28,1.25,12.00,87.19,948.88,189
5/8/2013 10:28:43,5/8/2013,10:28:43,0.28,12.05,87.00,948.88,181
5/8/2013 10:28:58,5/8/2013,10:28:58,0.00,12.10,87.19,948.88,228
5/8/2013 10:29:13,5/8/2013,10:29:13,0.00,12.05,87.69,948.88,158
5/8/2013 10:29:28,5/8/2013,10:29:28,1.15,12.05,87.00,948.90,216
5/8/2013 10:29:43,5/8/2013,10:29:43,0.84,12.05,87.09,948.89,216
5/8/2013 10:29:58,5/8/2013,10:29:58,1.19,12.05,87.00,948.89,203
5/8/2013 10:30:13,5/8/2013,10:30:13,1.13,12.05,87.00,948.88,216
5/8/2013 10:30:28,5/8/2013,10:30:28,1.14,12.00,87.30,948.89,214
5/8/2013 10:30:43,5/8/2013,10:30:43,0.93,12.05,87.19,948.88,206
5/8/2013 10:30:58,5/8/2013,10:30:58,1.54,12.05,87.59,948.89,217
5/8/2013 10:31:13,5/8/2013,10:31:13,1.30,12.05,86.90,948.92,212
5/8/2013 10:31:28,5/8/2013,10:31:28,1.58,12.05,87.50,948.92,219
5/8/2013 10:31:43,5/8/2013,10:31:43,1.50,12.05,87.00,948.90,219
5/8/2013 10:31:58,5/8/2013,10:31:58,1.43,12.05,87.30,948.89,197
5/8/2013 10:32:13,5/8/2013,10:32:13,1.53,12.10,86.90,948.90,211
5/8/2013 10:32:28,5/8/2013,10:32:28,1.97,12.05,87.09,948.92,212
5/8/2013 10:32:43,5/8/2013,10:32:43,0.26,12.12,87.50,948.93,252
5/8/2013 10:32:58,5/8/2013,10:32:58,2.17,12.05,86.40,948.93,190
5/8/2013 10:33:13,5/8/2013,10:33:13,1.50,12.10,86.40,948.89,202
5/8/2013 10:33:28,5/8/2013,10:33:28,1.51,12.05,86.90,948.90,208
5/8/2013 10:33:43,5/8/2013,10:33:43,1.72,12.05,86.50,948.89,204
5/8/2013 10:33:58,5/8/2013,10:33:58,1.48,12.05,86.59,948.89,207
5/8/2013 10:34:13,5/8/2013,10:34:13,1.27,12.10,86.90,948.92,198
5/8/2013 10:34:28,5/8/2013,10:34:28,0.36,12.17,87.40,948.93,187
5/8/2013 10:34:43,5/8/2013,10:34:43,0.33,12.17,88.00,948.95,148
5/8/2013 10:34:58,5/8/2013,10:34:58,0.00,12.12,88.19,948.95,212
5/8/2013 10:35:13,5/8/2013,10:35:13,0.63,12.17,87.59,948.95,189
5/8/2013 10:35:28,5/8/2013,10:35:28,1.04,12.12,87.59,948.95,213
5/8/2013 10:35:43,5/8/2013,10:35:43,1.65,12.12,86.19,948.94,195
5/8/2013 10:35:58,5/8/2013,10:35:58,1.26,12.17,86.30,948.93,186
5/8/2013 10:36:13,5/8/2013,10:36:13,2.39,12.12,86.69,948.93,208
5/8/2013 10:36:28,5/8/2013,10:36:28,2.06,12.12,85.50,948.93,201
5/8/2013 10:36:43,5/8/2013,10:36:43,1.97,12.12,86.19,948.93,197
5/8/2013 10:36:58,5/8/2013,10:36:58,2.74,12.10,86.09,948.93,195
5/8/2013 10:37:13,5/8/2013,10:37:13,2.29,12.12,86.69,948.93,197
5/8/2013 10:37:28,5/8/2013,10:37:28,2.24,12.12,87.00,948.93,229
5/8/2013 10:37:43,5/8/2013,10:37:43,2.18,12.10,86.09,948.93,188
5/8/2013 10:37:58,5/8/2013,10:37:58,1.41,12.12,86.19,948.93,216
5/8/2013 10:38:13,5/8/2013,10:38:13,1.22,12.12,86.30,948.94,200
5/8/2013 10:38:28,5/8/2013,10:38:28,1.22,12.12,86.40,948.95,217
5/8/2013 10:38:43,5/8/2013,10:38:43,0.79,12.12,86.80,948.95,230
5/8/2013 10:38:58,5/8/2013,10:38:58,0.44,12.12,86.40,948.96,216
5/8/2013 10:39:13,5/8/2013,10:39:13,0.43,12.12,86.80,948.94,193
5/8/2013 10:39:28,5/8/2013,10:39:28,0.18,12.17,87.40,948.94,177
5/8/2013 10:39:43,5/8/2013,10:39:43,0.49,12.12,87.50,948.93,222
5/8/2013 10:39:58,5/8/2013,10:39:58,0.79,12.12,87.50,948.92,221
5/8/2013 10:40:13,5/8/2013,10:40:13,1.40,12.12,87.19,948.90,186
5/8/2013 10:40:28,5/8/2013,10:40:28,1.41,12.12,86.90,948.89,226
5/8/2013 10:40:43,5/8/2013,10:40:43,2.21,12.12,86.59,948.89,
5/8/2013 10:40:58,5/8/2013,10:40:58,1.44,12.12,87.40,948.90,188
5/8/2013 10:41:13,5/8/2013,10:41:13,1.69,12.05,87.00,948.90,220
5/8/2013 10:41:28,5/8/2013,10:41:28,1.97,12.05,87.00,948.90,214
5/8/2013 10:41:43,5/8/2013,10:41:43,1.19,12.10,86.90,948.90,162
5/8/2013 10:41:58,5/8/2013,10:41:58,0.86,12.10,87.59,948.92,220
5/8/2013 10:42:13,5/8/2013,10:42:13,1.57,12.05,87.00,948.87,202
5/8/2013 10:42:28,5/8/2013,10:42:28,1.13,12.05,87.30,948.87,188
5/8/2013 10:42:43,5/8/2013,10:42:43,1.58,12.05,87.00,948.86,220
5/8/2013 10:42:58,5/8/2013,10:42:58,1.79,12.00,87.59,948.86,218
5/8/2013 10:43:13,5/8/2013,10:43:13,1.75,12.05,87.00,948.84,205
5/8/2013 10:43:28,5/8/2013,10:43:28,2.58,12.05,87.09,948.86,201
5/8/2013 10:43:43,5/8/2013,10:43:43,2.83,12.00,86.90,948.87,217
5/8/2013 10:43:58,5/8/2013,10:43:58,2.92,11.97,86.69,948.86,211
5/8/2013 10:44:13,5/8/2013,10:44:13,2.58,11.92,86.19,948.86,189
5/8/2013 10:44:28,5/8/2013,10:44:28,1.68,11.97,86.19,948.85,207
5/8/2013 10:44:43,5/8/2013,10:44:43,0.97,11.97,86.19,948.86,188
5/8/2013 10:44:58,5/8/2013,10:44:58,0.74,11.97,86.69,948.85,205
5/8/2013 10:45:13,5/8/2013,10:45:13,0.19,11.97,87.19,948.85,207
5/8/2013 10:45:28,5/8/2013,10:45:28,0.00,11.97,87.40,948.86,198
5/8/2013 10:45:43,5/8/2013,10:45:43,1.00,11.97,87.50,948.85,175
5/8/2013 10:45:58,5/8/2013,10:45:58,1.14,12.00,87.80,948.85,207
5/8/2013 10:46:13,5/8/2013,10:46:13,1.60,11.97,87.69,948.87,215
5/8/2013 10:46:28,5/8/2013,10:46:28,1.85,11.92,87.50,948.86,196
5/8/2013 10:46:43,5/8/2013,10:46:43,1.62,11.97,87.50,948.86,211
5/8/2013 10:46:58,5/8/2013,10:46:58,1.51,11.97,87.80,948.87,193
5/8/2013 10:47:13,5/8/2013,10:47:13,1.27,11.97,87.80,948.87,109
5/8/2013 10:47:28,5/8/2013,10:47:28,1.11,11.97,88.09,948.88,206
5/8/2013 10:47:43,5/8/2013,10:47:43,1.26,11.97,88.19,948.89,176
5/8/2013 10:47:58,5/8/2013,10:47:58,2.58,11.89,87.40,948.87,187
5/8/2013 10:48:13,5/8/2013,10:48:13,2.14,11.92,88.00,948.88,211
5/8/2013 10:48:28,5/8/2013,10:48:28,1.65,11.92,88.80,948.88,200
5/8/2013 10:48:43,5/8/2013,10:48:43,1.64,11.92,88.30,948.87,207
5/8/2013 10:48:58,5/8/2013,10:48:58,1.61,11.92,88.90,948.85,163
5/8/2013 10:49:13,5/8/2013,10:49:13,0.89,11.97,88.90,948.86,211
5/8/2013 10:49:28,5/8/2013,10:49:28,1.19,11.97,89.50,948.87,197
5/8/2013 10:49:43,5/8/2013,10:49:43,1.36,11.89,89.19,948.88,216
5/8/2013 10:49:58,5/8/2013,10:49:58,1.54,11.92,89.00,948.88,205
5/8/2013 10:50:13,5/8/2013,10:50:13,1.10,11.97,89.59,948.88,188
5/8/2013 10:50:28,5/8/2013,10:50:28,0.88,11.97,89.90,948.89,208
5/8/2013 10:50:43,5/8/2013,10:50:43,1.34,11.97,89.90,948.85,229
5/8/2013 10:50:58,5/8/2013,10:50:58,1.50,11.97,89.69,948.87,186
5/8/2013 10:51:13,5/8/2013,10:51:13,1.83,11.97,89.19,948.86,197
5/8/2013 10:51:28,5/8/2013,10:51:28,0.98,12.05,88.90,948.86,166
5/8/2013 10:51:43,5/8/2013,10:51:43,0.81,12.12,89.69,948.87,228
5/8/2013 10:51:58,5/8/2013,10:51:58,1.90,12.05,89.19,948.88,238
5/8/2013 10:52:13,5/8/2013,10:52:13,1.94,12.05,89.00,948.87,200
5/8/2013 10:52:28,5/8/2013,10:52:28,1.88,12.05,88.40,948.87,233
5/8/2013 10:52:43,5/8/2013,10:52:43,1.22,12.12,88.59,948.89,191
5/8/2013 10:52:58,5/8/2013,10:52:58,1.81,12.17,88.80,948.88,201
5/8/2013 10:53:13,5/8/2013,10:53:13,0.78,12.19,88.50,948.89,195
5/8/2013 10:53:28,5/8/2013,10:53:28,1.81,12.12,88.40,948.88,199
5/8/2013 10:53:43,5/8/2013,10:53:43,2.07,12.17,87.90,948.86,198
5/8/2013 10:53:58,5/8/2013,10:53:58,1.19,12.25,88.09,948.85,213
5/8/2013 10:54:13,5/8/2013,10:54:13,0.24,12.32,88.30,948.85,212
5/8/2013 10:54:28,5/8/2013,10:54:28,1.14,12.32,88.59,948.82,213
5/8/2013 10:54:43,5/8/2013,10:54:43,1.10,12.39,88.59,948.85,207
5/8/2013 10:54:58,5/8/2013,10:54:58,1.33,12.44,88.30,948.84,269
5/8/2013 10:55:13,5/8/2013,10:55:13,0.15,12.52,89.09,948.86,210
5/8/2013 10:55:28,5/8/2013,10:55:28,1.39,12.52,88.19,948.86,206
5/8/2013 10:55:43,5/8/2013,10:55:43,2.19,12.55,88.19,948.82,201
5/8/2013 10:55:58,5/8/2013,10:55:58,1.67,12.52,88.40,948.82,200
5/8/2013 10:56:13,5/8/2013,10:56:13,2.17,12.52,88.00,948.84,205
5/8/2013 10:56:28,5/8/2013,10:56:28,2.27,12.55,86.30,948.84,208
5/8/2013 10:56:43,5/8/2013,10:56:43,1.75,12.64,87.69,948.84,187
5/8/2013 10:56:58,5/8/2013,10:56:58,1.03,12.67,88.19,948.82,174
5/8/2013 10:57:13,5/8/2013,10:57:13,2.67,12.55,86.40,948.84,206
5/8/2013 10:57:28,5/8/2013,10:57:28,2.03,12.67,87.09,948.85,170
5/8/2013 10:57:43,5/8/2013,10:57:43,2.13,12.60,86.80,948.81,220
5/8/2013 10:57:58,5/8/2013,10:57:58,2.53,12.60,86.09,948.81,235
5/8/2013 10:58:13,5/8/2013,10:58:13,1.72,12.67,86.09,948.80,231
5/8/2013 10:58:28,5/8/2013,10:58:28,1.36,12.80,87.50,948.79,200
5/8/2013 10:58:43,5/8/2013,10:58:43,1.82,12.72,86.80,948.79,215
5/8/2013 10:58:58,5/8/2013,10:58:58,1.89,12.80,86.50,948.79,203
5/8/2013 10:59:13,5/8/2013,10:59:13,1.10,12.92,87.80,948.78,180
5/8/2013 10:59:28,5/8/2013,10:59:28,0.51,12.92,87.90,948.78,201
5/8/2013 10:59:43,5/8/2013,10:59:43,0.61,13.00,87.90,948.79,222
5/8/2013 10:59:58,5/8/2013,10:59:58,0.79,13.02,87.40,948.79,172
5/8/2013 11:00:13,5/8/2013,11:00:13,1.46,13.02,87.00,948.78,230
5/8/2013 11:00:28,5/8/2013,11:00:28,1.01,13.07,86.19,948.78,200
5/8/2013 11:00:43,5/8/2013,11:00:43,1.61,12.94,85.69,948.78,200
5/8/2013 11:00:58,5/8/2013,11:00:58,1.39,13.02,86.30,948.77,221
5/8/2013 11:01:13,5/8/2013,11:01:13,0.98,13.00,85.80,948.78,202
5/8/2013 11:01:28,5/8/2013,11:01:28,1.47,12.94,84.69,948.78,212
5/8/2013 11:01:43,5/8/2013,11:01:43,1.26,13.00,85.30,948.78,199
5/8/2013 11:01:58,5/8/2013,11:01:58,1.21,12.94,84.59,948.78,193
5/8/2013 11:02:13,5/8/2013,11:02:13,1.90,12.94,85.30,948.77,200
5/8/2013 11:02:28,5/8/2013,11:02:28,1.85,13.00,85.50,948.77,233
5/8/2013 11:02:43,5/8/2013,11:02:43,2.13,13.00,85.69,948.76,238
5/8/2013 11:02:58,5/8/2013,11:02:58,1.33,13.02,85.69,948.76,221
5/8/2013 11:03:13,5/8/2013,11:03:13,1.03,13.07,85.90,948.76,219
5/8/2013 11:03:28,5/8/2013,11:03:28,1.03,13.07,86.30,948.80,207
5/8/2013 11:03:43,5/8/2013,11:03:43,0.07,13.14,86.19,948.81,181
5/8/2013 11:03:58,5/8/2013,11:03:58,0.00,13.14,85.50,948.81,216
5/8/2013 11:04:13,5/8/2013,11:04:13,0.91,13.14,85.09,948.80,212
5/8/2013 11:04:28,5/8/2013,11:04:28,1.92,13.12,85.09,948.78,178
5/8/2013 11:04:43,5/8/2013,11:04:43,2.57,13.00,83.80,948.78,235
5/8/2013 11:04:58,5/8/2013,11:04:58,2.67,13.00,84.09,948.79,220
5/8/2013 11:05:13,5/8/2013,11:05:13,2.36,13.00,84.40,948.80,
5/8/2013 11:05:28,5/8/2013,11:05:28,2.25,12.94,83.40,948.78,234
5/8/2013 11:05:43,5/8/2013,11:05:43,2.43,12.92,83.80,948.77,189
5/8/2013 11:05:58,5/8/2013,11:05:58,0.44,13.07,84.19,948.78,189
5/8/2013 11:06:13,5/8/2013,11:06:13,1.62,12.94,84.09,948.77,199
5/8/2013 11:06:28,5/8/2013,11:06:28,1.29,13.00,84.50,948.77,201
5/8/2013 11:06:43,5/8/2013,11:06:43,0.19,13.07,85.19,948.80,216
5/8/2013 11:06:58,5/8/2013,11:06:58,1.21,13.07,84.80,948.78,232
5/8/2013 11:07:13,5/8/2013,11:07:13,1.67,13.00,84.09,948.78,221
5/8/2013 11:07:28,5/8/2013,11:07:28,1.40,13.00,83.59,948.79,211
5/8/2013 11:07:43,5/8/2013,11:07:43,1.72,12.92,83.30,948.81,218
5/8/2013 11:07:58,5/8/2013,11:07:58,1.65,12.94,82.90,948.81,220
5/8/2013 11:08:13,5/8/2013,11:08:13,0.84,13.07,84.19,948.81,227
5/8/2013 11:08:28,5/8/2013,11:08:28,0.90,13.00,84.40,948.81,189
5/8/2013 11:08:43,5/8/2013,11:08:43,0.18,13.07,84.40,948.81,208
5/8/2013 11:08:58,5/8/2013,11:08:58,0.00,13.07,84.00,948.79,180
5/8/2013 11:09:13,5/8/2013,11:09:13,0.54,13.07,84.19,948.79,212
5/8/2013 11:09:28,5/8/2013,11:09:28,1.40,13.00,83.30,948.78,211
5/8/2013 11:09:43,5/8/2013,11:09:43,1.82,13.00,83.30,948.78,201
5/8/2013 11:09:58,5/8/2013,11:09:58,1.43,13.00,83.40,948.79,219
5/8/2013 11:10:13,5/8/2013,11:10:13,1.01,13.00,83.40,948.81,206
5/8/2013 11:10:28,5/8/2013,11:10:28,1.43,12.94,83.40,948.80,220
5/8/2013 11:10:43,5/8/2013,11:10:43,1.16,12.94,83.19,948.80,215
5/8/2013 11:10:58,5/8/2013,11:10:58,1.11,12.94,83.40,948.81,238
5/8/2013 11:11:13,5/8/2013,11:11:13,0.64,12.94,83.80,948.85,226
5/8/2013 11:11:28,5/8/2013,11:11:28,0.79,13.00,84.50,948.86,220
5/8/2013 11:11:43,5/8/2013,11:11:43,0.97,12.94,83.90,948.86,157
5/8/2013 11:11:58,5/8/2013,11:11:58,0.76,12.94,83.59,948.85,227
5/8/2013 11:12:13,5/8/2013,11:12:13,1.05,12.92,83.69,948.85,223
5/8/2013 11:12:28,5/8/2013,11:12:28,0.58,12.92,83.59,948.85,214
5/8/2013 11:12:43,5/8/2013,11:12:43,0.88,12.92,83.40,948.86,211
5/8/2013 11:12:58,5/8/2013,11:12:58,0.81,12.87,83.40,948.85,173
5/8/2013 11:13:13,5/8/2013,11:13:13,1.13,12.85,83.50,948.86,217
5/8/2013 11:13:28,5/8/2013,11:13:28,0.65,12.87,83.69,948.86,209
5/8/2013 11:13:43,5/8/2013,11:13:43,0.00,12.87,83.80,948.86,202
5/8/2013 11:13:58,5/8/2013,11:13:58,1.18,12.80,84.00,948.85,207
5/8/2013 11:14:13,5/8/2013,11:14:13,1.37,12.85,84.50,948.86,217
5/8/2013 11:14:28,5/8/2013,11:14:28,0.91,12.85,84.40,948.87,204
5/8/2013 11:14:43,5/8/2013,11:14:43,2.32,12.72,83.69,948.88,206
5/8/2013 11:14:58,5/8/2013,11:14:58,1.68,12.72,83.59,948.88,210
5/8/2013 11:15:13,5/8/2013,11:15:13,1.14,12.72,83.30,948.87,201
5/8/2013 11:15:28,5/8/2013,11:15:28,1.57,12.72,84.00,948.88,227
5/8/2013 11:15:43,5/8/2013,11:15:43,1.26,12.75,83.69,948.88,191
5/8/2013 11:15:58,5/8/2013,11:15:58,0.32,12.75,84.50,948.90,221
5/8/2013 11:16:13,5/8/2013,11:16:13,0.00,12.80,84.69,948.90,204
5/8/2013 11:16:28,5/8/2013,11:16:28,1.11,12.75,84.80,948.90,200
5/8/2013 11:16:43,5/8/2013,11:16:43,1.07,12.75,84.40,948.90,213
5/8/2013 11:16:58,5/8/2013,11:16:58,0.81,12.75,84.19,948.90,212
5/8/2013 11:17:13,5/8/2013,11:17:13,1.34,12.75,84.00,948.89,204
5/8/2013 11:17:28,5/8/2013,11:17:28,0.74,12.75,84.09,948.89,215
5/8/2013 11:17:43,5/8/2013,11:17:43,1.55,12.80,84.59,948.87,190
5/8/2013 11:17:58,5/8/2013,11:17:58,1.54,12.75,84.90,948.90,230
5/8/2013 11:18:13,5/8/2013,11:18:13,1.46,12.75,84.09,948.90,215
5/8/2013 11:18:28,5/8/2013,11:18:28,0.90,12.85,84.40,948.93,223
5/8/2013 11:18:43,5/8/2013,11:18:43,0.79,12.85,84.50,948.93,
5/8/2013 11:18:58,5/8/2013,11:18:58,0.00,12.92,85.40,948.93,183
5/8/2013 11:19:13,5/8/2013,11:19:13,0.00,12.94,85.40,948.93,
5/8/2013 11:19:28,5/8/2013,11:19:28,1.37,12.85,84.19,948.92,231
5/8/2013 11:19:43,5/8/2013,11:19:43,1.69,12.85,84.09,948.90,191
5/8/2013 11:19:58,5/8/2013,11:19:58,1.19,12.85,83.90,948.90,200
5/8/2013 11:20:13,5/8/2013,11:20:13,1.58,12.85,84.30,948.90,215
5/8/2013 11:20:28,5/8/2013,11:20:28,1.83,12.85,84.69,948.92,193
5/8/2013 11:20:43,5/8/2013,11:20:43,1.22,12.92,84.69,948.90,196
5/8/2013 11:20:58,5/8/2013,11:20:58,1.64,12.87,84.69,948.89,218
5/8/2013 11:21:13,5/8/2013,11:21:13,0.69,13.00,85.09,948.90,178
5/8/2013 11:21:28,5/8/2013,11:21:28,2.04,12.87,83.90,948.88,203
5/8/2013 11:21:43,5/8/2013,11:21:43,2.86,12.85,83.30,948.86,201
5/8/2013 11:21:58,5/8/2013,11:21:58,1.19,12.94,84.59,948.87,200
5/8/2013 11:22:13,5/8/2013,11:22:13,2.32,12.92,84.59,948.88,197
5/8/2013 11:22:28,5/8/2013,11:22:28,1.86,12.92,83.59,948.89,200
5/8/2013 11:22:43,5/8/2013,11:22:43,2.07,12.92,83.59,948.86,195
5/8/2013 11:22:58,5/8/2013,11:22:58,1.83,12.92,84.19,948.86,187
5/8/2013 11:23:13,5/8/2013,11:23:13,2.33,12.94,84.30,948.87,218
5/8/2013 11:23:28,5/8/2013,11:23:28,2.32,12.94,84.09,948.89,202
5/8/2013 11:23:43,5/8/2013,11:23:43,2.69,12.94,83.69,948.87,201
5/8/2013 11:23:58,5/8/2013,11:23:58,1.41,13.07,83.90,948.87,139
5/8/2013 11:24:13,5/8/2013,11:24:13,1.82,13.07,83.69,948.84,200
5/8/2013 11:24:28,5/8/2013,11:24:28,2.06,13.02,83.50,948.87,207
5/8/2013 11:24:43,5/8/2013,11:24:43,2.51,13.00,82.90,948.87,222
5/8/2013 11:24:58,5/8/2013,11:24:58,2.69,13.00,83.19,948.89,190
5/8/2013 11:25:13,5/8/2013,11:25:13,1.83,13.02,83.00,948.87,195
5/8/2013 11:25:28,5/8/2013,11:25:28,1.78,13.07,83.59,948.87,210
5/8/2013 11:25:43,5/8/2013,11:25:43,2.33,13.07,83.69,948.87,217
5/8/2013 11:25:58,5/8/2013,11:25:58,2.08,13.07,83.40,948.85,192
5/8/2013 11:26:13,5/8/2013,11:26:13,1.50,13.14,83.80,948.86,215
5/8/2013 11:26:28,5/8/2013,11:26:28,1.11,13.22,83.90,948.84,180
5/8/2013 11:26:43,5/8/2013,11:26:43,0.25,13.30,83.80,948.84,198
5/8/2013 11:26:58,5/8/2013,11:26:58,1.21,13.30,83.40,948.80,177
5/8/2013 11:27:13,5/8/2013,11:27:13,0.57,13.39,84.19,948.80,182
5/8/2013 11:27:28,5/8/2013,11:27:28,0.00,13.39,83.80,948.81,206
5/8/2013 11:27:43,5/8/2013,11:27:43,1.47,13.39,83.30,948.80,212
5/8/2013 11:27:58,5/8/2013,11:27:58,2.17,13.27,82.59,948.80,190
5/8/2013 11:28:13,5/8/2013,11:28:13,2.86,13.22,82.80,948.78,207
5/8/2013 11:28:28,5/8/2013,11:28:28,2.41,13.22,81.90,948.77,214
5/8/2013 11:28:43,5/8/2013,11:28:43,1.22,13.35,82.00,948.77,208
5/8/2013 11:28:58,5/8/2013,11:28:58,1.97,13.27,82.40,948.78,221
5/8/2013 11:29:13,5/8/2013,11:29:13,2.76,13.22,82.40,948.79,234
5/8/2013 11:29:28,5/8/2013,11:29:28,2.27,13.22,82.50,948.78,165
5/8/2013 11:29:43,5/8/2013,11:29:43,1.75,13.30,82.90,948.78,216
5/8/2013 11:29:58,5/8/2013,11:29:58,2.17,13.22,82.19,948.78,207
5/8/2013 11:30:13,5/8/2013,11:30:13,1.94,13.30,82.80,948.80,212
5/8/2013 11:30:28,5/8/2013,11:30:28,1.32,13.35,83.59,948.81,192
5/8/2013 11:30:43,5/8/2013,11:30:43,2.68,13.30,83.00,948.84,197
5/8/2013 11:30:58,5/8/2013,11:30:58,1.44,13.35,82.80,948.82,177
5/8/2013 11:31:13,5/8/2013,11:31:13,2.11,13.30,82.30,948.82,220
5/8/2013 11:31:28,5/8/2013,11:31:28,1.43,13.30,82.69,948.82,192
5/8/2013 11:31:43,5/8/2013,11:31:43,3.11,13.19,82.09,948.82,218
5/8/2013 11:31:58,5/8/2013,11:31:58,2.94,13.14,81.69,948.84,227
5/8/2013 11:32:13,5/8/2013,11:32:13,1.94,13.19,82.19,948.84,197
5/8/2013 11:32:28,5/8/2013,11:32:28,0.56,13.30,83.00,948.86,189
5/8/2013 11:32:43,5/8/2013,11:32:43,1.29,13.30,82.00,948.85,198
5/8/2013 11:32:58,5/8/2013,11:32:58,1.27,13.27,82.40,948.85,163
5/8/2013 11:33:13,5/8/2013,11:33:13,1.51,13.30,83.00,948.85,234
5/8/2013 11:33:28,5/8/2013,11:33:28,2.38,13.22,81.59,948.82,203
5/8/2013 11:33:43,5/8/2013,11:33:43,2.27,13.27,82.59,948.84,200
5/8/2013 11:33:58,5/8/2013,11:33:58,2.79,13.22,81.90,948.81,212
5/8/2013 11:34:13,5/8/2013,11:34:13,0.93,13.39,82.40,948.82,202
5/8/2013 11:34:28,5/8/2013,11:34:28,1.78,13.30,82.09,948.81,201
5/8/2013 11:34:43,5/8/2013,11:34:43,1.71,13.35,82.40,948.78,210
5/8/2013 11:34:58,5/8/2013,11:34:58,1.62,13.39,82.30,948.81,212
5/8/2013 11:35:13,5/8/2013,11:35:13,1.55,13.39,82.69,948.82,214
5/8/2013 11:35:28,5/8/2013,11:35:28,1.40,13.39,82.40,948.81,202
5/8/2013 11:35:43,5/8/2013,11:35:43,1.86,13.35,82.09,948.81,189
5/8/2013 11:35:58,5/8/2013,11:35:58,2.07,13.35,81.59,948.81,147
5/8/2013 11:36:13,5/8/2013,11:36:13,2.11,13.30,82.09,948.82,206
5/8/2013 11:36:28,5/8/2013,11:36:28,3.32,13.27,81.40,948.82,191
5/8/2013 11:36:43,5/8/2013,11:36:43,3.58,13.22,80.90,948.82,207
5/8/2013 11:36:58,5/8/2013,11:36:58,2.86,13.19,80.40,948.84,214
5/8/2013 11:37:13,5/8/2013,11:37:13,2.08,13.22,81.69,948.86,205
5/8/2013 11:37:28,5/8/2013,11:37:28,2.55,13.22,82.09,948.85,196
5/8/2013 11:37:43,5/8/2013,11:37:43,2.86,13.22,81.59,948.84,177
5/8/2013 11:37:58,5/8/2013,11:37:58,2.21,13.22,81.90,948.85,174
5/8/2013 11:38:13,5/8/2013,11:38:13,2.07,13.22,82.40,948.86,211
5/8/2013 11:38:28,5/8/2013,11:38:28,1.64,13.27,82.40,948.86,217
5/8/2013 11:38:43,5/8/2013,11:38:43,1.25,13.22,81.80,948.85,210
5/8/2013 11:38:58,5/8/2013,11:38:58,1.07,13.30,81.69,948.85,191
5/8/2013 11:39:13,5/8/2013,11:39:13,1.11,13.30,81.80,948.84,207
5/8/2013 11:39:28,5/8/2013,11:39:28,0.18,13.39,82.40,948.86,208
5/8/2013 11:39:43,5/8/2013,11:39:43,1.37,13.30,82.00,948.85,200
5/8/2013 11:39:58,5/8/2013,11:39:58,2.43,13.30,82.09,948.85,202
5/8/2013 11:40:13,5/8/2013,11:40:13,2.74,13.22,81.40,948.85,216
5/8/2013 11:40:28,5/8/2013,11:40:28,1.18,13.35,81.40,948.86,199
5/8/2013 11:40:43,5/8/2013,11:40:43,1.03,13.39,82.09,948.87,182
5/8/2013 11:40:58,5/8/2013,11:40:58,0.25,13.47,82.19,948.85,209
5/8/2013 11:41:13,5/8/2013,11:41:13,0.25,13.47,82.40,948.87,200
5/8/2013 11:41:28,5/8/2013,11:41:28,0.00,13.55,83.40,948.86,195
5/8/2013 11:41:43,5/8/2013,11:41:43,0.00,13.50,82.59,948.87,189
5/8/2013 11:41:58,5/8/2013,11:41:58,0.67,13.50,82.50,948.87,129
5/8/2013 11:42:13,5/8/2013,11:42:13,0.00,13.55,83.00,948.87,177
5/8/2013 11:42:28,5/8/2013,11:42:28,0.14,13.60,82.80,948.88,220
5/8/2013 11:42:43,5/8/2013,11:42:43,1.71,13.42,81.59,948.88,223
5/8/2013 11:42:58,5/8/2013,11:42:58,1.75,13.39,80.40,948.88,200
5/8/2013 11:43:13,5/8/2013,11:43:13,2.11,13.39,81.40,948.87,216
5/8/2013 11:43:28,5/8/2013,11:43:28,1.05,13.42,82.30,948.88,226
5/8/2013 11:43:43,5/8/2013,11:43:43,0.81,13.47,81.40,948.88,186
5/8/2013 11:43:58,5/8/2013,11:43:58,0.81,13.42,81.00,948.87,259
5/8/2013 11:44:13,5/8/2013,11:44:13,0.00,13.47,81.80,948.88,187
5/8/2013 11:44:28,5/8/2013,11:44:28,0.33,13.39,81.80,948.89,194
5/8/2013 11:44:43,5/8/2013,11:44:43,1.64,13.30,81.09,948.87,192
5/8/2013 11:44:58,5/8/2013,11:44:58,1.71,13.30,81.50,948.87,195
5/8/2013 11:45:13,5/8/2013,11:45:13,0.75,13.35,81.59,948.90,270
5/8/2013 11:45:28,5/8/2013,11:45:28,0.69,13.30,81.00,948.93,189
5/8/2013 11:45:43,5/8/2013,11:45:43,1.23,13.27,80.80,948.92,
5/8/2013 11:45:58,5/8/2013,11:45:58,0.64,13.30,81.59,948.92,204
5/8/2013 11:46:13,5/8/2013,11:46:13,1.40,13.22,80.69,948.92,214
5/8/2013 11:46:28,5/8/2013,11:46:28,1.58,13.19,80.40,948.90,207
5/8/2013 11:46:43,5/8/2013,11:46:43,1.55,13.19,80.50,948.92,227
5/8/2013 11:46:58,5/8/2013,11:46:58,2.10,13.14,81.09,948.93,209
5/8/2013 11:47:13,5/8/2013,11:47:13,2.00,13.00,81.30,948.96,216
5/8/2013 11:47:28,5/8/2013,11:47:28,1.15,13.07,83.00,948.96,159
5/8/2013 11:47:43,5/8/2013,11:47:43,0.68,13.12,83.00,948.95,210
5/8/2013 11:47:58,5/8/2013,11:47:58,0.84,13.14,82.09,948.96,231
5/8/2013 11:48:13,5/8/2013,11:48:13,0.42,13.14,82.09,948.98,208
5/8/2013 11:48:28,5/8/2013,11:48:28,0.82,13.14,82.09,949.01,153
5/8/2013 11:48:43,5/8/2013,11:48:43,1.34,13.07,81.50,949.00,241
5/8/2013 11:48:58,5/8/2013,11:48:58,1.83,13.02,81.09,949.02,222
5/8/2013 11:49:13,5/8/2013,11:49:13,1.76,13.02,81.19,949.00,182
5/8/2013 11:49:28,5/8/2013,11:49:28,2.48,13.00,81.40,949.00,202
5/8/2013 11:49:43,5/8/2013,11:49:43,2.10,13.00,82.00,949.00,197
5/8/2013 11:49:58,5/8/2013,11:49:58,2.93,12.94,81.69,948.98,203
5/8/2013 11:50:13,5/8/2013,11:50:13,2.64,12.92,81.50,948.98,231
5/8/2013 11:50:28,5/8/2013,11:50:28,2.64,12.94,81.50,949.02,208
5/8/2013 11:50:43,5/8/2013,11:50:43,1.33,13.00,82.59,949.03,189
5/8/2013 11:50:58,5/8/2013,11:50:58,2.46,12.94,82.69,949.01,210
5/8/2013 11:51:13,5/8/2013,11:51:13,2.39,12.94,82.19,949.00,223
5/8/2013 11:51:28,5/8/2013,11:51:28,2.90,12.92,82.00,949.00,200
5/8/2013 11:51:43,5/8/2013,11:51:43,2.74,12.92,82.09,949.01,199
5/8/2013 11:51:58,5/8/2013,11:51:58,1.76,13.00,82.09,949.01,186
5/8/2013 11:52:13,5/8/2013,11:52:13,2.17,13.00,82.80,949.00,191
5/8/2013 11:52:28,5/8/2013,11:52:28,2.54,13.00,82.00,949.01,210
5/8/2013 11:52:43,5/8/2013,11:52:43,2.18,13.00,82.00,949.00,193
5/8/2013 11:52:58,5/8/2013,11:52:58,2.08,13.07,82.19,948.98,200
5/8/2013 11:53:13,5/8/2013,11:53:13,1.81,13.12,82.50,949.01,197
5/8/2013 11:53:28,5/8/2013,11:53:28,0.44,13.22,83.19,949.03,163
5/8/2013 11:53:43,5/8/2013,11:53:43,0.78,13.27,83.30,949.00,239
5/8/2013 11:53:58,5/8/2013,11:53:58,0.33,13.35,82.90,949.00,200
5/8/2013 11:54:13,5/8/2013,11:54:13,1.50,13.35,82.59,949.00,203
5/8/2013 11:54:28,5/8/2013,11:54:28,2.50,13.27,81.50,948.98,222
5/8/2013 11:54:43,5/8/2013,11:54:43,2.31,13.27,82.00,948.98,223
5/8/2013 11:54:58,5/8/2013,11:54:58,2.61,13.27,81.90,948.98,189
5/8/2013 11:55:13,5/8/2013,11:55:13,2.07,13.30,82.00,948.97,207
5/8/2013 11:55:28,5/8/2013,11:55:28,1.65,13.39,82.50,948.98,211
5/8/2013 11:55:43,5/8/2013,11:55:43,0.93,13.47,82.50,948.98,182
5/8/2013 11:55:58,5/8/2013,11:55:58,0.96,13.50,82.00,948.98,214
5/8/2013 11:56:13,5/8/2013,11:56:13,1.41,13.47,81.90,948.98,209
5/8/2013 11:56:28,5/8/2013,11:56:28,1.29,13.55,82.30,948.98,207
5/8/2013 11:56:43,5/8/2013,11:56:43,1.48,13.47,82.19,949.00,214
5/8/2013 11:56:58,5/8/2013,11:56:58,1.97,13.47,81.19,949.00,232
5/8/2013 11:57:13,5/8/2013,11:57:13,1.65,13.50,82.00,948.98,204
5/8/2013 11:57:28,5/8/2013,11:57:28,1.88,13.47,81.00,949.00,199
5/8/2013 11:57:43,5/8/2013,11:57:43,1.03,13.50,81.69,949.00,202
5/8/2013 11:57:58,5/8/2013,11:57:58,2.64,13.50,82.00,948.97,212
5/8/2013 11:58:13,5/8/2013,11:58:13,1.39,13.62,82.80,948.96,176
5/8/2013 11:58:28,5/8/2013,11:58:28,0.69,13.67,82.59,948.95,152
5/8/2013 11:58:43,5/8/2013,11:58:43,1.14,13.62,81.59,948.96,192
5/8/2013 11:58:58,5/8/2013,11:58:58,2.01,13.60,81.40,948.94,220
5/8/2013 11:59:13,5/8/2013,11:59:13,1.44,13.67,82.30,948.95,161
5/8/2013 11:59:28,5/8/2013,11:59:28,2.31,13.55,81.09,948.95,208
5/8/2013 11:59:43,5/8/2013,11:59:43,1.57,13.67,81.40,948.93,200
5/8/2013 11:59:58,5/8/2013,11:59:58,1.68,13.62,81.69,948.92,192
5/8/2013 12:00:13,5/8/2013,12:00:13,2.43,13.55,80.09,948.92,213
5/8/2013 12:00:28,5/8/2013,12:00:28,2.53,13.55,79.69,948.90,210
5/8/2013 12:00:43,5/8/2013,12:00:43,2.04,13.55,79.50,948.89,234
5/8/2013 12:00:58,5/8/2013,12:00:58,0.83,13.67,80.19,948.92,221
5/8/2013 12:01:13,5/8/2013,12:01:13,1.47,13.67,80.30,948.90,211
5/8/2013 12:01:28,5/8/2013,12:01:28,2.29,13.62,79.59,948.93,220
5/8/2013 12:01:43,5/8/2013,12:01:43,1.32,13.75,80.30,948.93,179
5/8/2013 12:01:58,5/8/2013,12:01:58,2.08,13.62,79.40,948.93,215
5/8/2013 12:02:13,5/8/2013,12:02:13,2.24,13.62,78.09,948.92,232
5/8/2013 12:02:28,5/8/2013,12:02:28,2.58,13.62,78.59,948.90,207
5/8/2013 12:02:43,5/8/2013,12:02:43,2.82,13.67,79.80,948.90,182
5/8/2013 12:02:58,5/8/2013,12:02:58,3.11,13.62,79.00,948.93,205
5/8/2013 12:03:13,5/8/2013,12:03:13,2.51,13.67,78.80,948.92,196
5/8/2013 12:03:28,5/8/2013,12:03:28,2.48,13.67,79.90,948.92,197
5/8/2013 12:03:43,5/8/2013,12:03:43,1.97,13.77,80.19,948.90,155
5/8/2013 12:03:58,5/8/2013,12:03:58,1.60,13.77,78.90,948.88,186
5/8/2013 12:04:13,5/8/2013,12:04:13,0.68,13.94,80.00,948.89,183
5/8/2013 12:04:28,5/8/2013,12:04:28,0.68,14.02,80.69,948.89,192
5/8/2013 12:04:43,5/8/2013,12:04:43,0.78,14.10,79.40,948.87,185
5/8/2013 12:04:58,5/8/2013,12:04:58,1.93,14.02,78.69,948.86,186
5/8/2013 12:05:13,5/8/2013,12:05:13,0.67,14.14,79.30,948.88,214
5/8/2013 12:05:28,5/8/2013,12:05:28,2.31,14.10,78.90,948.87,227
5/8/2013 12:05:43,5/8/2013,12:05:43,3.15,13.94,77.69,948.86,213
5/8/2013 12:05:58,5/8/2013,12:05:58,2.58,13.87,76.80,948.85,207
5/8/2013 12:06:13,5/8/2013,12:06:13,2.74,13.82,77.09,948.87,189
5/8/2013 12:06:28,5/8/2013,12:06:28,2.06,13.94,77.40,948.86,210
5/8/2013 12:06:43,5/8/2013,12:06:43,1.32,14.02,78.80,948.84,212
5/8/2013 12:06:58,5/8/2013,12:06:58,1.39,14.10,79.09,948.84,204
5/8/2013 12:07:13,5/8/2013,12:07:13,1.50,14.17,79.59,948.85,199
5/8/2013 12:07:28,5/8/2013,12:07:28,1.47,14.25,79.69,948.85,174
5/8/2013 12:07:43,5/8/2013,12:07:43,1.41,14.22,79.90,948.86,209
5/8/2013 12:07:58,5/8/2013,12:07:58,2.48,14.02,77.00,948.86,215
5/8/2013 12:08:13,5/8/2013,12:08:13,2.75,14.10,78.50,948.84,198
5/8/2013 12:08:28,5/8/2013,12:08:28,2.03,14.05,77.80,948.84,207
5/8/2013 12:08:43,5/8/2013,12:08:43,1.19,14.25,79.59,948.84,175
5/8/2013 12:08:58,5/8/2013,12:08:58,1.26,14.25,79.80,948.84,210
5/8/2013 12:09:13,5/8/2013,12:09:13,1.58,14.22,79.00,948.86,195
5/8/2013 12:09:28,5/8/2013,12:09:28,NaN,NaN,NaN,NaN,NaN
5/8/2013 12:09:43,5/8/2013,12:09:43,NaN,NaN,NaN,NaN,NaN
5/8/2013 12:09:58,5/8/2013,12:09:58,NaN,NaN,NaN,NaN,NaN
5/8/2013 12:10:13,5/8/2013,12:10:13,NaN,NaN,NaN,NaN,NaN
5/8/2013 12:10:28,5/8/2013,12:10:28,NaN,NaN,NaN,NaN,NaN
5/8/2013 12:10:43,5/8/2013,12:10:43,NaN,NaN,NaN,NaN,NaN
5/8/2013 12:10:58,5/8/2013,12:10:58,NaN,NaN,NaN,NaN,NaN
5/8/2013 12:11:13,5/8/2013,12:11:13,NaN,NaN,NaN,NaN,NaN
5/8/2013 12:11:28,5/8/2013,12:11:28,NaN,NaN,NaN,NaN,NaN
5/8/2013 12:11:43,5/8/2013,12:11:43,NaN,NaN,NaN,NaN,NaN
5/8/2013 12:11:58,5/8/2013,12:11:58,NaN,NaN,NaN,NaN,NaN
5/8/2013 12:12:13,5/8/2013,12:12:13,NaN,NaN,NaN,NaN,NaN
5/8/2013 12:12:28,5/8/2013,12:12:28,NaN,NaN,NaN,NaN,NaN
5/8/2013 12:12:43,5/8/2013,12:12:43,NaN,NaN,NaN,NaN,NaN
5/8/2013 12:12:58,5/8/2013,12:12:58,NaN,NaN,NaN,NaN,NaN
5/8/2013 12:13:13,5/8/2013,12:13:13,NaN,NaN,NaN,NaN,NaN
5/8/2013 12:13:28,5/8/2013,12:13:28,NaN,NaN,NaN,NaN,NaN
5/8/2013 12:13:43,5/8/2013,12:13:43,NaN,NaN,NaN,NaN,NaN
5/8/2013 12:13:58,5/8/2013,12:13:58,NaN,NaN,NaN,NaN,NaN
5/8/2013 12:14:13,5/8/2013,12:14:13,NaN,NaN,NaN,NaN,NaN
5/8/2013 12:14:28,5/8/2013,12:14:28,NaN,NaN,NaN,NaN,NaN
5/8/2013 12:14:43,5/8/2013,12:14:43,NaN,NaN,NaN,NaN,NaN
5/8/2013 12:14:58,5/8/2013,12:14:58,NaN,NaN,NaN,NaN,NaN
5/8/2013 12:15:13,5/8/2013,12:15:13,NaN,NaN,NaN,NaN,NaN
5/8/2013 12:15:28,5/8/2013,12:15:28,NaN,NaN,NaN,NaN,NaN
5/8/2013 12:15:43,5/8/2013,12:15:43,NaN,NaN,NaN,NaN,NaN
5/8/2013 12:15:58,5/8/2013,12:15:58,NaN,NaN,NaN,NaN,NaN
5/8/2013 12:16:13,5/8/2013,12:16:13,NaN,NaN,NaN,NaN,NaN
5/8/2013 12:16:28,5/8/2013,12:16:28,NaN,NaN,NaN,NaN,NaN
5/8/2013 12:16:43,5/8/2013,12:16:43,NaN,NaN,NaN,NaN,NaN
5/8/2013 12:16:58,5/8/2013,12:16:58,NaN,NaN,NaN,NaN,NaN
5/8/2013 12:17:13,5/8/2013,12:17:13,NaN,NaN,NaN,NaN,NaN
5/8/2013 12:17:28,5/8/2013,12:17:28,NaN,NaN,NaN,NaN,NaN
5/8/2013 12:17:43,5/8/2013,12:17:43,NaN,NaN,NaN,NaN,NaN
5/8/2013 12:17:58,5/8/2013,12:17:58,NaN,NaN,NaN,NaN,NaN
5/8/2013 12:18:13,5/8/2013,12:18:13,NaN,NaN,NaN,NaN,NaN
5/8/2013 12:18:28,5/8/2013,12:18:28,NaN,NaN,NaN,NaN,NaN
5/8/2013 12:18:43,5/8/2013,12:18:43,NaN,NaN,NaN,NaN,NaN
5/8/2013 12:18:58,5/8/2013,12:18:58,NaN,NaN,NaN,NaN,NaN
5/8/2013 12:19:13,5/8/2013,12:19:13,NaN,NaN,NaN,NaN,NaN
5/8/2013 12:19:28,5/8/2013,12:19:28,NaN,NaN,NaN,NaN,NaN
5/8/2013 12:19:43,5/8/2013,12:19:43,NaN,NaN,NaN,NaN,NaN
5/8/2013 12:19:58,5/8/2013,12:19:58,NaN,NaN,NaN,NaN,NaN
5/8/2013 12:20:13,5/8/2013,12:20:13,NaN,NaN,NaN,NaN,NaN
5/8/2013 12:20:28,5/8/2013,12:20:28,NaN,NaN,NaN,NaN,NaN
5/8/2013 12:20:43,5/8/2013,12:20:43,NaN,NaN,NaN,NaN,NaN
5/8/2013 12:20:58,5/8/2013,12:20:58,NaN,NaN,NaN,NaN,NaN
5/8/2013 12:21:13,5/8/2013,12:21:13,NaN,NaN,NaN,NaN,NaN
5/8/2013 12:21:28,5/8/2013,12:21:28,NaN,NaN,NaN,NaN,NaN
5/8/2013 12:21:43,5/8/2013,12:21:43,NaN,NaN,NaN,NaN,NaN
5/8/2013 12:21:58,5/8/2013,12:21:58,NaN,NaN,NaN,NaN,NaN
5/8/2013 12:22:13,5/8/2013,12:22:13,NaN,NaN,NaN,NaN,NaN
5/8/2013 12:22:28,5/8/2013,12:22:28,NaN,NaN,NaN,NaN,NaN
5/8/2013 12:22:43,5/8/2013,12:22:43,NaN,NaN,NaN,NaN,NaN
5/8/2013 12:22:58,5/8/2013,12:22:58,NaN,NaN,NaN,NaN,NaN
5/8/2013 12:23:13,5/8/2013,12:23:13,NaN,NaN,NaN,NaN,NaN
5/8/2013 12:23:28,5/8/2013,12:23:28,NaN,NaN,NaN,NaN,NaN
5/8/2013 12:23:43,5/8/2013,12:23:43,NaN,NaN,NaN,NaN,NaN
5/8/2013 12:23:58,5/8/2013,12:23:58,NaN,NaN,NaN,NaN,NaN
5/8/2013 12:24:13,5/8/2013,12:24:13,NaN,NaN,NaN,NaN,NaN
5/8/2013 12:24:28,5/8/2013,12:24:28,NaN,NaN,NaN,NaN,NaN
5/8/2013 12:24:43,5/8/2013,12:24:43,NaN,NaN,NaN,NaN,NaN
5/8/2013 12:24:58,5/8/2013,12:24:58,NaN,NaN,NaN,NaN,NaN
5/8/2013 12:25:13,5/8/2013,12:25:13,NaN,NaN,NaN,NaN,NaN
5/8/2013 12:25:28,5/8/2013,12:25:28,NaN,NaN,NaN,NaN,NaN
5/8/2013 12:25:43,5/8/2013,12:25:43,NaN,NaN,NaN,NaN,NaN
5/8/2013 12:25:58,5/8/2013,12:25:58,NaN,NaN,NaN,NaN,NaN
5/8/2013 12:26:13,5/8/2013,12:26:13,NaN,NaN,NaN,NaN,NaN
5/8/2013 12:26:28,5/8/2013,12:26:28,NaN,NaN,NaN,NaN,NaN
5/8/2013 12:26:43,5/8/2013,12:26:43,NaN,NaN,NaN,NaN,NaN
5/8/2013 12:26:58,5/8/2013,12:26:58,NaN,NaN,NaN,NaN,NaN
5/8/2013 12:27:13,5/8/2013,12:27:13,NaN,NaN,NaN,NaN,NaN
5/8/2013 12:27:28,5/8/2013,12:27:28,NaN,NaN,NaN,NaN,NaN
5/8/2013 12:27:43,5/8/2013,12:27:43,NaN,NaN,NaN,NaN,NaN
5/8/2013 12:27:58,5/8/2013,12:27:58,NaN,NaN,NaN,NaN,NaN
5/8/2013 12:28:13,5/8/2013,12:28:13,NaN,NaN,NaN,NaN,NaN
5/8/2013 12:28:28,5/8/2013,12:28:28,NaN,NaN,NaN,NaN,NaN
5/8/2013 12:28:43,5/8/2013,12:28:43,NaN,NaN,NaN,NaN,NaN
5/8/2013 12:28:58,5/8/2013,12:28:58,NaN,NaN,NaN,NaN,NaN
5/8/2013 12:29:13,5/8/2013,12:29:13,NaN,NaN,NaN,NaN,NaN
5/8/2013 12:29:28,5/8/2013,12:29:28,NaN,NaN,NaN,NaN,NaN
5/8/2013 12:29:43,5/8/2013,12:29:43,NaN,NaN,NaN,NaN,NaN
5/8/2013 12:29:58,5/8/2013,12:29:58,NaN,NaN,NaN,NaN,NaN
5/8/2013 12:30:13,5/8/2013,12:30:13,NaN,NaN,NaN,NaN,NaN
5/8/2013 12:30:28,5/8/2013,12:30:28,NaN,NaN,NaN,NaN,NaN
5/8/2013 12:30:43,5/8/2013,12:30:43,NaN,NaN,NaN,NaN,NaN
5/8/2013 12:30:58,5/8/2013,12:30:58,NaN,NaN,NaN,NaN,NaN
5/8/2013 12:31:13,5/8/2013,12:31:13,NaN,NaN,NaN,NaN,NaN
5/8/2013 12:31:28,5/8/2013,12:31:28,NaN,NaN,NaN,NaN,NaN
5/8/2013 12:31:43,5/8/2013,12:31:43,NaN,NaN,NaN,NaN,NaN
5/8/2013 12:31:58,5/8/2013,12:31:58,NaN,NaN,NaN,NaN,NaN
5/8/2013 12:32:13,5/8/2013,12:32:13,NaN,NaN,NaN,NaN,NaN
5/8/2013 12:32:28,5/8/2013,12:32:28,NaN,NaN,NaN,NaN,NaN
5/8/2013 12:32:43,5/8/2013,12:32:43,NaN,NaN,NaN,NaN,NaN
5/8/2013 12:32:58,5/8/2013,12:32:58,NaN,NaN,NaN,NaN,NaN
5/8/2013 12:33:13,5/8/2013,12:33:13,NaN,NaN,NaN,NaN,NaN
5/8/2013 12:33:28,5/8/2013,12:33:28,NaN,NaN,NaN,NaN,NaN
5/8/2013 12:33:43,5/8/2013,12:33:43,NaN,NaN,NaN,NaN,NaN
5/8/2013 12:33:58,5/8/2013,12:33:58,NaN,NaN,NaN,NaN,NaN
5/8/2013 12:34:13,5/8/2013,12:34:13,NaN,NaN,NaN,NaN,NaN
5/8/2013 12:34:28,5/8/2013,12:34:28,NaN,NaN,NaN,NaN,NaN
5/8/2013 12:34:43,5/8/2013,12:34:43,NaN,NaN,NaN,NaN,NaN
5/8/2013 12:34:58,5/8/2013,12:34:58,NaN,NaN,NaN,NaN,NaN
5/8/2013 12:35:13,5/8/2013,12:35:13,NaN,NaN,NaN,NaN,NaN
5/8/2013 12:35:28,5/8/2013,12:35:28,NaN,NaN,NaN,NaN,NaN
5/8/2013 12:35:43,5/8/2013,12:35:43,NaN,NaN,NaN,NaN,NaN
5/8/2013 12:35:58,5/8/2013,12:35:58,NaN,NaN,NaN,NaN,NaN
5/8/2013 12:36:13,5/8/2013,12:36:13,NaN,NaN,NaN,NaN,NaN
5/8/2013 12:36:28,5/8/2013,12:36:28,NaN,NaN,NaN,NaN,NaN
5/8/2013 12:36:43,5/8/2013,12:36:43,NaN,NaN,NaN,NaN,NaN
5/8/2013 12:36:58,5/8/2013,12:36:58,NaN,NaN,NaN,NaN,NaN
5/8/2013 12:37:13,5/8/2013,12:37:13,NaN,NaN,NaN,NaN,NaN
5/8/2013 12:37:28,5/8/2013,12:37:28,NaN,NaN,NaN,NaN,NaN
5/8/2013 12:37:43,5/8/2013,12:37:43,NaN,NaN,NaN,NaN,NaN
5/8/2013 12:37:58,5/8/2013,12:37:58,NaN,NaN,NaN,NaN,NaN
5/8/2013 12:38:13,5/8/2013,12:38:13,NaN,NaN,NaN,NaN,NaN
5/8/2013 12:38:28,5/8/2013,12:38:28,NaN,NaN,NaN,NaN,NaN
5/8/2013 12:38:43,5/8/2013,12:38:43,NaN,NaN,NaN,NaN,NaN
5/8/2013 12:38:58,5/8/2013,12:38:58,NaN,NaN,NaN,NaN,NaN
5/8/2013 12:39:13,5/8/2013,12:39:13,NaN,NaN,NaN,NaN,NaN
5/8/2013 12:39:28,5/8/2013,12:39:28,NaN,NaN,NaN,NaN,NaN
5/8/2013 12:39:43,5/8/2013,12:39:43,NaN,NaN,NaN,NaN,NaN
5/8/2013 12:39:58,5/8/2013,12:39:58,NaN,NaN,NaN,NaN,NaN
5/8/2013 12:40:13,5/8/2013,12:40:13,NaN,NaN,NaN,NaN,NaN
5/8/2013 12:40:28,5/8/2013,12:40:28,NaN,NaN,NaN,NaN,NaN
5/8/2013 12:40:43,5/8/2013,12:40:43,NaN,NaN,NaN,NaN,NaN
5/8/2013 12:40:58,5/8/2013,12:40:58,NaN,NaN,NaN,NaN,NaN
5/8/2013 12:41:13,5/8/2013,12:41:13,NaN,NaN,NaN,NaN,NaN
5/8/2013 12:41:28,5/8/2013,12:41:28,NaN,NaN,NaN,NaN,NaN
5/8/2013 12:41:43,5/8/2013,12:41:43,NaN,NaN,NaN,NaN,NaN
5/8/2013 12:41:58,5/8/2013,12:41:58,NaN,NaN,NaN,NaN,NaN
5/8/2013 12:42:13,5/8/2013,12:42:13,NaN,NaN,NaN,NaN,NaN
5/8/2013 12:42:28,5/8/2013,12:42:28,NaN,NaN,NaN,NaN,NaN
5/8/2013 12:42:43,5/8/2013,12:42:43,NaN,NaN,NaN,NaN,NaN
5/8/2013 12:42:58,5/8/2013,12:42:58,NaN,NaN,NaN,NaN,NaN
5/8/2013 12:43:13,5/8/2013,12:43:13,NaN,NaN,NaN,NaN,NaN
5/8/2013 12:43:28,5/8/2013,12:43:28,NaN,NaN,NaN,NaN,NaN
5/8/2013 12:43:43,5/8/2013,12:43:43,NaN,NaN,NaN,NaN,NaN
5/8/2013 12:43:58,5/8/2013,12:43:58,NaN,NaN,NaN,NaN,NaN
5/8/2013 12:44:13,5/8/2013,12:44:13,NaN,NaN,NaN,NaN,NaN
5/8/2013 12:44:28,5/8/2013,12:44:28,NaN,NaN,NaN,NaN,NaN
5/8/2013 12:44:43,5/8/2013,12:44:43,NaN,NaN,NaN,NaN,NaN
5/8/2013 12:44:58,5/8/2013,12:44:58,NaN,NaN,NaN,NaN,NaN
5/8/2013 12:45:13,5/8/2013,12:45:13,NaN,NaN,NaN,NaN,NaN
5/8/2013 12:45:28,5/8/2013,12:45:28,NaN,NaN,NaN,NaN,NaN
5/8/2013 12:45:43,5/8/2013,12:45:43,NaN,NaN,NaN,NaN,NaN
5/8/2013 12:45:58,5/8/2013,12:45:58,NaN,NaN,NaN,NaN,NaN
5/8/2013 12:46:13,5/8/2013,12:46:13,NaN,NaN,NaN,NaN,NaN
5/8/2013 12:46:28,5/8/2013,12:46:28,NaN,NaN,NaN,NaN,NaN
5/8/2013 12:46:43,5/8/2013,12:46:43,NaN,NaN,NaN,NaN,NaN
5/8/2013 12:46:58,5/8/2013,12:46:58,NaN,NaN,NaN,NaN,NaN
5/8/2013 12:47:13,5/8/2013,12:47:13,NaN,NaN,NaN,NaN,NaN
5/8/2013 12:47:28,5/8/2013,12:47:28,NaN,NaN,NaN,NaN,NaN
5/8/2013 12:47:43,5/8/2013,12:47:43,NaN,NaN,NaN,NaN,NaN
5/8/2013 12:47:58,5/8/2013,12:47:58,NaN,NaN,NaN,NaN,NaN
5/8/2013 12:48:13,5/8/2013,12:48:13,NaN,NaN,NaN,NaN,NaN
5/8/2013 12:48:28,5/8/2013,12:48:28,NaN,NaN,NaN,NaN,NaN
5/8/2013 12:48:43,5/8/2013,12:48:43,NaN,NaN,NaN,NaN,NaN
5/8/2013 12:48:58,5/8/2013,12:48:58,NaN,NaN,NaN,NaN,NaN
5/8/2013 12:49:13,5/8/2013,12:49:13,NaN,NaN,NaN,NaN,NaN
5/8/2013 12:49:28,5/8/2013,12:49:28,NaN,NaN,NaN,NaN,NaN
5/8/2013 12:49:43,5/8/2013,12:49:43,NaN,NaN,NaN,NaN,NaN
5/8/2013 12:49:58,5/8/2013,12:49:58,NaN,NaN,NaN,NaN,NaN
5/8/2013 12:50:13,5/8/2013,12:50:13,NaN,NaN,NaN,NaN,NaN
5/8/2013 12:50:28,5/8/2013,12:50:28,NaN,NaN,NaN,NaN,NaN
5/8/2013 12:50:43,5/8/2013,12:50:43,NaN,NaN,NaN,NaN,NaN
5/8/2013 12:50:58,5/8/2013,12:50:58,NaN,NaN,NaN,NaN,NaN
5/8/2013 12:51:13,5/8/2013,12:51:13,NaN,NaN,NaN,NaN,NaN
5/8/2013 12:51:28,5/8/2013,12:51:28,NaN,NaN,NaN,NaN,NaN
5/8/2013 12:51:43,5/8/2013,12:51:43,NaN,NaN,NaN,NaN,NaN
5/8/2013 12:51:58,5/8/2013,12:51:58,NaN,NaN,NaN,NaN,NaN
5/8/2013 12:52:13,5/8/2013,12:52:13,NaN,NaN,NaN,NaN,NaN
5/8/2013 12:52:28,5/8/2013,12:52:28,NaN,NaN,NaN,NaN,NaN
5/8/2013 12:52:43,5/8/2013,12:52:43,NaN,NaN,NaN,NaN,NaN
5/8/2013 12:52:58,5/8/2013,12:52:58,NaN,NaN,NaN,NaN,NaN
5/8/2013 12:53:13,5/8/2013,12:53:13,NaN,NaN,NaN,NaN,NaN
5/8/2013 12:53:28,5/8/2013,12:53:28,NaN,NaN,NaN,NaN,NaN
5/8/2013 12:53:43,5/8/2013,12:53:43,NaN,NaN,NaN,NaN,NaN
5/8/2013 12:53:58,5/8/2013,12:53:58,NaN,NaN,NaN,NaN,NaN
5/8/2013 12:54:13,5/8/2013,12:54:13,NaN,NaN,NaN,NaN,NaN
5/8/2013 12:54:28,5/8/2013,12:54:28,NaN,NaN,NaN,NaN,NaN
5/8/2013 12:54:43,5/8/2013,12:54:43,NaN,NaN,NaN,NaN,NaN
5/8/2013 12:54:58,5/8/2013,12:54:58,NaN,NaN,NaN,NaN,NaN
5/8/2013 12:55:13,5/8/2013,12:55:13,NaN,NaN,NaN,NaN,NaN
5/8/2013 12:55:28,5/8/2013,12:55:28,NaN,NaN,NaN,NaN,NaN
5/8/2013 12:55:43,5/8/2013,12:55:43,NaN,NaN,NaN,NaN,NaN
5/8/2013 12:55:58,5/8/2013,12:55:58,NaN,NaN,NaN,NaN,NaN
5/8/2013 12:56:13,5/8/2013,12:56:13,NaN,NaN,NaN,NaN,NaN
5/8/2013 12:56:28,5/8/2013,12:56:28,NaN,NaN,NaN,NaN,NaN
5/8/2013 12:56:43,5/8/2013,12:56:43,NaN,NaN,NaN,NaN,NaN
5/8/2013 12:56:58,5/8/2013,12:56:58,NaN,NaN,NaN,NaN,NaN
5/8/2013 12:57:13,5/8/2013,12:57:13,NaN,NaN,NaN,NaN,NaN
5/8/2013 12:57:28,5/8/2013,12:57:28,NaN,NaN,NaN,NaN,NaN
5/8/2013 12:57:43,5/8/2013,12:57:43,NaN,NaN,NaN,NaN,NaN
5/8/2013 12:57:58,5/8/2013,12:57:58,NaN,NaN,NaN,NaN,NaN
5/8/2013 12:58:13,5/8/2013,12:58:13,NaN,NaN,NaN,NaN,NaN
5/8/2013 12:58:28,5/8/2013,12:58:28,NaN,NaN,NaN,NaN,NaN
5/8/2013 12:58:43,5/8/2013,12:58:43,NaN,NaN,NaN,NaN,NaN
5/8/2013 12:58:58,5/8/2013,12:58:58,NaN,NaN,NaN,NaN,NaN
5/8/2013 12:59:13,5/8/2013,12:59:13,NaN,NaN,NaN,NaN,NaN
5/8/2013 12:59:28,5/8/2013,12:59:28,NaN,NaN,NaN,NaN,NaN
5/8/2013 12:59:43,5/8/2013,12:59:43,NaN,NaN,NaN,NaN,NaN
5/8/2013 12:59:58,5/8/2013,12:59:58,NaN,NaN,NaN,NaN,NaN
5/8/2013 13:00:13,5/8/2013,13:00:13,NaN,NaN,NaN,NaN,NaN
5/8/2013 13:00:28,5/8/2013,13:00:28,NaN,NaN,NaN,NaN,NaN
5/8/2013 13:00:43,5/8/2013,13:00:43,NaN,NaN,NaN,NaN,NaN
5/8/2013 13:00:58,5/8/2013,13:00:58,NaN,NaN,NaN,NaN,NaN
5/8/2013 13:01:13,5/8/2013,13:01:13,NaN,NaN,NaN,NaN,NaN
5/8/2013 13:01:28,5/8/2013,13:01:28,NaN,NaN,NaN,NaN,NaN
5/8/2013 13:01:43,5/8/2013,13:01:43,NaN,NaN,NaN,NaN,NaN
5/8/2013 13:01:58,5/8/2013,13:01:58,NaN,NaN,NaN,NaN,NaN
5/8/2013 13:02:13,5/8/2013,13:02:13,NaN,NaN,NaN,NaN,NaN
5/8/2013 13:02:28,5/8/2013,13:02:28,NaN,NaN,NaN,NaN,NaN
5/8/2013 13:02:43,5/8/2013,13:02:43,NaN,NaN,NaN,NaN,NaN
5/8/2013 13:02:58,5/8/2013,13:02:58,NaN,NaN,NaN,NaN,NaN
5/8/2013 13:03:13,5/8/2013,13:03:13,NaN,NaN,NaN,NaN,NaN
5/8/2013 13:03:28,5/8/2013,13:03:28,NaN,NaN,NaN,NaN,NaN
5/8/2013 13:03:43,5/8/2013,13:03:43,NaN,NaN,NaN,NaN,NaN
5/8/2013 13:03:58,5/8/2013,13:03:58,NaN,NaN,NaN,NaN,NaN
5/8/2013 13:04:13,5/8/2013,13:04:13,NaN,NaN,NaN,NaN,NaN
5/8/2013 13:04:28,5/8/2013,13:04:28,NaN,NaN,NaN,NaN,NaN
5/8/2013 13:04:43,5/8/2013,13:04:43,NaN,NaN,NaN,NaN,NaN
5/8/2013 13:04:58,5/8/2013,13:04:58,NaN,NaN,NaN,NaN,NaN
5/8/2013 13:05:13,5/8/2013,13:05:13,NaN,NaN,NaN,NaN,NaN
5/8/2013 13:05:28,5/8/2013,13:05:28,NaN,NaN,NaN,NaN,NaN
5/8/2013 13:05:43,5/8/2013,13:05:43,NaN,NaN,NaN,NaN,NaN
5/8/2013 13:05:58,5/8/2013,13:05:58,NaN,NaN,NaN,NaN,NaN
5/8/2013 13:06:13,5/8/2013,13:06:13,NaN,NaN,NaN,NaN,NaN
5/8/2013 13:06:28,5/8/2013,13:06:28,NaN,NaN,NaN,NaN,NaN
5/8/2013 13:06:43,5/8/2013,13:06:43,NaN,NaN,NaN,NaN,NaN
5/8/2013 13:06:58,5/8/2013,13:06:58,NaN,NaN,NaN,NaN,NaN
5/8/2013 13:07:13,5/8/2013,13:07:13,NaN,NaN,NaN,NaN,NaN
5/8/2013 13:07:28,5/8/2013,13:07:28,NaN,NaN,NaN,NaN,NaN
5/8/2013 13:07:43,5/8/2013,13:07:43,NaN,NaN,NaN,NaN,NaN
5/8/2013 13:07:58,5/8/2013,13:07:58,NaN,NaN,NaN,NaN,NaN
5/8/2013 13:08:13,5/8/2013,13:08:13,NaN,NaN,NaN,NaN,NaN
5/8/2013 13:08:28,5/8/2013,13:08:28,NaN,NaN,NaN,NaN,NaN
5/8/2013 13:08:43,5/8/2013,13:08:43,NaN,NaN,NaN,NaN,NaN
5/8/2013 13:08:58,5/8/2013,13:08:58,NaN,NaN,NaN,NaN,NaN
5/8/2013 13:09:13,5/8/2013,13:09:13,NaN,NaN,NaN,NaN,NaN
5/8/2013 13:09:28,5/8/2013,13:09:28,NaN,NaN,NaN,NaN,NaN
5/8/2013 13:09:43,5/8/2013,13:09:43,NaN,NaN,NaN,NaN,NaN
5/8/2013 13:09:58,5/8/2013,13:09:58,NaN,NaN,NaN,NaN,NaN
5/8/2013 13:10:13,5/8/2013,13:10:13,NaN,NaN,NaN,NaN,NaN
5/8/2013 13:10:28,5/8/2013,13:10:28,NaN,NaN,NaN,NaN,NaN
5/8/2013 13:10:43,5/8/2013,13:10:43,NaN,NaN,NaN,NaN,NaN
5/8/2013 13:10:58,5/8/2013,13:10:58,NaN,NaN,NaN,NaN,NaN
5/8/2013 13:11:13,5/8/2013,13:11:13,NaN,NaN,NaN,NaN,NaN
5/8/2013 13:11:28,5/8/2013,13:11:28,NaN,NaN,NaN,NaN,NaN
5/8/2013 13:11:43,5/8/2013,13:11:43,NaN,NaN,NaN,NaN,NaN
5/8/2013 13:11:58,5/8/2013,13:11:58,NaN,NaN,NaN,NaN,NaN
5/8/2013 13:12:13,5/8/2013,13:12:13,NaN,NaN,NaN,NaN,NaN
5/8/2013 13:12:28,5/8/2013,13:12:28,NaN,NaN,NaN,NaN,NaN
5/8/2013 13:12:43,5/8/2013,13:12:43,NaN,NaN,NaN,NaN,NaN
5/8/2013 13:12:58,5/8/2013,13:12:58,NaN,NaN,NaN,NaN,NaN
5/8/2013 13:13:13,5/8/2013,13:13:13,NaN,NaN,NaN,NaN,NaN
5/8/2013 13:13:28,5/8/2013,13:13:28,NaN,NaN,NaN,NaN,NaN
5/8/2013 13:13:43,5/8/2013,13:13:43,NaN,NaN,NaN,NaN,NaN
5/8/2013 13:13:58,5/8/2013,13:13:58,NaN,NaN,NaN,NaN,NaN
5/8/2013 13:14:13,5/8/2013,13:14:13,NaN,NaN,NaN,NaN,NaN
5/8/2013 13:14:28,5/8/2013,13:14:28,NaN,NaN,NaN,NaN,NaN
5/8/2013 13:14:43,5/8/2013,13:14:43,NaN,NaN,NaN,NaN,NaN
5/8/2013 13:14:58,5/8/2013,13:14:58,NaN,NaN,NaN,NaN,NaN
5/8/2013 13:15:13,5/8/2013,13:15:13,NaN,NaN,NaN,NaN,NaN
5/8/2013 13:15:28,5/8/2013,13:15:28,NaN,NaN,NaN,NaN,NaN
5/8/2013 13:15:43,5/8/2013,13:15:43,NaN,NaN,NaN,NaN,NaN
5/8/2013 13:15:58,5/8/2013,13:15:58,NaN,NaN,NaN,NaN,NaN
5/8/2013 13:16:13,5/8/2013,13:16:13,NaN,NaN,NaN,NaN,NaN
5/8/2013 13:16:28,5/8/2013,13:16:28,NaN,NaN,NaN,NaN,NaN
5/8/2013 13:16:43,5/8/2013,13:16:43,NaN,NaN,NaN,NaN,NaN
5/8/2013 13:16:58,5/8/2013,13:16:58,NaN,NaN,NaN,NaN,NaN
5/8/2013 13:17:13,5/8/2013,13:17:13,NaN,NaN,NaN,NaN,NaN
5/8/2013 13:17:28,5/8/2013,13:17:28,NaN,NaN,NaN,NaN,NaN
5/8/2013 13:17:43,5/8/2013,13:17:43,NaN,NaN,NaN,NaN,NaN
5/8/2013 13:17:58,5/8/2013,13:17:58,NaN,NaN,NaN,NaN,NaN
5/8/2013 13:18:13,5/8/2013,13:18:13,NaN,NaN,NaN,NaN,NaN
5/8/2013 13:18:28,5/8/2013,13:18:28,NaN,NaN,NaN,NaN,NaN
5/8/2013 13:18:43,5/8/2013,13:18:43,NaN,NaN,NaN,NaN,NaN
5/8/2013 13:18:58,5/8/2013,13:18:58,NaN,NaN,NaN,NaN,NaN
5/8/2013 13:19:13,5/8/2013,13:19:13,NaN,NaN,NaN,NaN,NaN
5/8/2013 13:19:28,5/8/2013,13:19:28,NaN,NaN,NaN,NaN,NaN
5/8/2013 13:19:43,5/8/2013,13:19:43,NaN,NaN,NaN,NaN,NaN
5/8/2013 13:19:58,5/8/2013,13:19:58,NaN,NaN,NaN,NaN,NaN
5/8/2013 13:20:13,5/8/2013,13:20:13,NaN,NaN,NaN,NaN,NaN
5/8/2013 13:20:28,5/8/2013,13:20:28,NaN,NaN,NaN,NaN,NaN
5/8/2013 13:20:43,5/8/2013,13:20:43,NaN,NaN,NaN,NaN,NaN
5/8/2013 13:20:58,5/8/2013,13:20:58,NaN,NaN,NaN,NaN,NaN
5/8/2013 13:21:13,5/8/2013,13:21:13,NaN,NaN,NaN,NaN,NaN
5/8/2013 13:21:28,5/8/2013,13:21:28,NaN,NaN,NaN,NaN,NaN
5/8/2013 13:21:43,5/8/2013,13:21:43,NaN,NaN,NaN,NaN,NaN
5/8/2013 13:21:58,5/8/2013,13:21:58,NaN,NaN,NaN,NaN,NaN
5/8/2013 13:22:13,5/8/2013,13:22:13,NaN,NaN,NaN,NaN,NaN
5/8/2013 13:22:28,5/8/2013,13:22:28,NaN,NaN,NaN,NaN,NaN
5/8/2013 13:22:43,5/8/2013,13:22:43,NaN,NaN,NaN,NaN,NaN
5/8/2013 13:22:58,5/8/2013,13:22:58,NaN,NaN,NaN,NaN,NaN
5/8/2013 13:23:13,5/8/2013,13:23:13,NaN,NaN,NaN,NaN,NaN
5/8/2013 13:23:28,5/8/2013,13:23:28,NaN,NaN,NaN,NaN,NaN
5/8/2013 13:23:43,5/8/2013,13:23:43,NaN,NaN,NaN,NaN,NaN
5/8/2013 13:23:58,5/8/2013,13:23:58,NaN,NaN,NaN,NaN,NaN
5/8/2013 13:24:13,5/8/2013,13:24:13,NaN,NaN,NaN,NaN,NaN
5/8/2013 13:24:28,5/8/2013,13:24:28,NaN,NaN,NaN,NaN,NaN
5/8/2013 13:24:43,5/8/2013,13:24:43,NaN,NaN,NaN,NaN,NaN
5/8/2013 13:24:58,5/8/2013,13:24:58,NaN,NaN,NaN,NaN,NaN
5/8/2013 13:25:13,5/8/2013,13:25:13,NaN,NaN,NaN,NaN,NaN
5/8/2013 13:25:28,5/8/2013,13:25:28,NaN,NaN,NaN,NaN,NaN
5/8/2013 13:25:43,5/8/2013,13:25:43,NaN,NaN,NaN,NaN,NaN
5/8/2013 13:25:58,5/8/2013,13:25:58,NaN,NaN,NaN,NaN,NaN
5/8/2013 13:26:13,5/8/2013,13:26:13,NaN,NaN,NaN,NaN,NaN
5/8/2013 13:26:28,5/8/2013,13:26:28,NaN,NaN,NaN,NaN,NaN
5/8/2013 13:26:43,5/8/2013,13:26:43,NaN,NaN,NaN,NaN,NaN
5/8/2013 13:26:58,5/8/2013,13:26:58,NaN,NaN,NaN,NaN,NaN
5/8/2013 13:27:13,5/8/2013,13:27:13,NaN,NaN,NaN,NaN,NaN
5/8/2013 13:27:28,5/8/2013,13:27:28,NaN,NaN,NaN,NaN,NaN
5/8/2013 13:27:43,5/8/2013,13:27:43,NaN,NaN,NaN,NaN,NaN
5/8/2013 13:27:58,5/8/2013,13:27:58,NaN,NaN,NaN,NaN,NaN
5/8/2013 13:28:13,5/8/2013,13:28:13,NaN,NaN,NaN,NaN,NaN
5/8/2013 13:28:28,5/8/2013,13:28:28,NaN,NaN,NaN,NaN,NaN
5/8/2013 13:28:43,5/8/2013,13:28:43,NaN,NaN,NaN,NaN,NaN
5/8/2013 13:28:58,5/8/2013,13:28:58,NaN,NaN,NaN,NaN,NaN
5/8/2013 13:29:13,5/8/2013,13:29:13,NaN,NaN,NaN,NaN,NaN
5/8/2013 13:29:28,5/8/2013,13:29:28,NaN,NaN,NaN,NaN,NaN
5/8/2013 13:29:43,5/8/2013,13:29:43,NaN,NaN,NaN,NaN,NaN
5/8/2013 13:29:58,5/8/2013,13:29:58,NaN,NaN,NaN,NaN,NaN
5/8/2013 13:30:13,5/8/2013,13:30:13,NaN,NaN,NaN,NaN,NaN
5/8/2013 13:30:28,5/8/2013,13:30:28,NaN,NaN,NaN,NaN,NaN
5/8/2013 13:30:43,5/8/2013,13:30:43,NaN,NaN,NaN,NaN,NaN
5/8/2013 13:30:58,5/8/2013,13:30:58,NaN,NaN,NaN,NaN,NaN
5/8/2013 13:31:13,5/8/2013,13:31:13,NaN,NaN,NaN,NaN,NaN
5/8/2013 13:31:28,5/8/2013,13:31:28,NaN,NaN,NaN,NaN,NaN
5/8/2013 13:31:43,5/8/2013,13:31:43,NaN,NaN,NaN,NaN,NaN
5/8/2013 13:31:58,5/8/2013,13:31:58,NaN,NaN,NaN,NaN,NaN
5/8/2013 13:32:13,5/8/2013,13:32:13,NaN,NaN,NaN,NaN,NaN
5/8/2013 13:32:28,5/8/2013,13:32:28,NaN,NaN,NaN,NaN,NaN
5/8/2013 13:32:43,5/8/2013,13:32:43,NaN,NaN,NaN,NaN,NaN
5/8/2013 13:32:58,5/8/2013,13:32:58,NaN,NaN,NaN,NaN,NaN
5/8/2013 13:33:13,5/8/2013,13:33:13,NaN,NaN,NaN,NaN,NaN
5/8/2013 13:33:28,5/8/2013,13:33:28,NaN,NaN,NaN,NaN,NaN
5/8/2013 13:33:43,5/8/2013,13:33:43,NaN,NaN,NaN,NaN,NaN
5/8/2013 13:33:58,5/8/2013,13:33:58,NaN,NaN,NaN,NaN,NaN
5/8/2013 13:34:13,5/8/2013,13:34:13,NaN,NaN,NaN,NaN,NaN
5/8/2013 13:34:28,5/8/2013,13:34:28,NaN,NaN,NaN,NaN,NaN
5/8/2013 13:34:43,5/8/2013,13:34:43,NaN,NaN,NaN,NaN,NaN
5/8/2013 13:34:58,5/8/2013,13:34:58,NaN,NaN,NaN,NaN,NaN
5/8/2013 13:35:13,5/8/2013,13:35:13,NaN,NaN,NaN,NaN,NaN
5/8/2013 13:35:28,5/8/2013,13:35:28,NaN,NaN,NaN,NaN,NaN
5/8/2013 13:35:43,5/8/2013,13:35:43,NaN,NaN,NaN,NaN,NaN
5/8/2013 13:35:58,5/8/2013,13:35:58,NaN,NaN,NaN,NaN,NaN
5/8/2013 13:36:13,5/8/2013,13:36:13,NaN,NaN,NaN,NaN,NaN
5/8/2013 13:36:28,5/8/2013,13:36:28,NaN,NaN,NaN,NaN,NaN
5/8/2013 13:36:43,5/8/2013,13:36:43,NaN,NaN,NaN,NaN,NaN
5/8/2013 13:36:58,5/8/2013,13:36:58,NaN,NaN,NaN,NaN,NaN
5/8/2013 13:37:13,5/8/2013,13:37:13,NaN,NaN,NaN,NaN,NaN
5/8/2013 13:37:28,5/8/2013,13:37:28,NaN,NaN,NaN,NaN,NaN
5/8/2013 13:37:43,5/8/2013,13:37:43,NaN,NaN,NaN,NaN,NaN
5/8/2013 13:37:58,5/8/2013,13:37:58,NaN,NaN,NaN,NaN,NaN
5/8/2013 13:38:13,5/8/2013,13:38:13,NaN,NaN,NaN,NaN,NaN
5/8/2013 13:38:28,5/8/2013,13:38:28,NaN,NaN,NaN,NaN,NaN
5/8/2013 13:38:43,5/8/2013,13:38:43,NaN,NaN,NaN,NaN,NaN
5/8/2013 13:38:58,5/8/2013,13:38:58,NaN,NaN,NaN,NaN,NaN
5/8/2013 13:39:13,5/8/2013,13:39:13,NaN,NaN,NaN,NaN,NaN
5/8/2013 13:39:28,5/8/2013,13:39:28,NaN,NaN,NaN,NaN,NaN
5/8/2013 13:39:43,5/8/2013,13:39:43,NaN,NaN,NaN,NaN,NaN
5/8/2013 13:39:58,5/8/2013,13:39:58,NaN,NaN,NaN,NaN,NaN
5/8/2013 13:40:13,5/8/2013,13:40:13,NaN,NaN,NaN,NaN,NaN
5/8/2013 13:40:28,5/8/2013,13:40:28,NaN,NaN,NaN,NaN,NaN
5/8/2013 13:40:43,5/8/2013,13:40:43,NaN,NaN,NaN,NaN,NaN
5/8/2013 13:40:58,5/8/2013,13:40:58,NaN,NaN,NaN,NaN,NaN
5/8/2013 13:41:13,5/8/2013,13:41:13,NaN,NaN,NaN,NaN,NaN
5/8/2013 13:41:28,5/8/2013,13:41:28,NaN,NaN,NaN,NaN,NaN
5/8/2013 13:41:43,5/8/2013,13:41:43,NaN,NaN,NaN,NaN,NaN
5/8/2013 13:41:58,5/8/2013,13:41:58,NaN,NaN,NaN,NaN,NaN
5/8/2013 13:42:13,5/8/2013,13:42:13,NaN,NaN,NaN,NaN,NaN
5/8/2013 13:42:28,5/8/2013,13:42:28,NaN,NaN,NaN,NaN,NaN
5/8/2013 13:42:43,5/8/2013,13:42:43,NaN,NaN,NaN,NaN,NaN
5/8/2013 13:42:58,5/8/2013,13:42:58,NaN,NaN,NaN,NaN,NaN
5/8/2013 13:43:13,5/8/2013,13:43:13,NaN,NaN,NaN,NaN,NaN
5/8/2013 13:43:28,5/8/2013,13:43:28,NaN,NaN,NaN,NaN,NaN
5/8/2013 13:43:43,5/8/2013,13:43:43,NaN,NaN,NaN,NaN,NaN
5/8/2013 13:43:58,5/8/2013,13:43:58,NaN,NaN,NaN,NaN,NaN
5/8/2013 13:44:13,5/8/2013,13:44:13,NaN,NaN,NaN,NaN,NaN
5/8/2013 13:44:28,5/8/2013,13:44:28,NaN,NaN,NaN,NaN,NaN
5/8/2013 13:44:43,5/8/2013,13:44:43,NaN,NaN,NaN,NaN,NaN
5/8/2013 13:44:58,5/8/2013,13:44:58,NaN,NaN,NaN,NaN,NaN
5/8/2013 13:45:13,5/8/2013,13:45:13,NaN,NaN,NaN,NaN,NaN
5/8/2013 13:45:28,5/8/2013,13:45:28,NaN,NaN,NaN,NaN,NaN
5/8/2013 13:45:43,5/8/2013,13:45:43,NaN,NaN,NaN,NaN,NaN
5/8/2013 13:45:58,5/8/2013,13:45:58,NaN,NaN,NaN,NaN,NaN
5/8/2013 13:46:13,5/8/2013,13:46:13,NaN,NaN,NaN,NaN,NaN
5/8/2013 13:46:28,5/8/2013,13:46:28,NaN,NaN,NaN,NaN,NaN
5/8/2013 13:46:43,5/8/2013,13:46:43,NaN,NaN,NaN,NaN,NaN
5/8/2013 13:46:58,5/8/2013,13:46:58,NaN,NaN,NaN,NaN,NaN
5/8/2013 13:47:13,5/8/2013,13:47:13,NaN,NaN,NaN,NaN,NaN
5/8/2013 13:47:28,5/8/2013,13:47:28,NaN,NaN,NaN,NaN,NaN
5/8/2013 13:47:43,5/8/2013,13:47:43,NaN,NaN,NaN,NaN,NaN
5/8/2013 13:47:58,5/8/2013,13:47:58,NaN,NaN,NaN,NaN,NaN
5/8/2013 13:48:13,5/8/2013,13:48:13,NaN,NaN,NaN,NaN,NaN
5/8/2013 13:48:28,5/8/2013,13:48:28,NaN,NaN,NaN,NaN,NaN
5/8/2013 13:48:43,5/8/2013,13:48:43,NaN,NaN,NaN,NaN,NaN
5/8/2013 13:48:58,5/8/2013,13:48:58,NaN,NaN,NaN,NaN,NaN
5/8/2013 13:49:13,5/8/2013,13:49:13,NaN,NaN,NaN,NaN,NaN
5/8/2013 13:49:28,5/8/2013,13:49:28,NaN,NaN,NaN,NaN,NaN
5/8/2013 13:49:43,5/8/2013,13:49:43,NaN,NaN,NaN,NaN,NaN
5/8/2013 13:49:58,5/8/2013,13:49:58,NaN,NaN,NaN,NaN,NaN
5/8/2013 13:50:13,5/8/2013,13:50:13,NaN,NaN,NaN,NaN,NaN
5/8/2013 13:50:28,5/8/2013,13:50:28,NaN,NaN,NaN,NaN,NaN
5/8/2013 13:50:43,5/8/2013,13:50:43,NaN,NaN,NaN,NaN,NaN
5/8/2013 13:50:58,5/8/2013,13:50:58,NaN,NaN,NaN,NaN,NaN
5/8/2013 13:51:13,5/8/2013,13:51:13,NaN,NaN,NaN,NaN,NaN
5/8/2013 13:51:28,5/8/2013,13:51:28,NaN,NaN,NaN,NaN,NaN
5/8/2013 13:51:43,5/8/2013,13:51:43,NaN,NaN,NaN,NaN,NaN
5/8/2013 13:51:58,5/8/2013,13:51:58,NaN,NaN,NaN,NaN,NaN
5/8/2013 13:52:13,5/8/2013,13:52:13,NaN,NaN,NaN,NaN,NaN
5/8/2013 13:52:28,5/8/2013,13:52:28,NaN,NaN,NaN,NaN,NaN
5/8/2013 13:52:43,5/8/2013,13:52:43,NaN,NaN,NaN,NaN,NaN
5/8/2013 13:52:58,5/8/2013,13:52:58,NaN,NaN,NaN,NaN,NaN
5/8/2013 13:53:13,5/8/2013,13:53:13,NaN,NaN,NaN,NaN,NaN
5/8/2013 13:53:28,5/8/2013,13:53:28,NaN,NaN,NaN,NaN,NaN
5/8/2013 13:53:43,5/8/2013,13:53:43,NaN,NaN,NaN,NaN,NaN
5/8/2013 13:53:58,5/8/2013,13:53:58,NaN,NaN,NaN,NaN,NaN
5/8/2013 13:54:13,5/8/2013,13:54:13,NaN,NaN,NaN,NaN,NaN
5/8/2013 13:54:28,5/8/2013,13:54:28,NaN,NaN,NaN,NaN,NaN
5/8/2013 13:54:43,5/8/2013,13:54:43,NaN,NaN,NaN,NaN,NaN
5/8/2013 13:54:58,5/8/2013,13:54:58,NaN,NaN,NaN,NaN,NaN
5/8/2013 13:55:13,5/8/2013,13:55:13,NaN,NaN,NaN,NaN,NaN
5/8/2013 13:55:28,5/8/2013,13:55:28,NaN,NaN,NaN,NaN,NaN
5/8/2013 13:55:43,5/8/2013,13:55:43,NaN,NaN,NaN,NaN,NaN
5/8/2013 13:55:58,5/8/2013,13:55:58,NaN,NaN,NaN,NaN,NaN
5/8/2013 13:56:13,5/8/2013,13:56:13,NaN,NaN,NaN,NaN,NaN
5/8/2013 13:56:28,5/8/2013,13:56:28,NaN,NaN,NaN,NaN,NaN
5/8/2013 13:56:43,5/8/2013,13:56:43,NaN,NaN,NaN,NaN,NaN
5/8/2013 13:56:58,5/8/2013,13:56:58,NaN,NaN,NaN,NaN,NaN
5/8/2013 13:57:13,5/8/2013,13:57:13,NaN,NaN,NaN,NaN,NaN
5/8/2013 13:57:28,5/8/2013,13:57:28,NaN,NaN,NaN,NaN,NaN
5/8/2013 13:57:43,5/8/2013,13:57:43,NaN,NaN,NaN,NaN,NaN
5/8/2013 13:57:58,5/8/2013,13:57:58,NaN,NaN,NaN,NaN,NaN
5/8/2013 13:58:13,5/8/2013,13:58:13,NaN,NaN,NaN,NaN,NaN
5/8/2013 13:58:28,5/8/2013,13:58:28,NaN,NaN,NaN,NaN,NaN
5/8/2013 13:58:43,5/8/2013,13:58:43,NaN,NaN,NaN,NaN,NaN
5/8/2013 13:58:58,5/8/2013,13:58:58,NaN,NaN,NaN,NaN,NaN
5/8/2013 13:59:13,5/8/2013,13:59:13,NaN,NaN,NaN,NaN,NaN
5/8/2013 13:59:28,5/8/2013,13:59:28,NaN,NaN,NaN,NaN,NaN
5/8/2013 13:59:43,5/8/2013,13:59:43,NaN,NaN,NaN,NaN,NaN
5/8/2013 13:59:58,5/8/2013,13:59:58,NaN,NaN,NaN,NaN,NaN
5/8/2013 14:00:13,5/8/2013,14:00:13,NaN,NaN,NaN,NaN,NaN
5/8/2013 14:00:28,5/8/2013,14:00:28,NaN,NaN,NaN,NaN,NaN
5/8/2013 14:00:43,5/8/2013,14:00:43,NaN,NaN,NaN,NaN,NaN
5/8/2013 14:00:58,5/8/2013,14:00:58,NaN,NaN,NaN,NaN,NaN
5/8/2013 14:01:13,5/8/2013,14:01:13,NaN,NaN,NaN,NaN,NaN
5/8/2013 14:01:28,5/8/2013,14:01:28,NaN,NaN,NaN,NaN,NaN
5/8/2013 14:01:43,5/8/2013,14:01:43,NaN,NaN,NaN,NaN,NaN
5/8/2013 14:01:58,5/8/2013,14:01:58,NaN,NaN,NaN,NaN,NaN
5/8/2013 14:02:13,5/8/2013,14:02:13,NaN,NaN,NaN,NaN,NaN
5/8/2013 14:02:28,5/8/2013,14:02:28,NaN,NaN,NaN,NaN,NaN
5/8/2013 14:02:43,5/8/2013,14:02:43,NaN,NaN,NaN,NaN,NaN
5/8/2013 14:02:58,5/8/2013,14:02:58,NaN,NaN,NaN,NaN,NaN
5/8/2013 14:03:13,5/8/2013,14:03:13,NaN,NaN,NaN,NaN,NaN
5/8/2013 14:03:28,5/8/2013,14:03:28,NaN,NaN,NaN,NaN,NaN
5/8/2013 14:03:43,5/8/2013,14:03:43,NaN,NaN,NaN,NaN,NaN
5/8/2013 14:03:58,5/8/2013,14:03:58,NaN,NaN,NaN,NaN,NaN
5/8/2013 14:04:13,5/8/2013,14:04:13,NaN,NaN,NaN,NaN,NaN
5/8/2013 14:04:28,5/8/2013,14:04:28,NaN,NaN,NaN,NaN,NaN
5/8/2013 14:04:43,5/8/2013,14:04:43,NaN,NaN,NaN,NaN,NaN
5/8/2013 14:04:58,5/8/2013,14:04:58,NaN,NaN,NaN,NaN,NaN
5/8/2013 14:05:13,5/8/2013,14:05:13,NaN,NaN,NaN,NaN,NaN
5/8/2013 14:05:28,5/8/2013,14:05:28,NaN,NaN,NaN,NaN,NaN
5/8/2013 14:05:43,5/8/2013,14:05:43,NaN,NaN,NaN,NaN,NaN
5/8/2013 14:05:58,5/8/2013,14:05:58,NaN,NaN,NaN,NaN,NaN
5/8/2013 14:06:13,5/8/2013,14:06:13,NaN,NaN,NaN,NaN,NaN
5/8/2013 14:06:28,5/8/2013,14:06:28,NaN,NaN,NaN,NaN,NaN
5/8/2013 14:06:43,5/8/2013,14:06:43,NaN,NaN,NaN,NaN,NaN
5/8/2013 14:06:58,5/8/2013,14:06:58,NaN,NaN,NaN,NaN,NaN
5/8/2013 14:07:13,5/8/2013,14:07:13,NaN,NaN,NaN,NaN,NaN
5/8/2013 14:07:28,5/8/2013,14:07:28,NaN,NaN,NaN,NaN,NaN
5/8/2013 14:07:43,5/8/2013,14:07:43,NaN,NaN,NaN,NaN,NaN
5/8/2013 14:07:58,5/8/2013,14:07:58,NaN,NaN,NaN,NaN,NaN
5/8/2013 14:08:13,5/8/2013,14:08:13,NaN,NaN,NaN,NaN,NaN
5/8/2013 14:08:28,5/8/2013,14:08:28,NaN,NaN,NaN,NaN,NaN
5/8/2013 14:08:43,5/8/2013,14:08:43,NaN,NaN,NaN,NaN,NaN
5/8/2013 14:08:58,5/8/2013,14:08:58,NaN,NaN,NaN,NaN,NaN
5/8/2013 14:09:13,5/8/2013,14:09:13,NaN,NaN,NaN,NaN,NaN
5/8/2013 14:09:28,5/8/2013,14:09:28,NaN,NaN,NaN,NaN,NaN
5/8/2013 14:09:43,5/8/2013,14:09:43,NaN,NaN,NaN,NaN,NaN
5/8/2013 14:09:58,5/8/2013,14:09:58,NaN,NaN,NaN,NaN,NaN
5/8/2013 14:10:13,5/8/2013,14:10:13,NaN,NaN,NaN,NaN,NaN
5/8/2013 14:10:28,5/8/2013,14:10:28,NaN,NaN,NaN,NaN,NaN
5/8/2013 14:10:43,5/8/2013,14:10:43,NaN,NaN,NaN,NaN,NaN
5/8/2013 14:10:58,5/8/2013,14:10:58,NaN,NaN,NaN,NaN,NaN
5/8/2013 14:11:13,5/8/2013,14:11:13,NaN,NaN,NaN,NaN,NaN
5/8/2013 14:11:28,5/8/2013,14:11:28,NaN,NaN,NaN,NaN,NaN
5/8/2013 14:11:43,5/8/2013,14:11:43,NaN,NaN,NaN,NaN,NaN
5/8/2013 14:11:58,5/8/2013,14:11:58,NaN,NaN,NaN,NaN,NaN
5/8/2013 14:12:13,5/8/2013,14:12:13,NaN,NaN,NaN,NaN,NaN
5/8/2013 14:12:28,5/8/2013,14:12:28,NaN,NaN,NaN,NaN,NaN
5/8/2013 14:12:43,5/8/2013,14:12:43,NaN,NaN,NaN,NaN,NaN
5/8/2013 14:12:58,5/8/2013,14:12:58,NaN,NaN,NaN,NaN,NaN
5/8/2013 14:13:13,5/8/2013,14:13:13,NaN,NaN,NaN,NaN,NaN
5/8/2013 14:13:28,5/8/2013,14:13:28,NaN,NaN,NaN,NaN,NaN
5/8/2013 14:13:43,5/8/2013,14:13:43,NaN,NaN,NaN,NaN,NaN
5/8/2013 14:13:58,5/8/2013,14:13:58,NaN,NaN,NaN,NaN,NaN
5/8/2013 14:14:13,5/8/2013,14:14:13,NaN,NaN,NaN,NaN,NaN
5/8/2013 14:14:28,5/8/2013,14:14:28,NaN,NaN,NaN,NaN,NaN
5/8/2013 14:14:43,5/8/2013,14:14:43,NaN,NaN,NaN,NaN,NaN
5/8/2013 14:14:58,5/8/2013,14:14:58,NaN,NaN,NaN,NaN,NaN
5/8/2013 14:15:13,5/8/2013,14:15:13,NaN,NaN,NaN,NaN,NaN
5/8/2013 14:15:28,5/8/2013,14:15:28,NaN,NaN,NaN,NaN,NaN
5/8/2013 14:15:43,5/8/2013,14:15:43,NaN,NaN,NaN,NaN,NaN
5/8/2013 14:15:58,5/8/2013,14:15:58,NaN,NaN,NaN,NaN,NaN
5/8/2013 14:16:13,5/8/2013,14:16:13,NaN,NaN,NaN,NaN,NaN
5/8/2013 14:16:28,5/8/2013,14:16:28,NaN,NaN,NaN,NaN,NaN
5/8/2013 14:16:43,5/8/2013,14:16:43,NaN,NaN,NaN,NaN,NaN
5/8/2013 14:16:58,5/8/2013,14:16:58,NaN,NaN,NaN,NaN,NaN
5/8/2013 14:17:13,5/8/2013,14:17:13,NaN,NaN,NaN,NaN,NaN
5/8/2013 14:17:28,5/8/2013,14:17:28,NaN,NaN,NaN,NaN,NaN
5/8/2013 14:17:43,5/8/2013,14:17:43,NaN,NaN,NaN,NaN,NaN
5/8/2013 14:17:58,5/8/2013,14:17:58,NaN,NaN,NaN,NaN,NaN
5/8/2013 14:18:13,5/8/2013,14:18:13,NaN,NaN,NaN,NaN,NaN
5/8/2013 14:18:28,5/8/2013,14:18:28,NaN,NaN,NaN,NaN,NaN
5/8/2013 14:18:43,5/8/2013,14:18:43,NaN,NaN,NaN,NaN,NaN
5/8/2013 14:18:58,5/8/2013,14:18:58,NaN,NaN,NaN,NaN,NaN
5/8/2013 14:19:13,5/8/2013,14:19:13,NaN,NaN,NaN,NaN,NaN
5/8/2013 14:19:28,5/8/2013,14:19:28,NaN,NaN,NaN,NaN,NaN
5/8/2013 14:19:43,5/8/2013,14:19:43,NaN,NaN,NaN,NaN,NaN
5/8/2013 14:19:58,5/8/2013,14:19:58,NaN,NaN,NaN,NaN,NaN
5/8/2013 14:20:13,5/8/2013,14:20:13,NaN,NaN,NaN,NaN,NaN
5/8/2013 14:20:28,5/8/2013,14:20:28,NaN,NaN,NaN,NaN,NaN
5/8/2013 14:20:43,5/8/2013,14:20:43,NaN,NaN,NaN,NaN,NaN
5/8/2013 14:20:58,5/8/2013,14:20:58,NaN,NaN,NaN,NaN,NaN
5/8/2013 14:21:13,5/8/2013,14:21:13,NaN,NaN,NaN,NaN,NaN
5/8/2013 14:21:28,5/8/2013,14:21:28,NaN,NaN,NaN,NaN,NaN
5/8/2013 14:21:43,5/8/2013,14:21:43,NaN,NaN,NaN,NaN,NaN
5/8/2013 14:21:58,5/8/2013,14:21:58,NaN,NaN,NaN,NaN,NaN
5/8/2013 14:22:13,5/8/2013,14:22:13,NaN,NaN,NaN,NaN,NaN
5/8/2013 14:22:28,5/8/2013,14:22:28,NaN,NaN,NaN,NaN,NaN
5/8/2013 14:22:43,5/8/2013,14:22:43,NaN,NaN,NaN,NaN,NaN
5/8/2013 14:22:58,5/8/2013,14:22:58,NaN,NaN,NaN,NaN,NaN
5/8/2013 14:23:13,5/8/2013,14:23:13,NaN,NaN,NaN,NaN,NaN
5/8/2013 14:23:28,5/8/2013,14:23:28,NaN,NaN,NaN,NaN,NaN
5/8/2013 14:23:43,5/8/2013,14:23:43,NaN,NaN,NaN,NaN,NaN
5/8/2013 14:23:58,5/8/2013,14:23:58,NaN,NaN,NaN,NaN,NaN
5/8/2013 14:24:13,5/8/2013,14:24:13,NaN,NaN,NaN,NaN,NaN
5/8/2013 14:24:28,5/8/2013,14:24:28,NaN,NaN,NaN,NaN,NaN
5/8/2013 14:24:43,5/8/2013,14:24:43,NaN,NaN,NaN,NaN,NaN
5/8/2013 14:24:58,5/8/2013,14:24:58,NaN,NaN,NaN,NaN,NaN
5/8/2013 14:25:13,5/8/2013,14:25:13,NaN,NaN,NaN,NaN,NaN
5/8/2013 14:25:28,5/8/2013,14:25:28,NaN,NaN,NaN,NaN,NaN
5/8/2013 14:25:43,5/8/2013,14:25:43,NaN,NaN,NaN,NaN,NaN
5/8/2013 14:25:58,5/8/2013,14:25:58,NaN,NaN,NaN,NaN,NaN
5/8/2013 14:26:13,5/8/2013,14:26:13,NaN,NaN,NaN,NaN,NaN
5/8/2013 14:26:28,5/8/2013,14:26:28,NaN,NaN,NaN,NaN,NaN
5/8/2013 14:26:43,5/8/2013,14:26:43,NaN,NaN,NaN,NaN,NaN
5/8/2013 14:26:58,5/8/2013,14:26:58,NaN,NaN,NaN,NaN,NaN
5/8/2013 14:27:13,5/8/2013,14:27:13,NaN,NaN,NaN,NaN,NaN
5/8/2013 14:27:28,5/8/2013,14:27:28,NaN,NaN,NaN,NaN,NaN
5/8/2013 14:27:43,5/8/2013,14:27:43,NaN,NaN,NaN,NaN,NaN
5/8/2013 14:27:58,5/8/2013,14:27:58,NaN,NaN,NaN,NaN,NaN
5/8/2013 14:28:13,5/8/2013,14:28:13,NaN,NaN,NaN,NaN,NaN
5/8/2013 14:28:28,5/8/2013,14:28:28,NaN,NaN,NaN,NaN,NaN
5/8/2013 14:28:43,5/8/2013,14:28:43,NaN,NaN,NaN,NaN,NaN
5/8/2013 14:28:58,5/8/2013,14:28:58,NaN,NaN,NaN,NaN,NaN
5/8/2013 14:29:13,5/8/2013,14:29:13,NaN,NaN,NaN,NaN,NaN
5/8/2013 14:29:28,5/8/2013,14:29:28,NaN,NaN,NaN,NaN,NaN
5/8/2013 14:29:43,5/8/2013,14:29:43,NaN,NaN,NaN,NaN,NaN
5/8/2013 14:29:58,5/8/2013,14:29:58,NaN,NaN,NaN,NaN,NaN
5/8/2013 14:30:13,5/8/2013,14:30:13,NaN,NaN,NaN,NaN,NaN
5/8/2013 14:30:28,5/8/2013,14:30:28,NaN,NaN,NaN,NaN,NaN
5/8/2013 14:30:43,5/8/2013,14:30:43,NaN,NaN,NaN,NaN,NaN
5/8/2013 14:30:58,5/8/2013,14:30:58,NaN,NaN,NaN,NaN,NaN
5/8/2013 14:31:13,5/8/2013,14:31:13,NaN,NaN,NaN,NaN,NaN
5/8/2013 14:31:28,5/8/2013,14:31:28,NaN,NaN,NaN,NaN,NaN
5/8/2013 14:31:43,5/8/2013,14:31:43,NaN,NaN,NaN,NaN,NaN
5/8/2013 14:31:58,5/8/2013,14:31:58,NaN,NaN,NaN,NaN,NaN
5/8/2013 14:32:13,5/8/2013,14:32:13,NaN,NaN,NaN,NaN,NaN
5/8/2013 14:32:28,5/8/2013,14:32:28,NaN,NaN,NaN,NaN,NaN
5/8/2013 14:32:43,5/8/2013,14:32:43,NaN,NaN,NaN,NaN,NaN
5/8/2013 14:32:58,5/8/2013,14:32:58,NaN,NaN,NaN,NaN,NaN
5/8/2013 14:33:13,5/8/2013,14:33:13,NaN,NaN,NaN,NaN,NaN
5/8/2013 14:33:28,5/8/2013,14:33:28,NaN,NaN,NaN,NaN,NaN
5/8/2013 14:33:43,5/8/2013,14:33:43,NaN,NaN,NaN,NaN,NaN
5/8/2013 14:33:58,5/8/2013,14:33:58,NaN,NaN,NaN,NaN,NaN
5/8/2013 14:34:13,5/8/2013,14:34:13,NaN,NaN,NaN,NaN,NaN
5/8/2013 14:34:28,5/8/2013,14:34:28,NaN,NaN,NaN,NaN,NaN
5/8/2013 14:34:43,5/8/2013,14:34:43,NaN,NaN,NaN,NaN,NaN
5/8/2013 14:34:58,5/8/2013,14:34:58,NaN,NaN,NaN,NaN,NaN
5/8/2013 14:35:13,5/8/2013,14:35:13,NaN,NaN,NaN,NaN,NaN
5/8/2013 14:35:28,5/8/2013,14:35:28,NaN,NaN,NaN,NaN,NaN
5/8/2013 14:35:43,5/8/2013,14:35:43,NaN,NaN,NaN,NaN,NaN
5/8/2013 14:35:58,5/8/2013,14:35:58,NaN,NaN,NaN,NaN,NaN
5/8/2013 14:36:13,5/8/2013,14:36:13,NaN,NaN,NaN,NaN,NaN
5/8/2013 14:36:28,5/8/2013,14:36:28,NaN,NaN,NaN,NaN,NaN
5/8/2013 14:36:43,5/8/2013,14:36:43,NaN,NaN,NaN,NaN,NaN
5/8/2013 14:36:58,5/8/2013,14:36:58,NaN,NaN,NaN,NaN,NaN
5/8/2013 14:37:13,5/8/2013,14:37:13,NaN,NaN,NaN,NaN,NaN
5/8/2013 14:37:28,5/8/2013,14:37:28,NaN,NaN,NaN,NaN,NaN
5/8/2013 14:37:43,5/8/2013,14:37:43,NaN,NaN,NaN,NaN,NaN
5/8/2013 14:37:58,5/8/2013,14:37:58,NaN,NaN,NaN,NaN,NaN
5/8/2013 14:38:13,5/8/2013,14:38:13,NaN,NaN,NaN,NaN,NaN
5/8/2013 14:38:28,5/8/2013,14:38:28,NaN,NaN,NaN,NaN,NaN
5/8/2013 14:38:43,5/8/2013,14:38:43,NaN,NaN,NaN,NaN,NaN
5/8/2013 14:38:58,5/8/2013,14:38:58,NaN,NaN,NaN,NaN,NaN
5/8/2013 14:39:13,5/8/2013,14:39:13,NaN,NaN,NaN,NaN,NaN
5/8/2013 14:39:28,5/8/2013,14:39:28,NaN,NaN,NaN,NaN,NaN
5/8/2013 14:39:43,5/8/2013,14:39:43,NaN,NaN,NaN,NaN,NaN
5/8/2013 14:39:58,5/8/2013,14:39:58,NaN,NaN,NaN,NaN,NaN
5/8/2013 14:40:13,5/8/2013,14:40:13,NaN,NaN,NaN,NaN,NaN
5/8/2013 14:40:28,5/8/2013,14:40:28,NaN,NaN,NaN,NaN,NaN
5/8/2013 14:40:43,5/8/2013,14:40:43,NaN,NaN,NaN,NaN,NaN
5/8/2013 14:40:58,5/8/2013,14:40:58,NaN,NaN,NaN,NaN,NaN
5/8/2013 14:41:13,5/8/2013,14:41:13,NaN,NaN,NaN,NaN,NaN
5/8/2013 14:41:28,5/8/2013,14:41:28,NaN,NaN,NaN,NaN,NaN
5/8/2013 14:41:43,5/8/2013,14:41:43,NaN,NaN,NaN,NaN,NaN
5/8/2013 14:41:58,5/8/2013,14:41:58,NaN,NaN,NaN,NaN,NaN
5/8/2013 14:42:13,5/8/2013,14:42:13,NaN,NaN,NaN,NaN,NaN
5/8/2013 14:42:28,5/8/2013,14:42:28,NaN,NaN,NaN,NaN,NaN
5/8/2013 14:42:43,5/8/2013,14:42:43,NaN,NaN,NaN,NaN,NaN
5/8/2013 14:42:58,5/8/2013,14:42:58,NaN,NaN,NaN,NaN,NaN
5/8/2013 14:43:13,5/8/2013,14:43:13,NaN,NaN,NaN,NaN,NaN
5/8/2013 14:43:28,5/8/2013,14:43:28,NaN,NaN,NaN,NaN,NaN
5/8/2013 14:43:43,5/8/2013,14:43:43,NaN,NaN,NaN,NaN,NaN
5/8/2013 14:43:58,5/8/2013,14:43:58,NaN,NaN,NaN,NaN,NaN
5/8/2013 14:44:13,5/8/2013,14:44:13,NaN,NaN,NaN,NaN,NaN
5/8/2013 14:44:28,5/8/2013,14:44:28,NaN,NaN,NaN,NaN,NaN
5/8/2013 14:44:43,5/8/2013,14:44:43,NaN,NaN,NaN,NaN,NaN
5/8/2013 14:44:58,5/8/2013,14:44:58,NaN,NaN,NaN,NaN,NaN
5/8/2013 14:45:13,5/8/2013,14:45:13,NaN,NaN,NaN,NaN,NaN
5/8/2013 14:45:28,5/8/2013,14:45:28,NaN,NaN,NaN,NaN,NaN
5/8/2013 14:45:43,5/8/2013,14:45:43,NaN,NaN,NaN,NaN,NaN
5/8/2013 14:45:58,5/8/2013,14:45:58,NaN,NaN,NaN,NaN,NaN
5/8/2013 14:46:13,5/8/2013,14:46:13,NaN,NaN,NaN,NaN,NaN
5/8/2013 14:46:28,5/8/2013,14:46:28,NaN,NaN,NaN,NaN,NaN
5/8/2013 14:46:43,5/8/2013,14:46:43,NaN,NaN,NaN,NaN,NaN
5/8/2013 14:46:58,5/8/2013,14:46:58,NaN,NaN,NaN,NaN,NaN
5/8/2013 14:47:13,5/8/2013,14:47:13,NaN,NaN,NaN,NaN,NaN
5/8/2013 14:47:28,5/8/2013,14:47:28,NaN,NaN,NaN,NaN,NaN
5/8/2013 14:47:43,5/8/2013,14:47:43,NaN,NaN,NaN,NaN,NaN
5/8/2013 14:47:58,5/8/2013,14:47:58,NaN,NaN,NaN,NaN,NaN
5/8/2013 14:48:13,5/8/2013,14:48:13,NaN,NaN,NaN,NaN,NaN
5/8/2013 14:48:28,5/8/2013,14:48:28,NaN,NaN,NaN,NaN,NaN
5/8/2013 14:48:43,5/8/2013,14:48:43,NaN,NaN,NaN,NaN,NaN
5/8/2013 14:48:58,5/8/2013,14:48:58,NaN,NaN,NaN,NaN,NaN
5/8/2013 14:49:13,5/8/2013,14:49:13,NaN,NaN,NaN,NaN,NaN
5/8/2013 14:49:28,5/8/2013,14:49:28,NaN,NaN,NaN,NaN,NaN
5/8/2013 14:49:43,5/8/2013,14:49:43,NaN,NaN,NaN,NaN,NaN
5/8/2013 14:49:58,5/8/2013,14:49:58,NaN,NaN,NaN,NaN,NaN
5/8/2013 14:50:13,5/8/2013,14:50:13,NaN,NaN,NaN,NaN,NaN
5/8/2013 14:50:28,5/8/2013,14:50:28,NaN,NaN,NaN,NaN,NaN
5/8/2013 14:50:43,5/8/2013,14:50:43,NaN,NaN,NaN,NaN,NaN
5/8/2013 14:50:58,5/8/2013,14:50:58,NaN,NaN,NaN,NaN,NaN
5/8/2013 14:51:13,5/8/2013,14:51:13,NaN,NaN,NaN,NaN,NaN
5/8/2013 14:51:28,5/8/2013,14:51:28,NaN,NaN,NaN,NaN,NaN
5/8/2013 14:51:43,5/8/2013,14:51:43,NaN,NaN,NaN,NaN,NaN
5/8/2013 14:51:58,5/8/2013,14:51:58,NaN,NaN,NaN,NaN,NaN
5/8/2013 14:52:13,5/8/2013,14:52:13,NaN,NaN,NaN,NaN,NaN
5/8/2013 14:52:28,5/8/2013,14:52:28,NaN,NaN,NaN,NaN,NaN
5/8/2013 14:52:43,5/8/2013,14:52:43,NaN,NaN,NaN,NaN,NaN
5/8/2013 14:52:58,5/8/2013,14:52:58,NaN,NaN,NaN,NaN,NaN
5/8/2013 14:53:13,5/8/2013,14:53:13,NaN,NaN,NaN,NaN,NaN
5/8/2013 14:53:28,5/8/2013,14:53:28,NaN,NaN,NaN,NaN,NaN
5/8/2013 14:53:43,5/8/2013,14:53:43,NaN,NaN,NaN,NaN,NaN
5/8/2013 14:53:58,5/8/2013,14:53:58,NaN,NaN,NaN,NaN,NaN
5/8/2013 14:54:13,5/8/2013,14:54:13,NaN,NaN,NaN,NaN,NaN
5/8/2013 14:54:28,5/8/2013,14:54:28,NaN,NaN,NaN,NaN,NaN
5/8/2013 14:54:43,5/8/2013,14:54:43,NaN,NaN,NaN,NaN,NaN
5/8/2013 14:54:58,5/8/2013,14:54:58,NaN,NaN,NaN,NaN,NaN
5/8/2013 14:55:13,5/8/2013,14:55:13,NaN,NaN,NaN,NaN,NaN
5/8/2013 14:55:28,5/8/2013,14:55:28,NaN,NaN,NaN,NaN,NaN
5/8/2013 14:55:43,5/8/2013,14:55:43,NaN,NaN,NaN,NaN,NaN
5/8/2013 14:55:58,5/8/2013,14:55:58,NaN,NaN,NaN,NaN,NaN
5/8/2013 14:56:13,5/8/2013,14:56:13,NaN,NaN,NaN,NaN,NaN
5/8/2013 14:56:28,5/8/2013,14:56:28,NaN,NaN,NaN,NaN,NaN
5/8/2013 14:56:43,5/8/2013,14:56:43,NaN,NaN,NaN,NaN,NaN
5/8/2013 14:56:58,5/8/2013,14:56:58,NaN,NaN,NaN,NaN,NaN
5/8/2013 14:57:13,5/8/2013,14:57:13,NaN,NaN,NaN,NaN,NaN
5/8/2013 14:57:28,5/8/2013,14:57:28,NaN,NaN,NaN,NaN,NaN
5/8/2013 14:57:43,5/8/2013,14:57:43,NaN,NaN,NaN,NaN,NaN
5/8/2013 14:57:58,5/8/2013,14:57:58,NaN,NaN,NaN,NaN,NaN
5/8/2013 14:58:13,5/8/2013,14:58:13,NaN,NaN,NaN,NaN,NaN
5/8/2013 14:58:28,5/8/2013,14:58:28,NaN,NaN,NaN,NaN,NaN
5/8/2013 14:58:43,5/8/2013,14:58:43,NaN,NaN,NaN,NaN,NaN
5/8/2013 14:58:58,5/8/2013,14:58:58,NaN,NaN,NaN,NaN,NaN
5/8/2013 14:59:13,5/8/2013,14:59:13,NaN,NaN,NaN,NaN,NaN
5/8/2013 14:59:28,5/8/2013,14:59:28,NaN,NaN,NaN,NaN,NaN
5/8/2013 14:59:43,5/8/2013,14:59:43,NaN,NaN,NaN,NaN,NaN
5/8/2013 14:59:58,5/8/2013,14:59:58,NaN,NaN,NaN,NaN,NaN
5/8/2013 15:00:13,5/8/2013,15:00:13,NaN,NaN,NaN,NaN,NaN
5/8/2013 15:00:28,5/8/2013,15:00:28,NaN,NaN,NaN,NaN,NaN
5/8/2013 15:00:43,5/8/2013,15:00:43,NaN,NaN,NaN,NaN,NaN
5/8/2013 15:00:58,5/8/2013,15:00:58,NaN,NaN,NaN,NaN,NaN
5/8/2013 15:01:13,5/8/2013,15:01:13,NaN,NaN,NaN,NaN,NaN
5/8/2013 15:01:28,5/8/2013,15:01:28,NaN,NaN,NaN,NaN,NaN
5/8/2013 15:01:43,5/8/2013,15:01:43,NaN,NaN,NaN,NaN,NaN
5/8/2013 15:01:58,5/8/2013,15:01:58,NaN,NaN,NaN,NaN,NaN
5/8/2013 15:02:13,5/8/2013,15:02:13,NaN,NaN,NaN,NaN,NaN
5/8/2013 15:02:28,5/8/2013,15:02:28,NaN,NaN,NaN,NaN,NaN
5/8/2013 15:02:43,5/8/2013,15:02:43,NaN,NaN,NaN,NaN,NaN
5/8/2013 15:02:58,5/8/2013,15:02:58,NaN,NaN,NaN,NaN,NaN
5/8/2013 15:03:13,5/8/2013,15:03:13,NaN,NaN,NaN,NaN,NaN
5/8/2013 15:03:28,5/8/2013,15:03:28,NaN,NaN,NaN,NaN,NaN
5/8/2013 15:03:43,5/8/2013,15:03:43,NaN,NaN,NaN,NaN,NaN
5/8/2013 15:03:58,5/8/2013,15:03:58,NaN,NaN,NaN,NaN,NaN
5/8/2013 15:04:13,5/8/2013,15:04:13,NaN,NaN,NaN,NaN,NaN
5/8/2013 15:04:28,5/8/2013,15:04:28,NaN,NaN,NaN,NaN,NaN
5/8/2013 15:04:43,5/8/2013,15:04:43,NaN,NaN,NaN,NaN,NaN
5/8/2013 15:04:58,5/8/2013,15:04:58,NaN,NaN,NaN,NaN,NaN
5/8/2013 15:05:13,5/8/2013,15:05:13,NaN,NaN,NaN,NaN,NaN
5/8/2013 15:05:28,5/8/2013,15:05:28,NaN,NaN,NaN,NaN,NaN
5/8/2013 15:05:43,5/8/2013,15:05:43,NaN,NaN,NaN,NaN,NaN
5/8/2013 15:05:58,5/8/2013,15:05:58,NaN,NaN,NaN,NaN,NaN
5/8/2013 15:06:13,5/8/2013,15:06:13,NaN,NaN,NaN,NaN,NaN
5/8/2013 15:06:28,5/8/2013,15:06:28,NaN,NaN,NaN,NaN,NaN
5/8/2013 15:06:43,5/8/2013,15:06:43,NaN,NaN,NaN,NaN,NaN
5/8/2013 15:06:58,5/8/2013,15:06:58,NaN,NaN,NaN,NaN,NaN
5/8/2013 15:07:13,5/8/2013,15:07:13,NaN,NaN,NaN,NaN,NaN
5/8/2013 15:07:28,5/8/2013,15:07:28,NaN,NaN,NaN,NaN,NaN
5/8/2013 15:07:43,5/8/2013,15:07:43,NaN,NaN,NaN,NaN,NaN
5/8/2013 15:07:58,5/8/2013,15:07:58,NaN,NaN,NaN,NaN,NaN
5/8/2013 15:08:13,5/8/2013,15:08:13,NaN,NaN,NaN,NaN,NaN
5/8/2013 15:08:28,5/8/2013,15:08:28,NaN,NaN,NaN,NaN,NaN
5/8/2013 15:08:43,5/8/2013,15:08:43,NaN,NaN,NaN,NaN,NaN
5/8/2013 15:08:58,5/8/2013,15:08:58,NaN,NaN,NaN,NaN,NaN
5/8/2013 15:09:13,5/8/2013,15:09:13,NaN,NaN,NaN,NaN,NaN
5/8/2013 15:09:28,5/8/2013,15:09:28,NaN,NaN,NaN,NaN,NaN
5/8/2013 15:09:43,5/8/2013,15:09:43,NaN,NaN,NaN,NaN,NaN
5/8/2013 15:09:58,5/8/2013,15:09:58,NaN,NaN,NaN,NaN,NaN
5/8/2013 15:10:13,5/8/2013,15:10:13,NaN,NaN,NaN,NaN,NaN
5/8/2013 15:10:28,5/8/2013,15:10:28,NaN,NaN,NaN,NaN,NaN
5/8/2013 15:10:43,5/8/2013,15:10:43,NaN,NaN,NaN,NaN,NaN
5/8/2013 15:10:58,5/8/2013,15:10:58,NaN,NaN,NaN,NaN,NaN
5/8/2013 15:11:13,5/8/2013,15:11:13,NaN,NaN,NaN,NaN,NaN
5/8/2013 15:11:28,5/8/2013,15:11:28,NaN,NaN,NaN,NaN,NaN
5/8/2013 15:11:43,5/8/2013,15:11:43,NaN,NaN,NaN,NaN,NaN
5/8/2013 15:11:58,5/8/2013,15:11:58,NaN,NaN,NaN,NaN,NaN
5/8/2013 15:12:13,5/8/2013,15:12:13,NaN,NaN,NaN,NaN,NaN
5/8/2013 15:12:28,5/8/2013,15:12:28,NaN,NaN,NaN,NaN,NaN
5/8/2013 15:12:43,5/8/2013,15:12:43,NaN,NaN,NaN,NaN,NaN
5/8/2013 15:12:58,5/8/2013,15:12:58,NaN,NaN,NaN,NaN,NaN
5/8/2013 15:13:13,5/8/2013,15:13:13,NaN,NaN,NaN,NaN,NaN
5/8/2013 15:13:28,5/8/2013,15:13:28,NaN,NaN,NaN,NaN,NaN
5/8/2013 15:13:43,5/8/2013,15:13:43,NaN,NaN,NaN,NaN,NaN
5/8/2013 15:13:58,5/8/2013,15:13:58,NaN,NaN,NaN,NaN,NaN
5/8/2013 15:14:13,5/8/2013,15:14:13,NaN,NaN,NaN,NaN,NaN
5/8/2013 15:14:28,5/8/2013,15:14:28,NaN,NaN,NaN,NaN,NaN
5/8/2013 15:14:43,5/8/2013,15:14:43,NaN,NaN,NaN,NaN,NaN
5/8/2013 15:14:58,5/8/2013,15:14:58,NaN,NaN,NaN,NaN,NaN
5/8/2013 15:15:13,5/8/2013,15:15:13,NaN,NaN,NaN,NaN,NaN
5/8/2013 15:15:28,5/8/2013,15:15:28,NaN,NaN,NaN,NaN,NaN
5/8/2013 15:15:43,5/8/2013,15:15:43,NaN,NaN,NaN,NaN,NaN
5/8/2013 15:15:58,5/8/2013,15:15:58,NaN,NaN,NaN,NaN,NaN
5/8/2013 15:16:13,5/8/2013,15:16:13,NaN,NaN,NaN,NaN,NaN
5/8/2013 15:16:28,5/8/2013,15:16:28,NaN,NaN,NaN,NaN,NaN
5/8/2013 15:16:43,5/8/2013,15:16:43,NaN,NaN,NaN,NaN,NaN
5/8/2013 15:16:58,5/8/2013,15:16:58,NaN,NaN,NaN,NaN,NaN
5/8/2013 15:17:13,5/8/2013,15:17:13,NaN,NaN,NaN,NaN,NaN
5/8/2013 15:17:28,5/8/2013,15:17:28,NaN,NaN,NaN,NaN,NaN
5/8/2013 15:17:43,5/8/2013,15:17:43,NaN,NaN,NaN,NaN,NaN
5/8/2013 15:17:58,5/8/2013,15:17:58,NaN,NaN,NaN,NaN,NaN
5/8/2013 15:18:13,5/8/2013,15:18:13,NaN,NaN,NaN,NaN,NaN
5/8/2013 15:18:28,5/8/2013,15:18:28,NaN,NaN,NaN,NaN,NaN
5/8/2013 15:18:43,5/8/2013,15:18:43,NaN,NaN,NaN,NaN,NaN
5/8/2013 15:18:58,5/8/2013,15:18:58,NaN,NaN,NaN,NaN,NaN
5/8/2013 15:19:13,5/8/2013,15:19:13,NaN,NaN,NaN,NaN,NaN
5/8/2013 15:19:28,5/8/2013,15:19:28,NaN,NaN,NaN,NaN,NaN
5/8/2013 15:19:43,5/8/2013,15:19:43,NaN,NaN,NaN,NaN,NaN
5/8/2013 15:19:58,5/8/2013,15:19:58,NaN,NaN,NaN,NaN,NaN
5/8/2013 15:20:13,5/8/2013,15:20:13,NaN,NaN,NaN,NaN,NaN
5/8/2013 15:20:28,5/8/2013,15:20:28,NaN,NaN,NaN,NaN,NaN
5/8/2013 15:20:43,5/8/2013,15:20:43,NaN,NaN,NaN,NaN,NaN
5/8/2013 15:20:58,5/8/2013,15:20:58,NaN,NaN,NaN,NaN,NaN
5/8/2013 15:21:13,5/8/2013,15:21:13,NaN,NaN,NaN,NaN,NaN
5/8/2013 15:21:28,5/8/2013,15:21:28,NaN,NaN,NaN,NaN,NaN
5/8/2013 15:21:43,5/8/2013,15:21:43,NaN,NaN,NaN,NaN,NaN
5/8/2013 15:21:58,5/8/2013,15:21:58,NaN,NaN,NaN,NaN,NaN
5/8/2013 15:22:13,5/8/2013,15:22:13,NaN,NaN,NaN,NaN,NaN
5/8/2013 15:22:28,5/8/2013,15:22:28,NaN,NaN,NaN,NaN,NaN
5/8/2013 15:22:43,5/8/2013,15:22:43,NaN,NaN,NaN,NaN,NaN
5/8/2013 15:22:58,5/8/2013,15:22:58,NaN,NaN,NaN,NaN,NaN
5/8/2013 15:23:13,5/8/2013,15:23:13,NaN,NaN,NaN,NaN,NaN
5/8/2013 15:23:28,5/8/2013,15:23:28,NaN,NaN,NaN,NaN,NaN
5/8/2013 15:23:43,5/8/2013,15:23:43,NaN,NaN,NaN,NaN,NaN
5/8/2013 15:23:58,5/8/2013,15:23:58,NaN,NaN,NaN,NaN,NaN
5/8/2013 15:24:13,5/8/2013,15:24:13,NaN,NaN,NaN,NaN,NaN
5/8/2013 15:24:28,5/8/2013,15:24:28,NaN,NaN,NaN,NaN,NaN
5/8/2013 15:24:43,5/8/2013,15:24:43,NaN,NaN,NaN,NaN,NaN
5/8/2013 15:24:58,5/8/2013,15:24:58,NaN,NaN,NaN,NaN,NaN
5/8/2013 15:25:13,5/8/2013,15:25:13,NaN,NaN,NaN,NaN,NaN
5/8/2013 15:25:28,5/8/2013,15:25:28,NaN,NaN,NaN,NaN,NaN
5/8/2013 15:25:43,5/8/2013,15:25:43,NaN,NaN,NaN,NaN,NaN
5/8/2013 15:25:58,5/8/2013,15:25:58,NaN,NaN,NaN,NaN,NaN
5/8/2013 15:26:13,5/8/2013,15:26:13,NaN,NaN,NaN,NaN,NaN
5/8/2013 15:26:28,5/8/2013,15:26:28,NaN,NaN,NaN,NaN,NaN
5/8/2013 15:26:43,5/8/2013,15:26:43,NaN,NaN,NaN,NaN,NaN
5/8/2013 15:26:58,5/8/2013,15:26:58,NaN,NaN,NaN,NaN,NaN
5/8/2013 15:27:13,5/8/2013,15:27:13,NaN,NaN,NaN,NaN,NaN
5/8/2013 15:27:28,5/8/2013,15:27:28,NaN,NaN,NaN,NaN,NaN
5/8/2013 15:27:43,5/8/2013,15:27:43,NaN,NaN,NaN,NaN,NaN
5/8/2013 15:27:58,5/8/2013,15:27:58,NaN,NaN,NaN,NaN,NaN
5/8/2013 15:28:13,5/8/2013,15:28:13,NaN,NaN,NaN,NaN,NaN
5/8/2013 15:28:28,5/8/2013,15:28:28,NaN,NaN,NaN,NaN,NaN
5/8/2013 15:28:43,5/8/2013,15:28:43,NaN,NaN,NaN,NaN,NaN
5/8/2013 15:28:58,5/8/2013,15:28:58,NaN,NaN,NaN,NaN,NaN
5/8/2013 15:29:13,5/8/2013,15:29:13,NaN,NaN,NaN,NaN,NaN
5/8/2013 15:29:28,5/8/2013,15:29:28,NaN,NaN,NaN,NaN,NaN
5/8/2013 15:29:43,5/8/2013,15:29:43,NaN,NaN,NaN,NaN,NaN
5/8/2013 15:29:58,5/8/2013,15:29:58,NaN,NaN,NaN,NaN,NaN
5/8/2013 15:30:13,5/8/2013,15:30:13,NaN,NaN,NaN,NaN,NaN
5/8/2013 15:30:28,5/8/2013,15:30:28,NaN,NaN,NaN,NaN,NaN
5/8/2013 15:30:43,5/8/2013,15:30:43,NaN,NaN,NaN,NaN,NaN
5/8/2013 15:30:58,5/8/2013,15:30:58,NaN,NaN,NaN,NaN,NaN
5/8/2013 15:31:13,5/8/2013,15:31:13,NaN,NaN,NaN,NaN,NaN
5/8/2013 15:31:28,5/8/2013,15:31:28,NaN,NaN,NaN,NaN,NaN
5/8/2013 15:31:43,5/8/2013,15:31:43,NaN,NaN,NaN,NaN,NaN
5/8/2013 15:31:58,5/8/2013,15:31:58,NaN,NaN,NaN,NaN,NaN
5/8/2013 15:32:13,5/8/2013,15:32:13,NaN,NaN,NaN,NaN,NaN
5/8/2013 15:32:28,5/8/2013,15:32:28,NaN,NaN,NaN,NaN,NaN
5/8/2013 15:32:43,5/8/2013,15:32:43,NaN,NaN,NaN,NaN,NaN
5/8/2013 15:32:58,5/8/2013,15:32:58,NaN,NaN,NaN,NaN,NaN
5/8/2013 15:33:13,5/8/2013,15:33:13,NaN,NaN,NaN,NaN,NaN
5/8/2013 15:33:28,5/8/2013,15:33:28,NaN,NaN,NaN,NaN,NaN
5/8/2013 15:33:43,5/8/2013,15:33:43,NaN,NaN,NaN,NaN,NaN
5/8/2013 15:33:58,5/8/2013,15:33:58,NaN,NaN,NaN,NaN,NaN
5/8/2013 15:34:13,5/8/2013,15:34:13,NaN,NaN,NaN,NaN,NaN
5/8/2013 15:34:28,5/8/2013,15:34:28,NaN,NaN,NaN,NaN,NaN
5/8/2013 15:34:43,5/8/2013,15:34:43,NaN,NaN,NaN,NaN,NaN
5/8/2013 15:34:58,5/8/2013,15:34:58,NaN,NaN,NaN,NaN,NaN
5/8/2013 15:35:13,5/8/2013,15:35:13,NaN,NaN,NaN,NaN,NaN
5/8/2013 15:35:28,5/8/2013,15:35:28,NaN,NaN,NaN,NaN,NaN
5/8/2013 15:35:43,5/8/2013,15:35:43,NaN,NaN,NaN,NaN,NaN
5/8/2013 15:35:58,5/8/2013,15:35:58,NaN,NaN,NaN,NaN,NaN
5/8/2013 15:36:13,5/8/2013,15:36:13,NaN,NaN,NaN,NaN,NaN
5/8/2013 15:36:28,5/8/2013,15:36:28,NaN,NaN,NaN,NaN,NaN
5/8/2013 15:36:43,5/8/2013,15:36:43,NaN,NaN,NaN,NaN,NaN
5/8/2013 15:36:58,5/8/2013,15:36:58,NaN,NaN,NaN,NaN,NaN
5/8/2013 15:37:13,5/8/2013,15:37:13,NaN,NaN,NaN,NaN,NaN
5/8/2013 15:37:28,5/8/2013,15:37:28,NaN,NaN,NaN,NaN,NaN
5/8/2013 15:37:43,5/8/2013,15:37:43,NaN,NaN,NaN,NaN,NaN
5/8/2013 15:37:58,5/8/2013,15:37:58,NaN,NaN,NaN,NaN,NaN
5/8/2013 15:38:13,5/8/2013,15:38:13,NaN,NaN,NaN,NaN,NaN
5/8/2013 15:38:28,5/8/2013,15:38:28,NaN,NaN,NaN,NaN,NaN
5/8/2013 15:38:43,5/8/2013,15:38:43,NaN,NaN,NaN,NaN,NaN
5/8/2013 15:38:58,5/8/2013,15:38:58,NaN,NaN,NaN,NaN,NaN
5/8/2013 15:39:13,5/8/2013,15:39:13,NaN,NaN,NaN,NaN,NaN
5/8/2013 15:39:28,5/8/2013,15:39:28,NaN,NaN,NaN,NaN,NaN
5/8/2013 15:39:43,5/8/2013,15:39:43,NaN,NaN,NaN,NaN,NaN
5/8/2013 15:39:58,5/8/2013,15:39:58,NaN,NaN,NaN,NaN,NaN
5/8/2013 15:40:13,5/8/2013,15:40:13,NaN,NaN,NaN,NaN,NaN
5/8/2013 15:40:28,5/8/2013,15:40:28,NaN,NaN,NaN,NaN,NaN
5/8/2013 15:40:43,5/8/2013,15:40:43,NaN,NaN,NaN,NaN,NaN
5/8/2013 15:40:58,5/8/2013,15:40:58,NaN,NaN,NaN,NaN,NaN
5/8/2013 15:41:13,5/8/2013,15:41:13,NaN,NaN,NaN,NaN,NaN
5/8/2013 15:41:28,5/8/2013,15:41:28,NaN,NaN,NaN,NaN,NaN
5/8/2013 15:41:43,5/8/2013,15:41:43,NaN,NaN,NaN,NaN,NaN
5/8/2013 15:41:58,5/8/2013,15:41:58,NaN,NaN,NaN,NaN,NaN
5/8/2013 15:42:13,5/8/2013,15:42:13,NaN,NaN,NaN,NaN,NaN
5/8/2013 15:42:28,5/8/2013,15:42:28,NaN,NaN,NaN,NaN,NaN
5/8/2013 15:42:43,5/8/2013,15:42:43,NaN,NaN,NaN,NaN,NaN
5/8/2013 15:42:58,5/8/2013,15:42:58,NaN,NaN,NaN,NaN,NaN
5/8/2013 15:43:13,5/8/2013,15:43:13,NaN,NaN,NaN,NaN,NaN
5/8/2013 15:43:28,5/8/2013,15:43:28,NaN,NaN,NaN,NaN,NaN
5/8/2013 15:43:43,5/8/2013,15:43:43,NaN,NaN,NaN,NaN,NaN
5/8/2013 15:43:58,5/8/2013,15:43:58,NaN,NaN,NaN,NaN,NaN
5/8/2013 15:44:13,5/8/2013,15:44:13,NaN,NaN,NaN,NaN,NaN
5/8/2013 15:44:28,5/8/2013,15:44:28,NaN,NaN,NaN,NaN,NaN
5/8/2013 15:44:43,5/8/2013,15:44:43,NaN,NaN,NaN,NaN,NaN
5/8/2013 15:44:58,5/8/2013,15:44:58,NaN,NaN,NaN,NaN,NaN
5/8/2013 15:45:13,5/8/2013,15:45:13,NaN,NaN,NaN,NaN,NaN
5/8/2013 15:45:28,5/8/2013,15:45:28,NaN,NaN,NaN,NaN,NaN
5/8/2013 15:45:43,5/8/2013,15:45:43,NaN,NaN,NaN,NaN,NaN
5/8/2013 15:45:58,5/8/2013,15:45:58,NaN,NaN,NaN,NaN,NaN
5/8/2013 15:46:13,5/8/2013,15:46:13,NaN,NaN,NaN,NaN,NaN
5/8/2013 15:46:28,5/8/2013,15:46:28,NaN,NaN,NaN,NaN,NaN
5/8/2013 15:46:43,5/8/2013,15:46:43,NaN,NaN,NaN,NaN,NaN
5/8/2013 15:46:58,5/8/2013,15:46:58,NaN,NaN,NaN,NaN,NaN
5/8/2013 15:47:13,5/8/2013,15:47:13,NaN,NaN,NaN,NaN,NaN
5/8/2013 15:47:28,5/8/2013,15:47:28,NaN,NaN,NaN,NaN,NaN
5/8/2013 15:47:43,5/8/2013,15:47:43,NaN,NaN,NaN,NaN,NaN
5/8/2013 15:47:58,5/8/2013,15:47:58,NaN,NaN,NaN,NaN,NaN
5/8/2013 15:48:13,5/8/2013,15:48:13,NaN,NaN,NaN,NaN,NaN
5/8/2013 15:48:28,5/8/2013,15:48:28,NaN,NaN,NaN,NaN,NaN
5/8/2013 15:48:43,5/8/2013,15:48:43,NaN,NaN,NaN,NaN,NaN
5/8/2013 15:48:58,5/8/2013,15:48:58,NaN,NaN,NaN,NaN,NaN
5/8/2013 15:49:13,5/8/2013,15:49:13,NaN,NaN,NaN,NaN,NaN
5/8/2013 15:49:28,5/8/2013,15:49:28,NaN,NaN,NaN,NaN,NaN
5/8/2013 15:49:43,5/8/2013,15:49:43,NaN,NaN,NaN,NaN,NaN
5/8/2013 15:49:58,5/8/2013,15:49:58,NaN,NaN,NaN,NaN,NaN
5/8/2013 15:50:13,5/8/2013,15:50:13,NaN,NaN,NaN,NaN,NaN
5/8/2013 15:50:28,5/8/2013,15:50:28,NaN,NaN,NaN,NaN,NaN
5/8/2013 15:50:43,5/8/2013,15:50:43,NaN,NaN,NaN,NaN,NaN
5/8/2013 15:50:58,5/8/2013,15:50:58,NaN,NaN,NaN,NaN,NaN
5/8/2013 15:51:13,5/8/2013,15:51:13,NaN,NaN,NaN,NaN,NaN
5/8/2013 15:51:28,5/8/2013,15:51:28,NaN,NaN,NaN,NaN,NaN
5/8/2013 15:51:43,5/8/2013,15:51:43,NaN,NaN,NaN,NaN,NaN
5/8/2013 15:51:58,5/8/2013,15:51:58,NaN,NaN,NaN,NaN,NaN
5/8/2013 15:52:13,5/8/2013,15:52:13,NaN,NaN,NaN,NaN,NaN
5/8/2013 15:52:28,5/8/2013,15:52:28,NaN,NaN,NaN,NaN,NaN
5/8/2013 15:52:43,5/8/2013,15:52:43,NaN,NaN,NaN,NaN,NaN
5/8/2013 15:52:58,5/8/2013,15:52:58,NaN,NaN,NaN,NaN,NaN
5/8/2013 15:53:13,5/8/2013,15:53:13,NaN,NaN,NaN,NaN,NaN
5/8/2013 15:53:28,5/8/2013,15:53:28,NaN,NaN,NaN,NaN,NaN
5/8/2013 15:53:43,5/8/2013,15:53:43,NaN,NaN,NaN,NaN,NaN
5/8/2013 15:53:58,5/8/2013,15:53:58,NaN,NaN,NaN,NaN,NaN
5/8/2013 15:54:13,5/8/2013,15:54:13,NaN,NaN,NaN,NaN,NaN
5/8/2013 15:54:28,5/8/2013,15:54:28,NaN,NaN,NaN,NaN,NaN
5/8/2013 15:54:43,5/8/2013,15:54:43,NaN,NaN,NaN,NaN,NaN
5/8/2013 15:54:58,5/8/2013,15:54:58,NaN,NaN,NaN,NaN,NaN
5/8/2013 15:55:13,5/8/2013,15:55:13,NaN,NaN,NaN,NaN,NaN
5/8/2013 15:55:28,5/8/2013,15:55:28,NaN,NaN,NaN,NaN,NaN
5/8/2013 15:55:43,5/8/2013,15:55:43,NaN,NaN,NaN,NaN,NaN
5/8/2013 15:55:58,5/8/2013,15:55:58,NaN,NaN,NaN,NaN,NaN
5/8/2013 15:56:13,5/8/2013,15:56:13,NaN,NaN,NaN,NaN,NaN
5/8/2013 15:56:28,5/8/2013,15:56:28,NaN,NaN,NaN,NaN,NaN
5/8/2013 15:56:43,5/8/2013,15:56:43,NaN,NaN,NaN,NaN,NaN
5/8/2013 15:56:58,5/8/2013,15:56:58,NaN,NaN,NaN,NaN,NaN
5/8/2013 15:57:13,5/8/2013,15:57:13,NaN,NaN,NaN,NaN,NaN
5/8/2013 15:57:28,5/8/2013,15:57:28,NaN,NaN,NaN,NaN,NaN
5/8/2013 15:57:43,5/8/2013,15:57:43,NaN,NaN,NaN,NaN,NaN
5/8/2013 15:57:58,5/8/2013,15:57:58,NaN,NaN,NaN,NaN,NaN
5/8/2013 15:58:13,5/8/2013,15:58:13,NaN,NaN,NaN,NaN,NaN
5/8/2013 15:58:28,5/8/2013,15:58:28,NaN,NaN,NaN,NaN,NaN
5/8/2013 15:58:43,5/8/2013,15:58:43,NaN,NaN,NaN,NaN,NaN
5/8/2013 15:58:58,5/8/2013,15:58:58,NaN,NaN,NaN,NaN,NaN
5/8/2013 15:59:13,5/8/2013,15:59:13,NaN,NaN,NaN,NaN,NaN
5/8/2013 15:59:28,5/8/2013,15:59:28,NaN,NaN,NaN,NaN,NaN
5/8/2013 15:59:43,5/8/2013,15:59:43,NaN,NaN,NaN,NaN,NaN
5/8/2013 15:59:58,5/8/2013,15:59:58,NaN,NaN,NaN,NaN,NaN
5/8/2013 16:00:13,5/8/2013,16:00:13,NaN,NaN,NaN,NaN,NaN
5/8/2013 16:00:28,5/8/2013,16:00:28,NaN,NaN,NaN,NaN,NaN
5/8/2013 16:00:43,5/8/2013,16:00:43,NaN,NaN,NaN,NaN,NaN
5/8/2013 16:00:58,5/8/2013,16:00:58,NaN,NaN,NaN,NaN,NaN
5/8/2013 16:01:13,5/8/2013,16:01:13,NaN,NaN,NaN,NaN,NaN
5/8/2013 16:01:28,5/8/2013,16:01:28,NaN,NaN,NaN,NaN,NaN
5/8/2013 16:01:43,5/8/2013,16:01:43,NaN,NaN,NaN,NaN,NaN
5/8/2013 16:01:58,5/8/2013,16:01:58,NaN,NaN,NaN,NaN,NaN
5/8/2013 16:02:13,5/8/2013,16:02:13,NaN,NaN,NaN,NaN,NaN
5/8/2013 16:02:28,5/8/2013,16:02:28,NaN,NaN,NaN,NaN,NaN
5/8/2013 16:02:43,5/8/2013,16:02:43,NaN,NaN,NaN,NaN,NaN
5/8/2013 16:02:58,5/8/2013,16:02:58,NaN,NaN,NaN,NaN,NaN
5/8/2013 16:03:13,5/8/2013,16:03:13,NaN,NaN,NaN,NaN,NaN
5/8/2013 16:03:28,5/8/2013,16:03:28,NaN,NaN,NaN,NaN,NaN
5/8/2013 16:03:43,5/8/2013,16:03:43,NaN,NaN,NaN,NaN,NaN
5/8/2013 16:03:58,5/8/2013,16:03:58,NaN,NaN,NaN,NaN,NaN
5/8/2013 16:04:13,5/8/2013,16:04:13,NaN,NaN,NaN,NaN,NaN
5/8/2013 16:04:28,5/8/2013,16:04:28,NaN,NaN,NaN,NaN,NaN
5/8/2013 16:04:43,5/8/2013,16:04:43,NaN,NaN,NaN,NaN,NaN
5/8/2013 16:04:58,5/8/2013,16:04:58,NaN,NaN,NaN,NaN,NaN
5/8/2013 16:05:13,5/8/2013,16:05:13,NaN,NaN,NaN,NaN,NaN
5/8/2013 16:05:28,5/8/2013,16:05:28,NaN,NaN,NaN,NaN,NaN
5/8/2013 16:05:43,5/8/2013,16:05:43,NaN,NaN,NaN,NaN,NaN
5/8/2013 16:05:58,5/8/2013,16:05:58,NaN,NaN,NaN,NaN,NaN
5/8/2013 16:06:13,5/8/2013,16:06:13,NaN,NaN,NaN,NaN,NaN
5/8/2013 16:06:28,5/8/2013,16:06:28,NaN,NaN,NaN,NaN,NaN
5/8/2013 16:06:43,5/8/2013,16:06:43,NaN,NaN,NaN,NaN,NaN
5/8/2013 16:06:58,5/8/2013,16:06:58,NaN,NaN,NaN,NaN,NaN
5/8/2013 16:07:13,5/8/2013,16:07:13,NaN,NaN,NaN,NaN,NaN
5/8/2013 16:07:28,5/8/2013,16:07:28,NaN,NaN,NaN,NaN,NaN
5/8/2013 16:07:43,5/8/2013,16:07:43,NaN,NaN,NaN,NaN,NaN
5/8/2013 16:07:58,5/8/2013,16:07:58,NaN,NaN,NaN,NaN,NaN
5/8/2013 16:08:13,5/8/2013,16:08:13,NaN,NaN,NaN,NaN,NaN
5/8/2013 16:08:28,5/8/2013,16:08:28,NaN,NaN,NaN,NaN,NaN
5/8/2013 16:08:43,5/8/2013,16:08:43,NaN,NaN,NaN,NaN,NaN
5/8/2013 16:08:58,5/8/2013,16:08:58,NaN,NaN,NaN,NaN,NaN
5/8/2013 16:09:13,5/8/2013,16:09:13,NaN,NaN,NaN,NaN,NaN
5/8/2013 16:09:28,5/8/2013,16:09:28,NaN,NaN,NaN,NaN,NaN
5/8/2013 16:09:43,5/8/2013,16:09:43,NaN,NaN,NaN,NaN,NaN
5/8/2013 16:09:58,5/8/2013,16:09:58,NaN,NaN,NaN,NaN,NaN
5/8/2013 16:10:13,5/8/2013,16:10:13,NaN,NaN,NaN,NaN,NaN
5/8/2013 16:10:28,5/8/2013,16:10:28,NaN,NaN,NaN,NaN,NaN
5/8/2013 16:10:43,5/8/2013,16:10:43,NaN,NaN,NaN,NaN,NaN
5/8/2013 16:10:58,5/8/2013,16:10:58,NaN,NaN,NaN,NaN,NaN
5/8/2013 16:11:13,5/8/2013,16:11:13,NaN,NaN,NaN,NaN,NaN
5/8/2013 16:11:28,5/8/2013,16:11:28,NaN,NaN,NaN,NaN,NaN
5/8/2013 16:11:43,5/8/2013,16:11:43,NaN,NaN,NaN,NaN,NaN
5/8/2013 16:11:58,5/8/2013,16:11:58,NaN,NaN,NaN,NaN,NaN
5/8/2013 16:12:13,5/8/2013,16:12:13,NaN,NaN,NaN,NaN,NaN
5/8/2013 16:12:28,5/8/2013,16:12:28,NaN,NaN,NaN,NaN,NaN
5/8/2013 16:12:43,5/8/2013,16:12:43,NaN,NaN,NaN,NaN,NaN
5/8/2013 16:12:58,5/8/2013,16:12:58,NaN,NaN,NaN,NaN,NaN
5/8/2013 16:13:13,5/8/2013,16:13:13,NaN,NaN,NaN,NaN,NaN
5/8/2013 16:13:28,5/8/2013,16:13:28,NaN,NaN,NaN,NaN,NaN
5/8/2013 16:13:43,5/8/2013,16:13:43,NaN,NaN,NaN,NaN,NaN
5/8/2013 16:13:58,5/8/2013,16:13:58,NaN,NaN,NaN,NaN,NaN
5/8/2013 16:14:13,5/8/2013,16:14:13,NaN,NaN,NaN,NaN,NaN
5/8/2013 16:14:28,5/8/2013,16:14:28,NaN,NaN,NaN,NaN,NaN
5/8/2013 16:14:43,5/8/2013,16:14:43,NaN,NaN,NaN,NaN,NaN
5/8/2013 16:14:58,5/8/2013,16:14:58,NaN,NaN,NaN,NaN,NaN
5/8/2013 16:15:13,5/8/2013,16:15:13,NaN,NaN,NaN,NaN,NaN
5/8/2013 16:15:28,5/8/2013,16:15:28,NaN,NaN,NaN,NaN,NaN
5/8/2013 16:15:43,5/8/2013,16:15:43,NaN,NaN,NaN,NaN,NaN
5/8/2013 16:15:58,5/8/2013,16:15:58,NaN,NaN,NaN,NaN,NaN
5/8/2013 16:16:13,5/8/2013,16:16:13,NaN,NaN,NaN,NaN,NaN
5/8/2013 16:16:28,5/8/2013,16:16:28,NaN,NaN,NaN,NaN,NaN
5/8/2013 16:16:43,5/8/2013,16:16:43,NaN,NaN,NaN,NaN,NaN
5/8/2013 16:16:58,5/8/2013,16:16:58,NaN,NaN,NaN,NaN,NaN
5/8/2013 16:17:13,5/8/2013,16:17:13,NaN,NaN,NaN,NaN,NaN
5/8/2013 16:17:28,5/8/2013,16:17:28,NaN,NaN,NaN,NaN,NaN
5/8/2013 16:17:43,5/8/2013,16:17:43,NaN,NaN,NaN,NaN,NaN
5/8/2013 16:17:58,5/8/2013,16:17:58,NaN,NaN,NaN,NaN,NaN
5/8/2013 16:18:13,5/8/2013,16:18:13,NaN,NaN,NaN,NaN,NaN
5/8/2013 16:18:28,5/8/2013,16:18:28,NaN,NaN,NaN,NaN,NaN
5/8/2013 16:18:43,5/8/2013,16:18:43,NaN,NaN,NaN,NaN,NaN
5/8/2013 16:18:58,5/8/2013,16:18:58,NaN,NaN,NaN,NaN,NaN
5/8/2013 16:19:13,5/8/2013,16:19:13,NaN,NaN,NaN,NaN,NaN
5/8/2013 16:19:28,5/8/2013,16:19:28,NaN,NaN,NaN,NaN,NaN
5/8/2013 16:19:43,5/8/2013,16:19:43,NaN,NaN,NaN,NaN,NaN
5/8/2013 16:19:58,5/8/2013,16:19:58,NaN,NaN,NaN,NaN,NaN
5/8/2013 16:20:13,5/8/2013,16:20:13,NaN,NaN,NaN,NaN,NaN
5/8/2013 16:20:28,5/8/2013,16:20:28,NaN,NaN,NaN,NaN,NaN
5/8/2013 16:20:43,5/8/2013,16:20:43,NaN,NaN,NaN,NaN,NaN
5/8/2013 16:20:58,5/8/2013,16:20:58,NaN,NaN,NaN,NaN,NaN
5/8/2013 16:21:13,5/8/2013,16:21:13,NaN,NaN,NaN,NaN,NaN
5/8/2013 16:21:28,5/8/2013,16:21:28,NaN,NaN,NaN,NaN,NaN
5/8/2013 16:21:43,5/8/2013,16:21:43,NaN,NaN,NaN,NaN,NaN
5/8/2013 16:21:58,5/8/2013,16:21:58,NaN,NaN,NaN,NaN,NaN
5/8/2013 16:22:13,5/8/2013,16:22:13,NaN,NaN,NaN,NaN,NaN
5/8/2013 16:22:28,5/8/2013,16:22:28,NaN,NaN,NaN,NaN,NaN
5/8/2013 16:22:43,5/8/2013,16:22:43,NaN,NaN,NaN,NaN,NaN
5/8/2013 16:22:58,5/8/2013,16:22:58,NaN,NaN,NaN,NaN,NaN
5/8/2013 16:23:13,5/8/2013,16:23:13,NaN,NaN,NaN,NaN,NaN
5/8/2013 16:23:28,5/8/2013,16:23:28,NaN,NaN,NaN,NaN,NaN
5/8/2013 16:23:43,5/8/2013,16:23:43,NaN,NaN,NaN,NaN,NaN
5/8/2013 16:23:58,5/8/2013,16:23:58,NaN,NaN,NaN,NaN,NaN
5/8/2013 16:24:13,5/8/2013,16:24:13,NaN,NaN,NaN,NaN,NaN
5/8/2013 16:24:28,5/8/2013,16:24:28,NaN,NaN,NaN,NaN,NaN
5/8/2013 16:24:43,5/8/2013,16:24:43,NaN,NaN,NaN,NaN,NaN
5/8/2013 16:24:58,5/8/2013,16:24:58,NaN,NaN,NaN,NaN,NaN
5/8/2013 16:25:13,5/8/2013,16:25:13,NaN,NaN,NaN,NaN,NaN
5/8/2013 16:25:28,5/8/2013,16:25:28,NaN,NaN,NaN,NaN,NaN
5/8/2013 16:25:43,5/8/2013,16:25:43,NaN,NaN,NaN,NaN,NaN
5/8/2013 16:25:58,5/8/2013,16:25:58,NaN,NaN,NaN,NaN,NaN
5/8/2013 16:26:13,5/8/2013,16:26:13,NaN,NaN,NaN,NaN,NaN
5/8/2013 16:26:28,5/8/2013,16:26:28,NaN,NaN,NaN,NaN,NaN
5/8/2013 16:26:43,5/8/2013,16:26:43,NaN,NaN,NaN,NaN,NaN
5/8/2013 16:26:58,5/8/2013,16:26:58,NaN,NaN,NaN,NaN,NaN
5/8/2013 16:27:13,5/8/2013,16:27:13,NaN,NaN,NaN,NaN,NaN
5/8/2013 16:27:28,5/8/2013,16:27:28,NaN,NaN,NaN,NaN,NaN
5/8/2013 16:27:43,5/8/2013,16:27:43,NaN,NaN,NaN,NaN,NaN
5/8/2013 16:27:58,5/8/2013,16:27:58,NaN,NaN,NaN,NaN,NaN
5/8/2013 16:28:13,5/8/2013,16:28:13,NaN,NaN,NaN,NaN,NaN
5/8/2013 16:28:28,5/8/2013,16:28:28,NaN,NaN,NaN,NaN,NaN
5/8/2013 16:28:43,5/8/2013,16:28:43,NaN,NaN,NaN,NaN,NaN
5/8/2013 16:28:58,5/8/2013,16:28:58,NaN,NaN,NaN,NaN,NaN
5/8/2013 16:29:13,5/8/2013,16:29:13,NaN,NaN,NaN,NaN,NaN
5/8/2013 16:29:28,5/8/2013,16:29:28,NaN,NaN,NaN,NaN,NaN
5/8/2013 16:29:43,5/8/2013,16:29:43,NaN,NaN,NaN,NaN,NaN
5/8/2013 16:29:58,5/8/2013,16:29:58,NaN,NaN,NaN,NaN,NaN
5/8/2013 16:30:13,5/8/2013,16:30:13,NaN,NaN,NaN,NaN,NaN
5/8/2013 16:30:28,5/8/2013,16:30:28,NaN,NaN,NaN,NaN,NaN
5/8/2013 16:30:43,5/8/2013,16:30:43,NaN,NaN,NaN,NaN,NaN
5/8/2013 16:30:58,5/8/2013,16:30:58,NaN,NaN,NaN,NaN,NaN
5/8/2013 16:31:13,5/8/2013,16:31:13,NaN,NaN,NaN,NaN,NaN
5/8/2013 16:31:28,5/8/2013,16:31:28,NaN,NaN,NaN,NaN,NaN
5/8/2013 16:31:43,5/8/2013,16:31:43,NaN,NaN,NaN,NaN,NaN
5/8/2013 16:31:58,5/8/2013,16:31:58,NaN,NaN,NaN,NaN,NaN
5/8/2013 16:32:13,5/8/2013,16:32:13,NaN,NaN,NaN,NaN,NaN
5/8/2013 16:32:28,5/8/2013,16:32:28,NaN,NaN,NaN,NaN,NaN
5/8/2013 16:32:43,5/8/2013,16:32:43,NaN,NaN,NaN,NaN,NaN
5/8/2013 16:32:58,5/8/2013,16:32:58,NaN,NaN,NaN,NaN,NaN
5/8/2013 16:33:13,5/8/2013,16:33:13,NaN,NaN,NaN,NaN,NaN
5/8/2013 16:33:28,5/8/2013,16:33:28,NaN,NaN,NaN,NaN,NaN
5/8/2013 16:33:43,5/8/2013,16:33:43,NaN,NaN,NaN,NaN,NaN
5/8/2013 16:33:58,5/8/2013,16:33:58,NaN,NaN,NaN,NaN,NaN
5/8/2013 16:34:13,5/8/2013,16:34:13,NaN,NaN,NaN,NaN,NaN
5/8/2013 16:34:28,5/8/2013,16:34:28,NaN,NaN,NaN,NaN,NaN
5/8/2013 16:34:43,5/8/2013,16:34:43,NaN,NaN,NaN,NaN,NaN
5/8/2013 16:34:58,5/8/2013,16:34:58,NaN,NaN,NaN,NaN,NaN
5/8/2013 16:35:13,5/8/2013,16:35:13,NaN,NaN,NaN,NaN,NaN
5/8/2013 16:35:28,5/8/2013,16:35:28,NaN,NaN,NaN,NaN,NaN
5/8/2013 16:35:43,5/8/2013,16:35:43,NaN,NaN,NaN,NaN,NaN
5/8/2013 16:35:58,5/8/2013,16:35:58,NaN,NaN,NaN,NaN,NaN
5/8/2013 16:36:13,5/8/2013,16:36:13,NaN,NaN,NaN,NaN,NaN
5/8/2013 16:36:28,5/8/2013,16:36:28,NaN,NaN,NaN,NaN,NaN
5/8/2013 16:36:43,5/8/2013,16:36:43,NaN,NaN,NaN,NaN,NaN
5/8/2013 16:36:58,5/8/2013,16:36:58,NaN,NaN,NaN,NaN,NaN
5/8/2013 16:37:13,5/8/2013,16:37:13,NaN,NaN,NaN,NaN,NaN
5/8/2013 16:37:28,5/8/2013,16:37:28,NaN,NaN,NaN,NaN,NaN
5/8/2013 16:37:43,5/8/2013,16:37:43,NaN,NaN,NaN,NaN,NaN
5/8/2013 16:37:58,5/8/2013,16:37:58,NaN,NaN,NaN,NaN,NaN
5/8/2013 16:38:13,5/8/2013,16:38:13,NaN,NaN,NaN,NaN,NaN
5/8/2013 16:38:28,5/8/2013,16:38:28,NaN,NaN,NaN,NaN,NaN
5/8/2013 16:38:43,5/8/2013,16:38:43,NaN,NaN,NaN,NaN,NaN
5/8/2013 16:38:58,5/8/2013,16:38:58,NaN,NaN,NaN,NaN,NaN
5/8/2013 16:39:13,5/8/2013,16:39:13,NaN,NaN,NaN,NaN,NaN
5/8/2013 16:39:28,5/8/2013,16:39:28,NaN,NaN,NaN,NaN,NaN
5/8/2013 16:39:43,5/8/2013,16:39:43,NaN,NaN,NaN,NaN,NaN
5/8/2013 16:39:58,5/8/2013,16:39:58,NaN,NaN,NaN,NaN,NaN
5/8/2013 16:40:13,5/8/2013,16:40:13,NaN,NaN,NaN,NaN,NaN
5/8/2013 16:40:28,5/8/2013,16:40:28,NaN,NaN,NaN,NaN,NaN
5/8/2013 16:40:43,5/8/2013,16:40:43,NaN,NaN,NaN,NaN,NaN
5/8/2013 16:40:58,5/8/2013,16:40:58,NaN,NaN,NaN,NaN,NaN
5/8/2013 16:41:13,5/8/2013,16:41:13,NaN,NaN,NaN,NaN,NaN
5/8/2013 16:41:28,5/8/2013,16:41:28,NaN,NaN,NaN,NaN,NaN
5/8/2013 16:41:43,5/8/2013,16:41:43,NaN,NaN,NaN,NaN,NaN
5/8/2013 16:41:58,5/8/2013,16:41:58,NaN,NaN,NaN,NaN,NaN
5/8/2013 16:42:13,5/8/2013,16:42:13,NaN,NaN,NaN,NaN,NaN
5/8/2013 16:42:28,5/8/2013,16:42:28,NaN,NaN,NaN,NaN,NaN
5/8/2013 16:42:43,5/8/2013,16:42:43,NaN,NaN,NaN,NaN,NaN
5/8/2013 16:42:58,5/8/2013,16:42:58,NaN,NaN,NaN,NaN,NaN
5/8/2013 16:43:13,5/8/2013,16:43:13,NaN,NaN,NaN,NaN,NaN
5/8/2013 16:43:28,5/8/2013,16:43:28,NaN,NaN,NaN,NaN,NaN
5/8/2013 16:43:43,5/8/2013,16:43:43,NaN,NaN,NaN,NaN,NaN
5/8/2013 16:43:58,5/8/2013,16:43:58,NaN,NaN,NaN,NaN,NaN
5/8/2013 16:44:13,5/8/2013,16:44:13,NaN,NaN,NaN,NaN,NaN
5/8/2013 16:44:28,5/8/2013,16:44:28,NaN,NaN,NaN,NaN,NaN
5/8/2013 16:44:43,5/8/2013,16:44:43,NaN,NaN,NaN,NaN,NaN
5/8/2013 16:44:58,5/8/2013,16:44:58,NaN,NaN,NaN,NaN,NaN
5/8/2013 16:45:13,5/8/2013,16:45:13,NaN,NaN,NaN,NaN,NaN
5/8/2013 16:45:28,5/8/2013,16:45:28,NaN,NaN,NaN,NaN,NaN
5/8/2013 16:45:43,5/8/2013,16:45:43,NaN,NaN,NaN,NaN,NaN
5/8/2013 16:45:58,5/8/2013,16:45:58,NaN,NaN,NaN,NaN,NaN
5/8/2013 16:46:13,5/8/2013,16:46:13,NaN,NaN,NaN,NaN,NaN
5/8/2013 16:46:28,5/8/2013,16:46:28,NaN,NaN,NaN,NaN,NaN
5/8/2013 16:46:43,5/8/2013,16:46:43,NaN,NaN,NaN,NaN,NaN
5/8/2013 16:46:58,5/8/2013,16:46:58,NaN,NaN,NaN,NaN,NaN
5/8/2013 16:47:13,5/8/2013,16:47:13,NaN,NaN,NaN,NaN,NaN
5/8/2013 16:47:28,5/8/2013,16:47:28,NaN,NaN,NaN,NaN,NaN
5/8/2013 16:47:43,5/8/2013,16:47:43,NaN,NaN,NaN,NaN,NaN
5/8/2013 16:47:58,5/8/2013,16:47:58,NaN,NaN,NaN,NaN,NaN
5/8/2013 16:48:13,5/8/2013,16:48:13,NaN,NaN,NaN,NaN,NaN
5/8/2013 16:48:28,5/8/2013,16:48:28,NaN,NaN,NaN,NaN,NaN
5/8/2013 16:48:43,5/8/2013,16:48:43,NaN,NaN,NaN,NaN,NaN
5/8/2013 16:48:58,5/8/2013,16:48:58,NaN,NaN,NaN,NaN,NaN
5/8/2013 16:49:13,5/8/2013,16:49:13,NaN,NaN,NaN,NaN,NaN
5/8/2013 16:49:28,5/8/2013,16:49:28,NaN,NaN,NaN,NaN,NaN
5/8/2013 16:49:43,5/8/2013,16:49:43,NaN,NaN,NaN,NaN,NaN
5/8/2013 16:49:58,5/8/2013,16:49:58,NaN,NaN,NaN,NaN,NaN
5/8/2013 16:50:13,5/8/2013,16:50:13,NaN,NaN,NaN,NaN,NaN
5/8/2013 16:50:28,5/8/2013,16:50:28,NaN,NaN,NaN,NaN,NaN
5/8/2013 16:50:43,5/8/2013,16:50:43,NaN,NaN,NaN,NaN,NaN
5/8/2013 16:50:58,5/8/2013,16:50:58,NaN,NaN,NaN,NaN,NaN
5/8/2013 16:51:13,5/8/2013,16:51:13,NaN,NaN,NaN,NaN,NaN
5/8/2013 16:51:28,5/8/2013,16:51:28,NaN,NaN,NaN,NaN,NaN
5/8/2013 16:51:43,5/8/2013,16:51:43,NaN,NaN,NaN,NaN,NaN
5/8/2013 16:51:58,5/8/2013,16:51:58,NaN,NaN,NaN,NaN,NaN
5/8/2013 16:52:13,5/8/2013,16:52:13,NaN,NaN,NaN,NaN,NaN
5/8/2013 16:52:28,5/8/2013,16:52:28,NaN,NaN,NaN,NaN,NaN
5/8/2013 16:52:43,5/8/2013,16:52:43,NaN,NaN,NaN,NaN,NaN
5/8/2013 16:52:58,5/8/2013,16:52:58,NaN,NaN,NaN,NaN,NaN
5/8/2013 16:53:13,5/8/2013,16:53:13,NaN,NaN,NaN,NaN,NaN
5/8/2013 16:53:28,5/8/2013,16:53:28,NaN,NaN,NaN,NaN,NaN
5/8/2013 16:53:43,5/8/2013,16:53:43,NaN,NaN,NaN,NaN,NaN
5/8/2013 16:53:58,5/8/2013,16:53:58,NaN,NaN,NaN,NaN,NaN
5/8/2013 16:54:13,5/8/2013,16:54:13,NaN,NaN,NaN,NaN,NaN
5/8/2013 16:54:28,5/8/2013,16:54:28,NaN,NaN,NaN,NaN,NaN
5/8/2013 16:54:43,5/8/2013,16:54:43,NaN,NaN,NaN,NaN,NaN
5/8/2013 16:54:58,5/8/2013,16:54:58,NaN,NaN,NaN,NaN,NaN
5/8/2013 16:55:13,5/8/2013,16:55:13,NaN,NaN,NaN,NaN,NaN
5/8/2013 16:55:28,5/8/2013,16:55:28,NaN,NaN,NaN,NaN,NaN
5/8/2013 16:55:43,5/8/2013,16:55:43,NaN,NaN,NaN,NaN,NaN
5/8/2013 16:55:58,5/8/2013,16:55:58,NaN,NaN,NaN,NaN,NaN
5/8/2013 16:56:13,5/8/2013,16:56:13,NaN,NaN,NaN,NaN,NaN
5/8/2013 16:56:28,5/8/2013,16:56:28,NaN,NaN,NaN,NaN,NaN
5/8/2013 16:56:43,5/8/2013,16:56:43,NaN,NaN,NaN,NaN,NaN
5/8/2013 16:56:58,5/8/2013,16:56:58,NaN,NaN,NaN,NaN,NaN
5/8/2013 16:57:13,5/8/2013,16:57:13,NaN,NaN,NaN,NaN,NaN
5/8/2013 16:57:28,5/8/2013,16:57:28,NaN,NaN,NaN,NaN,NaN
5/8/2013 16:57:43,5/8/2013,16:57:43,NaN,NaN,NaN,NaN,NaN
5/8/2013 16:57:58,5/8/2013,16:57:58,NaN,NaN,NaN,NaN,NaN
5/8/2013 16:58:13,5/8/2013,16:58:13,NaN,NaN,NaN,NaN,NaN
5/8/2013 16:58:28,5/8/2013,16:58:28,NaN,NaN,NaN,NaN,NaN
5/8/2013 16:58:43,5/8/2013,16:58:43,NaN,NaN,NaN,NaN,NaN
5/8/2013 16:58:58,5/8/2013,16:58:58,NaN,NaN,NaN,NaN,NaN
5/8/2013 16:59:13,5/8/2013,16:59:13,NaN,NaN,NaN,NaN,NaN
5/8/2013 16:59:28,5/8/2013,16:59:28,NaN,NaN,NaN,NaN,NaN
5/8/2013 16:59:43,5/8/2013,16:59:43,NaN,NaN,NaN,NaN,NaN
5/8/2013 16:59:58,5/8/2013,16:59:58,NaN,NaN,NaN,NaN,NaN
5/8/2013 17:00:13,5/8/2013,17:00:13,NaN,NaN,NaN,NaN,NaN
5/8/2013 17:00:28,5/8/2013,17:00:28,NaN,NaN,NaN,NaN,NaN
5/8/2013 17:00:43,5/8/2013,17:00:43,NaN,NaN,NaN,NaN,NaN
5/8/2013 17:00:58,5/8/2013,17:00:58,NaN,NaN,NaN,NaN,NaN
5/8/2013 17:01:13,5/8/2013,17:01:13,NaN,NaN,NaN,NaN,NaN
5/8/2013 17:01:28,5/8/2013,17:01:28,NaN,NaN,NaN,NaN,NaN
5/8/2013 17:01:43,5/8/2013,17:01:43,NaN,NaN,NaN,NaN,NaN
5/8/2013 17:01:58,5/8/2013,17:01:58,NaN,NaN,NaN,NaN,NaN
5/8/2013 17:02:13,5/8/2013,17:02:13,NaN,NaN,NaN,NaN,NaN
5/8/2013 17:02:28,5/8/2013,17:02:28,NaN,NaN,NaN,NaN,NaN
5/8/2013 17:02:43,5/8/2013,17:02:43,NaN,NaN,NaN,NaN,NaN
5/8/2013 17:02:58,5/8/2013,17:02:58,NaN,NaN,NaN,NaN,NaN
5/8/2013 17:03:13,5/8/2013,17:03:13,NaN,NaN,NaN,NaN,NaN
5/8/2013 17:03:28,5/8/2013,17:03:28,NaN,NaN,NaN,NaN,NaN
5/8/2013 17:03:43,5/8/2013,17:03:43,NaN,NaN,NaN,NaN,NaN
5/8/2013 17:03:58,5/8/2013,17:03:58,NaN,NaN,NaN,NaN,NaN
5/8/2013 17:04:13,5/8/2013,17:04:13,NaN,NaN,NaN,NaN,NaN
5/8/2013 17:04:28,5/8/2013,17:04:28,NaN,NaN,NaN,NaN,NaN
5/8/2013 17:04:43,5/8/2013,17:04:43,NaN,NaN,NaN,NaN,NaN
5/8/2013 17:04:58,5/8/2013,17:04:58,NaN,NaN,NaN,NaN,NaN
5/8/2013 17:05:13,5/8/2013,17:05:13,NaN,NaN,NaN,NaN,NaN
5/8/2013 17:05:28,5/8/2013,17:05:28,NaN,NaN,NaN,NaN,NaN
5/8/2013 17:05:43,5/8/2013,17:05:43,NaN,NaN,NaN,NaN,NaN
5/8/2013 17:05:58,5/8/2013,17:05:58,NaN,NaN,NaN,NaN,NaN
5/8/2013 17:06:13,5/8/2013,17:06:13,NaN,NaN,NaN,NaN,NaN
5/8/2013 17:06:28,5/8/2013,17:06:28,NaN,NaN,NaN,NaN,NaN
5/8/2013 17:06:43,5/8/2013,17:06:43,NaN,NaN,NaN,NaN,NaN
5/8/2013 17:06:58,5/8/2013,17:06:58,NaN,NaN,NaN,NaN,NaN
5/8/2013 17:07:13,5/8/2013,17:07:13,NaN,NaN,NaN,NaN,NaN
5/8/2013 17:07:28,5/8/2013,17:07:28,NaN,NaN,NaN,NaN,NaN
5/8/2013 17:07:43,5/8/2013,17:07:43,NaN,NaN,NaN,NaN,NaN
5/8/2013 17:07:58,5/8/2013,17:07:58,NaN,NaN,NaN,NaN,NaN
5/8/2013 17:08:13,5/8/2013,17:08:13,NaN,NaN,NaN,NaN,NaN
5/8/2013 17:08:28,5/8/2013,17:08:28,NaN,NaN,NaN,NaN,NaN
5/8/2013 17:08:43,5/8/2013,17:08:43,NaN,NaN,NaN,NaN,NaN
5/8/2013 17:08:58,5/8/2013,17:08:58,NaN,NaN,NaN,NaN,NaN
5/8/2013 17:09:13,5/8/2013,17:09:13,NaN,NaN,NaN,NaN,NaN
5/8/2013 17:09:28,5/8/2013,17:09:28,NaN,NaN,NaN,NaN,NaN
5/8/2013 17:09:43,5/8/2013,17:09:43,NaN,NaN,NaN,NaN,NaN
5/8/2013 17:09:58,5/8/2013,17:09:58,NaN,NaN,NaN,NaN,NaN
5/8/2013 17:10:13,5/8/2013,17:10:13,NaN,NaN,NaN,NaN,NaN
5/8/2013 17:10:28,5/8/2013,17:10:28,NaN,NaN,NaN,NaN,NaN
5/8/2013 17:10:43,5/8/2013,17:10:43,NaN,NaN,NaN,NaN,NaN
5/8/2013 17:10:58,5/8/2013,17:10:58,NaN,NaN,NaN,NaN,NaN
5/8/2013 17:11:13,5/8/2013,17:11:13,NaN,NaN,NaN,NaN,NaN
5/8/2013 17:11:28,5/8/2013,17:11:28,NaN,NaN,NaN,NaN,NaN
5/8/2013 17:11:43,5/8/2013,17:11:43,NaN,NaN,NaN,NaN,NaN
5/8/2013 17:11:58,5/8/2013,17:11:58,NaN,NaN,NaN,NaN,NaN
5/8/2013 17:12:13,5/8/2013,17:12:13,NaN,NaN,NaN,NaN,NaN
5/8/2013 17:12:28,5/8/2013,17:12:28,NaN,NaN,NaN,NaN,NaN
5/8/2013 17:12:43,5/8/2013,17:12:43,NaN,NaN,NaN,NaN,NaN
5/8/2013 17:12:58,5/8/2013,17:12:58,NaN,NaN,NaN,NaN,NaN
5/8/2013 17:13:13,5/8/2013,17:13:13,NaN,NaN,NaN,NaN,NaN
5/8/2013 17:13:28,5/8/2013,17:13:28,NaN,NaN,NaN,NaN,NaN
5/8/2013 17:13:43,5/8/2013,17:13:43,NaN,NaN,NaN,NaN,NaN
5/8/2013 17:13:58,5/8/2013,17:13:58,NaN,NaN,NaN,NaN,NaN
5/8/2013 17:14:13,5/8/2013,17:14:13,NaN,NaN,NaN,NaN,NaN
5/8/2013 17:14:28,5/8/2013,17:14:28,NaN,NaN,NaN,NaN,NaN
5/8/2013 17:14:43,5/8/2013,17:14:43,NaN,NaN,NaN,NaN,NaN
5/8/2013 17:14:58,5/8/2013,17:14:58,NaN,NaN,NaN,NaN,NaN
5/8/2013 17:15:13,5/8/2013,17:15:13,NaN,NaN,NaN,NaN,NaN
5/8/2013 17:15:28,5/8/2013,17:15:28,NaN,NaN,NaN,NaN,NaN
5/8/2013 17:15:43,5/8/2013,17:15:43,NaN,NaN,NaN,NaN,NaN
5/8/2013 17:15:58,5/8/2013,17:15:58,NaN,NaN,NaN,NaN,NaN
5/8/2013 17:16:13,5/8/2013,17:16:13,NaN,NaN,NaN,NaN,NaN
5/8/2013 17:16:28,5/8/2013,17:16:28,NaN,NaN,NaN,NaN,NaN
5/8/2013 17:16:43,5/8/2013,17:16:43,NaN,NaN,NaN,NaN,NaN
5/8/2013 17:16:58,5/8/2013,17:16:58,NaN,NaN,NaN,NaN,NaN
5/8/2013 17:17:13,5/8/2013,17:17:13,NaN,NaN,NaN,NaN,NaN
5/8/2013 17:17:28,5/8/2013,17:17:28,NaN,NaN,NaN,NaN,NaN
5/8/2013 17:17:43,5/8/2013,17:17:43,NaN,NaN,NaN,NaN,NaN
5/8/2013 17:17:58,5/8/2013,17:17:58,NaN,NaN,NaN,NaN,NaN
5/8/2013 17:18:13,5/8/2013,17:18:13,NaN,NaN,NaN,NaN,NaN
5/8/2013 17:18:28,5/8/2013,17:18:28,NaN,NaN,NaN,NaN,NaN
5/8/2013 17:18:43,5/8/2013,17:18:43,NaN,NaN,NaN,NaN,NaN
5/8/2013 17:18:58,5/8/2013,17:18:58,NaN,NaN,NaN,NaN,NaN
5/8/2013 17:19:13,5/8/2013,17:19:13,NaN,NaN,NaN,NaN,NaN
5/8/2013 17:19:28,5/8/2013,17:19:28,NaN,NaN,NaN,NaN,NaN
5/8/2013 17:19:43,5/8/2013,17:19:43,NaN,NaN,NaN,NaN,NaN
5/8/2013 17:19:58,5/8/2013,17:19:58,NaN,NaN,NaN,NaN,NaN
5/8/2013 17:20:13,5/8/2013,17:20:13,NaN,NaN,NaN,NaN,NaN
5/8/2013 17:20:28,5/8/2013,17:20:28,NaN,NaN,NaN,NaN,NaN
5/8/2013 17:20:43,5/8/2013,17:20:43,NaN,NaN,NaN,NaN,NaN
5/8/2013 17:20:58,5/8/2013,17:20:58,NaN,NaN,NaN,NaN,NaN
5/8/2013 17:21:13,5/8/2013,17:21:13,NaN,NaN,NaN,NaN,NaN
5/8/2013 17:21:28,5/8/2013,17:21:28,NaN,NaN,NaN,NaN,NaN
5/8/2013 17:21:43,5/8/2013,17:21:43,NaN,NaN,NaN,NaN,NaN
5/8/2013 17:21:58,5/8/2013,17:21:58,NaN,NaN,NaN,NaN,NaN
5/8/2013 17:22:13,5/8/2013,17:22:13,NaN,NaN,NaN,NaN,NaN
5/8/2013 17:22:28,5/8/2013,17:22:28,NaN,NaN,NaN,NaN,NaN
5/8/2013 17:22:43,5/8/2013,17:22:43,NaN,NaN,NaN,NaN,NaN
5/8/2013 17:22:58,5/8/2013,17:22:58,NaN,NaN,NaN,NaN,NaN
5/8/2013 17:23:13,5/8/2013,17:23:13,NaN,NaN,NaN,NaN,NaN
5/8/2013 17:23:28,5/8/2013,17:23:28,NaN,NaN,NaN,NaN,NaN
5/8/2013 17:23:43,5/8/2013,17:23:43,NaN,NaN,NaN,NaN,NaN
5/8/2013 17:23:58,5/8/2013,17:23:58,NaN,NaN,NaN,NaN,NaN
5/8/2013 17:24:13,5/8/2013,17:24:13,NaN,NaN,NaN,NaN,NaN
5/8/2013 17:24:28,5/8/2013,17:24:28,NaN,NaN,NaN,NaN,NaN
5/8/2013 17:24:43,5/8/2013,17:24:43,NaN,NaN,NaN,NaN,NaN
5/8/2013 17:24:58,5/8/2013,17:24:58,NaN,NaN,NaN,NaN,NaN
5/8/2013 17:25:13,5/8/2013,17:25:13,NaN,NaN,NaN,NaN,NaN
5/8/2013 17:25:28,5/8/2013,17:25:28,NaN,NaN,NaN,NaN,NaN
5/8/2013 17:25:43,5/8/2013,17:25:43,NaN,NaN,NaN,NaN,NaN
5/8/2013 17:25:58,5/8/2013,17:25:58,NaN,NaN,NaN,NaN,NaN
5/8/2013 17:26:13,5/8/2013,17:26:13,NaN,NaN,NaN,NaN,NaN
5/8/2013 17:26:28,5/8/2013,17:26:28,NaN,NaN,NaN,NaN,NaN
5/8/2013 17:26:43,5/8/2013,17:26:43,NaN,NaN,NaN,NaN,NaN
5/8/2013 17:26:58,5/8/2013,17:26:58,NaN,NaN,NaN,NaN,NaN
5/8/2013 17:27:13,5/8/2013,17:27:13,NaN,NaN,NaN,NaN,NaN
5/8/2013 17:27:28,5/8/2013,17:27:28,NaN,NaN,NaN,NaN,NaN
5/8/2013 17:27:43,5/8/2013,17:27:43,NaN,NaN,NaN,NaN,NaN
5/8/2013 17:27:58,5/8/2013,17:27:58,NaN,NaN,NaN,NaN,NaN
5/8/2013 17:28:13,5/8/2013,17:28:13,NaN,NaN,NaN,NaN,NaN
5/8/2013 17:28:28,5/8/2013,17:28:28,NaN,NaN,NaN,NaN,NaN
5/8/2013 17:28:43,5/8/2013,17:28:43,NaN,NaN,NaN,NaN,NaN
5/8/2013 17:28:58,5/8/2013,17:28:58,NaN,NaN,NaN,NaN,NaN
5/8/2013 17:29:13,5/8/2013,17:29:13,NaN,NaN,NaN,NaN,NaN
5/8/2013 17:29:28,5/8/2013,17:29:28,NaN,NaN,NaN,NaN,NaN
5/8/2013 17:29:43,5/8/2013,17:29:43,NaN,NaN,NaN,NaN,NaN
5/8/2013 17:29:58,5/8/2013,17:29:58,NaN,NaN,NaN,NaN,NaN
5/8/2013 17:30:13,5/8/2013,17:30:13,NaN,NaN,NaN,NaN,NaN
5/8/2013 17:30:28,5/8/2013,17:30:28,NaN,NaN,NaN,NaN,NaN
5/8/2013 17:30:43,5/8/2013,17:30:43,NaN,NaN,NaN,NaN,NaN
5/8/2013 17:30:58,5/8/2013,17:30:58,NaN,NaN,NaN,NaN,NaN
5/8/2013 17:31:13,5/8/2013,17:31:13,NaN,NaN,NaN,NaN,NaN
5/8/2013 17:31:28,5/8/2013,17:31:28,NaN,NaN,NaN,NaN,NaN
5/8/2013 17:31:43,5/8/2013,17:31:43,NaN,NaN,NaN,NaN,NaN
5/8/2013 17:31:58,5/8/2013,17:31:58,NaN,NaN,NaN,NaN,NaN
5/8/2013 17:32:13,5/8/2013,17:32:13,NaN,NaN,NaN,NaN,NaN
5/8/2013 17:32:28,5/8/2013,17:32:28,NaN,NaN,NaN,NaN,NaN
5/8/2013 17:32:43,5/8/2013,17:32:43,NaN,NaN,NaN,NaN,NaN
5/8/2013 17:32:58,5/8/2013,17:32:58,NaN,NaN,NaN,NaN,NaN
5/8/2013 17:33:13,5/8/2013,17:33:13,NaN,NaN,NaN,NaN,NaN
5/8/2013 17:33:28,5/8/2013,17:33:28,NaN,NaN,NaN,NaN,NaN
5/8/2013 17:33:43,5/8/2013,17:33:43,NaN,NaN,NaN,NaN,NaN
5/8/2013 17:33:58,5/8/2013,17:33:58,NaN,NaN,NaN,NaN,NaN
5/8/2013 17:34:13,5/8/2013,17:34:13,NaN,NaN,NaN,NaN,NaN
5/8/2013 17:34:28,5/8/2013,17:34:28,NaN,NaN,NaN,NaN,NaN
5/8/2013 17:34:43,5/8/2013,17:34:43,NaN,NaN,NaN,NaN,NaN
5/8/2013 17:34:58,5/8/2013,17:34:58,NaN,NaN,NaN,NaN,NaN
5/8/2013 17:35:13,5/8/2013,17:35:13,NaN,NaN,NaN,NaN,NaN
5/8/2013 17:35:28,5/8/2013,17:35:28,NaN,NaN,NaN,NaN,NaN
5/8/2013 17:35:43,5/8/2013,17:35:43,NaN,NaN,NaN,NaN,NaN
5/8/2013 17:35:58,5/8/2013,17:35:58,NaN,NaN,NaN,NaN,NaN
5/8/2013 17:36:13,5/8/2013,17:36:13,NaN,NaN,NaN,NaN,NaN
5/8/2013 17:36:28,5/8/2013,17:36:28,NaN,NaN,NaN,NaN,NaN
5/8/2013 17:36:43,5/8/2013,17:36:43,NaN,NaN,NaN,NaN,NaN
5/8/2013 17:36:58,5/8/2013,17:36:58,NaN,NaN,NaN,NaN,NaN
5/8/2013 17:37:13,5/8/2013,17:37:13,NaN,NaN,NaN,NaN,NaN
5/8/2013 17:37:28,5/8/2013,17:37:28,NaN,NaN,NaN,NaN,NaN
5/8/2013 17:37:43,5/8/2013,17:37:43,NaN,NaN,NaN,NaN,NaN
5/8/2013 17:37:58,5/8/2013,17:37:58,NaN,NaN,NaN,NaN,NaN
5/8/2013 17:38:13,5/8/2013,17:38:13,NaN,NaN,NaN,NaN,NaN
5/8/2013 17:38:28,5/8/2013,17:38:28,NaN,NaN,NaN,NaN,NaN
5/8/2013 17:38:43,5/8/2013,17:38:43,NaN,NaN,NaN,NaN,NaN
5/8/2013 17:38:58,5/8/2013,17:38:58,NaN,NaN,NaN,NaN,NaN
5/8/2013 17:39:13,5/8/2013,17:39:13,NaN,NaN,NaN,NaN,NaN
5/8/2013 17:39:28,5/8/2013,17:39:28,NaN,NaN,NaN,NaN,NaN
5/8/2013 17:39:43,5/8/2013,17:39:43,NaN,NaN,NaN,NaN,NaN
5/8/2013 17:39:58,5/8/2013,17:39:58,NaN,NaN,NaN,NaN,NaN
5/8/2013 17:40:13,5/8/2013,17:40:13,NaN,NaN,NaN,NaN,NaN
5/8/2013 17:40:28,5/8/2013,17:40:28,NaN,NaN,NaN,NaN,NaN
5/8/2013 17:40:43,5/8/2013,17:40:43,NaN,NaN,NaN,NaN,NaN
5/8/2013 17:40:58,5/8/2013,17:40:58,NaN,NaN,NaN,NaN,NaN
5/8/2013 17:41:13,5/8/2013,17:41:13,NaN,NaN,NaN,NaN,NaN
5/8/2013 17:41:28,5/8/2013,17:41:28,NaN,NaN,NaN,NaN,NaN
5/8/2013 17:41:43,5/8/2013,17:41:43,NaN,NaN,NaN,NaN,NaN
5/8/2013 17:41:58,5/8/2013,17:41:58,NaN,NaN,NaN,NaN,NaN
5/8/2013 17:42:13,5/8/2013,17:42:13,NaN,NaN,NaN,NaN,NaN
5/8/2013 17:42:28,5/8/2013,17:42:28,NaN,NaN,NaN,NaN,NaN
5/8/2013 17:42:43,5/8/2013,17:42:43,NaN,NaN,NaN,NaN,NaN
5/8/2013 17:42:58,5/8/2013,17:42:58,NaN,NaN,NaN,NaN,NaN
5/8/2013 17:43:13,5/8/2013,17:43:13,NaN,NaN,NaN,NaN,NaN
5/8/2013 17:43:28,5/8/2013,17:43:28,NaN,NaN,NaN,NaN,NaN
5/8/2013 17:43:43,5/8/2013,17:43:43,NaN,NaN,NaN,NaN,NaN
5/8/2013 17:43:58,5/8/2013,17:43:58,NaN,NaN,NaN,NaN,NaN
5/8/2013 17:44:13,5/8/2013,17:44:13,NaN,NaN,NaN,NaN,NaN
5/8/2013 17:44:28,5/8/2013,17:44:28,NaN,NaN,NaN,NaN,NaN
5/8/2013 17:44:43,5/8/2013,17:44:43,NaN,NaN,NaN,NaN,NaN
5/8/2013 17:44:58,5/8/2013,17:44:58,NaN,NaN,NaN,NaN,NaN
5/8/2013 17:45:13,5/8/2013,17:45:13,NaN,NaN,NaN,NaN,NaN
5/8/2013 17:45:28,5/8/2013,17:45:28,NaN,NaN,NaN,NaN,NaN
5/8/2013 17:45:43,5/8/2013,17:45:43,NaN,NaN,NaN,NaN,NaN
5/8/2013 17:45:58,5/8/2013,17:45:58,NaN,NaN,NaN,NaN,NaN
5/8/2013 17:46:13,5/8/2013,17:46:13,NaN,NaN,NaN,NaN,NaN
5/8/2013 17:46:28,5/8/2013,17:46:28,NaN,NaN,NaN,NaN,NaN
5/8/2013 17:46:43,5/8/2013,17:46:43,NaN,NaN,NaN,NaN,NaN
5/8/2013 17:46:58,5/8/2013,17:46:58,NaN,NaN,NaN,NaN,NaN
5/8/2013 17:47:13,5/8/2013,17:47:13,NaN,NaN,NaN,NaN,NaN
5/8/2013 17:47:28,5/8/2013,17:47:28,NaN,NaN,NaN,NaN,NaN
5/8/2013 17:47:43,5/8/2013,17:47:43,NaN,NaN,NaN,NaN,NaN
5/8/2013 17:47:58,5/8/2013,17:47:58,NaN,NaN,NaN,NaN,NaN
5/8/2013 17:48:13,5/8/2013,17:48:13,NaN,NaN,NaN,NaN,NaN
5/8/2013 17:48:28,5/8/2013,17:48:28,NaN,NaN,NaN,NaN,NaN
5/8/2013 17:48:43,5/8/2013,17:48:43,NaN,NaN,NaN,NaN,NaN
5/8/2013 17:48:58,5/8/2013,17:48:58,NaN,NaN,NaN,NaN,NaN
5/8/2013 17:49:13,5/8/2013,17:49:13,NaN,NaN,NaN,NaN,NaN
5/8/2013 17:49:28,5/8/2013,17:49:28,NaN,NaN,NaN,NaN,NaN
5/8/2013 17:49:43,5/8/2013,17:49:43,NaN,NaN,NaN,NaN,NaN
5/8/2013 17:49:58,5/8/2013,17:49:58,NaN,NaN,NaN,NaN,NaN
5/8/2013 17:50:13,5/8/2013,17:50:13,NaN,NaN,NaN,NaN,NaN
5/8/2013 17:50:28,5/8/2013,17:50:28,NaN,NaN,NaN,NaN,NaN
5/8/2013 17:50:43,5/8/2013,17:50:43,NaN,NaN,NaN,NaN,NaN
5/8/2013 17:50:58,5/8/2013,17:50:58,NaN,NaN,NaN,NaN,NaN
5/8/2013 17:51:13,5/8/2013,17:51:13,NaN,NaN,NaN,NaN,NaN
5/8/2013 17:51:28,5/8/2013,17:51:28,NaN,NaN,NaN,NaN,NaN
5/8/2013 17:51:43,5/8/2013,17:51:43,NaN,NaN,NaN,NaN,NaN
5/8/2013 17:51:58,5/8/2013,17:51:58,NaN,NaN,NaN,NaN,NaN
5/8/2013 17:52:13,5/8/2013,17:52:13,NaN,NaN,NaN,NaN,NaN
5/8/2013 17:52:28,5/8/2013,17:52:28,NaN,NaN,NaN,NaN,NaN
5/8/2013 17:52:43,5/8/2013,17:52:43,NaN,NaN,NaN,NaN,NaN
5/8/2013 17:52:58,5/8/2013,17:52:58,NaN,NaN,NaN,NaN,NaN
5/8/2013 17:53:13,5/8/2013,17:53:13,NaN,NaN,NaN,NaN,NaN
5/8/2013 17:53:28,5/8/2013,17:53:28,NaN,NaN,NaN,NaN,NaN
5/8/2013 17:53:43,5/8/2013,17:53:43,NaN,NaN,NaN,NaN,NaN
5/8/2013 17:53:58,5/8/2013,17:53:58,NaN,NaN,NaN,NaN,NaN
5/8/2013 17:54:13,5/8/2013,17:54:13,NaN,NaN,NaN,NaN,NaN
5/8/2013 17:54:28,5/8/2013,17:54:28,NaN,NaN,NaN,NaN,NaN
5/8/2013 17:54:43,5/8/2013,17:54:43,NaN,NaN,NaN,NaN,NaN
5/8/2013 17:54:58,5/8/2013,17:54:58,NaN,NaN,NaN,NaN,NaN
5/8/2013 17:55:13,5/8/2013,17:55:13,NaN,NaN,NaN,NaN,NaN
5/8/2013 17:55:28,5/8/2013,17:55:28,NaN,NaN,NaN,NaN,NaN
5/8/2013 17:55:43,5/8/2013,17:55:43,NaN,NaN,NaN,NaN,NaN
5/8/2013 17:55:58,5/8/2013,17:55:58,NaN,NaN,NaN,NaN,NaN
5/8/2013 17:56:13,5/8/2013,17:56:13,NaN,NaN,NaN,NaN,NaN
5/8/2013 17:56:28,5/8/2013,17:56:28,NaN,NaN,NaN,NaN,NaN
5/8/2013 17:56:43,5/8/2013,17:56:43,NaN,NaN,NaN,NaN,NaN
5/8/2013 17:56:58,5/8/2013,17:56:58,NaN,NaN,NaN,NaN,NaN
5/8/2013 17:57:13,5/8/2013,17:57:13,NaN,NaN,NaN,NaN,NaN
5/8/2013 17:57:28,5/8/2013,17:57:28,NaN,NaN,NaN,NaN,NaN
5/8/2013 17:57:43,5/8/2013,17:57:43,NaN,NaN,NaN,NaN,NaN
5/8/2013 17:57:58,5/8/2013,17:57:58,NaN,NaN,NaN,NaN,NaN
5/8/2013 17:58:13,5/8/2013,17:58:13,NaN,NaN,NaN,NaN,NaN
5/8/2013 17:58:28,5/8/2013,17:58:28,NaN,NaN,NaN,NaN,NaN
5/8/2013 17:58:43,5/8/2013,17:58:43,NaN,NaN,NaN,NaN,NaN
5/8/2013 17:58:58,5/8/2013,17:58:58,NaN,NaN,NaN,NaN,NaN
5/8/2013 17:59:13,5/8/2013,17:59:13,NaN,NaN,NaN,NaN,NaN
5/8/2013 17:59:28,5/8/2013,17:59:28,NaN,NaN,NaN,NaN,NaN
5/8/2013 17:59:43,5/8/2013,17:59:43,NaN,NaN,NaN,NaN,NaN
5/8/2013 17:59:58,5/8/2013,17:59:58,NaN,NaN,NaN,NaN,NaN
5/8/2013 18:00:13,5/8/2013,18:00:13,NaN,NaN,NaN,NaN,NaN
5/8/2013 18:00:28,5/8/2013,18:00:28,NaN,NaN,NaN,NaN,NaN
5/8/2013 18:00:43,5/8/2013,18:00:43,NaN,NaN,NaN,NaN,NaN
5/8/2013 18:00:58,5/8/2013,18:00:58,NaN,NaN,NaN,NaN,NaN
5/8/2013 18:01:13,5/8/2013,18:01:13,NaN,NaN,NaN,NaN,NaN
5/8/2013 18:01:28,5/8/2013,18:01:28,NaN,NaN,NaN,NaN,NaN
5/8/2013 18:01:43,5/8/2013,18:01:43,NaN,NaN,NaN,NaN,NaN
5/8/2013 18:01:58,5/8/2013,18:01:58,NaN,NaN,NaN,NaN,NaN
5/8/2013 18:02:13,5/8/2013,18:02:13,NaN,NaN,NaN,NaN,NaN
5/8/2013 18:02:28,5/8/2013,18:02:28,NaN,NaN,NaN,NaN,NaN
5/8/2013 18:02:43,5/8/2013,18:02:43,NaN,NaN,NaN,NaN,NaN
5/8/2013 18:02:58,5/8/2013,18:02:58,NaN,NaN,NaN,NaN,NaN
5/8/2013 18:03:13,5/8/2013,18:03:13,NaN,NaN,NaN,NaN,NaN
5/8/2013 18:03:28,5/8/2013,18:03:28,NaN,NaN,NaN,NaN,NaN
5/8/2013 18:03:43,5/8/2013,18:03:43,NaN,NaN,NaN,NaN,NaN
5/8/2013 18:03:58,5/8/2013,18:03:58,NaN,NaN,NaN,NaN,NaN
5/8/2013 18:04:13,5/8/2013,18:04:13,NaN,NaN,NaN,NaN,NaN
5/8/2013 18:04:28,5/8/2013,18:04:28,NaN,NaN,NaN,NaN,NaN
5/8/2013 18:04:43,5/8/2013,18:04:43,NaN,NaN,NaN,NaN,NaN
5/8/2013 18:04:58,5/8/2013,18:04:58,NaN,NaN,NaN,NaN,NaN
5/8/2013 18:05:13,5/8/2013,18:05:13,NaN,NaN,NaN,NaN,NaN
5/8/2013 18:05:28,5/8/2013,18:05:28,NaN,NaN,NaN,NaN,NaN
5/8/2013 18:05:43,5/8/2013,18:05:43,NaN,NaN,NaN,NaN,NaN
5/8/2013 18:05:58,5/8/2013,18:05:58,NaN,NaN,NaN,NaN,NaN
5/8/2013 18:06:13,5/8/2013,18:06:13,NaN,NaN,NaN,NaN,NaN
5/8/2013 18:06:28,5/8/2013,18:06:28,NaN,NaN,NaN,NaN,NaN
5/8/2013 18:06:43,5/8/2013,18:06:43,NaN,NaN,NaN,NaN,NaN
5/8/2013 18:06:58,5/8/2013,18:06:58,NaN,NaN,NaN,NaN,NaN
5/8/2013 18:07:13,5/8/2013,18:07:13,NaN,NaN,NaN,NaN,NaN
5/8/2013 18:07:28,5/8/2013,18:07:28,NaN,NaN,NaN,NaN,NaN
5/8/2013 18:07:43,5/8/2013,18:07:43,NaN,NaN,NaN,NaN,NaN
5/8/2013 18:07:58,5/8/2013,18:07:58,NaN,NaN,NaN,NaN,NaN
5/8/2013 18:08:13,5/8/2013,18:08:13,NaN,NaN,NaN,NaN,NaN
5/8/2013 18:08:28,5/8/2013,18:08:28,NaN,NaN,NaN,NaN,NaN
5/8/2013 18:08:43,5/8/2013,18:08:43,NaN,NaN,NaN,NaN,NaN
5/8/2013 18:08:58,5/8/2013,18:08:58,NaN,NaN,NaN,NaN,NaN
5/8/2013 18:09:13,5/8/2013,18:09:13,NaN,NaN,NaN,NaN,NaN
5/8/2013 18:09:28,5/8/2013,18:09:28,NaN,NaN,NaN,NaN,NaN
5/8/2013 18:09:43,5/8/2013,18:09:43,NaN,NaN,NaN,NaN,NaN
5/8/2013 18:09:58,5/8/2013,18:09:58,NaN,NaN,NaN,NaN,NaN
5/8/2013 18:10:13,5/8/2013,18:10:13,NaN,NaN,NaN,NaN,NaN
5/8/2013 18:10:28,5/8/2013,18:10:28,NaN,NaN,NaN,NaN,NaN
5/8/2013 18:10:43,5/8/2013,18:10:43,NaN,NaN,NaN,NaN,NaN
5/8/2013 18:10:58,5/8/2013,18:10:58,NaN,NaN,NaN,NaN,NaN
5/8/2013 18:11:13,5/8/2013,18:11:13,NaN,NaN,NaN,NaN,NaN
5/8/2013 18:11:28,5/8/2013,18:11:28,NaN,NaN,NaN,NaN,NaN
5/8/2013 18:11:43,5/8/2013,18:11:43,NaN,NaN,NaN,NaN,NaN
5/8/2013 18:11:58,5/8/2013,18:11:58,NaN,NaN,NaN,NaN,NaN
5/8/2013 18:12:13,5/8/2013,18:12:13,NaN,NaN,NaN,NaN,NaN
5/8/2013 18:12:28,5/8/2013,18:12:28,NaN,NaN,NaN,NaN,NaN
5/8/2013 18:12:43,5/8/2013,18:12:43,NaN,NaN,NaN,NaN,NaN
5/8/2013 18:12:58,5/8/2013,18:12:58,NaN,NaN,NaN,NaN,NaN
5/8/2013 18:13:13,5/8/2013,18:13:13,NaN,NaN,NaN,NaN,NaN
5/8/2013 18:13:28,5/8/2013,18:13:28,NaN,NaN,NaN,NaN,NaN
5/8/2013 18:13:43,5/8/2013,18:13:43,NaN,NaN,NaN,NaN,NaN
5/8/2013 18:13:58,5/8/2013,18:13:58,NaN,NaN,NaN,NaN,NaN
5/8/2013 18:14:13,5/8/2013,18:14:13,NaN,NaN,NaN,NaN,NaN
5/8/2013 18:14:28,5/8/2013,18:14:28,NaN,NaN,NaN,NaN,NaN
5/8/2013 18:14:43,5/8/2013,18:14:43,NaN,NaN,NaN,NaN,NaN
5/8/2013 18:14:58,5/8/2013,18:14:58,NaN,NaN,NaN,NaN,NaN
5/8/2013 18:15:13,5/8/2013,18:15:13,NaN,NaN,NaN,NaN,NaN
5/8/2013 18:15:28,5/8/2013,18:15:28,NaN,NaN,NaN,NaN,NaN
5/8/2013 18:15:43,5/8/2013,18:15:43,NaN,NaN,NaN,NaN,NaN
5/8/2013 18:15:58,5/8/2013,18:15:58,NaN,NaN,NaN,NaN,NaN
5/8/2013 18:16:13,5/8/2013,18:16:13,NaN,NaN,NaN,NaN,NaN
5/8/2013 18:16:28,5/8/2013,18:16:28,NaN,NaN,NaN,NaN,NaN
5/8/2013 18:16:43,5/8/2013,18:16:43,NaN,NaN,NaN,NaN,NaN
5/8/2013 18:16:58,5/8/2013,18:16:58,NaN,NaN,NaN,NaN,NaN
5/8/2013 18:17:13,5/8/2013,18:17:13,NaN,NaN,NaN,NaN,NaN
5/8/2013 18:17:28,5/8/2013,18:17:28,NaN,NaN,NaN,NaN,NaN
5/8/2013 18:17:43,5/8/2013,18:17:43,NaN,NaN,NaN,NaN,NaN
5/8/2013 18:17:58,5/8/2013,18:17:58,NaN,NaN,NaN,NaN,NaN
5/8/2013 18:18:13,5/8/2013,18:18:13,NaN,NaN,NaN,NaN,NaN
5/8/2013 18:18:28,5/8/2013,18:18:28,NaN,NaN,NaN,NaN,NaN
5/8/2013 18:18:43,5/8/2013,18:18:43,NaN,NaN,NaN,NaN,NaN
5/8/2013 18:18:58,5/8/2013,18:18:58,NaN,NaN,NaN,NaN,NaN
5/8/2013 18:19:13,5/8/2013,18:19:13,NaN,NaN,NaN,NaN,NaN
5/8/2013 18:19:28,5/8/2013,18:19:28,NaN,NaN,NaN,NaN,NaN
5/8/2013 18:19:43,5/8/2013,18:19:43,NaN,NaN,NaN,NaN,NaN
5/8/2013 18:19:58,5/8/2013,18:19:58,NaN,NaN,NaN,NaN,NaN
5/8/2013 18:20:13,5/8/2013,18:20:13,NaN,NaN,NaN,NaN,NaN
5/8/2013 18:20:28,5/8/2013,18:20:28,NaN,NaN,NaN,NaN,NaN
5/8/2013 18:20:43,5/8/2013,18:20:43,NaN,NaN,NaN,NaN,NaN
5/8/2013 18:20:58,5/8/2013,18:20:58,NaN,NaN,NaN,NaN,NaN
5/8/2013 18:21:13,5/8/2013,18:21:13,NaN,NaN,NaN,NaN,NaN
5/8/2013 18:21:28,5/8/2013,18:21:28,NaN,NaN,NaN,NaN,NaN
5/8/2013 18:21:43,5/8/2013,18:21:43,NaN,NaN,NaN,NaN,NaN
5/8/2013 18:21:58,5/8/2013,18:21:58,NaN,NaN,NaN,NaN,NaN
5/8/2013 18:22:13,5/8/2013,18:22:13,NaN,NaN,NaN,NaN,NaN
5/8/2013 18:22:28,5/8/2013,18:22:28,NaN,NaN,NaN,NaN,NaN
5/8/2013 18:22:43,5/8/2013,18:22:43,NaN,NaN,NaN,NaN,NaN
5/8/2013 18:22:58,5/8/2013,18:22:58,NaN,NaN,NaN,NaN,NaN
5/8/2013 18:23:13,5/8/2013,18:23:13,NaN,NaN,NaN,NaN,NaN
5/8/2013 18:23:28,5/8/2013,18:23:28,NaN,NaN,NaN,NaN,NaN
5/8/2013 18:23:43,5/8/2013,18:23:43,NaN,NaN,NaN,NaN,NaN
5/8/2013 18:23:58,5/8/2013,18:23:58,NaN,NaN,NaN,NaN,NaN
5/8/2013 18:24:13,5/8/2013,18:24:13,NaN,NaN,NaN,NaN,NaN
5/8/2013 18:24:28,5/8/2013,18:24:28,NaN,NaN,NaN,NaN,NaN
5/8/2013 18:24:43,5/8/2013,18:24:43,NaN,NaN,NaN,NaN,NaN
5/8/2013 18:24:58,5/8/2013,18:24:58,NaN,NaN,NaN,NaN,NaN
5/8/2013 18:25:13,5/8/2013,18:25:13,NaN,NaN,NaN,NaN,NaN
5/8/2013 18:25:28,5/8/2013,18:25:28,NaN,NaN,NaN,NaN,NaN
5/8/2013 18:25:43,5/8/2013,18:25:43,NaN,NaN,NaN,NaN,NaN
5/8/2013 18:25:58,5/8/2013,18:25:58,NaN,NaN,NaN,NaN,NaN
5/8/2013 18:26:13,5/8/2013,18:26:13,NaN,NaN,NaN,NaN,NaN
5/8/2013 18:26:28,5/8/2013,18:26:28,NaN,NaN,NaN,NaN,NaN
5/8/2013 18:26:43,5/8/2013,18:26:43,NaN,NaN,NaN,NaN,NaN
5/8/2013 18:26:58,5/8/2013,18:26:58,NaN,NaN,NaN,NaN,NaN
5/8/2013 18:27:13,5/8/2013,18:27:13,NaN,NaN,NaN,NaN,NaN
5/8/2013 18:27:28,5/8/2013,18:27:28,NaN,NaN,NaN,NaN,NaN
5/8/2013 18:27:43,5/8/2013,18:27:43,NaN,NaN,NaN,NaN,NaN
5/8/2013 18:27:58,5/8/2013,18:27:58,NaN,NaN,NaN,NaN,NaN
5/8/2013 18:28:13,5/8/2013,18:28:13,NaN,NaN,NaN,NaN,NaN
5/8/2013 18:28:28,5/8/2013,18:28:28,NaN,NaN,NaN,NaN,NaN
5/8/2013 18:28:43,5/8/2013,18:28:43,NaN,NaN,NaN,NaN,NaN
5/8/2013 18:28:58,5/8/2013,18:28:58,NaN,NaN,NaN,NaN,NaN
5/8/2013 18:29:13,5/8/2013,18:29:13,NaN,NaN,NaN,NaN,NaN
5/8/2013 18:29:28,5/8/2013,18:29:28,NaN,NaN,NaN,NaN,NaN
5/8/2013 18:29:43,5/8/2013,18:29:43,NaN,NaN,NaN,NaN,NaN
5/8/2013 18:29:58,5/8/2013,18:29:58,NaN,NaN,NaN,NaN,NaN
5/8/2013 18:30:13,5/8/2013,18:30:13,NaN,NaN,NaN,NaN,NaN
5/8/2013 18:30:28,5/8/2013,18:30:28,NaN,NaN,NaN,NaN,NaN
5/8/2013 18:30:43,5/8/2013,18:30:43,NaN,NaN,NaN,NaN,NaN
5/8/2013 18:30:58,5/8/2013,18:30:58,NaN,NaN,NaN,NaN,NaN
5/8/2013 18:31:13,5/8/2013,18:31:13,NaN,NaN,NaN,NaN,NaN
5/8/2013 18:31:28,5/8/2013,18:31:28,NaN,NaN,NaN,NaN,NaN
5/8/2013 18:31:43,5/8/2013,18:31:43,NaN,NaN,NaN,NaN,NaN
5/8/2013 18:31:58,5/8/2013,18:31:58,NaN,NaN,NaN,NaN,NaN
5/8/2013 18:32:13,5/8/2013,18:32:13,NaN,NaN,NaN,NaN,NaN
5/8/2013 18:32:28,5/8/2013,18:32:28,NaN,NaN,NaN,NaN,NaN
5/8/2013 18:32:43,5/8/2013,18:32:43,NaN,NaN,NaN,NaN,NaN
5/8/2013 18:32:58,5/8/2013,18:32:58,NaN,NaN,NaN,NaN,NaN
5/8/2013 18:33:13,5/8/2013,18:33:13,NaN,NaN,NaN,NaN,NaN
5/8/2013 18:33:28,5/8/2013,18:33:28,NaN,NaN,NaN,NaN,NaN
5/8/2013 18:33:43,5/8/2013,18:33:43,NaN,NaN,NaN,NaN,NaN
5/8/2013 18:33:58,5/8/2013,18:33:58,NaN,NaN,NaN,NaN,NaN
5/8/2013 18:34:13,5/8/2013,18:34:13,NaN,NaN,NaN,NaN,NaN
5/8/2013 18:34:28,5/8/2013,18:34:28,NaN,NaN,NaN,NaN,NaN
5/8/2013 18:34:43,5/8/2013,18:34:43,NaN,NaN,NaN,NaN,NaN
5/8/2013 18:34:58,5/8/2013,18:34:58,NaN,NaN,NaN,NaN,NaN
5/8/2013 18:35:13,5/8/2013,18:35:13,NaN,NaN,NaN,NaN,NaN
5/8/2013 18:35:28,5/8/2013,18:35:28,NaN,NaN,NaN,NaN,NaN
5/8/2013 18:35:43,5/8/2013,18:35:43,NaN,NaN,NaN,NaN,NaN
5/8/2013 18:35:58,5/8/2013,18:35:58,NaN,NaN,NaN,NaN,NaN
5/8/2013 18:36:13,5/8/2013,18:36:13,NaN,NaN,NaN,NaN,NaN
5/8/2013 18:36:28,5/8/2013,18:36:28,NaN,NaN,NaN,NaN,NaN
5/8/2013 18:36:43,5/8/2013,18:36:43,NaN,NaN,NaN,NaN,NaN
5/8/2013 18:36:58,5/8/2013,18:36:58,NaN,NaN,NaN,NaN,NaN
5/8/2013 18:37:13,5/8/2013,18:37:13,NaN,NaN,NaN,NaN,NaN
5/8/2013 18:37:28,5/8/2013,18:37:28,NaN,NaN,NaN,NaN,NaN
5/8/2013 18:37:43,5/8/2013,18:37:43,NaN,NaN,NaN,NaN,NaN
5/8/2013 18:37:58,5/8/2013,18:37:58,NaN,NaN,NaN,NaN,NaN
5/8/2013 18:38:13,5/8/2013,18:38:13,NaN,NaN,NaN,NaN,NaN
5/8/2013 18:38:28,5/8/2013,18:38:28,NaN,NaN,NaN,NaN,NaN
5/8/2013 18:38:43,5/8/2013,18:38:43,NaN,NaN,NaN,NaN,NaN
5/8/2013 18:38:58,5/8/2013,18:38:58,NaN,NaN,NaN,NaN,NaN
5/8/2013 18:39:13,5/8/2013,18:39:13,NaN,NaN,NaN,NaN,NaN
5/8/2013 18:39:28,5/8/2013,18:39:28,NaN,NaN,NaN,NaN,NaN
5/8/2013 18:39:43,5/8/2013,18:39:43,NaN,NaN,NaN,NaN,NaN
5/8/2013 18:39:58,5/8/2013,18:39:58,NaN,NaN,NaN,NaN,NaN
5/8/2013 18:40:13,5/8/2013,18:40:13,NaN,NaN,NaN,NaN,NaN
5/8/2013 18:40:28,5/8/2013,18:40:28,NaN,NaN,NaN,NaN,NaN
5/8/2013 18:40:43,5/8/2013,18:40:43,NaN,NaN,NaN,NaN,NaN
5/8/2013 18:40:58,5/8/2013,18:40:58,NaN,NaN,NaN,NaN,NaN
5/8/2013 18:41:13,5/8/2013,18:41:13,NaN,NaN,NaN,NaN,NaN
5/8/2013 18:41:28,5/8/2013,18:41:28,NaN,NaN,NaN,NaN,NaN
5/8/2013 18:41:43,5/8/2013,18:41:43,NaN,NaN,NaN,NaN,NaN
5/8/2013 18:41:58,5/8/2013,18:41:58,NaN,NaN,NaN,NaN,NaN
5/8/2013 18:42:13,5/8/2013,18:42:13,NaN,NaN,NaN,NaN,NaN
5/8/2013 18:42:28,5/8/2013,18:42:28,NaN,NaN,NaN,NaN,NaN
5/8/2013 18:42:43,5/8/2013,18:42:43,NaN,NaN,NaN,NaN,NaN
5/8/2013 18:42:58,5/8/2013,18:42:58,NaN,NaN,NaN,NaN,NaN
5/8/2013 18:43:13,5/8/2013,18:43:13,NaN,NaN,NaN,NaN,NaN
5/8/2013 18:43:28,5/8/2013,18:43:28,NaN,NaN,NaN,NaN,NaN
5/8/2013 18:43:43,5/8/2013,18:43:43,NaN,NaN,NaN,NaN,NaN
5/8/2013 18:43:58,5/8/2013,18:43:58,NaN,NaN,NaN,NaN,NaN
5/8/2013 18:44:13,5/8/2013,18:44:13,NaN,NaN,NaN,NaN,NaN
5/8/2013 18:44:28,5/8/2013,18:44:28,NaN,NaN,NaN,NaN,NaN
5/8/2013 18:44:43,5/8/2013,18:44:43,NaN,NaN,NaN,NaN,NaN
5/8/2013 18:44:58,5/8/2013,18:44:58,NaN,NaN,NaN,NaN,NaN
5/8/2013 18:45:13,5/8/2013,18:45:13,NaN,NaN,NaN,NaN,NaN
5/8/2013 18:45:28,5/8/2013,18:45:28,NaN,NaN,NaN,NaN,NaN
5/8/2013 18:45:43,5/8/2013,18:45:43,NaN,NaN,NaN,NaN,NaN
5/8/2013 18:45:58,5/8/2013,18:45:58,NaN,NaN,NaN,NaN,NaN
5/8/2013 18:46:13,5/8/2013,18:46:13,NaN,NaN,NaN,NaN,NaN
5/8/2013 18:46:28,5/8/2013,18:46:28,NaN,NaN,NaN,NaN,NaN
5/8/2013 18:46:43,5/8/2013,18:46:43,NaN,NaN,NaN,NaN,NaN
5/8/2013 18:46:58,5/8/2013,18:46:58,NaN,NaN,NaN,NaN,NaN
5/8/2013 18:47:13,5/8/2013,18:47:13,NaN,NaN,NaN,NaN,NaN
5/8/2013 18:47:28,5/8/2013,18:47:28,NaN,NaN,NaN,NaN,NaN
5/8/2013 18:47:43,5/8/2013,18:47:43,NaN,NaN,NaN,NaN,NaN
5/8/2013 18:47:58,5/8/2013,18:47:58,NaN,NaN,NaN,NaN,NaN
5/8/2013 18:48:13,5/8/2013,18:48:13,NaN,NaN,NaN,NaN,NaN
5/8/2013 18:48:28,5/8/2013,18:48:28,NaN,NaN,NaN,NaN,NaN
5/8/2013 18:48:43,5/8/2013,18:48:43,NaN,NaN,NaN,NaN,NaN
5/8/2013 18:48:58,5/8/2013,18:48:58,NaN,NaN,NaN,NaN,NaN
5/8/2013 18:49:13,5/8/2013,18:49:13,NaN,NaN,NaN,NaN,NaN
5/8/2013 18:49:28,5/8/2013,18:49:28,NaN,NaN,NaN,NaN,NaN
5/8/2013 18:49:43,5/8/2013,18:49:43,NaN,NaN,NaN,NaN,NaN
5/8/2013 18:49:58,5/8/2013,18:49:58,NaN,NaN,NaN,NaN,NaN
5/8/2013 18:50:13,5/8/2013,18:50:13,NaN,NaN,NaN,NaN,NaN
5/8/2013 18:50:28,5/8/2013,18:50:28,NaN,NaN,NaN,NaN,NaN
5/8/2013 18:50:43,5/8/2013,18:50:43,NaN,NaN,NaN,NaN,NaN
5/8/2013 18:50:58,5/8/2013,18:50:58,NaN,NaN,NaN,NaN,NaN
5/8/2013 18:51:13,5/8/2013,18:51:13,NaN,NaN,NaN,NaN,NaN
5/8/2013 18:51:28,5/8/2013,18:51:28,NaN,NaN,NaN,NaN,NaN
5/8/2013 18:51:43,5/8/2013,18:51:43,NaN,NaN,NaN,NaN,NaN
5/8/2013 18:51:58,5/8/2013,18:51:58,NaN,NaN,NaN,NaN,NaN
5/8/2013 18:52:13,5/8/2013,18:52:13,NaN,NaN,NaN,NaN,NaN
5/8/2013 18:52:28,5/8/2013,18:52:28,NaN,NaN,NaN,NaN,NaN
5/8/2013 18:52:43,5/8/2013,18:52:43,NaN,NaN,NaN,NaN,NaN
5/8/2013 18:52:58,5/8/2013,18:52:58,NaN,NaN,NaN,NaN,NaN
5/8/2013 18:53:13,5/8/2013,18:53:13,NaN,NaN,NaN,NaN,NaN
5/8/2013 18:53:28,5/8/2013,18:53:28,NaN,NaN,NaN,NaN,NaN
5/8/2013 18:53:43,5/8/2013,18:53:43,NaN,NaN,NaN,NaN,NaN
5/8/2013 18:53:58,5/8/2013,18:53:58,NaN,NaN,NaN,NaN,NaN
5/8/2013 18:54:13,5/8/2013,18:54:13,NaN,NaN,NaN,NaN,NaN
5/8/2013 18:54:28,5/8/2013,18:54:28,NaN,NaN,NaN,NaN,NaN
5/8/2013 18:54:43,5/8/2013,18:54:43,NaN,NaN,NaN,NaN,NaN
5/8/2013 18:54:58,5/8/2013,18:54:58,NaN,NaN,NaN,NaN,NaN
5/8/2013 18:55:13,5/8/2013,18:55:13,NaN,NaN,NaN,NaN,NaN
5/8/2013 18:55:28,5/8/2013,18:55:28,NaN,NaN,NaN,NaN,NaN
5/8/2013 18:55:43,5/8/2013,18:55:43,NaN,NaN,NaN,NaN,NaN
5/8/2013 18:55:58,5/8/2013,18:55:58,NaN,NaN,NaN,NaN,NaN
5/8/2013 18:56:13,5/8/2013,18:56:13,NaN,NaN,NaN,NaN,NaN
5/8/2013 18:56:28,5/8/2013,18:56:28,NaN,NaN,NaN,NaN,NaN
5/8/2013 18:56:43,5/8/2013,18:56:43,NaN,NaN,NaN,NaN,NaN
5/8/2013 18:56:58,5/8/2013,18:56:58,NaN,NaN,NaN,NaN,NaN
5/8/2013 18:57:13,5/8/2013,18:57:13,NaN,NaN,NaN,NaN,NaN
5/8/2013 18:57:28,5/8/2013,18:57:28,NaN,NaN,NaN,NaN,NaN
5/8/2013 18:57:43,5/8/2013,18:57:43,NaN,NaN,NaN,NaN,NaN
5/8/2013 18:57:58,5/8/2013,18:57:58,NaN,NaN,NaN,NaN,NaN
5/8/2013 18:58:13,5/8/2013,18:58:13,NaN,NaN,NaN,NaN,NaN
5/8/2013 18:58:28,5/8/2013,18:58:28,NaN,NaN,NaN,NaN,NaN
5/8/2013 18:58:43,5/8/2013,18:58:43,NaN,NaN,NaN,NaN,NaN
5/8/2013 18:58:58,5/8/2013,18:58:58,NaN,NaN,NaN,NaN,NaN
5/8/2013 18:59:13,5/8/2013,18:59:13,NaN,NaN,NaN,NaN,NaN
5/8/2013 18:59:28,5/8/2013,18:59:28,NaN,NaN,NaN,NaN,NaN
5/8/2013 18:59:43,5/8/2013,18:59:43,NaN,NaN,NaN,NaN,NaN
5/8/2013 18:59:58,5/8/2013,18:59:58,NaN,NaN,NaN,NaN,NaN
5/8/2013 19:00:13,5/8/2013,19:00:13,NaN,NaN,NaN,NaN,NaN
5/8/2013 19:00:28,5/8/2013,19:00:28,NaN,NaN,NaN,NaN,NaN
5/8/2013 19:00:43,5/8/2013,19:00:43,NaN,NaN,NaN,NaN,NaN
5/8/2013 19:00:58,5/8/2013,19:00:58,NaN,NaN,NaN,NaN,NaN
5/8/2013 19:01:13,5/8/2013,19:01:13,NaN,NaN,NaN,NaN,NaN
5/8/2013 19:01:28,5/8/2013,19:01:28,NaN,NaN,NaN,NaN,NaN
5/8/2013 19:01:43,5/8/2013,19:01:43,NaN,NaN,NaN,NaN,NaN
5/8/2013 19:01:58,5/8/2013,19:01:58,NaN,NaN,NaN,NaN,NaN
5/8/2013 19:02:13,5/8/2013,19:02:13,NaN,NaN,NaN,NaN,NaN
5/8/2013 19:02:28,5/8/2013,19:02:28,NaN,NaN,NaN,NaN,NaN
5/8/2013 19:02:43,5/8/2013,19:02:43,NaN,NaN,NaN,NaN,NaN
5/8/2013 19:02:58,5/8/2013,19:02:58,NaN,NaN,NaN,NaN,NaN
5/8/2013 19:03:13,5/8/2013,19:03:13,NaN,NaN,NaN,NaN,NaN
5/8/2013 19:03:28,5/8/2013,19:03:28,NaN,NaN,NaN,NaN,NaN
5/8/2013 19:03:43,5/8/2013,19:03:43,NaN,NaN,NaN,NaN,NaN
5/8/2013 19:03:58,5/8/2013,19:03:58,NaN,NaN,NaN,NaN,NaN
5/8/2013 19:04:13,5/8/2013,19:04:13,NaN,NaN,NaN,NaN,NaN
5/8/2013 19:04:28,5/8/2013,19:04:28,NaN,NaN,NaN,NaN,NaN
5/8/2013 19:04:43,5/8/2013,19:04:43,NaN,NaN,NaN,NaN,NaN
5/8/2013 19:04:58,5/8/2013,19:04:58,NaN,NaN,NaN,NaN,NaN
5/8/2013 19:05:13,5/8/2013,19:05:13,NaN,NaN,NaN,NaN,NaN
5/8/2013 19:05:28,5/8/2013,19:05:28,NaN,NaN,NaN,NaN,NaN
5/8/2013 19:05:43,5/8/2013,19:05:43,NaN,NaN,NaN,NaN,NaN
5/8/2013 19:05:58,5/8/2013,19:05:58,NaN,NaN,NaN,NaN,NaN
5/8/2013 19:06:13,5/8/2013,19:06:13,NaN,NaN,NaN,NaN,NaN
5/8/2013 19:06:28,5/8/2013,19:06:28,NaN,NaN,NaN,NaN,NaN
5/8/2013 19:06:43,5/8/2013,19:06:43,NaN,NaN,NaN,NaN,NaN
5/8/2013 19:06:58,5/8/2013,19:06:58,NaN,NaN,NaN,NaN,NaN
5/8/2013 19:07:13,5/8/2013,19:07:13,NaN,NaN,NaN,NaN,NaN
5/8/2013 19:07:28,5/8/2013,19:07:28,NaN,NaN,NaN,NaN,NaN
5/8/2013 19:07:43,5/8/2013,19:07:43,NaN,NaN,NaN,NaN,NaN
5/8/2013 19:07:58,5/8/2013,19:07:58,NaN,NaN,NaN,NaN,NaN
5/8/2013 19:08:13,5/8/2013,19:08:13,NaN,NaN,NaN,NaN,NaN
5/8/2013 19:08:28,5/8/2013,19:08:28,NaN,NaN,NaN,NaN,NaN
5/8/2013 19:08:43,5/8/2013,19:08:43,NaN,NaN,NaN,NaN,NaN
5/8/2013 19:08:58,5/8/2013,19:08:58,NaN,NaN,NaN,NaN,NaN
5/8/2013 19:09:13,5/8/2013,19:09:13,NaN,NaN,NaN,NaN,NaN
5/8/2013 19:09:28,5/8/2013,19:09:28,NaN,NaN,NaN,NaN,NaN
5/8/2013 19:09:43,5/8/2013,19:09:43,NaN,NaN,NaN,NaN,NaN
5/8/2013 19:09:58,5/8/2013,19:09:58,NaN,NaN,NaN,NaN,NaN
5/8/2013 19:10:13,5/8/2013,19:10:13,NaN,NaN,NaN,NaN,NaN
5/8/2013 19:10:28,5/8/2013,19:10:28,NaN,NaN,NaN,NaN,NaN
5/8/2013 19:10:43,5/8/2013,19:10:43,NaN,NaN,NaN,NaN,NaN
5/8/2013 19:10:58,5/8/2013,19:10:58,NaN,NaN,NaN,NaN,NaN
5/8/2013 19:11:13,5/8/2013,19:11:13,NaN,NaN,NaN,NaN,NaN
5/8/2013 19:11:28,5/8/2013,19:11:28,NaN,NaN,NaN,NaN,NaN
5/8/2013 19:11:43,5/8/2013,19:11:43,NaN,NaN,NaN,NaN,NaN
5/8/2013 19:11:58,5/8/2013,19:11:58,NaN,NaN,NaN,NaN,NaN
5/8/2013 19:12:13,5/8/2013,19:12:13,NaN,NaN,NaN,NaN,NaN
5/8/2013 19:12:28,5/8/2013,19:12:28,NaN,NaN,NaN,NaN,NaN
5/8/2013 19:12:43,5/8/2013,19:12:43,NaN,NaN,NaN,NaN,NaN
5/8/2013 19:12:58,5/8/2013,19:12:58,NaN,NaN,NaN,NaN,NaN
5/8/2013 19:13:13,5/8/2013,19:13:13,NaN,NaN,NaN,NaN,NaN
5/8/2013 19:13:28,5/8/2013,19:13:28,NaN,NaN,NaN,NaN,NaN
5/8/2013 19:13:43,5/8/2013,19:13:43,NaN,NaN,NaN,NaN,NaN
5/8/2013 19:13:58,5/8/2013,19:13:58,NaN,NaN,NaN,NaN,NaN
5/8/2013 19:14:13,5/8/2013,19:14:13,NaN,NaN,NaN,NaN,NaN
5/8/2013 19:14:28,5/8/2013,19:14:28,NaN,NaN,NaN,NaN,NaN
5/8/2013 19:14:43,5/8/2013,19:14:43,NaN,NaN,NaN,NaN,NaN
5/8/2013 19:14:58,5/8/2013,19:14:58,NaN,NaN,NaN,NaN,NaN
5/8/2013 19:15:13,5/8/2013,19:15:13,NaN,NaN,NaN,NaN,NaN
5/8/2013 19:15:28,5/8/2013,19:15:28,NaN,NaN,NaN,NaN,NaN
5/8/2013 19:15:43,5/8/2013,19:15:43,NaN,NaN,NaN,NaN,NaN
5/8/2013 19:15:58,5/8/2013,19:15:58,NaN,NaN,NaN,NaN,NaN
5/8/2013 19:16:13,5/8/2013,19:16:13,NaN,NaN,NaN,NaN,NaN
5/8/2013 19:16:28,5/8/2013,19:16:28,NaN,NaN,NaN,NaN,NaN
5/8/2013 19:16:43,5/8/2013,19:16:43,NaN,NaN,NaN,NaN,NaN
5/8/2013 19:16:58,5/8/2013,19:16:58,NaN,NaN,NaN,NaN,NaN
5/8/2013 19:17:13,5/8/2013,19:17:13,NaN,NaN,NaN,NaN,NaN
5/8/2013 19:17:28,5/8/2013,19:17:28,NaN,NaN,NaN,NaN,NaN
5/8/2013 19:17:43,5/8/2013,19:17:43,NaN,NaN,NaN,NaN,NaN
5/8/2013 19:17:58,5/8/2013,19:17:58,NaN,NaN,NaN,NaN,NaN
5/8/2013 19:18:13,5/8/2013,19:18:13,NaN,NaN,NaN,NaN,NaN
5/8/2013 19:18:28,5/8/2013,19:18:28,NaN,NaN,NaN,NaN,NaN
5/8/2013 19:18:43,5/8/2013,19:18:43,NaN,NaN,NaN,NaN,NaN
5/8/2013 19:18:58,5/8/2013,19:18:58,NaN,NaN,NaN,NaN,NaN
5/8/2013 19:19:13,5/8/2013,19:19:13,NaN,NaN,NaN,NaN,NaN
5/8/2013 19:19:28,5/8/2013,19:19:28,NaN,NaN,NaN,NaN,NaN
5/8/2013 19:19:43,5/8/2013,19:19:43,NaN,NaN,NaN,NaN,NaN
5/8/2013 19:19:58,5/8/2013,19:19:58,NaN,NaN,NaN,NaN,NaN
5/8/2013 19:20:13,5/8/2013,19:20:13,NaN,NaN,NaN,NaN,NaN
5/8/2013 19:20:28,5/8/2013,19:20:28,NaN,NaN,NaN,NaN,NaN
5/8/2013 19:20:43,5/8/2013,19:20:43,NaN,NaN,NaN,NaN,NaN
5/8/2013 19:20:58,5/8/2013,19:20:58,NaN,NaN,NaN,NaN,NaN
5/8/2013 19:21:13,5/8/2013,19:21:13,NaN,NaN,NaN,NaN,NaN
5/8/2013 19:21:28,5/8/2013,19:21:28,NaN,NaN,NaN,NaN,NaN
5/8/2013 19:21:43,5/8/2013,19:21:43,NaN,NaN,NaN,NaN,NaN
5/8/2013 19:21:58,5/8/2013,19:21:58,NaN,NaN,NaN,NaN,NaN
5/8/2013 19:22:13,5/8/2013,19:22:13,NaN,NaN,NaN,NaN,NaN
5/8/2013 19:22:28,5/8/2013,19:22:28,NaN,NaN,NaN,NaN,NaN
5/8/2013 19:22:43,5/8/2013,19:22:43,NaN,NaN,NaN,NaN,NaN
5/8/2013 19:22:58,5/8/2013,19:22:58,NaN,NaN,NaN,NaN,NaN
5/8/2013 19:23:13,5/8/2013,19:23:13,NaN,NaN,NaN,NaN,NaN
5/8/2013 19:23:28,5/8/2013,19:23:28,NaN,NaN,NaN,NaN,NaN
5/8/2013 19:23:43,5/8/2013,19:23:43,NaN,NaN,NaN,NaN,NaN
5/8/2013 19:23:58,5/8/2013,19:23:58,NaN,NaN,NaN,NaN,NaN
5/8/2013 19:24:13,5/8/2013,19:24:13,NaN,NaN,NaN,NaN,NaN
5/8/2013 19:24:28,5/8/2013,19:24:28,NaN,NaN,NaN,NaN,NaN
5/8/2013 19:24:43,5/8/2013,19:24:43,NaN,NaN,NaN,NaN,NaN
5/8/2013 19:24:58,5/8/2013,19:24:58,NaN,NaN,NaN,NaN,NaN
5/8/2013 19:25:13,5/8/2013,19:25:13,NaN,NaN,NaN,NaN,NaN
5/8/2013 19:25:28,5/8/2013,19:25:28,NaN,NaN,NaN,NaN,NaN
5/8/2013 19:25:43,5/8/2013,19:25:43,NaN,NaN,NaN,NaN,NaN
5/8/2013 19:25:58,5/8/2013,19:25:58,NaN,NaN,NaN,NaN,NaN
5/8/2013 19:26:13,5/8/2013,19:26:13,NaN,NaN,NaN,NaN,NaN
5/8/2013 19:26:28,5/8/2013,19:26:28,NaN,NaN,NaN,NaN,NaN
5/8/2013 19:26:43,5/8/2013,19:26:43,NaN,NaN,NaN,NaN,NaN
5/8/2013 19:26:58,5/8/2013,19:26:58,NaN,NaN,NaN,NaN,NaN
5/8/2013 19:27:13,5/8/2013,19:27:13,NaN,NaN,NaN,NaN,NaN
5/8/2013 19:27:28,5/8/2013,19:27:28,NaN,NaN,NaN,NaN,NaN
5/8/2013 19:27:43,5/8/2013,19:27:43,NaN,NaN,NaN,NaN,NaN
5/8/2013 19:27:58,5/8/2013,19:27:58,NaN,NaN,NaN,NaN,NaN
5/8/2013 19:28:13,5/8/2013,19:28:13,NaN,NaN,NaN,NaN,NaN
5/8/2013 19:28:28,5/8/2013,19:28:28,NaN,NaN,NaN,NaN,NaN
5/8/2013 19:28:43,5/8/2013,19:28:43,NaN,NaN,NaN,NaN,NaN
5/8/2013 19:28:58,5/8/2013,19:28:58,NaN,NaN,NaN,NaN,NaN
5/8/2013 19:29:13,5/8/2013,19:29:13,NaN,NaN,NaN,NaN,NaN
5/8/2013 19:29:28,5/8/2013,19:29:28,NaN,NaN,NaN,NaN,NaN
5/8/2013 19:29:43,5/8/2013,19:29:43,NaN,NaN,NaN,NaN,NaN
5/8/2013 19:29:58,5/8/2013,19:29:58,NaN,NaN,NaN,NaN,NaN
5/8/2013 19:30:13,5/8/2013,19:30:13,NaN,NaN,NaN,NaN,NaN
5/8/2013 19:30:28,5/8/2013,19:30:28,NaN,NaN,NaN,NaN,NaN
5/8/2013 19:30:43,5/8/2013,19:30:43,NaN,NaN,NaN,NaN,NaN
5/8/2013 19:30:58,5/8/2013,19:30:58,NaN,NaN,NaN,NaN,NaN
5/8/2013 19:31:13,5/8/2013,19:31:13,NaN,NaN,NaN,NaN,NaN
5/8/2013 19:31:28,5/8/2013,19:31:28,NaN,NaN,NaN,NaN,NaN
5/8/2013 19:31:43,5/8/2013,19:31:43,NaN,NaN,NaN,NaN,NaN
5/8/2013 19:31:58,5/8/2013,19:31:58,NaN,NaN,NaN,NaN,NaN
5/8/2013 19:32:13,5/8/2013,19:32:13,NaN,NaN,NaN,NaN,NaN
5/8/2013 19:32:28,5/8/2013,19:32:28,NaN,NaN,NaN,NaN,NaN
5/8/2013 19:32:43,5/8/2013,19:32:43,NaN,NaN,NaN,NaN,NaN
5/8/2013 19:32:58,5/8/2013,19:32:58,NaN,NaN,NaN,NaN,NaN
5/8/2013 19:33:13,5/8/2013,19:33:13,NaN,NaN,NaN,NaN,NaN
5/8/2013 19:33:28,5/8/2013,19:33:28,NaN,NaN,NaN,NaN,NaN
5/8/2013 19:33:43,5/8/2013,19:33:43,NaN,NaN,NaN,NaN,NaN
5/8/2013 19:33:58,5/8/2013,19:33:58,NaN,NaN,NaN,NaN,NaN
5/8/2013 19:34:13,5/8/2013,19:34:13,NaN,NaN,NaN,NaN,NaN
5/8/2013 19:34:28,5/8/2013,19:34:28,NaN,NaN,NaN,NaN,NaN
5/8/2013 19:34:43,5/8/2013,19:34:43,NaN,NaN,NaN,NaN,NaN
5/8/2013 19:34:58,5/8/2013,19:34:58,NaN,NaN,NaN,NaN,NaN
5/8/2013 19:35:13,5/8/2013,19:35:13,NaN,NaN,NaN,NaN,NaN
5/8/2013 19:35:28,5/8/2013,19:35:28,NaN,NaN,NaN,NaN,NaN
5/8/2013 19:35:43,5/8/2013,19:35:43,NaN,NaN,NaN,NaN,NaN
5/8/2013 19:35:58,5/8/2013,19:35:58,NaN,NaN,NaN,NaN,NaN
5/8/2013 19:36:13,5/8/2013,19:36:13,NaN,NaN,NaN,NaN,NaN
5/8/2013 19:36:28,5/8/2013,19:36:28,NaN,NaN,NaN,NaN,NaN
5/8/2013 19:36:43,5/8/2013,19:36:43,NaN,NaN,NaN,NaN,NaN
5/8/2013 19:36:58,5/8/2013,19:36:58,NaN,NaN,NaN,NaN,NaN
5/8/2013 19:37:13,5/8/2013,19:37:13,NaN,NaN,NaN,NaN,NaN
5/8/2013 19:37:28,5/8/2013,19:37:28,NaN,NaN,NaN,NaN,NaN
5/8/2013 19:37:43,5/8/2013,19:37:43,NaN,NaN,NaN,NaN,NaN
5/8/2013 19:37:58,5/8/2013,19:37:58,NaN,NaN,NaN,NaN,NaN
5/8/2013 19:38:13,5/8/2013,19:38:13,NaN,NaN,NaN,NaN,NaN
5/8/2013 19:38:28,5/8/2013,19:38:28,NaN,NaN,NaN,NaN,NaN
5/8/2013 19:38:43,5/8/2013,19:38:43,NaN,NaN,NaN,NaN,NaN
5/8/2013 19:38:58,5/8/2013,19:38:58,NaN,NaN,NaN,NaN,NaN
5/8/2013 19:39:13,5/8/2013,19:39:13,NaN,NaN,NaN,NaN,NaN
5/8/2013 19:39:28,5/8/2013,19:39:28,NaN,NaN,NaN,NaN,NaN
5/8/2013 19:39:43,5/8/2013,19:39:43,NaN,NaN,NaN,NaN,NaN
5/8/2013 19:39:58,5/8/2013,19:39:58,NaN,NaN,NaN,NaN,NaN
5/8/2013 19:40:13,5/8/2013,19:40:13,NaN,NaN,NaN,NaN,NaN
5/8/2013 19:40:28,5/8/2013,19:40:28,NaN,NaN,NaN,NaN,NaN
5/8/2013 19:40:43,5/8/2013,19:40:43,NaN,NaN,NaN,NaN,NaN
5/8/2013 19:40:58,5/8/2013,19:40:58,NaN,NaN,NaN,NaN,NaN
5/8/2013 19:41:13,5/8/2013,19:41:13,NaN,NaN,NaN,NaN,NaN
5/8/2013 19:41:28,5/8/2013,19:41:28,NaN,NaN,NaN,NaN,NaN
5/8/2013 19:41:43,5/8/2013,19:41:43,NaN,NaN,NaN,NaN,NaN
5/8/2013 19:41:58,5/8/2013,19:41:58,NaN,NaN,NaN,NaN,NaN
5/8/2013 19:42:13,5/8/2013,19:42:13,NaN,NaN,NaN,NaN,NaN
5/8/2013 19:42:28,5/8/2013,19:42:28,NaN,NaN,NaN,NaN,NaN
5/8/2013 19:42:43,5/8/2013,19:42:43,NaN,NaN,NaN,NaN,NaN
5/8/2013 19:42:58,5/8/2013,19:42:58,NaN,NaN,NaN,NaN,NaN
5/8/2013 19:43:13,5/8/2013,19:43:13,NaN,NaN,NaN,NaN,NaN
5/8/2013 19:43:28,5/8/2013,19:43:28,NaN,NaN,NaN,NaN,NaN
5/8/2013 19:43:43,5/8/2013,19:43:43,NaN,NaN,NaN,NaN,NaN
5/8/2013 19:43:58,5/8/2013,19:43:58,NaN,NaN,NaN,NaN,NaN
5/8/2013 19:44:13,5/8/2013,19:44:13,NaN,NaN,NaN,NaN,NaN
5/8/2013 19:44:28,5/8/2013,19:44:28,NaN,NaN,NaN,NaN,NaN
5/8/2013 19:44:43,5/8/2013,19:44:43,NaN,NaN,NaN,NaN,NaN
5/8/2013 19:44:58,5/8/2013,19:44:58,NaN,NaN,NaN,NaN,NaN
5/8/2013 19:45:13,5/8/2013,19:45:13,NaN,NaN,NaN,NaN,NaN
5/8/2013 19:45:28,5/8/2013,19:45:28,NaN,NaN,NaN,NaN,NaN
5/8/2013 19:45:43,5/8/2013,19:45:43,NaN,NaN,NaN,NaN,NaN
5/8/2013 19:45:58,5/8/2013,19:45:58,NaN,NaN,NaN,NaN,NaN
5/8/2013 19:46:13,5/8/2013,19:46:13,NaN,NaN,NaN,NaN,NaN
5/8/2013 19:46:28,5/8/2013,19:46:28,NaN,NaN,NaN,NaN,NaN
5/8/2013 19:46:43,5/8/2013,19:46:43,NaN,NaN,NaN,NaN,NaN
5/8/2013 19:46:58,5/8/2013,19:46:58,NaN,NaN,NaN,NaN,NaN
5/8/2013 19:47:13,5/8/2013,19:47:13,NaN,NaN,NaN,NaN,NaN
5/8/2013 19:47:28,5/8/2013,19:47:28,NaN,NaN,NaN,NaN,NaN
5/8/2013 19:47:43,5/8/2013,19:47:43,NaN,NaN,NaN,NaN,NaN
5/8/2013 19:47:58,5/8/2013,19:47:58,NaN,NaN,NaN,NaN,NaN
5/8/2013 19:48:13,5/8/2013,19:48:13,NaN,NaN,NaN,NaN,NaN
5/8/2013 19:48:28,5/8/2013,19:48:28,NaN,NaN,NaN,NaN,NaN
5/8/2013 19:48:43,5/8/2013,19:48:43,NaN,NaN,NaN,NaN,NaN
5/8/2013 19:48:58,5/8/2013,19:48:58,NaN,NaN,NaN,NaN,NaN
5/8/2013 19:49:13,5/8/2013,19:49:13,NaN,NaN,NaN,NaN,NaN
5/8/2013 19:49:28,5/8/2013,19:49:28,NaN,NaN,NaN,NaN,NaN
5/8/2013 19:49:43,5/8/2013,19:49:43,NaN,NaN,NaN,NaN,NaN
5/8/2013 19:49:58,5/8/2013,19:49:58,NaN,NaN,NaN,NaN,NaN
5/8/2013 19:50:13,5/8/2013,19:50:13,NaN,NaN,NaN,NaN,NaN
5/8/2013 19:50:28,5/8/2013,19:50:28,NaN,NaN,NaN,NaN,NaN
5/8/2013 19:50:43,5/8/2013,19:50:43,NaN,NaN,NaN,NaN,NaN
5/8/2013 19:50:58,5/8/2013,19:50:58,NaN,NaN,NaN,NaN,NaN
5/8/2013 19:51:13,5/8/2013,19:51:13,NaN,NaN,NaN,NaN,NaN
5/8/2013 19:51:28,5/8/2013,19:51:28,NaN,NaN,NaN,NaN,NaN
5/8/2013 19:51:43,5/8/2013,19:51:43,NaN,NaN,NaN,NaN,NaN
5/8/2013 19:51:58,5/8/2013,19:51:58,NaN,NaN,NaN,NaN,NaN
5/8/2013 19:52:13,5/8/2013,19:52:13,NaN,NaN,NaN,NaN,NaN
5/8/2013 19:52:28,5/8/2013,19:52:28,NaN,NaN,NaN,NaN,NaN
5/8/2013 19:52:43,5/8/2013,19:52:43,NaN,NaN,NaN,NaN,NaN
5/8/2013 19:52:58,5/8/2013,19:52:58,NaN,NaN,NaN,NaN,NaN
5/8/2013 19:53:13,5/8/2013,19:53:13,NaN,NaN,NaN,NaN,NaN
5/8/2013 19:53:28,5/8/2013,19:53:28,NaN,NaN,NaN,NaN,NaN
5/8/2013 19:53:43,5/8/2013,19:53:43,NaN,NaN,NaN,NaN,NaN
5/8/2013 19:53:58,5/8/2013,19:53:58,NaN,NaN,NaN,NaN,NaN
5/8/2013 19:54:13,5/8/2013,19:54:13,NaN,NaN,NaN,NaN,NaN
5/8/2013 19:54:28,5/8/2013,19:54:28,NaN,NaN,NaN,NaN,NaN
5/8/2013 19:54:43,5/8/2013,19:54:43,NaN,NaN,NaN,NaN,NaN
5/8/2013 19:54:58,5/8/2013,19:54:58,NaN,NaN,NaN,NaN,NaN
5/8/2013 19:55:13,5/8/2013,19:55:13,NaN,NaN,NaN,NaN,NaN
5/8/2013 19:55:28,5/8/2013,19:55:28,NaN,NaN,NaN,NaN,NaN
5/8/2013 19:55:43,5/8/2013,19:55:43,NaN,NaN,NaN,NaN,NaN
5/8/2013 19:55:58,5/8/2013,19:55:58,NaN,NaN,NaN,NaN,NaN
5/8/2013 19:56:13,5/8/2013,19:56:13,NaN,NaN,NaN,NaN,NaN
5/8/2013 19:56:28,5/8/2013,19:56:28,NaN,NaN,NaN,NaN,NaN
5/8/2013 19:56:43,5/8/2013,19:56:43,NaN,NaN,NaN,NaN,NaN
5/8/2013 19:56:58,5/8/2013,19:56:58,NaN,NaN,NaN,NaN,NaN
5/8/2013 19:57:13,5/8/2013,19:57:13,NaN,NaN,NaN,NaN,NaN
5/8/2013 19:57:28,5/8/2013,19:57:28,NaN,NaN,NaN,NaN,NaN
5/8/2013 19:57:43,5/8/2013,19:57:43,NaN,NaN,NaN,NaN,NaN
5/8/2013 19:57:58,5/8/2013,19:57:58,NaN,NaN,NaN,NaN,NaN
5/8/2013 19:58:13,5/8/2013,19:58:13,NaN,NaN,NaN,NaN,NaN
5/8/2013 19:58:28,5/8/2013,19:58:28,NaN,NaN,NaN,NaN,NaN
5/8/2013 19:58:43,5/8/2013,19:58:43,NaN,NaN,NaN,NaN,NaN
5/8/2013 19:58:58,5/8/2013,19:58:58,NaN,NaN,NaN,NaN,NaN
5/8/2013 19:59:13,5/8/2013,19:59:13,NaN,NaN,NaN,NaN,NaN
5/8/2013 19:59:28,5/8/2013,19:59:28,NaN,NaN,NaN,NaN,NaN
5/8/2013 19:59:43,5/8/2013,19:59:43,NaN,NaN,NaN,NaN,NaN
5/8/2013 19:59:58,5/8/2013,19:59:58,NaN,NaN,NaN,NaN,NaN
5/8/2013 20:00:13,5/8/2013,20:00:13,NaN,NaN,NaN,NaN,NaN
5/8/2013 20:00:28,5/8/2013,20:00:28,NaN,NaN,NaN,NaN,NaN
5/8/2013 20:00:43,5/8/2013,20:00:43,NaN,NaN,NaN,NaN,NaN
5/8/2013 20:00:58,5/8/2013,20:00:58,NaN,NaN,NaN,NaN,NaN
5/8/2013 20:01:13,5/8/2013,20:01:13,NaN,NaN,NaN,NaN,NaN
5/8/2013 20:01:28,5/8/2013,20:01:28,NaN,NaN,NaN,NaN,NaN
5/8/2013 20:01:43,5/8/2013,20:01:43,NaN,NaN,NaN,NaN,NaN
5/8/2013 20:01:58,5/8/2013,20:01:58,NaN,NaN,NaN,NaN,NaN
5/8/2013 20:02:13,5/8/2013,20:02:13,NaN,NaN,NaN,NaN,NaN
5/8/2013 20:02:28,5/8/2013,20:02:28,NaN,NaN,NaN,NaN,NaN
5/8/2013 20:02:43,5/8/2013,20:02:43,NaN,NaN,NaN,NaN,NaN
5/8/2013 20:02:58,5/8/2013,20:02:58,NaN,NaN,NaN,NaN,NaN
5/8/2013 20:03:13,5/8/2013,20:03:13,NaN,NaN,NaN,NaN,NaN
5/8/2013 20:03:28,5/8/2013,20:03:28,NaN,NaN,NaN,NaN,NaN
5/8/2013 20:03:43,5/8/2013,20:03:43,NaN,NaN,NaN,NaN,NaN
5/8/2013 20:03:58,5/8/2013,20:03:58,NaN,NaN,NaN,NaN,NaN
5/8/2013 20:04:13,5/8/2013,20:04:13,NaN,NaN,NaN,NaN,NaN
5/8/2013 20:04:28,5/8/2013,20:04:28,NaN,NaN,NaN,NaN,NaN
5/8/2013 20:04:43,5/8/2013,20:04:43,NaN,NaN,NaN,NaN,NaN
5/8/2013 20:04:58,5/8/2013,20:04:58,NaN,NaN,NaN,NaN,NaN
5/8/2013 20:05:13,5/8/2013,20:05:13,NaN,NaN,NaN,NaN,NaN
5/8/2013 20:05:28,5/8/2013,20:05:28,NaN,NaN,NaN,NaN,NaN
5/8/2013 20:05:43,5/8/2013,20:05:43,NaN,NaN,NaN,NaN,NaN
5/8/2013 20:05:58,5/8/2013,20:05:58,NaN,NaN,NaN,NaN,NaN
5/8/2013 20:06:13,5/8/2013,20:06:13,NaN,NaN,NaN,NaN,NaN
5/8/2013 20:06:28,5/8/2013,20:06:28,NaN,NaN,NaN,NaN,NaN
5/8/2013 20:06:43,5/8/2013,20:06:43,NaN,NaN,NaN,NaN,NaN
5/8/2013 20:06:58,5/8/2013,20:06:58,NaN,NaN,NaN,NaN,NaN
5/8/2013 20:07:13,5/8/2013,20:07:13,NaN,NaN,NaN,NaN,NaN
5/8/2013 20:07:28,5/8/2013,20:07:28,NaN,NaN,NaN,NaN,NaN
5/8/2013 20:07:43,5/8/2013,20:07:43,NaN,NaN,NaN,NaN,NaN
5/8/2013 20:07:58,5/8/2013,20:07:58,NaN,NaN,NaN,NaN,NaN
5/8/2013 20:08:13,5/8/2013,20:08:13,NaN,NaN,NaN,NaN,NaN
5/8/2013 20:08:28,5/8/2013,20:08:28,NaN,NaN,NaN,NaN,NaN
5/8/2013 20:08:43,5/8/2013,20:08:43,NaN,NaN,NaN,NaN,NaN
5/8/2013 20:08:58,5/8/2013,20:08:58,NaN,NaN,NaN,NaN,NaN
5/8/2013 20:09:13,5/8/2013,20:09:13,NaN,NaN,NaN,NaN,NaN
5/8/2013 20:09:28,5/8/2013,20:09:28,NaN,NaN,NaN,NaN,NaN
5/8/2013 20:09:43,5/8/2013,20:09:43,NaN,NaN,NaN,NaN,NaN
5/8/2013 20:09:58,5/8/2013,20:09:58,NaN,NaN,NaN,NaN,NaN
5/8/2013 20:10:13,5/8/2013,20:10:13,NaN,NaN,NaN,NaN,NaN
5/8/2013 20:10:28,5/8/2013,20:10:28,NaN,NaN,NaN,NaN,NaN
5/8/2013 20:10:43,5/8/2013,20:10:43,NaN,NaN,NaN,NaN,NaN
5/8/2013 20:10:58,5/8/2013,20:10:58,NaN,NaN,NaN,NaN,NaN
5/8/2013 20:11:13,5/8/2013,20:11:13,NaN,NaN,NaN,NaN,NaN
5/8/2013 20:11:28,5/8/2013,20:11:28,NaN,NaN,NaN,NaN,NaN
5/8/2013 20:11:43,5/8/2013,20:11:43,NaN,NaN,NaN,NaN,NaN
5/8/2013 20:11:58,5/8/2013,20:11:58,NaN,NaN,NaN,NaN,NaN
5/8/2013 20:12:13,5/8/2013,20:12:13,NaN,NaN,NaN,NaN,NaN
5/8/2013 20:12:28,5/8/2013,20:12:28,NaN,NaN,NaN,NaN,NaN
5/8/2013 20:12:43,5/8/2013,20:12:43,NaN,NaN,NaN,NaN,NaN
5/8/2013 20:12:58,5/8/2013,20:12:58,NaN,NaN,NaN,NaN,NaN
5/8/2013 20:13:13,5/8/2013,20:13:13,NaN,NaN,NaN,NaN,NaN
5/8/2013 20:13:28,5/8/2013,20:13:28,NaN,NaN,NaN,NaN,NaN
5/8/2013 20:13:43,5/8/2013,20:13:43,NaN,NaN,NaN,NaN,NaN
5/8/2013 20:13:58,5/8/2013,20:13:58,NaN,NaN,NaN,NaN,NaN
5/8/2013 20:14:13,5/8/2013,20:14:13,NaN,NaN,NaN,NaN,NaN
5/8/2013 20:14:28,5/8/2013,20:14:28,NaN,NaN,NaN,NaN,NaN
5/8/2013 20:14:43,5/8/2013,20:14:43,NaN,NaN,NaN,NaN,NaN
5/8/2013 20:14:58,5/8/2013,20:14:58,NaN,NaN,NaN,NaN,NaN
5/8/2013 20:15:13,5/8/2013,20:15:13,NaN,NaN,NaN,NaN,NaN
5/8/2013 20:15:28,5/8/2013,20:15:28,NaN,NaN,NaN,NaN,NaN
5/8/2013 20:15:43,5/8/2013,20:15:43,NaN,NaN,NaN,NaN,NaN
5/8/2013 20:15:58,5/8/2013,20:15:58,NaN,NaN,NaN,NaN,NaN
5/8/2013 20:16:13,5/8/2013,20:16:13,NaN,NaN,NaN,NaN,NaN
5/8/2013 20:16:28,5/8/2013,20:16:28,NaN,NaN,NaN,NaN,NaN
5/8/2013 20:16:43,5/8/2013,20:16:43,NaN,NaN,NaN,NaN,NaN
5/8/2013 20:16:58,5/8/2013,20:16:58,NaN,NaN,NaN,NaN,NaN
5/8/2013 20:17:13,5/8/2013,20:17:13,NaN,NaN,NaN,NaN,NaN
5/8/2013 20:17:28,5/8/2013,20:17:28,NaN,NaN,NaN,NaN,NaN
5/8/2013 20:17:43,5/8/2013,20:17:43,NaN,NaN,NaN,NaN,NaN
5/8/2013 20:17:58,5/8/2013,20:17:58,NaN,NaN,NaN,NaN,NaN
5/8/2013 20:18:13,5/8/2013,20:18:13,NaN,NaN,NaN,NaN,NaN
5/8/2013 20:18:28,5/8/2013,20:18:28,NaN,NaN,NaN,NaN,NaN
5/8/2013 20:18:43,5/8/2013,20:18:43,NaN,NaN,NaN,NaN,NaN
5/8/2013 20:18:58,5/8/2013,20:18:58,NaN,NaN,NaN,NaN,NaN
5/8/2013 20:19:13,5/8/2013,20:19:13,NaN,NaN,NaN,NaN,NaN
5/8/2013 20:19:28,5/8/2013,20:19:28,NaN,NaN,NaN,NaN,NaN
5/8/2013 20:19:43,5/8/2013,20:19:43,NaN,NaN,NaN,NaN,NaN
5/8/2013 20:19:58,5/8/2013,20:19:58,NaN,NaN,NaN,NaN,NaN
5/8/2013 20:20:13,5/8/2013,20:20:13,NaN,NaN,NaN,NaN,NaN
5/8/2013 20:20:28,5/8/2013,20:20:28,NaN,NaN,NaN,NaN,NaN
5/8/2013 20:20:43,5/8/2013,20:20:43,NaN,NaN,NaN,NaN,NaN
5/8/2013 20:20:58,5/8/2013,20:20:58,NaN,NaN,NaN,NaN,NaN
5/8/2013 20:21:13,5/8/2013,20:21:13,NaN,NaN,NaN,NaN,NaN
5/8/2013 20:21:28,5/8/2013,20:21:28,NaN,NaN,NaN,NaN,NaN
5/8/2013 20:21:43,5/8/2013,20:21:43,NaN,NaN,NaN,NaN,NaN
5/8/2013 20:21:58,5/8/2013,20:21:58,NaN,NaN,NaN,NaN,NaN
5/8/2013 20:22:13,5/8/2013,20:22:13,NaN,NaN,NaN,NaN,NaN
5/8/2013 20:22:28,5/8/2013,20:22:28,NaN,NaN,NaN,NaN,NaN
5/8/2013 20:22:43,5/8/2013,20:22:43,NaN,NaN,NaN,NaN,NaN
5/8/2013 20:22:58,5/8/2013,20:22:58,NaN,NaN,NaN,NaN,NaN
5/8/2013 20:23:13,5/8/2013,20:23:13,NaN,NaN,NaN,NaN,NaN
5/8/2013 20:23:28,5/8/2013,20:23:28,NaN,NaN,NaN,NaN,NaN
5/8/2013 20:23:43,5/8/2013,20:23:43,NaN,NaN,NaN,NaN,NaN
5/8/2013 20:23:58,5/8/2013,20:23:58,NaN,NaN,NaN,NaN,NaN
5/8/2013 20:24:13,5/8/2013,20:24:13,NaN,NaN,NaN,NaN,NaN
5/8/2013 20:24:28,5/8/2013,20:24:28,NaN,NaN,NaN,NaN,NaN
5/8/2013 20:24:43,5/8/2013,20:24:43,NaN,NaN,NaN,NaN,NaN
5/8/2013 20:24:58,5/8/2013,20:24:58,NaN,NaN,NaN,NaN,NaN
5/8/2013 20:25:13,5/8/2013,20:25:13,NaN,NaN,NaN,NaN,NaN
5/8/2013 20:25:28,5/8/2013,20:25:28,NaN,NaN,NaN,NaN,NaN
5/8/2013 20:25:43,5/8/2013,20:25:43,NaN,NaN,NaN,NaN,NaN
5/8/2013 20:25:58,5/8/2013,20:25:58,NaN,NaN,NaN,NaN,NaN
5/8/2013 20:26:13,5/8/2013,20:26:13,NaN,NaN,NaN,NaN,NaN
5/8/2013 20:26:28,5/8/2013,20:26:28,NaN,NaN,NaN,NaN,NaN
5/8/2013 20:26:43,5/8/2013,20:26:43,NaN,NaN,NaN,NaN,NaN
5/8/2013 20:26:58,5/8/2013,20:26:58,NaN,NaN,NaN,NaN,NaN
5/8/2013 20:27:13,5/8/2013,20:27:13,NaN,NaN,NaN,NaN,NaN
5/8/2013 20:27:28,5/8/2013,20:27:28,NaN,NaN,NaN,NaN,NaN
5/8/2013 20:27:43,5/8/2013,20:27:43,NaN,NaN,NaN,NaN,NaN
5/8/2013 20:27:58,5/8/2013,20:27:58,NaN,NaN,NaN,NaN,NaN
5/8/2013 20:28:13,5/8/2013,20:28:13,NaN,NaN,NaN,NaN,NaN
5/8/2013 20:28:28,5/8/2013,20:28:28,NaN,NaN,NaN,NaN,NaN
5/8/2013 20:28:43,5/8/2013,20:28:43,NaN,NaN,NaN,NaN,NaN
5/8/2013 20:28:58,5/8/2013,20:28:58,NaN,NaN,NaN,NaN,NaN
5/8/2013 20:29:13,5/8/2013,20:29:13,NaN,NaN,NaN,NaN,NaN
5/8/2013 20:29:28,5/8/2013,20:29:28,NaN,NaN,NaN,NaN,NaN
5/8/2013 20:29:43,5/8/2013,20:29:43,NaN,NaN,NaN,NaN,NaN
5/8/2013 20:29:58,5/8/2013,20:29:58,NaN,NaN,NaN,NaN,NaN
5/8/2013 20:30:13,5/8/2013,20:30:13,NaN,NaN,NaN,NaN,NaN
5/8/2013 20:30:28,5/8/2013,20:30:28,NaN,NaN,NaN,NaN,NaN
5/8/2013 20:30:43,5/8/2013,20:30:43,NaN,NaN,NaN,NaN,NaN
5/8/2013 20:30:58,5/8/2013,20:30:58,NaN,NaN,NaN,NaN,NaN
5/8/2013 20:31:13,5/8/2013,20:31:13,NaN,NaN,NaN,NaN,NaN
5/8/2013 20:31:28,5/8/2013,20:31:28,NaN,NaN,NaN,NaN,NaN
5/8/2013 20:31:43,5/8/2013,20:31:43,NaN,NaN,NaN,NaN,NaN
5/8/2013 20:31:58,5/8/2013,20:31:58,NaN,NaN,NaN,NaN,NaN
5/8/2013 20:32:13,5/8/2013,20:32:13,NaN,NaN,NaN,NaN,NaN
5/8/2013 20:32:28,5/8/2013,20:32:28,NaN,NaN,NaN,NaN,NaN
5/8/2013 20:32:43,5/8/2013,20:32:43,NaN,NaN,NaN,NaN,NaN
5/8/2013 20:32:58,5/8/2013,20:32:58,NaN,NaN,NaN,NaN,NaN
5/8/2013 20:33:13,5/8/2013,20:33:13,NaN,NaN,NaN,NaN,NaN
5/8/2013 20:33:28,5/8/2013,20:33:28,NaN,NaN,NaN,NaN,NaN
5/8/2013 20:33:43,5/8/2013,20:33:43,NaN,NaN,NaN,NaN,NaN
5/8/2013 20:33:58,5/8/2013,20:33:58,NaN,NaN,NaN,NaN,NaN
5/8/2013 20:34:13,5/8/2013,20:34:13,NaN,NaN,NaN,NaN,NaN
5/8/2013 20:34:28,5/8/2013,20:34:28,NaN,NaN,NaN,NaN,NaN
5/8/2013 20:34:43,5/8/2013,20:34:43,NaN,NaN,NaN,NaN,NaN
5/8/2013 20:34:58,5/8/2013,20:34:58,NaN,NaN,NaN,NaN,NaN
5/8/2013 20:35:13,5/8/2013,20:35:13,NaN,NaN,NaN,NaN,NaN
5/8/2013 20:35:28,5/8/2013,20:35:28,NaN,NaN,NaN,NaN,NaN
5/8/2013 20:35:43,5/8/2013,20:35:43,NaN,NaN,NaN,NaN,NaN
5/8/2013 20:35:58,5/8/2013,20:35:58,NaN,NaN,NaN,NaN,NaN
5/8/2013 20:36:13,5/8/2013,20:36:13,NaN,NaN,NaN,NaN,NaN
5/8/2013 20:36:28,5/8/2013,20:36:28,NaN,NaN,NaN,NaN,NaN
5/8/2013 20:36:43,5/8/2013,20:36:43,NaN,NaN,NaN,NaN,NaN
5/8/2013 20:36:58,5/8/2013,20:36:58,NaN,NaN,NaN,NaN,NaN
5/8/2013 20:37:13,5/8/2013,20:37:13,NaN,NaN,NaN,NaN,NaN
5/8/2013 20:37:28,5/8/2013,20:37:28,NaN,NaN,NaN,NaN,NaN
5/8/2013 20:37:43,5/8/2013,20:37:43,NaN,NaN,NaN,NaN,NaN
5/8/2013 20:37:58,5/8/2013,20:37:58,NaN,NaN,NaN,NaN,NaN
5/8/2013 20:38:13,5/8/2013,20:38:13,NaN,NaN,NaN,NaN,NaN
5/8/2013 20:38:28,5/8/2013,20:38:28,NaN,NaN,NaN,NaN,NaN
5/8/2013 20:38:43,5/8/2013,20:38:43,NaN,NaN,NaN,NaN,NaN
5/8/2013 20:38:58,5/8/2013,20:38:58,NaN,NaN,NaN,NaN,NaN
5/8/2013 20:39:13,5/8/2013,20:39:13,NaN,NaN,NaN,NaN,NaN
5/8/2013 20:39:28,5/8/2013,20:39:28,NaN,NaN,NaN,NaN,NaN
5/8/2013 20:39:43,5/8/2013,20:39:43,NaN,NaN,NaN,NaN,NaN
5/8/2013 20:39:58,5/8/2013,20:39:58,NaN,NaN,NaN,NaN,NaN
5/8/2013 20:40:13,5/8/2013,20:40:13,NaN,NaN,NaN,NaN,NaN
5/8/2013 20:40:28,5/8/2013,20:40:28,NaN,NaN,NaN,NaN,NaN
5/8/2013 20:40:43,5/8/2013,20:40:43,NaN,NaN,NaN,NaN,NaN
5/8/2013 20:40:58,5/8/2013,20:40:58,NaN,NaN,NaN,NaN,NaN
5/8/2013 20:41:13,5/8/2013,20:41:13,NaN,NaN,NaN,NaN,NaN
5/8/2013 20:41:28,5/8/2013,20:41:28,NaN,NaN,NaN,NaN,NaN
5/8/2013 20:41:43,5/8/2013,20:41:43,NaN,NaN,NaN,NaN,NaN
5/8/2013 20:41:58,5/8/2013,20:41:58,NaN,NaN,NaN,NaN,NaN
5/8/2013 20:42:13,5/8/2013,20:42:13,NaN,NaN,NaN,NaN,NaN
5/8/2013 20:42:28,5/8/2013,20:42:28,NaN,NaN,NaN,NaN,NaN
5/8/2013 20:42:43,5/8/2013,20:42:43,NaN,NaN,NaN,NaN,NaN
5/8/2013 20:42:58,5/8/2013,20:42:58,NaN,NaN,NaN,NaN,NaN
5/8/2013 20:43:13,5/8/2013,20:43:13,NaN,NaN,NaN,NaN,NaN
5/8/2013 20:43:28,5/8/2013,20:43:28,NaN,NaN,NaN,NaN,NaN
5/8/2013 20:43:43,5/8/2013,20:43:43,NaN,NaN,NaN,NaN,NaN
5/8/2013 20:43:58,5/8/2013,20:43:58,NaN,NaN,NaN,NaN,NaN
5/8/2013 20:44:13,5/8/2013,20:44:13,NaN,NaN,NaN,NaN,NaN
5/8/2013 20:44:28,5/8/2013,20:44:28,NaN,NaN,NaN,NaN,NaN
5/8/2013 20:44:43,5/8/2013,20:44:43,NaN,NaN,NaN,NaN,NaN
5/8/2013 20:44:58,5/8/2013,20:44:58,NaN,NaN,NaN,NaN,NaN
5/8/2013 20:45:13,5/8/2013,20:45:13,NaN,NaN,NaN,NaN,NaN
5/8/2013 20:45:28,5/8/2013,20:45:28,NaN,NaN,NaN,NaN,NaN
5/8/2013 20:45:43,5/8/2013,20:45:43,NaN,NaN,NaN,NaN,NaN
5/8/2013 20:45:58,5/8/2013,20:45:58,NaN,NaN,NaN,NaN,NaN
5/8/2013 20:46:13,5/8/2013,20:46:13,NaN,NaN,NaN,NaN,NaN
5/8/2013 20:46:28,5/8/2013,20:46:28,NaN,NaN,NaN,NaN,NaN
5/8/2013 20:46:43,5/8/2013,20:46:43,NaN,NaN,NaN,NaN,NaN
5/8/2013 20:46:58,5/8/2013,20:46:58,NaN,NaN,NaN,NaN,NaN
5/8/2013 20:47:13,5/8/2013,20:47:13,NaN,NaN,NaN,NaN,NaN
5/8/2013 20:47:28,5/8/2013,20:47:28,NaN,NaN,NaN,NaN,NaN
5/8/2013 20:47:43,5/8/2013,20:47:43,NaN,NaN,NaN,NaN,NaN
5/8/2013 20:47:58,5/8/2013,20:47:58,NaN,NaN,NaN,NaN,NaN
5/8/2013 20:48:13,5/8/2013,20:48:13,NaN,NaN,NaN,NaN,NaN
5/8/2013 20:48:28,5/8/2013,20:48:28,NaN,NaN,NaN,NaN,NaN
5/8/2013 20:48:43,5/8/2013,20:48:43,NaN,NaN,NaN,NaN,NaN
5/8/2013 20:48:58,5/8/2013,20:48:58,NaN,NaN,NaN,NaN,NaN
5/8/2013 20:49:13,5/8/2013,20:49:13,NaN,NaN,NaN,NaN,NaN
5/8/2013 20:49:28,5/8/2013,20:49:28,NaN,NaN,NaN,NaN,NaN
5/8/2013 20:49:43,5/8/2013,20:49:43,NaN,NaN,NaN,NaN,NaN
5/8/2013 20:49:58,5/8/2013,20:49:58,NaN,NaN,NaN,NaN,NaN
5/8/2013 20:50:13,5/8/2013,20:50:13,NaN,NaN,NaN,NaN,NaN
5/8/2013 20:50:28,5/8/2013,20:50:28,NaN,NaN,NaN,NaN,NaN
5/8/2013 20:50:43,5/8/2013,20:50:43,NaN,NaN,NaN,NaN,NaN
5/8/2013 20:50:58,5/8/2013,20:50:58,NaN,NaN,NaN,NaN,NaN
5/8/2013 20:51:13,5/8/2013,20:51:13,NaN,NaN,NaN,NaN,NaN
5/8/2013 20:51:28,5/8/2013,20:51:28,NaN,NaN,NaN,NaN,NaN
5/8/2013 20:51:43,5/8/2013,20:51:43,NaN,NaN,NaN,NaN,NaN
5/8/2013 20:51:58,5/8/2013,20:51:58,NaN,NaN,NaN,NaN,NaN
5/8/2013 20:52:13,5/8/2013,20:52:13,NaN,NaN,NaN,NaN,NaN
5/8/2013 20:52:28,5/8/2013,20:52:28,NaN,NaN,NaN,NaN,NaN
5/8/2013 20:52:43,5/8/2013,20:52:43,NaN,NaN,NaN,NaN,NaN
5/8/2013 20:52:58,5/8/2013,20:52:58,NaN,NaN,NaN,NaN,NaN
5/8/2013 20:53:13,5/8/2013,20:53:13,NaN,NaN,NaN,NaN,NaN
5/8/2013 20:53:28,5/8/2013,20:53:28,NaN,NaN,NaN,NaN,NaN
5/8/2013 20:53:43,5/8/2013,20:53:43,NaN,NaN,NaN,NaN,NaN
5/8/2013 20:53:58,5/8/2013,20:53:58,NaN,NaN,NaN,NaN,NaN
5/8/2013 20:54:13,5/8/2013,20:54:13,NaN,NaN,NaN,NaN,NaN
5/8/2013 20:54:28,5/8/2013,20:54:28,NaN,NaN,NaN,NaN,NaN
5/8/2013 20:54:43,5/8/2013,20:54:43,NaN,NaN,NaN,NaN,NaN
5/8/2013 20:54:58,5/8/2013,20:54:58,NaN,NaN,NaN,NaN,NaN
5/8/2013 20:55:13,5/8/2013,20:55:13,NaN,NaN,NaN,NaN,NaN
5/8/2013 20:55:28,5/8/2013,20:55:28,NaN,NaN,NaN,NaN,NaN
5/8/2013 20:55:43,5/8/2013,20:55:43,NaN,NaN,NaN,NaN,NaN
5/8/2013 20:55:58,5/8/2013,20:55:58,NaN,NaN,NaN,NaN,NaN
5/8/2013 20:56:13,5/8/2013,20:56:13,NaN,NaN,NaN,NaN,NaN
5/8/2013 20:56:28,5/8/2013,20:56:28,NaN,NaN,NaN,NaN,NaN
5/8/2013 20:56:43,5/8/2013,20:56:43,NaN,NaN,NaN,NaN,NaN
5/8/2013 20:56:58,5/8/2013,20:56:58,NaN,NaN,NaN,NaN,NaN
5/8/2013 20:57:13,5/8/2013,20:57:13,NaN,NaN,NaN,NaN,NaN
5/8/2013 20:57:28,5/8/2013,20:57:28,NaN,NaN,NaN,NaN,NaN
5/8/2013 20:57:43,5/8/2013,20:57:43,NaN,NaN,NaN,NaN,NaN
5/8/2013 20:57:58,5/8/2013,20:57:58,NaN,NaN,NaN,NaN,NaN
5/8/2013 20:58:13,5/8/2013,20:58:13,NaN,NaN,NaN,NaN,NaN
5/8/2013 20:58:28,5/8/2013,20:58:28,NaN,NaN,NaN,NaN,NaN
5/8/2013 20:58:43,5/8/2013,20:58:43,NaN,NaN,NaN,NaN,NaN
5/8/2013 20:58:58,5/8/2013,20:58:58,NaN,NaN,NaN,NaN,NaN
5/8/2013 20:59:13,5/8/2013,20:59:13,NaN,NaN,NaN,NaN,NaN
5/8/2013 20:59:28,5/8/2013,20:59:28,NaN,NaN,NaN,NaN,NaN
5/8/2013 20:59:43,5/8/2013,20:59:43,NaN,NaN,NaN,NaN,NaN
5/8/2013 20:59:58,5/8/2013,20:59:58,NaN,NaN,NaN,NaN,NaN
5/8/2013 21:00:13,5/8/2013,21:00:13,NaN,NaN,NaN,NaN,NaN
5/8/2013 21:00:28,5/8/2013,21:00:28,NaN,NaN,NaN,NaN,NaN
5/8/2013 21:00:43,5/8/2013,21:00:43,NaN,NaN,NaN,NaN,NaN
5/8/2013 21:00:58,5/8/2013,21:00:58,NaN,NaN,NaN,NaN,NaN
5/8/2013 21:01:13,5/8/2013,21:01:13,NaN,NaN,NaN,NaN,NaN
5/8/2013 21:01:28,5/8/2013,21:01:28,NaN,NaN,NaN,NaN,NaN
5/8/2013 21:01:43,5/8/2013,21:01:43,NaN,NaN,NaN,NaN,NaN
5/8/2013 21:01:58,5/8/2013,21:01:58,NaN,NaN,NaN,NaN,NaN
5/8/2013 21:02:13,5/8/2013,21:02:13,NaN,NaN,NaN,NaN,NaN
5/8/2013 21:02:28,5/8/2013,21:02:28,NaN,NaN,NaN,NaN,NaN
5/8/2013 21:02:43,5/8/2013,21:02:43,NaN,NaN,NaN,NaN,NaN
5/8/2013 21:02:58,5/8/2013,21:02:58,NaN,NaN,NaN,NaN,NaN
5/8/2013 21:03:13,5/8/2013,21:03:13,NaN,NaN,NaN,NaN,NaN
5/8/2013 21:03:28,5/8/2013,21:03:28,NaN,NaN,NaN,NaN,NaN
5/8/2013 21:03:43,5/8/2013,21:03:43,NaN,NaN,NaN,NaN,NaN
5/8/2013 21:03:58,5/8/2013,21:03:58,NaN,NaN,NaN,NaN,NaN
5/8/2013 21:04:13,5/8/2013,21:04:13,NaN,NaN,NaN,NaN,NaN
5/8/2013 21:04:28,5/8/2013,21:04:28,NaN,NaN,NaN,NaN,NaN
5/8/2013 21:04:43,5/8/2013,21:04:43,NaN,NaN,NaN,NaN,NaN
5/8/2013 21:04:58,5/8/2013,21:04:58,NaN,NaN,NaN,NaN,NaN
5/8/2013 21:05:13,5/8/2013,21:05:13,NaN,NaN,NaN,NaN,NaN
5/8/2013 21:05:28,5/8/2013,21:05:28,NaN,NaN,NaN,NaN,NaN
5/8/2013 21:05:43,5/8/2013,21:05:43,NaN,NaN,NaN,NaN,NaN
5/8/2013 21:05:58,5/8/2013,21:05:58,NaN,NaN,NaN,NaN,NaN
5/8/2013 21:06:13,5/8/2013,21:06:13,NaN,NaN,NaN,NaN,NaN
5/8/2013 21:06:28,5/8/2013,21:06:28,NaN,NaN,NaN,NaN,NaN
5/8/2013 21:06:43,5/8/2013,21:06:43,NaN,NaN,NaN,NaN,NaN
5/8/2013 21:06:58,5/8/2013,21:06:58,NaN,NaN,NaN,NaN,NaN
5/8/2013 21:07:13,5/8/2013,21:07:13,NaN,NaN,NaN,NaN,NaN
5/8/2013 21:07:28,5/8/2013,21:07:28,NaN,NaN,NaN,NaN,NaN
5/8/2013 21:07:43,5/8/2013,21:07:43,NaN,NaN,NaN,NaN,NaN
5/8/2013 21:07:58,5/8/2013,21:07:58,NaN,NaN,NaN,NaN,NaN
5/8/2013 21:08:13,5/8/2013,21:08:13,NaN,NaN,NaN,NaN,NaN
5/8/2013 21:08:28,5/8/2013,21:08:28,NaN,NaN,NaN,NaN,NaN
5/8/2013 21:08:43,5/8/2013,21:08:43,NaN,NaN,NaN,NaN,NaN
5/8/2013 21:08:58,5/8/2013,21:08:58,NaN,NaN,NaN,NaN,NaN
5/8/2013 21:09:13,5/8/2013,21:09:13,NaN,NaN,NaN,NaN,NaN
5/8/2013 21:09:28,5/8/2013,21:09:28,NaN,NaN,NaN,NaN,NaN
5/8/2013 21:09:43,5/8/2013,21:09:43,NaN,NaN,NaN,NaN,NaN
5/8/2013 21:09:58,5/8/2013,21:09:58,NaN,NaN,NaN,NaN,NaN
5/8/2013 21:10:13,5/8/2013,21:10:13,NaN,NaN,NaN,NaN,NaN
5/8/2013 21:10:28,5/8/2013,21:10:28,NaN,NaN,NaN,NaN,NaN
5/8/2013 21:10:43,5/8/2013,21:10:43,NaN,NaN,NaN,NaN,NaN
5/8/2013 21:10:58,5/8/2013,21:10:58,NaN,NaN,NaN,NaN,NaN
5/8/2013 21:11:13,5/8/2013,21:11:13,NaN,NaN,NaN,NaN,NaN
5/8/2013 21:11:28,5/8/2013,21:11:28,NaN,NaN,NaN,NaN,NaN
5/8/2013 21:11:43,5/8/2013,21:11:43,NaN,NaN,NaN,NaN,NaN
5/8/2013 21:11:58,5/8/2013,21:11:58,NaN,NaN,NaN,NaN,NaN
5/8/2013 21:12:13,5/8/2013,21:12:13,NaN,NaN,NaN,NaN,NaN
5/8/2013 21:12:28,5/8/2013,21:12:28,NaN,NaN,NaN,NaN,NaN
5/8/2013 21:12:43,5/8/2013,21:12:43,NaN,NaN,NaN,NaN,NaN
5/8/2013 21:12:58,5/8/2013,21:12:58,NaN,NaN,NaN,NaN,NaN
5/8/2013 21:13:13,5/8/2013,21:13:13,NaN,NaN,NaN,NaN,NaN
5/8/2013 21:13:28,5/8/2013,21:13:28,NaN,NaN,NaN,NaN,NaN
5/8/2013 21:13:43,5/8/2013,21:13:43,NaN,NaN,NaN,NaN,NaN
5/8/2013 21:13:58,5/8/2013,21:13:58,NaN,NaN,NaN,NaN,NaN
5/8/2013 21:14:13,5/8/2013,21:14:13,NaN,NaN,NaN,NaN,NaN
5/8/2013 21:14:28,5/8/2013,21:14:28,NaN,NaN,NaN,NaN,NaN
5/8/2013 21:14:43,5/8/2013,21:14:43,NaN,NaN,NaN,NaN,NaN
5/8/2013 21:14:58,5/8/2013,21:14:58,NaN,NaN,NaN,NaN,NaN
5/8/2013 21:15:13,5/8/2013,21:15:13,NaN,NaN,NaN,NaN,NaN
5/8/2013 21:15:28,5/8/2013,21:15:28,NaN,NaN,NaN,NaN,NaN
5/8/2013 21:15:43,5/8/2013,21:15:43,NaN,NaN,NaN,NaN,NaN
5/8/2013 21:15:58,5/8/2013,21:15:58,NaN,NaN,NaN,NaN,NaN
5/8/2013 21:16:13,5/8/2013,21:16:13,NaN,NaN,NaN,NaN,NaN
5/8/2013 21:16:28,5/8/2013,21:16:28,NaN,NaN,NaN,NaN,NaN
5/8/2013 21:16:43,5/8/2013,21:16:43,NaN,NaN,NaN,NaN,NaN
5/8/2013 21:16:58,5/8/2013,21:16:58,NaN,NaN,NaN,NaN,NaN
5/8/2013 21:17:13,5/8/2013,21:17:13,NaN,NaN,NaN,NaN,NaN
5/8/2013 21:17:28,5/8/2013,21:17:28,NaN,NaN,NaN,NaN,NaN
5/8/2013 21:17:43,5/8/2013,21:17:43,NaN,NaN,NaN,NaN,NaN
5/8/2013 21:17:58,5/8/2013,21:17:58,NaN,NaN,NaN,NaN,NaN
5/8/2013 21:18:13,5/8/2013,21:18:13,NaN,NaN,NaN,NaN,NaN
5/8/2013 21:18:28,5/8/2013,21:18:28,NaN,NaN,NaN,NaN,NaN
5/8/2013 21:18:43,5/8/2013,21:18:43,NaN,NaN,NaN,NaN,NaN
5/8/2013 21:18:58,5/8/2013,21:18:58,NaN,NaN,NaN,NaN,NaN
5/8/2013 21:19:13,5/8/2013,21:19:13,NaN,NaN,NaN,NaN,NaN
5/8/2013 21:19:28,5/8/2013,21:19:28,NaN,NaN,NaN,NaN,NaN
5/8/2013 21:19:43,5/8/2013,21:19:43,NaN,NaN,NaN,NaN,NaN
5/8/2013 21:19:58,5/8/2013,21:19:58,NaN,NaN,NaN,NaN,NaN
5/8/2013 21:20:13,5/8/2013,21:20:13,NaN,NaN,NaN,NaN,NaN
5/8/2013 21:20:28,5/8/2013,21:20:28,NaN,NaN,NaN,NaN,NaN
5/8/2013 21:20:43,5/8/2013,21:20:43,NaN,NaN,NaN,NaN,NaN
5/8/2013 21:20:58,5/8/2013,21:20:58,NaN,NaN,NaN,NaN,NaN
5/8/2013 21:21:13,5/8/2013,21:21:13,NaN,NaN,NaN,NaN,NaN
5/8/2013 21:21:28,5/8/2013,21:21:28,NaN,NaN,NaN,NaN,NaN
5/8/2013 21:21:43,5/8/2013,21:21:43,NaN,NaN,NaN,NaN,NaN
5/8/2013 21:21:58,5/8/2013,21:21:58,NaN,NaN,NaN,NaN,NaN
5/8/2013 21:22:13,5/8/2013,21:22:13,NaN,NaN,NaN,NaN,NaN
5/8/2013 21:22:28,5/8/2013,21:22:28,NaN,NaN,NaN,NaN,NaN
5/8/2013 21:22:43,5/8/2013,21:22:43,NaN,NaN,NaN,NaN,NaN
5/8/2013 21:22:58,5/8/2013,21:22:58,NaN,NaN,NaN,NaN,NaN
5/8/2013 21:23:13,5/8/2013,21:23:13,NaN,NaN,NaN,NaN,NaN
5/8/2013 21:23:28,5/8/2013,21:23:28,NaN,NaN,NaN,NaN,NaN
5/8/2013 21:23:43,5/8/2013,21:23:43,NaN,NaN,NaN,NaN,NaN
5/8/2013 21:23:58,5/8/2013,21:23:58,NaN,NaN,NaN,NaN,NaN
5/8/2013 21:24:13,5/8/2013,21:24:13,NaN,NaN,NaN,NaN,NaN
5/8/2013 21:24:28,5/8/2013,21:24:28,NaN,NaN,NaN,NaN,NaN
5/8/2013 21:24:43,5/8/2013,21:24:43,NaN,NaN,NaN,NaN,NaN
5/8/2013 21:24:58,5/8/2013,21:24:58,NaN,NaN,NaN,NaN,NaN
5/8/2013 21:25:13,5/8/2013,21:25:13,NaN,NaN,NaN,NaN,NaN
5/8/2013 21:25:28,5/8/2013,21:25:28,NaN,NaN,NaN,NaN,NaN
5/8/2013 21:25:43,5/8/2013,21:25:43,NaN,NaN,NaN,NaN,NaN
5/8/2013 21:25:58,5/8/2013,21:25:58,NaN,NaN,NaN,NaN,NaN
5/8/2013 21:26:13,5/8/2013,21:26:13,NaN,NaN,NaN,NaN,NaN
5/8/2013 21:26:28,5/8/2013,21:26:28,NaN,NaN,NaN,NaN,NaN
5/8/2013 21:26:43,5/8/2013,21:26:43,NaN,NaN,NaN,NaN,NaN
5/8/2013 21:26:58,5/8/2013,21:26:58,NaN,NaN,NaN,NaN,NaN
5/8/2013 21:27:13,5/8/2013,21:27:13,NaN,NaN,NaN,NaN,NaN
5/8/2013 21:27:28,5/8/2013,21:27:28,NaN,NaN,NaN,NaN,NaN
5/8/2013 21:27:43,5/8/2013,21:27:43,NaN,NaN,NaN,NaN,NaN
5/8/2013 21:27:58,5/8/2013,21:27:58,NaN,NaN,NaN,NaN,NaN
5/8/2013 21:28:13,5/8/2013,21:28:13,NaN,NaN,NaN,NaN,NaN
5/8/2013 21:28:28,5/8/2013,21:28:28,NaN,NaN,NaN,NaN,NaN
5/8/2013 21:28:43,5/8/2013,21:28:43,NaN,NaN,NaN,NaN,NaN
5/8/2013 21:28:58,5/8/2013,21:28:58,NaN,NaN,NaN,NaN,NaN
5/8/2013 21:29:13,5/8/2013,21:29:13,NaN,NaN,NaN,NaN,NaN
5/8/2013 21:29:28,5/8/2013,21:29:28,NaN,NaN,NaN,NaN,NaN
5/8/2013 21:29:43,5/8/2013,21:29:43,NaN,NaN,NaN,NaN,NaN
5/8/2013 21:29:58,5/8/2013,21:29:58,NaN,NaN,NaN,NaN,NaN
5/8/2013 21:30:13,5/8/2013,21:30:13,NaN,NaN,NaN,NaN,NaN
5/8/2013 21:30:28,5/8/2013,21:30:28,NaN,NaN,NaN,NaN,NaN
5/8/2013 21:30:43,5/8/2013,21:30:43,NaN,NaN,NaN,NaN,NaN
5/8/2013 21:30:58,5/8/2013,21:30:58,NaN,NaN,NaN,NaN,NaN
5/8/2013 21:31:13,5/8/2013,21:31:13,NaN,NaN,NaN,NaN,NaN
5/8/2013 21:31:28,5/8/2013,21:31:28,NaN,NaN,NaN,NaN,NaN
5/8/2013 21:31:43,5/8/2013,21:31:43,NaN,NaN,NaN,NaN,NaN
5/8/2013 21:31:58,5/8/2013,21:31:58,NaN,NaN,NaN,NaN,NaN
5/8/2013 21:32:13,5/8/2013,21:32:13,NaN,NaN,NaN,NaN,NaN
5/8/2013 21:32:28,5/8/2013,21:32:28,NaN,NaN,NaN,NaN,NaN
5/8/2013 21:32:43,5/8/2013,21:32:43,NaN,NaN,NaN,NaN,NaN
5/8/2013 21:32:58,5/8/2013,21:32:58,NaN,NaN,NaN,NaN,NaN
5/8/2013 21:33:13,5/8/2013,21:33:13,NaN,NaN,NaN,NaN,NaN
5/8/2013 21:33:28,5/8/2013,21:33:28,NaN,NaN,NaN,NaN,NaN
5/8/2013 21:33:43,5/8/2013,21:33:43,NaN,NaN,NaN,NaN,NaN
5/8/2013 21:33:58,5/8/2013,21:33:58,NaN,NaN,NaN,NaN,NaN
5/8/2013 21:34:13,5/8/2013,21:34:13,NaN,NaN,NaN,NaN,NaN
5/8/2013 21:34:28,5/8/2013,21:34:28,NaN,NaN,NaN,NaN,NaN
5/8/2013 21:34:43,5/8/2013,21:34:43,NaN,NaN,NaN,NaN,NaN
5/8/2013 21:34:58,5/8/2013,21:34:58,NaN,NaN,NaN,NaN,NaN
5/8/2013 21:35:13,5/8/2013,21:35:13,NaN,NaN,NaN,NaN,NaN
5/8/2013 21:35:28,5/8/2013,21:35:28,NaN,NaN,NaN,NaN,NaN
5/8/2013 21:35:43,5/8/2013,21:35:43,NaN,NaN,NaN,NaN,NaN
5/8/2013 21:35:58,5/8/2013,21:35:58,NaN,NaN,NaN,NaN,NaN
5/8/2013 21:36:13,5/8/2013,21:36:13,NaN,NaN,NaN,NaN,NaN
5/8/2013 21:36:28,5/8/2013,21:36:28,NaN,NaN,NaN,NaN,NaN
5/8/2013 21:36:43,5/8/2013,21:36:43,NaN,NaN,NaN,NaN,NaN
5/8/2013 21:36:58,5/8/2013,21:36:58,NaN,NaN,NaN,NaN,NaN
5/8/2013 21:37:13,5/8/2013,21:37:13,NaN,NaN,NaN,NaN,NaN
5/8/2013 21:37:28,5/8/2013,21:37:28,NaN,NaN,NaN,NaN,NaN
5/8/2013 21:37:43,5/8/2013,21:37:43,NaN,NaN,NaN,NaN,NaN
5/8/2013 21:37:58,5/8/2013,21:37:58,NaN,NaN,NaN,NaN,NaN
5/8/2013 21:38:13,5/8/2013,21:38:13,NaN,NaN,NaN,NaN,NaN
5/8/2013 21:38:28,5/8/2013,21:38:28,NaN,NaN,NaN,NaN,NaN
5/8/2013 21:38:43,5/8/2013,21:38:43,NaN,NaN,NaN,NaN,NaN
5/8/2013 21:38:58,5/8/2013,21:38:58,NaN,NaN,NaN,NaN,NaN
5/8/2013 21:39:13,5/8/2013,21:39:13,NaN,NaN,NaN,NaN,NaN
5/8/2013 21:39:28,5/8/2013,21:39:28,NaN,NaN,NaN,NaN,NaN
5/8/2013 21:39:43,5/8/2013,21:39:43,0.00,8.05,80.30,952.17,187
5/8/2013 21:39:58,5/8/2013,21:39:58,0.00,8.10,80.69,952.21,150
5/8/2013 21:40:13,5/8/2013,21:40:13,0.00,8.10,80.40,952.24,188
5/8/2013 21:40:28,5/8/2013,21:40:28,0.00,8.10,80.90,952.26,198
5/8/2013 21:40:43,5/8/2013,21:40:43,0.00,8.02,81.90,952.27,207
5/8/2013 21:40:58,5/8/2013,21:40:58,0.00,8.02,82.00,952.26,217
5/8/2013 21:41:13,5/8/2013,21:41:13,0.00,8.02,81.80,952.28,227
5/8/2013 21:41:28,5/8/2013,21:41:28,0.00,8.02,81.69,952.28,204
5/8/2013 21:41:43,5/8/2013,21:41:43,0.00,8.02,81.40,952.29,194
5/8/2013 21:41:58,5/8/2013,21:41:58,0.00,8.02,81.19,952.29,191
5/8/2013 21:42:13,5/8/2013,21:42:13,0.06,8.05,80.80,952.30,195
5/8/2013 21:42:28,5/8/2013,21:42:28,0.53,8.05,80.09,952.28,217
5/8/2013 21:42:43,5/8/2013,21:42:43,0.00,8.02,80.09,952.27,204
5/8/2013 21:42:58,5/8/2013,21:42:58,0.00,8.02,80.69,952.26,192
5/8/2013 21:43:13,5/8/2013,21:43:13,0.00,8.02,80.80,952.29,203
5/8/2013 21:43:28,5/8/2013,21:43:28,0.00,7.97,81.80,952.30,198
5/8/2013 21:43:43,5/8/2013,21:43:43,0.00,7.97,81.30,952.30,169
5/8/2013 21:43:58,5/8/2013,21:43:58,0.00,8.02,80.90,952.32,230
5/8/2013 21:44:13,5/8/2013,21:44:13,0.00,7.92,81.80,952.32,204
5/8/2013 21:44:28,5/8/2013,21:44:28,0.00,7.92,81.80,952.34,205
5/8/2013 21:44:43,5/8/2013,21:44:43,0.00,7.92,82.09,952.34,207
5/8/2013 21:44:58,5/8/2013,21:44:58,0.00,7.92,82.19,952.34,208
5/8/2013 21:45:13,5/8/2013,21:45:13,0.00,7.92,81.90,952.34,209
5/8/2013 21:45:28,5/8/2013,21:45:28,0.00,7.92,81.69,952.33,211
5/8/2013 21:45:43,5/8/2013,21:45:43,0.00,7.92,82.09,952.33,212
5/8/2013 21:45:58,5/8/2013,21:45:58,0.00,7.92,81.09,952.34,191
5/8/2013 21:46:13,5/8/2013,21:46:13,0.00,7.92,81.00,952.33,170
5/8/2013 21:46:28,5/8/2013,21:46:28,0.00,7.92,81.00,952.32,234
5/8/2013 21:46:43,5/8/2013,21:46:43,0.00,7.90,81.90,952.34,209
5/8/2013 21:46:58,5/8/2013,21:46:58,0.00,7.90,82.30,952.34,211
5/8/2013 21:47:13,5/8/2013,21:47:13,0.00,7.90,82.09,952.34,213
5/8/2013 21:47:28,5/8/2013,21:47:28,0.00,7.90,82.19,952.35,216
5/8/2013 21:47:43,5/8/2013,21:47:43,0.00,7.84,82.09,952.35,218
5/8/2013 21:47:58,5/8/2013,21:47:58,0.00,7.84,82.00,952.35,216
5/8/2013 21:48:13,5/8/2013,21:48:13,0.00,7.84,81.90,952.34,216
5/8/2013 21:48:28,5/8/2013,21:48:28,0.00,7.84,82.00,952.34,218
5/8/2013 21:48:43,5/8/2013,21:48:43,0.00,7.82,82.80,952.34,219
5/8/2013 21:48:58,5/8/2013,21:48:58,0.00,7.82,83.09,952.34,220
5/8/2013 21:49:13,5/8/2013,21:49:13,0.00,7.77,82.40,952.35,221
5/8/2013 21:49:28,5/8/2013,21:49:28,0.00,7.77,82.09,952.35,222
5/8/2013 21:49:43,5/8/2013,21:49:43,0.00,7.77,81.59,952.34,223
5/8/2013 21:49:58,5/8/2013,21:49:58,0.00,7.77,81.50,952.34,224
5/8/2013 21:50:13,5/8/2013,21:50:13,0.00,7.77,81.80,952.34,224
5/8/2013 21:50:28,5/8/2013,21:50:28,0.00,7.77,81.90,952.35,225
5/8/2013 21:50:43,5/8/2013,21:50:43,0.00,7.77,82.30,952.34,226
5/8/2013 21:50:58,5/8/2013,21:50:58,0.00,7.75,82.59,952.35,227
5/8/2013 21:51:13,5/8/2013,21:51:13,0.00,7.77,82.59,952.36,228
5/8/2013 21:51:28,5/8/2013,21:51:28,0.00,7.77,82.50,952.38,229
5/8/2013 21:51:43,5/8/2013,21:51:43,0.00,7.69,82.59,952.38,230
5/8/2013 21:51:58,5/8/2013,21:51:58,0.00,7.75,82.30,952.38,231
5/8/2013 21:52:13,5/8/2013,21:52:13,0.00,7.69,82.69,952.40,249
5/8/2013 21:52:28,5/8/2013,21:52:28,0.00,7.69,83.30,952.40,268
5/8/2013 21:52:43,5/8/2013,21:52:43,0.00,7.69,82.80,952.38,286
5/8/2013 21:52:58,5/8/2013,21:52:58,0.00,7.69,82.09,952.40,305
5/8/2013 21:53:13,5/8/2013,21:53:13,0.00,7.65,81.90,952.41,298
5/8/2013 21:53:28,5/8/2013,21:53:28,0.00,7.65,81.80,952.42,292
5/8/2013 21:53:43,5/8/2013,21:53:43,0.00,7.62,82.00,952.41,285
5/8/2013 21:53:58,5/8/2013,21:53:58,0.00,7.62,82.30,952.43,279
5/8/2013 21:54:13,5/8/2013,21:54:13,0.00,7.62,81.80,952.45,272
5/8/2013 21:54:28,5/8/2013,21:54:28,0.00,7.57,81.59,952.45,266
5/8/2013 21:54:43,5/8/2013,21:54:43,0.00,7.57,81.50,952.46,259
5/8/2013 21:54:58,5/8/2013,21:54:58,0.00,7.55,81.59,952.46,252
5/8/2013 21:55:13,5/8/2013,21:55:13,0.00,7.55,82.00,952.46,246
5/8/2013 21:55:28,5/8/2013,21:55:28,0.00,7.55,82.00,952.46,239
5/8/2013 21:55:43,5/8/2013,21:55:43,0.00,7.55,81.90,952.49,233
5/8/2013 21:55:58,5/8/2013,21:55:58,0.00,7.55,82.00,952.50,226
5/8/2013 21:56:13,5/8/2013,21:56:13,0.00,7.55,82.09,952.49,219
5/8/2013 21:56:28,5/8/2013,21:56:28,0.00,7.55,82.40,952.49,213
5/8/2013 21:56:43,5/8/2013,21:56:43,0.00,7.55,82.80,952.50,206
5/8/2013 21:56:58,5/8/2013,21:56:58,0.00,7.50,83.00,952.49,200
5/8/2013 21:57:13,5/8/2013,21:57:13,0.00,7.50,82.80,952.50,193
5/8/2013 21:57:28,5/8/2013,21:57:28,0.00,7.50,82.59,952.52,187
5/8/2013 21:57:43,5/8/2013,21:57:43,0.00,7.50,83.00,952.51,180
5/8/2013 21:57:58,5/8/2013,21:57:58,0.00,7.47,82.69,952.50,197
5/8/2013 21:58:13,5/8/2013,21:58:13,0.00,7.47,82.69,952.49,213
5/8/2013 21:58:28,5/8/2013,21:58:28,0.00,7.47,82.80,952.50,230
5/8/2013 21:58:43,5/8/2013,21:58:43,0.00,7.47,83.09,952.51,229
5/8/2013 21:58:58,5/8/2013,21:58:58,0.00,7.47,82.90,952.50,231
5/8/2013 21:59:13,5/8/2013,21:59:13,0.00,7.47,83.30,952.51,231
5/8/2013 21:59:28,5/8/2013,21:59:28,0.00,7.47,83.19,952.51,231
5/8/2013 21:59:43,5/8/2013,21:59:43,0.00,7.47,83.19,952.50,231
5/8/2013 21:59:58,5/8/2013,21:59:58,0.00,7.47,83.09,952.51,231
5/8/2013 22:00:13,5/8/2013,22:00:13,0.00,7.47,83.30,952.52,231
5/8/2013 22:00:28,5/8/2013,22:00:28,0.00,7.42,83.40,952.52,231
5/8/2013 22:00:43,5/8/2013,22:00:43,0.00,7.42,83.59,952.54,231
5/8/2013 22:00:58,5/8/2013,22:00:58,0.00,7.42,83.59,952.53,231
5/8/2013 22:01:13,5/8/2013,22:01:13,0.00,7.37,83.40,952.53,231
5/8/2013 22:01:28,5/8/2013,22:01:28,0.00,7.37,82.50,952.54,231
5/8/2013 22:01:43,5/8/2013,22:01:43,0.00,7.37,82.00,952.56,231
5/8/2013 22:01:58,5/8/2013,22:01:58,0.00,7.37,82.50,952.56,230
5/8/2013 22:02:13,5/8/2013,22:02:13,0.00,7.34,82.90,952.56,230
5/8/2013 22:02:28,5/8/2013,22:02:28,0.00,7.30,82.90,952.56,230
5/8/2013 22:02:43,5/8/2013,22:02:43,0.00,7.30,83.00,952.56,230
5/8/2013 22:02:58,5/8/2013,22:02:58,0.00,7.30,83.09,952.56,230
5/8/2013 22:03:13,5/8/2013,22:03:13,0.00,7.30,83.40,952.57,230
5/8/2013 22:03:28,5/8/2013,22:03:28,0.00,7.27,83.59,952.57,230
5/8/2013 22:03:43,5/8/2013,22:03:43,0.00,7.22,83.59,952.57,230
5/8/2013 22:03:58,5/8/2013,22:03:58,0.00,7.22,83.40,952.56,230
5/8/2013 22:04:13,5/8/2013,22:04:13,0.00,7.22,83.69,952.56,230
5/8/2013 22:04:28,5/8/2013,22:04:28,0.00,7.22,83.90,952.56,230
5/8/2013 22:04:43,5/8/2013,22:04:43,0.00,7.22,83.59,952.56,230
5/8/2013 22:04:58,5/8/2013,22:04:58,0.00,7.22,83.69,952.56,230
5/8/2013 22:05:13,5/8/2013,22:05:13,0.00,7.15,83.50,952.56,230
5/8/2013 22:05:28,5/8/2013,22:05:28,0.00,7.15,83.40,952.57,230
5/8/2013 22:05:43,5/8/2013,22:05:43,0.00,7.17,83.19,952.58,231
5/8/2013 22:05:58,5/8/2013,22:05:58,0.00,7.17,83.59,952.59,222
5/8/2013 22:06:13,5/8/2013,22:06:13,0.00,7.15,83.80,952.60,222
5/8/2013 22:06:28,5/8/2013,22:06:28,0.00,7.15,83.80,952.61,222
5/8/2013 22:06:43,5/8/2013,22:06:43,0.00,7.15,83.50,952.61,225
5/8/2013 22:06:58,5/8/2013,22:06:58,0.00,7.09,83.30,952.62,226
5/8/2013 22:07:13,5/8/2013,22:07:13,0.00,7.07,83.19,952.65,225
5/8/2013 22:07:28,5/8/2013,22:07:28,0.00,7.07,82.90,952.66,223
5/8/2013 22:07:43,5/8/2013,22:07:43,0.00,7.07,82.69,952.65,222
5/8/2013 22:07:58,5/8/2013,22:07:58,0.00,7.07,82.80,952.67,221
5/8/2013 22:08:13,5/8/2013,22:08:13,0.00,7.07,83.00,952.68,219
5/8/2013 22:08:28,5/8/2013,22:08:28,0.00,7.02,83.30,952.66,218
5/8/2013 22:08:43,5/8/2013,22:08:43,0.00,7.00,83.30,952.67,217
5/8/2013 22:08:58,5/8/2013,22:08:58,0.00,7.00,83.09,952.66,215
5/8/2013 22:09:13,5/8/2013,22:09:13,0.00,6.94,83.19,952.65,214
5/8/2013 22:09:28,5/8/2013,22:09:28,0.00,6.94,83.19,952.66,213
5/8/2013 22:09:43,5/8/2013,22:09:43,0.00,6.94,83.19,952.66,211
5/8/2013 22:09:58,5/8/2013,22:09:58,0.00,6.90,83.19,952.67,210
5/8/2013 22:10:13,5/8/2013,22:10:13,0.00,6.90,83.50,952.67,209
5/8/2013 22:10:28,5/8/2013,22:10:28,0.00,6.87,83.30,952.69,207
5/8/2013 22:10:43,5/8/2013,22:10:43,0.00,6.82,83.30,952.69,206
5/8/2013 22:10:58,5/8/2013,22:10:58,0.00,6.82,83.40,952.70,205
5/8/2013 22:11:13,5/8/2013,22:11:13,0.00,6.82,83.40,952.70,203
5/8/2013 22:11:28,5/8/2013,22:11:28,0.00,6.80,83.40,952.69,202
5/8/2013 22:11:43,5/8/2013,22:11:43,0.00,6.75,83.40,952.68,201
5/8/2013 22:11:58,5/8/2013,22:11:58,0.00,6.75,83.50,952.68,199
5/8/2013 22:12:13,5/8/2013,22:12:13,0.00,6.75,83.50,952.67,198
5/8/2013 22:12:28,5/8/2013,22:12:28,0.00,6.75,83.50,952.67,197
5/8/2013 22:12:43,5/8/2013,22:12:43,0.00,6.69,83.69,952.69,195
5/8/2013 22:12:58,5/8/2013,22:12:58,0.00,6.67,83.90,952.69,194
5/8/2013 22:13:13,5/8/2013,22:13:13,0.00,6.67,83.90,952.68,192
5/8/2013 22:13:28,5/8/2013,22:13:28,0.00,6.67,83.80,952.69,193
5/8/2013 22:13:43,5/8/2013,22:13:43,0.00,6.67,83.69,952.69,194
5/8/2013 22:13:58,5/8/2013,22:13:58,0.00,6.67,83.50,952.68,194
5/8/2013 22:14:13,5/8/2013,22:14:13,0.00,6.67,83.40,952.68,195
5/8/2013 22:14:28,5/8/2013,22:14:28,0.00,6.62,83.40,952.68,196
5/8/2013 22:14:43,5/8/2013,22:14:43,0.00,6.62,83.50,952.68,197
5/8/2013 22:14:58,5/8/2013,22:14:58,0.00,6.62,83.69,952.69,198
5/8/2013 22:15:13,5/8/2013,22:15:13,0.00,6.59,84.00,952.69,198
5/8/2013 22:15:28,5/8/2013,22:15:28,0.00,6.59,84.19,952.70,199
5/8/2013 22:15:43,5/8/2013,22:15:43,0.00,6.59,84.30,952.70,200
5/8/2013 22:15:58,5/8/2013,22:15:58,0.00,6.59,84.59,952.70,201
5/8/2013 22:16:13,5/8/2013,22:16:13,0.00,6.55,84.59,952.72,202
5/8/2013 22:16:28,5/8/2013,22:16:28,0.00,6.55,84.50,952.72,203
5/8/2013 22:16:43,5/8/2013,22:16:43,0.00,6.55,84.69,952.72,203
5/8/2013 22:16:58,5/8/2013,22:16:58,0.00,6.52,84.90,952.72,204
5/8/2013 22:17:13,5/8/2013,22:17:13,0.00,6.52,85.09,952.73,205
5/8/2013 22:17:28,5/8/2013,22:17:28,0.00,6.52,84.90,952.72,206
5/8/2013 22:17:43,5/8/2013,22:17:43,0.00,6.52,84.69,952.73,207
5/8/2013 22:17:58,5/8/2013,22:17:58,0.00,6.52,84.69,952.73,207
5/8/2013 22:18:13,5/8/2013,22:18:13,0.00,6.52,84.69,952.74,208
5/8/2013 22:18:28,5/8/2013,22:18:28,0.00,6.59,84.80,952.75,209
5/8/2013 22:18:43,5/8/2013,22:18:43,0.00,6.55,84.09,952.74,207
5/8/2013 22:18:58,5/8/2013,22:18:58,0.00,6.52,84.40,952.74,207
5/8/2013 22:19:13,5/8/2013,22:19:13,0.00,6.52,84.69,952.73,201
5/8/2013 22:19:28,5/8/2013,22:19:28,0.00,6.52,84.90,952.74,198
5/8/2013 22:19:43,5/8/2013,22:19:43,0.00,6.52,84.80,952.75,205
5/8/2013 22:19:58,5/8/2013,22:19:58,0.00,6.52,85.09,952.74,207
5/8/2013 22:20:13,5/8/2013,22:20:13,0.00,6.52,85.19,952.74,205
5/8/2013 22:20:28,5/8/2013,22:20:28,0.00,6.52,85.30,952.74,201
5/8/2013 22:20:43,5/8/2013,22:20:43,0.00,6.52,85.40,952.75,201
5/8/2013 22:20:58,5/8/2013,22:20:58,0.00,6.52,85.50,952.76,201
5/8/2013 22:21:13,5/8/2013,22:21:13,0.00,6.52,85.30,952.77,200
5/8/2013 22:21:28,5/8/2013,22:21:28,0.00,6.55,85.09,952.77,196
5/8/2013 22:21:43,5/8/2013,22:21:43,0.00,6.59,84.40,952.76,188
5/8/2013 22:21:58,5/8/2013,22:21:58,0.00,6.59,84.09,952.76,180
5/8/2013 22:22:13,5/8/2013,22:22:13,0.00,6.55,84.09,952.77,172
5/8/2013 22:22:28,5/8/2013,22:22:28,0.00,6.55,84.19,952.75,172
5/8/2013 22:22:43,5/8/2013,22:22:43,0.00,6.59,83.90,952.76,173
5/8/2013 22:22:58,5/8/2013,22:22:58,0.00,6.59,83.80,952.76,190
5/8/2013 22:23:13,5/8/2013,22:23:13,0.00,6.59,83.69,952.76,205
5/8/2013 22:23:28,5/8/2013,22:23:28,0.00,6.67,83.69,952.75,181
5/8/2013 22:23:43,5/8/2013,22:23:43,0.00,6.69,83.30,952.77,211
5/8/2013 22:23:58,5/8/2013,22:23:58,0.00,6.69,83.09,952.80,204
5/8/2013 22:24:13,5/8/2013,22:24:13,0.00,6.75,83.00,952.80,190
5/8/2013 22:24:28,5/8/2013,22:24:28,0.00,6.80,82.69,952.81,217
5/8/2013 22:24:43,5/8/2013,22:24:43,0.00,6.87,82.09,952.80,227
5/8/2013 22:24:58,5/8/2013,22:24:58,0.00,6.82,82.19,952.78,207
5/8/2013 22:25:13,5/8/2013,22:25:13,0.00,6.75,82.19,952.81,208
5/8/2013 22:25:28,5/8/2013,22:25:28,0.00,6.75,82.30,952.82,200
5/8/2013 22:25:43,5/8/2013,22:25:43,0.00,6.75,82.59,952.81,192
5/8/2013 22:25:58,5/8/2013,22:25:58,0.00,6.75,82.90,952.81,158
5/8/2013 22:26:13,5/8/2013,22:26:13,0.00,6.75,82.80,952.80,181
5/8/2013 22:26:28,5/8/2013,22:26:28,0.00,6.80,82.69,952.81,190
5/8/2013 22:26:43,5/8/2013,22:26:43,0.00,6.75,82.50,952.81,190
5/8/2013 22:26:58,5/8/2013,22:26:58,0.00,6.82,82.59,952.83,197
5/8/2013 22:27:13,5/8/2013,22:27:13,0.00,6.82,82.40,952.82,190
5/8/2013 22:27:28,5/8/2013,22:27:28,0.00,6.80,82.30,952.80,193
5/8/2013 22:27:43,5/8/2013,22:27:43,0.00,6.80,82.30,952.80,172
5/8/2013 22:27:58,5/8/2013,22:27:58,0.00,6.75,82.30,952.80,156
5/8/2013 22:28:13,5/8/2013,22:28:13,0.00,6.75,82.50,952.80,164
5/8/2013 22:28:28,5/8/2013,22:28:28,0.00,6.80,82.69,952.82,193
5/8/2013 22:28:43,5/8/2013,22:28:43,0.00,6.75,82.69,952.82,187
5/8/2013 22:28:58,5/8/2013,22:28:58,0.00,6.80,82.69,952.83,203
5/8/2013 22:29:13,5/8/2013,22:29:13,0.00,6.82,83.00,952.83,193
5/8/2013 22:29:28,5/8/2013,22:29:28,0.00,6.82,82.90,952.83,193
5/8/2013 22:29:43,5/8/2013,22:29:43,0.00,6.82,82.30,952.83,196
5/8/2013 22:29:58,5/8/2013,22:29:58,0.00,6.90,82.00,952.83,189
5/8/2013 22:30:13,5/8/2013,22:30:13,0.00,6.87,81.69,952.84,178
5/8/2013 22:30:28,5/8/2013,22:30:28,0.00,6.82,81.80,952.86,179
5/8/2013 22:30:43,5/8/2013,22:30:43,0.00,6.82,82.09,952.88,215
5/8/2013 22:30:58,5/8/2013,22:30:58,0.00,6.82,82.30,952.86,211
5/8/2013 22:31:13,5/8/2013,22:31:13,0.00,6.82,82.19,952.88,180
5/8/2013 22:31:28,5/8/2013,22:31:28,0.00,6.82,82.30,952.86,183
5/8/2013 22:31:43,5/8/2013,22:31:43,0.00,6.82,82.19,952.84,182
5/8/2013 22:31:58,5/8/2013,22:31:58,0.00,6.87,82.00,952.85,214
5/8/2013 22:32:13,5/8/2013,22:32:13,0.00,6.82,81.90,952.86,202
5/8/2013 22:32:28,5/8/2013,22:32:28,0.00,6.82,82.00,952.89,180
5/8/2013 22:32:43,5/8/2013,22:32:43,0.00,6.82,81.90,952.86,189
5/8/2013 22:32:58,5/8/2013,22:32:58,0.00,6.82,81.90,952.88,208
5/8/2013 22:33:13,5/8/2013,22:33:13,0.00,6.82,82.00,952.88,218
5/8/2013 22:33:28,5/8/2013,22:33:28,0.00,6.87,82.09,952.88,216
5/8/2013 22:33:43,5/8/2013,22:33:43,0.00,6.82,81.90,952.86,164
5/8/2013 22:33:58,5/8/2013,22:33:58,0.00,6.82,82.00,952.88,168
5/8/2013 22:34:13,5/8/2013,22:34:13,0.00,6.90,82.00,952.86,192
5/8/2013 22:34:28,5/8/2013,22:34:28,0.00,6.90,81.59,952.86,233
5/8/2013 22:34:43,5/8/2013,22:34:43,0.00,6.90,81.40,952.86,199
5/8/2013 22:34:58,5/8/2013,22:34:58,0.00,6.87,81.50,952.86,197
5/8/2013 22:35:13,5/8/2013,22:35:13,0.00,6.87,81.59,952.85,192
5/8/2013 22:35:28,5/8/2013,22:35:28,0.00,6.90,81.40,952.86,199
5/8/2013 22:35:43,5/8/2013,22:35:43,0.00,6.90,81.40,952.86,197
5/8/2013 22:35:58,5/8/2013,22:35:58,0.00,6.90,81.80,952.88,164
5/8/2013 22:36:13,5/8/2013,22:36:13,0.00,6.87,82.40,952.86,195
5/8/2013 22:36:28,5/8/2013,22:36:28,0.00,6.87,82.19,952.88,194
5/8/2013 22:36:43,5/8/2013,22:36:43,0.00,6.90,82.00,952.88,201
5/8/2013 22:36:58,5/8/2013,22:36:58,0.00,6.90,81.69,952.89,223
5/8/2013 22:37:13,5/8/2013,22:37:13,0.00,6.90,81.80,952.89,192
5/8/2013 22:37:28,5/8/2013,22:37:28,0.00,6.90,81.59,952.88,194
5/8/2013 22:37:43,5/8/2013,22:37:43,0.00,6.90,81.59,952.89,211
5/8/2013 22:37:58,5/8/2013,22:37:58,0.00,6.90,81.50,952.89,201
5/8/2013 22:38:13,5/8/2013,22:38:13,0.00,6.90,81.50,952.90,201
5/8/2013 22:38:28,5/8/2013,22:38:28,0.00,6.90,81.69,952.90,201
5/8/2013 22:38:43,5/8/2013,22:38:43,0.00,6.90,81.80,952.91,195
5/8/2013 22:38:58,5/8/2013,22:38:58,0.00,6.90,81.80,952.91,197
5/8/2013 22:39:13,5/8/2013,22:39:13,0.00,6.90,81.90,952.91,190
5/8/2013 22:39:28,5/8/2013,22:39:28,0.00,6.90,81.80,952.89,195
5/8/2013 22:39:43,5/8/2013,22:39:43,0.00,6.94,81.40,952.90,205
5/8/2013 22:39:58,5/8/2013,22:39:58,0.00,7.00,81.30,952.91,202
5/8/2013 22:40:13,5/8/2013,22:40:13,0.00,6.90,81.19,952.91,193
5/8/2013 22:40:28,5/8/2013,22:40:28,0.00,6.90,81.30,952.91,176
5/8/2013 22:40:43,5/8/2013,22:40:43,0.00,6.87,81.80,952.91,156
5/8/2013 22:40:58,5/8/2013,22:40:58,0.00,6.90,82.30,952.90,195
5/8/2013 22:41:13,5/8/2013,22:41:13,0.00,6.94,81.80,952.90,184
5/8/2013 22:41:28,5/8/2013,22:41:28,0.00,7.00,81.30,952.89,207
5/8/2013 22:41:43,5/8/2013,22:41:43,0.00,7.00,81.19,952.89,209
5/8/2013 22:41:58,5/8/2013,22:41:58,0.00,6.94,81.19,952.89,155
5/8/2013 22:42:13,5/8/2013,22:42:13,0.00,6.90,81.40,952.89,155
5/8/2013 22:42:28,5/8/2013,22:42:28,0.00,7.00,81.30,952.89,200
5/8/2013 22:42:43,5/8/2013,22:42:43,0.00,6.90,81.09,952.90,209
5/8/2013 22:42:58,5/8/2013,22:42:58,0.00,6.90,81.50,952.90,216
5/8/2013 22:43:13,5/8/2013,22:43:13,0.00,6.90,81.90,952.90,224
5/8/2013 22:43:28,5/8/2013,22:43:28,0.00,6.87,82.50,952.89,231
5/8/2013 22:43:43,5/8/2013,22:43:43,0.00,6.82,82.50,952.90,186
5/8/2013 22:43:58,5/8/2013,22:43:58,0.00,6.87,82.19,952.92,190
5/8/2013 22:44:13,5/8/2013,22:44:13,0.00,6.82,82.19,952.93,187
5/8/2013 22:44:28,5/8/2013,22:44:28,0.00,6.82,82.19,952.93,178
5/8/2013 22:44:43,5/8/2013,22:44:43,0.00,6.82,82.30,952.92,178
5/8/2013 22:44:58,5/8/2013,22:44:58,0.00,6.82,82.50,952.92,172
5/8/2013 22:45:13,5/8/2013,22:45:13,0.00,6.82,82.59,952.93,172
5/8/2013 22:45:28,5/8/2013,22:45:28,0.00,6.80,82.40,952.94,172
5/8/2013 22:45:43,5/8/2013,22:45:43,0.00,6.80,82.40,952.93,172
5/8/2013 22:45:58,5/8/2013,22:45:58,0.00,6.82,82.09,952.92,176
5/8/2013 22:46:13,5/8/2013,22:46:13,0.00,6.80,82.00,952.92,140
5/8/2013 22:46:28,5/8/2013,22:46:28,0.00,6.80,82.09,952.92,167
5/8/2013 22:46:43,5/8/2013,22:46:43,0.00,6.80,82.19,952.91,195
5/8/2013 22:46:58,5/8/2013,22:46:58,0.00,6.80,82.50,952.92,198
5/8/2013 22:47:13,5/8/2013,22:47:13,0.00,6.75,82.90,952.92,198
5/8/2013 22:47:28,5/8/2013,22:47:28,0.00,6.75,82.69,952.93,192
5/8/2013 22:47:43,5/8/2013,22:47:43,0.00,6.75,82.50,952.94,193
5/8/2013 22:47:58,5/8/2013,22:47:58,0.00,6.75,82.40,952.94,193
5/8/2013 22:48:13,5/8/2013,22:48:13,0.00,6.75,82.40,952.94,186
5/8/2013 22:48:28,5/8/2013,22:48:28,0.00,6.75,82.19,952.94,192
5/8/2013 22:48:43,5/8/2013,22:48:43,0.00,6.80,82.09,952.94,192
5/8/2013 22:48:58,5/8/2013,22:48:58,0.00,6.75,82.00,952.94,192
5/8/2013 22:49:13,5/8/2013,22:49:13,0.00,6.75,82.30,952.94,192
5/8/2013 22:49:28,5/8/2013,22:49:28,0.00,6.75,83.40,952.94,192
5/8/2013 22:49:43,5/8/2013,22:49:43,0.00,6.75,83.50,952.94,190
5/8/2013 22:49:58,5/8/2013,22:49:58,0.00,6.75,83.00,952.97,203
5/8/2013 22:50:13,5/8/2013,22:50:13,0.00,6.75,82.59,952.97,202
5/8/2013 22:50:28,5/8/2013,22:50:28,0.00,6.75,82.50,952.96,202
5/8/2013 22:50:43,5/8/2013,22:50:43,0.00,6.69,82.80,952.96,202
5/8/2013 22:50:58,5/8/2013,22:50:58,0.00,6.75,83.30,952.98,202
5/8/2013 22:51:13,5/8/2013,22:51:13,0.00,6.69,84.09,952.97,202
5/8/2013 22:51:28,5/8/2013,22:51:28,0.00,6.69,84.80,952.98,203
5/8/2013 22:51:43,5/8/2013,22:51:43,0.00,6.67,85.00,952.98,198
5/8/2013 22:51:58,5/8/2013,22:51:58,0.00,6.67,84.40,952.99,200
5/8/2013 22:52:13,5/8/2013,22:52:13,0.00,6.67,83.80,952.97,201
5/8/2013 22:52:28,5/8/2013,22:52:28,0.00,6.67,83.40,952.98,200
5/8/2013 22:52:43,5/8/2013,22:52:43,0.00,6.67,83.30,952.99,200
5/8/2013 22:52:58,5/8/2013,22:52:58,0.00,6.67,83.50,952.99,200
5/8/2013 22:53:13,5/8/2013,22:53:13,0.00,6.67,83.69,952.99,206
5/8/2013 22:53:28,5/8/2013,22:53:28,0.00,6.62,84.19,952.99,206
5/8/2013 22:53:43,5/8/2013,22:53:43,0.00,6.62,84.59,953.00,206
5/8/2013 22:53:58,5/8/2013,22:53:58,0.00,6.59,84.69,953.01,205
5/8/2013 22:54:13,5/8/2013,22:54:13,0.00,6.59,84.69,953.01,205
5/8/2013 22:54:28,5/8/2013,22:54:28,0.00,6.59,84.69,953.00,205
5/8/2013 22:54:43,5/8/2013,22:54:43,0.00,6.59,84.69,953.00,202
5/8/2013 22:54:58,5/8/2013,22:54:58,0.00,6.59,84.90,953.01,202
5/8/2013 22:55:13,5/8/2013,22:55:13,0.00,6.59,84.90,953.01,204
5/8/2013 22:55:28,5/8/2013,22:55:28,0.00,6.55,85.00,952.99,203
5/8/2013 22:55:43,5/8/2013,22:55:43,0.00,6.52,85.00,953.01,204
5/8/2013 22:55:58,5/8/2013,22:55:58,0.00,6.52,85.00,952.99,204
5/8/2013 22:56:13,5/8/2013,22:56:13,0.00,6.52,84.90,952.99,204
5/8/2013 22:56:28,5/8/2013,22:56:28,0.00,6.52,85.09,952.99,204
5/8/2013 22:56:43,5/8/2013,22:56:43,0.00,6.52,85.19,953.00,204
5/8/2013 22:56:58,5/8/2013,22:56:58,0.00,6.47,85.50,953.01,205
5/8/2013 22:57:13,5/8/2013,22:57:13,0.00,6.42,85.59,953.01,204
5/8/2013 22:57:28,5/8/2013,22:57:28,0.00,6.42,85.59,953.01,205
5/8/2013 22:57:43,5/8/2013,22:57:43,0.00,6.42,85.50,953.02,205
5/8/2013 22:57:58,5/8/2013,22:57:58,0.00,6.42,85.59,953.04,203
5/8/2013 22:58:13,5/8/2013,22:58:13,0.00,6.42,85.40,953.02,201
5/8/2013 22:58:28,5/8/2013,22:58:28,0.00,6.42,84.69,953.02,200
5/8/2013 22:58:43,5/8/2013,22:58:43,0.00,6.42,84.19,953.04,199
5/8/2013 22:58:58,5/8/2013,22:58:58,0.00,6.42,83.80,953.04,206
5/8/2013 22:59:13,5/8/2013,22:59:13,0.00,6.42,83.59,953.02,153
5/8/2013 22:59:28,5/8/2013,22:59:28,0.00,6.40,83.59,953.02,148
5/8/2013 22:59:43,5/8/2013,22:59:43,0.00,6.42,83.90,953.04,148
5/8/2013 22:59:58,5/8/2013,22:59:58,0.00,6.40,83.80,953.02,148
5/8/2013 23:00:13,5/8/2013,23:00:13,0.00,6.40,83.80,953.04,148
5/8/2013 23:00:28,5/8/2013,23:00:28,0.00,6.40,83.69,953.04,162
5/8/2013 23:00:43,5/8/2013,23:00:43,0.00,6.40,83.69,953.04,164
5/8/2013 23:00:58,5/8/2013,23:00:58,0.00,6.40,84.00,953.04,164
5/8/2013 23:01:13,5/8/2013,23:01:13,0.00,6.34,84.09,953.04,165
5/8/2013 23:01:28,5/8/2013,23:01:28,0.00,6.40,84.09,953.02,165
5/8/2013 23:01:43,5/8/2013,23:01:43,0.00,6.34,84.30,953.05,156
5/8/2013 23:01:58,5/8/2013,23:01:58,0.00,6.34,84.59,953.07,158
5/8/2013 23:02:13,5/8/2013,23:02:13,0.00,6.34,84.69,953.06,178
5/8/2013 23:02:28,5/8/2013,23:02:28,0.00,6.34,84.80,953.06,198
5/8/2013 23:02:43,5/8/2013,23:02:43,0.00,6.32,84.50,953.07,175
5/8/2013 23:02:58,5/8/2013,23:02:58,0.00,6.34,84.19,953.08,174
5/8/2013 23:03:13,5/8/2013,23:03:13,0.00,6.34,83.90,953.09,176
5/8/2013 23:03:28,5/8/2013,23:03:28,0.00,6.34,84.09,953.09,187
5/8/2013 23:03:43,5/8/2013,23:03:43,0.00,6.34,84.50,953.12,187
5/8/2013 23:03:58,5/8/2013,23:03:58,0.00,6.34,85.09,953.09,186
5/8/2013 23:04:13,5/8/2013,23:04:13,0.00,6.27,85.00,953.09,198
5/8/2013 23:04:28,5/8/2013,23:04:28,0.00,6.27,85.00,953.09,210
5/8/2013 23:04:43,5/8/2013,23:04:43,0.00,6.27,85.30,953.09,221
5/8/2013 23:04:58,5/8/2013,23:04:58,0.00,6.27,85.50,953.09,233
5/8/2013 23:05:13,5/8/2013,23:05:13,0.00,6.27,85.90,953.12,225
5/8/2013 23:05:28,5/8/2013,23:05:28,0.00,6.22,86.09,953.14,225
5/8/2013 23:05:43,5/8/2013,23:05:43,0.00,6.22,86.19,953.16,224
5/8/2013 23:05:58,5/8/2013,23:05:58,0.00,6.19,86.30,953.15,206
5/8/2013 23:06:13,5/8/2013,23:06:13,0.00,6.19,86.09,953.14,119
5/8/2013 23:06:28,5/8/2013,23:06:28,0.00,6.27,85.50,953.14,206
5/8/2013 23:06:43,5/8/2013,23:06:43,0.00,6.27,84.50,953.14,208
5/8/2013 23:06:58,5/8/2013,23:06:58,0.00,6.27,84.09,953.14,174
5/8/2013 23:07:13,5/8/2013,23:07:13,0.00,6.27,84.19,953.14,178
5/8/2013 23:07:28,5/8/2013,23:07:28,0.00,6.27,84.40,953.13,178
5/8/2013 23:07:43,5/8/2013,23:07:43,0.00,6.27,84.50,953.14,178
5/8/2013 23:07:58,5/8/2013,23:07:58,0.00,6.27,84.19,953.13,212
5/8/2013 23:08:13,5/8/2013,23:08:13,0.00,6.32,84.00,953.12,194
5/8/2013 23:08:28,5/8/2013,23:08:28,0.00,6.27,83.90,953.13,178
5/8/2013 23:08:43,5/8/2013,23:08:43,0.00,6.27,84.09,953.13,196
5/8/2013 23:08:58,5/8/2013,23:08:58,0.00,6.27,84.09,953.13,200
5/8/2013 23:09:13,5/8/2013,23:09:13,0.00,6.27,84.00,953.14,199
5/8/2013 23:09:28,5/8/2013,23:09:28,0.00,6.27,84.50,953.14,197
5/8/2013 23:09:43,5/8/2013,23:09:43,0.00,6.34,84.50,953.13,196
5/8/2013 23:09:58,5/8/2013,23:09:58,0.00,6.34,84.09,953.14,192
5/8/2013 23:10:13,5/8/2013,23:10:13,0.00,6.27,84.00,953.14,195
5/8/2013 23:10:28,5/8/2013,23:10:28,0.00,6.27,84.19,953.14,194
5/8/2013 23:10:43,5/8/2013,23:10:43,0.00,6.27,84.09,953.15,193
5/8/2013 23:10:58,5/8/2013,23:10:58,0.00,6.27,84.09,953.16,193
5/8/2013 23:11:13,5/8/2013,23:11:13,0.00,6.27,83.90,953.15,194
5/8/2013 23:11:28,5/8/2013,23:11:28,0.00,6.27,84.00,953.15,194
5/8/2013 23:11:43,5/8/2013,23:11:43,0.00,6.27,84.09,953.16,192
5/8/2013 23:11:58,5/8/2013,23:11:58,0.00,6.27,84.19,953.17,192
5/8/2013 23:12:13,5/8/2013,23:12:13,0.00,6.27,84.50,953.17,192
5/8/2013 23:12:28,5/8/2013,23:12:28,0.00,6.27,84.40,953.18,197
5/8/2013 23:12:43,5/8/2013,23:12:43,0.00,6.27,84.40,953.18,231
5/8/2013 23:12:58,5/8/2013,23:12:58,0.00,6.27,85.00,953.18,216
5/8/2013 23:13:13,5/8/2013,23:13:13,0.00,6.27,85.30,953.20,201
5/8/2013 23:13:28,5/8/2013,23:13:28,0.00,6.27,85.00,953.18,201
5/8/2013 23:13:43,5/8/2013,23:13:43,0.00,6.22,85.19,953.18,201
5/8/2013 23:13:58,5/8/2013,23:13:58,0.00,6.19,85.40,953.20,201
5/8/2013 23:14:13,5/8/2013,23:14:13,0.00,6.22,85.90,953.20,202
5/8/2013 23:14:28,5/8/2013,23:14:28,0.00,6.19,86.09,953.21,184
5/8/2013 23:14:43,5/8/2013,23:14:43,0.00,6.19,85.80,953.21,186
5/8/2013 23:14:58,5/8/2013,23:14:58,0.00,6.19,85.59,953.22,186
5/8/2013 23:15:13,5/8/2013,23:15:13,0.00,6.19,85.59,953.22,187
5/8/2013 23:15:28,5/8/2013,23:15:28,0.00,6.19,86.00,953.22,194
5/8/2013 23:15:43,5/8/2013,23:15:43,0.00,6.19,86.19,953.22,194
5/8/2013 23:15:58,5/8/2013,23:15:58,0.00,6.19,86.19,953.21,193
5/8/2013 23:16:13,5/8/2013,23:16:13,0.00,6.15,86.30,953.22,194
5/8/2013 23:16:28,5/8/2013,23:16:28,0.00,6.12,86.30,953.23,188
5/8/2013 23:16:43,5/8/2013,23:16:43,0.00,6.12,86.09,953.22,176
5/8/2013 23:16:58,5/8/2013,23:16:58,0.00,6.15,86.00,953.23,179
5/8/2013 23:17:13,5/8/2013,23:17:13,0.00,6.12,86.19,953.22,180
5/8/2013 23:17:28,5/8/2013,23:17:28,0.00,6.12,86.00,953.22,176
5/8/2013 23:17:43,5/8/2013,23:17:43,0.00,6.15,85.50,953.23,179
5/8/2013 23:17:58,5/8/2013,23:17:58,0.00,6.12,85.40,953.22,204
5/8/2013 23:18:13,5/8/2013,23:18:13,0.00,6.12,85.69,953.23,204
5/8/2013 23:18:28,5/8/2013,23:18:28,0.00,6.12,86.30,953.24,204
5/8/2013 23:18:43,5/8/2013,23:18:43,0.00,6.12,86.59,953.23,195
5/8/2013 23:18:58,5/8/2013,23:18:58,0.00,6.12,86.69,953.23,195
5/8/2013 23:19:13,5/8/2013,23:19:13,0.00,6.12,85.90,953.22,208
5/8/2013 23:19:28,5/8/2013,23:19:28,0.00,6.12,85.30,953.22,209
5/8/2013 23:19:43,5/8/2013,23:19:43,0.00,6.12,85.40,953.22,205
5/8/2013 23:19:58,5/8/2013,23:19:58,0.00,6.12,86.09,953.21,201
5/8/2013 23:20:13,5/8/2013,23:20:13,0.00,6.12,86.40,953.22,197
5/8/2013 23:20:28,5/8/2013,23:20:28,0.00,6.12,86.59,953.23,193
5/8/2013 23:20:43,5/8/2013,23:20:43,0.00,6.07,86.59,953.21,188
5/8/2013 23:20:58,5/8/2013,23:20:58,0.00,6.12,86.69,953.22,184
5/8/2013 23:21:13,5/8/2013,23:21:13,0.00,6.07,86.80,953.22,180
5/8/2013 23:21:28,5/8/2013,23:21:28,0.00,6.07,86.50,953.22,176
5/8/2013 23:21:43,5/8/2013,23:21:43,0.00,6.12,86.00,953.22,181
5/8/2013 23:21:58,5/8/2013,23:21:58,0.00,6.07,85.80,953.22,181
5/8/2013 23:22:13,5/8/2013,23:22:13,0.00,6.07,85.69,953.22,200
5/8/2013 23:22:28,5/8/2013,23:22:28,0.00,6.27,85.19,953.22,182
5/8/2013 23:22:43,5/8/2013,23:22:43,0.00,6.19,84.50,953.23,190
5/8/2013 23:22:58,5/8/2013,23:22:58,0.00,6.12,84.30,953.22,204
5/8/2013 23:23:13,5/8/2013,23:23:13,0.00,6.15,84.40,953.22,192
5/8/2013 23:23:28,5/8/2013,23:23:28,0.00,6.12,84.59,953.24,194
5/8/2013 23:23:43,5/8/2013,23:23:43,0.00,6.12,84.69,953.23,192
5/8/2013 23:23:58,5/8/2013,23:23:58,0.00,6.12,85.09,953.24,197
5/8/2013 23:24:13,5/8/2013,23:24:13,0.00,6.12,85.50,953.25,181
5/8/2013 23:24:28,5/8/2013,23:24:28,0.00,6.12,85.50,953.25,181
5/8/2013 23:24:43,5/8/2013,23:24:43,0.00,6.12,85.30,953.25,157
5/8/2013 23:24:58,5/8/2013,23:24:58,0.00,6.12,85.00,953.24,179
5/8/2013 23:25:13,5/8/2013,23:25:13,0.00,6.12,85.19,953.24,179
5/8/2013 23:25:28,5/8/2013,23:25:28,0.00,6.12,85.50,953.25,174
5/8/2013 23:25:43,5/8/2013,23:25:43,0.00,6.12,85.50,953.25,178
5/8/2013 23:25:58,5/8/2013,23:25:58,0.00,6.15,85.19,953.24,184
5/8/2013 23:26:13,5/8/2013,23:26:13,0.00,6.12,84.59,953.24,191
5/8/2013 23:26:28,5/8/2013,23:26:28,0.00,6.12,84.30,953.25,172
5/8/2013 23:26:43,5/8/2013,23:26:43,0.00,6.12,84.19,953.26,174
5/8/2013 23:26:58,5/8/2013,23:26:58,0.00,6.15,84.09,953.26,156
5/8/2013 23:27:13,5/8/2013,23:27:13,0.00,6.12,84.09,953.26,171
5/8/2013 23:27:28,5/8/2013,23:27:28,0.00,6.12,84.09,953.26,201
5/8/2013 23:27:43,5/8/2013,23:27:43,0.00,6.12,84.09,953.26,199
5/8/2013 23:27:58,5/8/2013,23:27:58,0.00,6.12,84.30,953.26,167
5/8/2013 23:28:13,5/8/2013,23:28:13,0.00,6.12,84.19,953.26,183
5/8/2013 23:28:28,5/8/2013,23:28:28,0.00,6.15,84.09,953.25,187
5/8/2013 23:28:43,5/8/2013,23:28:43,0.00,6.15,84.19,953.26,212
5/8/2013 23:28:58,5/8/2013,23:28:58,0.00,6.19,84.69,953.25,123
5/8/2013 23:29:13,5/8/2013,23:29:13,0.00,6.15,84.50,953.25,196
5/8/2013 23:29:28,5/8/2013,23:29:28,0.00,6.15,84.40,953.26,200
5/8/2013 23:29:43,5/8/2013,23:29:43,0.00,6.15,84.40,953.29,186
5/8/2013 23:29:58,5/8/2013,23:29:58,0.00,6.15,84.69,953.28,186
5/8/2013 23:30:13,5/8/2013,23:30:13,0.00,6.15,84.80,953.29,203
5/8/2013 23:30:28,5/8/2013,23:30:28,0.00,6.12,84.69,953.28,223
5/8/2013 23:30:43,5/8/2013,23:30:43,0.00,6.15,84.90,953.26,229
5/8/2013 23:30:58,5/8/2013,23:30:58,0.00,6.12,84.90,953.28,186
5/8/2013 23:31:13,5/8/2013,23:31:13,0.00,6.19,84.69,953.26,197
5/8/2013 23:31:28,5/8/2013,23:31:28,0.00,6.27,84.30,953.26,208
5/8/2013 23:31:43,5/8/2013,23:31:43,0.00,6.22,83.90,953.28,227
5/8/2013 23:31:58,5/8/2013,23:31:58,0.00,6.19,83.80,953.28,192
5/8/2013 23:32:13,5/8/2013,23:32:13,0.00,6.19,84.00,953.26,181
5/8/2013 23:32:28,5/8/2013,23:32:28,0.00,6.19,84.40,953.25,184
5/8/2013 23:32:43,5/8/2013,23:32:43,0.00,6.19,84.90,953.26,185
5/8/2013 23:32:58,5/8/2013,23:32:58,0.00,6.15,85.40,953.28,207
5/8/2013 23:33:13,5/8/2013,23:33:13,0.00,6.15,85.69,953.28,210
5/8/2013 23:33:28,5/8/2013,23:33:28,0.00,6.12,85.80,953.28,210
5/8/2013 23:33:43,5/8/2013,23:33:43,0.00,6.12,86.00,953.29,210
5/8/2013 23:33:58,5/8/2013,23:33:58,0.00,6.12,86.09,953.30,210
5/8/2013 23:34:13,5/8/2013,23:34:13,0.00,6.12,86.40,953.30,210
5/8/2013 23:34:28,5/8/2013,23:34:28,0.00,6.07,86.50,953.28,207
5/8/2013 23:34:43,5/8/2013,23:34:43,0.00,6.07,86.69,953.28,203
5/8/2013 23:34:58,5/8/2013,23:34:58,0.00,6.05,86.69,953.26,200
5/8/2013 23:35:13,5/8/2013,23:35:13,0.00,6.05,86.69,953.26,196
5/8/2013 23:35:28,5/8/2013,23:35:28,0.00,6.05,86.40,953.28,193
5/8/2013 23:35:43,5/8/2013,23:35:43,0.00,6.05,86.19,953.28,189
5/8/2013 23:35:58,5/8/2013,23:35:58,0.00,6.05,85.90,953.28,192
5/8/2013 23:36:13,5/8/2013,23:36:13,0.00,6.05,85.80,953.28,194
5/8/2013 23:36:28,5/8/2013,23:36:28,0.00,6.05,85.69,953.28,192
5/8/2013 23:36:43,5/8/2013,23:36:43,0.00,6.05,85.69,953.26,192
5/8/2013 23:36:58,5/8/2013,23:36:58,0.00,6.05,85.69,953.28,192
5/8/2013 23:37:13,5/8/2013,23:37:13,0.00,6.00,85.69,953.28,192
5/8/2013 23:37:28,5/8/2013,23:37:28,0.00,6.00,85.80,953.26,195
5/8/2013 23:37:43,5/8/2013,23:37:43,0.00,5.94,86.00,953.26,210
5/8/2013 23:37:58,5/8/2013,23:37:58,0.00,5.94,86.19,953.28,213
5/8/2013 23:38:13,5/8/2013,23:38:13,0.00,5.94,86.40,953.28,224
5/8/2013 23:38:28,5/8/2013,23:38:28,0.00,5.94,86.50,953.28,234
5/8/2013 23:38:43,5/8/2013,23:38:43,0.00,5.94,86.40,953.30,245
5/8/2013 23:38:58,5/8/2013,23:38:58,0.00,5.94,86.30,953.30,256
5/8/2013 23:39:13,5/8/2013,23:39:13,0.00,5.94,86.30,953.28,266
5/8/2013 23:39:28,5/8/2013,23:39:28,0.00,5.87,86.19,953.31,277
5/8/2013 23:39:43,5/8/2013,23:39:43,0.00,5.87,86.19,953.31,288
5/8/2013 23:39:58,5/8/2013,23:39:58,0.00,5.87,86.09,953.32,298
5/8/2013 23:40:13,5/8/2013,23:40:13,0.00,5.84,85.90,953.31,309
5/8/2013 23:40:28,5/8/2013,23:40:28,0.00,5.87,85.50,953.28,329
5/8/2013 23:40:43,5/8/2013,23:40:43,0.00,5.87,85.30,953.28,75
5/8/2013 23:40:58,5/8/2013,23:40:58,0.00,5.87,85.19,953.29,136
5/8/2013 23:41:13,5/8/2013,23:41:13,0.00,5.87,85.19,953.30,197
5/8/2013 23:41:28,5/8/2013,23:41:28,0.00,5.87,85.19,953.31,202
5/8/2013 23:41:43,5/8/2013,23:41:43,0.00,5.87,85.59,953.31,198
5/8/2013 23:41:58,5/8/2013,23:41:58,0.00,5.84,85.90,953.31,198
5/8/2013 23:42:13,5/8/2013,23:42:13,0.00,5.84,86.00,953.32,198
5/8/2013 23:42:28,5/8/2013,23:42:28,0.00,5.80,85.90,953.33,199
5/8/2013 23:42:43,5/8/2013,23:42:43,0.00,5.80,85.69,953.33,198
5/8/2013 23:42:58,5/8/2013,23:42:58,0.00,5.80,85.69,953.34,199
5/8/2013 23:43:13,5/8/2013,23:43:13,0.00,5.80,85.80,953.36,214
5/8/2013 23:43:28,5/8/2013,23:43:28,0.00,5.80,86.00,953.37,214
5/8/2013 23:43:43,5/8/2013,23:43:43,0.00,5.80,86.19,953.37,214
5/8/2013 23:43:58,5/8/2013,23:43:58,0.00,5.80,86.30,953.37,216
5/8/2013 23:44:13,5/8/2013,23:44:13,0.00,5.75,86.50,953.37,211
5/8/2013 23:44:28,5/8/2013,23:44:28,0.00,5.75,86.50,953.38,206
5/8/2013 23:44:43,5/8/2013,23:44:43,0.00,5.72,86.30,953.36,201
5/8/2013 23:44:58,5/8/2013,23:44:58,0.00,5.80,86.19,953.34,181
5/8/2013 23:45:13,5/8/2013,23:45:13,0.00,5.80,85.80,953.34,202
5/8/2013 23:45:28,5/8/2013,23:45:28,0.00,5.75,85.69,953.34,201
5/8/2013 23:45:43,5/8/2013,23:45:43,0.00,5.75,85.80,953.34,200
5/8/2013 23:45:58,5/8/2013,23:45:58,0.00,5.72,85.90,953.36,200
5/8/2013 23:46:13,5/8/2013,23:46:13,0.00,5.72,85.90,953.34,199
5/8/2013 23:46:28,5/8/2013,23:46:28,0.00,5.72,85.90,953.36,198
5/8/2013 23:46:43,5/8/2013,23:46:43,0.00,5.72,85.90,953.37,197
5/8/2013 23:46:58,5/8/2013,23:46:58,0.00,5.67,86.09,953.38,197
5/8/2013 23:47:13,5/8/2013,23:47:13,0.00,5.67,86.19,953.40,196
5/8/2013 23:47:28,5/8/2013,23:47:28,0.00,5.65,86.19,953.40,195
5/8/2013 23:47:43,5/8/2013,23:47:43,0.00,5.65,86.09,953.41,194
5/8/2013 23:47:58,5/8/2013,23:47:58,0.00,5.65,86.09,953.42,194
5/8/2013 23:48:13,5/8/2013,23:48:13,0.00,5.59,86.09,953.44,193
5/8/2013 23:48:28,5/8/2013,23:48:28,0.00,5.59,86.09,953.42,192
5/8/2013 23:48:43,5/8/2013,23:48:43,0.00,5.59,86.00,953.44,191
5/8/2013 23:48:58,5/8/2013,23:48:58,0.00,5.57,86.00,953.46,190
5/8/2013 23:49:13,5/8/2013,23:49:13,0.00,5.59,86.00,953.46,190
5/8/2013 23:49:28,5/8/2013,23:49:28,0.00,5.57,86.09,953.46,189
5/8/2013 23:49:43,5/8/2013,23:49:43,0.00,5.52,86.00,953.47,188
5/8/2013 23:49:58,5/8/2013,23:49:58,0.00,5.52,86.00,953.45,187
5/8/2013 23:50:13,5/8/2013,23:50:13,0.00,5.52,85.80,953.45,187
5/8/2013 23:50:28,5/8/2013,23:50:28,0.00,5.47,85.69,953.44,186
5/8/2013 23:50:43,5/8/2013,23:50:43,0.00,5.47,85.69,953.42,185
5/8/2013 23:50:58,5/8/2013,23:50:58,0.00,5.47,85.80,953.44,184
5/8/2013 23:51:13,5/8/2013,23:51:13,0.00,5.44,85.90,953.44,184
5/8/2013 23:51:28,5/8/2013,23:51:28,0.00,5.47,86.00,953.44,183
5/8/2013 23:51:43,5/8/2013,23:51:43,0.00,5.57,86.09,953.45,182
5/8/2013 23:51:58,5/8/2013,23:51:58,0.00,5.57,86.09,953.44,219
5/8/2013 23:52:13,5/8/2013,23:52:13,0.00,5.52,86.09,953.44,212
5/8/2013 23:52:28,5/8/2013,23:52:28,0.00,5.52,86.30,953.45,215
5/8/2013 23:52:43,5/8/2013,23:52:43,0.00,5.52,86.59,953.45,214
5/8/2013 23:52:58,5/8/2013,23:52:58,0.00,5.52,86.90,953.46,199
5/8/2013 23:53:13,5/8/2013,23:53:13,0.00,5.57,86.90,953.44,218
5/8/2013 23:53:28,5/8/2013,23:53:28,0.00,5.52,86.80,953.44,226
5/8/2013 23:53:43,5/8/2013,23:53:43,0.00,5.52,86.90,953.44,225
5/8/2013 23:53:58,5/8/2013,23:53:58,0.00,5.57,86.90,953.44,224
5/8/2013 23:54:13,5/8/2013,23:54:13,0.00,5.52,87.19,953.45,222
5/8/2013 23:54:28,5/8/2013,23:54:28,0.00,5.47,87.30,953.46,221
5/8/2013 23:54:43,5/8/2013,23:54:43,0.00,5.47,87.19,953.47,219
5/8/2013 23:54:58,5/8/2013,23:54:58,0.00,5.47,87.19,953.46,218
5/8/2013 23:55:13,5/8/2013,23:55:13,0.00,5.47,87.09,953.46,217
5/8/2013 23:55:28,5/8/2013,23:55:28,0.00,5.47,87.09,953.48,215
5/8/2013 23:55:43,5/8/2013,23:55:43,0.00,5.47,87.00,953.47,214
5/8/2013 23:55:58,5/8/2013,23:55:58,0.00,5.44,87.09,953.47,216
5/8/2013 23:56:13,5/8/2013,23:56:13,0.00,5.44,87.19,953.48,213
5/8/2013 23:56:28,5/8/2013,23:56:28,0.00,5.40,87.19,953.48,220
5/8/2013 23:56:43,5/8/2013,23:56:43,0.00,5.44,87.19,953.48,220
5/8/2013 23:56:58,5/8/2013,23:56:58,0.00,5.44,87.09,953.48,258
5/8/2013 23:57:13,5/8/2013,23:57:13,0.00,5.40,87.00,953.49,296
5/8/2013 23:57:28,5/8/2013,23:57:28,0.00,5.40,86.90,953.48,261
5/8/2013 23:57:43,5/8/2013,23:57:43,0.00,5.40,86.90,953.48,227
5/8/2013 23:57:58,5/8/2013,23:57:58,0.00,5.57,86.90,953.48,192
5/8/2013 23:58:13,5/8/2013,23:58:13,0.00,5.57,86.69,953.48,156
5/8/2013 23:58:28,5/8/2013,23:58:28,0.00,5.57,86.69,953.49,158
5/8/2013 23:58:43,5/8/2013,23:58:43,0.00,5.47,86.69,953.48,165
5/8/2013 23:58:58,5/8/2013,23:58:58,0.00,5.57,86.59,953.48,184
5/8/2013 23:59:13,5/8/2013,23:59:13,0.00,5.65,86.50,953.48,188
5/8/2013 23:59:28,5/8/2013,23:59:28,0.00,5.65,86.40,953.49,218
5/8/2013 23:59:43,5/8/2013,23:59:43,0.00,5.65,86.30,953.50,208
5/8/2013 23:59:58,5/8/2013,23:59:58,0.00,5.59,86.19,953.49,214
5/9/2013 00:00:13,5/9/2013,00:00:13,0.00,5.65,86.09,953.50,212
5/9/2013 00:00:28,5/9/2013,00:00:28,0.00,5.72,86.00,953.53,210
5/9/2013 00:00:43,5/9/2013,00:00:43,0.00,5.80,85.80,953.53,201
5/9/2013 00:00:58,5/9/2013,00:00:58,0.00,5.72,85.59,953.53,189
5/9/2013 00:01:13,5/9/2013,00:01:13,0.00,5.72,85.40,953.52,184
5/9/2013 00:01:28,5/9/2013,00:01:28,0.00,5.67,85.50,953.49,176
5/9/2013 00:01:43,5/9/2013,00:01:43,0.00,5.67,85.59,953.49,176
5/9/2013 00:01:58,5/9/2013,00:01:58,0.00,5.72,85.69,953.49,201
5/9/2013 00:02:13,5/9/2013,00:02:13,0.00,5.72,85.69,953.52,201
5/9/2013 00:02:28,5/9/2013,00:02:28,0.00,5.67,85.80,953.53,195
5/9/2013 00:02:43,5/9/2013,00:02:43,0.00,5.72,86.00,953.54,208
5/9/2013 00:02:58,5/9/2013,00:02:58,0.00,5.72,86.09,953.54,220
5/9/2013 00:03:13,5/9/2013,00:03:13,0.00,5.72,86.30,953.53,205
5/9/2013 00:03:28,5/9/2013,00:03:28,0.00,5.80,86.69,953.53,188
5/9/2013 00:03:43,5/9/2013,00:03:43,0.00,5.80,86.19,953.52,170
5/9/2013 00:03:58,5/9/2013,00:03:58,0.00,5.75,86.09,953.49,188
5/9/2013 00:04:13,5/9/2013,00:04:13,0.00,5.80,86.00,953.49,171
5/9/2013 00:04:28,5/9/2013,00:04:28,0.00,5.84,86.00,953.52,212
5/9/2013 00:04:43,5/9/2013,00:04:43,0.00,5.87,85.90,953.53,215
5/9/2013 00:04:58,5/9/2013,00:04:58,0.00,5.84,85.90,953.53,218
5/9/2013 00:05:13,5/9/2013,00:05:13,0.00,5.94,85.90,953.52,173
5/9/2013 00:05:28,5/9/2013,00:05:28,0.00,5.92,85.59,953.50,205
5/9/2013 00:05:43,5/9/2013,00:05:43,0.00,5.94,85.50,953.49,190
5/9/2013 00:05:58,5/9/2013,00:05:58,0.00,5.94,85.30,953.50,173
5/9/2013 00:06:13,5/9/2013,00:06:13,0.00,5.92,85.40,953.53,213
5/9/2013 00:06:28,5/9/2013,00:06:28,0.00,5.92,85.59,953.52,212
5/9/2013 00:06:43,5/9/2013,00:06:43,0.00,5.87,85.69,953.52,206
5/9/2013 00:06:58,5/9/2013,00:06:58,0.00,5.92,85.69,953.50,206
5/9/2013 00:07:13,5/9/2013,00:07:13,0.00,5.87,85.69,953.50,206
5/9/2013 00:07:28,5/9/2013,00:07:28,0.00,5.87,86.00,953.50,206
5/9/2013 00:07:43,5/9/2013,00:07:43,0.00,5.87,86.50,953.50,206
5/9/2013 00:07:58,5/9/2013,00:07:58,0.00,5.87,86.69,953.50,205
5/9/2013 00:08:13,5/9/2013,00:08:13,0.00,5.87,86.59,953.49,192
5/9/2013 00:08:28,5/9/2013,00:08:28,0.00,5.87,86.30,953.49,193
5/9/2013 00:08:43,5/9/2013,00:08:43,0.00,5.87,86.19,953.50,220
5/9/2013 00:08:58,5/9/2013,00:08:58,0.00,5.94,86.30,953.53,184
5/9/2013 00:09:13,5/9/2013,00:09:13,0.00,5.94,85.90,953.53,205
5/9/2013 00:09:28,5/9/2013,00:09:28,0.00,5.94,85.90,953.54,216
5/9/2013 00:09:43,5/9/2013,00:09:43,0.00,5.94,86.00,953.54,161
5/9/2013 00:09:58,5/9/2013,00:09:58,0.00,5.87,85.90,953.54,184
5/9/2013 00:10:13,5/9/2013,00:10:13,0.00,5.92,85.90,953.54,197
5/9/2013 00:10:28,5/9/2013,00:10:28,0.00,5.92,86.09,953.54,197
5/9/2013 00:10:43,5/9/2013,00:10:43,0.00,5.92,86.40,953.54,202
5/9/2013 00:10:58,5/9/2013,00:10:58,0.00,5.87,86.59,953.53,202
5/9/2013 00:11:13,5/9/2013,00:11:13,0.00,5.87,86.59,953.53,176
5/9/2013 00:11:28,5/9/2013,00:11:28,0.00,5.92,86.30,953.54,214
5/9/2013 00:11:43,5/9/2013,00:11:43,0.00,6.00,86.00,953.55,205
5/9/2013 00:11:58,5/9/2013,00:11:58,0.00,6.05,85.69,953.54,215
5/9/2013 00:12:13,5/9/2013,00:12:13,0.00,5.94,85.50,953.54,195
5/9/2013 00:12:28,5/9/2013,00:12:28,0.00,6.05,85.50,953.55,211
5/9/2013 00:12:43,5/9/2013,00:12:43,0.00,6.12,85.19,953.54,197
5/9/2013 00:12:58,5/9/2013,00:12:58,0.00,6.05,85.19,953.55,197
5/9/2013 00:13:13,5/9/2013,00:13:13,0.00,6.05,85.30,953.55,199
5/9/2013 00:13:28,5/9/2013,00:13:28,0.00,6.05,85.40,953.56,201
5/9/2013 00:13:43,5/9/2013,00:13:43,0.00,6.05,85.50,953.54,197
5/9/2013 00:13:58,5/9/2013,00:13:58,0.00,6.05,85.80,953.55,182
5/9/2013 00:14:13,5/9/2013,00:14:13,0.00,6.05,85.80,953.55,226
5/9/2013 00:14:28,5/9/2013,00:14:28,0.00,6.05,85.69,953.56,195
5/9/2013 00:14:43,5/9/2013,00:14:43,0.00,6.07,85.59,953.56,192
5/9/2013 00:14:58,5/9/2013,00:14:58,0.00,6.05,85.30,953.56,198
5/9/2013 00:15:13,5/9/2013,00:15:13,0.00,6.05,85.19,953.56,207
5/9/2013 00:15:28,5/9/2013,00:15:28,0.00,6.05,85.19,953.57,213
5/9/2013 00:15:43,5/9/2013,00:15:43,0.00,6.05,85.80,953.60,218
5/9/2013 00:15:58,5/9/2013,00:15:58,0.00,6.05,86.40,953.60,224
5/9/2013 00:16:13,5/9/2013,00:16:13,0.00,6.05,86.40,953.58,213
5/9/2013 00:16:28,5/9/2013,00:16:28,0.00,6.05,86.09,953.58,196
5/9/2013 00:16:43,5/9/2013,00:16:43,0.00,5.94,86.19,953.58,179
5/9/2013 00:16:58,5/9/2013,00:16:58,0.00,6.00,86.19,953.57,175
5/9/2013 00:17:13,5/9/2013,00:17:13,0.00,6.05,85.90,953.56,200
5/9/2013 00:17:28,5/9/2013,00:17:28,0.00,6.05,85.40,953.57,205
5/9/2013 00:17:43,5/9/2013,00:17:43,0.00,6.05,85.30,953.56,203
5/9/2013 00:17:58,5/9/2013,00:17:58,0.00,6.00,85.30,953.56,194
5/9/2013 00:18:13,5/9/2013,00:18:13,0.00,6.00,85.40,953.57,200
5/9/2013 00:18:28,5/9/2013,00:18:28,0.00,6.00,85.80,953.56,199
5/9/2013 00:18:43,5/9/2013,00:18:43,0.00,6.00,86.00,953.57,200
5/9/2013 00:18:58,5/9/2013,00:18:58,0.00,6.00,86.19,953.56,203
5/9/2013 00:19:13,5/9/2013,00:19:13,0.00,6.05,85.90,953.56,188
5/9/2013 00:19:28,5/9/2013,00:19:28,0.00,6.05,85.50,953.56,205
5/9/2013 00:19:43,5/9/2013,00:19:43,0.00,6.00,85.19,953.56,194
5/9/2013 00:19:58,5/9/2013,00:19:58,0.00,6.00,85.19,953.56,195
5/9/2013 00:20:13,5/9/2013,00:20:13,0.00,6.00,85.19,953.56,202
5/9/2013 00:20:28,5/9/2013,00:20:28,0.00,6.00,85.19,953.56,198
5/9/2013 00:20:43,5/9/2013,00:20:43,0.00,6.00,85.30,953.56,202
5/9/2013 00:20:58,5/9/2013,00:20:58,0.00,6.00,85.30,953.56,200
5/9/2013 00:21:13,5/9/2013,00:21:13,0.00,5.94,85.19,953.55,201
5/9/2013 00:21:28,5/9/2013,00:21:28,0.00,6.05,85.09,953.55,208
5/9/2013 00:21:43,5/9/2013,00:21:43,0.00,6.05,85.00,953.56,193
5/9/2013 00:21:58,5/9/2013,00:21:58,0.00,6.07,84.90,953.54,197
5/9/2013 00:22:13,5/9/2013,00:22:13,0.00,6.05,84.90,953.53,205
5/9/2013 00:22:28,5/9/2013,00:22:28,0.00,6.05,84.90,953.52,147
5/9/2013 00:22:43,5/9/2013,00:22:43,0.00,6.05,84.90,953.50,192
5/9/2013 00:22:58,5/9/2013,00:22:58,0.00,6.05,85.00,953.52,200
5/9/2013 00:23:13,5/9/2013,00:23:13,0.00,6.12,84.90,953.53,196
5/9/2013 00:23:28,5/9/2013,00:23:28,0.00,6.05,84.59,953.53,206
5/9/2013 00:23:43,5/9/2013,00:23:43,0.00,6.12,84.59,953.53,176
5/9/2013 00:23:58,5/9/2013,00:23:58,0.00,6.07,84.59,953.53,201
5/9/2013 00:24:13,5/9/2013,00:24:13,0.00,6.12,84.59,953.52,203
5/9/2013 00:24:28,5/9/2013,00:24:28,0.00,6.12,84.59,953.52,202
5/9/2013 00:24:43,5/9/2013,00:24:43,0.00,6.12,84.59,953.53,190
5/9/2013 00:24:58,5/9/2013,00:24:58,0.00,6.12,84.50,953.53,197
5/9/2013 00:25:13,5/9/2013,00:25:13,0.00,6.12,84.50,953.53,223
5/9/2013 00:25:28,5/9/2013,00:25:28,0.00,6.05,84.59,953.53,205
5/9/2013 00:25:43,5/9/2013,00:25:43,0.00,6.07,84.69,953.53,189
5/9/2013 00:25:58,5/9/2013,00:25:58,0.00,6.05,84.80,953.53,197
5/9/2013 00:26:13,5/9/2013,00:26:13,0.00,6.05,84.90,953.54,195
5/9/2013 00:26:28,5/9/2013,00:26:28,0.00,6.05,84.90,953.54,193
5/9/2013 00:26:43,5/9/2013,00:26:43,0.00,6.05,84.80,953.54,193
5/9/2013 00:26:58,5/9/2013,00:26:58,0.00,6.05,84.90,953.55,193
5/9/2013 00:27:13,5/9/2013,00:27:13,0.00,6.00,84.90,953.55,189
5/9/2013 00:27:28,5/9/2013,00:27:28,0.00,6.05,85.00,953.56,189
5/9/2013 00:27:43,5/9/2013,00:27:43,0.00,6.05,85.09,953.56,192
5/9/2013 00:27:58,5/9/2013,00:27:58,0.00,6.07,85.19,953.56,178
5/9/2013 00:28:13,5/9/2013,00:28:13,0.00,6.05,85.09,953.57,197
5/9/2013 00:28:28,5/9/2013,00:28:28,0.00,6.05,85.50,953.58,197
5/9/2013 00:28:43,5/9/2013,00:28:43,0.00,6.05,85.40,953.58,201
5/9/2013 00:28:58,5/9/2013,00:28:58,0.00,6.07,85.09,953.58,214
5/9/2013 00:29:13,5/9/2013,00:29:13,0.00,6.12,84.90,953.57,159
5/9/2013 00:29:28,5/9/2013,00:29:28,0.00,6.07,84.90,953.58,197
5/9/2013 00:29:43,5/9/2013,00:29:43,0.00,6.05,84.90,953.60,195
5/9/2013 00:29:58,5/9/2013,00:29:58,0.00,6.05,85.19,953.60,223
5/9/2013 00:30:13,5/9/2013,00:30:13,0.00,6.05,85.69,953.62,196
5/9/2013 00:30:28,5/9/2013,00:30:28,0.00,6.05,85.59,953.62,177
5/9/2013 00:30:43,5/9/2013,00:30:43,0.00,6.05,85.40,953.62,195
5/9/2013 00:30:58,5/9/2013,00:30:58,0.00,6.05,85.30,953.62,198
5/9/2013 00:31:13,5/9/2013,00:31:13,0.00,6.05,85.40,953.63,175
5/9/2013 00:31:28,5/9/2013,00:31:28,0.00,6.05,85.30,953.62,176
5/9/2013 00:31:43,5/9/2013,00:31:43,0.00,6.05,85.40,953.64,192
5/9/2013 00:31:58,5/9/2013,00:31:58,0.06,6.07,85.30,953.63,206
5/9/2013 00:32:13,5/9/2013,00:32:13,0.36,6.12,84.90,953.62,206
5/9/2013 00:32:28,5/9/2013,00:32:28,0.00,6.07,84.69,953.61,197
5/9/2013 00:32:43,5/9/2013,00:32:43,0.00,6.07,84.80,953.62,197
5/9/2013 00:32:58,5/9/2013,00:32:58,0.00,6.05,84.90,953.60,197
5/9/2013 00:33:13,5/9/2013,00:33:13,0.00,6.07,84.90,953.60,199
5/9/2013 00:33:28,5/9/2013,00:33:28,0.00,6.05,84.80,953.60,205
5/9/2013 00:33:43,5/9/2013,00:33:43,0.00,6.05,85.09,953.61,214
5/9/2013 00:33:58,5/9/2013,00:33:58,0.00,6.05,85.30,953.63,197
5/9/2013 00:34:13,5/9/2013,00:34:13,0.00,6.00,85.30,953.61,197
5/9/2013 00:34:28,5/9/2013,00:34:28,0.00,5.94,85.40,953.62,197
5/9/2013 00:34:43,5/9/2013,00:34:43,0.00,5.94,85.30,953.62,197
5/9/2013 00:34:58,5/9/2013,00:34:58,0.00,5.94,85.30,953.63,196
5/9/2013 00:35:13,5/9/2013,00:35:13,0.00,5.94,85.30,953.63,190
5/9/2013 00:35:28,5/9/2013,00:35:28,0.00,5.94,85.30,953.64,190
5/9/2013 00:35:43,5/9/2013,00:35:43,0.00,5.94,85.40,953.63,201
5/9/2013 00:35:58,5/9/2013,00:35:58,0.00,6.00,85.30,953.64,206
5/9/2013 00:36:13,5/9/2013,00:36:13,0.00,6.05,85.30,953.63,195
5/9/2013 00:36:28,5/9/2013,00:36:28,0.00,6.05,85.19,953.64,229
5/9/2013 00:36:43,5/9/2013,00:36:43,0.00,6.00,85.19,953.63,184
5/9/2013 00:36:58,5/9/2013,00:36:58,0.00,5.94,85.19,953.62,165
5/9/2013 00:37:13,5/9/2013,00:37:13,0.00,5.94,85.30,953.62,182
5/9/2013 00:37:28,5/9/2013,00:37:28,0.00,6.00,85.40,953.62,188
5/9/2013 00:37:43,5/9/2013,00:37:43,0.25,6.07,85.40,953.62,205
5/9/2013 00:37:58,5/9/2013,00:37:58,0.91,6.19,85.00,953.57,240
5/9/2013 00:38:13,5/9/2013,00:38:13,0.49,6.19,84.80,953.60,209
5/9/2013 00:38:28,5/9/2013,00:38:28,0.00,6.12,84.69,953.58,197
5/9/2013 00:38:43,5/9/2013,00:38:43,0.00,6.12,84.80,953.60,200
5/9/2013 00:38:58,5/9/2013,00:38:58,0.00,6.12,84.90,953.60,203
5/9/2013 00:39:13,5/9/2013,00:39:13,0.00,6.12,84.90,953.58,199
5/9/2013 00:39:28,5/9/2013,00:39:28,0.00,6.12,85.00,953.60,205
5/9/2013 00:39:43,5/9/2013,00:39:43,0.00,6.12,85.00,953.60,189
5/9/2013 00:39:58,5/9/2013,00:39:58,0.56,6.19,84.80,953.58,230
5/9/2013 00:40:13,5/9/2013,00:40:13,0.51,6.27,84.59,953.58,201
5/9/2013 00:40:28,5/9/2013,00:40:28,0.00,6.19,84.50,953.60,197
5/9/2013 00:40:43,5/9/2013,00:40:43,0.00,6.19,84.59,953.60,219
5/9/2013 00:40:58,5/9/2013,00:40:58,0.00,6.12,84.69,953.60,184
5/9/2013 00:41:13,5/9/2013,00:41:13,0.00,6.19,84.80,953.61,166
5/9/2013 00:41:28,5/9/2013,00:41:28,0.00,6.15,84.80,953.61,148
5/9/2013 00:41:43,5/9/2013,00:41:43,0.00,6.15,84.90,953.60,200
5/9/2013 00:41:58,5/9/2013,00:41:58,0.00,6.12,85.09,953.60,192
5/9/2013 00:42:13,5/9/2013,00:42:13,0.00,6.12,85.09,953.60,198
5/9/2013 00:42:28,5/9/2013,00:42:28,0.00,6.15,85.09,953.61,184
5/9/2013 00:42:43,5/9/2013,00:42:43,0.00,6.15,85.00,953.61,203
5/9/2013 00:42:58,5/9/2013,00:42:58,0.00,6.15,84.90,953.60,200
5/9/2013 00:43:13,5/9/2013,00:43:13,0.00,6.15,84.80,953.61,201
5/9/2013 00:43:28,5/9/2013,00:43:28,0.00,6.19,84.80,953.61,215
5/9/2013 00:43:43,5/9/2013,00:43:43,0.00,6.19,84.69,953.61,184
5/9/2013 00:43:58,5/9/2013,00:43:58,0.43,6.27,84.69,953.60,229
5/9/2013 00:44:13,5/9/2013,00:44:13,0.90,6.34,84.30,953.58,197
5/9/2013 00:44:28,5/9/2013,00:44:28,0.39,6.27,84.19,953.57,213
5/9/2013 00:44:43,5/9/2013,00:44:43,0.00,6.22,84.40,953.58,204
5/9/2013 00:44:58,5/9/2013,00:44:58,0.00,6.19,84.90,953.61,193
5/9/2013 00:45:13,5/9/2013,00:45:13,0.00,6.19,85.30,953.60,193
5/9/2013 00:45:28,5/9/2013,00:45:28,0.00,6.19,85.30,953.60,203
5/9/2013 00:45:43,5/9/2013,00:45:43,0.00,6.27,84.90,953.61,202
5/9/2013 00:45:58,5/9/2013,00:45:58,0.00,6.27,84.50,953.60,199
5/9/2013 00:46:13,5/9/2013,00:46:13,0.00,6.27,84.69,953.60,196
5/9/2013 00:46:28,5/9/2013,00:46:28,0.51,6.27,84.59,953.57,220
5/9/2013 00:46:43,5/9/2013,00:46:43,0.00,6.22,84.50,953.58,192
5/9/2013 00:46:58,5/9/2013,00:46:58,0.00,6.22,84.50,953.58,194
5/9/2013 00:47:13,5/9/2013,00:47:13,0.18,6.27,84.50,953.57,165
5/9/2013 00:47:28,5/9/2013,00:47:28,0.00,6.27,84.50,953.58,182
5/9/2013 00:47:43,5/9/2013,00:47:43,0.00,6.22,84.50,953.57,186
5/9/2013 00:47:58,5/9/2013,00:47:58,0.00,6.22,84.69,953.57,191
5/9/2013 00:48:13,5/9/2013,00:48:13,0.00,6.27,84.80,953.57,197
5/9/2013 00:48:28,5/9/2013,00:48:28,0.00,6.27,84.80,953.57,227
5/9/2013 00:48:43,5/9/2013,00:48:43,0.00,6.22,84.59,953.57,189
5/9/2013 00:48:58,5/9/2013,00:48:58,0.18,6.32,84.50,953.57,195
5/9/2013 00:49:13,5/9/2013,00:49:13,0.00,6.27,84.30,953.58,215
5/9/2013 00:49:28,5/9/2013,00:49:28,0.00,6.27,84.50,953.60,198
5/9/2013 00:49:43,5/9/2013,00:49:43,0.75,6.40,84.30,953.60,198
5/9/2013 00:49:58,5/9/2013,00:49:58,0.57,6.42,84.00,953.56,177
5/9/2013 00:50:13,5/9/2013,00:50:13,0.00,6.34,84.00,953.56,195
5/9/2013 00:50:28,5/9/2013,00:50:28,0.00,6.34,84.09,953.56,192
5/9/2013 00:50:43,5/9/2013,00:50:43,0.00,6.32,84.30,953.55,192
5/9/2013 00:50:58,5/9/2013,00:50:58,0.00,6.27,84.50,953.56,147
5/9/2013 00:51:13,5/9/2013,00:51:13,0.00,6.34,84.59,953.56,200
5/9/2013 00:51:28,5/9/2013,00:51:28,0.00,6.32,84.50,953.56,230
5/9/2013 00:51:43,5/9/2013,00:51:43,0.00,6.32,84.50,953.56,162
5/9/2013 00:51:58,5/9/2013,00:51:58,0.00,6.34,84.50,953.56,178
5/9/2013 00:52:13,5/9/2013,00:52:13,0.00,6.34,84.19,953.56,180
5/9/2013 00:52:28,5/9/2013,00:52:28,0.00,6.32,84.19,953.56,205
5/9/2013 00:52:43,5/9/2013,00:52:43,0.60,6.40,84.19,953.55,240
5/9/2013 00:52:58,5/9/2013,00:52:58,1.05,6.42,83.69,953.52,229
5/9/2013 00:53:13,5/9/2013,00:53:13,0.11,6.42,84.00,953.55,189
5/9/2013 00:53:28,5/9/2013,00:53:28,0.00,6.34,84.00,953.56,213
5/9/2013 00:53:43,5/9/2013,00:53:43,0.00,6.42,83.90,953.56,212
5/9/2013 00:53:58,5/9/2013,00:53:58,0.44,6.42,83.69,953.54,204
5/9/2013 00:54:13,5/9/2013,00:54:13,0.09,6.42,83.69,953.56,197
5/9/2013 00:54:28,5/9/2013,00:54:28,0.00,6.40,83.69,953.56,198
5/9/2013 00:54:43,5/9/2013,00:54:43,0.43,6.42,84.19,953.56,196
5/9/2013 00:54:58,5/9/2013,00:54:58,0.31,6.42,84.00,953.56,194
5/9/2013 00:55:13,5/9/2013,00:55:13,0.42,6.42,83.80,953.57,170
5/9/2013 00:55:28,5/9/2013,00:55:28,0.00,6.42,83.90,953.56,142
5/9/2013 00:55:43,5/9/2013,00:55:43,0.88,6.52,83.90,953.54,215
5/9/2013 00:55:58,5/9/2013,00:55:58,0.96,6.47,83.69,953.53,202
5/9/2013 00:56:13,5/9/2013,00:56:13,0.08,6.42,83.90,953.54,188
5/9/2013 00:56:28,5/9/2013,00:56:28,0.00,6.42,84.19,953.55,186
5/9/2013 00:56:43,5/9/2013,00:56:43,0.79,6.52,83.80,953.53,212
5/9/2013 00:56:58,5/9/2013,00:56:58,0.19,6.47,83.59,953.52,203
5/9/2013 00:57:13,5/9/2013,00:57:13,0.00,6.52,83.80,953.55,194
5/9/2013 00:57:28,5/9/2013,00:57:28,0.78,6.52,83.80,953.54,208
5/9/2013 00:57:43,5/9/2013,00:57:43,0.25,6.52,83.90,953.52,173
5/9/2013 00:57:58,5/9/2013,00:57:58,0.58,6.59,84.00,953.50,213
5/9/2013 00:58:13,5/9/2013,00:58:13,0.50,6.59,83.30,953.49,214
5/9/2013 00:58:28,5/9/2013,00:58:28,0.00,6.55,83.40,953.50,214
5/9/2013 00:58:43,5/9/2013,00:58:43,0.00,6.55,83.90,953.50,189
5/9/2013 00:58:58,5/9/2013,00:58:58,0.71,6.62,83.59,953.48,217
5/9/2013 00:59:13,5/9/2013,00:59:13,1.22,6.67,83.19,953.46,220
5/9/2013 00:59:28,5/9/2013,00:59:28,0.19,6.59,83.40,953.48,163
5/9/2013 00:59:43,5/9/2013,00:59:43,0.72,6.69,83.30,953.49,186
5/9/2013 00:59:58,5/9/2013,00:59:58,0.08,6.67,83.09,953.53,208
5/9/2013 01:00:13,5/9/2013,01:00:13,1.03,6.69,83.09,953.53,218
5/9/2013 01:00:28,5/9/2013,01:00:28,0.57,6.69,83.00,953.53,112
5/9/2013 01:00:43,5/9/2013,01:00:43,0.09,6.67,83.19,953.54,233
5/9/2013 01:00:58,5/9/2013,01:00:58,0.65,6.67,83.09,953.53,233
5/9/2013 01:01:13,5/9/2013,01:01:13,0.18,6.67,83.09,953.53,207
5/9/2013 01:01:28,5/9/2013,01:01:28,0.00,6.67,83.30,953.54,226
5/9/2013 01:01:43,5/9/2013,01:01:43,0.00,6.59,83.90,953.54,213
5/9/2013 01:01:58,5/9/2013,01:01:58,0.00,6.59,84.00,953.54,220
5/9/2013 01:02:13,5/9/2013,01:02:13,0.00,6.59,84.19,953.55,200
5/9/2013 01:02:28,5/9/2013,01:02:28,0.17,6.67,83.69,953.55,145
5/9/2013 01:02:43,5/9/2013,01:02:43,1.16,6.69,83.40,953.53,215
5/9/2013 01:02:58,5/9/2013,01:02:58,0.43,6.67,83.19,953.54,191
5/9/2013 01:03:13,5/9/2013,01:03:13,1.04,6.75,83.09,953.52,228
5/9/2013 01:03:28,5/9/2013,01:03:28,0.18,6.69,82.90,953.54,197
5/9/2013 01:03:43,5/9/2013,01:03:43,0.00,6.67,83.19,953.55,180
5/9/2013 01:03:58,5/9/2013,01:03:58,0.00,6.62,83.59,953.55,191
5/9/2013 01:04:13,5/9/2013,01:04:13,0.00,6.67,83.50,953.54,212
5/9/2013 01:04:28,5/9/2013,01:04:28,0.40,6.67,83.30,953.54,205
5/9/2013 01:04:43,5/9/2013,01:04:43,0.00,6.67,83.30,953.56,213
5/9/2013 01:04:58,5/9/2013,01:04:58,0.00,6.67,83.30,953.55,221
5/9/2013 01:05:13,5/9/2013,01:05:13,0.58,6.67,83.19,953.53,210
5/9/2013 01:05:28,5/9/2013,01:05:28,0.00,6.62,83.40,953.54,194
5/9/2013 01:05:43,5/9/2013,01:05:43,0.00,6.62,83.59,953.54,152
5/9/2013 01:05:58,5/9/2013,01:05:58,0.53,6.67,83.59,953.54,236
5/9/2013 01:06:13,5/9/2013,01:06:13,0.00,6.67,83.59,953.52,197
5/9/2013 01:06:28,5/9/2013,01:06:28,0.00,6.67,83.80,953.52,240
5/9/2013 01:06:43,5/9/2013,01:06:43,0.75,6.67,83.69,953.52,204
5/9/2013 01:06:58,5/9/2013,01:06:58,0.82,6.67,83.40,953.52,220
5/9/2013 01:07:13,5/9/2013,01:07:13,0.14,6.67,83.30,953.53,184
5/9/2013 01:07:28,5/9/2013,01:07:28,0.00,6.67,83.59,953.53,211
5/9/2013 01:07:43,5/9/2013,01:07:43,0.74,6.67,83.50,953.52,229
5/9/2013 01:07:58,5/9/2013,01:07:58,0.08,6.62,83.59,953.52,149
5/9/2013 01:08:13,5/9/2013,01:08:13,0.00,6.59,83.80,953.54,202
5/9/2013 01:08:28,5/9/2013,01:08:28,0.00,6.59,83.90,953.54,227
5/9/2013 01:08:43,5/9/2013,01:08:43,0.65,6.62,83.69,953.52,214
5/9/2013 01:08:58,5/9/2013,01:08:58,1.22,6.67,83.40,953.49,209
5/9/2013 01:09:13,5/9/2013,01:09:13,0.90,6.69,83.40,953.49,198
5/9/2013 01:09:28,5/9/2013,01:09:28,0.78,6.69,83.09,953.50,213
5/9/2013 01:09:43,5/9/2013,01:09:43,0.74,6.75,83.19,953.50,178
5/9/2013 01:09:58,5/9/2013,01:09:58,1.19,6.82,82.90,953.49,206
5/9/2013 01:10:13,5/9/2013,01:10:13,0.26,6.75,83.09,953.49,213
5/9/2013 01:10:28,5/9/2013,01:10:28,0.00,6.67,83.40,953.49,203
5/9/2013 01:10:43,5/9/2013,01:10:43,1.22,6.80,83.30,953.48,207
5/9/2013 01:10:58,5/9/2013,01:10:58,1.01,6.82,82.69,953.46,212
5/9/2013 01:11:13,5/9/2013,01:11:13,0.76,6.75,82.90,953.45,215
5/9/2013 01:11:28,5/9/2013,01:11:28,0.47,6.69,83.50,953.47,218
5/9/2013 01:11:43,5/9/2013,01:11:43,1.10,6.80,83.40,953.47,222
5/9/2013 01:11:58,5/9/2013,01:11:58,0.18,6.69,83.19,953.48,219
5/9/2013 01:12:13,5/9/2013,01:12:13,0.56,6.69,83.59,953.47,216
5/9/2013 01:12:28,5/9/2013,01:12:28,0.75,6.75,83.30,953.46,190
5/9/2013 01:12:43,5/9/2013,01:12:43,1.21,6.75,83.09,953.44,215
5/9/2013 01:12:58,5/9/2013,01:12:58,0.65,6.75,82.90,953.42,196
5/9/2013 01:13:13,5/9/2013,01:13:13,0.88,6.75,83.00,953.42,202
5/9/2013 01:13:28,5/9/2013,01:13:28,0.21,6.75,83.19,953.46,206
5/9/2013 01:13:43,5/9/2013,01:13:43,0.43,6.69,83.30,953.46,168
5/9/2013 01:13:58,5/9/2013,01:13:58,0.31,6.69,83.30,953.46,200
5/9/2013 01:14:13,5/9/2013,01:14:13,0.00,6.69,83.30,953.47,204
5/9/2013 01:14:28,5/9/2013,01:14:28,0.00,6.67,83.30,953.46,182
5/9/2013 01:14:43,5/9/2013,01:14:43,0.00,6.67,83.50,953.45,160
5/9/2013 01:14:58,5/9/2013,01:14:58,1.08,6.69,83.59,953.44,206
5/9/2013 01:15:13,5/9/2013,01:15:13,0.88,6.75,83.30,953.41,201
5/9/2013 01:15:28,5/9/2013,01:15:28,0.74,6.75,82.90,953.41,223
5/9/2013 01:15:43,5/9/2013,01:15:43,0.00,6.67,83.19,953.41,211
5/9/2013 01:15:58,5/9/2013,01:15:58,0.63,6.69,83.59,953.41,203
5/9/2013 01:16:13,5/9/2013,01:16:13,1.05,6.75,83.19,953.39,223
5/9/2013 01:16:28,5/9/2013,01:16:28,0.86,6.69,83.19,953.39,216
5/9/2013 01:16:43,5/9/2013,01:16:43,0.81,6.75,83.19,953.38,210
5/9/2013 01:16:58,5/9/2013,01:16:58,0.64,6.75,83.09,953.39,218
5/9/2013 01:17:13,5/9/2013,01:17:13,0.54,6.67,83.19,953.40,214
5/9/2013 01:17:28,5/9/2013,01:17:28,0.00,6.69,83.19,953.41,230
5/9/2013 01:17:43,5/9/2013,01:17:43,0.50,6.75,83.30,953.41,234
5/9/2013 01:17:58,5/9/2013,01:17:58,1.68,6.82,82.90,953.38,218
5/9/2013 01:18:13,5/9/2013,01:18:13,1.75,6.82,82.59,953.36,196
5/9/2013 01:18:28,5/9/2013,01:18:28,1.15,6.80,82.80,953.38,174
5/9/2013 01:18:43,5/9/2013,01:18:43,0.51,6.75,82.80,953.39,212
5/9/2013 01:18:58,5/9/2013,01:18:58,0.00,6.75,83.00,953.42,163
5/9/2013 01:19:13,5/9/2013,01:19:13,0.00,6.75,83.19,953.40,186
5/9/2013 01:19:28,5/9/2013,01:19:28,0.00,6.69,83.59,953.42,210
5/9/2013 01:19:43,5/9/2013,01:19:43,0.96,6.75,83.59,953.41,223
5/9/2013 01:19:58,5/9/2013,01:19:58,0.93,6.75,83.09,953.38,210
5/9/2013 01:20:13,5/9/2013,01:20:13,0.36,6.75,83.19,953.40,207
5/9/2013 01:20:28,5/9/2013,01:20:28,0.00,6.67,83.40,953.41,192
5/9/2013 01:20:43,5/9/2013,01:20:43,0.00,6.67,83.69,953.41,206
5/9/2013 01:20:58,5/9/2013,01:20:58,0.65,6.69,83.59,953.38,208
5/9/2013 01:21:13,5/9/2013,01:21:13,0.50,6.69,83.30,953.38,229
5/9/2013 01:21:28,5/9/2013,01:21:28,0.19,6.69,83.40,953.39,206
5/9/2013 01:21:43,5/9/2013,01:21:43,0.00,6.67,83.40,953.40,194
5/9/2013 01:21:58,5/9/2013,01:21:58,0.00,6.67,83.50,953.40,189
5/9/2013 01:22:13,5/9/2013,01:22:13,0.00,6.67,83.59,953.40,212
5/9/2013 01:22:28,5/9/2013,01:22:28,0.00,6.62,83.90,953.39,199
5/9/2013 01:22:43,5/9/2013,01:22:43,0.00,6.59,84.30,953.40,209
5/9/2013 01:22:58,5/9/2013,01:22:58,0.00,6.59,84.09,953.40,207
5/9/2013 01:23:13,5/9/2013,01:23:13,0.00,6.59,84.00,953.41,204
5/9/2013 01:23:28,5/9/2013,01:23:28,0.00,6.59,84.00,953.40,216
5/9/2013 01:23:43,5/9/2013,01:23:43,0.00,6.59,84.00,953.40,207
5/9/2013 01:23:58,5/9/2013,01:23:58,0.00,6.55,84.30,953.39,207
5/9/2013 01:24:13,5/9/2013,01:24:13,0.00,6.55,84.50,953.38,125
5/9/2013 01:24:28,5/9/2013,01:24:28,0.00,6.52,84.40,953.37,223
5/9/2013 01:24:43,5/9/2013,01:24:43,0.00,6.52,84.50,953.36,188
5/9/2013 01:24:58,5/9/2013,01:24:58,0.00,6.52,84.40,953.37,208
5/9/2013 01:25:13,5/9/2013,01:25:13,0.00,6.52,84.30,953.37,208
5/9/2013 01:25:28,5/9/2013,01:25:28,0.00,6.52,84.30,953.37,192
5/9/2013 01:25:43,5/9/2013,01:25:43,0.00,6.52,84.30,953.38,185
5/9/2013 01:25:58,5/9/2013,01:25:58,0.00,6.52,84.30,953.38,198
5/9/2013 01:26:13,5/9/2013,01:26:13,0.00,6.47,84.30,953.39,202
5/9/2013 01:26:28,5/9/2013,01:26:28,0.00,6.42,84.30,953.38,194
5/9/2013 01:26:43,5/9/2013,01:26:43,0.00,6.42,84.50,953.38,169
5/9/2013 01:26:58,5/9/2013,01:26:58,0.00,6.42,84.59,953.38,181
5/9/2013 01:27:13,5/9/2013,01:27:13,0.00,6.42,84.50,953.39,170
5/9/2013 01:27:28,5/9/2013,01:27:28,0.00,6.42,84.59,953.40,229
5/9/2013 01:27:43,5/9/2013,01:27:43,0.00,6.34,84.90,953.39,215
5/9/2013 01:27:58,5/9/2013,01:27:58,0.00,6.42,85.19,953.40,203
5/9/2013 01:28:13,5/9/2013,01:28:13,0.00,6.47,85.00,953.39,182
5/9/2013 01:28:28,5/9/2013,01:28:28,0.00,6.42,84.80,953.39,233
5/9/2013 01:28:43,5/9/2013,01:28:43,0.00,6.42,84.80,953.40,212
5/9/2013 01:28:58,5/9/2013,01:28:58,0.00,6.40,85.09,953.39,190
5/9/2013 01:29:13,5/9/2013,01:29:13,0.00,6.42,85.30,953.40,197
5/9/2013 01:29:28,5/9/2013,01:29:28,0.00,6.42,85.09,953.41,204
5/9/2013 01:29:43,5/9/2013,01:29:43,0.00,6.40,85.00,953.41,215
5/9/2013 01:29:58,5/9/2013,01:29:58,0.00,6.34,85.09,953.42,213
5/9/2013 01:30:13,5/9/2013,01:30:13,0.00,6.34,85.19,953.41,187
5/9/2013 01:30:28,5/9/2013,01:30:28,0.00,6.34,85.19,953.41,203
5/9/2013 01:30:43,5/9/2013,01:30:43,0.00,6.34,85.19,953.40,219
5/9/2013 01:30:58,5/9/2013,01:30:58,0.00,6.32,85.30,953.40,213
5/9/2013 01:31:13,5/9/2013,01:31:13,0.00,6.27,85.69,953.39,206
5/9/2013 01:31:28,5/9/2013,01:31:28,0.00,6.27,85.69,953.39,200
5/9/2013 01:31:43,5/9/2013,01:31:43,0.00,6.27,85.69,953.37,184
5/9/2013 01:31:58,5/9/2013,01:31:58,0.00,6.27,85.50,953.37,192
5/9/2013 01:32:13,5/9/2013,01:32:13,0.00,6.27,85.40,953.38,200
5/9/2013 01:32:28,5/9/2013,01:32:28,0.00,6.27,85.40,953.39,200
5/9/2013 01:32:43,5/9/2013,01:32:43,0.00,6.22,85.40,953.40,200
5/9/2013 01:32:58,5/9/2013,01:32:58,0.00,6.19,85.50,953.40,199
5/9/2013 01:33:13,5/9/2013,01:33:13,0.00,6.19,85.50,953.40,200
5/9/2013 01:33:28,5/9/2013,01:33:28,0.00,6.19,85.50,953.41,199
5/9/2013 01:33:43,5/9/2013,01:33:43,0.00,6.19,85.50,953.41,210
5/9/2013 01:33:58,5/9/2013,01:33:58,0.00,6.12,85.59,953.41,221
5/9/2013 01:34:13,5/9/2013,01:34:13,0.00,6.15,85.90,953.44,232
5/9/2013 01:34:28,5/9/2013,01:34:28,0.00,6.15,85.80,953.44,197
5/9/2013 01:34:43,5/9/2013,01:34:43,0.00,6.15,85.69,953.41,211
5/9/2013 01:34:58,5/9/2013,01:34:58,0.00,6.12,85.80,953.40,161
5/9/2013 01:35:13,5/9/2013,01:35:13,0.00,6.12,85.90,953.40,203
5/9/2013 01:35:28,5/9/2013,01:35:28,0.00,6.15,85.90,953.40,211
5/9/2013 01:35:43,5/9/2013,01:35:43,0.00,6.12,85.80,953.40,217
5/9/2013 01:35:58,5/9/2013,01:35:58,0.00,6.12,85.69,953.41,200
5/9/2013 01:36:13,5/9/2013,01:36:13,0.00,6.12,85.69,953.41,192
5/9/2013 01:36:28,5/9/2013,01:36:28,0.00,6.12,85.69,953.39,187
5/9/2013 01:36:43,5/9/2013,01:36:43,0.00,6.19,85.69,953.38,187
5/9/2013 01:36:58,5/9/2013,01:36:58,0.00,6.12,85.69,953.38,178
5/9/2013 01:37:13,5/9/2013,01:37:13,0.00,6.12,85.80,953.39,170
5/9/2013 01:37:28,5/9/2013,01:37:28,0.00,6.12,85.90,953.39,161
5/9/2013 01:37:43,5/9/2013,01:37:43,0.00,6.05,86.00,953.39,166
5/9/2013 01:37:58,5/9/2013,01:37:58,0.00,6.05,86.00,953.38,218
5/9/2013 01:38:13,5/9/2013,01:38:13,0.00,6.05,86.09,953.38,354
5/9/2013 01:38:28,5/9/2013,01:38:28,0.00,6.05,86.19,953.38,79
5/9/2013 01:38:43,5/9/2013,01:38:43,0.00,6.00,86.30,953.38,78
5/9/2013 01:38:58,5/9/2013,01:38:58,0.00,6.00,86.30,953.39,104
5/9/2013 01:39:13,5/9/2013,01:39:13,0.00,5.94,86.30,953.42,130
5/9/2013 01:39:28,5/9/2013,01:39:28,0.00,5.94,86.30,953.42,156
5/9/2013 01:39:43,5/9/2013,01:39:43,0.00,5.94,86.30,953.44,182
5/9/2013 01:39:58,5/9/2013,01:39:58,0.00,5.92,86.30,953.41,208
5/9/2013 01:40:13,5/9/2013,01:40:13,0.00,5.87,86.30,953.41,81
5/9/2013 01:40:28,5/9/2013,01:40:28,0.00,5.87,86.40,953.42,111
5/9/2013 01:40:43,5/9/2013,01:40:43,0.00,5.87,86.40,953.42,142
5/9/2013 01:40:58,5/9/2013,01:40:58,0.00,5.87,86.40,953.40,172
5/9/2013 01:41:13,5/9/2013,01:41:13,0.00,5.87,86.40,953.39,202
5/9/2013 01:41:28,5/9/2013,01:41:28,0.00,5.87,86.40,953.39,192
5/9/2013 01:41:43,5/9/2013,01:41:43,0.00,5.87,86.50,953.41,210
5/9/2013 01:41:58,5/9/2013,01:41:58,0.00,5.92,86.59,953.42,175
5/9/2013 01:42:13,5/9/2013,01:42:13,0.00,5.87,86.59,953.41,152
5/9/2013 01:42:28,5/9/2013,01:42:28,0.00,5.87,86.59,953.41,252
5/9/2013 01:42:43,5/9/2013,01:42:43,0.00,5.87,86.59,953.42,351
5/9/2013 01:42:58,5/9/2013,01:42:58,0.00,5.94,86.90,953.40,269
5/9/2013 01:43:13,5/9/2013,01:43:13,0.00,6.07,86.90,953.39,186
5/9/2013 01:43:28,5/9/2013,01:43:28,0.00,6.05,86.80,953.38,126
5/9/2013 01:43:43,5/9/2013,01:43:43,0.00,6.00,86.80,953.38,179
5/9/2013 01:43:58,5/9/2013,01:43:58,0.00,6.00,86.80,953.39,213
5/9/2013 01:44:13,5/9/2013,01:44:13,0.28,6.05,86.69,953.39,213
5/9/2013 01:44:28,5/9/2013,01:44:28,0.00,6.05,86.69,953.40,31
5/9/2013 01:44:43,5/9/2013,01:44:43,0.28,6.00,87.09,953.38,216
5/9/2013 01:44:58,5/9/2013,01:44:58,0.51,6.12,87.40,953.37,212
5/9/2013 01:45:13,5/9/2013,01:45:13,0.00,6.12,87.19,953.37,222
5/9/2013 01:45:28,5/9/2013,01:45:28,0.00,6.12,86.90,953.39,202
5/9/2013 01:45:43,5/9/2013,01:45:43,0.00,6.05,86.69,953.40,213
5/9/2013 01:45:58,5/9/2013,01:45:58,0.00,6.12,86.50,953.41,211
5/9/2013 01:46:13,5/9/2013,01:46:13,0.00,6.07,86.50,953.41,208
5/9/2013 01:46:28,5/9/2013,01:46:28,0.00,6.05,86.59,953.40,178
5/9/2013 01:46:43,5/9/2013,01:46:43,0.00,6.05,86.69,953.40,120
5/9/2013 01:46:58,5/9/2013,01:46:58,0.00,6.05,86.69,953.40,150
5/9/2013 01:47:13,5/9/2013,01:47:13,0.00,6.05,86.90,953.39,180
5/9/2013 01:47:28,5/9/2013,01:47:28,0.00,6.05,87.09,953.41,325
5/9/2013 01:47:43,5/9/2013,01:47:43,0.00,6.05,87.19,953.39,0
5/9/2013 01:47:58,5/9/2013,01:47:58,0.00,6.00,87.09,953.39,26
5/9/2013 01:48:13,5/9/2013,01:48:13,0.00,5.94,87.09,953.38,26
5/9/2013 01:48:28,5/9/2013,01:48:28,0.00,5.94,87.00,953.37,26
5/9/2013 01:48:43,5/9/2013,01:48:43,0.00,5.94,87.00,953.37,26
5/9/2013 01:48:58,5/9/2013,01:48:58,0.00,5.92,87.00,953.39,26
5/9/2013 01:49:13,5/9/2013,01:49:13,0.00,5.94,87.00,953.41,222
5/9/2013 01:49:28,5/9/2013,01:49:28,0.00,5.94,87.00,953.41,220
5/9/2013 01:49:43,5/9/2013,01:49:43,0.00,5.94,87.00,953.41,342
5/9/2013 01:49:58,5/9/2013,01:49:58,0.00,5.87,87.00,953.40,156
5/9/2013 01:50:13,5/9/2013,01:50:13,0.00,5.92,87.19,953.41,147
5/9/2013 01:50:28,5/9/2013,01:50:28,0.63,6.07,87.59,953.37,156
5/9/2013 01:50:43,5/9/2013,01:50:43,0.00,6.05,87.80,953.38,196
5/9/2013 01:50:58,5/9/2013,01:50:58,0.00,5.94,88.00,953.40,5
5/9/2013 01:51:13,5/9/2013,01:51:13,0.00,5.94,88.09,953.41,305
5/9/2013 01:51:28,5/9/2013,01:51:28,0.00,5.94,88.09,953.41,312
5/9/2013 01:51:43,5/9/2013,01:51:43,0.00,5.87,87.90,953.41,312
5/9/2013 01:51:58,5/9/2013,01:51:58,0.00,5.87,87.80,953.42,18
5/9/2013 01:52:13,5/9/2013,01:52:13,0.00,5.80,87.30,953.41,343
5/9/2013 01:52:28,5/9/2013,01:52:28,0.00,5.67,86.40,953.40,335
5/9/2013 01:52:43,5/9/2013,01:52:43,0.00,5.72,86.40,953.40,335
5/9/2013 01:52:58,5/9/2013,01:52:58,0.00,5.72,86.40,953.40,336
5/9/2013 01:53:13,5/9/2013,01:53:13,0.00,5.72,86.50,953.41,334
5/9/2013 01:53:28,5/9/2013,01:53:28,0.00,5.72,86.50,953.39,334
5/9/2013 01:53:43,5/9/2013,01:53:43,0.00,5.72,86.59,953.39,335
5/9/2013 01:53:58,5/9/2013,01:53:58,0.00,5.72,86.69,953.40,325
5/9/2013 01:54:13,5/9/2013,01:54:13,0.00,5.65,87.00,953.44,325
5/9/2013 01:54:28,5/9/2013,01:54:28,0.00,5.65,87.09,953.46,326
5/9/2013 01:54:43,5/9/2013,01:54:43,0.00,5.65,87.40,953.47,326
5/9/2013 01:54:58,5/9/2013,01:54:58,0.00,5.65,87.59,953.46,334
5/9/2013 01:55:13,5/9/2013,01:55:13,0.00,5.65,87.69,953.47,334
5/9/2013 01:55:28,5/9/2013,01:55:28,0.00,5.65,87.80,953.47,333
5/9/2013 01:55:43,5/9/2013,01:55:43,0.00,5.65,87.80,953.47,334
5/9/2013 01:55:58,5/9/2013,01:55:58,0.00,5.57,87.80,953.47,336
5/9/2013 01:56:13,5/9/2013,01:56:13,0.00,5.57,87.80,953.47,337
5/9/2013 01:56:28,5/9/2013,01:56:28,0.00,5.52,87.80,953.47,298
5/9/2013 01:56:43,5/9/2013,01:56:43,0.00,5.57,87.90,953.47,201
5/9/2013 01:56:58,5/9/2013,01:56:58,0.00,5.57,88.00,953.47,96
5/9/2013 01:57:13,5/9/2013,01:57:13,0.00,5.57,88.09,953.46,96
5/9/2013 01:57:28,5/9/2013,01:57:28,0.00,5.47,88.19,953.45,96
5/9/2013 01:57:43,5/9/2013,01:57:43,0.00,5.47,88.19,953.44,96
5/9/2013 01:57:58,5/9/2013,01:57:58,0.00,5.47,88.19,953.46,96
5/9/2013 01:58:13,5/9/2013,01:58:13,0.00,5.47,88.19,953.46,117
5/9/2013 01:58:28,5/9/2013,01:58:28,0.00,5.47,88.30,953.47,89
5/9/2013 01:58:43,5/9/2013,01:58:43,0.00,5.47,88.40,953.44,84
5/9/2013 01:58:58,5/9/2013,01:58:58,0.00,5.47,88.59,953.44,191
5/9/2013 01:59:13,5/9/2013,01:59:13,0.00,5.47,88.69,953.44,298
5/9/2013 01:59:28,5/9/2013,01:59:28,0.00,5.47,88.80,953.42,307
5/9/2013 01:59:43,5/9/2013,01:59:43,0.00,5.47,88.90,953.42,338
5/9/2013 01:59:58,5/9/2013,01:59:58,0.00,5.44,88.90,953.44,338
5/9/2013 02:00:13,5/9/2013,02:00:13,0.00,5.40,88.90,953.44,331
5/9/2013 02:00:28,5/9/2013,02:00:28,0.00,5.44,89.00,953.44,269
5/9/2013 02:00:43,5/9/2013,02:00:43,0.00,5.40,89.09,953.45,206
5/9/2013 02:00:58,5/9/2013,02:00:58,0.00,5.40,89.19,953.46,144
5/9/2013 02:01:13,5/9/2013,02:01:13,0.00,5.40,89.19,953.45,130
5/9/2013 02:01:28,5/9/2013,02:01:28,0.00,5.40,89.19,953.46,133
5/9/2013 02:01:43,5/9/2013,02:01:43,0.00,5.40,89.30,953.46,230
5/9/2013 02:01:58,5/9/2013,02:01:58,0.00,5.40,89.30,953.46,227
5/9/2013 02:02:13,5/9/2013,02:02:13,0.00,5.40,89.30,953.44,206
5/9/2013 02:02:28,5/9/2013,02:02:28,0.00,5.40,89.40,953.45,100
5/9/2013 02:02:43,5/9/2013,02:02:43,0.00,5.40,89.50,953.46,75
5/9/2013 02:02:58,5/9/2013,02:02:58,0.00,5.40,89.50,953.44,320
5/9/2013 02:03:13,5/9/2013,02:03:13,0.00,5.40,89.59,953.42,344
5/9/2013 02:03:28,5/9/2013,02:03:28,0.00,5.40,89.59,953.42,344
5/9/2013 02:03:43,5/9/2013,02:03:43,0.00,5.40,89.59,953.42,61
5/9/2013 02:03:58,5/9/2013,02:03:58,0.00,5.40,89.69,953.40,58
5/9/2013 02:04:13,5/9/2013,02:04:13,0.00,5.40,89.69,953.39,58
5/9/2013 02:04:28,5/9/2013,02:04:28,0.00,5.40,89.69,953.40,71
5/9/2013 02:04:43,5/9/2013,02:04:43,0.00,5.40,89.69,953.40,75
5/9/2013 02:04:58,5/9/2013,02:04:58,0.00,5.37,89.69,953.42,62
5/9/2013 02:05:13,5/9/2013,02:05:13,0.00,5.37,89.69,953.44,159
5/9/2013 02:05:28,5/9/2013,02:05:28,0.00,5.32,89.69,953.42,255
5/9/2013 02:05:43,5/9/2013,02:05:43,0.00,5.32,89.69,953.41,352
5/9/2013 02:05:58,5/9/2013,02:05:58,0.00,5.37,89.69,953.38,0
5/9/2013 02:06:13,5/9/2013,02:06:13,0.00,5.32,89.59,953.39,341
5/9/2013 02:06:28,5/9/2013,02:06:28,0.00,5.32,89.50,953.40,298
5/9/2013 02:06:43,5/9/2013,02:06:43,0.00,5.32,89.50,953.41,301
5/9/2013 02:06:58,5/9/2013,02:06:58,0.00,5.32,89.50,953.40,312
5/9/2013 02:07:13,5/9/2013,02:07:13,0.00,5.25,89.50,953.40,323
5/9/2013 02:07:28,5/9/2013,02:07:28,0.00,5.27,89.59,953.40,335
5/9/2013 02:07:43,5/9/2013,02:07:43,0.00,5.25,89.59,953.39,346
5/9/2013 02:07:58,5/9/2013,02:07:58,0.00,5.25,89.69,953.38,357
5/9/2013 02:08:13,5/9/2013,02:08:13,0.00,5.25,89.80,953.38,339
5/9/2013 02:08:28,5/9/2013,02:08:28,0.00,5.25,89.90,953.39,322
5/9/2013 02:08:43,5/9/2013,02:08:43,0.00,5.27,90.09,953.39,304
5/9/2013 02:08:58,5/9/2013,02:08:58,0.00,5.25,90.19,953.40,287
5/9/2013 02:09:13,5/9/2013,02:09:13,0.00,5.25,90.30,953.40,269
5/9/2013 02:09:28,5/9/2013,02:09:28,0.00,5.25,90.30,953.39,251
5/9/2013 02:09:43,5/9/2013,02:09:43,0.00,5.25,90.40,953.40,234
5/9/2013 02:09:58,5/9/2013,02:09:58,0.00,5.25,90.50,953.41,216
5/9/2013 02:10:13,5/9/2013,02:10:13,0.00,5.27,90.69,953.39,77
5/9/2013 02:10:28,5/9/2013,02:10:28,0.00,5.25,90.69,953.38,340
5/9/2013 02:10:43,5/9/2013,02:10:43,0.00,5.25,90.59,953.39,261
5/9/2013 02:10:58,5/9/2013,02:10:58,0.00,5.19,90.59,953.42,182
5/9/2013 02:11:13,5/9/2013,02:11:13,0.00,5.25,90.59,953.41,103
5/9/2013 02:11:28,5/9/2013,02:11:28,0.00,5.19,90.59,953.39,103
5/9/2013 02:11:43,5/9/2013,02:11:43,0.00,5.25,90.59,953.38,146
5/9/2013 02:11:58,5/9/2013,02:11:58,0.00,5.19,90.59,953.39,164
5/9/2013 02:12:13,5/9/2013,02:12:13,0.00,5.25,90.59,953.39,342
5/9/2013 02:12:28,5/9/2013,02:12:28,0.00,5.19,90.69,953.37,349
5/9/2013 02:12:43,5/9/2013,02:12:43,0.00,5.25,90.69,953.38,343
5/9/2013 02:12:58,5/9/2013,02:12:58,0.00,5.25,90.69,953.40,337
5/9/2013 02:13:13,5/9/2013,02:13:13,0.00,5.25,90.80,953.38,70
5/9/2013 02:13:28,5/9/2013,02:13:28,0.00,5.25,90.80,953.39,208
5/9/2013 02:13:43,5/9/2013,02:13:43,0.00,5.25,90.90,953.39,347
5/9/2013 02:13:58,5/9/2013,02:13:58,0.00,5.25,90.90,953.37,333
5/9/2013 02:14:13,5/9/2013,02:14:13,0.00,5.25,90.80,953.36,332
5/9/2013 02:14:28,5/9/2013,02:14:28,0.00,5.25,90.80,953.34,3
5/9/2013 02:14:43,5/9/2013,02:14:43,0.00,5.19,90.90,953.37,325
5/9/2013 02:14:58,5/9/2013,02:14:58,1.47,5.47,90.90,953.34,346
5/9/2013 02:15:13,5/9/2013,02:15:13,0.46,5.40,91.00,953.33,266
5/9/2013 02:15:28,5/9/2013,02:15:28,0.00,5.40,91.00,953.36,187
5/9/2013 02:15:43,5/9/2013,02:15:43,0.00,5.32,90.90,953.38,184
5/9/2013 02:15:58,5/9/2013,02:15:58,0.00,5.32,90.90,953.40,152
5/9/2013 02:16:13,5/9/2013,02:16:13,0.00,5.32,90.90,953.40,227
5/9/2013 02:16:28,5/9/2013,02:16:28,0.00,5.32,90.80,953.39,213
5/9/2013 02:16:43,5/9/2013,02:16:43,0.00,5.27,90.80,953.41,215
5/9/2013 02:16:58,5/9/2013,02:16:58,0.00,5.25,90.80,953.39,194
5/9/2013 02:17:13,5/9/2013,02:17:13,0.00,5.25,90.69,953.39,58
5/9/2013 02:17:28,5/9/2013,02:17:28,0.00,5.25,90.80,953.40,60
5/9/2013 02:17:43,5/9/2013,02:17:43,0.00,5.27,90.80,953.40,199
5/9/2013 02:17:58,5/9/2013,02:17:58,0.00,5.27,90.80,953.39,339
5/9/2013 02:18:13,5/9/2013,02:18:13,0.00,5.40,91.00,953.40,191
5/9/2013 02:18:28,5/9/2013,02:18:28,1.33,5.67,91.30,953.36,215
5/9/2013 02:18:43,5/9/2013,02:18:43,0.54,5.57,91.19,953.38,169
5/9/2013 02:18:58,5/9/2013,02:18:58,0.32,5.47,91.09,953.38,192
5/9/2013 02:19:13,5/9/2013,02:19:13,0.00,5.44,91.00,953.39,201
5/9/2013 02:19:28,5/9/2013,02:19:28,0.00,5.40,91.00,953.40,197
5/9/2013 02:19:43,5/9/2013,02:19:43,0.00,5.40,91.00,953.41,196
5/9/2013 02:19:58,5/9/2013,02:19:58,0.00,5.47,91.00,953.40,192
5/9/2013 02:20:13,5/9/2013,02:20:13,0.00,5.47,91.09,953.39,158
5/9/2013 02:20:28,5/9/2013,02:20:28,0.00,5.44,91.09,953.37,124
5/9/2013 02:20:43,5/9/2013,02:20:43,0.00,5.44,91.19,953.37,90
5/9/2013 02:20:58,5/9/2013,02:20:58,0.00,5.44,91.19,953.36,122
5/9/2013 02:21:13,5/9/2013,02:21:13,0.00,5.47,91.19,953.37,126
5/9/2013 02:21:28,5/9/2013,02:21:28,0.00,5.44,91.30,953.36,131
5/9/2013 02:21:43,5/9/2013,02:21:43,0.00,5.44,91.30,953.34,180
5/9/2013 02:21:58,5/9/2013,02:21:58,0.00,5.52,91.30,953.36,209
5/9/2013 02:22:13,5/9/2013,02:22:13,0.00,5.67,91.40,953.34,227
5/9/2013 02:22:28,5/9/2013,02:22:28,0.00,5.75,91.50,953.37,207
5/9/2013 02:22:43,5/9/2013,02:22:43,0.00,5.72,91.50,953.38,209
5/9/2013 02:22:58,5/9/2013,02:22:58,0.00,5.72,91.40,953.38,195
5/9/2013 02:23:13,5/9/2013,02:23:13,0.00,5.72,91.40,953.38,148
5/9/2013 02:23:28,5/9/2013,02:23:28,0.00,5.75,91.40,953.37,225
5/9/2013 02:23:43,5/9/2013,02:23:43,0.06,5.87,91.30,953.34,202
5/9/2013 02:23:58,5/9/2013,02:23:58,0.36,5.84,91.09,953.32,299
5/9/2013 02:24:13,5/9/2013,02:24:13,0.00,5.80,91.00,953.33,211
5/9/2013 02:24:28,5/9/2013,02:24:28,0.00,5.80,91.00,953.34,187
5/9/2013 02:24:43,5/9/2013,02:24:43,0.00,5.80,91.00,953.36,189
5/9/2013 02:24:58,5/9/2013,02:24:58,0.00,5.80,91.00,953.36,189
5/9/2013 02:25:13,5/9/2013,02:25:13,0.00,5.75,91.00,953.37,189
5/9/2013 02:25:28,5/9/2013,02:25:28,0.00,5.75,91.00,953.37,210
5/9/2013 02:25:43,5/9/2013,02:25:43,0.00,5.87,91.09,953.37,194
5/9/2013 02:25:58,5/9/2013,02:25:58,0.00,5.87,91.09,953.37,223
5/9/2013 02:26:13,5/9/2013,02:26:13,0.36,5.94,91.00,953.36,180
5/9/2013 02:26:28,5/9/2013,02:26:28,0.93,6.05,90.80,953.32,201
5/9/2013 02:26:43,5/9/2013,02:26:43,1.11,6.12,90.50,953.32,195
5/9/2013 02:26:58,5/9/2013,02:26:58,0.39,6.12,90.30,953.36,176
5/9/2013 02:27:13,5/9/2013,02:27:13,0.00,6.05,90.19,953.36,181
5/9/2013 02:27:28,5/9/2013,02:27:28,0.00,6.00,90.30,953.36,260
5/9/2013 02:27:43,5/9/2013,02:27:43,0.00,5.94,90.30,953.37,338
5/9/2013 02:27:58,5/9/2013,02:27:58,0.00,5.94,90.30,953.37,13
5/9/2013 02:28:13,5/9/2013,02:28:13,0.00,6.00,90.30,953.37,113
5/9/2013 02:28:28,5/9/2013,02:28:28,0.00,5.94,90.40,953.34,213
5/9/2013 02:28:43,5/9/2013,02:28:43,0.00,5.92,90.40,953.34,326
5/9/2013 02:28:58,5/9/2013,02:28:58,0.00,5.94,90.40,953.36,298
5/9/2013 02:29:13,5/9/2013,02:29:13,0.00,5.92,90.40,953.36,271
5/9/2013 02:29:28,5/9/2013,02:29:28,0.00,5.92,90.40,953.38,243
5/9/2013 02:29:43,5/9/2013,02:29:43,0.00,5.87,90.40,953.38,215
5/9/2013 02:29:58,5/9/2013,02:29:58,0.00,5.87,90.50,953.37,158
5/9/2013 02:30:13,5/9/2013,02:30:13,0.00,5.87,90.50,953.39,101
5/9/2013 02:30:28,5/9/2013,02:30:28,0.00,5.92,90.50,953.38,44
5/9/2013 02:30:43,5/9/2013,02:30:43,0.00,5.87,90.50,953.39,344
5/9/2013 02:30:58,5/9/2013,02:30:58,0.00,5.87,90.50,953.39,347
5/9/2013 02:31:13,5/9/2013,02:31:13,0.00,5.87,90.59,953.39,339
5/9/2013 02:31:28,5/9/2013,02:31:28,0.00,5.87,90.59,953.37,332
5/9/2013 02:31:43,5/9/2013,02:31:43,0.00,5.84,90.59,953.38,251
5/9/2013 02:31:58,5/9/2013,02:31:58,0.00,5.84,90.50,953.37,169
5/9/2013 02:32:13,5/9/2013,02:32:13,0.00,5.80,90.50,953.37,169
5/9/2013 02:32:28,5/9/2013,02:32:28,0.00,5.80,90.50,953.38,169
5/9/2013 02:32:43,5/9/2013,02:32:43,0.00,5.80,90.50,953.37,168
5/9/2013 02:32:58,5/9/2013,02:32:58,0.00,5.80,90.40,953.37,168
5/9/2013 02:33:13,5/9/2013,02:33:13,0.00,5.80,90.40,953.38,162
5/9/2013 02:33:28,5/9/2013,02:33:28,0.00,5.80,90.40,953.36,155
5/9/2013 02:33:43,5/9/2013,02:33:43,0.00,5.84,90.40,953.38,186
5/9/2013 02:33:58,5/9/2013,02:33:58,1.25,6.12,90.50,953.31,201
5/9/2013 02:34:13,5/9/2013,02:34:13,0.31,6.07,90.19,953.32,197
5/9/2013 02:34:28,5/9/2013,02:34:28,0.56,6.12,90.19,953.32,216
5/9/2013 02:34:43,5/9/2013,02:34:43,0.96,6.22,90.19,953.31,213
5/9/2013 02:34:58,5/9/2013,02:34:58,0.12,6.19,90.19,953.31,216
5/9/2013 02:35:13,5/9/2013,02:35:13,0.11,6.15,90.09,953.31,180
5/9/2013 02:35:28,5/9/2013,02:35:28,0.00,6.12,90.09,953.32,192
5/9/2013 02:35:43,5/9/2013,02:35:43,0.00,6.12,90.09,953.32,148
5/9/2013 02:35:58,5/9/2013,02:35:58,0.00,6.12,90.09,953.32,104
5/9/2013 02:36:13,5/9/2013,02:36:13,0.00,6.12,90.19,953.32,60
5/9/2013 02:36:28,5/9/2013,02:36:28,0.00,6.12,90.19,953.33,204
5/9/2013 02:36:43,5/9/2013,02:36:43,0.00,6.07,90.19,953.32,210
5/9/2013 02:36:58,5/9/2013,02:36:58,0.00,6.05,90.19,953.32,23
5/9/2013 02:37:13,5/9/2013,02:37:13,0.00,6.05,90.19,953.31,37
5/9/2013 02:37:28,5/9/2013,02:37:28,0.00,6.05,90.19,953.31,193
5/9/2013 02:37:43,5/9/2013,02:37:43,0.60,6.19,90.19,953.31,189
5/9/2013 02:37:58,5/9/2013,02:37:58,0.07,6.15,90.09,953.30,186
5/9/2013 02:38:13,5/9/2013,02:38:13,0.00,6.12,90.00,953.30,183
5/9/2013 02:38:28,5/9/2013,02:38:28,0.00,6.05,90.00,953.28,184
5/9/2013 02:38:43,5/9/2013,02:38:43,0.00,6.07,90.00,953.28,184
5/9/2013 02:38:58,5/9/2013,02:38:58,0.00,6.07,90.00,953.28,190
5/9/2013 02:39:13,5/9/2013,02:39:13,0.00,6.05,90.00,953.29,197
5/9/2013 02:39:28,5/9/2013,02:39:28,0.00,6.05,90.00,953.31,203
5/9/2013 02:39:43,5/9/2013,02:39:43,0.00,6.12,90.09,953.30,313
5/9/2013 02:39:58,5/9/2013,02:39:58,0.49,6.19,90.00,953.28,221
5/9/2013 02:40:13,5/9/2013,02:40:13,0.63,6.12,89.90,953.28,190
5/9/2013 02:40:28,5/9/2013,02:40:28,0.90,6.27,89.59,953.30,196
5/9/2013 02:40:43,5/9/2013,02:40:43,0.84,6.34,89.40,953.25,197
5/9/2013 02:40:58,5/9/2013,02:40:58,0.84,6.42,89.40,953.23,205
5/9/2013 02:41:13,5/9/2013,02:41:13,1.33,6.47,89.19,953.22,195
5/9/2013 02:41:28,5/9/2013,02:41:28,0.46,6.42,89.00,953.21,183
5/9/2013 02:41:43,5/9/2013,02:41:43,0.00,6.42,89.09,953.22,163
5/9/2013 02:41:58,5/9/2013,02:41:58,0.00,6.42,89.09,953.23,199
5/9/2013 02:42:13,5/9/2013,02:42:13,0.00,6.47,89.09,953.24,191
5/9/2013 02:42:28,5/9/2013,02:42:28,0.00,6.52,89.00,953.24,214
5/9/2013 02:42:43,5/9/2013,02:42:43,0.00,6.52,89.00,953.23,197
5/9/2013 02:42:58,5/9/2013,02:42:58,0.58,6.52,88.90,953.20,206
5/9/2013 02:43:13,5/9/2013,02:43:13,1.15,6.62,88.80,953.18,196
5/9/2013 02:43:28,5/9/2013,02:43:28,1.39,6.59,88.40,953.18,205
5/9/2013 02:43:43,5/9/2013,02:43:43,1.39,6.67,88.40,953.15,200
5/9/2013 02:43:58,5/9/2013,02:43:58,0.81,6.59,88.30,953.14,209
5/9/2013 02:44:13,5/9/2013,02:44:13,0.60,6.59,88.40,953.17,189
5/9/2013 02:44:28,5/9/2013,02:44:28,0.50,6.55,88.40,953.20,203
5/9/2013 02:44:43,5/9/2013,02:44:43,0.00,6.52,88.40,953.20,197
5/9/2013 02:44:58,5/9/2013,02:44:58,0.00,6.52,88.50,953.21,176
5/9/2013 02:45:13,5/9/2013,02:45:13,0.00,6.52,88.59,953.21,140
5/9/2013 02:45:28,5/9/2013,02:45:28,0.00,6.52,88.69,953.21,175
5/9/2013 02:45:43,5/9/2013,02:45:43,0.00,6.52,88.69,953.22,178
5/9/2013 02:45:58,5/9/2013,02:45:58,1.14,6.67,88.59,953.17,206
5/9/2013 02:46:13,5/9/2013,02:46:13,1.83,6.80,88.00,953.15,200
5/9/2013 02:46:28,5/9/2013,02:46:28,1.37,6.75,87.80,953.17,197
5/9/2013 02:46:43,5/9/2013,02:46:43,0.91,6.69,87.80,953.18,222
5/9/2013 02:46:58,5/9/2013,02:46:58,0.07,6.67,87.80,953.21,226
5/9/2013 02:47:13,5/9/2013,02:47:13,0.00,6.69,87.90,953.22,199
5/9/2013 02:47:28,5/9/2013,02:47:28,0.19,6.67,88.00,953.22,167
5/9/2013 02:47:43,5/9/2013,02:47:43,0.63,6.67,88.00,953.17,242
5/9/2013 02:47:58,5/9/2013,02:47:58,0.00,6.67,88.00,953.18,165
5/9/2013 02:48:13,5/9/2013,02:48:13,0.00,6.59,88.19,953.20,158
5/9/2013 02:48:28,5/9/2013,02:48:28,0.36,6.67,88.30,953.20,212
5/9/2013 02:48:43,5/9/2013,02:48:43,0.65,6.67,88.19,953.17,223
5/9/2013 02:48:58,5/9/2013,02:48:58,0.53,6.67,88.09,953.18,178
5/9/2013 02:49:13,5/9/2013,02:49:13,0.17,6.67,88.00,953.18,170
5/9/2013 02:49:28,5/9/2013,02:49:28,0.44,6.67,88.00,953.18,220
5/9/2013 02:49:43,5/9/2013,02:49:43,0.18,6.59,87.90,953.20,221
5/9/2013 02:49:58,5/9/2013,02:49:58,0.00,6.67,88.09,953.21,216
5/9/2013 02:50:13,5/9/2013,02:50:13,0.00,6.67,88.09,953.21,170
5/9/2013 02:50:28,5/9/2013,02:50:28,0.14,6.67,88.09,953.21,157
5/9/2013 02:50:43,5/9/2013,02:50:43,0.00,6.62,88.19,953.21,157
5/9/2013 02:50:58,5/9/2013,02:50:58,0.11,6.67,88.30,953.20,227
5/9/2013 02:51:13,5/9/2013,02:51:13,1.33,6.80,88.00,953.14,228
5/9/2013 02:51:28,5/9/2013,02:51:28,1.54,6.82,87.59,953.13,197
5/9/2013 02:51:43,5/9/2013,02:51:43,1.19,6.82,87.50,953.14,210
5/9/2013 02:51:58,5/9/2013,02:51:58,0.82,6.82,87.50,953.12,226
5/9/2013 02:52:13,5/9/2013,02:52:13,0.29,6.75,87.50,953.14,168
5/9/2013 02:52:28,5/9/2013,02:52:28,0.36,6.75,87.59,953.14,209
5/9/2013 02:52:43,5/9/2013,02:52:43,0.17,6.75,87.69,953.13,206
5/9/2013 02:52:58,5/9/2013,02:52:58,0.00,6.69,87.69,953.14,209
5/9/2013 02:53:13,5/9/2013,02:53:13,0.22,6.75,87.90,953.14,208
5/9/2013 02:53:28,5/9/2013,02:53:28,0.06,6.75,87.90,953.15,194
5/9/2013 02:53:43,5/9/2013,02:53:43,0.75,6.82,87.80,953.12,260
5/9/2013 02:53:58,5/9/2013,02:53:58,1.82,6.87,87.50,953.08,194
5/9/2013 02:54:13,5/9/2013,02:54:13,0.97,6.80,87.40,953.09,206
5/9/2013 02:54:28,5/9/2013,02:54:28,1.44,6.90,87.50,953.12,197
5/9/2013 02:54:43,5/9/2013,02:54:43,1.00,6.90,87.30,953.13,229
5/9/2013 02:54:58,5/9/2013,02:54:58,0.83,6.87,87.30,953.14,202
5/9/2013 02:55:13,5/9/2013,02:55:13,0.67,6.90,87.30,953.13,191
5/9/2013 02:55:28,5/9/2013,02:55:28,1.07,6.90,87.30,953.14,203
5/9/2013 02:55:43,5/9/2013,02:55:43,1.07,6.87,87.19,953.13,183
5/9/2013 02:55:58,5/9/2013,02:55:58,0.19,6.82,87.30,953.15,163
5/9/2013 02:56:13,5/9/2013,02:56:13,0.00,6.82,87.50,953.15,202
5/9/2013 02:56:28,5/9/2013,02:56:28,0.00,6.75,87.59,953.15,217
5/9/2013 02:56:43,5/9/2013,02:56:43,0.00,6.80,87.59,953.16,205
5/9/2013 02:56:58,5/9/2013,02:56:58,0.00,6.82,87.50,953.18,214
5/9/2013 02:57:13,5/9/2013,02:57:13,0.88,6.82,87.40,953.16,173
5/9/2013 02:57:28,5/9/2013,02:57:28,0.11,6.82,87.40,953.15,321
5/9/2013 02:57:43,5/9/2013,02:57:43,0.00,6.80,87.50,953.14,160
5/9/2013 02:57:58,5/9/2013,02:57:58,1.23,6.87,87.50,953.10,198
5/9/2013 02:58:13,5/9/2013,02:58:13,1.93,6.90,87.19,953.09,212
5/9/2013 02:58:28,5/9/2013,02:58:28,1.23,6.90,87.09,953.08,202
5/9/2013 02:58:43,5/9/2013,02:58:43,1.11,6.87,87.19,953.07,163
5/9/2013 02:58:58,5/9/2013,02:58:58,0.57,6.87,87.40,953.07,170
5/9/2013 02:59:13,5/9/2013,02:59:13,1.47,6.94,87.30,953.05,213
5/9/2013 02:59:28,5/9/2013,02:59:28,0.32,6.90,87.19,953.07,205
5/9/2013 02:59:43,5/9/2013,02:59:43,0.11,6.87,87.40,953.09,197
5/9/2013 02:59:58,5/9/2013,02:59:58,1.64,7.00,87.30,953.06,206
5/9/2013 03:00:13,5/9/2013,03:00:13,1.97,7.00,86.90,953.05,175
5/9/2013 03:00:28,5/9/2013,03:00:28,0.60,6.94,87.00,953.09,216
5/9/2013 03:00:43,5/9/2013,03:00:43,1.76,7.07,86.90,953.07,232
5/9/2013 03:00:58,5/9/2013,03:00:58,3.32,7.15,86.40,953.06,208
5/9/2013 03:01:13,5/9/2013,03:01:13,3.08,7.22,86.19,953.06,191
5/9/2013 03:01:28,5/9/2013,03:01:28,2.27,7.22,86.19,953.04,238
5/9/2013 03:01:43,5/9/2013,03:01:43,1.82,7.17,86.00,953.01,208
5/9/2013 03:01:58,5/9/2013,03:01:58,0.94,7.15,86.19,953.02,192
5/9/2013 03:02:13,5/9/2013,03:02:13,0.00,7.15,86.40,953.02,181
5/9/2013 03:02:28,5/9/2013,03:02:28,0.58,7.09,86.69,953.02,180
5/9/2013 03:02:43,5/9/2013,03:02:43,0.46,7.09,86.69,953.02,158
5/9/2013 03:02:58,5/9/2013,03:02:58,0.00,7.02,86.69,953.05,208
5/9/2013 03:03:13,5/9/2013,03:03:13,0.21,7.07,86.69,953.01,205
5/9/2013 03:03:28,5/9/2013,03:03:28,1.89,7.15,86.50,952.98,217
5/9/2013 03:03:43,5/9/2013,03:03:43,2.04,7.17,86.19,952.98,172
5/9/2013 03:03:58,5/9/2013,03:03:58,0.93,7.09,86.30,952.99,186
5/9/2013 03:04:13,5/9/2013,03:04:13,1.74,7.15,86.40,952.97,203
5/9/2013 03:04:28,5/9/2013,03:04:28,1.40,7.15,86.30,952.97,188
5/9/2013 03:04:43,5/9/2013,03:04:43,1.97,7.17,86.19,952.94,218
5/9/2013 03:04:58,5/9/2013,03:04:58,2.07,7.22,86.09,952.96,230
5/9/2013 03:05:13,5/9/2013,03:05:13,0.78,7.15,86.19,952.97,123
5/9/2013 03:05:28,5/9/2013,03:05:28,1.51,7.22,86.09,952.96,202
5/9/2013 03:05:43,5/9/2013,03:05:43,1.71,7.22,85.90,952.93,208
5/9/2013 03:05:58,5/9/2013,03:05:58,1.10,7.15,86.00,952.92,207
5/9/2013 03:06:13,5/9/2013,03:06:13,0.98,7.09,86.19,952.94,189
5/9/2013 03:06:28,5/9/2013,03:06:28,1.58,7.22,86.30,952.92,164
5/9/2013 03:06:43,5/9/2013,03:06:43,2.40,7.27,86.09,952.92,215
5/9/2013 03:06:58,5/9/2013,03:06:58,2.39,7.22,85.80,952.92,201
5/9/2013 03:07:13,5/9/2013,03:07:13,2.62,7.27,86.00,952.92,231
5/9/2013 03:07:28,5/9/2013,03:07:28,3.40,7.37,85.30,952.89,173
5/9/2013 03:07:43,5/9/2013,03:07:43,3.01,7.47,85.09,952.90,219
5/9/2013 03:07:58,5/9/2013,03:07:58,1.51,7.37,84.90,952.91,189
5/9/2013 03:08:13,5/9/2013,03:08:13,1.15,7.34,85.19,952.93,186
5/9/2013 03:08:28,5/9/2013,03:08:28,1.15,7.34,85.30,952.92,192
5/9/2013 03:08:43,5/9/2013,03:08:43,0.81,7.30,85.59,952.93,192
5/9/2013 03:08:58,5/9/2013,03:08:58,0.82,7.30,85.59,952.93,203
5/9/2013 03:09:13,5/9/2013,03:09:13,0.76,7.27,85.69,952.93,161
5/9/2013 03:09:28,5/9/2013,03:09:28,0.53,7.22,85.90,952.93,207
5/9/2013 03:09:43,5/9/2013,03:09:43,1.08,7.17,85.80,952.91,204
5/9/2013 03:09:58,5/9/2013,03:09:58,0.79,7.15,85.90,952.90,199
5/9/2013 03:10:13,5/9/2013,03:10:13,0.98,7.15,85.90,952.91,180
5/9/2013 03:10:28,5/9/2013,03:10:28,0.18,7.15,86.09,952.93,105
5/9/2013 03:10:43,5/9/2013,03:10:43,0.00,7.15,86.30,952.93,154
5/9/2013 03:10:58,5/9/2013,03:10:58,0.00,7.09,86.40,952.92,171
5/9/2013 03:11:13,5/9/2013,03:11:13,0.00,7.15,86.50,952.92,197
5/9/2013 03:11:28,5/9/2013,03:11:28,0.00,7.15,86.30,952.93,204
5/9/2013 03:11:43,5/9/2013,03:11:43,0.54,7.15,86.09,952.93,214
5/9/2013 03:11:58,5/9/2013,03:11:58,1.08,7.17,85.90,952.90,199
5/9/2013 03:12:13,5/9/2013,03:12:13,1.62,7.22,85.80,952.86,225
5/9/2013 03:12:28,5/9/2013,03:12:28,1.78,7.22,85.69,952.86,186
5/9/2013 03:12:43,5/9/2013,03:12:43,1.65,7.27,85.69,952.86,216
5/9/2013 03:12:58,5/9/2013,03:12:58,0.71,7.22,85.59,952.88,184
5/9/2013 03:13:13,5/9/2013,03:13:13,1.41,7.22,85.69,952.88,196
5/9/2013 03:13:28,5/9/2013,03:13:28,0.76,7.17,85.69,952.89,174
5/9/2013 03:13:43,5/9/2013,03:13:43,1.23,7.22,85.69,952.86,200
5/9/2013 03:13:58,5/9/2013,03:13:58,0.19,7.17,85.69,952.90,176
5/9/2013 03:14:13,5/9/2013,03:14:13,1.44,7.17,85.69,952.91,195
5/9/2013 03:14:28,5/9/2013,03:14:28,0.90,7.17,85.69,952.89,191
5/9/2013 03:14:43,5/9/2013,03:14:43,0.36,7.17,85.69,952.89,216
5/9/2013 03:14:58,5/9/2013,03:14:58,0.97,7.27,85.40,952.85,176
5/9/2013 03:15:13,5/9/2013,03:15:13,0.53,7.22,85.50,952.86,213
5/9/2013 03:15:28,5/9/2013,03:15:28,0.56,7.17,85.59,952.86,199
5/9/2013 03:15:43,5/9/2013,03:15:43,1.99,7.22,85.59,952.84,217
5/9/2013 03:15:58,5/9/2013,03:15:58,1.57,7.22,85.50,952.85,233
5/9/2013 03:16:13,5/9/2013,03:16:13,1.26,7.17,85.59,952.88,220
5/9/2013 03:16:28,5/9/2013,03:16:28,2.00,7.34,85.40,952.88,229
5/9/2013 03:16:43,5/9/2013,03:16:43,1.81,7.30,85.00,952.83,174
5/9/2013 03:16:58,5/9/2013,03:16:58,1.55,7.30,85.00,952.83,193
5/9/2013 03:17:13,5/9/2013,03:17:13,1.44,7.30,85.09,952.85,167
5/9/2013 03:17:28,5/9/2013,03:17:28,0.86,7.27,85.30,952.85,210
5/9/2013 03:17:43,5/9/2013,03:17:43,0.88,7.22,85.50,952.86,198
5/9/2013 03:17:58,5/9/2013,03:17:58,1.64,7.22,85.59,952.85,221
5/9/2013 03:18:13,5/9/2013,03:18:13,1.22,7.27,85.59,952.84,235
5/9/2013 03:18:28,5/9/2013,03:18:28,2.04,7.30,85.30,952.83,188
5/9/2013 03:18:43,5/9/2013,03:18:43,2.07,7.30,85.19,952.85,198
5/9/2013 03:18:58,5/9/2013,03:18:58,2.67,7.34,85.09,952.84,211
5/9/2013 03:19:13,5/9/2013,03:19:13,1.89,7.37,84.90,952.84,214
5/9/2013 03:19:28,5/9/2013,03:19:28,1.58,7.37,85.00,952.83,232
5/9/2013 03:19:43,5/9/2013,03:19:43,1.92,7.37,84.80,952.80,220
5/9/2013 03:19:58,5/9/2013,03:19:58,2.19,7.37,84.90,952.83,209
5/9/2013 03:20:13,5/9/2013,03:20:13,1.34,7.37,84.90,952.84,204
5/9/2013 03:20:28,5/9/2013,03:20:28,2.61,7.37,84.80,952.83,226
5/9/2013 03:20:43,5/9/2013,03:20:43,1.65,7.47,84.50,952.82,190
5/9/2013 03:20:58,5/9/2013,03:20:58,1.05,7.37,84.59,952.82,145
5/9/2013 03:21:13,5/9/2013,03:21:13,2.26,7.37,84.90,952.85,205
5/9/2013 03:21:28,5/9/2013,03:21:28,2.00,7.42,84.69,952.82,194
5/9/2013 03:21:43,5/9/2013,03:21:43,2.82,7.50,84.59,952.80,215
5/9/2013 03:21:58,5/9/2013,03:21:58,1.41,7.42,84.59,952.80,185
5/9/2013 03:22:13,5/9/2013,03:22:13,1.67,7.42,84.69,952.80,170
5/9/2013 03:22:28,5/9/2013,03:22:28,1.78,7.42,84.69,952.77,211
5/9/2013 03:22:43,5/9/2013,03:22:43,1.96,7.37,84.80,952.77,209
5/9/2013 03:22:58,5/9/2013,03:22:58,1.27,7.34,85.00,952.80,203
5/9/2013 03:23:13,5/9/2013,03:23:13,1.03,7.30,85.30,952.80,180
5/9/2013 03:23:28,5/9/2013,03:23:28,1.61,7.37,85.00,952.80,178
5/9/2013 03:23:43,5/9/2013,03:23:43,1.32,7.34,85.09,952.80,143
5/9/2013 03:23:58,5/9/2013,03:23:58,0.90,7.34,85.19,952.78,228
5/9/2013 03:24:13,5/9/2013,03:24:13,1.81,7.34,85.09,952.77,202
5/9/2013 03:24:28,5/9/2013,03:24:28,1.83,7.37,84.90,952.80,215
5/9/2013 03:24:43,5/9/2013,03:24:43,3.26,7.50,84.40,952.76,208
5/9/2013 03:24:58,5/9/2013,03:24:58,2.76,7.47,84.59,952.75,205
5/9/2013 03:25:13,5/9/2013,03:25:13,1.69,7.47,84.69,952.75,163
5/9/2013 03:25:28,5/9/2013,03:25:28,1.47,7.47,84.80,952.74,189
5/9/2013 03:25:43,5/9/2013,03:25:43,1.55,7.47,84.90,952.73,207
5/9/2013 03:25:58,5/9/2013,03:25:58,1.96,7.37,84.90,952.73,199
5/9/2013 03:26:13,5/9/2013,03:26:13,1.13,7.42,85.00,952.73,174
5/9/2013 03:26:28,5/9/2013,03:26:28,1.44,7.42,85.00,952.72,192
5/9/2013 03:26:43,5/9/2013,03:26:43,2.24,7.47,85.00,952.74,211
5/9/2013 03:26:58,5/9/2013,03:26:58,2.50,7.47,84.69,952.72,232
5/9/2013 03:27:13,5/9/2013,03:27:13,2.44,7.47,84.80,952.72,212
5/9/2013 03:27:28,5/9/2013,03:27:28,1.55,7.37,84.69,952.72,167
5/9/2013 03:27:43,5/9/2013,03:27:43,1.08,7.47,84.90,952.72,182
5/9/2013 03:27:58,5/9/2013,03:27:58,1.37,7.42,84.80,952.73,204
5/9/2013 03:28:13,5/9/2013,03:28:13,1.51,7.37,85.00,952.73,217
5/9/2013 03:28:28,5/9/2013,03:28:28,1.68,7.37,85.00,952.74,213
5/9/2013 03:28:43,5/9/2013,03:28:43,1.67,7.37,84.90,952.73,181
5/9/2013 03:28:58,5/9/2013,03:28:58,0.97,7.37,85.09,952.75,190
5/9/2013 03:29:13,5/9/2013,03:29:13,1.33,7.37,85.00,952.73,186
5/9/2013 03:29:28,5/9/2013,03:29:28,2.14,7.37,85.00,952.74,211
5/9/2013 03:29:43,5/9/2013,03:29:43,1.82,7.47,85.09,952.75,204
5/9/2013 03:29:58,5/9/2013,03:29:58,1.67,7.37,85.00,952.72,180
5/9/2013 03:30:13,5/9/2013,03:30:13,2.44,7.47,85.00,952.73,200
5/9/2013 03:30:28,5/9/2013,03:30:28,1.97,7.47,84.80,952.73,215
5/9/2013 03:30:43,5/9/2013,03:30:43,2.06,7.47,84.69,952.70,197
5/9/2013 03:30:58,5/9/2013,03:30:58,2.07,7.37,85.00,952.69,218
5/9/2013 03:31:13,5/9/2013,03:31:13,1.85,7.42,85.09,952.70,189
5/9/2013 03:31:28,5/9/2013,03:31:28,2.01,7.37,85.00,952.72,196
5/9/2013 03:31:43,5/9/2013,03:31:43,0.35,7.34,85.19,952.74,209
5/9/2013 03:31:58,5/9/2013,03:31:58,0.64,7.37,85.40,952.75,186
5/9/2013 03:32:13,5/9/2013,03:32:13,1.11,7.34,85.40,952.76,221
5/9/2013 03:32:28,5/9/2013,03:32:28,1.81,7.37,85.19,952.74,218
5/9/2013 03:32:43,5/9/2013,03:32:43,1.88,7.37,85.19,952.74,186
5/9/2013 03:32:58,5/9/2013,03:32:58,0.18,7.37,85.40,952.77,182
5/9/2013 03:33:13,5/9/2013,03:33:13,1.30,7.34,85.50,952.75,222
5/9/2013 03:33:28,5/9/2013,03:33:28,2.04,7.37,85.40,952.74,210
5/9/2013 03:33:43,5/9/2013,03:33:43,2.27,7.42,85.50,952.73,201
5/9/2013 03:33:58,5/9/2013,03:33:58,1.57,7.37,85.40,952.72,176
5/9/2013 03:34:13,5/9/2013,03:34:13,2.29,7.47,85.59,952.72,212
5/9/2013 03:34:28,5/9/2013,03:34:28,2.24,7.47,85.30,952.72,207
5/9/2013 03:34:43,5/9/2013,03:34:43,2.04,7.47,85.19,952.70,180
5/9/2013 03:34:58,5/9/2013,03:34:58,2.01,7.42,85.40,952.69,205
5/9/2013 03:35:13,5/9/2013,03:35:13,2.07,7.47,85.19,952.69,211
5/9/2013 03:35:28,5/9/2013,03:35:28,2.39,7.50,85.09,952.69,193
5/9/2013 03:35:43,5/9/2013,03:35:43,1.75,7.47,85.19,952.69,182
5/9/2013 03:35:58,5/9/2013,03:35:58,1.71,7.47,85.30,952.69,176
5/9/2013 03:36:13,5/9/2013,03:36:13,2.47,7.55,85.19,952.72,179
5/9/2013 03:36:28,5/9/2013,03:36:28,0.96,7.47,85.30,952.74,181
5/9/2013 03:36:43,5/9/2013,03:36:43,0.57,7.37,85.59,952.75,160
5/9/2013 03:36:58,5/9/2013,03:36:58,1.07,7.37,85.80,952.73,204
5/9/2013 03:37:13,5/9/2013,03:37:13,1.46,7.47,85.59,952.74,208
5/9/2013 03:37:28,5/9/2013,03:37:28,2.26,7.50,85.30,952.73,204
5/9/2013 03:37:43,5/9/2013,03:37:43,2.26,7.50,85.50,952.74,213
5/9/2013 03:37:58,5/9/2013,03:37:58,3.61,7.62,85.00,952.73,210
5/9/2013 03:38:13,5/9/2013,03:38:13,4.17,7.65,84.50,952.70,216
5/9/2013 03:38:28,5/9/2013,03:38:28,1.44,7.55,84.80,952.74,206
5/9/2013 03:38:43,5/9/2013,03:38:43,1.34,7.50,85.30,952.76,196
5/9/2013 03:38:58,5/9/2013,03:38:58,1.50,7.50,85.30,952.74,211
5/9/2013 03:39:13,5/9/2013,03:39:13,0.84,7.50,85.30,952.76,158
5/9/2013 03:39:28,5/9/2013,03:39:28,0.21,7.47,85.69,952.80,158
5/9/2013 03:39:43,5/9/2013,03:39:43,0.72,7.42,85.69,952.78,206
5/9/2013 03:39:58,5/9/2013,03:39:58,0.51,7.42,85.69,952.80,198
5/9/2013 03:40:13,5/9/2013,03:40:13,1.75,7.42,85.59,952.77,219
5/9/2013 03:40:28,5/9/2013,03:40:28,0.96,7.42,85.59,952.77,138
5/9/2013 03:40:43,5/9/2013,03:40:43,0.94,7.42,85.80,952.78,203
5/9/2013 03:40:58,5/9/2013,03:40:58,1.18,7.47,85.69,952.77,182
5/9/2013 03:41:13,5/9/2013,03:41:13,1.55,7.47,85.59,952.76,185
5/9/2013 03:41:28,5/9/2013,03:41:28,1.94,7.50,85.69,952.75,199
5/9/2013 03:41:43,5/9/2013,03:41:43,2.34,7.47,85.50,952.75,223
5/9/2013 03:41:58,5/9/2013,03:41:58,2.58,7.55,85.40,952.75,191
5/9/2013 03:42:13,5/9/2013,03:42:13,1.85,7.55,85.30,952.80,216
5/9/2013 03:42:28,5/9/2013,03:42:28,2.11,7.55,85.30,952.80,186
5/9/2013 03:42:43,5/9/2013,03:42:43,3.37,7.62,85.00,952.77,230
5/9/2013 03:42:58,5/9/2013,03:42:58,2.51,7.62,85.00,952.75,215
5/9/2013 03:43:13,5/9/2013,03:43:13,2.61,7.62,85.19,952.74,197
5/9/2013 03:43:28,5/9/2013,03:43:28,2.07,7.57,85.30,952.76,209
5/9/2013 03:43:43,5/9/2013,03:43:43,2.14,7.55,85.50,952.75,216
5/9/2013 03:43:58,5/9/2013,03:43:58,1.74,7.62,85.19,952.76,222
5/9/2013 03:44:13,5/9/2013,03:44:13,1.41,7.62,85.09,952.76,169
5/9/2013 03:44:28,5/9/2013,03:44:28,1.26,7.55,85.50,952.76,191
5/9/2013 03:44:43,5/9/2013,03:44:43,1.03,7.55,85.69,952.76,193
5/9/2013 03:44:58,5/9/2013,03:44:58,0.71,7.55,85.80,952.76,198
5/9/2013 03:45:13,5/9/2013,03:45:13,0.75,7.55,85.69,952.76,202
5/9/2013 03:45:28,5/9/2013,03:45:28,1.33,7.50,85.59,952.75,186
5/9/2013 03:45:43,5/9/2013,03:45:43,0.89,7.55,85.80,952.75,201
5/9/2013 03:45:58,5/9/2013,03:45:58,2.15,7.62,85.50,952.76,187
5/9/2013 03:46:13,5/9/2013,03:46:13,2.90,7.65,85.09,952.74,210
5/9/2013 03:46:28,5/9/2013,03:46:28,2.55,7.62,85.00,952.72,190
5/9/2013 03:46:43,5/9/2013,03:46:43,2.25,7.65,85.09,952.72,214
5/9/2013 03:46:58,5/9/2013,03:46:58,2.25,7.69,84.80,952.69,194
5/9/2013 03:47:13,5/9/2013,03:47:13,2.48,7.65,85.00,952.67,190
5/9/2013 03:47:28,5/9/2013,03:47:28,2.88,7.65,84.80,952.61,204
5/9/2013 03:47:43,5/9/2013,03:47:43,2.75,7.69,84.69,952.61,209
5/9/2013 03:47:58,5/9/2013,03:47:58,2.11,7.69,84.69,952.60,210
5/9/2013 03:48:13,5/9/2013,03:48:13,1.61,7.65,84.80,952.60,205
5/9/2013 03:48:28,5/9/2013,03:48:28,2.31,7.69,84.69,952.58,185
5/9/2013 03:48:43,5/9/2013,03:48:43,3.52,7.69,84.50,952.58,212
5/9/2013 03:48:58,5/9/2013,03:48:58,3.71,7.77,84.19,952.58,218
5/9/2013 03:49:13,5/9/2013,03:49:13,2.54,7.69,84.30,952.59,211
5/9/2013 03:49:28,5/9/2013,03:49:28,2.39,7.62,84.69,952.62,204
5/9/2013 03:49:43,5/9/2013,03:49:43,2.03,7.65,84.69,952.61,193
5/9/2013 03:49:58,5/9/2013,03:49:58,1.00,7.65,84.69,952.60,216
5/9/2013 03:50:13,5/9/2013,03:50:13,1.25,7.65,84.59,952.59,184
5/9/2013 03:50:28,5/9/2013,03:50:28,1.58,7.62,84.59,952.59,216
5/9/2013 03:50:43,5/9/2013,03:50:43,1.61,7.62,84.59,952.58,189
5/9/2013 03:50:58,5/9/2013,03:50:58,1.75,7.57,84.69,952.59,215
5/9/2013 03:51:13,5/9/2013,03:51:13,2.08,7.62,84.59,952.59,248
5/9/2013 03:51:28,5/9/2013,03:51:28,1.88,7.62,84.59,952.59,205
5/9/2013 03:51:43,5/9/2013,03:51:43,2.33,7.62,84.59,952.60,215
5/9/2013 03:51:58,5/9/2013,03:51:58,1.62,7.62,84.90,952.58,236
5/9/2013 03:52:13,5/9/2013,03:52:13,1.23,7.57,84.80,952.61,217
5/9/2013 03:52:28,5/9/2013,03:52:28,2.25,7.62,84.50,952.59,202
5/9/2013 03:52:43,5/9/2013,03:52:43,1.22,7.57,84.59,952.59,193
5/9/2013 03:52:58,5/9/2013,03:52:58,0.54,7.55,84.90,952.62,217
5/9/2013 03:53:13,5/9/2013,03:53:13,1.96,7.62,84.80,952.61,180
5/9/2013 03:53:28,5/9/2013,03:53:28,1.32,7.55,84.59,952.62,202
5/9/2013 03:53:43,5/9/2013,03:53:43,0.25,7.55,84.90,952.64,161
5/9/2013 03:53:58,5/9/2013,03:53:58,0.84,7.55,85.19,952.64,208
5/9/2013 03:54:13,5/9/2013,03:54:13,1.60,7.50,85.09,952.64,128
5/9/2013 03:54:28,5/9/2013,03:54:28,0.86,7.55,85.19,952.62,164
5/9/2013 03:54:43,5/9/2013,03:54:43,0.72,7.50,85.30,952.62,148
5/9/2013 03:54:58,5/9/2013,03:54:58,1.25,7.47,85.50,952.62,192
5/9/2013 03:55:13,5/9/2013,03:55:13,2.27,7.50,85.30,952.62,210
5/9/2013 03:55:28,5/9/2013,03:55:28,2.55,7.57,84.80,952.59,227
5/9/2013 03:55:43,5/9/2013,03:55:43,3.14,7.57,84.80,952.59,215
5/9/2013 03:55:58,5/9/2013,03:55:58,1.11,7.55,84.90,952.61,201
5/9/2013 03:56:13,5/9/2013,03:56:13,2.51,7.62,84.80,952.61,219
5/9/2013 03:56:28,5/9/2013,03:56:28,2.88,7.62,84.69,952.60,214
5/9/2013 03:56:43,5/9/2013,03:56:43,3.49,7.65,84.50,952.59,206
5/9/2013 03:56:58,5/9/2013,03:56:58,4.54,7.69,84.30,952.59,190
5/9/2013 03:57:13,5/9/2013,03:57:13,3.76,7.69,84.30,952.59,210
5/9/2013 03:57:28,5/9/2013,03:57:28,3.33,7.62,84.50,952.60,207
5/9/2013 03:57:43,5/9/2013,03:57:43,2.90,7.75,84.19,952.59,210
5/9/2013 03:57:58,5/9/2013,03:57:58,1.18,7.62,84.59,952.60,178
5/9/2013 03:58:13,5/9/2013,03:58:13,2.25,7.62,84.90,952.61,214
5/9/2013 03:58:28,5/9/2013,03:58:28,2.27,7.62,84.80,952.60,223
5/9/2013 03:58:43,5/9/2013,03:58:43,2.08,7.55,84.90,952.61,197
5/9/2013 03:58:58,5/9/2013,03:58:58,1.22,7.55,85.09,952.62,180
5/9/2013 03:59:13,5/9/2013,03:59:13,1.71,7.57,85.09,952.61,217
5/9/2013 03:59:28,5/9/2013,03:59:28,1.82,7.62,84.80,952.61,212
5/9/2013 03:59:43,5/9/2013,03:59:43,1.07,7.55,84.80,952.61,140
5/9/2013 03:59:58,5/9/2013,03:59:58,2.15,7.55,85.09,952.62,193
5/9/2013 04:00:13,5/9/2013,04:00:13,1.62,7.55,85.09,952.62,201
5/9/2013 04:00:28,5/9/2013,04:00:28,2.11,7.55,85.19,952.59,202
5/9/2013 04:00:43,5/9/2013,04:00:43,3.09,7.62,85.00,952.56,196
5/9/2013 04:00:58,5/9/2013,04:00:58,2.27,7.57,84.80,952.58,246
5/9/2013 04:01:13,5/9/2013,04:01:13,2.19,7.62,84.80,952.58,179
5/9/2013 04:01:28,5/9/2013,04:01:28,2.33,7.62,84.80,952.58,216
5/9/2013 04:01:43,5/9/2013,04:01:43,1.60,7.55,84.90,952.59,188
5/9/2013 04:01:58,5/9/2013,04:01:58,1.64,7.57,85.00,952.59,211
5/9/2013 04:02:13,5/9/2013,04:02:13,0.49,7.55,85.00,952.61,154
5/9/2013 04:02:28,5/9/2013,04:02:28,1.57,7.57,85.09,952.62,197
5/9/2013 04:02:43,5/9/2013,04:02:43,1.61,7.55,85.09,952.61,200
5/9/2013 04:02:58,5/9/2013,04:02:58,1.41,7.55,85.00,952.59,206
5/9/2013 04:03:13,5/9/2013,04:03:13,1.79,7.55,85.09,952.60,238
5/9/2013 04:03:28,5/9/2013,04:03:28,2.27,7.55,85.19,952.59,207
5/9/2013 04:03:43,5/9/2013,04:03:43,2.97,7.62,85.09,952.58,207
5/9/2013 04:03:58,5/9/2013,04:03:58,2.72,7.62,84.80,952.57,206
5/9/2013 04:04:13,5/9/2013,04:04:13,1.65,7.55,85.00,952.58,237
5/9/2013 04:04:28,5/9/2013,04:04:28,2.54,7.62,85.00,952.59,198
5/9/2013 04:04:43,5/9/2013,04:04:43,2.08,7.62,84.80,952.58,198
5/9/2013 04:04:58,5/9/2013,04:04:58,2.00,7.57,84.90,952.60,207
5/9/2013 04:05:13,5/9/2013,04:05:13,1.82,7.62,84.90,952.57,205
5/9/2013 04:05:28,5/9/2013,04:05:28,2.11,7.57,85.00,952.59,216
5/9/2013 04:05:43,5/9/2013,04:05:43,1.19,7.55,85.19,952.62,203
5/9/2013 04:05:58,5/9/2013,04:05:58,2.53,7.62,84.90,952.60,204
5/9/2013 04:06:13,5/9/2013,04:06:13,3.07,7.62,84.90,952.60,216
5/9/2013 04:06:28,5/9/2013,04:06:28,2.92,7.62,85.00,952.60,202
5/9/2013 04:06:43,5/9/2013,04:06:43,1.93,7.62,85.09,952.60,208
5/9/2013 04:06:58,5/9/2013,04:06:58,2.08,7.62,85.00,952.59,216
5/9/2013 04:07:13,5/9/2013,04:07:13,1.57,7.62,85.09,952.59,181
5/9/2013 04:07:28,5/9/2013,04:07:28,0.93,7.55,85.30,952.62,166
5/9/2013 04:07:43,5/9/2013,04:07:43,0.35,7.57,85.59,952.65,232
5/9/2013 04:07:58,5/9/2013,04:07:58,1.25,7.62,85.59,952.65,172
5/9/2013 04:08:13,5/9/2013,04:08:13,2.24,7.62,85.50,952.61,186
5/9/2013 04:08:28,5/9/2013,04:08:28,2.36,7.62,85.30,952.62,212
5/9/2013 04:08:43,5/9/2013,04:08:43,3.23,7.69,85.00,952.59,210
5/9/2013 04:08:58,5/9/2013,04:08:58,2.08,7.69,85.09,952.59,205
5/9/2013 04:09:13,5/9/2013,04:09:13,1.72,7.62,85.30,952.61,200
5/9/2013 04:09:28,5/9/2013,04:09:28,2.60,7.69,85.19,952.60,217
5/9/2013 04:09:43,5/9/2013,04:09:43,1.82,7.69,85.00,952.59,207
5/9/2013 04:09:58,5/9/2013,04:09:58,2.10,7.69,85.09,952.61,213
5/9/2013 04:10:13,5/9/2013,04:10:13,2.10,7.75,84.90,952.61,210
5/9/2013 04:10:28,5/9/2013,04:10:28,2.78,7.77,84.80,952.59,190
5/9/2013 04:10:43,5/9/2013,04:10:43,1.97,7.77,84.69,952.58,222
5/9/2013 04:10:58,5/9/2013,04:10:58,2.11,7.77,84.80,952.59,186
5/9/2013 04:11:13,5/9/2013,04:11:13,0.94,7.75,84.90,952.60,169
5/9/2013 04:11:28,5/9/2013,04:11:28,0.24,7.69,85.19,952.59,158
5/9/2013 04:11:43,5/9/2013,04:11:43,1.08,7.69,85.50,952.59,192
5/9/2013 04:11:58,5/9/2013,04:11:58,2.57,7.77,85.09,952.58,201
5/9/2013 04:12:13,5/9/2013,04:12:13,2.75,7.77,84.90,952.57,212
5/9/2013 04:12:28,5/9/2013,04:12:28,3.30,7.84,84.80,952.56,194
5/9/2013 04:12:43,5/9/2013,04:12:43,3.07,7.84,84.50,952.54,205
5/9/2013 04:12:58,5/9/2013,04:12:58,2.06,7.82,84.50,952.54,201
5/9/2013 04:13:13,5/9/2013,04:13:13,2.24,7.82,84.90,952.56,215
5/9/2013 04:13:28,5/9/2013,04:13:28,2.33,7.82,84.90,952.54,222
5/9/2013 04:13:43,5/9/2013,04:13:43,1.99,7.84,84.69,952.56,192
5/9/2013 04:13:58,5/9/2013,04:13:58,2.39,7.77,85.09,952.54,197
5/9/2013 04:14:13,5/9/2013,04:14:13,1.75,7.77,85.09,952.54,140
5/9/2013 04:14:28,5/9/2013,04:14:28,1.25,7.77,85.30,952.53,177
5/9/2013 04:14:43,5/9/2013,04:14:43,1.27,7.77,85.19,952.56,211
5/9/2013 04:14:58,5/9/2013,04:14:58,2.00,7.77,85.09,952.54,206
5/9/2013 04:15:13,5/9/2013,04:15:13,2.54,7.84,84.80,952.57,208
5/9/2013 04:15:28,5/9/2013,04:15:28,2.40,7.84,84.90,952.54,234
5/9/2013 04:15:43,5/9/2013,04:15:43,2.19,7.84,84.80,952.53,210
5/9/2013 04:15:58,5/9/2013,04:15:58,2.75,7.84,84.69,952.53,220
5/9/2013 04:16:13,5/9/2013,04:16:13,2.89,7.84,84.59,952.52,199
5/9/2013 04:16:28,5/9/2013,04:16:28,1.93,7.84,84.59,952.53,219
5/9/2013 04:16:43,5/9/2013,04:16:43,1.75,7.82,84.69,952.52,203
5/9/2013 04:16:58,5/9/2013,04:16:58,1.51,7.77,84.80,952.52,215
5/9/2013 04:17:13,5/9/2013,04:17:13,1.88,7.82,84.90,952.52,210
5/9/2013 04:17:28,5/9/2013,04:17:28,1.25,7.77,84.80,952.51,221
5/9/2013 04:17:43,5/9/2013,04:17:43,1.86,7.82,84.80,952.51,201
5/9/2013 04:17:58,5/9/2013,04:17:58,3.00,7.82,84.69,952.51,233
5/9/2013 04:18:13,5/9/2013,04:18:13,2.55,7.82,84.69,952.52,201
5/9/2013 04:18:28,5/9/2013,04:18:28,2.46,7.82,84.59,952.51,211
5/9/2013 04:18:43,5/9/2013,04:18:43,1.72,7.77,84.69,952.50,196
5/9/2013 04:18:58,5/9/2013,04:18:58,2.22,7.82,84.80,952.49,196
5/9/2013 04:19:13,5/9/2013,04:19:13,1.76,7.75,84.90,952.50,175
5/9/2013 04:19:28,5/9/2013,04:19:28,0.56,7.77,85.09,952.52,216
5/9/2013 04:19:43,5/9/2013,04:19:43,1.29,7.77,85.00,952.51,211
5/9/2013 04:19:58,5/9/2013,04:19:58,2.01,7.77,84.80,952.51,199
5/9/2013 04:20:13,5/9/2013,04:20:13,1.92,7.82,84.59,952.50,210
5/9/2013 04:20:28,5/9/2013,04:20:28,1.32,7.69,84.80,952.50,180
5/9/2013 04:20:43,5/9/2013,04:20:43,1.62,7.75,84.90,952.48,208
5/9/2013 04:20:58,5/9/2013,04:20:58,1.43,7.69,84.90,952.48,192
5/9/2013 04:21:13,5/9/2013,04:21:13,2.17,7.75,84.90,952.48,211
5/9/2013 04:21:28,5/9/2013,04:21:28,2.19,7.69,84.90,952.48,221
5/9/2013 04:21:43,5/9/2013,04:21:43,1.50,7.69,84.90,952.51,211
5/9/2013 04:21:58,5/9/2013,04:21:58,2.33,7.77,84.80,952.49,211
5/9/2013 04:22:13,5/9/2013,04:22:13,1.62,7.75,84.69,952.50,224
5/9/2013 04:22:28,5/9/2013,04:22:28,2.14,7.75,84.80,952.49,208
5/9/2013 04:22:43,5/9/2013,04:22:43,1.57,7.69,85.00,952.50,214
5/9/2013 04:22:58,5/9/2013,04:22:58,1.71,7.62,85.19,952.51,192
5/9/2013 04:23:13,5/9/2013,04:23:13,1.37,7.62,85.19,952.54,187
5/9/2013 04:23:28,5/9/2013,04:23:28,0.25,7.62,85.40,952.52,170
5/9/2013 04:23:43,5/9/2013,04:23:43,0.00,7.62,85.59,952.54,144
5/9/2013 04:23:58,5/9/2013,04:23:58,0.53,7.55,85.59,952.52,178
5/9/2013 04:24:13,5/9/2013,04:24:13,2.33,7.62,85.09,952.51,206
5/9/2013 04:24:28,5/9/2013,04:24:28,2.44,7.62,85.09,952.49,220
5/9/2013 04:24:43,5/9/2013,04:24:43,2.65,7.65,85.00,952.49,196
5/9/2013 04:24:58,5/9/2013,04:24:58,3.52,7.69,84.59,952.46,166
5/9/2013 04:25:13,5/9/2013,04:25:13,1.40,7.62,84.90,952.49,216
5/9/2013 04:25:28,5/9/2013,04:25:28,2.07,7.62,85.00,952.49,217
5/9/2013 04:25:43,5/9/2013,04:25:43,0.83,7.62,85.19,952.51,216
5/9/2013 04:25:58,5/9/2013,04:25:58,1.57,7.62,85.19,952.52,203
5/9/2013 04:26:13,5/9/2013,04:26:13,1.75,7.62,85.19,952.52,193
5/9/2013 04:26:28,5/9/2013,04:26:28,0.74,7.62,85.40,952.51,241
5/9/2013 04:26:43,5/9/2013,04:26:43,1.03,7.57,85.19,952.51,228
5/9/2013 04:26:58,5/9/2013,04:26:58,0.82,7.57,85.40,952.53,215
5/9/2013 04:27:13,5/9/2013,04:27:13,1.54,7.62,85.09,952.52,186
5/9/2013 04:27:28,5/9/2013,04:27:28,0.81,7.55,85.30,952.52,195
5/9/2013 04:27:43,5/9/2013,04:27:43,1.72,7.57,85.30,952.53,200
5/9/2013 04:27:58,5/9/2013,04:27:58,2.43,7.62,85.09,952.53,213
5/9/2013 04:28:13,5/9/2013,04:28:13,2.17,7.62,84.90,952.50,228
5/9/2013 04:28:28,5/9/2013,04:28:28,1.71,7.57,85.00,952.50,189
5/9/2013 04:28:43,5/9/2013,04:28:43,1.69,7.55,85.19,952.52,202
5/9/2013 04:28:58,5/9/2013,04:28:58,0.67,7.50,85.40,952.53,134
5/9/2013 04:29:13,5/9/2013,04:29:13,1.61,7.47,85.50,952.57,203
5/9/2013 04:29:28,5/9/2013,04:29:28,1.26,7.50,85.30,952.56,170
5/9/2013 04:29:43,5/9/2013,04:29:43,0.78,7.55,85.40,952.53,137
5/9/2013 04:29:58,5/9/2013,04:29:58,1.05,7.55,85.50,952.53,205
5/9/2013 04:30:13,5/9/2013,04:30:13,1.74,7.55,85.40,952.52,174
5/9/2013 04:30:28,5/9/2013,04:30:28,0.82,7.50,85.50,952.54,204
5/9/2013 04:30:43,5/9/2013,04:30:43,0.74,7.47,85.69,952.54,196
5/9/2013 04:30:58,5/9/2013,04:30:58,1.61,7.50,85.59,952.53,195
5/9/2013 04:31:13,5/9/2013,04:31:13,1.94,7.55,85.40,952.52,238
5/9/2013 04:31:28,5/9/2013,04:31:28,1.60,7.55,85.09,952.51,223
5/9/2013 04:31:43,5/9/2013,04:31:43,2.04,7.55,85.00,952.52,205
5/9/2013 04:31:58,5/9/2013,04:31:58,2.41,7.62,85.00,952.52,216
5/9/2013 04:32:13,5/9/2013,04:32:13,2.11,7.57,84.90,952.51,202
5/9/2013 04:32:28,5/9/2013,04:32:28,1.64,7.55,85.09,952.51,165
5/9/2013 04:32:43,5/9/2013,04:32:43,2.78,7.57,85.30,952.52,193
5/9/2013 04:32:58,5/9/2013,04:32:58,3.66,7.62,85.00,952.51,190
5/9/2013 04:33:13,5/9/2013,04:33:13,1.69,7.55,85.09,952.53,213
5/9/2013 04:33:28,5/9/2013,04:33:28,2.06,7.57,85.19,952.52,207
5/9/2013 04:33:43,5/9/2013,04:33:43,1.46,7.55,85.19,952.51,182
5/9/2013 04:33:58,5/9/2013,04:33:58,2.61,7.55,85.30,952.52,228
5/9/2013 04:34:13,5/9/2013,04:34:13,2.82,7.62,85.00,952.50,205
5/9/2013 04:34:28,5/9/2013,04:34:28,1.75,7.55,85.09,952.49,183
5/9/2013 04:34:43,5/9/2013,04:34:43,1.41,7.55,85.19,952.50,205
5/9/2013 04:34:58,5/9/2013,04:34:58,1.03,7.50,85.40,952.52,199
5/9/2013 04:35:13,5/9/2013,04:35:13,1.67,7.47,85.40,952.54,191
5/9/2013 04:35:28,5/9/2013,04:35:28,1.67,7.50,85.40,952.53,186
5/9/2013 04:35:43,5/9/2013,04:35:43,1.04,7.50,85.30,952.56,180
5/9/2013 04:35:58,5/9/2013,04:35:58,1.54,7.55,85.40,952.53,222
5/9/2013 04:36:13,5/9/2013,04:36:13,1.90,7.50,85.30,952.54,226
5/9/2013 04:36:28,5/9/2013,04:36:28,1.97,7.55,85.40,952.54,186
5/9/2013 04:36:43,5/9/2013,04:36:43,2.43,7.55,85.19,952.52,215
5/9/2013 04:36:58,5/9/2013,04:36:58,2.83,7.55,84.90,952.50,198
5/9/2013 04:37:13,5/9/2013,04:37:13,3.04,7.57,84.90,952.52,221
5/9/2013 04:37:28,5/9/2013,04:37:28,2.82,7.62,84.90,952.50,223
5/9/2013 04:37:43,5/9/2013,04:37:43,2.06,7.55,84.90,952.51,205
5/9/2013 04:37:58,5/9/2013,04:37:58,1.40,7.55,85.30,952.51,127
5/9/2013 04:38:13,5/9/2013,04:38:13,2.10,7.55,85.19,952.51,207
5/9/2013 04:38:28,5/9/2013,04:38:28,2.48,7.62,85.00,952.51,221
5/9/2013 04:38:43,5/9/2013,04:38:43,1.71,7.55,84.80,952.49,172
5/9/2013 04:38:58,5/9/2013,04:38:58,1.53,7.57,85.00,952.51,154
5/9/2013 04:39:13,5/9/2013,04:39:13,3.43,7.65,84.90,952.49,218
5/9/2013 04:39:28,5/9/2013,04:39:28,2.81,7.62,84.59,952.48,196
5/9/2013 04:39:43,5/9/2013,04:39:43,1.71,7.62,84.80,952.48,184
5/9/2013 04:39:58,5/9/2013,04:39:58,1.14,7.57,85.09,952.52,214
5/9/2013 04:40:13,5/9/2013,04:40:13,2.00,7.57,85.00,952.53,192
5/9/2013 04:40:28,5/9/2013,04:40:28,2.33,7.57,84.80,952.52,178
5/9/2013 04:40:43,5/9/2013,04:40:43,2.04,7.55,84.80,952.52,204
5/9/2013 04:40:58,5/9/2013,04:40:58,1.69,7.62,84.80,952.52,170
5/9/2013 04:41:13,5/9/2013,04:41:13,2.22,7.62,84.80,952.52,206
5/9/2013 04:41:28,5/9/2013,04:41:28,2.03,7.55,84.90,952.52,227
5/9/2013 04:41:43,5/9/2013,04:41:43,0.97,7.55,85.09,952.52,159
5/9/2013 04:41:58,5/9/2013,04:41:58,0.89,7.55,85.30,952.52,191
5/9/2013 04:42:13,5/9/2013,04:42:13,1.81,7.50,85.30,952.48,188
5/9/2013 04:42:28,5/9/2013,04:42:28,1.07,7.47,85.19,952.52,173
5/9/2013 04:42:43,5/9/2013,04:42:43,1.67,7.55,85.09,952.53,220
5/9/2013 04:42:58,5/9/2013,04:42:58,2.26,7.55,85.00,952.51,220
5/9/2013 04:43:13,5/9/2013,04:43:13,1.64,7.55,85.00,952.49,209
5/9/2013 04:43:28,5/9/2013,04:43:28,1.81,7.55,84.80,952.49,186
5/9/2013 04:43:43,5/9/2013,04:43:43,1.75,7.55,85.09,952.49,181
5/9/2013 04:43:58,5/9/2013,04:43:58,3.13,7.62,84.69,952.48,201
5/9/2013 04:44:13,5/9/2013,04:44:13,2.97,7.57,84.69,952.45,197
5/9/2013 04:44:28,5/9/2013,04:44:28,2.46,7.57,84.69,952.46,186
5/9/2013 04:44:43,5/9/2013,04:44:43,1.40,7.55,84.90,952.46,200
5/9/2013 04:44:58,5/9/2013,04:44:58,1.13,7.50,85.19,952.48,205
5/9/2013 04:45:13,5/9/2013,04:45:13,0.64,7.47,85.30,952.48,201
5/9/2013 04:45:28,5/9/2013,04:45:28,0.61,7.47,85.40,952.50,228
5/9/2013 04:45:43,5/9/2013,04:45:43,1.00,7.47,85.19,952.50,216
5/9/2013 04:45:58,5/9/2013,04:45:58,1.01,7.47,85.19,952.49,229
5/9/2013 04:46:13,5/9/2013,04:46:13,1.97,7.50,85.00,952.45,195
5/9/2013 04:46:28,5/9/2013,04:46:28,0.84,7.47,85.19,952.46,163
5/9/2013 04:46:43,5/9/2013,04:46:43,0.74,7.42,85.50,952.48,223
5/9/2013 04:46:58,5/9/2013,04:46:58,1.29,7.47,85.19,952.48,198
5/9/2013 04:47:13,5/9/2013,04:47:13,2.55,7.62,84.80,952.46,220
5/9/2013 04:47:28,5/9/2013,04:47:28,1.92,7.55,84.59,952.43,166
5/9/2013 04:47:43,5/9/2013,04:47:43,1.53,7.50,84.80,952.44,190
5/9/2013 04:47:58,5/9/2013,04:47:58,1.96,7.55,84.80,952.42,220
5/9/2013 04:48:13,5/9/2013,04:48:13,1.23,7.55,84.80,952.44,180
5/9/2013 04:48:28,5/9/2013,04:48:28,1.40,7.50,84.80,952.45,206
5/9/2013 04:48:43,5/9/2013,04:48:43,1.68,7.50,84.90,952.45,235
5/9/2013 04:48:58,5/9/2013,04:48:58,1.82,7.50,84.90,952.43,208
5/9/2013 04:49:13,5/9/2013,04:49:13,0.86,7.47,85.09,952.45,228
5/9/2013 04:49:28,5/9/2013,04:49:28,2.54,7.55,84.90,952.45,209
5/9/2013 04:49:43,5/9/2013,04:49:43,1.71,7.55,84.69,952.43,216
5/9/2013 04:49:58,5/9/2013,04:49:58,1.44,7.47,84.80,952.45,166
5/9/2013 04:50:13,5/9/2013,04:50:13,0.97,7.47,85.00,952.45,195
5/9/2013 04:50:28,5/9/2013,04:50:28,0.98,7.47,85.19,952.46,198
5/9/2013 04:50:43,5/9/2013,04:50:43,2.33,7.47,85.00,952.44,220
5/9/2013 04:50:58,5/9/2013,04:50:58,1.37,7.47,85.00,952.45,211
5/9/2013 04:51:13,5/9/2013,04:51:13,1.86,7.47,85.00,952.45,206
5/9/2013 04:51:28,5/9/2013,04:51:28,3.63,7.57,84.69,952.42,214
5/9/2013 04:51:43,5/9/2013,04:51:43,2.68,7.57,84.50,952.42,193
5/9/2013 04:51:58,5/9/2013,04:51:58,1.83,7.55,84.69,952.41,192
5/9/2013 04:52:13,5/9/2013,04:52:13,1.69,7.50,84.69,952.41,147
5/9/2013 04:52:28,5/9/2013,04:52:28,0.72,7.47,84.90,952.42,183
5/9/2013 04:52:43,5/9/2013,04:52:43,0.58,7.47,85.19,952.46,205
5/9/2013 04:52:58,5/9/2013,04:52:58,1.39,7.50,85.00,952.43,216
5/9/2013 04:53:13,5/9/2013,04:53:13,1.26,7.47,85.00,952.43,200
5/9/2013 04:53:28,5/9/2013,04:53:28,0.90,7.47,85.00,952.44,207
5/9/2013 04:53:43,5/9/2013,04:53:43,1.37,7.47,85.00,952.43,203
5/9/2013 04:53:58,5/9/2013,04:53:58,2.06,7.47,85.00,952.37,210
5/9/2013 04:54:13,5/9/2013,04:54:13,1.69,7.47,84.80,952.37,208
5/9/2013 04:54:28,5/9/2013,04:54:28,2.34,7.47,84.80,952.38,227
5/9/2013 04:54:43,5/9/2013,04:54:43,0.90,7.42,84.90,952.43,219
5/9/2013 04:54:58,5/9/2013,04:54:58,0.83,7.37,85.09,952.43,229
5/9/2013 04:55:13,5/9/2013,04:55:13,1.34,7.47,85.19,952.40,216
5/9/2013 04:55:28,5/9/2013,04:55:28,2.22,7.50,84.80,952.37,197
5/9/2013 04:55:43,5/9/2013,04:55:43,2.32,7.50,84.69,952.36,201
5/9/2013 04:55:58,5/9/2013,04:55:58,1.22,7.47,84.69,952.40,189
5/9/2013 04:56:13,5/9/2013,04:56:13,1.08,7.47,84.90,952.41,164
5/9/2013 04:56:28,5/9/2013,04:56:28,1.25,7.47,85.00,952.41,218
5/9/2013 04:56:43,5/9/2013,04:56:43,2.27,7.55,84.80,952.41,227
5/9/2013 04:56:58,5/9/2013,04:56:58,2.21,7.47,84.59,952.41,201
5/9/2013 04:57:13,5/9/2013,04:57:13,2.69,7.55,84.50,952.43,204
5/9/2013 04:57:28,5/9/2013,04:57:28,2.82,7.55,84.50,952.43,184
5/9/2013 04:57:43,5/9/2013,04:57:43,2.72,7.57,84.40,952.42,223
5/9/2013 04:57:58,5/9/2013,04:57:58,2.26,7.55,84.30,952.42,212
5/9/2013 04:58:13,5/9/2013,04:58:13,2.04,7.55,84.50,952.42,211
5/9/2013 04:58:28,5/9/2013,04:58:28,1.83,7.55,84.59,952.42,210
5/9/2013 04:58:43,5/9/2013,04:58:43,1.86,7.50,84.69,952.43,218
5/9/2013 04:58:58,5/9/2013,04:58:58,1.14,7.47,84.69,952.44,157
5/9/2013 04:59:13,5/9/2013,04:59:13,1.54,7.50,84.69,952.43,222
5/9/2013 04:59:28,5/9/2013,04:59:28,2.83,7.62,84.30,952.42,193
5/9/2013 04:59:43,5/9/2013,04:59:43,2.36,7.55,84.30,952.43,172
5/9/2013 04:59:58,5/9/2013,04:59:58,1.55,7.55,84.50,952.44,198
5/9/2013 05:00:13,5/9/2013,05:00:13,2.03,7.55,84.50,952.43,207
5/9/2013 05:00:28,5/9/2013,05:00:28,1.90,7.55,84.40,952.43,199
5/9/2013 05:00:43,5/9/2013,05:00:43,1.43,7.55,84.40,952.43,174
5/9/2013 05:00:58,5/9/2013,05:00:58,1.67,7.55,84.40,952.42,209
5/9/2013 05:01:13,5/9/2013,05:01:13,2.07,7.55,84.30,952.42,193
5/9/2013 05:01:28,5/9/2013,05:01:28,0.72,7.50,84.40,952.43,142
5/9/2013 05:01:43,5/9/2013,05:01:43,0.00,7.50,84.59,952.44,131
5/9/2013 05:01:58,5/9/2013,05:01:58,0.00,7.47,84.80,952.46,172
5/9/2013 05:02:13,5/9/2013,05:02:13,0.42,7.47,85.00,952.44,203
5/9/2013 05:02:28,5/9/2013,05:02:28,1.21,7.42,84.90,952.42,151
5/9/2013 05:02:43,5/9/2013,05:02:43,1.18,7.47,84.90,952.43,187
5/9/2013 05:02:58,5/9/2013,05:02:58,0.24,7.42,85.00,952.42,178
5/9/2013 05:03:13,5/9/2013,05:03:13,0.98,7.37,85.00,952.41,215
5/9/2013 05:03:28,5/9/2013,05:03:28,2.07,7.47,84.69,952.38,170
5/9/2013 05:03:43,5/9/2013,05:03:43,2.60,7.47,84.40,952.37,203
5/9/2013 05:03:58,5/9/2013,05:03:58,2.65,7.50,84.30,952.35,201
5/9/2013 05:04:13,5/9/2013,05:04:13,1.83,7.47,84.40,952.36,217
5/9/2013 05:04:28,5/9/2013,05:04:28,2.86,7.57,84.00,952.38,238
5/9/2013 05:04:43,5/9/2013,05:04:43,2.10,7.57,83.80,952.37,206
5/9/2013 05:04:58,5/9/2013,05:04:58,1.07,7.50,84.19,952.37,209
5/9/2013 05:05:13,5/9/2013,05:05:13,1.76,7.55,84.09,952.37,210
5/9/2013 05:05:28,5/9/2013,05:05:28,2.32,7.55,84.09,952.36,197
5/9/2013 05:05:43,5/9/2013,05:05:43,2.89,7.57,84.00,952.36,214
5/9/2013 05:05:58,5/9/2013,05:05:58,2.34,7.57,84.00,952.37,217
5/9/2013 05:06:13,5/9/2013,05:06:13,1.88,7.55,84.09,952.37,197
5/9/2013 05:06:28,5/9/2013,05:06:28,2.68,7.57,84.09,952.36,195
5/9/2013 05:06:43,5/9/2013,05:06:43,1.79,7.62,83.80,952.36,173
5/9/2013 05:06:58,5/9/2013,05:06:58,1.26,7.55,84.00,952.37,227
5/9/2013 05:07:13,5/9/2013,05:07:13,1.60,7.50,84.09,952.37,155
5/9/2013 05:07:28,5/9/2013,05:07:28,0.28,7.47,84.40,952.40,207
5/9/2013 05:07:43,5/9/2013,05:07:43,0.91,7.47,84.50,952.40,213
5/9/2013 05:07:58,5/9/2013,05:07:58,2.32,7.55,84.00,952.37,201
5/9/2013 05:08:13,5/9/2013,05:08:13,2.18,7.57,83.69,952.35,206
5/9/2013 05:08:28,5/9/2013,05:08:28,1.10,7.55,83.90,952.36,150
5/9/2013 05:08:43,5/9/2013,05:08:43,2.00,7.55,84.09,952.36,188
5/9/2013 05:08:58,5/9/2013,05:08:58,2.38,7.55,84.09,952.35,224
5/9/2013 05:09:13,5/9/2013,05:09:13,1.51,7.55,84.09,952.35,205
5/9/2013 05:09:28,5/9/2013,05:09:28,1.30,7.55,84.00,952.35,211
5/9/2013 05:09:43,5/9/2013,05:09:43,1.65,7.50,84.00,952.35,220
5/9/2013 05:09:58,5/9/2013,05:09:58,1.40,7.55,83.90,952.35,200
5/9/2013 05:10:13,5/9/2013,05:10:13,1.14,7.55,83.80,952.35,188
5/9/2013 05:10:28,5/9/2013,05:10:28,1.26,7.55,83.90,952.35,204
5/9/2013 05:10:43,5/9/2013,05:10:43,1.89,7.55,83.90,952.34,205
5/9/2013 05:10:58,5/9/2013,05:10:58,1.76,7.47,84.00,952.34,229
5/9/2013 05:11:13,5/9/2013,05:11:13,1.90,7.55,83.80,952.33,208
5/9/2013 05:11:28,5/9/2013,05:11:28,1.97,7.55,83.69,952.33,211
5/9/2013 05:11:43,5/9/2013,05:11:43,0.89,7.50,83.90,952.34,193
5/9/2013 05:11:58,5/9/2013,05:11:58,1.39,7.50,84.30,952.35,202
5/9/2013 05:12:13,5/9/2013,05:12:13,2.57,7.57,83.80,952.33,206
5/9/2013 05:12:28,5/9/2013,05:12:28,2.03,7.55,83.69,952.30,201
5/9/2013 05:12:43,5/9/2013,05:12:43,1.23,7.55,83.90,952.30,184
5/9/2013 05:12:58,5/9/2013,05:12:58,0.43,7.50,84.09,952.34,190
5/9/2013 05:13:13,5/9/2013,05:13:13,1.97,7.55,83.90,952.34,188
5/9/2013 05:13:28,5/9/2013,05:13:28,2.79,7.62,83.69,952.33,196
5/9/2013 05:13:43,5/9/2013,05:13:43,1.62,7.57,83.80,952.30,156
5/9/2013 05:13:58,5/9/2013,05:13:58,1.55,7.55,83.90,952.30,174
5/9/2013 05:14:13,5/9/2013,05:14:13,2.31,7.55,84.09,952.30,224
5/9/2013 05:14:28,5/9/2013,05:14:28,1.61,7.55,84.00,952.33,159
5/9/2013 05:14:43,5/9/2013,05:14:43,1.25,7.55,84.00,952.32,157
5/9/2013 05:14:58,5/9/2013,05:14:58,0.72,7.55,84.09,952.34,163
5/9/2013 05:15:13,5/9/2013,05:15:13,0.94,7.55,84.19,952.30,186
5/9/2013 05:15:28,5/9/2013,05:15:28,1.96,7.62,83.69,952.29,197
5/9/2013 05:15:43,5/9/2013,05:15:43,1.11,7.55,83.59,952.30,180
5/9/2013 05:15:58,5/9/2013,05:15:58,1.11,7.50,84.00,952.30,199
5/9/2013 05:16:13,5/9/2013,05:16:13,1.03,7.47,84.19,952.28,219
5/9/2013 05:16:28,5/9/2013,05:16:28,1.58,7.55,83.90,952.26,196
5/9/2013 05:16:43,5/9/2013,05:16:43,1.67,7.55,83.90,952.25,221
5/9/2013 05:16:58,5/9/2013,05:16:58,1.78,7.47,84.00,952.25,217
5/9/2013 05:17:13,5/9/2013,05:17:13,1.89,7.55,83.90,952.24,215
5/9/2013 05:17:28,5/9/2013,05:17:28,1.30,7.47,83.90,952.24,210
5/9/2013 05:17:43,5/9/2013,05:17:43,2.01,7.55,83.80,952.21,206
5/9/2013 05:17:58,5/9/2013,05:17:58,2.07,7.47,83.90,952.22,194
5/9/2013 05:18:13,5/9/2013,05:18:13,0.82,7.47,84.19,952.26,161
5/9/2013 05:18:28,5/9/2013,05:18:28,0.42,7.47,84.19,952.28,216
5/9/2013 05:18:43,5/9/2013,05:18:43,0.93,7.47,84.30,952.26,236
5/9/2013 05:18:58,5/9/2013,05:18:58,1.65,7.47,84.09,952.21,240
5/9/2013 05:19:13,5/9/2013,05:19:13,0.67,7.42,84.19,952.22,177
5/9/2013 05:19:28,5/9/2013,05:19:28,1.51,7.47,84.19,952.20,196
5/9/2013 05:19:43,5/9/2013,05:19:43,1.47,7.47,84.09,952.20,215
5/9/2013 05:19:58,5/9/2013,05:19:58,0.82,7.47,84.00,952.21,190
5/9/2013 05:20:13,5/9/2013,05:20:13,1.86,7.50,84.09,952.22,223
5/9/2013 05:20:28,5/9/2013,05:20:28,1.74,7.47,84.09,952.21,202
5/9/2013 05:20:43,5/9/2013,05:20:43,1.82,7.50,84.09,952.19,192
5/9/2013 05:20:58,5/9/2013,05:20:58,1.89,7.55,83.90,952.21,200
5/9/2013 05:21:13,5/9/2013,05:21:13,2.47,7.57,83.90,952.22,198
5/9/2013 05:21:28,5/9/2013,05:21:28,1.76,7.55,83.69,952.21,196
5/9/2013 05:21:43,5/9/2013,05:21:43,0.72,7.50,84.00,952.24,212
5/9/2013 05:21:58,5/9/2013,05:21:58,1.05,7.42,84.30,952.22,216
5/9/2013 05:22:13,5/9/2013,05:22:13,1.01,7.42,84.40,952.25,235
5/9/2013 05:22:28,5/9/2013,05:22:28,0.64,7.47,84.30,952.28,175
5/9/2013 05:22:43,5/9/2013,05:22:43,0.57,7.42,84.40,952.24,142
5/9/2013 05:22:58,5/9/2013,05:22:58,0.00,7.47,84.40,952.21,246
5/9/2013 05:23:13,5/9/2013,05:23:13,1.14,7.42,84.50,952.22,180
5/9/2013 05:23:28,5/9/2013,05:23:28,1.34,7.37,84.59,952.20,207
5/9/2013 05:23:43,5/9/2013,05:23:43,1.96,7.42,84.40,952.19,178
5/9/2013 05:23:58,5/9/2013,05:23:58,1.03,7.47,84.40,952.18,216
5/9/2013 05:24:13,5/9/2013,05:24:13,1.72,7.47,84.40,952.17,210
5/9/2013 05:24:28,5/9/2013,05:24:28,2.22,7.47,84.59,952.19,213
5/9/2013 05:24:43,5/9/2013,05:24:43,2.24,7.47,84.50,952.18,219
5/9/2013 05:24:58,5/9/2013,05:24:58,1.94,7.47,84.59,952.19,235
5/9/2013 05:25:13,5/9/2013,05:25:13,1.85,7.37,84.69,952.19,203
5/9/2013 05:25:28,5/9/2013,05:25:28,1.26,7.47,84.69,952.19,232
5/9/2013 05:25:43,5/9/2013,05:25:43,1.88,7.47,84.59,952.18,220
5/9/2013 05:25:58,5/9/2013,05:25:58,2.06,7.50,84.59,952.16,209
5/9/2013 05:26:13,5/9/2013,05:26:13,1.30,7.37,84.80,952.17,132
5/9/2013 05:26:28,5/9/2013,05:26:28,0.76,7.37,85.09,952.20,210
5/9/2013 05:26:43,5/9/2013,05:26:43,1.76,7.47,84.80,952.19,206
5/9/2013 05:26:58,5/9/2013,05:26:58,2.83,7.55,84.59,952.17,200
5/9/2013 05:27:13,5/9/2013,05:27:13,1.04,7.47,84.80,952.18,177
5/9/2013 05:27:28,5/9/2013,05:27:28,1.90,7.55,84.80,952.16,192
5/9/2013 05:27:43,5/9/2013,05:27:43,1.85,7.47,84.80,952.18,208
5/9/2013 05:27:58,5/9/2013,05:27:58,2.65,7.50,84.80,952.18,206
5/9/2013 05:28:13,5/9/2013,05:28:13,0.81,7.47,85.00,952.19,130
5/9/2013 05:28:28,5/9/2013,05:28:28,1.13,7.47,85.00,952.18,202
5/9/2013 05:28:43,5/9/2013,05:28:43,1.76,7.47,85.00,952.17,184
5/9/2013 05:28:58,5/9/2013,05:28:58,1.83,7.47,85.00,952.14,198
5/9/2013 05:29:13,5/9/2013,05:29:13,2.07,7.47,84.90,952.14,203
5/9/2013 05:29:28,5/9/2013,05:29:28,2.17,7.55,84.80,952.13,206
5/9/2013 05:29:43,5/9/2013,05:29:43,2.18,7.47,84.80,952.16,236
5/9/2013 05:29:58,5/9/2013,05:29:58,2.13,7.47,84.80,952.16,202
5/9/2013 05:30:13,5/9/2013,05:30:13,2.22,7.47,84.80,952.16,210
5/9/2013 05:30:28,5/9/2013,05:30:28,2.46,7.55,84.69,952.14,230
5/9/2013 05:30:43,5/9/2013,05:30:43,1.61,7.50,84.80,952.16,230
5/9/2013 05:30:58,5/9/2013,05:30:58,0.46,7.47,85.00,952.20,187
5/9/2013 05:31:13,5/9/2013,05:31:13,0.69,7.47,85.19,952.20,216
5/9/2013 05:31:28,5/9/2013,05:31:28,1.94,7.50,85.00,952.17,222
5/9/2013 05:31:43,5/9/2013,05:31:43,2.08,7.55,84.80,952.16,208
5/9/2013 05:31:58,5/9/2013,05:31:58,1.69,7.50,85.00,952.18,210
5/9/2013 05:32:13,5/9/2013,05:32:13,0.46,7.47,85.09,952.19,185
5/9/2013 05:32:28,5/9/2013,05:32:28,0.67,7.47,85.30,952.18,200
5/9/2013 05:32:43,5/9/2013,05:32:43,1.88,7.47,85.19,952.16,211
5/9/2013 05:32:58,5/9/2013,05:32:58,1.27,7.42,85.30,952.16,135
5/9/2013 05:33:13,5/9/2013,05:33:13,1.43,7.42,85.40,952.14,191
5/9/2013 05:33:28,5/9/2013,05:33:28,1.14,7.42,85.50,952.14,193
5/9/2013 05:33:43,5/9/2013,05:33:43,0.08,7.37,85.59,952.17,204
5/9/2013 05:33:58,5/9/2013,05:33:58,1.69,7.47,85.50,952.14,204
5/9/2013 05:34:13,5/9/2013,05:34:13,2.24,7.47,85.30,952.14,208
5/9/2013 05:34:28,5/9/2013,05:34:28,1.60,7.50,85.09,952.14,212
5/9/2013 05:34:43,5/9/2013,05:34:43,1.11,7.47,85.19,952.17,190
5/9/2013 05:34:58,5/9/2013,05:34:58,1.27,7.47,85.40,952.18,178
5/9/2013 05:35:13,5/9/2013,05:35:13,1.64,7.47,85.50,952.16,198
5/9/2013 05:35:28,5/9/2013,05:35:28,1.97,7.55,85.19,952.13,204
5/9/2013 05:35:43,5/9/2013,05:35:43,1.85,7.50,85.09,952.14,210
5/9/2013 05:35:58,5/9/2013,05:35:58,2.03,7.50,85.00,952.13,223
5/9/2013 05:36:13,5/9/2013,05:36:13,1.53,7.47,85.19,952.17,226
5/9/2013 05:36:28,5/9/2013,05:36:28,1.30,7.42,85.30,952.19,189
5/9/2013 05:36:43,5/9/2013,05:36:43,1.76,7.47,85.50,952.17,216
5/9/2013 05:36:58,5/9/2013,05:36:58,1.44,7.47,85.40,952.16,144
5/9/2013 05:37:13,5/9/2013,05:37:13,1.47,7.47,85.30,952.13,223
5/9/2013 05:37:28,5/9/2013,05:37:28,1.75,7.47,85.19,952.13,210
5/9/2013 05:37:43,5/9/2013,05:37:43,1.62,7.47,85.19,952.12,208
5/9/2013 05:37:58,5/9/2013,05:37:58,2.97,7.55,85.00,952.14,202
5/9/2013 05:38:13,5/9/2013,05:38:13,4.01,7.62,84.59,952.10,213
5/9/2013 05:38:28,5/9/2013,05:38:28,2.21,7.55,84.69,952.13,222
5/9/2013 05:38:43,5/9/2013,05:38:43,1.90,7.55,84.90,952.14,205
5/9/2013 05:38:58,5/9/2013,05:38:58,1.51,7.55,84.80,952.14,174
5/9/2013 05:39:13,5/9/2013,05:39:13,1.69,7.55,84.90,952.14,230
5/9/2013 05:39:28,5/9/2013,05:39:28,1.50,7.55,84.80,952.12,178
5/9/2013 05:39:43,5/9/2013,05:39:43,1.36,7.47,85.00,952.13,192
5/9/2013 05:39:58,5/9/2013,05:39:58,2.17,7.55,85.09,952.12,183
5/9/2013 05:40:13,5/9/2013,05:40:13,1.62,7.55,84.80,952.12,196
5/9/2013 05:40:28,5/9/2013,05:40:28,0.49,7.47,85.00,952.17,167
5/9/2013 05:40:43,5/9/2013,05:40:43,0.50,7.47,85.30,952.20,218
5/9/2013 05:40:58,5/9/2013,05:40:58,2.04,7.50,85.30,952.16,193
5/9/2013 05:41:13,5/9/2013,05:41:13,2.00,7.55,84.80,952.16,198
5/9/2013 05:41:28,5/9/2013,05:41:28,1.50,7.50,84.90,952.16,209
5/9/2013 05:41:43,5/9/2013,05:41:43,0.84,7.47,85.19,952.14,162
5/9/2013 05:41:58,5/9/2013,05:41:58,0.00,7.47,85.59,952.17,210
5/9/2013 05:42:13,5/9/2013,05:42:13,0.96,7.47,85.40,952.19,202
5/9/2013 05:42:28,5/9/2013,05:42:28,1.51,7.47,85.19,952.19,203
5/9/2013 05:42:43,5/9/2013,05:42:43,3.51,7.57,84.90,952.17,213
5/9/2013 05:42:58,5/9/2013,05:42:58,3.26,7.57,84.69,952.16,198
5/9/2013 05:43:13,5/9/2013,05:43:13,2.57,7.62,84.69,952.14,206
5/9/2013 05:43:28,5/9/2013,05:43:28,1.99,7.57,84.80,952.12,222
5/9/2013 05:43:43,5/9/2013,05:43:43,2.86,7.62,84.69,952.12,202
5/9/2013 05:43:58,5/9/2013,05:43:58,2.64,7.65,84.59,952.14,200
5/9/2013 05:44:13,5/9/2013,05:44:13,2.25,7.57,84.69,952.14,216
5/9/2013 05:44:28,5/9/2013,05:44:28,2.41,7.62,84.80,952.13,180
5/9/2013 05:44:43,5/9/2013,05:44:43,1.18,7.62,84.69,952.14,200
5/9/2013 05:44:58,5/9/2013,05:44:58,1.72,7.62,84.80,952.13,219
5/9/2013 05:45:13,5/9/2013,05:45:13,1.51,7.57,84.90,952.16,196
5/9/2013 05:45:28,5/9/2013,05:45:28,1.16,7.55,85.00,952.14,192
5/9/2013 05:45:43,5/9/2013,05:45:43,1.61,7.62,84.80,952.12,204
5/9/2013 05:45:58,5/9/2013,05:45:58,1.44,7.57,84.69,952.14,180
5/9/2013 05:46:13,5/9/2013,05:46:13,0.35,7.55,85.00,952.17,206
5/9/2013 05:46:28,5/9/2013,05:46:28,0.00,7.55,85.09,952.18,179
5/9/2013 05:46:43,5/9/2013,05:46:43,1.33,7.55,85.09,952.14,206
5/9/2013 05:46:58,5/9/2013,05:46:58,1.11,7.55,84.90,952.14,176
5/9/2013 05:47:13,5/9/2013,05:47:13,1.37,7.55,84.90,952.12,215
5/9/2013 05:47:28,5/9/2013,05:47:28,2.38,7.65,84.69,952.13,221
5/9/2013 05:47:43,5/9/2013,05:47:43,1.41,7.62,84.50,952.13,214
5/9/2013 05:47:58,5/9/2013,05:47:58,2.10,7.57,84.69,952.13,211
5/9/2013 05:48:13,5/9/2013,05:48:13,1.96,7.62,84.50,952.13,211
5/9/2013 05:48:28,5/9/2013,05:48:28,1.92,7.62,84.50,952.13,229
5/9/2013 05:48:43,5/9/2013,05:48:43,1.72,7.62,84.69,952.14,190
5/9/2013 05:48:58,5/9/2013,05:48:58,1.74,7.57,84.90,952.16,205
5/9/2013 05:49:13,5/9/2013,05:49:13,1.90,7.57,84.90,952.16,225
5/9/2013 05:49:28,5/9/2013,05:49:28,1.88,7.62,84.69,952.16,189
5/9/2013 05:49:43,5/9/2013,05:49:43,0.35,7.57,84.90,952.20,210
5/9/2013 05:49:58,5/9/2013,05:49:58,1.27,7.57,84.90,952.19,152
5/9/2013 05:50:13,5/9/2013,05:50:13,1.13,7.57,85.00,952.19,207
5/9/2013 05:50:28,5/9/2013,05:50:28,2.07,7.62,84.69,952.20,201
5/9/2013 05:50:43,5/9/2013,05:50:43,1.43,7.62,84.69,952.19,172
5/9/2013 05:50:58,5/9/2013,05:50:58,0.54,7.57,84.90,952.21,216
5/9/2013 05:51:13,5/9/2013,05:51:13,0.74,7.57,85.00,952.21,226
5/9/2013 05:51:28,5/9/2013,05:51:28,0.68,7.57,85.19,952.21,158
5/9/2013 05:51:43,5/9/2013,05:51:43,1.89,7.62,85.00,952.19,210
5/9/2013 05:51:58,5/9/2013,05:51:58,1.57,7.62,84.90,952.19,192
5/9/2013 05:52:13,5/9/2013,05:52:13,2.15,7.65,84.69,952.18,212
5/9/2013 05:52:28,5/9/2013,05:52:28,1.69,7.62,84.69,952.17,188
5/9/2013 05:52:43,5/9/2013,05:52:43,2.13,7.62,84.59,952.18,201
5/9/2013 05:52:58,5/9/2013,05:52:58,1.99,7.62,84.59,952.17,220
5/9/2013 05:53:13,5/9/2013,05:53:13,1.51,7.65,84.59,952.17,178
5/9/2013 05:53:28,5/9/2013,05:53:28,2.07,7.62,84.50,952.16,169
5/9/2013 05:53:43,5/9/2013,05:53:43,2.10,7.62,84.59,952.17,215
5/9/2013 05:53:58,5/9/2013,05:53:58,2.82,7.69,84.40,952.17,209
5/9/2013 05:54:13,5/9/2013,05:54:13,3.66,7.69,84.30,952.16,212
5/9/2013 05:54:28,5/9/2013,05:54:28,2.69,7.69,84.50,952.18,188
5/9/2013 05:54:43,5/9/2013,05:54:43,3.40,7.77,84.19,952.19,229
5/9/2013 05:54:58,5/9/2013,05:54:58,2.57,7.75,84.30,952.21,215
5/9/2013 05:55:13,5/9/2013,05:55:13,3.21,7.69,84.40,952.19,189
5/9/2013 05:55:28,5/9/2013,05:55:28,3.16,7.77,84.30,952.18,191
5/9/2013 05:55:43,5/9/2013,05:55:43,2.96,7.69,84.59,952.19,199
5/9/2013 05:55:58,5/9/2013,05:55:58,2.40,7.69,84.69,952.22,215
5/9/2013 05:56:13,5/9/2013,05:56:13,2.31,7.75,84.40,952.24,206
5/9/2013 05:56:28,5/9/2013,05:56:28,2.44,7.69,84.50,952.22,168
5/9/2013 05:56:43,5/9/2013,05:56:43,2.79,7.77,84.40,952.21,203
5/9/2013 05:56:58,5/9/2013,05:56:58,2.22,7.77,84.19,952.21,205
5/9/2013 05:57:13,5/9/2013,05:57:13,2.00,7.69,84.40,952.22,196
5/9/2013 05:57:28,5/9/2013,05:57:28,1.83,7.69,84.50,952.22,224
5/9/2013 05:57:43,5/9/2013,05:57:43,2.07,7.69,84.30,952.24,196
5/9/2013 05:57:58,5/9/2013,05:57:58,1.39,7.69,84.40,952.26,220
5/9/2013 05:58:13,5/9/2013,05:58:13,0.83,7.69,84.50,952.26,184
5/9/2013 05:58:28,5/9/2013,05:58:28,0.00,7.69,84.59,952.28,170
5/9/2013 05:58:43,5/9/2013,05:58:43,1.39,7.69,84.59,952.26,210
5/9/2013 05:58:58,5/9/2013,05:58:58,1.88,7.65,84.59,952.27,207
5/9/2013 05:59:13,5/9/2013,05:59:13,0.98,7.65,84.80,952.27,214
5/9/2013 05:59:28,5/9/2013,05:59:28,2.25,7.69,84.50,952.25,200
5/9/2013 05:59:43,5/9/2013,05:59:43,1.96,7.69,84.59,952.26,167
5/9/2013 05:59:58,5/9/2013,05:59:58,2.93,7.69,84.59,952.25,189
5/9/2013 06:00:13,5/9/2013,06:00:13,3.69,7.75,84.40,952.25,188
5/9/2013 06:00:28,5/9/2013,06:00:28,3.30,7.77,84.00,952.25,237
5/9/2013 06:00:43,5/9/2013,06:00:43,2.81,7.77,84.09,952.26,198
5/9/2013 06:00:58,5/9/2013,06:00:58,2.92,7.77,84.00,952.22,198
5/9/2013 06:01:13,5/9/2013,06:01:13,2.75,7.77,84.40,952.25,209
5/9/2013 06:01:28,5/9/2013,06:01:28,0.36,7.77,84.59,952.26,192
5/9/2013 06:01:43,5/9/2013,06:01:43,1.72,7.77,84.40,952.25,218
5/9/2013 06:01:58,5/9/2013,06:01:58,2.27,7.77,84.19,952.25,227
5/9/2013 06:02:13,5/9/2013,06:02:13,1.40,7.77,84.30,952.25,207
5/9/2013 06:02:28,5/9/2013,06:02:28,1.79,7.77,84.30,952.25,205
5/9/2013 06:02:43,5/9/2013,06:02:43,1.86,7.77,84.19,952.25,127
5/9/2013 06:02:58,5/9/2013,06:02:58,1.25,7.77,84.40,952.24,176
5/9/2013 06:03:13,5/9/2013,06:03:13,0.47,7.75,84.50,952.28,158
5/9/2013 06:03:28,5/9/2013,06:03:28,1.11,7.75,84.69,952.27,224
5/9/2013 06:03:43,5/9/2013,06:03:43,1.83,7.75,84.50,952.25,234
5/9/2013 06:03:58,5/9/2013,06:03:58,2.93,7.84,84.19,952.26,189
5/9/2013 06:04:13,5/9/2013,06:04:13,2.36,7.82,84.00,952.25,187
5/9/2013 06:04:28,5/9/2013,06:04:28,1.07,7.77,84.40,952.26,158
5/9/2013 06:04:43,5/9/2013,06:04:43,2.75,7.84,84.30,952.25,193
5/9/2013 06:04:58,5/9/2013,06:04:58,2.68,7.84,83.80,952.22,196
5/9/2013 06:05:13,5/9/2013,06:05:13,2.78,7.90,83.80,952.24,197
5/9/2013 06:05:28,5/9/2013,06:05:28,1.19,7.84,84.00,952.22,168
5/9/2013 06:05:43,5/9/2013,06:05:43,1.81,7.84,84.40,952.21,208
5/9/2013 06:05:58,5/9/2013,06:05:58,2.08,7.84,84.09,952.21,199
5/9/2013 06:06:13,5/9/2013,06:06:13,1.72,7.84,84.09,952.21,223
5/9/2013 06:06:28,5/9/2013,06:06:28,1.47,7.77,84.19,952.25,207
5/9/2013 06:06:43,5/9/2013,06:06:43,1.51,7.77,84.30,952.24,223
5/9/2013 06:06:58,5/9/2013,06:06:58,1.71,7.82,84.19,952.25,211
5/9/2013 06:07:13,5/9/2013,06:07:13,1.69,7.82,84.09,952.25,174
5/9/2013 06:07:28,5/9/2013,06:07:28,0.33,7.77,84.19,952.25,147
5/9/2013 06:07:43,5/9/2013,06:07:43,1.61,7.82,84.40,952.24,212
5/9/2013 06:07:58,5/9/2013,06:07:58,1.34,7.77,84.40,952.25,209
5/9/2013 06:08:13,5/9/2013,06:08:13,1.39,7.77,84.40,952.25,201
5/9/2013 06:08:28,5/9/2013,06:08:28,1.51,7.77,84.30,952.24,229
5/9/2013 06:08:43,5/9/2013,06:08:43,1.62,7.82,84.19,952.24,212
5/9/2013 06:08:58,5/9/2013,06:08:58,0.71,7.77,84.30,952.26,197
5/9/2013 06:09:13,5/9/2013,06:09:13,1.88,7.84,84.19,952.25,198
5/9/2013 06:09:28,5/9/2013,06:09:28,2.04,7.84,83.90,952.26,228
5/9/2013 06:09:43,5/9/2013,06:09:43,2.85,7.90,83.69,952.24,216
5/9/2013 06:09:58,5/9/2013,06:09:58,1.68,7.84,83.69,952.20,212
5/9/2013 06:10:13,5/9/2013,06:10:13,2.83,7.92,83.50,952.21,220
5/9/2013 06:10:28,5/9/2013,06:10:28,3.37,7.92,83.50,952.24,200
5/9/2013 06:10:43,5/9/2013,06:10:43,3.11,7.90,83.69,952.25,193
5/9/2013 06:10:58,5/9/2013,06:10:58,3.28,7.90,83.80,952.26,204
5/9/2013 06:11:13,5/9/2013,06:11:13,2.34,7.92,83.50,952.25,178
5/9/2013 06:11:28,5/9/2013,06:11:28,1.23,7.92,83.69,952.26,140
5/9/2013 06:11:43,5/9/2013,06:11:43,0.86,7.90,84.00,952.27,126
5/9/2013 06:11:58,5/9/2013,06:11:58,1.25,7.90,84.09,952.25,184
5/9/2013 06:12:13,5/9/2013,06:12:13,1.97,7.92,83.50,952.24,170
5/9/2013 06:12:28,5/9/2013,06:12:28,1.54,7.90,83.80,952.26,209
5/9/2013 06:12:43,5/9/2013,06:12:43,1.23,7.90,84.09,952.26,170
5/9/2013 06:12:58,5/9/2013,06:12:58,1.15,7.92,84.09,952.26,191
5/9/2013 06:13:13,5/9/2013,06:13:13,1.60,7.92,83.69,952.26,210
5/9/2013 06:13:28,5/9/2013,06:13:28,1.07,7.90,83.80,952.27,209
5/9/2013 06:13:43,5/9/2013,06:13:43,1.05,7.90,83.80,952.28,199
5/9/2013 06:13:58,5/9/2013,06:13:58,1.25,7.84,83.80,952.25,215
5/9/2013 06:14:13,5/9/2013,06:14:13,0.89,7.84,84.00,952.26,196
5/9/2013 06:14:28,5/9/2013,06:14:28,0.26,7.84,84.19,952.28,184
5/9/2013 06:14:43,5/9/2013,06:14:43,0.90,7.84,84.09,952.29,196
5/9/2013 06:14:58,5/9/2013,06:14:58,1.79,7.84,83.90,952.27,238
5/9/2013 06:15:13,5/9/2013,06:15:13,1.94,7.92,83.59,952.27,198
5/9/2013 06:15:28,5/9/2013,06:15:28,2.33,7.92,83.40,952.26,213
5/9/2013 06:15:43,5/9/2013,06:15:43,2.62,7.92,83.69,952.26,205
5/9/2013 06:15:58,5/9/2013,06:15:58,2.29,7.92,83.50,952.24,196
5/9/2013 06:16:13,5/9/2013,06:16:13,2.00,7.92,83.40,952.21,208
5/9/2013 06:16:28,5/9/2013,06:16:28,3.07,7.97,83.50,952.21,152
5/9/2013 06:16:43,5/9/2013,06:16:43,2.08,8.02,83.40,952.24,208
5/9/2013 06:16:58,5/9/2013,06:16:58,2.19,7.97,83.30,952.24,178
5/9/2013 06:17:13,5/9/2013,06:17:13,3.90,8.05,83.19,952.24,199
5/9/2013 06:17:28,5/9/2013,06:17:28,2.53,8.10,82.69,952.20,220
5/9/2013 06:17:43,5/9/2013,06:17:43,2.41,8.10,82.80,952.20,186
5/9/2013 06:17:58,5/9/2013,06:17:58,2.26,8.02,83.19,952.22,235
5/9/2013 06:18:13,5/9/2013,06:18:13,1.78,8.05,83.09,952.21,205
5/9/2013 06:18:28,5/9/2013,06:18:28,2.14,8.02,83.40,952.24,203
5/9/2013 06:18:43,5/9/2013,06:18:43,1.68,8.05,83.09,952.24,186
5/9/2013 06:18:58,5/9/2013,06:18:58,3.43,8.10,82.80,952.24,208
5/9/2013 06:19:13,5/9/2013,06:19:13,3.02,8.12,82.59,952.21,198
5/9/2013 06:19:28,5/9/2013,06:19:28,3.54,8.10,82.90,952.20,218
5/9/2013 06:19:43,5/9/2013,06:19:43,1.88,8.12,82.80,952.19,217
5/9/2013 06:19:58,5/9/2013,06:19:58,1.34,8.10,83.09,952.22,170
5/9/2013 06:20:13,5/9/2013,06:20:13,1.51,8.10,83.19,952.24,153
5/9/2013 06:20:28,5/9/2013,06:20:28,1.62,8.12,83.09,952.25,191
5/9/2013 06:20:43,5/9/2013,06:20:43,1.43,8.10,83.19,952.24,202
5/9/2013 06:20:58,5/9/2013,06:20:58,0.79,8.10,83.50,952.24,220
5/9/2013 06:21:13,5/9/2013,06:21:13,1.58,8.10,83.40,952.25,191
5/9/2013 06:21:28,5/9/2013,06:21:28,1.33,8.10,83.30,952.28,198
5/9/2013 06:21:43,5/9/2013,06:21:43,1.51,8.10,83.19,952.28,211
5/9/2013 06:21:58,5/9/2013,06:21:58,0.64,8.10,83.50,952.29,198
5/9/2013 06:22:13,5/9/2013,06:22:13,1.13,8.02,83.69,952.29,213
5/9/2013 06:22:28,5/9/2013,06:22:28,1.76,8.10,83.40,952.28,217
5/9/2013 06:22:43,5/9/2013,06:22:43,2.50,8.17,83.00,952.27,222
5/9/2013 06:22:58,5/9/2013,06:22:58,1.29,8.10,83.09,952.30,223
5/9/2013 06:23:13,5/9/2013,06:23:13,0.96,8.10,83.50,952.32,172
5/9/2013 06:23:28,5/9/2013,06:23:28,0.56,8.10,83.59,952.32,187
5/9/2013 06:23:43,5/9/2013,06:23:43,1.72,8.10,83.50,952.30,201
5/9/2013 06:23:58,5/9/2013,06:23:58,3.07,8.17,83.09,952.26,196
5/9/2013 06:24:13,5/9/2013,06:24:13,3.58,8.25,82.40,952.25,194
5/9/2013 06:24:28,5/9/2013,06:24:28,2.46,8.22,82.59,952.24,200
5/9/2013 06:24:43,5/9/2013,06:24:43,2.06,8.17,83.00,952.25,215
5/9/2013 06:24:58,5/9/2013,06:24:58,1.26,8.17,83.30,952.25,187
5/9/2013 06:25:13,5/9/2013,06:25:13,1.55,8.17,83.40,952.26,205
5/9/2013 06:25:28,5/9/2013,06:25:28,2.19,8.17,83.19,952.25,190
5/9/2013 06:25:43,5/9/2013,06:25:43,2.27,8.22,82.90,952.25,213
5/9/2013 06:25:58,5/9/2013,06:25:58,3.51,8.22,82.80,952.26,233
5/9/2013 06:26:13,5/9/2013,06:26:13,3.46,8.25,82.50,952.27,222
5/9/2013 06:26:28,5/9/2013,06:26:28,2.15,8.25,82.69,952.27,200
5/9/2013 06:26:43,5/9/2013,06:26:43,1.96,8.22,82.90,952.26,208
5/9/2013 06:26:58,5/9/2013,06:26:58,1.19,8.22,83.09,952.27,107
5/9/2013 06:27:13,5/9/2013,06:27:13,0.28,8.22,83.50,952.27,196
5/9/2013 06:27:28,5/9/2013,06:27:28,0.51,8.22,83.50,952.28,219
5/9/2013 06:27:43,5/9/2013,06:27:43,1.61,8.22,83.19,952.25,222
5/9/2013 06:27:58,5/9/2013,06:27:58,2.86,8.25,82.90,952.25,214
5/9/2013 06:28:13,5/9/2013,06:28:13,2.60,8.25,82.59,952.25,215
5/9/2013 06:28:28,5/9/2013,06:28:28,1.54,8.25,82.40,952.24,190
5/9/2013 06:28:43,5/9/2013,06:28:43,3.29,8.32,82.19,952.24,195
5/9/2013 06:28:58,5/9/2013,06:28:58,2.06,8.25,82.80,952.26,218
5/9/2013 06:29:13,5/9/2013,06:29:13,1.32,8.25,83.19,952.27,163
5/9/2013 06:29:28,5/9/2013,06:29:28,2.55,8.32,82.80,952.26,188
5/9/2013 06:29:43,5/9/2013,06:29:43,1.89,8.30,82.69,952.24,169
5/9/2013 06:29:58,5/9/2013,06:29:58,1.25,8.25,83.09,952.24,191
5/9/2013 06:30:13,5/9/2013,06:30:13,2.93,8.32,82.69,952.20,205
5/9/2013 06:30:28,5/9/2013,06:30:28,2.71,8.32,82.50,952.20,188
5/9/2013 06:30:43,5/9/2013,06:30:43,0.44,8.30,82.90,952.24,197
5/9/2013 06:30:58,5/9/2013,06:30:58,1.76,8.25,83.40,952.22,211
5/9/2013 06:31:13,5/9/2013,06:31:13,1.47,8.30,83.09,952.24,205
5/9/2013 06:31:28,5/9/2013,06:31:28,1.26,8.30,83.00,952.25,178
5/9/2013 06:31:43,5/9/2013,06:31:43,1.14,8.25,83.30,952.22,191
5/9/2013 06:31:58,5/9/2013,06:31:58,1.99,8.25,83.30,952.24,182
5/9/2013 06:32:13,5/9/2013,06:32:13,2.97,8.30,83.09,952.21,207
5/9/2013 06:32:28,5/9/2013,06:32:28,2.72,8.32,83.09,952.24,208
5/9/2013 06:32:43,5/9/2013,06:32:43,3.46,8.37,82.40,952.19,222
5/9/2013 06:32:58,5/9/2013,06:32:58,2.26,8.32,82.40,952.19,220
5/9/2013 06:33:13,5/9/2013,06:33:13,0.98,8.32,83.09,952.20,193
5/9/2013 06:33:28,5/9/2013,06:33:28,0.58,8.32,83.30,952.21,142
5/9/2013 06:33:43,5/9/2013,06:33:43,1.65,8.32,83.09,952.19,131
5/9/2013 06:33:58,5/9/2013,06:33:58,1.26,8.32,83.09,952.18,219
5/9/2013 06:34:13,5/9/2013,06:34:13,2.15,8.32,82.80,952.20,204
5/9/2013 06:34:28,5/9/2013,06:34:28,2.83,8.37,82.40,952.20,202
5/9/2013 06:34:43,5/9/2013,06:34:43,2.67,8.37,82.40,952.16,183
5/9/2013 06:34:58,5/9/2013,06:34:58,2.85,8.39,82.30,952.16,234
5/9/2013 06:35:13,5/9/2013,06:35:13,2.65,8.37,82.40,952.17,230
5/9/2013 06:35:28,5/9/2013,06:35:28,1.23,8.37,82.90,952.17,129
5/9/2013 06:35:43,5/9/2013,06:35:43,1.89,8.37,82.69,952.16,184
5/9/2013 06:35:58,5/9/2013,06:35:58,3.28,8.39,82.50,952.18,210
5/9/2013 06:36:13,5/9/2013,06:36:13,3.66,8.39,82.59,952.19,239
5/9/2013 06:36:28,5/9/2013,06:36:28,2.18,8.39,82.90,952.18,202
5/9/2013 06:36:43,5/9/2013,06:36:43,2.55,8.37,83.09,952.21,212
5/9/2013 06:36:58,5/9/2013,06:36:58,1.88,8.39,82.59,952.22,160
5/9/2013 06:37:13,5/9/2013,06:37:13,1.76,8.39,82.69,952.21,184
5/9/2013 06:37:28,5/9/2013,06:37:28,1.72,8.39,82.69,952.22,229
5/9/2013 06:37:43,5/9/2013,06:37:43,1.90,8.50,82.30,952.19,207
5/9/2013 06:37:58,5/9/2013,06:37:58,4.10,8.50,81.90,952.11,185
5/9/2013 06:38:13,5/9/2013,06:38:13,3.44,8.50,82.19,952.12,221
5/9/2013 06:38:28,5/9/2013,06:38:28,3.33,8.50,82.40,952.12,218
5/9/2013 06:38:43,5/9/2013,06:38:43,2.85,8.50,82.50,952.10,216
5/9/2013 06:38:58,5/9/2013,06:38:58,2.89,8.44,83.09,952.10,211
5/9/2013 06:39:13,5/9/2013,06:39:13,1.68,8.50,83.09,952.11,158
5/9/2013 06:39:28,5/9/2013,06:39:28,1.29,8.50,82.50,952.10,200
5/9/2013 06:39:43,5/9/2013,06:39:43,1.58,8.50,82.30,952.11,205
5/9/2013 06:39:58,5/9/2013,06:39:58,1.58,8.50,82.40,952.08,137
5/9/2013 06:40:13,5/9/2013,06:40:13,1.83,8.50,82.50,952.08,132
5/9/2013 06:40:28,5/9/2013,06:40:28,2.15,8.50,82.80,952.08,216
5/9/2013 06:40:43,5/9/2013,06:40:43,2.15,8.50,82.80,952.10,152
5/9/2013 06:40:58,5/9/2013,06:40:58,2.75,8.50,82.69,952.08,202
5/9/2013 06:41:13,5/9/2013,06:41:13,2.97,8.57,82.50,952.08,140
5/9/2013 06:41:28,5/9/2013,06:41:28,0.79,8.57,82.69,952.09,178
5/9/2013 06:41:43,5/9/2013,06:41:43,2.38,8.57,82.09,952.09,167
5/9/2013 06:41:58,5/9/2013,06:41:58,2.81,8.57,82.40,952.06,172
5/9/2013 06:42:13,5/9/2013,06:42:13,1.16,8.57,82.59,952.09,152
5/9/2013 06:42:28,5/9/2013,06:42:28,1.13,8.60,82.50,952.11,192
5/9/2013 06:42:43,5/9/2013,06:42:43,1.79,8.60,82.30,952.09,190
5/9/2013 06:42:58,5/9/2013,06:42:58,1.60,8.60,82.40,952.08,205
5/9/2013 06:43:13,5/9/2013,06:43:13,1.86,8.60,82.30,952.06,189
5/9/2013 06:43:28,5/9/2013,06:43:28,1.65,8.60,82.59,952.06,208
5/9/2013 06:43:43,5/9/2013,06:43:43,3.06,8.64,82.19,952.08,206
5/9/2013 06:43:58,5/9/2013,06:43:58,3.16,8.64,82.09,952.09,218
5/9/2013 06:44:13,5/9/2013,06:44:13,1.39,8.64,82.40,952.08,184
5/9/2013 06:44:28,5/9/2013,06:44:28,0.76,8.64,82.90,952.09,191
5/9/2013 06:44:43,5/9/2013,06:44:43,1.30,8.64,82.69,952.09,173
5/9/2013 06:44:58,5/9/2013,06:44:58,1.60,8.64,82.69,952.10,197
5/9/2013 06:45:13,5/9/2013,06:45:13,2.48,8.64,82.59,952.09,196
5/9/2013 06:45:28,5/9/2013,06:45:28,3.13,8.69,82.09,952.08,215
5/9/2013 06:45:43,5/9/2013,06:45:43,1.33,8.69,82.09,952.09,202
5/9/2013 06:45:58,5/9/2013,06:45:58,2.71,8.72,81.50,952.05,202
5/9/2013 06:46:13,5/9/2013,06:46:13,2.90,8.72,81.59,952.05,235
5/9/2013 06:46:28,5/9/2013,06:46:28,2.99,8.72,82.00,952.02,206
5/9/2013 06:46:43,5/9/2013,06:46:43,2.64,8.72,82.40,952.04,193
5/9/2013 06:46:58,5/9/2013,06:46:58,4.24,8.72,81.50,952.03,244
5/9/2013 06:47:13,5/9/2013,06:47:13,4.29,8.77,81.09,952.01,186
5/9/2013 06:47:28,5/9/2013,06:47:28,2.03,8.72,81.80,952.03,152
5/9/2013 06:47:43,5/9/2013,06:47:43,2.34,8.72,81.80,952.03,210
5/9/2013 06:47:58,5/9/2013,06:47:58,2.46,8.77,81.69,952.01,215
5/9/2013 06:48:13,5/9/2013,06:48:13,2.14,8.72,82.00,952.00,164
5/9/2013 06:48:28,5/9/2013,06:48:28,2.92,8.72,81.90,951.98,201
5/9/2013 06:48:43,5/9/2013,06:48:43,1.97,8.77,81.90,951.98,197
5/9/2013 06:48:58,5/9/2013,06:48:58,1.51,8.77,82.00,952.00,163
5/9/2013 06:49:13,5/9/2013,06:49:13,0.91,8.77,82.09,952.00,143
5/9/2013 06:49:28,5/9/2013,06:49:28,1.37,8.77,81.90,951.98,162
5/9/2013 06:49:43,5/9/2013,06:49:43,2.27,8.80,81.40,951.96,145
5/9/2013 06:49:58,5/9/2013,06:49:58,4.51,8.80,81.00,951.95,227
5/9/2013 06:50:13,5/9/2013,06:50:13,2.24,8.80,81.50,951.97,184
5/9/2013 06:50:28,5/9/2013,06:50:28,2.18,8.80,81.50,951.98,164
5/9/2013 06:50:43,5/9/2013,06:50:43,2.14,8.80,81.30,951.97,182
5/9/2013 06:50:58,5/9/2013,06:50:58,2.27,8.80,81.09,951.97,173
5/9/2013 06:51:13,5/9/2013,06:51:13,3.21,8.80,81.09,951.96,216
5/9/2013 06:51:28,5/9/2013,06:51:28,4.58,8.80,81.19,951.95,209
5/9/2013 06:51:43,5/9/2013,06:51:43,4.50,8.80,81.19,951.93,189
5/9/2013 06:51:58,5/9/2013,06:51:58,2.54,8.80,81.19,951.95,202
5/9/2013 06:52:13,5/9/2013,06:52:13,1.85,8.80,81.09,951.95,184
5/9/2013 06:52:28,5/9/2013,06:52:28,1.96,8.80,81.50,951.96,160
5/9/2013 06:52:43,5/9/2013,06:52:43,1.40,8.80,81.69,951.93,154
5/9/2013 06:52:58,5/9/2013,06:52:58,1.78,8.80,81.90,951.95,174
5/9/2013 06:53:13,5/9/2013,06:53:13,1.65,8.77,81.69,951.93,177
5/9/2013 06:53:28,5/9/2013,06:53:28,1.76,8.80,81.59,951.95,170
5/9/2013 06:53:43,5/9/2013,06:53:43,1.04,8.77,81.80,952.00,215
5/9/2013 06:53:58,5/9/2013,06:53:58,2.48,8.80,81.40,952.00,219
5/9/2013 06:54:13,5/9/2013,06:54:13,1.29,8.77,81.59,951.96,219
5/9/2013 06:54:28,5/9/2013,06:54:28,1.47,8.72,82.09,951.96,216
5/9/2013 06:54:43,5/9/2013,06:54:43,2.83,8.72,81.30,951.94,204
5/9/2013 06:54:58,5/9/2013,06:54:58,1.30,8.72,81.50,951.96,226
5/9/2013 06:55:13,5/9/2013,06:55:13,2.15,8.72,81.40,951.95,215
5/9/2013 06:55:28,5/9/2013,06:55:28,2.13,8.72,81.50,951.95,198
5/9/2013 06:55:43,5/9/2013,06:55:43,1.55,8.72,81.69,951.96,187
5/9/2013 06:55:58,5/9/2013,06:55:58,1.86,8.72,81.40,951.96,220
5/9/2013 06:56:13,5/9/2013,06:56:13,2.07,8.72,81.50,951.94,178
5/9/2013 06:56:28,5/9/2013,06:56:28,1.21,8.72,81.80,951.96,187
5/9/2013 06:56:43,5/9/2013,06:56:43,0.97,8.69,82.09,951.98,201
5/9/2013 06:56:58,5/9/2013,06:56:58,1.83,8.64,82.19,951.97,167
5/9/2013 06:57:13,5/9/2013,06:57:13,1.94,8.64,82.30,951.96,140
5/9/2013 06:57:28,5/9/2013,06:57:28,2.41,8.60,82.19,951.96,196
5/9/2013 06:57:43,5/9/2013,06:57:43,3.54,8.64,81.90,951.98,228
5/9/2013 06:57:58,5/9/2013,06:57:58,2.41,8.60,81.80,951.98,238
5/9/2013 06:58:13,5/9/2013,06:58:13,3.58,8.64,81.50,951.98,176
5/9/2013 06:58:28,5/9/2013,06:58:28,4.06,8.64,81.40,951.96,208
5/9/2013 06:58:43,5/9/2013,06:58:43,1.46,8.64,81.69,951.98,192
5/9/2013 06:58:58,5/9/2013,06:58:58,0.78,8.60,82.09,951.98,190
5/9/2013 06:59:13,5/9/2013,06:59:13,1.39,8.57,82.19,951.96,197
5/9/2013 06:59:28,5/9/2013,06:59:28,0.81,8.57,82.30,951.97,187
5/9/2013 06:59:43,5/9/2013,06:59:43,1.08,8.57,82.09,951.97,180
5/9/2013 06:59:58,5/9/2013,06:59:58,1.58,8.57,81.80,951.96,221
5/9/2013 07:00:13,5/9/2013,07:00:13,3.00,8.57,81.40,951.93,205
5/9/2013 07:00:28,5/9/2013,07:00:28,3.78,8.57,81.30,951.92,209
5/9/2013 07:00:43,5/9/2013,07:00:43,2.65,8.57,81.80,951.94,187
5/9/2013 07:00:58,5/9/2013,07:00:58,2.57,8.57,81.69,951.95,186
5/9/2013 07:01:13,5/9/2013,07:01:13,1.85,8.57,81.69,951.92,204
5/9/2013 07:01:28,5/9/2013,07:01:28,2.10,8.57,81.90,951.95,192
5/9/2013 07:01:43,5/9/2013,07:01:43,0.97,8.60,81.69,951.96,197
5/9/2013 07:01:58,5/9/2013,07:01:58,1.90,8.64,81.30,951.93,208
5/9/2013 07:02:13,5/9/2013,07:02:13,1.03,8.60,81.59,951.93,161
5/9/2013 07:02:28,5/9/2013,07:02:28,0.43,8.60,82.00,951.97,211
5/9/2013 07:02:43,5/9/2013,07:02:43,1.15,8.60,81.90,951.95,177
5/9/2013 07:02:58,5/9/2013,07:02:58,1.10,8.60,81.80,951.92,184
5/9/2013 07:03:13,5/9/2013,07:03:13,1.05,8.64,81.69,951.94,191
5/9/2013 07:03:28,5/9/2013,07:03:28,1.89,8.64,81.59,951.94,201
5/9/2013 07:03:43,5/9/2013,07:03:43,1.36,8.64,81.19,951.93,212
5/9/2013 07:03:58,5/9/2013,07:03:58,1.74,8.64,81.19,951.95,224
5/9/2013 07:04:13,5/9/2013,07:04:13,1.19,8.60,81.59,951.96,193
5/9/2013 07:04:28,5/9/2013,07:04:28,1.34,8.60,81.69,951.94,148
5/9/2013 07:04:43,5/9/2013,07:04:43,1.29,8.57,82.00,951.94,151
5/9/2013 07:04:58,5/9/2013,07:04:58,1.13,8.60,81.80,951.92,143
5/9/2013 07:05:13,5/9/2013,07:05:13,1.40,8.64,81.40,951.90,252
5/9/2013 07:05:28,5/9/2013,07:05:28,2.53,8.64,81.30,951.88,208
5/9/2013 07:05:43,5/9/2013,07:05:43,2.81,8.64,81.00,951.88,172
5/9/2013 07:05:58,5/9/2013,07:05:58,2.21,8.64,81.50,951.88,187
5/9/2013 07:06:13,5/9/2013,07:06:13,3.94,8.69,81.00,951.86,205
5/9/2013 07:06:28,5/9/2013,07:06:28,3.68,8.72,80.80,951.87,200
5/9/2013 07:06:43,5/9/2013,07:06:43,3.59,8.72,80.90,951.89,204
5/9/2013 07:06:58,5/9/2013,07:06:58,3.92,8.80,80.40,951.89,207
5/9/2013 07:07:13,5/9/2013,07:07:13,4.47,8.77,80.50,951.84,185
5/9/2013 07:07:28,5/9/2013,07:07:28,2.67,8.80,80.80,951.86,147
5/9/2013 07:07:43,5/9/2013,07:07:43,3.47,8.80,80.50,951.85,227
5/9/2013 07:07:58,5/9/2013,07:07:58,3.42,8.87,80.40,951.84,217
5/9/2013 07:08:13,5/9/2013,07:08:13,1.92,8.85,80.59,951.86,175
5/9/2013 07:08:28,5/9/2013,07:08:28,1.07,8.85,81.59,951.90,167
5/9/2013 07:08:43,5/9/2013,07:08:43,0.89,8.85,82.00,951.92,137
5/9/2013 07:08:58,5/9/2013,07:08:58,2.36,8.87,80.80,951.86,168
5/9/2013 07:09:13,5/9/2013,07:09:13,2.86,8.87,80.19,951.87,177
5/9/2013 07:09:28,5/9/2013,07:09:28,1.32,8.92,80.19,951.89,198
5/9/2013 07:09:43,5/9/2013,07:09:43,3.15,8.97,79.59,951.89,204
5/9/2013 07:09:58,5/9/2013,07:09:58,3.73,8.97,79.80,951.86,203
5/9/2013 07:10:13,5/9/2013,07:10:13,2.82,9.00,79.59,951.86,164
5/9/2013 07:10:28,5/9/2013,07:10:28,3.63,9.05,79.19,951.82,182
5/9/2013 07:10:43,5/9/2013,07:10:43,2.53,9.07,79.50,951.81,156
5/9/2013 07:10:58,5/9/2013,07:10:58,2.13,9.05,80.09,951.84,155
5/9/2013 07:11:13,5/9/2013,07:11:13,2.18,9.05,79.50,951.82,210
5/9/2013 07:11:28,5/9/2013,07:11:28,3.39,9.07,79.40,951.79,168
5/9/2013 07:11:43,5/9/2013,07:11:43,1.54,9.12,80.09,951.80,168
5/9/2013 07:11:58,5/9/2013,07:11:58,2.34,9.12,80.19,951.80,198
5/9/2013 07:12:13,5/9/2013,07:12:13,3.29,9.17,79.00,951.79,196
5/9/2013 07:12:28,5/9/2013,07:12:28,2.46,9.17,79.19,951.79,236
5/9/2013 07:12:43,5/9/2013,07:12:43,1.75,9.17,80.09,951.81,155
5/9/2013 07:12:58,5/9/2013,07:12:58,1.03,9.19,80.50,951.82,154
5/9/2013 07:13:13,5/9/2013,07:13:13,0.91,9.19,80.50,951.84,157
5/9/2013 07:13:28,5/9/2013,07:13:28,1.07,9.25,79.80,951.81,182
5/9/2013 07:13:43,5/9/2013,07:13:43,0.79,9.27,79.80,951.82,165
5/9/2013 07:13:58,5/9/2013,07:13:58,0.79,9.27,80.50,951.82,178
5/9/2013 07:14:13,5/9/2013,07:14:13,2.27,9.27,80.30,951.82,191
5/9/2013 07:14:28,5/9/2013,07:14:28,3.04,9.35,78.40,951.77,214
5/9/2013 07:14:43,5/9/2013,07:14:43,4.65,9.35,78.40,951.73,191
5/9/2013 07:14:58,5/9/2013,07:14:58,3.49,9.39,79.30,951.77,211
5/9/2013 07:15:13,5/9/2013,07:15:13,2.76,9.44,79.90,951.77,205
5/9/2013 07:15:28,5/9/2013,07:15:28,3.29,9.44,79.00,951.77,173
5/9/2013 07:15:43,5/9/2013,07:15:43,0.36,9.52,79.69,951.79,194
5/9/2013 07:15:58,5/9/2013,07:15:58,0.94,9.55,80.00,951.78,183
5/9/2013 07:16:13,5/9/2013,07:16:13,1.60,9.60,79.30,951.74,206
5/9/2013 07:16:28,5/9/2013,07:16:28,1.44,9.67,79.40,951.74,215
5/9/2013 07:16:43,5/9/2013,07:16:43,2.41,9.67,78.69,951.73,203
5/9/2013 07:16:58,5/9/2013,07:16:58,3.37,9.67,79.30,951.73,209
5/9/2013 07:17:13,5/9/2013,07:17:13,4.31,9.67,77.80,951.72,227
5/9/2013 07:17:28,5/9/2013,07:17:28,3.28,9.72,78.30,951.70,212
5/9/2013 07:17:43,5/9/2013,07:17:43,3.78,9.75,78.00,951.71,155
5/9/2013 07:17:58,5/9/2013,07:17:58,2.40,9.82,79.30,951.74,180
5/9/2013 07:18:13,5/9/2013,07:18:13,3.89,9.80,77.59,951.73,200
5/9/2013 07:18:28,5/9/2013,07:18:28,2.08,9.87,79.19,951.74,152
5/9/2013 07:18:43,5/9/2013,07:18:43,2.10,9.92,79.09,951.74,196
5/9/2013 07:18:58,5/9/2013,07:18:58,2.41,9.87,78.09,951.77,159
5/9/2013 07:19:13,5/9/2013,07:19:13,2.68,9.92,77.80,951.73,161
5/9/2013 07:19:28,5/9/2013,07:19:28,3.23,9.92,77.30,951.72,237
5/9/2013 07:19:43,5/9/2013,07:19:43,1.88,10.00,77.30,951.70,183
5/9/2013 07:19:58,5/9/2013,07:19:58,2.39,10.00,77.19,951.73,162
5/9/2013 07:20:13,5/9/2013,07:20:13,0.98,10.07,76.80,951.74,183
5/9/2013 07:20:28,5/9/2013,07:20:28,2.46,10.00,77.59,951.72,155
5/9/2013 07:20:43,5/9/2013,07:20:43,1.82,10.00,77.40,951.71,157
5/9/2013 07:20:58,5/9/2013,07:20:58,2.31,9.92,77.30,951.70,148
5/9/2013 07:21:13,5/9/2013,07:21:13,2.40,10.00,78.09,951.70,157
5/9/2013 07:21:28,5/9/2013,07:21:28,1.29,10.00,77.90,951.71,154
5/9/2013 07:21:43,5/9/2013,07:21:43,1.41,10.00,77.40,951.71,163
5/9/2013 07:21:58,5/9/2013,07:21:58,2.44,9.92,77.40,951.69,178
5/9/2013 07:22:13,5/9/2013,07:22:13,1.55,9.94,78.30,951.69,164
5/9/2013 07:22:28,5/9/2013,07:22:28,1.88,9.92,78.00,951.71,181
5/9/2013 07:22:43,5/9/2013,07:22:43,1.57,9.92,78.19,951.69,154
5/9/2013 07:22:58,5/9/2013,07:22:58,1.55,9.94,77.69,951.70,174
5/9/2013 07:23:13,5/9/2013,07:23:13,1.43,9.94,78.09,951.74,221
5/9/2013 07:23:28,5/9/2013,07:23:28,1.32,9.94,79.19,951.76,209
5/9/2013 07:23:43,5/9/2013,07:23:43,3.51,9.87,77.30,951.72,201
5/9/2013 07:23:58,5/9/2013,07:23:58,3.97,9.87,77.50,951.73,209
5/9/2013 07:24:13,5/9/2013,07:24:13,3.16,9.87,78.19,951.74,211
5/9/2013 07:24:28,5/9/2013,07:24:28,3.76,9.82,77.30,951.73,187
5/9/2013 07:24:43,5/9/2013,07:24:43,2.11,9.82,78.19,951.77,146
5/9/2013 07:24:58,5/9/2013,07:24:58,1.83,9.87,78.80,951.78,205
5/9/2013 07:25:13,5/9/2013,07:25:13,3.39,9.75,78.00,951.78,197
5/9/2013 07:25:28,5/9/2013,07:25:28,3.97,9.75,77.80,951.78,221
5/9/2013 07:25:43,5/9/2013,07:25:43,4.51,9.67,77.90,951.78,228
5/9/2013 07:25:58,5/9/2013,07:25:58,3.80,9.67,78.80,951.77,228
5/9/2013 07:26:13,5/9/2013,07:26:13,3.76,9.67,78.90,951.79,204
5/9/2013 07:26:28,5/9/2013,07:26:28,3.30,9.60,79.80,951.82,197
5/9/2013 07:26:43,5/9/2013,07:26:43,2.39,9.64,80.59,951.82,190
5/9/2013 07:26:58,5/9/2013,07:26:58,2.21,9.60,81.09,951.86,227
5/9/2013 07:27:13,5/9/2013,07:27:13,4.32,9.52,79.30,951.81,208
5/9/2013 07:27:28,5/9/2013,07:27:28,2.60,9.52,80.00,951.82,194
5/9/2013 07:27:43,5/9/2013,07:27:43,3.18,9.47,79.90,951.81,219
5/9/2013 07:27:58,5/9/2013,07:27:58,2.85,9.44,80.30,951.82,185
5/9/2013 07:28:13,5/9/2013,07:28:13,4.32,9.35,80.19,951.85,204
5/9/2013 07:28:28,5/9/2013,07:28:28,3.59,9.35,80.40,951.86,161
5/9/2013 07:28:43,5/9/2013,07:28:43,2.19,9.32,80.80,951.86,195
5/9/2013 07:28:58,5/9/2013,07:28:58,2.36,9.25,81.40,951.86,170
5/9/2013 07:29:13,5/9/2013,07:29:13,2.22,9.19,81.90,951.85,172
5/9/2013 07:29:28,5/9/2013,07:29:28,2.55,9.12,82.40,951.82,140
5/9/2013 07:29:43,5/9/2013,07:29:43,1.86,9.12,82.90,951.84,222
5/9/2013 07:29:58,5/9/2013,07:29:58,2.40,9.05,83.00,951.84,205
5/9/2013 07:30:13,5/9/2013,07:30:13,2.25,9.05,82.09,951.84,201
5/9/2013 07:30:28,5/9/2013,07:30:28,1.86,8.97,83.19,951.88,215
5/9/2013 07:30:43,5/9/2013,07:30:43,2.31,8.97,83.00,951.89,198
5/9/2013 07:30:58,5/9/2013,07:30:58,1.97,8.92,82.80,951.90,205
5/9/2013 07:31:13,5/9/2013,07:31:13,1.85,8.97,82.69,951.90,204
5/9/2013 07:31:28,5/9/2013,07:31:28,2.25,8.87,82.40,951.92,166
5/9/2013 07:31:43,5/9/2013,07:31:43,1.30,8.80,83.69,951.93,133
5/9/2013 07:31:58,5/9/2013,07:31:58,1.26,8.77,84.00,951.92,229
5/9/2013 07:32:13,5/9/2013,07:32:13,1.01,8.72,85.19,951.94,205
5/9/2013 07:32:28,5/9/2013,07:32:28,2.68,8.72,83.80,951.94,216
5/9/2013 07:32:43,5/9/2013,07:32:43,2.72,8.69,84.19,951.95,226
5/9/2013 07:32:58,5/9/2013,07:32:58,1.71,8.64,84.69,951.97,221
5/9/2013 07:33:13,5/9/2013,07:33:13,3.86,8.64,83.69,951.92,220
5/9/2013 07:33:28,5/9/2013,07:33:28,2.76,8.60,84.09,951.95,219
5/9/2013 07:33:43,5/9/2013,07:33:43,3.40,8.57,83.69,951.97,178
5/9/2013 07:33:58,5/9/2013,07:33:58,2.78,8.52,84.30,952.01,202
5/9/2013 07:34:13,5/9/2013,07:34:13,3.35,8.50,84.59,952.00,195
5/9/2013 07:34:28,5/9/2013,07:34:28,3.90,8.50,84.50,951.97,191
5/9/2013 07:34:43,5/9/2013,07:34:43,4.52,8.44,84.50,951.96,210
5/9/2013 07:34:58,5/9/2013,07:34:58,2.94,8.39,84.69,951.97,205
5/9/2013 07:35:13,5/9/2013,07:35:13,3.37,8.39,84.30,951.97,211
5/9/2013 07:35:28,5/9/2013,07:35:28,1.97,8.32,85.50,951.97,180
5/9/2013 07:35:43,5/9/2013,07:35:43,2.17,8.30,86.00,951.98,228
5/9/2013 07:35:58,5/9/2013,07:35:58,1.82,8.25,85.80,951.97,217
5/9/2013 07:36:13,5/9/2013,07:36:13,3.07,8.32,84.80,951.95,203
5/9/2013 07:36:28,5/9/2013,07:36:28,1.72,8.25,85.40,951.97,196
5/9/2013 07:36:43,5/9/2013,07:36:43,2.43,8.25,85.59,951.97,229
5/9/2013 07:36:58,5/9/2013,07:36:58,1.88,8.25,85.69,951.97,190
5/9/2013 07:37:13,5/9/2013,07:37:13,2.25,8.25,85.30,951.98,210
5/9/2013 07:37:28,5/9/2013,07:37:28,1.21,8.17,85.90,952.00,190
5/9/2013 07:37:43,5/9/2013,07:37:43,0.43,8.12,86.90,952.02,199
5/9/2013 07:37:58,5/9/2013,07:37:58,1.00,8.12,87.50,951.98,207
5/9/2013 07:38:13,5/9/2013,07:38:13,2.25,8.17,86.90,951.97,223
5/9/2013 07:38:28,5/9/2013,07:38:28,2.04,8.17,86.80,951.98,186
5/9/2013 07:38:43,5/9/2013,07:38:43,1.74,8.17,86.90,952.00,198
5/9/2013 07:38:58,5/9/2013,07:38:58,1.64,8.12,86.80,952.01,220
5/9/2013 07:39:13,5/9/2013,07:39:13,0.75,8.12,86.90,952.02,220
5/9/2013 07:39:28,5/9/2013,07:39:28,3.11,8.17,86.50,952.01,178
5/9/2013 07:39:43,5/9/2013,07:39:43,4.31,8.30,85.09,952.00,203
5/9/2013 07:39:58,5/9/2013,07:39:58,3.07,8.25,85.59,951.97,219
5/9/2013 07:40:13,5/9/2013,07:40:13,3.39,8.25,85.30,951.98,215
5/9/2013 07:40:28,5/9/2013,07:40:28,4.22,8.30,84.90,951.95,215
5/9/2013 07:40:43,5/9/2013,07:40:43,1.82,8.17,85.80,951.97,216
5/9/2013 07:40:58,5/9/2013,07:40:58,2.54,8.22,85.50,951.96,203
5/9/2013 07:41:13,5/9/2013,07:41:13,3.35,8.25,85.50,951.96,211
5/9/2013 07:41:28,5/9/2013,07:41:28,1.72,8.17,86.19,951.97,212
5/9/2013 07:41:43,5/9/2013,07:41:43,1.44,8.17,86.30,951.97,163
5/9/2013 07:41:58,5/9/2013,07:41:58,1.37,8.10,87.00,951.98,188
5/9/2013 07:42:13,5/9/2013,07:42:13,2.72,8.17,86.09,951.98,208
5/9/2013 07:42:28,5/9/2013,07:42:28,1.78,8.17,86.19,952.00,197
5/9/2013 07:42:43,5/9/2013,07:42:43,1.61,8.17,86.59,951.97,194
5/9/2013 07:42:58,5/9/2013,07:42:58,3.39,8.22,86.00,951.96,212
5/9/2013 07:43:13,5/9/2013,07:43:13,2.27,8.17,86.09,951.98,211
5/9/2013 07:43:28,5/9/2013,07:43:28,1.97,8.17,86.59,952.00,211
5/9/2013 07:43:43,5/9/2013,07:43:43,1.71,8.12,86.90,951.98,206
5/9/2013 07:43:58,5/9/2013,07:43:58,1.47,8.12,86.90,951.98,208
5/9/2013 07:44:13,5/9/2013,07:44:13,1.51,8.10,87.30,952.01,223
5/9/2013 07:44:28,5/9/2013,07:44:28,2.22,8.12,86.90,952.02,185
5/9/2013 07:44:43,5/9/2013,07:44:43,2.00,8.12,86.50,952.01,220
5/9/2013 07:44:58,5/9/2013,07:44:58,2.18,8.17,86.19,951.98,211
5/9/2013 07:45:13,5/9/2013,07:45:13,2.13,8.17,86.40,952.01,195
5/9/2013 07:45:28,5/9/2013,07:45:28,0.78,8.12,86.50,952.01,227
5/9/2013 07:45:43,5/9/2013,07:45:43,1.46,8.12,86.90,951.98,216
5/9/2013 07:45:58,5/9/2013,07:45:58,1.86,8.12,86.90,951.98,202
5/9/2013 07:46:13,5/9/2013,07:46:13,2.19,8.17,86.50,951.98,190
5/9/2013 07:46:28,5/9/2013,07:46:28,2.03,8.17,86.69,952.00,176
5/9/2013 07:46:43,5/9/2013,07:46:43,1.10,8.10,87.40,952.01,185
5/9/2013 07:46:58,5/9/2013,07:46:58,1.37,8.10,87.59,952.01,215
5/9/2013 07:47:13,5/9/2013,07:47:13,0.91,8.10,87.40,952.03,192
5/9/2013 07:47:28,5/9/2013,07:47:28,0.00,8.10,87.80,952.06,188
5/9/2013 07:47:43,5/9/2013,07:47:43,1.00,8.10,87.80,952.04,198
5/9/2013 07:47:58,5/9/2013,07:47:58,1.27,8.12,86.69,952.02,164
5/9/2013 07:48:13,5/9/2013,07:48:13,0.09,8.10,87.30,952.02,196
5/9/2013 07:48:28,5/9/2013,07:48:28,1.41,8.12,87.30,952.01,218
5/9/2013 07:48:43,5/9/2013,07:48:43,1.99,8.17,87.30,952.02,225
5/9/2013 07:48:58,5/9/2013,07:48:58,1.27,8.10,87.19,952.03,205
5/9/2013 07:49:13,5/9/2013,07:49:13,1.81,8.17,87.40,952.03,232
5/9/2013 07:49:28,5/9/2013,07:49:28,1.79,8.12,87.09,952.04,223
5/9/2013 07:49:43,5/9/2013,07:49:43,1.92,8.17,86.59,952.03,186
5/9/2013 07:49:58,5/9/2013,07:49:58,2.24,8.17,86.69,952.03,200
5/9/2013 07:50:13,5/9/2013,07:50:13,1.07,8.17,86.90,952.06,210
5/9/2013 07:50:28,5/9/2013,07:50:28,0.65,8.10,87.59,952.09,211
5/9/2013 07:50:43,5/9/2013,07:50:43,3.50,8.22,86.59,952.09,186
5/9/2013 07:50:58,5/9/2013,07:50:58,2.97,8.17,86.80,952.09,204
5/9/2013 07:51:13,5/9/2013,07:51:13,1.79,8.12,87.59,952.06,112
5/9/2013 07:51:28,5/9/2013,07:51:28,2.06,8.10,87.90,952.09,198
5/9/2013 07:51:43,5/9/2013,07:51:43,0.75,8.05,87.80,952.11,200
5/9/2013 07:51:58,5/9/2013,07:51:58,0.75,8.02,88.30,952.10,202
5/9/2013 07:52:13,5/9/2013,07:52:13,1.19,8.02,88.30,952.09,196
5/9/2013 07:52:28,5/9/2013,07:52:28,2.27,8.02,88.09,952.11,216
5/9/2013 07:52:43,5/9/2013,07:52:43,1.78,8.02,87.69,952.11,202
5/9/2013 07:52:58,5/9/2013,07:52:58,2.97,8.10,87.19,952.10,231
5/9/2013 07:53:13,5/9/2013,07:53:13,1.93,8.02,87.40,952.06,213
5/9/2013 07:53:28,5/9/2013,07:53:28,1.53,7.97,88.00,952.06,215
5/9/2013 07:53:43,5/9/2013,07:53:43,1.78,8.02,87.90,952.08,190
5/9/2013 07:53:58,5/9/2013,07:53:58,1.01,7.97,88.50,952.09,186
5/9/2013 07:54:13,5/9/2013,07:54:13,3.04,8.02,88.30,952.03,178
5/9/2013 07:54:28,5/9/2013,07:54:28,3.06,8.02,88.09,952.06,202
5/9/2013 07:54:43,5/9/2013,07:54:43,3.82,8.10,86.69,952.03,182
5/9/2013 07:54:58,5/9/2013,07:54:58,4.61,8.12,86.30,952.02,207
5/9/2013 07:55:13,5/9/2013,07:55:13,2.71,8.05,86.80,952.02,203
5/9/2013 07:55:28,5/9/2013,07:55:28,2.17,8.05,87.09,951.98,209
5/9/2013 07:55:43,5/9/2013,07:55:43,1.13,8.02,87.40,952.01,163
5/9/2013 07:55:58,5/9/2013,07:55:58,1.79,8.02,87.80,952.03,206
5/9/2013 07:56:13,5/9/2013,07:56:13,1.15,8.02,88.09,952.02,193
5/9/2013 07:56:28,5/9/2013,07:56:28,1.18,8.02,87.69,951.98,203
5/9/2013 07:56:43,5/9/2013,07:56:43,1.15,8.05,88.19,951.96,176
5/9/2013 07:56:58,5/9/2013,07:56:58,1.34,8.05,88.50,952.00,208
5/9/2013 07:57:13,5/9/2013,07:57:13,1.18,8.05,88.50,952.00,195
5/9/2013 07:57:28,5/9/2013,07:57:28,1.83,8.10,87.69,952.03,228
5/9/2013 07:57:43,5/9/2013,07:57:43,0.78,8.10,87.90,952.03,222
5/9/2013 07:57:58,5/9/2013,07:57:58,1.43,8.10,88.30,952.02,203
5/9/2013 07:58:13,5/9/2013,07:58:13,1.47,8.10,87.80,952.01,215
5/9/2013 07:58:28,5/9/2013,07:58:28,0.90,8.10,88.59,952.03,157
5/9/2013 07:58:43,5/9/2013,07:58:43,1.44,8.02,88.80,952.03,232
5/9/2013 07:58:58,5/9/2013,07:58:58,1.60,8.02,88.50,952.00,213
5/9/2013 07:59:13,5/9/2013,07:59:13,1.03,8.02,88.90,952.02,170
5/9/2013 07:59:28,5/9/2013,07:59:28,1.60,8.02,89.19,952.01,194
5/9/2013 07:59:43,5/9/2013,07:59:43,2.88,7.90,88.80,952.03,202
5/9/2013 07:59:58,5/9/2013,07:59:58,3.97,7.84,89.09,952.02,185
5/9/2013 08:00:13,5/9/2013,08:00:13,2.61,7.84,89.59,952.00,204
5/9/2013 08:00:28,5/9/2013,08:00:28,2.29,7.82,90.09,951.97,233
5/9/2013 08:00:43,5/9/2013,08:00:43,2.36,7.77,90.09,951.97,223
5/9/2013 08:00:58,5/9/2013,08:00:58,2.11,7.77,90.50,952.02,152
5/9/2013 08:01:13,5/9/2013,08:01:13,1.13,7.77,91.09,952.04,213
5/9/2013 08:01:28,5/9/2013,08:01:28,1.62,7.75,91.19,952.03,199
5/9/2013 08:01:43,5/9/2013,08:01:43,2.26,7.75,90.69,952.02,186
5/9/2013 08:01:58,5/9/2013,08:01:58,2.65,7.69,90.50,952.04,196
5/9/2013 08:02:13,5/9/2013,08:02:13,1.13,7.75,91.00,952.03,210
5/9/2013 08:02:28,5/9/2013,08:02:28,1.34,7.69,91.40,952.01,208
5/9/2013 08:02:43,5/9/2013,08:02:43,3.00,7.69,90.90,952.02,235
5/9/2013 08:02:58,5/9/2013,08:02:58,3.21,7.69,90.90,952.03,203
5/9/2013 08:03:13,5/9/2013,08:03:13,2.83,7.69,91.19,952.02,231
5/9/2013 08:03:28,5/9/2013,08:03:28,1.90,7.65,91.50,952.02,202
5/9/2013 08:03:43,5/9/2013,08:03:43,2.81,7.69,91.19,952.01,205
5/9/2013 08:03:58,5/9/2013,08:03:58,2.93,7.65,91.19,952.01,198
5/9/2013 08:04:13,5/9/2013,08:04:13,2.76,7.69,91.40,952.00,197
5/9/2013 08:04:28,5/9/2013,08:04:28,2.24,7.65,91.59,952.00,207
5/9/2013 08:04:43,5/9/2013,08:04:43,1.58,7.62,91.90,952.00,194
5/9/2013 08:04:58,5/9/2013,08:04:58,1.29,7.65,92.30,952.01,200
5/9/2013 08:05:13,5/9/2013,08:05:13,1.04,7.65,92.59,952.03,179
5/9/2013 08:05:28,5/9/2013,08:05:28,0.11,7.65,92.90,952.04,191
5/9/2013 08:05:43,5/9/2013,08:05:43,0.00,7.65,93.09,952.08,223
5/9/2013 08:05:58,5/9/2013,08:05:58,0.00,7.65,93.19,952.09,223
5/9/2013 08:06:13,5/9/2013,08:06:13,0.00,7.62,93.19,952.09,200
5/9/2013 08:06:28,5/9/2013,08:06:28,0.00,7.62,93.09,952.11,213
5/9/2013 08:06:43,5/9/2013,08:06:43,0.00,7.65,93.19,952.12,203
5/9/2013 08:06:58,5/9/2013,08:06:58,0.00,7.69,93.40,952.10,169
5/9/2013 08:07:13,5/9/2013,08:07:13,0.00,7.62,93.40,952.08,166
5/9/2013 08:07:28,5/9/2013,08:07:28,0.00,7.65,93.40,952.10,195
5/9/2013 08:07:43,5/9/2013,08:07:43,1.18,7.62,93.19,952.12,195
5/9/2013 08:07:58,5/9/2013,08:07:58,3.42,7.62,92.30,952.12,193
5/9/2013 08:08:13,5/9/2013,08:08:13,1.99,7.69,92.19,952.12,199
5/9/2013 08:08:28,5/9/2013,08:08:28,0.17,7.69,92.90,952.12,201
5/9/2013 08:08:43,5/9/2013,08:08:43,1.50,7.65,92.80,952.09,194
5/9/2013 08:08:58,5/9/2013,08:08:58,1.08,7.65,92.90,952.06,228
5/9/2013 08:09:13,5/9/2013,08:09:13,1.50,7.65,92.59,952.08,209
5/9/2013 08:09:28,5/9/2013,08:09:28,1.11,7.65,92.69,952.06,125
5/9/2013 08:09:43,5/9/2013,08:09:43,0.60,7.65,92.90,952.11,182
5/9/2013 08:09:58,5/9/2013,08:09:58,1.37,7.62,92.59,952.10,188
5/9/2013 08:10:13,5/9/2013,08:10:13,1.88,7.69,92.30,952.08,201
5/9/2013 08:10:28,5/9/2013,08:10:28,1.62,7.65,92.19,952.04,203
5/9/2013 08:10:43,5/9/2013,08:10:43,1.26,7.65,92.30,952.04,215
5/9/2013 08:10:58,5/9/2013,08:10:58,1.18,7.65,92.40,952.06,215
5/9/2013 08:11:13,5/9/2013,08:11:13,2.00,7.65,92.40,952.09,206
5/9/2013 08:11:28,5/9/2013,08:11:28,2.97,7.65,91.80,952.10,205
5/9/2013 08:11:43,5/9/2013,08:11:43,1.92,7.69,92.00,952.12,207
5/9/2013 08:11:58,5/9/2013,08:11:58,1.47,7.69,92.30,952.13,180
5/9/2013 08:12:13,5/9/2013,08:12:13,2.54,7.65,92.40,952.16,205
5/9/2013 08:12:28,5/9/2013,08:12:28,2.76,7.69,91.80,952.16,172
5/9/2013 08:12:43,5/9/2013,08:12:43,2.14,7.69,91.90,952.16,171
5/9/2013 08:12:58,5/9/2013,08:12:58,2.32,7.69,92.09,952.16,181
5/9/2013 08:13:13,5/9/2013,08:13:13,2.47,7.69,91.80,952.14,188
5/9/2013 08:13:28,5/9/2013,08:13:28,1.18,7.75,92.50,952.13,235
5/9/2013 08:13:43,5/9/2013,08:13:43,2.83,7.75,91.90,952.14,203
5/9/2013 08:13:58,5/9/2013,08:13:58,2.48,7.75,91.80,952.16,213
5/9/2013 08:14:13,5/9/2013,08:14:13,1.81,7.77,92.19,952.14,164
5/9/2013 08:14:28,5/9/2013,08:14:28,2.11,7.77,92.19,952.12,194
5/9/2013 08:14:43,5/9/2013,08:14:43,1.50,7.77,92.30,952.12,154
5/9/2013 08:14:58,5/9/2013,08:14:58,2.03,7.77,92.09,952.11,200
5/9/2013 08:15:13,5/9/2013,08:15:13,2.41,7.77,91.69,952.11,223
5/9/2013 08:15:28,5/9/2013,08:15:28,1.85,7.77,91.69,952.12,236
5/9/2013 08:15:43,5/9/2013,08:15:43,1.46,7.77,92.19,952.13,202
5/9/2013 08:15:58,5/9/2013,08:15:58,1.34,7.82,92.40,952.12,186
5/9/2013 08:16:13,5/9/2013,08:16:13,0.36,7.84,92.69,952.16,170
5/9/2013 08:16:28,5/9/2013,08:16:28,0.50,7.84,92.90,952.19,181
5/9/2013 08:16:43,5/9/2013,08:16:43,0.89,7.84,93.09,952.16,199
5/9/2013 08:16:58,5/9/2013,08:16:58,1.68,7.84,92.30,952.10,181
5/9/2013 08:17:13,5/9/2013,08:17:13,1.96,7.90,92.30,952.11,235
5/9/2013 08:17:28,5/9/2013,08:17:28,2.78,7.90,91.69,952.09,216
5/9/2013 08:17:43,5/9/2013,08:17:43,2.57,7.92,91.40,952.08,219
5/9/2013 08:17:58,5/9/2013,08:17:58,2.36,7.92,91.00,952.08,185
5/9/2013 08:18:13,5/9/2013,08:18:13,1.18,7.97,91.90,952.09,134
5/9/2013 08:18:28,5/9/2013,08:18:28,1.51,7.92,92.09,952.10,142
5/9/2013 08:18:43,5/9/2013,08:18:43,2.50,7.97,91.50,952.05,151
5/9/2013 08:18:58,5/9/2013,08:18:58,1.93,8.02,91.69,952.06,205
5/9/2013 08:19:13,5/9/2013,08:19:13,1.15,8.02,92.00,952.08,156
5/9/2013 08:19:28,5/9/2013,08:19:28,1.33,8.02,92.19,952.09,208
5/9/2013 08:19:43,5/9/2013,08:19:43,2.27,8.02,91.50,952.06,213
5/9/2013 08:19:58,5/9/2013,08:19:58,2.10,8.05,91.19,952.06,220
5/9/2013 08:20:13,5/9/2013,08:20:13,3.80,8.02,90.50,952.04,220
5/9/2013 08:20:28,5/9/2013,08:20:28,4.25,8.10,90.09,952.04,208
5/9/2013 08:20:43,5/9/2013,08:20:43,3.23,8.10,90.30,952.02,162
5/9/2013 08:20:58,5/9/2013,08:20:58,1.92,8.10,91.00,952.03,205
5/9/2013 08:21:13,5/9/2013,08:21:13,1.78,8.10,91.30,952.04,216
5/9/2013 08:21:28,5/9/2013,08:21:28,3.46,8.10,90.09,952.04,220
5/9/2013 08:21:43,5/9/2013,08:21:43,4.19,8.10,89.40,952.02,166
5/9/2013 08:21:58,5/9/2013,08:21:58,1.94,8.12,90.40,952.04,168
5/9/2013 08:22:13,5/9/2013,08:22:13,1.50,8.12,91.19,952.04,203
5/9/2013 08:22:28,5/9/2013,08:22:28,2.06,8.10,90.59,952.04,211
5/9/2013 08:22:43,5/9/2013,08:22:43,2.81,8.12,89.80,952.04,171
5/9/2013 08:22:58,5/9/2013,08:22:58,2.74,8.12,89.80,952.04,165
5/9/2013 08:23:13,5/9/2013,08:23:13,2.64,8.12,90.09,952.06,200
5/9/2013 08:23:28,5/9/2013,08:23:28,3.46,8.12,89.50,952.06,224
5/9/2013 08:23:43,5/9/2013,08:23:43,2.47,8.12,89.40,952.08,201
5/9/2013 08:23:58,5/9/2013,08:23:58,1.82,8.17,89.90,952.06,190
5/9/2013 08:24:13,5/9/2013,08:24:13,2.90,8.12,89.09,952.06,218
5/9/2013 08:24:28,5/9/2013,08:24:28,3.39,8.12,88.69,952.08,195
5/9/2013 08:24:43,5/9/2013,08:24:43,1.96,8.17,89.40,952.09,165
5/9/2013 08:24:58,5/9/2013,08:24:58,1.40,8.17,90.50,952.11,180
5/9/2013 08:25:13,5/9/2013,08:25:13,1.08,8.17,91.09,952.10,160
5/9/2013 08:25:28,5/9/2013,08:25:28,2.32,8.12,90.09,952.09,169
5/9/2013 08:25:43,5/9/2013,08:25:43,2.81,8.17,88.69,952.08,193
5/9/2013 08:25:58,5/9/2013,08:25:58,3.97,8.17,88.30,952.06,190
5/9/2013 08:26:13,5/9/2013,08:26:13,3.28,8.17,88.40,952.05,208
5/9/2013 08:26:28,5/9/2013,08:26:28,3.06,8.12,88.00,952.04,209
5/9/2013 08:26:43,5/9/2013,08:26:43,2.90,8.12,88.00,952.03,173
5/9/2013 08:26:58,5/9/2013,08:26:58,1.72,8.12,89.19,952.03,230
5/9/2013 08:27:13,5/9/2013,08:27:13,2.71,8.10,88.59,952.03,203
5/9/2013 08:27:28,5/9/2013,08:27:28,2.50,8.10,88.09,952.04,118
5/9/2013 08:27:43,5/9/2013,08:27:43,2.19,8.10,87.80,952.03,186
5/9/2013 08:27:58,5/9/2013,08:27:58,2.76,8.10,87.59,952.03,132
5/9/2013 08:28:13,5/9/2013,08:28:13,0.35,8.10,90.30,952.09,202
5/9/2013 08:28:28,5/9/2013,08:28:28,1.55,8.10,89.30,952.06,194
5/9/2013 08:28:43,5/9/2013,08:28:43,1.37,8.10,89.80,952.08,194
5/9/2013 08:28:58,5/9/2013,08:28:58,1.03,8.10,90.69,952.06,270
5/9/2013 08:29:13,5/9/2013,08:29:13,1.74,8.05,90.19,952.10,216
5/9/2013 08:29:28,5/9/2013,08:29:28,2.40,8.10,88.69,952.08,200
5/9/2013 08:29:43,5/9/2013,08:29:43,2.53,8.05,88.30,952.05,201
5/9/2013 08:29:58,5/9/2013,08:29:58,2.07,8.05,88.40,952.03,206
5/9/2013 08:30:13,5/9/2013,08:30:13,1.39,8.10,89.30,952.03,160
5/9/2013 08:30:28,5/9/2013,08:30:28,1.22,8.02,90.09,952.03,172
5/9/2013 08:30:43,5/9/2013,08:30:43,4.51,8.02,87.30,951.98,232
5/9/2013 08:30:58,5/9/2013,08:30:58,3.49,7.97,87.00,952.00,173
5/9/2013 08:31:13,5/9/2013,08:31:13,2.08,7.97,87.59,951.98,176
5/9/2013 08:31:28,5/9/2013,08:31:28,1.39,7.97,89.09,952.00,179
5/9/2013 08:31:43,5/9/2013,08:31:43,1.44,7.92,89.69,952.03,200
5/9/2013 08:31:58,5/9/2013,08:31:58,1.23,7.92,89.40,952.02,212
5/9/2013 08:32:13,5/9/2013,08:32:13,1.30,7.92,90.09,952.01,162
5/9/2013 08:32:28,5/9/2013,08:32:28,1.79,7.90,89.40,952.03,188
5/9/2013 08:32:43,5/9/2013,08:32:43,1.48,7.84,89.59,952.02,175
5/9/2013 08:32:58,5/9/2013,08:32:58,1.55,7.84,89.19,952.03,228
5/9/2013 08:33:13,5/9/2013,08:33:13,2.64,7.84,88.09,952.05,180
5/9/2013 08:33:28,5/9/2013,08:33:28,1.60,7.84,89.09,952.06,217
5/9/2013 08:33:43,5/9/2013,08:33:43,2.13,7.84,87.50,952.06,197
5/9/2013 08:33:58,5/9/2013,08:33:58,2.62,7.84,87.30,952.03,232
5/9/2013 08:34:13,5/9/2013,08:34:13,1.83,7.84,88.09,952.04,201
5/9/2013 08:34:28,5/9/2013,08:34:28,1.16,7.84,88.80,952.04,184
5/9/2013 08:34:43,5/9/2013,08:34:43,0.82,7.82,90.19,952.06,163
5/9/2013 08:34:58,5/9/2013,08:34:58,0.69,7.82,90.69,952.10,162
5/9/2013 08:35:13,5/9/2013,08:35:13,2.01,7.77,88.90,952.05,151
5/9/2013 08:35:28,5/9/2013,08:35:28,3.43,7.77,87.90,952.03,198
5/9/2013 08:35:43,5/9/2013,08:35:43,1.90,7.77,87.90,952.03,200
5/9/2013 08:35:58,5/9/2013,08:35:58,0.89,7.77,89.00,952.08,185
5/9/2013 08:36:13,5/9/2013,08:36:13,1.72,7.77,88.50,952.08,252
5/9/2013 08:36:28,5/9/2013,08:36:28,2.65,7.77,87.59,952.06,209
5/9/2013 08:36:43,5/9/2013,08:36:43,3.16,7.77,87.00,952.06,226
5/9/2013 08:36:58,5/9/2013,08:36:58,3.22,7.77,86.59,952.08,202
5/9/2013 08:37:13,5/9/2013,08:37:13,1.60,7.77,88.30,952.04,172
5/9/2013 08:37:28,5/9/2013,08:37:28,0.47,7.77,90.09,952.03,176
5/9/2013 08:37:43,5/9/2013,08:37:43,1.05,7.75,89.90,952.03,185
5/9/2013 08:37:58,5/9/2013,08:37:58,1.11,7.77,89.30,952.02,174
5/9/2013 08:38:13,5/9/2013,08:38:13,1.46,7.75,89.40,952.02,174
5/9/2013 08:38:28,5/9/2013,08:38:28,1.32,7.77,89.80,952.00,154
5/9/2013 08:38:43,5/9/2013,08:38:43,2.07,7.75,89.00,952.00,217
5/9/2013 08:38:58,5/9/2013,08:38:58,1.44,7.77,88.90,952.00,165
5/9/2013 08:39:13,5/9/2013,08:39:13,1.72,7.69,89.69,952.00,166
5/9/2013 08:39:28,5/9/2013,08:39:28,3.28,7.69,88.50,951.96,207
5/9/2013 08:39:43,5/9/2013,08:39:43,1.86,7.65,89.40,951.95,192
5/9/2013 08:39:58,5/9/2013,08:39:58,1.78,7.65,89.40,951.94,148
5/9/2013 08:40:13,5/9/2013,08:40:13,1.05,7.69,90.30,951.95,184
5/9/2013 08:40:28,5/9/2013,08:40:28,2.71,7.65,88.50,951.93,182
5/9/2013 08:40:43,5/9/2013,08:40:43,3.71,7.62,87.80,951.93,207
5/9/2013 08:40:58,5/9/2013,08:40:58,3.21,7.62,88.09,951.95,180
5/9/2013 08:41:13,5/9/2013,08:41:13,2.57,7.62,88.50,951.95,214
5/9/2013 08:41:28,5/9/2013,08:41:28,2.88,7.62,88.19,951.93,208
5/9/2013 08:41:43,5/9/2013,08:41:43,2.53,7.62,88.00,951.94,220
5/9/2013 08:41:58,5/9/2013,08:41:58,1.86,7.62,89.00,951.93,210
5/9/2013 08:42:13,5/9/2013,08:42:13,2.17,7.62,88.30,951.92,178
5/9/2013 08:42:28,5/9/2013,08:42:28,2.79,7.62,88.40,951.90,210
5/9/2013 08:42:43,5/9/2013,08:42:43,3.76,7.65,86.90,951.89,200
5/9/2013 08:42:58,5/9/2013,08:42:58,3.11,7.69,86.30,951.89,187
5/9/2013 08:43:13,5/9/2013,08:43:13,1.08,7.65,87.80,951.90,232
5/9/2013 08:43:28,5/9/2013,08:43:28,2.06,7.65,87.09,951.90,219
5/9/2013 08:43:43,5/9/2013,08:43:43,1.48,7.65,86.90,951.90,195
5/9/2013 08:43:58,5/9/2013,08:43:58,1.55,7.69,86.30,951.89,207
5/9/2013 08:44:13,5/9/2013,08:44:13,0.35,7.69,87.30,951.93,168
5/9/2013 08:44:28,5/9/2013,08:44:28,0.79,7.65,88.00,951.94,202
5/9/2013 08:44:43,5/9/2013,08:44:43,0.14,7.69,88.59,951.95,174
5/9/2013 08:44:58,5/9/2013,08:44:58,1.26,7.69,87.00,951.89,169
5/9/2013 08:45:13,5/9/2013,08:45:13,1.34,7.69,87.09,951.89,170
5/9/2013 08:45:28,5/9/2013,08:45:28,2.15,7.69,87.09,951.88,207
5/9/2013 08:45:43,5/9/2013,08:45:43,1.60,7.77,85.80,951.89,199
5/9/2013 08:45:58,5/9/2013,08:45:58,2.74,7.82,85.19,951.89,200
5/9/2013 08:46:13,5/9/2013,08:46:13,2.53,7.84,84.90,951.87,222
5/9/2013 08:46:28,5/9/2013,08:46:28,2.65,7.90,84.59,951.84,180
5/9/2013 08:46:43,5/9/2013,08:46:43,1.69,7.84,86.00,951.81,156
5/9/2013 08:46:58,5/9/2013,08:46:58,1.07,7.92,86.69,951.82,184
5/9/2013 08:47:13,5/9/2013,08:47:13,1.83,7.97,86.00,951.80,172
5/9/2013 08:47:28,5/9/2013,08:47:28,1.05,8.02,86.69,951.80,160
5/9/2013 08:47:43,5/9/2013,08:47:43,1.97,8.05,85.50,951.78,216
5/9/2013 08:47:58,5/9/2013,08:47:58,1.72,8.25,86.19,951.74,231
5/9/2013 08:48:13,5/9/2013,08:48:13,1.18,8.32,87.40,951.73,139
5/9/2013 08:48:28,5/9/2013,08:48:28,2.57,8.32,86.30,951.72,201
5/9/2013 08:48:43,5/9/2013,08:48:43,1.88,8.44,85.30,951.70,213
5/9/2013 08:48:58,5/9/2013,08:48:58,0.33,8.52,87.19,951.76,207
5/9/2013 08:49:13,5/9/2013,08:49:13,0.54,8.60,87.90,951.76,153
5/9/2013 08:49:28,5/9/2013,08:49:28,1.01,8.64,86.59,951.74,180
5/9/2013 08:49:43,5/9/2013,08:49:43,2.07,8.64,86.09,951.77,205
5/9/2013 08:49:58,5/9/2013,08:49:58,2.58,8.72,83.90,951.70,230
5/9/2013 08:50:13,5/9/2013,08:50:13,4.19,8.72,83.00,951.68,190
5/9/2013 08:50:28,5/9/2013,08:50:28,3.19,8.80,83.59,951.69,190
5/9/2013 08:50:43,5/9/2013,08:50:43,2.94,8.85,83.90,951.71,223
5/9/2013 08:50:58,5/9/2013,08:50:58,2.14,8.87,84.30,951.69,189
5/9/2013 08:51:13,5/9/2013,08:51:13,0.93,8.97,85.59,951.69,144
5/9/2013 08:51:28,5/9/2013,08:51:28,1.41,9.00,85.80,951.64,154
5/9/2013 08:51:43,5/9/2013,08:51:43,1.79,9.05,85.09,951.63,207
5/9/2013 08:51:58,5/9/2013,08:51:58,2.13,8.87,83.80,951.61,198
5/9/2013 08:52:13,5/9/2013,08:52:13,2.32,8.97,84.59,951.65,214
5/9/2013 08:52:28,5/9/2013,08:52:28,2.06,8.87,84.40,951.66,179
5/9/2013 08:52:43,5/9/2013,08:52:43,2.55,8.85,83.59,951.68,230
5/9/2013 08:52:58,5/9/2013,08:52:58,4.43,8.80,82.90,951.69,202
5/9/2013 08:53:13,5/9/2013,08:53:13,3.97,8.80,83.00,951.68,120
5/9/2013 08:53:28,5/9/2013,08:53:28,2.71,8.80,83.00,951.68,171
5/9/2013 08:53:43,5/9/2013,08:53:43,3.00,8.80,83.50,951.72,200
5/9/2013 08:53:58,5/9/2013,08:53:58,3.26,8.80,83.30,951.71,191
5/9/2013 08:54:13,5/9/2013,08:54:13,2.62,8.77,83.19,951.70,193
5/9/2013 08:54:28,5/9/2013,08:54:28,3.96,8.72,83.30,951.70,215
5/9/2013 08:54:43,5/9/2013,08:54:43,3.75,8.72,82.40,951.69,232
5/9/2013 08:54:58,5/9/2013,08:54:58,3.56,8.69,83.80,951.70,192
5/9/2013 08:55:13,5/9/2013,08:55:13,2.50,8.60,84.69,951.68,126
5/9/2013 08:55:28,5/9/2013,08:55:28,2.90,8.57,84.90,951.70,194
5/9/2013 08:55:43,5/9/2013,08:55:43,2.60,8.60,84.69,951.69,239
5/9/2013 08:55:58,5/9/2013,08:55:58,3.22,8.69,84.59,951.71,164
5/9/2013 08:56:13,5/9/2013,08:56:13,3.93,8.64,82.19,951.65,232
5/9/2013 08:56:28,5/9/2013,08:56:28,4.00,8.64,82.90,951.65,225
5/9/2013 08:56:43,5/9/2013,08:56:43,3.86,8.32,85.40,951.64,209
5/9/2013 08:56:58,5/9/2013,08:56:58,5.06,8.32,85.50,951.63,197
5/9/2013 08:57:13,5/9/2013,08:57:13,4.72,8.37,85.80,951.63,206
5/9/2013 08:57:28,5/9/2013,08:57:28,3.09,8.39,86.09,951.66,202
5/9/2013 08:57:43,5/9/2013,08:57:43,4.14,8.32,85.50,951.65,209
5/9/2013 08:57:58,5/9/2013,08:57:58,3.54,8.32,85.90,951.65,186
5/9/2013 08:58:13,5/9/2013,08:58:13,3.76,8.30,85.69,951.65,209
5/9/2013 08:58:28,5/9/2013,08:58:28,3.30,8.32,85.40,951.68,196
5/9/2013 08:58:43,5/9/2013,08:58:43,3.22,8.30,85.40,951.69,210
5/9/2013 08:58:58,5/9/2013,08:58:58,2.40,8.37,86.30,951.66,192
5/9/2013 08:59:13,5/9/2013,08:59:13,2.86,8.37,86.19,951.68,215
5/9/2013 08:59:28,5/9/2013,08:59:28,2.14,8.39,86.50,951.69,210
5/9/2013 08:59:43,5/9/2013,08:59:43,1.27,8.50,86.00,951.70,220
5/9/2013 08:59:58,5/9/2013,08:59:58,1.50,8.50,86.09,951.69,171
5/9/2013 09:00:13,5/9/2013,09:00:13,1.90,8.50,85.69,951.66,186
5/9/2013 09:00:28,5/9/2013,09:00:28,2.53,8.64,86.50,951.69,222
5/9/2013 09:00:43,5/9/2013,09:00:43,3.14,8.64,84.69,951.69,205
5/9/2013 09:00:58,5/9/2013,09:00:58,3.18,8.85,86.09,951.69,199
5/9/2013 09:01:13,5/9/2013,09:01:13,3.47,8.77,84.80,951.68,210
5/9/2013 09:01:28,5/9/2013,09:01:28,2.41,8.77,84.19,951.68,174
5/9/2013 09:01:43,5/9/2013,09:01:43,1.04,8.87,85.40,951.70,192
5/9/2013 09:01:58,5/9/2013,09:01:58,1.19,8.97,86.59,951.69,176
5/9/2013 09:02:13,5/9/2013,09:02:13,0.96,9.05,87.00,951.65,169
5/9/2013 09:02:28,5/9/2013,09:02:28,1.05,9.05,87.00,951.65,205
5/9/2013 09:02:43,5/9/2013,09:02:43,1.34,9.00,85.69,951.63,220
5/9/2013 09:02:58,5/9/2013,09:02:58,1.54,9.00,84.90,951.63,206
5/9/2013 09:03:13,5/9/2013,09:03:13,2.26,9.05,85.09,951.63,212
5/9/2013 09:03:28,5/9/2013,09:03:28,1.33,9.12,85.69,951.65,186
5/9/2013 09:03:43,5/9/2013,09:03:43,1.76,9.07,85.80,951.66,198
5/9/2013 09:03:58,5/9/2013,09:03:58,3.04,9.05,83.80,951.65,167
5/9/2013 09:04:13,5/9/2013,09:04:13,4.52,8.87,83.40,951.65,202
5/9/2013 09:04:28,5/9/2013,09:04:28,3.59,8.97,83.80,951.62,166
5/9/2013 09:04:43,5/9/2013,09:04:43,1.78,8.97,84.90,951.62,206
5/9/2013 09:04:58,5/9/2013,09:04:58,3.46,8.97,84.09,951.61,203
5/9/2013 09:05:13,5/9/2013,09:05:13,2.55,8.97,84.30,951.62,209
5/9/2013 09:05:28,5/9/2013,09:05:28,2.81,8.87,83.40,951.63,176
5/9/2013 09:05:43,5/9/2013,09:05:43,2.62,8.87,83.40,951.65,207
5/9/2013 09:05:58,5/9/2013,09:05:58,1.32,8.87,84.69,951.64,225
5/9/2013 09:06:13,5/9/2013,09:06:13,0.79,8.87,85.59,951.65,223
5/9/2013 09:06:28,5/9/2013,09:06:28,1.36,8.80,86.09,951.62,168
5/9/2013 09:06:43,5/9/2013,09:06:43,0.58,8.80,86.30,951.61,160
5/9/2013 09:06:58,5/9/2013,09:06:58,1.03,8.72,86.80,951.64,210
5/9/2013 09:07:13,5/9/2013,09:07:13,0.72,8.72,85.59,951.62,196
5/9/2013 09:07:28,5/9/2013,09:07:28,1.94,8.69,85.59,951.58,204
5/9/2013 09:07:43,5/9/2013,09:07:43,1.75,8.69,85.00,951.60,210
5/9/2013 09:07:58,5/9/2013,09:07:58,3.22,8.64,84.59,951.60,210
5/9/2013 09:08:13,5/9/2013,09:08:13,3.49,8.60,84.40,951.58,203
5/9/2013 09:08:28,5/9/2013,09:08:28,1.46,8.64,84.90,951.60,192
5/9/2013 09:08:43,5/9/2013,09:08:43,1.61,8.64,85.19,951.58,203
5/9/2013 09:08:58,5/9/2013,09:08:58,1.76,8.64,85.59,951.58,195
5/9/2013 09:09:13,5/9/2013,09:09:13,0.61,8.64,85.80,951.62,164
5/9/2013 09:09:28,5/9/2013,09:09:28,0.89,8.64,86.19,951.61,212
5/9/2013 09:09:43,5/9/2013,09:09:43,1.69,8.64,85.80,951.60,214
5/9/2013 09:09:58,5/9/2013,09:09:58,2.41,8.72,86.19,951.60,218
5/9/2013 09:10:13,5/9/2013,09:10:13,1.93,8.80,86.30,951.61,215
5/9/2013 09:10:28,5/9/2013,09:10:28,1.74,8.80,86.69,951.58,206
5/9/2013 09:10:43,5/9/2013,09:10:43,0.86,8.85,86.80,951.58,175
5/9/2013 09:10:58,5/9/2013,09:10:58,1.64,8.80,87.09,951.61,191
5/9/2013 09:11:13,5/9/2013,09:11:13,0.35,8.87,87.50,951.63,165
5/9/2013 09:11:28,5/9/2013,09:11:28,0.00,8.85,87.90,951.62,192
5/9/2013 09:11:43,5/9/2013,09:11:43,0.90,8.80,87.40,951.58,182
5/9/2013 09:11:58,5/9/2013,09:11:58,0.86,8.87,87.19,951.56,161
5/9/2013 09:12:13,5/9/2013,09:12:13,1.81,8.87,87.09,951.58,181
5/9/2013 09:12:28,5/9/2013,09:12:28,1.41,8.87,87.19,951.57,173
5/9/2013 09:12:43,5/9/2013,09:12:43,3.26,8.87,85.00,951.58,204
5/9/2013 09:12:58,5/9/2013,09:12:58,2.07,8.97,84.80,951.62,202
5/9/2013 09:13:13,5/9/2013,09:13:13,2.32,8.97,84.59,951.61,204
5/9/2013 09:13:28,5/9/2013,09:13:28,3.02,9.00,84.30,951.58,205
5/9/2013 09:13:43,5/9/2013,09:13:43,3.33,8.97,84.40,951.56,199
5/9/2013 09:13:58,5/9/2013,09:13:58,1.90,8.97,84.50,951.60,162
5/9/2013 09:14:13,5/9/2013,09:14:13,1.74,8.97,84.69,951.61,191
5/9/2013 09:14:28,5/9/2013,09:14:28,0.90,9.00,85.19,951.60,212
5/9/2013 09:14:43,5/9/2013,09:14:43,0.88,9.05,86.09,951.56,197
5/9/2013 09:14:58,5/9/2013,09:14:58,1.14,9.12,86.19,951.54,213
5/9/2013 09:15:13,5/9/2013,09:15:13,1.68,9.25,86.00,951.53,209
5/9/2013 09:15:28,5/9/2013,09:15:28,2.31,9.39,84.90,951.52,207
5/9/2013 09:15:43,5/9/2013,09:15:43,1.94,9.44,84.19,951.52,193
5/9/2013 09:15:58,5/9/2013,09:15:58,3.36,9.44,84.59,951.53,192
5/9/2013 09:16:13,5/9/2013,09:16:13,2.48,9.44,83.19,951.53,182
5/9/2013 09:16:28,5/9/2013,09:16:28,2.17,9.44,84.00,951.54,205
5/9/2013 09:16:43,5/9/2013,09:16:43,2.55,9.44,84.30,951.54,207
5/9/2013 09:16:58,5/9/2013,09:16:58,2.82,9.44,84.40,951.54,212
5/9/2013 09:17:13,5/9/2013,09:17:13,1.81,9.44,85.00,951.56,207
5/9/2013 09:17:28,5/9/2013,09:17:28,2.17,9.44,84.69,951.52,214
5/9/2013 09:17:43,5/9/2013,09:17:43,3.15,9.44,84.19,951.49,212
5/9/2013 09:17:58,5/9/2013,09:17:58,4.40,9.44,84.00,951.47,210
5/9/2013 09:18:13,5/9/2013,09:18:13,2.31,9.52,84.80,951.47,160
5/9/2013 09:18:28,5/9/2013,09:18:28,1.30,9.52,85.80,951.45,171
5/9/2013 09:18:43,5/9/2013,09:18:43,1.21,9.55,86.00,951.47,221
5/9/2013 09:18:58,5/9/2013,09:18:58,2.22,9.60,85.40,951.46,232
5/9/2013 09:19:13,5/9/2013,09:19:13,3.37,9.55,83.59,951.44,192
5/9/2013 09:19:28,5/9/2013,09:19:28,3.06,9.55,83.50,951.46,230
5/9/2013 09:19:43,5/9/2013,09:19:43,2.65,9.60,83.90,951.47,210
5/9/2013 09:19:58,5/9/2013,09:19:58,3.25,9.60,84.09,951.48,198
5/9/2013 09:20:13,5/9/2013,09:20:13,1.16,9.72,84.59,951.53,208
5/9/2013 09:20:28,5/9/2013,09:20:28,2.31,9.72,83.80,951.47,185
5/9/2013 09:20:43,5/9/2013,09:20:43,1.69,9.87,84.00,951.38,175
5/9/2013 09:20:58,5/9/2013,09:20:58,1.71,10.00,84.30,951.37,170
5/9/2013 09:21:13,5/9/2013,09:21:13,3.43,10.00,83.80,951.37,189
5/9/2013 09:21:28,5/9/2013,09:21:28,1.61,10.07,83.30,951.37,200
5/9/2013 09:21:43,5/9/2013,09:21:43,1.64,10.14,82.59,951.31,221
5/9/2013 09:21:58,5/9/2013,09:21:58,2.61,10.14,82.80,951.31,234
5/9/2013 09:22:13,5/9/2013,09:22:13,2.82,10.30,83.80,951.36,169
5/9/2013 09:22:28,5/9/2013,09:22:28,2.92,10.30,81.80,951.35,208
5/9/2013 09:22:43,5/9/2013,09:22:43,4.01,10.39,81.40,951.35,193
5/9/2013 09:22:58,5/9/2013,09:22:58,3.11,10.39,81.19,951.33,189
5/9/2013 09:23:13,5/9/2013,09:23:13,2.10,10.47,82.40,951.33,192
5/9/2013 09:23:28,5/9/2013,09:23:28,4.33,10.47,81.09,951.32,205
5/9/2013 09:23:43,5/9/2013,09:23:43,3.22,10.42,79.30,951.30,178
5/9/2013 09:23:58,5/9/2013,09:23:58,4.92,10.47,79.69,951.29,167
5/9/2013 09:24:13,5/9/2013,09:24:13,2.40,10.55,79.80,951.30,194
5/9/2013 09:24:28,5/9/2013,09:24:28,2.62,10.62,80.50,951.30,159
5/9/2013 09:24:43,5/9/2013,09:24:43,1.99,10.69,80.80,951.28,186
5/9/2013 09:24:58,5/9/2013,09:24:58,1.97,10.69,80.30,951.29,217
5/9/2013 09:25:13,5/9/2013,09:25:13,2.36,10.77,80.40,951.30,201
5/9/2013 09:25:28,5/9/2013,09:25:28,1.79,10.77,79.40,951.30,177
5/9/2013 09:25:43,5/9/2013,09:25:43,3.25,10.69,77.90,951.30,192
5/9/2013 09:25:58,5/9/2013,09:25:58,2.15,10.82,78.59,951.31,188
5/9/2013 09:26:13,5/9/2013,09:26:13,2.65,10.87,78.00,951.29,215
5/9/2013 09:26:28,5/9/2013,09:26:28,4.34,10.75,76.69,951.29,211
5/9/2013 09:26:43,5/9/2013,09:26:43,5.38,10.67,75.80,951.22,198
5/9/2013 09:26:58,5/9/2013,09:26:58,3.85,10.77,77.19,951.23,174
5/9/2013 09:27:13,5/9/2013,09:27:13,2.86,10.77,77.09,951.28,201
5/9/2013 09:27:28,5/9/2013,09:27:28,4.26,10.77,77.09,951.31,208
5/9/2013 09:27:43,5/9/2013,09:27:43,4.06,10.77,76.80,951.28,209
5/9/2013 09:27:58,5/9/2013,09:27:58,2.55,10.82,77.69,951.30,150
5/9/2013 09:28:13,5/9/2013,09:28:13,2.85,10.69,75.50,951.23,156
5/9/2013 09:28:28,5/9/2013,09:28:28,2.97,10.69,75.50,951.15,184
5/9/2013 09:28:43,5/9/2013,09:28:43,3.52,10.69,75.80,951.20,172
5/9/2013 09:28:58,5/9/2013,09:28:58,2.78,10.82,76.50,951.22,176
5/9/2013 09:29:13,5/9/2013,09:29:13,1.25,10.94,77.30,951.23,205
5/9/2013 09:29:28,5/9/2013,09:29:28,3.09,10.87,76.80,951.23,210
5/9/2013 09:29:43,5/9/2013,09:29:43,3.76,10.82,74.90,951.21,192
5/9/2013 09:29:58,5/9/2013,09:29:58,4.50,10.87,75.50,951.16,188
5/9/2013 09:30:13,5/9/2013,09:30:13,4.44,10.87,76.00,951.15,233
5/9/2013 09:30:28,5/9/2013,09:30:28,4.58,10.77,75.69,951.15,180
5/9/2013 09:30:43,5/9/2013,09:30:43,4.64,10.87,76.30,951.13,231
5/9/2013 09:30:58,5/9/2013,09:30:58,3.11,10.87,75.69,951.13,202
5/9/2013 09:31:13,5/9/2013,09:31:13,4.24,10.87,76.00,951.15,226
5/9/2013 09:31:28,5/9/2013,09:31:28,3.47,10.89,76.59,951.14,172
5/9/2013 09:31:43,5/9/2013,09:31:43,3.89,10.94,76.19,951.19,153
5/9/2013 09:31:58,5/9/2013,09:31:58,2.76,11.10,77.80,951.19,102
5/9/2013 09:32:13,5/9/2013,09:32:13,3.71,11.10,75.59,951.16,174
5/9/2013 09:32:28,5/9/2013,09:32:28,2.13,11.25,76.30,951.16,120
5/9/2013 09:32:43,5/9/2013,09:32:43,3.32,11.17,75.90,951.13,148
5/9/2013 09:32:58,5/9/2013,09:32:58,3.92,11.22,75.40,951.14,208
5/9/2013 09:33:13,5/9/2013,09:33:13,6.35,11.05,75.09,951.13,216
5/9/2013 09:33:28,5/9/2013,09:33:28,3.86,11.17,74.80,951.12,158
5/9/2013 09:33:43,5/9/2013,09:33:43,1.46,11.42,76.00,951.08,193
5/9/2013 09:33:58,5/9/2013,09:33:58,2.75,11.42,76.50,951.09,195
5/9/2013 09:34:13,5/9/2013,09:34:13,3.96,11.17,74.69,951.08,222
5/9/2013 09:34:28,5/9/2013,09:34:28,3.96,11.17,75.69,951.08,220
5/9/2013 09:34:43,5/9/2013,09:34:43,2.46,11.25,76.00,951.15,162
5/9/2013 09:34:58,5/9/2013,09:34:58,2.38,11.32,76.00,951.13,164
5/9/2013 09:35:13,5/9/2013,09:35:13,2.94,11.32,74.40,951.07,138
5/9/2013 09:35:28,5/9/2013,09:35:28,1.83,11.50,76.59,951.06,168
5/9/2013 09:35:43,5/9/2013,09:35:43,2.89,11.50,76.80,951.09,180
5/9/2013 09:35:58,5/9/2013,09:35:58,2.36,11.50,76.90,951.13,178
5/9/2013 09:36:13,5/9/2013,09:36:13,2.38,11.44,77.30,951.12,198
5/9/2013 09:36:28,5/9/2013,09:36:28,3.39,11.37,76.30,951.07,158
5/9/2013 09:36:43,5/9/2013,09:36:43,1.99,11.57,77.59,951.08,180
5/9/2013 09:36:58,5/9/2013,09:36:58,4.24,11.37,76.80,951.07,208
5/9/2013 09:37:13,5/9/2013,09:37:13,3.33,11.42,77.19,951.08,230
5/9/2013 09:37:28,5/9/2013,09:37:28,2.46,11.37,75.59,951.07,173
5/9/2013 09:37:43,5/9/2013,09:37:43,2.10,11.42,74.69,951.08,153
5/9/2013 09:37:58,5/9/2013,09:37:58,1.58,11.42,75.80,951.08,172
5/9/2013 09:38:13,5/9/2013,09:38:13,2.07,11.32,75.69,951.08,175
5/9/2013 09:38:28,5/9/2013,09:38:28,1.82,11.42,76.69,951.09,151
5/9/2013 09:38:43,5/9/2013,09:38:43,3.09,11.25,76.30,951.09,197
5/9/2013 09:38:58,5/9/2013,09:38:58,1.60,11.42,76.30,951.09,136
5/9/2013 09:39:13,5/9/2013,09:39:13,1.37,11.42,76.90,951.11,159
5/9/2013 09:39:28,5/9/2013,09:39:28,2.88,11.32,76.90,951.13,182
5/9/2013 09:39:43,5/9/2013,09:39:43,2.53,11.32,77.59,951.13,178
5/9/2013 09:39:58,5/9/2013,09:39:58,3.30,11.17,76.50,951.08,133
5/9/2013 09:40:13,5/9/2013,09:40:13,5.28,11.05,76.09,950.99,145
5/9/2013 09:40:28,5/9/2013,09:40:28,4.46,11.02,75.90,951.01,143
5/9/2013 09:40:43,5/9/2013,09:40:43,4.90,11.10,76.80,951.03,198
5/9/2013 09:40:58,5/9/2013,09:40:58,4.41,11.02,76.30,951.06,198
5/9/2013 09:41:13,5/9/2013,09:41:13,4.29,10.94,75.90,951.06,218
5/9/2013 09:41:28,5/9/2013,09:41:28,3.02,11.02,76.69,951.07,205
5/9/2013 09:41:43,5/9/2013,09:41:43,3.87,11.02,77.59,951.09,210
5/9/2013 09:41:58,5/9/2013,09:41:58,3.06,11.17,78.50,951.12,217
5/9/2013 09:42:13,5/9/2013,09:42:13,3.40,11.10,77.90,951.14,169
5/9/2013 09:42:28,5/9/2013,09:42:28,3.08,11.05,77.09,951.15,139
5/9/2013 09:42:43,5/9/2013,09:42:43,2.48,11.10,77.50,951.15,206
5/9/2013 09:42:58,5/9/2013,09:42:58,2.78,11.02,76.50,951.14,166
5/9/2013 09:43:13,5/9/2013,09:43:13,2.47,11.05,76.69,951.11,237
5/9/2013 09:43:28,5/9/2013,09:43:28,2.50,11.02,77.00,951.09,155
5/9/2013 09:43:43,5/9/2013,09:43:43,2.13,11.14,78.09,951.08,154
5/9/2013 09:43:58,5/9/2013,09:43:58,2.55,11.05,78.09,951.06,173
5/9/2013 09:44:13,5/9/2013,09:44:13,1.92,11.17,77.90,951.07,178
5/9/2013 09:44:28,5/9/2013,09:44:28,3.47,11.02,77.59,951.06,178
5/9/2013 09:44:43,5/9/2013,09:44:43,2.74,11.02,77.40,951.08,200
5/9/2013 09:44:58,5/9/2013,09:44:58,1.60,11.17,78.59,951.08,171
5/9/2013 09:45:13,5/9/2013,09:45:13,2.27,11.17,78.09,951.06,229
5/9/2013 09:45:28,5/9/2013,09:45:28,3.92,11.17,78.00,951.06,173
5/9/2013 09:45:43,5/9/2013,09:45:43,2.72,11.22,77.09,951.06,217
5/9/2013 09:45:58,5/9/2013,09:45:58,3.36,11.25,77.00,951.04,228
5/9/2013 09:46:13,5/9/2013,09:46:13,2.26,11.32,76.80,951.06,154
5/9/2013 09:46:28,5/9/2013,09:46:28,3.02,11.25,77.00,951.04,186
5/9/2013 09:46:43,5/9/2013,09:46:43,1.40,11.37,77.09,951.04,186
5/9/2013 09:46:58,5/9/2013,09:46:58,2.44,11.30,77.09,951.06,170
5/9/2013 09:47:13,5/9/2013,09:47:13,4.25,11.10,75.59,951.06,220
5/9/2013 09:47:28,5/9/2013,09:47:28,3.06,11.30,76.30,950.99,230
5/9/2013 09:47:43,5/9/2013,09:47:43,1.16,11.57,77.50,950.98,224
5/9/2013 09:47:58,5/9/2013,09:47:58,2.31,11.64,77.19,950.98,213
5/9/2013 09:48:13,5/9/2013,09:48:13,4.44,11.44,75.19,950.95,207
5/9/2013 09:48:28,5/9/2013,09:48:28,2.43,11.72,76.69,950.95,219
5/9/2013 09:48:43,5/9/2013,09:48:43,2.76,11.72,76.19,950.93,247
5/9/2013 09:48:58,5/9/2013,09:48:58,2.68,11.89,76.90,950.91,216
5/9/2013 09:49:13,5/9/2013,09:49:13,3.07,11.85,75.90,950.91,188
5/9/2013 09:49:28,5/9/2013,09:49:28,2.62,11.77,75.19,950.92,168
5/9/2013 09:49:43,5/9/2013,09:49:43,2.22,11.80,75.59,950.92,164
5/9/2013 09:49:58,5/9/2013,09:49:58,2.97,11.97,76.59,950.91,168
5/9/2013 09:50:13,5/9/2013,09:50:13,2.04,12.05,77.40,950.91,228
5/9/2013 09:50:28,5/9/2013,09:50:28,2.55,12.05,76.30,950.90,205
5/9/2013 09:50:43,5/9/2013,09:50:43,2.58,11.85,75.30,950.93,218
5/9/2013 09:50:58,5/9/2013,09:50:58,2.13,11.92,76.19,950.96,211
5/9/2013 09:51:13,5/9/2013,09:51:13,1.44,12.05,76.19,950.97,208
5/9/2013 09:51:28,5/9/2013,09:51:28,2.85,11.80,75.00,950.93,156
5/9/2013 09:51:43,5/9/2013,09:51:43,2.60,11.85,76.40,950.92,149
5/9/2013 09:51:58,5/9/2013,09:51:58,2.94,11.72,75.00,950.89,163
5/9/2013 09:52:13,5/9/2013,09:52:13,2.15,11.80,75.30,950.85,222
5/9/2013 09:52:28,5/9/2013,09:52:28,1.90,11.80,75.19,950.85,197
5/9/2013 09:52:43,5/9/2013,09:52:43,2.58,11.80,76.69,950.91,193
5/9/2013 09:52:58,5/9/2013,09:52:58,3.92,11.72,76.30,950.92,132
5/9/2013 09:53:13,5/9/2013,09:53:13,2.47,11.77,75.19,950.88,184
5/9/2013 09:53:28,5/9/2013,09:53:28,2.39,11.64,74.59,950.88,161
5/9/2013 09:53:43,5/9/2013,09:53:43,1.44,11.77,75.19,950.92,147
5/9/2013 09:53:58,5/9/2013,09:53:58,1.57,11.72,75.19,950.93,229
5/9/2013 09:54:13,5/9/2013,09:54:13,3.94,11.52,75.00,950.92,210
5/9/2013 09:54:28,5/9/2013,09:54:28,3.19,11.50,75.00,950.97,197
5/9/2013 09:54:43,5/9/2013,09:54:43,2.04,11.57,76.30,950.99,149
5/9/2013 09:54:58,5/9/2013,09:54:58,2.79,11.57,77.00,950.99,209
5/9/2013 09:55:13,5/9/2013,09:55:13,1.83,11.62,76.69,951.03,200
5/9/2013 09:55:28,5/9/2013,09:55:28,0.96,11.64,77.90,951.05,172
5/9/2013 09:55:43,5/9/2013,09:55:43,3.04,11.50,75.19,951.03,204
5/9/2013 09:55:58,5/9/2013,09:55:58,3.46,11.42,75.59,951.01,239
5/9/2013 09:56:13,5/9/2013,09:56:13,2.53,11.42,75.09,951.00,206
5/9/2013 09:56:28,5/9/2013,09:56:28,2.78,11.32,74.50,951.00,206
5/9/2013 09:56:43,5/9/2013,09:56:43,2.10,11.32,74.69,951.00,224
5/9/2013 09:56:58,5/9/2013,09:56:58,4.08,11.17,74.50,950.97,233
5/9/2013 09:57:13,5/9/2013,09:57:13,4.39,11.10,75.19,950.99,207
5/9/2013 09:57:28,5/9/2013,09:57:28,4.25,11.14,74.80,951.00,217
5/9/2013 09:57:43,5/9/2013,09:57:43,2.99,11.14,74.80,951.01,163
5/9/2013 09:57:58,5/9/2013,09:57:58,1.88,11.25,75.50,951.01,199
5/9/2013 09:58:13,5/9/2013,09:58:13,3.85,11.32,76.40,951.06,212
5/9/2013 09:58:28,5/9/2013,09:58:28,3.39,11.37,76.69,951.09,205
5/9/2013 09:58:43,5/9/2013,09:58:43,1.07,11.52,77.19,950.98,165
5/9/2013 09:58:58,5/9/2013,09:58:58,2.08,11.44,77.09,951.05,200
5/9/2013 09:59:13,5/9/2013,09:59:13,0.63,11.52,75.30,951.04,238
5/9/2013 09:59:28,5/9/2013,09:59:28,3.42,11.30,72.90,951.01,183
5/9/2013 09:59:43,5/9/2013,09:59:43,3.68,11.22,72.30,951.03,217
5/9/2013 09:59:58,5/9/2013,09:59:58,2.15,11.32,72.80,951.03,208
5/9/2013 10:00:13,5/9/2013,10:00:13,3.99,11.17,72.50,951.04,210
5/9/2013 10:00:28,5/9/2013,10:00:28,5.26,11.05,73.30,950.99,211
5/9/2013 10:00:43,5/9/2013,10:00:43,4.22,11.05,73.80,950.97,198
5/9/2013 10:00:58,5/9/2013,10:00:58,3.87,11.10,74.40,950.97,196
5/9/2013 10:01:13,5/9/2013,10:01:13,4.94,11.02,74.69,950.93,204
5/9/2013 10:01:28,5/9/2013,10:01:28,5.26,10.97,74.09,950.95,211
5/9/2013 10:01:43,5/9/2013,10:01:43,4.01,11.05,75.40,950.97,198
5/9/2013 10:01:58,5/9/2013,10:01:58,5.00,10.94,74.50,950.97,191
5/9/2013 10:02:13,5/9/2013,10:02:13,4.08,10.97,75.00,951.00,147
5/9/2013 10:02:28,5/9/2013,10:02:28,2.41,11.05,75.09,951.00,191
5/9/2013 10:02:43,5/9/2013,10:02:43,2.41,11.05,75.09,950.98,209
5/9/2013 10:02:58,5/9/2013,10:02:58,2.65,11.05,74.90,950.98,200
5/9/2013 10:03:13,5/9/2013,10:03:13,3.96,11.02,75.09,950.98,203
5/9/2013 10:03:28,5/9/2013,10:03:28,3.63,10.97,74.40,950.99,207
5/9/2013 10:03:43,5/9/2013,10:03:43,4.40,11.02,75.69,951.05,191
5/9/2013 10:03:58,5/9/2013,10:03:58,5.03,10.97,74.09,951.09,220
5/9/2013 10:04:13,5/9/2013,10:04:13,5.77,10.87,72.90,951.04,202
5/9/2013 10:04:28,5/9/2013,10:04:28,3.76,10.94,74.69,951.01,202
5/9/2013 10:04:43,5/9/2013,10:04:43,3.82,10.89,74.09,950.99,231
5/9/2013 10:04:58,5/9/2013,10:04:58,2.93,10.94,73.80,950.99,164
5/9/2013 10:05:13,5/9/2013,10:05:13,4.00,10.87,74.59,951.00,208
5/9/2013 10:05:28,5/9/2013,10:05:28,4.54,10.87,75.00,951.01,202
5/9/2013 10:05:43,5/9/2013,10:05:43,4.94,10.82,74.09,950.99,210
5/9/2013 10:05:58,5/9/2013,10:05:58,3.52,10.87,75.09,951.03,182
5/9/2013 10:06:13,5/9/2013,10:06:13,3.02,10.94,75.00,951.00,199
5/9/2013 10:06:28,5/9/2013,10:06:28,3.06,10.94,75.30,951.01,211
5/9/2013 10:06:43,5/9/2013,10:06:43,3.50,10.94,75.19,951.01,169
5/9/2013 10:06:58,5/9/2013,10:06:58,1.43,11.02,75.90,951.08,157
5/9/2013 10:07:13,5/9/2013,10:07:13,2.10,11.02,75.50,951.11,213
5/9/2013 10:07:28,5/9/2013,10:07:28,6.08,10.77,74.09,951.09,205
5/9/2013 10:07:43,5/9/2013,10:07:43,5.90,10.77,74.50,951.05,182
5/9/2013 10:07:58,5/9/2013,10:07:58,3.07,10.87,74.69,951.06,192
5/9/2013 10:08:13,5/9/2013,10:08:13,4.10,10.77,74.19,951.05,212
5/9/2013 10:08:28,5/9/2013,10:08:28,3.54,10.87,74.59,951.07,200
5/9/2013 10:08:43,5/9/2013,10:08:43,2.27,10.87,75.40,951.08,206
5/9/2013 10:08:58,5/9/2013,10:08:58,2.75,10.82,75.00,951.06,225
5/9/2013 10:09:13,5/9/2013,10:09:13,2.27,10.87,74.59,951.04,136
5/9/2013 10:09:28,5/9/2013,10:09:28,3.73,10.82,74.50,951.04,207
5/9/2013 10:09:43,5/9/2013,10:09:43,5.10,10.77,74.59,951.05,202
5/9/2013 10:09:58,5/9/2013,10:09:58,3.92,10.77,74.90,951.11,231
5/9/2013 10:10:13,5/9/2013,10:10:13,3.89,10.77,75.19,951.11,211
5/9/2013 10:10:28,5/9/2013,10:10:28,3.11,10.77,75.00,951.11,206
5/9/2013 10:10:43,5/9/2013,10:10:43,2.65,10.77,74.19,951.09,229
5/9/2013 10:10:58,5/9/2013,10:10:58,3.73,10.77,74.59,951.07,203
5/9/2013 10:11:13,5/9/2013,10:11:13,4.86,10.82,74.50,951.06,210
5/9/2013 10:11:28,5/9/2013,10:11:28,4.83,10.87,74.90,951.07,212
5/9/2013 10:11:43,5/9/2013,10:11:43,3.90,10.87,74.80,951.07,224
5/9/2013 10:11:58,5/9/2013,10:11:58,2.97,10.87,74.19,951.08,139
5/9/2013 10:12:13,5/9/2013,10:12:13,3.16,10.89,74.90,951.11,228
5/9/2013 10:12:28,5/9/2013,10:12:28,2.76,10.94,75.30,951.09,177
5/9/2013 10:12:43,5/9/2013,10:12:43,3.61,10.94,75.00,951.08,215
5/9/2013 10:12:58,5/9/2013,10:12:58,4.48,10.77,73.09,951.06,200
5/9/2013 10:13:13,5/9/2013,10:13:13,4.22,10.87,74.09,951.05,212
5/9/2013 10:13:28,5/9/2013,10:13:28,3.86,10.87,74.50,951.05,192
5/9/2013 10:13:43,5/9/2013,10:13:43,3.69,10.89,74.69,951.05,174
5/9/2013 10:13:58,5/9/2013,10:13:58,3.75,11.02,75.00,951.06,204
5/9/2013 10:14:13,5/9/2013,10:14:13,4.65,10.89,73.30,951.06,208
5/9/2013 10:14:28,5/9/2013,10:14:28,5.76,10.94,73.90,951.06,209
5/9/2013 10:14:43,5/9/2013,10:14:43,5.89,10.89,73.09,951.06,203
5/9/2013 10:14:58,5/9/2013,10:14:58,5.47,10.94,73.80,951.09,208
5/9/2013 10:15:13,5/9/2013,10:15:13,5.31,10.87,73.30,951.08,209
5/9/2013 10:15:28,5/9/2013,10:15:28,1.69,11.02,74.19,951.08,166
5/9/2013 10:15:43,5/9/2013,10:15:43,2.08,11.02,73.69,951.09,158
5/9/2013 10:15:58,5/9/2013,10:15:58,2.38,11.02,74.80,951.08,201
5/9/2013 10:16:13,5/9/2013,10:16:13,2.64,11.02,74.59,951.08,200
5/9/2013 10:16:28,5/9/2013,10:16:28,4.26,10.94,73.90,951.06,193
5/9/2013 10:16:43,5/9/2013,10:16:43,3.15,11.10,74.50,951.08,185
5/9/2013 10:16:58,5/9/2013,10:16:58,2.13,11.17,75.50,951.06,221
5/9/2013 10:17:13,5/9/2013,10:17:13,2.83,11.25,75.30,951.03,176
5/9/2013 10:17:28,5/9/2013,10:17:28,3.11,11.32,75.50,951.05,186
5/9/2013 10:17:43,5/9/2013,10:17:43,3.36,11.25,74.30,951.00,167
5/9/2013 10:17:58,5/9/2013,10:17:58,1.69,11.42,75.69,951.03,206
5/9/2013 10:18:13,5/9/2013,10:18:13,1.92,11.42,74.90,951.04,161
5/9/2013 10:18:28,5/9/2013,10:18:28,1.88,11.50,75.80,951.06,220
5/9/2013 10:18:43,5/9/2013,10:18:43,4.07,11.30,74.19,951.04,203
5/9/2013 10:18:58,5/9/2013,10:18:58,3.75,11.30,74.59,951.07,83
5/9/2013 10:19:13,5/9/2013,10:19:13,6.24,11.17,73.30,951.00,191
5/9/2013 10:19:28,5/9/2013,10:19:28,5.96,11.17,73.40,950.99,164
5/9/2013 10:19:43,5/9/2013,10:19:43,5.13,11.17,72.80,950.93,208
5/9/2013 10:19:58,5/9/2013,10:19:58,2.64,11.30,74.30,950.95,199
5/9/2013 10:20:13,5/9/2013,10:20:13,2.54,11.37,74.90,950.99,215
5/9/2013 10:20:28,5/9/2013,10:20:28,2.10,11.32,73.50,951.03,206
5/9/2013 10:20:43,5/9/2013,10:20:43,3.71,11.14,72.00,950.97,188
5/9/2013 10:20:58,5/9/2013,10:20:58,3.80,11.17,73.59,950.96,186
5/9/2013 10:21:13,5/9/2013,10:21:13,3.86,11.17,73.80,950.97,232
5/9/2013 10:21:28,5/9/2013,10:21:28,3.13,11.22,73.59,950.95,173
5/9/2013 10:21:43,5/9/2013,10:21:43,3.85,11.10,73.09,950.95,210
5/9/2013 10:21:58,5/9/2013,10:21:58,3.71,11.17,74.00,950.96,211
5/9/2013 10:22:13,5/9/2013,10:22:13,4.31,11.14,73.50,950.97,213
5/9/2013 10:22:28,5/9/2013,10:22:28,4.40,11.10,73.09,950.95,216
5/9/2013 10:22:43,5/9/2013,10:22:43,3.16,11.17,73.50,950.95,176
5/9/2013 10:22:58,5/9/2013,10:22:58,2.94,11.17,73.80,950.97,196
5/9/2013 10:23:13,5/9/2013,10:23:13,2.57,11.22,75.40,950.98,178
5/9/2013 10:23:28,5/9/2013,10:23:28,2.74,11.17,73.59,950.98,212
5/9/2013 10:23:43,5/9/2013,10:23:43,1.68,11.32,74.59,950.99,200
5/9/2013 10:23:58,5/9/2013,10:23:58,3.87,11.22,73.40,951.03,197
5/9/2013 10:24:13,5/9/2013,10:24:13,2.78,11.17,72.09,950.99,198
5/9/2013 10:24:28,5/9/2013,10:24:28,4.18,11.10,72.30,950.96,131
5/9/2013 10:24:43,5/9/2013,10:24:43,4.57,11.05,72.09,950.96,209
5/9/2013 10:24:58,5/9/2013,10:24:58,3.39,11.10,73.50,950.99,204
5/9/2013 10:25:13,5/9/2013,10:25:13,3.51,11.10,73.40,951.04,203
5/9/2013 10:25:28,5/9/2013,10:25:28,4.65,11.02,72.19,951.07,190
5/9/2013 10:25:43,5/9/2013,10:25:43,3.82,11.02,72.80,951.04,173
5/9/2013 10:25:58,5/9/2013,10:25:58,3.96,10.94,72.30,951.04,248
5/9/2013 10:26:13,5/9/2013,10:26:13,4.29,10.89,72.40,951.04,204
5/9/2013 10:26:28,5/9/2013,10:26:28,4.25,10.94,72.40,951.05,210
5/9/2013 10:26:43,5/9/2013,10:26:43,3.00,10.94,73.40,951.03,180
5/9/2013 10:26:58,5/9/2013,10:26:58,3.94,10.94,72.50,951.03,209
5/9/2013 10:27:13,5/9/2013,10:27:13,2.38,11.10,73.90,951.04,197
5/9/2013 10:27:28,5/9/2013,10:27:28,3.71,11.05,71.69,950.97,205
5/9/2013 10:27:43,5/9/2013,10:27:43,4.00,11.02,71.69,950.99,212
5/9/2013 10:27:58,5/9/2013,10:27:58,2.68,11.10,73.80,951.01,190
5/9/2013 10:28:13,5/9/2013,10:28:13,1.93,11.10,73.30,951.03,194
5/9/2013 10:28:28,5/9/2013,10:28:28,3.64,11.02,72.40,951.04,196
5/9/2013 10:28:43,5/9/2013,10:28:43,3.44,11.02,72.00,951.00,196
5/9/2013 10:28:58,5/9/2013,10:28:58,3.97,10.94,72.90,951.00,199
5/9/2013 10:29:13,5/9/2013,10:29:13,3.08,10.94,72.30,950.99,221
5/9/2013 10:29:28,5/9/2013,10:29:28,2.11,11.02,72.50,950.97,182
5/9/2013 10:29:43,5/9/2013,10:29:43,3.40,10.97,73.19,950.93,221
5/9/2013 10:29:58,5/9/2013,10:29:58,3.32,10.97,73.40,950.96,228
5/9/2013 10:30:13,5/9/2013,10:30:13,4.36,10.89,72.90,950.99,206
5/9/2013 10:30:28,5/9/2013,10:30:28,2.61,10.97,73.19,951.00,195
5/9/2013 10:30:43,5/9/2013,10:30:43,2.07,11.02,74.00,951.00,174
5/9/2013 10:30:58,5/9/2013,10:30:58,1.81,11.02,73.19,951.03,188
5/9/2013 10:31:13,5/9/2013,10:31:13,2.34,11.02,72.90,951.00,168
5/9/2013 10:31:28,5/9/2013,10:31:28,3.56,10.94,71.50,950.95,202
5/9/2013 10:31:43,5/9/2013,10:31:43,4.51,10.94,71.40,950.95,207
5/9/2013 10:31:58,5/9/2013,10:31:58,3.11,10.94,72.00,950.95,213
5/9/2013 10:32:13,5/9/2013,10:32:13,3.16,10.97,72.90,950.95,208
5/9/2013 10:32:28,5/9/2013,10:32:28,3.80,10.94,72.90,950.99,205
5/9/2013 10:32:43,5/9/2013,10:32:43,3.28,10.97,73.09,950.95,222
5/9/2013 10:32:58,5/9/2013,10:32:58,4.75,10.97,72.90,950.99,186
5/9/2013 10:33:13,5/9/2013,10:33:13,3.97,11.10,72.80,950.99,196
5/9/2013 10:33:28,5/9/2013,10:33:28,4.61,11.22,73.40,950.93,218
5/9/2013 10:33:43,5/9/2013,10:33:43,4.65,11.37,74.30,950.88,158
5/9/2013 10:33:58,5/9/2013,10:33:58,1.99,11.42,74.30,950.89,222
5/9/2013 10:34:13,5/9/2013,10:34:13,4.33,11.32,73.09,950.88,231
5/9/2013 10:34:28,5/9/2013,10:34:28,4.48,11.32,73.40,950.93,215
5/9/2013 10:34:43,5/9/2013,10:34:43,5.08,11.17,71.69,950.95,202
5/9/2013 10:34:58,5/9/2013,10:34:58,4.32,11.25,70.50,950.92,205
5/9/2013 10:35:13,5/9/2013,10:35:13,4.03,11.32,70.50,950.82,185
5/9/2013 10:35:28,5/9/2013,10:35:28,4.89,11.50,72.09,950.81,178
5/9/2013 10:35:43,5/9/2013,10:35:43,4.13,11.64,71.80,950.83,219
5/9/2013 10:35:58,5/9/2013,10:35:58,2.99,11.80,72.50,950.84,150
5/9/2013 10:36:13,5/9/2013,10:36:13,3.68,11.80,71.69,950.84,176
5/9/2013 10:36:28,5/9/2013,10:36:28,3.07,11.85,71.59,950.85,202
5/9/2013 10:36:43,5/9/2013,10:36:43,3.87,11.64,70.69,950.84,215
5/9/2013 10:36:58,5/9/2013,10:36:58,2.92,11.72,70.40,950.83,201
5/9/2013 10:37:13,5/9/2013,10:37:13,3.76,11.89,71.30,950.83,211
5/9/2013 10:37:28,5/9/2013,10:37:28,4.33,12.05,72.50,950.82,209
5/9/2013 10:37:43,5/9/2013,10:37:43,3.35,12.17,72.19,950.80,242
5/9/2013 10:37:58,5/9/2013,10:37:58,3.15,12.05,70.90,950.79,192
5/9/2013 10:38:13,5/9/2013,10:38:13,4.34,11.89,71.19,950.77,233
5/9/2013 10:38:28,5/9/2013,10:38:28,4.73,11.80,70.90,950.75,191
5/9/2013 10:38:43,5/9/2013,10:38:43,4.75,11.80,70.50,950.74,191
5/9/2013 10:38:58,5/9/2013,10:38:58,3.69,11.89,72.00,950.76,202
5/9/2013 10:39:13,5/9/2013,10:39:13,2.81,11.89,71.50,950.79,207
5/9/2013 10:39:28,5/9/2013,10:39:28,2.13,11.89,70.40,950.77,180
5/9/2013 10:39:43,5/9/2013,10:39:43,2.15,11.89,70.09,950.82,198
5/9/2013 10:39:58,5/9/2013,10:39:58,1.93,11.85,69.69,950.79,192
5/9/2013 10:40:13,5/9/2013,10:40:13,3.49,11.69,70.00,950.75,225
5/9/2013 10:40:28,5/9/2013,10:40:28,3.40,11.64,69.90,950.74,228
5/9/2013 10:40:43,5/9/2013,10:40:43,2.47,11.77,72.09,950.73,185
5/9/2013 10:40:58,5/9/2013,10:40:58,1.14,11.92,73.00,950.73,219
5/9/2013 10:41:13,5/9/2013,10:41:13,2.29,11.92,72.30,950.72,206
5/9/2013 10:41:28,5/9/2013,10:41:28,2.76,11.97,71.59,950.76,53
5/9/2013 10:41:43,5/9/2013,10:41:43,3.69,11.85,71.30,950.75,186
5/9/2013 10:41:58,5/9/2013,10:41:58,3.96,11.80,71.30,950.73,204
5/9/2013 10:42:13,5/9/2013,10:42:13,3.26,11.85,71.19,950.71,226
5/9/2013 10:42:28,5/9/2013,10:42:28,4.33,11.77,71.19,950.69,210
5/9/2013 10:42:43,5/9/2013,10:42:43,4.59,11.72,71.59,950.68,193
5/9/2013 10:42:58,5/9/2013,10:42:58,3.13,11.80,72.40,950.73,181
5/9/2013 10:43:13,5/9/2013,10:43:13,2.50,11.80,72.19,950.76,186
5/9/2013 10:43:28,5/9/2013,10:43:28,1.54,11.89,72.80,950.76,183
5/9/2013 10:43:43,5/9/2013,10:43:43,2.14,11.85,72.50,950.76,205
5/9/2013 10:43:58,5/9/2013,10:43:58,3.93,11.72,71.19,950.74,220
5/9/2013 10:44:13,5/9/2013,10:44:13,4.40,11.72,71.90,950.74,205
5/9/2013 10:44:28,5/9/2013,10:44:28,3.52,11.80,71.90,950.72,200
5/9/2013 10:44:43,5/9/2013,10:44:43,3.37,11.85,71.50,950.74,211
5/9/2013 10:44:58,5/9/2013,10:44:58,3.79,11.85,71.90,950.75,213
5/9/2013 10:45:13,5/9/2013,10:45:13,4.14,11.80,72.40,950.75,213
5/9/2013 10:45:28,5/9/2013,10:45:28,3.59,11.80,71.40,950.79,195
5/9/2013 10:45:43,5/9/2013,10:45:43,2.97,11.80,70.90,950.82,202
5/9/2013 10:45:58,5/9/2013,10:45:58,3.86,11.64,69.09,950.77,162
5/9/2013 10:46:13,5/9/2013,10:46:13,2.29,11.80,69.40,950.79,149
5/9/2013 10:46:28,5/9/2013,10:46:28,1.57,11.92,70.30,950.77,159
5/9/2013 10:46:43,5/9/2013,10:46:43,3.07,11.85,69.50,950.81,177
5/9/2013 10:46:58,5/9/2013,10:46:58,3.87,11.89,69.90,950.76,194
5/9/2013 10:47:13,5/9/2013,10:47:13,2.94,11.89,69.69,950.76,197
5/9/2013 10:47:28,5/9/2013,10:47:28,4.29,11.92,70.40,950.77,186
5/9/2013 10:47:43,5/9/2013,10:47:43,3.72,11.97,69.50,950.76,166
5/9/2013 10:47:58,5/9/2013,10:47:58,2.76,12.10,70.59,950.76,185
5/9/2013 10:48:13,5/9/2013,10:48:13,2.79,12.10,69.59,950.74,198
5/9/2013 10:48:28,5/9/2013,10:48:28,3.19,12.12,69.19,950.72,210
5/9/2013 10:48:43,5/9/2013,10:48:43,3.64,12.19,70.30,950.76,204
5/9/2013 10:48:58,5/9/2013,10:48:58,6.40,11.97,68.69,950.73,211
5/9/2013 10:49:13,5/9/2013,10:49:13,6.25,11.89,68.90,950.76,219
5/9/2013 10:49:28,5/9/2013,10:49:28,6.86,11.77,67.69,950.74,199
5/9/2013 10:49:43,5/9/2013,10:49:43,5.94,11.72,67.30,950.71,204
5/9/2013 10:49:58,5/9/2013,10:49:58,4.96,11.97,69.00,950.71,153
5/9/2013 10:50:13,5/9/2013,10:50:13,2.06,12.17,70.69,950.74,215
5/9/2013 10:50:28,5/9/2013,10:50:28,4.46,12.00,69.19,950.75,210
5/9/2013 10:50:43,5/9/2013,10:50:43,3.29,12.12,69.69,950.77,214
5/9/2013 10:50:58,5/9/2013,10:50:58,4.93,12.05,68.69,950.75,180
5/9/2013 10:51:13,5/9/2013,10:51:13,5.57,11.97,68.30,950.68,194
5/9/2013 10:51:28,5/9/2013,10:51:28,4.31,11.97,68.40,950.69,189
5/9/2013 10:51:43,5/9/2013,10:51:43,2.48,12.12,70.30,950.72,184
5/9/2013 10:51:58,5/9/2013,10:51:58,4.38,12.05,68.69,950.83,200
5/9/2013 10:52:13,5/9/2013,10:52:13,3.39,12.00,67.90,950.84,265
5/9/2013 10:52:28,5/9/2013,10:52:28,3.87,11.89,66.80,950.81,212
5/9/2013 10:52:43,5/9/2013,10:52:43,4.39,11.80,68.40,950.81,211
5/9/2013 10:52:58,5/9/2013,10:52:58,5.82,11.64,68.90,950.79,202
5/9/2013 10:53:13,5/9/2013,10:53:13,5.21,11.64,68.90,950.76,197
5/9/2013 10:53:28,5/9/2013,10:53:28,5.10,11.57,69.09,950.77,204
5/9/2013 10:53:43,5/9/2013,10:53:43,3.56,11.64,69.80,950.82,201
5/9/2013 10:53:58,5/9/2013,10:53:58,4.33,11.57,69.90,950.79,212
5/9/2013 10:54:13,5/9/2013,10:54:13,3.69,11.57,69.80,950.77,213
5/9/2013 10:54:28,5/9/2013,10:54:28,2.99,11.57,69.90,950.77,200
5/9/2013 10:54:43,5/9/2013,10:54:43,4.01,11.44,69.80,950.77,184
5/9/2013 10:54:58,5/9/2013,10:54:58,2.71,11.52,69.50,950.81,208
5/9/2013 10:55:13,5/9/2013,10:55:13,1.88,11.62,69.69,950.81,187
5/9/2013 10:55:28,5/9/2013,10:55:28,1.33,11.64,71.00,950.80,210
5/9/2013 10:55:43,5/9/2013,10:55:43,2.11,11.62,70.19,950.81,199
5/9/2013 10:55:58,5/9/2013,10:55:58,2.68,11.62,70.59,950.76,226
5/9/2013 10:56:13,5/9/2013,10:56:13,2.41,11.57,71.19,950.76,221
5/9/2013 10:56:28,5/9/2013,10:56:28,1.85,11.62,70.30,950.75,187
5/9/2013 10:56:43,5/9/2013,10:56:43,1.15,11.69,70.40,950.75,234
5/9/2013 10:56:58,5/9/2013,10:56:58,4.50,11.52,69.90,950.76,217
5/9/2013 10:57:13,5/9/2013,10:57:13,3.52,11.52,70.00,950.81,207
5/9/2013 10:57:28,5/9/2013,10:57:28,2.32,11.62,71.30,950.83,154
5/9/2013 10:57:43,5/9/2013,10:57:43,7.39,11.30,68.80,950.79,219
5/9/2013 10:57:58,5/9/2013,10:57:58,4.79,11.30,68.40,950.82,190
5/9/2013 10:58:13,5/9/2013,10:58:13,5.83,11.17,67.69,950.83,200
5/9/2013 10:58:28,5/9/2013,10:58:28,4.72,11.22,69.19,950.83,219
5/9/2013 10:58:43,5/9/2013,10:58:43,4.40,11.17,68.50,950.84,212
5/9/2013 10:58:58,5/9/2013,10:58:58,4.57,11.14,69.09,950.82,220
5/9/2013 10:59:13,5/9/2013,10:59:13,5.36,11.10,70.09,950.81,197
5/9/2013 10:59:28,5/9/2013,10:59:28,3.40,11.14,69.30,950.80,234
5/9/2013 10:59:43,5/9/2013,10:59:43,5.15,11.05,69.69,950.77,196
5/9/2013 10:59:58,5/9/2013,10:59:58,2.32,11.17,71.40,950.81,197
5/9/2013 11:00:13,5/9/2013,11:00:13,5.89,11.02,69.50,950.84,206
5/9/2013 11:00:28,5/9/2013,11:00:28,5.24,11.02,68.19,950.81,202
5/9/2013 11:00:43,5/9/2013,11:00:43,3.72,11.10,68.50,950.76,201
5/9/2013 11:00:58,5/9/2013,11:00:58,4.31,11.02,68.90,950.75,221
5/9/2013 11:01:13,5/9/2013,11:01:13,4.83,11.10,69.19,950.75,211
5/9/2013 11:01:28,5/9/2013,11:01:28,4.75,11.14,70.09,950.76,201
5/9/2013 11:01:43,5/9/2013,11:01:43,3.79,11.14,71.00,950.73,169
5/9/2013 11:01:58,5/9/2013,11:01:58,4.14,11.10,71.30,950.74,204
5/9/2013 11:02:13,5/9/2013,11:02:13,5.17,11.05,70.00,950.75,208
5/9/2013 11:02:28,5/9/2013,11:02:28,2.48,11.17,71.09,950.73,252
5/9/2013 11:02:43,5/9/2013,11:02:43,4.50,11.10,70.80,950.73,231
5/9/2013 11:02:58,5/9/2013,11:02:58,4.71,11.10,70.59,950.73,175
5/9/2013 11:03:13,5/9/2013,11:03:13,3.90,11.10,70.40,950.76,199
5/9/2013 11:03:28,5/9/2013,11:03:28,2.74,11.17,71.50,950.75,195
5/9/2013 11:03:43,5/9/2013,11:03:43,5.13,11.05,70.19,950.74,233
5/9/2013 11:03:58,5/9/2013,11:03:58,5.43,11.02,69.19,950.72,232
5/9/2013 11:04:13,5/9/2013,11:04:13,4.65,11.02,70.50,950.75,215
5/9/2013 11:04:28,5/9/2013,11:04:28,6.58,10.97,69.50,950.81,202
5/9/2013 11:04:43,5/9/2013,11:04:43,3.37,11.02,68.40,950.76,201
5/9/2013 11:04:58,5/9/2013,11:04:58,2.58,11.10,69.80,950.74,194
5/9/2013 11:05:13,5/9/2013,11:05:13,5.03,10.97,69.50,950.73,194
5/9/2013 11:05:28,5/9/2013,11:05:28,4.04,11.02,70.00,950.75,209
5/9/2013 11:05:43,5/9/2013,11:05:43,4.18,11.02,70.80,950.75,205
5/9/2013 11:05:58,5/9/2013,11:05:58,3.52,11.10,70.59,950.73,202
5/9/2013 11:06:13,5/9/2013,11:06:13,4.64,11.02,70.09,950.74,220
5/9/2013 11:06:28,5/9/2013,11:06:28,4.06,11.10,69.80,950.73,205
5/9/2013 11:06:43,5/9/2013,11:06:43,4.43,11.05,70.09,950.73,214
5/9/2013 11:06:58,5/9/2013,11:06:58,2.90,11.14,71.19,950.72,187
5/9/2013 11:07:13,5/9/2013,11:07:13,4.14,11.10,71.00,950.72,199
5/9/2013 11:07:28,5/9/2013,11:07:28,5.17,11.02,70.19,950.69,211
5/9/2013 11:07:43,5/9/2013,11:07:43,3.65,11.10,71.19,950.69,176
5/9/2013 11:07:58,5/9/2013,11:07:58,5.01,11.02,70.50,950.69,223
5/9/2013 11:08:13,5/9/2013,11:08:13,5.14,11.02,70.80,950.72,185
5/9/2013 11:08:28,5/9/2013,11:08:28,4.50,11.02,70.40,950.73,228
5/9/2013 11:08:43,5/9/2013,11:08:43,5.76,10.94,69.90,950.69,213
5/9/2013 11:08:58,5/9/2013,11:08:58,2.88,11.02,70.59,950.67,195
5/9/2013 11:09:13,5/9/2013,11:09:13,5.21,10.94,70.80,950.68,213
5/9/2013 11:09:28,5/9/2013,11:09:28,3.39,11.02,71.00,950.68,188
5/9/2013 11:09:43,5/9/2013,11:09:43,4.28,11.02,70.30,950.66,228
5/9/2013 11:09:58,5/9/2013,11:09:58,3.94,11.02,71.19,950.67,198
5/9/2013 11:10:13,5/9/2013,11:10:13,4.34,11.10,71.19,950.71,195
5/9/2013 11:10:28,5/9/2013,11:10:28,4.68,11.05,71.19,950.68,205
5/9/2013 11:10:43,5/9/2013,11:10:43,3.23,11.10,71.59,950.66,176
5/9/2013 11:10:58,5/9/2013,11:10:58,3.72,11.17,72.09,950.67,199
5/9/2013 11:11:13,5/9/2013,11:11:13,3.15,11.17,71.90,950.69,234
5/9/2013 11:11:28,5/9/2013,11:11:28,2.65,11.22,71.40,950.73,192
5/9/2013 11:11:43,5/9/2013,11:11:43,4.62,11.17,70.90,950.71,242
5/9/2013 11:11:58,5/9/2013,11:11:58,5.28,11.17,71.80,950.68,214
5/9/2013 11:12:13,5/9/2013,11:12:13,5.08,11.17,71.90,950.67,200
5/9/2013 11:12:28,5/9/2013,11:12:28,4.68,11.14,71.19,950.67,189
5/9/2013 11:12:43,5/9/2013,11:12:43,3.47,11.17,70.30,950.65,201
5/9/2013 11:12:58,5/9/2013,11:12:58,4.03,11.22,70.80,950.65,214
5/9/2013 11:13:13,5/9/2013,11:13:13,3.76,11.32,71.80,950.63,181
5/9/2013 11:13:28,5/9/2013,11:13:28,3.85,11.37,71.69,950.61,213
5/9/2013 11:13:43,5/9/2013,11:13:43,2.86,11.44,70.90,950.59,197
5/9/2013 11:13:58,5/9/2013,11:13:58,4.13,11.57,72.19,950.55,208
5/9/2013 11:14:13,5/9/2013,11:14:13,4.08,11.50,71.00,950.55,202
5/9/2013 11:14:28,5/9/2013,11:14:28,1.50,11.64,72.00,950.52,163
5/9/2013 11:14:43,5/9/2013,11:14:43,1.62,11.69,71.69,950.51,181
5/9/2013 11:14:58,5/9/2013,11:14:58,0.93,11.80,72.40,950.50,140
5/9/2013 11:15:13,5/9/2013,11:15:13,2.25,11.77,72.09,950.50,152
5/9/2013 11:15:28,5/9/2013,11:15:28,1.78,11.77,70.59,950.50,140
5/9/2013 11:15:43,5/9/2013,11:15:43,1.10,11.89,70.50,950.49,148
5/9/2013 11:15:58,5/9/2013,11:15:58,1.21,11.89,71.69,950.48,194
5/9/2013 11:16:13,5/9/2013,11:16:13,3.71,11.72,69.40,950.42,184
5/9/2013 11:16:28,5/9/2013,11:16:28,3.44,11.77,71.19,950.44,140
5/9/2013 11:16:43,5/9/2013,11:16:43,2.07,11.85,71.30,950.45,154
5/9/2013 11:16:58,5/9/2013,11:16:58,3.78,11.64,69.40,950.48,172
5/9/2013 11:17:13,5/9/2013,11:17:13,3.18,11.62,69.30,950.51,202
5/9/2013 11:17:28,5/9/2013,11:17:28,5.03,11.50,69.00,950.49,200
5/9/2013 11:17:43,5/9/2013,11:17:43,4.33,11.42,68.69,950.50,204
5/9/2013 11:17:58,5/9/2013,11:17:58,3.18,11.50,69.40,950.50,171
5/9/2013 11:18:13,5/9/2013,11:18:13,4.79,11.37,69.09,950.51,209
5/9/2013 11:18:28,5/9/2013,11:18:28,4.11,11.42,69.09,950.52,208
5/9/2013 11:18:43,5/9/2013,11:18:43,2.39,11.52,69.80,950.48,188
5/9/2013 11:18:58,5/9/2013,11:18:58,1.85,11.69,69.40,950.48,192
5/9/2013 11:19:13,5/9/2013,11:19:13,3.32,11.80,70.30,950.48,180
5/9/2013 11:19:28,5/9/2013,11:19:28,4.08,11.69,68.30,950.49,197
5/9/2013 11:19:43,5/9/2013,11:19:43,3.65,11.72,69.00,950.50,210
5/9/2013 11:19:58,5/9/2013,11:19:58,1.75,11.89,70.80,950.53,180
5/9/2013 11:20:13,5/9/2013,11:20:13,2.68,11.80,70.19,950.57,207
5/9/2013 11:20:28,5/9/2013,11:20:28,1.71,11.89,70.30,950.60,208
5/9/2013 11:20:43,5/9/2013,11:20:43,2.04,11.80,68.30,950.56,215
5/9/2013 11:20:58,5/9/2013,11:20:58,5.01,11.50,67.19,950.50,199
5/9/2013 11:21:13,5/9/2013,11:21:13,2.85,11.64,69.19,950.47,234
5/9/2013 11:21:28,5/9/2013,11:21:28,1.53,11.72,69.30,950.47,182
5/9/2013 11:21:43,5/9/2013,11:21:43,2.47,11.64,68.69,950.48,221
5/9/2013 11:21:58,5/9/2013,11:21:58,2.88,11.62,69.09,950.51,212
5/9/2013 11:22:13,5/9/2013,11:22:13,2.54,11.64,69.80,950.52,206
5/9/2013 11:22:28,5/9/2013,11:22:28,2.86,11.64,70.30,950.55,205
5/9/2013 11:22:43,5/9/2013,11:22:43,4.03,11.57,70.40,950.51,210
5/9/2013 11:22:58,5/9/2013,11:22:58,3.35,11.64,70.00,950.52,214
5/9/2013 11:23:13,5/9/2013,11:23:13,5.44,11.64,69.19,950.52,201
5/9/2013 11:23:28,5/9/2013,11:23:28,5.84,11.57,68.80,950.51,200
5/9/2013 11:23:43,5/9/2013,11:23:43,5.94,11.50,69.09,950.47,211
5/9/2013 11:23:58,5/9/2013,11:23:58,3.43,11.64,70.09,950.45,220
5/9/2013 11:24:13,5/9/2013,11:24:13,4.13,11.57,70.19,950.48,206
5/9/2013 11:24:28,5/9/2013,11:24:28,6.26,11.42,68.69,950.49,212
5/9/2013 11:24:43,5/9/2013,11:24:43,6.61,11.37,69.59,950.43,205
5/9/2013 11:24:58,5/9/2013,11:24:58,3.43,11.50,69.69,950.44,210
5/9/2013 11:25:13,5/9/2013,11:25:13,5.58,11.32,69.59,950.40,206
5/9/2013 11:25:28,5/9/2013,11:25:28,5.10,11.32,69.00,950.48,182
5/9/2013 11:25:43,5/9/2013,11:25:43,5.08,11.32,69.90,950.47,204
5/9/2013 11:25:58,5/9/2013,11:25:58,4.24,11.42,70.19,950.45,179
5/9/2013 11:26:13,5/9/2013,11:26:13,5.15,11.42,69.09,950.42,216
5/9/2013 11:26:28,5/9/2013,11:26:28,5.33,11.52,69.19,950.41,215
5/9/2013 11:26:43,5/9/2013,11:26:43,5.25,11.64,69.30,950.38,196
5/9/2013 11:26:58,5/9/2013,11:26:58,4.38,11.80,69.69,950.36,197
5/9/2013 11:27:13,5/9/2013,11:27:13,4.26,11.77,68.59,950.36,196
5/9/2013 11:27:28,5/9/2013,11:27:28,3.86,11.89,70.90,950.41,222
5/9/2013 11:27:43,5/9/2013,11:27:43,4.33,11.77,69.40,950.40,222
5/9/2013 11:27:58,5/9/2013,11:27:58,4.59,11.72,68.59,950.38,205
5/9/2013 11:28:13,5/9/2013,11:28:13,2.89,11.80,69.19,950.36,217
5/9/2013 11:28:28,5/9/2013,11:28:28,4.17,11.80,69.59,950.39,184
5/9/2013 11:28:43,5/9/2013,11:28:43,4.61,11.77,69.00,950.36,229
5/9/2013 11:28:58,5/9/2013,11:28:58,4.86,12.05,70.69,950.33,207
5/9/2013 11:29:13,5/9/2013,11:29:13,3.16,12.12,70.09,950.34,200
5/9/2013 11:29:28,5/9/2013,11:29:28,4.15,12.12,70.40,950.35,213
5/9/2013 11:29:43,5/9/2013,11:29:43,4.25,12.12,70.30,950.34,189
5/9/2013 11:29:58,5/9/2013,11:29:58,3.90,12.12,69.19,950.33,199
5/9/2013 11:30:13,5/9/2013,11:30:13,5.57,12.10,68.69,950.30,208
5/9/2013 11:30:28,5/9/2013,11:30:28,4.32,12.39,70.80,950.32,193
5/9/2013 11:30:43,5/9/2013,11:30:43,2.34,12.47,69.30,950.31,217
5/9/2013 11:30:58,5/9/2013,11:30:58,3.02,12.44,68.80,950.30,230
5/9/2013 11:31:13,5/9/2013,11:31:13,2.76,12.37,68.00,950.30,199
5/9/2013 11:31:28,5/9/2013,11:31:28,4.11,12.25,68.30,950.33,213
5/9/2013 11:31:43,5/9/2013,11:31:43,4.61,12.12,68.50,950.36,222
5/9/2013 11:31:58,5/9/2013,11:31:58,1.68,12.47,67.80,950.41,217
5/9/2013 11:32:13,5/9/2013,11:32:13,0.75,12.64,68.19,950.39,213
5/9/2013 11:32:28,5/9/2013,11:32:28,0.28,12.80,69.30,950.40,208
5/9/2013 11:32:43,5/9/2013,11:32:43,0.00,13.00,70.19,950.40,204
5/9/2013 11:32:58,5/9/2013,11:32:58,0.25,13.14,70.40,950.39,199
5/9/2013 11:33:13,5/9/2013,11:33:13,2.00,13.00,68.40,950.32,195
5/9/2013 11:33:28,5/9/2013,11:33:28,3.71,12.92,67.40,950.26,208
5/9/2013 11:33:43,5/9/2013,11:33:43,4.47,12.67,65.40,950.18,239
5/9/2013 11:33:58,5/9/2013,11:33:58,6.18,12.47,66.50,950.14,237
5/9/2013 11:34:13,5/9/2013,11:34:13,4.34,12.55,67.50,950.17,215
5/9/2013 11:34:28,5/9/2013,11:34:28,3.89,12.52,67.00,950.15,236
5/9/2013 11:34:43,5/9/2013,11:34:43,2.54,12.55,66.90,950.14,216
5/9/2013 11:34:58,5/9/2013,11:34:58,3.86,12.39,67.30,950.16,204
5/9/2013 11:35:13,5/9/2013,11:35:13,3.09,12.47,66.90,950.20,220
5/9/2013 11:35:28,5/9/2013,11:35:28,2.19,12.47,67.40,950.24,235
5/9/2013 11:35:43,5/9/2013,11:35:43,1.67,12.52,68.00,950.35,205
5/9/2013 11:35:58,5/9/2013,11:35:58,4.25,12.19,67.50,950.34,176
5/9/2013 11:36:13,5/9/2013,11:36:13,2.61,12.19,68.30,950.41,146
5/9/2013 11:36:28,5/9/2013,11:36:28,2.81,12.05,67.90,950.44,175
5/9/2013 11:36:43,5/9/2013,11:36:43,2.24,12.12,69.19,950.48,204
5/9/2013 11:36:58,5/9/2013,11:36:58,2.40,12.10,69.00,950.45,232
5/9/2013 11:37:13,5/9/2013,11:37:13,1.36,12.19,68.90,950.45,260
5/9/2013 11:37:28,5/9/2013,11:37:28,2.06,12.10,68.30,950.51,0
5/9/2013 11:37:43,5/9/2013,11:37:43,1.29,12.12,67.80,950.50,207
5/9/2013 11:37:58,5/9/2013,11:37:58,2.94,11.89,68.59,950.52,252
5/9/2013 11:38:13,5/9/2013,11:38:13,2.06,11.97,69.40,950.49,297
5/9/2013 11:38:28,5/9/2013,11:38:28,1.94,11.92,70.59,950.50,329
5/9/2013 11:38:43,5/9/2013,11:38:43,1.40,11.92,69.90,950.49,170
5/9/2013 11:38:58,5/9/2013,11:38:58,0.75,11.97,69.40,950.44,190
5/9/2013 11:39:13,5/9/2013,11:39:13,1.33,11.92,69.69,950.48,102
5/9/2013 11:39:28,5/9/2013,11:39:28,2.24,11.85,70.59,950.49,203
5/9/2013 11:39:43,5/9/2013,11:39:43,1.50,11.92,70.50,950.49,248
5/9/2013 11:39:58,5/9/2013,11:39:58,0.67,12.05,71.09,950.47,167
5/9/2013 11:40:13,5/9/2013,11:40:13,1.62,11.89,70.59,950.44,196
