DateTime,Date,Time,Wind,Temperature,Pressure,Humidity,Direction
[MM/DD/YYYY hh:mm:ss],[MM/DD/YYYY],[hh:mm:ss],[m/s],[¡C],[hPa],[%rH],[¡N]
11/7/2013 17:13:24,11/7/2013,17:13:24,0.00,14.35,952.49,62.00,335
11/7/2013 17:13:54,11/7/2013,17:13:54,0.00,14.10,952.81,58.20,243
11/7/2013 17:14:24,11/7/2013,17:14:24,0.00,13.55,952.91,57.29,309
11/7/2013 17:14:54,11/7/2013,17:14:54,0.00,13.07,953.00,55.20,304
11/7/2013 17:15:24,11/7/2013,17:15:24,0.00,12.75,953.05,55.79,303
11/7/2013 17:15:54,11/7/2013,17:15:54,0.00,12.44,953.07,55.70,310
11/7/2013 17:16:24,11/7/2013,17:16:24,0.00,12.17,953.09,56.09,310
11/7/2013 17:16:54,11/7/2013,17:16:54,0.00,11.89,953.12,56.59,310
11/7/2013 17:17:24,11/7/2013,17:17:24,0.00,11.64,953.13,56.90,310
11/7/2013 17:17:54,11/7/2013,17:17:54,0.00,11.42,953.08,57.50,310
11/7/2013 17:18:24,11/7/2013,17:18:24,0.00,11.25,953.08,57.79,310
11/7/2013 17:18:54,11/7/2013,17:18:54,0.00,11.02,953.07,58.09,313
11/7/2013 17:19:24,11/7/2013,17:19:24,0.00,10.87,953.05,58.90,328
11/7/2013 17:19:54,11/7/2013,17:19:54,0.00,10.69,953.04,59.20,328
11/7/2013 17:20:24,11/7/2013,17:20:24,0.00,10.50,953.01,59.90,289
11/7/2013 17:20:54,11/7/2013,17:20:54,0.00,10.22,953.01,60.70,258
11/7/2013 17:21:24,11/7/2013,17:21:24,0.00,10.07,953.01,61.40,259
11/7/2013 17:21:54,11/7/2013,17:21:54,0.00,9.75,953.04,61.90,237
11/7/2013 17:22:24,11/7/2013,17:22:24,0.00,9.55,953.04,62.59,237
11/7/2013 17:22:54,11/7/2013,17:22:54,0.00,9.35,953.06,62.90,238
11/7/2013 17:23:24,11/7/2013,17:23:24,0.00,9.27,953.06,63.50,238
11/7/2013 17:23:54,11/7/2013,17:23:54,0.00,9.32,953.07,63.59,238
11/7/2013 17:24:24,11/7/2013,17:24:24,0.00,9.19,953.07,63.70,287
11/7/2013 17:24:54,11/7/2013,17:24:54,0.00,9.12,953.06,63.79,286
11/7/2013 17:25:24,11/7/2013,17:25:24,0.00,9.05,953.10,64.09,278
11/7/2013 17:25:54,11/7/2013,17:25:54,0.00,8.87,953.08,64.50,269
11/7/2013 17:26:24,11/7/2013,17:26:24,0.00,8.87,953.10,64.50,268
11/7/2013 17:26:54,11/7/2013,17:26:54,0.00,8.72,953.12,64.90,250
11/7/2013 17:27:24,11/7/2013,17:27:24,0.00,8.60,953.12,65.19,248
11/7/2013 17:27:54,11/7/2013,17:27:54,0.00,8.52,953.09,65.30,249
11/7/2013 17:28:24,11/7/2013,17:28:24,0.00,8.50,953.14,65.50,249
11/7/2013 17:28:54,11/7/2013,17:28:54,0.00,8.39,953.14,65.69,260
11/7/2013 17:29:24,11/7/2013,17:29:24,0.00,8.37,953.14,65.90,260
11/7/2013 17:29:54,11/7/2013,17:29:54,0.00,8.32,953.14,66.40,260
11/7/2013 17:30:24,11/7/2013,17:30:24,0.00,8.25,953.15,66.80,274
11/7/2013 17:30:54,11/7/2013,17:30:54,0.00,8.25,953.16,67.09,265
11/7/2013 17:31:24,11/7/2013,17:31:24,0.00,8.17,953.15,66.90,265
11/7/2013 17:31:54,11/7/2013,17:31:54,0.00,8.12,953.15,66.90,249
11/7/2013 17:32:24,11/7/2013,17:32:24,0.00,8.05,953.16,66.90,250
11/7/2013 17:32:54,11/7/2013,17:32:54,0.00,8.02,953.16,66.80,249
11/7/2013 17:33:24,11/7/2013,17:33:24,0.00,8.02,953.16,66.90,249
11/7/2013 17:33:54,11/7/2013,17:33:54,0.00,7.97,953.16,66.90,250
11/7/2013 17:34:24,11/7/2013,17:34:24,0.00,7.90,953.21,67.00,249
11/7/2013 17:34:54,11/7/2013,17:34:54,0.00,7.84,953.23,67.50,275
11/7/2013 17:35:24,11/7/2013,17:35:24,0.00,7.82,953.24,67.59,275
11/7/2013 17:35:54,11/7/2013,17:35:54,0.00,7.82,953.28,67.69,274
11/7/2013 17:36:24,11/7/2013,17:36:24,0.00,7.77,953.31,67.69,302
11/7/2013 17:36:54,11/7/2013,17:36:54,0.00,7.77,953.33,68.30,305
11/7/2013 17:37:24,11/7/2013,17:37:24,0.00,7.69,953.34,68.80,305
11/7/2013 17:37:54,11/7/2013,17:37:54,0.00,7.69,953.33,69.00,314
11/7/2013 17:38:24,11/7/2013,17:38:24,0.00,7.62,953.31,69.00,313
11/7/2013 17:38:54,11/7/2013,17:38:54,0.00,7.62,953.32,68.90,320
11/7/2013 17:39:24,11/7/2013,17:39:24,0.00,7.57,953.31,68.80,320
11/7/2013 17:39:54,11/7/2013,17:39:54,0.00,7.55,953.30,68.80,326
11/7/2013 17:40:24,11/7/2013,17:40:24,0.00,7.55,953.31,68.80,327
11/7/2013 17:40:54,11/7/2013,17:40:54,0.00,7.50,953.31,68.69,327
11/7/2013 17:41:24,11/7/2013,17:41:24,0.00,7.47,953.31,68.80,326
11/7/2013 17:41:54,11/7/2013,17:41:54,0.00,7.47,953.31,68.80,328
11/7/2013 17:42:24,11/7/2013,17:42:24,0.00,7.42,953.32,68.80,323
11/7/2013 17:42:54,11/7/2013,17:42:54,0.00,7.42,953.31,68.69,51
11/7/2013 17:43:24,11/7/2013,17:43:24,0.00,7.37,953.33,68.59,49
11/7/2013 17:43:54,11/7/2013,17:43:54,0.00,7.30,953.36,68.50,50
11/7/2013 17:44:24,11/7/2013,17:44:24,0.00,7.27,953.36,68.50,50
11/7/2013 17:44:54,11/7/2013,17:44:54,0.00,7.22,953.34,68.59,49
11/7/2013 17:45:24,11/7/2013,17:45:24,0.00,7.17,953.33,68.59,49
11/7/2013 17:45:54,11/7/2013,17:45:54,0.00,7.15,953.34,68.50,49
11/7/2013 17:46:24,11/7/2013,17:46:24,0.00,7.09,953.34,68.40,44
11/7/2013 17:46:54,11/7/2013,17:46:54,0.00,7.07,953.32,68.40,40
11/7/2013 17:47:24,11/7/2013,17:47:24,0.00,7.07,953.33,68.40,50
11/7/2013 17:47:54,11/7/2013,17:47:54,0.00,7.00,953.31,68.59,54
11/7/2013 17:48:24,11/7/2013,17:48:24,0.00,7.00,953.31,68.59,50
11/7/2013 17:48:54,11/7/2013,17:48:54,0.00,6.90,953.28,68.69,50
11/7/2013 17:49:24,11/7/2013,17:49:24,0.00,6.90,953.28,68.69,50
11/7/2013 17:49:54,11/7/2013,17:49:54,0.00,6.82,953.31,69.00,50
11/7/2013 17:50:24,11/7/2013,17:50:24,0.00,6.80,953.34,69.09,50
11/7/2013 17:50:54,11/7/2013,17:50:54,0.00,6.80,953.33,69.19,50
11/7/2013 17:51:24,11/7/2013,17:51:24,0.00,6.75,953.32,69.40,50
11/7/2013 17:51:54,11/7/2013,17:51:54,0.00,6.75,953.34,69.59,50
11/7/2013 17:52:24,11/7/2013,17:52:24,0.00,6.69,953.34,69.69,50
11/7/2013 17:52:54,11/7/2013,17:52:54,0.00,6.67,953.32,69.69,50
11/7/2013 17:53:24,11/7/2013,17:53:24,0.00,6.67,953.32,69.80,49
11/7/2013 17:53:54,11/7/2013,17:53:54,0.00,6.67,953.32,69.90,47
11/7/2013 17:54:24,11/7/2013,17:54:24,0.00,6.67,953.31,69.90,48
11/7/2013 17:54:54,11/7/2013,17:54:54,0.00,6.62,953.31,70.00,48
11/7/2013 17:55:24,11/7/2013,17:55:24,0.00,6.59,953.30,70.40,49
11/7/2013 17:55:54,11/7/2013,17:55:54,0.00,6.59,953.29,70.50,48
11/7/2013 17:56:24,11/7/2013,17:56:24,0.00,6.59,953.29,70.50,48
11/7/2013 17:56:54,11/7/2013,17:56:54,0.00,6.55,953.28,70.69,53
11/7/2013 17:57:24,11/7/2013,17:57:24,0.00,6.52,953.24,70.90,48
11/7/2013 17:57:54,11/7/2013,17:57:54,0.00,6.52,953.25,70.90,49
11/7/2013 17:58:24,11/7/2013,17:58:24,0.00,6.52,953.25,70.90,49
11/7/2013 17:58:54,11/7/2013,17:58:54,0.00,6.47,953.26,70.90,49
11/7/2013 17:59:24,11/7/2013,17:59:24,0.00,6.47,953.26,70.90,48
11/7/2013 17:59:54,11/7/2013,17:59:54,0.00,6.42,953.26,71.00,54
11/7/2013 18:00:24,11/7/2013,18:00:24,0.00,6.42,953.30,71.30,50
11/7/2013 18:00:54,11/7/2013,18:00:54,0.00,6.42,953.31,71.30,49
11/7/2013 18:01:24,11/7/2013,18:01:24,0.00,6.34,953.33,71.40,50
11/7/2013 18:01:54,11/7/2013,18:01:54,0.00,6.40,953.33,71.50,37
11/7/2013 18:02:24,11/7/2013,18:02:24,0.00,6.34,953.32,71.50,38
11/7/2013 18:02:54,11/7/2013,18:02:54,0.00,6.34,953.31,71.50,39
11/7/2013 18:03:24,11/7/2013,18:03:24,0.00,6.34,953.32,71.69,39
11/7/2013 18:03:54,11/7/2013,18:03:54,0.00,6.34,953.32,71.69,38
11/7/2013 18:04:24,11/7/2013,18:04:24,0.00,6.34,953.34,71.69,39
11/7/2013 18:04:54,11/7/2013,18:04:54,0.00,6.34,953.33,71.80,38
11/7/2013 18:05:24,11/7/2013,18:05:24,0.00,6.32,953.32,71.90,38
11/7/2013 18:05:54,11/7/2013,18:05:54,0.00,6.32,953.30,71.90,39
11/7/2013 18:06:24,11/7/2013,18:06:24,0.00,6.27,953.28,72.00,40
11/7/2013 18:06:54,11/7/2013,18:06:54,0.00,6.27,953.26,72.09,41
11/7/2013 18:07:24,11/7/2013,18:07:24,0.00,6.27,953.24,72.09,41
11/7/2013 18:07:54,11/7/2013,18:07:54,0.00,6.27,953.26,72.19,43
11/7/2013 18:08:24,11/7/2013,18:08:24,0.00,6.19,953.29,72.19,43
11/7/2013 18:08:54,11/7/2013,18:08:54,0.00,6.19,953.30,72.19,43
11/7/2013 18:09:24,11/7/2013,18:09:24,0.00,6.19,953.30,72.30,39
11/7/2013 18:09:54,11/7/2013,18:09:54,0.00,6.19,953.33,72.30,39
11/7/2013 18:10:24,11/7/2013,18:10:24,0.00,6.19,953.36,72.40,39
11/7/2013 18:10:54,11/7/2013,18:10:54,0.00,6.15,953.37,72.40,40
11/7/2013 18:11:24,11/7/2013,18:11:24,0.00,6.15,953.40,72.50,30
11/7/2013 18:11:54,11/7/2013,18:11:54,0.00,6.15,953.40,72.50,27
11/7/2013 18:12:24,11/7/2013,18:12:24,0.00,6.15,953.42,72.59,30
11/7/2013 18:12:54,11/7/2013,18:12:54,0.00,6.15,953.42,72.69,30
11/7/2013 18:13:24,11/7/2013,18:13:24,0.00,6.12,953.45,72.69,29
11/7/2013 18:13:54,11/7/2013,18:13:54,0.00,6.12,953.44,72.69,29
11/7/2013 18:14:24,11/7/2013,18:14:24,0.00,6.12,953.44,72.80,29
11/7/2013 18:14:54,11/7/2013,18:14:54,0.00,6.12,953.44,72.80,18
11/7/2013 18:15:24,11/7/2013,18:15:24,0.00,6.12,953.44,72.90,358
11/7/2013 18:15:54,11/7/2013,18:15:54,0.00,6.12,953.44,73.00,2
11/7/2013 18:16:24,11/7/2013,18:16:24,0.00,6.12,953.44,73.00,3
11/7/2013 18:16:54,11/7/2013,18:16:54,0.00,6.12,953.46,73.00,0
11/7/2013 18:17:24,11/7/2013,18:17:24,0.00,6.12,953.47,73.00,4
11/7/2013 18:17:54,11/7/2013,18:17:54,0.00,6.12,953.46,73.09,4
11/7/2013 18:18:24,11/7/2013,18:18:24,0.00,6.12,953.47,73.09,4
11/7/2013 18:18:54,11/7/2013,18:18:54,0.00,6.12,953.48,73.09,4
11/7/2013 18:19:24,11/7/2013,18:19:24,0.00,6.12,953.49,73.09,5
11/7/2013 18:19:54,11/7/2013,18:19:54,0.00,6.12,953.49,73.09,5
11/7/2013 18:20:24,11/7/2013,18:20:24,0.00,6.12,953.50,73.19,4
11/7/2013 18:20:54,11/7/2013,18:20:54,0.00,6.07,953.54,73.09,4
11/7/2013 18:21:24,11/7/2013,18:21:24,0.00,6.07,953.55,73.19,4
11/7/2013 18:21:54,11/7/2013,18:21:54,0.00,6.12,953.53,73.19,4
11/7/2013 18:22:24,11/7/2013,18:22:24,0.00,6.07,953.50,73.19,4
11/7/2013 18:22:54,11/7/2013,18:22:54,0.00,6.07,953.49,73.19,6
11/7/2013 18:23:24,11/7/2013,18:23:24,0.00,6.05,953.50,73.19,6
11/7/2013 18:23:54,11/7/2013,18:23:54,0.00,6.05,953.52,73.19,15
11/7/2013 18:24:24,11/7/2013,18:24:24,0.00,6.05,953.53,73.19,15
11/7/2013 18:24:54,11/7/2013,18:24:54,0.00,6.05,953.54,73.19,16
11/7/2013 18:25:24,11/7/2013,18:25:24,0.00,6.05,953.55,73.19,14
11/7/2013 18:25:54,11/7/2013,18:25:54,0.00,6.05,953.54,73.30,4
11/7/2013 18:26:24,11/7/2013,18:26:24,0.00,6.05,953.56,73.30,4
11/7/2013 18:26:54,11/7/2013,18:26:54,0.00,6.05,953.55,73.40,5
11/7/2013 18:27:24,11/7/2013,18:27:24,0.00,6.05,953.54,73.40,24
11/7/2013 18:27:54,11/7/2013,18:27:54,0.00,6.05,953.55,73.50,39
11/7/2013 18:28:24,11/7/2013,18:28:24,0.00,6.05,953.55,73.50,39
11/7/2013 18:28:54,11/7/2013,18:28:54,0.00,6.00,953.56,73.59,37
11/7/2013 18:29:24,11/7/2013,18:29:24,0.00,6.00,953.53,73.59,37
11/7/2013 18:29:54,11/7/2013,18:29:54,0.00,5.94,953.54,73.59,36
11/7/2013 18:30:24,11/7/2013,18:30:24,0.00,6.00,953.54,73.59,29
11/7/2013 18:30:54,11/7/2013,18:30:54,0.00,6.00,953.56,73.69,322
11/7/2013 18:31:24,11/7/2013,18:31:24,0.00,6.05,953.57,73.80,336
11/7/2013 18:31:54,11/7/2013,18:31:54,0.00,6.05,953.57,73.90,339
11/7/2013 18:32:24,11/7/2013,18:32:24,0.00,6.05,953.57,74.00,339
11/7/2013 18:32:54,11/7/2013,18:32:54,0.00,6.05,953.57,74.00,27
11/7/2013 18:33:24,11/7/2013,18:33:24,0.00,6.05,953.57,74.00,41
11/7/2013 18:33:54,11/7/2013,18:33:54,0.00,6.05,953.57,74.09,12
11/7/2013 18:34:24,11/7/2013,18:34:24,0.00,6.05,953.57,74.09,12
11/7/2013 18:34:54,11/7/2013,18:34:54,0.00,6.05,953.57,74.19,17
11/7/2013 18:35:24,11/7/2013,18:35:24,0.00,6.05,953.56,74.19,17
11/7/2013 18:35:54,11/7/2013,18:35:54,0.00,6.05,953.56,74.30,16
11/7/2013 18:36:24,11/7/2013,18:36:24,0.00,6.05,953.55,74.30,16
11/7/2013 18:36:54,11/7/2013,18:36:54,0.00,6.05,953.56,74.30,14
11/7/2013 18:37:24,11/7/2013,18:37:24,0.00,6.05,953.55,74.40,23
11/7/2013 18:37:54,11/7/2013,18:37:54,0.00,6.05,953.55,74.40,25
11/7/2013 18:38:24,11/7/2013,18:38:24,0.00,6.05,953.55,74.40,18
11/7/2013 18:38:54,11/7/2013,18:38:54,0.00,6.05,953.57,74.40,23
11/7/2013 18:39:24,11/7/2013,18:39:24,0.00,6.05,953.56,74.50,23
11/7/2013 18:39:54,11/7/2013,18:39:54,0.00,6.05,953.57,74.50,23
11/7/2013 18:40:24,11/7/2013,18:40:24,0.00,6.05,953.58,74.50,23
11/7/2013 18:40:54,11/7/2013,18:40:54,0.00,6.05,953.56,74.50,22
11/7/2013 18:41:24,11/7/2013,18:41:24,0.00,6.05,953.56,74.50,21
11/7/2013 18:41:54,11/7/2013,18:41:54,0.00,6.05,953.56,74.59,21
11/7/2013 18:42:24,11/7/2013,18:42:24,0.00,6.05,953.55,74.59,21
11/7/2013 18:42:54,11/7/2013,18:42:54,0.00,6.05,953.56,74.59,22
11/7/2013 18:43:24,11/7/2013,18:43:24,0.00,6.05,953.55,74.59,320
11/7/2013 18:43:54,11/7/2013,18:43:54,0.00,6.05,953.54,74.59,32
11/7/2013 18:44:24,11/7/2013,18:44:24,0.00,6.12,953.55,74.69,209
11/7/2013 18:44:54,11/7/2013,18:44:54,0.00,6.12,953.53,74.69,54
11/7/2013 18:45:24,11/7/2013,18:45:24,0.00,6.12,953.52,74.69,55
11/7/2013 18:45:54,11/7/2013,18:45:54,0.00,6.12,953.52,74.80,26
11/7/2013 18:46:24,11/7/2013,18:46:24,0.00,6.15,953.48,74.80,29
11/7/2013 18:46:54,11/7/2013,18:46:54,0.00,6.19,953.47,74.80,31
11/7/2013 18:47:24,11/7/2013,18:47:24,0.00,6.19,953.45,74.90,30
11/7/2013 18:47:54,11/7/2013,18:47:54,0.00,6.19,953.44,74.90,27
11/7/2013 18:48:24,11/7/2013,18:48:24,0.00,6.19,953.44,74.90,27
11/7/2013 18:48:54,11/7/2013,18:48:54,0.00,6.19,953.42,74.90,27
11/7/2013 18:49:24,11/7/2013,18:49:24,0.00,6.19,953.41,74.90,26
11/7/2013 18:49:54,11/7/2013,18:49:54,0.00,6.19,953.42,74.90,27
11/7/2013 18:50:24,11/7/2013,18:50:24,0.00,6.19,953.44,75.00,27
11/7/2013 18:50:54,11/7/2013,18:50:54,0.00,6.27,953.41,75.00,36
11/7/2013 18:51:24,11/7/2013,18:51:24,0.00,6.19,953.44,75.00,36
11/7/2013 18:51:54,11/7/2013,18:51:54,0.00,6.19,953.44,75.00,33
11/7/2013 18:52:24,11/7/2013,18:52:24,0.00,6.19,953.44,75.00,38
11/7/2013 18:52:54,11/7/2013,18:52:54,0.00,6.19,953.42,75.00,2
11/7/2013 18:53:24,11/7/2013,18:53:24,0.00,6.19,953.44,75.00,36
11/7/2013 18:53:54,11/7/2013,18:53:54,0.00,6.19,953.44,75.00,33
11/7/2013 18:54:24,11/7/2013,18:54:24,0.00,6.27,953.46,75.09,32
11/7/2013 18:54:54,11/7/2013,18:54:54,0.00,6.22,953.46,75.09,35
11/7/2013 18:55:24,11/7/2013,18:55:24,0.00,6.27,953.48,75.09,23
11/7/2013 18:55:54,11/7/2013,18:55:54,0.00,6.27,953.48,75.09,24
11/7/2013 18:56:24,11/7/2013,18:56:24,0.00,6.27,953.53,75.09,353
11/7/2013 18:56:54,11/7/2013,18:56:54,0.00,6.32,953.54,75.09,353
11/7/2013 18:57:24,11/7/2013,18:57:24,0.00,6.34,953.56,75.19,353
11/7/2013 18:57:54,11/7/2013,18:57:54,0.00,6.34,953.55,75.19,258
11/7/2013 18:58:24,11/7/2013,18:58:24,0.00,6.42,953.54,75.30,275
11/7/2013 18:58:54,11/7/2013,18:58:54,0.00,6.52,953.50,75.30,293
11/7/2013 18:59:24,11/7/2013,18:59:24,0.00,6.67,953.52,75.50,220
11/7/2013 18:59:54,11/7/2013,18:59:54,0.00,6.67,953.52,75.40,234
11/7/2013 19:00:24,11/7/2013,19:00:24,0.00,6.69,953.49,75.40,247
11/7/2013 19:00:54,11/7/2013,19:00:54,0.00,6.87,953.49,75.40,251
11/7/2013 19:01:24,11/7/2013,19:01:24,0.00,6.87,953.47,75.09,301
11/7/2013 19:01:54,11/7/2013,19:01:54,0.00,6.90,953.46,75.09,234
11/7/2013 19:02:24,11/7/2013,19:02:24,0.00,7.00,953.45,74.90,241
11/7/2013 19:02:54,11/7/2013,19:02:54,0.00,7.15,953.46,74.40,245
11/7/2013 19:03:24,11/7/2013,19:03:24,0.00,7.22,953.44,73.30,231
11/7/2013 19:03:54,11/7/2013,19:03:54,0.00,7.30,953.45,72.19,227
11/7/2013 19:04:24,11/7/2013,19:04:24,0.00,7.30,953.45,71.69,243
11/7/2013 19:04:54,11/7/2013,19:04:54,0.00,7.47,953.44,70.19,239
11/7/2013 19:05:24,11/7/2013,19:05:24,0.00,7.55,953.39,69.09,238
11/7/2013 19:05:54,11/7/2013,19:05:54,0.00,7.55,953.40,68.50,269
11/7/2013 19:06:24,11/7/2013,19:06:24,0.00,7.69,953.38,68.00,234
11/7/2013 19:06:54,11/7/2013,19:06:54,0.00,7.77,953.37,67.30,224
11/7/2013 19:07:24,11/7/2013,19:07:24,0.00,7.69,953.37,67.30,230
11/7/2013 19:07:54,11/7/2013,19:07:54,0.00,7.84,953.37,67.19,239
11/7/2013 19:08:24,11/7/2013,19:08:24,0.00,7.84,953.37,66.30,232
11/7/2013 19:08:54,11/7/2013,19:08:54,0.00,7.90,953.34,66.40,234
11/7/2013 19:09:24,11/7/2013,19:09:24,0.00,7.92,953.36,66.30,237
11/7/2013 19:09:54,11/7/2013,19:09:54,0.00,8.02,953.34,66.19,226
11/7/2013 19:10:24,11/7/2013,19:10:24,0.00,8.10,953.31,65.09,227
11/7/2013 19:10:54,11/7/2013,19:10:54,0.00,8.17,953.33,65.00,227
11/7/2013 19:11:24,11/7/2013,19:11:24,0.00,8.17,953.33,64.59,228
11/7/2013 19:11:54,11/7/2013,19:11:54,0.00,8.22,953.31,64.80,221
11/7/2013 19:12:24,11/7/2013,19:12:24,0.00,8.25,953.32,65.00,226
11/7/2013 19:12:54,11/7/2013,19:12:54,0.00,8.25,953.30,64.80,236
11/7/2013 19:13:24,11/7/2013,19:13:24,0.00,8.30,953.34,64.59,265
11/7/2013 19:13:54,11/7/2013,19:13:54,0.00,8.25,953.37,65.59,247
11/7/2013 19:14:24,11/7/2013,19:14:24,0.00,8.25,953.37,65.80,308
11/7/2013 19:14:54,11/7/2013,19:14:54,0.00,8.30,953.36,66.30,233
11/7/2013 19:15:24,11/7/2013,19:15:24,0.00,8.30,953.32,65.50,249
11/7/2013 19:15:54,11/7/2013,19:15:54,0.00,8.32,953.30,65.09,249
11/7/2013 19:16:24,11/7/2013,19:16:24,0.00,8.32,953.30,64.59,252
11/7/2013 19:16:54,11/7/2013,19:16:54,0.00,8.50,953.28,64.09,227
11/7/2013 19:17:24,11/7/2013,19:17:24,0.00,8.50,953.26,63.40,228
11/7/2013 19:17:54,11/7/2013,19:17:54,0.00,8.50,953.24,64.09,236
11/7/2013 19:18:24,11/7/2013,19:18:24,0.00,8.44,953.24,64.09,208
11/7/2013 19:18:54,11/7/2013,19:18:54,0.00,8.52,953.25,64.00,238
11/7/2013 19:19:24,11/7/2013,19:19:24,0.00,8.50,953.26,63.59,209
11/7/2013 19:19:54,11/7/2013,19:19:54,0.00,8.57,953.24,63.59,229
11/7/2013 19:20:24,11/7/2013,19:20:24,0.00,8.57,953.23,63.59,224
11/7/2013 19:20:54,11/7/2013,19:20:54,0.00,8.52,953.22,63.70,235
11/7/2013 19:21:24,11/7/2013,19:21:24,0.00,8.57,953.22,63.79,235
11/7/2013 19:21:54,11/7/2013,19:21:54,0.00,8.57,953.21,63.70,230
11/7/2013 19:22:24,11/7/2013,19:22:24,0.00,8.57,953.23,64.09,232
11/7/2013 19:22:54,11/7/2013,19:22:54,0.00,8.64,953.24,63.09,224
11/7/2013 19:23:24,11/7/2013,19:23:24,0.00,8.57,953.24,63.50,227
11/7/2013 19:23:54,11/7/2013,19:23:54,0.00,8.60,953.24,63.79,232
11/7/2013 19:24:24,11/7/2013,19:24:24,0.00,8.60,953.26,63.50,230
11/7/2013 19:24:54,11/7/2013,19:24:54,0.00,8.60,953.25,63.70,231
11/7/2013 19:25:24,11/7/2013,19:25:24,0.00,8.64,953.26,63.09,224
11/7/2013 19:25:54,11/7/2013,19:25:54,0.00,8.60,953.26,63.50,232
11/7/2013 19:26:24,11/7/2013,19:26:24,0.00,8.64,953.24,63.29,220
11/7/2013 19:26:54,11/7/2013,19:26:54,0.00,8.60,953.23,63.59,232
11/7/2013 19:27:24,11/7/2013,19:27:24,0.00,8.64,953.23,63.20,225
11/7/2013 19:27:54,11/7/2013,19:27:54,0.00,8.64,953.22,63.50,232
11/7/2013 19:28:24,11/7/2013,19:28:24,0.00,8.64,953.22,63.59,235
11/7/2013 19:28:54,11/7/2013,19:28:54,0.00,8.60,953.22,63.50,230
11/7/2013 19:29:24,11/7/2013,19:29:24,0.00,8.60,953.21,63.90,222
11/7/2013 19:29:54,11/7/2013,19:29:54,0.00,8.57,953.21,64.19,237
11/7/2013 19:30:24,11/7/2013,19:30:24,0.00,8.57,953.22,63.59,235
11/7/2013 19:30:54,11/7/2013,19:30:54,0.00,8.52,953.21,63.59,236
11/7/2013 19:31:24,11/7/2013,19:31:24,0.00,8.52,953.22,63.40,229
11/7/2013 19:31:54,11/7/2013,19:31:54,0.00,8.50,953.21,63.50,233
11/7/2013 19:32:24,11/7/2013,19:32:24,0.00,8.50,953.24,63.70,235
11/7/2013 19:32:54,11/7/2013,19:32:54,0.00,8.50,953.23,63.40,228
11/7/2013 19:33:24,11/7/2013,19:33:24,0.00,8.50,953.23,63.70,226
11/7/2013 19:33:54,11/7/2013,19:33:54,0.00,8.50,953.22,64.00,232
11/7/2013 19:34:24,11/7/2013,19:34:24,0.00,8.50,953.22,64.00,227
11/7/2013 19:34:54,11/7/2013,19:34:54,0.00,8.44,953.23,64.09,232
11/7/2013 19:35:24,11/7/2013,19:35:24,0.00,8.44,953.25,64.00,229
11/7/2013 19:35:54,11/7/2013,19:35:54,0.00,8.39,953.23,63.79,229
11/7/2013 19:36:24,11/7/2013,19:36:24,0.00,8.39,953.23,64.09,228
11/7/2013 19:36:54,11/7/2013,19:36:54,0.00,8.39,953.24,64.09,231
11/7/2013 19:37:24,11/7/2013,19:37:24,0.00,8.39,953.25,64.00,230
11/7/2013 19:37:54,11/7/2013,19:37:54,0.00,8.39,953.26,64.00,227
11/7/2013 19:38:24,11/7/2013,19:38:24,0.00,8.39,953.28,64.00,145
11/7/2013 19:38:54,11/7/2013,19:38:54,0.00,8.39,953.30,63.79,216
11/7/2013 19:39:24,11/7/2013,19:39:24,0.00,8.39,953.28,64.30,225
11/7/2013 19:39:54,11/7/2013,19:39:54,0.00,8.39,953.28,64.59,234
11/7/2013 19:40:24,11/7/2013,19:40:24,0.00,8.39,953.28,64.80,233
11/7/2013 19:40:54,11/7/2013,19:40:54,0.00,8.32,953.28,64.50,225
11/7/2013 19:41:24,11/7/2013,19:41:24,0.00,8.32,953.28,64.30,231
11/7/2013 19:41:54,11/7/2013,19:41:54,0.00,8.32,953.29,64.50,237
11/7/2013 19:42:24,11/7/2013,19:42:24,0.00,8.32,953.29,64.59,238
11/7/2013 19:42:54,11/7/2013,19:42:54,0.00,8.32,953.29,64.30,227
11/7/2013 19:43:24,11/7/2013,19:43:24,0.00,8.32,953.29,64.30,230
11/7/2013 19:43:54,11/7/2013,19:43:54,0.00,8.30,953.28,64.09,185
11/7/2013 19:44:24,11/7/2013,19:44:24,0.00,8.30,953.28,64.50,229
11/7/2013 19:44:54,11/7/2013,19:44:54,0.00,8.32,953.28,64.00,229
11/7/2013 19:45:24,11/7/2013,19:45:24,0.00,8.30,953.26,64.09,230
11/7/2013 19:45:54,11/7/2013,19:45:54,0.00,8.30,953.28,64.30,220
11/7/2013 19:46:24,11/7/2013,19:46:24,0.00,8.25,953.25,64.80,233
11/7/2013 19:46:54,11/7/2013,19:46:54,0.00,8.25,953.24,64.50,226
11/7/2013 19:47:24,11/7/2013,19:47:24,0.00,8.25,953.24,64.59,223
11/7/2013 19:47:54,11/7/2013,19:47:54,0.00,8.22,953.23,64.80,228
11/7/2013 19:48:24,11/7/2013,19:48:24,0.00,8.25,953.23,64.59,231
11/7/2013 19:48:54,11/7/2013,19:48:54,0.00,8.22,953.24,64.90,230
11/7/2013 19:49:24,11/7/2013,19:49:24,0.00,8.22,953.22,65.19,236
11/7/2013 19:49:54,11/7/2013,19:49:54,0.00,8.17,953.20,64.90,235
11/7/2013 19:50:24,11/7/2013,19:50:24,0.00,8.17,953.20,64.90,244
11/7/2013 19:50:54,11/7/2013,19:50:54,0.00,8.12,953.21,64.69,240
11/7/2013 19:51:24,11/7/2013,19:51:24,0.00,8.17,953.22,64.80,237
11/7/2013 19:51:54,11/7/2013,19:51:54,0.00,8.17,953.21,64.90,240
11/7/2013 19:52:24,11/7/2013,19:52:24,0.00,8.12,953.21,65.00,236
11/7/2013 19:52:54,11/7/2013,19:52:54,0.00,8.17,953.21,64.90,236
11/7/2013 19:53:24,11/7/2013,19:53:24,0.00,8.12,953.24,64.90,236
11/7/2013 19:53:54,11/7/2013,19:53:54,0.00,8.10,953.23,65.09,237
11/7/2013 19:54:24,11/7/2013,19:54:24,0.00,8.10,953.25,64.90,232
11/7/2013 19:54:54,11/7/2013,19:54:54,0.00,8.10,953.23,64.90,234
11/7/2013 19:55:24,11/7/2013,19:55:24,0.00,8.10,953.24,64.90,235
11/7/2013 19:55:54,11/7/2013,19:55:54,0.00,8.10,953.25,65.09,235
11/7/2013 19:56:24,11/7/2013,19:56:24,0.00,8.05,953.26,65.09,213
11/7/2013 19:56:54,11/7/2013,19:56:54,0.00,8.05,953.25,65.40,236
11/7/2013 19:57:24,11/7/2013,19:57:24,0.00,8.02,953.25,65.59,238
11/7/2013 19:57:54,11/7/2013,19:57:54,0.00,8.02,953.26,65.30,231
11/7/2013 19:58:24,11/7/2013,19:58:24,0.00,8.02,953.26,65.59,236
11/7/2013 19:58:54,11/7/2013,19:58:54,0.00,8.02,953.26,65.90,236
11/7/2013 19:59:24,11/7/2013,19:59:24,0.00,8.02,953.26,65.40,234
11/7/2013 19:59:54,11/7/2013,19:59:54,0.00,8.02,953.26,65.50,236
11/7/2013 20:00:24,11/7/2013,20:00:24,0.00,8.02,953.28,65.80,244
11/7/2013 20:00:54,11/7/2013,20:00:54,0.00,8.02,953.30,65.69,243
11/7/2013 20:01:24,11/7/2013,20:01:24,0.00,8.02,953.30,65.09,242
11/7/2013 20:01:54,11/7/2013,20:01:54,0.00,7.97,953.30,65.19,242
11/7/2013 20:02:24,11/7/2013,20:02:24,0.00,7.97,953.31,65.00,238
11/7/2013 20:02:54,11/7/2013,20:02:54,0.00,7.97,953.30,65.30,232
11/7/2013 20:03:24,11/7/2013,20:03:24,0.00,7.92,953.31,65.40,234
11/7/2013 20:03:54,11/7/2013,20:03:54,0.00,7.92,953.33,65.40,233
11/7/2013 20:04:24,11/7/2013,20:04:24,0.00,7.90,953.32,65.69,234
11/7/2013 20:04:54,11/7/2013,20:04:54,0.00,7.84,953.36,65.50,234
11/7/2013 20:05:24,11/7/2013,20:05:24,0.00,7.90,953.38,65.59,235
11/7/2013 20:05:54,11/7/2013,20:05:54,0.00,7.90,953.41,65.40,233
11/7/2013 20:06:24,11/7/2013,20:06:24,0.00,7.90,953.42,65.50,223
11/7/2013 20:06:54,11/7/2013,20:06:54,0.00,7.84,953.41,65.59,227
11/7/2013 20:07:24,11/7/2013,20:07:24,0.00,7.84,953.42,65.90,237
11/7/2013 20:07:54,11/7/2013,20:07:54,0.00,7.92,953.44,65.59,229
11/7/2013 20:08:24,11/7/2013,20:08:24,0.00,7.92,953.46,65.40,223
11/7/2013 20:08:54,11/7/2013,20:08:54,0.00,7.90,953.44,65.50,229
11/7/2013 20:09:24,11/7/2013,20:09:24,0.00,7.90,953.45,65.40,230
11/7/2013 20:09:54,11/7/2013,20:09:54,0.00,7.90,953.44,65.30,226
11/7/2013 20:10:24,11/7/2013,20:10:24,0.00,7.92,953.44,65.50,237
11/7/2013 20:10:54,11/7/2013,20:10:54,0.00,7.84,953.44,65.40,228
11/7/2013 20:11:24,11/7/2013,20:11:24,0.00,7.90,953.41,65.40,217
11/7/2013 20:11:54,11/7/2013,20:11:54,0.00,7.92,953.44,65.40,226
11/7/2013 20:12:24,11/7/2013,20:12:24,0.00,7.92,953.44,65.19,230
11/7/2013 20:12:54,11/7/2013,20:12:54,0.00,7.90,953.44,65.30,231
11/7/2013 20:13:24,11/7/2013,20:13:24,0.00,7.84,953.42,65.40,227
11/7/2013 20:13:54,11/7/2013,20:13:54,0.00,7.84,953.41,65.40,220
11/7/2013 20:14:24,11/7/2013,20:14:24,0.00,7.84,953.40,65.50,231
11/7/2013 20:14:54,11/7/2013,20:14:54,0.00,7.92,953.37,64.90,221
11/7/2013 20:15:24,11/7/2013,20:15:24,0.00,7.92,953.36,64.90,213
11/7/2013 20:15:54,11/7/2013,20:15:54,0.00,7.92,953.33,65.00,228
11/7/2013 20:16:24,11/7/2013,20:16:24,0.00,7.90,953.32,65.09,224
11/7/2013 20:16:54,11/7/2013,20:16:54,0.00,7.92,953.32,65.30,235
11/7/2013 20:17:24,11/7/2013,20:17:24,0.00,7.92,953.32,65.00,225
11/7/2013 20:17:54,11/7/2013,20:17:54,0.00,7.92,953.32,65.00,225
11/7/2013 20:18:24,11/7/2013,20:18:24,0.00,7.92,953.31,65.19,234
11/7/2013 20:18:54,11/7/2013,20:18:54,0.00,7.92,953.31,65.00,228
11/7/2013 20:19:24,11/7/2013,20:19:24,0.00,7.92,953.31,65.30,236
11/7/2013 20:19:54,11/7/2013,20:19:54,0.00,7.92,953.30,65.09,232
11/7/2013 20:20:24,11/7/2013,20:20:24,0.00,7.92,953.31,64.80,229
11/7/2013 20:20:54,11/7/2013,20:20:54,0.00,7.92,953.30,65.00,227
11/7/2013 20:21:24,11/7/2013,20:21:24,0.00,7.92,953.30,64.80,224
11/7/2013 20:21:54,11/7/2013,20:21:54,0.00,7.97,953.30,65.19,231
11/7/2013 20:22:24,11/7/2013,20:22:24,0.00,7.97,953.31,64.90,230
11/7/2013 20:22:54,11/7/2013,20:22:54,0.00,7.97,953.32,65.09,234
11/7/2013 20:23:24,11/7/2013,20:23:24,0.00,8.02,953.32,64.90,222
11/7/2013 20:23:54,11/7/2013,20:23:54,0.00,7.97,953.30,65.00,228
11/7/2013 20:24:24,11/7/2013,20:24:24,0.00,7.92,953.29,64.90,227
11/7/2013 20:24:54,11/7/2013,20:24:54,0.00,7.97,953.26,64.90,227
11/7/2013 20:25:24,11/7/2013,20:25:24,0.00,7.92,953.28,64.90,230
11/7/2013 20:25:54,11/7/2013,20:25:54,0.00,7.97,953.26,65.00,231
11/7/2013 20:26:24,11/7/2013,20:26:24,0.00,7.92,953.25,64.90,221
11/7/2013 20:26:54,11/7/2013,20:26:54,0.00,7.92,953.23,65.00,228
11/7/2013 20:27:24,11/7/2013,20:27:24,0.00,7.92,953.23,65.30,239
11/7/2013 20:27:54,11/7/2013,20:27:54,0.00,7.92,953.23,64.69,230
11/7/2013 20:28:24,11/7/2013,20:28:24,0.00,7.92,953.23,64.69,223
11/7/2013 20:28:54,11/7/2013,20:28:54,0.00,7.92,953.23,65.09,230
11/7/2013 20:29:24,11/7/2013,20:29:24,0.00,7.92,953.23,65.19,229
11/7/2013 20:29:54,11/7/2013,20:29:54,0.00,7.92,953.24,64.80,231
11/7/2013 20:30:24,11/7/2013,20:30:24,0.00,7.92,953.26,64.80,230
11/7/2013 20:30:54,11/7/2013,20:30:54,0.00,7.92,953.26,65.09,231
11/7/2013 20:31:24,11/7/2013,20:31:24,0.00,7.92,953.28,65.09,233
11/7/2013 20:31:54,11/7/2013,20:31:54,0.00,7.90,953.29,65.00,233
11/7/2013 20:32:24,11/7/2013,20:32:24,0.00,7.90,953.29,65.30,237
11/7/2013 20:32:54,11/7/2013,20:32:54,0.00,7.92,953.30,64.90,231
11/7/2013 20:33:24,11/7/2013,20:33:24,0.00,7.84,953.30,65.00,230
11/7/2013 20:33:54,11/7/2013,20:33:54,0.00,7.90,953.30,65.09,240
11/7/2013 20:34:24,11/7/2013,20:34:24,0.00,7.90,953.31,64.80,226
11/7/2013 20:34:54,11/7/2013,20:34:54,0.00,7.90,953.30,64.80,227
11/7/2013 20:35:24,11/7/2013,20:35:24,0.00,7.84,953.31,65.00,229
11/7/2013 20:35:54,11/7/2013,20:35:54,0.00,7.84,953.29,65.19,231
11/7/2013 20:36:24,11/7/2013,20:36:24,0.00,7.84,953.28,65.09,217
11/7/2013 20:36:54,11/7/2013,20:36:54,0.00,7.84,953.28,65.40,233
11/7/2013 20:37:24,11/7/2013,20:37:24,0.00,7.82,953.26,65.50,236
11/7/2013 20:37:54,11/7/2013,20:37:54,0.00,7.84,953.26,65.40,247
11/7/2013 20:38:24,11/7/2013,20:38:24,0.00,7.77,953.28,65.30,229
11/7/2013 20:38:54,11/7/2013,20:38:54,0.00,7.82,953.28,65.50,238
11/7/2013 20:39:24,11/7/2013,20:39:24,0.00,7.77,953.28,65.09,235
11/7/2013 20:39:54,11/7/2013,20:39:54,0.00,7.77,953.29,65.30,232
11/7/2013 20:40:24,11/7/2013,20:40:24,0.00,7.77,953.28,65.30,234
11/7/2013 20:40:54,11/7/2013,20:40:54,0.00,7.77,953.28,65.30,230
11/7/2013 20:41:24,11/7/2013,20:41:24,0.00,7.77,953.25,65.50,235
11/7/2013 20:41:54,11/7/2013,20:41:54,0.00,7.77,953.23,65.80,230
11/7/2013 20:42:24,11/7/2013,20:42:24,0.00,7.77,953.24,66.09,247
11/7/2013 20:42:54,11/7/2013,20:42:54,0.00,7.77,953.22,66.09,237
11/7/2013 20:43:24,11/7/2013,20:43:24,0.00,7.77,953.23,65.40,233
11/7/2013 20:43:54,11/7/2013,20:43:54,0.00,7.75,953.23,65.59,234
11/7/2013 20:44:24,11/7/2013,20:44:24,0.00,7.69,953.21,65.80,234
11/7/2013 20:44:54,11/7/2013,20:44:54,0.00,7.69,953.21,65.69,199
11/7/2013 20:45:24,11/7/2013,20:45:24,0.00,7.69,953.20,65.80,230
11/7/2013 20:45:54,11/7/2013,20:45:54,0.00,7.69,953.21,65.80,235
11/7/2013 20:46:24,11/7/2013,20:46:24,0.00,7.69,953.20,65.69,229
11/7/2013 20:46:54,11/7/2013,20:46:54,0.00,7.69,953.21,66.09,232
11/7/2013 20:47:24,11/7/2013,20:47:24,0.00,7.69,953.23,66.00,239
11/7/2013 20:47:54,11/7/2013,20:47:54,0.00,7.69,953.23,65.69,236
11/7/2013 20:48:24,11/7/2013,20:48:24,0.00,7.69,953.23,65.50,231
11/7/2013 20:48:54,11/7/2013,20:48:54,0.00,7.69,953.24,65.50,243
11/7/2013 20:49:24,11/7/2013,20:49:24,0.00,7.69,953.25,65.40,224
11/7/2013 20:49:54,11/7/2013,20:49:54,0.00,7.69,953.25,65.59,228
11/7/2013 20:50:24,11/7/2013,20:50:24,0.00,7.69,953.26,65.50,231
11/7/2013 20:50:54,11/7/2013,20:50:54,0.00,7.69,953.28,65.40,235
11/7/2013 20:51:24,11/7/2013,20:51:24,0.00,7.69,953.26,65.80,236
11/7/2013 20:51:54,11/7/2013,20:51:54,0.00,7.69,953.25,66.00,241
11/7/2013 20:52:24,11/7/2013,20:52:24,0.00,7.69,953.25,65.80,242
11/7/2013 20:52:54,11/7/2013,20:52:54,0.00,7.69,953.23,66.00,261
11/7/2013 20:53:24,11/7/2013,20:53:24,0.00,7.69,953.24,66.09,218
11/7/2013 20:53:54,11/7/2013,20:53:54,0.00,7.65,953.23,66.19,248
11/7/2013 20:54:24,11/7/2013,20:54:24,0.00,7.69,953.23,66.19,244
11/7/2013 20:54:54,11/7/2013,20:54:54,0.00,7.65,953.25,65.80,241
11/7/2013 20:55:24,11/7/2013,20:55:24,0.00,7.65,953.25,65.90,230
11/7/2013 20:55:54,11/7/2013,20:55:54,0.00,7.69,953.25,66.19,254
11/7/2013 20:56:24,11/7/2013,20:56:24,0.00,7.65,953.23,66.30,247
11/7/2013 20:56:54,11/7/2013,20:56:54,0.00,7.65,953.23,66.09,230
11/7/2013 20:57:24,11/7/2013,20:57:24,0.00,7.65,953.23,65.90,320
11/7/2013 20:57:54,11/7/2013,20:57:54,0.00,7.62,953.24,66.59,80
11/7/2013 20:58:24,11/7/2013,20:58:24,0.00,7.62,953.23,66.80,75
11/7/2013 20:58:54,11/7/2013,20:58:54,0.00,7.62,953.23,66.80,251
11/7/2013 20:59:24,11/7/2013,20:59:24,0.00,7.62,953.23,66.19,247
11/7/2013 20:59:54,11/7/2013,20:59:54,0.00,7.62,953.22,66.09,269
11/7/2013 21:00:24,11/7/2013,21:00:24,0.00,7.62,953.22,66.19,235
11/7/2013 21:00:54,11/7/2013,21:00:54,0.00,7.69,953.21,65.50,270
11/7/2013 21:01:24,11/7/2013,21:01:24,0.00,7.65,953.24,65.80,250
11/7/2013 21:01:54,11/7/2013,21:01:54,0.00,7.69,953.26,66.19,226
11/7/2013 21:02:24,11/7/2013,21:02:24,0.00,7.69,953.28,65.80,223
11/7/2013 21:02:54,11/7/2013,21:02:54,0.00,7.65,953.26,65.90,277
11/7/2013 21:03:24,11/7/2013,21:03:24,0.00,7.69,953.28,65.59,229
11/7/2013 21:03:54,11/7/2013,21:03:54,0.00,7.69,953.29,65.90,233
11/7/2013 21:04:24,11/7/2013,21:04:24,0.00,7.69,953.31,65.50,233
11/7/2013 21:04:54,11/7/2013,21:04:54,0.00,7.69,953.31,65.50,257
11/7/2013 21:05:24,11/7/2013,21:05:24,0.00,7.69,953.30,65.69,240
11/7/2013 21:05:54,11/7/2013,21:05:54,0.00,7.69,953.31,65.30,230
11/7/2013 21:06:24,11/7/2013,21:06:24,0.00,7.65,953.32,65.09,229
11/7/2013 21:06:54,11/7/2013,21:06:54,0.00,7.69,953.32,65.09,222
11/7/2013 21:07:24,11/7/2013,21:07:24,0.00,7.65,953.33,65.19,235
11/7/2013 21:07:54,11/7/2013,21:07:54,0.00,7.69,953.31,65.19,217
11/7/2013 21:08:24,11/7/2013,21:08:24,0.00,7.65,953.31,65.59,233
11/7/2013 21:08:54,11/7/2013,21:08:54,0.00,7.65,953.30,65.50,228
11/7/2013 21:09:24,11/7/2013,21:09:24,0.00,7.65,953.32,65.80,231
11/7/2013 21:09:54,11/7/2013,21:09:54,0.00,7.62,953.33,65.80,233
11/7/2013 21:10:24,11/7/2013,21:10:24,0.00,7.62,953.31,65.19,223
11/7/2013 21:10:54,11/7/2013,21:10:54,0.00,7.62,953.31,65.40,223
11/7/2013 21:11:24,11/7/2013,21:11:24,0.00,7.62,953.30,65.69,254
11/7/2013 21:11:54,11/7/2013,21:11:54,0.00,7.65,953.28,65.30,229
11/7/2013 21:12:24,11/7/2013,21:12:24,0.00,7.65,953.28,65.19,229
11/7/2013 21:12:54,11/7/2013,21:12:54,0.00,7.65,953.29,65.19,231
11/7/2013 21:13:24,11/7/2013,21:13:24,0.00,7.62,953.29,65.40,229
11/7/2013 21:13:54,11/7/2013,21:13:54,0.00,7.62,953.26,65.50,232
11/7/2013 21:14:24,11/7/2013,21:14:24,0.00,7.65,953.26,65.30,231
11/7/2013 21:14:54,11/7/2013,21:14:54,0.00,7.65,953.24,65.30,236
11/7/2013 21:15:24,11/7/2013,21:15:24,0.00,7.62,953.23,65.09,259
11/7/2013 21:15:54,11/7/2013,21:15:54,0.00,7.65,953.22,65.40,233
11/7/2013 21:16:24,11/7/2013,21:16:24,0.00,7.69,953.22,65.69,231
11/7/2013 21:16:54,11/7/2013,21:16:54,0.00,7.62,953.21,65.59,226
11/7/2013 21:17:24,11/7/2013,21:17:24,0.00,7.65,953.21,65.59,234
11/7/2013 21:17:54,11/7/2013,21:17:54,0.00,7.65,953.21,65.40,230
11/7/2013 21:18:24,11/7/2013,21:18:24,0.00,7.65,953.23,65.19,225
11/7/2013 21:18:54,11/7/2013,21:18:54,0.00,7.65,953.22,65.09,223
11/7/2013 21:19:24,11/7/2013,21:19:24,0.00,7.65,953.23,65.19,222
11/7/2013 21:19:54,11/7/2013,21:19:54,0.00,7.62,953.23,65.30,234
11/7/2013 21:20:24,11/7/2013,21:20:24,0.00,7.62,953.24,65.09,228
11/7/2013 21:20:54,11/7/2013,21:20:54,0.00,7.62,953.24,65.19,223
11/7/2013 21:21:24,11/7/2013,21:21:24,0.00,7.65,953.24,65.30,230
11/7/2013 21:21:54,11/7/2013,21:21:54,0.00,7.65,953.24,65.30,201
11/7/2013 21:22:24,11/7/2013,21:22:24,0.00,7.77,953.26,65.09,218
11/7/2013 21:22:54,11/7/2013,21:22:54,0.00,7.69,953.28,65.09,230
11/7/2013 21:23:24,11/7/2013,21:23:24,0.00,7.75,953.29,65.19,234
11/7/2013 21:23:54,11/7/2013,21:23:54,0.00,7.77,953.28,65.09,217
11/7/2013 21:24:24,11/7/2013,21:24:24,0.00,7.77,953.31,65.09,218
11/7/2013 21:24:54,11/7/2013,21:24:54,0.00,7.77,953.30,65.30,227
11/7/2013 21:25:24,11/7/2013,21:25:24,0.00,7.77,953.29,65.00,229
11/7/2013 21:25:54,11/7/2013,21:25:54,0.00,7.75,953.28,65.00,229
11/7/2013 21:26:24,11/7/2013,21:26:24,0.00,7.75,953.26,65.19,230
11/7/2013 21:26:54,11/7/2013,21:26:54,0.00,7.69,953.28,64.90,229
11/7/2013 21:27:24,11/7/2013,21:27:24,0.00,7.69,953.28,65.09,232
11/7/2013 21:27:54,11/7/2013,21:27:54,0.00,7.69,953.28,65.09,232
11/7/2013 21:28:24,11/7/2013,21:28:24,0.00,7.77,953.30,65.00,223
11/7/2013 21:28:54,11/7/2013,21:28:54,0.00,7.75,953.28,65.09,237
11/7/2013 21:29:24,11/7/2013,21:29:24,0.00,7.77,953.28,65.09,251
11/7/2013 21:29:54,11/7/2013,21:29:54,0.00,7.75,953.28,65.00,230
11/7/2013 21:30:24,11/7/2013,21:30:24,0.00,7.82,953.26,65.00,264
11/7/2013 21:30:54,11/7/2013,21:30:54,0.00,7.84,953.29,65.30,225
11/7/2013 21:31:24,11/7/2013,21:31:24,0.00,7.84,953.28,65.40,246
11/7/2013 21:31:54,11/7/2013,21:31:54,0.00,7.97,953.26,64.80,242
11/7/2013 21:32:24,11/7/2013,21:32:24,0.00,7.92,953.24,65.30,259
11/7/2013 21:32:54,11/7/2013,21:32:54,0.00,7.97,953.22,65.19,222
11/7/2013 21:33:24,11/7/2013,21:33:24,0.00,8.02,953.18,64.80,236
11/7/2013 21:33:54,11/7/2013,21:33:54,0.00,8.02,953.15,64.90,228
11/7/2013 21:34:24,11/7/2013,21:34:24,0.00,8.02,953.15,65.09,285
11/7/2013 21:34:54,11/7/2013,21:34:54,0.00,7.97,953.13,65.59,233
11/7/2013 21:35:24,11/7/2013,21:35:24,0.00,7.97,953.12,64.90,223
11/7/2013 21:35:54,11/7/2013,21:35:54,0.00,8.02,953.14,64.80,253
11/7/2013 21:36:24,11/7/2013,21:36:24,0.00,8.05,953.12,64.90,232
11/7/2013 21:36:54,11/7/2013,21:36:54,0.00,8.05,953.12,64.90,231
11/7/2013 21:37:24,11/7/2013,21:37:24,0.00,8.10,953.13,65.09,230
11/7/2013 21:37:54,11/7/2013,21:37:54,0.00,8.10,953.14,64.50,270
11/7/2013 21:38:24,11/7/2013,21:38:24,0.00,8.05,953.13,64.90,244
11/7/2013 21:38:54,11/7/2013,21:38:54,0.00,8.10,953.14,64.80,229
11/7/2013 21:39:24,11/7/2013,21:39:24,0.00,8.10,953.12,64.30,280
11/7/2013 21:39:54,11/7/2013,21:39:54,0.00,8.05,953.14,65.00,184
11/7/2013 21:40:24,11/7/2013,21:40:24,0.00,8.05,953.13,64.80,247
11/7/2013 21:40:54,11/7/2013,21:40:54,0.00,8.10,953.13,64.30,253
11/7/2013 21:41:24,11/7/2013,21:41:24,0.00,8.05,953.12,64.59,252
11/7/2013 21:41:54,11/7/2013,21:41:54,0.00,8.10,953.12,64.19,237
11/7/2013 21:42:24,11/7/2013,21:42:24,0.00,8.02,953.12,64.50,229
11/7/2013 21:42:54,11/7/2013,21:42:54,0.00,8.02,953.14,65.30,290
11/7/2013 21:43:24,11/7/2013,21:43:24,0.00,8.02,953.13,65.80,286
11/7/2013 21:43:54,11/7/2013,21:43:54,0.00,7.97,953.14,65.90,286
11/7/2013 21:44:24,11/7/2013,21:44:24,0.00,7.97,953.12,66.09,0
11/7/2013 21:44:54,11/7/2013,21:44:54,0.00,7.92,953.14,66.30,310
11/7/2013 21:45:24,11/7/2013,21:45:24,0.00,7.92,953.14,66.40,352
11/7/2013 21:45:54,11/7/2013,21:45:54,0.00,7.92,953.18,66.50,301
11/7/2013 21:46:24,11/7/2013,21:46:24,0.00,7.90,953.20,66.59,300
11/7/2013 21:46:54,11/7/2013,21:46:54,0.00,7.90,953.21,66.80,343
11/7/2013 21:47:24,11/7/2013,21:47:24,0.00,7.84,953.25,66.90,338
11/7/2013 21:47:54,11/7/2013,21:47:54,0.00,7.84,953.28,66.80,288
11/7/2013 21:48:24,11/7/2013,21:48:24,0.00,7.84,953.28,67.00,288
11/7/2013 21:48:54,11/7/2013,21:48:54,0.00,7.84,953.26,67.00,25
11/7/2013 21:49:24,11/7/2013,21:49:24,0.00,7.82,953.28,67.09,345
11/7/2013 21:49:54,11/7/2013,21:49:54,0.00,7.77,953.28,67.19,330
11/7/2013 21:50:24,11/7/2013,21:50:24,0.00,7.77,953.28,67.19,353
11/7/2013 21:50:54,11/7/2013,21:50:54,0.00,7.77,953.28,67.19,356
11/7/2013 21:51:24,11/7/2013,21:51:24,0.00,7.77,953.28,67.19,7
11/7/2013 21:51:54,11/7/2013,21:51:54,0.00,7.75,953.28,67.19,7
11/7/2013 21:52:24,11/7/2013,21:52:24,0.00,7.69,953.29,67.19,6
11/7/2013 21:52:54,11/7/2013,21:52:54,0.00,7.69,953.28,67.19,6
11/7/2013 21:53:24,11/7/2013,21:53:24,0.00,7.69,953.29,67.19,351
11/7/2013 21:53:54,11/7/2013,21:53:54,0.00,7.65,953.28,67.19,351
11/7/2013 21:54:24,11/7/2013,21:54:24,0.00,7.65,953.26,67.19,359
11/7/2013 21:54:54,11/7/2013,21:54:54,0.00,7.62,953.26,67.19,359
11/7/2013 21:55:24,11/7/2013,21:55:24,0.00,7.62,953.28,67.30,358
11/7/2013 21:55:54,11/7/2013,21:55:54,0.00,7.62,953.28,67.40,358
11/7/2013 21:56:24,11/7/2013,21:56:24,0.00,7.57,953.28,67.50,348
11/7/2013 21:56:54,11/7/2013,21:56:54,0.00,7.62,953.30,67.69,247
11/7/2013 21:57:24,11/7/2013,21:57:24,0.00,7.62,953.29,67.50,314
11/7/2013 21:57:54,11/7/2013,21:57:54,0.00,7.57,953.29,67.80,314
11/7/2013 21:58:24,11/7/2013,21:58:24,0.00,7.62,953.30,67.80,263
11/7/2013 21:58:54,11/7/2013,21:58:54,0.00,7.62,953.29,68.00,271
11/7/2013 21:59:24,11/7/2013,21:59:24,0.00,7.62,953.30,68.19,280
11/7/2013 21:59:54,11/7/2013,21:59:54,0.00,7.62,953.28,68.30,311
11/7/2013 22:00:24,11/7/2013,22:00:24,0.00,7.62,953.28,68.50,311
11/7/2013 22:00:54,11/7/2013,22:00:54,0.00,7.62,953.30,68.50,318
11/7/2013 22:01:24,11/7/2013,22:01:24,0.00,7.57,953.30,68.40,319
11/7/2013 22:01:54,11/7/2013,22:01:54,0.00,7.57,953.31,68.30,337
11/7/2013 22:02:24,11/7/2013,22:02:24,0.00,7.57,953.29,68.30,315
11/7/2013 22:02:54,11/7/2013,22:02:54,0.00,7.62,953.31,68.50,258
11/7/2013 22:03:24,11/7/2013,22:03:24,0.00,7.62,953.31,68.30,291
11/7/2013 22:03:54,11/7/2013,22:03:54,0.00,7.62,953.30,68.59,276
11/7/2013 22:04:24,11/7/2013,22:04:24,0.00,7.65,953.30,68.59,245
11/7/2013 22:04:54,11/7/2013,22:04:54,0.00,7.65,953.28,68.50,311
11/7/2013 22:05:24,11/7/2013,22:05:24,0.00,7.65,953.26,68.50,251
11/7/2013 22:05:54,11/7/2013,22:05:54,0.00,7.69,953.29,68.40,304
11/7/2013 22:06:24,11/7/2013,22:06:24,0.00,7.62,953.30,68.50,321
11/7/2013 22:06:54,11/7/2013,22:06:54,0.00,7.62,953.30,68.50,275
11/7/2013 22:07:24,11/7/2013,22:07:24,0.00,7.65,953.31,68.69,308
11/7/2013 22:07:54,11/7/2013,22:07:54,0.00,7.62,953.31,68.69,27
11/7/2013 22:08:24,11/7/2013,22:08:24,0.00,7.69,953.32,68.80,306
11/7/2013 22:08:54,11/7/2013,22:08:54,0.00,7.65,953.33,68.80,300
11/7/2013 22:09:24,11/7/2013,22:09:24,0.00,7.69,953.33,68.69,302
11/7/2013 22:09:54,11/7/2013,22:09:54,0.00,7.69,953.32,68.50,264
11/7/2013 22:10:24,11/7/2013,22:10:24,0.00,7.75,953.32,68.69,295
11/7/2013 22:10:54,11/7/2013,22:10:54,0.00,7.75,953.32,68.80,270
11/7/2013 22:11:24,11/7/2013,22:11:24,0.00,7.75,953.31,68.69,306
11/7/2013 22:11:54,11/7/2013,22:11:54,0.00,7.77,953.31,68.69,245
11/7/2013 22:12:24,11/7/2013,22:12:24,0.00,7.77,953.32,68.59,268
11/7/2013 22:12:54,11/7/2013,22:12:54,0.00,7.82,953.33,68.40,249
11/7/2013 22:13:24,11/7/2013,22:13:24,0.00,7.84,953.32,68.00,317
11/7/2013 22:13:54,11/7/2013,22:13:54,0.00,7.82,953.31,68.09,297
11/7/2013 22:14:24,11/7/2013,22:14:24,0.00,7.77,953.31,68.30,305
11/7/2013 22:14:54,11/7/2013,22:14:54,0.00,7.77,953.30,68.09,305
11/7/2013 22:15:24,11/7/2013,22:15:24,0.00,7.84,953.30,68.09,282
11/7/2013 22:15:54,11/7/2013,22:15:54,0.00,7.84,953.32,68.59,282
11/7/2013 22:16:24,11/7/2013,22:16:24,0.00,7.82,953.32,68.69,286
11/7/2013 22:16:54,11/7/2013,22:16:54,0.00,7.84,953.32,68.59,293
11/7/2013 22:17:24,11/7/2013,22:17:24,0.00,7.92,953.32,68.30,230
11/7/2013 22:17:54,11/7/2013,22:17:54,0.00,7.97,953.31,67.00,230
11/7/2013 22:18:24,11/7/2013,22:18:24,0.00,7.97,953.30,66.50,231
11/7/2013 22:18:54,11/7/2013,22:18:54,0.00,8.02,953.31,66.00,231
11/7/2013 22:19:24,11/7/2013,22:19:24,0.00,7.97,953.34,65.80,233
11/7/2013 22:19:54,11/7/2013,22:19:54,0.00,8.02,953.34,65.69,233
11/7/2013 22:20:24,11/7/2013,22:20:24,0.00,8.02,953.33,65.69,233
11/7/2013 22:20:54,11/7/2013,22:20:54,0.00,7.97,953.33,65.80,232
11/7/2013 22:21:24,11/7/2013,22:21:24,0.00,8.02,953.34,66.00,233
11/7/2013 22:21:54,11/7/2013,22:21:54,0.00,8.02,953.33,65.80,233
11/7/2013 22:22:24,11/7/2013,22:22:24,0.00,8.02,953.32,65.40,233
11/7/2013 22:22:54,11/7/2013,22:22:54,0.00,8.02,953.32,65.50,233
11/7/2013 22:23:24,11/7/2013,22:23:24,0.00,7.97,953.33,65.69,234
11/7/2013 22:23:54,11/7/2013,22:23:54,0.00,7.97,953.30,65.80,233
11/7/2013 22:24:24,11/7/2013,22:24:24,0.00,7.97,953.29,66.19,234
11/7/2013 22:24:54,11/7/2013,22:24:54,0.00,7.92,953.28,66.19,234
11/7/2013 22:25:24,11/7/2013,22:25:24,0.00,7.92,953.29,65.90,234
11/7/2013 22:25:54,11/7/2013,22:25:54,0.00,7.92,953.26,65.80,233
11/7/2013 22:26:24,11/7/2013,22:26:24,0.00,7.92,953.29,65.69,233
11/7/2013 22:26:54,11/7/2013,22:26:54,0.00,7.92,953.28,65.59,233
11/7/2013 22:27:24,11/7/2013,22:27:24,0.00,7.92,953.25,65.90,239
11/7/2013 22:27:54,11/7/2013,22:27:54,0.00,7.92,953.25,66.00,240
11/7/2013 22:28:24,11/7/2013,22:28:24,0.00,7.90,953.26,66.09,238
11/7/2013 22:28:54,11/7/2013,22:28:54,0.00,7.90,953.29,65.90,242
11/7/2013 22:29:24,11/7/2013,22:29:24,0.00,7.90,953.28,66.00,241
11/7/2013 22:29:54,11/7/2013,22:29:54,0.00,7.90,953.29,65.90,241
11/7/2013 22:30:24,11/7/2013,22:30:24,0.00,7.84,953.31,66.00,235
11/7/2013 22:30:54,11/7/2013,22:30:54,0.00,7.84,953.31,65.90,237
11/7/2013 22:31:24,11/7/2013,22:31:24,0.00,7.84,953.32,66.19,237
11/7/2013 22:31:54,11/7/2013,22:31:54,0.00,7.84,953.34,66.30,237
11/7/2013 22:32:24,11/7/2013,22:32:24,0.00,7.84,953.34,66.30,245
11/7/2013 22:32:54,11/7/2013,22:32:54,0.00,7.84,953.36,66.19,246
11/7/2013 22:33:24,11/7/2013,22:33:24,0.00,7.84,953.37,66.00,246
11/7/2013 22:33:54,11/7/2013,22:33:54,0.00,7.84,953.38,66.09,246
11/7/2013 22:34:24,11/7/2013,22:34:24,0.00,7.84,953.38,66.09,253
11/7/2013 22:34:54,11/7/2013,22:34:54,0.00,7.82,953.41,66.30,249
11/7/2013 22:35:24,11/7/2013,22:35:24,0.00,7.84,953.39,66.00,249
11/7/2013 22:35:54,11/7/2013,22:35:54,0.00,7.82,953.38,66.00,11
11/7/2013 22:36:24,11/7/2013,22:36:24,0.00,7.82,953.38,66.09,11
11/7/2013 22:36:54,11/7/2013,22:36:54,0.00,7.82,953.36,66.09,296
11/7/2013 22:37:24,11/7/2013,22:37:24,0.00,7.82,953.34,66.30,6
11/7/2013 22:37:54,11/7/2013,22:37:54,0.00,7.77,953.32,66.50,75
11/7/2013 22:38:24,11/7/2013,22:38:24,0.00,7.77,953.32,66.59,23
11/7/2013 22:38:54,11/7/2013,22:38:54,0.00,7.82,953.33,66.69,22
11/7/2013 22:39:24,11/7/2013,22:39:24,0.00,7.77,953.33,66.80,22
11/7/2013 22:39:54,11/7/2013,22:39:54,0.00,7.77,953.34,66.90,20
11/7/2013 22:40:24,11/7/2013,22:40:24,0.00,7.77,953.33,66.90,22
11/7/2013 22:40:54,11/7/2013,22:40:54,0.00,7.77,953.34,66.90,22
11/7/2013 22:41:24,11/7/2013,22:41:24,0.00,7.77,953.34,67.00,22
11/7/2013 22:41:54,11/7/2013,22:41:54,0.00,7.77,953.34,67.19,25
11/7/2013 22:42:24,11/7/2013,22:42:24,0.00,7.77,953.32,67.30,10
11/7/2013 22:42:54,11/7/2013,22:42:54,0.00,7.77,953.31,67.50,9
11/7/2013 22:43:24,11/7/2013,22:43:24,0.00,7.75,953.31,67.50,10
11/7/2013 22:43:54,11/7/2013,22:43:54,0.00,7.75,953.31,67.59,6
11/7/2013 22:44:24,11/7/2013,22:44:24,0.00,7.77,953.32,67.69,6
11/7/2013 22:44:54,11/7/2013,22:44:54,0.00,7.77,953.31,68.00,9
11/7/2013 22:45:24,11/7/2013,22:45:24,0.00,7.77,953.31,68.19,5
11/7/2013 22:45:54,11/7/2013,22:45:54,0.00,7.77,953.33,68.40,5
11/7/2013 22:46:24,11/7/2013,22:46:24,0.00,7.75,953.33,68.59,9
11/7/2013 22:46:54,11/7/2013,22:46:54,0.00,7.75,953.32,68.69,8
11/7/2013 22:47:24,11/7/2013,22:47:24,0.00,7.69,953.30,68.80,8
11/7/2013 22:47:54,11/7/2013,22:47:54,0.00,7.69,953.31,68.80,2
11/7/2013 22:48:24,11/7/2013,22:48:24,0.00,7.69,953.32,68.90,2
11/7/2013 22:48:54,11/7/2013,22:48:54,0.00,7.69,953.33,68.80,6
11/7/2013 22:49:24,11/7/2013,22:49:24,0.00,7.69,953.33,68.80,6
11/7/2013 22:49:54,11/7/2013,22:49:54,0.00,7.69,953.34,68.80,6
11/7/2013 22:50:24,11/7/2013,22:50:24,0.00,7.69,953.34,68.80,7
11/7/2013 22:50:54,11/7/2013,22:50:54,0.00,7.69,953.33,68.80,7
11/7/2013 22:51:24,11/7/2013,22:51:24,0.00,7.65,953.32,68.80,8
11/7/2013 22:51:54,11/7/2013,22:51:54,0.00,7.62,953.33,68.80,18
11/7/2013 22:52:24,11/7/2013,22:52:24,0.00,7.65,953.31,68.69,18
11/7/2013 22:52:54,11/7/2013,22:52:54,0.00,7.62,953.32,68.59,42
11/7/2013 22:53:24,11/7/2013,22:53:24,0.00,7.55,953.32,68.40,56
11/7/2013 22:53:54,11/7/2013,22:53:54,0.00,7.55,953.30,68.30,56
11/7/2013 22:54:24,11/7/2013,22:54:24,0.00,7.55,953.30,68.09,52
11/7/2013 22:54:54,11/7/2013,22:54:54,0.00,7.50,953.30,68.09,53
11/7/2013 22:55:24,11/7/2013,22:55:24,0.00,7.50,953.26,68.19,53
11/7/2013 22:55:54,11/7/2013,22:55:54,0.00,7.50,953.25,68.40,52
11/7/2013 22:56:24,11/7/2013,22:56:24,0.00,7.50,953.25,68.40,52
11/7/2013 22:56:54,11/7/2013,22:56:54,0.00,7.47,953.24,68.50,52
11/7/2013 22:57:24,11/7/2013,22:57:24,0.00,7.47,953.24,68.50,54
11/7/2013 22:57:54,11/7/2013,22:57:54,0.00,7.42,953.22,68.69,54
11/7/2013 22:58:24,11/7/2013,22:58:24,0.00,7.37,953.22,68.80,50
11/7/2013 22:58:54,11/7/2013,22:58:54,0.00,7.47,953.22,68.80,49
11/7/2013 22:59:24,11/7/2013,22:59:24,0.00,7.42,953.23,68.80,50
11/7/2013 22:59:54,11/7/2013,22:59:54,0.00,7.42,953.22,68.80,51
11/7/2013 23:00:24,11/7/2013,23:00:24,0.00,7.37,953.18,68.90,51
11/7/2013 23:00:54,11/7/2013,23:00:54,0.00,7.37,953.18,68.80,344
11/7/2013 23:01:24,11/7/2013,23:01:24,0.00,7.37,953.20,69.00,308
11/7/2013 23:01:54,11/7/2013,23:01:54,0.00,7.37,953.18,69.19,348
11/7/2013 23:02:24,11/7/2013,23:02:24,0.00,7.37,953.18,69.30,348
11/7/2013 23:02:54,11/7/2013,23:02:54,0.00,7.37,953.20,69.30,345
11/7/2013 23:03:24,11/7/2013,23:03:24,0.00,7.37,953.21,69.40,345
11/7/2013 23:03:54,11/7/2013,23:03:54,0.00,7.34,953.23,69.40,348
11/7/2013 23:04:24,11/7/2013,23:04:24,0.00,7.34,953.23,69.40,347
11/7/2013 23:04:54,11/7/2013,23:04:54,0.00,7.30,953.23,69.30,18
11/7/2013 23:05:24,11/7/2013,23:05:24,0.00,7.27,953.23,69.30,40
11/7/2013 23:05:54,11/7/2013,23:05:54,0.00,7.22,953.22,69.19,35
11/7/2013 23:06:24,11/7/2013,23:06:24,0.00,7.22,953.23,69.09,36
11/7/2013 23:06:54,11/7/2013,23:06:54,0.00,7.22,953.22,69.09,36
11/7/2013 23:07:24,11/7/2013,23:07:24,0.00,7.22,953.22,69.09,36
11/7/2013 23:07:54,11/7/2013,23:07:54,0.00,7.15,953.17,69.09,36
11/7/2013 23:08:24,11/7/2013,23:08:24,0.00,7.15,953.17,69.09,36
11/7/2013 23:08:54,11/7/2013,23:08:54,0.00,7.09,953.18,69.09,35
11/7/2013 23:09:24,11/7/2013,23:09:24,0.00,7.09,953.20,69.09,15
11/7/2013 23:09:54,11/7/2013,23:09:54,0.00,7.07,953.22,69.19,316
11/7/2013 23:10:24,11/7/2013,23:10:24,0.00,7.07,953.21,69.40,352
11/7/2013 23:10:54,11/7/2013,23:10:54,0.00,7.07,953.23,69.40,349
11/7/2013 23:11:24,11/7/2013,23:11:24,0.00,7.07,953.24,69.50,17
11/7/2013 23:11:54,11/7/2013,23:11:54,0.00,7.02,953.23,69.59,13
11/7/2013 23:12:24,11/7/2013,23:12:24,0.00,7.02,953.22,69.59,13
11/7/2013 23:12:54,11/7/2013,23:12:54,0.00,7.00,953.22,69.69,18
11/7/2013 23:13:24,11/7/2013,23:13:24,0.00,7.00,953.20,69.69,24
11/7/2013 23:13:54,11/7/2013,23:13:54,0.00,6.94,953.18,69.80,20
11/7/2013 23:14:24,11/7/2013,23:14:24,0.00,6.90,953.17,69.80,20
11/7/2013 23:14:54,11/7/2013,23:14:54,0.00,6.90,953.17,69.80,21
11/7/2013 23:15:24,11/7/2013,23:15:24,0.00,6.90,953.18,69.90,21
11/7/2013 23:15:54,11/7/2013,23:15:54,0.00,6.87,953.17,69.90,21
11/7/2013 23:16:24,11/7/2013,23:16:24,0.00,6.82,953.18,70.00,21
11/7/2013 23:16:54,11/7/2013,23:16:54,0.00,6.82,953.15,70.09,21
11/7/2013 23:17:24,11/7/2013,23:17:24,0.00,6.82,953.17,70.09,20
11/7/2013 23:17:54,11/7/2013,23:17:54,0.00,6.82,953.17,70.19,20
11/7/2013 23:18:24,11/7/2013,23:18:24,0.00,6.82,953.18,70.19,20
11/7/2013 23:18:54,11/7/2013,23:18:54,0.00,6.82,953.17,70.30,19
11/7/2013 23:19:24,11/7/2013,23:19:24,0.00,6.80,953.17,70.40,19
11/7/2013 23:19:54,11/7/2013,23:19:54,0.00,6.80,953.18,70.50,22
11/7/2013 23:20:24,11/7/2013,23:20:24,0.00,6.75,953.22,70.50,39
11/7/2013 23:20:54,11/7/2013,23:20:54,0.00,6.75,953.22,70.59,61
11/7/2013 23:21:24,11/7/2013,23:21:24,0.00,6.69,953.21,70.59,58
11/7/2013 23:21:54,11/7/2013,23:21:54,0.00,6.69,953.21,70.59,57
11/7/2013 23:22:24,11/7/2013,23:22:24,0.00,6.67,953.21,70.80,57
11/7/2013 23:22:54,11/7/2013,23:22:54,0.00,6.67,953.24,71.00,55
11/7/2013 23:23:24,11/7/2013,23:23:24,0.00,6.67,953.22,71.19,55
11/7/2013 23:23:54,11/7/2013,23:23:54,0.00,6.59,953.23,71.40,58
11/7/2013 23:24:24,11/7/2013,23:24:24,0.00,6.59,953.24,71.59,57
11/7/2013 23:24:54,11/7/2013,23:24:54,0.00,6.59,953.24,71.69,57
11/7/2013 23:25:24,11/7/2013,23:25:24,0.00,6.59,953.23,71.69,57
11/7/2013 23:25:54,11/7/2013,23:25:54,0.00,6.52,953.21,71.69,59
11/7/2013 23:26:24,11/7/2013,23:26:24,0.00,6.52,953.18,71.69,58
11/7/2013 23:26:54,11/7/2013,23:26:54,0.00,6.52,953.17,71.69,57
11/7/2013 23:27:24,11/7/2013,23:27:24,0.00,6.42,953.15,71.80,57
11/7/2013 23:27:54,11/7/2013,23:27:54,0.00,6.42,953.15,71.80,57
11/7/2013 23:28:24,11/7/2013,23:28:24,0.00,6.40,953.15,71.80,57
11/7/2013 23:28:54,11/7/2013,23:28:54,0.00,6.34,953.15,71.80,55
11/7/2013 23:29:24,11/7/2013,23:29:24,0.00,6.34,953.16,71.80,57
11/7/2013 23:29:54,11/7/2013,23:29:54,0.00,6.27,953.16,71.90,57
11/7/2013 23:30:24,11/7/2013,23:30:24,0.00,6.22,953.13,71.90,58
11/7/2013 23:30:54,11/7/2013,23:30:54,0.00,6.19,953.15,71.90,57
11/7/2013 23:31:24,11/7/2013,23:31:24,0.00,6.15,953.17,71.90,57
11/7/2013 23:31:54,11/7/2013,23:31:54,0.00,6.12,953.17,71.90,57
11/7/2013 23:32:24,11/7/2013,23:32:24,0.00,6.12,953.18,72.00,56
11/7/2013 23:32:54,11/7/2013,23:32:54,0.00,6.12,953.17,72.09,49
11/7/2013 23:33:24,11/7/2013,23:33:24,0.00,6.07,953.16,72.09,43
11/7/2013 23:33:54,11/7/2013,23:33:54,0.00,6.07,953.17,72.19,44
11/7/2013 23:34:24,11/7/2013,23:34:24,0.00,6.05,953.18,72.30,44
11/7/2013 23:34:54,11/7/2013,23:34:54,0.00,6.05,953.16,72.40,41
11/7/2013 23:35:24,11/7/2013,23:35:24,0.00,6.05,953.16,72.50,17
11/7/2013 23:35:54,11/7/2013,23:35:54,0.00,6.05,953.17,72.59,24
11/7/2013 23:36:24,11/7/2013,23:36:24,0.00,6.05,953.17,72.59,24
11/7/2013 23:36:54,11/7/2013,23:36:54,0.00,6.00,953.22,72.69,24
11/7/2013 23:37:24,11/7/2013,23:37:24,0.00,5.94,953.22,72.69,40
11/7/2013 23:37:54,11/7/2013,23:37:54,0.00,5.94,953.25,72.69,36
11/7/2013 23:38:24,11/7/2013,23:38:24,0.00,5.94,953.26,72.69,28
11/7/2013 23:38:54,11/7/2013,23:38:54,0.00,5.94,953.26,72.69,18
11/7/2013 23:39:24,11/7/2013,23:39:24,0.00,5.94,953.26,72.69,18
11/7/2013 23:39:54,11/7/2013,23:39:54,0.00,5.94,953.30,72.80,18
11/7/2013 23:40:24,11/7/2013,23:40:24,0.00,6.00,953.32,72.90,355
11/7/2013 23:40:54,11/7/2013,23:40:54,0.00,5.94,953.31,73.00,5E-4
11/7/2013 23:41:24,11/7/2013,23:41:24,0.00,6.00,953.33,73.00,12
11/7/2013 23:41:54,11/7/2013,23:41:54,0.00,6.05,953.34,73.09,12
11/7/2013 23:42:24,11/7/2013,23:42:24,0.00,6.00,953.37,73.09,11
11/7/2013 23:42:54,11/7/2013,23:42:54,0.00,6.00,953.37,73.19,10
11/7/2013 23:43:24,11/7/2013,23:43:24,0.00,6.05,953.36,73.30,4
11/7/2013 23:43:54,11/7/2013,23:43:54,0.00,6.05,953.36,73.30,6
11/7/2013 23:44:24,11/7/2013,23:44:24,0.00,6.05,953.36,73.40,11
11/7/2013 23:44:54,11/7/2013,23:44:54,0.00,6.05,953.34,73.50,16
11/7/2013 23:45:24,11/7/2013,23:45:24,0.00,6.05,953.36,73.59,17
11/7/2013 23:45:54,11/7/2013,23:45:54,0.00,6.05,953.37,73.59,17
11/7/2013 23:46:24,11/7/2013,23:46:24,0.00,6.05,953.38,73.69,17
11/7/2013 23:46:54,11/7/2013,23:46:54,0.00,6.05,953.34,73.80,88
11/7/2013 23:47:24,11/7/2013,23:47:24,0.00,6.05,953.37,73.80,81
11/7/2013 23:47:54,11/7/2013,23:47:54,0.00,6.07,953.34,73.80,62
11/7/2013 23:48:24,11/7/2013,23:48:24,0.00,6.07,953.33,74.00,67
11/7/2013 23:48:54,11/7/2013,23:48:54,0.00,6.07,953.33,74.00,67
11/7/2013 23:49:24,11/7/2013,23:49:24,0.00,6.05,953.33,74.09,66
11/7/2013 23:49:54,11/7/2013,23:49:54,0.00,6.05,953.32,74.09,45
11/7/2013 23:50:24,11/7/2013,23:50:24,0.00,6.05,953.31,74.19,53
11/7/2013 23:50:54,11/7/2013,23:50:54,0.00,6.05,953.31,74.19,53
11/7/2013 23:51:24,11/7/2013,23:51:24,0.00,6.05,953.29,74.30,52
11/7/2013 23:51:54,11/7/2013,23:51:54,0.00,6.07,953.31,74.30,50
11/7/2013 23:52:24,11/7/2013,23:52:24,0.00,6.05,953.31,74.30,35
11/7/2013 23:52:54,11/7/2013,23:52:54,0.00,6.07,953.31,74.40,35
11/7/2013 23:53:24,11/7/2013,23:53:24,0.00,6.07,953.31,74.40,42
11/7/2013 23:53:54,11/7/2013,23:53:54,0.00,6.07,953.32,74.40,41
11/7/2013 23:54:24,11/7/2013,23:54:24,0.00,6.07,953.30,74.50,35
11/7/2013 23:54:54,11/7/2013,23:54:54,0.00,6.12,953.29,74.50,36
11/7/2013 23:55:24,11/7/2013,23:55:24,0.00,6.07,953.29,74.50,43
11/7/2013 23:55:54,11/7/2013,23:55:54,0.00,6.12,953.31,74.59,16
11/7/2013 23:56:24,11/7/2013,23:56:24,0.00,6.12,953.29,74.59,23
11/7/2013 23:56:54,11/7/2013,23:56:54,0.00,6.12,953.28,74.59,25
11/7/2013 23:57:24,11/7/2013,23:57:24,0.00,6.12,953.29,74.59,25
11/7/2013 23:57:54,11/7/2013,23:57:54,0.00,6.12,953.28,74.59,25
11/7/2013 23:58:24,11/7/2013,23:58:24,0.00,6.12,953.26,74.69,25
11/7/2013 23:58:54,11/7/2013,23:58:54,0.00,6.12,953.29,74.69,24
11/7/2013 23:59:24,11/7/2013,23:59:24,0.00,6.12,953.28,74.69,23
11/7/2013 23:59:54,11/7/2013,23:59:54,0.00,6.12,953.26,74.80,23
11/8/2013 00:00:24,11/8/2013,00:00:24,0.00,6.15,953.28,74.80,23
11/8/2013 00:00:54,11/8/2013,00:00:54,0.00,6.15,953.28,74.80,23
11/8/2013 00:01:24,11/8/2013,00:01:24,0.00,6.15,953.28,74.80,25
11/8/2013 00:01:54,11/8/2013,00:01:54,0.00,6.15,953.29,74.80,25
11/8/2013 00:02:24,11/8/2013,00:02:24,0.00,6.19,953.29,74.80,25
11/8/2013 00:02:54,11/8/2013,00:02:54,0.00,6.15,953.26,74.90,23
11/8/2013 00:03:24,11/8/2013,00:03:24,0.00,6.19,953.30,74.90,23
11/8/2013 00:03:54,11/8/2013,00:03:54,0.00,6.19,953.28,74.90,25
11/8/2013 00:04:24,11/8/2013,00:04:24,0.00,6.19,953.28,74.90,25
11/8/2013 00:04:54,11/8/2013,00:04:54,0.00,6.15,953.26,74.90,26
11/8/2013 00:05:24,11/8/2013,00:05:24,0.00,6.15,953.25,74.90,26
11/8/2013 00:05:54,11/8/2013,00:05:54,0.00,6.19,953.23,74.90,27
11/8/2013 00:06:24,11/8/2013,00:06:24,0.00,6.19,953.22,74.90,36
11/8/2013 00:06:54,11/8/2013,00:06:54,0.00,6.19,953.22,74.90,35
11/8/2013 00:07:24,11/8/2013,00:07:24,0.00,6.19,953.21,74.90,30
11/8/2013 00:07:54,11/8/2013,00:07:54,0.00,6.19,953.18,74.90,12
11/8/2013 00:08:24,11/8/2013,00:08:24,0.00,6.19,953.18,74.90,25
11/8/2013 00:08:54,11/8/2013,00:08:54,0.00,6.19,953.18,74.90,33
11/8/2013 00:09:24,11/8/2013,00:09:24,0.00,6.19,953.18,75.00,41
11/8/2013 00:09:54,11/8/2013,00:09:54,0.00,6.19,953.18,74.90,38
11/8/2013 00:10:24,11/8/2013,00:10:24,0.00,6.19,953.17,75.00,38
11/8/2013 00:10:54,11/8/2013,00:10:54,0.00,6.19,953.17,75.00,38
11/8/2013 00:11:24,11/8/2013,00:11:24,0.00,6.19,953.17,75.00,37
11/8/2013 00:11:54,11/8/2013,00:11:54,0.00,6.19,953.16,75.00,38
11/8/2013 00:12:24,11/8/2013,00:12:24,0.00,6.19,953.15,75.00,36
11/8/2013 00:12:54,11/8/2013,00:12:54,0.00,6.19,953.16,75.00,36
11/8/2013 00:13:24,11/8/2013,00:13:24,0.00,6.19,953.16,75.00,36
11/8/2013 00:13:54,11/8/2013,00:13:54,0.00,6.19,953.14,75.00,36
11/8/2013 00:14:24,11/8/2013,00:14:24,0.00,6.19,953.15,75.00,36
11/8/2013 00:14:54,11/8/2013,00:14:54,0.00,6.19,953.13,75.00,36
11/8/2013 00:15:24,11/8/2013,00:15:24,0.00,6.19,953.14,75.09,38
11/8/2013 00:15:54,11/8/2013,00:15:54,0.00,6.15,953.14,75.09,38
11/8/2013 00:16:24,11/8/2013,00:16:24,0.00,6.15,953.15,75.09,34
11/8/2013 00:16:54,11/8/2013,00:16:54,0.00,6.15,953.15,75.09,37
11/8/2013 00:17:24,11/8/2013,00:17:24,0.00,6.12,953.13,75.09,34
11/8/2013 00:17:54,11/8/2013,00:17:54,0.00,6.12,953.13,75.09,34
11/8/2013 00:18:24,11/8/2013,00:18:24,0.00,6.12,953.15,75.09,34
11/8/2013 00:18:54,11/8/2013,00:18:54,0.00,6.12,953.14,75.09,36
11/8/2013 00:19:24,11/8/2013,00:19:24,0.00,6.12,953.16,75.09,36
11/8/2013 00:19:54,11/8/2013,00:19:54,0.00,6.12,953.17,75.09,36
11/8/2013 00:20:24,11/8/2013,00:20:24,0.00,6.12,953.18,75.09,36
11/8/2013 00:20:54,11/8/2013,00:20:54,0.00,6.12,953.18,75.09,36
11/8/2013 00:21:24,11/8/2013,00:21:24,0.00,6.12,953.21,75.09,37
11/8/2013 00:21:54,11/8/2013,00:21:54,0.00,6.12,953.22,75.09,37
11/8/2013 00:22:24,11/8/2013,00:22:24,0.00,6.12,953.22,75.09,37
11/8/2013 00:22:54,11/8/2013,00:22:54,0.00,6.12,953.22,75.19,36
11/8/2013 00:23:24,11/8/2013,00:23:24,0.00,6.12,953.22,75.19,36
11/8/2013 00:23:54,11/8/2013,00:23:54,0.00,6.12,953.22,75.19,50
11/8/2013 00:24:24,11/8/2013,00:24:24,0.00,6.12,953.21,75.19,47
11/8/2013 00:24:54,11/8/2013,00:24:54,0.00,6.12,953.21,75.30,44
11/8/2013 00:25:24,11/8/2013,00:25:24,0.00,6.07,953.21,75.30,44
11/8/2013 00:25:54,11/8/2013,00:25:54,0.00,6.12,953.22,75.30,44
11/8/2013 00:26:24,11/8/2013,00:26:24,0.00,6.12,953.23,75.30,44
11/8/2013 00:26:54,11/8/2013,00:26:54,0.00,6.12,953.23,75.30,44
11/8/2013 00:27:24,11/8/2013,00:27:24,0.00,6.12,953.22,75.30,44
11/8/2013 00:27:54,11/8/2013,00:27:54,0.00,6.12,953.22,75.40,45
11/8/2013 00:28:24,11/8/2013,00:28:24,0.00,6.12,953.20,75.40,44
11/8/2013 00:28:54,11/8/2013,00:28:54,0.00,6.12,953.20,75.40,42
11/8/2013 00:29:24,11/8/2013,00:29:24,0.00,6.12,953.18,75.50,27
11/8/2013 00:29:54,11/8/2013,00:29:54,0.00,6.15,953.17,75.50,30
11/8/2013 00:30:24,11/8/2013,00:30:24,0.00,6.19,953.15,75.50,30
11/8/2013 00:30:54,11/8/2013,00:30:54,0.00,6.19,953.15,75.59,30
11/8/2013 00:31:24,11/8/2013,00:31:24,0.00,6.19,953.15,75.59,31
11/8/2013 00:31:54,11/8/2013,00:31:54,0.00,6.19,953.15,75.59,30
11/8/2013 00:32:24,11/8/2013,00:32:24,0.00,6.19,953.12,75.59,32
11/8/2013 00:32:54,11/8/2013,00:32:54,0.00,6.19,953.12,75.59,31
11/8/2013 00:33:24,11/8/2013,00:33:24,0.00,6.19,953.10,75.59,34
11/8/2013 00:33:54,11/8/2013,00:33:54,0.00,6.19,953.09,75.59,34
11/8/2013 00:34:24,11/8/2013,00:34:24,0.00,6.19,953.09,75.69,34
11/8/2013 00:34:54,11/8/2013,00:34:54,0.00,6.19,953.09,75.59,34
11/8/2013 00:35:24,11/8/2013,00:35:24,0.00,6.19,953.09,75.69,33
11/8/2013 00:35:54,11/8/2013,00:35:54,0.00,6.19,953.08,75.69,34
11/8/2013 00:36:24,11/8/2013,00:36:24,0.00,6.19,953.08,75.69,34
11/8/2013 00:36:54,11/8/2013,00:36:54,0.00,6.19,953.07,75.69,34
11/8/2013 00:37:24,11/8/2013,00:37:24,0.00,6.19,953.05,75.69,33
11/8/2013 00:37:54,11/8/2013,00:37:54,0.00,6.22,953.04,75.69,34
11/8/2013 00:38:24,11/8/2013,00:38:24,0.00,6.22,953.05,75.69,34
11/8/2013 00:38:54,11/8/2013,00:38:54,0.00,6.27,953.04,75.69,34
11/8/2013 00:39:24,11/8/2013,00:39:24,0.00,6.22,953.01,75.69,34
11/8/2013 00:39:54,11/8/2013,00:39:54,0.00,6.22,953.02,75.69,33
11/8/2013 00:40:24,11/8/2013,00:40:24,0.00,6.27,953.02,75.69,30
11/8/2013 00:40:54,11/8/2013,00:40:54,0.00,6.22,953.04,75.69,30
11/8/2013 00:41:24,11/8/2013,00:41:24,0.00,6.27,953.02,75.69,32
11/8/2013 00:41:54,11/8/2013,00:41:54,0.00,6.27,953.04,75.69,31
11/8/2013 00:42:24,11/8/2013,00:42:24,0.00,6.27,953.04,75.69,36
11/8/2013 00:42:54,11/8/2013,00:42:54,0.00,6.27,953.04,75.69,36
11/8/2013 00:43:24,11/8/2013,00:43:24,0.00,6.32,953.06,75.80,35
11/8/2013 00:43:54,11/8/2013,00:43:54,0.00,6.27,953.04,75.69,32
11/8/2013 00:44:24,11/8/2013,00:44:24,0.00,6.27,953.04,75.69,32
11/8/2013 00:44:54,11/8/2013,00:44:54,0.00,6.27,953.01,75.69,32
11/8/2013 00:45:24,11/8/2013,00:45:24,0.00,6.32,952.99,75.80,32
11/8/2013 00:45:54,11/8/2013,00:45:54,0.00,6.34,952.97,75.80,34
11/8/2013 00:46:24,11/8/2013,00:46:24,0.00,6.27,952.94,75.80,34
11/8/2013 00:46:54,11/8/2013,00:46:54,0.00,6.32,952.93,75.80,35
11/8/2013 00:47:24,11/8/2013,00:47:24,0.00,6.32,952.92,75.90,35
11/8/2013 00:47:54,11/8/2013,00:47:54,0.00,6.27,952.91,75.80,35
11/8/2013 00:48:24,11/8/2013,00:48:24,0.00,6.27,952.90,75.90,31
11/8/2013 00:48:54,11/8/2013,00:48:54,0.00,6.27,952.89,75.90,30
11/8/2013 00:49:24,11/8/2013,00:49:24,0.00,6.27,952.88,75.90,30
11/8/2013 00:49:54,11/8/2013,00:49:54,0.00,6.27,952.89,75.90,30
11/8/2013 00:50:24,11/8/2013,00:50:24,0.00,6.22,952.89,75.90,30
11/8/2013 00:50:54,11/8/2013,00:50:54,0.00,6.27,952.90,75.90,30
11/8/2013 00:51:24,11/8/2013,00:51:24,0.00,6.27,952.89,75.90,30
11/8/2013 00:51:54,11/8/2013,00:51:54,0.00,6.27,952.88,75.90,31
11/8/2013 00:52:24,11/8/2013,00:52:24,0.00,6.27,952.90,75.90,31
11/8/2013 00:52:54,11/8/2013,00:52:54,0.00,6.27,952.90,76.00,30
11/8/2013 00:53:24,11/8/2013,00:53:24,0.00,6.22,952.88,76.00,31
11/8/2013 00:53:54,11/8/2013,00:53:54,0.00,6.22,952.88,76.00,31
11/8/2013 00:54:24,11/8/2013,00:54:24,0.00,6.22,952.88,76.00,31
11/8/2013 00:54:54,11/8/2013,00:54:54,0.00,6.19,952.86,76.00,31
11/8/2013 00:55:24,11/8/2013,00:55:24,0.00,6.19,952.86,76.00,37
11/8/2013 00:55:54,11/8/2013,00:55:54,0.00,6.15,952.85,76.00,43
11/8/2013 00:56:24,11/8/2013,00:56:24,0.00,6.12,952.88,75.90,44
11/8/2013 00:56:54,11/8/2013,00:56:54,0.00,6.07,952.88,75.90,43
11/8/2013 00:57:24,11/8/2013,00:57:24,0.00,6.07,952.90,75.90,39
11/8/2013 00:57:54,11/8/2013,00:57:54,0.00,6.05,952.90,75.80,35
11/8/2013 00:58:24,11/8/2013,00:58:24,0.00,6.05,952.88,75.90,37
11/8/2013 00:58:54,11/8/2013,00:58:54,0.00,6.05,952.86,75.80,41
11/8/2013 00:59:24,11/8/2013,00:59:24,0.00,6.05,952.86,75.90,40
11/8/2013 00:59:54,11/8/2013,00:59:54,0.00,6.05,952.86,75.80,41
11/8/2013 01:00:24,11/8/2013,01:00:24,0.00,6.00,952.84,75.90,36
11/8/2013 01:00:54,11/8/2013,01:00:54,0.00,6.00,952.85,75.80,34
11/8/2013 01:01:24,11/8/2013,01:01:24,0.00,6.00,952.85,75.90,7
11/8/2013 01:01:54,11/8/2013,01:01:54,0.00,5.94,952.84,75.80,8
11/8/2013 01:02:24,11/8/2013,01:02:24,0.00,5.94,952.83,75.80,9
11/8/2013 01:02:54,11/8/2013,01:02:54,0.00,5.94,952.81,75.80,10
11/8/2013 01:03:24,11/8/2013,01:03:24,0.00,5.94,952.77,75.90,14
11/8/2013 01:03:54,11/8/2013,01:03:54,0.00,5.94,952.76,75.90,15
11/8/2013 01:04:24,11/8/2013,01:04:24,0.00,5.94,952.75,75.90,15
11/8/2013 01:04:54,11/8/2013,01:04:54,0.00,5.92,952.75,75.90,15
11/8/2013 01:05:24,11/8/2013,01:05:24,0.00,5.87,952.75,75.90,15
11/8/2013 01:05:54,11/8/2013,01:05:54,0.00,5.87,952.75,75.80,15
11/8/2013 01:06:24,11/8/2013,01:06:24,0.00,5.87,952.74,75.90,12
11/8/2013 01:06:54,11/8/2013,01:06:54,0.00,5.87,952.75,75.90,12
11/8/2013 01:07:24,11/8/2013,01:07:24,0.00,5.87,952.76,75.90,11
11/8/2013 01:07:54,11/8/2013,01:07:54,0.00,5.87,952.77,75.90,12
11/8/2013 01:08:24,11/8/2013,01:08:24,0.00,5.87,952.78,75.90,11
11/8/2013 01:08:54,11/8/2013,01:08:54,0.00,5.84,952.80,75.90,16
11/8/2013 01:09:24,11/8/2013,01:09:24,0.00,5.87,952.81,76.00,19
11/8/2013 01:09:54,11/8/2013,01:09:54,0.00,5.80,952.80,75.90,40
11/8/2013 01:10:24,11/8/2013,01:10:24,0.00,5.75,952.80,75.90,31
11/8/2013 01:10:54,11/8/2013,01:10:54,0.00,5.75,952.80,75.90,31
11/8/2013 01:11:24,11/8/2013,01:11:24,0.00,5.75,952.80,75.90,31
11/8/2013 01:11:54,11/8/2013,01:11:54,0.00,5.72,952.82,75.90,31
11/8/2013 01:12:24,11/8/2013,01:12:24,0.00,5.72,952.83,75.90,31
11/8/2013 01:12:54,11/8/2013,01:12:54,0.00,5.72,952.84,75.90,31
11/8/2013 01:13:24,11/8/2013,01:13:24,0.00,5.72,952.85,75.90,31
11/8/2013 01:13:54,11/8/2013,01:13:54,0.00,5.67,952.85,75.90,33
11/8/2013 01:14:24,11/8/2013,01:14:24,0.00,5.67,952.84,76.00,35
11/8/2013 01:14:54,11/8/2013,01:14:54,0.00,5.65,952.83,75.90,41
11/8/2013 01:15:24,11/8/2013,01:15:24,0.00,5.65,952.85,75.90,38
11/8/2013 01:15:54,11/8/2013,01:15:54,0.00,5.65,952.83,75.90,38
11/8/2013 01:16:24,11/8/2013,01:16:24,0.00,5.59,952.82,75.90,39
11/8/2013 01:16:54,11/8/2013,01:16:54,0.00,5.57,952.78,75.90,39
11/8/2013 01:17:24,11/8/2013,01:17:24,0.00,5.57,952.78,75.90,39
11/8/2013 01:17:54,11/8/2013,01:17:54,0.00,5.57,952.80,75.90,37
11/8/2013 01:18:24,11/8/2013,01:18:24,0.00,5.52,952.80,75.90,36
11/8/2013 01:18:54,11/8/2013,01:18:54,0.00,5.47,952.78,75.90,36
11/8/2013 01:19:24,11/8/2013,01:19:24,0.00,5.47,952.75,75.90,37
11/8/2013 01:19:54,11/8/2013,01:19:54,0.00,5.47,952.76,75.90,49
11/8/2013 01:20:24,11/8/2013,01:20:24,0.00,5.47,952.74,76.00,41
11/8/2013 01:20:54,11/8/2013,01:20:54,0.00,5.40,952.75,76.00,41
11/8/2013 01:21:24,11/8/2013,01:21:24,0.00,5.44,952.75,76.00,40
11/8/2013 01:21:54,11/8/2013,01:21:54,0.00,5.44,952.73,76.00,40
11/8/2013 01:22:24,11/8/2013,01:22:24,0.00,5.44,952.73,76.00,41
11/8/2013 01:22:54,11/8/2013,01:22:54,0.00,5.44,952.73,76.00,41
11/8/2013 01:23:24,11/8/2013,01:23:24,0.00,5.44,952.72,76.09,41
11/8/2013 01:23:54,11/8/2013,01:23:54,0.00,5.44,952.72,76.09,31
11/8/2013 01:24:24,11/8/2013,01:24:24,0.00,5.40,952.72,76.09,26
11/8/2013 01:24:54,11/8/2013,01:24:54,0.00,5.44,952.68,76.19,25
11/8/2013 01:25:24,11/8/2013,01:25:24,0.00,5.40,952.67,76.19,25
11/8/2013 01:25:54,11/8/2013,01:25:54,0.00,5.40,952.69,76.19,26
11/8/2013 01:26:24,11/8/2013,01:26:24,0.00,5.40,952.68,76.19,27
11/8/2013 01:26:54,11/8/2013,01:26:54,0.00,5.40,952.69,76.30,27
11/8/2013 01:27:24,11/8/2013,01:27:24,0.00,5.40,952.69,76.30,27
11/8/2013 01:27:54,11/8/2013,01:27:54,0.00,5.37,952.72,76.30,27
11/8/2013 01:28:24,11/8/2013,01:28:24,0.00,5.37,952.74,76.30,35
11/8/2013 01:28:54,11/8/2013,01:28:54,0.00,5.32,952.74,76.30,35
11/8/2013 01:29:24,11/8/2013,01:29:24,0.00,5.32,952.74,76.30,35
11/8/2013 01:29:54,11/8/2013,01:29:54,0.00,5.27,952.76,76.30,34
11/8/2013 01:30:24,11/8/2013,01:30:24,0.00,5.27,952.76,76.30,33
11/8/2013 01:30:54,11/8/2013,01:30:54,0.00,5.25,952.76,76.30,33
11/8/2013 01:31:24,11/8/2013,01:31:24,0.00,5.25,952.73,76.30,34
11/8/2013 01:31:54,11/8/2013,01:31:54,0.00,5.25,952.70,76.30,33
11/8/2013 01:32:24,11/8/2013,01:32:24,0.00,5.19,952.70,76.30,33
11/8/2013 01:32:54,11/8/2013,01:32:54,0.00,5.19,952.69,76.30,33
11/8/2013 01:33:24,11/8/2013,01:33:24,0.00,5.17,952.67,76.30,33
11/8/2013 01:33:54,11/8/2013,01:33:54,0.00,5.17,952.68,76.30,33
11/8/2013 01:34:24,11/8/2013,01:34:24,0.00,5.17,952.66,76.30,33
11/8/2013 01:34:54,11/8/2013,01:34:54,0.00,5.17,952.65,76.30,34
11/8/2013 01:35:24,11/8/2013,01:35:24,0.00,5.17,952.66,76.30,32
11/8/2013 01:35:54,11/8/2013,01:35:54,0.00,5.12,952.65,76.30,22
11/8/2013 01:36:24,11/8/2013,01:36:24,0.00,5.12,952.65,76.30,25
11/8/2013 01:36:54,11/8/2013,01:36:54,0.00,5.07,952.65,76.30,27
11/8/2013 01:37:24,11/8/2013,01:37:24,0.00,5.07,952.65,76.40,29
11/8/2013 01:37:54,11/8/2013,01:37:54,0.00,5.07,952.67,76.40,27
11/8/2013 01:38:24,11/8/2013,01:38:24,0.00,5.07,952.67,76.40,27
11/8/2013 01:38:54,11/8/2013,01:38:54,0.00,5.07,952.68,76.40,353
11/8/2013 01:39:24,11/8/2013,01:39:24,0.00,5.07,952.68,76.50,325
11/8/2013 01:39:54,11/8/2013,01:39:54,0.00,5.07,952.66,76.50,301
11/8/2013 01:40:24,11/8/2013,01:40:24,0.00,5.05,952.65,76.59,302
11/8/2013 01:40:54,11/8/2013,01:40:54,0.00,5.00,952.66,76.50,306
11/8/2013 01:41:24,11/8/2013,01:41:24,0.00,5.00,952.62,76.50,306
11/8/2013 01:41:54,11/8/2013,01:41:54,0.00,4.97,952.62,76.50,306
11/8/2013 01:42:24,11/8/2013,01:42:24,0.00,4.92,952.61,76.50,303
11/8/2013 01:42:54,11/8/2013,01:42:54,0.00,4.92,952.62,76.50,282
11/8/2013 01:43:24,11/8/2013,01:43:24,0.00,4.92,952.62,76.59,286
11/8/2013 01:43:54,11/8/2013,01:43:54,0.00,4.92,952.62,76.59,296
11/8/2013 01:44:24,11/8/2013,01:44:24,0.00,4.92,952.61,76.59,327
11/8/2013 01:44:54,11/8/2013,01:44:54,0.00,4.92,952.62,76.69,284
11/8/2013 01:45:24,11/8/2013,01:45:24,0.00,4.92,952.60,76.69,285
11/8/2013 01:45:54,11/8/2013,01:45:54,0.00,4.92,952.59,76.80,311
11/8/2013 01:46:24,11/8/2013,01:46:24,0.00,4.92,952.58,76.80,313
11/8/2013 01:46:54,11/8/2013,01:46:54,0.00,4.92,952.57,76.90,330
11/8/2013 01:47:24,11/8/2013,01:47:24,0.00,4.92,952.54,76.90,331
11/8/2013 01:47:54,11/8/2013,01:47:54,0.00,4.92,952.56,76.90,329
11/8/2013 01:48:24,11/8/2013,01:48:24,0.00,4.92,952.57,77.00,329
11/8/2013 01:48:54,11/8/2013,01:48:54,0.00,4.92,952.57,77.00,15
11/8/2013 01:49:24,11/8/2013,01:49:24,0.00,4.90,952.56,77.00,15
11/8/2013 01:49:54,11/8/2013,01:49:54,0.00,4.84,952.56,77.00,13
11/8/2013 01:50:24,11/8/2013,01:50:24,0.00,4.84,952.56,77.00,13
11/8/2013 01:50:54,11/8/2013,01:50:54,0.00,4.84,952.58,77.09,10
11/8/2013 01:51:24,11/8/2013,01:51:24,0.00,4.84,952.58,77.09,13
11/8/2013 01:51:54,11/8/2013,01:51:54,0.00,4.77,952.56,77.09,13
11/8/2013 01:52:24,11/8/2013,01:52:24,0.00,4.77,952.54,77.09,13
11/8/2013 01:52:54,11/8/2013,01:52:54,0.00,4.77,952.54,77.09,13
11/8/2013 01:53:24,11/8/2013,01:53:24,0.00,4.77,952.56,77.09,13
11/8/2013 01:53:54,11/8/2013,01:53:54,0.00,4.69,952.57,77.09,13
11/8/2013 01:54:24,11/8/2013,01:54:24,0.00,4.69,952.56,77.09,10
11/8/2013 01:54:54,11/8/2013,01:54:54,0.00,4.65,952.57,77.09,16
11/8/2013 01:55:24,11/8/2013,01:55:24,0.00,4.65,952.54,77.09,15
11/8/2013 01:55:54,11/8/2013,01:55:54,0.00,4.59,952.57,77.09,25
11/8/2013 01:56:24,11/8/2013,01:56:24,0.00,4.59,952.57,77.09,82
11/8/2013 01:56:54,11/8/2013,01:56:54,0.00,4.52,952.56,77.09,76
11/8/2013 01:57:24,11/8/2013,01:57:24,0.00,4.52,952.54,77.09,68
11/8/2013 01:57:54,11/8/2013,01:57:54,0.00,4.52,952.57,77.09,40
11/8/2013 01:58:24,11/8/2013,01:58:24,0.00,4.50,952.60,77.09,40
11/8/2013 01:58:54,11/8/2013,01:58:54,0.00,4.50,952.62,77.09,267
11/8/2013 01:59:24,11/8/2013,01:59:24,0.00,4.44,952.64,77.09,267
11/8/2013 01:59:54,11/8/2013,01:59:54,0.00,4.44,952.64,77.09,267
11/8/2013 02:00:24,11/8/2013,02:00:24,0.00,4.44,952.65,77.09,267
11/8/2013 02:00:54,11/8/2013,02:00:54,0.00,4.44,952.66,77.09,267
11/8/2013 02:01:24,11/8/2013,02:01:24,0.00,4.42,952.65,77.19,268
11/8/2013 02:01:54,11/8/2013,02:01:54,0.00,4.42,952.66,77.19,267
11/8/2013 02:02:24,11/8/2013,02:02:24,0.00,4.37,952.68,77.09,267
11/8/2013 02:02:54,11/8/2013,02:02:54,0.00,4.37,952.67,77.19,268
11/8/2013 02:03:24,11/8/2013,02:03:24,0.00,4.37,952.67,77.19,267
11/8/2013 02:03:54,11/8/2013,02:03:54,0.00,4.37,952.67,77.19,268
11/8/2013 02:04:24,11/8/2013,02:04:24,0.00,4.32,952.65,77.19,270
11/8/2013 02:04:54,11/8/2013,02:04:54,0.00,4.32,952.61,77.19,271
11/8/2013 02:05:24,11/8/2013,02:05:24,0.00,4.30,952.61,77.19,272
11/8/2013 02:05:54,11/8/2013,02:05:54,0.00,4.30,952.59,77.19,324
11/8/2013 02:06:24,11/8/2013,02:06:24,0.00,4.30,952.57,77.19,328
11/8/2013 02:06:54,11/8/2013,02:06:54,0.00,4.30,952.58,77.19,326
11/8/2013 02:07:24,11/8/2013,02:07:24,0.00,4.30,952.59,77.19,326
11/8/2013 02:07:54,11/8/2013,02:07:54,0.00,4.30,952.59,77.19,326
11/8/2013 02:08:24,11/8/2013,02:08:24,0.00,4.22,952.57,77.19,327
11/8/2013 02:08:54,11/8/2013,02:08:54,0.00,4.22,952.54,77.19,326
11/8/2013 02:09:24,11/8/2013,02:09:24,0.00,4.22,952.51,77.30,327
11/8/2013 02:09:54,11/8/2013,02:09:54,0.00,4.22,952.50,77.30,325
11/8/2013 02:10:24,11/8/2013,02:10:24,0.00,4.22,952.49,77.30,321
11/8/2013 02:10:54,11/8/2013,02:10:54,0.00,4.12,952.49,77.19,321
11/8/2013 02:11:24,11/8/2013,02:11:24,0.00,4.12,952.49,77.19,323
11/8/2013 02:11:54,11/8/2013,02:11:54,0.00,4.12,952.46,77.19,326
11/8/2013 02:12:24,11/8/2013,02:12:24,0.00,4.12,952.49,77.30,330
11/8/2013 02:12:54,11/8/2013,02:12:54,0.00,4.12,952.48,77.30,329
11/8/2013 02:13:24,11/8/2013,02:13:24,0.00,4.09,952.48,77.30,328
11/8/2013 02:13:54,11/8/2013,02:13:54,0.00,4.09,952.48,77.30,326
11/8/2013 02:14:24,11/8/2013,02:14:24,0.00,4.05,952.50,77.30,326
11/8/2013 02:14:54,11/8/2013,02:14:54,0.00,4.05,952.50,77.30,326
11/8/2013 02:15:24,11/8/2013,02:15:24,0.00,4.05,952.51,77.30,326
11/8/2013 02:15:54,11/8/2013,02:15:54,0.00,4.05,952.53,77.30,329
11/8/2013 02:16:24,11/8/2013,02:16:24,0.00,4.02,952.53,77.30,346
11/8/2013 02:16:54,11/8/2013,02:16:54,0.00,4.02,952.53,77.30,346
11/8/2013 02:17:24,11/8/2013,02:17:24,0.00,3.97,952.52,77.30,10
11/8/2013 02:17:54,11/8/2013,02:17:54,0.00,3.97,952.51,77.30,9
11/8/2013 02:18:24,11/8/2013,02:18:24,0.00,3.97,952.51,77.30,9
11/8/2013 02:18:54,11/8/2013,02:18:54,0.00,3.97,952.50,77.30,8
11/8/2013 02:19:24,11/8/2013,02:19:24,0.00,3.97,952.53,77.30,331
11/8/2013 02:19:54,11/8/2013,02:19:54,0.00,3.95,952.54,77.30,337
11/8/2013 02:20:24,11/8/2013,02:20:24,0.00,3.95,952.54,77.30,339
11/8/2013 02:20:54,11/8/2013,02:20:54,0.00,3.90,952.56,77.30,354
11/8/2013 02:21:24,11/8/2013,02:21:24,0.00,3.90,952.57,77.30,313
11/8/2013 02:21:54,11/8/2013,02:21:54,0.00,3.90,952.58,77.40,311
11/8/2013 02:22:24,11/8/2013,02:22:24,0.00,3.90,952.58,77.40,316
11/8/2013 02:22:54,11/8/2013,02:22:54,0.00,3.90,952.58,77.40,320
11/8/2013 02:23:24,11/8/2013,02:23:24,0.00,3.90,952.57,77.40,314
11/8/2013 02:23:54,11/8/2013,02:23:54,0.00,3.84,952.57,77.40,310
11/8/2013 02:24:24,11/8/2013,02:24:24,0.00,3.82,952.54,77.40,309
11/8/2013 02:24:54,11/8/2013,02:24:54,0.00,3.82,952.58,77.40,306
11/8/2013 02:25:24,11/8/2013,02:25:24,0.00,3.82,952.57,77.40,322
11/8/2013 02:25:54,11/8/2013,02:25:54,0.00,3.82,952.57,77.40,28
11/8/2013 02:26:24,11/8/2013,02:26:24,0.00,3.77,952.58,77.40,29
11/8/2013 02:26:54,11/8/2013,02:26:54,0.00,3.75,952.59,77.40,11
11/8/2013 02:27:24,11/8/2013,02:27:24,0.00,3.75,952.59,77.40,10
11/8/2013 02:27:54,11/8/2013,02:27:54,0.00,3.75,952.60,77.40,6
11/8/2013 02:28:24,11/8/2013,02:28:24,0.00,3.75,952.59,77.40,328
11/8/2013 02:28:54,11/8/2013,02:28:54,0.00,3.75,952.57,77.40,331
11/8/2013 02:29:24,11/8/2013,02:29:24,0.00,3.75,952.58,77.50,329
11/8/2013 02:29:54,11/8/2013,02:29:54,0.00,3.70,952.57,77.40,320
11/8/2013 02:30:24,11/8/2013,02:30:24,0.00,3.65,952.58,77.40,312
11/8/2013 02:30:54,11/8/2013,02:30:54,0.00,3.65,952.56,77.40,353
11/8/2013 02:31:24,11/8/2013,02:31:24,0.00,3.65,952.51,77.40,37
11/8/2013 02:31:54,11/8/2013,02:31:54,0.00,3.65,952.49,77.40,36
11/8/2013 02:32:24,11/8/2013,02:32:24,0.00,3.57,952.52,77.50,36
11/8/2013 02:32:54,11/8/2013,02:32:54,0.00,3.57,952.50,77.50,32
11/8/2013 02:33:24,11/8/2013,02:33:24,0.00,3.57,952.51,77.50,359
11/8/2013 02:33:54,11/8/2013,02:33:54,0.00,3.57,952.49,77.50,358
11/8/2013 02:34:24,11/8/2013,02:34:24,0.00,3.54,952.48,77.50,52
11/8/2013 02:34:54,11/8/2013,02:34:54,0.00,3.50,952.46,77.40,51
11/8/2013 02:35:24,11/8/2013,02:35:24,0.00,3.50,952.46,77.40,52
11/8/2013 02:35:54,11/8/2013,02:35:54,0.00,3.47,952.44,77.40,55
11/8/2013 02:36:24,11/8/2013,02:36:24,0.00,3.42,952.43,77.40,55
11/8/2013 02:36:54,11/8/2013,02:36:54,0.00,3.42,952.40,77.40,60
11/8/2013 02:37:24,11/8/2013,02:37:24,0.00,3.42,952.40,77.40,60
11/8/2013 02:37:54,11/8/2013,02:37:54,0.00,3.34,952.37,77.40,62
11/8/2013 02:38:24,11/8/2013,02:38:24,0.00,3.34,952.38,77.50,64
11/8/2013 02:38:54,11/8/2013,02:38:54,0.00,3.34,952.36,77.50,61
11/8/2013 02:39:24,11/8/2013,02:39:24,0.00,3.34,952.36,77.50,62
11/8/2013 02:39:54,11/8/2013,02:39:54,0.00,3.29,952.33,77.40,54
11/8/2013 02:40:24,11/8/2013,02:40:24,0.00,3.27,952.30,77.40,51
11/8/2013 02:40:54,11/8/2013,02:40:54,0.00,3.27,952.29,77.40,51
11/8/2013 02:41:24,11/8/2013,02:41:24,0.00,3.27,952.29,77.40,51
11/8/2013 02:41:54,11/8/2013,02:41:54,0.00,3.27,952.28,77.40,52
11/8/2013 02:42:24,11/8/2013,02:42:24,0.00,3.22,952.30,77.40,43
11/8/2013 02:42:54,11/8/2013,02:42:54,0.00,3.17,952.30,77.40,26
11/8/2013 02:43:24,11/8/2013,02:43:24,0.00,3.17,952.30,77.40,0
11/8/2013 02:43:54,11/8/2013,02:43:54,0.00,3.17,952.28,77.40,5
11/8/2013 02:44:24,11/8/2013,02:44:24,0.00,3.17,952.28,77.40,13
11/8/2013 02:44:54,11/8/2013,02:44:54,0.00,3.15,952.28,77.40,14
11/8/2013 02:45:24,11/8/2013,02:45:24,0.00,3.09,952.27,77.40,14
11/8/2013 02:45:54,11/8/2013,02:45:54,0.00,3.09,952.27,77.30,14
11/8/2013 02:46:24,11/8/2013,02:46:24,0.00,3.09,952.27,77.40,14
11/8/2013 02:46:54,11/8/2013,02:46:54,0.00,3.09,952.28,77.40,15
11/8/2013 02:47:24,11/8/2013,02:47:24,0.00,3.07,952.24,77.30,15
11/8/2013 02:47:54,11/8/2013,02:47:54,0.00,3.07,952.22,77.30,18
11/8/2013 02:48:24,11/8/2013,02:48:24,0.00,3.02,952.25,77.30,35
11/8/2013 02:48:54,11/8/2013,02:48:54,0.00,2.95,952.26,77.19,36
11/8/2013 02:49:24,11/8/2013,02:49:24,0.00,2.95,952.25,77.19,36
11/8/2013 02:49:54,11/8/2013,02:49:54,0.00,2.95,952.24,77.19,36
11/8/2013 02:50:24,11/8/2013,02:50:24,0.00,2.87,952.25,77.09,36
11/8/2013 02:50:54,11/8/2013,02:50:54,0.00,2.87,952.21,77.09,36
11/8/2013 02:51:24,11/8/2013,02:51:24,0.00,2.82,952.20,77.09,36
11/8/2013 02:51:54,11/8/2013,02:51:54,0.00,2.79,952.19,77.09,54
11/8/2013 02:52:24,11/8/2013,02:52:24,0.00,2.75,952.20,77.09,60
11/8/2013 02:52:54,11/8/2013,02:52:54,0.00,2.75,952.22,77.00,60
11/8/2013 02:53:24,11/8/2013,02:53:24,0.00,2.70,952.21,77.00,58
11/8/2013 02:53:54,11/8/2013,02:53:54,0.00,2.67,952.19,77.00,63
11/8/2013 02:54:24,11/8/2013,02:54:24,0.00,2.67,952.19,77.00,62
11/8/2013 02:54:54,11/8/2013,02:54:54,0.00,2.62,952.19,77.00,62
11/8/2013 02:55:24,11/8/2013,02:55:24,0.00,2.62,952.18,77.00,61
11/8/2013 02:55:54,11/8/2013,02:55:54,0.00,2.62,952.19,77.00,61
11/8/2013 02:56:24,11/8/2013,02:56:24,0.00,2.62,952.19,77.00,62
11/8/2013 02:56:54,11/8/2013,02:56:54,0.00,2.62,952.19,77.00,59
11/8/2013 02:57:24,11/8/2013,02:57:24,0.00,2.62,952.20,77.00,59
11/8/2013 02:57:54,11/8/2013,02:57:54,0.00,2.62,952.19,77.00,37
11/8/2013 02:58:24,11/8/2013,02:58:24,0.00,2.62,952.18,77.00,37
11/8/2013 02:58:54,11/8/2013,02:58:54,0.00,2.62,952.16,77.00,37
11/8/2013 02:59:24,11/8/2013,02:59:24,0.00,2.62,952.14,77.00,37
11/8/2013 02:59:54,11/8/2013,02:59:54,0.00,2.62,952.13,77.09,37
11/8/2013 03:00:24,11/8/2013,03:00:24,0.00,2.62,952.14,77.09,17
11/8/2013 03:00:54,11/8/2013,03:00:54,0.00,2.62,952.13,77.09,21
11/8/2013 03:01:24,11/8/2013,03:01:24,0.00,2.62,952.13,77.09,22
11/8/2013 03:01:54,11/8/2013,03:01:54,0.00,2.62,952.12,77.19,26
11/8/2013 03:02:24,11/8/2013,03:02:24,0.00,2.59,952.13,77.19,27
11/8/2013 03:02:54,11/8/2013,03:02:54,0.00,2.59,952.12,77.19,27
11/8/2013 03:03:24,11/8/2013,03:03:24,0.00,2.54,952.12,77.30,26
11/8/2013 03:03:54,11/8/2013,03:03:54,0.00,2.54,952.13,77.19,27
11/8/2013 03:04:24,11/8/2013,03:04:24,0.00,2.54,952.12,77.30,27
11/8/2013 03:04:54,11/8/2013,03:04:54,0.00,2.54,952.12,77.30,26
11/8/2013 03:05:24,11/8/2013,03:05:24,0.00,2.54,952.11,77.30,43
11/8/2013 03:05:54,11/8/2013,03:05:54,0.00,2.54,952.09,77.30,43
11/8/2013 03:06:24,11/8/2013,03:06:24,0.00,2.54,952.09,77.30,43
11/8/2013 03:06:54,11/8/2013,03:06:54,0.00,2.50,952.08,77.30,43
11/8/2013 03:07:24,11/8/2013,03:07:24,0.00,2.50,952.10,77.30,42
11/8/2013 03:07:54,11/8/2013,03:07:54,0.00,2.54,952.11,77.40,314
11/8/2013 03:08:24,11/8/2013,03:08:24,0.00,2.54,952.11,77.40,304
11/8/2013 03:08:54,11/8/2013,03:08:54,0.00,2.54,952.10,77.50,303
11/8/2013 03:09:24,11/8/2013,03:09:24,0.00,2.54,952.10,77.50,43
11/8/2013 03:09:54,11/8/2013,03:09:54,0.00,2.54,952.10,77.59,46
11/8/2013 03:10:24,11/8/2013,03:10:24,0.00,2.54,952.10,77.59,46
11/8/2013 03:10:54,11/8/2013,03:10:54,0.00,2.54,952.12,77.59,45
11/8/2013 03:11:24,11/8/2013,03:11:24,0.00,2.54,952.11,77.59,41
11/8/2013 03:11:54,11/8/2013,03:11:54,0.00,2.54,952.09,77.69,41
11/8/2013 03:12:24,11/8/2013,03:12:24,0.00,2.54,952.10,77.69,41
11/8/2013 03:12:54,11/8/2013,03:12:54,0.00,2.54,952.08,77.69,42
11/8/2013 03:13:24,11/8/2013,03:13:24,0.00,2.54,952.06,77.69,44
11/8/2013 03:13:54,11/8/2013,03:13:54,0.00,2.54,952.06,77.69,44
11/8/2013 03:14:24,11/8/2013,03:14:24,0.00,2.47,952.04,77.69,44
11/8/2013 03:14:54,11/8/2013,03:14:54,0.00,2.47,952.01,77.69,42
11/8/2013 03:15:24,11/8/2013,03:15:24,0.00,2.42,952.02,77.69,38
11/8/2013 03:15:54,11/8/2013,03:15:54,0.00,2.42,952.03,77.69,38
11/8/2013 03:16:24,11/8/2013,03:16:24,0.00,2.42,952.03,77.80,38
11/8/2013 03:16:54,11/8/2013,03:16:54,0.00,2.47,952.01,77.80,38
11/8/2013 03:17:24,11/8/2013,03:17:24,0.00,2.47,952.02,77.80,38
11/8/2013 03:17:54,11/8/2013,03:17:54,0.00,2.47,952.02,77.80,38
11/8/2013 03:18:24,11/8/2013,03:18:24,0.00,2.47,952.02,77.80,17
11/8/2013 03:18:54,11/8/2013,03:18:54,0.00,2.47,952.04,77.90,12
11/8/2013 03:19:24,11/8/2013,03:19:24,0.00,2.50,952.05,77.90,11
11/8/2013 03:19:54,11/8/2013,03:19:54,0.00,2.54,952.06,77.90,13
11/8/2013 03:20:24,11/8/2013,03:20:24,0.00,2.54,952.05,78.00,14
11/8/2013 03:20:54,11/8/2013,03:20:54,0.00,2.59,952.06,78.00,14
11/8/2013 03:21:24,11/8/2013,03:21:24,0.00,2.62,952.03,78.00,14
11/8/2013 03:21:54,11/8/2013,03:21:54,0.00,2.62,952.03,78.00,15
11/8/2013 03:22:24,11/8/2013,03:22:24,0.00,2.62,952.01,78.00,15
11/8/2013 03:22:54,11/8/2013,03:22:54,0.00,2.59,952.01,78.09,15
11/8/2013 03:23:24,11/8/2013,03:23:24,0.00,2.59,952.04,78.09,15
11/8/2013 03:23:54,11/8/2013,03:23:54,0.00,2.59,952.05,78.09,15
11/8/2013 03:24:24,11/8/2013,03:24:24,0.00,2.59,952.06,78.09,14
11/8/2013 03:24:54,11/8/2013,03:24:54,0.00,2.59,952.06,78.09,15
11/8/2013 03:25:24,11/8/2013,03:25:24,0.00,2.62,952.04,78.09,21
11/8/2013 03:25:54,11/8/2013,03:25:54,0.00,2.59,952.04,78.19,33
11/8/2013 03:26:24,11/8/2013,03:26:24,0.00,2.54,952.05,78.09,33
11/8/2013 03:26:54,11/8/2013,03:26:54,0.00,2.54,952.03,78.09,34
11/8/2013 03:27:24,11/8/2013,03:27:24,0.00,2.54,952.02,78.19,34
11/8/2013 03:27:54,11/8/2013,03:27:54,0.00,2.59,952.01,78.19,33
11/8/2013 03:28:24,11/8/2013,03:28:24,0.00,2.54,952.00,78.19,33
11/8/2013 03:28:54,11/8/2013,03:28:54,0.00,2.54,952.00,78.19,42
11/8/2013 03:29:24,11/8/2013,03:29:24,0.00,2.47,952.01,78.19,54
11/8/2013 03:29:54,11/8/2013,03:29:54,0.00,2.47,952.00,78.19,53
11/8/2013 03:30:24,11/8/2013,03:30:24,0.00,2.47,952.03,78.19,53
11/8/2013 03:30:54,11/8/2013,03:30:54,0.00,2.47,952.03,78.19,53
11/8/2013 03:31:24,11/8/2013,03:31:24,0.00,2.47,952.03,78.19,53
11/8/2013 03:31:54,11/8/2013,03:31:54,0.00,2.47,952.02,78.19,53
11/8/2013 03:32:24,11/8/2013,03:32:24,0.00,2.47,952.02,78.19,53
11/8/2013 03:32:54,11/8/2013,03:32:54,0.00,2.47,952.01,78.30,53
11/8/2013 03:33:24,11/8/2013,03:33:24,0.00,2.47,952.01,78.30,18
11/8/2013 03:33:54,11/8/2013,03:33:54,0.00,2.47,952.01,78.30,22
11/8/2013 03:34:24,11/8/2013,03:34:24,0.00,2.47,951.98,78.30,22
11/8/2013 03:34:54,11/8/2013,03:34:54,0.00,2.47,952.01,78.30,22
11/8/2013 03:35:24,11/8/2013,03:35:24,0.00,2.40,952.02,78.30,44
11/8/2013 03:35:54,11/8/2013,03:35:54,0.00,2.40,952.01,78.40,48
11/8/2013 03:36:24,11/8/2013,03:36:24,0.00,2.34,952.00,78.40,51
11/8/2013 03:36:54,11/8/2013,03:36:54,0.00,2.32,952.00,78.50,58
11/8/2013 03:37:24,11/8/2013,03:37:24,0.00,2.32,952.00,78.59,56
11/8/2013 03:37:54,11/8/2013,03:37:54,0.00,2.32,952.03,78.59,56
11/8/2013 03:38:24,11/8/2013,03:38:24,0.00,2.22,952.03,78.59,56
11/8/2013 03:38:54,11/8/2013,03:38:54,0.00,2.22,952.03,78.59,56
11/8/2013 03:39:24,11/8/2013,03:39:24,0.00,2.22,952.03,78.59,56
11/8/2013 03:39:54,11/8/2013,03:39:54,0.00,2.22,952.03,78.59,56
11/8/2013 03:40:24,11/8/2013,03:40:24,0.00,2.22,952.04,78.59,55
11/8/2013 03:40:54,11/8/2013,03:40:54,0.00,2.22,952.02,78.59,62
11/8/2013 03:41:24,11/8/2013,03:41:24,0.00,2.22,952.04,78.80,63
11/8/2013 03:41:54,11/8/2013,03:41:54,0.00,2.22,952.06,78.80,60
11/8/2013 03:42:24,11/8/2013,03:42:24,0.00,2.20,952.08,78.80,59
11/8/2013 03:42:54,11/8/2013,03:42:54,0.00,2.20,952.06,78.80,58
11/8/2013 03:43:24,11/8/2013,03:43:24,0.00,2.15,952.08,78.80,58
11/8/2013 03:43:54,11/8/2013,03:43:54,0.00,2.20,952.08,78.80,58
11/8/2013 03:44:24,11/8/2013,03:44:24,0.00,2.15,952.05,78.90,58
11/8/2013 03:44:54,11/8/2013,03:44:54,0.00,2.20,952.08,78.90,58
11/8/2013 03:45:24,11/8/2013,03:45:24,0.00,2.15,952.08,78.90,58
11/8/2013 03:45:54,11/8/2013,03:45:54,0.00,2.07,952.06,78.90,61
11/8/2013 03:46:24,11/8/2013,03:46:24,0.00,2.07,952.06,78.90,61
11/8/2013 03:46:54,11/8/2013,03:46:54,0.00,2.07,952.05,78.90,60
11/8/2013 03:47:24,11/8/2013,03:47:24,0.00,2.07,952.09,78.90,58
11/8/2013 03:47:54,11/8/2013,03:47:54,0.00,2.07,952.08,78.90,54
11/8/2013 03:48:24,11/8/2013,03:48:24,0.00,2.07,952.08,79.00,33
11/8/2013 03:48:54,11/8/2013,03:48:54,0.00,2.07,952.08,79.00,26
11/8/2013 03:49:24,11/8/2013,03:49:24,0.00,2.07,952.09,79.00,285
11/8/2013 03:49:54,11/8/2013,03:49:54,0.00,2.15,952.08,79.00,320
11/8/2013 03:50:24,11/8/2013,03:50:24,0.00,2.15,952.10,79.00,29
11/8/2013 03:50:54,11/8/2013,03:50:54,0.00,2.15,952.10,79.09,39
11/8/2013 03:51:24,11/8/2013,03:51:24,0.00,2.12,952.09,79.09,38
11/8/2013 03:51:54,11/8/2013,03:51:54,0.00,2.12,952.10,79.09,38
11/8/2013 03:52:24,11/8/2013,03:52:24,0.00,2.07,952.12,79.00,38
11/8/2013 03:52:54,11/8/2013,03:52:54,0.00,2.07,952.11,79.09,38
11/8/2013 03:53:24,11/8/2013,03:53:24,0.00,2.07,952.10,79.09,38
11/8/2013 03:53:54,11/8/2013,03:53:54,0.00,2.07,952.11,79.09,36
11/8/2013 03:54:24,11/8/2013,03:54:24,0.00,2.07,952.11,79.09,35
11/8/2013 03:54:54,11/8/2013,03:54:54,0.00,2.07,952.13,79.09,37
11/8/2013 03:55:24,11/8/2013,03:55:24,0.00,2.07,952.10,79.09,36
11/8/2013 03:55:54,11/8/2013,03:55:54,0.00,2.07,952.10,79.09,36
11/8/2013 03:56:24,11/8/2013,03:56:24,0.00,2.07,952.10,79.09,36
11/8/2013 03:56:54,11/8/2013,03:56:54,0.00,2.07,952.11,79.09,36
11/8/2013 03:57:24,11/8/2013,03:57:24,0.00,2.07,952.12,79.09,36
11/8/2013 03:57:54,11/8/2013,03:57:54,0.00,2.07,952.11,79.19,36
11/8/2013 03:58:24,11/8/2013,03:58:24,0.00,2.07,952.11,79.19,36
11/8/2013 03:58:54,11/8/2013,03:58:54,0.00,2.07,952.12,79.19,36
11/8/2013 03:59:24,11/8/2013,03:59:24,0.00,2.07,952.10,79.19,37
11/8/2013 03:59:54,11/8/2013,03:59:54,0.00,2.07,952.08,79.19,36
11/8/2013 04:00:24,11/8/2013,04:00:24,0.00,2.07,952.08,79.19,37
11/8/2013 04:00:54,11/8/2013,04:00:54,0.00,2.07,952.06,79.19,313
11/8/2013 04:01:24,11/8/2013,04:01:24,0.00,2.07,952.03,79.19,20
11/8/2013 04:01:54,11/8/2013,04:01:54,0.00,2.12,952.02,79.19,30
11/8/2013 04:02:24,11/8/2013,04:02:24,0.00,2.07,952.00,79.19,28
11/8/2013 04:02:54,11/8/2013,04:02:54,0.00,2.07,952.00,79.19,28
11/8/2013 04:03:24,11/8/2013,04:03:24,0.00,2.07,952.00,79.19,28
11/8/2013 04:03:54,11/8/2013,04:03:54,0.00,2.12,952.00,79.30,350
11/8/2013 04:04:24,11/8/2013,04:04:24,0.00,2.12,952.00,79.30,350
11/8/2013 04:04:54,11/8/2013,04:04:54,0.00,2.15,952.00,79.30,352
11/8/2013 04:05:24,11/8/2013,04:05:24,0.00,2.15,951.96,79.30,353
11/8/2013 04:05:54,11/8/2013,04:05:54,0.00,2.15,951.96,79.30,5
11/8/2013 04:06:24,11/8/2013,04:06:24,0.00,2.15,951.96,79.30,22
11/8/2013 04:06:54,11/8/2013,04:06:54,0.00,2.12,951.97,79.30,22
11/8/2013 04:07:24,11/8/2013,04:07:24,0.00,2.15,952.00,79.40,334
11/8/2013 04:07:54,11/8/2013,04:07:54,0.00,2.15,952.00,79.40,305
11/8/2013 04:08:24,11/8/2013,04:08:24,0.00,2.15,951.98,79.40,0
11/8/2013 04:08:54,11/8/2013,04:08:54,0.00,2.15,951.98,79.40,56
11/8/2013 04:09:24,11/8/2013,04:09:24,0.00,2.15,951.96,79.40,60
11/8/2013 04:09:54,11/8/2013,04:09:54,0.00,2.12,952.00,79.40,19
11/8/2013 04:10:24,11/8/2013,04:10:24,0.00,2.12,952.01,79.40,311
11/8/2013 04:10:54,11/8/2013,04:10:54,0.00,2.15,951.98,79.40,344
11/8/2013 04:11:24,11/8/2013,04:11:24,0.00,2.15,951.97,79.40,36
11/8/2013 04:11:54,11/8/2013,04:11:54,0.00,2.12,951.95,79.40,53
11/8/2013 04:12:24,11/8/2013,04:12:24,0.00,2.15,951.98,79.50,50
11/8/2013 04:12:54,11/8/2013,04:12:54,0.00,2.12,951.97,79.50,301
11/8/2013 04:13:24,11/8/2013,04:13:24,0.00,2.15,951.95,79.50,330
11/8/2013 04:13:54,11/8/2013,04:13:54,0.00,2.15,951.94,79.50,26
11/8/2013 04:14:24,11/8/2013,04:14:24,0.00,2.15,951.93,79.50,26
11/8/2013 04:14:54,11/8/2013,04:14:54,0.00,2.12,951.92,79.50,26
11/8/2013 04:15:24,11/8/2013,04:15:24,0.00,2.15,951.89,79.50,334
11/8/2013 04:15:54,11/8/2013,04:15:54,0.00,2.15,951.89,79.50,313
11/8/2013 04:16:24,11/8/2013,04:16:24,0.00,2.15,951.89,79.59,334
11/8/2013 04:16:54,11/8/2013,04:16:54,0.00,2.20,951.88,79.59,23
11/8/2013 04:17:24,11/8/2013,04:17:24,0.00,2.20,951.87,79.59,23
11/8/2013 04:17:54,11/8/2013,04:17:54,0.00,2.20,951.85,79.59,23
11/8/2013 04:18:24,11/8/2013,04:18:24,0.00,2.15,951.84,79.59,22
11/8/2013 04:18:54,11/8/2013,04:18:54,0.00,2.15,951.85,79.59,22
11/8/2013 04:19:24,11/8/2013,04:19:24,0.00,2.15,951.82,79.59,22
11/8/2013 04:19:54,11/8/2013,04:19:54,0.00,2.15,951.81,79.59,23
11/8/2013 04:20:24,11/8/2013,04:20:24,0.00,2.15,951.81,79.59,20
11/8/2013 04:20:54,11/8/2013,04:20:54,0.00,2.15,951.81,79.59,293
11/8/2013 04:21:24,11/8/2013,04:21:24,0.00,2.15,951.81,79.59,4
11/8/2013 04:21:54,11/8/2013,04:21:54,0.00,2.15,951.82,79.59,4
11/8/2013 04:22:24,11/8/2013,04:22:24,0.00,2.15,951.81,79.59,297
11/8/2013 04:22:54,11/8/2013,04:22:54,0.00,2.15,951.82,79.69,302
11/8/2013 04:23:24,11/8/2013,04:23:24,0.00,2.15,951.81,79.69,339
11/8/2013 04:23:54,11/8/2013,04:23:54,0.00,2.15,951.79,79.69,334
11/8/2013 04:24:24,11/8/2013,04:24:24,0.00,2.15,951.81,79.69,293
11/8/2013 04:24:54,11/8/2013,04:24:54,0.00,2.15,951.81,79.69,336
11/8/2013 04:25:24,11/8/2013,04:25:24,0.00,2.15,951.80,79.69,333
11/8/2013 04:25:54,11/8/2013,04:25:54,0.00,2.15,951.81,79.69,327
11/8/2013 04:26:24,11/8/2013,04:26:24,0.00,2.15,951.80,79.69,7
11/8/2013 04:26:54,11/8/2013,04:26:54,0.00,2.15,951.81,79.80,310
11/8/2013 04:27:24,11/8/2013,04:27:24,0.00,2.20,951.78,79.80,305
11/8/2013 04:27:54,11/8/2013,04:27:54,0.00,2.20,951.77,79.80,313
11/8/2013 04:28:24,11/8/2013,04:28:24,0.00,2.20,951.79,79.80,293
11/8/2013 04:28:54,11/8/2013,04:28:54,0.00,2.20,951.78,79.80,311
11/8/2013 04:29:24,11/8/2013,04:29:24,0.00,2.15,951.78,79.80,334
11/8/2013 04:29:54,11/8/2013,04:29:54,0.00,2.15,951.78,79.80,334
11/8/2013 04:30:24,11/8/2013,04:30:24,0.00,2.15,951.76,79.80,334
11/8/2013 04:30:54,11/8/2013,04:30:54,0.00,2.15,951.77,79.90,334
11/8/2013 04:31:24,11/8/2013,04:31:24,0.00,2.15,951.74,79.90,334
11/8/2013 04:31:54,11/8/2013,04:31:54,0.00,2.15,951.74,79.80,334
11/8/2013 04:32:24,11/8/2013,04:32:24,0.00,2.15,951.73,79.90,334
11/8/2013 04:32:54,11/8/2013,04:32:54,0.00,2.15,951.74,79.90,342
11/8/2013 04:33:24,11/8/2013,04:33:24,0.00,2.15,951.77,79.90,342
11/8/2013 04:33:54,11/8/2013,04:33:54,0.00,2.15,951.76,79.90,342
11/8/2013 04:34:24,11/8/2013,04:34:24,0.00,2.15,951.77,79.90,13
11/8/2013 04:34:54,11/8/2013,04:34:54,0.00,2.15,951.74,79.90,29
11/8/2013 04:35:24,11/8/2013,04:35:24,0.00,2.12,951.74,79.90,31
11/8/2013 04:35:54,11/8/2013,04:35:54,0.00,2.12,951.74,79.90,30
11/8/2013 04:36:24,11/8/2013,04:36:24,0.00,2.12,951.73,79.90,30
11/8/2013 04:36:54,11/8/2013,04:36:54,0.00,2.07,951.72,79.90,31
11/8/2013 04:37:24,11/8/2013,04:37:24,0.00,2.07,951.73,79.90,32
11/8/2013 04:37:54,11/8/2013,04:37:54,0.00,2.02,951.73,79.90,31
11/8/2013 04:38:24,11/8/2013,04:38:24,0.00,2.02,951.74,79.90,30
11/8/2013 04:38:54,11/8/2013,04:38:54,0.00,2.00,951.74,79.90,30
11/8/2013 04:39:24,11/8/2013,04:39:24,0.00,2.00,951.72,79.90,30
11/8/2013 04:39:54,11/8/2013,04:39:54,0.00,2.00,951.72,79.90,30
11/8/2013 04:40:24,11/8/2013,04:40:24,0.00,2.00,951.72,79.90,31
11/8/2013 04:40:54,11/8/2013,04:40:54,0.00,2.00,951.72,79.90,30
11/8/2013 04:41:24,11/8/2013,04:41:24,0.00,2.00,951.73,79.90,31
11/8/2013 04:41:54,11/8/2013,04:41:54,0.00,2.00,951.74,79.90,30
11/8/2013 04:42:24,11/8/2013,04:42:24,0.00,1.95,951.74,79.90,30
11/8/2013 04:42:54,11/8/2013,04:42:54,0.00,2.00,951.73,79.90,30
11/8/2013 04:43:24,11/8/2013,04:43:24,0.00,2.00,951.73,79.90,31
11/8/2013 04:43:54,11/8/2013,04:43:54,0.00,1.95,951.73,79.90,30
11/8/2013 04:44:24,11/8/2013,04:44:24,0.00,1.95,951.77,79.90,30
11/8/2013 04:44:54,11/8/2013,04:44:54,0.00,1.95,951.78,79.90,30
11/8/2013 04:45:24,11/8/2013,04:45:24,0.00,1.92,951.77,79.90,30
11/8/2013 04:45:54,11/8/2013,04:45:54,0.00,1.92,951.78,79.90,30
11/8/2013 04:46:24,11/8/2013,04:46:24,0.00,1.92,951.74,79.90,28
11/8/2013 04:46:54,11/8/2013,04:46:54,0.00,1.92,951.74,79.90,28
11/8/2013 04:47:24,11/8/2013,04:47:24,0.00,1.92,951.73,79.90,22
11/8/2013 04:47:54,11/8/2013,04:47:54,0.00,1.92,951.74,79.90,23
11/8/2013 04:48:24,11/8/2013,04:48:24,0.00,1.92,951.74,79.90,25
11/8/2013 04:48:54,11/8/2013,04:48:54,0.00,1.92,951.76,79.90,25
11/8/2013 04:49:24,11/8/2013,04:49:24,0.00,1.92,951.74,80.00,25
11/8/2013 04:49:54,11/8/2013,04:49:54,0.00,1.92,951.74,80.00,26
11/8/2013 04:50:24,11/8/2013,04:50:24,0.00,1.92,951.74,80.00,23
11/8/2013 04:50:54,11/8/2013,04:50:54,0.00,1.92,951.73,80.00,12
11/8/2013 04:51:24,11/8/2013,04:51:24,0.00,2.00,951.72,80.00,14
11/8/2013 04:51:54,11/8/2013,04:51:54,0.00,2.00,951.72,80.00,15
11/8/2013 04:52:24,11/8/2013,04:52:24,0.00,2.00,951.72,80.00,15
11/8/2013 04:52:54,11/8/2013,04:52:54,0.00,2.00,951.73,80.00,15
11/8/2013 04:53:24,11/8/2013,04:53:24,0.00,2.00,951.72,80.00,351
11/8/2013 04:53:54,11/8/2013,04:53:54,0.00,2.00,951.70,80.00,326
11/8/2013 04:54:24,11/8/2013,04:54:24,0.00,2.00,951.69,80.00,334
11/8/2013 04:54:54,11/8/2013,04:54:54,0.00,2.00,951.69,80.00,42
11/8/2013 04:55:24,11/8/2013,04:55:24,0.00,2.00,951.69,80.00,41
11/8/2013 04:55:54,11/8/2013,04:55:54,0.00,2.00,951.68,80.00,41
11/8/2013 04:56:24,11/8/2013,04:56:24,0.00,2.00,951.69,80.00,42
11/8/2013 04:56:54,11/8/2013,04:56:54,0.00,2.00,951.69,80.00,41
11/8/2013 04:57:24,11/8/2013,04:57:24,0.00,1.95,951.69,80.00,41
11/8/2013 04:57:54,11/8/2013,04:57:54,0.00,1.92,951.69,80.00,41
11/8/2013 04:58:24,11/8/2013,04:58:24,0.00,1.92,951.69,80.00,41
11/8/2013 04:58:54,11/8/2013,04:58:54,0.00,1.92,951.71,80.00,41
11/8/2013 04:59:24,11/8/2013,04:59:24,0.00,1.92,951.69,80.00,41
11/8/2013 04:59:54,11/8/2013,04:59:54,0.00,1.92,951.69,80.00,40
11/8/2013 05:00:24,11/8/2013,05:00:24,0.00,1.92,951.69,80.00,41
11/8/2013 05:00:54,11/8/2013,05:00:54,0.00,1.92,951.66,80.00,41
11/8/2013 05:01:24,11/8/2013,05:01:24,0.00,1.92,951.66,80.00,40
11/8/2013 05:01:54,11/8/2013,05:01:54,0.00,1.92,951.66,80.00,41
11/8/2013 05:02:24,11/8/2013,05:02:24,0.00,1.92,951.66,80.00,40
11/8/2013 05:02:54,11/8/2013,05:02:54,0.00,1.92,951.65,80.00,40
11/8/2013 05:03:24,11/8/2013,05:03:24,0.00,1.92,951.64,80.00,39
11/8/2013 05:03:54,11/8/2013,05:03:54,0.00,1.92,951.65,80.00,39
11/8/2013 05:04:24,11/8/2013,05:04:24,0.00,1.92,951.65,80.00,39
11/8/2013 05:04:54,11/8/2013,05:04:54,0.00,1.92,951.65,80.00,38
11/8/2013 05:05:24,11/8/2013,05:05:24,0.00,1.92,951.65,80.00,39
11/8/2013 05:05:54,11/8/2013,05:05:54,0.00,1.92,951.65,80.00,38
11/8/2013 05:06:24,11/8/2013,05:06:24,0.00,1.87,951.66,80.00,39
11/8/2013 05:06:54,11/8/2013,05:06:54,0.00,1.92,951.65,80.00,37
11/8/2013 05:07:24,11/8/2013,05:07:24,0.00,1.92,951.66,80.00,37
11/8/2013 05:07:54,11/8/2013,05:07:54,0.00,1.92,951.66,80.09,37
11/8/2013 05:08:24,11/8/2013,05:08:24,0.00,1.92,951.66,80.09,32
11/8/2013 05:08:54,11/8/2013,05:08:54,0.00,1.87,951.66,80.09,31
11/8/2013 05:09:24,11/8/2013,05:09:24,0.00,1.92,951.66,80.09,31
11/8/2013 05:09:54,11/8/2013,05:09:54,0.00,1.92,951.66,80.09,32
11/8/2013 05:10:24,11/8/2013,05:10:24,0.00,1.92,951.68,80.09,34
11/8/2013 05:10:54,11/8/2013,05:10:54,0.00,1.82,951.69,80.09,33
11/8/2013 05:11:24,11/8/2013,05:11:24,0.00,1.87,951.68,80.09,33
11/8/2013 05:11:54,11/8/2013,05:11:54,0.00,1.82,951.69,80.09,32
11/8/2013 05:12:24,11/8/2013,05:12:24,0.00,1.82,951.69,80.00,33
11/8/2013 05:12:54,11/8/2013,05:12:54,0.00,1.82,951.69,80.00,35
11/8/2013 05:13:24,11/8/2013,05:13:24,0.00,1.79,951.66,80.00,35
11/8/2013 05:13:54,11/8/2013,05:13:54,0.00,1.79,951.65,80.09,35
11/8/2013 05:14:24,11/8/2013,05:14:24,0.00,1.75,951.65,80.09,35
11/8/2013 05:14:54,11/8/2013,05:14:54,0.00,1.75,951.63,80.09,40
11/8/2013 05:15:24,11/8/2013,05:15:24,0.00,1.75,951.65,80.09,62
11/8/2013 05:15:54,11/8/2013,05:15:54,0.00,1.75,951.63,80.09,59
11/8/2013 05:16:24,11/8/2013,05:16:24,0.00,1.75,951.62,80.09,59
11/8/2013 05:16:54,11/8/2013,05:16:54,0.00,1.75,951.63,80.09,57
11/8/2013 05:17:24,11/8/2013,05:17:24,0.00,1.75,951.63,80.09,57
11/8/2013 05:17:54,11/8/2013,05:17:54,0.00,1.75,951.64,80.19,62
11/8/2013 05:18:24,11/8/2013,05:18:24,0.00,1.75,951.64,80.19,59
11/8/2013 05:18:54,11/8/2013,05:18:54,0.00,1.75,951.63,80.19,58
11/8/2013 05:19:24,11/8/2013,05:19:24,0.00,1.75,951.61,80.19,57
11/8/2013 05:19:54,11/8/2013,05:19:54,0.00,1.75,951.62,80.19,58
11/8/2013 05:20:24,11/8/2013,05:20:24,0.00,1.75,951.62,80.19,58
11/8/2013 05:20:54,11/8/2013,05:20:54,0.00,1.75,951.61,80.19,58
11/8/2013 05:21:24,11/8/2013,05:21:24,0.00,1.72,951.58,80.30,58
11/8/2013 05:21:54,11/8/2013,05:21:54,0.00,1.72,951.56,80.30,58
11/8/2013 05:22:24,11/8/2013,05:22:24,0.00,1.72,951.57,80.30,58
11/8/2013 05:22:54,11/8/2013,05:22:54,0.00,1.72,951.55,80.30,35
11/8/2013 05:23:24,11/8/2013,05:23:24,0.00,1.72,951.55,80.30,35
11/8/2013 05:23:54,11/8/2013,05:23:54,0.00,1.75,951.54,80.30,32
11/8/2013 05:24:24,11/8/2013,05:24:24,0.00,1.75,951.55,80.30,33
11/8/2013 05:24:54,11/8/2013,05:24:54,0.00,1.75,951.55,80.30,33
11/8/2013 05:25:24,11/8/2013,05:25:24,0.00,1.75,951.54,80.30,33
11/8/2013 05:25:54,11/8/2013,05:25:54,0.00,1.75,951.53,80.30,33
11/8/2013 05:26:24,11/8/2013,05:26:24,0.00,1.75,951.50,80.40,34
11/8/2013 05:26:54,11/8/2013,05:26:54,0.00,1.75,951.50,80.40,34
11/8/2013 05:27:24,11/8/2013,05:27:24,0.00,1.75,951.50,80.40,33
11/8/2013 05:27:54,11/8/2013,05:27:54,0.00,1.75,951.49,80.40,34
11/8/2013 05:28:24,11/8/2013,05:28:24,0.00,1.75,951.48,80.40,35
11/8/2013 05:28:54,11/8/2013,05:28:54,0.00,1.75,951.49,80.40,35
11/8/2013 05:29:24,11/8/2013,05:29:24,0.00,1.75,951.48,80.40,35
11/8/2013 05:29:54,11/8/2013,05:29:54,0.00,1.75,951.47,80.40,36
11/8/2013 05:30:24,11/8/2013,05:30:24,0.00,1.75,951.47,80.40,35
11/8/2013 05:30:54,11/8/2013,05:30:54,0.00,1.75,951.47,80.40,35
11/8/2013 05:31:24,11/8/2013,05:31:24,0.00,1.75,951.46,80.40,35
11/8/2013 05:31:54,11/8/2013,05:31:54,0.00,1.75,951.45,80.40,35
11/8/2013 05:32:24,11/8/2013,05:32:24,0.00,1.72,951.46,80.40,35
11/8/2013 05:32:54,11/8/2013,05:32:54,0.00,1.72,951.46,80.40,35
11/8/2013 05:33:24,11/8/2013,05:33:24,0.00,1.72,951.47,80.40,35
11/8/2013 05:33:54,11/8/2013,05:33:54,0.00,1.72,951.48,80.40,35
11/8/2013 05:34:24,11/8/2013,05:34:24,0.00,1.72,951.48,80.40,35
11/8/2013 05:34:54,11/8/2013,05:34:54,0.00,1.72,951.48,80.40,35
11/8/2013 05:35:24,11/8/2013,05:35:24,0.00,1.72,951.48,80.40,36
11/8/2013 05:35:54,11/8/2013,05:35:54,0.00,1.72,951.47,80.40,35
11/8/2013 05:36:24,11/8/2013,05:36:24,0.00,1.75,951.48,80.50,35
11/8/2013 05:36:54,11/8/2013,05:36:54,0.00,1.72,951.47,80.50,35
11/8/2013 05:37:24,11/8/2013,05:37:24,0.00,1.72,951.45,80.50,37
11/8/2013 05:37:54,11/8/2013,05:37:54,0.00,1.67,951.46,80.50,37
11/8/2013 05:38:24,11/8/2013,05:38:24,0.00,1.67,951.46,80.40,35
11/8/2013 05:38:54,11/8/2013,05:38:54,0.00,1.67,951.45,80.40,35
11/8/2013 05:39:24,11/8/2013,05:39:24,0.00,1.67,951.44,80.50,36
11/8/2013 05:39:54,11/8/2013,05:39:54,0.00,1.67,951.44,80.50,37
11/8/2013 05:40:24,11/8/2013,05:40:24,0.00,1.67,951.42,80.50,35
11/8/2013 05:40:54,11/8/2013,05:40:54,0.00,1.67,951.42,80.40,35
11/8/2013 05:41:24,11/8/2013,05:41:24,0.00,1.67,951.44,80.50,35
11/8/2013 05:41:54,11/8/2013,05:41:54,0.00,1.67,951.41,80.50,37
11/8/2013 05:42:24,11/8/2013,05:42:24,0.00,1.67,951.41,80.50,37
11/8/2013 05:42:54,11/8/2013,05:42:54,0.00,1.67,951.41,80.50,37
11/8/2013 05:43:24,11/8/2013,05:43:24,0.00,1.64,951.40,80.50,37
11/8/2013 05:43:54,11/8/2013,05:43:54,0.00,1.64,951.41,80.50,37
11/8/2013 05:44:24,11/8/2013,05:44:24,0.00,1.64,951.40,80.50,37
11/8/2013 05:44:54,11/8/2013,05:44:54,0.00,1.64,951.44,80.50,36
11/8/2013 05:45:24,11/8/2013,05:45:24,0.00,1.64,951.42,80.50,36
11/8/2013 05:45:54,11/8/2013,05:45:54,0.00,1.64,951.41,80.50,37
11/8/2013 05:46:24,11/8/2013,05:46:24,0.00,1.64,951.37,80.50,38
11/8/2013 05:46:54,11/8/2013,05:46:54,0.00,1.60,951.39,80.50,43
11/8/2013 05:47:24,11/8/2013,05:47:24,0.00,1.60,951.38,80.50,41
11/8/2013 05:47:54,11/8/2013,05:47:54,0.00,1.60,951.38,80.50,41
11/8/2013 05:48:24,11/8/2013,05:48:24,0.00,1.60,951.37,80.59,41
11/8/2013 05:48:54,11/8/2013,05:48:54,0.00,1.60,951.38,80.59,41
11/8/2013 05:49:24,11/8/2013,05:49:24,0.00,1.60,951.38,80.50,42
11/8/2013 05:49:54,11/8/2013,05:49:54,0.00,1.54,951.36,80.50,39
11/8/2013 05:50:24,11/8/2013,05:50:24,0.00,1.54,951.36,80.50,40
11/8/2013 05:50:54,11/8/2013,05:50:54,0.00,1.54,951.35,80.50,39
11/8/2013 05:51:24,11/8/2013,05:51:24,0.00,1.54,951.36,80.59,39
11/8/2013 05:51:54,11/8/2013,05:51:54,0.00,1.52,951.36,80.59,39
11/8/2013 05:52:24,11/8/2013,05:52:24,0.00,1.52,951.35,80.50,37
11/8/2013 05:52:54,11/8/2013,05:52:54,0.00,1.52,951.33,80.50,36
11/8/2013 05:53:24,11/8/2013,05:53:24,0.00,1.52,951.32,80.59,36
11/8/2013 05:53:54,11/8/2013,05:53:54,0.00,1.52,951.31,80.59,36
11/8/2013 05:54:24,11/8/2013,05:54:24,0.00,1.52,951.30,80.59,37
11/8/2013 05:54:54,11/8/2013,05:54:54,0.00,1.52,951.29,80.59,37
11/8/2013 05:55:24,11/8/2013,05:55:24,0.00,1.52,951.29,80.59,37
11/8/2013 05:55:54,11/8/2013,05:55:54,0.00,1.52,951.30,80.59,41
11/8/2013 05:56:24,11/8/2013,05:56:24,0.00,1.52,951.31,80.59,41
11/8/2013 05:56:54,11/8/2013,05:56:54,0.00,1.52,951.32,80.59,41
11/8/2013 05:57:24,11/8/2013,05:57:24,0.00,1.52,951.30,80.59,41
11/8/2013 05:57:54,11/8/2013,05:57:54,0.00,1.47,951.31,80.59,41
11/8/2013 05:58:24,11/8/2013,05:58:24,0.00,1.47,951.32,80.59,41
11/8/2013 05:58:54,11/8/2013,05:58:54,0.00,1.47,951.31,80.59,41
11/8/2013 05:59:24,11/8/2013,05:59:24,0.00,1.47,951.32,80.59,39
11/8/2013 05:59:54,11/8/2013,05:59:54,0.00,1.47,951.32,80.59,39
11/8/2013 06:00:24,11/8/2013,06:00:24,0.00,1.47,951.32,80.59,39
11/8/2013 06:00:54,11/8/2013,06:00:54,0.00,1.47,951.33,80.59,34
11/8/2013 06:01:24,11/8/2013,06:01:24,0.00,1.52,951.31,80.69,32
11/8/2013 06:01:54,11/8/2013,06:01:54,0.00,1.52,951.31,80.69,31
11/8/2013 06:02:24,11/8/2013,06:02:24,0.00,1.52,951.31,80.69,32
11/8/2013 06:02:54,11/8/2013,06:02:54,0.00,1.52,951.28,80.69,32
11/8/2013 06:03:24,11/8/2013,06:03:24,0.00,1.52,951.29,80.69,32
11/8/2013 06:03:54,11/8/2013,06:03:54,0.00,1.52,951.29,80.69,32
11/8/2013 06:04:24,11/8/2013,06:04:24,0.00,1.52,951.29,80.69,32
11/8/2013 06:04:54,11/8/2013,06:04:54,0.00,1.45,951.28,80.69,31
11/8/2013 06:05:24,11/8/2013,06:05:24,0.00,1.45,951.28,80.69,32
11/8/2013 06:05:54,11/8/2013,06:05:54,0.00,1.45,951.27,80.69,32
11/8/2013 06:06:24,11/8/2013,06:06:24,0.00,1.45,951.24,80.69,32
11/8/2013 06:06:54,11/8/2013,06:06:54,0.00,1.45,951.24,80.69,32
11/8/2013 06:07:24,11/8/2013,06:07:24,0.00,1.45,951.25,80.69,32
11/8/2013 06:07:54,11/8/2013,06:07:54,0.00,1.45,951.27,80.69,32
11/8/2013 06:08:24,11/8/2013,06:08:24,0.00,1.45,951.25,80.69,32
11/8/2013 06:08:54,11/8/2013,06:08:54,0.00,1.45,951.27,80.69,32
11/8/2013 06:09:24,11/8/2013,06:09:24,0.00,1.45,951.27,80.69,32
11/8/2013 06:09:54,11/8/2013,06:09:54,0.00,1.45,951.27,80.69,32
11/8/2013 06:10:24,11/8/2013,06:10:24,0.00,1.45,951.25,80.69,32
11/8/2013 06:10:54,11/8/2013,06:10:54,0.00,1.45,951.24,80.69,324
11/8/2013 06:11:24,11/8/2013,06:11:24,0.00,1.45,951.25,80.69,328
11/8/2013 06:11:54,11/8/2013,06:11:54,0.00,1.47,951.24,80.69,328
11/8/2013 06:12:24,11/8/2013,06:12:24,0.00,1.52,951.25,80.80,311
11/8/2013 06:12:54,11/8/2013,06:12:54,0.00,1.52,951.23,80.80,312
11/8/2013 06:13:24,11/8/2013,06:13:24,0.00,1.52,951.23,80.80,305
11/8/2013 06:13:54,11/8/2013,06:13:54,0.00,1.52,951.22,80.80,309
11/8/2013 06:14:24,11/8/2013,06:14:24,0.00,1.52,951.24,80.80,312
11/8/2013 06:14:54,11/8/2013,06:14:54,0.00,1.52,951.25,80.80,313
11/8/2013 06:15:24,11/8/2013,06:15:24,0.00,1.52,951.22,80.80,308
11/8/2013 06:15:54,11/8/2013,06:15:54,0.00,1.54,951.22,80.80,303
11/8/2013 06:16:24,11/8/2013,06:16:24,0.00,1.60,951.25,80.80,288
11/8/2013 06:16:54,11/8/2013,06:16:54,0.00,1.60,951.25,80.90,289
11/8/2013 06:17:24,11/8/2013,06:17:24,0.00,1.60,951.27,80.80,288
11/8/2013 06:17:54,11/8/2013,06:17:54,0.00,1.60,951.27,80.90,330
11/8/2013 06:18:24,11/8/2013,06:18:24,0.00,1.60,951.27,80.90,327
11/8/2013 06:18:54,11/8/2013,06:18:54,0.00,1.60,951.25,80.90,329
11/8/2013 06:19:24,11/8/2013,06:19:24,0.00,1.60,951.25,80.90,331
11/8/2013 06:19:54,11/8/2013,06:19:54,0.00,1.60,951.25,80.90,335
11/8/2013 06:20:24,11/8/2013,06:20:24,0.00,1.60,951.23,80.90,334
11/8/2013 06:20:54,11/8/2013,06:20:54,0.00,1.60,951.23,80.90,335
11/8/2013 06:21:24,11/8/2013,06:21:24,0.00,1.60,951.23,80.90,358
11/8/2013 06:21:54,11/8/2013,06:21:54,0.00,1.60,951.24,80.90,358
11/8/2013 06:22:24,11/8/2013,06:22:24,0.00,1.64,951.23,80.90,354
11/8/2013 06:22:54,11/8/2013,06:22:54,0.00,1.60,951.22,80.90,354
11/8/2013 06:23:24,11/8/2013,06:23:24,0.00,1.64,951.22,80.90,355
11/8/2013 06:23:54,11/8/2013,06:23:54,0.00,1.67,951.20,80.90,356
11/8/2013 06:24:24,11/8/2013,06:24:24,0.00,1.67,951.21,81.00,47
11/8/2013 06:24:54,11/8/2013,06:24:54,0.00,1.67,951.20,81.00,48
11/8/2013 06:25:24,11/8/2013,06:25:24,0.00,1.64,951.20,81.00,62
11/8/2013 06:25:54,11/8/2013,06:25:54,0.00,1.67,951.20,81.00,60
11/8/2013 06:26:24,11/8/2013,06:26:24,0.00,1.64,951.21,81.00,57
11/8/2013 06:26:54,11/8/2013,06:26:54,0.00,1.60,951.22,81.00,59
11/8/2013 06:27:24,11/8/2013,06:27:24,0.00,1.60,951.21,81.00,340
11/8/2013 06:27:54,11/8/2013,06:27:54,0.00,1.67,951.22,81.00,330
11/8/2013 06:28:24,11/8/2013,06:28:24,0.00,1.67,951.19,81.00,337
11/8/2013 06:28:54,11/8/2013,06:28:54,0.00,1.72,951.17,81.00,335
11/8/2013 06:29:24,11/8/2013,06:29:24,0.00,1.75,951.19,81.00,338
11/8/2013 06:29:54,11/8/2013,06:29:54,0.00,1.75,951.19,81.00,338
11/8/2013 06:30:24,11/8/2013,06:30:24,0.00,1.75,951.17,81.00,345
11/8/2013 06:30:54,11/8/2013,06:30:54,0.00,1.75,951.17,81.00,345
11/8/2013 06:31:24,11/8/2013,06:31:24,0.00,1.75,951.16,81.00,346
11/8/2013 06:31:54,11/8/2013,06:31:54,0.00,1.75,951.15,81.00,336
11/8/2013 06:32:24,11/8/2013,06:32:24,0.00,1.79,951.16,81.00,334
11/8/2013 06:32:54,11/8/2013,06:32:54,0.00,1.79,951.16,81.00,339
11/8/2013 06:33:24,11/8/2013,06:33:24,0.00,1.79,951.16,81.00,338
11/8/2013 06:33:54,11/8/2013,06:33:54,0.00,1.79,951.15,81.00,55
11/8/2013 06:34:24,11/8/2013,06:34:24,0.00,1.75,951.16,81.00,60
11/8/2013 06:34:54,11/8/2013,06:34:54,0.00,1.75,951.15,81.00,56
11/8/2013 06:35:24,11/8/2013,06:35:24,0.00,1.72,951.15,81.00,57
11/8/2013 06:35:54,11/8/2013,06:35:54,0.00,1.67,951.15,81.00,57
11/8/2013 06:36:24,11/8/2013,06:36:24,0.00,1.67,951.16,81.00,56
11/8/2013 06:36:54,11/8/2013,06:36:54,0.00,1.64,951.14,81.00,57
11/8/2013 06:37:24,11/8/2013,06:37:24,0.00,1.60,951.15,81.00,56
11/8/2013 06:37:54,11/8/2013,06:37:54,0.00,1.60,951.15,81.00,55
11/8/2013 06:38:24,11/8/2013,06:38:24,0.00,1.54,951.13,80.90,38
11/8/2013 06:38:54,11/8/2013,06:38:54,0.00,1.54,951.09,80.90,37
11/8/2013 06:39:24,11/8/2013,06:39:24,0.00,1.52,951.07,80.90,38
11/8/2013 06:39:54,11/8/2013,06:39:54,0.00,1.52,951.07,80.90,38
11/8/2013 06:40:24,11/8/2013,06:40:24,0.00,1.52,951.06,80.90,38
11/8/2013 06:40:54,11/8/2013,06:40:54,0.00,1.52,951.04,80.90,40
11/8/2013 06:41:24,11/8/2013,06:41:24,0.00,1.52,951.05,81.00,39
11/8/2013 06:41:54,11/8/2013,06:41:54,0.00,1.52,951.01,81.00,39
11/8/2013 06:42:24,11/8/2013,06:42:24,0.00,1.52,951.00,81.00,39
11/8/2013 06:42:54,11/8/2013,06:42:54,0.00,1.52,951.01,80.90,39
11/8/2013 06:43:24,11/8/2013,06:43:24,0.00,1.52,951.00,81.00,39
11/8/2013 06:43:54,11/8/2013,06:43:54,0.00,1.52,951.00,81.00,40
11/8/2013 06:44:24,11/8/2013,06:44:24,0.00,1.52,950.99,81.00,39
11/8/2013 06:44:54,11/8/2013,06:44:54,0.00,1.47,950.97,80.90,39
11/8/2013 06:45:24,11/8/2013,06:45:24,0.00,1.52,950.97,81.00,39
11/8/2013 06:45:54,11/8/2013,06:45:54,0.00,1.52,950.97,81.00,39
11/8/2013 06:46:24,11/8/2013,06:46:24,0.00,1.52,950.96,81.00,38
11/8/2013 06:46:54,11/8/2013,06:46:54,0.00,1.52,950.97,81.00,40
11/8/2013 06:47:24,11/8/2013,06:47:24,0.00,1.52,950.97,81.00,40
11/8/2013 06:47:54,11/8/2013,06:47:54,0.00,1.47,950.96,81.00,40
11/8/2013 06:48:24,11/8/2013,06:48:24,0.00,1.45,950.96,81.00,41
11/8/2013 06:48:54,11/8/2013,06:48:54,0.00,1.47,950.95,81.00,46
11/8/2013 06:49:24,11/8/2013,06:49:24,0.00,1.47,950.95,81.00,43
11/8/2013 06:49:54,11/8/2013,06:49:54,0.00,1.47,950.93,81.00,43
11/8/2013 06:50:24,11/8/2013,06:50:24,0.00,1.47,950.93,81.00,42
11/8/2013 06:50:54,11/8/2013,06:50:54,0.00,1.47,950.93,81.00,42
11/8/2013 06:51:24,11/8/2013,06:51:24,0.00,1.52,950.93,81.00,42
11/8/2013 06:51:54,11/8/2013,06:51:54,0.00,1.47,950.93,81.00,41
11/8/2013 06:52:24,11/8/2013,06:52:24,0.00,1.52,950.92,81.00,42
11/8/2013 06:52:54,11/8/2013,06:52:54,0.00,1.52,950.90,81.09,41
11/8/2013 06:53:24,11/8/2013,06:53:24,0.00,1.52,950.90,81.00,41
11/8/2013 06:53:54,11/8/2013,06:53:54,0.00,1.47,950.90,81.00,41
11/8/2013 06:54:24,11/8/2013,06:54:24,0.00,1.52,950.91,81.09,40
11/8/2013 06:54:54,11/8/2013,06:54:54,0.00,1.52,950.89,81.09,41
11/8/2013 06:55:24,11/8/2013,06:55:24,0.00,1.52,950.88,81.09,40
11/8/2013 06:55:54,11/8/2013,06:55:54,0.00,1.52,950.91,81.09,40
11/8/2013 06:56:24,11/8/2013,06:56:24,0.00,1.52,950.88,81.09,41
11/8/2013 06:56:54,11/8/2013,06:56:54,0.00,1.52,950.87,81.09,41
11/8/2013 06:57:24,11/8/2013,06:57:24,0.00,1.52,950.88,81.09,40
11/8/2013 06:57:54,11/8/2013,06:57:54,0.00,1.52,950.84,81.09,40
11/8/2013 06:58:24,11/8/2013,06:58:24,0.00,1.52,950.84,81.09,40
11/8/2013 06:58:54,11/8/2013,06:58:54,0.00,1.52,950.83,81.09,40
11/8/2013 06:59:24,11/8/2013,06:59:24,0.00,1.52,950.83,81.09,40
11/8/2013 06:59:54,11/8/2013,06:59:54,0.00,1.52,950.80,81.09,41
11/8/2013 07:00:24,11/8/2013,07:00:24,0.00,1.52,950.77,81.09,41
11/8/2013 07:00:54,11/8/2013,07:00:54,0.00,1.52,950.77,81.09,41
11/8/2013 07:01:24,11/8/2013,07:01:24,0.00,1.52,950.80,81.09,41
11/8/2013 07:01:54,11/8/2013,07:01:54,0.00,1.52,950.77,81.09,40
11/8/2013 07:02:24,11/8/2013,07:02:24,0.00,1.54,950.77,81.09,41
11/8/2013 07:02:54,11/8/2013,07:02:54,0.00,1.54,950.77,81.09,41
11/8/2013 07:03:24,11/8/2013,07:03:24,0.00,1.52,950.76,81.09,41
11/8/2013 07:03:54,11/8/2013,07:03:54,0.00,1.60,950.76,81.09,41
11/8/2013 07:04:24,11/8/2013,07:04:24,0.00,1.52,950.79,81.09,40
11/8/2013 07:04:54,11/8/2013,07:04:54,0.00,1.60,950.80,81.09,40
11/8/2013 07:05:24,11/8/2013,07:05:24,0.00,1.60,950.79,81.09,40
11/8/2013 07:05:54,11/8/2013,07:05:54,0.00,1.60,950.81,81.09,41
11/8/2013 07:06:24,11/8/2013,07:06:24,0.00,1.60,950.76,81.09,40
11/8/2013 07:06:54,11/8/2013,07:06:54,0.00,1.60,950.76,81.09,40
11/8/2013 07:07:24,11/8/2013,07:07:24,0.00,1.60,950.75,81.09,41
11/8/2013 07:07:54,11/8/2013,07:07:54,0.00,1.60,950.75,81.09,41
11/8/2013 07:08:24,11/8/2013,07:08:24,0.00,1.60,950.75,81.09,41
11/8/2013 07:08:54,11/8/2013,07:08:54,0.00,1.60,950.75,81.09,41
11/8/2013 07:09:24,11/8/2013,07:09:24,0.00,1.60,950.75,81.09,41
11/8/2013 07:09:54,11/8/2013,07:09:54,0.00,1.60,950.75,81.09,41
11/8/2013 07:10:24,11/8/2013,07:10:24,0.00,1.60,950.74,81.09,41
11/8/2013 07:10:54,11/8/2013,07:10:54,0.00,1.60,950.75,81.09,41
11/8/2013 07:11:24,11/8/2013,07:11:24,0.00,1.60,950.73,81.09,40
11/8/2013 07:11:54,11/8/2013,07:11:54,0.00,1.60,950.72,81.09,41
11/8/2013 07:12:24,11/8/2013,07:12:24,0.00,1.60,950.72,81.09,41
11/8/2013 07:12:54,11/8/2013,07:12:54,0.00,1.60,950.72,81.09,40
11/8/2013 07:13:24,11/8/2013,07:13:24,0.00,1.60,950.72,81.09,41
11/8/2013 07:13:54,11/8/2013,07:13:54,0.00,1.60,950.69,81.09,41
11/8/2013 07:14:24,11/8/2013,07:14:24,0.00,1.60,950.69,81.09,41
11/8/2013 07:14:54,11/8/2013,07:14:54,0.00,1.54,950.69,81.09,41
11/8/2013 07:15:24,11/8/2013,07:15:24,0.00,1.60,950.69,81.09,41
11/8/2013 07:15:54,11/8/2013,07:15:54,0.00,1.54,950.68,81.09,41
11/8/2013 07:16:24,11/8/2013,07:16:24,0.00,1.54,950.66,81.09,41
11/8/2013 07:16:54,11/8/2013,07:16:54,0.00,1.54,950.67,81.09,41
11/8/2013 07:17:24,11/8/2013,07:17:24,0.00,1.52,950.67,81.09,41
11/8/2013 07:17:54,11/8/2013,07:17:54,0.00,1.52,950.66,81.09,41
11/8/2013 07:18:24,11/8/2013,07:18:24,0.00,1.52,950.65,81.09,40
11/8/2013 07:18:54,11/8/2013,07:18:54,0.00,1.52,950.65,81.09,41
11/8/2013 07:19:24,11/8/2013,07:19:24,0.00,1.52,950.66,81.09,41
11/8/2013 07:19:54,11/8/2013,07:19:54,0.00,1.52,950.65,81.09,41
11/8/2013 07:20:24,11/8/2013,07:20:24,0.00,1.47,950.66,81.09,43
11/8/2013 07:20:54,11/8/2013,07:20:54,0.00,1.45,950.65,81.09,42
11/8/2013 07:21:24,11/8/2013,07:21:24,0.00,1.45,950.66,81.09,41
11/8/2013 07:21:54,11/8/2013,07:21:54,0.00,1.47,950.65,81.09,41
11/8/2013 07:22:24,11/8/2013,07:22:24,0.00,1.47,950.66,81.19,41
11/8/2013 07:22:54,11/8/2013,07:22:54,0.00,1.47,950.65,81.19,41
11/8/2013 07:23:24,11/8/2013,07:23:24,0.00,1.47,950.66,81.19,38
11/8/2013 07:23:54,11/8/2013,07:23:54,0.00,1.52,950.65,81.19,39
11/8/2013 07:24:24,11/8/2013,07:24:24,0.00,1.52,950.64,81.19,39
11/8/2013 07:24:54,11/8/2013,07:24:54,0.00,1.52,950.64,81.19,39
11/8/2013 07:25:24,11/8/2013,07:25:24,0.00,1.52,950.65,81.30,38
11/8/2013 07:25:54,11/8/2013,07:25:54,0.00,1.52,950.65,81.30,37
11/8/2013 07:26:24,11/8/2013,07:26:24,0.00,1.52,950.65,81.30,38
11/8/2013 07:26:54,11/8/2013,07:26:54,0.00,1.52,950.65,81.30,38
11/8/2013 07:27:24,11/8/2013,07:27:24,0.00,1.52,950.65,81.30,37
11/8/2013 07:27:54,11/8/2013,07:27:54,0.00,1.52,950.66,81.30,37
11/8/2013 07:28:24,11/8/2013,07:28:24,0.00,1.47,950.66,81.19,39
11/8/2013 07:28:54,11/8/2013,07:28:54,0.00,1.52,950.65,81.30,39
11/8/2013 07:29:24,11/8/2013,07:29:24,0.00,1.47,950.65,81.19,39
11/8/2013 07:29:54,11/8/2013,07:29:54,0.00,1.47,950.64,81.19,39
11/8/2013 07:30:24,11/8/2013,07:30:24,0.00,1.47,950.63,81.19,40
11/8/2013 07:30:54,11/8/2013,07:30:54,0.00,1.47,950.61,81.19,40
11/8/2013 07:31:24,11/8/2013,07:31:24,0.00,1.47,950.63,81.19,42
11/8/2013 07:31:54,11/8/2013,07:31:54,0.00,1.52,950.63,81.30,43
11/8/2013 07:32:24,11/8/2013,07:32:24,0.00,1.47,950.63,81.19,43
11/8/2013 07:32:54,11/8/2013,07:32:54,0.00,1.47,950.63,81.19,43
11/8/2013 07:33:24,11/8/2013,07:33:24,0.00,1.47,950.63,81.19,42
11/8/2013 07:33:54,11/8/2013,07:33:54,0.00,1.47,950.64,81.30,42
11/8/2013 07:34:24,11/8/2013,07:34:24,0.00,1.47,950.64,81.30,42
11/8/2013 07:34:54,11/8/2013,07:34:54,0.00,1.52,950.65,81.30,42
11/8/2013 07:35:24,11/8/2013,07:35:24,0.00,1.52,950.64,81.30,42
11/8/2013 07:35:54,11/8/2013,07:35:54,0.00,1.52,950.66,81.30,42
11/8/2013 07:36:24,11/8/2013,07:36:24,0.00,1.52,950.65,81.30,43
11/8/2013 07:36:54,11/8/2013,07:36:54,0.00,1.52,950.65,81.30,42
11/8/2013 07:37:24,11/8/2013,07:37:24,0.00,1.52,950.65,81.30,42
11/8/2013 07:37:54,11/8/2013,07:37:54,0.00,1.52,950.65,81.30,42
11/8/2013 07:38:24,11/8/2013,07:38:24,0.00,1.52,950.66,81.30,42
11/8/2013 07:38:54,11/8/2013,07:38:54,0.00,1.52,950.64,81.30,42
11/8/2013 07:39:24,11/8/2013,07:39:24,0.00,1.52,950.63,81.30,42
11/8/2013 07:39:54,11/8/2013,07:39:54,0.00,1.52,950.63,81.30,42
11/8/2013 07:40:24,11/8/2013,07:40:24,0.00,1.52,950.63,81.30,41
11/8/2013 07:40:54,11/8/2013,07:40:54,0.00,1.52,950.63,81.30,40
11/8/2013 07:41:24,11/8/2013,07:41:24,0.00,1.52,950.64,81.40,40
11/8/2013 07:41:54,11/8/2013,07:41:54,0.00,1.60,950.65,81.40,40
11/8/2013 07:42:24,11/8/2013,07:42:24,0.00,1.60,950.64,81.40,40
11/8/2013 07:42:54,11/8/2013,07:42:54,0.00,1.60,950.65,81.40,40
11/8/2013 07:43:24,11/8/2013,07:43:24,0.00,1.60,950.65,81.40,40
11/8/2013 07:43:54,11/8/2013,07:43:54,0.00,1.60,950.64,81.40,40
11/8/2013 07:44:24,11/8/2013,07:44:24,0.00,1.60,950.63,81.40,40
11/8/2013 07:44:54,11/8/2013,07:44:54,0.00,1.60,950.60,81.40,40
11/8/2013 07:45:24,11/8/2013,07:45:24,0.00,1.64,950.60,81.40,39
11/8/2013 07:45:54,11/8/2013,07:45:54,0.00,1.60,950.57,81.40,39
11/8/2013 07:46:24,11/8/2013,07:46:24,0.00,1.64,950.56,81.40,39
11/8/2013 07:46:54,11/8/2013,07:46:54,0.00,1.67,950.57,81.40,39
11/8/2013 07:47:24,11/8/2013,07:47:24,0.00,1.67,950.57,81.40,32
11/8/2013 07:47:54,11/8/2013,07:47:54,0.00,1.67,950.57,81.40,32
11/8/2013 07:48:24,11/8/2013,07:48:24,0.00,1.72,950.56,81.40,34
11/8/2013 07:48:54,11/8/2013,07:48:54,0.00,1.72,950.56,81.40,35
11/8/2013 07:49:24,11/8/2013,07:49:24,0.00,1.67,950.56,81.40,34
11/8/2013 07:49:54,11/8/2013,07:49:54,0.00,1.72,950.56,81.40,35
11/8/2013 07:50:24,11/8/2013,07:50:24,0.00,1.72,950.57,81.40,37
11/8/2013 07:50:54,11/8/2013,07:50:54,0.00,1.67,950.53,81.40,43
11/8/2013 07:51:24,11/8/2013,07:51:24,0.00,1.67,950.52,81.40,44
11/8/2013 07:51:54,11/8/2013,07:51:54,0.00,1.67,950.53,81.40,44
11/8/2013 07:52:24,11/8/2013,07:52:24,0.00,1.72,950.53,81.40,43
11/8/2013 07:52:54,11/8/2013,07:52:54,0.00,1.72,950.52,81.40,43
11/8/2013 07:53:24,11/8/2013,07:53:24,0.00,1.72,950.55,81.40,43
11/8/2013 07:53:54,11/8/2013,07:53:54,0.00,1.75,950.53,81.40,43
11/8/2013 07:54:24,11/8/2013,07:54:24,0.00,1.75,950.52,81.40,42
11/8/2013 07:54:54,11/8/2013,07:54:54,0.00,1.75,950.51,81.40,43
11/8/2013 07:55:24,11/8/2013,07:55:24,0.00,1.75,950.52,81.40,43
11/8/2013 07:55:54,11/8/2013,07:55:54,0.00,1.75,950.52,81.40,43
11/8/2013 07:56:24,11/8/2013,07:56:24,0.00,1.75,950.52,81.30,62
11/8/2013 07:56:54,11/8/2013,07:56:54,0.00,1.75,950.52,81.40,61
11/8/2013 07:57:24,11/8/2013,07:57:24,0.00,1.79,950.51,81.40,59
11/8/2013 07:57:54,11/8/2013,07:57:54,0.00,1.82,950.52,81.40,59
11/8/2013 07:58:24,11/8/2013,07:58:24,0.00,1.82,950.53,81.40,59
11/8/2013 07:58:54,11/8/2013,07:58:54,0.00,1.82,950.53,81.40,58
11/8/2013 07:59:24,11/8/2013,07:59:24,0.00,1.82,950.51,81.40,58
11/8/2013 07:59:54,11/8/2013,07:59:54,0.00,1.82,950.52,81.40,58
11/8/2013 08:00:24,11/8/2013,08:00:24,0.00,1.82,950.51,81.30,59
11/8/2013 08:00:54,11/8/2013,08:00:54,0.00,1.87,950.51,81.40,59
11/8/2013 08:01:24,11/8/2013,08:01:24,0.00,1.82,950.51,81.40,60
11/8/2013 08:01:54,11/8/2013,08:01:54,0.00,1.87,950.50,81.40,58
11/8/2013 08:02:24,11/8/2013,08:02:24,0.00,1.92,950.51,81.40,59
11/8/2013 08:02:54,11/8/2013,08:02:54,0.00,1.87,950.51,81.30,58
11/8/2013 08:03:24,11/8/2013,08:03:24,0.00,1.92,950.52,81.40,58
11/8/2013 08:03:54,11/8/2013,08:03:54,0.00,1.92,950.52,81.40,58
11/8/2013 08:04:24,11/8/2013,08:04:24,0.00,1.92,950.53,81.40,57
11/8/2013 08:04:54,11/8/2013,08:04:54,0.00,1.95,950.53,81.40,57
11/8/2013 08:05:24,11/8/2013,08:05:24,0.00,2.00,950.50,81.40,58
11/8/2013 08:05:54,11/8/2013,08:05:54,0.00,2.00,950.50,81.40,58
11/8/2013 08:06:24,11/8/2013,08:06:24,0.00,2.02,950.50,81.40,58
11/8/2013 08:06:54,11/8/2013,08:06:54,0.00,2.02,950.51,81.40,58
11/8/2013 08:07:24,11/8/2013,08:07:24,0.00,2.07,950.49,81.40,58
11/8/2013 08:07:54,11/8/2013,08:07:54,0.00,2.07,950.48,81.40,58
11/8/2013 08:08:24,11/8/2013,08:08:24,0.00,2.07,950.48,81.40,57
11/8/2013 08:08:54,11/8/2013,08:08:54,0.00,2.15,950.48,81.50,57
11/8/2013 08:09:24,11/8/2013,08:09:24,0.00,2.15,950.47,81.50,57
11/8/2013 08:09:54,11/8/2013,08:09:54,0.00,2.15,950.49,81.50,57
11/8/2013 08:10:24,11/8/2013,08:10:24,0.00,2.15,950.45,81.50,56
11/8/2013 08:10:54,11/8/2013,08:10:54,0.00,2.20,950.43,81.40,42
11/8/2013 08:11:24,11/8/2013,08:11:24,0.00,2.22,950.40,81.40,43
11/8/2013 08:11:54,11/8/2013,08:11:54,0.00,2.22,950.41,81.40,42
11/8/2013 08:12:24,11/8/2013,08:12:24,0.00,2.22,950.42,81.50,28
11/8/2013 08:12:54,11/8/2013,08:12:54,0.00,2.32,950.42,81.50,28
11/8/2013 08:13:24,11/8/2013,08:13:24,0.00,2.32,950.39,81.50,28
11/8/2013 08:13:54,11/8/2013,08:13:54,0.00,2.32,950.38,81.50,29
11/8/2013 08:14:24,11/8/2013,08:14:24,0.00,2.34,950.38,81.50,28
11/8/2013 08:14:54,11/8/2013,08:14:54,0.00,2.40,950.35,81.50,29
11/8/2013 08:15:24,11/8/2013,08:15:24,0.00,2.40,950.38,81.50,28
11/8/2013 08:15:54,11/8/2013,08:15:54,0.00,2.42,950.34,81.50,28
11/8/2013 08:16:24,11/8/2013,08:16:24,0.00,2.40,950.34,81.50,29
11/8/2013 08:16:54,11/8/2013,08:16:54,0.00,2.47,950.33,81.50,29
11/8/2013 08:17:24,11/8/2013,08:17:24,0.00,2.47,950.33,81.50,28
11/8/2013 08:17:54,11/8/2013,08:17:54,0.00,2.50,950.34,81.50,28
11/8/2013 08:18:24,11/8/2013,08:18:24,0.00,2.50,950.34,81.50,28
11/8/2013 08:18:54,11/8/2013,08:18:54,0.00,2.50,950.31,81.50,28
11/8/2013 08:19:24,11/8/2013,08:19:24,0.00,2.54,950.31,81.50,321
11/8/2013 08:19:54,11/8/2013,08:19:54,0.00,2.54,950.28,81.50,272
11/8/2013 08:20:24,11/8/2013,08:20:24,0.00,2.54,950.27,81.50,276
11/8/2013 08:20:54,11/8/2013,08:20:54,0.00,2.59,950.28,81.50,279
11/8/2013 08:21:24,11/8/2013,08:21:24,0.00,2.62,950.26,81.50,297
11/8/2013 08:21:54,11/8/2013,08:21:54,0.00,2.62,950.25,81.50,312
11/8/2013 08:22:24,11/8/2013,08:22:24,0.00,2.70,950.25,81.50,324
11/8/2013 08:22:54,11/8/2013,08:22:54,0.00,2.70,950.22,81.50,0
11/8/2013 08:23:24,11/8/2013,08:23:24,0.00,2.70,950.20,81.50,11
11/8/2013 08:23:54,11/8/2013,08:23:54,0.00,2.75,950.19,81.50,16
11/8/2013 08:24:24,11/8/2013,08:24:24,0.00,2.75,950.19,81.50,12
11/8/2013 08:24:54,11/8/2013,08:24:54,0.00,2.79,950.18,81.50,15
11/8/2013 08:25:24,11/8/2013,08:25:24,0.00,2.79,950.16,81.50,15
11/8/2013 08:25:54,11/8/2013,08:25:54,0.00,2.79,950.17,81.50,15
11/8/2013 08:26:24,11/8/2013,08:26:24,0.00,2.79,950.16,81.50,15
11/8/2013 08:26:54,11/8/2013,08:26:54,0.00,2.82,950.15,81.40,15
11/8/2013 08:27:24,11/8/2013,08:27:24,0.00,2.79,950.18,81.40,15
11/8/2013 08:27:54,11/8/2013,08:27:54,0.00,2.82,950.22,81.40,24
11/8/2013 08:28:24,11/8/2013,08:28:24,0.00,2.87,950.22,81.40,34
11/8/2013 08:28:54,11/8/2013,08:28:54,0.00,2.87,950.23,81.40,34
11/8/2013 08:29:24,11/8/2013,08:29:24,0.00,2.87,950.23,81.40,30
11/8/2013 08:29:54,11/8/2013,08:29:54,0.00,2.87,950.24,81.40,18
11/8/2013 08:30:24,11/8/2013,08:30:24,0.00,2.95,950.25,81.40,7
11/8/2013 08:30:54,11/8/2013,08:30:54,0.00,2.95,950.27,81.40,329
11/8/2013 08:31:24,11/8/2013,08:31:24,0.00,2.95,950.26,81.40,321
11/8/2013 08:31:54,11/8/2013,08:31:54,0.00,3.02,950.25,81.40,326
11/8/2013 08:32:24,11/8/2013,08:32:24,0.00,3.07,950.26,81.50,329
11/8/2013 08:32:54,11/8/2013,08:32:54,0.00,3.09,950.26,81.50,332
11/8/2013 08:33:24,11/8/2013,08:33:24,0.00,3.09,950.26,81.40,331
11/8/2013 08:33:54,11/8/2013,08:33:54,0.00,3.15,950.28,81.50,333
11/8/2013 08:34:24,11/8/2013,08:34:24,0.00,3.17,950.28,81.50,319
11/8/2013 08:34:54,11/8/2013,08:34:54,0.00,3.17,950.32,81.50,320
11/8/2013 08:35:24,11/8/2013,08:35:24,0.00,3.17,950.31,81.40,321
11/8/2013 08:35:54,11/8/2013,08:35:54,0.00,3.22,950.32,81.40,323
11/8/2013 08:36:24,11/8/2013,08:36:24,0.00,3.27,950.33,81.40,323
11/8/2013 08:36:54,11/8/2013,08:36:54,0.00,3.27,950.33,81.40,323
11/8/2013 08:37:24,11/8/2013,08:37:24,0.00,3.27,950.34,81.40,323
11/8/2013 08:37:54,11/8/2013,08:37:54,0.00,3.27,950.34,81.40,329
11/8/2013 08:38:24,11/8/2013,08:38:24,0.00,3.27,950.33,81.40,329
11/8/2013 08:38:54,11/8/2013,08:38:54,0.00,3.29,950.34,81.40,335
11/8/2013 08:39:24,11/8/2013,08:39:24,0.00,3.29,950.35,81.40,9
11/8/2013 08:39:54,11/8/2013,08:39:54,0.00,3.34,950.33,81.40,10
11/8/2013 08:40:24,11/8/2013,08:40:24,0.00,3.37,950.32,81.40,19
11/8/2013 08:40:54,11/8/2013,08:40:54,0.00,3.37,950.31,81.40,19
11/8/2013 08:41:24,11/8/2013,08:41:24,0.00,3.42,950.31,81.40,19
11/8/2013 08:41:54,11/8/2013,08:41:54,0.00,3.42,950.30,81.40,59
11/8/2013 08:42:24,11/8/2013,08:42:24,0.00,3.42,950.28,81.40,59
11/8/2013 08:42:54,11/8/2013,08:42:54,0.00,3.42,950.27,81.40,59
11/8/2013 08:43:24,11/8/2013,08:43:24,0.00,3.47,950.26,81.40,59
11/8/2013 08:43:54,11/8/2013,08:43:54,0.00,3.50,950.26,81.40,59
11/8/2013 08:44:24,11/8/2013,08:44:24,0.00,3.50,950.27,81.40,59
11/8/2013 08:44:54,11/8/2013,08:44:54,0.00,3.50,950.28,81.30,59
11/8/2013 08:45:24,11/8/2013,08:45:24,0.00,3.50,950.26,81.30,59
11/8/2013 08:45:54,11/8/2013,08:45:54,0.00,3.50,950.25,81.30,59
11/8/2013 08:46:24,11/8/2013,08:46:24,0.00,3.50,950.25,81.30,59
11/8/2013 08:46:54,11/8/2013,08:46:54,0.00,3.50,950.24,81.30,59
11/8/2013 08:47:24,11/8/2013,08:47:24,0.00,3.50,950.23,81.30,59
11/8/2013 08:47:54,11/8/2013,08:47:54,0.00,3.54,950.23,81.30,59
11/8/2013 08:48:24,11/8/2013,08:48:24,0.00,3.57,950.24,81.30,59
11/8/2013 08:48:54,11/8/2013,08:48:54,0.00,3.57,950.23,81.30,59
11/8/2013 08:49:24,11/8/2013,08:49:24,0.00,3.57,950.23,81.30,58
11/8/2013 08:49:54,11/8/2013,08:49:54,0.00,3.62,950.22,81.30,59
11/8/2013 08:50:24,11/8/2013,08:50:24,0.00,3.65,950.24,81.30,59
11/8/2013 08:50:54,11/8/2013,08:50:54,0.00,3.65,950.23,81.30,59
11/8/2013 08:51:24,11/8/2013,08:51:24,0.00,3.70,950.23,81.30,59
11/8/2013 08:51:54,11/8/2013,08:51:54,0.00,3.70,950.22,81.30,59
11/8/2013 08:52:24,11/8/2013,08:52:24,0.00,3.75,950.23,81.30,58
11/8/2013 08:52:54,11/8/2013,08:52:54,0.00,3.75,950.23,81.30,59
11/8/2013 08:53:24,11/8/2013,08:53:24,0.00,3.77,950.23,81.30,59
11/8/2013 08:53:54,11/8/2013,08:53:54,0.00,3.82,950.23,81.30,59
11/8/2013 08:54:24,11/8/2013,08:54:24,0.00,3.82,950.23,81.30,59
11/8/2013 08:54:54,11/8/2013,08:54:54,0.00,3.82,950.19,81.30,62
11/8/2013 08:55:24,11/8/2013,08:55:24,0.00,3.82,950.19,81.30,61
11/8/2013 08:55:54,11/8/2013,08:55:54,0.00,3.90,950.20,81.30,58
11/8/2013 08:56:24,11/8/2013,08:56:24,0.00,3.90,950.18,81.30,58
11/8/2013 08:56:54,11/8/2013,08:56:54,0.00,3.90,950.16,81.30,58
11/8/2013 08:57:24,11/8/2013,08:57:24,0.00,3.97,950.15,81.30,58
11/8/2013 08:57:54,11/8/2013,08:57:54,0.00,3.97,950.16,81.19,69
11/8/2013 08:58:24,11/8/2013,08:58:24,0.00,3.97,950.17,81.30,69
11/8/2013 08:58:54,11/8/2013,08:58:54,0.00,3.97,950.15,81.19,63
11/8/2013 08:59:24,11/8/2013,08:59:24,0.00,3.97,950.15,81.19,65
11/8/2013 08:59:54,11/8/2013,08:59:54,0.00,4.02,950.15,81.19,66
11/8/2013 09:00:24,11/8/2013,09:00:24,0.00,4.05,950.15,81.19,64
11/8/2013 09:00:54,11/8/2013,09:00:54,0.00,4.12,950.11,81.19,63
11/8/2013 09:01:24,11/8/2013,09:01:24,0.00,4.12,950.09,81.19,40
11/8/2013 09:01:54,11/8/2013,09:01:54,0.00,4.17,950.06,81.19,41
11/8/2013 09:02:24,11/8/2013,09:02:24,0.00,4.22,950.09,81.19,42
11/8/2013 09:02:54,11/8/2013,09:02:54,0.00,4.30,950.09,81.19,41
11/8/2013 09:03:24,11/8/2013,09:03:24,0.00,4.32,950.08,81.30,42
11/8/2013 09:03:54,11/8/2013,09:03:54,0.00,4.37,950.11,81.30,42
11/8/2013 09:04:24,11/8/2013,09:04:24,0.00,4.37,950.10,81.30,29
11/8/2013 09:04:54,11/8/2013,09:04:54,0.00,4.44,950.09,81.30,32
11/8/2013 09:05:24,11/8/2013,09:05:24,0.00,4.50,950.06,81.30,31
11/8/2013 09:05:54,11/8/2013,09:05:54,0.00,4.52,950.06,81.30,35
11/8/2013 09:06:24,11/8/2013,09:06:24,0.00,4.52,950.06,81.30,35
11/8/2013 09:06:54,11/8/2013,09:06:54,0.00,4.59,950.06,81.30,35
11/8/2013 09:07:24,11/8/2013,09:07:24,0.00,4.59,950.06,81.30,40
11/8/2013 09:07:54,11/8/2013,09:07:54,0.00,4.65,950.07,81.30,37
11/8/2013 09:08:24,11/8/2013,09:08:24,0.00,4.69,950.06,81.30,55
11/8/2013 09:08:54,11/8/2013,09:08:54,0.00,4.69,950.04,81.19,40
11/8/2013 09:09:24,11/8/2013,09:09:24,0.00,4.69,950.03,81.19,55
11/8/2013 09:09:54,11/8/2013,09:09:54,0.00,4.69,950.04,81.19,59
11/8/2013 09:10:24,11/8/2013,09:10:24,0.00,4.69,950.06,81.19,57
11/8/2013 09:10:54,11/8/2013,09:10:54,0.00,4.77,950.04,81.19,56
11/8/2013 09:11:24,11/8/2013,09:11:24,0.00,4.77,950.07,81.19,41
11/8/2013 09:11:54,11/8/2013,09:11:54,0.00,4.77,950.08,81.09,41
11/8/2013 09:12:24,11/8/2013,09:12:24,0.00,4.80,950.09,81.19,41
11/8/2013 09:12:54,11/8/2013,09:12:54,0.00,4.84,950.09,81.19,41
11/8/2013 09:13:24,11/8/2013,09:13:24,0.00,4.84,950.08,81.19,42
11/8/2013 09:13:54,11/8/2013,09:13:54,0.00,4.84,950.10,81.09,42
11/8/2013 09:14:24,11/8/2013,09:14:24,0.00,4.84,950.10,81.09,35
11/8/2013 09:14:54,11/8/2013,09:14:54,0.00,4.90,950.10,81.09,271
11/8/2013 09:15:24,11/8/2013,09:15:24,0.00,4.92,950.12,81.09,273
11/8/2013 09:15:54,11/8/2013,09:15:54,0.00,4.92,950.11,81.09,306
11/8/2013 09:16:24,11/8/2013,09:16:24,0.00,4.92,950.11,81.09,320
11/8/2013 09:16:54,11/8/2013,09:16:54,0.00,4.97,950.12,81.09,305
11/8/2013 09:17:24,11/8/2013,09:17:24,0.00,4.97,950.14,81.09,285
11/8/2013 09:17:54,11/8/2013,09:17:54,0.00,4.97,950.16,81.09,280
11/8/2013 09:18:24,11/8/2013,09:18:24,0.00,5.00,950.17,81.00,281
11/8/2013 09:18:54,11/8/2013,09:18:54,0.00,5.00,950.16,81.00,282
11/8/2013 09:19:24,11/8/2013,09:19:24,0.00,5.00,950.14,81.00,290
11/8/2013 09:19:54,11/8/2013,09:19:54,0.00,5.00,950.11,81.00,311
11/8/2013 09:20:24,11/8/2013,09:20:24,0.00,5.00,950.11,81.00,332
11/8/2013 09:20:54,11/8/2013,09:20:54,0.00,5.00,950.10,81.00,333
11/8/2013 09:21:24,11/8/2013,09:21:24,0.00,5.00,950.11,80.90,333
11/8/2013 09:21:54,11/8/2013,09:21:54,0.00,5.07,950.10,81.00,333
11/8/2013 09:22:24,11/8/2013,09:22:24,0.00,5.07,950.09,80.90,357
11/8/2013 09:22:54,11/8/2013,09:22:54,0.00,5.07,950.07,80.90,357
11/8/2013 09:23:24,11/8/2013,09:23:24,0.00,5.07,950.04,81.00,356
11/8/2013 09:23:54,11/8/2013,09:23:54,0.00,5.12,950.09,80.90,32
11/8/2013 09:24:24,11/8/2013,09:24:24,0.00,5.17,950.09,80.90,32
11/8/2013 09:24:54,11/8/2013,09:24:54,0.00,5.17,950.09,80.90,34
11/8/2013 09:25:24,11/8/2013,09:25:24,0.00,5.12,950.08,80.90,51
11/8/2013 09:25:54,11/8/2013,09:25:54,0.00,5.12,950.09,80.80,44
11/8/2013 09:26:24,11/8/2013,09:26:24,0.00,5.12,950.04,80.80,45
11/8/2013 09:26:54,11/8/2013,09:26:54,0.00,5.17,950.01,80.90,42
11/8/2013 09:27:24,11/8/2013,09:27:24,0.00,5.17,949.99,80.90,42
11/8/2013 09:27:54,11/8/2013,09:27:54,0.00,5.17,949.96,80.90,42
11/8/2013 09:28:24,11/8/2013,09:28:24,0.00,5.25,949.93,80.90,42
11/8/2013 09:28:54,11/8/2013,09:28:54,0.00,5.25,949.93,80.90,43
11/8/2013 09:29:24,11/8/2013,09:29:24,0.00,5.25,949.92,80.90,58
11/8/2013 09:29:54,11/8/2013,09:29:54,0.00,5.25,949.91,80.80,50
11/8/2013 09:30:24,11/8/2013,09:30:24,0.00,5.25,949.88,80.80,35
11/8/2013 09:30:54,11/8/2013,09:30:54,0.00,5.25,949.85,80.90,36
11/8/2013 09:31:24,11/8/2013,09:31:24,0.00,5.32,949.83,80.80,51
11/8/2013 09:31:54,11/8/2013,09:31:54,0.00,5.25,949.83,80.80,62
11/8/2013 09:32:24,11/8/2013,09:32:24,0.00,5.25,949.83,80.80,58
11/8/2013 09:32:54,11/8/2013,09:32:54,0.00,5.27,949.83,80.80,58
11/8/2013 09:33:24,11/8/2013,09:33:24,0.00,5.27,949.83,80.80,39
11/8/2013 09:33:54,11/8/2013,09:33:54,0.00,5.27,949.83,80.80,39
11/8/2013 09:34:24,11/8/2013,09:34:24,0.00,5.32,949.79,80.80,41
11/8/2013 09:34:54,11/8/2013,09:34:54,0.00,5.27,949.79,80.80,62
11/8/2013 09:35:24,11/8/2013,09:35:24,0.00,5.32,949.79,80.80,47
11/8/2013 09:35:54,11/8/2013,09:35:54,0.00,5.32,949.79,80.80,53
11/8/2013 09:36:24,11/8/2013,09:36:24,0.00,5.32,949.79,80.80,48
11/8/2013 09:36:54,11/8/2013,09:36:54,0.00,5.27,949.79,80.80,48
11/8/2013 09:37:24,11/8/2013,09:37:24,0.00,5.27,949.79,80.80,42
11/8/2013 09:37:54,11/8/2013,09:37:54,0.00,5.32,949.82,80.80,43
11/8/2013 09:38:24,11/8/2013,09:38:24,0.00,5.32,949.84,80.80,43
11/8/2013 09:38:54,11/8/2013,09:38:54,0.00,5.32,949.87,80.80,42
11/8/2013 09:39:24,11/8/2013,09:39:24,0.00,5.32,949.87,80.80,42
11/8/2013 09:39:54,11/8/2013,09:39:54,0.00,5.32,949.86,80.80,42
11/8/2013 09:40:24,11/8/2013,09:40:24,0.00,5.32,949.87,80.80,42
11/8/2013 09:40:54,11/8/2013,09:40:54,0.00,5.32,949.88,80.80,36
11/8/2013 09:41:24,11/8/2013,09:41:24,0.00,5.32,949.93,80.80,264
11/8/2013 09:41:54,11/8/2013,09:41:54,0.00,5.32,949.99,80.80,255
11/8/2013 09:42:24,11/8/2013,09:42:24,0.00,5.32,950.00,80.80,273
11/8/2013 09:42:54,11/8/2013,09:42:54,0.00,5.32,949.98,80.80,315
11/8/2013 09:43:24,11/8/2013,09:43:24,0.00,5.32,949.99,80.80,320
11/8/2013 09:43:54,11/8/2013,09:43:54,0.00,5.32,949.96,80.80,314
11/8/2013 09:44:24,11/8/2013,09:44:24,0.00,5.32,949.98,80.80,315
11/8/2013 09:44:54,11/8/2013,09:44:54,0.00,5.32,949.99,80.80,317
11/8/2013 09:45:24,11/8/2013,09:45:24,0.00,5.32,949.98,80.80,313
11/8/2013 09:45:54,11/8/2013,09:45:54,0.00,5.37,949.96,80.80,314
11/8/2013 09:46:24,11/8/2013,09:46:24,0.00,5.40,949.96,80.80,314
11/8/2013 09:46:54,11/8/2013,09:46:54,0.00,5.40,949.95,80.80,325
11/8/2013 09:47:24,11/8/2013,09:47:24,0.00,5.40,949.93,80.80,9
11/8/2013 09:47:54,11/8/2013,09:47:54,0.00,5.40,949.92,80.90,9
11/8/2013 09:48:24,11/8/2013,09:48:24,0.00,5.40,949.88,80.90,296
11/8/2013 09:48:54,11/8/2013,09:48:54,0.00,5.44,949.87,80.90,297
11/8/2013 09:49:24,11/8/2013,09:49:24,0.00,5.47,949.85,80.90,356
11/8/2013 09:49:54,11/8/2013,09:49:54,0.00,5.47,949.85,80.90,35
11/8/2013 09:50:24,11/8/2013,09:50:24,0.00,5.52,949.83,80.90,6
11/8/2013 09:50:54,11/8/2013,09:50:54,0.00,5.52,949.83,80.90,6
11/8/2013 09:51:24,11/8/2013,09:51:24,0.00,5.52,949.82,80.90,59
11/8/2013 09:51:54,11/8/2013,09:51:54,0.00,5.57,949.80,80.90,52
11/8/2013 09:52:24,11/8/2013,09:52:24,0.00,5.57,949.77,80.90,57
11/8/2013 09:52:54,11/8/2013,09:52:54,0.00,5.57,949.76,80.90,79
11/8/2013 09:53:24,11/8/2013,09:53:24,0.00,5.59,949.75,80.90,36
11/8/2013 09:53:54,11/8/2013,09:53:54,0.00,5.65,949.71,80.90,60
11/8/2013 09:54:24,11/8/2013,09:54:24,0.00,5.67,949.68,80.90,64
11/8/2013 09:54:54,11/8/2013,09:54:54,0.00,5.72,949.68,81.00,34
11/8/2013 09:55:24,11/8/2013,09:55:24,0.00,5.72,949.68,81.00,12
11/8/2013 09:55:54,11/8/2013,09:55:54,0.00,5.80,949.69,81.00,354
11/8/2013 09:56:24,11/8/2013,09:56:24,0.00,5.80,949.73,81.00,355
11/8/2013 09:56:54,11/8/2013,09:56:54,0.00,5.87,949.73,81.00,0
11/8/2013 09:57:24,11/8/2013,09:57:24,0.00,5.87,949.73,81.00,52
11/8/2013 09:57:54,11/8/2013,09:57:54,0.00,5.94,949.74,81.09,62
11/8/2013 09:58:24,11/8/2013,09:58:24,0.00,6.00,949.74,81.09,55
11/8/2013 09:58:54,11/8/2013,09:58:54,0.00,6.05,949.74,81.09,338
11/8/2013 09:59:24,11/8/2013,09:59:24,0.00,6.12,949.73,81.09,343
11/8/2013 09:59:54,11/8/2013,09:59:54,0.00,6.12,949.70,81.09,333
11/8/2013 10:00:24,11/8/2013,10:00:24,0.00,6.19,949.68,81.09,333
11/8/2013 10:00:54,11/8/2013,10:00:54,0.00,6.19,949.63,81.09,338
11/8/2013 10:01:24,11/8/2013,10:01:24,0.00,6.27,949.67,81.09,338
11/8/2013 10:01:54,11/8/2013,10:01:54,0.00,6.27,949.66,81.09,342
11/8/2013 10:02:24,11/8/2013,10:02:24,0.00,6.34,949.65,81.09,339
11/8/2013 10:02:54,11/8/2013,10:02:54,0.00,6.34,949.63,81.09,339
11/8/2013 10:03:24,11/8/2013,10:03:24,0.00,6.42,949.61,81.09,340
11/8/2013 10:03:54,11/8/2013,10:03:54,0.00,6.47,949.61,81.09,56
11/8/2013 10:04:24,11/8/2013,10:04:24,0.00,6.52,949.61,81.09,333
11/8/2013 10:04:54,11/8/2013,10:04:54,0.00,6.59,949.60,81.09,256
11/8/2013 10:05:24,11/8/2013,10:05:24,0.00,6.59,949.58,81.19,330
11/8/2013 10:05:54,11/8/2013,10:05:54,0.00,6.67,949.54,81.19,348
11/8/2013 10:06:24,11/8/2013,10:06:24,0.00,6.69,949.59,81.19,345
11/8/2013 10:06:54,11/8/2013,10:06:54,0.00,6.82,949.55,81.19,248
11/8/2013 10:07:24,11/8/2013,10:07:24,0.00,6.94,949.53,81.40,253
11/8/2013 10:07:54,11/8/2013,10:07:54,0.00,7.07,949.55,81.40,232
11/8/2013 10:08:24,11/8/2013,10:08:24,0.00,7.15,949.53,81.30,236
11/8/2013 10:08:54,11/8/2013,10:08:54,0.00,7.22,949.51,81.30,240
11/8/2013 10:09:24,11/8/2013,10:09:24,0.00,7.30,949.52,81.40,235
11/8/2013 10:09:54,11/8/2013,10:09:54,0.00,7.30,949.51,81.30,236
11/8/2013 10:10:24,11/8/2013,10:10:24,0.00,7.34,949.47,81.40,240
11/8/2013 10:10:54,11/8/2013,10:10:54,0.00,7.37,949.46,81.30,250
11/8/2013 10:11:24,11/8/2013,10:11:24,0.00,7.47,949.44,81.40,247
11/8/2013 10:11:54,11/8/2013,10:11:54,0.00,7.50,949.43,81.40,270
11/8/2013 10:12:24,11/8/2013,10:12:24,0.00,7.50,949.42,81.40,277
11/8/2013 10:12:54,11/8/2013,10:12:54,0.00,7.55,949.39,81.40,330
11/8/2013 10:13:24,11/8/2013,10:13:24,0.00,7.62,949.39,81.40,265
11/8/2013 10:13:54,11/8/2013,10:13:54,0.00,7.65,949.39,81.40,222
11/8/2013 10:14:24,11/8/2013,10:14:24,0.00,7.69,949.39,81.40,225
11/8/2013 10:14:54,11/8/2013,10:14:54,0.00,7.69,949.36,81.40,232
11/8/2013 10:15:24,11/8/2013,10:15:24,0.00,7.77,949.36,81.40,240
11/8/2013 10:15:54,11/8/2013,10:15:54,0.00,7.77,949.36,81.40,282
11/8/2013 10:16:24,11/8/2013,10:16:24,0.00,7.82,949.36,81.30,233
11/8/2013 10:16:54,11/8/2013,10:16:54,0.00,7.82,949.37,81.30,279
11/8/2013 10:17:24,11/8/2013,10:17:24,0.00,7.84,949.36,81.30,253
11/8/2013 10:17:54,11/8/2013,10:17:54,0.00,7.84,949.34,81.30,221
11/8/2013 10:18:24,11/8/2013,10:18:24,0.00,7.90,949.34,81.30,217
11/8/2013 10:18:54,11/8/2013,10:18:54,0.00,7.90,949.34,81.09,218
11/8/2013 10:19:24,11/8/2013,10:19:24,0.00,7.92,949.34,81.09,271
11/8/2013 10:19:54,11/8/2013,10:19:54,0.00,7.92,949.31,81.09,258
11/8/2013 10:20:24,11/8/2013,10:20:24,0.00,7.92,949.30,81.00,252
11/8/2013 10:20:54,11/8/2013,10:20:54,0.00,7.92,949.28,81.00,118
11/8/2013 10:21:24,11/8/2013,10:21:24,0.00,7.92,949.27,81.00,235
11/8/2013 10:21:54,11/8/2013,10:21:54,0.00,8.02,949.27,81.00,231
11/8/2013 10:22:24,11/8/2013,10:22:24,0.00,8.02,949.28,81.00,232
11/8/2013 10:22:54,11/8/2013,10:22:54,0.00,8.02,949.25,80.90,229
11/8/2013 10:23:24,11/8/2013,10:23:24,0.00,8.02,949.25,80.90,233
11/8/2013 10:23:54,11/8/2013,10:23:54,0.00,8.05,949.26,80.80,233
11/8/2013 10:24:24,11/8/2013,10:24:24,0.00,8.10,949.26,80.80,233
11/8/2013 10:24:54,11/8/2013,10:24:54,0.00,8.10,949.25,80.80,233
11/8/2013 10:25:24,11/8/2013,10:25:24,0.00,8.10,949.25,80.80,260
11/8/2013 10:25:54,11/8/2013,10:25:54,0.00,8.10,949.22,80.69,18
11/8/2013 10:26:24,11/8/2013,10:26:24,0.00,8.10,949.20,80.69,243
11/8/2013 10:26:54,11/8/2013,10:26:54,0.00,8.10,949.21,80.59,210
11/8/2013 10:27:24,11/8/2013,10:27:24,0.00,8.12,949.19,80.59,254
11/8/2013 10:27:54,11/8/2013,10:27:54,0.00,8.17,949.16,80.59,229
11/8/2013 10:28:24,11/8/2013,10:28:24,0.00,8.17,949.12,80.50,243
11/8/2013 10:28:54,11/8/2013,10:28:54,0.00,8.17,949.10,80.40,273
11/8/2013 10:29:24,11/8/2013,10:29:24,0.00,8.22,949.08,80.40,272
11/8/2013 10:29:54,11/8/2013,10:29:54,0.00,8.25,949.09,80.40,270
11/8/2013 10:30:24,11/8/2013,10:30:24,0.00,8.30,949.08,80.40,270
11/8/2013 10:30:54,11/8/2013,10:30:54,0.00,8.32,949.04,80.30,274
11/8/2013 10:31:24,11/8/2013,10:31:24,0.00,8.32,949.06,80.30,229
11/8/2013 10:31:54,11/8/2013,10:31:54,0.00,8.39,949.09,80.19,230
11/8/2013 10:32:24,11/8/2013,10:32:24,0.00,8.44,949.08,80.19,231
11/8/2013 10:32:54,11/8/2013,10:32:54,0.00,8.44,949.05,80.09,230
11/8/2013 10:33:24,11/8/2013,10:33:24,0.00,8.50,949.05,80.09,235
11/8/2013 10:33:54,11/8/2013,10:33:54,0.00,8.50,949.04,80.00,236
11/8/2013 10:34:24,11/8/2013,10:34:24,0.00,8.50,949.05,79.90,238
11/8/2013 10:34:54,11/8/2013,10:34:54,0.00,8.57,949.04,79.90,235
11/8/2013 10:35:24,11/8/2013,10:35:24,0.00,8.57,949.03,79.80,245
11/8/2013 10:35:54,11/8/2013,10:35:54,0.00,8.57,949.03,79.50,234
11/8/2013 10:36:24,11/8/2013,10:36:24,0.00,8.60,949.04,79.50,235
11/8/2013 10:36:54,11/8/2013,10:36:54,0.00,8.64,949.04,79.40,233
11/8/2013 10:37:24,11/8/2013,10:37:24,0.00,8.69,949.03,79.30,239
11/8/2013 10:37:54,11/8/2013,10:37:54,0.00,8.72,949.01,79.19,240
11/8/2013 10:38:24,11/8/2013,10:38:24,0.00,8.80,948.97,79.00,243
11/8/2013 10:38:54,11/8/2013,10:38:54,0.00,8.87,949.00,79.00,243
11/8/2013 10:39:24,11/8/2013,10:39:24,0.00,8.97,948.98,79.00,234
11/8/2013 10:39:54,11/8/2013,10:39:54,0.00,9.05,948.93,78.90,234
11/8/2013 10:40:24,11/8/2013,10:40:24,0.00,9.12,948.93,78.90,236
11/8/2013 10:40:54,11/8/2013,10:40:54,0.00,9.17,948.93,78.80,236
11/8/2013 10:41:24,11/8/2013,10:41:24,0.00,9.25,948.93,78.80,220
11/8/2013 10:41:54,11/8/2013,10:41:54,0.00,9.27,948.90,78.80,233
11/8/2013 10:42:24,11/8/2013,10:42:24,0.00,9.27,948.89,78.69,234
11/8/2013 10:42:54,11/8/2013,10:42:54,0.00,9.35,948.87,78.69,234
11/8/2013 10:43:24,11/8/2013,10:43:24,0.00,9.35,948.87,78.69,213
11/8/2013 10:43:54,11/8/2013,10:43:54,0.00,9.27,948.85,78.40,227
11/8/2013 10:44:24,11/8/2013,10:44:24,0.00,9.32,948.82,78.40,230
11/8/2013 10:44:54,11/8/2013,10:44:54,0.00,9.27,948.82,78.30,248
11/8/2013 10:45:24,11/8/2013,10:45:24,0.00,9.19,948.85,78.09,247
11/8/2013 10:45:54,11/8/2013,10:45:54,0.00,9.25,948.85,77.90,252
11/8/2013 10:46:24,11/8/2013,10:46:24,0.00,9.19,948.85,77.80,270
11/8/2013 10:46:54,11/8/2013,10:46:54,0.00,9.19,948.85,77.69,267
11/8/2013 10:47:24,11/8/2013,10:47:24,0.00,9.19,948.85,77.50,269
11/8/2013 10:47:54,11/8/2013,10:47:54,0.00,9.19,948.82,77.40,126
11/8/2013 10:48:24,11/8/2013,10:48:24,0.00,9.19,948.84,77.30,124
11/8/2013 10:48:54,11/8/2013,10:48:54,0.00,9.19,948.85,77.30,124
11/8/2013 10:49:24,11/8/2013,10:49:24,0.00,9.19,948.85,77.19,121
11/8/2013 10:49:54,11/8/2013,10:49:54,0.00,9.19,948.85,77.30,255
11/8/2013 10:50:24,11/8/2013,10:50:24,0.00,9.17,948.84,77.19,255
11/8/2013 10:50:54,11/8/2013,10:50:54,0.00,9.12,948.84,77.09,255
11/8/2013 10:51:24,11/8/2013,10:51:24,0.00,9.12,948.81,77.00,235
11/8/2013 10:51:54,11/8/2013,10:51:54,0.00,9.12,948.80,77.00,250
11/8/2013 10:52:24,11/8/2013,10:52:24,0.00,9.12,948.79,77.00,250
11/8/2013 10:52:54,11/8/2013,10:52:54,0.00,9.12,948.79,77.00,250
11/8/2013 10:53:24,11/8/2013,10:53:24,0.00,9.12,948.78,77.00,249
11/8/2013 10:53:54,11/8/2013,10:53:54,0.00,9.12,948.78,77.00,250
11/8/2013 10:54:24,11/8/2013,10:54:24,0.00,9.12,948.75,77.00,250
11/8/2013 10:54:54,11/8/2013,10:54:54,0.00,9.12,948.78,77.00,250
11/8/2013 10:55:24,11/8/2013,10:55:24,0.00,9.17,948.78,77.00,250
11/8/2013 10:55:54,11/8/2013,10:55:54,0.00,9.17,948.79,77.00,250
11/8/2013 10:56:24,11/8/2013,10:56:24,0.00,9.17,948.78,77.09,250
11/8/2013 10:56:54,11/8/2013,10:56:54,0.00,9.17,948.77,77.09,252
11/8/2013 10:57:24,11/8/2013,10:57:24,0.00,9.12,948.73,77.09,266
11/8/2013 10:57:54,11/8/2013,10:57:54,0.00,9.12,948.72,77.09,268
11/8/2013 10:58:24,11/8/2013,10:58:24,0.00,9.07,948.73,77.09,269
11/8/2013 10:58:54,11/8/2013,10:58:54,0.00,9.12,948.75,77.09,267
11/8/2013 10:59:24,11/8/2013,10:59:24,0.00,9.07,948.73,77.09,269
11/8/2013 10:59:54,11/8/2013,10:59:54,0.00,9.07,948.71,77.09,269
11/8/2013 11:00:24,11/8/2013,11:00:24,0.00,9.07,948.72,77.09,269
11/8/2013 11:00:54,11/8/2013,11:00:54,0.00,9.12,948.70,77.19,269
11/8/2013 11:01:24,11/8/2013,11:01:24,0.00,9.07,948.71,77.19,269
11/8/2013 11:01:54,11/8/2013,11:01:54,0.00,9.07,948.71,77.19,270
11/8/2013 11:02:24,11/8/2013,11:02:24,0.00,9.07,948.72,77.19,269
11/8/2013 11:02:54,11/8/2013,11:02:54,0.00,9.05,948.71,77.19,269
11/8/2013 11:03:24,11/8/2013,11:03:24,0.00,9.05,948.69,77.19,269
11/8/2013 11:03:54,11/8/2013,11:03:54,0.00,9.05,948.69,77.30,269
11/8/2013 11:04:24,11/8/2013,11:04:24,0.00,9.07,948.69,77.30,269
11/8/2013 11:04:54,11/8/2013,11:04:54,0.00,9.07,948.70,77.30,269
11/8/2013 11:05:24,11/8/2013,11:05:24,0.00,9.07,948.68,77.30,269
11/8/2013 11:05:54,11/8/2013,11:05:54,0.00,9.07,948.67,77.40,270
11/8/2013 11:06:24,11/8/2013,11:06:24,0.00,9.07,948.63,77.40,330
11/8/2013 11:06:54,11/8/2013,11:06:54,0.00,9.07,948.62,77.40,331
11/8/2013 11:07:24,11/8/2013,11:07:24,0.00,9.12,948.60,77.40,330
11/8/2013 11:07:54,11/8/2013,11:07:54,0.00,9.12,948.59,77.50,330
11/8/2013 11:08:24,11/8/2013,11:08:24,0.00,9.12,948.56,77.50,330
11/8/2013 11:08:54,11/8/2013,11:08:54,0.00,9.12,948.53,77.50,331
11/8/2013 11:09:24,11/8/2013,11:09:24,0.00,9.12,948.53,77.50,325
11/8/2013 11:09:54,11/8/2013,11:09:54,0.00,9.12,948.51,77.59,326
11/8/2013 11:10:24,11/8/2013,11:10:24,0.00,9.12,948.49,77.59,326
11/8/2013 11:10:54,11/8/2013,11:10:54,0.00,9.12,948.47,77.59,325
11/8/2013 11:11:24,11/8/2013,11:11:24,0.00,9.12,948.48,77.69,326
11/8/2013 11:11:54,11/8/2013,11:11:54,0.00,9.12,948.47,77.69,325
11/8/2013 11:12:24,11/8/2013,11:12:24,0.00,9.12,948.47,77.69,328
11/8/2013 11:12:54,11/8/2013,11:12:54,0.00,9.12,948.45,77.69,328
11/8/2013 11:13:24,11/8/2013,11:13:24,0.00,9.12,948.44,77.69,328
11/8/2013 11:13:54,11/8/2013,11:13:54,0.00,9.17,948.46,77.69,328
11/8/2013 11:14:24,11/8/2013,11:14:24,0.00,9.12,948.45,77.80,329
11/8/2013 11:14:54,11/8/2013,11:14:54,0.00,9.19,948.43,77.80,331
11/8/2013 11:15:24,11/8/2013,11:15:24,0.00,9.19,948.44,77.80,11
11/8/2013 11:15:54,11/8/2013,11:15:54,0.00,9.19,948.44,77.90,25
11/8/2013 11:16:24,11/8/2013,11:16:24,0.00,9.19,948.41,77.90,25
11/8/2013 11:16:54,11/8/2013,11:16:54,0.00,9.25,948.39,77.90,24
11/8/2013 11:17:24,11/8/2013,11:17:24,0.00,9.27,948.39,77.90,25
11/8/2013 11:17:54,11/8/2013,11:17:54,0.00,9.27,948.40,78.00,96
11/8/2013 11:18:24,11/8/2013,11:18:24,0.00,9.32,948.39,78.00,91
11/8/2013 11:18:54,11/8/2013,11:18:54,0.00,9.32,948.39,78.00,79
11/8/2013 11:19:24,11/8/2013,11:19:24,0.00,9.35,948.40,78.00,74
11/8/2013 11:19:54,11/8/2013,11:19:54,0.00,9.35,948.39,78.09,68
11/8/2013 11:20:24,11/8/2013,11:20:24,0.00,9.35,948.40,78.09,47
11/8/2013 11:20:54,11/8/2013,11:20:54,0.00,9.35,948.39,78.09,48
11/8/2013 11:21:24,11/8/2013,11:21:24,0.00,9.35,948.37,78.09,47
11/8/2013 11:21:54,11/8/2013,11:21:54,0.00,9.35,948.37,78.09,48
11/8/2013 11:22:24,11/8/2013,11:22:24,0.00,9.32,948.35,78.09,48
11/8/2013 11:22:54,11/8/2013,11:22:54,0.00,9.35,948.34,78.09,41
11/8/2013 11:23:24,11/8/2013,11:23:24,0.00,9.35,948.32,78.09,359
11/8/2013 11:23:54,11/8/2013,11:23:54,0.00,9.32,948.32,78.09,359
11/8/2013 11:24:24,11/8/2013,11:24:24,0.00,9.32,948.34,78.19,359
11/8/2013 11:24:54,11/8/2013,11:24:54,0.00,9.27,948.31,78.19,359
11/8/2013 11:25:24,11/8/2013,11:25:24,0.00,9.27,948.31,78.19,0
11/8/2013 11:25:54,11/8/2013,11:25:54,0.00,9.32,948.31,78.19,348
11/8/2013 11:26:24,11/8/2013,11:26:24,0.00,9.27,948.29,78.19,322
11/8/2013 11:26:54,11/8/2013,11:26:54,0.00,9.27,948.29,78.19,324
11/8/2013 11:27:24,11/8/2013,11:27:24,0.00,9.25,948.28,78.19,322
11/8/2013 11:27:54,11/8/2013,11:27:54,0.00,9.19,948.27,78.19,324
11/8/2013 11:28:24,11/8/2013,11:28:24,0.00,9.19,948.28,78.19,323
11/8/2013 11:28:54,11/8/2013,11:28:54,0.00,9.19,948.27,78.19,323
11/8/2013 11:29:24,11/8/2013,11:29:24,0.00,9.19,948.26,78.19,328
11/8/2013 11:29:54,11/8/2013,11:29:54,0.00,9.17,948.26,78.19,328
11/8/2013 11:30:24,11/8/2013,11:30:24,0.00,9.17,948.24,78.30,328
11/8/2013 11:30:54,11/8/2013,11:30:54,0.00,9.17,948.24,78.30,329
11/8/2013 11:31:24,11/8/2013,11:31:24,0.00,9.17,948.23,78.30,329
11/8/2013 11:31:54,11/8/2013,11:31:54,0.00,9.17,948.24,78.30,329
11/8/2013 11:32:24,11/8/2013,11:32:24,0.00,9.12,948.24,78.19,329
11/8/2013 11:32:54,11/8/2013,11:32:54,0.00,9.12,948.24,78.30,329
11/8/2013 11:33:24,11/8/2013,11:33:24,0.00,9.17,948.24,78.30,330
11/8/2013 11:33:54,11/8/2013,11:33:54,0.00,9.12,948.22,78.30,330
11/8/2013 11:34:24,11/8/2013,11:34:24,0.00,9.12,948.21,78.30,330
11/8/2013 11:34:54,11/8/2013,11:34:54,0.00,9.12,948.20,78.30,329
11/8/2013 11:35:24,11/8/2013,11:35:24,0.00,9.12,948.19,78.40,329
11/8/2013 11:35:54,11/8/2013,11:35:54,0.00,9.12,948.19,78.40,330
11/8/2013 11:36:24,11/8/2013,11:36:24,0.00,9.07,948.19,78.40,330
11/8/2013 11:36:54,11/8/2013,11:36:54,0.00,9.07,948.19,78.40,329
11/8/2013 11:37:24,11/8/2013,11:37:24,0.00,9.05,948.21,78.40,328
11/8/2013 11:37:54,11/8/2013,11:37:54,0.00,9.05,948.19,78.40,328
11/8/2013 11:38:24,11/8/2013,11:38:24,0.00,9.05,948.20,78.40,328
11/8/2013 11:38:54,11/8/2013,11:38:54,0.00,9.05,948.21,78.50,328
11/8/2013 11:39:24,11/8/2013,11:39:24,0.00,9.05,948.21,78.50,328
11/8/2013 11:39:54,11/8/2013,11:39:54,0.00,9.05,948.22,78.50,328
11/8/2013 11:40:24,11/8/2013,11:40:24,0.00,9.05,948.22,78.50,328
11/8/2013 11:40:54,11/8/2013,11:40:54,0.00,9.00,948.24,78.50,328
11/8/2013 11:41:24,11/8/2013,11:41:24,0.00,9.00,948.21,78.59,329
11/8/2013 11:41:54,11/8/2013,11:41:54,0.00,8.97,948.23,78.59,328
11/8/2013 11:42:24,11/8/2013,11:42:24,0.00,8.97,948.26,78.59,328
11/8/2013 11:42:54,11/8/2013,11:42:54,0.00,8.97,948.28,78.59,329
11/8/2013 11:43:24,11/8/2013,11:43:24,0.00,8.97,948.31,78.59,329
11/8/2013 11:43:54,11/8/2013,11:43:54,0.00,8.97,948.32,78.59,330
11/8/2013 11:44:24,11/8/2013,11:44:24,0.00,8.92,948.34,78.59,319
11/8/2013 11:44:54,11/8/2013,11:44:54,0.00,8.97,948.35,78.69,294
11/8/2013 11:45:24,11/8/2013,11:45:24,0.00,8.87,948.38,78.69,270
11/8/2013 11:45:54,11/8/2013,11:45:54,0.00,8.87,948.40,78.69,258
11/8/2013 11:46:24,11/8/2013,11:46:24,0.00,8.87,948.40,78.69,263
11/8/2013 11:46:54,11/8/2013,11:46:54,0.00,8.87,948.40,78.80,293
11/8/2013 11:47:24,11/8/2013,11:47:24,0.00,8.92,948.39,78.80,312
11/8/2013 11:47:54,11/8/2013,11:47:54,0.00,8.87,948.39,78.80,312
11/8/2013 11:48:24,11/8/2013,11:48:24,0.00,8.87,948.39,78.80,310
11/8/2013 11:48:54,11/8/2013,11:48:54,0.00,8.87,948.39,78.80,308
11/8/2013 11:49:24,11/8/2013,11:49:24,0.00,8.87,948.40,78.90,310
11/8/2013 11:49:54,11/8/2013,11:49:54,0.00,8.87,948.37,78.90,309
11/8/2013 11:50:24,11/8/2013,11:50:24,0.00,8.85,948.38,78.90,310
11/8/2013 11:50:54,11/8/2013,11:50:54,0.00,8.80,948.37,78.90,309
11/8/2013 11:51:24,11/8/2013,11:51:24,0.00,8.80,948.36,78.90,309
11/8/2013 11:51:54,11/8/2013,11:51:54,0.00,8.80,948.35,78.90,313
11/8/2013 11:52:24,11/8/2013,11:52:24,0.00,8.80,948.35,78.90,311
11/8/2013 11:52:54,11/8/2013,11:52:54,0.00,8.80,948.34,79.00,311
11/8/2013 11:53:24,11/8/2013,11:53:24,0.00,8.80,948.35,79.00,293
11/8/2013 11:53:54,11/8/2013,11:53:54,0.00,8.80,948.34,79.00,293
11/8/2013 11:54:24,11/8/2013,11:54:24,0.00,8.72,948.30,79.00,297
11/8/2013 11:54:54,11/8/2013,11:54:54,0.00,8.72,948.29,79.00,277
11/8/2013 11:55:24,11/8/2013,11:55:24,0.00,8.72,948.30,79.00,280
11/8/2013 11:55:54,11/8/2013,11:55:54,0.00,8.72,948.30,79.00,280
11/8/2013 11:56:24,11/8/2013,11:56:24,0.00,8.72,948.29,79.00,281
11/8/2013 11:56:54,11/8/2013,11:56:54,0.00,8.72,948.30,79.00,280
11/8/2013 11:57:24,11/8/2013,11:57:24,0.00,8.72,948.31,79.09,281
11/8/2013 11:57:54,11/8/2013,11:57:54,0.00,8.72,948.29,79.00,280
11/8/2013 11:58:24,11/8/2013,11:58:24,0.00,8.72,948.30,79.09,280
11/8/2013 11:58:54,11/8/2013,11:58:54,0.00,8.72,948.31,79.09,281
11/8/2013 11:59:24,11/8/2013,11:59:24,0.00,8.72,948.34,79.09,286
11/8/2013 11:59:54,11/8/2013,11:59:54,0.00,8.72,948.35,79.09,286
11/8/2013 12:00:24,11/8/2013,12:00:24,0.00,8.72,948.34,79.09,286
11/8/2013 12:00:54,11/8/2013,12:00:54,0.00,8.69,948.35,79.09,286
11/8/2013 12:01:24,11/8/2013,12:01:24,0.00,8.72,948.35,79.09,286
11/8/2013 12:01:54,11/8/2013,12:01:54,0.00,8.72,948.37,79.09,286
11/8/2013 12:02:24,11/8/2013,12:02:24,0.00,8.72,948.35,79.19,286
11/8/2013 12:02:54,11/8/2013,12:02:54,0.00,8.72,948.37,79.19,285
11/8/2013 12:03:24,11/8/2013,12:03:24,0.00,8.72,948.37,79.19,285
11/8/2013 12:03:54,11/8/2013,12:03:54,0.00,8.69,948.35,79.19,256
11/8/2013 12:04:24,11/8/2013,12:04:24,0.00,8.69,948.37,79.19,288
11/8/2013 12:04:54,11/8/2013,12:04:54,0.00,8.69,948.37,79.19,276
11/8/2013 12:05:24,11/8/2013,12:05:24,0.00,8.69,948.35,79.19,271
11/8/2013 12:05:54,11/8/2013,12:05:54,0.00,8.64,948.35,79.19,272
11/8/2013 12:06:24,11/8/2013,12:06:24,0.00,8.64,948.34,79.19,276
11/8/2013 12:06:54,11/8/2013,12:06:54,0.00,8.69,948.34,79.30,271
11/8/2013 12:07:24,11/8/2013,12:07:24,0.00,8.64,948.31,79.19,239
11/8/2013 12:07:54,11/8/2013,12:07:54,0.00,8.64,948.31,79.19,257
11/8/2013 12:08:24,11/8/2013,12:08:24,0.00,8.64,948.31,79.30,272
11/8/2013 12:08:54,11/8/2013,12:08:54,0.00,8.64,948.31,79.30,290
11/8/2013 12:09:24,11/8/2013,12:09:24,0.00,8.64,948.31,79.30,289
11/8/2013 12:09:54,11/8/2013,12:09:54,0.00,8.64,948.29,79.30,288
11/8/2013 12:10:24,11/8/2013,12:10:24,0.00,8.64,948.28,79.30,289
11/8/2013 12:10:54,11/8/2013,12:10:54,0.00,8.64,948.28,79.40,278
11/8/2013 12:11:24,11/8/2013,12:11:24,0.00,8.64,948.28,79.30,272
11/8/2013 12:11:54,11/8/2013,12:11:54,0.00,8.64,948.28,79.30,311
11/8/2013 12:12:24,11/8/2013,12:12:24,0.00,8.64,948.27,79.40,306
11/8/2013 12:12:54,11/8/2013,12:12:54,0.00,8.69,948.27,79.40,303
11/8/2013 12:13:24,11/8/2013,12:13:24,0.00,8.69,948.27,79.40,295
11/8/2013 12:13:54,11/8/2013,12:13:54,0.00,8.64,948.27,79.40,295
11/8/2013 12:14:24,11/8/2013,12:14:24,0.00,8.69,948.28,79.40,257
11/8/2013 12:14:54,11/8/2013,12:14:54,0.00,8.64,948.27,79.40,257
11/8/2013 12:15:24,11/8/2013,12:15:24,0.00,8.64,948.24,79.40,258
11/8/2013 12:15:54,11/8/2013,12:15:54,0.00,8.64,948.26,79.40,256
11/8/2013 12:16:24,11/8/2013,12:16:24,0.00,8.64,948.26,79.40,257
11/8/2013 12:16:54,11/8/2013,12:16:54,0.00,8.64,948.26,79.40,258
11/8/2013 12:17:24,11/8/2013,12:17:24,0.00,8.64,948.28,79.40,274
11/8/2013 12:17:54,11/8/2013,12:17:54,0.00,8.64,948.27,79.40,276
11/8/2013 12:18:24,11/8/2013,12:18:24,0.00,8.64,948.26,79.50,301
11/8/2013 12:18:54,11/8/2013,12:18:54,0.00,8.64,948.26,79.40,270
11/8/2013 12:19:24,11/8/2013,12:19:24,0.00,8.64,948.24,79.40,309
11/8/2013 12:19:54,11/8/2013,12:19:54,0.00,8.60,948.26,79.40,239
11/8/2013 12:20:24,11/8/2013,12:20:24,0.00,8.64,948.22,79.30,280
11/8/2013 12:20:54,11/8/2013,12:20:54,0.00,8.60,948.20,79.30,270
11/8/2013 12:21:24,11/8/2013,12:21:24,0.00,8.57,948.18,79.30,258
11/8/2013 12:21:54,11/8/2013,12:21:54,0.00,8.57,948.15,79.30,261
11/8/2013 12:22:24,11/8/2013,12:22:24,0.00,8.57,948.13,79.30,253
11/8/2013 12:22:54,11/8/2013,12:22:54,0.00,8.50,948.11,79.19,242
11/8/2013 12:23:24,11/8/2013,12:23:24,0.00,8.52,948.11,79.09,270
11/8/2013 12:23:54,11/8/2013,12:23:54,0.00,8.57,948.07,79.19,281
11/8/2013 12:24:24,11/8/2013,12:24:24,0.00,8.57,948.07,79.09,306
11/8/2013 12:24:54,11/8/2013,12:24:54,0.00,8.57,948.07,79.09,307
11/8/2013 12:25:24,11/8/2013,12:25:24,0.00,8.57,948.05,79.09,322
11/8/2013 12:25:54,11/8/2013,12:25:54,0.00,8.52,948.07,79.09,272
11/8/2013 12:26:24,11/8/2013,12:26:24,0.00,8.52,948.07,79.09,273
11/8/2013 12:26:54,11/8/2013,12:26:54,0.00,8.52,948.06,79.09,274
11/8/2013 12:27:24,11/8/2013,12:27:24,0.00,8.57,948.06,79.09,317
11/8/2013 12:27:54,11/8/2013,12:27:54,0.00,8.52,948.05,79.09,310
11/8/2013 12:28:24,11/8/2013,12:28:24,0.00,8.57,948.03,79.09,311
11/8/2013 12:28:54,11/8/2013,12:28:54,0.00,8.52,948.04,79.09,306
11/8/2013 12:29:24,11/8/2013,12:29:24,0.00,8.57,948.03,79.09,308
11/8/2013 12:29:54,11/8/2013,12:29:54,0.00,8.57,948.03,79.19,306
11/8/2013 12:30:24,11/8/2013,12:30:24,0.00,8.57,947.99,79.19,320
11/8/2013 12:30:54,11/8/2013,12:30:54,0.00,8.57,948.01,79.19,318
11/8/2013 12:31:24,11/8/2013,12:31:24,0.00,8.57,947.99,79.19,318
11/8/2013 12:31:54,11/8/2013,12:31:54,0.00,8.57,947.96,79.19,321
11/8/2013 12:32:24,11/8/2013,12:32:24,0.00,8.60,947.97,79.19,319
11/8/2013 12:32:54,11/8/2013,12:32:54,0.00,8.60,947.96,79.19,317
11/8/2013 12:33:24,11/8/2013,12:33:24,0.00,8.64,947.96,79.19,313
11/8/2013 12:33:54,11/8/2013,12:33:54,0.00,8.64,947.95,79.19,312
11/8/2013 12:34:24,11/8/2013,12:34:24,0.00,8.64,947.94,79.19,311
11/8/2013 12:34:54,11/8/2013,12:34:54,0.00,8.64,947.90,79.30,282
11/8/2013 12:35:24,11/8/2013,12:35:24,0.00,8.64,947.91,79.30,282
11/8/2013 12:35:54,11/8/2013,12:35:54,0.00,8.64,947.90,79.19,282
11/8/2013 12:36:24,11/8/2013,12:36:24,0.00,8.64,947.88,79.19,283
11/8/2013 12:36:54,11/8/2013,12:36:54,0.00,8.64,947.88,79.19,283
11/8/2013 12:37:24,11/8/2013,12:37:24,0.00,8.64,947.87,79.19,290
11/8/2013 12:37:54,11/8/2013,12:37:54,0.00,8.64,947.86,79.19,254
11/8/2013 12:38:24,11/8/2013,12:38:24,0.00,8.64,947.85,79.19,272
11/8/2013 12:38:54,11/8/2013,12:38:54,0.00,8.64,947.83,79.19,302
11/8/2013 12:39:24,11/8/2013,12:39:24,0.00,8.64,947.81,79.19,302
11/8/2013 12:39:54,11/8/2013,12:39:54,0.00,8.64,947.81,79.19,291
11/8/2013 12:40:24,11/8/2013,12:40:24,0.00,8.64,947.81,79.19,296
11/8/2013 12:40:54,11/8/2013,12:40:54,0.00,8.64,947.79,79.19,336
11/8/2013 12:41:24,11/8/2013,12:41:24,0.00,8.64,947.79,79.19,306
11/8/2013 12:41:54,11/8/2013,12:41:54,0.00,8.64,947.77,79.19,306
11/8/2013 12:42:24,11/8/2013,12:42:24,0.00,8.60,947.77,79.30,295
11/8/2013 12:42:54,11/8/2013,12:42:54,0.00,8.60,947.74,79.30,291
11/8/2013 12:43:24,11/8/2013,12:43:24,0.00,8.57,947.73,79.30,283
11/8/2013 12:43:54,11/8/2013,12:43:54,0.00,8.57,947.73,79.30,282
11/8/2013 12:44:24,11/8/2013,12:44:24,0.00,8.60,947.72,79.30,283
11/8/2013 12:44:54,11/8/2013,12:44:54,0.00,8.57,947.71,79.30,284
11/8/2013 12:45:24,11/8/2013,12:45:24,0.00,8.60,947.70,79.30,284
11/8/2013 12:45:54,11/8/2013,12:45:54,0.00,8.60,947.71,79.30,284
11/8/2013 12:46:24,11/8/2013,12:46:24,0.00,8.60,947.71,79.30,284
11/8/2013 12:46:54,11/8/2013,12:46:54,0.00,8.60,947.72,79.30,282
11/8/2013 12:47:24,11/8/2013,12:47:24,0.00,8.60,947.72,79.30,288
11/8/2013 12:47:54,11/8/2013,12:47:54,0.00,8.64,947.71,79.30,309
11/8/2013 12:48:24,11/8/2013,12:48:24,0.00,8.64,947.68,79.30,309
11/8/2013 12:48:54,11/8/2013,12:48:54,0.00,8.69,947.66,79.40,305
11/8/2013 12:49:24,11/8/2013,12:49:24,0.00,8.72,947.65,79.40,307
11/8/2013 12:49:54,11/8/2013,12:49:54,0.00,8.72,947.65,79.40,307
11/8/2013 12:50:24,11/8/2013,12:50:24,0.00,8.72,947.62,79.40,307
11/8/2013 12:50:54,11/8/2013,12:50:54,0.00,8.72,947.60,79.40,220
11/8/2013 12:51:24,11/8/2013,12:51:24,0.00,8.64,947.60,79.19,235
11/8/2013 12:51:54,11/8/2013,12:51:54,0.00,8.64,947.60,79.09,246
11/8/2013 12:52:24,11/8/2013,12:52:24,0.00,8.64,947.60,79.09,248
11/8/2013 12:52:54,11/8/2013,12:52:54,0.00,8.72,947.61,79.09,298
11/8/2013 12:53:24,11/8/2013,12:53:24,0.00,8.72,947.60,79.09,313
11/8/2013 12:53:54,11/8/2013,12:53:54,0.00,8.80,947.57,79.09,303
11/8/2013 12:54:24,11/8/2013,12:54:24,0.00,8.80,947.57,79.09,306
11/8/2013 12:54:54,11/8/2013,12:54:54,0.00,8.80,947.57,79.09,287
11/8/2013 12:55:24,11/8/2013,12:55:24,0.00,8.80,947.58,79.00,265
11/8/2013 12:55:54,11/8/2013,12:55:54,0.00,8.80,947.56,79.00,265
11/8/2013 12:56:24,11/8/2013,12:56:24,0.00,8.85,947.56,79.00,266
11/8/2013 12:56:54,11/8/2013,12:56:54,0.00,8.85,947.57,78.90,273
11/8/2013 12:57:24,11/8/2013,12:57:24,0.00,8.87,947.56,78.90,275
11/8/2013 12:57:54,11/8/2013,12:57:54,0.00,8.87,947.57,79.00,276
11/8/2013 12:58:24,11/8/2013,12:58:24,0.00,8.92,947.55,79.00,276
11/8/2013 12:58:54,11/8/2013,12:58:54,0.00,8.97,947.54,79.00,276
11/8/2013 12:59:24,11/8/2013,12:59:24,0.00,8.97,947.55,79.00,321
11/8/2013 12:59:54,11/8/2013,12:59:54,0.00,8.97,947.53,78.90,321
11/8/2013 13:00:24,11/8/2013,13:00:24,0.00,9.00,947.50,78.90,328
11/8/2013 13:00:54,11/8/2013,13:00:54,0.00,9.05,947.50,79.00,325
11/8/2013 13:01:24,11/8/2013,13:01:24,0.00,9.05,947.48,79.00,324
11/8/2013 13:01:54,11/8/2013,13:01:54,0.00,9.05,947.48,79.00,313
11/8/2013 13:02:24,11/8/2013,13:02:24,0.00,9.00,947.49,79.00,255
11/8/2013 13:02:54,11/8/2013,13:02:54,0.00,8.87,947.48,78.80,235
11/8/2013 13:03:24,11/8/2013,13:03:24,0.00,8.87,947.52,78.69,235
11/8/2013 13:03:54,11/8/2013,13:03:54,0.00,8.87,947.53,78.50,230
11/8/2013 13:04:24,11/8/2013,13:04:24,0.00,8.87,947.54,78.40,233
11/8/2013 13:04:54,11/8/2013,13:04:54,0.00,8.87,947.55,78.30,271
11/8/2013 13:05:24,11/8/2013,13:05:24,0.00,8.87,947.57,78.30,269
11/8/2013 13:05:54,11/8/2013,13:05:54,0.00,8.87,947.56,78.19,272
11/8/2013 13:06:24,11/8/2013,13:06:24,0.00,8.87,947.54,78.09,272
11/8/2013 13:06:54,11/8/2013,13:06:54,0.00,8.87,947.54,78.09,273
11/8/2013 13:07:24,11/8/2013,13:07:24,0.00,8.92,947.54,78.09,271
11/8/2013 13:07:54,11/8/2013,13:07:54,0.00,8.92,947.53,78.09,271
11/8/2013 13:08:24,11/8/2013,13:08:24,0.00,8.92,947.53,78.00,273
11/8/2013 13:08:54,11/8/2013,13:08:54,0.00,8.92,947.52,78.00,263
11/8/2013 13:09:24,11/8/2013,13:09:24,0.00,8.87,947.50,77.90,258
11/8/2013 13:09:54,11/8/2013,13:09:54,0.00,8.85,947.49,77.69,266
11/8/2013 13:10:24,11/8/2013,13:10:24,0.00,8.85,947.49,77.50,239
11/8/2013 13:10:54,11/8/2013,13:10:54,0.00,8.85,947.49,77.50,239
11/8/2013 13:11:24,11/8/2013,13:11:24,0.00,8.87,947.50,77.40,296
11/8/2013 13:11:54,11/8/2013,13:11:54,0.00,8.87,947.50,77.30,279
11/8/2013 13:12:24,11/8/2013,13:12:24,0.00,8.85,947.52,77.19,255
11/8/2013 13:12:54,11/8/2013,13:12:54,0.00,8.85,947.52,77.19,267
11/8/2013 13:13:24,11/8/2013,13:13:24,0.00,8.87,947.50,77.19,305
11/8/2013 13:13:54,11/8/2013,13:13:54,0.00,8.87,947.50,77.19,293
11/8/2013 13:14:24,11/8/2013,13:14:24,0.00,8.87,947.52,77.19,293
11/8/2013 13:14:54,11/8/2013,13:14:54,0.00,8.87,947.53,77.30,293
11/8/2013 13:15:24,11/8/2013,13:15:24,0.00,8.87,947.54,77.30,293
11/8/2013 13:15:54,11/8/2013,13:15:54,0.00,8.87,947.53,77.30,301
11/8/2013 13:16:24,11/8/2013,13:16:24,0.00,8.85,947.54,77.30,297
11/8/2013 13:16:54,11/8/2013,13:16:54,0.00,8.80,947.53,77.30,302
11/8/2013 13:17:24,11/8/2013,13:17:24,0.00,8.80,947.52,77.30,302
11/8/2013 13:17:54,11/8/2013,13:17:54,0.00,8.80,947.50,77.40,316
11/8/2013 13:18:24,11/8/2013,13:18:24,0.00,8.72,947.50,77.40,257
11/8/2013 13:18:54,11/8/2013,13:18:54,0.00,8.72,947.50,77.19,231
11/8/2013 13:19:24,11/8/2013,13:19:24,0.00,8.64,947.50,77.19,240
11/8/2013 13:19:54,11/8/2013,13:19:54,0.00,8.64,947.50,77.09,293
11/8/2013 13:20:24,11/8/2013,13:20:24,0.00,8.57,947.52,77.00,232
11/8/2013 13:20:54,11/8/2013,13:20:54,0.00,8.60,947.50,77.09,268
11/8/2013 13:21:24,11/8/2013,13:21:24,0.00,8.60,947.47,77.00,84
11/8/2013 13:21:54,11/8/2013,13:21:54,0.00,8.60,947.46,77.09,308
11/8/2013 13:22:24,11/8/2013,13:22:24,0.00,8.57,947.48,77.09,295
11/8/2013 13:22:54,11/8/2013,13:22:54,0.00,8.57,947.48,77.09,285
11/8/2013 13:23:24,11/8/2013,13:23:24,0.00,8.57,947.49,77.09,278
11/8/2013 13:23:54,11/8/2013,13:23:54,0.00,8.50,947.49,77.09,304
11/8/2013 13:24:24,11/8/2013,13:24:24,0.00,8.50,947.49,77.09,307
11/8/2013 13:24:54,11/8/2013,13:24:54,0.00,8.50,947.48,77.09,281
11/8/2013 13:25:24,11/8/2013,13:25:24,0.00,8.37,947.49,76.59,282
11/8/2013 13:25:54,11/8/2013,13:25:54,0.00,8.39,947.50,76.59,283
11/8/2013 13:26:24,11/8/2013,13:26:24,0.00,8.39,947.53,76.59,334
11/8/2013 13:26:54,11/8/2013,13:26:54,0.00,8.37,947.52,76.50,291
11/8/2013 13:27:24,11/8/2013,13:27:24,0.00,8.39,947.50,76.50,286
11/8/2013 13:27:54,11/8/2013,13:27:54,0.00,8.37,947.49,76.50,289
11/8/2013 13:28:24,11/8/2013,13:28:24,0.00,8.39,947.50,76.50,293
11/8/2013 13:28:54,11/8/2013,13:28:54,0.00,8.39,947.50,76.50,304
11/8/2013 13:29:24,11/8/2013,13:29:24,0.00,8.39,947.49,76.50,335
11/8/2013 13:29:54,11/8/2013,13:29:54,0.00,8.37,947.49,76.59,334
11/8/2013 13:30:24,11/8/2013,13:30:24,0.00,8.37,947.47,76.59,314
11/8/2013 13:30:54,11/8/2013,13:30:54,0.00,8.37,947.48,76.69,358
11/8/2013 13:31:24,11/8/2013,13:31:24,0.00,8.39,947.47,76.80,358
11/8/2013 13:31:54,11/8/2013,13:31:54,0.00,8.39,947.47,76.80,344
11/8/2013 13:32:24,11/8/2013,13:32:24,0.00,8.39,947.46,76.90,348
11/8/2013 13:32:54,11/8/2013,13:32:54,0.00,8.44,947.42,77.00,2
11/8/2013 13:33:24,11/8/2013,13:33:24,0.00,8.50,947.44,77.00,339
11/8/2013 13:33:54,11/8/2013,13:33:54,0.00,8.50,947.44,77.00,308
11/8/2013 13:34:24,11/8/2013,13:34:24,0.00,8.50,947.44,77.00,324
11/8/2013 13:34:54,11/8/2013,13:34:54,0.00,8.39,947.44,77.00,283
11/8/2013 13:35:24,11/8/2013,13:35:24,0.00,8.44,947.42,77.09,317
11/8/2013 13:35:54,11/8/2013,13:35:54,0.00,8.39,947.42,77.00,301
11/8/2013 13:36:24,11/8/2013,13:36:24,0.00,8.39,947.45,77.00,268
11/8/2013 13:36:54,11/8/2013,13:36:54,0.00,8.37,947.47,77.00,317
11/8/2013 13:37:24,11/8/2013,13:37:24,0.00,8.32,947.49,76.90,287
11/8/2013 13:37:54,11/8/2013,13:37:54,0.00,8.39,947.52,77.00,283
11/8/2013 13:38:24,11/8/2013,13:38:24,0.00,8.39,947.53,77.00,299
11/8/2013 13:38:54,11/8/2013,13:38:54,0.00,8.32,947.53,76.90,290
11/8/2013 13:39:24,11/8/2013,13:39:24,0.00,8.37,947.53,77.00,327
11/8/2013 13:39:54,11/8/2013,13:39:54,0.00,8.37,947.53,77.09,323
11/8/2013 13:40:24,11/8/2013,13:40:24,0.00,8.30,947.50,77.00,313
11/8/2013 13:40:54,11/8/2013,13:40:54,0.00,8.32,947.52,77.00,303
11/8/2013 13:41:24,11/8/2013,13:41:24,0.00,8.32,947.53,77.09,283
11/8/2013 13:41:54,11/8/2013,13:41:54,0.00,8.30,947.54,77.00,287
11/8/2013 13:42:24,11/8/2013,13:42:24,0.00,8.32,947.54,77.09,287
11/8/2013 13:42:54,11/8/2013,13:42:54,0.00,8.30,947.53,77.09,283
11/8/2013 13:43:24,11/8/2013,13:43:24,0.00,8.30,947.53,77.19,299
11/8/2013 13:43:54,11/8/2013,13:43:54,0.00,8.25,947.54,77.19,307
11/8/2013 13:44:24,11/8/2013,13:44:24,0.00,8.25,947.52,77.30,337
11/8/2013 13:44:54,11/8/2013,13:44:54,0.00,8.25,947.50,77.40,308
11/8/2013 13:45:24,11/8/2013,13:45:24,0.00,8.30,947.49,77.40,321
11/8/2013 13:45:54,11/8/2013,13:45:54,0.00,8.25,947.48,77.40,320
11/8/2013 13:46:24,11/8/2013,13:46:24,0.00,8.25,947.47,77.40,314
11/8/2013 13:46:54,11/8/2013,13:46:54,0.00,8.25,947.47,77.50,330
11/8/2013 13:47:24,11/8/2013,13:47:24,0.00,8.17,947.47,77.40,294
11/8/2013 13:47:54,11/8/2013,13:47:54,0.00,8.17,947.48,77.40,246
11/8/2013 13:48:24,11/8/2013,13:48:24,0.00,8.17,947.47,77.50,2
11/8/2013 13:48:54,11/8/2013,13:48:54,0.00,8.17,947.48,77.50,291
11/8/2013 13:49:24,11/8/2013,13:49:24,0.00,8.22,947.47,77.59,300
11/8/2013 13:49:54,11/8/2013,13:49:54,0.00,8.17,947.49,77.59,292
11/8/2013 13:50:24,11/8/2013,13:50:24,0.00,8.17,947.49,77.59,333
11/8/2013 13:50:54,11/8/2013,13:50:54,0.00,8.12,947.49,77.59,296
11/8/2013 13:51:24,11/8/2013,13:51:24,0.00,8.10,947.49,77.59,278
11/8/2013 13:51:54,11/8/2013,13:51:54,0.00,8.10,947.50,77.59,300
11/8/2013 13:52:24,11/8/2013,13:52:24,0.00,8.10,947.50,77.59,290
11/8/2013 13:52:54,11/8/2013,13:52:54,0.00,8.05,947.49,77.50,291
11/8/2013 13:53:24,11/8/2013,13:53:24,0.00,8.02,947.48,77.40,305
11/8/2013 13:53:54,11/8/2013,13:53:54,0.00,8.02,947.49,77.40,334
11/8/2013 13:54:24,11/8/2013,13:54:24,0.00,8.02,947.47,77.40,335
11/8/2013 13:54:54,11/8/2013,13:54:54,0.00,7.92,947.47,77.40,316
11/8/2013 13:55:24,11/8/2013,13:55:24,0.00,7.97,947.47,77.40,321
11/8/2013 13:55:54,11/8/2013,13:55:54,0.00,7.92,947.47,77.40,336
11/8/2013 13:56:24,11/8/2013,13:56:24,0.00,7.92,947.47,77.30,270
11/8/2013 13:56:54,11/8/2013,13:56:54,0.00,7.92,947.47,77.40,345
11/8/2013 13:57:24,11/8/2013,13:57:24,0.00,7.90,947.47,77.30,307
11/8/2013 13:57:54,11/8/2013,13:57:54,0.00,7.92,947.49,77.30,300
11/8/2013 13:58:24,11/8/2013,13:58:24,0.00,7.92,947.49,77.40,333
11/8/2013 13:58:54,11/8/2013,13:58:54,0.00,7.92,947.50,77.40,321
11/8/2013 13:59:24,11/8/2013,13:59:24,0.00,7.84,947.50,77.30,288
11/8/2013 13:59:54,11/8/2013,13:59:54,0.00,7.90,947.49,77.30,309
11/8/2013 14:00:24,11/8/2013,14:00:24,0.00,7.84,947.52,77.19,274
11/8/2013 14:00:54,11/8/2013,14:00:54,0.00,7.84,947.54,77.19,334
11/8/2013 14:01:24,11/8/2013,14:01:24,0.00,7.82,947.53,77.19,305
11/8/2013 14:01:54,11/8/2013,14:01:54,0.00,7.82,947.52,77.19,308
11/8/2013 14:02:24,11/8/2013,14:02:24,0.00,7.84,947.53,77.19,324
11/8/2013 14:02:54,11/8/2013,14:02:54,0.00,7.84,947.53,77.19,17
11/8/2013 14:03:24,11/8/2013,14:03:24,0.00,7.82,947.54,77.19,304
11/8/2013 14:03:54,11/8/2013,14:03:54,0.00,7.84,947.54,77.19,300
11/8/2013 14:04:24,11/8/2013,14:04:24,0.00,7.84,947.54,77.30,273
11/8/2013 14:04:54,11/8/2013,14:04:54,0.00,7.84,947.54,77.30,307
11/8/2013 14:05:24,11/8/2013,14:05:24,0.00,7.84,947.55,77.40,277
11/8/2013 14:05:54,11/8/2013,14:05:54,0.00,7.84,947.55,77.40,322
11/8/2013 14:06:24,11/8/2013,14:06:24,0.00,7.77,947.55,77.40,242
11/8/2013 14:06:54,11/8/2013,14:06:54,0.00,7.77,947.55,77.50,286
11/8/2013 14:07:24,11/8/2013,14:07:24,0.00,7.69,947.54,77.09,281
11/8/2013 14:07:54,11/8/2013,14:07:54,0.00,7.77,947.55,77.19,289
11/8/2013 14:08:24,11/8/2013,14:08:24,0.00,7.75,947.58,77.09,304
11/8/2013 14:08:54,11/8/2013,14:08:54,0.00,7.69,947.60,77.00,275
11/8/2013 14:09:24,11/8/2013,14:09:24,0.00,7.69,947.61,77.09,292
11/8/2013 14:09:54,11/8/2013,14:09:54,0.00,7.69,947.61,77.00,281
11/8/2013 14:10:24,11/8/2013,14:10:24,0.00,7.75,947.60,77.00,323
11/8/2013 14:10:54,11/8/2013,14:10:54,0.00,7.75,947.61,77.09,319
11/8/2013 14:11:24,11/8/2013,14:11:24,0.00,7.69,947.62,77.09,279
11/8/2013 14:11:54,11/8/2013,14:11:54,0.00,7.69,947.61,77.09,274
11/8/2013 14:12:24,11/8/2013,14:12:24,0.00,7.69,947.62,77.09,268
11/8/2013 14:12:54,11/8/2013,14:12:54,0.00,7.65,947.61,77.09,262
11/8/2013 14:13:24,11/8/2013,14:13:24,0.00,7.69,947.60,77.09,285
11/8/2013 14:13:54,11/8/2013,14:13:54,0.00,7.65,947.58,77.19,290
11/8/2013 14:14:24,11/8/2013,14:14:24,0.00,7.69,947.61,77.19,282
11/8/2013 14:14:54,11/8/2013,14:14:54,0.00,7.69,947.62,77.19,309
11/8/2013 14:15:24,11/8/2013,14:15:24,0.00,7.65,947.61,77.30,305
11/8/2013 14:15:54,11/8/2013,14:15:54,0.00,7.69,947.60,77.40,273
11/8/2013 14:16:24,11/8/2013,14:16:24,0.00,7.69,947.61,77.40,276
11/8/2013 14:16:54,11/8/2013,14:16:54,0.00,7.69,947.63,77.40,302
11/8/2013 14:17:24,11/8/2013,14:17:24,0.00,7.65,947.62,77.50,325
11/8/2013 14:17:54,11/8/2013,14:17:54,0.00,7.62,947.63,77.40,309
11/8/2013 14:18:24,11/8/2013,14:18:24,0.00,7.62,947.62,77.50,283
11/8/2013 14:18:54,11/8/2013,14:18:54,0.00,7.65,947.63,77.59,291
11/8/2013 14:19:24,11/8/2013,14:19:24,0.00,7.62,947.65,77.50,288
11/8/2013 14:19:54,11/8/2013,14:19:54,0.00,7.62,947.63,77.59,286
11/8/2013 14:20:24,11/8/2013,14:20:24,0.00,7.62,947.64,77.59,291
11/8/2013 14:20:54,11/8/2013,14:20:54,0.00,7.62,947.64,77.59,295
11/8/2013 14:21:24,11/8/2013,14:21:24,0.00,7.62,947.66,77.59,299
11/8/2013 14:21:54,11/8/2013,14:21:54,0.00,7.65,947.68,77.69,281
11/8/2013 14:22:24,11/8/2013,14:22:24,0.00,7.62,947.69,77.69,288
11/8/2013 14:22:54,11/8/2013,14:22:54,0.00,7.62,947.69,77.69,268
11/8/2013 14:23:24,11/8/2013,14:23:24,0.00,7.62,947.70,77.69,280
11/8/2013 14:23:54,11/8/2013,14:23:54,0.00,7.65,947.70,77.80,307
11/8/2013 14:24:24,11/8/2013,14:24:24,0.00,7.62,947.71,77.80,249
11/8/2013 14:24:54,11/8/2013,14:24:54,0.00,7.62,947.71,77.80,287
11/8/2013 14:25:24,11/8/2013,14:25:24,0.00,7.62,947.71,77.90,302
11/8/2013 14:25:54,11/8/2013,14:25:54,0.00,7.62,947.70,77.90,308
11/8/2013 14:26:24,11/8/2013,14:26:24,0.00,7.62,947.71,77.90,303
11/8/2013 14:26:54,11/8/2013,14:26:54,0.00,7.65,947.71,78.00,307
11/8/2013 14:27:24,11/8/2013,14:27:24,0.00,7.62,947.71,78.00,306
11/8/2013 14:27:54,11/8/2013,14:27:54,0.00,7.62,947.72,78.00,294
11/8/2013 14:28:24,11/8/2013,14:28:24,0.00,7.62,947.71,78.09,321
11/8/2013 14:28:54,11/8/2013,14:28:54,0.00,7.62,947.71,78.09,260
11/8/2013 14:29:24,11/8/2013,14:29:24,0.00,7.57,947.70,78.09,270
11/8/2013 14:29:54,11/8/2013,14:29:54,0.00,7.57,947.72,78.09,279
11/8/2013 14:30:24,11/8/2013,14:30:24,0.00,7.55,947.70,78.09,289
11/8/2013 14:30:54,11/8/2013,14:30:54,0.00,7.55,947.71,78.09,17
11/8/2013 14:31:24,11/8/2013,14:31:24,0.00,7.62,947.72,78.09,287
11/8/2013 14:31:54,11/8/2013,14:31:54,0.00,7.57,947.71,78.09,287
11/8/2013 14:32:24,11/8/2013,14:32:24,0.00,7.57,947.72,78.09,275
11/8/2013 14:32:54,11/8/2013,14:32:54,0.00,7.57,947.73,78.09,313
11/8/2013 14:33:24,11/8/2013,14:33:24,0.00,7.55,947.72,78.09,260
11/8/2013 14:33:54,11/8/2013,14:33:54,0.00,7.55,947.73,78.00,294
11/8/2013 14:34:24,11/8/2013,14:34:24,0.00,7.55,947.72,78.00,235
11/8/2013 14:34:54,11/8/2013,14:34:54,0.00,7.47,947.74,78.00,248
11/8/2013 14:35:24,11/8/2013,14:35:24,0.00,7.47,947.73,77.90,278
11/8/2013 14:35:54,11/8/2013,14:35:54,0.00,7.47,947.74,77.90,308
11/8/2013 14:36:24,11/8/2013,14:36:24,0.00,7.47,947.73,77.90,301
11/8/2013 14:36:54,11/8/2013,14:36:54,0.00,7.47,947.77,77.90,294
11/8/2013 14:37:24,11/8/2013,14:37:24,0.00,7.47,947.75,77.90,317
11/8/2013 14:37:54,11/8/2013,14:37:54,0.00,7.47,947.74,77.90,312
11/8/2013 14:38:24,11/8/2013,14:38:24,0.00,7.47,947.75,77.90,307
11/8/2013 14:38:54,11/8/2013,14:38:54,0.00,7.47,947.74,77.90,309
11/8/2013 14:39:24,11/8/2013,14:39:24,0.00,7.47,947.75,77.69,278
11/8/2013 14:39:54,11/8/2013,14:39:54,0.00,7.47,947.75,77.80,320
11/8/2013 14:40:24,11/8/2013,14:40:24,0.00,7.47,947.74,77.90,293
11/8/2013 14:40:54,11/8/2013,14:40:54,0.00,7.47,947.75,77.90,290
11/8/2013 14:41:24,11/8/2013,14:41:24,0.00,7.47,947.75,77.90,288
11/8/2013 14:41:54,11/8/2013,14:41:54,0.00,7.37,947.74,77.80,285
11/8/2013 14:42:24,11/8/2013,14:42:24,0.00,7.42,947.75,77.80,283
11/8/2013 14:42:54,11/8/2013,14:42:54,0.00,7.37,947.73,77.80,290
11/8/2013 14:43:24,11/8/2013,14:43:24,0.00,7.42,947.72,77.90,321
11/8/2013 14:43:54,11/8/2013,14:43:54,0.00,7.42,947.74,77.90,274
11/8/2013 14:44:24,11/8/2013,14:44:24,0.00,7.42,947.74,77.90,293
11/8/2013 14:44:54,11/8/2013,14:44:54,0.00,7.37,947.74,77.90,304
11/8/2013 14:45:24,11/8/2013,14:45:24,0.00,7.37,947.73,77.90,306
11/8/2013 14:45:54,11/8/2013,14:45:54,0.00,7.42,947.74,78.00,326
11/8/2013 14:46:24,11/8/2013,14:46:24,0.00,7.37,947.74,78.00,332
11/8/2013 14:46:54,11/8/2013,14:46:54,0.00,7.37,947.74,78.00,314
11/8/2013 14:47:24,11/8/2013,14:47:24,0.00,7.37,947.74,78.00,284
11/8/2013 14:47:54,11/8/2013,14:47:54,0.00,7.37,947.73,78.09,302
11/8/2013 14:48:24,11/8/2013,14:48:24,0.00,7.37,947.74,78.09,319
11/8/2013 14:48:54,11/8/2013,14:48:54,0.00,7.30,947.73,77.80,286
11/8/2013 14:49:24,11/8/2013,14:49:24,0.00,7.30,947.73,77.80,287
11/8/2013 14:49:54,11/8/2013,14:49:54,0.00,7.37,947.72,77.80,317
11/8/2013 14:50:24,11/8/2013,14:50:24,0.00,7.30,947.73,77.80,278
11/8/2013 14:50:54,11/8/2013,14:50:54,0.00,7.30,947.72,77.80,288
11/8/2013 14:51:24,11/8/2013,14:51:24,0.00,7.30,947.74,77.69,298
11/8/2013 14:51:54,11/8/2013,14:51:54,0.00,7.30,947.77,77.69,297
11/8/2013 14:52:24,11/8/2013,14:52:24,0.00,7.30,947.78,77.69,308
11/8/2013 14:52:54,11/8/2013,14:52:54,0.00,7.27,947.78,77.50,288
11/8/2013 14:53:24,11/8/2013,14:53:24,0.00,7.30,947.77,77.50,291
11/8/2013 14:53:54,11/8/2013,14:53:54,0.00,7.22,947.79,77.50,285
11/8/2013 14:54:24,11/8/2013,14:54:24,0.00,7.30,947.77,77.50,276
11/8/2013 14:54:54,11/8/2013,14:54:54,0.00,7.30,947.77,77.50,311
11/8/2013 14:55:24,11/8/2013,14:55:24,0.00,7.27,947.78,77.50,325
11/8/2013 14:55:54,11/8/2013,14:55:54,0.00,7.27,947.78,77.50,293
11/8/2013 14:56:24,11/8/2013,14:56:24,0.00,7.22,947.78,77.50,286
11/8/2013 14:56:54,11/8/2013,14:56:54,0.00,7.30,947.78,77.59,287
11/8/2013 14:57:24,11/8/2013,14:57:24,0.00,7.22,947.78,77.59,287
11/8/2013 14:57:54,11/8/2013,14:57:54,0.00,7.22,947.79,77.59,290
11/8/2013 14:58:24,11/8/2013,14:58:24,0.00,7.22,947.78,77.59,292
11/8/2013 14:58:54,11/8/2013,14:58:54,0.00,7.22,947.79,77.69,270
11/8/2013 14:59:24,11/8/2013,14:59:24,0.00,7.22,947.79,77.69,279
11/8/2013 14:59:54,11/8/2013,14:59:54,0.00,7.22,947.79,77.69,278
11/8/2013 15:00:24,11/8/2013,15:00:24,0.00,7.22,947.80,77.69,291
11/8/2013 15:00:54,11/8/2013,15:00:54,0.00,7.17,947.80,77.69,291
11/8/2013 15:01:24,11/8/2013,15:01:24,0.00,7.15,947.81,77.80,291
11/8/2013 15:01:54,11/8/2013,15:01:54,0.00,7.17,947.81,77.80,212
11/8/2013 15:02:24,11/8/2013,15:02:24,0.00,7.17,947.80,77.90,270
11/8/2013 15:02:54,11/8/2013,15:02:54,0.00,7.15,947.82,77.80,278
11/8/2013 15:03:24,11/8/2013,15:03:24,0.00,7.15,947.81,77.80,281
11/8/2013 15:03:54,11/8/2013,15:03:54,0.00,7.15,947.80,77.90,301
11/8/2013 15:04:24,11/8/2013,15:04:24,0.00,7.15,947.85,78.00,291
11/8/2013 15:04:54,11/8/2013,15:04:54,0.00,7.17,947.85,77.90,291
11/8/2013 15:05:24,11/8/2013,15:05:24,0.00,7.15,947.87,78.00,290
11/8/2013 15:05:54,11/8/2013,15:05:54,0.00,7.15,947.86,78.00,290
11/8/2013 15:06:24,11/8/2013,15:06:24,0.00,7.17,947.87,78.00,295
11/8/2013 15:06:54,11/8/2013,15:06:54,0.00,7.17,947.87,78.00,297
11/8/2013 15:07:24,11/8/2013,15:07:24,0.00,7.17,947.86,78.09,296
11/8/2013 15:07:54,11/8/2013,15:07:54,0.00,7.15,947.85,78.09,294
11/8/2013 15:08:24,11/8/2013,15:08:24,0.00,7.15,947.87,78.09,301
11/8/2013 15:08:54,11/8/2013,15:08:54,0.00,7.17,947.82,78.09,308
11/8/2013 15:09:24,11/8/2013,15:09:24,0.00,7.22,947.87,78.19,302
11/8/2013 15:09:54,11/8/2013,15:09:54,0.00,7.15,947.86,78.09,290
11/8/2013 15:10:24,11/8/2013,15:10:24,0.00,7.15,947.86,78.09,287
11/8/2013 15:10:54,11/8/2013,15:10:54,0.00,7.15,947.83,78.09,284
11/8/2013 15:11:24,11/8/2013,15:11:24,0.00,7.15,947.86,78.19,272
11/8/2013 15:11:54,11/8/2013,15:11:54,0.00,7.15,947.83,78.19,268
11/8/2013 15:12:24,11/8/2013,15:12:24,0.00,7.15,947.85,78.19,287
11/8/2013 15:12:54,11/8/2013,15:12:54,0.00,7.15,947.86,78.19,291
11/8/2013 15:13:24,11/8/2013,15:13:24,0.00,7.17,947.87,78.30,286
11/8/2013 15:13:54,11/8/2013,15:13:54,0.00,7.17,947.85,78.30,294
11/8/2013 15:14:24,11/8/2013,15:14:24,0.00,7.17,947.85,78.30,302
11/8/2013 15:14:54,11/8/2013,15:14:54,0.00,7.17,947.83,78.30,325
11/8/2013 15:15:24,11/8/2013,15:15:24,0.00,7.22,947.83,78.40,316
11/8/2013 15:15:54,11/8/2013,15:15:54,0.00,7.22,947.83,78.40,306
11/8/2013 15:16:24,11/8/2013,15:16:24,0.00,7.17,947.82,78.40,297
11/8/2013 15:16:54,11/8/2013,15:16:54,0.00,7.17,947.81,78.40,283
11/8/2013 15:17:24,11/8/2013,15:17:24,0.00,7.15,947.81,78.50,299
11/8/2013 15:17:54,11/8/2013,15:17:54,0.00,7.22,947.83,78.50,281
11/8/2013 15:18:24,11/8/2013,15:18:24,0.00,7.17,947.85,78.50,302
11/8/2013 15:18:54,11/8/2013,15:18:54,0.00,7.22,947.87,78.50,323
11/8/2013 15:19:24,11/8/2013,15:19:24,0.00,7.17,947.88,78.59,307
11/8/2013 15:19:54,11/8/2013,15:19:54,0.00,7.17,947.88,78.59,290
11/8/2013 15:20:24,11/8/2013,15:20:24,0.00,7.17,947.89,78.59,286
11/8/2013 15:20:54,11/8/2013,15:20:54,0.00,7.15,947.91,78.59,282
11/8/2013 15:21:24,11/8/2013,15:21:24,0.00,7.15,947.91,78.69,276
11/8/2013 15:21:54,11/8/2013,15:21:54,0.00,7.17,947.90,78.69,270
11/8/2013 15:22:24,11/8/2013,15:22:24,0.00,7.15,947.91,78.69,287
11/8/2013 15:22:54,11/8/2013,15:22:54,0.00,7.17,947.93,78.69,292
11/8/2013 15:23:24,11/8/2013,15:23:24,0.00,7.17,947.91,78.69,297
11/8/2013 15:23:54,11/8/2013,15:23:54,0.00,7.17,947.91,78.69,302
11/8/2013 15:24:24,11/8/2013,15:24:24,0.00,7.22,947.94,78.80,316
11/8/2013 15:24:54,11/8/2013,15:24:54,0.00,7.17,947.93,78.80,282
11/8/2013 15:25:24,11/8/2013,15:25:24,0.00,7.17,947.93,78.80,276
11/8/2013 15:25:54,11/8/2013,15:25:54,0.00,7.15,947.91,78.80,299
11/8/2013 15:26:24,11/8/2013,15:26:24,0.00,7.17,947.94,78.80,322
11/8/2013 15:26:54,11/8/2013,15:26:54,0.00,7.17,947.95,78.80,265
11/8/2013 15:27:24,11/8/2013,15:27:24,0.00,7.15,947.95,78.80,286
11/8/2013 15:27:54,11/8/2013,15:27:54,0.00,7.15,947.97,78.80,287
11/8/2013 15:28:24,11/8/2013,15:28:24,0.00,7.15,947.97,78.80,288
11/8/2013 15:28:54,11/8/2013,15:28:54,0.00,7.15,947.96,78.80,289
11/8/2013 15:29:24,11/8/2013,15:29:24,0.00,7.15,947.96,78.90,282
11/8/2013 15:29:54,11/8/2013,15:29:54,0.00,7.17,948.02,78.90,305
11/8/2013 15:30:24,11/8/2013,15:30:24,0.00,7.15,948.02,78.90,328
11/8/2013 15:30:54,11/8/2013,15:30:54,0.00,7.17,948.05,78.90,286
11/8/2013 15:31:24,11/8/2013,15:31:24,0.00,7.17,948.06,78.90,287
11/8/2013 15:31:54,11/8/2013,15:31:54,0.00,7.15,948.07,78.90,287
11/8/2013 15:32:24,11/8/2013,15:32:24,0.00,7.17,948.08,78.90,280
11/8/2013 15:32:54,11/8/2013,15:32:54,0.00,7.15,948.10,78.90,294
11/8/2013 15:33:24,11/8/2013,15:33:24,0.00,7.15,948.11,78.90,297
11/8/2013 15:33:54,11/8/2013,15:33:54,0.00,7.15,948.12,78.90,299
11/8/2013 15:34:24,11/8/2013,15:34:24,0.00,7.15,948.11,79.00,311
11/8/2013 15:34:54,11/8/2013,15:34:54,0.00,7.15,948.14,79.00,296
11/8/2013 15:35:24,11/8/2013,15:35:24,0.00,7.15,948.13,78.90,280
11/8/2013 15:35:54,11/8/2013,15:35:54,0.00,7.15,948.13,79.00,285
11/8/2013 15:36:24,11/8/2013,15:36:24,0.00,7.22,948.14,79.00,270
11/8/2013 15:36:54,11/8/2013,15:36:54,0.00,7.15,948.15,79.00,290
11/8/2013 15:37:24,11/8/2013,15:37:24,0.00,7.15,948.16,79.00,309
11/8/2013 15:37:54,11/8/2013,15:37:54,0.00,7.15,948.13,79.00,329
11/8/2013 15:38:24,11/8/2013,15:38:24,0.00,7.17,948.14,79.00,313
11/8/2013 15:38:54,11/8/2013,15:38:54,0.00,7.15,948.13,79.00,296
11/8/2013 15:39:24,11/8/2013,15:39:24,0.00,7.15,948.12,79.00,280
11/8/2013 15:39:54,11/8/2013,15:39:54,0.00,7.15,948.11,79.00,283
11/8/2013 15:40:24,11/8/2013,15:40:24,0.00,7.15,948.08,79.00,285
11/8/2013 15:40:54,11/8/2013,15:40:54,0.00,7.15,948.05,79.00,286
11/8/2013 15:41:24,11/8/2013,15:41:24,0.00,7.09,948.04,79.00,287
11/8/2013 15:41:54,11/8/2013,15:41:54,0.00,7.09,948.04,79.00,281
11/8/2013 15:42:24,11/8/2013,15:42:24,0.00,7.09,948.04,79.00,281
11/8/2013 15:42:54,11/8/2013,15:42:54,0.00,7.15,948.05,79.00,319
11/8/2013 15:43:24,11/8/2013,15:43:24,0.00,7.15,948.04,79.00,321
11/8/2013 15:43:54,11/8/2013,15:43:54,0.00,7.15,948.04,79.00,355
11/8/2013 15:44:24,11/8/2013,15:44:24,0.00,7.09,948.04,79.00,272
11/8/2013 15:44:54,11/8/2013,15:44:54,0.00,7.15,948.04,79.00,286
11/8/2013 15:45:24,11/8/2013,15:45:24,0.00,7.09,948.05,79.00,286
11/8/2013 15:45:54,11/8/2013,15:45:54,0.00,7.07,948.07,79.00,294
11/8/2013 15:46:24,11/8/2013,15:46:24,0.00,7.07,948.07,78.90,280
11/8/2013 15:46:54,11/8/2013,15:46:54,0.00,7.07,948.06,78.90,278
11/8/2013 15:47:24,11/8/2013,15:47:24,0.00,7.07,948.07,78.90,290
11/8/2013 15:47:54,11/8/2013,15:47:54,0.00,7.07,948.10,78.80,296
11/8/2013 15:48:24,11/8/2013,15:48:24,0.00,7.07,948.10,78.80,287
11/8/2013 15:48:54,11/8/2013,15:48:54,0.00,7.07,948.10,78.80,283
11/8/2013 15:49:24,11/8/2013,15:49:24,0.00,7.02,948.10,78.80,294
11/8/2013 15:49:54,11/8/2013,15:49:54,0.00,7.07,948.08,78.80,288
11/8/2013 15:50:24,11/8/2013,15:50:24,0.00,7.07,948.10,78.80,290
11/8/2013 15:50:54,11/8/2013,15:50:54,0.00,7.07,948.10,78.90,322
11/8/2013 15:51:24,11/8/2013,15:51:24,0.00,7.07,948.08,78.90,273
11/8/2013 15:51:54,11/8/2013,15:51:54,0.00,7.02,948.07,78.80,296
11/8/2013 15:52:24,11/8/2013,15:52:24,0.00,7.02,948.07,78.80,283
11/8/2013 15:52:54,11/8/2013,15:52:54,0.00,7.02,948.08,78.80,29
11/8/2013 15:53:24,11/8/2013,15:53:24,0.00,7.07,948.06,78.90,288
11/8/2013 15:53:54,11/8/2013,15:53:54,0.00,7.07,948.05,78.90,294
11/8/2013 15:54:24,11/8/2013,15:54:24,0.00,7.02,948.05,78.90,307
11/8/2013 15:54:54,11/8/2013,15:54:54,0.00,7.02,948.08,78.90,319
11/8/2013 15:55:24,11/8/2013,15:55:24,0.00,7.07,948.08,78.90,317
11/8/2013 15:55:54,11/8/2013,15:55:54,0.00,7.02,948.10,79.00,293
11/8/2013 15:56:24,11/8/2013,15:56:24,0.00,7.07,948.11,79.00,282
11/8/2013 15:56:54,11/8/2013,15:56:54,0.00,7.00,948.13,79.00,279
11/8/2013 15:57:24,11/8/2013,15:57:24,0.00,7.00,948.15,79.00,272
11/8/2013 15:57:54,11/8/2013,15:57:54,0.00,7.00,948.15,79.00,270
11/8/2013 15:58:24,11/8/2013,15:58:24,0.00,7.00,948.14,79.00,285
11/8/2013 15:58:54,11/8/2013,15:58:54,0.00,7.00,948.16,79.00,292
11/8/2013 15:59:24,11/8/2013,15:59:24,0.00,7.00,948.18,79.09,304
11/8/2013 15:59:54,11/8/2013,15:59:54,0.00,7.00,948.16,79.09,297
11/8/2013 16:00:24,11/8/2013,16:00:24,0.00,7.00,948.16,79.09,301
11/8/2013 16:00:54,11/8/2013,16:00:54,0.00,7.00,948.16,79.19,279
11/8/2013 16:01:24,11/8/2013,16:01:24,0.00,7.00,948.16,79.09,297
11/8/2013 16:01:54,11/8/2013,16:01:54,0.00,7.00,948.19,79.19,282
11/8/2013 16:02:24,11/8/2013,16:02:24,0.00,7.00,948.20,79.19,293
11/8/2013 16:02:54,11/8/2013,16:02:54,0.00,7.00,948.22,79.30,269
11/8/2013 16:03:24,11/8/2013,16:03:24,0.00,6.94,948.26,79.19,297
11/8/2013 16:03:54,11/8/2013,16:03:54,0.00,7.00,948.29,79.30,296
11/8/2013 16:04:24,11/8/2013,16:04:24,0.00,7.00,948.30,79.30,289
11/8/2013 16:04:54,11/8/2013,16:04:54,0.00,7.00,948.34,79.30,287
11/8/2013 16:05:24,11/8/2013,16:05:24,0.00,7.00,948.34,79.40,293
11/8/2013 16:05:54,11/8/2013,16:05:54,0.00,7.00,948.35,79.30,290
11/8/2013 16:06:24,11/8/2013,16:06:24,0.00,7.00,948.35,79.40,325
11/8/2013 16:06:54,11/8/2013,16:06:54,0.00,7.00,948.35,79.40,298
11/8/2013 16:07:24,11/8/2013,16:07:24,0.00,7.00,948.37,79.40,282
11/8/2013 16:07:54,11/8/2013,16:07:54,0.00,7.02,948.38,79.40,290
11/8/2013 16:08:24,11/8/2013,16:08:24,0.00,7.00,948.37,79.40,289
11/8/2013 16:08:54,11/8/2013,16:08:54,0.00,7.02,948.38,79.50,267
11/8/2013 16:09:24,11/8/2013,16:09:24,0.00,7.02,948.38,79.50,284
11/8/2013 16:09:54,11/8/2013,16:09:54,0.00,7.07,948.39,79.50,315
11/8/2013 16:10:24,11/8/2013,16:10:24,0.00,7.07,948.40,79.50,291
11/8/2013 16:10:54,11/8/2013,16:10:54,0.00,7.07,948.40,79.59,317
11/8/2013 16:11:24,11/8/2013,16:11:24,0.00,7.07,948.40,79.59,308
11/8/2013 16:11:54,11/8/2013,16:11:54,0.00,7.09,948.40,79.59,346
11/8/2013 16:12:24,11/8/2013,16:12:24,0.00,7.07,948.40,79.59,263
11/8/2013 16:12:54,11/8/2013,16:12:54,0.00,7.07,948.40,79.59,311
11/8/2013 16:13:24,11/8/2013,16:13:24,0.00,7.07,948.39,79.59,281
11/8/2013 16:13:54,11/8/2013,16:13:54,0.00,7.07,948.40,79.59,283
11/8/2013 16:14:24,11/8/2013,16:14:24,0.00,7.02,948.40,79.59,285
11/8/2013 16:14:54,11/8/2013,16:14:54,0.00,7.02,948.39,79.59,287
11/8/2013 16:15:24,11/8/2013,16:15:24,0.00,7.07,948.41,79.69,288
11/8/2013 16:15:54,11/8/2013,16:15:54,0.00,7.07,948.43,79.69,290
11/8/2013 16:16:24,11/8/2013,16:16:24,0.00,7.00,948.45,79.69,290
11/8/2013 16:16:54,11/8/2013,16:16:54,0.00,7.00,948.47,79.69,285
11/8/2013 16:17:24,11/8/2013,16:17:24,0.00,7.02,948.46,79.69,283
11/8/2013 16:17:54,11/8/2013,16:17:54,0.00,7.00,948.46,79.69,287
11/8/2013 16:18:24,11/8/2013,16:18:24,0.00,7.00,948.47,79.69,290
11/8/2013 16:18:54,11/8/2013,16:18:54,0.00,7.00,948.47,79.69,271
11/8/2013 16:19:24,11/8/2013,16:19:24,0.00,7.00,948.47,79.69,318
11/8/2013 16:19:54,11/8/2013,16:19:54,0.00,7.00,948.49,79.80,308
11/8/2013 16:20:24,11/8/2013,16:20:24,0.00,7.00,948.47,79.80,297
11/8/2013 16:20:54,11/8/2013,16:20:54,0.00,7.00,948.47,79.80,284
11/8/2013 16:21:24,11/8/2013,16:21:24,0.00,7.00,948.51,79.80,268
11/8/2013 16:21:54,11/8/2013,16:21:54,0.00,7.00,948.49,79.80,253
11/8/2013 16:22:24,11/8/2013,16:22:24,0.00,7.00,948.51,79.80,279
11/8/2013 16:22:54,11/8/2013,16:22:54,0.00,7.00,948.51,79.80,281
11/8/2013 16:23:24,11/8/2013,16:23:24,0.00,6.94,948.53,79.80,285
11/8/2013 16:23:54,11/8/2013,16:23:54,0.00,7.00,948.55,79.80,289
11/8/2013 16:24:24,11/8/2013,16:24:24,0.00,7.00,948.56,79.90,290
11/8/2013 16:24:54,11/8/2013,16:24:54,0.00,7.00,948.57,79.80,301
11/8/2013 16:25:24,11/8/2013,16:25:24,0.00,7.00,948.56,79.90,297
11/8/2013 16:25:54,11/8/2013,16:25:54,0.00,7.00,948.56,79.90,292
11/8/2013 16:26:24,11/8/2013,16:26:24,0.00,7.00,948.56,79.90,269
11/8/2013 16:26:54,11/8/2013,16:26:54,0.00,7.00,948.56,79.90,276
11/8/2013 16:27:24,11/8/2013,16:27:24,0.00,7.00,948.56,79.90,298
11/8/2013 16:27:54,11/8/2013,16:27:54,0.00,7.00,948.56,79.90,320
11/8/2013 16:28:24,11/8/2013,16:28:24,0.00,7.00,948.56,79.90,285
11/8/2013 16:28:54,11/8/2013,16:28:54,0.00,7.00,948.54,79.90,286
11/8/2013 16:29:24,11/8/2013,16:29:24,0.00,7.00,948.56,79.90,289
11/8/2013 16:29:54,11/8/2013,16:29:54,0.00,7.00,948.55,79.90,292
11/8/2013 16:30:24,11/8/2013,16:30:24,0.00,7.02,948.56,79.90,283
11/8/2013 16:30:54,11/8/2013,16:30:54,0.00,7.00,948.56,79.90,226
11/8/2013 16:31:24,11/8/2013,16:31:24,0.00,7.02,948.54,79.90,262
11/8/2013 16:31:54,11/8/2013,16:31:54,0.00,7.00,948.54,79.90,298
11/8/2013 16:32:24,11/8/2013,16:32:24,0.00,7.07,948.53,79.90,278
11/8/2013 16:32:54,11/8/2013,16:32:54,0.00,7.02,948.52,79.90,250
11/8/2013 16:33:24,11/8/2013,16:33:24,0.00,7.02,948.51,79.90,223
11/8/2013 16:33:54,11/8/2013,16:33:54,0.00,7.02,948.53,79.90,259
11/8/2013 16:34:24,11/8/2013,16:34:24,0.00,7.07,948.53,79.90,294
11/8/2013 16:34:54,11/8/2013,16:34:54,0.00,7.02,948.53,79.90,292
11/8/2013 16:35:24,11/8/2013,16:35:24,0.00,7.07,948.52,79.90,289
11/8/2013 16:35:54,11/8/2013,16:35:54,0.00,7.02,948.53,79.90,291
11/8/2013 16:36:24,11/8/2013,16:36:24,0.00,7.07,948.54,80.00,282
11/8/2013 16:36:54,11/8/2013,16:36:54,0.00,7.07,948.54,80.00,286
11/8/2013 16:37:24,11/8/2013,16:37:24,0.00,7.07,948.53,80.00,329
11/8/2013 16:37:54,11/8/2013,16:37:54,0.00,7.07,948.53,80.00,310
11/8/2013 16:38:24,11/8/2013,16:38:24,0.00,7.07,948.54,80.00,291
11/8/2013 16:38:54,11/8/2013,16:38:54,0.00,7.07,948.53,80.00,295
11/8/2013 16:39:24,11/8/2013,16:39:24,0.00,7.07,948.54,80.00,338
11/8/2013 16:39:54,11/8/2013,16:39:54,0.00,7.07,948.56,80.00,321
11/8/2013 16:40:24,11/8/2013,16:40:24,0.00,7.07,948.57,80.00,305
11/8/2013 16:40:54,11/8/2013,16:40:54,0.00,7.02,948.55,80.09,335
11/8/2013 16:41:24,11/8/2013,16:41:24,0.00,7.02,948.54,80.09,311
11/8/2013 16:41:54,11/8/2013,16:41:54,0.00,7.02,948.54,80.09,313
11/8/2013 16:42:24,11/8/2013,16:42:24,0.00,7.00,948.53,80.09,273
11/8/2013 16:42:54,11/8/2013,16:42:54,0.00,7.00,948.53,80.09,292
11/8/2013 16:43:24,11/8/2013,16:43:24,0.00,7.00,948.53,80.09,310
11/8/2013 16:43:54,11/8/2013,16:43:54,0.00,7.00,948.53,80.09,329
11/8/2013 16:44:24,11/8/2013,16:44:24,0.00,7.00,948.52,80.09,305
11/8/2013 16:44:54,11/8/2013,16:44:54,0.00,7.00,948.52,80.09,276
11/8/2013 16:45:24,11/8/2013,16:45:24,0.00,6.94,948.51,80.09,313
11/8/2013 16:45:54,11/8/2013,16:45:54,0.00,6.94,948.48,80.09,286
11/8/2013 16:46:24,11/8/2013,16:46:24,0.00,6.90,948.47,80.09,280
11/8/2013 16:46:54,11/8/2013,16:46:54,0.00,6.90,948.49,80.09,274
11/8/2013 16:47:24,11/8/2013,16:47:24,0.00,6.90,948.48,80.09,281
11/8/2013 16:47:54,11/8/2013,16:47:54,0.00,6.90,948.49,80.09,297
11/8/2013 16:48:24,11/8/2013,16:48:24,0.00,6.87,948.51,80.19,298
11/8/2013 16:48:54,11/8/2013,16:48:54,0.00,6.82,948.51,80.19,302
11/8/2013 16:49:24,11/8/2013,16:49:24,0.00,6.82,948.53,80.19,299
11/8/2013 16:49:54,11/8/2013,16:49:54,0.00,6.82,948.53,80.19,290
11/8/2013 16:50:24,11/8/2013,16:50:24,0.00,6.82,948.53,80.19,285
11/8/2013 16:50:54,11/8/2013,16:50:54,0.00,6.82,948.53,80.19,286
11/8/2013 16:51:24,11/8/2013,16:51:24,0.00,6.82,948.51,80.19,352
11/8/2013 16:51:54,11/8/2013,16:51:54,0.00,6.82,948.52,80.30,308
11/8/2013 16:52:24,11/8/2013,16:52:24,0.00,6.80,948.53,80.19,305
11/8/2013 16:52:54,11/8/2013,16:52:54,0.00,6.80,948.53,80.19,277
11/8/2013 16:53:24,11/8/2013,16:53:24,0.00,6.75,948.54,80.30,283
11/8/2013 16:53:54,11/8/2013,16:53:54,0.00,6.75,948.56,80.30,289
11/8/2013 16:54:24,11/8/2013,16:54:24,0.00,6.75,948.57,80.30,292
11/8/2013 16:54:54,11/8/2013,16:54:54,0.00,6.80,948.57,80.30,326
11/8/2013 16:55:24,11/8/2013,16:55:24,0.00,6.82,948.55,80.30,313
11/8/2013 16:55:54,11/8/2013,16:55:54,0.00,6.75,948.54,80.40,301
11/8/2013 16:56:24,11/8/2013,16:56:24,0.00,6.75,948.56,80.40,288
11/8/2013 16:56:54,11/8/2013,16:56:54,0.00,6.75,948.59,80.40,317
11/8/2013 16:57:24,11/8/2013,16:57:24,0.00,6.75,948.60,80.40,307
11/8/2013 16:57:54,11/8/2013,16:57:54,0.00,6.75,948.57,80.40,307
11/8/2013 16:58:24,11/8/2013,16:58:24,0.00,6.69,948.56,80.40,288
11/8/2013 16:58:54,11/8/2013,16:58:54,0.00,6.69,948.57,80.40,312
11/8/2013 16:59:24,11/8/2013,16:59:24,0.00,6.69,948.56,80.40,312
11/8/2013 16:59:54,11/8/2013,16:59:54,0.00,6.69,948.60,80.40,304
11/8/2013 17:00:24,11/8/2013,17:00:24,0.00,6.67,948.62,80.50,316
11/8/2013 17:00:54,11/8/2013,17:00:54,0.00,6.67,948.62,80.50,329
11/8/2013 17:01:24,11/8/2013,17:01:24,0.00,6.67,948.62,80.50,341
11/8/2013 17:01:54,11/8/2013,17:01:54,0.00,6.67,948.63,80.50,305
11/8/2013 17:02:24,11/8/2013,17:02:24,0.00,6.62,948.63,80.50,301
11/8/2013 17:02:54,11/8/2013,17:02:54,0.00,6.62,948.63,80.50,297
11/8/2013 17:03:24,11/8/2013,17:03:24,0.00,6.59,948.61,80.50,292
11/8/2013 17:03:54,11/8/2013,17:03:54,0.00,6.59,948.62,80.50,288
11/8/2013 17:04:24,11/8/2013,17:04:24,0.00,6.59,948.62,80.50,328
11/8/2013 17:04:54,11/8/2013,17:04:54,0.00,6.59,948.64,80.50,324
11/8/2013 17:05:24,11/8/2013,17:05:24,0.00,6.59,948.64,80.59,325
11/8/2013 17:05:54,11/8/2013,17:05:54,0.00,6.59,948.64,80.50,280
11/8/2013 17:06:24,11/8/2013,17:06:24,0.00,6.55,948.67,80.59,288
11/8/2013 17:06:54,11/8/2013,17:06:54,0.00,6.52,948.68,80.59,313
11/8/2013 17:07:24,11/8/2013,17:07:24,0.00,6.52,948.67,80.59,358
11/8/2013 17:07:54,11/8/2013,17:07:54,0.00,6.52,948.69,80.59,314
11/8/2013 17:08:24,11/8/2013,17:08:24,0.00,6.55,948.69,80.59,305
11/8/2013 17:08:54,11/8/2013,17:08:54,0.00,6.52,948.70,80.69,297
11/8/2013 17:09:24,11/8/2013,17:09:24,0.00,6.52,948.72,80.69,288
11/8/2013 17:09:54,11/8/2013,17:09:54,0.00,6.47,948.72,80.69,293
11/8/2013 17:10:24,11/8/2013,17:10:24,0.00,6.52,948.73,80.69,280
11/8/2013 17:10:54,11/8/2013,17:10:54,0.00,6.47,948.76,80.69,266
11/8/2013 17:11:24,11/8/2013,17:11:24,0.00,6.47,948.75,80.69,288
11/8/2013 17:11:54,11/8/2013,17:11:54,0.00,6.47,948.78,80.69,324
11/8/2013 17:12:24,11/8/2013,17:12:24,0.00,6.47,948.81,80.69,304
11/8/2013 17:12:54,11/8/2013,17:12:54,0.00,6.52,948.84,80.80,303
11/8/2013 17:13:24,11/8/2013,17:13:24,0.00,6.47,948.86,80.80,301
11/8/2013 17:13:54,11/8/2013,17:13:54,0.00,6.52,948.88,80.80,299
11/8/2013 17:14:24,11/8/2013,17:14:24,0.00,6.42,948.89,80.80,300
11/8/2013 17:14:54,11/8/2013,17:14:54,0.00,6.42,948.87,80.80,320
11/8/2013 17:15:24,11/8/2013,17:15:24,0.00,6.47,948.87,80.80,281
11/8/2013 17:15:54,11/8/2013,17:15:54,0.00,6.42,948.89,80.80,330
11/8/2013 17:16:24,11/8/2013,17:16:24,0.00,6.42,948.92,80.80,323
11/8/2013 17:16:54,11/8/2013,17:16:54,0.00,6.42,948.93,80.90,317
11/8/2013 17:17:24,11/8/2013,17:17:24,0.00,6.42,948.92,80.90,310
11/8/2013 17:17:54,11/8/2013,17:17:54,0.00,6.42,948.92,80.90,304
11/8/2013 17:18:24,11/8/2013,17:18:24,0.00,6.42,948.90,80.90,297
11/8/2013 17:18:54,11/8/2013,17:18:54,0.00,6.42,948.88,80.90,291
11/8/2013 17:19:24,11/8/2013,17:19:24,0.00,6.42,948.88,80.90,284
11/8/2013 17:19:54,11/8/2013,17:19:54,0.00,6.42,948.88,80.90,284
11/8/2013 17:20:24,11/8/2013,17:20:24,0.00,6.40,948.87,80.90,26
11/8/2013 17:20:54,11/8/2013,17:20:54,0.00,6.42,948.87,81.00,0
11/8/2013 17:21:24,11/8/2013,17:21:24,0.00,6.42,948.86,81.00,357
11/8/2013 17:21:54,11/8/2013,17:21:54,0.00,6.42,948.84,81.00,289
11/8/2013 17:22:24,11/8/2013,17:22:24,0.00,6.42,948.81,81.00,297
11/8/2013 17:22:54,11/8/2013,17:22:54,0.00,6.42,948.82,81.00,347
11/8/2013 17:23:24,11/8/2013,17:23:24,0.00,6.42,948.81,81.00,345
11/8/2013 17:23:54,11/8/2013,17:23:54,0.00,6.40,948.81,81.00,340
11/8/2013 17:24:24,11/8/2013,17:24:24,0.00,6.40,948.81,81.00,346
11/8/2013 17:24:54,11/8/2013,17:24:54,0.00,6.42,948.82,81.00,349
11/8/2013 17:25:24,11/8/2013,17:25:24,0.00,6.34,948.85,81.00,348
11/8/2013 17:25:54,11/8/2013,17:25:54,0.00,6.40,948.86,81.00,302
11/8/2013 17:26:24,11/8/2013,17:26:24,0.00,6.40,948.88,81.09,298
11/8/2013 17:26:54,11/8/2013,17:26:54,0.00,6.34,948.87,81.09,309
11/8/2013 17:27:24,11/8/2013,17:27:24,0.00,6.40,948.92,81.09,304
11/8/2013 17:27:54,11/8/2013,17:27:54,0.00,6.34,948.93,81.09,294
11/8/2013 17:28:24,11/8/2013,17:28:24,0.00,6.34,948.94,81.09,318
11/8/2013 17:28:54,11/8/2013,17:28:54,0.00,6.34,948.96,81.09,329
11/8/2013 17:29:24,11/8/2013,17:29:24,0.00,6.34,948.95,81.09,329
11/8/2013 17:29:54,11/8/2013,17:29:54,0.00,6.34,948.98,81.09,336
11/8/2013 17:30:24,11/8/2013,17:30:24,0.00,6.34,948.97,81.09,332
11/8/2013 17:30:54,11/8/2013,17:30:54,0.00,6.34,949.00,81.19,334
11/8/2013 17:31:24,11/8/2013,17:31:24,0.00,6.32,949.01,81.19,335
11/8/2013 17:31:54,11/8/2013,17:31:54,0.00,6.32,949.03,81.19,329
11/8/2013 17:32:24,11/8/2013,17:32:24,0.00,6.27,949.03,81.19,335
11/8/2013 17:32:54,11/8/2013,17:32:54,0.00,6.27,949.03,81.19,331
11/8/2013 17:33:24,11/8/2013,17:33:24,0.00,6.32,949.04,81.19,310
11/8/2013 17:33:54,11/8/2013,17:33:54,0.00,6.27,949.03,81.19,311
11/8/2013 17:34:24,11/8/2013,17:34:24,0.00,6.32,949.01,81.19,337
11/8/2013 17:34:54,11/8/2013,17:34:54,0.00,6.32,949.04,81.30,331
11/8/2013 17:35:24,11/8/2013,17:35:24,0.00,6.32,949.02,81.30,7
11/8/2013 17:35:54,11/8/2013,17:35:54,0.00,6.32,949.03,81.30,359
11/8/2013 17:36:24,11/8/2013,17:36:24,0.00,6.32,949.04,81.30,347
11/8/2013 17:36:54,11/8/2013,17:36:54,0.00,6.32,949.05,81.30,299
11/8/2013 17:37:24,11/8/2013,17:37:24,0.00,6.27,949.04,81.30,335
11/8/2013 17:37:54,11/8/2013,17:37:54,0.00,6.32,949.04,81.30,330
11/8/2013 17:38:24,11/8/2013,17:38:24,0.00,6.32,949.02,81.30,342
11/8/2013 17:38:54,11/8/2013,17:38:54,0.00,6.34,949.03,81.30,358
11/8/2013 17:39:24,11/8/2013,17:39:24,0.00,6.34,949.02,81.30,339
11/8/2013 17:39:54,11/8/2013,17:39:54,0.00,6.34,949.03,81.40,347
11/8/2013 17:40:24,11/8/2013,17:40:24,0.00,6.32,949.03,81.40,355
11/8/2013 17:40:54,11/8/2013,17:40:54,0.00,6.34,949.04,81.40,326
11/8/2013 17:41:24,11/8/2013,17:41:24,0.00,6.32,949.04,81.40,310
11/8/2013 17:41:54,11/8/2013,17:41:54,0.00,6.34,949.04,81.40,308
11/8/2013 17:42:24,11/8/2013,17:42:24,0.00,6.34,949.04,81.40,9
11/8/2013 17:42:54,11/8/2013,17:42:54,0.00,6.34,949.06,81.40,1
11/8/2013 17:43:24,11/8/2013,17:43:24,0.00,6.34,949.09,81.40,358
11/8/2013 17:43:54,11/8/2013,17:43:54,0.00,6.34,949.08,81.40,323
11/8/2013 17:44:24,11/8/2013,17:44:24,0.00,6.34,949.05,81.40,350
11/8/2013 17:44:54,11/8/2013,17:44:54,0.00,6.34,949.04,81.40,35
11/8/2013 17:45:24,11/8/2013,17:45:24,0.00,6.32,949.04,81.40,337
11/8/2013 17:45:54,11/8/2013,17:45:54,0.00,6.34,949.04,81.40,337
11/8/2013 17:46:24,11/8/2013,17:46:24,0.00,6.34,949.04,81.40,338
11/8/2013 17:46:54,11/8/2013,17:46:54,0.00,6.34,949.06,81.40,333
11/8/2013 17:47:24,11/8/2013,17:47:24,0.00,6.32,949.09,81.40,338
11/8/2013 17:47:54,11/8/2013,17:47:54,0.00,6.32,949.09,81.40,344
11/8/2013 17:48:24,11/8/2013,17:48:24,0.00,6.34,949.08,81.50,349
11/8/2013 17:48:54,11/8/2013,17:48:54,0.00,6.34,949.08,81.50,312
11/8/2013 17:49:24,11/8/2013,17:49:24,0.00,6.34,949.08,81.50,286
11/8/2013 17:49:54,11/8/2013,17:49:54,0.00,6.34,949.09,81.50,321
11/8/2013 17:50:24,11/8/2013,17:50:24,0.00,6.34,949.12,81.50,335
11/8/2013 17:50:54,11/8/2013,17:50:54,0.00,6.34,949.12,81.50,345
11/8/2013 17:51:24,11/8/2013,17:51:24,0.00,6.34,949.13,81.50,337
11/8/2013 17:51:54,11/8/2013,17:51:54,0.00,6.34,949.13,81.50,330
11/8/2013 17:52:24,11/8/2013,17:52:24,0.00,6.34,949.13,81.50,342
11/8/2013 17:52:54,11/8/2013,17:52:54,0.00,6.34,949.14,81.50,56
11/8/2013 17:53:24,11/8/2013,17:53:24,0.00,6.32,949.14,81.50,55
11/8/2013 17:53:54,11/8/2013,17:53:54,0.00,6.32,949.16,81.50,43
11/8/2013 17:54:24,11/8/2013,17:54:24,0.00,6.27,949.17,81.50,44
11/8/2013 17:54:54,11/8/2013,17:54:54,0.00,6.27,949.17,81.50,348
11/8/2013 17:55:24,11/8/2013,17:55:24,0.00,6.27,949.18,81.50,341
11/8/2013 17:55:54,11/8/2013,17:55:54,0.00,6.27,949.17,81.50,341
11/8/2013 17:56:24,11/8/2013,17:56:24,0.00,6.27,949.16,81.50,284
11/8/2013 17:56:54,11/8/2013,17:56:54,0.00,6.22,949.17,81.50,306
11/8/2013 17:57:24,11/8/2013,17:57:24,0.00,6.19,949.20,81.50,317
11/8/2013 17:57:54,11/8/2013,17:57:54,0.00,6.19,949.22,81.50,341
11/8/2013 17:58:24,11/8/2013,17:58:24,0.00,6.19,949.26,81.50,339
11/8/2013 17:58:54,11/8/2013,17:58:54,0.00,6.19,949.27,81.59,334
11/8/2013 17:59:24,11/8/2013,17:59:24,0.00,6.19,949.30,81.59,339
11/8/2013 17:59:54,11/8/2013,17:59:54,0.00,6.15,949.29,81.59,333
11/8/2013 18:00:24,11/8/2013,18:00:24,0.00,6.12,949.30,81.59,332
11/8/2013 18:00:54,11/8/2013,18:00:54,0.00,6.12,949.34,81.50,332
11/8/2013 18:01:24,11/8/2013,18:01:24,0.00,6.12,949.33,81.59,301
11/8/2013 18:01:54,11/8/2013,18:01:54,0.00,6.12,949.33,81.59,353
11/8/2013 18:02:24,11/8/2013,18:02:24,0.00,6.12,949.35,81.59,349
11/8/2013 18:02:54,11/8/2013,18:02:54,0.00,6.12,949.36,81.59,344
11/8/2013 18:03:24,11/8/2013,18:03:24,0.00,6.12,949.38,81.69,279
11/8/2013 18:03:54,11/8/2013,18:03:54,0.00,6.12,949.37,81.59,321
11/8/2013 18:04:24,11/8/2013,18:04:24,0.00,6.12,949.38,81.69,281
11/8/2013 18:04:54,11/8/2013,18:04:54,0.00,6.12,949.38,81.69,300
11/8/2013 18:05:24,11/8/2013,18:05:24,0.00,6.05,949.38,81.69,337
11/8/2013 18:05:54,11/8/2013,18:05:54,0.00,6.05,949.38,81.69,334
11/8/2013 18:06:24,11/8/2013,18:06:24,0.00,6.05,949.41,81.69,357
11/8/2013 18:06:54,11/8/2013,18:06:54,0.00,6.05,949.41,81.69,278
11/8/2013 18:07:24,11/8/2013,18:07:24,0.00,6.05,949.44,81.69,319
11/8/2013 18:07:54,11/8/2013,18:07:54,0.00,6.05,949.46,81.69,298
11/8/2013 18:08:24,11/8/2013,18:08:24,0.00,6.05,949.44,81.69,310
11/8/2013 18:08:54,11/8/2013,18:08:54,0.00,6.00,949.45,81.69,313
11/8/2013 18:09:24,11/8/2013,18:09:24,0.00,6.00,949.46,81.69,359
11/8/2013 18:09:54,11/8/2013,18:09:54,0.00,5.94,949.49,81.80,320
11/8/2013 18:10:24,11/8/2013,18:10:24,0.00,5.94,949.51,81.80,315
11/8/2013 18:10:54,11/8/2013,18:10:54,0.00,5.94,949.52,81.69,315
11/8/2013 18:11:24,11/8/2013,18:11:24,0.00,5.94,949.53,81.69,318
11/8/2013 18:11:54,11/8/2013,18:11:54,0.00,5.92,949.55,81.80,0
11/8/2013 18:12:24,11/8/2013,18:12:24,0.00,5.92,949.57,81.80,319
11/8/2013 18:12:54,11/8/2013,18:12:54,0.00,5.87,949.59,81.80,12
11/8/2013 18:13:24,11/8/2013,18:13:24,0.00,5.87,949.60,81.80,10
11/8/2013 18:13:54,11/8/2013,18:13:54,0.00,5.87,949.61,81.80,17
11/8/2013 18:14:24,11/8/2013,18:14:24,0.00,5.87,949.60,81.80,17
11/8/2013 18:14:54,11/8/2013,18:14:54,0.00,5.87,949.62,81.80,339
11/8/2013 18:15:24,11/8/2013,18:15:24,0.00,5.87,949.62,81.80,0
11/8/2013 18:15:54,11/8/2013,18:15:54,0.00,5.84,949.63,81.80,297
11/8/2013 18:16:24,11/8/2013,18:16:24,0.00,5.84,949.62,81.80,164
11/8/2013 18:16:54,11/8/2013,18:16:54,0.00,5.84,949.62,81.90,30
11/8/2013 18:17:24,11/8/2013,18:17:24,0.00,5.87,949.62,81.90,324
11/8/2013 18:17:54,11/8/2013,18:17:54,0.00,5.87,949.63,81.90,345
11/8/2013 18:18:24,11/8/2013,18:18:24,0.00,5.87,949.66,81.90,9
11/8/2013 18:18:54,11/8/2013,18:18:54,0.00,5.92,949.67,81.90,16
11/8/2013 18:19:24,11/8/2013,18:19:24,0.00,5.92,949.70,82.00,26
11/8/2013 18:19:54,11/8/2013,18:19:54,0.00,5.87,949.71,81.90,8
11/8/2013 18:20:24,11/8/2013,18:20:24,0.00,5.87,949.71,81.90,24
11/8/2013 18:20:54,11/8/2013,18:20:54,0.00,5.87,949.74,81.90,28
11/8/2013 18:21:24,11/8/2013,18:21:24,0.00,5.87,949.70,81.90,334
11/8/2013 18:21:54,11/8/2013,18:21:54,0.00,5.87,949.69,81.90,359
11/8/2013 18:22:24,11/8/2013,18:22:24,0.00,5.92,949.70,82.00,3
11/8/2013 18:22:54,11/8/2013,18:22:54,0.00,5.87,949.71,81.90,99
11/8/2013 18:23:24,11/8/2013,18:23:24,0.00,5.92,949.74,82.00,293
11/8/2013 18:23:54,11/8/2013,18:23:54,0.00,5.94,949.73,82.00,293
11/8/2013 18:24:24,11/8/2013,18:24:24,0.00,5.92,949.73,82.00,40
11/8/2013 18:24:54,11/8/2013,18:24:54,0.00,5.94,949.75,82.00,336
11/8/2013 18:25:24,11/8/2013,18:25:24,0.00,5.94,949.74,82.00,335
11/8/2013 18:25:54,11/8/2013,18:25:54,0.00,5.94,949.74,82.00,335
11/8/2013 18:26:24,11/8/2013,18:26:24,0.00,5.94,949.75,82.00,33
11/8/2013 18:26:54,11/8/2013,18:26:54,0.00,5.94,949.75,82.00,35
11/8/2013 18:27:24,11/8/2013,18:27:24,0.00,5.87,949.74,82.00,34
11/8/2013 18:27:54,11/8/2013,18:27:54,0.00,5.92,949.75,82.00,29
11/8/2013 18:28:24,11/8/2013,18:28:24,0.00,5.87,949.77,82.00,7
11/8/2013 18:28:54,11/8/2013,18:28:54,0.00,5.87,949.76,82.00,9
11/8/2013 18:29:24,11/8/2013,18:29:24,0.00,5.87,949.75,82.00,7
11/8/2013 18:29:54,11/8/2013,18:29:54,0.00,5.87,949.75,82.00,58
11/8/2013 18:30:24,11/8/2013,18:30:24,0.00,5.87,949.75,82.00,51
11/8/2013 18:30:54,11/8/2013,18:30:54,0.00,5.87,949.77,82.00,295
11/8/2013 18:31:24,11/8/2013,18:31:24,0.00,5.87,949.76,82.09,339
11/8/2013 18:31:54,11/8/2013,18:31:54,0.00,5.87,949.78,82.00,343
11/8/2013 18:32:24,11/8/2013,18:32:24,0.00,5.87,949.80,82.09,343
11/8/2013 18:32:54,11/8/2013,18:32:54,0.00,5.84,949.78,82.09,3
11/8/2013 18:33:24,11/8/2013,18:33:24,0.00,5.84,949.77,82.09,2
11/8/2013 18:33:54,11/8/2013,18:33:54,0.00,5.84,949.77,82.09,15
11/8/2013 18:34:24,11/8/2013,18:34:24,0.00,5.80,949.75,82.09,18
11/8/2013 18:34:54,11/8/2013,18:34:54,0.00,5.80,949.74,82.09,46
11/8/2013 18:35:24,11/8/2013,18:35:24,0.00,5.72,949.76,82.00,40
11/8/2013 18:35:54,11/8/2013,18:35:54,0.00,5.72,949.79,82.00,320
11/8/2013 18:36:24,11/8/2013,18:36:24,0.00,5.72,949.80,82.00,3
11/8/2013 18:36:54,11/8/2013,18:36:54,0.00,5.72,949.83,82.00,355
11/8/2013 18:37:24,11/8/2013,18:37:24,0.00,5.72,949.83,82.00,1
11/8/2013 18:37:54,11/8/2013,18:37:54,0.00,5.67,949.86,82.09,2
11/8/2013 18:38:24,11/8/2013,18:38:24,0.00,5.67,949.87,82.09,2
11/8/2013 18:38:54,11/8/2013,18:38:54,0.00,5.67,949.88,82.09,359
11/8/2013 18:39:24,11/8/2013,18:39:24,0.00,5.65,949.87,82.09,1
11/8/2013 18:39:54,11/8/2013,18:39:54,0.00,5.65,949.87,82.09,4
11/8/2013 18:40:24,11/8/2013,18:40:24,0.00,5.65,949.87,82.09,6
11/8/2013 18:40:54,11/8/2013,18:40:54,0.00,5.65,949.90,82.09,0
11/8/2013 18:41:24,11/8/2013,18:41:24,0.00,5.67,949.91,82.09,338
11/8/2013 18:41:54,11/8/2013,18:41:54,0.00,5.65,949.93,82.09,10
11/8/2013 18:42:24,11/8/2013,18:42:24,0.00,5.67,949.95,82.09,3
11/8/2013 18:42:54,11/8/2013,18:42:54,0.00,5.67,949.98,82.09,4
11/8/2013 18:43:24,11/8/2013,18:43:24,0.00,5.65,949.98,82.09,5
11/8/2013 18:43:54,11/8/2013,18:43:54,0.00,5.65,949.99,82.09,2
11/8/2013 18:44:24,11/8/2013,18:44:24,0.00,5.65,950.03,82.09,5
11/8/2013 18:44:54,11/8/2013,18:44:54,0.00,5.65,950.06,82.09,7
11/8/2013 18:45:24,11/8/2013,18:45:24,0.00,5.65,950.06,82.09,8
11/8/2013 18:45:54,11/8/2013,18:45:54,0.00,5.59,950.08,82.09,1
11/8/2013 18:46:24,11/8/2013,18:46:24,0.00,5.57,950.09,82.09,5
11/8/2013 18:46:54,11/8/2013,18:46:54,0.00,5.57,950.09,82.19,1
11/8/2013 18:47:24,11/8/2013,18:47:24,0.00,5.57,950.12,82.19,2
11/8/2013 18:47:54,11/8/2013,18:47:54,0.00,5.57,950.12,82.19,353
11/8/2013 18:48:24,11/8/2013,18:48:24,0.00,5.57,950.12,82.19,47
11/8/2013 18:48:54,11/8/2013,18:48:54,0.00,5.57,950.11,82.19,49
11/8/2013 18:49:24,11/8/2013,18:49:24,0.00,5.47,950.12,82.09,52
11/8/2013 18:49:54,11/8/2013,18:49:54,0.00,5.44,950.14,82.09,56
11/8/2013 18:50:24,11/8/2013,18:50:24,0.00,5.44,950.16,82.09,54
11/8/2013 18:50:54,11/8/2013,18:50:54,0.00,5.40,950.17,82.09,54
11/8/2013 18:51:24,11/8/2013,18:51:24,0.00,5.37,950.18,82.09,54
11/8/2013 18:51:54,11/8/2013,18:51:54,0.00,5.32,950.19,82.09,54
11/8/2013 18:52:24,11/8/2013,18:52:24,0.00,5.32,950.19,82.09,54
11/8/2013 18:52:54,11/8/2013,18:52:54,0.00,5.32,950.19,82.09,54
11/8/2013 18:53:24,11/8/2013,18:53:24,0.00,5.32,950.19,82.09,54
11/8/2013 18:53:54,11/8/2013,18:53:54,0.00,5.27,950.20,82.09,67
11/8/2013 18:54:24,11/8/2013,18:54:24,0.00,5.27,950.23,82.09,329
11/8/2013 18:54:54,11/8/2013,18:54:54,0.00,5.27,950.26,82.19,16
11/8/2013 18:55:24,11/8/2013,18:55:24,0.00,5.27,950.27,82.19,24
11/8/2013 18:55:54,11/8/2013,18:55:54,0.00,5.25,950.28,82.09,0
11/8/2013 18:56:24,11/8/2013,18:56:24,0.00,5.27,950.30,82.19,359
11/8/2013 18:56:54,11/8/2013,18:56:54,0.00,5.32,950.31,82.19,16
11/8/2013 18:57:24,11/8/2013,18:57:24,0.00,5.32,950.31,82.30,38
11/8/2013 18:57:54,11/8/2013,18:57:54,0.00,5.27,950.31,82.19,48
11/8/2013 18:58:24,11/8/2013,18:58:24,0.00,5.25,950.33,82.19,19
11/8/2013 18:58:54,11/8/2013,18:58:54,0.00,5.25,950.33,82.19,20
11/8/2013 18:59:24,11/8/2013,18:59:24,0.00,5.25,950.34,82.19,23
11/8/2013 18:59:54,11/8/2013,18:59:54,0.00,5.25,950.38,82.19,350
11/8/2013 19:00:24,11/8/2013,19:00:24,0.00,5.25,950.39,82.30,358
11/8/2013 19:00:54,11/8/2013,19:00:54,0.00,5.32,950.39,82.30,350
11/8/2013 19:01:24,11/8/2013,19:01:24,0.00,5.32,950.42,82.30,330
11/8/2013 19:01:54,11/8/2013,19:01:54,0.00,5.37,950.43,82.30,328
11/8/2013 19:02:24,11/8/2013,19:02:24,0.00,5.44,950.44,82.40,331
11/8/2013 19:02:54,11/8/2013,19:02:54,0.00,5.44,950.44,82.40,39
11/8/2013 19:03:24,11/8/2013,19:03:24,0.00,5.40,950.44,82.40,345
11/8/2013 19:03:54,11/8/2013,19:03:54,0.00,5.40,950.44,82.30,0
11/8/2013 19:04:24,11/8/2013,19:04:24,0.00,5.44,950.43,82.40,0
11/8/2013 19:04:54,11/8/2013,19:04:54,0.00,5.47,950.42,82.40,0
11/8/2013 19:05:24,11/8/2013,19:05:24,0.00,5.47,950.44,82.40,306
11/8/2013 19:05:54,11/8/2013,19:05:54,0.00,5.52,950.45,82.40,318
11/8/2013 19:06:24,11/8/2013,19:06:24,0.00,5.57,950.48,82.40,317
11/8/2013 19:06:54,11/8/2013,19:06:54,0.00,5.57,950.50,82.50,319
11/8/2013 19:07:24,11/8/2013,19:07:24,0.00,5.59,950.51,82.50,300
11/8/2013 19:07:54,11/8/2013,19:07:54,0.00,5.65,950.55,82.50,302
11/8/2013 19:08:24,11/8/2013,19:08:24,0.00,5.65,950.53,82.50,311
11/8/2013 19:08:54,11/8/2013,19:08:54,0.00,5.67,950.52,82.50,302
11/8/2013 19:09:24,11/8/2013,19:09:24,0.00,5.67,950.52,82.50,302
11/8/2013 19:09:54,11/8/2013,19:09:54,0.00,5.67,950.51,82.50,304
11/8/2013 19:10:24,11/8/2013,19:10:24,0.00,5.72,950.52,82.50,301
11/8/2013 19:10:54,11/8/2013,19:10:54,0.00,5.72,950.50,82.50,299
11/8/2013 19:11:24,11/8/2013,19:11:24,0.00,5.72,950.50,82.50,276
11/8/2013 19:11:54,11/8/2013,19:11:54,0.00,5.72,950.50,82.50,305
11/8/2013 19:12:24,11/8/2013,19:12:24,0.00,5.75,950.49,82.50,305
11/8/2013 19:12:54,11/8/2013,19:12:54,0.00,5.80,950.49,82.59,320
11/8/2013 19:13:24,11/8/2013,19:13:24,0.00,5.75,950.49,82.50,2
11/8/2013 19:13:54,11/8/2013,19:13:54,0.00,5.80,950.47,82.59,2
11/8/2013 19:14:24,11/8/2013,19:14:24,0.00,5.80,950.43,82.59,6
11/8/2013 19:14:54,11/8/2013,19:14:54,0.00,5.80,950.39,82.59,43
11/8/2013 19:15:24,11/8/2013,19:15:24,0.00,5.84,950.38,82.59,68
11/8/2013 19:15:54,11/8/2013,19:15:54,0.00,5.80,950.39,82.59,187
11/8/2013 19:16:24,11/8/2013,19:16:24,0.00,5.84,950.42,82.59,305
11/8/2013 19:16:54,11/8/2013,19:16:54,0.00,5.84,950.43,82.59,330
11/8/2013 19:17:24,11/8/2013,19:17:24,0.00,5.84,950.40,82.59,355
11/8/2013 19:17:54,11/8/2013,19:17:54,0.00,5.87,950.40,82.59,321
11/8/2013 19:18:24,11/8/2013,19:18:24,0.00,5.84,950.38,82.59,326
11/8/2013 19:18:54,11/8/2013,19:18:54,0.00,5.84,950.38,82.59,306
11/8/2013 19:19:24,11/8/2013,19:19:24,0.00,5.87,950.41,82.59,294
11/8/2013 19:19:54,11/8/2013,19:19:54,0.00,5.84,950.43,82.59,300
11/8/2013 19:20:24,11/8/2013,19:20:24,0.00,5.84,950.48,82.59,308
11/8/2013 19:20:54,11/8/2013,19:20:54,0.00,5.80,950.48,82.59,307
11/8/2013 19:21:24,11/8/2013,19:21:24,0.00,5.80,950.45,82.59,326
11/8/2013 19:21:54,11/8/2013,19:21:54,0.00,5.80,950.43,82.59,338
11/8/2013 19:22:24,11/8/2013,19:22:24,0.00,5.80,950.42,82.59,328
11/8/2013 19:22:54,11/8/2013,19:22:54,0.00,5.80,950.44,82.69,318
11/8/2013 19:23:24,11/8/2013,19:23:24,0.00,5.80,950.45,82.69,302
11/8/2013 19:23:54,11/8/2013,19:23:54,0.00,5.80,950.44,82.69,291
11/8/2013 19:24:24,11/8/2013,19:24:24,0.00,5.80,950.45,82.69,288
11/8/2013 19:24:54,11/8/2013,19:24:54,0.00,5.80,950.48,82.69,291
11/8/2013 19:25:24,11/8/2013,19:25:24,0.00,5.80,950.45,82.69,303
11/8/2013 19:25:54,11/8/2013,19:25:54,0.00,5.80,950.45,82.69,307
11/8/2013 19:26:24,11/8/2013,19:26:24,0.00,5.75,950.47,82.69,335
11/8/2013 19:26:54,11/8/2013,19:26:54,0.00,5.75,950.45,82.69,334
11/8/2013 19:27:24,11/8/2013,19:27:24,0.00,5.75,950.45,82.69,314
11/8/2013 19:27:54,11/8/2013,19:27:54,0.00,5.72,950.45,82.69,279
11/8/2013 19:28:24,11/8/2013,19:28:24,0.00,5.72,950.44,82.69,330
11/8/2013 19:28:54,11/8/2013,19:28:54,0.00,5.72,950.44,82.69,276
11/8/2013 19:29:24,11/8/2013,19:29:24,0.00,5.72,950.44,82.80,300
11/8/2013 19:29:54,11/8/2013,19:29:54,0.00,5.72,950.41,82.80,287
11/8/2013 19:30:24,11/8/2013,19:30:24,0.00,5.72,950.42,82.80,311
11/8/2013 19:30:54,11/8/2013,19:30:54,0.00,5.72,950.44,82.80,287
11/8/2013 19:31:24,11/8/2013,19:31:24,0.00,5.72,950.48,82.90,301
11/8/2013 19:31:54,11/8/2013,19:31:54,0.00,5.72,950.52,82.90,287
11/8/2013 19:32:24,11/8/2013,19:32:24,0.00,5.72,950.52,82.80,291
11/8/2013 19:32:54,11/8/2013,19:32:54,0.00,5.67,950.53,82.90,293
11/8/2013 19:33:24,11/8/2013,19:33:24,0.00,5.65,950.53,82.80,297
11/8/2013 19:33:54,11/8/2013,19:33:54,0.00,5.65,950.53,82.80,297
11/8/2013 19:34:24,11/8/2013,19:34:24,0.00,5.65,950.59,82.80,290
11/8/2013 19:34:54,11/8/2013,19:34:54,0.00,5.65,950.60,82.80,281
11/8/2013 19:35:24,11/8/2013,19:35:24,0.00,5.65,950.61,82.90,280
11/8/2013 19:35:54,11/8/2013,19:35:54,0.00,5.65,950.60,82.90,296
11/8/2013 19:36:24,11/8/2013,19:36:24,0.00,5.65,950.64,82.90,286
11/8/2013 19:36:54,11/8/2013,19:36:54,0.00,5.65,950.65,82.90,291
11/8/2013 19:37:24,11/8/2013,19:37:24,0.00,5.59,950.65,82.90,284
11/8/2013 19:37:54,11/8/2013,19:37:54,0.00,5.65,950.66,83.00,299
11/8/2013 19:38:24,11/8/2013,19:38:24,0.00,5.65,950.68,83.00,288
11/8/2013 19:38:54,11/8/2013,19:38:54,0.00,5.59,950.71,83.00,313
11/8/2013 19:39:24,11/8/2013,19:39:24,0.00,5.65,950.73,83.00,289
11/8/2013 19:39:54,11/8/2013,19:39:54,0.00,5.65,950.76,83.00,288
11/8/2013 19:40:24,11/8/2013,19:40:24,0.00,5.59,950.77,83.00,295
11/8/2013 19:40:54,11/8/2013,19:40:54,0.00,5.65,950.80,83.09,291
11/8/2013 19:41:24,11/8/2013,19:41:24,0.00,5.65,950.81,83.09,300
11/8/2013 19:41:54,11/8/2013,19:41:54,0.00,5.65,950.84,83.09,300
11/8/2013 19:42:24,11/8/2013,19:42:24,0.00,5.65,950.85,83.09,291
11/8/2013 19:42:54,11/8/2013,19:42:54,0.00,5.67,950.88,83.09,282
11/8/2013 19:43:24,11/8/2013,19:43:24,0.00,5.67,950.88,83.09,282
11/8/2013 19:43:54,11/8/2013,19:43:54,0.00,5.72,950.89,83.09,279
11/8/2013 19:44:24,11/8/2013,19:44:24,0.00,5.72,950.90,83.09,291
11/8/2013 19:44:54,11/8/2013,19:44:54,0.00,5.75,950.91,83.09,312
11/8/2013 19:45:24,11/8/2013,19:45:24,0.00,5.80,950.93,83.19,285
11/8/2013 19:45:54,11/8/2013,19:45:54,0.00,5.80,950.95,83.19,287
11/8/2013 19:46:24,11/8/2013,19:46:24,0.00,5.80,950.97,83.19,288
11/8/2013 19:46:54,11/8/2013,19:46:54,0.00,5.84,951.00,83.19,24
11/8/2013 19:47:24,11/8/2013,19:47:24,0.00,5.87,951.01,83.19,95
11/8/2013 19:47:54,11/8/2013,19:47:54,0.00,5.92,951.01,83.30,167
11/8/2013 19:48:24,11/8/2013,19:48:24,0.00,5.94,951.03,83.30,238
11/8/2013 19:48:54,11/8/2013,19:48:54,0.00,6.05,950.99,83.30,275
11/8/2013 19:49:24,11/8/2013,19:49:24,0.00,6.05,950.98,83.30,272
11/8/2013 19:49:54,11/8/2013,19:49:54,0.00,6.05,950.97,83.30,297
11/8/2013 19:50:24,11/8/2013,19:50:24,0.00,6.07,951.00,83.30,278
11/8/2013 19:50:54,11/8/2013,19:50:54,0.00,6.12,951.01,83.40,294
11/8/2013 19:51:24,11/8/2013,19:51:24,0.00,6.12,951.04,83.30,309
11/8/2013 19:51:54,11/8/2013,19:51:54,0.00,6.15,951.04,83.30,316
11/8/2013 19:52:24,11/8/2013,19:52:24,0.00,6.15,951.04,83.40,303
11/8/2013 19:52:54,11/8/2013,19:52:54,0.00,6.19,951.04,83.30,305
11/8/2013 19:53:24,11/8/2013,19:53:24,0.00,6.19,951.00,83.30,303
11/8/2013 19:53:54,11/8/2013,19:53:54,0.00,6.19,950.95,83.30,302
11/8/2013 19:54:24,11/8/2013,19:54:24,0.00,6.22,950.91,83.30,293
11/8/2013 19:54:54,11/8/2013,19:54:54,0.00,6.22,950.90,83.30,285
11/8/2013 19:55:24,11/8/2013,19:55:24,0.00,6.27,950.93,83.40,317
11/8/2013 19:55:54,11/8/2013,19:55:54,0.00,6.32,950.99,83.40,297
11/8/2013 19:56:24,11/8/2013,19:56:24,0.00,6.34,951.04,83.40,313
11/8/2013 19:56:54,11/8/2013,19:56:54,0.00,6.34,951.07,83.40,282
11/8/2013 19:57:24,11/8/2013,19:57:24,0.00,6.42,951.08,83.40,319
11/8/2013 19:57:54,11/8/2013,19:57:54,0.00,6.42,951.11,83.40,286
11/8/2013 19:58:24,11/8/2013,19:58:24,0.00,6.40,951.13,83.40,278
11/8/2013 19:58:54,11/8/2013,19:58:54,0.00,6.40,951.12,83.40,301
11/8/2013 19:59:24,11/8/2013,19:59:24,0.00,6.40,951.09,83.40,287
11/8/2013 19:59:54,11/8/2013,19:59:54,0.00,6.40,951.11,83.30,273
11/8/2013 20:00:24,11/8/2013,20:00:24,0.00,6.40,951.11,83.40,292
11/8/2013 20:00:54,11/8/2013,20:00:54,0.00,6.40,951.11,83.40,277
11/8/2013 20:01:24,11/8/2013,20:01:24,0.00,6.42,951.11,83.40,271
11/8/2013 20:01:54,11/8/2013,20:01:54,0.00,6.40,951.12,83.40,261
11/8/2013 20:02:24,11/8/2013,20:02:24,0.00,6.42,951.07,83.40,251
11/8/2013 20:02:54,11/8/2013,20:02:54,0.00,6.42,951.09,83.40,241
11/8/2013 20:03:24,11/8/2013,20:03:24,0.00,6.42,951.14,83.40,231
11/8/2013 20:03:54,11/8/2013,20:03:54,0.00,6.42,951.15,83.40,221
11/8/2013 20:04:24,11/8/2013,20:04:24,0.00,6.42,951.17,83.40,258
11/8/2013 20:04:54,11/8/2013,20:04:54,0.00,6.42,951.15,83.40,294
11/8/2013 20:05:24,11/8/2013,20:05:24,0.00,6.42,951.15,83.40,278
11/8/2013 20:05:54,11/8/2013,20:05:54,0.00,6.42,951.17,83.40,286
11/8/2013 20:06:24,11/8/2013,20:06:24,0.00,6.42,951.17,83.40,276
11/8/2013 20:06:54,11/8/2013,20:06:54,0.00,6.42,951.14,83.40,266
11/8/2013 20:07:24,11/8/2013,20:07:24,0.00,6.42,951.12,83.40,298
11/8/2013 20:07:54,11/8/2013,20:07:54,0.00,6.52,951.09,83.50,319
11/8/2013 20:08:24,11/8/2013,20:08:24,0.00,6.47,951.08,83.50,289
11/8/2013 20:08:54,11/8/2013,20:08:54,0.00,6.42,951.08,83.40,287
11/8/2013 20:09:24,11/8/2013,20:09:24,0.00,6.42,951.07,83.40,299
11/8/2013 20:09:54,11/8/2013,20:09:54,0.00,6.47,951.08,83.40,312
11/8/2013 20:10:24,11/8/2013,20:10:24,0.00,6.42,951.08,83.40,324
11/8/2013 20:10:54,11/8/2013,20:10:54,0.00,6.47,951.07,83.50,336
11/8/2013 20:11:24,11/8/2013,20:11:24,0.00,6.42,951.07,83.50,308
11/8/2013 20:11:54,11/8/2013,20:11:54,0.00,6.42,951.08,83.40,280
11/8/2013 20:12:24,11/8/2013,20:12:24,0.00,6.42,951.09,83.30,279
11/8/2013 20:12:54,11/8/2013,20:12:54,0.00,6.34,951.08,83.30,279
11/8/2013 20:13:24,11/8/2013,20:13:24,0.00,6.40,951.08,83.40,273
11/8/2013 20:13:54,11/8/2013,20:13:54,0.00,6.34,951.06,83.40,266
11/8/2013 20:14:24,11/8/2013,20:14:24,0.00,6.32,951.05,83.40,243
11/8/2013 20:14:54,11/8/2013,20:14:54,0.00,6.27,951.03,83.30,219
11/8/2013 20:15:24,11/8/2013,20:15:24,0.00,6.27,951.03,83.30,196
11/8/2013 20:15:54,11/8/2013,20:15:54,0.00,6.27,951.00,83.40,172
11/8/2013 20:16:24,11/8/2013,20:16:24,0.00,6.27,950.96,83.30,149
11/8/2013 20:16:54,11/8/2013,20:16:54,0.00,6.22,950.96,83.40,220
11/8/2013 20:17:24,11/8/2013,20:17:24,0.00,6.19,950.97,83.40,290
11/8/2013 20:17:54,11/8/2013,20:17:54,0.00,6.19,951.00,83.40,276
11/8/2013 20:18:24,11/8/2013,20:18:24,0.00,6.19,951.03,83.40,262
11/8/2013 20:18:54,11/8/2013,20:18:54,0.00,6.19,951.03,83.40,248
11/8/2013 20:19:24,11/8/2013,20:19:24,0.00,6.15,951.04,83.40,256
11/8/2013 20:19:54,11/8/2013,20:19:54,0.00,6.12,951.04,83.40,265
11/8/2013 20:20:24,11/8/2013,20:20:24,0.00,6.07,951.04,83.40,273
11/8/2013 20:20:54,11/8/2013,20:20:54,0.00,6.07,951.04,83.30,282
11/8/2013 20:21:24,11/8/2013,20:21:24,0.00,6.07,951.04,83.40,290
11/8/2013 20:21:54,11/8/2013,20:21:54,0.00,6.07,951.05,83.40,283
11/8/2013 20:22:24,11/8/2013,20:22:24,0.00,6.07,951.07,83.40,282
11/8/2013 20:22:54,11/8/2013,20:22:54,0.00,6.05,951.05,83.40,289
11/8/2013 20:23:24,11/8/2013,20:23:24,0.00,6.05,951.04,83.40,298
11/8/2013 20:23:54,11/8/2013,20:23:54,0.00,6.05,951.04,83.40,291
11/8/2013 20:24:24,11/8/2013,20:24:24,0.00,6.05,951.03,83.40,309
11/8/2013 20:24:54,11/8/2013,20:24:54,0.00,6.05,951.01,83.40,309
11/8/2013 20:25:24,11/8/2013,20:25:24,0.00,6.00,951.00,83.40,301
11/8/2013 20:25:54,11/8/2013,20:25:54,0.00,6.00,951.03,83.40,319
11/8/2013 20:26:24,11/8/2013,20:26:24,0.00,5.94,951.03,83.40,316
11/8/2013 20:26:54,11/8/2013,20:26:54,0.00,5.94,951.04,83.40,286
11/8/2013 20:27:24,11/8/2013,20:27:24,0.00,5.94,951.05,83.40,291
11/8/2013 20:27:54,11/8/2013,20:27:54,0.00,5.92,951.04,83.40,291
11/8/2013 20:28:24,11/8/2013,20:28:24,0.00,5.87,951.05,83.40,298
11/8/2013 20:28:54,11/8/2013,20:28:54,0.00,5.87,951.04,83.40,300
11/8/2013 20:29:24,11/8/2013,20:29:24,0.00,5.87,951.06,83.40,294
11/8/2013 20:29:54,11/8/2013,20:29:54,0.00,5.87,951.07,83.40,292
11/8/2013 20:30:24,11/8/2013,20:30:24,0.00,5.87,951.07,83.40,301
11/8/2013 20:30:54,11/8/2013,20:30:54,0.00,5.84,951.09,83.40,297
11/8/2013 20:31:24,11/8/2013,20:31:24,0.00,5.80,951.07,83.40,297
11/8/2013 20:31:54,11/8/2013,20:31:54,0.00,5.80,951.06,83.40,295
11/8/2013 20:32:24,11/8/2013,20:32:24,0.00,5.75,951.09,83.40,291
11/8/2013 20:32:54,11/8/2013,20:32:54,0.00,5.75,951.09,83.40,308
11/8/2013 20:33:24,11/8/2013,20:33:24,0.00,5.75,951.09,83.40,308
11/8/2013 20:33:54,11/8/2013,20:33:54,0.00,5.72,951.11,83.40,302
11/8/2013 20:34:24,11/8/2013,20:34:24,0.00,5.72,951.13,83.40,291
11/8/2013 20:34:54,11/8/2013,20:34:54,0.00,5.72,951.13,83.40,297
11/8/2013 20:35:24,11/8/2013,20:35:24,0.00,5.72,951.12,83.40,276
11/8/2013 20:35:54,11/8/2013,20:35:54,0.00,5.72,951.13,83.40,283
11/8/2013 20:36:24,11/8/2013,20:36:24,0.00,5.67,951.14,83.40,340
11/8/2013 20:36:54,11/8/2013,20:36:54,0.00,5.67,951.15,83.40,278
11/8/2013 20:37:24,11/8/2013,20:37:24,0.00,5.67,951.16,83.40,289
11/8/2013 20:37:54,11/8/2013,20:37:54,0.00,5.65,951.20,83.50,324
11/8/2013 20:38:24,11/8/2013,20:38:24,0.00,5.67,951.21,83.50,313
11/8/2013 20:38:54,11/8/2013,20:38:54,0.00,5.72,951.23,83.50,276
11/8/2013 20:39:24,11/8/2013,20:39:24,0.00,5.67,951.24,83.50,271
11/8/2013 20:39:54,11/8/2013,20:39:54,0.00,5.67,951.25,83.50,280
11/8/2013 20:40:24,11/8/2013,20:40:24,0.00,5.65,951.29,83.50,279
11/8/2013 20:40:54,11/8/2013,20:40:54,0.00,5.65,951.30,83.50,278
11/8/2013 20:41:24,11/8/2013,20:41:24,0.00,5.65,951.32,83.50,300
11/8/2013 20:41:54,11/8/2013,20:41:54,0.00,5.65,951.30,83.50,276
11/8/2013 20:42:24,11/8/2013,20:42:24,0.00,5.59,951.28,83.40,313
11/8/2013 20:42:54,11/8/2013,20:42:54,0.00,5.59,951.27,83.50,304
11/8/2013 20:43:24,11/8/2013,20:43:24,0.00,5.65,951.22,83.50,292
11/8/2013 20:43:54,11/8/2013,20:43:54,0.00,5.57,951.23,83.50,290
11/8/2013 20:44:24,11/8/2013,20:44:24,0.00,5.59,951.24,83.50,292
11/8/2013 20:44:54,11/8/2013,20:44:54,0.00,5.59,951.23,83.50,293
11/8/2013 20:45:24,11/8/2013,20:45:24,0.00,5.59,951.23,83.50,305
11/8/2013 20:45:54,11/8/2013,20:45:54,0.00,5.59,951.28,83.50,283
11/8/2013 20:46:24,11/8/2013,20:46:24,0.00,5.65,951.29,83.50,292
11/8/2013 20:46:54,11/8/2013,20:46:54,0.00,5.59,951.30,83.50,285
11/8/2013 20:47:24,11/8/2013,20:47:24,0.00,5.65,951.30,83.50,285
11/8/2013 20:47:54,11/8/2013,20:47:54,0.00,5.65,951.31,83.59,281
11/8/2013 20:48:24,11/8/2013,20:48:24,0.00,5.67,951.27,83.59,277
11/8/2013 20:48:54,11/8/2013,20:48:54,0.00,5.67,951.23,83.50,273
11/8/2013 20:49:24,11/8/2013,20:49:24,0.00,5.67,951.21,83.59,311
11/8/2013 20:49:54,11/8/2013,20:49:54,0.00,5.72,951.17,83.59,292
11/8/2013 20:50:24,11/8/2013,20:50:24,0.00,5.72,951.16,83.59,304
11/8/2013 20:50:54,11/8/2013,20:50:54,0.00,5.72,951.15,83.50,315
11/8/2013 20:51:24,11/8/2013,20:51:24,0.00,5.72,951.17,83.50,326
11/8/2013 20:51:54,11/8/2013,20:51:54,0.00,5.75,951.19,83.50,311
11/8/2013 20:52:24,11/8/2013,20:52:24,0.00,5.72,951.17,83.50,325
11/8/2013 20:52:54,11/8/2013,20:52:54,0.00,5.75,951.22,83.50,297
11/8/2013 20:53:24,11/8/2013,20:53:24,0.00,5.75,951.22,83.50,339
11/8/2013 20:53:54,11/8/2013,20:53:54,0.00,5.75,951.23,83.50,281
11/8/2013 20:54:24,11/8/2013,20:54:24,0.00,5.72,951.24,83.50,290
11/8/2013 20:54:54,11/8/2013,20:54:54,0.00,5.72,951.24,83.50,314
11/8/2013 20:55:24,11/8/2013,20:55:24,0.00,5.72,951.27,83.50,308
11/8/2013 20:55:54,11/8/2013,20:55:54,0.00,5.72,951.29,83.50,304
11/8/2013 20:56:24,11/8/2013,20:56:24,0.00,5.75,951.29,83.50,278
11/8/2013 20:56:54,11/8/2013,20:56:54,0.00,5.72,951.30,83.50,267
11/8/2013 20:57:24,11/8/2013,20:57:24,0.00,5.72,951.30,83.50,337
11/8/2013 20:57:54,11/8/2013,20:57:54,0.00,5.72,951.29,83.50,340
11/8/2013 20:58:24,11/8/2013,20:58:24,0.00,5.72,951.29,83.50,332
11/8/2013 20:58:54,11/8/2013,20:58:54,0.00,5.72,951.28,83.50,294
11/8/2013 20:59:24,11/8/2013,20:59:24,0.00,5.72,951.29,83.50,299
11/8/2013 20:59:54,11/8/2013,20:59:54,0.00,5.75,951.31,83.59,344
11/8/2013 21:00:24,11/8/2013,21:00:24,0.00,5.72,951.32,83.59,278
11/8/2013 21:00:54,11/8/2013,21:00:54,0.00,5.72,951.32,83.50,297
11/8/2013 21:01:24,11/8/2013,21:01:24,0.00,5.72,951.32,83.50,300
11/8/2013 21:01:54,11/8/2013,21:01:54,0.00,5.67,951.32,83.50,302
11/8/2013 21:02:24,11/8/2013,21:02:24,0.00,5.67,951.32,83.50,302
11/8/2013 21:02:54,11/8/2013,21:02:54,0.00,5.65,951.33,83.50,315
11/8/2013 21:03:24,11/8/2013,21:03:24,0.00,5.65,951.31,83.50,322
11/8/2013 21:03:54,11/8/2013,21:03:54,0.00,5.67,951.35,83.50,317
11/8/2013 21:04:24,11/8/2013,21:04:24,0.00,5.65,951.38,83.50,317
11/8/2013 21:04:54,11/8/2013,21:04:54,0.00,5.67,951.41,83.50,320
11/8/2013 21:05:24,11/8/2013,21:05:24,0.00,5.65,951.42,83.59,321
11/8/2013 21:05:54,11/8/2013,21:05:54,0.00,5.65,951.41,83.59,321
11/8/2013 21:06:24,11/8/2013,21:06:24,0.00,5.65,951.40,83.59,320
11/8/2013 21:06:54,11/8/2013,21:06:54,0.00,5.65,951.42,83.59,319
11/8/2013 21:07:24,11/8/2013,21:07:24,0.00,5.65,951.44,83.59,323
11/8/2013 21:07:54,11/8/2013,21:07:54,0.00,5.59,951.45,83.59,329
11/8/2013 21:08:24,11/8/2013,21:08:24,0.00,5.59,951.47,83.59,302
11/8/2013 21:08:54,11/8/2013,21:08:54,0.00,5.59,951.45,83.59,355
11/8/2013 21:09:24,11/8/2013,21:09:24,0.00,5.57,951.42,83.59,311
11/8/2013 21:09:54,11/8/2013,21:09:54,0.00,5.57,951.45,83.50,305
11/8/2013 21:10:24,11/8/2013,21:10:24,0.00,5.57,951.44,83.59,325
11/8/2013 21:10:54,11/8/2013,21:10:54,0.00,5.57,951.42,83.59,304
11/8/2013 21:11:24,11/8/2013,21:11:24,0.00,5.57,951.44,83.59,313
11/8/2013 21:11:54,11/8/2013,21:11:54,0.00,5.52,951.44,83.59,320
11/8/2013 21:12:24,11/8/2013,21:12:24,0.00,5.47,951.42,83.59,320
11/8/2013 21:12:54,11/8/2013,21:12:54,0.00,5.47,951.42,83.59,325
11/8/2013 21:13:24,11/8/2013,21:13:24,0.00,5.47,951.42,83.59,322
11/8/2013 21:13:54,11/8/2013,21:13:54,0.00,5.47,951.41,83.59,317
11/8/2013 21:14:24,11/8/2013,21:14:24,0.00,5.44,951.42,83.59,284
11/8/2013 21:14:54,11/8/2013,21:14:54,0.00,5.40,951.45,83.59,287
11/8/2013 21:15:24,11/8/2013,21:15:24,0.00,5.37,951.47,83.50,286
11/8/2013 21:15:54,11/8/2013,21:15:54,0.00,5.37,951.49,83.59,286
11/8/2013 21:16:24,11/8/2013,21:16:24,0.00,5.40,951.47,83.59,288
11/8/2013 21:16:54,11/8/2013,21:16:54,0.00,5.32,951.47,83.59,288
11/8/2013 21:17:24,11/8/2013,21:17:24,0.00,5.32,951.46,83.59,293
11/8/2013 21:17:54,11/8/2013,21:17:54,0.00,5.27,951.47,83.59,298
11/8/2013 21:18:24,11/8/2013,21:18:24,0.00,5.25,951.50,83.59,303
11/8/2013 21:18:54,11/8/2013,21:18:54,0.00,5.25,951.48,83.59,277
11/8/2013 21:19:24,11/8/2013,21:19:24,0.00,5.19,951.47,83.59,243
11/8/2013 21:19:54,11/8/2013,21:19:54,0.00,5.19,951.48,83.59,286
11/8/2013 21:20:24,11/8/2013,21:20:24,0.00,5.19,951.48,83.59,278
11/8/2013 21:20:54,11/8/2013,21:20:54,0.00,5.17,951.48,83.59,326
11/8/2013 21:21:24,11/8/2013,21:21:24,0.00,5.19,951.49,83.69,315
11/8/2013 21:21:54,11/8/2013,21:21:54,0.00,5.17,951.49,83.69,317
11/8/2013 21:22:24,11/8/2013,21:22:24,0.00,5.17,951.49,83.69,317
11/8/2013 21:22:54,11/8/2013,21:22:54,0.00,5.17,951.50,83.69,324
11/8/2013 21:23:24,11/8/2013,21:23:24,0.00,5.17,951.52,83.69,321
11/8/2013 21:23:54,11/8/2013,21:23:54,0.00,5.17,951.53,83.69,322
11/8/2013 21:24:24,11/8/2013,21:24:24,0.00,5.12,951.55,83.69,332
11/8/2013 21:24:54,11/8/2013,21:24:54,0.00,5.17,951.57,83.69,332
11/8/2013 21:25:24,11/8/2013,21:25:24,0.00,5.17,951.56,83.69,332
11/8/2013 21:25:54,11/8/2013,21:25:54,0.00,5.12,951.58,83.69,328
11/8/2013 21:26:24,11/8/2013,21:26:24,0.00,5.12,951.58,83.69,328
11/8/2013 21:26:54,11/8/2013,21:26:54,0.00,5.07,951.63,83.69,328
11/8/2013 21:27:24,11/8/2013,21:27:24,0.00,5.07,951.66,83.69,343
11/8/2013 21:27:54,11/8/2013,21:27:54,0.00,5.07,951.69,83.69,340
11/8/2013 21:28:24,11/8/2013,21:28:24,0.00,5.00,951.72,83.69,311
11/8/2013 21:28:54,11/8/2013,21:28:54,0.00,5.00,951.72,83.59,317
11/8/2013 21:29:24,11/8/2013,21:29:24,0.00,5.00,951.73,83.69,317
11/8/2013 21:29:54,11/8/2013,21:29:54,0.00,4.97,951.73,83.69,315
11/8/2013 21:30:24,11/8/2013,21:30:24,0.00,4.97,951.74,83.69,325
11/8/2013 21:30:54,11/8/2013,21:30:54,0.00,4.92,951.74,83.69,325
11/8/2013 21:31:24,11/8/2013,21:31:24,0.00,4.92,951.76,83.69,332
11/8/2013 21:31:54,11/8/2013,21:31:54,0.00,4.92,951.77,83.69,320
11/8/2013 21:32:24,11/8/2013,21:32:24,0.00,4.92,951.79,83.69,319
11/8/2013 21:32:54,11/8/2013,21:32:54,0.00,4.92,951.81,83.69,330
11/8/2013 21:33:24,11/8/2013,21:33:24,0.00,4.92,951.81,83.69,317
11/8/2013 21:33:54,11/8/2013,21:33:54,0.00,4.92,951.82,83.80,296
11/8/2013 21:34:24,11/8/2013,21:34:24,0.00,4.92,951.82,83.80,295
11/8/2013 21:34:54,11/8/2013,21:34:54,0.00,4.92,951.81,83.80,298
11/8/2013 21:35:24,11/8/2013,21:35:24,0.00,4.92,951.80,83.80,297
11/8/2013 21:35:54,11/8/2013,21:35:54,0.00,4.92,951.81,83.80,295
11/8/2013 21:36:24,11/8/2013,21:36:24,0.00,4.97,951.80,83.80,297
11/8/2013 21:36:54,11/8/2013,21:36:54,0.00,4.92,951.79,83.80,298
11/8/2013 21:37:24,11/8/2013,21:37:24,0.00,4.92,951.82,83.80,352
11/8/2013 21:37:54,11/8/2013,21:37:54,0.00,4.92,951.85,83.80,319
11/8/2013 21:38:24,11/8/2013,21:38:24,0.00,4.92,951.86,83.80,281
11/8/2013 21:38:54,11/8/2013,21:38:54,0.00,4.92,951.87,83.80,303
11/8/2013 21:39:24,11/8/2013,21:39:24,0.00,4.97,951.88,83.80,316
11/8/2013 21:39:54,11/8/2013,21:39:54,0.00,4.97,951.92,83.90,298
11/8/2013 21:40:24,11/8/2013,21:40:24,0.00,5.00,951.95,83.90,304
11/8/2013 21:40:54,11/8/2013,21:40:54,0.00,5.00,951.98,83.90,303
11/8/2013 21:41:24,11/8/2013,21:41:24,0.00,5.00,952.02,83.90,302
11/8/2013 21:41:54,11/8/2013,21:41:54,0.00,5.00,952.04,83.90,307
11/8/2013 21:42:24,11/8/2013,21:42:24,0.00,5.00,952.06,83.90,305
11/8/2013 21:42:54,11/8/2013,21:42:54,0.00,5.00,952.08,83.90,306
11/8/2013 21:43:24,11/8/2013,21:43:24,0.00,5.05,952.09,83.90,305
11/8/2013 21:43:54,11/8/2013,21:43:54,0.00,5.07,952.12,83.90,307
11/8/2013 21:44:24,11/8/2013,21:44:24,0.00,5.05,952.11,83.90,333
11/8/2013 21:44:54,11/8/2013,21:44:54,0.00,5.05,952.10,83.90,331
11/8/2013 21:45:24,11/8/2013,21:45:24,0.00,5.05,952.10,83.90,330
11/8/2013 21:45:54,11/8/2013,21:45:54,0.00,5.00,952.11,83.80,330
11/8/2013 21:46:24,11/8/2013,21:46:24,0.00,5.00,952.11,83.90,325
11/8/2013 21:46:54,11/8/2013,21:46:54,0.00,5.00,952.12,83.90,335
11/8/2013 21:47:24,11/8/2013,21:47:24,0.00,5.00,952.11,83.90,350
11/8/2013 21:47:54,11/8/2013,21:47:54,0.00,5.00,952.11,83.90,354
11/8/2013 21:48:24,11/8/2013,21:48:24,0.00,5.00,952.11,83.90,354
11/8/2013 21:48:54,11/8/2013,21:48:54,0.00,5.00,952.12,83.90,351
11/8/2013 21:49:24,11/8/2013,21:49:24,0.00,5.00,952.13,83.90,344
11/8/2013 21:49:54,11/8/2013,21:49:54,0.00,5.00,952.13,83.90,327
11/8/2013 21:50:24,11/8/2013,21:50:24,0.00,5.00,952.12,83.90,0
11/8/2013 21:50:54,11/8/2013,21:50:54,0.00,5.00,952.12,83.90,359
11/8/2013 21:51:24,11/8/2013,21:51:24,0.00,4.97,952.13,83.90,352
11/8/2013 21:51:54,11/8/2013,21:51:54,0.00,4.92,952.16,83.90,356
11/8/2013 21:52:24,11/8/2013,21:52:24,0.00,4.97,952.11,83.90,355
11/8/2013 21:52:54,11/8/2013,21:52:54,0.00,4.92,952.12,83.90,352
11/8/2013 21:53:24,11/8/2013,21:53:24,0.00,4.92,952.11,83.90,352
11/8/2013 21:53:54,11/8/2013,21:53:54,0.00,4.92,952.10,83.90,353
11/8/2013 21:54:24,11/8/2013,21:54:24,0.00,4.92,952.09,83.90,353
11/8/2013 21:54:54,11/8/2013,21:54:54,0.00,4.92,952.10,83.90,353
11/8/2013 21:55:24,11/8/2013,21:55:24,0.00,4.90,952.11,83.90,354
11/8/2013 21:55:54,11/8/2013,21:55:54,0.00,4.90,952.12,83.90,350
11/8/2013 21:56:24,11/8/2013,21:56:24,0.00,4.90,952.11,83.90,344
11/8/2013 21:56:54,11/8/2013,21:56:54,0.00,4.90,952.12,83.90,340
11/8/2013 21:57:24,11/8/2013,21:57:24,0.00,4.90,952.13,83.90,342
11/8/2013 21:57:54,11/8/2013,21:57:54,0.00,4.84,952.14,83.90,347
11/8/2013 21:58:24,11/8/2013,21:58:24,0.00,4.84,952.14,83.90,345
11/8/2013 21:58:54,11/8/2013,21:58:54,0.00,4.84,952.16,83.90,347
11/8/2013 21:59:24,11/8/2013,21:59:24,0.00,4.90,952.17,83.90,346
11/8/2013 21:59:54,11/8/2013,21:59:54,0.00,4.84,952.17,83.90,348
11/8/2013 22:00:24,11/8/2013,22:00:24,0.00,4.84,952.19,83.90,353
11/8/2013 22:00:54,11/8/2013,22:00:54,0.00,4.84,952.19,83.90,353
11/8/2013 22:01:24,11/8/2013,22:01:24,0.00,4.84,952.21,83.90,350
11/8/2013 22:01:54,11/8/2013,22:01:54,0.00,4.80,952.21,83.90,350
11/8/2013 22:02:24,11/8/2013,22:02:24,0.00,4.77,952.20,83.90,343
11/8/2013 22:02:54,11/8/2013,22:02:54,0.00,4.77,952.22,83.90,344
11/8/2013 22:03:24,11/8/2013,22:03:24,0.00,4.72,952.25,83.90,342
11/8/2013 22:03:54,11/8/2013,22:03:54,0.00,4.69,952.25,83.90,348
11/8/2013 22:04:24,11/8/2013,22:04:24,0.00,4.69,952.24,83.90,346
11/8/2013 22:04:54,11/8/2013,22:04:54,0.00,4.69,952.25,83.90,349
11/8/2013 22:05:24,11/8/2013,22:05:24,0.00,4.65,952.26,83.90,348
11/8/2013 22:05:54,11/8/2013,22:05:54,0.00,4.65,952.25,83.90,352
11/8/2013 22:06:24,11/8/2013,22:06:24,0.00,4.59,952.25,83.90,354
11/8/2013 22:06:54,11/8/2013,22:06:54,0.00,4.59,952.27,83.90,358
11/8/2013 22:07:24,11/8/2013,22:07:24,0.00,4.59,952.25,83.90,18
11/8/2013 22:07:54,11/8/2013,22:07:54,0.00,4.57,952.22,83.90,18
11/8/2013 22:08:24,11/8/2013,22:08:24,0.00,4.52,952.21,83.90,18
11/8/2013 22:08:54,11/8/2013,22:08:54,0.00,4.52,952.22,83.90,17
11/8/2013 22:09:24,11/8/2013,22:09:24,0.00,4.52,952.22,83.90,23
11/8/2013 22:09:54,11/8/2013,22:09:54,0.00,4.50,952.25,83.90,344
11/8/2013 22:10:24,11/8/2013,22:10:24,0.00,4.52,952.25,83.90,344
11/8/2013 22:10:54,11/8/2013,22:10:54,0.00,4.52,952.25,83.90,338
11/8/2013 22:11:24,11/8/2013,22:11:24,0.00,4.52,952.25,84.00,336
11/8/2013 22:11:54,11/8/2013,22:11:54,0.00,4.50,952.25,84.00,337
11/8/2013 22:12:24,11/8/2013,22:12:24,0.00,4.52,952.27,83.90,337
11/8/2013 22:12:54,11/8/2013,22:12:54,0.00,4.52,952.28,84.00,292
11/8/2013 22:13:24,11/8/2013,22:13:24,0.00,4.50,952.29,84.00,293
11/8/2013 22:13:54,11/8/2013,22:13:54,0.00,4.52,952.30,84.00,299
11/8/2013 22:14:24,11/8/2013,22:14:24,0.00,4.50,952.30,84.00,299
11/8/2013 22:14:54,11/8/2013,22:14:54,0.00,4.50,952.30,84.00,304
11/8/2013 22:15:24,11/8/2013,22:15:24,0.00,4.44,952.30,84.00,300
11/8/2013 22:15:54,11/8/2013,22:15:54,0.00,4.44,952.30,84.00,295
11/8/2013 22:16:24,11/8/2013,22:16:24,0.00,4.44,952.29,84.00,291
11/8/2013 22:16:54,11/8/2013,22:16:54,0.00,4.42,952.28,84.00,286
11/8/2013 22:17:24,11/8/2013,22:17:24,0.00,4.37,952.27,84.00,358
11/8/2013 22:17:54,11/8/2013,22:17:54,0.00,4.37,952.26,84.00,355
11/8/2013 22:18:24,11/8/2013,22:18:24,0.00,4.37,952.25,84.00,358
11/8/2013 22:18:54,11/8/2013,22:18:54,0.00,4.32,952.25,84.00,358
11/8/2013 22:19:24,11/8/2013,22:19:24,0.00,4.32,952.21,84.00,356
11/8/2013 22:19:54,11/8/2013,22:19:54,0.00,4.37,952.21,84.00,355
11/8/2013 22:20:24,11/8/2013,22:20:24,0.00,4.30,952.22,84.00,4
11/8/2013 22:20:54,11/8/2013,22:20:54,0.00,4.30,952.24,84.00,1
11/8/2013 22:21:24,11/8/2013,22:21:24,0.00,4.30,952.24,84.00,3E-4
11/8/2013 22:21:54,11/8/2013,22:21:54,0.00,4.30,952.22,84.00,1
11/8/2013 22:22:24,11/8/2013,22:22:24,0.00,4.30,952.22,84.00,6
11/8/2013 22:22:54,11/8/2013,22:22:54,0.00,4.30,952.24,84.00,351
11/8/2013 22:23:24,11/8/2013,22:23:24,0.00,4.30,952.22,84.00,355
11/8/2013 22:23:54,11/8/2013,22:23:54,0.00,4.30,952.22,84.00,356
11/8/2013 22:24:24,11/8/2013,22:24:24,0.00,4.25,952.21,84.00,356
11/8/2013 22:24:54,11/8/2013,22:24:54,0.00,4.25,952.20,84.00,353
11/8/2013 22:25:24,11/8/2013,22:25:24,0.00,4.25,952.21,84.09,355
11/8/2013 22:25:54,11/8/2013,22:25:54,0.00,4.22,952.21,84.00,355
11/8/2013 22:26:24,11/8/2013,22:26:24,0.00,4.22,952.22,84.00,354
11/8/2013 22:26:54,11/8/2013,22:26:54,0.00,4.22,952.22,84.00,357
11/8/2013 22:27:24,11/8/2013,22:27:24,0.00,4.17,952.24,84.00,349
11/8/2013 22:27:54,11/8/2013,22:27:54,0.00,4.12,952.22,84.00,355
11/8/2013 22:28:24,11/8/2013,22:28:24,0.00,4.12,952.24,84.00,358
11/8/2013 22:28:54,11/8/2013,22:28:54,0.00,4.12,952.22,84.00,358
11/8/2013 22:29:24,11/8/2013,22:29:24,0.00,4.12,952.22,84.00,355
11/8/2013 22:29:54,11/8/2013,22:29:54,0.00,4.12,952.22,84.00,353
11/8/2013 22:30:24,11/8/2013,22:30:24,0.00,4.17,952.22,84.00,337
11/8/2013 22:30:54,11/8/2013,22:30:54,0.00,4.22,952.25,84.09,340
11/8/2013 22:31:24,11/8/2013,22:31:24,0.00,4.22,952.26,84.09,344
11/8/2013 22:31:54,11/8/2013,22:31:54,0.00,4.22,952.26,84.09,347
11/8/2013 22:32:24,11/8/2013,22:32:24,0.00,4.22,952.28,84.09,350
11/8/2013 22:32:54,11/8/2013,22:32:54,0.00,4.22,952.26,84.09,342
11/8/2013 22:33:24,11/8/2013,22:33:24,0.00,4.22,952.25,84.09,349
11/8/2013 22:33:54,11/8/2013,22:33:54,0.00,4.22,952.21,84.09,347
11/8/2013 22:34:24,11/8/2013,22:34:24,0.00,4.22,952.21,84.09,345
11/8/2013 22:34:54,11/8/2013,22:34:54,0.00,4.22,952.24,84.09,342
11/8/2013 22:35:24,11/8/2013,22:35:24,0.00,4.22,952.25,84.09,347
11/8/2013 22:35:54,11/8/2013,22:35:54,0.00,4.22,952.26,84.09,347
11/8/2013 22:36:24,11/8/2013,22:36:24,0.00,4.22,952.27,84.09,343
11/8/2013 22:36:54,11/8/2013,22:36:54,0.00,4.22,952.25,84.09,329
11/8/2013 22:37:24,11/8/2013,22:37:24,0.00,4.22,952.26,84.09,326
11/8/2013 22:37:54,11/8/2013,22:37:54,0.00,4.22,952.26,84.09,330
11/8/2013 22:38:24,11/8/2013,22:38:24,0.00,4.22,952.26,84.09,328
11/8/2013 22:38:54,11/8/2013,22:38:54,0.00,4.22,952.25,84.09,335
11/8/2013 22:39:24,11/8/2013,22:39:24,0.00,4.22,952.25,84.09,355
11/8/2013 22:39:54,11/8/2013,22:39:54,0.00,4.22,952.25,84.09,356
11/8/2013 22:40:24,11/8/2013,22:40:24,0.00,4.22,952.26,84.09,353
11/8/2013 22:40:54,11/8/2013,22:40:54,0.00,4.22,952.29,84.09,345
11/8/2013 22:41:24,11/8/2013,22:41:24,0.00,4.25,952.33,84.09,348
11/8/2013 22:41:54,11/8/2013,22:41:54,0.00,4.25,952.32,84.19,350
11/8/2013 22:42:24,11/8/2013,22:42:24,0.00,4.30,952.34,84.19,340
11/8/2013 22:42:54,11/8/2013,22:42:54,0.00,4.25,952.36,84.09,346
11/8/2013 22:43:24,11/8/2013,22:43:24,0.00,4.30,952.36,84.19,346
11/8/2013 22:43:54,11/8/2013,22:43:54,0.00,4.30,952.36,84.19,349
11/8/2013 22:44:24,11/8/2013,22:44:24,0.00,4.37,952.40,84.19,336
11/8/2013 22:44:54,11/8/2013,22:44:54,0.00,4.37,952.45,84.19,313
11/8/2013 22:45:24,11/8/2013,22:45:24,0.00,4.37,952.48,84.19,321
11/8/2013 22:45:54,11/8/2013,22:45:54,0.00,4.37,952.48,84.19,340
11/8/2013 22:46:24,11/8/2013,22:46:24,0.00,4.37,952.51,84.19,340
11/8/2013 22:46:54,11/8/2013,22:46:54,0.00,4.37,952.52,84.19,340
11/8/2013 22:47:24,11/8/2013,22:47:24,0.00,4.37,952.52,84.19,340
11/8/2013 22:47:54,11/8/2013,22:47:54,0.00,4.37,952.53,84.19,340
11/8/2013 22:48:24,11/8/2013,22:48:24,0.00,4.42,952.53,84.19,341
11/8/2013 22:48:54,11/8/2013,22:48:54,0.00,4.44,952.52,84.19,341
11/8/2013 22:49:24,11/8/2013,22:49:24,0.00,4.44,952.54,84.19,2
11/8/2013 22:49:54,11/8/2013,22:49:54,0.00,4.44,952.56,84.19,0
11/8/2013 22:50:24,11/8/2013,22:50:24,0.00,4.44,952.57,84.19,5
11/8/2013 22:50:54,11/8/2013,22:50:54,0.00,4.44,952.56,84.19,66
11/8/2013 22:51:24,11/8/2013,22:51:24,0.00,4.50,952.57,84.19,58
11/8/2013 22:51:54,11/8/2013,22:51:54,0.00,4.50,952.53,84.19,47
11/8/2013 22:52:24,11/8/2013,22:52:24,0.00,4.52,952.52,84.19,98
11/8/2013 22:52:54,11/8/2013,22:52:54,0.00,4.52,952.53,84.19,287
11/8/2013 22:53:24,11/8/2013,22:53:24,0.00,4.52,952.52,84.19,295
11/8/2013 22:53:54,11/8/2013,22:53:54,0.00,4.52,952.54,84.19,290
11/8/2013 22:54:24,11/8/2013,22:54:24,0.00,4.52,952.57,84.19,284
11/8/2013 22:54:54,11/8/2013,22:54:54,0.00,4.52,952.53,84.19,301
11/8/2013 22:55:24,11/8/2013,22:55:24,0.00,4.52,952.54,84.19,290
11/8/2013 22:55:54,11/8/2013,22:55:54,0.00,4.52,952.56,84.19,295
11/8/2013 22:56:24,11/8/2013,22:56:24,0.00,4.50,952.57,84.19,300
11/8/2013 22:56:54,11/8/2013,22:56:54,0.00,4.50,952.56,84.19,297
11/8/2013 22:57:24,11/8/2013,22:57:24,0.00,4.44,952.54,84.19,329
11/8/2013 22:57:54,11/8/2013,22:57:54,0.00,4.44,952.52,84.19,332
11/8/2013 22:58:24,11/8/2013,22:58:24,0.00,4.44,952.50,84.19,293
11/8/2013 22:58:54,11/8/2013,22:58:54,0.00,4.44,952.51,84.19,297
11/8/2013 22:59:24,11/8/2013,22:59:24,0.00,4.44,952.51,84.19,298
11/8/2013 22:59:54,11/8/2013,22:59:54,0.00,4.44,952.53,84.19,0
11/8/2013 23:00:24,11/8/2013,23:00:24,0.00,4.44,952.53,84.19,348
11/8/2013 23:00:54,11/8/2013,23:00:54,0.00,4.44,952.52,84.19,342
11/8/2013 23:01:24,11/8/2013,23:01:24,0.00,4.42,952.54,84.19,346
11/8/2013 23:01:54,11/8/2013,23:01:54,0.00,4.42,952.57,84.19,348
11/8/2013 23:02:24,11/8/2013,23:02:24,0.00,4.42,952.57,84.19,341
11/8/2013 23:02:54,11/8/2013,23:02:54,0.00,4.42,952.58,84.19,343
11/8/2013 23:03:24,11/8/2013,23:03:24,0.00,4.42,952.60,84.19,340
11/8/2013 23:03:54,11/8/2013,23:03:54,0.00,4.37,952.60,84.19,345
11/8/2013 23:04:24,11/8/2013,23:04:24,0.00,4.42,952.59,84.30,341
11/8/2013 23:04:54,11/8/2013,23:04:54,0.00,4.42,952.60,84.30,345
11/8/2013 23:05:24,11/8/2013,23:05:24,0.00,4.42,952.60,84.30,344
11/8/2013 23:05:54,11/8/2013,23:05:54,0.00,4.42,952.61,84.30,338
11/8/2013 23:06:24,11/8/2013,23:06:24,0.00,4.37,952.64,84.30,343
11/8/2013 23:06:54,11/8/2013,23:06:54,0.00,4.37,952.64,84.30,343
11/8/2013 23:07:24,11/8/2013,23:07:24,0.00,4.37,952.62,84.30,342
11/8/2013 23:07:54,11/8/2013,23:07:54,0.00,4.37,952.65,84.30,336
11/8/2013 23:08:24,11/8/2013,23:08:24,0.00,4.37,952.67,84.30,337
11/8/2013 23:08:54,11/8/2013,23:08:54,0.00,4.37,952.67,84.30,353
11/8/2013 23:09:24,11/8/2013,23:09:24,0.00,4.37,952.68,84.30,333
11/8/2013 23:09:54,11/8/2013,23:09:54,0.00,4.37,952.72,84.30,338
11/8/2013 23:10:24,11/8/2013,23:10:24,0.00,4.37,952.70,84.30,340
11/8/2013 23:10:54,11/8/2013,23:10:54,0.00,4.37,952.69,84.30,340
11/8/2013 23:11:24,11/8/2013,23:11:24,0.00,4.37,952.70,84.30,342
11/8/2013 23:11:54,11/8/2013,23:11:54,0.00,4.37,952.70,84.30,340
11/8/2013 23:12:24,11/8/2013,23:12:24,0.00,4.37,952.72,84.30,340
11/8/2013 23:12:54,11/8/2013,23:12:54,0.00,4.37,952.72,84.30,349
11/8/2013 23:13:24,11/8/2013,23:13:24,0.00,4.32,952.72,84.30,342
11/8/2013 23:13:54,11/8/2013,23:13:54,0.00,4.32,952.72,84.30,343
11/8/2013 23:14:24,11/8/2013,23:14:24,0.00,4.30,952.73,84.30,342
11/8/2013 23:14:54,11/8/2013,23:14:54,0.00,4.30,952.74,84.30,346
11/8/2013 23:15:24,11/8/2013,23:15:24,0.00,4.30,952.76,84.30,348
11/8/2013 23:15:54,11/8/2013,23:15:54,0.00,4.32,952.76,84.30,348
11/8/2013 23:16:24,11/8/2013,23:16:24,0.00,4.32,952.77,84.30,348
11/8/2013 23:16:54,11/8/2013,23:16:54,0.00,4.30,952.76,84.30,349
11/8/2013 23:17:24,11/8/2013,23:17:24,0.00,4.30,952.78,84.30,348
11/8/2013 23:17:54,11/8/2013,23:17:54,0.00,4.30,952.78,84.30,345
11/8/2013 23:18:24,11/8/2013,23:18:24,0.00,4.30,952.78,84.30,349
11/8/2013 23:18:54,11/8/2013,23:18:54,0.00,4.25,952.81,84.30,349
11/8/2013 23:19:24,11/8/2013,23:19:24,0.00,4.25,952.82,84.30,349
11/8/2013 23:19:54,11/8/2013,23:19:54,0.00,4.22,952.83,84.30,349
11/8/2013 23:20:24,11/8/2013,23:20:24,0.00,4.22,952.82,84.30,344
11/8/2013 23:20:54,11/8/2013,23:20:54,0.00,4.22,952.83,84.30,346
11/8/2013 23:21:24,11/8/2013,23:21:24,0.00,4.22,952.82,84.30,348
11/8/2013 23:21:54,11/8/2013,23:21:54,0.00,4.17,952.83,84.30,348
11/8/2013 23:22:24,11/8/2013,23:22:24,0.00,4.12,952.85,84.30,349
11/8/2013 23:22:54,11/8/2013,23:22:54,0.00,4.12,952.85,84.30,349
11/8/2013 23:23:24,11/8/2013,23:23:24,0.00,4.12,952.86,84.30,349
11/8/2013 23:23:54,11/8/2013,23:23:54,0.00,4.12,952.85,84.30,349
11/8/2013 23:24:24,11/8/2013,23:24:24,0.00,4.12,952.90,84.30,345
11/8/2013 23:24:54,11/8/2013,23:24:54,0.00,4.12,952.91,84.30,321
11/8/2013 23:25:24,11/8/2013,23:25:24,0.00,4.12,952.90,84.30,304
11/8/2013 23:25:54,11/8/2013,23:25:54,0.00,4.12,952.91,84.40,306
11/8/2013 23:26:24,11/8/2013,23:26:24,0.00,4.12,952.92,84.40,302
11/8/2013 23:26:54,11/8/2013,23:26:54,0.00,4.12,952.94,84.40,306
11/8/2013 23:27:24,11/8/2013,23:27:24,0.00,4.12,952.96,84.40,309
11/8/2013 23:27:54,11/8/2013,23:27:54,0.00,4.12,952.99,84.40,322
11/8/2013 23:28:24,11/8/2013,23:28:24,0.00,4.12,953.00,84.40,321
11/8/2013 23:28:54,11/8/2013,23:28:54,0.00,4.12,953.04,84.40,317
11/8/2013 23:29:24,11/8/2013,23:29:24,0.00,4.12,953.05,84.40,332
11/8/2013 23:29:54,11/8/2013,23:29:54,0.00,4.09,953.04,84.40,337
11/8/2013 23:30:24,11/8/2013,23:30:24,0.00,4.09,953.06,84.40,335
11/8/2013 23:30:54,11/8/2013,23:30:54,0.00,4.05,953.06,84.40,319
11/8/2013 23:31:24,11/8/2013,23:31:24,0.00,4.05,953.05,84.40,325
11/8/2013 23:31:54,11/8/2013,23:31:54,0.00,4.05,953.05,84.40,320
11/8/2013 23:32:24,11/8/2013,23:32:24,0.00,4.05,953.05,84.40,327
11/8/2013 23:32:54,11/8/2013,23:32:54,0.00,4.05,953.06,84.40,8
11/8/2013 23:33:24,11/8/2013,23:33:24,0.00,4.05,953.06,84.40,333
11/8/2013 23:33:54,11/8/2013,23:33:54,0.00,4.05,953.04,84.40,325
11/8/2013 23:34:24,11/8/2013,23:34:24,0.00,4.05,953.02,84.40,276
11/8/2013 23:34:54,11/8/2013,23:34:54,0.00,4.05,953.02,84.40,303
11/8/2013 23:35:24,11/8/2013,23:35:24,0.00,4.05,953.02,84.40,279
11/8/2013 23:35:54,11/8/2013,23:35:54,0.00,4.02,953.05,84.40,300
11/8/2013 23:36:24,11/8/2013,23:36:24,0.00,4.02,953.02,84.50,301
11/8/2013 23:36:54,11/8/2013,23:36:54,0.00,3.97,953.00,84.40,295
11/8/2013 23:37:24,11/8/2013,23:37:24,0.00,3.97,953.02,84.40,305
11/8/2013 23:37:54,11/8/2013,23:37:54,0.00,3.97,953.01,84.40,298
11/8/2013 23:38:24,11/8/2013,23:38:24,0.00,3.97,953.00,84.40,325
11/8/2013 23:38:54,11/8/2013,23:38:54,0.00,3.97,953.00,84.40,313
11/8/2013 23:39:24,11/8/2013,23:39:24,0.00,3.97,953.01,84.50,323
11/8/2013 23:39:54,11/8/2013,23:39:54,0.00,3.97,953.02,84.50,320
11/8/2013 23:40:24,11/8/2013,23:40:24,0.00,3.97,953.04,84.50,321
11/8/2013 23:40:54,11/8/2013,23:40:54,0.00,3.97,953.04,84.50,321
11/8/2013 23:41:24,11/8/2013,23:41:24,0.00,3.97,953.04,84.50,309
11/8/2013 23:41:54,11/8/2013,23:41:54,0.00,3.97,953.05,84.50,310
11/8/2013 23:42:24,11/8/2013,23:42:24,0.00,3.97,953.08,84.50,314
11/8/2013 23:42:54,11/8/2013,23:42:54,0.00,4.05,953.12,84.59,310
11/8/2013 23:43:24,11/8/2013,23:43:24,0.00,4.05,953.10,84.59,328
11/8/2013 23:43:54,11/8/2013,23:43:54,0.00,4.05,953.13,84.59,345
11/8/2013 23:44:24,11/8/2013,23:44:24,0.00,4.05,953.16,84.59,345
11/8/2013 23:44:54,11/8/2013,23:44:54,0.00,4.05,953.16,84.59,350
11/8/2013 23:45:24,11/8/2013,23:45:24,0.00,4.02,953.16,84.50,348
11/8/2013 23:45:54,11/8/2013,23:45:54,0.00,4.02,953.18,84.50,345
11/8/2013 23:46:24,11/8/2013,23:46:24,0.00,4.02,953.20,84.50,345
11/8/2013 23:46:54,11/8/2013,23:46:54,0.00,4.02,953.21,84.50,344
11/8/2013 23:47:24,11/8/2013,23:47:24,0.00,3.97,953.22,84.50,345
11/8/2013 23:47:54,11/8/2013,23:47:54,0.00,3.97,953.17,84.50,352
11/8/2013 23:48:24,11/8/2013,23:48:24,0.00,3.97,953.15,84.50,352
11/8/2013 23:48:54,11/8/2013,23:48:54,0.00,3.97,953.13,84.50,353
11/8/2013 23:49:24,11/8/2013,23:49:24,0.00,3.97,953.10,84.50,0
11/8/2013 23:49:54,11/8/2013,23:49:54,0.00,3.97,953.08,84.50,359
11/8/2013 23:50:24,11/8/2013,23:50:24,0.00,3.97,953.08,84.50,15
11/8/2013 23:50:54,11/8/2013,23:50:54,0.00,3.95,953.08,84.50,12
11/8/2013 23:51:24,11/8/2013,23:51:24,0.00,3.95,953.09,84.50,11
11/8/2013 23:51:54,11/8/2013,23:51:54,0.00,3.90,953.10,84.50,11
11/8/2013 23:52:24,11/8/2013,23:52:24,0.00,3.90,953.13,84.50,9
11/8/2013 23:52:54,11/8/2013,23:52:54,0.00,3.90,953.14,84.50,2
11/8/2013 23:53:24,11/8/2013,23:53:24,0.00,3.90,953.16,84.50,357
11/8/2013 23:53:54,11/8/2013,23:53:54,0.00,3.90,953.16,84.50,354
11/8/2013 23:54:24,11/8/2013,23:54:24,0.00,3.84,953.14,84.50,354
11/8/2013 23:54:54,11/8/2013,23:54:54,0.00,3.84,953.15,84.59,356
11/8/2013 23:55:24,11/8/2013,23:55:24,0.00,3.82,953.16,84.50,359
11/8/2013 23:55:54,11/8/2013,23:55:54,0.00,3.84,953.17,84.59,358
11/8/2013 23:56:24,11/8/2013,23:56:24,0.00,3.84,953.18,84.59,318
11/8/2013 23:56:54,11/8/2013,23:56:54,0.00,3.82,953.20,84.50,329
11/8/2013 23:57:24,11/8/2013,23:57:24,0.00,3.82,953.20,84.59,340
11/8/2013 23:57:54,11/8/2013,23:57:54,0.00,3.82,953.18,84.59,335
11/8/2013 23:58:24,11/8/2013,23:58:24,0.00,3.84,953.16,84.59,0
11/8/2013 23:58:54,11/8/2013,23:58:54,0.00,3.82,953.16,84.59,4
11/8/2013 23:59:24,11/8/2013,23:59:24,0.00,3.82,953.16,84.59,1
11/8/2013 23:59:54,11/8/2013,23:59:54,0.00,3.82,953.15,84.59,2
11/9/2013 00:00:24,11/9/2013,00:00:24,0.00,3.82,953.15,84.59,0
11/9/2013 00:00:54,11/9/2013,00:00:54,0.00,3.82,953.15,84.59,0
11/9/2013 00:01:24,11/9/2013,00:01:24,0.00,3.82,953.14,84.59,1
11/9/2013 00:01:54,11/9/2013,00:01:54,0.00,3.82,953.14,84.59,1
11/9/2013 00:02:24,11/9/2013,00:02:24,0.00,3.82,953.13,84.59,1
11/9/2013 00:02:54,11/9/2013,00:02:54,0.00,3.82,953.12,84.59,1
11/9/2013 00:03:24,11/9/2013,00:03:24,0.00,3.82,953.09,84.59,2
11/9/2013 00:03:54,11/9/2013,00:03:54,0.00,3.77,953.13,84.59,358
11/9/2013 00:04:24,11/9/2013,00:04:24,0.00,3.75,953.14,84.59,358
11/9/2013 00:04:54,11/9/2013,00:04:54,0.00,3.77,953.16,84.59,355
11/9/2013 00:05:24,11/9/2013,00:05:24,0.00,3.82,953.18,84.59,355
11/9/2013 00:05:54,11/9/2013,00:05:54,0.00,3.82,953.20,84.59,352
11/9/2013 00:06:24,11/9/2013,00:06:24,0.00,3.82,953.17,84.59,352
11/9/2013 00:06:54,11/9/2013,00:06:54,0.00,3.82,953.18,84.59,351
11/9/2013 00:07:24,11/9/2013,00:07:24,0.00,3.82,953.20,84.59,352
11/9/2013 00:07:54,11/9/2013,00:07:54,0.00,3.82,953.18,84.59,352
11/9/2013 00:08:24,11/9/2013,00:08:24,0.00,3.82,953.21,84.59,349
11/9/2013 00:08:54,11/9/2013,00:08:54,0.00,3.84,953.21,84.59,346
11/9/2013 00:09:24,11/9/2013,00:09:24,0.00,3.84,953.22,84.59,346
11/9/2013 00:09:54,11/9/2013,00:09:54,0.00,3.84,953.23,84.59,348
11/9/2013 00:10:24,11/9/2013,00:10:24,0.00,3.90,953.22,84.59,349
11/9/2013 00:10:54,11/9/2013,00:10:54,0.00,3.84,953.22,84.59,345
11/9/2013 00:11:24,11/9/2013,00:11:24,0.00,3.84,953.22,84.59,350
11/9/2013 00:11:54,11/9/2013,00:11:54,0.00,3.90,953.21,84.69,347
11/9/2013 00:12:24,11/9/2013,00:12:24,0.00,3.90,953.21,84.69,344
11/9/2013 00:12:54,11/9/2013,00:12:54,0.00,3.90,953.23,84.69,350
11/9/2013 00:13:24,11/9/2013,00:13:24,0.00,3.90,953.24,84.69,352
11/9/2013 00:13:54,11/9/2013,00:13:54,0.00,3.90,953.24,84.69,351
11/9/2013 00:14:24,11/9/2013,00:14:24,0.00,3.90,953.23,84.69,351
11/9/2013 00:14:54,11/9/2013,00:14:54,0.00,3.82,953.22,84.59,355
11/9/2013 00:15:24,11/9/2013,00:15:24,0.00,3.82,953.23,84.59,356
11/9/2013 00:15:54,11/9/2013,00:15:54,0.00,3.82,953.24,84.59,357
11/9/2013 00:16:24,11/9/2013,00:16:24,0.00,3.77,953.25,84.59,356
11/9/2013 00:16:54,11/9/2013,00:16:54,0.00,3.77,953.26,84.59,357
11/9/2013 00:17:24,11/9/2013,00:17:24,0.00,3.75,953.25,84.59,356
11/9/2013 00:17:54,11/9/2013,00:17:54,0.00,3.75,953.26,84.59,358
11/9/2013 00:18:24,11/9/2013,00:18:24,0.00,3.75,953.28,84.59,10
11/9/2013 00:18:54,11/9/2013,00:18:54,0.00,3.70,953.26,84.59,16
11/9/2013 00:19:24,11/9/2013,00:19:24,0.00,3.65,953.28,84.59,24
11/9/2013 00:19:54,11/9/2013,00:19:54,0.00,3.65,953.26,84.59,19
11/9/2013 00:20:24,11/9/2013,00:20:24,0.00,3.65,953.26,84.59,18
11/9/2013 00:20:54,11/9/2013,00:20:54,0.00,3.62,953.30,84.59,19
11/9/2013 00:21:24,11/9/2013,00:21:24,0.00,3.62,953.26,84.59,19
11/9/2013 00:21:54,11/9/2013,00:21:54,0.00,3.57,953.26,84.59,18
11/9/2013 00:22:24,11/9/2013,00:22:24,0.00,3.57,953.28,84.59,355
11/9/2013 00:22:54,11/9/2013,00:22:54,0.00,3.62,953.31,84.59,345
11/9/2013 00:23:24,11/9/2013,00:23:24,0.00,3.57,953.31,84.59,0
11/9/2013 00:23:54,11/9/2013,00:23:54,0.00,3.54,953.32,84.59,0
11/9/2013 00:24:24,11/9/2013,00:24:24,0.00,3.50,953.34,84.59,0
11/9/2013 00:24:54,11/9/2013,00:24:54,0.00,3.54,953.31,84.59,17
11/9/2013 00:25:24,11/9/2013,00:25:24,0.00,3.50,953.32,84.59,29
11/9/2013 00:25:54,11/9/2013,00:25:54,0.00,3.50,953.33,84.59,20
11/9/2013 00:26:24,11/9/2013,00:26:24,0.00,3.50,953.31,84.59,11
11/9/2013 00:26:54,11/9/2013,00:26:54,0.00,3.47,953.32,84.59,352
11/9/2013 00:27:24,11/9/2013,00:27:24,0.00,3.47,953.31,84.59,347
11/9/2013 00:27:54,11/9/2013,00:27:54,0.00,3.47,953.34,84.59,321
11/9/2013 00:28:24,11/9/2013,00:28:24,0.00,3.42,953.33,84.69,358
11/9/2013 00:28:54,11/9/2013,00:28:54,0.00,3.47,953.33,84.69,327
11/9/2013 00:29:24,11/9/2013,00:29:24,0.00,3.42,953.33,84.69,350
11/9/2013 00:29:54,11/9/2013,00:29:54,0.00,3.50,953.32,84.69,357
11/9/2013 00:30:24,11/9/2013,00:30:24,0.00,3.47,953.31,84.69,353
11/9/2013 00:30:54,11/9/2013,00:30:54,0.00,3.42,953.29,84.69,339
11/9/2013 00:31:24,11/9/2013,00:31:24,0.00,3.50,953.28,84.69,334
11/9/2013 00:31:54,11/9/2013,00:31:54,0.00,3.50,953.26,84.69,335
11/9/2013 00:32:24,11/9/2013,00:32:24,0.00,3.57,953.26,84.80,335
11/9/2013 00:32:54,11/9/2013,00:32:54,0.00,3.57,953.26,84.80,334
11/9/2013 00:33:24,11/9/2013,00:33:24,0.00,3.57,953.25,84.80,330
11/9/2013 00:33:54,11/9/2013,00:33:54,0.00,3.57,953.24,84.80,346
11/9/2013 00:34:24,11/9/2013,00:34:24,0.00,3.57,953.23,84.80,345
11/9/2013 00:34:54,11/9/2013,00:34:54,0.00,3.57,953.23,84.80,353
11/9/2013 00:35:24,11/9/2013,00:35:24,0.00,3.57,953.23,84.80,353
11/9/2013 00:35:54,11/9/2013,00:35:54,0.00,3.57,953.23,84.80,352
11/9/2013 00:36:24,11/9/2013,00:36:24,0.00,3.57,953.25,84.80,349
11/9/2013 00:36:54,11/9/2013,00:36:54,0.00,3.54,953.26,84.80,352
11/9/2013 00:37:24,11/9/2013,00:37:24,0.00,3.57,953.25,84.80,354
11/9/2013 00:37:54,11/9/2013,00:37:54,0.00,3.57,953.28,84.80,354
11/9/2013 00:38:24,11/9/2013,00:38:24,0.00,3.57,953.24,84.80,353
11/9/2013 00:38:54,11/9/2013,00:38:54,0.00,3.57,953.25,84.80,352
11/9/2013 00:39:24,11/9/2013,00:39:24,0.00,3.54,953.25,84.80,1
11/9/2013 00:39:54,11/9/2013,00:39:54,0.00,3.57,953.26,84.80,0
11/9/2013 00:40:24,11/9/2013,00:40:24,0.00,3.54,953.28,84.80,358
11/9/2013 00:40:54,11/9/2013,00:40:54,0.00,3.50,953.31,84.69,0
11/9/2013 00:41:24,11/9/2013,00:41:24,0.00,3.50,953.34,84.69,0
11/9/2013 00:41:54,11/9/2013,00:41:54,0.00,3.50,953.33,84.80,1
11/9/2013 00:42:24,11/9/2013,00:42:24,0.00,3.47,953.33,84.69,26
11/9/2013 00:42:54,11/9/2013,00:42:54,0.00,3.42,953.36,84.69,2
11/9/2013 00:43:24,11/9/2013,00:43:24,0.00,3.42,953.33,84.69,12
11/9/2013 00:43:54,11/9/2013,00:43:54,0.00,3.42,953.34,84.80,340
11/9/2013 00:44:24,11/9/2013,00:44:24,0.00,3.42,953.33,84.80,79
11/9/2013 00:44:54,11/9/2013,00:44:54,0.00,3.34,953.37,84.69,76
11/9/2013 00:45:24,11/9/2013,00:45:24,0.00,3.34,953.38,84.69,75
11/9/2013 00:45:54,11/9/2013,00:45:54,0.00,3.29,953.38,84.69,65
11/9/2013 00:46:24,11/9/2013,00:46:24,0.00,3.27,953.38,84.69,50
11/9/2013 00:46:54,11/9/2013,00:46:54,0.00,3.27,953.38,84.69,53
11/9/2013 00:47:24,11/9/2013,00:47:24,0.00,3.27,953.37,84.69,51
11/9/2013 00:47:54,11/9/2013,00:47:54,0.00,3.27,953.37,84.80,49
11/9/2013 00:48:24,11/9/2013,00:48:24,0.00,3.22,953.34,84.80,65
11/9/2013 00:48:54,11/9/2013,00:48:54,0.00,3.17,953.34,84.80,64
11/9/2013 00:49:24,11/9/2013,00:49:24,0.00,3.17,953.34,84.69,63
11/9/2013 00:49:54,11/9/2013,00:49:54,0.00,3.09,953.33,84.69,63
11/9/2013 00:50:24,11/9/2013,00:50:24,0.00,3.09,953.34,84.69,60
11/9/2013 00:50:54,11/9/2013,00:50:54,0.00,3.09,953.33,84.69,59
11/9/2013 00:51:24,11/9/2013,00:51:24,0.00,3.07,953.32,84.69,59
11/9/2013 00:51:54,11/9/2013,00:51:54,0.00,3.02,953.32,84.69,59
11/9/2013 00:52:24,11/9/2013,00:52:24,0.00,3.02,953.33,84.69,59
11/9/2013 00:52:54,11/9/2013,00:52:54,0.00,3.02,953.33,84.69,60
11/9/2013 00:53:24,11/9/2013,00:53:24,0.00,2.95,953.33,84.69,60
11/9/2013 00:53:54,11/9/2013,00:53:54,0.00,2.95,953.33,84.69,60
11/9/2013 00:54:24,11/9/2013,00:54:24,0.00,2.95,953.32,84.69,59
11/9/2013 00:54:54,11/9/2013,00:54:54,0.00,2.95,953.32,84.80,43
11/9/2013 00:55:24,11/9/2013,00:55:24,0.00,2.95,953.32,84.80,35
11/9/2013 00:55:54,11/9/2013,00:55:54,0.00,2.95,953.33,84.80,358
11/9/2013 00:56:24,11/9/2013,00:56:24,0.00,2.95,953.33,84.80,3
11/9/2013 00:56:54,11/9/2013,00:56:54,0.00,2.95,953.33,84.80,3
11/9/2013 00:57:24,11/9/2013,00:57:24,0.00,2.97,953.34,84.80,0
11/9/2013 00:57:54,11/9/2013,00:57:54,0.00,2.97,953.33,84.80,0
11/9/2013 00:58:24,11/9/2013,00:58:24,0.00,3.02,953.34,84.80,1E-5
11/9/2013 00:58:54,11/9/2013,00:58:54,0.00,3.02,953.34,84.80,11
11/9/2013 00:59:24,11/9/2013,00:59:24,0.00,3.02,953.34,84.80,28
11/9/2013 00:59:54,11/9/2013,00:59:54,0.00,3.02,953.33,84.80,24
11/9/2013 01:00:24,11/9/2013,01:00:24,0.00,3.02,953.33,84.80,27
11/9/2013 01:00:54,11/9/2013,01:00:54,0.00,3.02,953.34,84.80,27
11/9/2013 01:01:24,11/9/2013,01:01:24,0.00,3.02,953.33,84.80,24
11/9/2013 01:01:54,11/9/2013,01:01:54,0.00,3.02,953.33,84.80,281
11/9/2013 01:02:24,11/9/2013,01:02:24,0.00,3.09,953.36,84.90,313
11/9/2013 01:02:54,11/9/2013,01:02:54,0.00,3.07,953.34,84.90,336
11/9/2013 01:03:24,11/9/2013,01:03:24,0.00,3.07,953.36,84.90,0
11/9/2013 01:03:54,11/9/2013,01:03:54,0.00,3.09,953.32,84.90,0
11/9/2013 01:04:24,11/9/2013,01:04:24,0.00,3.09,953.34,84.90,0
11/9/2013 01:04:54,11/9/2013,01:04:54,0.00,3.09,953.34,84.90,1
11/9/2013 01:05:24,11/9/2013,01:05:24,0.00,3.07,953.33,84.90,1
11/9/2013 01:05:54,11/9/2013,01:05:54,0.00,3.07,953.31,84.90,5
11/9/2013 01:06:24,11/9/2013,01:06:24,0.00,3.09,953.30,84.90,6
11/9/2013 01:06:54,11/9/2013,01:06:54,0.00,3.07,953.30,84.90,6
11/9/2013 01:07:24,11/9/2013,01:07:24,0.00,3.07,953.31,84.90,5
11/9/2013 01:07:54,11/9/2013,01:07:54,0.00,3.02,953.31,84.90,5
11/9/2013 01:08:24,11/9/2013,01:08:24,0.00,3.02,953.32,84.90,6
11/9/2013 01:08:54,11/9/2013,01:08:54,0.00,3.02,953.31,84.90,19
11/9/2013 01:09:24,11/9/2013,01:09:24,0.00,3.02,953.31,84.90,9
11/9/2013 01:09:54,11/9/2013,01:09:54,0.00,3.02,953.33,84.90,9
11/9/2013 01:10:24,11/9/2013,01:10:24,0.00,3.07,953.32,84.90,15
11/9/2013 01:10:54,11/9/2013,01:10:54,0.00,3.02,953.31,84.90,17
11/9/2013 01:11:24,11/9/2013,01:11:24,0.00,3.02,953.30,84.90,27
11/9/2013 01:11:54,11/9/2013,01:11:54,0.00,3.02,953.26,84.90,27
11/9/2013 01:12:24,11/9/2013,01:12:24,0.00,3.02,953.26,84.90,21
11/9/2013 01:12:54,11/9/2013,01:12:54,0.00,3.02,953.26,84.90,24
11/9/2013 01:13:24,11/9/2013,01:13:24,0.00,3.02,953.26,84.90,24
11/9/2013 01:13:54,11/9/2013,01:13:54,0.00,2.95,953.28,84.90,28
11/9/2013 01:14:24,11/9/2013,01:14:24,0.00,2.95,953.26,84.90,43
11/9/2013 01:14:54,11/9/2013,01:14:54,0.00,2.95,953.26,84.80,42
11/9/2013 01:15:24,11/9/2013,01:15:24,0.00,2.90,953.25,84.90,43
11/9/2013 01:15:54,11/9/2013,01:15:54,0.00,2.87,953.28,84.80,43
11/9/2013 01:16:24,11/9/2013,01:16:24,0.00,2.87,953.24,84.80,43
11/9/2013 01:16:54,11/9/2013,01:16:54,0.00,2.82,953.26,84.80,43
11/9/2013 01:17:24,11/9/2013,01:17:24,0.00,2.79,953.28,84.80,43
11/9/2013 01:17:54,11/9/2013,01:17:54,0.00,2.79,953.32,84.80,43
11/9/2013 01:18:24,11/9/2013,01:18:24,0.00,2.79,953.33,84.80,43
11/9/2013 01:18:54,11/9/2013,01:18:54,0.00,2.79,953.34,84.90,43
11/9/2013 01:19:24,11/9/2013,01:19:24,0.00,2.75,953.33,84.80,43
11/9/2013 01:19:54,11/9/2013,01:19:54,0.00,2.75,953.34,84.90,43
11/9/2013 01:20:24,11/9/2013,01:20:24,0.00,2.70,953.34,84.90,43
11/9/2013 01:20:54,11/9/2013,01:20:54,0.00,2.70,953.34,84.90,42
11/9/2013 01:21:24,11/9/2013,01:21:24,0.00,2.70,953.38,84.90,42
11/9/2013 01:21:54,11/9/2013,01:21:54,0.00,2.70,953.38,84.90,42
11/9/2013 01:22:24,11/9/2013,01:22:24,0.00,2.70,953.38,84.90,42
11/9/2013 01:22:54,11/9/2013,01:22:54,0.00,2.67,953.40,84.90,42
11/9/2013 01:23:24,11/9/2013,01:23:24,0.00,2.67,953.40,84.90,42
11/9/2013 01:23:54,11/9/2013,01:23:54,0.00,2.67,953.40,84.90,42
11/9/2013 01:24:24,11/9/2013,01:24:24,0.00,2.62,953.39,84.90,42
11/9/2013 01:24:54,11/9/2013,01:24:54,0.00,2.62,953.39,84.90,42
11/9/2013 01:25:24,11/9/2013,01:25:24,0.00,2.62,953.38,84.90,42
11/9/2013 01:25:54,11/9/2013,01:25:54,0.00,2.62,953.38,84.90,42
11/9/2013 01:26:24,11/9/2013,01:26:24,0.00,2.62,953.39,84.90,42
11/9/2013 01:26:54,11/9/2013,01:26:54,0.00,2.62,953.41,84.90,42
11/9/2013 01:27:24,11/9/2013,01:27:24,0.00,2.62,953.40,84.90,42
11/9/2013 01:27:54,11/9/2013,01:27:54,0.00,2.62,953.40,84.90,42
11/9/2013 01:28:24,11/9/2013,01:28:24,0.00,2.59,953.40,84.90,42
11/9/2013 01:28:54,11/9/2013,01:28:54,0.00,2.59,953.39,84.90,42
11/9/2013 01:29:24,11/9/2013,01:29:24,0.00,2.54,953.40,84.90,42
11/9/2013 01:29:54,11/9/2013,01:29:54,0.00,2.59,953.40,84.90,42
11/9/2013 01:30:24,11/9/2013,01:30:24,0.00,2.54,953.42,84.90,42
11/9/2013 01:30:54,11/9/2013,01:30:54,0.00,2.54,953.41,84.90,42
11/9/2013 01:31:24,11/9/2013,01:31:24,0.00,2.54,953.39,84.90,42
11/9/2013 01:31:54,11/9/2013,01:31:54,0.00,2.54,953.38,84.90,42
11/9/2013 01:32:24,11/9/2013,01:32:24,0.00,2.54,953.38,84.90,42
11/9/2013 01:32:54,11/9/2013,01:32:54,0.00,2.54,953.39,84.90,42
11/9/2013 01:33:24,11/9/2013,01:33:24,0.00,2.54,953.39,84.90,42
11/9/2013 01:33:54,11/9/2013,01:33:54,0.00,2.54,953.38,84.90,41
11/9/2013 01:34:24,11/9/2013,01:34:24,0.00,2.54,953.38,84.90,28
11/9/2013 01:34:54,11/9/2013,01:34:54,0.00,2.54,953.39,85.00,358
11/9/2013 01:35:24,11/9/2013,01:35:24,0.00,2.54,953.41,84.90,0
11/9/2013 01:35:54,11/9/2013,01:35:54,0.00,2.54,953.45,84.90,0
11/9/2013 01:36:24,11/9/2013,01:36:24,0.00,2.54,953.45,84.90,349
11/9/2013 01:36:54,11/9/2013,01:36:54,0.00,2.54,953.49,85.00,352
11/9/2013 01:37:24,11/9/2013,01:37:24,0.00,2.54,953.49,85.00,344
11/9/2013 01:37:54,11/9/2013,01:37:54,0.00,2.54,953.52,85.00,350
11/9/2013 01:38:24,11/9/2013,01:38:24,0.00,2.54,953.53,85.00,350
11/9/2013 01:38:54,11/9/2013,01:38:54,0.00,2.54,953.55,85.00,351
11/9/2013 01:39:24,11/9/2013,01:39:24,0.00,2.54,953.55,85.00,351
11/9/2013 01:39:54,11/9/2013,01:39:54,0.00,2.54,953.60,85.00,347
11/9/2013 01:40:24,11/9/2013,01:40:24,0.00,2.50,953.58,85.00,349
11/9/2013 01:40:54,11/9/2013,01:40:54,0.00,2.50,953.61,85.00,352
11/9/2013 01:41:24,11/9/2013,01:41:24,0.00,2.47,953.62,85.00,337
11/9/2013 01:41:54,11/9/2013,01:41:54,0.00,2.54,953.62,85.00,350
11/9/2013 01:42:24,11/9/2013,01:42:24,0.00,2.54,953.62,85.00,351
11/9/2013 01:42:54,11/9/2013,01:42:54,0.00,2.54,953.63,85.00,358
11/9/2013 01:43:24,11/9/2013,01:43:24,0.00,2.54,953.64,85.00,358
11/9/2013 01:43:54,11/9/2013,01:43:54,0.00,2.54,953.63,85.00,358
11/9/2013 01:44:24,11/9/2013,01:44:24,0.00,2.54,953.65,85.00,358
11/9/2013 01:44:54,11/9/2013,01:44:54,0.00,2.54,953.65,85.00,355
11/9/2013 01:45:24,11/9/2013,01:45:24,0.00,2.62,953.65,85.00,358
11/9/2013 01:45:54,11/9/2013,01:45:54,0.00,2.62,953.65,85.00,27
11/9/2013 01:46:24,11/9/2013,01:46:24,0.00,2.62,953.64,85.00,23
11/9/2013 01:46:54,11/9/2013,01:46:54,0.00,2.62,953.64,85.00,22
11/9/2013 01:47:24,11/9/2013,01:47:24,0.00,2.62,953.62,85.00,18
11/9/2013 01:47:54,11/9/2013,01:47:54,0.00,2.59,953.62,85.00,39
11/9/2013 01:48:24,11/9/2013,01:48:24,0.00,2.54,953.61,84.90,39
11/9/2013 01:48:54,11/9/2013,01:48:54,0.00,2.54,953.61,84.90,37
11/9/2013 01:49:24,11/9/2013,01:49:24,0.00,2.54,953.61,84.90,36
11/9/2013 01:49:54,11/9/2013,01:49:54,0.00,2.54,953.61,85.00,36
11/9/2013 01:50:24,11/9/2013,01:50:24,0.00,2.54,953.62,85.00,30
11/9/2013 01:50:54,11/9/2013,01:50:54,0.00,2.54,953.62,85.00,34
11/9/2013 01:51:24,11/9/2013,01:51:24,0.00,2.54,953.60,85.00,33
11/9/2013 01:51:54,11/9/2013,01:51:54,0.00,2.54,953.58,85.00,35
11/9/2013 01:52:24,11/9/2013,01:52:24,0.00,2.54,953.57,85.00,35
11/9/2013 01:52:54,11/9/2013,01:52:54,0.00,2.59,953.55,85.00,35
11/9/2013 01:53:24,11/9/2013,01:53:24,0.00,2.59,953.56,85.00,35
11/9/2013 01:53:54,11/9/2013,01:53:54,0.00,2.62,953.56,85.00,35
11/9/2013 01:54:24,11/9/2013,01:54:24,0.00,2.62,953.54,85.00,34
11/9/2013 01:54:54,11/9/2013,01:54:54,0.00,2.62,953.52,85.00,34
11/9/2013 01:55:24,11/9/2013,01:55:24,0.00,2.62,953.52,85.00,35
11/9/2013 01:55:54,11/9/2013,01:55:54,0.00,2.67,953.50,85.00,34
11/9/2013 01:56:24,11/9/2013,01:56:24,0.00,2.70,953.53,85.00,35
11/9/2013 01:56:54,11/9/2013,01:56:54,0.00,2.70,953.53,85.00,34
11/9/2013 01:57:24,11/9/2013,01:57:24,0.00,2.70,953.52,85.00,35
11/9/2013 01:57:54,11/9/2013,01:57:54,0.00,2.70,953.49,85.00,35
11/9/2013 01:58:24,11/9/2013,01:58:24,0.00,2.70,953.47,85.00,36
11/9/2013 01:58:54,11/9/2013,01:58:54,0.00,2.70,953.44,85.00,50
11/9/2013 01:59:24,11/9/2013,01:59:24,0.00,2.70,953.44,85.00,43
11/9/2013 01:59:54,11/9/2013,01:59:54,0.00,2.70,953.41,85.00,43
11/9/2013 02:00:24,11/9/2013,02:00:24,0.00,2.70,953.40,85.00,47
11/9/2013 02:00:54,11/9/2013,02:00:54,0.00,2.70,953.42,85.00,47
11/9/2013 02:01:24,11/9/2013,02:01:24,0.00,2.75,953.42,85.00,43
11/9/2013 02:01:54,11/9/2013,02:01:54,0.00,2.75,953.42,85.00,42
11/9/2013 02:02:24,11/9/2013,02:02:24,0.00,2.70,953.41,85.00,1
11/9/2013 02:02:54,11/9/2013,02:02:54,0.00,2.75,953.42,85.00,7
11/9/2013 02:03:24,11/9/2013,02:03:24,0.00,2.79,953.40,85.00,7
11/9/2013 02:03:54,11/9/2013,02:03:54,0.00,2.79,953.41,85.00,4
11/9/2013 02:04:24,11/9/2013,02:04:24,0.00,2.79,953.37,85.00,8
11/9/2013 02:04:54,11/9/2013,02:04:54,0.00,2.75,953.36,85.00,35
11/9/2013 02:05:24,11/9/2013,02:05:24,0.00,2.75,953.36,85.00,36
11/9/2013 02:05:54,11/9/2013,02:05:54,0.00,2.75,953.34,85.00,33
11/9/2013 02:06:24,11/9/2013,02:06:24,0.00,2.70,953.30,85.00,33
11/9/2013 02:06:54,11/9/2013,02:06:54,0.00,2.70,953.32,85.00,33
11/9/2013 02:07:24,11/9/2013,02:07:24,0.00,2.70,953.32,85.00,30
11/9/2013 02:07:54,11/9/2013,02:07:54,0.00,2.70,953.33,85.00,28
11/9/2013 02:08:24,11/9/2013,02:08:24,0.00,2.70,953.32,85.00,7
11/9/2013 02:08:54,11/9/2013,02:08:54,0.00,2.70,953.33,85.00,9
11/9/2013 02:09:24,11/9/2013,02:09:24,0.00,2.75,953.33,85.00,12
11/9/2013 02:09:54,11/9/2013,02:09:54,0.00,2.75,953.34,85.00,11
11/9/2013 02:10:24,11/9/2013,02:10:24,0.00,2.75,953.33,85.00,11
11/9/2013 02:10:54,11/9/2013,02:10:54,0.00,2.75,953.33,85.09,12
11/9/2013 02:11:24,11/9/2013,02:11:24,0.00,2.75,953.33,85.09,11
11/9/2013 02:11:54,11/9/2013,02:11:54,0.00,2.75,953.33,85.09,16
11/9/2013 02:12:24,11/9/2013,02:12:24,0.00,2.79,953.34,85.09,27
11/9/2013 02:12:54,11/9/2013,02:12:54,0.00,2.79,953.36,85.09,21
11/9/2013 02:13:24,11/9/2013,02:13:24,0.00,2.75,953.33,85.09,20
11/9/2013 02:13:54,11/9/2013,02:13:54,0.00,2.70,953.33,85.00,27
11/9/2013 02:14:24,11/9/2013,02:14:24,0.00,2.70,953.31,85.00,27
11/9/2013 02:14:54,11/9/2013,02:14:54,0.00,2.70,953.32,85.00,27
11/9/2013 02:15:24,11/9/2013,02:15:24,0.00,2.67,953.32,85.00,28
11/9/2013 02:15:54,11/9/2013,02:15:54,0.00,2.70,953.32,85.00,28
11/9/2013 02:16:24,11/9/2013,02:16:24,0.00,2.67,953.32,85.00,28
11/9/2013 02:16:54,11/9/2013,02:16:54,0.00,2.67,953.32,85.00,27
11/9/2013 02:17:24,11/9/2013,02:17:24,0.00,2.62,953.33,85.00,27
11/9/2013 02:17:54,11/9/2013,02:17:54,0.00,2.62,953.32,85.00,27
11/9/2013 02:18:24,11/9/2013,02:18:24,0.00,2.62,953.32,85.00,357
11/9/2013 02:18:54,11/9/2013,02:18:54,0.00,2.59,953.32,85.00,309
11/9/2013 02:19:24,11/9/2013,02:19:24,0.00,2.54,953.33,85.09,289
11/9/2013 02:19:54,11/9/2013,02:19:54,0.00,2.54,953.32,85.09,300
11/9/2013 02:20:24,11/9/2013,02:20:24,0.00,2.50,953.33,85.09,304
11/9/2013 02:20:54,11/9/2013,02:20:54,0.00,2.54,953.33,85.09,320
11/9/2013 02:21:24,11/9/2013,02:21:24,0.00,2.50,953.32,85.09,311
11/9/2013 02:21:54,11/9/2013,02:21:54,0.00,2.47,953.32,85.09,318
11/9/2013 02:22:24,11/9/2013,02:22:24,0.00,2.47,953.33,85.00,308
11/9/2013 02:22:54,11/9/2013,02:22:54,0.00,2.47,953.33,85.00,314
11/9/2013 02:23:24,11/9/2013,02:23:24,0.00,2.47,953.33,85.09,313
11/9/2013 02:23:54,11/9/2013,02:23:54,0.00,2.42,953.32,85.09,317
11/9/2013 02:24:24,11/9/2013,02:24:24,0.00,2.40,953.32,85.09,332
11/9/2013 02:24:54,11/9/2013,02:24:54,0.00,2.34,953.31,85.00,332
11/9/2013 02:25:24,11/9/2013,02:25:24,0.00,2.34,953.31,85.00,332
11/9/2013 02:25:54,11/9/2013,02:25:54,0.00,2.32,953.31,85.00,352
11/9/2013 02:26:24,11/9/2013,02:26:24,0.00,2.32,953.31,85.09,2
11/9/2013 02:26:54,11/9/2013,02:26:54,0.00,2.22,953.30,85.00,2
11/9/2013 02:27:24,11/9/2013,02:27:24,0.00,2.22,953.30,85.09,356
11/9/2013 02:27:54,11/9/2013,02:27:54,0.00,2.22,953.30,85.09,353
11/9/2013 02:28:24,11/9/2013,02:28:24,0.00,2.22,953.34,85.09,356
11/9/2013 02:28:54,11/9/2013,02:28:54,0.00,2.20,953.34,85.09,355
11/9/2013 02:29:24,11/9/2013,02:29:24,0.00,2.15,953.37,85.09,336
11/9/2013 02:29:54,11/9/2013,02:29:54,0.00,2.15,953.36,85.09,358
11/9/2013 02:30:24,11/9/2013,02:30:24,0.00,2.15,953.33,85.09,358
11/9/2013 02:30:54,11/9/2013,02:30:54,0.00,2.12,953.34,85.09,359
11/9/2013 02:31:24,11/9/2013,02:31:24,0.00,2.12,953.36,85.09,5
11/9/2013 02:31:54,11/9/2013,02:31:54,0.00,2.07,953.39,85.09,359
11/9/2013 02:32:24,11/9/2013,02:32:24,0.00,2.07,953.42,85.09,5
11/9/2013 02:32:54,11/9/2013,02:32:54,0.00,2.07,953.42,85.09,9
11/9/2013 02:33:24,11/9/2013,02:33:24,0.00,2.07,953.45,85.09,3
11/9/2013 02:33:54,11/9/2013,02:33:54,0.00,2.07,953.45,85.09,7
11/9/2013 02:34:24,11/9/2013,02:34:24,0.00,2.07,953.41,85.09,348
11/9/2013 02:34:54,11/9/2013,02:34:54,0.00,2.00,953.40,85.09,2
11/9/2013 02:35:24,11/9/2013,02:35:24,0.00,2.00,953.39,85.09,35
11/9/2013 02:35:54,11/9/2013,02:35:54,0.00,2.00,953.39,85.09,39
11/9/2013 02:36:24,11/9/2013,02:36:24,0.00,1.92,953.39,85.00,39
11/9/2013 02:36:54,11/9/2013,02:36:54,0.00,1.92,953.38,85.00,39
11/9/2013 02:37:24,11/9/2013,02:37:24,0.00,1.82,953.37,85.00,38
11/9/2013 02:37:54,11/9/2013,02:37:54,0.00,1.79,953.33,85.00,39
11/9/2013 02:38:24,11/9/2013,02:38:24,0.00,1.75,953.34,85.00,52
11/9/2013 02:38:54,11/9/2013,02:38:54,0.00,1.75,953.32,85.09,86
11/9/2013 02:39:24,11/9/2013,02:39:24,0.00,1.67,953.32,85.09,84
11/9/2013 02:39:54,11/9/2013,02:39:54,0.00,1.67,953.31,85.09,75
11/9/2013 02:40:24,11/9/2013,02:40:24,0.00,1.64,953.34,85.00,67
11/9/2013 02:40:54,11/9/2013,02:40:54,0.00,1.64,953.34,85.00,67
11/9/2013 02:41:24,11/9/2013,02:41:24,0.00,1.60,953.36,85.00,49
11/9/2013 02:41:54,11/9/2013,02:41:54,0.00,1.60,953.38,85.09,49
11/9/2013 02:42:24,11/9/2013,02:42:24,0.00,1.60,953.38,85.09,36
11/9/2013 02:42:54,11/9/2013,02:42:54,0.00,1.60,953.37,85.09,30
11/9/2013 02:43:24,11/9/2013,02:43:24,0.00,1.60,953.37,85.09,33
11/9/2013 02:43:54,11/9/2013,02:43:54,0.00,1.60,953.37,85.09,356
11/9/2013 02:44:24,11/9/2013,02:44:24,0.00,1.64,953.40,85.09,341
11/9/2013 02:44:54,11/9/2013,02:44:54,0.00,1.64,953.40,85.19,331
11/9/2013 02:45:24,11/9/2013,02:45:24,0.00,1.60,953.38,85.19,324
11/9/2013 02:45:54,11/9/2013,02:45:54,0.00,1.60,953.38,85.19,326
11/9/2013 02:46:24,11/9/2013,02:46:24,0.00,1.60,953.39,85.09,354
11/9/2013 02:46:54,11/9/2013,02:46:54,0.00,1.54,953.42,85.09,358
11/9/2013 02:47:24,11/9/2013,02:47:24,0.00,1.52,953.40,85.19,16
11/9/2013 02:47:54,11/9/2013,02:47:54,0.00,1.52,953.38,85.09,16
11/9/2013 02:48:24,11/9/2013,02:48:24,0.00,1.52,953.41,85.19,2
11/9/2013 02:48:54,11/9/2013,02:48:54,0.00,1.52,953.42,85.19,5
11/9/2013 02:49:24,11/9/2013,02:49:24,0.00,1.52,953.42,85.19,3
11/9/2013 02:49:54,11/9/2013,02:49:54,0.00,1.52,953.44,85.19,0
11/9/2013 02:50:24,11/9/2013,02:50:24,0.00,1.52,953.44,85.19,2
11/9/2013 02:50:54,11/9/2013,02:50:54,0.00,1.47,953.42,85.19,3
11/9/2013 02:51:24,11/9/2013,02:51:24,0.00,1.47,953.41,85.19,2
11/9/2013 02:51:54,11/9/2013,02:51:54,0.00,1.45,953.40,85.19,3
11/9/2013 02:52:24,11/9/2013,02:52:24,0.00,1.45,953.37,85.19,10
11/9/2013 02:52:54,11/9/2013,02:52:54,0.00,1.45,953.37,85.19,10
11/9/2013 02:53:24,11/9/2013,02:53:24,0.00,1.45,953.34,85.19,5
11/9/2013 02:53:54,11/9/2013,02:53:54,0.00,1.45,953.34,85.19,3
11/9/2013 02:54:24,11/9/2013,02:54:24,0.00,1.45,953.34,85.19,3
11/9/2013 02:54:54,11/9/2013,02:54:54,0.00,1.45,953.33,85.19,0
11/9/2013 02:55:24,11/9/2013,02:55:24,0.00,1.39,953.33,85.19,3
11/9/2013 02:55:54,11/9/2013,02:55:54,0.00,1.39,953.31,85.19,5
11/9/2013 02:56:24,11/9/2013,02:56:24,0.00,1.35,953.30,85.19,22
11/9/2013 02:56:54,11/9/2013,02:56:54,0.00,1.35,953.26,85.19,47
11/9/2013 02:57:24,11/9/2013,02:57:24,0.00,1.35,953.23,85.19,40
11/9/2013 02:57:54,11/9/2013,02:57:54,0.00,1.32,953.22,85.09,41
11/9/2013 02:58:24,11/9/2013,02:58:24,0.00,1.27,953.22,85.19,42
11/9/2013 02:58:54,11/9/2013,02:58:54,0.00,1.27,953.21,85.19,42
11/9/2013 02:59:24,11/9/2013,02:59:24,0.00,1.27,953.18,85.19,33
11/9/2013 02:59:54,11/9/2013,02:59:54,0.00,1.27,953.18,85.19,36
11/9/2013 03:00:24,11/9/2013,03:00:24,0.00,1.25,953.18,85.19,37
11/9/2013 03:00:54,11/9/2013,03:00:54,0.00,1.20,953.20,85.19,37
11/9/2013 03:01:24,11/9/2013,03:01:24,0.00,1.20,953.21,85.19,37
11/9/2013 03:01:54,11/9/2013,03:01:54,0.00,1.20,953.21,85.19,37
11/9/2013 03:02:24,11/9/2013,03:02:24,0.00,1.17,953.21,85.19,37
11/9/2013 03:02:54,11/9/2013,03:02:54,0.00,1.17,953.22,85.19,36
11/9/2013 03:03:24,11/9/2013,03:03:24,0.00,1.17,953.22,85.19,17
11/9/2013 03:03:54,11/9/2013,03:03:54,0.00,1.20,953.21,85.19,346
11/9/2013 03:04:24,11/9/2013,03:04:24,0.00,1.20,953.22,85.19,353
11/9/2013 03:04:54,11/9/2013,03:04:54,0.00,1.20,953.22,85.19,11
11/9/2013 03:05:24,11/9/2013,03:05:24,0.00,1.20,953.22,85.19,0
11/9/2013 03:05:54,11/9/2013,03:05:54,0.00,1.25,953.22,85.30,355
11/9/2013 03:06:24,11/9/2013,03:06:24,0.00,1.20,953.23,85.30,25
11/9/2013 03:06:54,11/9/2013,03:06:54,0.00,1.20,953.22,85.19,18
11/9/2013 03:07:24,11/9/2013,03:07:24,0.00,1.20,953.24,85.30,27
11/9/2013 03:07:54,11/9/2013,03:07:54,0.00,1.20,953.24,85.30,27
11/9/2013 03:08:24,11/9/2013,03:08:24,0.00,1.17,953.25,85.19,27
11/9/2013 03:08:54,11/9/2013,03:08:54,0.00,1.12,953.23,85.19,27
11/9/2013 03:09:24,11/9/2013,03:09:24,0.00,1.12,953.22,85.19,51
11/9/2013 03:09:54,11/9/2013,03:09:54,0.00,1.07,953.21,85.19,47
11/9/2013 03:10:24,11/9/2013,03:10:24,0.00,1.04,953.23,85.19,49
11/9/2013 03:10:54,11/9/2013,03:10:54,0.00,1.00,953.22,85.19,47
11/9/2013 03:11:24,11/9/2013,03:11:24,0.00,0.97,953.18,85.19,50
11/9/2013 03:11:54,11/9/2013,03:11:54,0.00,0.92,953.18,85.19,48
11/9/2013 03:12:24,11/9/2013,03:12:24,0.00,0.87,953.20,85.19,47
11/9/2013 03:12:54,11/9/2013,03:12:54,0.00,0.87,953.20,85.19,47
11/9/2013 03:13:24,11/9/2013,03:13:24,0.00,0.87,953.22,85.19,49
11/9/2013 03:13:54,11/9/2013,03:13:54,0.00,0.80,953.23,85.19,47
11/9/2013 03:14:24,11/9/2013,03:14:24,0.00,0.80,953.23,85.19,48
11/9/2013 03:14:54,11/9/2013,03:14:54,0.00,0.77,953.24,85.19,44
11/9/2013 03:15:24,11/9/2013,03:15:24,0.00,0.80,953.25,85.19,358
11/9/2013 03:15:54,11/9/2013,03:15:54,0.00,0.77,953.22,85.19,11
11/9/2013 03:16:24,11/9/2013,03:16:24,0.00,0.80,953.23,85.19,24
11/9/2013 03:16:54,11/9/2013,03:16:54,0.00,0.77,953.21,85.19,17
11/9/2013 03:17:24,11/9/2013,03:17:24,0.00,0.77,953.22,85.30,17
11/9/2013 03:17:54,11/9/2013,03:17:54,0.00,0.80,953.20,85.30,20
11/9/2013 03:18:24,11/9/2013,03:18:24,0.00,0.80,953.21,85.30,27
11/9/2013 03:18:54,11/9/2013,03:18:54,0.00,0.80,953.20,85.30,33
11/9/2013 03:19:24,11/9/2013,03:19:24,0.00,0.80,953.20,85.30,33
11/9/2013 03:19:54,11/9/2013,03:19:54,0.00,0.80,953.20,85.30,33
11/9/2013 03:20:24,11/9/2013,03:20:24,0.00,0.80,953.18,85.30,33
11/9/2013 03:20:54,11/9/2013,03:20:54,0.00,0.80,953.21,85.30,33
11/9/2013 03:21:24,11/9/2013,03:21:24,0.00,0.80,953.18,85.30,33
11/9/2013 03:21:54,11/9/2013,03:21:54,0.00,0.80,953.20,85.30,33
11/9/2013 03:22:24,11/9/2013,03:22:24,0.00,0.80,953.18,85.30,33
11/9/2013 03:22:54,11/9/2013,03:22:54,0.00,0.80,953.20,85.30,27
11/9/2013 03:23:24,11/9/2013,03:23:24,0.00,0.80,953.20,85.30,25
11/9/2013 03:23:54,11/9/2013,03:23:54,0.00,0.80,953.18,85.30,16
11/9/2013 03:24:24,11/9/2013,03:24:24,0.00,0.80,953.21,85.30,19
11/9/2013 03:24:54,11/9/2013,03:24:54,0.00,0.80,953.21,85.30,20
11/9/2013 03:25:24,11/9/2013,03:25:24,0.00,0.85,953.21,85.30,6
11/9/2013 03:25:54,11/9/2013,03:25:54,0.00,0.85,953.20,85.30,309
11/9/2013 03:26:24,11/9/2013,03:26:24,0.00,0.87,953.18,85.30,41
11/9/2013 03:26:54,11/9/2013,03:26:54,0.00,0.87,953.20,85.30,35
11/9/2013 03:27:24,11/9/2013,03:27:24,0.00,0.87,953.18,85.40,51
11/9/2013 03:27:54,11/9/2013,03:27:54,0.00,0.80,953.18,85.30,60
11/9/2013 03:28:24,11/9/2013,03:28:24,0.00,0.80,953.17,85.30,55
11/9/2013 03:28:54,11/9/2013,03:28:54,0.00,0.80,953.17,85.30,47
11/9/2013 03:29:24,11/9/2013,03:29:24,0.00,0.80,953.14,85.30,6
11/9/2013 03:29:54,11/9/2013,03:29:54,0.00,0.80,953.14,85.30,22
11/9/2013 03:30:24,11/9/2013,03:30:24,0.00,0.80,953.13,85.30,0
11/9/2013 03:30:54,11/9/2013,03:30:54,0.00,0.85,953.14,85.40,347
11/9/2013 03:31:24,11/9/2013,03:31:24,0.00,0.80,953.13,85.40,352
11/9/2013 03:31:54,11/9/2013,03:31:54,0.00,0.80,953.13,85.30,352
11/9/2013 03:32:24,11/9/2013,03:32:24,0.00,0.80,953.10,85.30,352
11/9/2013 03:32:54,11/9/2013,03:32:54,0.00,0.80,953.09,85.30,352
11/9/2013 03:33:24,11/9/2013,03:33:24,0.00,0.80,953.09,85.30,349
11/9/2013 03:33:54,11/9/2013,03:33:54,0.00,0.80,953.08,85.40,352
11/9/2013 03:34:24,11/9/2013,03:34:24,0.00,0.80,953.08,85.40,353
11/9/2013 03:34:54,11/9/2013,03:34:54,0.00,0.80,953.08,85.40,351
11/9/2013 03:35:24,11/9/2013,03:35:24,0.00,0.80,953.08,85.40,323
11/9/2013 03:35:54,11/9/2013,03:35:54,0.00,0.80,953.08,85.40,348
11/9/2013 03:36:24,11/9/2013,03:36:24,0.00,0.77,953.07,85.40,352
11/9/2013 03:36:54,11/9/2013,03:36:54,0.00,0.77,953.06,85.40,353
11/9/2013 03:37:24,11/9/2013,03:37:24,0.00,0.72,953.02,85.40,14
11/9/2013 03:37:54,11/9/2013,03:37:54,0.00,0.72,952.99,85.40,33
11/9/2013 03:38:24,11/9/2013,03:38:24,0.00,0.72,952.98,85.40,352
11/9/2013 03:38:54,11/9/2013,03:38:54,0.00,0.72,952.99,85.40,356
11/9/2013 03:39:24,11/9/2013,03:39:24,0.00,0.72,952.99,85.40,0
11/9/2013 03:39:54,11/9/2013,03:39:54,0.00,0.72,953.01,85.40,355
11/9/2013 03:40:24,11/9/2013,03:40:24,0.00,0.72,953.00,85.40,358
11/9/2013 03:40:54,11/9/2013,03:40:54,0.00,0.72,953.00,85.40,0
11/9/2013 03:41:24,11/9/2013,03:41:24,0.00,0.67,952.99,85.40,15
11/9/2013 03:41:54,11/9/2013,03:41:54,0.00,0.72,953.00,85.40,9
11/9/2013 03:42:24,11/9/2013,03:42:24,0.00,0.64,952.99,85.40,11
11/9/2013 03:42:54,11/9/2013,03:42:54,0.00,0.64,953.00,85.40,4
11/9/2013 03:43:24,11/9/2013,03:43:24,0.00,0.64,952.99,85.40,5
11/9/2013 03:43:54,11/9/2013,03:43:54,0.00,0.67,952.99,85.40,2
11/9/2013 03:44:24,11/9/2013,03:44:24,0.00,0.64,953.01,85.40,5
11/9/2013 03:44:54,11/9/2013,03:44:54,0.00,0.64,953.02,85.40,3
11/9/2013 03:45:24,11/9/2013,03:45:24,0.00,0.67,953.05,85.40,359
11/9/2013 03:45:54,11/9/2013,03:45:54,0.00,0.64,953.05,85.40,9
11/9/2013 03:46:24,11/9/2013,03:46:24,0.00,0.67,953.05,85.40,5
11/9/2013 03:46:54,11/9/2013,03:46:54,0.00,0.64,953.05,85.50,356
11/9/2013 03:47:24,11/9/2013,03:47:24,0.00,0.64,953.06,85.40,359
11/9/2013 03:47:54,11/9/2013,03:47:54,0.00,0.64,953.04,85.40,4
11/9/2013 03:48:24,11/9/2013,03:48:24,0.00,0.64,953.01,85.40,20
11/9/2013 03:48:54,11/9/2013,03:48:54,0.00,0.60,953.00,85.40,23
11/9/2013 03:49:24,11/9/2013,03:49:24,0.00,0.60,952.97,85.40,35
11/9/2013 03:49:54,11/9/2013,03:49:54,0.00,0.57,952.97,85.40,32
11/9/2013 03:50:24,11/9/2013,03:50:24,0.00,0.57,952.98,85.40,31
11/9/2013 03:50:54,11/9/2013,03:50:54,0.00,0.57,952.99,85.40,32
11/9/2013 03:51:24,11/9/2013,03:51:24,0.00,0.57,952.98,85.40,34
11/9/2013 03:51:54,11/9/2013,03:51:54,0.00,0.57,952.99,85.40,28
11/9/2013 03:52:24,11/9/2013,03:52:24,0.00,0.57,953.00,85.40,29
11/9/2013 03:52:54,11/9/2013,03:52:54,0.00,0.52,953.01,85.40,29
11/9/2013 03:53:24,11/9/2013,03:53:24,0.00,0.57,952.99,85.40,30
11/9/2013 03:53:54,11/9/2013,03:53:54,0.00,0.50,953.00,85.40,30
11/9/2013 03:54:24,11/9/2013,03:54:24,0.00,0.50,952.99,85.40,23
11/9/2013 03:54:54,11/9/2013,03:54:54,0.00,0.52,952.97,85.40,24
11/9/2013 03:55:24,11/9/2013,03:55:24,0.00,0.50,952.94,85.50,29
11/9/2013 03:55:54,11/9/2013,03:55:54,0.00,0.50,952.97,85.40,31
11/9/2013 03:56:24,11/9/2013,03:56:24,0.00,0.40,952.97,85.40,30
11/9/2013 03:56:54,11/9/2013,03:56:54,0.00,0.40,952.93,85.40,30
11/9/2013 03:57:24,11/9/2013,03:57:24,0.00,0.40,952.92,85.40,35
11/9/2013 03:57:54,11/9/2013,03:57:54,0.00,0.40,952.92,85.40,36
11/9/2013 03:58:24,11/9/2013,03:58:24,0.00,0.40,952.91,85.40,35
11/9/2013 03:58:54,11/9/2013,03:58:54,0.00,0.37,952.89,85.40,36
11/9/2013 03:59:24,11/9/2013,03:59:24,0.00,0.32,952.91,85.40,33
11/9/2013 03:59:54,11/9/2013,03:59:54,0.00,0.32,952.92,85.40,35
11/9/2013 04:00:24,11/9/2013,04:00:24,0.00,0.30,952.92,85.40,55
11/9/2013 04:00:54,11/9/2013,04:00:54,0.00,0.25,952.92,85.40,55
11/9/2013 04:01:24,11/9/2013,04:01:24,0.00,0.25,952.91,85.40,51
11/9/2013 04:01:54,11/9/2013,04:01:54,0.00,0.25,952.92,85.40,52
11/9/2013 04:02:24,11/9/2013,04:02:24,0.00,0.20,952.92,85.40,52
11/9/2013 04:02:54,11/9/2013,04:02:54,0.00,0.20,952.92,85.40,52
11/9/2013 04:03:24,11/9/2013,04:03:24,0.00,0.17,952.91,85.40,52
11/9/2013 04:03:54,11/9/2013,04:03:54,0.00,0.17,952.90,85.40,55
11/9/2013 04:04:24,11/9/2013,04:04:24,0.00,0.12,952.89,85.40,55
11/9/2013 04:04:54,11/9/2013,04:04:54,0.00,0.10,952.90,85.40,52
11/9/2013 04:05:24,11/9/2013,04:05:24,0.00,0.10,952.91,85.40,13
11/9/2013 04:05:54,11/9/2013,04:05:54,0.00,0.10,952.90,85.50,20
11/9/2013 04:06:24,11/9/2013,04:06:24,0.00,0.10,952.90,85.40,61
11/9/2013 04:06:54,11/9/2013,04:06:54,0.00,0.10,952.91,85.50,50
11/9/2013 04:07:24,11/9/2013,04:07:24,0.00,0.05,952.92,85.40,49
11/9/2013 04:07:54,11/9/2013,04:07:54,0.00,0.05,952.94,85.40,42
11/9/2013 04:08:24,11/9/2013,04:08:24,0.00,0.05,952.93,85.40,43
11/9/2013 04:08:54,11/9/2013,04:08:54,0.00,0.05,952.94,85.50,43
11/9/2013 04:09:24,11/9/2013,04:09:24,0.00,0.05,952.96,85.50,43
11/9/2013 04:09:54,11/9/2013,04:09:54,0.00,0,952.96,85.50,54
11/9/2013 04:10:24,11/9/2013,04:10:24,0.00,-0.07,952.96,85.40,40
11/9/2013 04:10:54,11/9/2013,04:10:54,0.00,-0.02,952.96,85.40,34
11/9/2013 04:11:24,11/9/2013,04:11:24,0.00,-0.02,952.96,85.50,34
11/9/2013 04:11:54,11/9/2013,04:11:54,0.00,0,952.97,85.50,35
11/9/2013 04:12:24,11/9/2013,04:12:24,0.00,-0.07,952.94,85.50,33
11/9/2013 04:12:54,11/9/2013,04:12:54,0.00,-0.02,952.94,85.50,48
11/9/2013 04:13:24,11/9/2013,04:13:24,0.00,-0.02,952.96,85.50,41
11/9/2013 04:13:54,11/9/2013,04:13:54,0.00,-0.07,952.97,85.50,41
11/9/2013 04:14:24,11/9/2013,04:14:24,0.00,-0.07,952.93,85.50,53
11/9/2013 04:14:54,11/9/2013,04:14:54,0.00,-0.07,952.92,85.50,54
11/9/2013 04:15:24,11/9/2013,04:15:24,0.00,-0.07,952.93,85.50,22
11/9/2013 04:15:54,11/9/2013,04:15:54,0.00,-0.07,952.93,85.50,23
11/9/2013 04:16:24,11/9/2013,04:16:24,0.00,-0.07,952.96,85.50,36
11/9/2013 04:16:54,11/9/2013,04:16:54,0.00,-0.07,952.96,85.50,35
11/9/2013 04:17:24,11/9/2013,04:17:24,0.00,-0.07,952.98,85.50,35
11/9/2013 04:17:54,11/9/2013,04:17:54,0.00,-0.07,952.98,85.50,34
11/9/2013 04:18:24,11/9/2013,04:18:24,0.00,-0.07,952.98,85.50,34
11/9/2013 04:18:54,11/9/2013,04:18:54,0.00,-0.07,952.98,85.59,34
11/9/2013 04:19:24,11/9/2013,04:19:24,0.00,-0.07,952.98,85.59,34
11/9/2013 04:19:54,11/9/2013,04:19:54,0.00,-0.07,952.97,85.59,34
11/9/2013 04:20:24,11/9/2013,04:20:24,0.00,-0.07,952.98,85.59,34
11/9/2013 04:20:54,11/9/2013,04:20:54,0.00,-0.02,952.98,85.59,34
11/9/2013 04:21:24,11/9/2013,04:21:24,0.00,-0.02,952.98,85.59,59
11/9/2013 04:21:54,11/9/2013,04:21:54,0.00,-0.02,952.96,85.69,58
11/9/2013 04:22:24,11/9/2013,04:22:24,0.00,0,952.94,85.69,56
11/9/2013 04:22:54,11/9/2013,04:22:54,0.00,0,952.94,85.69,56
11/9/2013 04:23:24,11/9/2013,04:23:24,0.00,0,952.94,85.69,56
11/9/2013 04:23:54,11/9/2013,04:23:54,0.00,0,952.97,85.69,56
11/9/2013 04:24:24,11/9/2013,04:24:24,0.00,0,952.98,85.69,56
11/9/2013 04:24:54,11/9/2013,04:24:54,0.00,0,952.99,85.69,32
11/9/2013 04:25:24,11/9/2013,04:25:24,0.00,0.05,953.01,85.69,31
11/9/2013 04:25:54,11/9/2013,04:25:54,0.00,0.05,953.04,85.69,28
11/9/2013 04:26:24,11/9/2013,04:26:24,0.00,0.10,953.01,85.69,29
11/9/2013 04:26:54,11/9/2013,04:26:54,0.00,0.10,953.01,85.69,28
11/9/2013 04:27:24,11/9/2013,04:27:24,0.00,0.17,953.00,85.69,30
11/9/2013 04:27:54,11/9/2013,04:27:54,0.00,0.17,952.99,85.69,28
11/9/2013 04:28:24,11/9/2013,04:28:24,0.00,0.17,952.98,85.69,29
11/9/2013 04:28:54,11/9/2013,04:28:54,0.00,0.17,952.99,85.69,30
11/9/2013 04:29:24,11/9/2013,04:29:24,0.00,0.17,953.00,85.69,36
11/9/2013 04:29:54,11/9/2013,04:29:54,0.00,0.17,952.99,85.69,38
11/9/2013 04:30:24,11/9/2013,04:30:24,0.00,0.17,952.99,85.69,39
11/9/2013 04:30:54,11/9/2013,04:30:54,0.00,0.17,952.99,85.59,39
11/9/2013 04:31:24,11/9/2013,04:31:24,0.00,0.17,952.99,85.59,39
11/9/2013 04:31:54,11/9/2013,04:31:54,0.00,0.17,952.99,85.59,39
11/9/2013 04:32:24,11/9/2013,04:32:24,0.00,0.12,952.99,85.59,37
11/9/2013 04:32:54,11/9/2013,04:32:54,0.00,0.17,952.99,85.69,36
11/9/2013 04:33:24,11/9/2013,04:33:24,0.00,0.17,952.96,85.69,37
11/9/2013 04:33:54,11/9/2013,04:33:54,0.00,0.17,952.94,85.69,38
11/9/2013 04:34:24,11/9/2013,04:34:24,0.00,0.17,952.96,85.69,64
11/9/2013 04:34:54,11/9/2013,04:34:54,0.00,0.17,952.99,85.59,63
11/9/2013 04:35:24,11/9/2013,04:35:24,0.00,0.17,952.99,85.69,57
11/9/2013 04:35:54,11/9/2013,04:35:54,0.00,0.17,952.98,85.69,51
11/9/2013 04:36:24,11/9/2013,04:36:24,0.00,0.17,952.98,85.69,40
11/9/2013 04:36:54,11/9/2013,04:36:54,0.00,0.17,952.94,85.69,40
11/9/2013 04:37:24,11/9/2013,04:37:24,0.00,0.17,952.91,85.69,52
11/9/2013 04:37:54,11/9/2013,04:37:54,0.00,0.10,952.90,85.59,54
11/9/2013 04:38:24,11/9/2013,04:38:24,0.00,0.12,952.89,85.59,47
11/9/2013 04:38:54,11/9/2013,04:38:54,0.00,0.17,952.88,85.59,44
11/9/2013 04:39:24,11/9/2013,04:39:24,0.00,0.17,952.85,85.59,49
11/9/2013 04:39:54,11/9/2013,04:39:54,0.00,0.12,952.83,85.59,55
11/9/2013 04:40:24,11/9/2013,04:40:24,0.00,0.17,952.82,85.69,54
11/9/2013 04:40:54,11/9/2013,04:40:54,0.00,0,952.82,85.59,65
11/9/2013 04:41:24,11/9/2013,04:41:24,0.00,0.05,952.78,85.40,9
11/9/2013 04:41:54,11/9/2013,04:41:54,0.00,0.10,952.78,85.50,358
11/9/2013 04:42:24,11/9/2013,04:42:24,0.00,0.17,952.78,85.59,64
11/9/2013 04:42:54,11/9/2013,04:42:54,0.00,0.10,952.76,85.69,30
11/9/2013 04:43:24,11/9/2013,04:43:24,0.00,0.10,952.77,85.69,29
11/9/2013 04:43:54,11/9/2013,04:43:54,0.00,0.17,952.76,85.69,60
11/9/2013 04:44:24,11/9/2013,04:44:24,0.00,0.17,952.77,85.69,60
11/9/2013 04:44:54,11/9/2013,04:44:54,0.00,0.17,952.75,85.69,60
11/9/2013 04:45:24,11/9/2013,04:45:24,0.00,0.17,952.74,85.69,24
11/9/2013 04:45:54,11/9/2013,04:45:54,0.00,0.17,952.76,85.69,24
11/9/2013 04:46:24,11/9/2013,04:46:24,0.00,0.17,952.74,85.69,35
11/9/2013 04:46:54,11/9/2013,04:46:54,0.00,0.17,952.77,85.69,35
11/9/2013 04:47:24,11/9/2013,04:47:24,0.00,0.17,952.76,85.69,35
11/9/2013 04:47:54,11/9/2013,04:47:54,0.00,0.20,952.77,85.69,35
11/9/2013 04:48:24,11/9/2013,04:48:24,0.00,0.25,952.76,85.69,35
11/9/2013 04:48:54,11/9/2013,04:48:54,0.00,0.25,952.76,85.69,35
11/9/2013 04:49:24,11/9/2013,04:49:24,0.00,0.25,952.74,85.69,35
11/9/2013 04:49:54,11/9/2013,04:49:54,0.00,0.25,952.74,85.69,35
11/9/2013 04:50:24,11/9/2013,04:50:24,0.00,0.25,952.73,85.69,35
11/9/2013 04:50:54,11/9/2013,04:50:54,0.00,0.30,952.74,85.69,35
11/9/2013 04:51:24,11/9/2013,04:51:24,0.00,0.25,952.75,85.69,35
11/9/2013 04:51:54,11/9/2013,04:51:54,0.00,0.25,952.73,85.69,35
11/9/2013 04:52:24,11/9/2013,04:52:24,0.00,0.25,952.70,85.69,35
11/9/2013 04:52:54,11/9/2013,04:52:54,0.00,0.25,952.69,85.69,35
11/9/2013 04:53:24,11/9/2013,04:53:24,0.00,0.25,952.70,85.69,35
11/9/2013 04:53:54,11/9/2013,04:53:54,0.00,0.25,952.70,85.69,35
11/9/2013 04:54:24,11/9/2013,04:54:24,0.00,0.25,952.74,85.69,35
11/9/2013 04:54:54,11/9/2013,04:54:54,0.00,0.25,952.73,85.69,35
11/9/2013 04:55:24,11/9/2013,04:55:24,0.00,0.25,952.76,85.69,36
11/9/2013 04:55:54,11/9/2013,04:55:54,0.00,0.25,952.76,85.69,36
11/9/2013 04:56:24,11/9/2013,04:56:24,0.00,0.25,952.78,85.69,35
11/9/2013 04:56:54,11/9/2013,04:56:54,0.00,0.25,952.81,85.69,35
11/9/2013 04:57:24,11/9/2013,04:57:24,0.00,0.25,952.82,85.69,36
11/9/2013 04:57:54,11/9/2013,04:57:54,0.00,0.25,952.82,85.69,35
11/9/2013 04:58:24,11/9/2013,04:58:24,0.00,0.30,952.82,85.69,35
11/9/2013 04:58:54,11/9/2013,04:58:54,0.00,0.32,952.81,85.80,42
11/9/2013 04:59:24,11/9/2013,04:59:24,0.00,0.32,952.81,85.80,42
11/9/2013 04:59:54,11/9/2013,04:59:54,0.00,0.32,952.80,85.69,42
11/9/2013 05:00:24,11/9/2013,05:00:24,0.00,0.32,952.78,85.80,43
11/9/2013 05:00:54,11/9/2013,05:00:54,0.00,0.32,952.80,85.69,42
11/9/2013 05:01:24,11/9/2013,05:01:24,0.00,0.32,952.76,85.69,42
11/9/2013 05:01:54,11/9/2013,05:01:54,0.00,0.37,952.76,85.69,42
11/9/2013 05:02:24,11/9/2013,05:02:24,0.00,0.40,952.77,85.80,42
11/9/2013 05:02:54,11/9/2013,05:02:54,0.00,0.40,952.77,85.80,42
11/9/2013 05:03:24,11/9/2013,05:03:24,0.00,0.37,952.75,85.69,42
11/9/2013 05:03:54,11/9/2013,05:03:54,0.00,0.40,952.76,85.69,42
11/9/2013 05:04:24,11/9/2013,05:04:24,0.00,0.40,952.74,85.69,42
11/9/2013 05:04:54,11/9/2013,05:04:54,0.00,0.40,952.74,85.80,42
11/9/2013 05:05:24,11/9/2013,05:05:24,0.00,0.44,952.74,85.69,42
11/9/2013 05:05:54,11/9/2013,05:05:54,0.00,0.44,952.75,85.69,42
11/9/2013 05:06:24,11/9/2013,05:06:24,0.00,0.44,952.75,85.69,42
11/9/2013 05:06:54,11/9/2013,05:06:54,0.00,0.44,952.75,85.69,42
11/9/2013 05:07:24,11/9/2013,05:07:24,0.00,0.44,952.75,85.69,42
11/9/2013 05:07:54,11/9/2013,05:07:54,0.00,0.44,952.77,85.69,42
11/9/2013 05:08:24,11/9/2013,05:08:24,0.00,0.40,952.77,85.69,42
11/9/2013 05:08:54,11/9/2013,05:08:54,0.00,0.40,952.78,85.69,43
11/9/2013 05:09:24,11/9/2013,05:09:24,0.00,0.40,952.77,85.69,42
11/9/2013 05:09:54,11/9/2013,05:09:54,0.00,0.50,952.77,85.69,41
11/9/2013 05:10:24,11/9/2013,05:10:24,0.00,0.50,952.76,85.69,42
11/9/2013 05:10:54,11/9/2013,05:10:54,0.00,0.50,952.75,85.69,42
11/9/2013 05:11:24,11/9/2013,05:11:24,0.00,0.50,952.76,85.69,42
11/9/2013 05:11:54,11/9/2013,05:11:54,0.00,0.50,952.75,85.69,42
11/9/2013 05:12:24,11/9/2013,05:12:24,0.00,0.50,952.75,85.69,42
11/9/2013 05:12:54,11/9/2013,05:12:54,0.00,0.50,952.75,85.69,43
11/9/2013 05:13:24,11/9/2013,05:13:24,0.00,0.50,952.72,85.69,42
11/9/2013 05:13:54,11/9/2013,05:13:54,0.00,0.50,952.70,85.69,42
11/9/2013 05:14:24,11/9/2013,05:14:24,0.00,0.50,952.68,85.69,42
11/9/2013 05:14:54,11/9/2013,05:14:54,0.00,0.57,952.68,85.80,42
11/9/2013 05:15:24,11/9/2013,05:15:24,0.00,0.57,952.65,85.80,42
11/9/2013 05:15:54,11/9/2013,05:15:54,0.00,0.57,952.66,85.80,42
11/9/2013 05:16:24,11/9/2013,05:16:24,0.00,0.57,952.62,85.80,42
11/9/2013 05:16:54,11/9/2013,05:16:54,0.00,0.57,952.62,85.80,42
11/9/2013 05:17:24,11/9/2013,05:17:24,0.00,0.57,952.60,85.80,42
11/9/2013 05:17:54,11/9/2013,05:17:54,0.00,0.57,952.59,85.80,43
11/9/2013 05:18:24,11/9/2013,05:18:24,0.00,0.57,952.59,85.69,43
11/9/2013 05:18:54,11/9/2013,05:18:54,0.00,0.57,952.59,85.69,43
11/9/2013 05:19:24,11/9/2013,05:19:24,0.00,0.57,952.59,85.69,42
11/9/2013 05:19:54,11/9/2013,05:19:54,0.00,0.60,952.59,85.69,42
11/9/2013 05:20:24,11/9/2013,05:20:24,0.00,0.64,952.58,85.69,42
11/9/2013 05:20:54,11/9/2013,05:20:54,0.00,0.64,952.58,85.69,42
11/9/2013 05:21:24,11/9/2013,05:21:24,0.00,0.72,952.59,85.80,42
11/9/2013 05:21:54,11/9/2013,05:21:54,0.00,0.72,952.58,85.80,42
11/9/2013 05:22:24,11/9/2013,05:22:24,0.00,0.72,952.58,85.80,42
11/9/2013 05:22:54,11/9/2013,05:22:54,0.00,0.72,952.57,85.80,42
11/9/2013 05:23:24,11/9/2013,05:23:24,0.00,0.72,952.57,85.69,42
11/9/2013 05:23:54,11/9/2013,05:23:54,0.00,0.72,952.56,85.69,42
11/9/2013 05:24:24,11/9/2013,05:24:24,0.00,0.72,952.53,85.69,42
11/9/2013 05:24:54,11/9/2013,05:24:54,0.00,0.77,952.56,85.80,42
11/9/2013 05:25:24,11/9/2013,05:25:24,0.00,0.77,952.58,85.80,42
11/9/2013 05:25:54,11/9/2013,05:25:54,0.00,0.80,952.56,85.80,38
11/9/2013 05:26:24,11/9/2013,05:26:24,0.00,0.80,952.58,85.80,25
11/9/2013 05:26:54,11/9/2013,05:26:54,0.00,0.87,952.57,85.80,19
11/9/2013 05:27:24,11/9/2013,05:27:24,0.00,0.87,952.57,85.80,20
11/9/2013 05:27:54,11/9/2013,05:27:54,0.00,0.87,952.54,85.80,25
11/9/2013 05:28:24,11/9/2013,05:28:24,0.00,0.92,952.54,85.80,39
11/9/2013 05:28:54,11/9/2013,05:28:54,0.00,0.87,952.54,85.80,36
11/9/2013 05:29:24,11/9/2013,05:29:24,0.00,0.87,952.53,85.80,35
11/9/2013 05:29:54,11/9/2013,05:29:54,0.00,0.92,952.53,85.80,35
11/9/2013 05:30:24,11/9/2013,05:30:24,0.00,0.92,952.51,85.80,35
11/9/2013 05:30:54,11/9/2013,05:30:54,0.00,0.97,952.51,85.80,35
11/9/2013 05:31:24,11/9/2013,05:31:24,0.00,0.97,952.48,85.80,36
11/9/2013 05:31:54,11/9/2013,05:31:54,0.00,1.04,952.50,85.80,35
11/9/2013 05:32:24,11/9/2013,05:32:24,0.00,1.00,952.52,85.69,35
11/9/2013 05:32:54,11/9/2013,05:32:54,0.00,1.04,952.51,85.80,35
11/9/2013 05:33:24,11/9/2013,05:33:24,0.00,1.04,952.51,85.80,35
11/9/2013 05:33:54,11/9/2013,05:33:54,0.00,1.04,952.51,85.80,35
11/9/2013 05:34:24,11/9/2013,05:34:24,0.00,1.04,952.46,85.80,42
11/9/2013 05:34:54,11/9/2013,05:34:54,0.00,1.04,952.46,85.69,42
11/9/2013 05:35:24,11/9/2013,05:35:24,0.00,1.04,952.49,85.69,39
11/9/2013 05:35:54,11/9/2013,05:35:54,0.00,1.04,952.48,85.69,39
11/9/2013 05:36:24,11/9/2013,05:36:24,0.00,1.04,952.48,85.69,39
11/9/2013 05:36:54,11/9/2013,05:36:54,0.00,1.07,952.46,85.69,40
11/9/2013 05:37:24,11/9/2013,05:37:24,0.00,1.04,952.48,85.69,40
11/9/2013 05:37:54,11/9/2013,05:37:54,0.00,1.04,952.50,85.69,40
11/9/2013 05:38:24,11/9/2013,05:38:24,0.00,1.04,952.49,85.69,40
11/9/2013 05:38:54,11/9/2013,05:38:54,0.00,1.04,952.48,85.69,39
11/9/2013 05:39:24,11/9/2013,05:39:24,0.00,1.04,952.48,85.69,41
11/9/2013 05:39:54,11/9/2013,05:39:54,0.00,1.04,952.49,85.80,42
11/9/2013 05:40:24,11/9/2013,05:40:24,0.00,1.04,952.46,85.69,42
11/9/2013 05:40:54,11/9/2013,05:40:54,0.00,1.12,952.44,85.80,42
11/9/2013 05:41:24,11/9/2013,05:41:24,0.00,1.04,952.42,85.69,47
11/9/2013 05:41:54,11/9/2013,05:41:54,0.00,1.04,952.44,85.69,42
11/9/2013 05:42:24,11/9/2013,05:42:24,0.00,1.07,952.41,85.69,42
11/9/2013 05:42:54,11/9/2013,05:42:54,0.00,1.12,952.41,85.80,42
11/9/2013 05:43:24,11/9/2013,05:43:24,0.00,1.12,952.41,85.80,41
11/9/2013 05:43:54,11/9/2013,05:43:54,0.00,1.17,952.40,85.80,41
11/9/2013 05:44:24,11/9/2013,05:44:24,0.00,1.20,952.40,85.90,47
11/9/2013 05:44:54,11/9/2013,05:44:54,0.00,1.20,952.38,85.80,43
11/9/2013 05:45:24,11/9/2013,05:45:24,0.00,1.20,952.38,85.80,44
11/9/2013 05:45:54,11/9/2013,05:45:54,0.00,1.20,952.36,85.80,45
11/9/2013 05:46:24,11/9/2013,05:46:24,0.00,1.20,952.36,85.80,44
11/9/2013 05:46:54,11/9/2013,05:46:54,0.00,1.12,952.38,85.80,43
11/9/2013 05:47:24,11/9/2013,05:47:24,0.00,1.17,952.37,85.80,41
11/9/2013 05:47:54,11/9/2013,05:47:54,0.00,1.17,952.35,85.80,41
11/9/2013 05:48:24,11/9/2013,05:48:24,0.00,1.12,952.34,85.80,42
11/9/2013 05:48:54,11/9/2013,05:48:54,0.00,1.12,952.34,85.69,48
11/9/2013 05:49:24,11/9/2013,05:49:24,0.00,1.12,952.34,85.69,46
11/9/2013 05:49:54,11/9/2013,05:49:54,0.00,1.07,952.30,85.69,43
11/9/2013 05:50:24,11/9/2013,05:50:24,0.00,1.04,952.30,85.69,42
11/9/2013 05:50:54,11/9/2013,05:50:54,0.00,1.04,952.34,85.69,42
11/9/2013 05:51:24,11/9/2013,05:51:24,0.00,1.04,952.35,85.69,43
11/9/2013 05:51:54,11/9/2013,05:51:54,0.00,1.04,952.35,85.69,48
11/9/2013 05:52:24,11/9/2013,05:52:24,0.00,1.04,952.34,85.69,43
11/9/2013 05:52:54,11/9/2013,05:52:54,0.00,1.00,952.33,85.69,42
11/9/2013 05:53:24,11/9/2013,05:53:24,0.00,1.04,952.33,85.69,47
11/9/2013 05:53:54,11/9/2013,05:53:54,0.00,0.97,952.32,85.69,47
11/9/2013 05:54:24,11/9/2013,05:54:24,0.00,0.97,952.32,85.69,45
11/9/2013 05:54:54,11/9/2013,05:54:54,0.00,0.97,952.30,85.69,45
11/9/2013 05:55:24,11/9/2013,05:55:24,0.00,0.97,952.29,85.69,50
11/9/2013 05:55:54,11/9/2013,05:55:54,0.00,0.97,952.29,85.69,56
11/9/2013 05:56:24,11/9/2013,05:56:24,0.00,0.92,952.30,85.69,51
11/9/2013 05:56:54,11/9/2013,05:56:54,0.00,0.87,952.30,85.69,63
11/9/2013 05:57:24,11/9/2013,05:57:24,0.00,0.87,952.30,85.69,63
11/9/2013 05:57:54,11/9/2013,05:57:54,0.00,0.87,952.30,85.69,59
11/9/2013 05:58:24,11/9/2013,05:58:24,0.00,0.87,952.29,85.69,58
11/9/2013 05:58:54,11/9/2013,05:58:54,0.00,0.87,952.30,85.69,58
11/9/2013 05:59:24,11/9/2013,05:59:24,0.00,0.87,952.32,85.69,51
11/9/2013 05:59:54,11/9/2013,05:59:54,0.00,0.87,952.30,85.69,38
11/9/2013 06:00:24,11/9/2013,06:00:24,0.00,0.87,952.29,85.69,43
11/9/2013 06:00:54,11/9/2013,06:00:54,0.00,0.85,952.29,85.69,51
11/9/2013 06:01:24,11/9/2013,06:01:24,0.00,0.80,952.29,85.69,56
11/9/2013 06:01:54,11/9/2013,06:01:54,0.00,0.80,952.28,85.69,56
11/9/2013 06:02:24,11/9/2013,06:02:24,0.00,0.80,952.29,85.69,52
11/9/2013 06:02:54,11/9/2013,06:02:54,0.00,0.80,952.29,85.69,50
11/9/2013 06:03:24,11/9/2013,06:03:24,0.00,0.80,952.32,85.69,50
11/9/2013 06:03:54,11/9/2013,06:03:54,0.00,0.80,952.32,85.80,52
11/9/2013 06:04:24,11/9/2013,06:04:24,0.00,0.80,952.28,85.80,50
11/9/2013 06:04:54,11/9/2013,06:04:54,0.00,0.80,952.28,85.80,50
11/9/2013 06:05:24,11/9/2013,06:05:24,0.00,0.72,952.27,85.69,57
11/9/2013 06:05:54,11/9/2013,06:05:54,0.00,0.77,952.25,85.80,50
11/9/2013 06:06:24,11/9/2013,06:06:24,0.00,0.77,952.22,85.80,49
11/9/2013 06:06:54,11/9/2013,06:06:54,0.00,0.77,952.22,85.80,51
11/9/2013 06:07:24,11/9/2013,06:07:24,0.00,0.72,952.22,85.69,53
11/9/2013 06:07:54,11/9/2013,06:07:54,0.00,0.72,952.24,85.69,49
11/9/2013 06:08:24,11/9/2013,06:08:24,0.00,0.67,952.24,85.69,49
11/9/2013 06:08:54,11/9/2013,06:08:54,0.00,0.67,952.22,85.69,49
11/9/2013 06:09:24,11/9/2013,06:09:24,0.00,0.67,952.22,85.69,49
11/9/2013 06:09:54,11/9/2013,06:09:54,0.00,0.64,952.21,85.69,42
11/9/2013 06:10:24,11/9/2013,06:10:24,0.00,0.64,952.20,85.69,42
11/9/2013 06:10:54,11/9/2013,06:10:54,0.00,0.64,952.20,85.69,42
11/9/2013 06:11:24,11/9/2013,06:11:24,0.00,0.64,952.20,85.80,42
11/9/2013 06:11:54,11/9/2013,06:11:54,0.00,0.64,952.19,85.80,42
11/9/2013 06:12:24,11/9/2013,06:12:24,0.00,0.67,952.17,85.80,51
11/9/2013 06:12:54,11/9/2013,06:12:54,0.00,0.67,952.17,85.80,47
11/9/2013 06:13:24,11/9/2013,06:13:24,0.00,0.72,952.17,85.90,55
11/9/2013 06:13:54,11/9/2013,06:13:54,0.00,0.67,952.16,85.80,65
11/9/2013 06:14:24,11/9/2013,06:14:24,0.00,0.64,952.16,85.80,63
11/9/2013 06:14:54,11/9/2013,06:14:54,0.00,0.64,952.16,85.80,62
11/9/2013 06:15:24,11/9/2013,06:15:24,0.00,0.57,952.14,85.80,63
11/9/2013 06:15:54,11/9/2013,06:15:54,0.00,0.57,952.11,85.69,48
11/9/2013 06:16:24,11/9/2013,06:16:24,0.00,0.57,952.11,85.69,55
11/9/2013 06:16:54,11/9/2013,06:16:54,0.00,0.57,952.11,85.69,56
11/9/2013 06:17:24,11/9/2013,06:17:24,0.00,0.57,952.12,85.69,56
11/9/2013 06:17:54,11/9/2013,06:17:54,0.00,0.52,952.12,85.69,63
11/9/2013 06:18:24,11/9/2013,06:18:24,0.00,0.57,952.11,85.80,63
11/9/2013 06:18:54,11/9/2013,06:18:54,0.00,0.57,952.11,85.80,60
11/9/2013 06:19:24,11/9/2013,06:19:24,0.00,0.57,952.12,85.80,62
11/9/2013 06:19:54,11/9/2013,06:19:54,0.00,0.57,952.12,85.80,60
11/9/2013 06:20:24,11/9/2013,06:20:24,0.00,0.57,952.12,85.80,47
11/9/2013 06:20:54,11/9/2013,06:20:54,0.00,0.60,952.11,85.80,35
11/9/2013 06:21:24,11/9/2013,06:21:24,0.00,0.64,952.11,85.90,36
11/9/2013 06:21:54,11/9/2013,06:21:54,0.00,0.64,952.13,85.90,36
11/9/2013 06:22:24,11/9/2013,06:22:24,0.00,0.64,952.14,85.90,36
11/9/2013 06:22:54,11/9/2013,06:22:54,0.00,0.64,952.12,85.90,37
11/9/2013 06:23:24,11/9/2013,06:23:24,0.00,0.64,952.12,85.90,37
11/9/2013 06:23:54,11/9/2013,06:23:54,0.00,0.64,952.13,85.90,37
11/9/2013 06:24:24,11/9/2013,06:24:24,0.00,0.64,952.10,85.80,37
11/9/2013 06:24:54,11/9/2013,06:24:54,0.00,0.64,952.10,85.80,37
11/9/2013 06:25:24,11/9/2013,06:25:24,0.00,0.64,952.10,85.80,37
11/9/2013 06:25:54,11/9/2013,06:25:54,0.00,0.64,952.09,85.80,38
11/9/2013 06:26:24,11/9/2013,06:26:24,0.00,0.64,952.08,85.80,37
11/9/2013 06:26:54,11/9/2013,06:26:54,0.00,0.64,952.08,85.80,38
11/9/2013 06:27:24,11/9/2013,06:27:24,0.00,0.64,952.06,85.80,38
11/9/2013 06:27:54,11/9/2013,06:27:54,0.00,0.64,952.04,85.80,38
11/9/2013 06:28:24,11/9/2013,06:28:24,0.00,0.67,952.03,85.80,37
11/9/2013 06:28:54,11/9/2013,06:28:54,0.00,0.67,952.03,85.80,37
11/9/2013 06:29:24,11/9/2013,06:29:24,0.00,0.72,952.04,85.80,38
11/9/2013 06:29:54,11/9/2013,06:29:54,0.00,0.72,952.00,85.90,37
11/9/2013 06:30:24,11/9/2013,06:30:24,0.00,0.72,951.98,85.90,37
11/9/2013 06:30:54,11/9/2013,06:30:54,0.00,0.77,952.00,85.90,38
11/9/2013 06:31:24,11/9/2013,06:31:24,0.00,0.80,951.97,85.90,38
11/9/2013 06:31:54,11/9/2013,06:31:54,0.00,0.80,951.98,85.90,38
11/9/2013 06:32:24,11/9/2013,06:32:24,0.00,0.85,951.94,85.90,41
11/9/2013 06:32:54,11/9/2013,06:32:54,0.00,0.87,951.93,86.00,49
11/9/2013 06:33:24,11/9/2013,06:33:24,0.00,0.87,951.90,86.00,51
11/9/2013 06:33:54,11/9/2013,06:33:54,0.00,0.87,951.90,86.00,42
11/9/2013 06:34:24,11/9/2013,06:34:24,0.00,0.87,951.89,85.90,41
11/9/2013 06:34:54,11/9/2013,06:34:54,0.00,0.97,951.89,85.90,51
11/9/2013 06:35:24,11/9/2013,06:35:24,0.00,0.97,951.90,86.00,48
11/9/2013 06:35:54,11/9/2013,06:35:54,0.00,1.00,951.94,86.00,49
11/9/2013 06:36:24,11/9/2013,06:36:24,0.00,1.04,951.93,86.00,50
11/9/2013 06:36:54,11/9/2013,06:36:54,0.00,1.04,951.90,86.00,45
11/9/2013 06:37:24,11/9/2013,06:37:24,0.00,1.04,951.92,85.90,42
11/9/2013 06:37:54,11/9/2013,06:37:54,0.00,1.04,951.93,85.90,42
11/9/2013 06:38:24,11/9/2013,06:38:24,0.00,1.04,951.94,85.90,43
11/9/2013 06:38:54,11/9/2013,06:38:54,0.00,1.04,951.92,85.90,51
11/9/2013 06:39:24,11/9/2013,06:39:24,0.00,1.04,951.92,85.90,66
11/9/2013 06:39:54,11/9/2013,06:39:54,0.00,1.00,951.92,85.80,78
11/9/2013 06:40:24,11/9/2013,06:40:24,0.00,0.97,951.94,85.80,72
11/9/2013 06:40:54,11/9/2013,06:40:54,0.00,0.97,951.92,85.69,66
11/9/2013 06:41:24,11/9/2013,06:41:24,0.00,0.97,951.93,85.69,66
11/9/2013 06:41:54,11/9/2013,06:41:54,0.00,0.97,951.95,85.80,49
11/9/2013 06:42:24,11/9/2013,06:42:24,0.00,1.04,951.96,85.80,56
11/9/2013 06:42:54,11/9/2013,06:42:54,0.00,1.04,951.96,85.90,57
11/9/2013 06:43:24,11/9/2013,06:43:24,0.00,1.07,951.94,85.90,56
11/9/2013 06:43:54,11/9/2013,06:43:54,0.00,1.04,951.93,85.90,57
11/9/2013 06:44:24,11/9/2013,06:44:24,0.00,1.04,951.96,85.80,53
11/9/2013 06:44:54,11/9/2013,06:44:54,0.00,1.04,951.96,85.80,52
11/9/2013 06:45:24,11/9/2013,06:45:24,0.00,1.04,951.94,85.80,51
11/9/2013 06:45:54,11/9/2013,06:45:54,0.00,1.07,951.95,85.80,52
11/9/2013 06:46:24,11/9/2013,06:46:24,0.00,1.12,951.94,85.90,60
11/9/2013 06:46:54,11/9/2013,06:46:54,0.00,1.12,951.94,85.90,73
11/9/2013 06:47:24,11/9/2013,06:47:24,0.00,1.04,951.92,85.69,73
11/9/2013 06:47:54,11/9/2013,06:47:54,0.00,1.04,951.95,85.69,68
11/9/2013 06:48:24,11/9/2013,06:48:24,0.00,1.04,951.95,85.69,66
11/9/2013 06:48:54,11/9/2013,06:48:54,0.00,1.04,951.96,85.69,67
11/9/2013 06:49:24,11/9/2013,06:49:24,0.00,1.00,951.97,85.69,45
11/9/2013 06:49:54,11/9/2013,06:49:54,0.00,1.04,951.97,85.69,36
11/9/2013 06:50:24,11/9/2013,06:50:24,0.00,1.04,951.97,85.69,38
11/9/2013 06:50:54,11/9/2013,06:50:54,0.00,1.04,951.94,85.80,39
11/9/2013 06:51:24,11/9/2013,06:51:24,0.00,1.07,951.93,85.80,36
11/9/2013 06:51:54,11/9/2013,06:51:54,0.00,1.12,951.92,85.80,38
11/9/2013 06:52:24,11/9/2013,06:52:24,0.00,1.12,951.92,85.80,38
11/9/2013 06:52:54,11/9/2013,06:52:54,0.00,1.07,951.90,85.80,40
11/9/2013 06:53:24,11/9/2013,06:53:24,0.00,1.12,951.90,85.80,38
11/9/2013 06:53:54,11/9/2013,06:53:54,0.00,1.07,951.89,85.80,39
11/9/2013 06:54:24,11/9/2013,06:54:24,0.00,1.12,951.90,85.80,39
11/9/2013 06:54:54,11/9/2013,06:54:54,0.00,1.12,951.90,85.80,39
11/9/2013 06:55:24,11/9/2013,06:55:24,0.00,1.12,951.90,85.80,41
11/9/2013 06:55:54,11/9/2013,06:55:54,0.00,1.12,951.90,85.90,42
11/9/2013 06:56:24,11/9/2013,06:56:24,0.00,1.12,951.92,85.80,42
11/9/2013 06:56:54,11/9/2013,06:56:54,0.00,1.12,951.90,85.80,55
11/9/2013 06:57:24,11/9/2013,06:57:24,0.00,1.12,951.89,85.80,51
11/9/2013 06:57:54,11/9/2013,06:57:54,0.00,1.12,951.89,85.80,51
11/9/2013 06:58:24,11/9/2013,06:58:24,0.00,1.12,951.88,85.80,47
11/9/2013 06:58:54,11/9/2013,06:58:54,0.00,1.17,951.86,85.90,46
11/9/2013 06:59:24,11/9/2013,06:59:24,0.00,1.20,951.86,85.90,46
11/9/2013 06:59:54,11/9/2013,06:59:54,0.00,1.20,951.85,85.90,46
11/9/2013 07:00:24,11/9/2013,07:00:24,0.00,1.20,951.82,85.90,45
11/9/2013 07:00:54,11/9/2013,07:00:54,0.00,1.25,951.82,85.90,51
11/9/2013 07:01:24,11/9/2013,07:01:24,0.00,1.27,951.85,86.00,52
11/9/2013 07:01:54,11/9/2013,07:01:54,0.00,1.27,951.86,85.90,52
11/9/2013 07:02:24,11/9/2013,07:02:24,0.00,1.27,951.86,85.90,52
11/9/2013 07:02:54,11/9/2013,07:02:54,0.00,1.27,951.88,85.90,53
11/9/2013 07:03:24,11/9/2013,07:03:24,0.00,1.27,951.87,85.90,44
11/9/2013 07:03:54,11/9/2013,07:03:54,0.00,1.32,951.87,85.90,44
11/9/2013 07:04:24,11/9/2013,07:04:24,0.00,1.35,951.86,85.90,45
11/9/2013 07:04:54,11/9/2013,07:04:54,0.00,1.35,951.84,85.90,55
11/9/2013 07:05:24,11/9/2013,07:05:24,0.00,1.35,951.81,85.90,53
11/9/2013 07:05:54,11/9/2013,07:05:54,0.00,1.35,951.80,85.90,51
11/9/2013 07:06:24,11/9/2013,07:06:24,0.00,1.35,951.80,85.90,51
11/9/2013 07:06:54,11/9/2013,07:06:54,0.00,1.35,951.79,85.90,50
11/9/2013 07:07:24,11/9/2013,07:07:24,0.00,1.45,951.76,85.90,49
11/9/2013 07:07:54,11/9/2013,07:07:54,0.00,1.45,951.73,85.90,42
11/9/2013 07:08:24,11/9/2013,07:08:24,0.00,1.45,951.71,85.90,42
11/9/2013 07:08:54,11/9/2013,07:08:54,0.00,1.45,951.69,85.90,54
11/9/2013 07:09:24,11/9/2013,07:09:24,0.00,1.45,951.66,85.90,60
11/9/2013 07:09:54,11/9/2013,07:09:54,0.00,1.45,951.64,85.90,59
11/9/2013 07:10:24,11/9/2013,07:10:24,0.00,1.35,951.65,85.80,63
11/9/2013 07:10:54,11/9/2013,07:10:54,0.00,1.35,951.65,85.69,60
11/9/2013 07:11:24,11/9/2013,07:11:24,0.00,1.35,951.65,85.69,60
11/9/2013 07:11:54,11/9/2013,07:11:54,0.00,1.35,951.65,85.69,53
11/9/2013 07:12:24,11/9/2013,07:12:24,0.00,1.35,951.68,85.80,53
11/9/2013 07:12:54,11/9/2013,07:12:54,0.00,1.45,951.65,85.80,53
11/9/2013 07:13:24,11/9/2013,07:13:24,0.00,1.45,951.66,85.80,52
11/9/2013 07:13:54,11/9/2013,07:13:54,0.00,1.47,951.69,85.90,52
11/9/2013 07:14:24,11/9/2013,07:14:24,0.00,1.47,951.70,85.90,42
11/9/2013 07:14:54,11/9/2013,07:14:54,0.00,1.52,951.68,85.90,41
11/9/2013 07:15:24,11/9/2013,07:15:24,0.00,1.52,951.68,85.90,44
11/9/2013 07:15:54,11/9/2013,07:15:54,0.00,1.52,951.65,85.90,49
11/9/2013 07:16:24,11/9/2013,07:16:24,0.00,1.52,951.66,85.90,49
11/9/2013 07:16:54,11/9/2013,07:16:54,0.00,1.52,951.65,85.90,47
11/9/2013 07:17:24,11/9/2013,07:17:24,0.00,1.54,951.65,85.90,44
11/9/2013 07:17:54,11/9/2013,07:17:54,0.00,1.52,951.63,85.90,44
11/9/2013 07:18:24,11/9/2013,07:18:24,0.00,1.54,951.63,85.90,44
11/9/2013 07:18:54,11/9/2013,07:18:54,0.00,1.54,951.62,85.80,44
11/9/2013 07:19:24,11/9/2013,07:19:24,0.00,1.60,951.62,85.90,44
11/9/2013 07:19:54,11/9/2013,07:19:54,0.00,1.60,951.62,85.90,44
11/9/2013 07:20:24,11/9/2013,07:20:24,0.00,1.60,951.65,85.90,51
11/9/2013 07:20:54,11/9/2013,07:20:54,0.00,1.60,951.62,85.90,52
11/9/2013 07:21:24,11/9/2013,07:21:24,0.00,1.64,951.63,85.90,51
11/9/2013 07:21:54,11/9/2013,07:21:54,0.00,1.67,951.63,85.90,51
11/9/2013 07:22:24,11/9/2013,07:22:24,0.00,1.67,951.64,85.90,55
11/9/2013 07:22:54,11/9/2013,07:22:54,0.00,1.67,951.66,85.90,52
11/9/2013 07:23:24,11/9/2013,07:23:24,0.00,1.60,951.66,85.80,52
11/9/2013 07:23:54,11/9/2013,07:23:54,0.00,1.60,951.68,85.80,52
11/9/2013 07:24:24,11/9/2013,07:24:24,0.00,1.60,951.70,85.80,54
11/9/2013 07:24:54,11/9/2013,07:24:54,0.00,1.60,951.71,85.80,50
11/9/2013 07:25:24,11/9/2013,07:25:24,0.00,1.60,951.71,85.80,49
11/9/2013 07:25:54,11/9/2013,07:25:54,0.00,1.60,951.69,85.80,49
11/9/2013 07:26:24,11/9/2013,07:26:24,0.00,1.60,951.68,85.80,49
11/9/2013 07:26:54,11/9/2013,07:26:54,0.00,1.67,951.65,85.80,49
11/9/2013 07:27:24,11/9/2013,07:27:24,0.00,1.67,951.61,85.80,47
11/9/2013 07:27:54,11/9/2013,07:27:54,0.00,1.67,951.60,85.80,47
11/9/2013 07:28:24,11/9/2013,07:28:24,0.00,1.67,951.60,85.80,47
11/9/2013 07:28:54,11/9/2013,07:28:54,0.00,1.67,951.61,85.80,48
11/9/2013 07:29:24,11/9/2013,07:29:24,0.00,1.67,951.61,85.80,48
11/9/2013 07:29:54,11/9/2013,07:29:54,0.00,1.72,951.61,85.90,48
11/9/2013 07:30:24,11/9/2013,07:30:24,0.00,1.67,951.61,85.80,50
11/9/2013 07:30:54,11/9/2013,07:30:54,0.00,1.72,951.60,85.80,53
11/9/2013 07:31:24,11/9/2013,07:31:24,0.00,1.72,951.60,85.80,48
11/9/2013 07:31:54,11/9/2013,07:31:54,0.00,1.72,951.60,85.80,49
11/9/2013 07:32:24,11/9/2013,07:32:24,0.00,1.67,951.60,85.80,49
11/9/2013 07:32:54,11/9/2013,07:32:54,0.00,1.72,951.58,85.80,47
11/9/2013 07:33:24,11/9/2013,07:33:24,0.00,1.67,951.58,85.80,46
11/9/2013 07:33:54,11/9/2013,07:33:54,0.00,1.75,951.56,85.80,46
11/9/2013 07:34:24,11/9/2013,07:34:24,0.00,1.75,951.56,85.80,45
11/9/2013 07:34:54,11/9/2013,07:34:54,0.00,1.75,951.56,85.80,46
11/9/2013 07:35:24,11/9/2013,07:35:24,0.00,1.75,951.55,85.80,45
11/9/2013 07:35:54,11/9/2013,07:35:54,0.00,1.79,951.54,85.90,47
11/9/2013 07:36:24,11/9/2013,07:36:24,0.00,1.75,951.55,85.80,45
11/9/2013 07:36:54,11/9/2013,07:36:54,0.00,1.79,951.54,85.80,46
11/9/2013 07:37:24,11/9/2013,07:37:24,0.00,1.82,951.55,85.90,34
11/9/2013 07:37:54,11/9/2013,07:37:54,0.00,1.82,951.53,85.90,35
11/9/2013 07:38:24,11/9/2013,07:38:24,0.00,1.82,951.53,85.80,35
11/9/2013 07:38:54,11/9/2013,07:38:54,0.00,1.87,951.52,85.90,36
11/9/2013 07:39:24,11/9/2013,07:39:24,0.00,1.87,951.48,85.90,50
11/9/2013 07:39:54,11/9/2013,07:39:54,0.00,1.82,951.49,85.80,45
11/9/2013 07:40:24,11/9/2013,07:40:24,0.00,1.87,951.47,85.80,42
11/9/2013 07:40:54,11/9/2013,07:40:54,0.00,1.87,951.46,85.80,42
11/9/2013 07:41:24,11/9/2013,07:41:24,0.00,1.92,951.46,85.80,42
11/9/2013 07:41:54,11/9/2013,07:41:54,0.00,1.92,951.46,85.80,44
11/9/2013 07:42:24,11/9/2013,07:42:24,0.00,1.92,951.48,85.80,44
11/9/2013 07:42:54,11/9/2013,07:42:54,0.00,1.92,951.52,85.80,44
11/9/2013 07:43:24,11/9/2013,07:43:24,0.00,1.92,951.53,85.80,44
11/9/2013 07:43:54,11/9/2013,07:43:54,0.00,2.00,951.52,85.80,43
11/9/2013 07:44:24,11/9/2013,07:44:24,0.00,2.00,951.53,85.80,42
11/9/2013 07:44:54,11/9/2013,07:44:54,0.00,2.00,951.53,85.80,42
11/9/2013 07:45:24,11/9/2013,07:45:24,0.00,2.00,951.54,85.80,42
11/9/2013 07:45:54,11/9/2013,07:45:54,0.00,2.02,951.53,85.80,42
11/9/2013 07:46:24,11/9/2013,07:46:24,0.00,2.02,951.53,85.80,42
11/9/2013 07:46:54,11/9/2013,07:46:54,0.00,2.07,951.49,85.90,42
11/9/2013 07:47:24,11/9/2013,07:47:24,0.00,2.07,951.49,85.90,42
11/9/2013 07:47:54,11/9/2013,07:47:54,0.00,2.12,951.49,85.90,41
11/9/2013 07:48:24,11/9/2013,07:48:24,0.00,2.15,951.47,85.90,37
11/9/2013 07:48:54,11/9/2013,07:48:54,0.00,2.15,951.47,85.90,43
11/9/2013 07:49:24,11/9/2013,07:49:24,0.00,2.15,951.46,85.80,39
11/9/2013 07:49:54,11/9/2013,07:49:54,0.00,2.15,951.46,85.80,38
11/9/2013 07:50:24,11/9/2013,07:50:24,0.00,2.15,951.46,85.80,39
11/9/2013 07:50:54,11/9/2013,07:50:54,0.00,2.20,951.44,85.80,42
11/9/2013 07:51:24,11/9/2013,07:51:24,0.00,2.22,951.40,85.80,39
11/9/2013 07:51:54,11/9/2013,07:51:54,0.00,2.22,951.40,85.80,42
11/9/2013 07:52:24,11/9/2013,07:52:24,0.00,2.22,951.40,85.80,42
11/9/2013 07:52:54,11/9/2013,07:52:54,0.00,2.22,951.40,85.80,43
11/9/2013 07:53:24,11/9/2013,07:53:24,0.00,2.22,951.39,85.80,39
11/9/2013 07:53:54,11/9/2013,07:53:54,0.00,2.22,951.39,85.80,39
11/9/2013 07:54:24,11/9/2013,07:54:24,0.00,2.22,951.41,85.80,39
11/9/2013 07:54:54,11/9/2013,07:54:54,0.00,2.27,951.44,85.80,37
11/9/2013 07:55:24,11/9/2013,07:55:24,0.00,2.32,951.41,85.80,37
11/9/2013 07:55:54,11/9/2013,07:55:54,0.00,2.32,951.42,85.80,37
11/9/2013 07:56:24,11/9/2013,07:56:24,0.00,2.34,951.42,85.80,37
11/9/2013 07:56:54,11/9/2013,07:56:54,0.00,2.34,951.41,85.80,37
11/9/2013 07:57:24,11/9/2013,07:57:24,0.00,2.40,951.39,85.90,36
11/9/2013 07:57:54,11/9/2013,07:57:54,0.00,2.40,951.37,85.90,37
11/9/2013 07:58:24,11/9/2013,07:58:24,0.00,2.40,951.38,85.80,37
11/9/2013 07:58:54,11/9/2013,07:58:54,0.00,2.47,951.37,85.80,38
11/9/2013 07:59:24,11/9/2013,07:59:24,0.00,2.47,951.36,85.80,37
11/9/2013 07:59:54,11/9/2013,07:59:54,0.00,2.47,951.32,85.80,39
11/9/2013 08:00:24,11/9/2013,08:00:24,0.00,2.47,951.32,85.80,38
11/9/2013 08:00:54,11/9/2013,08:00:54,0.00,2.47,951.33,85.80,39
11/9/2013 08:01:24,11/9/2013,08:01:24,0.00,2.47,951.31,85.80,35
11/9/2013 08:01:54,11/9/2013,08:01:54,0.00,2.50,951.33,85.80,35
11/9/2013 08:02:24,11/9/2013,08:02:24,0.00,2.54,951.36,85.80,36
11/9/2013 08:02:54,11/9/2013,08:02:54,0.00,2.54,951.37,85.80,35
11/9/2013 08:03:24,11/9/2013,08:03:24,0.00,2.59,951.38,85.90,35
11/9/2013 08:03:54,11/9/2013,08:03:54,0.00,2.62,951.37,85.80,35
11/9/2013 08:04:24,11/9/2013,08:04:24,0.00,2.62,951.35,85.80,32
11/9/2013 08:04:54,11/9/2013,08:04:54,0.00,2.62,951.33,85.80,25
11/9/2013 08:05:24,11/9/2013,08:05:24,0.00,2.67,951.33,85.90,27
11/9/2013 08:05:54,11/9/2013,08:05:54,0.00,2.70,951.33,85.80,27
11/9/2013 08:06:24,11/9/2013,08:06:24,0.00,2.70,951.35,85.80,26
11/9/2013 08:06:54,11/9/2013,08:06:54,0.00,2.70,951.36,85.80,31
11/9/2013 08:07:24,11/9/2013,08:07:24,0.00,2.75,951.37,85.80,31
11/9/2013 08:07:54,11/9/2013,08:07:54,0.00,2.75,951.37,85.80,31
11/9/2013 08:08:24,11/9/2013,08:08:24,0.00,2.75,951.38,85.80,31
11/9/2013 08:08:54,11/9/2013,08:08:54,0.00,2.79,951.37,85.80,31
11/9/2013 08:09:24,11/9/2013,08:09:24,0.00,2.79,951.36,85.80,31
11/9/2013 08:09:54,11/9/2013,08:09:54,0.00,2.79,951.33,85.80,31
11/9/2013 08:10:24,11/9/2013,08:10:24,0.00,2.79,951.32,85.80,31
11/9/2013 08:10:54,11/9/2013,08:10:54,0.00,2.79,951.31,85.80,32
11/9/2013 08:11:24,11/9/2013,08:11:24,0.00,2.82,951.33,85.80,37
11/9/2013 08:11:54,11/9/2013,08:11:54,0.00,2.87,951.31,85.80,36
11/9/2013 08:12:24,11/9/2013,08:12:24,0.00,2.82,951.32,85.80,35
11/9/2013 08:12:54,11/9/2013,08:12:54,0.00,2.82,951.35,85.80,35
11/9/2013 08:13:24,11/9/2013,08:13:24,0.00,2.87,951.36,85.80,30
11/9/2013 08:13:54,11/9/2013,08:13:54,0.00,2.87,951.37,85.80,5
11/9/2013 08:14:24,11/9/2013,08:14:24,0.00,2.95,951.37,85.80,9
11/9/2013 08:14:54,11/9/2013,08:14:54,0.00,2.95,951.37,85.80,13
11/9/2013 08:15:24,11/9/2013,08:15:24,0.00,2.95,951.35,85.80,38
11/9/2013 08:15:54,11/9/2013,08:15:54,0.00,2.95,951.36,85.80,37
11/9/2013 08:16:24,11/9/2013,08:16:24,0.00,2.95,951.33,85.80,67
11/9/2013 08:16:54,11/9/2013,08:16:54,0.00,2.95,951.35,85.80,66
11/9/2013 08:17:24,11/9/2013,08:17:24,0.00,2.95,951.35,85.69,65
11/9/2013 08:17:54,11/9/2013,08:17:54,0.00,2.95,951.33,85.69,65
11/9/2013 08:18:24,11/9/2013,08:18:24,0.00,2.95,951.33,85.69,65
11/9/2013 08:18:54,11/9/2013,08:18:54,0.00,2.95,951.35,85.69,65
11/9/2013 08:19:24,11/9/2013,08:19:24,0.00,2.97,951.35,85.69,65
11/9/2013 08:19:54,11/9/2013,08:19:54,0.00,3.02,951.38,85.69,52
11/9/2013 08:20:24,11/9/2013,08:20:24,0.00,3.02,951.38,85.80,52
11/9/2013 08:20:54,11/9/2013,08:20:54,0.00,3.02,951.39,85.80,57
11/9/2013 08:21:24,11/9/2013,08:21:24,0.00,3.07,951.38,85.80,53
11/9/2013 08:21:54,11/9/2013,08:21:54,0.00,3.07,951.41,85.80,51
11/9/2013 08:22:24,11/9/2013,08:22:24,0.00,3.09,951.42,85.80,14
11/9/2013 08:22:54,11/9/2013,08:22:54,0.00,3.09,951.42,85.80,30
11/9/2013 08:23:24,11/9/2013,08:23:24,0.00,3.09,951.44,85.80,28
11/9/2013 08:23:54,11/9/2013,08:23:54,0.00,3.09,951.42,85.80,35
11/9/2013 08:24:24,11/9/2013,08:24:24,0.00,3.15,951.44,85.80,56
11/9/2013 08:24:54,11/9/2013,08:24:54,0.00,3.15,951.42,85.80,55
11/9/2013 08:25:24,11/9/2013,08:25:24,0.00,3.15,951.40,85.80,47
11/9/2013 08:25:54,11/9/2013,08:25:54,0.00,3.15,951.40,85.80,49
11/9/2013 08:26:24,11/9/2013,08:26:24,0.00,3.17,951.40,85.80,48
11/9/2013 08:26:54,11/9/2013,08:26:54,0.00,3.17,951.41,85.69,47
11/9/2013 08:27:24,11/9/2013,08:27:24,0.00,3.17,951.40,85.69,47
11/9/2013 08:27:54,11/9/2013,08:27:54,0.00,3.17,951.38,85.80,50
11/9/2013 08:28:24,11/9/2013,08:28:24,0.00,3.22,951.40,85.80,50
11/9/2013 08:28:54,11/9/2013,08:28:54,0.00,3.17,951.40,85.80,50
11/9/2013 08:29:24,11/9/2013,08:29:24,0.00,3.17,951.38,85.69,49
11/9/2013 08:29:54,11/9/2013,08:29:54,0.00,3.22,951.37,85.69,50
11/9/2013 08:30:24,11/9/2013,08:30:24,0.00,3.27,951.38,85.69,49
11/9/2013 08:30:54,11/9/2013,08:30:54,0.00,3.27,951.38,85.80,53
11/9/2013 08:31:24,11/9/2013,08:31:24,0.00,3.27,951.38,85.80,53
11/9/2013 08:31:54,11/9/2013,08:31:54,0.00,3.27,951.40,85.80,64
11/9/2013 08:32:24,11/9/2013,08:32:24,0.00,3.27,951.38,85.69,59
11/9/2013 08:32:54,11/9/2013,08:32:54,0.00,3.27,951.36,85.69,60
11/9/2013 08:33:24,11/9/2013,08:33:24,0.00,3.27,951.36,85.80,57
11/9/2013 08:33:54,11/9/2013,08:33:54,0.00,3.29,951.33,85.69,52
11/9/2013 08:34:24,11/9/2013,08:34:24,0.00,3.29,951.36,85.69,52
11/9/2013 08:34:54,11/9/2013,08:34:54,0.00,3.34,951.32,85.69,52
11/9/2013 08:35:24,11/9/2013,08:35:24,0.00,3.34,951.32,85.80,52
11/9/2013 08:35:54,11/9/2013,08:35:54,0.00,3.34,951.30,85.80,52
11/9/2013 08:36:24,11/9/2013,08:36:24,0.00,3.37,951.24,85.80,52
11/9/2013 08:36:54,11/9/2013,08:36:54,0.00,3.37,951.22,85.69,50
11/9/2013 08:37:24,11/9/2013,08:37:24,0.00,3.42,951.22,85.80,50
11/9/2013 08:37:54,11/9/2013,08:37:54,0.00,3.42,951.22,85.80,43
11/9/2013 08:38:24,11/9/2013,08:38:24,0.00,3.47,951.23,85.80,48
11/9/2013 08:38:54,11/9/2013,08:38:54,0.00,3.47,951.21,85.80,47
11/9/2013 08:39:24,11/9/2013,08:39:24,0.00,3.50,951.21,85.80,49
11/9/2013 08:39:54,11/9/2013,08:39:54,0.00,3.50,951.21,85.80,51
11/9/2013 08:40:24,11/9/2013,08:40:24,0.00,3.50,951.19,85.69,51
11/9/2013 08:40:54,11/9/2013,08:40:54,0.00,3.54,951.19,85.69,58
11/9/2013 08:41:24,11/9/2013,08:41:24,0.00,3.54,951.19,85.69,56
11/9/2013 08:41:54,11/9/2013,08:41:54,0.00,3.57,951.19,85.69,53
11/9/2013 08:42:24,11/9/2013,08:42:24,0.00,3.57,951.20,85.69,54
11/9/2013 08:42:54,11/9/2013,08:42:54,0.00,3.57,951.19,85.69,54
11/9/2013 08:43:24,11/9/2013,08:43:24,0.00,3.57,951.19,85.69,56
11/9/2013 08:43:54,11/9/2013,08:43:54,0.00,3.57,951.16,85.69,51
11/9/2013 08:44:24,11/9/2013,08:44:24,0.00,3.65,951.15,85.69,37
11/9/2013 08:44:54,11/9/2013,08:44:54,0.00,3.65,951.15,85.69,13
11/9/2013 08:45:24,11/9/2013,08:45:24,0.00,3.65,951.16,85.69,13
11/9/2013 08:45:54,11/9/2013,08:45:54,0.00,3.75,951.14,85.69,14
11/9/2013 08:46:24,11/9/2013,08:46:24,0.00,3.75,951.15,85.69,18
11/9/2013 08:46:54,11/9/2013,08:46:54,0.00,3.77,951.19,85.80,18
11/9/2013 08:47:24,11/9/2013,08:47:24,0.00,3.77,951.16,85.80,18
11/9/2013 08:47:54,11/9/2013,08:47:54,0.00,3.82,951.16,85.80,18
11/9/2013 08:48:24,11/9/2013,08:48:24,0.00,3.82,951.16,85.80,19
11/9/2013 08:48:54,11/9/2013,08:48:54,0.00,3.90,951.16,85.80,37
11/9/2013 08:49:24,11/9/2013,08:49:24,0.00,3.90,951.17,85.80,36
11/9/2013 08:49:54,11/9/2013,08:49:54,0.00,3.90,951.16,85.80,35
11/9/2013 08:50:24,11/9/2013,08:50:24,0.00,3.90,951.17,85.80,37
11/9/2013 08:50:54,11/9/2013,08:50:54,0.00,3.90,951.15,85.80,37
11/9/2013 08:51:24,11/9/2013,08:51:24,0.00,3.95,951.14,85.69,36
11/9/2013 08:51:54,11/9/2013,08:51:54,0.00,3.97,951.11,85.80,36
11/9/2013 08:52:24,11/9/2013,08:52:24,0.00,3.97,951.12,85.80,57
11/9/2013 08:52:54,11/9/2013,08:52:54,0.00,3.97,951.13,85.69,56
11/9/2013 08:53:24,11/9/2013,08:53:24,0.00,3.97,951.13,85.69,54
11/9/2013 08:53:54,11/9/2013,08:53:54,0.00,3.97,951.14,85.69,54
11/9/2013 08:54:24,11/9/2013,08:54:24,0.00,3.97,951.14,85.69,55
11/9/2013 08:54:54,11/9/2013,08:54:54,0.00,3.97,951.13,85.69,55
11/9/2013 08:55:24,11/9/2013,08:55:24,0.00,4.02,951.13,85.69,53
11/9/2013 08:55:54,11/9/2013,08:55:54,0.00,4.02,951.14,85.69,52
11/9/2013 08:56:24,11/9/2013,08:56:24,0.00,4.05,951.15,85.69,52
11/9/2013 08:56:54,11/9/2013,08:56:54,0.00,4.05,951.13,85.69,52
11/9/2013 08:57:24,11/9/2013,08:57:24,0.00,4.05,951.13,85.69,53
11/9/2013 08:57:54,11/9/2013,08:57:54,0.00,4.09,951.13,85.69,53
11/9/2013 08:58:24,11/9/2013,08:58:24,0.00,4.12,951.12,85.69,30
11/9/2013 08:58:54,11/9/2013,08:58:54,0.00,4.12,951.12,85.69,30
11/9/2013 08:59:24,11/9/2013,08:59:24,0.00,4.12,951.11,85.69,38
11/9/2013 08:59:54,11/9/2013,08:59:54,0.00,4.12,951.09,85.69,42
11/9/2013 09:00:24,11/9/2013,09:00:24,0.00,4.12,951.09,85.69,42
11/9/2013 09:00:54,11/9/2013,09:00:54,0.00,4.17,951.08,85.69,40
11/9/2013 09:01:24,11/9/2013,09:01:24,0.00,4.12,951.07,85.69,40
11/9/2013 09:01:54,11/9/2013,09:01:54,0.00,4.17,951.08,85.69,40
11/9/2013 09:02:24,11/9/2013,09:02:24,0.00,4.17,951.08,85.69,40
11/9/2013 09:02:54,11/9/2013,09:02:54,0.00,4.22,951.07,85.69,40
11/9/2013 09:03:24,11/9/2013,09:03:24,0.00,4.22,951.09,85.69,39
11/9/2013 09:03:54,11/9/2013,09:03:54,0.00,4.22,951.11,85.69,38
11/9/2013 09:04:24,11/9/2013,09:04:24,0.00,4.25,951.09,85.69,42
11/9/2013 09:04:54,11/9/2013,09:04:54,0.00,4.22,951.07,85.69,55
11/9/2013 09:05:24,11/9/2013,09:05:24,0.00,4.22,951.07,85.59,57
11/9/2013 09:05:54,11/9/2013,09:05:54,0.00,4.22,951.07,85.59,51
11/9/2013 09:06:24,11/9/2013,09:06:24,0.00,4.25,951.07,85.59,48
11/9/2013 09:06:54,11/9/2013,09:06:54,0.00,4.30,951.06,85.69,48
11/9/2013 09:07:24,11/9/2013,09:07:24,0.00,4.30,951.05,85.69,49
11/9/2013 09:07:54,11/9/2013,09:07:54,0.00,4.32,951.04,85.69,53
11/9/2013 09:08:24,11/9/2013,09:08:24,0.00,4.37,951.06,85.69,53
11/9/2013 09:08:54,11/9/2013,09:08:54,0.00,4.37,951.06,85.69,57
11/9/2013 09:09:24,11/9/2013,09:09:24,0.00,4.37,951.04,85.69,49
11/9/2013 09:09:54,11/9/2013,09:09:54,0.00,4.37,951.03,85.69,49
11/9/2013 09:10:24,11/9/2013,09:10:24,0.00,4.42,951.00,85.69,32
11/9/2013 09:10:54,11/9/2013,09:10:54,0.00,4.42,950.99,85.69,37
11/9/2013 09:11:24,11/9/2013,09:11:24,0.00,4.44,950.97,85.69,38
11/9/2013 09:11:54,11/9/2013,09:11:54,0.00,4.44,950.97,85.69,39
11/9/2013 09:12:24,11/9/2013,09:12:24,0.00,4.50,950.96,85.69,38
11/9/2013 09:12:54,11/9/2013,09:12:54,0.00,4.50,950.92,85.69,38
11/9/2013 09:13:24,11/9/2013,09:13:24,0.00,4.52,950.89,85.69,38
11/9/2013 09:13:54,11/9/2013,09:13:54,0.00,4.52,950.88,85.69,38
11/9/2013 09:14:24,11/9/2013,09:14:24,0.00,4.59,950.88,85.69,39
11/9/2013 09:14:54,11/9/2013,09:14:54,0.00,4.59,950.87,85.69,38
11/9/2013 09:15:24,11/9/2013,09:15:24,0.00,4.59,950.88,85.69,38
11/9/2013 09:15:54,11/9/2013,09:15:54,0.00,4.65,950.87,85.69,38
11/9/2013 09:16:24,11/9/2013,09:16:24,0.00,4.65,950.84,85.69,35
11/9/2013 09:16:54,11/9/2013,09:16:54,0.00,4.69,950.84,85.69,35
11/9/2013 09:17:24,11/9/2013,09:17:24,0.00,4.72,950.83,85.69,36
11/9/2013 09:17:54,11/9/2013,09:17:54,0.00,4.77,950.84,85.69,39
11/9/2013 09:18:24,11/9/2013,09:18:24,0.00,4.77,950.84,85.69,53
11/9/2013 09:18:54,11/9/2013,09:18:54,0.00,4.80,950.85,85.69,49
11/9/2013 09:19:24,11/9/2013,09:19:24,0.00,4.84,950.83,85.69,48
11/9/2013 09:19:54,11/9/2013,09:19:54,0.00,4.84,950.84,85.69,49
11/9/2013 09:20:24,11/9/2013,09:20:24,0.00,4.84,950.82,85.69,49
11/9/2013 09:20:54,11/9/2013,09:20:54,0.00,4.90,950.81,85.69,53
11/9/2013 09:21:24,11/9/2013,09:21:24,0.00,4.92,950.80,85.69,57
11/9/2013 09:21:54,11/9/2013,09:21:54,0.00,4.92,950.80,85.69,64
11/9/2013 09:22:24,11/9/2013,09:22:24,0.00,4.92,950.77,85.59,57
11/9/2013 09:22:54,11/9/2013,09:22:54,0.00,4.92,950.75,85.59,57
11/9/2013 09:23:24,11/9/2013,09:23:24,0.00,4.97,950.75,85.69,51
11/9/2013 09:23:54,11/9/2013,09:23:54,NaN,NaN,NaN,NaN,50
11/9/2013 09:24:24,11/9/2013,09:24:24,NaN,NaN,NaN,NaN,49
11/9/2013 09:24:54,11/9/2013,09:24:54,NaN,NaN,NaN,NaN,49
11/9/2013 09:25:24,11/9/2013,09:25:24,NaN,NaN,NaN,NaN,48
11/9/2013 09:25:54,11/9/2013,09:25:54,NaN,NaN,NaN,NaN,47
11/9/2013 09:26:24,11/9/2013,09:26:24,NaN,NaN,NaN,NaN,46
11/9/2013 09:26:54,11/9/2013,09:26:54,NaN,NaN,NaN,NaN,46
11/9/2013 09:27:24,11/9/2013,09:27:24,NaN,NaN,NaN,NaN,45
11/9/2013 09:27:54,11/9/2013,09:27:54,0.00,11.10,950.22,83.00,44
11/9/2013 09:28:24,11/9/2013,09:28:24,0.00,10.69,950.30,83.09,52
11/9/2013 09:28:54,11/9/2013,09:28:54,0.00,10.30,950.33,83.00,53
11/9/2013 09:29:24,11/9/2013,09:29:24,0.00,9.87,950.35,82.59,51
11/9/2013 09:29:54,11/9/2013,09:29:54,0.00,9.55,950.36,82.59,49
11/9/2013 09:30:24,11/9/2013,09:30:24,0.00,9.27,950.38,82.69,47
11/9/2013 09:30:54,11/9/2013,09:30:54,0.00,9.07,950.36,82.80,46
11/9/2013 09:31:24,11/9/2013,09:31:24,0.00,8.80,950.41,82.90,49
11/9/2013 09:31:54,11/9/2013,09:31:54,0.00,8.60,950.42,82.80,47
11/9/2013 09:32:24,11/9/2013,09:32:24,0.00,8.32,950.42,82.80,52
11/9/2013 09:32:54,11/9/2013,09:32:54,0.00,8.10,950.45,82.59,52
11/9/2013 09:33:24,11/9/2013,09:33:24,0.00,8.02,950.45,82.59,48
11/9/2013 09:33:54,11/9/2013,09:33:54,0.00,7.77,950.48,82.80,49
11/9/2013 09:34:24,11/9/2013,09:34:24,0.00,7.65,950.48,82.69,49
11/9/2013 09:34:54,11/9/2013,09:34:54,0.00,7.62,950.49,82.69,41
11/9/2013 09:35:24,11/9/2013,09:35:24,0.00,7.55,950.47,82.80,39
11/9/2013 09:35:54,11/9/2013,09:35:54,0.00,7.42,950.51,82.90,53
11/9/2013 09:36:24,11/9/2013,09:36:24,0.00,7.30,950.50,82.90,52
11/9/2013 09:36:54,11/9/2013,09:36:54,0.00,7.30,950.50,83.00,51
11/9/2013 09:37:24,11/9/2013,09:37:24,0.00,7.07,950.50,82.90,80
11/9/2013 09:37:54,11/9/2013,09:37:54,0.00,7.00,950.49,82.90,82
11/9/2013 09:38:24,11/9/2013,09:38:24,0.00,6.94,950.48,82.90,37
11/9/2013 09:38:54,11/9/2013,09:38:54,0.00,6.82,950.44,83.09,60
11/9/2013 09:39:24,11/9/2013,09:39:24,0.00,6.75,950.40,83.00,38
11/9/2013 09:39:54,11/9/2013,09:39:54,0.00,6.67,950.42,83.09,81
11/9/2013 09:40:24,11/9/2013,09:40:24,0.00,6.67,950.39,83.09,56
11/9/2013 09:40:54,11/9/2013,09:40:54,0.00,6.59,950.38,83.19,78
11/9/2013 09:41:24,11/9/2013,09:41:24,0.00,6.59,950.38,83.09,72
11/9/2013 09:41:54,11/9/2013,09:41:54,0.00,6.59,950.35,83.09,49
11/9/2013 09:42:24,11/9/2013,09:42:24,0.00,6.52,950.33,83.19,45
11/9/2013 09:42:54,11/9/2013,09:42:54,0.00,6.52,950.34,83.19,61
11/9/2013 09:43:24,11/9/2013,09:43:24,0.00,6.52,950.34,83.19,60
11/9/2013 09:43:54,11/9/2013,09:43:54,0.00,6.52,950.33,83.30,60
11/9/2013 09:44:24,11/9/2013,09:44:24,0.00,6.52,950.31,83.30,53
11/9/2013 09:44:54,11/9/2013,09:44:54,0.00,6.42,950.30,83.40,64
11/9/2013 09:45:24,11/9/2013,09:45:24,0.00,6.42,950.27,83.30,38
11/9/2013 09:45:54,11/9/2013,09:45:54,0.00,6.42,950.26,83.30,39
11/9/2013 09:46:24,11/9/2013,09:46:24,0.00,6.42,950.26,83.30,18
11/9/2013 09:46:54,11/9/2013,09:46:54,0.00,6.42,950.26,83.40,19
11/9/2013 09:47:24,11/9/2013,09:47:24,0.00,6.42,950.26,83.40,21
11/9/2013 09:47:54,11/9/2013,09:47:54,0.00,6.42,950.27,83.40,23
11/9/2013 09:48:24,11/9/2013,09:48:24,0.00,6.42,950.26,83.40,23
11/9/2013 09:48:54,11/9/2013,09:48:54,0.00,6.42,950.25,83.50,23
11/9/2013 09:49:24,11/9/2013,09:49:24,0.00,6.42,950.25,83.50,38
11/9/2013 09:49:54,11/9/2013,09:49:54,0.00,6.42,950.25,83.50,39
11/9/2013 09:50:24,11/9/2013,09:50:24,0.00,6.42,950.24,83.50,37
11/9/2013 09:50:54,11/9/2013,09:50:54,0.00,6.42,950.26,83.59,39
11/9/2013 09:51:24,11/9/2013,09:51:24,0.00,6.42,950.25,83.59,36
11/9/2013 09:51:54,11/9/2013,09:51:54,0.00,6.47,950.24,83.59,36
11/9/2013 09:52:24,11/9/2013,09:52:24,0.00,6.47,950.23,83.59,36
11/9/2013 09:52:54,11/9/2013,09:52:54,0.00,6.42,950.22,83.59,36
11/9/2013 09:53:24,11/9/2013,09:53:24,0.00,6.47,950.23,83.59,32
11/9/2013 09:53:54,11/9/2013,09:53:54,0.00,6.47,950.25,83.59,30
11/9/2013 09:54:24,11/9/2013,09:54:24,0.00,6.47,950.24,83.69,24
11/9/2013 09:54:54,11/9/2013,09:54:54,0.00,6.42,950.24,83.69,22
11/9/2013 09:55:24,11/9/2013,09:55:24,0.00,6.42,950.23,83.69,23
11/9/2013 09:55:54,11/9/2013,09:55:54,0.00,6.42,950.24,83.69,23
11/9/2013 09:56:24,11/9/2013,09:56:24,0.00,6.42,950.22,83.69,27
11/9/2013 09:56:54,11/9/2013,09:56:54,0.00,6.42,950.20,83.69,28
11/9/2013 09:57:24,11/9/2013,09:57:24,0.00,6.42,950.18,83.69,28
11/9/2013 09:57:54,11/9/2013,09:57:54,0.00,6.42,950.18,83.69,32
11/9/2013 09:58:24,11/9/2013,09:58:24,0.00,6.42,950.18,83.69,35
11/9/2013 09:58:54,11/9/2013,09:58:54,0.00,6.42,950.18,83.80,51
11/9/2013 09:59:24,11/9/2013,09:59:24,0.00,6.40,950.18,83.80,49
11/9/2013 09:59:54,11/9/2013,09:59:54,0.00,6.42,950.20,83.80,49
11/9/2013 10:00:24,11/9/2013,10:00:24,0.00,6.40,950.18,83.80,50
11/9/2013 10:00:54,11/9/2013,10:00:54,0.00,6.34,950.18,83.80,51
11/9/2013 10:01:24,11/9/2013,10:01:24,0.00,6.34,950.20,83.80,53
11/9/2013 10:01:54,11/9/2013,10:01:54,0.00,6.34,950.20,83.80,51
11/9/2013 10:02:24,11/9/2013,10:02:24,0.00,6.34,950.22,83.80,51
11/9/2013 10:02:54,11/9/2013,10:02:54,0.00,6.32,950.22,83.80,57
11/9/2013 10:03:24,11/9/2013,10:03:24,0.00,6.27,950.20,83.80,64
11/9/2013 10:03:54,11/9/2013,10:03:54,0.00,6.22,950.19,83.69,67
11/9/2013 10:04:24,11/9/2013,10:04:24,0.00,6.22,950.17,83.69,63
11/9/2013 10:04:54,11/9/2013,10:04:54,0.00,6.19,950.18,83.80,64
11/9/2013 10:05:24,11/9/2013,10:05:24,0.00,6.19,950.17,83.80,62
11/9/2013 10:05:54,11/9/2013,10:05:54,0.00,6.19,950.19,83.80,49
11/9/2013 10:06:24,11/9/2013,10:06:24,0.00,6.19,950.23,83.80,48
11/9/2013 10:06:54,11/9/2013,10:06:54,0.00,6.19,950.22,83.80,47
11/9/2013 10:07:24,11/9/2013,10:07:24,0.00,6.15,950.19,83.80,61
11/9/2013 10:07:54,11/9/2013,10:07:54,0.00,6.12,950.22,83.80,77
11/9/2013 10:08:24,11/9/2013,10:08:24,0.00,6.12,950.22,83.80,66
11/9/2013 10:08:54,11/9/2013,10:08:54,0.00,6.12,950.23,83.80,66
11/9/2013 10:09:24,11/9/2013,10:09:24,0.00,6.05,950.20,83.80,56
11/9/2013 10:09:54,11/9/2013,10:09:54,0.00,6.12,950.22,83.80,57
11/9/2013 10:10:24,11/9/2013,10:10:24,0.00,6.05,950.22,83.80,59
11/9/2013 10:10:54,11/9/2013,10:10:54,0.00,6.05,950.23,83.80,51
11/9/2013 10:11:24,11/9/2013,10:11:24,0.00,6.07,950.23,83.90,53
11/9/2013 10:11:54,11/9/2013,10:11:54,0.00,6.05,950.22,83.80,41
11/9/2013 10:12:24,11/9/2013,10:12:24,0.00,6.05,950.20,83.80,41
11/9/2013 10:12:54,11/9/2013,10:12:54,0.00,6.05,950.20,83.80,40
11/9/2013 10:13:24,11/9/2013,10:13:24,0.00,6.05,950.19,83.90,21
11/9/2013 10:13:54,11/9/2013,10:13:54,0.00,6.05,950.19,83.90,25
11/9/2013 10:14:24,11/9/2013,10:14:24,0.00,6.05,950.17,83.90,31
11/9/2013 10:14:54,11/9/2013,10:14:54,0.00,6.05,950.16,83.90,24
11/9/2013 10:15:24,11/9/2013,10:15:24,0.00,6.05,950.16,83.90,25
11/9/2013 10:15:54,11/9/2013,10:15:54,0.00,6.05,950.16,83.90,25
11/9/2013 10:16:24,11/9/2013,10:16:24,0.00,6.05,950.16,83.90,28
11/9/2013 10:16:54,11/9/2013,10:16:54,0.00,6.05,950.15,83.90,28
11/9/2013 10:17:24,11/9/2013,10:17:24,0.00,6.05,950.14,83.90,31
11/9/2013 10:17:54,11/9/2013,10:17:54,0.00,6.05,950.14,83.90,45
11/9/2013 10:18:24,11/9/2013,10:18:24,0.00,6.05,950.14,83.90,45
11/9/2013 10:18:54,11/9/2013,10:18:54,0.00,6.05,950.14,83.90,43
11/9/2013 10:19:24,11/9/2013,10:19:24,0.00,6.00,950.12,83.90,43
11/9/2013 10:19:54,11/9/2013,10:19:54,0.00,6.00,950.14,83.90,48
11/9/2013 10:20:24,11/9/2013,10:20:24,0.00,6.00,950.12,83.90,47
11/9/2013 10:20:54,11/9/2013,10:20:54,0.00,5.94,950.12,83.90,41
11/9/2013 10:21:24,11/9/2013,10:21:24,0.00,6.00,950.12,83.90,39
11/9/2013 10:21:54,11/9/2013,10:21:54,0.00,6.00,950.12,83.90,39
11/9/2013 10:22:24,11/9/2013,10:22:24,0.00,6.00,950.10,84.00,50
11/9/2013 10:22:54,11/9/2013,10:22:54,0.00,5.94,950.09,84.00,50
11/9/2013 10:23:24,11/9/2013,10:23:24,0.00,5.94,950.09,84.00,52
11/9/2013 10:23:54,11/9/2013,10:23:54,0.00,5.94,950.08,84.00,52
11/9/2013 10:24:24,11/9/2013,10:24:24,0.00,5.94,950.07,84.00,62
11/9/2013 10:24:54,11/9/2013,10:24:54,0.00,5.94,950.07,84.00,65
11/9/2013 10:25:24,11/9/2013,10:25:24,0.00,5.94,950.07,84.00,49
11/9/2013 10:25:54,11/9/2013,10:25:54,0.00,5.94,950.03,84.00,50
11/9/2013 10:26:24,11/9/2013,10:26:24,0.00,5.94,950.03,84.00,69
11/9/2013 10:26:54,11/9/2013,10:26:54,0.00,5.94,950.02,84.00,38
11/9/2013 10:27:24,11/9/2013,10:27:24,0.00,5.94,950.00,84.00,39
11/9/2013 10:27:54,11/9/2013,10:27:54,0.00,5.94,949.99,84.00,50
11/9/2013 10:28:24,11/9/2013,10:28:24,0.00,5.94,949.96,84.00,49
11/9/2013 10:28:54,11/9/2013,10:28:54,0.00,5.94,949.93,84.09,50
11/9/2013 10:29:24,11/9/2013,10:29:24,0.00,6.00,949.90,84.09,43
11/9/2013 10:29:54,11/9/2013,10:29:54,0.00,6.05,949.90,84.09,42
11/9/2013 10:30:24,11/9/2013,10:30:24,0.00,6.05,949.90,84.09,43
11/9/2013 10:30:54,11/9/2013,10:30:54,0.00,6.05,949.91,84.09,31
11/9/2013 10:31:24,11/9/2013,10:31:24,0.00,6.05,949.92,84.09,24
11/9/2013 10:31:54,11/9/2013,10:31:54,0.00,6.12,949.91,84.09,23
11/9/2013 10:32:24,11/9/2013,10:32:24,0.00,6.12,949.90,84.09,23
11/9/2013 10:32:54,11/9/2013,10:32:54,0.00,6.12,949.88,84.09,22
11/9/2013 10:33:24,11/9/2013,10:33:24,0.00,6.19,949.86,84.19,21
11/9/2013 10:33:54,11/9/2013,10:33:54,0.00,6.19,949.87,84.09,21
11/9/2013 10:34:24,11/9/2013,10:34:24,0.00,6.19,949.83,84.09,21
11/9/2013 10:34:54,11/9/2013,10:34:54,0.00,6.19,949.80,84.09,21
11/9/2013 10:35:24,11/9/2013,10:35:24,0.00,6.27,949.79,84.19,21
11/9/2013 10:35:54,11/9/2013,10:35:54,0.00,6.27,949.78,84.19,21
11/9/2013 10:36:24,11/9/2013,10:36:24,0.00,6.32,949.77,84.19,24
11/9/2013 10:36:54,11/9/2013,10:36:54,0.00,6.32,949.74,84.19,25
11/9/2013 10:37:24,11/9/2013,10:37:24,0.00,6.34,949.70,84.09,24
11/9/2013 10:37:54,11/9/2013,10:37:54,0.00,6.34,949.68,84.09,23
11/9/2013 10:38:24,11/9/2013,10:38:24,0.00,6.42,949.63,84.19,24
11/9/2013 10:38:54,11/9/2013,10:38:54,0.00,6.42,949.61,84.19,26
11/9/2013 10:39:24,11/9/2013,10:39:24,0.00,6.52,949.63,84.19,27
11/9/2013 10:39:54,11/9/2013,10:39:54,0.00,6.59,949.61,84.30,20
11/9/2013 10:40:24,11/9/2013,10:40:24,0.00,6.59,949.60,84.19,18
11/9/2013 10:40:54,11/9/2013,10:40:54,0.00,6.67,949.61,84.19,18
11/9/2013 10:41:24,11/9/2013,10:41:24,0.00,6.75,949.60,84.19,18
11/9/2013 10:41:54,11/9/2013,10:41:54,0.00,6.80,949.61,84.19,16
11/9/2013 10:42:24,11/9/2013,10:42:24,0.00,6.87,949.60,84.19,13
11/9/2013 10:42:54,11/9/2013,10:42:54,0.00,6.94,949.61,84.19,14
11/9/2013 10:43:24,11/9/2013,10:43:24,0.00,7.02,949.61,84.19,15
11/9/2013 10:43:54,11/9/2013,10:43:54,0.00,7.07,949.61,84.19,17
11/9/2013 10:44:24,11/9/2013,10:44:24,0.00,7.15,949.63,84.19,18
11/9/2013 10:44:54,11/9/2013,10:44:54,0.00,7.22,949.61,84.19,32
11/9/2013 10:45:24,11/9/2013,10:45:24,0.00,7.30,949.58,84.19,30
11/9/2013 10:45:54,11/9/2013,10:45:54,0.00,7.37,949.59,84.19,30
11/9/2013 10:46:24,11/9/2013,10:46:24,0.00,7.42,949.58,84.19,72
11/9/2013 10:46:54,11/9/2013,10:46:54,0.00,7.47,949.54,84.19,54
11/9/2013 10:47:24,11/9/2013,10:47:24,0.00,7.50,949.54,84.09,43
11/9/2013 10:47:54,11/9/2013,10:47:54,0.00,7.55,949.53,84.09,44
11/9/2013 10:48:24,11/9/2013,10:48:24,0.00,7.57,949.53,84.09,45
11/9/2013 10:48:54,11/9/2013,10:48:54,0.00,7.62,949.54,84.09,44
11/9/2013 10:49:24,11/9/2013,10:49:24,0.00,7.65,949.54,84.09,39
11/9/2013 10:49:54,11/9/2013,10:49:54,0.00,7.69,949.54,84.19,11
11/9/2013 10:50:24,11/9/2013,10:50:24,0.00,7.69,949.53,84.19,18
11/9/2013 10:50:54,11/9/2013,10:50:54,0.00,7.77,949.51,84.19,20
11/9/2013 10:51:24,11/9/2013,10:51:24,0.00,7.77,949.49,84.19,40
11/9/2013 10:51:54,11/9/2013,10:51:54,0.00,7.77,949.50,84.09,337
11/9/2013 10:52:24,11/9/2013,10:52:24,0.00,7.77,949.50,84.09,352
11/9/2013 10:52:54,11/9/2013,10:52:54,0.00,7.77,949.50,84.09,1
11/9/2013 10:53:24,11/9/2013,10:53:24,0.00,7.77,949.54,84.00,1
11/9/2013 10:53:54,11/9/2013,10:53:54,0.00,7.82,949.53,84.09,3E-4
11/9/2013 10:54:24,11/9/2013,10:54:24,0.00,7.82,949.53,84.00,1
11/9/2013 10:54:54,11/9/2013,10:54:54,0.00,7.84,949.50,84.00,1
11/9/2013 10:55:24,11/9/2013,10:55:24,0.00,7.84,949.50,84.00,5
11/9/2013 10:55:54,11/9/2013,10:55:54,0.00,7.84,949.49,84.00,5
11/9/2013 10:56:24,11/9/2013,10:56:24,0.00,7.84,949.46,84.00,7
11/9/2013 10:56:54,11/9/2013,10:56:54,0.00,7.84,949.46,84.00,7
11/9/2013 10:57:24,11/9/2013,10:57:24,0.00,7.92,949.45,84.00,7
11/9/2013 10:57:54,11/9/2013,10:57:54,0.00,7.92,949.45,84.00,7
11/9/2013 10:58:24,11/9/2013,10:58:24,0.00,7.97,949.43,84.00,7
11/9/2013 10:58:54,11/9/2013,10:58:54,0.00,7.92,949.41,83.90,7
11/9/2013 10:59:24,11/9/2013,10:59:24,0.00,7.97,949.37,83.90,7
11/9/2013 10:59:54,11/9/2013,10:59:54,0.00,8.02,949.37,83.90,46
11/9/2013 11:00:24,11/9/2013,11:00:24,0.00,8.02,949.38,83.90,46
11/9/2013 11:00:54,11/9/2013,11:00:54,0.00,8.05,949.38,83.90,44
11/9/2013 11:01:24,11/9/2013,11:01:24,0.00,8.10,949.38,83.90,43
11/9/2013 11:01:54,11/9/2013,11:01:54,0.00,8.12,949.35,83.90,42
11/9/2013 11:02:24,11/9/2013,11:02:24,0.00,8.12,949.34,83.90,37
11/9/2013 11:02:54,11/9/2013,11:02:54,0.00,8.17,949.33,84.00,30
11/9/2013 11:03:24,11/9/2013,11:03:24,0.00,8.17,949.33,83.90,29
11/9/2013 11:03:54,11/9/2013,11:03:54,0.00,8.22,949.31,83.90,27
11/9/2013 11:04:24,11/9/2013,11:04:24,0.00,8.25,949.30,84.00,26
11/9/2013 11:04:54,11/9/2013,11:04:54,0.00,8.30,949.27,84.00,27
11/9/2013 11:05:24,11/9/2013,11:05:24,0.00,8.37,949.26,84.00,55
11/9/2013 11:05:54,11/9/2013,11:05:54,0.00,8.39,949.24,84.00,44
11/9/2013 11:06:24,11/9/2013,11:06:24,0.00,8.50,949.20,84.00,42
11/9/2013 11:06:54,11/9/2013,11:06:54,0.00,8.57,949.19,83.90,39
11/9/2013 11:07:24,11/9/2013,11:07:24,0.00,8.60,949.22,84.00,37
11/9/2013 11:07:54,11/9/2013,11:07:54,0.00,8.64,949.25,84.00,38
11/9/2013 11:08:24,11/9/2013,11:08:24,0.00,8.60,949.22,83.69,143
11/9/2013 11:08:54,11/9/2013,11:08:54,0.00,8.57,949.25,83.69,50
11/9/2013 11:09:24,11/9/2013,11:09:24,0.00,8.60,949.25,83.80,50
11/9/2013 11:09:54,11/9/2013,11:09:54,0.00,8.57,949.25,83.69,56
11/9/2013 11:10:24,11/9/2013,11:10:24,0.00,8.60,949.25,83.69,52
11/9/2013 11:10:54,11/9/2013,11:10:54,0.00,8.69,949.25,83.80,51
11/9/2013 11:11:24,11/9/2013,11:11:24,0.00,8.72,949.24,83.80,51
11/9/2013 11:11:54,11/9/2013,11:11:54,0.00,8.72,949.24,83.80,50
11/9/2013 11:12:24,11/9/2013,11:12:24,0.00,8.77,949.24,83.80,38
11/9/2013 11:12:54,11/9/2013,11:12:54,0.00,8.72,949.22,83.80,54
11/9/2013 11:13:24,11/9/2013,11:13:24,0.00,8.64,949.25,83.59,68
11/9/2013 11:13:54,11/9/2013,11:13:54,0.00,8.69,949.24,83.50,61
11/9/2013 11:14:24,11/9/2013,11:14:24,0.00,8.72,949.24,83.59,51
11/9/2013 11:14:54,11/9/2013,11:14:54,0.00,8.72,949.20,83.59,49
11/9/2013 11:15:24,11/9/2013,11:15:24,0.00,8.80,949.19,83.69,34
11/9/2013 11:15:54,11/9/2013,11:15:54,0.00,8.80,949.20,83.69,35
11/9/2013 11:16:24,11/9/2013,11:16:24,0.00,8.87,949.19,83.80,31
11/9/2013 11:16:54,11/9/2013,11:16:54,0.00,8.87,949.18,83.80,32
11/9/2013 11:17:24,11/9/2013,11:17:24,0.00,8.92,949.18,83.80,38
11/9/2013 11:17:54,11/9/2013,11:17:54,0.00,8.97,949.13,83.69,40
11/9/2013 11:18:24,11/9/2013,11:18:24,0.00,9.00,949.12,83.69,60
11/9/2013 11:18:54,11/9/2013,11:18:54,0.00,9.05,949.13,83.69,51
11/9/2013 11:19:24,11/9/2013,11:19:24,0.00,9.12,949.13,83.69,37
11/9/2013 11:19:54,11/9/2013,11:19:54,0.00,9.12,949.12,83.69,35
11/9/2013 11:20:24,11/9/2013,11:20:24,0.00,9.12,949.13,83.69,31
11/9/2013 11:20:54,11/9/2013,11:20:54,0.00,9.12,949.12,83.69,37
11/9/2013 11:21:24,11/9/2013,11:21:24,0.00,9.19,949.12,83.69,31
11/9/2013 11:21:54,11/9/2013,11:21:54,0.00,9.19,949.13,83.69,32
11/9/2013 11:22:24,11/9/2013,11:22:24,0.00,9.27,949.12,83.69,49
11/9/2013 11:22:54,11/9/2013,11:22:54,0.00,9.27,949.10,83.69,56
11/9/2013 11:23:24,11/9/2013,11:23:24,0.00,9.27,949.10,83.69,38
11/9/2013 11:23:54,11/9/2013,11:23:54,0.00,9.27,949.09,83.59,31
11/9/2013 11:24:24,11/9/2013,11:24:24,0.00,9.27,949.08,83.59,37
11/9/2013 11:24:54,11/9/2013,11:24:54,0.00,9.27,949.09,83.59,31
11/9/2013 11:25:24,11/9/2013,11:25:24,0.00,9.27,949.10,83.59,23
11/9/2013 11:25:54,11/9/2013,11:25:54,0.00,9.27,949.08,83.69,23
11/9/2013 11:26:24,11/9/2013,11:26:24,0.00,9.27,949.09,83.59,24
11/9/2013 11:26:54,11/9/2013,11:26:54,0.00,9.35,949.10,83.59,22
11/9/2013 11:27:24,11/9/2013,11:27:24,0.00,9.35,949.11,83.59,24
11/9/2013 11:27:54,11/9/2013,11:27:54,0.00,9.39,949.12,83.59,23
11/9/2013 11:28:24,11/9/2013,11:28:24,0.00,9.44,949.14,83.59,24
11/9/2013 11:28:54,11/9/2013,11:28:54,0.00,9.44,949.13,83.59,28
11/9/2013 11:29:24,11/9/2013,11:29:24,0.00,9.44,949.12,83.50,46
11/9/2013 11:29:54,11/9/2013,11:29:54,0.00,9.44,949.14,83.50,68
11/9/2013 11:30:24,11/9/2013,11:30:24,0.00,9.44,949.16,83.30,12
11/9/2013 11:30:54,11/9/2013,11:30:54,0.00,9.44,949.16,83.30,16
11/9/2013 11:31:24,11/9/2013,11:31:24,0.00,9.47,949.14,83.40,16
11/9/2013 11:31:54,11/9/2013,11:31:54,0.00,9.47,949.12,83.40,358
11/9/2013 11:32:24,11/9/2013,11:32:24,0.00,9.47,949.13,83.40,7
11/9/2013 11:32:54,11/9/2013,11:32:54,0.00,9.47,949.11,83.40,31
11/9/2013 11:33:24,11/9/2013,11:33:24,0.00,9.27,949.10,83.30,49
11/9/2013 11:33:54,11/9/2013,11:33:54,0.00,9.35,949.13,83.00,49
11/9/2013 11:34:24,11/9/2013,11:34:24,0.00,9.35,949.12,83.00,54
11/9/2013 11:34:54,11/9/2013,11:34:54,0.00,8.97,949.12,82.90,77
11/9/2013 11:35:24,11/9/2013,11:35:24,0.00,9.17,949.10,82.50,62
11/9/2013 11:35:54,11/9/2013,11:35:54,0.00,9.19,949.10,82.69,57
11/9/2013 11:36:24,11/9/2013,11:36:24,0.00,9.19,949.10,82.80,53
11/9/2013 11:36:54,11/9/2013,11:36:54,0.00,9.19,949.09,82.90,5
11/9/2013 11:37:24,11/9/2013,11:37:24,0.00,9.17,949.09,82.90,10
11/9/2013 11:37:54,11/9/2013,11:37:54,0.00,9.12,949.08,82.90,15
11/9/2013 11:38:24,11/9/2013,11:38:24,0.00,9.12,949.04,82.80,31
11/9/2013 11:38:54,11/9/2013,11:38:54,0.00,9.05,949.04,82.80,34
11/9/2013 11:39:24,11/9/2013,11:39:24,0.00,9.00,949.04,82.59,54
11/9/2013 11:39:54,11/9/2013,11:39:54,0.00,9.05,949.02,82.59,42
11/9/2013 11:40:24,11/9/2013,11:40:24,0.00,9.05,949.03,82.59,42
11/9/2013 11:40:54,11/9/2013,11:40:54,0.00,9.05,949.04,82.69,42
11/9/2013 11:41:24,11/9/2013,11:41:24,0.00,9.05,949.02,82.69,42
11/9/2013 11:41:54,11/9/2013,11:41:54,0.00,9.07,949.01,82.69,42
11/9/2013 11:42:24,11/9/2013,11:42:24,0.00,9.07,949.00,82.69,43
11/9/2013 11:42:54,11/9/2013,11:42:54,0.00,9.12,948.98,82.80,47
11/9/2013 11:43:24,11/9/2013,11:43:24,0.00,9.07,948.97,82.80,16
11/9/2013 11:43:54,11/9/2013,11:43:54,0.00,9.07,948.96,82.69,19
11/9/2013 11:44:24,11/9/2013,11:44:24,0.00,9.07,948.95,82.80,17
11/9/2013 11:44:54,11/9/2013,11:44:54,0.00,9.12,948.93,82.80,18
11/9/2013 11:45:24,11/9/2013,11:45:24,0.00,9.07,948.90,82.90,18
11/9/2013 11:45:54,11/9/2013,11:45:54,0.00,9.07,948.90,82.80,17
11/9/2013 11:46:24,11/9/2013,11:46:24,0.00,9.07,948.89,82.80,19
11/9/2013 11:46:54,11/9/2013,11:46:54,0.00,9.07,948.89,82.80,19
11/9/2013 11:47:24,11/9/2013,11:47:24,0.00,9.12,948.86,82.90,20
11/9/2013 11:47:54,11/9/2013,11:47:54,0.00,9.12,948.87,82.90,25
11/9/2013 11:48:24,11/9/2013,11:48:24,0.00,9.17,948.87,82.90,42
11/9/2013 11:48:54,11/9/2013,11:48:54,0.00,9.19,948.86,82.80,42
11/9/2013 11:49:24,11/9/2013,11:49:24,0.00,9.19,948.84,82.90,20
11/9/2013 11:49:54,11/9/2013,11:49:54,0.00,9.19,948.85,82.90,20
11/9/2013 11:50:24,11/9/2013,11:50:24,0.00,9.19,948.84,82.90,22
11/9/2013 11:50:54,11/9/2013,11:50:54,0.00,9.25,948.81,83.00,22
11/9/2013 11:51:24,11/9/2013,11:51:24,0.00,9.27,948.81,83.00,52
11/9/2013 11:51:54,11/9/2013,11:51:54,0.00,9.35,948.80,83.00,48
11/9/2013 11:52:24,11/9/2013,11:52:24,0.00,9.35,948.81,82.90,48
11/9/2013 11:52:54,11/9/2013,11:52:54,0.00,9.39,948.84,82.90,48
11/9/2013 11:53:24,11/9/2013,11:53:24,0.00,9.44,948.82,83.00,42
11/9/2013 11:53:54,11/9/2013,11:53:54,0.00,9.44,948.82,83.00,58
11/9/2013 11:54:24,11/9/2013,11:54:24,0.00,9.44,948.82,82.90,42
11/9/2013 11:54:54,11/9/2013,11:54:54,0.00,9.47,948.81,82.90,49
11/9/2013 11:55:24,11/9/2013,11:55:24,0.00,9.52,948.79,82.90,64
11/9/2013 11:55:54,11/9/2013,11:55:54,0.00,9.52,948.78,82.90,37
11/9/2013 11:56:24,11/9/2013,11:56:24,0.00,9.52,948.78,82.90,66
11/9/2013 11:56:54,11/9/2013,11:56:54,0.00,9.47,948.75,82.90,52
11/9/2013 11:57:24,11/9/2013,11:57:24,0.00,9.44,948.78,82.59,54
11/9/2013 11:57:54,11/9/2013,11:57:54,0.00,9.44,948.77,82.69,34
11/9/2013 11:58:24,11/9/2013,11:58:24,0.00,9.52,948.78,82.59,28
11/9/2013 11:58:54,11/9/2013,11:58:54,0.00,9.60,948.79,82.69,34
11/9/2013 11:59:24,11/9/2013,11:59:24,0.00,9.67,948.78,82.69,28
11/9/2013 11:59:54,11/9/2013,11:59:54,0.00,9.67,948.78,82.69,41
11/9/2013 12:00:24,11/9/2013,12:00:24,0.00,9.64,948.76,82.59,44
11/9/2013 12:00:54,11/9/2013,12:00:54,0.00,9.52,948.76,82.40,65
11/9/2013 12:01:24,11/9/2013,12:01:24,0.00,9.60,948.75,82.40,40
11/9/2013 12:01:54,11/9/2013,12:01:54,0.00,9.64,948.71,82.40,5
11/9/2013 12:02:24,11/9/2013,12:02:24,0.00,9.67,948.71,82.40,6
11/9/2013 12:02:54,11/9/2013,12:02:54,0.00,9.64,948.69,82.40,20
11/9/2013 12:03:24,11/9/2013,12:03:24,0.00,9.67,948.70,82.40,16
11/9/2013 12:03:54,11/9/2013,12:03:54,0.00,9.64,948.71,82.40,22
11/9/2013 12:04:24,11/9/2013,12:04:24,0.00,9.67,948.69,82.30,21
11/9/2013 12:04:54,11/9/2013,12:04:54,0.00,9.72,948.68,82.30,22
11/9/2013 12:05:24,11/9/2013,12:05:24,0.00,9.75,948.68,82.40,21
11/9/2013 12:05:54,11/9/2013,12:05:54,0.00,9.75,948.65,82.40,21
11/9/2013 12:06:24,11/9/2013,12:06:24,0.00,9.80,948.65,82.50,12
11/9/2013 12:06:54,11/9/2013,12:06:54,0.00,9.80,948.65,82.40,12
11/9/2013 12:07:24,11/9/2013,12:07:24,0.00,9.80,948.65,82.40,19
11/9/2013 12:07:54,11/9/2013,12:07:54,0.00,9.82,948.65,82.40,17
11/9/2013 12:08:24,11/9/2013,12:08:24,0.00,9.82,948.63,82.30,18
11/9/2013 12:08:54,11/9/2013,12:08:54,0.00,9.82,948.62,82.19,27
11/9/2013 12:09:24,11/9/2013,12:09:24,0.00,9.60,948.61,81.69,53
11/9/2013 12:09:54,11/9/2013,12:09:54,0.00,9.72,948.61,81.80,52
11/9/2013 12:10:24,11/9/2013,12:10:24,0.00,9.75,948.61,81.80,54
11/9/2013 12:10:54,11/9/2013,12:10:54,0.00,9.82,948.59,81.69,48
11/9/2013 12:11:24,11/9/2013,12:11:24,0.00,9.87,948.59,81.80,18
11/9/2013 12:11:54,11/9/2013,12:11:54,0.00,9.87,948.56,81.80,9
11/9/2013 12:12:24,11/9/2013,12:12:24,0.00,9.87,948.57,81.80,16
11/9/2013 12:12:54,11/9/2013,12:12:54,0.00,9.92,948.57,81.80,16
11/9/2013 12:13:24,11/9/2013,12:13:24,0.00,9.87,948.55,81.80,17
11/9/2013 12:13:54,11/9/2013,12:13:54,0.00,9.60,948.56,81.40,64
11/9/2013 12:14:24,11/9/2013,12:14:24,0.00,9.67,948.56,81.19,57
11/9/2013 12:14:54,11/9/2013,12:14:54,0.00,9.67,948.56,81.19,36
11/9/2013 12:15:24,11/9/2013,12:15:24,0.00,9.75,948.57,81.19,33
11/9/2013 12:15:54,11/9/2013,12:15:54,0.00,9.75,948.56,81.19,20
11/9/2013 12:16:24,11/9/2013,12:16:24,0.00,9.64,948.59,81.30,12
11/9/2013 12:16:54,11/9/2013,12:16:54,0.00,9.60,948.59,81.09,12
11/9/2013 12:17:24,11/9/2013,12:17:24,0.00,9.55,948.59,81.00,11
11/9/2013 12:17:54,11/9/2013,12:17:54,0.00,9.60,948.57,80.90,12
11/9/2013 12:18:24,11/9/2013,12:18:24,0.00,9.55,948.57,80.90,17
11/9/2013 12:18:54,11/9/2013,12:18:54,0.00,9.52,948.57,80.90,18
11/9/2013 12:19:24,11/9/2013,12:19:24,0.00,9.52,948.56,80.90,41
11/9/2013 12:19:54,11/9/2013,12:19:54,0.00,9.47,948.55,80.90,40
11/9/2013 12:20:24,11/9/2013,12:20:24,0.00,9.35,948.54,80.80,34
11/9/2013 12:20:54,11/9/2013,12:20:54,0.00,9.35,948.52,80.80,35
11/9/2013 12:21:24,11/9/2013,12:21:24,0.00,9.35,948.48,80.80,36
11/9/2013 12:21:54,11/9/2013,12:21:54,0.00,9.27,948.46,80.69,41
11/9/2013 12:22:24,11/9/2013,12:22:24,0.00,9.12,948.46,80.59,61
11/9/2013 12:22:54,11/9/2013,12:22:54,0.00,9.19,948.46,80.50,51
11/9/2013 12:23:24,11/9/2013,12:23:24,0.00,9.17,948.46,80.50,338
11/9/2013 12:23:54,11/9/2013,12:23:54,0.00,9.12,948.46,80.50,345
11/9/2013 12:24:24,11/9/2013,12:24:24,0.00,9.07,948.48,80.40,345
11/9/2013 12:24:54,11/9/2013,12:24:54,0.00,9.05,948.49,80.40,346
11/9/2013 12:25:24,11/9/2013,12:25:24,0.00,9.05,948.52,80.30,0
11/9/2013 12:25:54,11/9/2013,12:25:54,0.00,9.05,948.52,80.30,0
11/9/2013 12:26:24,11/9/2013,12:26:24,0.00,9.05,948.53,80.40,33
11/9/2013 12:26:54,11/9/2013,12:26:54,0.00,8.80,948.55,80.19,66
11/9/2013 12:27:24,11/9/2013,12:27:24,0.00,8.97,948.56,80.19,41
11/9/2013 12:27:54,11/9/2013,12:27:54,0.00,8.97,948.57,80.19,354
11/9/2013 12:28:24,11/9/2013,12:28:24,0.00,8.85,948.57,80.19,321
11/9/2013 12:28:54,11/9/2013,12:28:54,0.00,8.87,948.59,80.09,328
11/9/2013 12:29:24,11/9/2013,12:29:24,0.00,8.87,948.60,80.00,328
11/9/2013 12:29:54,11/9/2013,12:29:54,0.00,8.92,948.57,79.80,332
11/9/2013 12:30:24,11/9/2013,12:30:24,0.00,8.97,948.56,79.80,31
11/9/2013 12:30:54,11/9/2013,12:30:54,0.00,9.00,948.52,79.69,60
11/9/2013 12:31:24,11/9/2013,12:31:24,0.00,9.05,948.51,79.69,325
11/9/2013 12:31:54,11/9/2013,12:31:54,0.00,9.07,948.49,79.69,327
11/9/2013 12:32:24,11/9/2013,12:32:24,0.00,9.07,948.49,79.69,328
11/9/2013 12:32:54,11/9/2013,12:32:54,0.00,9.17,948.48,79.59,2
11/9/2013 12:33:24,11/9/2013,12:33:24,0.00,9.19,948.51,79.59,2
11/9/2013 12:33:54,11/9/2013,12:33:54,0.00,9.27,948.49,79.59,1
11/9/2013 12:34:24,11/9/2013,12:34:24,0.00,9.27,948.48,79.59,358
11/9/2013 12:34:54,11/9/2013,12:34:54,0.00,9.35,948.48,79.59,0
11/9/2013 12:35:24,11/9/2013,12:35:24,0.00,9.39,948.46,79.59,0
11/9/2013 12:35:54,11/9/2013,12:35:54,0.00,9.44,948.47,79.59,0
11/9/2013 12:36:24,11/9/2013,12:36:24,0.00,9.52,948.45,79.59,8E-6
11/9/2013 12:36:54,11/9/2013,12:36:54,0.00,9.60,948.41,79.59,6
11/9/2013 12:37:24,11/9/2013,12:37:24,0.00,9.64,948.41,79.69,6
11/9/2013 12:37:54,11/9/2013,12:37:54,0.00,9.67,948.41,79.59,4
11/9/2013 12:38:24,11/9/2013,12:38:24,0.00,9.80,948.39,79.59,3
11/9/2013 12:38:54,11/9/2013,12:38:54,0.00,9.82,948.36,79.59,4
11/9/2013 12:39:24,11/9/2013,12:39:24,0.00,9.92,948.34,79.69,5
11/9/2013 12:39:54,11/9/2013,12:39:54,0.00,9.94,948.35,79.59,52
11/9/2013 12:40:24,11/9/2013,12:40:24,0.00,10.00,948.34,79.50,23
11/9/2013 12:40:54,11/9/2013,12:40:54,0.00,9.87,948.31,79.09,337
11/9/2013 12:41:24,11/9/2013,12:41:24,0.00,9.92,948.29,79.00,313
11/9/2013 12:41:54,11/9/2013,12:41:54,0.00,9.92,948.30,78.59,305
11/9/2013 12:42:24,11/9/2013,12:42:24,0.00,9.92,948.32,76.90,306
11/9/2013 12:42:54,11/9/2013,12:42:54,0.00,9.94,948.32,76.69,308
11/9/2013 12:43:24,11/9/2013,12:43:24,0.00,10.00,948.31,76.59,35
11/9/2013 12:43:54,11/9/2013,12:43:54,0.00,10.02,948.28,76.30,26
11/9/2013 12:44:24,11/9/2013,12:44:24,0.00,10.02,948.28,76.00,16
11/9/2013 12:44:54,11/9/2013,12:44:54,0.00,10.07,948.27,76.00,16
11/9/2013 12:45:24,11/9/2013,12:45:24,0.00,9.92,948.26,75.59,335
11/9/2013 12:45:54,11/9/2013,12:45:54,0.00,9.92,948.26,75.30,335
11/9/2013 12:46:24,11/9/2013,12:46:24,0.00,9.92,948.28,74.90,318
11/9/2013 12:46:54,11/9/2013,12:46:54,0.00,9.82,948.27,74.00,302
11/9/2013 12:47:24,11/9/2013,12:47:24,0.00,9.87,948.27,73.80,313
11/9/2013 12:47:54,11/9/2013,12:47:54,0.00,9.75,948.27,73.50,317
11/9/2013 12:48:24,11/9/2013,12:48:24,0.00,9.82,948.28,73.09,359
11/9/2013 12:48:54,11/9/2013,12:48:54,0.00,9.82,948.28,73.19,353
11/9/2013 12:49:24,11/9/2013,12:49:24,0.00,9.82,948.27,73.19,317
11/9/2013 12:49:54,11/9/2013,12:49:54,0.00,9.80,948.26,73.50,0
11/9/2013 12:50:24,11/9/2013,12:50:24,0.00,9.80,948.26,73.69,0
11/9/2013 12:50:54,11/9/2013,12:50:54,0.00,9.80,948.26,73.90,358
11/9/2013 12:51:24,11/9/2013,12:51:24,0.00,9.67,948.28,73.69,333
11/9/2013 12:51:54,11/9/2013,12:51:54,0.00,9.67,948.28,73.69,4
11/9/2013 12:52:24,11/9/2013,12:52:24,0.00,9.60,948.28,73.40,336
11/9/2013 12:52:54,11/9/2013,12:52:54,0.00,9.55,948.28,73.00,320
11/9/2013 12:53:24,11/9/2013,12:53:24,0.00,9.47,948.28,72.69,300
11/9/2013 12:53:54,11/9/2013,12:53:54,0.00,9.44,948.31,72.30,335
11/9/2013 12:54:24,11/9/2013,12:54:24,0.00,9.44,948.31,72.19,326
11/9/2013 12:54:54,11/9/2013,12:54:54,0.00,9.35,948.37,71.90,291
11/9/2013 12:55:24,11/9/2013,12:55:24,0.00,9.39,948.35,72.00,0
11/9/2013 12:55:54,11/9/2013,12:55:54,0.00,9.35,948.35,71.90,304
11/9/2013 12:56:24,11/9/2013,12:56:24,0.00,9.27,948.35,71.90,292
11/9/2013 12:56:54,11/9/2013,12:56:54,0.00,9.19,948.35,71.19,301
11/9/2013 12:57:24,11/9/2013,12:57:24,0.00,9.27,948.35,71.09,321
11/9/2013 12:57:54,11/9/2013,12:57:54,0.00,9.27,948.36,71.59,344
11/9/2013 12:58:24,11/9/2013,12:58:24,0.00,9.19,948.37,71.90,343
11/9/2013 12:58:54,11/9/2013,12:58:54,0.00,9.19,948.39,72.09,310
11/9/2013 12:59:24,11/9/2013,12:59:24,0.00,9.12,948.40,72.30,336
11/9/2013 12:59:54,11/9/2013,12:59:54,0.00,9.12,948.40,72.50,331
11/9/2013 13:00:24,11/9/2013,13:00:24,0.00,9.05,948.46,72.69,341
11/9/2013 13:00:54,11/9/2013,13:00:54,0.00,9.05,948.49,72.90,319
11/9/2013 13:01:24,11/9/2013,13:01:24,0.00,9.05,948.54,73.09,328
11/9/2013 13:01:54,11/9/2013,13:01:54,0.00,8.97,948.57,73.00,337
11/9/2013 13:02:24,11/9/2013,13:02:24,0.00,8.97,948.64,72.90,306
11/9/2013 13:02:54,11/9/2013,13:02:54,0.00,8.97,948.67,72.90,286
11/9/2013 13:03:24,11/9/2013,13:03:24,0.00,8.92,948.69,73.00,336
11/9/2013 13:03:54,11/9/2013,13:03:54,0.00,8.87,948.76,73.09,358
11/9/2013 13:04:24,11/9/2013,13:04:24,0.00,8.87,948.81,73.30,353
11/9/2013 13:04:54,11/9/2013,13:04:54,0.00,8.87,948.84,73.59,82
11/9/2013 13:05:24,11/9/2013,13:05:24,0.00,8.85,948.85,73.69,341
11/9/2013 13:05:54,11/9/2013,13:05:54,0.00,8.80,948.86,73.80,334
11/9/2013 13:06:24,11/9/2013,13:06:24,0.00,8.80,948.85,73.80,2
11/9/2013 13:06:54,11/9/2013,13:06:54,0.00,8.85,948.85,73.90,2
11/9/2013 13:07:24,11/9/2013,13:07:24,0.00,8.85,948.86,74.09,30
11/9/2013 13:07:54,11/9/2013,13:07:54,0.00,8.85,948.86,74.19,340
11/9/2013 13:08:24,11/9/2013,13:08:24,0.00,8.80,948.86,74.09,341
11/9/2013 13:08:54,11/9/2013,13:08:54,0.00,8.80,948.87,74.19,20
11/9/2013 13:09:24,11/9/2013,13:09:24,0.00,8.80,948.87,74.19,330
11/9/2013 13:09:54,11/9/2013,13:09:54,0.00,8.85,948.86,74.30,7
11/9/2013 13:10:24,11/9/2013,13:10:24,0.00,8.87,948.85,74.40,7
11/9/2013 13:10:54,11/9/2013,13:10:54,0.00,8.87,948.85,74.40,357
11/9/2013 13:11:24,11/9/2013,13:11:24,0.00,8.80,948.86,74.40,356
11/9/2013 13:11:54,11/9/2013,13:11:54,0.00,8.77,948.87,74.19,343
11/9/2013 13:12:24,11/9/2013,13:12:24,0.00,8.80,948.85,74.09,42
11/9/2013 13:12:54,11/9/2013,13:12:54,0.00,8.80,948.86,74.00,355
11/9/2013 13:13:24,11/9/2013,13:13:24,0.00,8.77,948.86,73.69,331
11/9/2013 13:13:54,11/9/2013,13:13:54,0.00,8.72,948.88,73.30,341
11/9/2013 13:14:24,11/9/2013,13:14:24,0.00,8.72,948.88,73.00,309
11/9/2013 13:14:54,11/9/2013,13:14:54,0.00,8.72,948.89,72.69,300
11/9/2013 13:15:24,11/9/2013,13:15:24,0.00,8.69,948.94,72.69,326
11/9/2013 13:15:54,11/9/2013,13:15:54,0.00,8.69,948.95,72.69,286
11/9/2013 13:16:24,11/9/2013,13:16:24,0.00,8.72,948.98,72.59,339
11/9/2013 13:16:54,11/9/2013,13:16:54,0.00,8.64,949.01,72.69,336
11/9/2013 13:17:24,11/9/2013,13:17:24,0.00,8.69,949.02,72.90,355
11/9/2013 13:17:54,11/9/2013,13:17:54,0.00,8.69,949.03,73.09,329
11/9/2013 13:18:24,11/9/2013,13:18:24,0.00,8.64,949.04,73.09,331
11/9/2013 13:18:54,11/9/2013,13:18:54,0.00,8.60,949.08,73.09,302
11/9/2013 13:19:24,11/9/2013,13:19:24,0.00,8.50,949.04,73.00,316
11/9/2013 13:19:54,11/9/2013,13:19:54,0.00,8.50,949.06,72.59,283
11/9/2013 13:20:24,11/9/2013,13:20:24,0.00,8.50,949.06,72.19,24
11/9/2013 13:20:54,11/9/2013,13:20:54,0.00,8.44,949.09,71.69,332
11/9/2013 13:21:24,11/9/2013,13:21:24,0.00,8.44,949.09,71.90,5E-4
11/9/2013 13:21:54,11/9/2013,13:21:54,0.00,8.37,949.11,72.30,337
11/9/2013 13:22:24,11/9/2013,13:22:24,0.00,8.32,949.16,72.50,5
11/9/2013 13:22:54,11/9/2013,13:22:54,0.00,8.30,949.16,72.50,309
11/9/2013 13:23:24,11/9/2013,13:23:24,0.00,8.30,949.19,72.50,326
11/9/2013 13:23:54,11/9/2013,13:23:54,0.00,8.25,949.19,72.59,338
11/9/2013 13:24:24,11/9/2013,13:24:24,0.00,8.25,949.24,72.80,77
11/9/2013 13:24:54,11/9/2013,13:24:54,0.00,8.22,949.24,72.80,50
11/9/2013 13:25:24,11/9/2013,13:25:24,0.00,8.10,949.26,72.80,340
11/9/2013 13:25:54,11/9/2013,13:25:54,0.00,8.10,949.28,72.69,303
11/9/2013 13:26:24,11/9/2013,13:26:24,0.00,8.10,949.29,72.59,21
11/9/2013 13:26:54,11/9/2013,13:26:54,0.00,8.02,949.31,72.40,307
11/9/2013 13:27:24,11/9/2013,13:27:24,0.00,7.90,949.33,71.80,121
11/9/2013 13:27:54,11/9/2013,13:27:54,0.00,7.92,949.33,71.59,270
11/9/2013 13:28:24,11/9/2013,13:28:24,0.00,7.84,949.34,71.69,291
11/9/2013 13:28:54,11/9/2013,13:28:54,0.00,7.84,949.35,71.80,322
11/9/2013 13:29:24,11/9/2013,13:29:24,0.00,7.84,949.38,71.90,10
11/9/2013 13:29:54,11/9/2013,13:29:54,0.00,7.82,949.41,72.00,352
11/9/2013 13:30:24,11/9/2013,13:30:24,0.00,7.84,949.43,72.09,10
11/9/2013 13:30:54,11/9/2013,13:30:54,0.00,7.84,949.44,72.30,38
11/9/2013 13:31:24,11/9/2013,13:31:24,0.00,7.77,949.42,72.30,339
11/9/2013 13:31:54,11/9/2013,13:31:54,0.00,7.82,949.43,72.50,321
11/9/2013 13:32:24,11/9/2013,13:32:24,0.00,7.82,949.44,72.50,336
11/9/2013 13:32:54,11/9/2013,13:32:54,0.00,7.77,949.45,72.59,77
11/9/2013 13:33:24,11/9/2013,13:33:24,0.00,7.77,949.49,72.40,333
11/9/2013 13:33:54,11/9/2013,13:33:54,0.00,7.82,949.46,72.50,15
11/9/2013 13:34:24,11/9/2013,13:34:24,0.00,7.77,949.45,72.59,337
11/9/2013 13:34:54,11/9/2013,13:34:54,0.00,7.75,949.45,72.50,316
11/9/2013 13:35:24,11/9/2013,13:35:24,0.00,7.77,949.46,72.50,353
11/9/2013 13:35:54,11/9/2013,13:35:54,0.00,7.77,949.45,72.50,31
11/9/2013 13:36:24,11/9/2013,13:36:24,0.00,7.77,949.43,72.59,34
11/9/2013 13:36:54,11/9/2013,13:36:54,0.00,7.75,949.43,72.69,287
11/9/2013 13:37:24,11/9/2013,13:37:24,0.00,7.69,949.42,72.90,94
11/9/2013 13:37:54,11/9/2013,13:37:54,0.00,7.77,949.43,72.90,330
11/9/2013 13:38:24,11/9/2013,13:38:24,0.00,7.75,949.43,72.90,337
11/9/2013 13:38:54,11/9/2013,13:38:54,0.00,7.69,949.43,72.90,279
11/9/2013 13:39:24,11/9/2013,13:39:24,0.00,7.69,949.42,72.80,277
11/9/2013 13:39:54,11/9/2013,13:39:54,0.00,7.77,949.37,72.80,25
11/9/2013 13:40:24,11/9/2013,13:40:24,0.00,7.77,949.37,72.80,63
11/9/2013 13:40:54,11/9/2013,13:40:54,0.00,7.69,949.38,72.90,323
11/9/2013 13:41:24,11/9/2013,13:41:24,0.00,7.69,949.41,72.69,17
11/9/2013 13:41:54,11/9/2013,13:41:54,0.00,7.69,949.42,72.50,27
11/9/2013 13:42:24,11/9/2013,13:42:24,0.00,7.75,949.41,72.59,356
11/9/2013 13:42:54,11/9/2013,13:42:54,0.00,7.75,949.41,72.50,33
11/9/2013 13:43:24,11/9/2013,13:43:24,0.00,7.75,949.41,72.50,358
11/9/2013 13:43:54,11/9/2013,13:43:54,0.00,7.69,949.39,72.50,342
11/9/2013 13:44:24,11/9/2013,13:44:24,0.00,7.69,949.39,72.30,341
11/9/2013 13:44:54,11/9/2013,13:44:54,0.00,7.69,949.38,72.30,5
11/9/2013 13:45:24,11/9/2013,13:45:24,0.00,7.75,949.33,72.40,0
11/9/2013 13:45:54,11/9/2013,13:45:54,0.00,7.77,949.33,72.40,13
11/9/2013 13:46:24,11/9/2013,13:46:24,0.00,7.77,949.29,72.50,15
11/9/2013 13:46:54,11/9/2013,13:46:54,0.00,7.75,949.28,72.50,346
11/9/2013 13:47:24,11/9/2013,13:47:24,0.00,7.77,949.29,72.69,321
11/9/2013 13:47:54,11/9/2013,13:47:54,0.00,7.69,949.29,72.69,326
11/9/2013 13:48:24,11/9/2013,13:48:24,0.00,7.62,949.34,72.30,265
11/9/2013 13:48:54,11/9/2013,13:48:54,0.00,7.62,949.35,72.00,306
11/9/2013 13:49:24,11/9/2013,13:49:24,0.00,7.69,949.36,72.00,348
11/9/2013 13:49:54,11/9/2013,13:49:54,0.00,7.65,949.38,72.09,345
11/9/2013 13:50:24,11/9/2013,13:50:24,0.00,7.65,949.41,72.19,348
11/9/2013 13:50:54,11/9/2013,13:50:54,0.00,7.65,949.43,72.30,352
11/9/2013 13:51:24,11/9/2013,13:51:24,0.00,7.62,949.44,72.40,0
11/9/2013 13:51:54,11/9/2013,13:51:54,0.00,7.62,949.47,72.50,359
11/9/2013 13:52:24,11/9/2013,13:52:24,0.00,7.62,949.49,72.59,0
11/9/2013 13:52:54,11/9/2013,13:52:54,0.00,7.62,949.47,72.59,46
11/9/2013 13:53:24,11/9/2013,13:53:24,0.00,7.65,949.47,72.69,41
11/9/2013 13:53:54,11/9/2013,13:53:54,0.00,7.62,949.45,72.80,37
11/9/2013 13:54:24,11/9/2013,13:54:24,0.00,7.65,949.46,72.90,6
11/9/2013 13:54:54,11/9/2013,13:54:54,0.00,7.69,949.44,73.00,348
11/9/2013 13:55:24,11/9/2013,13:55:24,0.00,7.62,949.43,73.00,354
11/9/2013 13:55:54,11/9/2013,13:55:54,0.00,7.65,949.43,73.19,355
11/9/2013 13:56:24,11/9/2013,13:56:24,0.00,7.65,949.43,73.19,53
11/9/2013 13:56:54,11/9/2013,13:56:54,0.00,7.62,949.41,73.30,13
11/9/2013 13:57:24,11/9/2013,13:57:24,0.00,7.62,949.42,73.30,331
11/9/2013 13:57:54,11/9/2013,13:57:54,0.00,7.57,949.41,73.30,322
11/9/2013 13:58:24,11/9/2013,13:58:24,0.00,7.57,949.42,73.19,311
11/9/2013 13:58:54,11/9/2013,13:58:54,0.00,7.62,949.42,73.00,315
11/9/2013 13:59:24,11/9/2013,13:59:24,0.00,7.62,949.44,72.90,6
11/9/2013 13:59:54,11/9/2013,13:59:54,0.00,7.62,949.43,73.00,3
11/9/2013 14:00:24,11/9/2013,14:00:24,0.00,7.65,949.45,73.00,5
11/9/2013 14:00:54,11/9/2013,14:00:54,0.00,7.69,949.45,73.09,14
11/9/2013 14:01:24,11/9/2013,14:01:24,0.00,7.69,949.46,73.09,19
11/9/2013 14:01:54,11/9/2013,14:01:54,0.00,7.77,949.47,73.19,15
11/9/2013 14:02:24,11/9/2013,14:02:24,0.00,7.77,949.46,73.30,12
11/9/2013 14:02:54,11/9/2013,14:02:54,0.00,7.82,949.46,73.40,337
11/9/2013 14:03:24,11/9/2013,14:03:24,0.00,7.82,949.44,73.40,5
11/9/2013 14:03:54,11/9/2013,14:03:54,0.00,7.84,949.45,73.50,50
11/9/2013 14:04:24,11/9/2013,14:04:24,0.00,7.84,949.45,73.50,8
11/9/2013 14:04:54,11/9/2013,14:04:54,0.00,7.82,949.45,73.30,5
11/9/2013 14:05:24,11/9/2013,14:05:24,0.00,7.84,949.45,73.09,8
11/9/2013 14:05:54,11/9/2013,14:05:54,0.00,7.90,949.43,73.00,8
11/9/2013 14:06:24,11/9/2013,14:06:24,0.00,7.90,949.41,73.00,345
11/9/2013 14:06:54,11/9/2013,14:06:54,0.00,7.90,949.42,72.90,345
11/9/2013 14:07:24,11/9/2013,14:07:24,0.00,7.90,949.44,73.00,0
11/9/2013 14:07:54,11/9/2013,14:07:54,0.00,7.84,949.45,73.00,1
11/9/2013 14:08:24,11/9/2013,14:08:24,0.00,7.90,949.45,73.00,359
11/9/2013 14:08:54,11/9/2013,14:08:54,0.00,7.84,949.46,72.90,357
11/9/2013 14:09:24,11/9/2013,14:09:24,0.00,7.90,949.42,72.90,0
11/9/2013 14:09:54,11/9/2013,14:09:54,0.00,7.92,949.39,73.00,49
11/9/2013 14:10:24,11/9/2013,14:10:24,0.00,7.84,949.41,73.00,276
11/9/2013 14:10:54,11/9/2013,14:10:54,0.00,7.84,949.42,72.59,284
11/9/2013 14:11:24,11/9/2013,14:11:24,0.00,7.84,949.42,72.19,302
11/9/2013 14:11:54,11/9/2013,14:11:54,0.00,7.84,949.43,71.69,288
11/9/2013 14:12:24,11/9/2013,14:12:24,0.00,7.90,949.44,71.40,0
11/9/2013 14:12:54,11/9/2013,14:12:54,0.00,7.92,949.46,71.40,315
11/9/2013 14:13:24,11/9/2013,14:13:24,0.00,7.90,949.46,71.40,301
11/9/2013 14:13:54,11/9/2013,14:13:54,0.00,7.84,949.47,70.69,322
11/9/2013 14:14:24,11/9/2013,14:14:24,0.00,7.90,949.46,70.90,316
11/9/2013 14:14:54,11/9/2013,14:14:54,0.00,7.84,949.45,70.80,289
11/9/2013 14:15:24,11/9/2013,14:15:24,0.00,7.84,949.46,70.80,351
11/9/2013 14:15:54,11/9/2013,14:15:54,0.00,7.84,949.51,71.19,351
11/9/2013 14:16:24,11/9/2013,14:16:24,0.00,7.84,949.51,71.19,325
11/9/2013 14:16:54,11/9/2013,14:16:54,0.00,7.82,949.53,71.00,305
11/9/2013 14:17:24,11/9/2013,14:17:24,0.00,7.84,949.50,70.90,353
11/9/2013 14:17:54,11/9/2013,14:17:54,0.00,7.77,949.50,70.90,311
11/9/2013 14:18:24,11/9/2013,14:18:24,0.00,7.77,949.50,71.30,296
11/9/2013 14:18:54,11/9/2013,14:18:54,0.00,7.77,949.50,71.00,20
11/9/2013 14:19:24,11/9/2013,14:19:24,0.00,7.77,949.46,71.00,78
11/9/2013 14:19:54,11/9/2013,14:19:54,0.00,7.77,949.46,71.00,270
11/9/2013 14:20:24,11/9/2013,14:20:24,0.00,7.77,949.46,71.09,352
11/9/2013 14:20:54,11/9/2013,14:20:54,0.00,7.77,949.45,71.19,5
11/9/2013 14:21:24,11/9/2013,14:21:24,0.00,7.77,949.45,71.40,9
11/9/2013 14:21:54,11/9/2013,14:21:54,0.00,7.77,949.46,71.50,319
11/9/2013 14:22:24,11/9/2013,14:22:24,0.00,7.77,949.46,71.50,336
11/9/2013 14:22:54,11/9/2013,14:22:54,0.00,7.75,949.47,71.50,154
11/9/2013 14:23:24,11/9/2013,14:23:24,0.00,7.75,949.49,71.00,354
11/9/2013 14:23:54,11/9/2013,14:23:54,0.00,7.69,949.49,71.00,347
11/9/2013 14:24:24,11/9/2013,14:24:24,0.00,7.69,949.50,71.09,348
11/9/2013 14:24:54,11/9/2013,14:24:54,0.00,7.69,949.51,71.09,342
11/9/2013 14:25:24,11/9/2013,14:25:24,0.00,7.69,949.55,71.09,1
11/9/2013 14:25:54,11/9/2013,14:25:54,0.00,7.69,949.55,71.50,146
11/9/2013 14:26:24,11/9/2013,14:26:24,0.00,7.62,949.53,71.50,253
11/9/2013 14:26:54,11/9/2013,14:26:54,0.00,7.62,949.55,71.19,323
11/9/2013 14:27:24,11/9/2013,14:27:24,0.00,7.62,949.55,71.30,353
11/9/2013 14:27:54,11/9/2013,14:27:54,0.00,7.62,949.54,71.50,357
11/9/2013 14:28:24,11/9/2013,14:28:24,0.00,7.57,949.54,71.50,314
11/9/2013 14:28:54,11/9/2013,14:28:54,0.00,7.62,949.54,71.50,352
11/9/2013 14:29:24,11/9/2013,14:29:24,0.00,7.55,949.55,71.30,318
11/9/2013 14:29:54,11/9/2013,14:29:54,0.00,7.57,949.54,71.09,358
11/9/2013 14:30:24,11/9/2013,14:30:24,0.00,7.55,949.54,71.19,287
11/9/2013 14:30:54,11/9/2013,14:30:54,0.00,7.55,949.57,70.80,304
11/9/2013 14:31:24,11/9/2013,14:31:24,0.00,7.55,949.57,70.50,305
11/9/2013 14:31:54,11/9/2013,14:31:54,0.00,7.55,949.57,70.59,342
11/9/2013 14:32:24,11/9/2013,14:32:24,0.00,7.57,949.54,71.00,346
11/9/2013 14:32:54,11/9/2013,14:32:54,0.00,7.57,949.55,71.19,345
11/9/2013 14:33:24,11/9/2013,14:33:24,0.00,7.55,949.55,71.40,352
11/9/2013 14:33:54,11/9/2013,14:33:54,0.00,7.55,949.54,71.50,33
11/9/2013 14:34:24,11/9/2013,14:34:24,0.00,7.55,949.53,71.69,33
11/9/2013 14:34:54,11/9/2013,14:34:54,0.00,7.62,949.52,71.90,36
11/9/2013 14:35:24,11/9/2013,14:35:24,0.00,7.62,949.54,72.00,332
11/9/2013 14:35:54,11/9/2013,14:35:54,0.00,7.57,949.54,72.09,90
11/9/2013 14:36:24,11/9/2013,14:36:24,0.00,7.55,949.55,71.90,190
11/9/2013 14:36:54,11/9/2013,14:36:54,0.00,7.47,949.57,71.50,303
11/9/2013 14:37:24,11/9/2013,14:37:24,0.00,7.55,949.57,71.19,358
11/9/2013 14:37:54,11/9/2013,14:37:54,0.00,7.55,949.55,71.09,9
11/9/2013 14:38:24,11/9/2013,14:38:24,0.00,7.55,949.58,71.19,4
11/9/2013 14:38:54,11/9/2013,14:38:54,0.00,7.55,949.60,71.40,4
11/9/2013 14:39:24,11/9/2013,14:39:24,0.00,7.55,949.61,71.50,7
11/9/2013 14:39:54,11/9/2013,14:39:54,0.00,7.55,949.63,71.69,86
11/9/2013 14:40:24,11/9/2013,14:40:24,0.00,7.55,949.61,71.90,352
11/9/2013 14:40:54,11/9/2013,14:40:54,0.00,7.55,949.62,72.09,0
11/9/2013 14:41:24,11/9/2013,14:41:24,0.00,7.55,949.63,72.19,359
11/9/2013 14:41:54,11/9/2013,14:41:54,0.00,7.55,949.63,72.30,29
11/9/2013 14:42:24,11/9/2013,14:42:24,0.00,7.57,949.65,72.30,11
11/9/2013 14:42:54,11/9/2013,14:42:54,0.00,7.57,949.66,72.40,358
11/9/2013 14:43:24,11/9/2013,14:43:24,0.00,7.57,949.66,72.50,4
11/9/2013 14:43:54,11/9/2013,14:43:54,0.00,7.57,949.65,72.59,7
11/9/2013 14:44:24,11/9/2013,14:44:24,0.00,7.57,949.63,72.69,5
11/9/2013 14:44:54,11/9/2013,14:44:54,0.00,7.62,949.63,72.80,38
11/9/2013 14:45:24,11/9/2013,14:45:24,0.00,7.57,949.65,72.90,55
11/9/2013 14:45:54,11/9/2013,14:45:54,0.00,7.55,949.66,72.69,256
11/9/2013 14:46:24,11/9/2013,14:46:24,0.00,7.55,949.67,72.50,10
11/9/2013 14:46:54,11/9/2013,14:46:54,0.00,7.57,949.67,72.50,13
11/9/2013 14:47:24,11/9/2013,14:47:24,0.00,7.62,949.68,72.50,12
11/9/2013 14:47:54,11/9/2013,14:47:54,0.00,7.62,949.67,72.59,12
11/9/2013 14:48:24,11/9/2013,14:48:24,0.00,7.62,949.70,72.59,0
11/9/2013 14:48:54,11/9/2013,14:48:54,0.00,7.57,949.69,72.59,327
11/9/2013 14:49:24,11/9/2013,14:49:24,0.00,7.57,949.69,72.59,338
11/9/2013 14:49:54,11/9/2013,14:49:54,0.00,7.62,949.69,72.59,85
11/9/2013 14:50:24,11/9/2013,14:50:24,0.00,7.57,949.70,72.80,84
11/9/2013 14:50:54,11/9/2013,14:50:54,0.00,7.62,949.71,72.80,30
11/9/2013 14:51:24,11/9/2013,14:51:24,0.00,7.62,949.73,72.90,355
11/9/2013 14:51:54,11/9/2013,14:51:54,0.00,7.62,949.74,73.00,313
11/9/2013 14:52:24,11/9/2013,14:52:24,0.00,7.62,949.70,73.00,330
11/9/2013 14:52:54,11/9/2013,14:52:54,0.00,7.57,949.68,73.09,281
11/9/2013 14:53:24,11/9/2013,14:53:24,0.00,7.57,949.67,72.90,287
11/9/2013 14:53:54,11/9/2013,14:53:54,0.00,7.55,949.65,72.59,324
11/9/2013 14:54:24,11/9/2013,14:54:24,0.00,7.62,949.66,72.30,310
11/9/2013 14:54:54,11/9/2013,14:54:54,0.00,7.62,949.66,72.30,354
11/9/2013 14:55:24,11/9/2013,14:55:24,0.00,7.62,949.66,72.40,355
11/9/2013 14:55:54,11/9/2013,14:55:54,0.00,7.62,949.66,72.40,355
11/9/2013 14:56:24,11/9/2013,14:56:24,0.00,7.62,949.68,72.50,350
11/9/2013 14:56:54,11/9/2013,14:56:54,0.00,7.62,949.69,72.59,350
11/9/2013 14:57:24,11/9/2013,14:57:24,0.00,7.62,949.68,72.59,344
11/9/2013 14:57:54,11/9/2013,14:57:54,0.00,7.62,949.68,72.69,334
11/9/2013 14:58:24,11/9/2013,14:58:24,0.00,7.62,949.66,72.80,356
11/9/2013 14:58:54,11/9/2013,14:58:54,0.00,7.62,949.66,72.90,356
11/9/2013 14:59:24,11/9/2013,14:59:24,0.00,7.62,949.66,72.90,353
11/9/2013 14:59:54,11/9/2013,14:59:54,0.00,7.62,949.68,73.00,344
11/9/2013 15:00:24,11/9/2013,15:00:24,0.00,7.62,949.67,73.00,350
11/9/2013 15:00:54,11/9/2013,15:00:54,0.00,7.62,949.66,73.00,349
11/9/2013 15:01:24,11/9/2013,15:01:24,0.00,7.62,949.68,73.09,336
11/9/2013 15:01:54,11/9/2013,15:01:54,0.00,7.62,949.69,73.19,337
11/9/2013 15:02:24,11/9/2013,15:02:24,0.00,7.62,949.70,73.19,332
11/9/2013 15:02:54,11/9/2013,15:02:54,0.00,7.57,949.71,73.19,330
11/9/2013 15:03:24,11/9/2013,15:03:24,0.00,7.62,949.70,73.30,340
11/9/2013 15:03:54,11/9/2013,15:03:54,0.00,7.62,949.68,73.30,352
11/9/2013 15:04:24,11/9/2013,15:04:24,0.00,7.62,949.68,73.40,352
11/9/2013 15:04:54,11/9/2013,15:04:54,0.00,7.62,949.66,73.40,358
11/9/2013 15:05:24,11/9/2013,15:05:24,0.00,7.62,949.66,73.40,358
11/9/2013 15:05:54,11/9/2013,15:05:54,0.00,7.62,949.65,73.50,358
11/9/2013 15:06:24,11/9/2013,15:06:24,0.00,7.57,949.66,73.50,337
11/9/2013 15:06:54,11/9/2013,15:06:54,0.00,7.62,949.68,73.50,355
11/9/2013 15:07:24,11/9/2013,15:07:24,0.00,7.57,949.68,73.59,352
11/9/2013 15:07:54,11/9/2013,15:07:54,0.00,7.55,949.69,73.59,333
11/9/2013 15:08:24,11/9/2013,15:08:24,0.00,7.55,949.68,73.59,358
11/9/2013 15:08:54,11/9/2013,15:08:54,0.00,7.50,949.67,73.59,286
11/9/2013 15:09:24,11/9/2013,15:09:24,0.00,7.55,949.68,73.59,350
11/9/2013 15:09:54,11/9/2013,15:09:54,0.00,7.55,949.69,73.69,327
11/9/2013 15:10:24,11/9/2013,15:10:24,0.00,7.47,949.68,73.40,321
11/9/2013 15:10:54,11/9/2013,15:10:54,0.00,7.47,949.67,73.30,297
11/9/2013 15:11:24,11/9/2013,15:11:24,0.00,7.47,949.67,73.19,336
11/9/2013 15:11:54,11/9/2013,15:11:54,0.00,7.47,949.67,73.09,317
11/9/2013 15:12:24,11/9/2013,15:12:24,0.00,7.47,949.65,73.09,350
11/9/2013 15:12:54,11/9/2013,15:12:54,0.00,7.47,949.65,73.09,332
11/9/2013 15:13:24,11/9/2013,15:13:24,0.00,7.47,949.66,72.90,291
11/9/2013 15:13:54,11/9/2013,15:13:54,0.00,7.47,949.63,72.90,331
11/9/2013 15:14:24,11/9/2013,15:14:24,0.00,7.47,949.63,72.80,327
11/9/2013 15:14:54,11/9/2013,15:14:54,0.00,7.42,949.61,72.80,331
11/9/2013 15:15:24,11/9/2013,15:15:24,0.00,7.37,949.62,72.69,324
11/9/2013 15:15:54,11/9/2013,15:15:54,0.00,7.42,949.62,72.59,325
11/9/2013 15:16:24,11/9/2013,15:16:24,0.00,7.37,949.60,72.50,327
11/9/2013 15:16:54,11/9/2013,15:16:54,0.00,7.47,949.60,72.50,333
11/9/2013 15:17:24,11/9/2013,15:17:24,0.00,7.42,949.60,72.50,332
11/9/2013 15:17:54,11/9/2013,15:17:54,0.00,7.42,949.60,72.59,306
11/9/2013 15:18:24,11/9/2013,15:18:24,0.00,7.37,949.59,72.59,339
11/9/2013 15:18:54,11/9/2013,15:18:54,0.00,7.37,949.60,72.69,314
11/9/2013 15:19:24,11/9/2013,15:19:24,0.00,7.37,949.59,72.69,287
11/9/2013 15:19:54,11/9/2013,15:19:54,0.00,7.37,949.57,72.69,328
11/9/2013 15:20:24,11/9/2013,15:20:24,0.00,7.37,949.57,72.69,335
11/9/2013 15:20:54,11/9/2013,15:20:54,0.00,7.37,949.57,72.69,317
11/9/2013 15:21:24,11/9/2013,15:21:24,0.00,7.37,949.57,72.69,318
11/9/2013 15:21:54,11/9/2013,15:21:54,0.00,7.37,949.57,72.69,330
11/9/2013 15:22:24,11/9/2013,15:22:24,0.00,7.34,949.55,72.69,358
11/9/2013 15:22:54,11/9/2013,15:22:54,0.00,7.30,949.57,72.80,293
11/9/2013 15:23:24,11/9/2013,15:23:24,0.00,7.30,949.60,72.90,291
11/9/2013 15:23:54,11/9/2013,15:23:54,0.00,7.30,949.62,72.90,287
11/9/2013 15:24:24,11/9/2013,15:24:24,0.00,7.30,949.62,72.80,329
11/9/2013 15:24:54,11/9/2013,15:24:54,0.00,7.30,949.62,72.69,321
11/9/2013 15:25:24,11/9/2013,15:25:24,0.00,7.30,949.63,72.69,334
11/9/2013 15:25:54,11/9/2013,15:25:54,0.00,7.30,949.62,72.69,326
11/9/2013 15:26:24,11/9/2013,15:26:24,0.00,7.27,949.61,72.59,334
11/9/2013 15:26:54,11/9/2013,15:26:54,0.00,7.27,949.61,72.59,326
11/9/2013 15:27:24,11/9/2013,15:27:24,0.00,7.27,949.62,72.69,332
11/9/2013 15:27:54,11/9/2013,15:27:54,0.00,7.27,949.62,72.69,344
11/9/2013 15:28:24,11/9/2013,15:28:24,0.00,7.27,949.65,72.80,278
11/9/2013 15:28:54,11/9/2013,15:28:54,0.00,7.22,949.65,72.80,279
11/9/2013 15:29:24,11/9/2013,15:29:24,0.00,7.22,949.63,72.80,279
11/9/2013 15:29:54,11/9/2013,15:29:54,0.00,7.22,949.63,72.80,322
11/9/2013 15:30:24,11/9/2013,15:30:24,0.00,7.22,949.66,72.80,322
11/9/2013 15:30:54,11/9/2013,15:30:54,0.00,7.22,949.68,72.90,320
11/9/2013 15:31:24,11/9/2013,15:31:24,0.00,7.17,949.68,72.90,323
11/9/2013 15:31:54,11/9/2013,15:31:54,0.00,7.15,949.68,72.90,323
11/9/2013 15:32:24,11/9/2013,15:32:24,0.00,7.15,949.67,72.90,321
11/9/2013 15:32:54,11/9/2013,15:32:54,0.00,7.15,949.68,73.00,321
11/9/2013 15:33:24,11/9/2013,15:33:24,0.00,7.15,949.70,73.00,302
11/9/2013 15:33:54,11/9/2013,15:33:54,0.00,7.09,949.70,73.00,310
11/9/2013 15:34:24,11/9/2013,15:34:24,0.00,7.07,949.71,73.09,309
11/9/2013 15:34:54,11/9/2013,15:34:54,0.00,7.07,949.70,73.00,345
11/9/2013 15:35:24,11/9/2013,15:35:24,0.00,7.07,949.69,73.00,344
11/9/2013 15:35:54,11/9/2013,15:35:54,0.00,7.02,949.70,73.00,341
11/9/2013 15:36:24,11/9/2013,15:36:24,0.00,7.00,949.69,73.00,339
11/9/2013 15:36:54,11/9/2013,15:36:54,0.00,7.02,949.70,73.09,345
11/9/2013 15:37:24,11/9/2013,15:37:24,0.00,7.00,949.69,73.09,345
11/9/2013 15:37:54,11/9/2013,15:37:54,0.00,7.00,949.70,73.19,345
11/9/2013 15:38:24,11/9/2013,15:38:24,0.00,7.00,949.71,73.19,340
11/9/2013 15:38:54,11/9/2013,15:38:54,0.00,7.00,949.71,73.19,343
11/9/2013 15:39:24,11/9/2013,15:39:24,0.00,6.94,949.70,73.30,354
11/9/2013 15:39:54,11/9/2013,15:39:54,0.00,7.00,949.71,73.30,19
11/9/2013 15:40:24,11/9/2013,15:40:24,0.00,6.94,949.70,73.40,12
11/9/2013 15:40:54,11/9/2013,15:40:54,0.00,6.90,949.70,73.40,350
11/9/2013 15:41:24,11/9/2013,15:41:24,0.00,6.90,949.71,73.50,330
11/9/2013 15:41:54,11/9/2013,15:41:54,0.00,6.90,949.73,73.59,328
11/9/2013 15:42:24,11/9/2013,15:42:24,0.00,6.90,949.74,73.69,315
11/9/2013 15:42:54,11/9/2013,15:42:54,0.00,6.87,949.75,73.69,329
11/9/2013 15:43:24,11/9/2013,15:43:24,0.00,6.87,949.76,73.69,326
11/9/2013 15:43:54,11/9/2013,15:43:54,0.00,6.90,949.77,73.69,340
11/9/2013 15:44:24,11/9/2013,15:44:24,0.00,6.87,949.77,73.80,322
11/9/2013 15:44:54,11/9/2013,15:44:54,0.00,6.82,949.79,73.80,315
11/9/2013 15:45:24,11/9/2013,15:45:24,0.00,6.82,949.82,73.80,318
11/9/2013 15:45:54,11/9/2013,15:45:54,0.00,6.82,949.80,73.80,9
11/9/2013 15:46:24,11/9/2013,15:46:24,0.00,6.82,949.78,73.90,24
11/9/2013 15:46:54,11/9/2013,15:46:54,0.00,6.82,949.79,74.00,342
11/9/2013 15:47:24,11/9/2013,15:47:24,0.00,6.82,949.79,74.00,326
11/9/2013 15:47:54,11/9/2013,15:47:54,0.00,6.82,949.80,74.09,326
11/9/2013 15:48:24,11/9/2013,15:48:24,0.00,6.82,949.82,74.19,356
11/9/2013 15:48:54,11/9/2013,15:48:54,0.00,6.82,949.79,74.30,0
11/9/2013 15:49:24,11/9/2013,15:49:24,0.00,6.82,949.82,74.30,352
11/9/2013 15:49:54,11/9/2013,15:49:54,0.00,6.82,949.80,74.40,355
11/9/2013 15:50:24,11/9/2013,15:50:24,0.00,6.80,949.80,74.40,315
11/9/2013 15:50:54,11/9/2013,15:50:54,0.00,6.80,949.80,74.40,352
11/9/2013 15:51:24,11/9/2013,15:51:24,0.00,6.80,949.82,74.50,344
11/9/2013 15:51:54,11/9/2013,15:51:54,0.00,6.75,949.80,74.50,342
11/9/2013 15:52:24,11/9/2013,15:52:24,0.00,6.75,949.82,74.50,342
11/9/2013 15:52:54,11/9/2013,15:52:54,0.00,6.80,949.80,74.59,342
11/9/2013 15:53:24,11/9/2013,15:53:24,0.00,6.75,949.80,74.59,345
11/9/2013 15:53:54,11/9/2013,15:53:54,0.00,6.75,949.82,74.69,351
11/9/2013 15:54:24,11/9/2013,15:54:24,0.00,6.80,949.82,74.69,3
11/9/2013 15:54:54,11/9/2013,15:54:54,0.00,6.75,949.82,74.80,32
11/9/2013 15:55:24,11/9/2013,15:55:24,0.00,6.75,949.82,74.80,37
11/9/2013 15:55:54,11/9/2013,15:55:54,0.00,6.75,949.82,74.80,334
11/9/2013 15:56:24,11/9/2013,15:56:24,0.00,6.69,949.80,74.90,337
11/9/2013 15:56:54,11/9/2013,15:56:54,0.00,6.67,949.80,74.90,349
11/9/2013 15:57:24,11/9/2013,15:57:24,0.00,6.67,949.78,74.90,52
11/9/2013 15:57:54,11/9/2013,15:57:54,0.00,6.67,949.77,74.90,312
11/9/2013 15:58:24,11/9/2013,15:58:24,0.00,6.67,949.79,74.90,12
11/9/2013 15:58:54,11/9/2013,15:58:54,0.00,6.67,949.79,75.00,12
11/9/2013 15:59:24,11/9/2013,15:59:24,0.00,6.67,949.79,75.00,12
11/9/2013 15:59:54,11/9/2013,15:59:54,0.00,6.62,949.82,75.00,6
11/9/2013 16:00:24,11/9/2013,16:00:24,0.00,6.62,949.82,75.00,341
11/9/2013 16:00:54,11/9/2013,16:00:54,0.00,6.59,949.82,75.00,355
11/9/2013 16:01:24,11/9/2013,16:01:24,0.00,6.62,949.84,75.09,340
11/9/2013 16:01:54,11/9/2013,16:01:54,0.00,6.59,949.84,75.09,337
11/9/2013 16:02:24,11/9/2013,16:02:24,0.00,6.59,949.84,75.09,339
11/9/2013 16:02:54,11/9/2013,16:02:54,0.00,6.59,949.85,75.09,340
11/9/2013 16:03:24,11/9/2013,16:03:24,0.00,6.55,949.85,75.09,345
11/9/2013 16:03:54,11/9/2013,16:03:54,0.00,6.55,949.83,75.19,340
11/9/2013 16:04:24,11/9/2013,16:04:24,0.00,6.52,949.85,75.19,346
11/9/2013 16:04:54,11/9/2013,16:04:54,0.00,6.52,949.84,75.19,343
11/9/2013 16:05:24,11/9/2013,16:05:24,0.00,6.52,949.84,75.19,340
11/9/2013 16:05:54,11/9/2013,16:05:54,0.00,6.47,949.85,75.19,341
11/9/2013 16:06:24,11/9/2013,16:06:24,0.00,6.47,949.85,75.30,348
11/9/2013 16:06:54,11/9/2013,16:06:54,0.00,6.47,949.84,75.30,340
11/9/2013 16:07:24,11/9/2013,16:07:24,0.00,6.42,949.84,75.30,340
11/9/2013 16:07:54,11/9/2013,16:07:54,0.00,6.42,949.84,75.30,340
11/9/2013 16:08:24,11/9/2013,16:08:24,0.00,6.42,949.84,75.30,350
11/9/2013 16:08:54,11/9/2013,16:08:54,0.00,6.42,949.84,75.30,1
11/9/2013 16:09:24,11/9/2013,16:09:24,0.00,6.42,949.83,75.40,9
11/9/2013 16:09:54,11/9/2013,16:09:54,0.00,6.40,949.83,75.40,9
11/9/2013 16:10:24,11/9/2013,16:10:24,0.00,6.40,949.84,75.40,9
11/9/2013 16:10:54,11/9/2013,16:10:54,0.00,6.40,949.84,75.50,20
11/9/2013 16:11:24,11/9/2013,16:11:24,0.00,6.34,949.84,75.50,31
11/9/2013 16:11:54,11/9/2013,16:11:54,0.00,6.34,949.83,75.50,31
11/9/2013 16:12:24,11/9/2013,16:12:24,0.00,6.34,949.83,75.50,32
11/9/2013 16:12:54,11/9/2013,16:12:54,0.00,6.34,949.85,75.50,31
11/9/2013 16:13:24,11/9/2013,16:13:24,0.00,6.32,949.86,75.59,31
11/9/2013 16:13:54,11/9/2013,16:13:54,0.00,6.32,949.87,75.59,31
11/9/2013 16:14:24,11/9/2013,16:14:24,0.00,6.27,949.86,75.59,31
11/9/2013 16:14:54,11/9/2013,16:14:54,0.00,6.27,949.85,75.59,31
11/9/2013 16:15:24,11/9/2013,16:15:24,0.00,6.22,949.88,75.59,34
11/9/2013 16:15:54,11/9/2013,16:15:54,0.00,6.19,949.91,75.59,349
11/9/2013 16:16:24,11/9/2013,16:16:24,0.00,6.19,949.92,75.69,358
11/9/2013 16:16:54,11/9/2013,16:16:54,0.00,6.19,949.93,75.69,16
11/9/2013 16:17:24,11/9/2013,16:17:24,0.00,6.19,949.94,75.69,16
11/9/2013 16:17:54,11/9/2013,16:17:54,0.00,6.19,949.92,75.69,16
11/9/2013 16:18:24,11/9/2013,16:18:24,0.00,6.15,949.93,75.69,16
11/9/2013 16:18:54,11/9/2013,16:18:54,0.00,6.15,949.96,75.80,16
11/9/2013 16:19:24,11/9/2013,16:19:24,0.00,6.12,949.95,75.80,30
11/9/2013 16:19:54,11/9/2013,16:19:54,0.00,6.12,949.94,75.80,30
11/9/2013 16:20:24,11/9/2013,16:20:24,0.00,6.12,949.94,75.80,29
11/9/2013 16:20:54,11/9/2013,16:20:54,0.00,6.12,949.95,75.80,30
11/9/2013 16:21:24,11/9/2013,16:21:24,0.00,6.07,949.95,75.90,29
11/9/2013 16:21:54,11/9/2013,16:21:54,0.00,6.07,949.95,75.90,29
11/9/2013 16:22:24,11/9/2013,16:22:24,0.00,6.07,949.94,75.90,30
11/9/2013 16:22:54,11/9/2013,16:22:54,0.00,6.05,949.92,75.90,29
11/9/2013 16:23:24,11/9/2013,16:23:24,0.00,6.05,949.92,76.00,6
11/9/2013 16:23:54,11/9/2013,16:23:54,0.00,6.05,949.91,76.00,16
11/9/2013 16:24:24,11/9/2013,16:24:24,0.00,6.05,949.91,76.00,16
11/9/2013 16:24:54,11/9/2013,16:24:54,0.00,6.05,949.91,76.00,46
11/9/2013 16:25:24,11/9/2013,16:25:24,0.00,6.00,949.90,76.09,56
11/9/2013 16:25:54,11/9/2013,16:25:54,0.00,5.94,949.92,76.00,50
11/9/2013 16:26:24,11/9/2013,16:26:24,0.00,5.94,949.90,76.09,49
11/9/2013 16:26:54,11/9/2013,16:26:54,0.00,5.94,949.90,76.09,50
11/9/2013 16:27:24,11/9/2013,16:27:24,0.00,5.94,949.91,76.09,50
11/9/2013 16:27:54,11/9/2013,16:27:54,0.00,5.92,949.90,76.19,49
11/9/2013 16:28:24,11/9/2013,16:28:24,0.00,5.87,949.88,76.19,50
11/9/2013 16:28:54,11/9/2013,16:28:54,0.00,5.87,949.90,76.19,49
11/9/2013 16:29:24,11/9/2013,16:29:24,0.00,5.87,949.91,76.19,50
11/9/2013 16:29:54,11/9/2013,16:29:54,0.00,5.87,949.91,76.19,49
11/9/2013 16:30:24,11/9/2013,16:30:24,0.00,5.87,949.91,76.30,49
11/9/2013 16:30:54,11/9/2013,16:30:54,0.00,5.84,949.93,76.30,49
11/9/2013 16:31:24,11/9/2013,16:31:24,0.00,5.87,949.92,76.30,50
11/9/2013 16:31:54,11/9/2013,16:31:54,0.00,5.84,949.91,76.30,50
11/9/2013 16:32:24,11/9/2013,16:32:24,0.00,5.84,949.88,76.40,49
11/9/2013 16:32:54,11/9/2013,16:32:54,0.00,5.80,949.88,76.40,49
11/9/2013 16:33:24,11/9/2013,16:33:24,0.00,5.80,949.88,76.40,49
11/9/2013 16:33:54,11/9/2013,16:33:54,0.00,5.80,949.90,76.40,49
11/9/2013 16:34:24,11/9/2013,16:34:24,0.00,5.80,949.90,76.40,49
11/9/2013 16:34:54,11/9/2013,16:34:54,0.00,5.80,949.90,76.50,50
11/9/2013 16:35:24,11/9/2013,16:35:24,0.00,5.80,949.88,76.50,49
11/9/2013 16:35:54,11/9/2013,16:35:54,0.00,5.75,949.87,76.50,49
11/9/2013 16:36:24,11/9/2013,16:36:24,0.00,5.75,949.88,76.50,50
11/9/2013 16:36:54,11/9/2013,16:36:54,0.00,5.72,949.87,76.50,49
11/9/2013 16:37:24,11/9/2013,16:37:24,0.00,5.72,949.87,76.59,49
11/9/2013 16:37:54,11/9/2013,16:37:54,0.00,5.72,949.87,76.59,49
11/9/2013 16:38:24,11/9/2013,16:38:24,0.00,5.72,949.87,76.59,50
11/9/2013 16:38:54,11/9/2013,16:38:54,0.00,5.75,949.88,76.69,50
11/9/2013 16:39:24,11/9/2013,16:39:24,0.00,5.72,949.87,76.69,49
11/9/2013 16:39:54,11/9/2013,16:39:54,0.00,5.72,949.90,76.69,49
11/9/2013 16:40:24,11/9/2013,16:40:24,0.00,5.72,949.90,76.69,50
11/9/2013 16:40:54,11/9/2013,16:40:54,0.00,5.72,949.90,76.69,50
11/9/2013 16:41:24,11/9/2013,16:41:24,0.00,5.67,949.90,76.80,49
11/9/2013 16:41:54,11/9/2013,16:41:54,0.00,5.72,949.92,76.80,49
11/9/2013 16:42:24,11/9/2013,16:42:24,0.00,5.67,949.91,76.80,49
11/9/2013 16:42:54,11/9/2013,16:42:54,0.00,5.67,949.92,76.90,49
11/9/2013 16:43:24,11/9/2013,16:43:24,0.00,5.67,949.91,76.90,13
11/9/2013 16:43:54,11/9/2013,16:43:54,0.00,5.72,949.93,76.90,13
11/9/2013 16:44:24,11/9/2013,16:44:24,0.00,5.72,949.92,76.90,21
11/9/2013 16:44:54,11/9/2013,16:44:54,0.00,5.72,949.93,77.00,21
11/9/2013 16:45:24,11/9/2013,16:45:24,0.00,5.72,949.92,77.00,20
11/9/2013 16:45:54,11/9/2013,16:45:54,0.00,5.72,949.92,77.00,14
11/9/2013 16:46:24,11/9/2013,16:46:24,0.00,5.72,949.91,77.00,19
11/9/2013 16:46:54,11/9/2013,16:46:54,0.00,5.72,949.91,77.09,19
11/9/2013 16:47:24,11/9/2013,16:47:24,0.00,5.72,949.90,77.09,20
11/9/2013 16:47:54,11/9/2013,16:47:54,0.00,5.67,949.90,77.09,20
11/9/2013 16:48:24,11/9/2013,16:48:24,0.00,5.65,949.90,77.09,20
11/9/2013 16:48:54,11/9/2013,16:48:54,0.00,5.67,949.90,77.19,20
11/9/2013 16:49:24,11/9/2013,16:49:24,0.00,5.65,949.91,77.19,20
11/9/2013 16:49:54,11/9/2013,16:49:54,0.00,5.67,949.93,77.19,20
11/9/2013 16:50:24,11/9/2013,16:50:24,0.00,5.65,949.94,77.19,20
11/9/2013 16:50:54,11/9/2013,16:50:54,0.00,5.65,949.94,77.19,20
11/9/2013 16:51:24,11/9/2013,16:51:24,0.00,5.65,949.94,77.30,20
11/9/2013 16:51:54,11/9/2013,16:51:54,0.00,5.65,949.93,77.30,20
11/9/2013 16:52:24,11/9/2013,16:52:24,0.00,5.65,949.93,77.30,20
11/9/2013 16:52:54,11/9/2013,16:52:54,0.00,5.65,949.91,77.30,23
11/9/2013 16:53:24,11/9/2013,16:53:24,0.00,5.65,949.88,77.40,25
11/9/2013 16:53:54,11/9/2013,16:53:54,0.00,5.59,949.87,77.40,26
11/9/2013 16:54:24,11/9/2013,16:54:24,0.00,5.59,949.85,77.40,25
11/9/2013 16:54:54,11/9/2013,16:54:54,0.00,5.57,949.86,77.40,25
11/9/2013 16:55:24,11/9/2013,16:55:24,0.00,5.57,949.87,77.50,25
11/9/2013 16:55:54,11/9/2013,16:55:54,0.00,5.59,949.90,77.50,25
11/9/2013 16:56:24,11/9/2013,16:56:24,0.00,5.59,949.90,77.50,25
11/9/2013 16:56:54,11/9/2013,16:56:54,0.00,5.57,949.91,77.50,25
11/9/2013 16:57:24,11/9/2013,16:57:24,0.00,5.59,949.88,77.59,25
11/9/2013 16:57:54,11/9/2013,16:57:54,0.00,5.59,949.90,77.59,25
11/9/2013 16:58:24,11/9/2013,16:58:24,0.00,5.59,949.91,77.59,24
11/9/2013 16:58:54,11/9/2013,16:58:54,0.00,5.57,949.87,77.59,25
11/9/2013 16:59:24,11/9/2013,16:59:24,0.00,5.57,949.88,77.59,25
11/9/2013 16:59:54,11/9/2013,16:59:54,0.00,5.57,949.88,77.69,25
11/9/2013 17:00:24,11/9/2013,17:00:24,0.00,5.57,949.88,77.69,25
11/9/2013 17:00:54,11/9/2013,17:00:54,0.00,5.57,949.90,77.69,19
11/9/2013 17:01:24,11/9/2013,17:01:24,0.00,5.57,949.92,77.69,20
11/9/2013 17:01:54,11/9/2013,17:01:54,0.00,5.57,949.93,77.69,19
11/9/2013 17:02:24,11/9/2013,17:02:24,0.00,5.57,949.94,77.80,19
11/9/2013 17:02:54,11/9/2013,17:02:54,0.00,5.57,949.94,77.80,19
11/9/2013 17:03:24,11/9/2013,17:03:24,0.00,5.57,949.94,77.80,20
11/9/2013 17:03:54,11/9/2013,17:03:54,0.00,5.57,949.93,77.80,22
11/9/2013 17:04:24,11/9/2013,17:04:24,0.00,5.57,949.93,77.80,25
11/9/2013 17:04:54,11/9/2013,17:04:54,0.00,5.57,949.93,77.90,25
11/9/2013 17:05:24,11/9/2013,17:05:24,0.00,5.52,949.94,77.90,25
11/9/2013 17:05:54,11/9/2013,17:05:54,0.00,5.47,949.94,77.90,25
11/9/2013 17:06:24,11/9/2013,17:06:24,0.00,5.47,949.94,77.90,25
11/9/2013 17:06:54,11/9/2013,17:06:54,0.00,5.47,949.96,77.90,25
11/9/2013 17:07:24,11/9/2013,17:07:24,0.00,5.47,949.98,77.90,25
11/9/2013 17:07:54,11/9/2013,17:07:54,0.00,5.47,949.98,78.00,25
11/9/2013 17:08:24,11/9/2013,17:08:24,0.00,5.47,950.00,78.00,26
11/9/2013 17:08:54,11/9/2013,17:08:54,0.00,5.47,949.99,78.00,25
11/9/2013 17:09:24,11/9/2013,17:09:24,0.00,5.47,950.01,78.00,25
11/9/2013 17:09:54,11/9/2013,17:09:54,0.00,5.47,950.02,78.00,25
11/9/2013 17:10:24,11/9/2013,17:10:24,0.00,5.44,950.03,78.09,25
11/9/2013 17:10:54,11/9/2013,17:10:54,0.00,5.40,950.03,78.00,25
11/9/2013 17:11:24,11/9/2013,17:11:24,0.00,5.40,950.03,78.09,25
11/9/2013 17:11:54,11/9/2013,17:11:54,0.00,5.40,950.04,78.09,25
11/9/2013 17:12:24,11/9/2013,17:12:24,0.00,5.40,950.06,78.09,25
11/9/2013 17:12:54,11/9/2013,17:12:54,0.00,5.40,950.06,78.09,25
11/9/2013 17:13:24,11/9/2013,17:13:24,0.00,5.40,950.06,78.09,25
11/9/2013 17:13:54,11/9/2013,17:13:54,0.00,5.40,950.06,78.19,25
