DateTime,Date,Time,Wind,Temperature,Humidity,Pressure,Direction
[MM/DD/YYYY hh:mm:ss],[MM/DD/YYYY],[hh:mm:ss],[m/s],[¡C],[%rH],[hPa],[¡N]
1/30/2014 14:32:22,1/30/2014,14:32:22,0.00,10.77,56.90,946.59,280
1/30/2014 14:32:52,1/30/2014,14:32:52,0.00,11.05,62.29,946.51,330
1/30/2014 14:33:22,1/30/2014,14:33:22,0.00,10.94,60.70,946.54,72
1/30/2014 14:33:52,1/30/2014,14:33:52,0.00,10.50,60.40,946.57,101
1/30/2014 14:34:22,1/30/2014,14:34:22,0.00,9.52,60.90,946.62,17
1/30/2014 14:34:52,1/30/2014,14:34:52,0.00,9.25,61.70,946.64,28
1/30/2014 14:35:22,1/30/2014,14:35:22,0.00,9.12,61.59,946.67,303
1/30/2014 14:35:52,1/30/2014,14:35:52,0.00,8.32,61.70,946.72,64
1/30/2014 14:36:22,1/30/2014,14:36:22,0.00,8.39,61.50,946.72,319
1/30/2014 14:36:52,1/30/2014,14:36:52,0.00,7.62,61.50,946.77,340
1/30/2014 14:37:22,1/30/2014,14:37:22,0.00,7.55,60.59,946.78,328
1/30/2014 14:37:52,1/30/2014,14:37:52,0.00,7.17,60.29,946.79,320
1/30/2014 14:38:22,1/30/2014,14:38:22,0.00,6.80,60.50,946.82,336
1/30/2014 14:38:52,1/30/2014,14:38:52,0.00,6.52,59.00,946.84,309
1/30/2014 14:39:22,1/30/2014,14:39:22,0.00,6.52,59.09,946.84,340
1/30/2014 14:39:52,1/30/2014,14:39:52,0.00,6.42,59.09,946.89,359
1/30/2014 14:40:22,1/30/2014,14:40:22,0.00,6.27,58.70,946.90,303
1/30/2014 14:40:52,1/30/2014,14:40:52,0.00,6.27,58.40,946.90,64
1/30/2014 14:41:22,1/30/2014,14:41:22,0.00,6.27,58.40,946.88,118
1/30/2014 14:41:52,1/30/2014,14:41:52,0.00,6.27,58.40,946.90,220
1/30/2014 14:42:22,1/30/2014,14:42:22,0.00,5.75,57.90,946.90,28
1/30/2014 14:42:52,1/30/2014,14:42:52,0.00,5.65,57.79,946.91,27
1/30/2014 14:43:22,1/30/2014,14:43:22,0.00,5.57,57.79,946.90,299
1/30/2014 14:43:52,1/30/2014,14:43:52,0.00,5.32,57.40,946.94,329
1/30/2014 14:44:22,1/30/2014,14:44:22,0.00,5.37,58.00,946.95,111
1/30/2014 14:44:52,1/30/2014,14:44:52,0.00,5.07,57.59,946.94,80
1/30/2014 14:45:22,1/30/2014,14:45:22,0.00,5.17,57.79,946.95,19
1/30/2014 14:45:52,1/30/2014,14:45:52,0.00,5.19,57.70,946.94,359
1/30/2014 14:46:22,1/30/2014,14:46:22,0.00,5.25,57.70,946.94,20
1/30/2014 14:46:52,1/30/2014,14:46:52,0.00,5.17,57.59,946.92,23
1/30/2014 14:47:22,1/30/2014,14:47:22,0.00,5.12,57.70,946.94,16
1/30/2014 14:47:52,1/30/2014,14:47:52,0.00,5.07,57.70,946.94,22
1/30/2014 14:48:22,1/30/2014,14:48:22,0.00,5.05,57.70,946.96,23
1/30/2014 14:48:52,1/30/2014,14:48:52,0.00,4.92,57.70,946.96,30
1/30/2014 14:49:22,1/30/2014,14:49:22,0.00,5.00,57.79,946.97,30
1/30/2014 14:49:52,1/30/2014,14:49:52,0.00,4.92,57.50,946.96,313
1/30/2014 14:50:22,1/30/2014,14:50:22,0.00,4.77,58.00,946.96,342
1/30/2014 14:50:52,1/30/2014,14:50:52,0.00,4.72,57.90,946.96,335
1/30/2014 14:51:22,1/30/2014,14:51:22,0.00,4.77,58.00,946.97,347
1/30/2014 14:51:52,1/30/2014,14:51:52,0.00,4.69,58.00,946.97,329
1/30/2014 14:52:22,1/30/2014,14:52:22,0.00,4.52,58.59,946.94,332
1/30/2014 14:52:52,1/30/2014,14:52:52,0.18,4.52,58.40,946.92,347
1/30/2014 14:53:22,1/30/2014,14:53:22,0.00,4.44,58.50,946.94,357
1/30/2014 14:53:52,1/30/2014,14:53:52,0.00,4.50,58.70,946.95,318
1/30/2014 14:54:22,1/30/2014,14:54:22,0.00,4.52,58.70,946.97,349
1/30/2014 14:54:52,1/30/2014,14:54:52,0.00,4.52,58.70,946.97,341
1/30/2014 14:55:22,1/30/2014,14:55:22,0.00,4.52,58.70,946.97,79
1/30/2014 14:55:52,1/30/2014,14:55:52,0.00,4.52,58.70,946.97,343
1/30/2014 14:56:22,1/30/2014,14:56:22,0.00,4.44,58.50,946.99,318
1/30/2014 14:56:52,1/30/2014,14:56:52,0.00,4.44,58.70,947.00,334
1/30/2014 14:57:22,1/30/2014,14:57:22,0.00,4.37,58.50,947.02,313
1/30/2014 14:57:52,1/30/2014,14:57:52,0.00,4.42,58.79,947.00,1
1/30/2014 14:58:22,1/30/2014,14:58:22,0.00,4.37,58.79,947.03,188
1/30/2014 14:58:52,1/30/2014,14:58:52,0.00,4.30,58.70,947.03,323
1/30/2014 14:59:22,1/30/2014,14:59:22,0.68,4.22,58.79,946.98,313
1/30/2014 14:59:52,1/30/2014,14:59:52,0.00,4.25,59.09,947.03,3
1/30/2014 15:00:22,1/30/2014,15:00:22,0.00,4.12,58.79,947.03,270
1/30/2014 15:00:52,1/30/2014,15:00:52,0.00,4.22,59.00,947.04,261
1/30/2014 15:01:22,1/30/2014,15:01:22,0.00,4.22,59.00,947.04,324
1/30/2014 15:01:52,1/30/2014,15:01:52,0.00,4.17,59.00,947.04,340
1/30/2014 15:02:22,1/30/2014,15:02:22,0.00,4.22,59.00,947.06,43
1/30/2014 15:02:52,1/30/2014,15:02:52,0.00,4.22,59.00,947.07,44
1/30/2014 15:03:22,1/30/2014,15:03:22,0.00,4.22,59.09,947.08,44
1/30/2014 15:03:52,1/30/2014,15:03:52,0.00,4.22,59.09,947.07,73
1/30/2014 15:04:22,1/30/2014,15:04:22,0.00,4.12,59.09,947.06,44
1/30/2014 15:04:52,1/30/2014,15:04:52,0.00,4.12,59.09,947.05,50
1/30/2014 15:05:22,1/30/2014,15:05:22,0.00,4.12,59.09,947.06,58
1/30/2014 15:05:52,1/30/2014,15:05:52,0.00,4.12,59.09,947.04,294
1/30/2014 15:06:22,1/30/2014,15:06:22,0.00,4.12,59.20,947.05,352
1/30/2014 15:06:52,1/30/2014,15:06:52,0.00,4.12,59.40,947.07,330
1/30/2014 15:07:22,1/30/2014,15:07:22,0.00,4.09,59.59,947.08,50
1/30/2014 15:07:52,1/30/2014,15:07:52,0.00,4.02,59.50,947.09,77
1/30/2014 15:08:22,1/30/2014,15:08:22,0.33,3.97,59.29,947.08,61
1/30/2014 15:08:52,1/30/2014,15:08:52,0.00,4.05,59.40,947.11,22
1/30/2014 15:09:22,1/30/2014,15:09:22,0.00,4.05,59.59,947.12,315
1/30/2014 15:09:52,1/30/2014,15:09:52,0.00,4.05,59.59,947.13,303
1/30/2014 15:10:22,1/30/2014,15:10:22,0.00,4.05,59.59,947.14,203
1/30/2014 15:10:52,1/30/2014,15:10:52,0.00,4.05,59.70,947.14,325
1/30/2014 15:11:22,1/30/2014,15:11:22,0.00,3.97,59.90,947.14,312
1/30/2014 15:11:52,1/30/2014,15:11:52,0.00,3.97,59.90,947.14,123
1/30/2014 15:12:22,1/30/2014,15:12:22,0.00,4.05,59.90,947.15,100
1/30/2014 15:12:52,1/30/2014,15:12:52,0.00,4.02,60.00,947.16,277
1/30/2014 15:13:22,1/30/2014,15:13:22,0.00,3.97,60.09,947.17,270
1/30/2014 15:13:52,1/30/2014,15:13:52,0.00,3.97,60.00,947.19,73
1/30/2014 15:14:22,1/30/2014,15:14:22,0.00,4.02,60.00,947.20,72
1/30/2014 15:14:52,1/30/2014,15:14:52,0.00,3.97,60.00,947.20,304
1/30/2014 15:15:22,1/30/2014,15:15:22,0.00,3.97,59.90,947.23,324
1/30/2014 15:15:52,1/30/2014,15:15:52,0.00,3.90,59.90,947.28,336
1/30/2014 15:16:22,1/30/2014,15:16:22,0.00,3.95,59.90,947.30,338
1/30/2014 15:16:52,1/30/2014,15:16:52,0.00,3.90,60.00,947.30,341
1/30/2014 15:17:22,1/30/2014,15:17:22,0.00,3.90,59.90,947.30,330
1/30/2014 15:17:52,1/30/2014,15:17:52,0.00,3.90,60.00,947.31,324
1/30/2014 15:18:22,1/30/2014,15:18:22,0.00,3.90,60.09,947.35,34
1/30/2014 15:18:52,1/30/2014,15:18:52,0.00,3.90,60.20,947.35,312
1/30/2014 15:19:22,1/30/2014,15:19:22,0.00,3.90,60.20,947.32,330
1/30/2014 15:19:52,1/30/2014,15:19:52,0.00,3.82,60.29,947.35,312
1/30/2014 15:20:22,1/30/2014,15:20:22,0.00,3.82,60.29,947.35,331
1/30/2014 15:20:52,1/30/2014,15:20:52,0.00,3.82,60.29,947.36,335
1/30/2014 15:21:22,1/30/2014,15:21:22,1.62,3.70,60.40,947.30,346
1/30/2014 15:21:52,1/30/2014,15:21:52,1.38,3.65,60.40,947.27,340
1/30/2014 15:22:22,1/30/2014,15:22:22,0.86,3.75,60.40,947.29,341
1/30/2014 15:22:52,1/30/2014,15:22:52,0.26,3.75,60.70,947.37,330
1/30/2014 15:23:22,1/30/2014,15:23:22,0.66,3.65,60.70,947.37,338
1/30/2014 15:23:52,1/30/2014,15:23:52,0.99,3.70,60.70,947.33,354
1/30/2014 15:24:22,1/30/2014,15:24:22,1.24,3.65,60.79,947.33,347
1/30/2014 15:24:52,1/30/2014,15:24:52,0.00,3.65,60.90,947.41,338
1/30/2014 15:25:22,1/30/2014,15:25:22,0.00,3.70,60.79,947.40,346
1/30/2014 15:25:52,1/30/2014,15:25:52,0.00,3.70,60.79,947.44,332
1/30/2014 15:26:22,1/30/2014,15:26:22,0.00,3.65,60.70,947.44,305
1/30/2014 15:26:52,1/30/2014,15:26:52,0.49,3.65,60.79,947.39,355
1/30/2014 15:27:22,1/30/2014,15:27:22,0.29,3.65,60.70,947.40,352
1/30/2014 15:27:52,1/30/2014,15:27:52,0.00,3.75,60.79,947.41,29
1/30/2014 15:28:22,1/30/2014,15:28:22,0.00,3.70,60.90,947.41,312
1/30/2014 15:28:52,1/30/2014,15:28:52,0.00,3.70,61.00,947.41,343
1/30/2014 15:29:22,1/30/2014,15:29:22,0.00,3.70,61.00,947.39,285
1/30/2014 15:29:52,1/30/2014,15:29:52,0.00,3.65,61.00,947.39,258
1/30/2014 15:30:22,1/30/2014,15:30:22,0.00,3.75,60.90,947.39,259
1/30/2014 15:30:52,1/30/2014,15:30:52,0.00,3.65,60.79,947.40,287
1/30/2014 15:31:22,1/30/2014,15:31:22,0.00,3.65,60.79,947.40,336
1/30/2014 15:31:52,1/30/2014,15:31:52,0.00,3.65,60.70,947.42,60
1/30/2014 15:32:22,1/30/2014,15:32:22,0.00,3.65,60.79,947.44,52
1/30/2014 15:32:52,1/30/2014,15:32:52,0.00,3.65,60.79,947.44,57
1/30/2014 15:33:22,1/30/2014,15:33:22,0.00,3.65,60.79,947.42,311
1/30/2014 15:33:52,1/30/2014,15:33:52,0.00,3.65,60.79,947.44,116
1/30/2014 15:34:22,1/30/2014,15:34:22,0.00,3.65,60.79,947.46,58
1/30/2014 15:34:52,1/30/2014,15:34:52,0.00,3.65,60.70,947.46,348
1/30/2014 15:35:22,1/30/2014,15:35:22,0.00,3.65,60.79,947.49,355
1/30/2014 15:35:52,1/30/2014,15:35:52,0.00,3.65,60.79,947.48,336
1/30/2014 15:36:22,1/30/2014,15:36:22,0.00,3.65,60.90,947.48,82
1/30/2014 15:36:52,1/30/2014,15:36:52,0.06,3.62,60.79,947.47,115
1/30/2014 15:37:22,1/30/2014,15:37:22,0.24,3.62,60.79,947.46,34
1/30/2014 15:37:52,1/30/2014,15:37:52,0.00,3.62,60.90,947.47,46
1/30/2014 15:38:22,1/30/2014,15:38:22,0.00,3.62,60.90,947.50,23
1/30/2014 15:38:52,1/30/2014,15:38:52,0.00,3.57,60.90,947.48,28
1/30/2014 15:39:22,1/30/2014,15:39:22,0.19,3.57,60.90,947.48,21
1/30/2014 15:39:52,1/30/2014,15:39:52,0.00,3.57,60.90,947.49,34
1/30/2014 15:40:22,1/30/2014,15:40:22,0.00,3.54,61.00,947.50,47
1/30/2014 15:40:52,1/30/2014,15:40:52,0.00,3.57,60.90,947.49,42
1/30/2014 15:41:22,1/30/2014,15:41:22,0.00,3.57,61.00,947.49,9
1/30/2014 15:41:52,1/30/2014,15:41:52,0.00,3.57,61.00,947.50,10
1/30/2014 15:42:22,1/30/2014,15:42:22,0.00,3.57,61.00,947.49,25
1/30/2014 15:42:52,1/30/2014,15:42:52,0.00,3.57,61.00,947.49,25
1/30/2014 15:43:22,1/30/2014,15:43:22,0.00,3.57,61.00,947.49,35
1/30/2014 15:43:52,1/30/2014,15:43:52,0.00,3.57,61.00,947.48,331
1/30/2014 15:44:22,1/30/2014,15:44:22,0.00,3.57,61.09,947.49,67
1/30/2014 15:44:52,1/30/2014,15:44:52,0.00,3.57,61.09,947.49,11
1/30/2014 15:45:22,1/30/2014,15:45:22,0.00,3.57,61.09,947.49,77
1/30/2014 15:45:52,1/30/2014,15:45:52,0.00,3.57,61.00,947.48,10
1/30/2014 15:46:22,1/30/2014,15:46:22,0.00,3.57,61.00,947.50,4
1/30/2014 15:46:52,1/30/2014,15:46:52,0.00,3.57,61.00,947.48,10
1/30/2014 15:47:22,1/30/2014,15:47:22,0.00,3.57,60.90,947.48,21
1/30/2014 15:47:52,1/30/2014,15:47:52,0.00,3.54,60.79,947.48,28
1/30/2014 15:48:22,1/30/2014,15:48:22,0.00,3.54,60.79,947.49,220
1/30/2014 15:48:52,1/30/2014,15:48:52,0.00,3.57,60.79,947.49,175
1/30/2014 15:49:22,1/30/2014,15:49:22,0.00,3.50,60.79,947.48,20
1/30/2014 15:49:52,1/30/2014,15:49:52,0.00,3.50,60.70,947.50,29
1/30/2014 15:50:22,1/30/2014,15:50:22,0.00,3.57,60.79,947.50,287
1/30/2014 15:50:52,1/30/2014,15:50:52,0.00,3.57,60.79,947.50,100
1/30/2014 15:51:22,1/30/2014,15:51:22,0.00,3.57,60.90,947.49,318
1/30/2014 15:51:52,1/30/2014,15:51:52,0.00,3.57,60.90,947.50,318
1/30/2014 15:52:22,1/30/2014,15:52:22,0.00,3.57,61.00,947.50,3
1/30/2014 15:52:52,1/30/2014,15:52:52,0.00,3.57,61.09,947.53,3
1/30/2014 15:53:22,1/30/2014,15:53:22,0.00,3.57,61.09,947.55,3
1/30/2014 15:53:52,1/30/2014,15:53:52,0.00,3.57,61.09,947.54,4
1/30/2014 15:54:22,1/30/2014,15:54:22,0.00,3.62,61.09,947.56,259
1/30/2014 15:54:52,1/30/2014,15:54:52,0.00,3.62,61.20,947.57,169
1/30/2014 15:55:22,1/30/2014,15:55:22,0.00,3.57,61.20,947.57,137
1/30/2014 15:55:52,1/30/2014,15:55:52,0.00,3.57,61.20,947.60,133
1/30/2014 15:56:22,1/30/2014,15:56:22,0.00,3.57,61.20,947.60,87
1/30/2014 15:56:52,1/30/2014,15:56:52,0.00,3.57,61.09,947.60,89
1/30/2014 15:57:22,1/30/2014,15:57:22,0.00,3.57,61.09,947.60,33
1/30/2014 15:57:52,1/30/2014,15:57:52,0.00,3.57,61.00,947.60,34
1/30/2014 15:58:22,1/30/2014,15:58:22,0.00,3.57,61.00,947.61,50
1/30/2014 15:58:52,1/30/2014,15:58:52,0.00,3.57,60.90,947.57,9
1/30/2014 15:59:22,1/30/2014,15:59:22,0.00,3.57,60.90,947.57,79
1/30/2014 15:59:52,1/30/2014,15:59:52,0.00,3.57,60.90,947.57,10
1/30/2014 16:00:22,1/30/2014,16:00:22,0.00,3.62,60.90,947.55,269
1/30/2014 16:00:52,1/30/2014,16:00:52,0.00,3.57,61.09,947.56,64
1/30/2014 16:01:22,1/30/2014,16:01:22,0.00,3.54,61.09,947.57,32
1/30/2014 16:01:52,1/30/2014,16:01:52,0.00,3.57,61.09,947.57,13
1/30/2014 16:02:22,1/30/2014,16:02:22,0.00,3.57,61.09,947.56,267
1/30/2014 16:02:52,1/30/2014,16:02:52,0.00,3.57,61.09,947.57,275
1/30/2014 16:03:22,1/30/2014,16:03:22,0.00,3.57,61.09,947.55,286
1/30/2014 16:03:52,1/30/2014,16:03:52,0.00,3.57,61.09,947.57,90
1/30/2014 16:04:22,1/30/2014,16:04:22,0.00,3.54,61.09,947.55,73
1/30/2014 16:04:52,1/30/2014,16:04:52,0.00,3.57,61.00,947.56,284
1/30/2014 16:05:22,1/30/2014,16:05:22,0.00,3.54,61.00,947.55,308
1/30/2014 16:05:52,1/30/2014,16:05:52,0.00,3.54,61.00,947.56,93
1/30/2014 16:06:22,1/30/2014,16:06:22,0.00,3.57,60.90,947.54,41
1/30/2014 16:06:52,1/30/2014,16:06:52,0.00,3.57,60.90,947.54,317
1/30/2014 16:07:22,1/30/2014,16:07:22,0.00,3.50,60.79,947.56,351
1/30/2014 16:07:52,1/30/2014,16:07:52,0.00,3.54,60.70,947.56,34
1/30/2014 16:08:22,1/30/2014,16:08:22,0.00,3.54,60.70,947.58,100
1/30/2014 16:08:52,1/30/2014,16:08:52,0.00,3.54,60.70,947.61,32
1/30/2014 16:09:22,1/30/2014,16:09:22,0.00,3.50,60.79,947.60,40
1/30/2014 16:09:52,1/30/2014,16:09:52,0.00,3.54,60.70,947.61,308
1/30/2014 16:10:22,1/30/2014,16:10:22,0.00,3.57,60.70,947.61,57
1/30/2014 16:10:52,1/30/2014,16:10:52,0.00,3.54,60.79,947.60,294
1/30/2014 16:11:22,1/30/2014,16:11:22,0.00,3.50,60.79,947.61,35
1/30/2014 16:11:52,1/30/2014,16:11:52,0.00,3.54,60.70,947.61,50
1/30/2014 16:12:22,1/30/2014,16:12:22,0.00,3.50,60.70,947.60,34
1/30/2014 16:12:52,1/30/2014,16:12:52,0.00,3.50,60.70,947.57,33
1/30/2014 16:13:22,1/30/2014,16:13:22,0.00,3.50,60.70,947.58,36
1/30/2014 16:13:52,1/30/2014,16:13:52,0.00,3.47,60.70,947.57,74
1/30/2014 16:14:22,1/30/2014,16:14:22,0.00,3.50,60.70,947.58,59
1/30/2014 16:14:52,1/30/2014,16:14:52,0.00,3.50,60.70,947.60,53
1/30/2014 16:15:22,1/30/2014,16:15:22,0.00,3.50,61.00,947.60,16
1/30/2014 16:15:52,1/30/2014,16:15:52,0.00,3.50,61.00,947.60,26
1/30/2014 16:16:22,1/30/2014,16:16:22,0.00,3.50,61.00,947.60,28
1/30/2014 16:16:52,1/30/2014,16:16:52,0.00,3.50,61.00,947.58,38
1/30/2014 16:17:22,1/30/2014,16:17:22,0.00,3.50,61.00,947.60,30
1/30/2014 16:17:52,1/30/2014,16:17:52,0.00,3.50,61.00,947.57,348
1/30/2014 16:18:22,1/30/2014,16:18:22,0.00,3.47,61.00,947.60,74
1/30/2014 16:18:52,1/30/2014,16:18:52,0.00,3.42,61.00,947.58,70
1/30/2014 16:19:22,1/30/2014,16:19:22,0.00,3.50,61.00,947.58,323
1/30/2014 16:19:52,1/30/2014,16:19:52,0.00,3.47,61.00,947.56,32
1/30/2014 16:20:22,1/30/2014,16:20:22,0.00,3.47,61.00,947.55,325
1/30/2014 16:20:52,1/30/2014,16:20:52,0.00,3.50,61.00,947.54,281
1/30/2014 16:21:22,1/30/2014,16:21:22,0.00,3.47,61.00,947.54,43
1/30/2014 16:21:52,1/30/2014,16:21:52,0.00,3.42,61.00,947.52,25
1/30/2014 16:22:22,1/30/2014,16:22:22,0.00,3.47,61.00,947.54,25
1/30/2014 16:22:52,1/30/2014,16:22:52,0.00,3.47,61.09,947.53,198
1/30/2014 16:23:22,1/30/2014,16:23:22,0.00,3.42,61.20,947.54,38
1/30/2014 16:23:52,1/30/2014,16:23:52,0.00,3.42,61.09,947.53,283
1/30/2014 16:24:22,1/30/2014,16:24:22,0.00,3.42,61.00,947.52,311
1/30/2014 16:24:52,1/30/2014,16:24:52,0.00,3.42,61.09,947.52,325
1/30/2014 16:25:22,1/30/2014,16:25:22,0.12,3.42,61.09,947.52,339
1/30/2014 16:25:52,1/30/2014,16:25:52,0.48,3.42,60.90,947.50,349
1/30/2014 16:26:22,1/30/2014,16:26:22,0.00,3.42,60.90,947.56,34
1/30/2014 16:26:52,1/30/2014,16:26:52,0.00,3.42,60.90,947.55,318
1/30/2014 16:27:22,1/30/2014,16:27:22,0.00,3.42,60.90,947.54,315
1/30/2014 16:27:52,1/30/2014,16:27:52,0.00,3.42,61.20,947.55,343
1/30/2014 16:28:22,1/30/2014,16:28:22,0.00,3.42,61.40,947.57,345
1/30/2014 16:28:52,1/30/2014,16:28:52,0.00,3.42,61.50,947.55,28
1/30/2014 16:29:22,1/30/2014,16:29:22,0.00,3.42,61.50,947.57,46
1/30/2014 16:29:52,1/30/2014,16:29:52,0.00,3.42,61.50,947.58,276
1/30/2014 16:30:22,1/30/2014,16:30:22,0.12,3.42,61.50,947.58,17
1/30/2014 16:30:52,1/30/2014,16:30:52,0.00,3.37,61.50,947.60,48
1/30/2014 16:31:22,1/30/2014,16:31:22,0.00,3.42,61.40,947.62,359
1/30/2014 16:31:52,1/30/2014,16:31:52,0.00,3.42,61.50,947.62,44
1/30/2014 16:32:22,1/30/2014,16:32:22,0.00,3.42,61.50,947.62,105
1/30/2014 16:32:52,1/30/2014,16:32:52,0.00,3.37,61.50,947.63,87
1/30/2014 16:33:22,1/30/2014,16:33:22,0.00,3.37,61.50,947.61,29
1/30/2014 16:33:52,1/30/2014,16:33:52,0.00,3.37,61.50,947.63,19
1/30/2014 16:34:22,1/30/2014,16:34:22,0.00,3.37,61.50,947.63,0
1/30/2014 16:34:52,1/30/2014,16:34:52,0.00,3.42,61.50,947.64,8
1/30/2014 16:35:22,1/30/2014,16:35:22,0.00,3.42,61.50,947.63,28
1/30/2014 16:35:52,1/30/2014,16:35:52,0.00,3.42,61.59,947.63,237
1/30/2014 16:36:22,1/30/2014,16:36:22,0.00,3.42,61.59,947.64,2
1/30/2014 16:36:52,1/30/2014,16:36:52,0.00,3.42,61.59,947.62,263
1/30/2014 16:37:22,1/30/2014,16:37:22,0.00,3.37,61.70,947.64,87
1/30/2014 16:37:52,1/30/2014,16:37:52,0.00,3.34,61.70,947.63,271
1/30/2014 16:38:22,1/30/2014,16:38:22,0.00,3.37,61.70,947.65,264
1/30/2014 16:38:52,1/30/2014,16:38:52,0.00,3.34,61.59,947.65,217
1/30/2014 16:39:22,1/30/2014,16:39:22,0.00,3.34,61.59,947.65,353
1/30/2014 16:39:52,1/30/2014,16:39:52,0.00,3.34,61.59,947.65,335
1/30/2014 16:40:22,1/30/2014,16:40:22,0.00,3.37,61.70,947.65,254
1/30/2014 16:40:52,1/30/2014,16:40:52,0.00,3.37,61.70,947.65,44
1/30/2014 16:41:22,1/30/2014,16:41:22,0.00,3.34,61.70,947.66,46
1/30/2014 16:41:52,1/30/2014,16:41:52,0.00,3.34,61.70,947.65,177
1/30/2014 16:42:22,1/30/2014,16:42:22,0.00,3.34,61.70,947.64,106
1/30/2014 16:42:52,1/30/2014,16:42:52,0.00,3.34,61.79,947.66,54
1/30/2014 16:43:22,1/30/2014,16:43:22,0.00,3.34,61.70,947.68,21
1/30/2014 16:43:52,1/30/2014,16:43:52,0.00,3.34,61.70,947.68,6
1/30/2014 16:44:22,1/30/2014,16:44:22,0.00,3.29,61.70,947.70,52
1/30/2014 16:44:52,1/30/2014,16:44:52,0.00,3.29,61.59,947.70,343
1/30/2014 16:45:22,1/30/2014,16:45:22,0.00,3.34,61.50,947.70,8
1/30/2014 16:45:52,1/30/2014,16:45:52,0.00,3.29,61.50,947.71,7
1/30/2014 16:46:22,1/30/2014,16:46:22,0.00,3.29,61.50,947.71,111
1/30/2014 16:46:52,1/30/2014,16:46:52,0.00,3.29,61.50,947.70,72
1/30/2014 16:47:22,1/30/2014,16:47:22,0.00,3.29,61.50,947.69,63
1/30/2014 16:47:52,1/30/2014,16:47:52,0.00,3.27,61.40,947.68,51
1/30/2014 16:48:22,1/30/2014,16:48:22,0.00,3.29,61.40,947.68,317
1/30/2014 16:48:52,1/30/2014,16:48:52,0.00,3.29,61.29,947.68,28
1/30/2014 16:49:22,1/30/2014,16:49:22,0.00,3.27,61.40,947.65,105
1/30/2014 16:49:52,1/30/2014,16:49:52,0.00,3.27,61.40,947.63,73
1/30/2014 16:50:22,1/30/2014,16:50:22,0.00,3.27,61.09,947.64,37
1/30/2014 16:50:52,1/30/2014,16:50:52,0.00,3.27,61.00,947.64,3
1/30/2014 16:51:22,1/30/2014,16:51:22,0.00,3.27,61.09,947.65,65
1/30/2014 16:51:52,1/30/2014,16:51:52,0.00,3.27,60.90,947.63,100
1/30/2014 16:52:22,1/30/2014,16:52:22,0.00,3.27,60.79,947.64,51
1/30/2014 16:52:52,1/30/2014,16:52:52,0.00,3.27,61.00,947.65,71
1/30/2014 16:53:22,1/30/2014,16:53:22,0.00,3.29,61.00,947.63,47
1/30/2014 16:53:52,1/30/2014,16:53:52,0.00,3.27,61.09,947.63,46
1/30/2014 16:54:22,1/30/2014,16:54:22,0.00,3.27,61.09,947.64,77
1/30/2014 16:54:52,1/30/2014,16:54:52,0.00,3.27,61.09,947.66,350
1/30/2014 16:55:22,1/30/2014,16:55:22,0.00,3.27,61.20,947.64,266
1/30/2014 16:55:52,1/30/2014,16:55:52,0.00,3.27,61.20,947.65,323
1/30/2014 16:56:22,1/30/2014,16:56:22,0.00,3.27,61.09,947.66,301
1/30/2014 16:56:52,1/30/2014,16:56:52,0.00,3.27,61.09,947.66,315
1/30/2014 16:57:22,1/30/2014,16:57:22,0.00,3.27,61.20,947.66,311
1/30/2014 16:57:52,1/30/2014,16:57:52,0.00,3.27,61.29,947.66,68
1/30/2014 16:58:22,1/30/2014,16:58:22,0.00,3.27,61.40,947.64,67
1/30/2014 16:58:52,1/30/2014,16:58:52,0.00,3.27,61.40,947.66,67
1/30/2014 16:59:22,1/30/2014,16:59:22,0.00,3.27,61.29,947.65,66
1/30/2014 16:59:52,1/30/2014,16:59:52,0.00,3.27,61.20,947.66,48
1/30/2014 17:00:22,1/30/2014,17:00:22,0.00,3.27,61.20,947.68,48
1/30/2014 17:00:52,1/30/2014,17:00:52,0.00,3.27,61.20,947.68,48
1/30/2014 17:01:22,1/30/2014,17:01:22,0.00,3.27,61.20,947.65,295
1/30/2014 17:01:52,1/30/2014,17:01:52,0.00,3.27,61.29,947.66,257
1/30/2014 17:02:22,1/30/2014,17:02:22,0.00,3.27,61.29,947.68,255
1/30/2014 17:02:52,1/30/2014,17:02:52,0.00,3.27,61.29,947.70,125
1/30/2014 17:03:22,1/30/2014,17:03:22,0.00,3.27,61.29,947.70,149
1/30/2014 17:03:52,1/30/2014,17:03:52,0.00,3.27,61.40,947.72,65
1/30/2014 17:04:22,1/30/2014,17:04:22,0.00,3.27,61.29,947.73,288
1/30/2014 17:04:52,1/30/2014,17:04:52,0.00,3.27,61.29,947.75,290
1/30/2014 17:05:22,1/30/2014,17:05:22,0.00,3.27,61.29,947.77,328
1/30/2014 17:05:52,1/30/2014,17:05:52,0.00,3.27,61.29,947.78,311
1/30/2014 17:06:22,1/30/2014,17:06:22,0.00,3.27,61.40,947.80,311
1/30/2014 17:06:52,1/30/2014,17:06:52,0.15,3.27,61.40,947.80,24
1/30/2014 17:07:22,1/30/2014,17:07:22,0.29,3.27,61.00,947.79,52
1/30/2014 17:07:52,1/30/2014,17:07:52,0.00,3.27,61.09,947.82,127
1/30/2014 17:08:22,1/30/2014,17:08:22,0.00,3.27,61.09,947.83,110
1/30/2014 17:08:52,1/30/2014,17:08:52,0.00,3.27,61.09,947.86,35
1/30/2014 17:09:22,1/30/2014,17:09:22,0.00,3.27,61.20,947.83,36
1/30/2014 17:09:52,1/30/2014,17:09:52,0.00,3.27,61.20,947.86,23
1/30/2014 17:10:22,1/30/2014,17:10:22,0.00,3.27,61.20,947.86,309
1/30/2014 17:10:52,1/30/2014,17:10:52,0.00,3.27,61.29,947.87,309
1/30/2014 17:11:22,1/30/2014,17:11:22,0.00,3.27,61.29,947.87,309
1/30/2014 17:11:52,1/30/2014,17:11:52,0.00,3.27,61.40,947.87,78
1/30/2014 17:12:22,1/30/2014,17:12:22,0.00,3.27,61.29,947.86,61
1/30/2014 17:12:52,1/30/2014,17:12:52,0.00,3.27,61.09,947.87,50
1/30/2014 17:13:22,1/30/2014,17:13:22,0.00,3.27,61.29,947.89,27
1/30/2014 17:13:52,1/30/2014,17:13:52,0.00,3.27,61.29,947.88,342
1/30/2014 17:14:22,1/30/2014,17:14:22,0.00,3.27,61.29,947.87,260
1/30/2014 17:14:52,1/30/2014,17:14:52,1.08,3.22,61.09,947.81,328
1/30/2014 17:15:22,1/30/2014,17:15:22,0.00,3.27,60.90,947.86,28
1/30/2014 17:15:52,1/30/2014,17:15:52,0.00,3.27,61.00,947.89,85
1/30/2014 17:16:22,1/30/2014,17:16:22,0.00,3.27,61.09,947.90,70
1/30/2014 17:16:52,1/30/2014,17:16:52,0.00,3.27,61.20,947.91,71
1/30/2014 17:17:22,1/30/2014,17:17:22,0.00,3.27,61.29,947.90,79
1/30/2014 17:17:52,1/30/2014,17:17:52,0.00,3.27,61.29,947.90,14
1/30/2014 17:18:22,1/30/2014,17:18:22,0.00,3.27,61.29,947.89,5
1/30/2014 17:18:52,1/30/2014,17:18:52,0.00,3.27,61.29,947.90,6
1/30/2014 17:19:22,1/30/2014,17:19:22,0.00,3.27,61.29,947.89,9
1/30/2014 17:19:52,1/30/2014,17:19:52,0.00,3.27,61.29,947.89,51
1/30/2014 17:20:22,1/30/2014,17:20:22,0.00,3.27,61.20,947.90,33
1/30/2014 17:20:52,1/30/2014,17:20:52,0.00,3.27,61.20,947.91,38
1/30/2014 17:21:22,1/30/2014,17:21:22,0.00,3.27,61.20,947.90,30
1/30/2014 17:21:52,1/30/2014,17:21:52,0.00,3.27,61.29,947.91,44
1/30/2014 17:22:22,1/30/2014,17:22:22,0.00,3.27,61.29,947.94,333
1/30/2014 17:22:52,1/30/2014,17:22:52,0.00,3.27,61.29,947.91,302
1/30/2014 17:23:22,1/30/2014,17:23:22,0.00,3.27,61.40,947.93,245
1/30/2014 17:23:52,1/30/2014,17:23:52,0.00,3.27,61.40,947.94,88
1/30/2014 17:24:22,1/30/2014,17:24:22,0.00,3.27,61.50,947.93,69
1/30/2014 17:24:52,1/30/2014,17:24:52,0.00,3.27,61.59,947.94,47
1/30/2014 17:25:22,1/30/2014,17:25:22,0.00,3.27,61.59,947.94,47
1/30/2014 17:25:52,1/30/2014,17:25:52,0.00,3.27,61.59,947.93,47
1/30/2014 17:26:22,1/30/2014,17:26:22,0.00,3.27,61.59,947.94,67
1/30/2014 17:26:52,1/30/2014,17:26:52,0.00,3.27,61.59,947.93,75
1/30/2014 17:27:22,1/30/2014,17:27:22,0.00,3.27,61.70,947.90,72
1/30/2014 17:27:52,1/30/2014,17:27:52,0.00,3.22,61.70,947.89,30
1/30/2014 17:28:22,1/30/2014,17:28:22,0.00,3.27,61.70,947.87,10
1/30/2014 17:28:52,1/30/2014,17:28:52,0.00,3.27,61.70,947.87,10
1/30/2014 17:29:22,1/30/2014,17:29:22,0.00,3.27,61.70,947.87,10
1/30/2014 17:29:52,1/30/2014,17:29:52,0.00,3.22,61.70,947.86,32
1/30/2014 17:30:22,1/30/2014,17:30:22,0.00,3.27,61.70,947.87,69
1/30/2014 17:30:52,1/30/2014,17:30:52,0.00,3.27,61.70,947.86,97
1/30/2014 17:31:22,1/30/2014,17:31:22,0.00,3.22,61.70,947.83,95
1/30/2014 17:31:52,1/30/2014,17:31:52,0.00,3.22,61.59,947.85,80
1/30/2014 17:32:22,1/30/2014,17:32:22,0.00,3.27,61.59,947.85,92
1/30/2014 17:32:52,1/30/2014,17:32:52,0.00,3.22,61.59,947.85,66
1/30/2014 17:33:22,1/30/2014,17:33:22,0.00,3.22,61.59,947.86,66
1/30/2014 17:33:52,1/30/2014,17:33:52,0.00,3.22,61.59,947.86,90
1/30/2014 17:34:22,1/30/2014,17:34:22,0.00,3.22,61.59,947.87,334
1/30/2014 17:34:52,1/30/2014,17:34:52,0.00,3.22,61.59,947.88,327
1/30/2014 17:35:22,1/30/2014,17:35:22,0.00,3.22,61.59,947.86,327
1/30/2014 17:35:52,1/30/2014,17:35:52,0.00,3.27,61.70,947.86,327
1/30/2014 17:36:22,1/30/2014,17:36:22,0.00,3.27,61.70,947.86,329
1/30/2014 17:36:52,1/30/2014,17:36:52,0.00,3.22,61.70,947.86,302
1/30/2014 17:37:22,1/30/2014,17:37:22,0.00,3.27,61.70,947.86,344
1/30/2014 17:37:52,1/30/2014,17:37:52,0.00,3.27,61.70,947.87,23
1/30/2014 17:38:22,1/30/2014,17:38:22,0.00,3.22,61.70,947.87,22
1/30/2014 17:38:52,1/30/2014,17:38:52,0.00,3.27,61.70,947.88,21
1/30/2014 17:39:22,1/30/2014,17:39:22,0.00,3.27,61.70,947.87,20
1/30/2014 17:39:52,1/30/2014,17:39:52,0.00,3.27,61.70,947.87,25
1/30/2014 17:40:22,1/30/2014,17:40:22,0.00,3.22,61.70,947.88,26
1/30/2014 17:40:52,1/30/2014,17:40:52,0.00,3.22,61.70,947.88,109
1/30/2014 17:41:22,1/30/2014,17:41:22,0.00,3.27,61.70,947.88,188
1/30/2014 17:41:52,1/30/2014,17:41:52,0.00,3.27,61.70,947.89,325
1/30/2014 17:42:22,1/30/2014,17:42:22,0.00,3.27,61.79,947.91,255
1/30/2014 17:42:52,1/30/2014,17:42:52,0.00,3.27,61.90,947.94,270
1/30/2014 17:43:22,1/30/2014,17:43:22,0.00,3.27,62.00,947.96,317
1/30/2014 17:43:52,1/30/2014,17:43:52,0.00,3.22,62.00,947.98,343
1/30/2014 17:44:22,1/30/2014,17:44:22,0.00,3.27,62.00,947.98,204
1/30/2014 17:44:52,1/30/2014,17:44:52,0.00,3.27,62.00,948.03,290
1/30/2014 17:45:22,1/30/2014,17:45:22,0.00,3.27,62.00,948.05,308
1/30/2014 17:45:52,1/30/2014,17:45:52,0.00,3.27,62.00,948.04,188
1/30/2014 17:46:22,1/30/2014,17:46:22,0.00,3.27,62.09,948.06,189
1/30/2014 17:46:52,1/30/2014,17:46:52,0.00,3.27,62.09,948.08,320
1/30/2014 17:47:22,1/30/2014,17:47:22,0.00,3.27,62.09,948.10,224
1/30/2014 17:47:52,1/30/2014,17:47:52,0.00,3.27,62.09,948.08,211
1/30/2014 17:48:22,1/30/2014,17:48:22,0.00,3.27,62.09,948.08,84
1/30/2014 17:48:52,1/30/2014,17:48:52,0.00,3.27,62.09,948.10,100
1/30/2014 17:49:22,1/30/2014,17:49:22,0.00,3.27,62.09,948.10,101
1/30/2014 17:49:52,1/30/2014,17:49:52,0.00,3.27,62.09,948.08,206
1/30/2014 17:50:22,1/30/2014,17:50:22,0.00,3.27,62.09,948.07,258
1/30/2014 17:50:52,1/30/2014,17:50:52,0.00,3.27,62.09,948.08,275
1/30/2014 17:51:22,1/30/2014,17:51:22,0.00,3.27,62.09,948.08,271
1/30/2014 17:51:52,1/30/2014,17:51:52,0.00,3.22,62.09,948.10,72
1/30/2014 17:52:22,1/30/2014,17:52:22,0.00,3.22,62.09,948.10,72
1/30/2014 17:52:52,1/30/2014,17:52:52,0.00,3.27,62.09,948.11,39
1/30/2014 17:53:22,1/30/2014,17:53:22,0.00,3.22,62.09,948.11,326
1/30/2014 17:53:52,1/30/2014,17:53:52,0.00,3.27,62.09,948.12,323
1/30/2014 17:54:22,1/30/2014,17:54:22,0.00,3.27,62.09,948.12,307
1/30/2014 17:54:52,1/30/2014,17:54:52,0.00,3.27,62.20,948.12,332
1/30/2014 17:55:22,1/30/2014,17:55:22,0.00,3.27,62.20,948.13,331
1/30/2014 17:55:52,1/30/2014,17:55:52,0.00,3.22,62.20,948.13,332
1/30/2014 17:56:22,1/30/2014,17:56:22,0.00,3.27,62.20,948.12,331
1/30/2014 17:56:52,1/30/2014,17:56:52,0.00,3.22,62.09,948.14,309
1/30/2014 17:57:22,1/30/2014,17:57:22,0.00,3.22,62.20,948.15,308
1/30/2014 17:57:52,1/30/2014,17:57:52,0.00,3.22,62.09,948.16,333
1/30/2014 17:58:22,1/30/2014,17:58:22,0.00,3.27,62.09,948.15,331
1/30/2014 17:58:52,1/30/2014,17:58:52,0.00,3.22,62.09,948.16,332
1/30/2014 17:59:22,1/30/2014,17:59:22,0.00,3.27,62.20,948.15,332
1/30/2014 17:59:52,1/30/2014,17:59:52,0.00,3.22,62.20,948.15,332
1/30/2014 18:00:22,1/30/2014,18:00:22,0.00,3.27,62.20,948.16,333
1/30/2014 18:00:52,1/30/2014,18:00:52,0.00,3.22,62.20,948.15,333
1/30/2014 18:01:22,1/30/2014,18:01:22,0.00,3.27,62.20,948.16,1
1/30/2014 18:01:52,1/30/2014,18:01:52,0.00,3.27,62.20,948.15,21
1/30/2014 18:02:22,1/30/2014,18:02:22,0.00,3.27,62.20,948.15,31
1/30/2014 18:02:52,1/30/2014,18:02:52,0.00,3.27,62.20,948.15,31
1/30/2014 18:03:22,1/30/2014,18:03:22,0.00,3.27,62.20,948.13,38
1/30/2014 18:03:52,1/30/2014,18:03:52,0.00,3.27,62.29,948.12,72
1/30/2014 18:04:22,1/30/2014,18:04:22,0.00,3.27,62.29,948.12,72
1/30/2014 18:04:52,1/30/2014,18:04:52,0.00,3.27,62.29,948.10,72
1/30/2014 18:05:22,1/30/2014,18:05:22,0.00,3.27,62.29,948.10,68
1/30/2014 18:05:52,1/30/2014,18:05:52,0.00,3.27,62.40,948.10,67
1/30/2014 18:06:22,1/30/2014,18:06:22,0.00,3.27,62.40,948.11,63
1/30/2014 18:06:52,1/30/2014,18:06:52,0.00,3.22,62.40,948.08,47
1/30/2014 18:07:22,1/30/2014,18:07:22,0.00,3.27,62.40,948.10,47
1/30/2014 18:07:52,1/30/2014,18:07:52,0.00,3.27,62.40,948.11,48
1/30/2014 18:08:22,1/30/2014,18:08:22,0.00,3.27,62.40,948.13,48
1/30/2014 18:08:52,1/30/2014,18:08:52,0.00,3.27,62.40,948.13,47
1/30/2014 18:09:22,1/30/2014,18:09:22,0.00,3.27,62.40,948.12,102
1/30/2014 18:09:52,1/30/2014,18:09:52,0.00,3.27,62.40,948.11,30
1/30/2014 18:10:22,1/30/2014,18:10:22,0.00,3.27,62.40,948.10,30
1/30/2014 18:10:52,1/30/2014,18:10:52,0.00,3.27,62.40,948.11,30
1/30/2014 18:11:22,1/30/2014,18:11:22,0.00,3.22,62.40,948.10,85
1/30/2014 18:11:52,1/30/2014,18:11:52,0.00,3.27,62.40,948.10,84
1/30/2014 18:12:22,1/30/2014,18:12:22,0.00,3.22,62.29,948.10,85
1/30/2014 18:12:52,1/30/2014,18:12:52,0.00,3.27,62.40,948.10,266
1/30/2014 18:13:22,1/30/2014,18:13:22,0.00,3.27,62.29,948.10,264
1/30/2014 18:13:52,1/30/2014,18:13:52,0.00,3.27,62.29,948.10,92
1/30/2014 18:14:22,1/30/2014,18:14:22,0.00,3.27,62.29,948.08,118
1/30/2014 18:14:52,1/30/2014,18:14:52,0.00,3.27,62.29,948.10,73
1/30/2014 18:15:22,1/30/2014,18:15:22,0.00,3.27,62.29,948.08,338
1/30/2014 18:15:52,1/30/2014,18:15:52,0.00,3.27,62.29,948.10,253
1/30/2014 18:16:22,1/30/2014,18:16:22,0.00,3.27,62.29,948.10,62
1/30/2014 18:16:52,1/30/2014,18:16:52,0.00,3.27,62.29,948.10,108
1/30/2014 18:17:22,1/30/2014,18:17:22,0.00,3.22,62.29,948.10,28
1/30/2014 18:17:52,1/30/2014,18:17:52,0.00,3.27,62.20,948.10,7
1/30/2014 18:18:22,1/30/2014,18:18:22,0.00,3.27,62.20,948.10,11
1/30/2014 18:18:52,1/30/2014,18:18:52,0.00,3.22,62.20,948.11,28
1/30/2014 18:19:22,1/30/2014,18:19:22,0.00,3.27,62.20,948.11,359
1/30/2014 18:19:52,1/30/2014,18:19:52,0.00,3.27,62.20,948.11,154
1/30/2014 18:20:22,1/30/2014,18:20:22,0.00,3.27,62.20,948.12,285
1/30/2014 18:20:52,1/30/2014,18:20:52,0.00,3.27,62.20,948.14,310
1/30/2014 18:21:22,1/30/2014,18:21:22,0.00,3.27,62.20,948.16,54
1/30/2014 18:21:52,1/30/2014,18:21:52,0.00,3.27,62.29,948.18,74
1/30/2014 18:22:22,1/30/2014,18:22:22,0.00,3.22,62.29,948.16,89
1/30/2014 18:22:52,1/30/2014,18:22:52,0.00,3.27,62.29,948.16,29
1/30/2014 18:23:22,1/30/2014,18:23:22,0.00,3.22,62.29,948.16,52
1/30/2014 18:23:52,1/30/2014,18:23:52,0.00,3.27,62.29,948.18,292
1/30/2014 18:24:22,1/30/2014,18:24:22,0.00,3.27,62.29,948.19,289
1/30/2014 18:24:52,1/30/2014,18:24:52,0.00,3.27,62.40,948.19,274
1/30/2014 18:25:22,1/30/2014,18:25:22,0.00,3.27,62.40,948.19,248
1/30/2014 18:25:52,1/30/2014,18:25:52,0.00,3.27,62.40,948.19,248
1/30/2014 18:26:22,1/30/2014,18:26:22,0.00,3.27,62.40,948.20,248
1/30/2014 18:26:52,1/30/2014,18:26:52,0.00,3.27,62.40,948.19,213
1/30/2014 18:27:22,1/30/2014,18:27:22,0.00,3.27,62.40,948.20,211
1/30/2014 18:27:52,1/30/2014,18:27:52,0.00,3.27,62.50,948.20,211
1/30/2014 18:28:22,1/30/2014,18:28:22,0.00,3.27,62.50,948.22,212
1/30/2014 18:28:52,1/30/2014,18:28:52,0.00,3.22,62.50,948.26,217
1/30/2014 18:29:22,1/30/2014,18:29:22,0.00,3.22,62.50,948.27,218
1/30/2014 18:29:52,1/30/2014,18:29:52,0.00,3.27,62.50,948.27,27
1/30/2014 18:30:22,1/30/2014,18:30:22,0.00,3.27,62.50,948.29,27
1/30/2014 18:30:52,1/30/2014,18:30:52,0.00,3.27,62.50,948.30,58
1/30/2014 18:31:22,1/30/2014,18:31:22,0.00,3.22,62.50,948.32,57
1/30/2014 18:31:52,1/30/2014,18:31:52,0.00,3.22,62.50,948.34,66
1/30/2014 18:32:22,1/30/2014,18:32:22,0.00,3.22,62.50,948.34,66
1/30/2014 18:32:52,1/30/2014,18:32:52,0.00,3.22,62.50,948.35,235
1/30/2014 18:33:22,1/30/2014,18:33:22,0.00,3.22,62.50,948.36,236
1/30/2014 18:33:52,1/30/2014,18:33:52,0.00,3.27,62.50,948.37,213
1/30/2014 18:34:22,1/30/2014,18:34:22,0.00,3.22,62.50,948.37,215
1/30/2014 18:34:52,1/30/2014,18:34:52,0.00,3.27,62.50,948.37,13
1/30/2014 18:35:22,1/30/2014,18:35:22,0.00,3.27,62.50,948.38,13
1/30/2014 18:35:52,1/30/2014,18:35:52,0.00,3.27,62.50,948.38,13
1/30/2014 18:36:22,1/30/2014,18:36:22,0.00,3.27,62.50,948.37,13
1/30/2014 18:36:52,1/30/2014,18:36:52,0.00,3.27,62.59,948.35,13
1/30/2014 18:37:22,1/30/2014,18:37:22,0.00,3.27,62.50,948.35,12
1/30/2014 18:37:52,1/30/2014,18:37:52,0.00,3.27,62.50,948.35,34
1/30/2014 18:38:22,1/30/2014,18:38:22,0.00,3.27,62.59,948.34,54
1/30/2014 18:38:52,1/30/2014,18:38:52,0.00,3.27,62.59,948.35,56
1/30/2014 18:39:22,1/30/2014,18:39:22,0.00,3.27,62.59,948.35,60
1/30/2014 18:39:52,1/30/2014,18:39:52,0.00,3.27,62.70,948.35,58
1/30/2014 18:40:22,1/30/2014,18:40:22,0.00,3.22,62.70,948.35,60
1/30/2014 18:40:52,1/30/2014,18:40:52,0.00,3.22,62.70,948.32,80
1/30/2014 18:41:22,1/30/2014,18:41:22,0.00,3.22,62.70,948.30,65
1/30/2014 18:41:52,1/30/2014,18:41:52,0.00,3.27,62.70,948.31,66
1/30/2014 18:42:22,1/30/2014,18:42:22,0.00,3.22,62.70,948.30,65
1/30/2014 18:42:52,1/30/2014,18:42:52,0.00,3.17,62.70,948.29,79
1/30/2014 18:43:22,1/30/2014,18:43:22,0.00,3.22,62.70,948.29,75
1/30/2014 18:43:52,1/30/2014,18:43:52,0.00,3.22,62.70,948.27,75
1/30/2014 18:44:22,1/30/2014,18:44:22,0.00,3.27,62.70,948.27,57
1/30/2014 18:44:52,1/30/2014,18:44:52,0.00,3.22,62.79,948.28,56
1/30/2014 18:45:22,1/30/2014,18:45:22,0.00,3.22,62.79,948.29,55
1/30/2014 18:45:52,1/30/2014,18:45:52,0.00,3.27,62.79,948.28,318
1/30/2014 18:46:22,1/30/2014,18:46:22,0.00,3.17,62.79,948.28,35
1/30/2014 18:46:52,1/30/2014,18:46:52,0.00,3.27,62.90,948.28,130
1/30/2014 18:47:22,1/30/2014,18:47:22,0.00,3.22,62.79,948.28,40
1/30/2014 18:47:52,1/30/2014,18:47:52,0.00,3.22,62.79,948.28,49
1/30/2014 18:48:22,1/30/2014,18:48:22,0.00,3.22,62.79,948.28,70
1/30/2014 18:48:52,1/30/2014,18:48:52,0.00,3.22,62.90,948.27,16
1/30/2014 18:49:22,1/30/2014,18:49:22,0.00,3.22,62.90,948.27,210
1/30/2014 18:49:52,1/30/2014,18:49:52,0.00,3.27,62.90,948.26,38
1/30/2014 18:50:22,1/30/2014,18:50:22,0.00,3.22,62.90,948.24,38
1/30/2014 18:50:52,1/30/2014,18:50:52,0.00,3.22,63.00,948.24,49
1/30/2014 18:51:22,1/30/2014,18:51:22,0.00,3.17,63.00,948.26,54
1/30/2014 18:51:52,1/30/2014,18:51:52,0.00,3.17,63.00,948.27,56
1/30/2014 18:52:22,1/30/2014,18:52:22,0.00,3.17,63.00,948.27,54
1/30/2014 18:52:52,1/30/2014,18:52:52,0.00,3.17,63.00,948.27,57
1/30/2014 18:53:22,1/30/2014,18:53:22,0.00,3.17,63.00,948.26,43
1/30/2014 18:53:52,1/30/2014,18:53:52,0.00,3.17,63.00,948.28,40
1/30/2014 18:54:22,1/30/2014,18:54:22,0.00,3.22,63.00,948.28,41
1/30/2014 18:54:52,1/30/2014,18:54:52,0.00,3.22,63.00,948.27,356
1/30/2014 18:55:22,1/30/2014,18:55:22,0.00,3.22,63.00,948.27,272
1/30/2014 18:55:52,1/30/2014,18:55:52,0.00,3.22,63.09,948.24,266
1/30/2014 18:56:22,1/30/2014,18:56:22,0.00,3.22,63.09,948.26,163
1/30/2014 18:56:52,1/30/2014,18:56:52,0.00,3.22,63.09,948.27,30
1/30/2014 18:57:22,1/30/2014,18:57:22,0.00,3.22,63.09,948.24,359
1/30/2014 18:57:52,1/30/2014,18:57:52,0.00,3.27,63.20,948.26,286
1/30/2014 18:58:22,1/30/2014,18:58:22,0.00,3.27,63.20,948.26,285
1/30/2014 18:58:52,1/30/2014,18:58:52,0.00,3.27,63.20,948.27,285
1/30/2014 18:59:22,1/30/2014,18:59:22,0.00,3.27,63.29,948.28,220
1/30/2014 18:59:52,1/30/2014,18:59:52,0.00,3.27,63.29,948.29,249
1/30/2014 19:00:22,1/30/2014,19:00:22,0.00,3.27,63.29,948.27,19
1/30/2014 19:00:52,1/30/2014,19:00:52,0.00,3.27,63.40,948.26,19
1/30/2014 19:01:22,1/30/2014,19:01:22,0.00,3.27,63.40,948.26,19
1/30/2014 19:01:52,1/30/2014,19:01:52,0.00,3.22,63.40,948.24,27
1/30/2014 19:02:22,1/30/2014,19:02:22,0.00,3.22,63.40,948.24,29
1/30/2014 19:02:52,1/30/2014,19:02:52,0.00,3.27,63.40,948.23,34
1/30/2014 19:03:22,1/30/2014,19:03:22,0.00,3.27,63.40,948.24,34
1/30/2014 19:03:52,1/30/2014,19:03:52,0.00,3.22,63.40,948.26,36
1/30/2014 19:04:22,1/30/2014,19:04:22,0.00,3.22,63.40,948.24,82
1/30/2014 19:04:52,1/30/2014,19:04:52,0.00,3.22,63.40,948.23,30
1/30/2014 19:05:22,1/30/2014,19:05:22,0.00,3.22,63.40,948.23,30
1/30/2014 19:05:52,1/30/2014,19:05:52,0.00,3.27,63.40,948.23,313
1/30/2014 19:06:22,1/30/2014,19:06:22,0.00,3.27,63.40,948.26,294
1/30/2014 19:06:52,1/30/2014,19:06:52,0.00,3.22,63.40,948.27,294
1/30/2014 19:07:22,1/30/2014,19:07:22,0.00,3.27,63.50,948.27,294
1/30/2014 19:07:52,1/30/2014,19:07:52,0.00,3.27,63.50,948.29,332
1/30/2014 19:08:22,1/30/2014,19:08:22,0.00,3.22,63.50,948.30,24
1/30/2014 19:08:52,1/30/2014,19:08:52,0.00,3.27,63.50,948.31,30
1/30/2014 19:09:22,1/30/2014,19:09:22,0.00,3.27,63.50,948.31,30
1/30/2014 19:09:52,1/30/2014,19:09:52,0.00,3.27,63.40,948.32,275
1/30/2014 19:10:22,1/30/2014,19:10:22,0.00,3.27,63.40,948.35,343
1/30/2014 19:10:52,1/30/2014,19:10:52,0.00,3.27,63.50,948.37,331
1/30/2014 19:11:22,1/30/2014,19:11:22,0.00,3.27,63.50,948.38,331
1/30/2014 19:11:52,1/30/2014,19:11:52,0.00,3.27,63.50,948.39,331
1/30/2014 19:12:22,1/30/2014,19:12:22,0.00,3.27,63.50,948.40,328
1/30/2014 19:12:52,1/30/2014,19:12:52,0.00,3.22,63.50,948.41,335
1/30/2014 19:13:22,1/30/2014,19:13:22,0.00,3.22,63.50,948.41,335
1/30/2014 19:13:52,1/30/2014,19:13:52,0.00,3.27,63.50,948.41,331
1/30/2014 19:14:22,1/30/2014,19:14:22,0.00,3.27,63.50,948.43,329
1/30/2014 19:14:52,1/30/2014,19:14:52,0.00,3.27,63.50,948.44,355
1/30/2014 19:15:22,1/30/2014,19:15:22,0.00,3.27,63.50,948.43,341
1/30/2014 19:15:52,1/30/2014,19:15:52,0.00,3.27,63.59,948.44,335
1/30/2014 19:16:22,1/30/2014,19:16:22,0.00,3.27,63.59,948.44,331
1/30/2014 19:16:52,1/30/2014,19:16:52,0.00,3.27,63.59,948.41,348
1/30/2014 19:17:22,1/30/2014,19:17:22,0.00,3.17,63.59,948.43,114
1/30/2014 19:17:52,1/30/2014,19:17:52,0.00,3.22,63.59,948.43,52
1/30/2014 19:18:22,1/30/2014,19:18:22,0.00,3.22,63.59,948.40,53
1/30/2014 19:18:52,1/30/2014,19:18:52,0.00,3.27,63.59,948.39,51
1/30/2014 19:19:22,1/30/2014,19:19:22,0.00,3.27,63.59,948.39,52
1/30/2014 19:19:52,1/30/2014,19:19:52,0.00,3.27,63.59,948.40,75
1/30/2014 19:20:22,1/30/2014,19:20:22,0.00,3.22,63.59,948.38,43
1/30/2014 19:20:52,1/30/2014,19:20:52,0.00,3.27,63.59,948.37,43
1/30/2014 19:21:22,1/30/2014,19:21:22,0.00,3.27,63.59,948.35,42
1/30/2014 19:21:52,1/30/2014,19:21:52,0.00,3.27,63.59,948.37,42
1/30/2014 19:22:22,1/30/2014,19:22:22,0.00,3.22,63.59,948.36,42
1/30/2014 19:22:52,1/30/2014,19:22:52,0.00,3.22,63.59,948.36,40
1/30/2014 19:23:22,1/30/2014,19:23:22,0.00,3.22,63.59,948.35,41
1/30/2014 19:23:52,1/30/2014,19:23:52,0.00,3.27,63.59,948.35,40
1/30/2014 19:24:22,1/30/2014,19:24:22,0.00,3.22,63.59,948.35,40
1/30/2014 19:24:52,1/30/2014,19:24:52,0.00,3.27,63.59,948.35,41
1/30/2014 19:25:22,1/30/2014,19:25:22,0.00,3.27,63.59,948.35,41
1/30/2014 19:25:52,1/30/2014,19:25:52,0.00,3.22,63.59,948.35,41
1/30/2014 19:26:22,1/30/2014,19:26:22,0.00,3.22,63.70,948.34,41
1/30/2014 19:26:52,1/30/2014,19:26:52,0.00,3.17,63.70,948.31,56
1/30/2014 19:27:22,1/30/2014,19:27:22,0.00,3.22,63.59,948.32,13
1/30/2014 19:27:52,1/30/2014,19:27:52,0.00,3.27,63.70,948.34,355
1/30/2014 19:28:22,1/30/2014,19:28:22,0.00,3.27,63.59,948.34,355
1/30/2014 19:28:52,1/30/2014,19:28:52,0.00,3.22,63.70,948.35,28
1/30/2014 19:29:22,1/30/2014,19:29:22,0.00,3.22,63.59,948.35,84
1/30/2014 19:29:52,1/30/2014,19:29:52,0.00,3.17,63.59,948.37,28
1/30/2014 19:30:22,1/30/2014,19:30:22,0.00,3.17,63.50,948.36,51
1/30/2014 19:30:52,1/30/2014,19:30:52,0.00,3.22,63.59,948.38,18
1/30/2014 19:31:22,1/30/2014,19:31:22,0.00,3.22,63.50,948.38,22
1/30/2014 19:31:52,1/30/2014,19:31:52,0.00,3.22,63.50,948.39,21
1/30/2014 19:32:22,1/30/2014,19:32:22,0.00,3.22,63.50,948.40,304
1/30/2014 19:32:52,1/30/2014,19:32:52,0.00,3.17,63.50,948.39,304
1/30/2014 19:33:22,1/30/2014,19:33:22,0.00,3.22,63.50,948.39,55
1/30/2014 19:33:52,1/30/2014,19:33:52,0.00,3.17,63.50,948.39,24
1/30/2014 19:34:22,1/30/2014,19:34:22,0.00,3.17,63.40,948.39,25
1/30/2014 19:34:52,1/30/2014,19:34:52,0.00,3.17,63.40,948.40,15
1/30/2014 19:35:22,1/30/2014,19:35:22,0.00,3.17,63.40,948.39,57
1/30/2014 19:35:52,1/30/2014,19:35:52,0.00,3.22,63.40,948.39,40
1/30/2014 19:36:22,1/30/2014,19:36:22,0.00,3.17,63.40,948.38,44
1/30/2014 19:36:52,1/30/2014,19:36:52,0.00,3.17,63.29,948.38,44
1/30/2014 19:37:22,1/30/2014,19:37:22,0.00,3.17,63.29,948.38,24
1/30/2014 19:37:52,1/30/2014,19:37:52,0.00,3.22,63.29,948.35,15
1/30/2014 19:38:22,1/30/2014,19:38:22,0.00,3.22,63.40,948.34,13
1/30/2014 19:38:52,1/30/2014,19:38:52,0.00,3.22,63.29,948.32,12
1/30/2014 19:39:22,1/30/2014,19:39:22,0.00,3.22,63.29,948.29,12
1/30/2014 19:39:52,1/30/2014,19:39:52,0.00,3.27,63.29,948.28,12
1/30/2014 19:40:22,1/30/2014,19:40:22,0.00,3.22,63.40,948.27,67
1/30/2014 19:40:52,1/30/2014,19:40:52,0.00,3.17,63.40,948.27,69
1/30/2014 19:41:22,1/30/2014,19:41:22,0.00,3.22,63.40,948.26,50
1/30/2014 19:41:52,1/30/2014,19:41:52,0.00,3.17,63.40,948.26,50
1/30/2014 19:42:22,1/30/2014,19:42:22,0.00,3.17,63.40,948.27,50
1/30/2014 19:42:52,1/30/2014,19:42:52,0.00,3.22,63.40,948.28,85
1/30/2014 19:43:22,1/30/2014,19:43:22,0.00,3.17,63.40,948.28,30
1/30/2014 19:43:52,1/30/2014,19:43:52,0.00,3.22,63.40,948.30,359
1/30/2014 19:44:22,1/30/2014,19:44:22,0.00,3.22,63.40,948.31,66
1/30/2014 19:44:52,1/30/2014,19:44:52,0.00,3.17,63.40,948.32,99
1/30/2014 19:45:22,1/30/2014,19:45:22,0.00,3.17,63.40,948.31,54
1/30/2014 19:45:52,1/30/2014,19:45:52,0.00,3.17,63.29,948.32,205
1/30/2014 19:46:22,1/30/2014,19:46:22,0.00,3.17,63.40,948.35,225
1/30/2014 19:46:52,1/30/2014,19:46:52,0.00,3.17,63.29,948.36,110
1/30/2014 19:47:22,1/30/2014,19:47:22,0.00,3.17,63.40,948.38,64
1/30/2014 19:47:52,1/30/2014,19:47:52,0.00,3.17,63.40,948.38,34
1/30/2014 19:48:22,1/30/2014,19:48:22,0.00,3.17,63.40,948.38,26
1/30/2014 19:48:52,1/30/2014,19:48:52,0.00,3.17,63.40,948.40,350
1/30/2014 19:49:22,1/30/2014,19:49:22,0.00,3.17,63.40,948.39,42
1/30/2014 19:49:52,1/30/2014,19:49:52,0.00,3.17,63.40,948.39,42
1/30/2014 19:50:22,1/30/2014,19:50:22,0.00,3.17,63.40,948.40,322
1/30/2014 19:50:52,1/30/2014,19:50:52,0.00,3.17,63.40,948.40,259
1/30/2014 19:51:22,1/30/2014,19:51:22,0.00,3.17,63.40,948.41,114
1/30/2014 19:51:52,1/30/2014,19:51:52,0.00,3.17,63.40,948.40,54
1/30/2014 19:52:22,1/30/2014,19:52:22,0.00,3.17,63.40,948.40,37
1/30/2014 19:52:52,1/30/2014,19:52:52,0.00,3.17,63.40,948.40,37
1/30/2014 19:53:22,1/30/2014,19:53:22,0.00,3.17,63.40,948.38,38
1/30/2014 19:53:52,1/30/2014,19:53:52,0.00,3.17,63.40,948.38,76
1/30/2014 19:54:22,1/30/2014,19:54:22,0.00,3.17,63.40,948.38,23
1/30/2014 19:54:52,1/30/2014,19:54:52,0.00,3.17,63.40,948.36,24
1/30/2014 19:55:22,1/30/2014,19:55:22,0.00,3.17,63.40,948.35,25
1/30/2014 19:55:52,1/30/2014,19:55:52,0.00,3.17,63.40,948.35,54
1/30/2014 19:56:22,1/30/2014,19:56:22,0.00,3.17,63.40,948.35,52
1/30/2014 19:56:52,1/30/2014,19:56:52,0.00,3.17,63.40,948.35,97
1/30/2014 19:57:22,1/30/2014,19:57:22,0.00,3.17,63.40,948.35,78
1/30/2014 19:57:52,1/30/2014,19:57:52,0.00,3.17,63.40,948.35,41
1/30/2014 19:58:22,1/30/2014,19:58:22,0.00,3.17,63.40,948.36,82
1/30/2014 19:58:52,1/30/2014,19:58:52,0.00,3.17,63.40,948.37,35
1/30/2014 19:59:22,1/30/2014,19:59:22,0.00,3.17,63.40,948.37,34
1/30/2014 19:59:52,1/30/2014,19:59:52,0.00,3.17,63.40,948.39,23
1/30/2014 20:00:22,1/30/2014,20:00:22,0.00,3.17,63.50,948.40,22
1/30/2014 20:00:52,1/30/2014,20:00:52,0.00,3.17,63.50,948.41,173
1/30/2014 20:01:22,1/30/2014,20:01:22,0.00,3.17,63.50,948.45,268
1/30/2014 20:01:52,1/30/2014,20:01:52,0.00,3.17,63.50,948.46,261
1/30/2014 20:02:22,1/30/2014,20:02:22,0.00,3.17,63.50,948.48,308
1/30/2014 20:02:52,1/30/2014,20:02:52,0.00,3.17,63.50,948.52,282
1/30/2014 20:03:22,1/30/2014,20:03:22,0.00,3.22,63.59,948.54,323
1/30/2014 20:03:52,1/30/2014,20:03:52,0.00,3.17,63.59,948.57,315
1/30/2014 20:04:22,1/30/2014,20:04:22,0.00,3.17,63.59,948.59,315
1/30/2014 20:04:52,1/30/2014,20:04:52,0.00,3.17,63.59,948.62,314
1/30/2014 20:05:22,1/30/2014,20:05:22,0.00,3.17,63.59,948.64,314
1/30/2014 20:05:52,1/30/2014,20:05:52,0.00,3.17,63.59,948.65,314
1/30/2014 20:06:22,1/30/2014,20:06:22,0.00,3.17,63.59,948.67,314
1/30/2014 20:06:52,1/30/2014,20:06:52,0.00,3.22,63.59,948.68,310
1/30/2014 20:07:22,1/30/2014,20:07:22,0.00,3.22,63.59,948.69,333
1/30/2014 20:07:52,1/30/2014,20:07:52,0.00,3.22,63.59,948.71,334
1/30/2014 20:08:22,1/30/2014,20:08:22,0.00,3.17,63.59,948.71,334
1/30/2014 20:08:52,1/30/2014,20:08:52,0.00,3.17,63.59,948.72,333
1/30/2014 20:09:22,1/30/2014,20:09:22,0.00,3.17,63.59,948.71,333
1/30/2014 20:09:52,1/30/2014,20:09:52,0.00,3.17,63.59,948.71,333
1/30/2014 20:10:22,1/30/2014,20:10:22,0.00,3.17,63.59,948.72,326
1/30/2014 20:10:52,1/30/2014,20:10:52,0.00,3.17,63.59,948.71,329
1/30/2014 20:11:22,1/30/2014,20:11:22,0.00,3.17,63.59,948.71,328
1/30/2014 20:11:52,1/30/2014,20:11:52,0.00,3.17,63.59,948.72,329
1/30/2014 20:12:22,1/30/2014,20:12:22,0.00,3.17,63.59,948.72,329
1/30/2014 20:12:52,1/30/2014,20:12:52,0.00,3.17,63.70,948.72,305
1/30/2014 20:13:22,1/30/2014,20:13:22,0.00,3.17,63.70,948.71,325
1/30/2014 20:13:52,1/30/2014,20:13:52,0.00,3.17,63.70,948.72,334
1/30/2014 20:14:22,1/30/2014,20:14:22,0.00,3.17,63.70,948.70,331
1/30/2014 20:14:52,1/30/2014,20:14:52,0.00,3.17,63.59,948.71,335
1/30/2014 20:15:22,1/30/2014,20:15:22,0.00,3.17,63.59,948.69,330
1/30/2014 20:15:52,1/30/2014,20:15:52,0.00,3.17,63.59,948.69,322
1/30/2014 20:16:22,1/30/2014,20:16:22,0.00,3.17,63.50,948.68,321
1/30/2014 20:16:52,1/30/2014,20:16:52,0.00,3.17,63.50,948.68,320
1/30/2014 20:17:22,1/30/2014,20:17:22,0.00,3.17,63.50,948.65,105
1/30/2014 20:17:52,1/30/2014,20:17:52,0.00,3.17,63.50,948.64,40
1/30/2014 20:18:22,1/30/2014,20:18:22,0.00,3.17,63.50,948.60,40
1/30/2014 20:18:52,1/30/2014,20:18:52,0.00,3.15,63.50,948.62,41
1/30/2014 20:19:22,1/30/2014,20:19:22,0.00,3.17,63.50,948.59,40
1/30/2014 20:19:52,1/30/2014,20:19:52,0.00,3.17,63.50,948.61,42
1/30/2014 20:20:22,1/30/2014,20:20:22,0.00,3.17,63.50,948.61,42
1/30/2014 20:20:52,1/30/2014,20:20:52,0.00,3.17,63.50,948.61,41
1/30/2014 20:21:22,1/30/2014,20:21:22,0.00,3.17,63.50,948.63,10
1/30/2014 20:21:52,1/30/2014,20:21:52,0.00,3.17,63.50,948.62,5
1/30/2014 20:22:22,1/30/2014,20:22:22,0.00,3.17,63.50,948.64,4
1/30/2014 20:22:52,1/30/2014,20:22:52,0.00,3.17,63.50,948.67,5
1/30/2014 20:23:22,1/30/2014,20:23:22,0.00,3.17,63.50,948.69,333
1/30/2014 20:23:52,1/30/2014,20:23:52,0.00,3.17,63.50,948.71,304
1/30/2014 20:24:22,1/30/2014,20:24:22,0.00,3.17,63.59,948.73,330
1/30/2014 20:24:52,1/30/2014,20:24:52,0.00,3.17,63.59,948.77,284
1/30/2014 20:25:22,1/30/2014,20:25:22,0.00,3.17,63.59,948.79,321
1/30/2014 20:25:52,1/30/2014,20:25:52,0.00,3.17,63.59,948.84,310
1/30/2014 20:26:22,1/30/2014,20:26:22,0.00,3.17,63.59,948.85,318
1/30/2014 20:26:52,1/30/2014,20:26:52,0.00,3.17,63.50,948.87,324
1/30/2014 20:27:22,1/30/2014,20:27:22,0.00,3.17,63.50,948.88,306
1/30/2014 20:27:52,1/30/2014,20:27:52,0.00,3.17,63.50,948.90,294
1/30/2014 20:28:22,1/30/2014,20:28:22,0.00,3.17,63.50,948.90,311
1/30/2014 20:28:52,1/30/2014,20:28:52,0.00,3.17,63.59,948.92,284
1/30/2014 20:29:22,1/30/2014,20:29:22,0.00,3.17,63.59,948.93,302
1/30/2014 20:29:52,1/30/2014,20:29:52,0.00,3.17,63.59,948.93,281
1/30/2014 20:30:22,1/30/2014,20:30:22,0.00,3.17,63.59,948.93,307
1/30/2014 20:30:52,1/30/2014,20:30:52,0.00,3.17,63.59,948.93,324
1/30/2014 20:31:22,1/30/2014,20:31:22,0.00,3.17,63.59,948.94,318
1/30/2014 20:31:52,1/30/2014,20:31:52,0.00,3.17,63.50,948.94,313
1/30/2014 20:32:22,1/30/2014,20:32:22,0.00,3.17,63.50,948.93,342
1/30/2014 20:32:52,1/30/2014,20:32:52,0.00,3.17,63.50,948.88,354
1/30/2014 20:33:22,1/30/2014,20:33:22,0.00,3.17,63.50,948.88,348
1/30/2014 20:33:52,1/30/2014,20:33:52,0.00,3.17,63.50,948.87,347
1/30/2014 20:34:22,1/30/2014,20:34:22,0.00,3.17,63.50,948.87,325
1/30/2014 20:34:52,1/30/2014,20:34:52,0.00,3.17,63.50,948.86,307
1/30/2014 20:35:22,1/30/2014,20:35:22,0.00,3.17,63.40,948.85,311
1/30/2014 20:35:52,1/30/2014,20:35:52,0.00,3.17,63.40,948.87,311
1/30/2014 20:36:22,1/30/2014,20:36:22,0.00,3.17,63.40,948.86,325
1/30/2014 20:36:52,1/30/2014,20:36:52,0.00,3.17,63.40,948.87,319
1/30/2014 20:37:22,1/30/2014,20:37:22,0.00,3.17,63.40,948.87,310
1/30/2014 20:37:52,1/30/2014,20:37:52,0.00,3.17,63.40,948.87,310
1/30/2014 20:38:22,1/30/2014,20:38:22,0.00,3.17,63.40,948.88,295
1/30/2014 20:38:52,1/30/2014,20:38:52,0.00,3.17,63.40,948.87,318
1/30/2014 20:39:22,1/30/2014,20:39:22,0.00,3.17,63.40,948.87,301
1/30/2014 20:39:52,1/30/2014,20:39:52,0.00,3.17,63.40,948.89,331
1/30/2014 20:40:22,1/30/2014,20:40:22,0.00,3.17,63.40,948.88,337
1/30/2014 20:40:52,1/30/2014,20:40:52,0.00,3.17,63.29,948.87,350
1/30/2014 20:41:22,1/30/2014,20:41:22,0.00,3.17,63.29,948.86,348
1/30/2014 20:41:52,1/30/2014,20:41:52,0.00,3.17,63.29,948.84,334
1/30/2014 20:42:22,1/30/2014,20:42:22,0.00,3.17,63.29,948.82,320
1/30/2014 20:42:52,1/30/2014,20:42:52,0.00,3.17,63.20,948.81,311
1/30/2014 20:43:22,1/30/2014,20:43:22,0.00,3.22,63.20,948.80,343
1/30/2014 20:43:52,1/30/2014,20:43:52,0.00,3.17,63.20,948.80,342
1/30/2014 20:44:22,1/30/2014,20:44:22,0.00,3.22,63.29,948.79,341
1/30/2014 20:44:52,1/30/2014,20:44:52,0.00,3.22,63.29,948.79,342
1/30/2014 20:45:22,1/30/2014,20:45:22,0.00,3.17,63.29,948.79,342
1/30/2014 20:45:52,1/30/2014,20:45:52,0.00,3.17,63.29,948.79,330
1/30/2014 20:46:22,1/30/2014,20:46:22,0.00,3.17,63.29,948.78,328
1/30/2014 20:46:52,1/30/2014,20:46:52,0.00,3.17,63.20,948.77,330
1/30/2014 20:47:22,1/30/2014,20:47:22,0.00,3.17,63.20,948.78,333
1/30/2014 20:47:52,1/30/2014,20:47:52,0.00,3.17,63.20,948.76,333
1/30/2014 20:48:22,1/30/2014,20:48:22,0.00,3.22,63.20,948.75,334
1/30/2014 20:48:52,1/30/2014,20:48:52,0.00,3.17,63.20,948.73,333
1/30/2014 20:49:22,1/30/2014,20:49:22,0.00,3.17,63.09,948.72,42
1/30/2014 20:49:52,1/30/2014,20:49:52,0.00,3.17,63.09,948.72,41
1/30/2014 20:50:22,1/30/2014,20:50:22,0.00,3.22,63.20,948.72,323
1/30/2014 20:50:52,1/30/2014,20:50:52,0.00,3.22,63.09,948.73,35
1/30/2014 20:51:22,1/30/2014,20:51:22,0.00,3.22,63.20,948.72,35
1/30/2014 20:51:52,1/30/2014,20:51:52,0.00,3.22,63.20,948.70,35
1/30/2014 20:52:22,1/30/2014,20:52:22,0.00,3.22,63.20,948.70,34
1/30/2014 20:52:52,1/30/2014,20:52:52,0.00,3.17,63.20,948.71,33
1/30/2014 20:53:22,1/30/2014,20:53:22,0.00,3.22,63.20,948.70,40
1/30/2014 20:53:52,1/30/2014,20:53:52,0.00,3.17,63.20,948.70,38
1/30/2014 20:54:22,1/30/2014,20:54:22,0.00,3.17,63.09,948.71,37
1/30/2014 20:54:52,1/30/2014,20:54:52,0.00,3.17,63.20,948.72,317
1/30/2014 20:55:22,1/30/2014,20:55:22,0.00,3.17,63.09,948.72,339
1/30/2014 20:55:52,1/30/2014,20:55:52,0.00,3.22,63.09,948.73,342
1/30/2014 20:56:22,1/30/2014,20:56:22,0.00,3.22,63.09,948.75,45
1/30/2014 20:56:52,1/30/2014,20:56:52,0.00,3.22,63.09,948.76,9
1/30/2014 20:57:22,1/30/2014,20:57:22,0.00,3.22,63.09,948.75,225
1/30/2014 20:57:52,1/30/2014,20:57:52,0.00,3.22,63.09,948.72,45
1/30/2014 20:58:22,1/30/2014,20:58:22,0.00,3.17,63.09,948.72,301
1/30/2014 20:58:52,1/30/2014,20:58:52,0.00,3.17,63.00,948.71,339
1/30/2014 20:59:22,1/30/2014,20:59:22,0.00,3.17,63.00,948.68,110
1/30/2014 20:59:52,1/30/2014,20:59:52,0.00,3.17,62.90,948.67,110
1/30/2014 21:00:22,1/30/2014,21:00:22,0.00,3.17,62.90,948.67,278
1/30/2014 21:00:52,1/30/2014,21:00:52,0.00,3.17,62.90,948.65,127
1/30/2014 21:01:22,1/30/2014,21:01:22,0.00,3.22,62.90,948.67,109
1/30/2014 21:01:52,1/30/2014,21:01:52,0.00,3.17,62.90,948.68,161
1/30/2014 21:02:22,1/30/2014,21:02:22,0.00,3.17,62.90,948.71,162
1/30/2014 21:02:52,1/30/2014,21:02:52,0.00,3.17,62.90,948.75,122
1/30/2014 21:03:22,1/30/2014,21:03:22,0.00,3.17,62.90,948.78,176
1/30/2014 21:03:52,1/30/2014,21:03:52,0.00,3.17,62.79,948.78,176
1/30/2014 21:04:22,1/30/2014,21:04:22,0.00,3.17,62.79,948.78,174
1/30/2014 21:04:52,1/30/2014,21:04:52,0.00,3.17,62.79,948.76,174
1/30/2014 21:05:22,1/30/2014,21:05:22,0.00,3.17,62.79,948.75,175
1/30/2014 21:05:52,1/30/2014,21:05:52,0.00,3.17,62.79,948.75,174
1/30/2014 21:06:22,1/30/2014,21:06:22,0.00,3.17,62.79,948.73,174
1/30/2014 21:06:52,1/30/2014,21:06:52,0.00,3.17,62.79,948.76,89
1/30/2014 21:07:22,1/30/2014,21:07:22,0.00,3.17,62.70,948.76,60
1/30/2014 21:07:52,1/30/2014,21:07:52,0.00,3.15,62.70,948.78,60
1/30/2014 21:08:22,1/30/2014,21:08:22,0.00,3.17,62.70,948.80,60
1/30/2014 21:08:52,1/30/2014,21:08:52,0.00,3.17,62.70,948.81,60
1/30/2014 21:09:22,1/30/2014,21:09:22,0.00,3.17,62.70,948.82,58
1/30/2014 21:09:52,1/30/2014,21:09:52,0.00,3.17,62.70,948.82,57
1/30/2014 21:10:22,1/30/2014,21:10:22,0.00,3.17,62.70,948.81,58
1/30/2014 21:10:52,1/30/2014,21:10:52,0.00,3.17,62.70,948.80,58
1/30/2014 21:11:22,1/30/2014,21:11:22,0.00,3.17,62.70,948.81,57
1/30/2014 21:11:52,1/30/2014,21:11:52,0.00,3.17,62.79,948.81,58
1/30/2014 21:12:22,1/30/2014,21:12:22,0.00,3.17,62.79,948.82,63
1/30/2014 21:12:52,1/30/2014,21:12:52,0.00,3.17,62.79,948.84,63
1/30/2014 21:13:22,1/30/2014,21:13:22,0.00,3.17,62.79,948.84,64
1/30/2014 21:13:52,1/30/2014,21:13:52,0.00,3.17,62.79,948.86,64
1/30/2014 21:14:22,1/30/2014,21:14:22,0.00,3.17,62.79,948.85,64
1/30/2014 21:14:52,1/30/2014,21:14:52,0.00,3.15,62.70,948.87,64
1/30/2014 21:15:22,1/30/2014,21:15:22,0.00,3.17,62.79,948.85,63
1/30/2014 21:15:52,1/30/2014,21:15:52,0.00,3.17,62.79,948.82,63
1/30/2014 21:16:22,1/30/2014,21:16:22,0.00,3.17,62.79,948.80,63
1/30/2014 21:16:52,1/30/2014,21:16:52,0.00,3.17,62.79,948.76,64
1/30/2014 21:17:22,1/30/2014,21:17:22,0.00,3.15,62.70,948.75,64
1/30/2014 21:17:52,1/30/2014,21:17:52,0.00,3.17,62.70,948.71,79
1/30/2014 21:18:22,1/30/2014,21:18:22,0.00,3.17,62.70,948.72,60
1/30/2014 21:18:52,1/30/2014,21:18:52,0.00,3.17,62.70,948.71,60
1/30/2014 21:19:22,1/30/2014,21:19:22,0.00,3.17,62.70,948.72,43
1/30/2014 21:19:52,1/30/2014,21:19:52,0.00,3.17,62.79,948.75,48
1/30/2014 21:20:22,1/30/2014,21:20:22,0.00,3.17,62.79,948.77,48
1/30/2014 21:20:52,1/30/2014,21:20:52,0.00,3.17,62.79,948.78,48
1/30/2014 21:21:22,1/30/2014,21:21:22,0.00,3.17,62.79,948.80,48
1/30/2014 21:21:52,1/30/2014,21:21:52,0.00,3.17,62.79,948.82,48
1/30/2014 21:22:22,1/30/2014,21:22:22,0.00,3.17,62.90,948.84,345
1/30/2014 21:22:52,1/30/2014,21:22:52,0.00,3.17,62.90,948.85,343
1/30/2014 21:23:22,1/30/2014,21:23:22,0.00,3.17,62.90,948.85,327
1/30/2014 21:23:52,1/30/2014,21:23:52,0.00,3.17,62.90,948.85,326
1/30/2014 21:24:22,1/30/2014,21:24:22,0.00,3.17,62.90,948.85,327
1/30/2014 21:24:52,1/30/2014,21:24:52,0.00,3.17,62.90,948.87,326
1/30/2014 21:25:22,1/30/2014,21:25:22,0.00,3.17,63.00,948.87,335
1/30/2014 21:25:52,1/30/2014,21:25:52,0.00,3.17,63.00,948.87,321
1/30/2014 21:26:22,1/30/2014,21:26:22,0.00,3.17,63.00,948.86,332
1/30/2014 21:26:52,1/30/2014,21:26:52,0.00,3.17,63.00,948.87,314
1/30/2014 21:27:22,1/30/2014,21:27:22,0.00,3.17,62.90,948.86,322
1/30/2014 21:27:52,1/30/2014,21:27:52,0.00,3.17,62.90,948.87,334
1/30/2014 21:28:22,1/30/2014,21:28:22,0.00,3.17,62.90,948.87,326
1/30/2014 21:28:52,1/30/2014,21:28:52,0.00,3.17,62.79,948.87,309
1/30/2014 21:29:22,1/30/2014,21:29:22,0.00,3.17,62.59,948.88,325
1/30/2014 21:29:52,1/30/2014,21:29:52,0.00,3.17,62.59,948.88,311
1/30/2014 21:30:22,1/30/2014,21:30:22,0.00,3.17,62.70,948.90,300
1/30/2014 21:30:52,1/30/2014,21:30:52,0.00,3.17,62.70,948.93,300
1/30/2014 21:31:22,1/30/2014,21:31:22,0.00,3.17,62.70,948.93,301
1/30/2014 21:31:52,1/30/2014,21:31:52,0.00,3.17,62.79,948.94,32
1/30/2014 21:32:22,1/30/2014,21:32:22,0.00,3.17,62.79,948.94,32
1/30/2014 21:32:52,1/30/2014,21:32:52,0.00,3.17,62.79,948.93,292
1/30/2014 21:33:22,1/30/2014,21:33:22,0.00,3.17,62.79,948.93,323
1/30/2014 21:33:52,1/30/2014,21:33:52,0.00,3.17,62.79,948.94,335
1/30/2014 21:34:22,1/30/2014,21:34:22,0.00,3.17,62.79,948.95,335
1/30/2014 21:34:52,1/30/2014,21:34:52,0.00,3.17,62.79,948.95,313
1/30/2014 21:35:22,1/30/2014,21:35:22,0.00,3.17,62.70,948.96,320
1/30/2014 21:35:52,1/30/2014,21:35:52,0.00,3.17,62.70,948.97,324
1/30/2014 21:36:22,1/30/2014,21:36:22,0.00,3.17,62.70,948.97,334
1/30/2014 21:36:52,1/30/2014,21:36:52,0.00,3.17,62.70,948.97,320
1/30/2014 21:37:22,1/30/2014,21:37:22,0.00,3.17,62.70,948.96,328
1/30/2014 21:37:52,1/30/2014,21:37:52,0.00,3.15,62.70,948.96,318
1/30/2014 21:38:22,1/30/2014,21:38:22,0.00,3.17,62.59,948.95,336
1/30/2014 21:38:52,1/30/2014,21:38:52,0.00,3.17,62.59,948.96,341
1/30/2014 21:39:22,1/30/2014,21:39:22,0.00,3.17,62.59,948.95,343
1/30/2014 21:39:52,1/30/2014,21:39:52,0.00,3.17,62.70,948.94,327
1/30/2014 21:40:22,1/30/2014,21:40:22,0.00,3.17,62.59,948.93,332
1/30/2014 21:40:52,1/30/2014,21:40:52,0.00,3.17,62.59,948.93,332
1/30/2014 21:41:22,1/30/2014,21:41:22,0.00,3.17,62.59,948.90,332
1/30/2014 21:41:52,1/30/2014,21:41:52,0.00,3.17,62.59,948.92,332
1/30/2014 21:42:22,1/30/2014,21:42:22,0.00,3.17,62.70,948.93,332
1/30/2014 21:42:52,1/30/2014,21:42:52,0.00,3.17,62.59,948.96,333
1/30/2014 21:43:22,1/30/2014,21:43:22,0.00,3.17,62.70,948.97,332
1/30/2014 21:43:52,1/30/2014,21:43:52,0.00,3.17,62.70,948.96,345
1/30/2014 21:44:22,1/30/2014,21:44:22,0.00,3.17,62.70,949.00,317
1/30/2014 21:44:52,1/30/2014,21:44:52,0.00,3.17,62.70,949.00,315
1/30/2014 21:45:22,1/30/2014,21:45:22,0.00,3.17,62.70,949.03,317
1/30/2014 21:45:52,1/30/2014,21:45:52,0.00,3.17,62.70,949.03,316
1/30/2014 21:46:22,1/30/2014,21:46:22,0.00,3.17,62.70,949.04,317
1/30/2014 21:46:52,1/30/2014,21:46:52,0.00,3.17,62.59,949.04,315
1/30/2014 21:47:22,1/30/2014,21:47:22,0.00,3.17,62.70,949.03,317
1/30/2014 21:47:52,1/30/2014,21:47:52,0.00,3.17,62.59,949.03,319
1/30/2014 21:48:22,1/30/2014,21:48:22,0.00,3.17,62.59,948.98,319
1/30/2014 21:48:52,1/30/2014,21:48:52,0.00,3.17,62.59,948.98,319
1/30/2014 21:49:22,1/30/2014,21:49:22,0.00,3.17,62.59,948.97,319
1/30/2014 21:49:52,1/30/2014,21:49:52,0.00,3.17,62.59,948.97,319
1/30/2014 21:50:22,1/30/2014,21:50:22,0.00,3.17,62.59,948.97,319
1/30/2014 21:50:52,1/30/2014,21:50:52,0.00,3.17,62.70,948.98,319
1/30/2014 21:51:22,1/30/2014,21:51:22,0.00,3.17,62.59,949.01,319
1/30/2014 21:51:52,1/30/2014,21:51:52,0.00,3.17,62.70,949.03,313
1/30/2014 21:52:22,1/30/2014,21:52:22,0.00,3.17,62.70,949.05,313
1/30/2014 21:52:52,1/30/2014,21:52:52,0.00,3.17,62.70,949.06,314
1/30/2014 21:53:22,1/30/2014,21:53:22,0.00,3.17,62.70,949.06,315
1/30/2014 21:53:52,1/30/2014,21:53:52,0.00,3.17,62.79,949.10,314
1/30/2014 21:54:22,1/30/2014,21:54:22,0.00,3.17,62.79,949.10,313
1/30/2014 21:54:52,1/30/2014,21:54:52,0.00,3.17,62.79,949.10,313
1/30/2014 21:55:22,1/30/2014,21:55:22,0.00,3.17,62.79,949.10,314
1/30/2014 21:55:52,1/30/2014,21:55:52,0.00,3.17,62.79,949.08,314
1/30/2014 21:56:22,1/30/2014,21:56:22,0.00,3.17,62.79,949.08,315
1/30/2014 21:56:52,1/30/2014,21:56:52,0.00,3.17,62.79,949.09,314
1/30/2014 21:57:22,1/30/2014,21:57:22,0.00,3.17,62.79,949.10,314
1/30/2014 21:57:52,1/30/2014,21:57:52,0.00,3.17,62.79,949.10,89
1/30/2014 21:58:22,1/30/2014,21:58:22,0.00,3.17,62.79,949.06,89
1/30/2014 21:58:52,1/30/2014,21:58:52,0.00,3.17,62.79,949.04,72
1/30/2014 21:59:22,1/30/2014,21:59:22,0.00,3.17,62.79,949.01,72
1/30/2014 21:59:52,1/30/2014,21:59:52,0.00,3.17,62.79,948.98,72
1/30/2014 22:00:22,1/30/2014,22:00:22,0.00,3.17,62.90,948.95,51
1/30/2014 22:00:52,1/30/2014,22:00:52,0.00,3.17,63.00,948.92,50
1/30/2014 22:01:22,1/30/2014,22:01:22,0.00,3.15,63.00,948.92,49
1/30/2014 22:01:52,1/30/2014,22:01:52,0.00,3.15,63.09,948.92,46
1/30/2014 22:02:22,1/30/2014,22:02:22,0.00,3.17,63.09,948.92,26
1/30/2014 22:02:52,1/30/2014,22:02:52,0.00,3.17,63.09,948.93,26
1/30/2014 22:03:22,1/30/2014,22:03:22,0.00,3.17,63.20,948.96,18
1/30/2014 22:03:52,1/30/2014,22:03:52,0.00,3.15,63.20,948.96,18
1/30/2014 22:04:22,1/30/2014,22:04:22,0.00,3.15,63.20,948.96,307
1/30/2014 22:04:52,1/30/2014,22:04:52,0.00,3.15,63.20,948.95,307
1/30/2014 22:05:22,1/30/2014,22:05:22,0.00,3.15,63.29,948.93,308
1/30/2014 22:05:52,1/30/2014,22:05:52,0.00,3.09,63.29,948.93,304
1/30/2014 22:06:22,1/30/2014,22:06:22,0.00,3.15,63.29,948.92,332
1/30/2014 22:06:52,1/30/2014,22:06:52,0.00,3.09,63.29,948.89,334
1/30/2014 22:07:22,1/30/2014,22:07:22,0.00,3.15,63.29,948.88,334
1/30/2014 22:07:52,1/30/2014,22:07:52,0.00,3.09,63.29,948.90,32
1/30/2014 22:08:22,1/30/2014,22:08:22,0.00,3.09,63.29,948.89,35
1/30/2014 22:08:52,1/30/2014,22:08:52,0.00,3.09,63.29,948.88,35
1/30/2014 22:09:22,1/30/2014,22:09:22,0.00,3.09,63.29,948.88,35
1/30/2014 22:09:52,1/30/2014,22:09:52,0.00,3.09,63.29,948.89,35
1/30/2014 22:10:22,1/30/2014,22:10:22,0.00,3.15,63.29,948.90,35
1/30/2014 22:10:52,1/30/2014,22:10:52,0.00,3.09,63.29,948.88,36
1/30/2014 22:11:22,1/30/2014,22:11:22,0.00,3.09,63.29,948.89,35
1/30/2014 22:11:52,1/30/2014,22:11:52,0.00,3.09,63.29,948.90,35
1/30/2014 22:12:22,1/30/2014,22:12:22,0.00,3.09,63.40,948.90,35
1/30/2014 22:12:52,1/30/2014,22:12:52,0.00,3.09,63.40,948.92,35
1/30/2014 22:13:22,1/30/2014,22:13:22,0.00,3.09,63.29,948.90,35
1/30/2014 22:13:52,1/30/2014,22:13:52,0.00,3.09,63.40,948.90,35
1/30/2014 22:14:22,1/30/2014,22:14:22,0.00,3.09,63.40,948.89,35
1/30/2014 22:14:52,1/30/2014,22:14:52,0.00,3.09,63.40,948.88,35
1/30/2014 22:15:22,1/30/2014,22:15:22,0.00,3.09,63.40,948.88,35
1/30/2014 22:15:52,1/30/2014,22:15:52,0.00,3.09,63.29,948.88,35
1/30/2014 22:16:22,1/30/2014,22:16:22,0.00,3.09,63.29,948.88,35
1/30/2014 22:16:52,1/30/2014,22:16:52,0.00,3.09,63.29,948.87,35
1/30/2014 22:17:22,1/30/2014,22:17:22,0.00,3.09,63.29,948.89,35
1/30/2014 22:17:52,1/30/2014,22:17:52,0.00,3.09,63.29,948.88,35
1/30/2014 22:18:22,1/30/2014,22:18:22,0.00,3.09,63.29,948.89,35
1/30/2014 22:18:52,1/30/2014,22:18:52,0.00,3.09,63.29,948.90,35
1/30/2014 22:19:22,1/30/2014,22:19:22,0.00,3.09,63.29,948.92,35
1/30/2014 22:19:52,1/30/2014,22:19:52,0.00,3.09,63.29,948.92,35
1/30/2014 22:20:22,1/30/2014,22:20:22,0.00,3.09,63.29,948.90,35
1/30/2014 22:20:52,1/30/2014,22:20:52,0.00,3.09,63.29,948.92,265
1/30/2014 22:21:22,1/30/2014,22:21:22,0.00,3.09,63.29,948.92,265
1/30/2014 22:21:52,1/30/2014,22:21:52,0.00,3.09,63.29,948.90,265
1/30/2014 22:22:22,1/30/2014,22:22:22,0.00,3.09,63.29,948.87,265
1/30/2014 22:22:52,1/30/2014,22:22:52,0.00,3.15,63.29,948.87,265
1/30/2014 22:23:22,1/30/2014,22:23:22,0.00,3.15,63.29,948.86,61
1/30/2014 22:23:52,1/30/2014,22:23:52,0.00,3.15,63.40,948.87,338
1/30/2014 22:24:22,1/30/2014,22:24:22,0.00,3.15,63.40,948.85,338
1/30/2014 22:24:52,1/30/2014,22:24:52,0.00,3.09,63.29,948.85,70
1/30/2014 22:25:22,1/30/2014,22:25:22,0.00,3.09,63.29,948.86,7
1/30/2014 22:25:52,1/30/2014,22:25:52,0.00,3.09,63.29,948.86,8
1/30/2014 22:26:22,1/30/2014,22:26:22,0.00,3.09,63.29,948.87,9
1/30/2014 22:26:52,1/30/2014,22:26:52,0.00,3.09,63.29,948.88,15
1/30/2014 22:27:22,1/30/2014,22:27:22,0.00,3.09,63.29,948.90,15
1/30/2014 22:27:52,1/30/2014,22:27:52,0.00,3.09,63.29,948.93,14
1/30/2014 22:28:22,1/30/2014,22:28:22,0.00,3.09,63.29,948.93,14
1/30/2014 22:28:52,1/30/2014,22:28:52,0.00,3.15,63.20,948.94,15
1/30/2014 22:29:22,1/30/2014,22:29:22,0.00,3.09,63.29,948.95,15
1/30/2014 22:29:52,1/30/2014,22:29:52,0.00,3.09,63.29,948.94,31
1/30/2014 22:30:22,1/30/2014,22:30:22,0.00,3.09,63.29,948.93,60
1/30/2014 22:30:52,1/30/2014,22:30:52,0.00,3.09,63.29,948.90,29
1/30/2014 22:31:22,1/30/2014,22:31:22,0.00,3.09,63.29,948.89,39
1/30/2014 22:31:52,1/30/2014,22:31:52,0.00,3.09,63.20,948.88,35
1/30/2014 22:32:22,1/30/2014,22:32:22,0.00,3.09,63.20,948.88,37
1/30/2014 22:32:52,1/30/2014,22:32:52,0.00,3.09,63.20,948.92,35
1/30/2014 22:33:22,1/30/2014,22:33:22,0.00,3.09,63.20,948.93,353
1/30/2014 22:33:52,1/30/2014,22:33:52,0.00,3.09,63.20,948.93,353
1/30/2014 22:34:22,1/30/2014,22:34:22,0.00,3.09,63.20,948.93,354
1/30/2014 22:34:52,1/30/2014,22:34:52,0.00,3.09,63.20,948.93,354
1/30/2014 22:35:22,1/30/2014,22:35:22,0.00,3.09,63.20,948.94,305
1/30/2014 22:35:52,1/30/2014,22:35:52,0.00,3.09,63.29,948.93,307
1/30/2014 22:36:22,1/30/2014,22:36:22,0.00,3.09,63.29,948.93,304
1/30/2014 22:36:52,1/30/2014,22:36:52,0.00,3.07,63.29,948.96,343
1/30/2014 22:37:22,1/30/2014,22:37:22,0.00,3.09,63.29,948.96,343
1/30/2014 22:37:52,1/30/2014,22:37:52,0.00,3.07,63.29,948.96,341
1/30/2014 22:38:22,1/30/2014,22:38:22,0.00,3.09,63.29,948.95,359
1/30/2014 22:38:52,1/30/2014,22:38:52,0.00,3.07,63.29,948.95,359
1/30/2014 22:39:22,1/30/2014,22:39:22,0.00,3.07,63.29,948.97,41
1/30/2014 22:39:52,1/30/2014,22:39:52,0.00,3.07,63.29,948.97,221
1/30/2014 22:40:22,1/30/2014,22:40:22,0.00,3.02,63.29,949.01,105
1/30/2014 22:40:52,1/30/2014,22:40:52,0.00,3.02,63.29,949.04,100
1/30/2014 22:41:22,1/30/2014,22:41:22,0.00,3.07,63.29,949.04,223
1/30/2014 22:41:52,1/30/2014,22:41:52,0.00,3.02,63.20,949.04,281
1/30/2014 22:42:22,1/30/2014,22:42:22,0.00,3.02,63.20,949.05,159
1/30/2014 22:42:52,1/30/2014,22:42:52,0.00,3.02,63.20,949.06,156
1/30/2014 22:43:22,1/30/2014,22:43:22,0.00,3.02,63.09,949.10,54
1/30/2014 22:43:52,1/30/2014,22:43:52,0.00,3.02,62.90,949.11,102
1/30/2014 22:44:22,1/30/2014,22:44:22,0.00,3.02,62.79,949.16,91
1/30/2014 22:44:52,1/30/2014,22:44:52,0.00,3.02,62.79,949.18,147
1/30/2014 22:45:22,1/30/2014,22:45:22,0.00,3.02,62.59,949.19,54
1/30/2014 22:45:52,1/30/2014,22:45:52,0.00,3.02,62.50,949.20,111
1/30/2014 22:46:22,1/30/2014,22:46:22,0.00,3.07,62.29,949.21,126
1/30/2014 22:46:52,1/30/2014,22:46:52,0.06,3.07,62.40,949.19,144
1/30/2014 22:47:22,1/30/2014,22:47:22,0.76,3.09,62.40,949.14,121
1/30/2014 22:47:52,1/30/2014,22:47:52,1.11,3.07,62.40,949.17,126
1/30/2014 22:48:22,1/30/2014,22:48:22,0.66,3.09,62.20,949.19,119
1/30/2014 22:48:52,1/30/2014,22:48:52,0.72,3.09,62.20,949.25,166
1/30/2014 22:49:22,1/30/2014,22:49:22,0.87,3.09,62.20,949.25,160
1/30/2014 22:49:52,1/30/2014,22:49:52,1.26,3.09,61.90,949.24,180
1/30/2014 22:50:22,1/30/2014,22:50:22,0.48,3.09,61.50,949.27,105
1/30/2014 22:50:52,1/30/2014,22:50:52,0.00,3.09,61.40,949.28,134
1/30/2014 22:51:22,1/30/2014,22:51:22,0.00,3.09,61.40,949.28,138
1/30/2014 22:51:52,1/30/2014,22:51:52,0.00,3.09,61.50,949.30,149
1/30/2014 22:52:22,1/30/2014,22:52:22,0.00,3.09,61.59,949.31,98
1/30/2014 22:52:52,1/30/2014,22:52:52,0.00,3.09,61.59,949.34,117
1/30/2014 22:53:22,1/30/2014,22:53:22,0.00,3.09,61.70,949.35,97
1/30/2014 22:53:52,1/30/2014,22:53:52,0.00,3.09,61.79,949.36,118
1/30/2014 22:54:22,1/30/2014,22:54:22,0.00,3.09,61.70,949.38,129
1/30/2014 22:54:52,1/30/2014,22:54:52,0.00,3.09,61.70,949.37,133
1/30/2014 22:55:22,1/30/2014,22:55:22,0.00,3.09,61.59,949.37,98
1/30/2014 22:55:52,1/30/2014,22:55:52,0.00,3.09,61.50,949.37,126
1/30/2014 22:56:22,1/30/2014,22:56:22,0.00,3.09,61.40,949.37,129
1/30/2014 22:56:52,1/30/2014,22:56:52,0.00,3.09,61.40,949.37,124
1/30/2014 22:57:22,1/30/2014,22:57:22,0.00,3.09,61.40,949.39,72
1/30/2014 22:57:52,1/30/2014,22:57:52,0.00,3.09,61.50,949.41,63
1/30/2014 22:58:22,1/30/2014,22:58:22,0.00,3.09,61.50,949.41,54
1/30/2014 22:58:52,1/30/2014,22:58:52,0.00,3.09,61.40,949.41,54
1/30/2014 22:59:22,1/30/2014,22:59:22,0.00,3.09,61.29,949.38,39
1/30/2014 22:59:52,1/30/2014,22:59:52,0.00,3.09,61.29,949.39,47
1/30/2014 23:00:22,1/30/2014,23:00:22,0.00,3.09,61.29,949.41,33
1/30/2014 23:00:52,1/30/2014,23:00:52,0.00,3.09,61.29,949.41,32
1/30/2014 23:01:22,1/30/2014,23:01:22,0.00,3.09,61.29,949.43,33
1/30/2014 23:01:52,1/30/2014,23:01:52,0.00,3.09,61.29,949.43,32
1/30/2014 23:02:22,1/30/2014,23:02:22,0.00,3.15,61.29,949.44,32
1/30/2014 23:02:52,1/30/2014,23:02:52,0.00,3.09,61.40,949.44,68
1/30/2014 23:03:22,1/30/2014,23:03:22,0.00,3.09,61.40,949.43,37
1/30/2014 23:03:52,1/30/2014,23:03:52,0.00,3.09,61.50,949.42,64
1/30/2014 23:04:22,1/30/2014,23:04:22,0.00,3.09,61.50,949.41,77
1/30/2014 23:04:52,1/30/2014,23:04:52,0.00,3.09,61.40,949.41,92
1/30/2014 23:05:22,1/30/2014,23:05:22,0.00,3.09,61.40,949.42,92
1/30/2014 23:05:52,1/30/2014,23:05:52,0.00,3.09,61.29,949.42,92
1/30/2014 23:06:22,1/30/2014,23:06:22,0.00,3.09,61.29,949.43,92
1/30/2014 23:06:52,1/30/2014,23:06:52,0.00,3.09,61.29,949.41,93
1/30/2014 23:07:22,1/30/2014,23:07:22,0.00,3.09,61.29,949.41,92
1/30/2014 23:07:52,1/30/2014,23:07:52,0.00,3.09,61.29,949.39,92
1/30/2014 23:08:22,1/30/2014,23:08:22,0.00,3.09,61.40,949.36,81
1/30/2014 23:08:52,1/30/2014,23:08:52,0.00,3.09,61.40,949.34,81
1/30/2014 23:09:22,1/30/2014,23:09:22,0.00,3.09,61.59,949.35,79
1/30/2014 23:09:52,1/30/2014,23:09:52,0.00,3.09,61.50,949.36,103
1/30/2014 23:10:22,1/30/2014,23:10:22,0.00,3.09,61.50,949.38,101
1/30/2014 23:10:52,1/30/2014,23:10:52,0.00,3.09,61.50,949.42,91
1/30/2014 23:11:22,1/30/2014,23:11:22,0.00,3.09,61.59,949.42,84
1/30/2014 23:11:52,1/30/2014,23:11:52,0.00,3.09,61.50,949.42,84
1/30/2014 23:12:22,1/30/2014,23:12:22,0.00,3.09,61.50,949.43,82
1/30/2014 23:12:52,1/30/2014,23:12:52,0.00,3.09,61.40,949.43,49
1/30/2014 23:13:22,1/30/2014,23:13:22,0.00,3.09,61.50,949.43,71
1/30/2014 23:13:52,1/30/2014,23:13:52,0.00,3.09,61.50,949.46,80
1/30/2014 23:14:22,1/30/2014,23:14:22,0.00,3.09,61.50,949.47,41
1/30/2014 23:14:52,1/30/2014,23:14:52,0.00,3.09,61.50,949.46,50
1/30/2014 23:15:22,1/30/2014,23:15:22,0.00,3.09,61.50,949.45,50
1/30/2014 23:15:52,1/30/2014,23:15:52,0.00,3.09,61.50,949.43,50
1/30/2014 23:16:22,1/30/2014,23:16:22,0.00,3.09,61.50,949.41,52
1/30/2014 23:16:52,1/30/2014,23:16:52,0.00,3.09,61.50,949.36,97
1/30/2014 23:17:22,1/30/2014,23:17:22,0.00,3.09,61.50,949.35,96
1/30/2014 23:17:52,1/30/2014,23:17:52,0.00,3.15,61.59,949.34,96
1/30/2014 23:18:22,1/30/2014,23:18:22,0.00,3.09,61.59,949.34,95
1/30/2014 23:18:52,1/30/2014,23:18:52,0.00,3.09,61.59,949.36,95
1/30/2014 23:19:22,1/30/2014,23:19:22,0.00,3.09,61.70,949.34,95
1/30/2014 23:19:52,1/30/2014,23:19:52,0.00,3.09,61.70,949.34,88
1/30/2014 23:20:22,1/30/2014,23:20:22,0.00,3.09,61.79,949.36,69
1/30/2014 23:20:52,1/30/2014,23:20:52,0.00,3.09,61.79,949.36,59
1/30/2014 23:21:22,1/30/2014,23:21:22,0.00,3.09,61.79,949.37,57
1/30/2014 23:21:52,1/30/2014,23:21:52,0.00,3.09,61.79,949.39,56
1/30/2014 23:22:22,1/30/2014,23:22:22,0.00,3.09,61.90,949.39,56
1/30/2014 23:22:52,1/30/2014,23:22:52,0.00,3.09,61.90,949.39,343
1/30/2014 23:23:22,1/30/2014,23:23:22,0.00,3.09,61.90,949.36,343
1/30/2014 23:23:52,1/30/2014,23:23:52,0.00,3.15,61.90,949.36,350
1/30/2014 23:24:22,1/30/2014,23:24:22,0.00,3.09,61.90,949.36,44
1/30/2014 23:24:52,1/30/2014,23:24:52,0.00,3.09,61.70,949.37,66
1/30/2014 23:25:22,1/30/2014,23:25:22,0.00,3.09,61.50,949.37,64
1/30/2014 23:25:52,1/30/2014,23:25:52,0.00,3.09,61.50,949.41,41
1/30/2014 23:26:22,1/30/2014,23:26:22,0.00,3.17,61.50,949.42,38
1/30/2014 23:26:52,1/30/2014,23:26:52,0.00,3.15,61.50,949.42,38
1/30/2014 23:27:22,1/30/2014,23:27:22,0.00,3.17,61.59,949.44,38
1/30/2014 23:27:52,1/30/2014,23:27:52,0.00,3.15,61.59,949.43,39
1/30/2014 23:28:22,1/30/2014,23:28:22,0.00,3.15,61.59,949.43,93
1/30/2014 23:28:52,1/30/2014,23:28:52,0.00,3.09,61.59,949.44,91
1/30/2014 23:29:22,1/30/2014,23:29:22,0.00,3.15,61.59,949.46,119
1/30/2014 23:29:52,1/30/2014,23:29:52,0.00,3.15,61.59,949.49,103
1/30/2014 23:30:22,1/30/2014,23:30:22,0.00,3.15,61.59,949.51,103
1/30/2014 23:30:52,1/30/2014,23:30:52,0.00,3.09,61.59,949.51,102
1/30/2014 23:31:22,1/30/2014,23:31:22,0.00,3.09,61.59,949.51,91
1/30/2014 23:31:52,1/30/2014,23:31:52,0.00,3.15,61.70,949.51,88
1/30/2014 23:32:22,1/30/2014,23:32:22,0.00,3.09,61.79,949.52,93
1/30/2014 23:32:52,1/30/2014,23:32:52,0.00,3.09,61.79,949.51,94
1/30/2014 23:33:22,1/30/2014,23:33:22,0.00,3.09,61.79,949.51,90
1/30/2014 23:33:52,1/30/2014,23:33:52,0.00,3.09,61.79,949.51,85
1/30/2014 23:34:22,1/30/2014,23:34:22,0.00,3.09,61.79,949.52,85
1/30/2014 23:34:52,1/30/2014,23:34:52,0.00,3.09,61.79,949.53,85
1/30/2014 23:35:22,1/30/2014,23:35:22,0.00,3.09,61.79,949.54,85
1/30/2014 23:35:52,1/30/2014,23:35:52,0.00,3.09,61.79,949.55,84
1/30/2014 23:36:22,1/30/2014,23:36:22,0.00,3.09,61.79,949.55,79
1/30/2014 23:36:52,1/30/2014,23:36:52,0.00,3.09,61.79,949.57,65
1/30/2014 23:37:22,1/30/2014,23:37:22,0.00,3.09,61.70,949.57,65
1/30/2014 23:37:52,1/30/2014,23:37:52,0.00,3.09,61.79,949.58,65
1/30/2014 23:38:22,1/30/2014,23:38:22,0.00,3.09,61.79,949.58,66
1/30/2014 23:38:52,1/30/2014,23:38:52,0.00,3.09,61.79,949.59,22
1/30/2014 23:39:22,1/30/2014,23:39:22,0.00,3.09,61.90,949.60,41
1/30/2014 23:39:52,1/30/2014,23:39:52,0.00,3.09,61.90,949.60,30
1/30/2014 23:40:22,1/30/2014,23:40:22,0.00,3.15,61.79,949.60,30
1/30/2014 23:40:52,1/30/2014,23:40:52,0.00,3.09,61.79,949.61,30
1/30/2014 23:41:22,1/30/2014,23:41:22,0.00,3.09,61.79,949.62,35
1/30/2014 23:41:52,1/30/2014,23:41:52,0.00,3.09,61.79,949.61,35
1/30/2014 23:42:22,1/30/2014,23:42:22,0.00,3.09,61.79,949.63,87
1/30/2014 23:42:52,1/30/2014,23:42:52,0.00,3.09,61.70,949.65,111
1/30/2014 23:43:22,1/30/2014,23:43:22,0.00,3.09,61.70,949.66,110
1/30/2014 23:43:52,1/30/2014,23:43:52,0.00,3.09,61.79,949.67,132
1/30/2014 23:44:22,1/30/2014,23:44:22,0.00,3.09,61.70,949.65,159
1/30/2014 23:44:52,1/30/2014,23:44:52,0.00,3.09,61.59,949.63,170
1/30/2014 23:45:22,1/30/2014,23:45:22,0.00,3.09,61.29,949.63,148
1/30/2014 23:45:52,1/30/2014,23:45:52,0.00,3.09,61.20,949.63,91
1/30/2014 23:46:22,1/30/2014,23:46:22,0.00,3.09,61.20,949.65,74
1/30/2014 23:46:52,1/30/2014,23:46:52,0.00,3.09,61.20,949.65,75
1/30/2014 23:47:22,1/30/2014,23:47:22,0.05,3.09,61.09,949.67,92
1/30/2014 23:47:52,1/30/2014,23:47:52,0.68,3.09,60.90,949.63,134
1/30/2014 23:48:22,1/30/2014,23:48:22,0.00,3.15,60.90,949.68,117
1/30/2014 23:48:52,1/30/2014,23:48:52,0.00,3.09,61.00,949.69,75
1/30/2014 23:49:22,1/30/2014,23:49:22,0.00,3.09,60.70,949.68,48
1/30/2014 23:49:52,1/30/2014,23:49:52,0.00,3.15,60.79,949.69,67
1/30/2014 23:50:22,1/30/2014,23:50:22,0.00,3.15,60.79,949.70,91
1/30/2014 23:50:52,1/30/2014,23:50:52,0.00,3.15,60.79,949.69,109
1/30/2014 23:51:22,1/30/2014,23:51:22,0.00,3.15,60.90,949.70,110
1/30/2014 23:51:52,1/30/2014,23:51:52,0.00,3.09,60.90,949.71,110
1/30/2014 23:52:22,1/30/2014,23:52:22,0.00,3.15,61.00,949.74,100
1/30/2014 23:52:52,1/30/2014,23:52:52,0.00,3.09,61.09,949.74,148
1/30/2014 23:53:22,1/30/2014,23:53:22,0.00,3.15,61.00,949.74,120
1/30/2014 23:53:52,1/30/2014,23:53:52,0.00,3.15,61.00,949.74,82
1/30/2014 23:54:22,1/30/2014,23:54:22,0.00,3.15,61.00,949.75,82
1/30/2014 23:54:52,1/30/2014,23:54:52,0.00,3.15,61.00,949.75,89
1/30/2014 23:55:22,1/30/2014,23:55:22,0.00,3.09,61.09,949.74,129
1/30/2014 23:55:52,1/30/2014,23:55:52,0.00,3.09,61.00,949.74,169
1/30/2014 23:56:22,1/30/2014,23:56:22,0.00,3.15,60.90,949.71,169
1/30/2014 23:56:52,1/30/2014,23:56:52,0.00,3.17,60.79,949.71,150
1/30/2014 23:57:22,1/30/2014,23:57:22,0.00,3.15,60.70,949.71,158
1/30/2014 23:57:52,1/30/2014,23:57:52,0.00,3.17,60.50,949.70,171
1/30/2014 23:58:22,1/30/2014,23:58:22,0.00,3.17,60.50,949.71,161
1/30/2014 23:58:52,1/30/2014,23:58:52,0.00,3.15,60.50,949.71,155
1/30/2014 23:59:22,1/30/2014,23:59:22,0.00,3.15,60.59,949.69,158
1/30/2014 23:59:52,1/30/2014,23:59:52,0.00,3.17,60.59,949.69,150
1/31/2014 00:00:22,1/31/2014,00:00:22,0.00,3.17,60.70,949.68,167
1/31/2014 00:00:52,1/31/2014,00:00:52,0.00,3.15,60.79,949.67,167
1/31/2014 00:01:22,1/31/2014,00:01:22,0.00,3.15,60.70,949.67,157
1/31/2014 00:01:52,1/31/2014,00:01:52,0.00,3.17,60.70,949.68,155
1/31/2014 00:02:22,1/31/2014,00:02:22,0.00,3.17,60.59,949.68,128
1/31/2014 00:02:52,1/31/2014,00:02:52,0.00,3.17,60.70,949.68,128
1/31/2014 00:03:22,1/31/2014,00:03:22,0.00,3.17,60.70,949.68,115
1/31/2014 00:03:52,1/31/2014,00:03:52,0.00,3.17,60.79,949.68,115
1/31/2014 00:04:22,1/31/2014,00:04:22,0.00,3.17,60.70,949.68,116
1/31/2014 00:04:52,1/31/2014,00:04:52,0.00,3.17,60.79,949.68,124
1/31/2014 00:05:22,1/31/2014,00:05:22,0.00,3.17,60.79,949.69,125
1/31/2014 00:05:52,1/31/2014,00:05:52,0.00,3.15,60.90,949.69,139
1/31/2014 00:06:22,1/31/2014,00:06:22,0.00,3.15,60.79,949.69,139
1/31/2014 00:06:52,1/31/2014,00:06:52,0.00,3.17,60.90,949.69,139
1/31/2014 00:07:22,1/31/2014,00:07:22,0.00,3.17,60.79,949.69,116
1/31/2014 00:07:52,1/31/2014,00:07:52,0.00,3.15,60.90,949.68,115
1/31/2014 00:08:22,1/31/2014,00:08:22,0.00,3.17,61.00,949.69,115
1/31/2014 00:08:52,1/31/2014,00:08:52,0.00,3.15,61.00,949.68,115
1/31/2014 00:09:22,1/31/2014,00:09:22,0.00,3.15,61.00,949.68,115
1/31/2014 00:09:52,1/31/2014,00:09:52,0.00,3.15,61.00,949.66,115
1/31/2014 00:10:22,1/31/2014,00:10:22,0.00,3.15,61.00,949.67,92
1/31/2014 00:10:52,1/31/2014,00:10:52,0.00,3.15,61.00,949.66,91
1/31/2014 00:11:22,1/31/2014,00:11:22,0.00,3.15,61.00,949.68,92
1/31/2014 00:11:52,1/31/2014,00:11:52,0.00,3.15,61.00,949.68,91
1/31/2014 00:12:22,1/31/2014,00:12:22,0.00,3.09,60.90,949.68,101
1/31/2014 00:12:52,1/31/2014,00:12:52,0.00,3.15,60.90,949.68,101
1/31/2014 00:13:22,1/31/2014,00:13:22,0.00,3.15,60.90,949.69,116
1/31/2014 00:13:52,1/31/2014,00:13:52,0.00,3.17,60.90,949.69,139
1/31/2014 00:14:22,1/31/2014,00:14:22,0.00,3.15,61.00,949.71,165
1/31/2014 00:14:52,1/31/2014,00:14:52,0.00,3.15,61.00,949.70,164
1/31/2014 00:15:22,1/31/2014,00:15:22,0.00,3.15,61.00,949.71,139
1/31/2014 00:15:52,1/31/2014,00:15:52,0.00,3.09,60.90,949.70,135
1/31/2014 00:16:22,1/31/2014,00:16:22,0.00,3.15,61.00,949.70,168
1/31/2014 00:16:52,1/31/2014,00:16:52,0.00,3.15,61.00,949.70,157
1/31/2014 00:17:22,1/31/2014,00:17:22,0.00,3.15,61.00,949.70,156
1/31/2014 00:17:52,1/31/2014,00:17:52,0.00,3.09,61.00,949.70,154
1/31/2014 00:18:22,1/31/2014,00:18:22,0.00,3.09,61.09,949.70,206
1/31/2014 00:18:52,1/31/2014,00:18:52,0.00,3.15,61.00,949.69,185
1/31/2014 00:19:22,1/31/2014,00:19:22,0.00,3.15,61.00,949.69,167
1/31/2014 00:19:52,1/31/2014,00:19:52,0.00,3.09,60.90,949.68,167
1/31/2014 00:20:22,1/31/2014,00:20:22,0.00,3.09,60.90,949.67,125
1/31/2014 00:20:52,1/31/2014,00:20:52,0.15,3.09,60.50,949.67,110
1/31/2014 00:21:22,1/31/2014,00:21:22,0.00,3.09,60.29,949.69,67
1/31/2014 00:21:52,1/31/2014,00:21:52,0.00,3.09,60.29,949.68,103
1/31/2014 00:22:22,1/31/2014,00:22:22,0.00,3.09,60.09,949.68,128
1/31/2014 00:22:52,1/31/2014,00:22:52,0.00,3.09,60.09,949.69,141
1/31/2014 00:23:22,1/31/2014,00:23:22,0.68,3.09,60.20,949.65,147
1/31/2014 00:23:52,1/31/2014,00:23:52,0.58,3.09,59.70,949.63,163
1/31/2014 00:24:22,1/31/2014,00:24:22,0.44,3.09,59.70,949.67,173
1/31/2014 00:24:52,1/31/2014,00:24:52,0.00,3.09,59.70,949.70,196
1/31/2014 00:25:22,1/31/2014,00:25:22,0.00,3.09,59.79,949.69,205
1/31/2014 00:25:52,1/31/2014,00:25:52,0.00,3.09,59.79,949.71,204
1/31/2014 00:26:22,1/31/2014,00:26:22,0.00,3.09,59.79,949.70,204
1/31/2014 00:26:52,1/31/2014,00:26:52,0.00,3.09,59.79,949.71,205
1/31/2014 00:27:22,1/31/2014,00:27:22,0.00,3.09,59.79,949.71,273
1/31/2014 00:27:52,1/31/2014,00:27:52,0.00,3.09,59.90,949.69,285
1/31/2014 00:28:22,1/31/2014,00:28:22,0.00,3.09,60.09,949.68,283
1/31/2014 00:28:52,1/31/2014,00:28:52,0.00,3.09,60.09,949.70,91
1/31/2014 00:29:22,1/31/2014,00:29:22,0.00,3.07,60.09,949.71,106
1/31/2014 00:29:52,1/31/2014,00:29:52,0.00,3.07,60.20,949.73,127
1/31/2014 00:30:22,1/31/2014,00:30:22,0.00,3.07,60.20,949.70,94
1/31/2014 00:30:52,1/31/2014,00:30:52,0.00,3.09,60.20,949.71,85
1/31/2014 00:31:22,1/31/2014,00:31:22,0.00,3.07,60.20,949.71,86
1/31/2014 00:31:52,1/31/2014,00:31:52,0.00,3.02,60.20,949.71,86
1/31/2014 00:32:22,1/31/2014,00:32:22,0.00,3.07,60.20,949.71,95
1/31/2014 00:32:52,1/31/2014,00:32:52,0.00,3.02,60.29,949.70,93
1/31/2014 00:33:22,1/31/2014,00:33:22,0.00,3.07,60.20,949.70,95
1/31/2014 00:33:52,1/31/2014,00:33:52,0.00,3.07,60.20,949.68,125
1/31/2014 00:34:22,1/31/2014,00:34:22,0.00,3.07,60.20,949.66,125
1/31/2014 00:34:52,1/31/2014,00:34:52,0.00,3.07,60.29,949.63,131
1/31/2014 00:35:22,1/31/2014,00:35:22,0.00,3.02,60.29,949.62,133
1/31/2014 00:35:52,1/31/2014,00:35:52,0.00,3.02,60.29,949.62,209
1/31/2014 00:36:22,1/31/2014,00:36:22,0.00,3.02,60.20,949.59,183
1/31/2014 00:36:52,1/31/2014,00:36:52,0.00,3.02,60.20,949.59,183
1/31/2014 00:37:22,1/31/2014,00:37:22,0.00,3.02,60.20,949.58,183
1/31/2014 00:37:52,1/31/2014,00:37:52,0.00,3.02,60.20,949.58,183
1/31/2014 00:38:22,1/31/2014,00:38:22,0.00,3.02,60.20,949.58,183
1/31/2014 00:38:52,1/31/2014,00:38:52,0.00,3.02,60.20,949.55,208
1/31/2014 00:39:22,1/31/2014,00:39:22,0.00,3.02,60.20,949.55,303
1/31/2014 00:39:52,1/31/2014,00:39:52,0.00,3.02,60.29,949.54,322
1/31/2014 00:40:22,1/31/2014,00:40:22,0.00,3.02,60.50,949.53,328
1/31/2014 00:40:52,1/31/2014,00:40:52,0.00,3.02,60.50,949.51,327
1/31/2014 00:41:22,1/31/2014,00:41:22,0.00,3.02,60.59,949.50,327
1/31/2014 00:41:52,1/31/2014,00:41:52,0.00,3.02,60.70,949.49,324
1/31/2014 00:42:22,1/31/2014,00:42:22,0.00,3.02,60.70,949.45,325
1/31/2014 00:42:52,1/31/2014,00:42:52,0.00,3.02,60.79,949.45,321
1/31/2014 00:43:22,1/31/2014,00:43:22,0.00,3.02,60.90,949.44,321
1/31/2014 00:43:52,1/31/2014,00:43:52,0.00,3.02,60.90,949.45,321
1/31/2014 00:44:22,1/31/2014,00:44:22,0.00,3.02,60.90,949.44,321
1/31/2014 00:44:52,1/31/2014,00:44:52,0.00,3.02,60.90,949.45,321
1/31/2014 00:45:22,1/31/2014,00:45:22,0.00,2.97,60.79,949.43,321
1/31/2014 00:45:52,1/31/2014,00:45:52,0.00,3.02,60.79,949.43,321
1/31/2014 00:46:22,1/31/2014,00:46:22,0.00,2.97,60.79,949.43,320
1/31/2014 00:46:52,1/31/2014,00:46:52,0.00,2.95,60.79,949.44,321
1/31/2014 00:47:22,1/31/2014,00:47:22,0.00,2.97,60.79,949.43,321
1/31/2014 00:47:52,1/31/2014,00:47:52,0.00,2.95,60.79,949.43,322
1/31/2014 00:48:22,1/31/2014,00:48:22,0.00,2.95,60.79,949.45,321
1/31/2014 00:48:52,1/31/2014,00:48:52,0.00,2.95,60.79,949.45,29
1/31/2014 00:49:22,1/31/2014,00:49:22,0.00,2.95,60.79,949.44,68
1/31/2014 00:49:52,1/31/2014,00:49:52,0.00,2.95,60.90,949.44,77
1/31/2014 00:50:22,1/31/2014,00:50:22,0.00,2.97,61.00,949.44,79
1/31/2014 00:50:52,1/31/2014,00:50:52,0.00,2.95,61.09,949.43,87
1/31/2014 00:51:22,1/31/2014,00:51:22,0.00,2.95,61.09,949.43,86
1/31/2014 00:51:52,1/31/2014,00:51:52,0.00,2.95,61.09,949.42,87
1/31/2014 00:52:22,1/31/2014,00:52:22,0.00,2.95,61.09,949.43,86
1/31/2014 00:52:52,1/31/2014,00:52:52,0.00,2.90,61.09,949.41,67
1/31/2014 00:53:22,1/31/2014,00:53:22,0.00,2.90,61.09,949.42,67
1/31/2014 00:53:52,1/31/2014,00:53:52,0.00,2.95,61.09,949.44,67
1/31/2014 00:54:22,1/31/2014,00:54:22,0.00,2.87,61.20,949.43,67
1/31/2014 00:54:52,1/31/2014,00:54:52,0.00,2.90,61.29,949.44,67
1/31/2014 00:55:22,1/31/2014,00:55:22,0.00,2.87,61.40,949.44,92
1/31/2014 00:55:52,1/31/2014,00:55:52,0.00,2.90,61.40,949.44,98
1/31/2014 00:56:22,1/31/2014,00:56:22,0.00,2.90,61.40,949.45,102
1/31/2014 00:56:52,1/31/2014,00:56:52,0.00,2.87,61.70,949.46,106
1/31/2014 00:57:22,1/31/2014,00:57:22,0.00,2.87,61.79,949.47,100
1/31/2014 00:57:52,1/31/2014,00:57:52,0.84,2.90,61.70,949.43,103
1/31/2014 00:58:22,1/31/2014,00:58:22,0.90,2.90,61.59,949.39,116
1/31/2014 00:58:52,1/31/2014,00:58:52,0.77,2.95,61.59,949.39,127
1/31/2014 00:59:22,1/31/2014,00:59:22,1.12,2.87,61.59,949.39,136
1/31/2014 00:59:52,1/31/2014,00:59:52,0.68,2.87,61.20,949.38,181
1/31/2014 01:00:22,1/31/2014,01:00:22,0.00,2.90,61.00,949.43,137
1/31/2014 01:00:52,1/31/2014,01:00:52,0.00,2.87,61.00,949.43,128
1/31/2014 01:01:22,1/31/2014,01:01:22,0.00,2.87,61.00,949.41,98
1/31/2014 01:01:52,1/31/2014,01:01:52,0.00,2.87,61.09,949.42,71
1/31/2014 01:02:22,1/31/2014,01:02:22,0.00,2.87,61.20,949.42,44
1/31/2014 01:02:52,1/31/2014,01:02:52,0.00,2.90,61.20,949.43,47
1/31/2014 01:03:22,1/31/2014,01:03:22,0.00,2.90,61.20,949.42,48
1/31/2014 01:03:52,1/31/2014,01:03:52,0.00,2.87,61.09,949.41,82
1/31/2014 01:04:22,1/31/2014,01:04:22,0.00,2.87,61.20,949.39,65
1/31/2014 01:04:52,1/31/2014,01:04:52,0.00,2.87,61.09,949.39,66
1/31/2014 01:05:22,1/31/2014,01:05:22,0.00,2.87,61.09,949.39,66
1/31/2014 01:05:52,1/31/2014,01:05:52,0.00,2.90,61.20,949.41,66
1/31/2014 01:06:22,1/31/2014,01:06:22,0.00,2.87,61.20,949.39,70
1/31/2014 01:06:52,1/31/2014,01:06:52,0.00,2.87,61.20,949.38,81
1/31/2014 01:07:22,1/31/2014,01:07:22,0.00,2.87,61.20,949.39,105
1/31/2014 01:07:52,1/31/2014,01:07:52,0.00,2.95,61.20,949.39,93
1/31/2014 01:08:22,1/31/2014,01:08:22,0.00,2.87,61.20,949.39,93
1/31/2014 01:08:52,1/31/2014,01:08:52,0.00,2.95,61.09,949.43,106
1/31/2014 01:09:22,1/31/2014,01:09:22,0.00,2.90,61.20,949.44,118
1/31/2014 01:09:52,1/31/2014,01:09:52,0.00,2.90,61.29,949.43,97
1/31/2014 01:10:22,1/31/2014,01:10:22,0.00,2.87,61.29,949.43,109
1/31/2014 01:10:52,1/31/2014,01:10:52,0.00,2.90,61.40,949.43,115
1/31/2014 01:11:22,1/31/2014,01:11:22,0.00,2.90,61.50,949.44,131
1/31/2014 01:11:52,1/31/2014,01:11:52,0.00,2.90,61.50,949.42,131
1/31/2014 01:12:22,1/31/2014,01:12:22,0.00,2.87,61.50,949.42,166
1/31/2014 01:12:52,1/31/2014,01:12:52,0.00,2.87,61.50,949.39,163
1/31/2014 01:13:22,1/31/2014,01:13:22,0.00,2.87,61.40,949.39,161
1/31/2014 01:13:52,1/31/2014,01:13:52,0.00,2.90,61.40,949.39,43
1/31/2014 01:14:22,1/31/2014,01:14:22,0.00,2.95,61.40,949.41,44
1/31/2014 01:14:52,1/31/2014,01:14:52,0.00,2.87,61.50,949.42,67
1/31/2014 01:15:22,1/31/2014,01:15:22,0.00,2.90,61.50,949.42,91
1/31/2014 01:15:52,1/31/2014,01:15:52,0.00,2.90,61.40,949.42,111
1/31/2014 01:16:22,1/31/2014,01:16:22,0.00,2.87,61.29,949.42,145
1/31/2014 01:16:52,1/31/2014,01:16:52,0.00,2.87,61.20,949.39,146
1/31/2014 01:17:22,1/31/2014,01:17:22,0.00,2.87,61.20,949.39,185
1/31/2014 01:17:52,1/31/2014,01:17:52,0.00,2.90,61.09,949.39,140
1/31/2014 01:18:22,1/31/2014,01:18:22,0.00,2.87,61.29,949.38,95
1/31/2014 01:18:52,1/31/2014,01:18:52,0.00,2.87,61.29,949.37,94
1/31/2014 01:19:22,1/31/2014,01:19:22,0.00,2.87,61.29,949.37,111
1/31/2014 01:19:52,1/31/2014,01:19:52,0.00,2.87,61.40,949.37,113
1/31/2014 01:20:22,1/31/2014,01:20:22,0.00,2.87,61.40,949.36,86
1/31/2014 01:20:52,1/31/2014,01:20:52,0.00,2.87,61.40,949.34,141
1/31/2014 01:21:22,1/31/2014,01:21:22,0.00,2.87,61.20,949.31,191
1/31/2014 01:21:52,1/31/2014,01:21:52,0.00,2.87,61.20,949.30,188
1/31/2014 01:22:22,1/31/2014,01:22:22,0.00,2.87,61.09,949.29,80
1/31/2014 01:22:52,1/31/2014,01:22:52,0.00,2.87,61.09,949.27,92
1/31/2014 01:23:22,1/31/2014,01:23:22,0.00,2.87,61.00,949.25,134
1/31/2014 01:23:52,1/31/2014,01:23:52,0.00,2.87,61.00,949.22,133
1/31/2014 01:24:22,1/31/2014,01:24:22,0.00,2.87,61.00,949.22,123
1/31/2014 01:24:52,1/31/2014,01:24:52,0.00,2.87,61.00,949.24,87
1/31/2014 01:25:22,1/31/2014,01:25:22,0.00,2.87,61.00,949.24,84
1/31/2014 01:25:52,1/31/2014,01:25:52,0.00,2.87,61.00,949.22,84
1/31/2014 01:26:22,1/31/2014,01:26:22,0.00,2.87,61.00,949.26,84
1/31/2014 01:26:52,1/31/2014,01:26:52,0.00,2.87,61.09,949.26,84
1/31/2014 01:27:22,1/31/2014,01:27:22,0.00,2.87,61.09,949.28,84
1/31/2014 01:27:52,1/31/2014,01:27:52,0.00,2.87,61.09,949.30,84
1/31/2014 01:28:22,1/31/2014,01:28:22,0.00,2.87,61.09,949.31,197
1/31/2014 01:28:52,1/31/2014,01:28:52,0.00,2.87,61.20,949.31,203
1/31/2014 01:29:22,1/31/2014,01:29:22,0.00,2.87,61.20,949.33,203
1/31/2014 01:29:52,1/31/2014,01:29:52,0.00,2.87,61.20,949.31,208
1/31/2014 01:30:22,1/31/2014,01:30:22,0.00,2.87,61.20,949.33,208
1/31/2014 01:30:52,1/31/2014,01:30:52,0.00,2.87,61.20,949.33,208
1/31/2014 01:31:22,1/31/2014,01:31:22,0.00,2.87,61.29,949.34,208
1/31/2014 01:31:52,1/31/2014,01:31:52,0.00,2.87,61.29,949.34,208
1/31/2014 01:32:22,1/31/2014,01:32:22,0.00,2.87,61.29,949.35,195
1/31/2014 01:32:52,1/31/2014,01:32:52,0.00,2.87,61.29,949.37,149
1/31/2014 01:33:22,1/31/2014,01:33:22,0.00,2.87,61.29,949.37,125
1/31/2014 01:33:52,1/31/2014,01:33:52,0.00,2.87,61.29,949.36,123
1/31/2014 01:34:22,1/31/2014,01:34:22,0.00,2.87,61.40,949.37,109
1/31/2014 01:34:52,1/31/2014,01:34:52,0.00,2.87,61.29,949.38,95
1/31/2014 01:35:22,1/31/2014,01:35:22,0.00,2.87,61.20,949.37,92
1/31/2014 01:35:52,1/31/2014,01:35:52,0.00,2.87,61.00,949.37,76
1/31/2014 01:36:22,1/31/2014,01:36:22,0.52,2.90,61.00,949.34,77
1/31/2014 01:36:52,1/31/2014,01:36:52,0.44,2.87,61.00,949.35,83
1/31/2014 01:37:22,1/31/2014,01:37:22,0.00,2.90,61.09,949.38,126
1/31/2014 01:37:52,1/31/2014,01:37:52,0.00,2.87,61.20,949.38,155
1/31/2014 01:38:22,1/31/2014,01:38:22,0.00,2.87,61.20,949.35,173
1/31/2014 01:38:52,1/31/2014,01:38:52,0.00,2.87,61.00,949.37,174
1/31/2014 01:39:22,1/31/2014,01:39:22,0.00,2.87,61.00,949.35,193
1/31/2014 01:39:52,1/31/2014,01:39:52,0.00,2.87,60.90,949.35,210
1/31/2014 01:40:22,1/31/2014,01:40:22,0.00,2.90,60.79,949.33,205
1/31/2014 01:40:52,1/31/2014,01:40:52,0.00,2.90,60.79,949.30,184
1/31/2014 01:41:22,1/31/2014,01:41:22,0.00,2.90,60.79,949.30,182
1/31/2014 01:41:52,1/31/2014,01:41:52,0.00,2.87,60.90,949.33,188
1/31/2014 01:42:22,1/31/2014,01:42:22,0.00,2.90,60.90,949.31,149
1/31/2014 01:42:52,1/31/2014,01:42:52,0.00,2.95,61.00,949.28,146
1/31/2014 01:43:22,1/31/2014,01:43:22,0.00,2.95,61.09,949.28,149
1/31/2014 01:43:52,1/31/2014,01:43:52,0.00,2.90,61.20,949.28,154
1/31/2014 01:44:22,1/31/2014,01:44:22,0.00,2.90,61.09,949.28,164
1/31/2014 01:44:52,1/31/2014,01:44:52,0.00,2.90,61.00,949.28,160
1/31/2014 01:45:22,1/31/2014,01:45:22,0.00,2.90,61.00,949.28,159
1/31/2014 01:45:52,1/31/2014,01:45:52,0.00,2.90,61.00,949.29,159
1/31/2014 01:46:22,1/31/2014,01:46:22,0.00,2.95,61.00,949.31,159
1/31/2014 01:46:52,1/31/2014,01:46:52,0.00,2.90,61.09,949.31,159
1/31/2014 01:47:22,1/31/2014,01:47:22,0.00,2.90,61.09,949.30,163
1/31/2014 01:47:52,1/31/2014,01:47:52,0.00,2.95,61.20,949.29,335
1/31/2014 01:48:22,1/31/2014,01:48:22,0.00,2.95,61.20,949.31,314
1/31/2014 01:48:52,1/31/2014,01:48:52,0.00,2.95,61.29,949.28,196
1/31/2014 01:49:22,1/31/2014,01:49:22,0.00,2.90,61.29,949.29,173
1/31/2014 01:49:52,1/31/2014,01:49:52,0.00,2.95,61.29,949.30,173
1/31/2014 01:50:22,1/31/2014,01:50:22,0.00,2.90,61.29,949.31,172
1/31/2014 01:50:52,1/31/2014,01:50:52,0.00,2.95,61.29,949.30,176
1/31/2014 01:51:22,1/31/2014,01:51:22,0.00,2.95,61.40,949.30,177
1/31/2014 01:51:52,1/31/2014,01:51:52,0.00,2.95,61.40,949.29,196
1/31/2014 01:52:22,1/31/2014,01:52:22,0.00,2.90,61.40,949.31,196
1/31/2014 01:52:52,1/31/2014,01:52:52,0.00,2.90,61.29,949.33,196
1/31/2014 01:53:22,1/31/2014,01:53:22,0.00,2.90,61.20,949.35,210
1/31/2014 01:53:52,1/31/2014,01:53:52,0.00,2.95,61.29,949.36,191
1/31/2014 01:54:22,1/31/2014,01:54:22,0.00,2.90,61.20,949.38,273
1/31/2014 01:54:52,1/31/2014,01:54:52,0.00,2.95,61.29,949.39,290
1/31/2014 01:55:22,1/31/2014,01:55:22,0.00,2.95,61.40,949.41,290
1/31/2014 01:55:52,1/31/2014,01:55:52,0.00,2.95,61.40,949.42,289
1/31/2014 01:56:22,1/31/2014,01:56:22,0.00,2.95,61.50,949.44,213
1/31/2014 01:56:52,1/31/2014,01:56:52,0.00,2.95,61.50,949.45,263
1/31/2014 01:57:22,1/31/2014,01:57:22,0.00,2.95,61.50,949.47,327
1/31/2014 01:57:52,1/31/2014,01:57:52,0.00,2.95,61.59,949.50,318
1/31/2014 01:58:22,1/31/2014,01:58:22,0.00,2.95,61.59,949.51,296
1/31/2014 01:58:52,1/31/2014,01:58:52,0.00,2.95,61.70,949.53,350
1/31/2014 01:59:22,1/31/2014,01:59:22,0.00,2.95,61.70,949.53,208
1/31/2014 01:59:52,1/31/2014,01:59:52,0.00,2.95,61.79,949.55,204
1/31/2014 02:00:22,1/31/2014,02:00:22,0.00,2.95,61.79,949.57,204
1/31/2014 02:00:52,1/31/2014,02:00:52,0.00,2.95,61.79,949.57,203
1/31/2014 02:01:22,1/31/2014,02:01:22,0.00,2.95,61.79,949.57,304
1/31/2014 02:01:52,1/31/2014,02:01:52,0.00,2.97,61.79,949.59,324
1/31/2014 02:02:22,1/31/2014,02:02:22,0.00,2.97,61.90,949.60,215
1/31/2014 02:02:52,1/31/2014,02:02:52,0.00,2.95,61.90,949.61,194
1/31/2014 02:03:22,1/31/2014,02:03:22,0.00,2.95,61.90,949.60,194
1/31/2014 02:03:52,1/31/2014,02:03:52,0.00,2.95,61.90,949.62,196
1/31/2014 02:04:22,1/31/2014,02:04:22,0.00,2.95,61.79,949.63,182
1/31/2014 02:04:52,1/31/2014,02:04:52,0.00,2.95,61.79,949.66,337
1/31/2014 02:05:22,1/31/2014,02:05:22,0.00,2.97,61.79,949.66,280
1/31/2014 02:05:52,1/31/2014,02:05:52,0.00,2.97,61.79,949.67,303
1/31/2014 02:06:22,1/31/2014,02:06:22,0.00,3.02,61.90,949.69,290
1/31/2014 02:06:52,1/31/2014,02:06:52,0.00,2.97,62.00,949.69,293
1/31/2014 02:07:22,1/31/2014,02:07:22,0.00,3.02,62.00,949.68,293
1/31/2014 02:07:52,1/31/2014,02:07:52,0.00,2.97,62.09,949.69,275
1/31/2014 02:08:22,1/31/2014,02:08:22,0.00,3.02,61.90,949.70,301
1/31/2014 02:08:52,1/31/2014,02:08:52,0.00,2.97,61.79,949.71,303
1/31/2014 02:09:22,1/31/2014,02:09:22,0.00,2.97,61.79,949.70,183
1/31/2014 02:09:52,1/31/2014,02:09:52,0.00,2.97,61.79,949.70,187
1/31/2014 02:10:22,1/31/2014,02:10:22,0.00,2.97,61.79,949.69,193
1/31/2014 02:10:52,1/31/2014,02:10:52,0.00,2.97,61.70,949.70,197
1/31/2014 02:11:22,1/31/2014,02:11:22,0.00,2.97,61.59,949.69,199
1/31/2014 02:11:52,1/31/2014,02:11:52,0.00,2.97,61.59,949.68,235
1/31/2014 02:12:22,1/31/2014,02:12:22,0.00,2.97,61.59,949.68,189
1/31/2014 02:12:52,1/31/2014,02:12:52,0.00,3.02,61.59,949.68,191
1/31/2014 02:13:22,1/31/2014,02:13:22,0.00,2.97,61.59,949.68,139
1/31/2014 02:13:52,1/31/2014,02:13:52,0.00,2.97,61.59,949.67,170
1/31/2014 02:14:22,1/31/2014,02:14:22,0.00,2.95,61.59,949.66,117
1/31/2014 02:14:52,1/31/2014,02:14:52,0.00,2.95,61.70,949.63,115
1/31/2014 02:15:22,1/31/2014,02:15:22,0.00,2.95,61.59,949.63,132
1/31/2014 02:15:52,1/31/2014,02:15:52,0.00,2.95,61.59,949.63,163
1/31/2014 02:16:22,1/31/2014,02:16:22,0.00,2.95,61.59,949.63,176
1/31/2014 02:16:52,1/31/2014,02:16:52,0.00,2.95,61.40,949.61,148
1/31/2014 02:17:22,1/31/2014,02:17:22,0.68,2.95,61.29,949.55,175
1/31/2014 02:17:52,1/31/2014,02:17:52,0.84,2.95,61.29,949.52,160
1/31/2014 02:18:22,1/31/2014,02:18:22,0.24,2.95,61.20,949.54,161
1/31/2014 02:18:52,1/31/2014,02:18:52,0.00,2.95,61.29,949.54,172
1/31/2014 02:19:22,1/31/2014,02:19:22,0.00,2.95,61.29,949.54,179
1/31/2014 02:19:52,1/31/2014,02:19:52,0.00,2.95,61.20,949.53,165
1/31/2014 02:20:22,1/31/2014,02:20:22,0.00,2.97,61.20,949.54,164
1/31/2014 02:20:52,1/31/2014,02:20:52,0.00,2.95,61.29,949.55,163
1/31/2014 02:21:22,1/31/2014,02:21:22,0.00,2.95,61.40,949.55,178
1/31/2014 02:21:52,1/31/2014,02:21:52,0.00,2.95,61.50,949.55,177
1/31/2014 02:22:22,1/31/2014,02:22:22,0.00,2.95,61.59,949.55,180
1/31/2014 02:22:52,1/31/2014,02:22:52,0.00,2.95,61.70,949.55,180
1/31/2014 02:23:22,1/31/2014,02:23:22,0.00,2.95,61.79,949.55,184
1/31/2014 02:23:52,1/31/2014,02:23:52,0.00,2.95,61.79,949.55,200
1/31/2014 02:24:22,1/31/2014,02:24:22,0.00,2.95,61.79,949.54,198
1/31/2014 02:24:52,1/31/2014,02:24:52,0.00,2.95,61.79,949.55,190
1/31/2014 02:25:22,1/31/2014,02:25:22,0.00,2.95,61.70,949.52,178
1/31/2014 02:25:52,1/31/2014,02:25:52,0.00,2.95,61.70,949.54,212
1/31/2014 02:26:22,1/31/2014,02:26:22,0.00,2.97,61.70,949.53,186
1/31/2014 02:26:52,1/31/2014,02:26:52,0.00,2.95,61.59,949.55,188
1/31/2014 02:27:22,1/31/2014,02:27:22,0.00,2.95,61.59,949.54,194
1/31/2014 02:27:52,1/31/2014,02:27:52,0.00,2.95,61.59,949.55,201
1/31/2014 02:28:22,1/31/2014,02:28:22,0.00,2.95,61.50,949.57,208
1/31/2014 02:28:52,1/31/2014,02:28:52,0.00,2.97,61.50,949.55,293
1/31/2014 02:29:22,1/31/2014,02:29:22,0.00,2.95,61.50,949.57,212
1/31/2014 02:29:52,1/31/2014,02:29:52,0.00,2.95,61.50,949.57,216
1/31/2014 02:30:22,1/31/2014,02:30:22,0.00,2.95,61.50,949.55,309
1/31/2014 02:30:52,1/31/2014,02:30:52,0.00,2.97,61.50,949.57,152
1/31/2014 02:31:22,1/31/2014,02:31:22,0.00,2.95,61.50,949.58,173
1/31/2014 02:31:52,1/31/2014,02:31:52,0.00,2.95,61.40,949.55,173
1/31/2014 02:32:22,1/31/2014,02:32:22,0.00,2.95,61.40,949.55,172
1/31/2014 02:32:52,1/31/2014,02:32:52,0.00,2.95,61.40,949.55,174
1/31/2014 02:33:22,1/31/2014,02:33:22,0.00,2.95,61.40,949.53,115
1/31/2014 02:33:52,1/31/2014,02:33:52,0.00,2.95,61.29,949.51,125
1/31/2014 02:34:22,1/31/2014,02:34:22,0.00,2.95,61.29,949.52,155
1/31/2014 02:34:52,1/31/2014,02:34:52,0.00,2.95,61.29,949.51,200
1/31/2014 02:35:22,1/31/2014,02:35:22,0.00,2.95,61.20,949.50,191
1/31/2014 02:35:52,1/31/2014,02:35:52,0.00,2.95,61.20,949.52,169
1/31/2014 02:36:22,1/31/2014,02:36:22,0.00,2.95,61.20,949.52,169
1/31/2014 02:36:52,1/31/2014,02:36:52,0.00,2.95,61.20,949.51,169
1/31/2014 02:37:22,1/31/2014,02:37:22,0.00,2.95,61.20,949.50,165
1/31/2014 02:37:52,1/31/2014,02:37:52,0.00,2.95,61.20,949.49,145
1/31/2014 02:38:22,1/31/2014,02:38:22,0.00,2.95,61.29,949.51,142
1/31/2014 02:38:52,1/31/2014,02:38:52,0.00,2.95,61.20,949.51,138
1/31/2014 02:39:22,1/31/2014,02:39:22,0.00,2.95,61.20,949.51,138
1/31/2014 02:39:52,1/31/2014,02:39:52,0.00,2.95,61.20,949.52,138
1/31/2014 02:40:22,1/31/2014,02:40:22,0.00,2.95,61.09,949.53,141
1/31/2014 02:40:52,1/31/2014,02:40:52,0.00,2.95,61.09,949.53,141
1/31/2014 02:41:22,1/31/2014,02:41:22,0.00,2.95,61.00,949.55,142
1/31/2014 02:41:52,1/31/2014,02:41:52,0.00,2.95,60.90,949.55,142
1/31/2014 02:42:22,1/31/2014,02:42:22,0.00,2.95,60.90,949.55,142
1/31/2014 02:42:52,1/31/2014,02:42:52,0.00,2.95,60.90,949.54,141
1/31/2014 02:43:22,1/31/2014,02:43:22,0.00,2.95,61.00,949.53,159
1/31/2014 02:43:52,1/31/2014,02:43:52,0.00,2.95,61.00,949.51,166
1/31/2014 02:44:22,1/31/2014,02:44:22,0.00,2.95,61.00,949.50,166
1/31/2014 02:44:52,1/31/2014,02:44:52,0.00,2.95,61.00,949.50,165
1/31/2014 02:45:22,1/31/2014,02:45:22,0.00,2.95,61.00,949.49,99
1/31/2014 02:45:52,1/31/2014,02:45:52,0.00,2.95,61.09,949.49,16
1/31/2014 02:46:22,1/31/2014,02:46:22,0.00,2.95,61.20,949.44,18
1/31/2014 02:46:52,1/31/2014,02:46:52,0.00,2.95,61.29,949.43,74
1/31/2014 02:47:22,1/31/2014,02:47:22,0.00,2.95,61.40,949.43,82
1/31/2014 02:47:52,1/31/2014,02:47:52,0.00,2.95,61.40,949.44,102
1/31/2014 02:48:22,1/31/2014,02:48:22,0.00,2.95,61.29,949.45,110
1/31/2014 02:48:52,1/31/2014,02:48:52,0.00,2.95,61.20,949.46,110
1/31/2014 02:49:22,1/31/2014,02:49:22,0.00,2.95,61.09,949.46,110
1/31/2014 02:49:52,1/31/2014,02:49:52,0.00,2.95,61.09,949.44,123
1/31/2014 02:50:22,1/31/2014,02:50:22,0.00,2.95,61.09,949.44,152
1/31/2014 02:50:52,1/31/2014,02:50:52,0.00,2.95,61.09,949.46,194
1/31/2014 02:51:22,1/31/2014,02:51:22,0.00,2.95,61.09,949.47,194
1/31/2014 02:51:52,1/31/2014,02:51:52,0.00,2.95,61.09,949.46,191
1/31/2014 02:52:22,1/31/2014,02:52:22,0.00,2.95,61.09,949.47,173
1/31/2014 02:52:52,1/31/2014,02:52:52,0.00,2.95,61.09,949.50,170
1/31/2014 02:53:22,1/31/2014,02:53:22,0.00,2.95,61.09,949.49,170
1/31/2014 02:53:52,1/31/2014,02:53:52,0.00,2.95,61.09,949.50,170
1/31/2014 02:54:22,1/31/2014,02:54:22,0.00,2.95,61.09,949.51,171
1/31/2014 02:54:52,1/31/2014,02:54:52,0.00,2.95,61.09,949.51,218
1/31/2014 02:55:22,1/31/2014,02:55:22,0.00,2.95,61.09,949.52,235
1/31/2014 02:55:52,1/31/2014,02:55:52,0.00,2.95,61.09,949.53,271
1/31/2014 02:56:22,1/31/2014,02:56:22,0.00,2.97,61.20,949.53,271
1/31/2014 02:56:52,1/31/2014,02:56:52,0.00,2.95,61.20,949.54,271
1/31/2014 02:57:22,1/31/2014,02:57:22,0.00,2.95,61.29,949.53,271
1/31/2014 02:57:52,1/31/2014,02:57:52,0.00,2.97,61.29,949.55,304
1/31/2014 02:58:22,1/31/2014,02:58:22,0.00,2.95,61.29,949.54,317
1/31/2014 02:58:52,1/31/2014,02:58:52,0.00,2.95,61.29,949.55,317
1/31/2014 02:59:22,1/31/2014,02:59:22,0.00,2.95,61.29,949.54,330
1/31/2014 02:59:52,1/31/2014,02:59:52,0.00,2.97,61.29,949.53,330
1/31/2014 03:00:22,1/31/2014,03:00:22,0.00,2.97,61.40,949.53,330
1/31/2014 03:00:52,1/31/2014,03:00:52,0.00,2.95,61.40,949.53,330
1/31/2014 03:01:22,1/31/2014,03:01:22,0.00,2.95,61.40,949.53,330
1/31/2014 03:01:52,1/31/2014,03:01:52,0.00,2.97,61.40,949.54,310
1/31/2014 03:02:22,1/31/2014,03:02:22,0.00,2.97,61.50,949.54,293
1/31/2014 03:02:52,1/31/2014,03:02:52,0.00,2.97,61.59,949.54,309
1/31/2014 03:03:22,1/31/2014,03:03:22,0.00,2.97,61.59,949.53,303
1/31/2014 03:03:52,1/31/2014,03:03:52,0.00,2.95,61.59,949.52,296
1/31/2014 03:04:22,1/31/2014,03:04:22,0.00,2.95,61.50,949.49,303
1/31/2014 03:04:52,1/31/2014,03:04:52,0.00,2.95,61.40,949.47,307
1/31/2014 03:05:22,1/31/2014,03:05:22,0.00,2.95,61.40,949.45,310
1/31/2014 03:05:52,1/31/2014,03:05:52,0.00,2.95,61.29,949.43,310
1/31/2014 03:06:22,1/31/2014,03:06:22,0.00,2.95,61.29,949.42,310
1/31/2014 03:06:52,1/31/2014,03:06:52,0.00,2.95,61.29,949.43,324
1/31/2014 03:07:22,1/31/2014,03:07:22,0.00,2.95,61.40,949.42,324
1/31/2014 03:07:52,1/31/2014,03:07:52,0.00,2.95,61.40,949.41,324
1/31/2014 03:08:22,1/31/2014,03:08:22,0.00,2.97,61.50,949.42,324
1/31/2014 03:08:52,1/31/2014,03:08:52,0.00,2.95,61.50,949.43,324
1/31/2014 03:09:22,1/31/2014,03:09:22,0.00,2.95,61.59,949.43,324
1/31/2014 03:09:52,1/31/2014,03:09:52,0.00,2.97,61.59,949.44,325
1/31/2014 03:10:22,1/31/2014,03:10:22,0.00,2.95,61.70,949.44,339
1/31/2014 03:10:52,1/31/2014,03:10:52,0.00,2.95,61.70,949.46,339
1/31/2014 03:11:22,1/31/2014,03:11:22,0.00,2.95,61.70,949.45,340
1/31/2014 03:11:52,1/31/2014,03:11:52,0.00,2.97,61.70,949.43,340
1/31/2014 03:12:22,1/31/2014,03:12:22,0.00,2.95,61.70,949.43,340
1/31/2014 03:12:52,1/31/2014,03:12:52,0.00,2.95,61.70,949.42,337
1/31/2014 03:13:22,1/31/2014,03:13:22,0.00,2.97,61.70,949.41,296
1/31/2014 03:13:52,1/31/2014,03:13:52,0.00,2.97,61.79,949.41,294
1/31/2014 03:14:22,1/31/2014,03:14:22,0.00,2.97,61.79,949.37,294
1/31/2014 03:14:52,1/31/2014,03:14:52,0.00,2.97,61.90,949.36,295
1/31/2014 03:15:22,1/31/2014,03:15:22,0.00,2.97,61.90,949.34,295
1/31/2014 03:15:52,1/31/2014,03:15:52,0.00,2.97,62.00,949.30,294
1/31/2014 03:16:22,1/31/2014,03:16:22,0.00,2.97,62.00,949.27,287
1/31/2014 03:16:52,1/31/2014,03:16:52,0.00,2.95,62.00,949.24,289
1/31/2014 03:17:22,1/31/2014,03:17:22,0.00,2.95,61.90,949.22,291
1/31/2014 03:17:52,1/31/2014,03:17:52,0.00,2.95,61.90,949.19,117
1/31/2014 03:18:22,1/31/2014,03:18:22,0.00,2.95,61.90,949.17,117
1/31/2014 03:18:52,1/31/2014,03:18:52,0.00,2.95,61.90,949.17,108
1/31/2014 03:19:22,1/31/2014,03:19:22,0.00,2.95,61.90,949.13,92
1/31/2014 03:19:52,1/31/2014,03:19:52,0.00,2.95,61.79,949.12,93
1/31/2014 03:20:22,1/31/2014,03:20:22,0.00,2.95,61.79,949.12,92
1/31/2014 03:20:52,1/31/2014,03:20:52,0.00,2.95,61.79,949.09,93
1/31/2014 03:21:22,1/31/2014,03:21:22,0.00,2.95,61.79,949.08,108
1/31/2014 03:21:52,1/31/2014,03:21:52,0.00,2.95,61.79,949.06,108
1/31/2014 03:22:22,1/31/2014,03:22:22,0.00,2.95,61.79,949.04,107
1/31/2014 03:22:52,1/31/2014,03:22:52,0.00,2.95,61.90,949.04,108
1/31/2014 03:23:22,1/31/2014,03:23:22,0.00,2.95,61.90,949.02,113
1/31/2014 03:23:52,1/31/2014,03:23:52,0.00,2.95,62.00,949.01,114
1/31/2014 03:24:22,1/31/2014,03:24:22,0.00,2.95,62.09,949.02,116
1/31/2014 03:24:52,1/31/2014,03:24:52,0.00,2.95,62.09,949.03,116
1/31/2014 03:25:22,1/31/2014,03:25:22,0.00,2.90,62.20,949.04,116
1/31/2014 03:25:52,1/31/2014,03:25:52,0.00,2.95,62.09,949.04,116
1/31/2014 03:26:22,1/31/2014,03:26:22,0.00,2.95,62.09,949.04,118
1/31/2014 03:26:52,1/31/2014,03:26:52,0.00,2.95,62.09,949.03,119
1/31/2014 03:27:22,1/31/2014,03:27:22,0.00,2.95,62.09,949.03,119
1/31/2014 03:27:52,1/31/2014,03:27:52,0.00,2.95,62.09,949.02,118
1/31/2014 03:28:22,1/31/2014,03:28:22,0.00,2.90,62.09,948.98,116
1/31/2014 03:28:52,1/31/2014,03:28:52,0.00,2.95,62.09,948.97,119
1/31/2014 03:29:22,1/31/2014,03:29:22,0.00,2.90,62.00,948.95,121
1/31/2014 03:29:52,1/31/2014,03:29:52,0.00,2.95,62.00,948.95,147
1/31/2014 03:30:22,1/31/2014,03:30:22,0.00,2.95,61.90,948.94,172
1/31/2014 03:30:52,1/31/2014,03:30:52,0.00,2.95,61.79,948.92,180
1/31/2014 03:31:22,1/31/2014,03:31:22,0.00,2.95,61.79,948.93,179
1/31/2014 03:31:52,1/31/2014,03:31:52,0.00,2.95,61.70,948.94,180
1/31/2014 03:32:22,1/31/2014,03:32:22,0.00,2.95,61.59,948.95,142
1/31/2014 03:32:52,1/31/2014,03:32:52,0.00,2.90,61.59,948.95,159
1/31/2014 03:33:22,1/31/2014,03:33:22,0.00,2.95,61.59,948.96,158
1/31/2014 03:33:52,1/31/2014,03:33:52,0.00,2.95,61.59,948.96,158
1/31/2014 03:34:22,1/31/2014,03:34:22,0.00,2.95,61.59,948.96,158
1/31/2014 03:34:52,1/31/2014,03:34:52,0.00,2.95,61.59,948.97,187
1/31/2014 03:35:22,1/31/2014,03:35:22,0.00,2.95,61.59,948.95,179
1/31/2014 03:35:52,1/31/2014,03:35:52,0.00,2.95,61.50,948.94,174
1/31/2014 03:36:22,1/31/2014,03:36:22,0.00,2.95,61.40,948.93,156
1/31/2014 03:36:52,1/31/2014,03:36:52,0.00,2.95,61.59,948.92,228
1/31/2014 03:37:22,1/31/2014,03:37:22,0.00,2.95,61.50,948.87,182
1/31/2014 03:37:52,1/31/2014,03:37:52,0.00,2.95,61.40,948.86,162
1/31/2014 03:38:22,1/31/2014,03:38:22,0.00,2.97,61.29,948.85,172
1/31/2014 03:38:52,1/31/2014,03:38:52,0.00,2.97,61.20,948.85,170
1/31/2014 03:39:22,1/31/2014,03:39:22,0.00,3.02,61.20,948.82,176
1/31/2014 03:39:52,1/31/2014,03:39:52,0.00,2.97,61.29,948.82,152
1/31/2014 03:40:22,1/31/2014,03:40:22,0.00,2.95,61.29,948.84,164
1/31/2014 03:40:52,1/31/2014,03:40:52,0.00,3.02,61.29,948.85,173
1/31/2014 03:41:22,1/31/2014,03:41:22,0.00,2.95,61.29,948.86,150
1/31/2014 03:41:52,1/31/2014,03:41:52,0.00,2.97,61.29,948.87,144
1/31/2014 03:42:22,1/31/2014,03:42:22,0.00,2.97,61.29,948.86,202
1/31/2014 03:42:52,1/31/2014,03:42:52,0.00,2.95,61.29,948.87,202
1/31/2014 03:43:22,1/31/2014,03:43:22,0.00,2.97,61.29,948.88,174
1/31/2014 03:43:52,1/31/2014,03:43:52,0.00,2.97,61.29,948.86,118
1/31/2014 03:44:22,1/31/2014,03:44:22,0.00,2.97,61.09,948.85,148
1/31/2014 03:44:52,1/31/2014,03:44:52,0.00,2.97,61.09,948.85,142
1/31/2014 03:45:22,1/31/2014,03:45:22,0.00,3.02,61.00,948.84,165
1/31/2014 03:45:52,1/31/2014,03:45:52,0.00,2.97,60.90,948.85,160
1/31/2014 03:46:22,1/31/2014,03:46:22,0.00,3.02,60.90,948.81,132
1/31/2014 03:46:52,1/31/2014,03:46:52,1.12,3.02,60.79,948.73,138
1/31/2014 03:47:22,1/31/2014,03:47:22,0.91,3.02,60.79,948.77,187
1/31/2014 03:47:52,1/31/2014,03:47:52,0.66,3.02,60.90,948.75,177
1/31/2014 03:48:22,1/31/2014,03:48:22,0.00,3.02,60.90,948.79,164
1/31/2014 03:48:52,1/31/2014,03:48:52,0.00,3.02,60.90,948.84,186
1/31/2014 03:49:22,1/31/2014,03:49:22,0.88,3.02,60.90,948.77,164
1/31/2014 03:49:52,1/31/2014,03:49:52,0.52,3.02,60.90,948.80,179
1/31/2014 03:50:22,1/31/2014,03:50:22,0.72,3.02,60.90,948.82,227
1/31/2014 03:50:52,1/31/2014,03:50:52,0.93,3.02,60.79,948.80,174
1/31/2014 03:51:22,1/31/2014,03:51:22,0.09,3.02,60.70,948.85,178
1/31/2014 03:51:52,1/31/2014,03:51:52,0.00,3.02,60.79,948.86,189
1/31/2014 03:52:22,1/31/2014,03:52:22,0.00,3.02,60.79,948.85,344
1/31/2014 03:52:52,1/31/2014,03:52:52,0.00,3.02,60.79,948.84,182
1/31/2014 03:53:22,1/31/2014,03:53:22,0.00,3.02,60.70,948.84,168
1/31/2014 03:53:52,1/31/2014,03:53:52,0.00,3.02,60.70,948.81,172
1/31/2014 03:54:22,1/31/2014,03:54:22,0.00,3.02,60.70,948.82,189
1/31/2014 03:54:52,1/31/2014,03:54:52,0.15,3.02,60.70,948.79,160
1/31/2014 03:55:22,1/31/2014,03:55:22,0.00,3.02,60.70,948.79,185
1/31/2014 03:55:52,1/31/2014,03:55:52,0.00,3.02,60.79,948.79,202
1/31/2014 03:56:22,1/31/2014,03:56:22,0.00,3.02,60.70,948.79,170
1/31/2014 03:56:52,1/31/2014,03:56:52,0.00,3.02,60.70,948.80,196
1/31/2014 03:57:22,1/31/2014,03:57:22,0.00,3.02,60.70,948.80,181
1/31/2014 03:57:52,1/31/2014,03:57:52,0.00,3.02,60.70,948.81,202
1/31/2014 03:58:22,1/31/2014,03:58:22,0.00,3.02,60.70,948.81,208
1/31/2014 03:58:52,1/31/2014,03:58:52,0.00,3.02,60.70,948.82,245
1/31/2014 03:59:22,1/31/2014,03:59:22,0.00,3.02,60.70,948.84,304
1/31/2014 03:59:52,1/31/2014,03:59:52,0.00,3.02,60.70,948.82,304
1/31/2014 04:00:22,1/31/2014,04:00:22,0.00,3.02,60.79,948.84,191
1/31/2014 04:00:52,1/31/2014,04:00:52,0.19,2.97,60.50,948.79,199
1/31/2014 04:01:22,1/31/2014,04:01:22,0.00,3.02,60.40,948.80,199
1/31/2014 04:01:52,1/31/2014,04:01:52,0.00,3.02,60.40,948.81,204
1/31/2014 04:02:22,1/31/2014,04:02:22,0.00,3.02,60.40,948.81,332
1/31/2014 04:02:52,1/31/2014,04:02:52,0.00,3.02,60.40,948.81,210
1/31/2014 04:03:22,1/31/2014,04:03:22,0.00,3.02,60.50,948.80,188
1/31/2014 04:03:52,1/31/2014,04:03:52,0.00,3.02,60.50,948.79,285
1/31/2014 04:04:22,1/31/2014,04:04:22,0.00,2.97,60.59,948.78,285
1/31/2014 04:04:52,1/31/2014,04:04:52,0.00,2.97,60.59,948.78,200
1/31/2014 04:05:22,1/31/2014,04:05:22,0.00,3.02,60.59,948.76,201
1/31/2014 04:05:52,1/31/2014,04:05:52,0.00,3.02,60.59,948.75,201
1/31/2014 04:06:22,1/31/2014,04:06:22,0.00,3.02,60.50,948.72,206
1/31/2014 04:06:52,1/31/2014,04:06:52,0.00,3.02,60.50,948.70,205
1/31/2014 04:07:22,1/31/2014,04:07:22,0.00,3.02,60.50,948.65,205
1/31/2014 04:07:52,1/31/2014,04:07:52,0.00,2.97,60.50,948.63,205
1/31/2014 04:08:22,1/31/2014,04:08:22,0.00,3.02,60.50,948.59,222
1/31/2014 04:08:52,1/31/2014,04:08:52,0.00,2.97,60.50,948.56,286
1/31/2014 04:09:22,1/31/2014,04:09:22,0.00,2.97,60.50,948.54,323
1/31/2014 04:09:52,1/31/2014,04:09:52,0.00,3.02,60.50,948.49,323
1/31/2014 04:10:22,1/31/2014,04:10:22,0.00,2.97,60.70,948.46,323
1/31/2014 04:10:52,1/31/2014,04:10:52,0.00,2.97,60.79,948.45,324
1/31/2014 04:11:22,1/31/2014,04:11:22,0.00,2.95,60.90,948.43,322
1/31/2014 04:11:52,1/31/2014,04:11:52,0.00,2.97,60.90,948.39,324
1/31/2014 04:12:22,1/31/2014,04:12:22,0.00,2.97,60.90,948.38,324
1/31/2014 04:12:52,1/31/2014,04:12:52,0.00,2.95,60.90,948.37,324
1/31/2014 04:13:22,1/31/2014,04:13:22,0.00,2.95,61.00,948.38,324
1/31/2014 04:13:52,1/31/2014,04:13:52,0.00,2.95,60.90,948.38,323
1/31/2014 04:14:22,1/31/2014,04:14:22,0.00,2.95,61.00,948.38,323
1/31/2014 04:14:52,1/31/2014,04:14:52,0.00,2.95,61.00,948.39,323
1/31/2014 04:15:22,1/31/2014,04:15:22,0.00,2.95,61.00,948.38,323
1/31/2014 04:15:52,1/31/2014,04:15:52,0.00,2.97,61.00,948.37,323
1/31/2014 04:16:22,1/31/2014,04:16:22,0.00,2.95,61.09,948.37,324
1/31/2014 04:16:52,1/31/2014,04:16:52,0.00,2.95,61.20,948.38,324
1/31/2014 04:17:22,1/31/2014,04:17:22,0.00,2.95,61.09,948.38,325
1/31/2014 04:17:52,1/31/2014,04:17:52,0.00,2.97,61.00,948.41,325
1/31/2014 04:18:22,1/31/2014,04:18:22,0.00,2.97,61.00,948.41,335
1/31/2014 04:18:52,1/31/2014,04:18:52,0.00,2.95,60.90,948.43,339
1/31/2014 04:19:22,1/31/2014,04:19:22,0.00,2.95,60.79,948.43,340
1/31/2014 04:19:52,1/31/2014,04:19:52,0.00,2.97,60.70,948.45,340
1/31/2014 04:20:22,1/31/2014,04:20:22,0.00,3.02,60.70,948.46,340
1/31/2014 04:20:52,1/31/2014,04:20:52,0.00,2.97,60.70,948.48,341
1/31/2014 04:21:22,1/31/2014,04:21:22,0.00,2.97,60.79,948.51,341
1/31/2014 04:21:52,1/31/2014,04:21:52,0.00,2.97,60.79,948.49,342
1/31/2014 04:22:22,1/31/2014,04:22:22,0.00,2.97,60.79,948.51,354
1/31/2014 04:22:52,1/31/2014,04:22:52,0.00,3.02,60.79,948.49,6
1/31/2014 04:23:22,1/31/2014,04:23:22,0.00,2.97,60.79,948.48,32
1/31/2014 04:23:52,1/31/2014,04:23:52,0.00,3.02,60.79,948.48,31
1/31/2014 04:24:22,1/31/2014,04:24:22,0.00,2.97,60.90,948.46,34
1/31/2014 04:24:52,1/31/2014,04:24:52,0.00,3.02,61.00,948.46,34
1/31/2014 04:25:22,1/31/2014,04:25:22,0.00,2.95,61.09,948.43,53
1/31/2014 04:25:52,1/31/2014,04:25:52,0.00,2.95,61.20,948.40,71
1/31/2014 04:26:22,1/31/2014,04:26:22,0.00,2.95,61.20,948.38,73
1/31/2014 04:26:52,1/31/2014,04:26:52,0.00,2.95,61.29,948.38,72
1/31/2014 04:27:22,1/31/2014,04:27:22,0.00,2.95,61.40,948.36,70
1/31/2014 04:27:52,1/31/2014,04:27:52,0.00,2.95,61.40,948.35,65
1/31/2014 04:28:22,1/31/2014,04:28:22,0.00,2.95,61.40,948.35,65
1/31/2014 04:28:52,1/31/2014,04:28:52,0.00,2.95,61.40,948.35,65
1/31/2014 04:29:22,1/31/2014,04:29:22,0.00,2.95,61.50,948.35,55
1/31/2014 04:29:52,1/31/2014,04:29:52,0.00,2.95,61.50,948.37,50
1/31/2014 04:30:22,1/31/2014,04:30:22,0.00,2.95,61.59,948.40,50
1/31/2014 04:30:52,1/31/2014,04:30:52,0.00,2.95,61.70,948.44,346
1/31/2014 04:31:22,1/31/2014,04:31:22,0.00,2.95,61.70,948.44,276
1/31/2014 04:31:52,1/31/2014,04:31:52,0.00,2.95,61.79,948.45,318
1/31/2014 04:32:22,1/31/2014,04:32:22,0.00,2.95,61.79,948.46,319
1/31/2014 04:32:52,1/31/2014,04:32:52,0.00,2.95,61.70,948.48,321
1/31/2014 04:33:22,1/31/2014,04:33:22,0.00,2.95,61.70,948.49,321
1/31/2014 04:33:52,1/31/2014,04:33:52,0.00,2.95,61.70,948.51,305
1/31/2014 04:34:22,1/31/2014,04:34:22,0.00,2.95,61.79,948.51,291
1/31/2014 04:34:52,1/31/2014,04:34:52,0.00,2.95,61.79,948.52,303
1/31/2014 04:35:22,1/31/2014,04:35:22,0.00,2.95,61.79,948.52,310
1/31/2014 04:35:52,1/31/2014,04:35:52,0.00,2.95,61.79,948.49,310
1/31/2014 04:36:22,1/31/2014,04:36:22,0.00,2.95,61.79,948.48,310
1/31/2014 04:36:52,1/31/2014,04:36:52,0.00,2.95,61.79,948.47,309
1/31/2014 04:37:22,1/31/2014,04:37:22,0.00,2.95,61.79,948.48,50
1/31/2014 04:37:52,1/31/2014,04:37:52,0.00,2.95,61.79,948.47,97
1/31/2014 04:38:22,1/31/2014,04:38:22,0.00,2.95,61.79,948.44,97
1/31/2014 04:38:52,1/31/2014,04:38:52,0.00,2.95,61.79,948.41,93
1/31/2014 04:39:22,1/31/2014,04:39:22,0.00,2.95,61.79,948.40,82
1/31/2014 04:39:52,1/31/2014,04:39:52,0.00,2.90,61.70,948.41,74
1/31/2014 04:40:22,1/31/2014,04:40:22,0.00,2.95,61.59,948.40,74
1/31/2014 04:40:52,1/31/2014,04:40:52,0.00,2.95,61.59,948.40,69
1/31/2014 04:41:22,1/31/2014,04:41:22,0.00,2.95,61.50,948.40,55
1/31/2014 04:41:52,1/31/2014,04:41:52,0.00,2.95,61.50,948.40,55
1/31/2014 04:42:22,1/31/2014,04:42:22,0.00,2.95,61.50,948.40,55
1/31/2014 04:42:52,1/31/2014,04:42:52,0.00,2.90,61.50,948.40,55
1/31/2014 04:43:22,1/31/2014,04:43:22,0.00,2.95,61.50,948.40,55
1/31/2014 04:43:52,1/31/2014,04:43:52,0.00,2.95,61.50,948.39,296
1/31/2014 04:44:22,1/31/2014,04:44:22,0.00,2.95,61.50,948.38,296
1/31/2014 04:44:52,1/31/2014,04:44:52,0.00,2.95,61.59,948.35,296
1/31/2014 04:45:22,1/31/2014,04:45:22,0.00,2.95,61.50,948.36,114
1/31/2014 04:45:52,1/31/2014,04:45:52,0.00,2.95,61.59,948.35,114
1/31/2014 04:46:22,1/31/2014,04:46:22,0.00,2.95,61.50,948.36,100
1/31/2014 04:46:52,1/31/2014,04:46:52,0.00,2.95,61.50,948.36,101
1/31/2014 04:47:22,1/31/2014,04:47:22,0.00,2.95,61.40,948.37,100
1/31/2014 04:47:52,1/31/2014,04:47:52,0.00,2.95,61.50,948.38,97
1/31/2014 04:48:22,1/31/2014,04:48:22,0.00,2.95,61.50,948.40,97
1/31/2014 04:48:52,1/31/2014,04:48:52,0.00,2.95,61.59,948.41,97
1/31/2014 04:49:22,1/31/2014,04:49:22,0.00,2.95,61.59,948.40,97
1/31/2014 04:49:52,1/31/2014,04:49:52,0.00,2.95,61.70,948.40,113
1/31/2014 04:50:22,1/31/2014,04:50:22,0.00,2.95,61.70,948.40,118
1/31/2014 04:50:52,1/31/2014,04:50:52,0.00,2.95,61.70,948.40,117
1/31/2014 04:51:22,1/31/2014,04:51:22,0.00,2.95,61.79,948.38,118
1/31/2014 04:51:52,1/31/2014,04:51:52,0.00,2.95,61.90,948.35,117
1/31/2014 04:52:22,1/31/2014,04:52:22,0.00,2.95,61.90,948.34,123
1/31/2014 04:52:52,1/31/2014,04:52:52,0.00,2.95,61.90,948.31,116
1/31/2014 04:53:22,1/31/2014,04:53:22,0.00,2.95,61.90,948.28,105
1/31/2014 04:53:52,1/31/2014,04:53:52,0.00,2.95,61.90,948.27,103
1/31/2014 04:54:22,1/31/2014,04:54:22,0.00,2.95,61.90,948.24,121
1/31/2014 04:54:52,1/31/2014,04:54:52,0.00,2.95,61.90,948.22,118
1/31/2014 04:55:22,1/31/2014,04:55:22,0.00,2.90,61.90,948.22,107
1/31/2014 04:55:52,1/31/2014,04:55:52,0.00,2.90,61.90,948.21,100
1/31/2014 04:56:22,1/31/2014,04:56:22,0.00,2.90,61.90,948.19,100
1/31/2014 04:56:52,1/31/2014,04:56:52,0.00,2.95,61.90,948.19,100
1/31/2014 04:57:22,1/31/2014,04:57:22,0.00,2.90,61.90,948.19,100
1/31/2014 04:57:52,1/31/2014,04:57:52,0.00,2.90,62.00,948.19,100
1/31/2014 04:58:22,1/31/2014,04:58:22,0.00,2.87,62.00,948.19,100
1/31/2014 04:58:52,1/31/2014,04:58:52,0.00,2.87,62.00,948.20,100
1/31/2014 04:59:22,1/31/2014,04:59:22,0.00,2.87,62.00,948.20,102
1/31/2014 04:59:52,1/31/2014,04:59:52,0.00,2.87,62.00,948.23,110
1/31/2014 05:00:22,1/31/2014,05:00:22,0.00,2.87,62.00,948.24,102
1/31/2014 05:00:52,1/31/2014,05:00:52,0.00,2.87,61.90,948.27,107
1/31/2014 05:01:22,1/31/2014,05:01:22,0.00,2.95,61.79,948.29,106
1/31/2014 05:01:52,1/31/2014,05:01:52,0.00,2.90,61.70,948.30,106
1/31/2014 05:02:22,1/31/2014,05:02:22,0.00,2.90,61.70,948.31,106
1/31/2014 05:02:52,1/31/2014,05:02:52,0.00,2.90,61.70,948.32,58
1/31/2014 05:03:22,1/31/2014,05:03:22,0.00,2.90,61.70,948.35,58
1/31/2014 05:03:52,1/31/2014,05:03:52,0.00,2.90,61.70,948.34,60
1/31/2014 05:04:22,1/31/2014,05:04:22,0.00,2.90,61.70,948.35,58
1/31/2014 05:04:52,1/31/2014,05:04:52,0.00,2.95,61.59,948.38,62
1/31/2014 05:05:22,1/31/2014,05:05:22,0.00,2.90,61.59,948.39,74
1/31/2014 05:05:52,1/31/2014,05:05:52,0.00,2.95,61.50,948.41,120
1/31/2014 05:06:22,1/31/2014,05:06:22,0.00,2.95,61.50,948.43,122
1/31/2014 05:06:52,1/31/2014,05:06:52,0.00,2.95,61.50,948.43,123
1/31/2014 05:07:22,1/31/2014,05:07:22,0.00,2.95,61.50,948.43,123
1/31/2014 05:07:52,1/31/2014,05:07:52,0.00,2.95,61.50,948.46,123
1/31/2014 05:08:22,1/31/2014,05:08:22,0.00,2.95,61.50,948.49,123
1/31/2014 05:08:52,1/31/2014,05:08:52,0.00,2.95,61.50,948.52,122
1/31/2014 05:09:22,1/31/2014,05:09:22,0.00,2.95,61.50,948.55,123
1/31/2014 05:09:52,1/31/2014,05:09:52,0.00,2.95,61.50,948.56,123
1/31/2014 05:10:22,1/31/2014,05:10:22,0.00,2.95,61.50,948.61,122
1/31/2014 05:10:52,1/31/2014,05:10:52,0.00,2.95,61.50,948.64,122
1/31/2014 05:11:22,1/31/2014,05:11:22,0.00,2.95,61.50,948.68,122
1/31/2014 05:11:52,1/31/2014,05:11:52,0.00,2.95,61.50,948.67,122
1/31/2014 05:12:22,1/31/2014,05:12:22,0.00,2.95,61.50,948.68,122
1/31/2014 05:12:52,1/31/2014,05:12:52,0.00,2.95,61.59,948.68,78
1/31/2014 05:13:22,1/31/2014,05:13:22,0.00,2.95,61.50,948.65,74
1/31/2014 05:13:52,1/31/2014,05:13:52,0.00,2.97,61.59,948.62,38
1/31/2014 05:14:22,1/31/2014,05:14:22,0.00,2.97,61.59,948.60,37
1/31/2014 05:14:52,1/31/2014,05:14:52,0.00,2.97,61.70,948.57,38
1/31/2014 05:15:22,1/31/2014,05:15:22,0.00,2.95,61.70,948.57,38
1/31/2014 05:15:52,1/31/2014,05:15:52,0.00,2.97,61.70,948.56,37
1/31/2014 05:16:22,1/31/2014,05:16:22,0.00,2.95,61.70,948.57,38
1/31/2014 05:16:52,1/31/2014,05:16:52,0.00,2.95,61.70,948.56,38
1/31/2014 05:17:22,1/31/2014,05:17:22,0.00,3.02,61.79,948.56,38
1/31/2014 05:17:52,1/31/2014,05:17:52,0.00,2.97,61.79,948.57,39
1/31/2014 05:18:22,1/31/2014,05:18:22,0.00,2.97,61.79,948.59,39
1/31/2014 05:18:52,1/31/2014,05:18:52,0.00,2.97,61.79,948.60,27
1/31/2014 05:19:22,1/31/2014,05:19:22,0.00,2.97,61.79,948.59,359
1/31/2014 05:19:52,1/31/2014,05:19:52,0.00,2.97,61.79,948.61,359
1/31/2014 05:20:22,1/31/2014,05:20:22,0.00,3.02,61.90,948.60,359
1/31/2014 05:20:52,1/31/2014,05:20:52,0.00,3.02,61.90,948.60,0
1/31/2014 05:21:22,1/31/2014,05:21:22,0.00,3.02,61.90,948.57,0
1/31/2014 05:21:52,1/31/2014,05:21:52,0.00,3.02,61.90,948.56,0
1/31/2014 05:22:22,1/31/2014,05:22:22,0.00,3.02,61.90,948.55,0
1/31/2014 05:22:52,1/31/2014,05:22:52,0.00,3.02,61.90,948.53,0
1/31/2014 05:23:22,1/31/2014,05:23:22,0.00,3.02,62.00,948.52,25
1/31/2014 05:23:52,1/31/2014,05:23:52,0.00,3.02,61.90,948.49,55
1/31/2014 05:24:22,1/31/2014,05:24:22,0.00,2.97,61.90,948.47,38
1/31/2014 05:24:52,1/31/2014,05:24:52,0.00,2.95,61.90,948.47,50
1/31/2014 05:25:22,1/31/2014,05:25:22,0.00,2.97,61.90,948.44,52
1/31/2014 05:25:52,1/31/2014,05:25:52,0.00,2.95,61.90,948.40,75
1/31/2014 05:26:22,1/31/2014,05:26:22,0.00,2.95,61.79,948.40,82
1/31/2014 05:26:52,1/31/2014,05:26:52,0.00,2.95,61.79,948.40,59
1/31/2014 05:27:22,1/31/2014,05:27:22,0.00,2.95,61.79,948.38,60
1/31/2014 05:27:52,1/31/2014,05:27:52,0.00,2.95,61.79,948.37,100
1/31/2014 05:28:22,1/31/2014,05:28:22,0.00,2.95,61.79,948.37,101
1/31/2014 05:28:52,1/31/2014,05:28:52,0.00,2.95,61.79,948.37,103
1/31/2014 05:29:22,1/31/2014,05:29:22,0.00,2.95,61.79,948.37,80
1/31/2014 05:29:52,1/31/2014,05:29:52,0.00,2.95,61.79,948.36,88
1/31/2014 05:30:22,1/31/2014,05:30:22,0.00,2.95,61.79,948.37,123
1/31/2014 05:30:52,1/31/2014,05:30:52,0.00,2.95,61.70,948.35,108
1/31/2014 05:31:22,1/31/2014,05:31:22,0.00,2.95,61.70,948.34,107
1/31/2014 05:31:52,1/31/2014,05:31:52,0.00,2.95,61.59,948.34,108
1/31/2014 05:32:22,1/31/2014,05:32:22,0.00,2.95,61.70,948.30,36
1/31/2014 05:32:52,1/31/2014,05:32:52,0.00,2.95,61.70,948.27,29
1/31/2014 05:33:22,1/31/2014,05:33:22,0.00,2.95,61.70,948.26,143
1/31/2014 05:33:52,1/31/2014,05:33:52,0.00,2.97,61.70,948.24,156
1/31/2014 05:34:22,1/31/2014,05:34:22,0.00,2.95,61.70,948.22,210
1/31/2014 05:34:52,1/31/2014,05:34:52,0.00,2.95,61.70,948.21,210
1/31/2014 05:35:22,1/31/2014,05:35:22,0.00,2.95,61.70,948.22,211
1/31/2014 05:35:52,1/31/2014,05:35:52,0.00,2.95,61.70,948.22,89
1/31/2014 05:36:22,1/31/2014,05:36:22,0.00,2.95,61.70,948.22,157
1/31/2014 05:36:52,1/31/2014,05:36:52,0.00,2.95,61.70,948.20,163
1/31/2014 05:37:22,1/31/2014,05:37:22,0.00,2.95,61.70,948.19,158
1/31/2014 05:37:52,1/31/2014,05:37:52,0.00,2.95,61.79,948.19,138
1/31/2014 05:38:22,1/31/2014,05:38:22,0.00,2.95,61.79,948.16,89
1/31/2014 05:38:52,1/31/2014,05:38:52,0.00,2.95,61.70,948.15,102
1/31/2014 05:39:22,1/31/2014,05:39:22,0.00,2.95,61.79,948.13,155
1/31/2014 05:39:52,1/31/2014,05:39:52,0.00,2.95,61.79,948.12,192
1/31/2014 05:40:22,1/31/2014,05:40:22,0.00,2.95,61.79,948.10,127
1/31/2014 05:40:52,1/31/2014,05:40:52,0.00,2.95,61.79,948.06,75
1/31/2014 05:41:22,1/31/2014,05:41:22,0.00,2.90,61.79,948.06,64
1/31/2014 05:41:52,1/31/2014,05:41:52,0.00,2.90,61.90,948.04,59
1/31/2014 05:42:22,1/31/2014,05:42:22,0.00,2.90,61.90,948.01,63
1/31/2014 05:42:52,1/31/2014,05:42:52,0.00,2.87,61.90,948.01,72
1/31/2014 05:43:22,1/31/2014,05:43:22,0.00,2.87,61.90,947.96,108
1/31/2014 05:43:52,1/31/2014,05:43:52,0.00,2.87,61.90,947.93,79
1/31/2014 05:44:22,1/31/2014,05:44:22,0.00,2.87,61.90,947.91,60
1/31/2014 05:44:52,1/31/2014,05:44:52,0.00,2.87,61.90,947.90,60
1/31/2014 05:45:22,1/31/2014,05:45:22,0.00,2.87,62.00,947.90,65
1/31/2014 05:45:52,1/31/2014,05:45:52,0.00,2.82,62.00,947.90,58
1/31/2014 05:46:22,1/31/2014,05:46:22,0.00,2.82,62.09,947.90,107
1/31/2014 05:46:52,1/31/2014,05:46:52,0.00,2.82,62.09,947.94,94
1/31/2014 05:47:22,1/31/2014,05:47:22,0.00,2.79,62.20,947.91,91
1/31/2014 05:47:52,1/31/2014,05:47:52,0.00,2.79,62.20,947.93,58
1/31/2014 05:48:22,1/31/2014,05:48:22,0.00,2.79,62.29,947.94,72
1/31/2014 05:48:52,1/31/2014,05:48:52,0.00,2.79,62.29,947.94,92
1/31/2014 05:49:22,1/31/2014,05:49:22,0.00,2.75,62.29,947.94,92
1/31/2014 05:49:52,1/31/2014,05:49:52,0.00,2.75,62.40,947.96,92
1/31/2014 05:50:22,1/31/2014,05:50:22,0.00,2.70,62.40,947.96,55
1/31/2014 05:50:52,1/31/2014,05:50:52,0.00,2.70,62.40,947.97,60
1/31/2014 05:51:22,1/31/2014,05:51:22,0.00,2.70,62.50,947.97,65
1/31/2014 05:51:52,1/31/2014,05:51:52,0.00,2.70,62.50,947.98,84
1/31/2014 05:52:22,1/31/2014,05:52:22,0.00,2.70,62.50,947.99,82
1/31/2014 05:52:52,1/31/2014,05:52:52,0.00,2.67,62.50,948.01,82
1/31/2014 05:53:22,1/31/2014,05:53:22,0.00,2.67,62.59,948.02,64
1/31/2014 05:53:52,1/31/2014,05:53:52,0.00,2.62,62.59,948.03,64
1/31/2014 05:54:22,1/31/2014,05:54:22,0.00,2.62,62.59,948.04,91
1/31/2014 05:54:52,1/31/2014,05:54:52,0.00,2.62,62.59,948.04,89
1/31/2014 05:55:22,1/31/2014,05:55:22,0.00,2.62,62.70,948.04,303
1/31/2014 05:55:52,1/31/2014,05:55:52,0.00,2.62,62.70,948.06,313
1/31/2014 05:56:22,1/31/2014,05:56:22,0.00,2.62,62.70,948.06,314
1/31/2014 05:56:52,1/31/2014,05:56:52,0.00,2.62,62.79,948.07,313
1/31/2014 05:57:22,1/31/2014,05:57:22,0.00,2.62,62.79,948.10,313
1/31/2014 05:57:52,1/31/2014,05:57:52,0.00,2.62,62.90,948.12,311
1/31/2014 05:58:22,1/31/2014,05:58:22,0.00,2.62,62.90,948.13,288
1/31/2014 05:58:52,1/31/2014,05:58:52,0.00,2.62,63.00,948.15,284
1/31/2014 05:59:22,1/31/2014,05:59:22,0.00,2.62,63.00,948.16,272
1/31/2014 05:59:52,1/31/2014,05:59:52,0.00,2.62,63.00,948.18,272
1/31/2014 06:00:22,1/31/2014,06:00:22,0.00,2.62,63.09,948.16,273
1/31/2014 06:00:52,1/31/2014,06:00:52,0.00,2.62,63.09,948.16,272
1/31/2014 06:01:22,1/31/2014,06:01:22,0.00,2.62,63.09,948.14,272
1/31/2014 06:01:52,1/31/2014,06:01:52,0.00,2.62,63.20,948.14,272
1/31/2014 06:02:22,1/31/2014,06:02:22,0.00,2.62,63.20,948.13,272
1/31/2014 06:02:52,1/31/2014,06:02:52,0.00,2.62,63.20,948.12,211
1/31/2014 06:03:22,1/31/2014,06:03:22,0.00,2.67,63.20,948.13,211
1/31/2014 06:03:52,1/31/2014,06:03:52,0.00,2.70,63.20,948.14,195
1/31/2014 06:04:22,1/31/2014,06:04:22,0.00,2.70,63.20,948.13,151
1/31/2014 06:04:52,1/31/2014,06:04:52,0.00,2.70,63.20,948.12,131
1/31/2014 06:05:22,1/31/2014,06:05:22,0.00,2.70,63.20,948.10,129
1/31/2014 06:05:52,1/31/2014,06:05:52,0.00,2.70,63.29,948.10,120
1/31/2014 06:06:22,1/31/2014,06:06:22,0.00,2.70,63.29,948.08,124
1/31/2014 06:06:52,1/31/2014,06:06:52,0.00,2.70,63.20,948.08,123
1/31/2014 06:07:22,1/31/2014,06:07:22,0.00,2.75,63.20,948.07,101
1/31/2014 06:07:52,1/31/2014,06:07:52,0.00,2.75,63.20,948.07,93
1/31/2014 06:08:22,1/31/2014,06:08:22,0.00,2.75,63.20,948.06,93
1/31/2014 06:08:52,1/31/2014,06:08:52,0.00,2.75,63.09,948.07,92
1/31/2014 06:09:22,1/31/2014,06:09:22,0.00,2.75,63.09,948.07,91
1/31/2014 06:09:52,1/31/2014,06:09:52,0.00,2.79,63.09,948.07,80
1/31/2014 06:10:22,1/31/2014,06:10:22,0.00,2.79,63.00,948.05,78
1/31/2014 06:10:52,1/31/2014,06:10:52,0.00,2.79,63.00,948.06,55
1/31/2014 06:11:22,1/31/2014,06:11:22,0.00,2.79,63.00,948.05,84
1/31/2014 06:11:52,1/31/2014,06:11:52,0.00,2.79,62.90,948.04,80
1/31/2014 06:12:22,1/31/2014,06:12:22,0.00,2.79,62.90,948.03,36
1/31/2014 06:12:52,1/31/2014,06:12:52,0.00,2.82,62.79,948.02,45
1/31/2014 06:13:22,1/31/2014,06:13:22,0.00,2.82,62.70,948.03,33
1/31/2014 06:13:52,1/31/2014,06:13:52,0.00,2.82,62.70,948.03,2
1/31/2014 06:14:22,1/31/2014,06:14:22,0.00,2.82,62.70,948.03,35
1/31/2014 06:14:52,1/31/2014,06:14:52,0.00,2.87,62.70,947.99,35
1/31/2014 06:15:22,1/31/2014,06:15:22,0.00,2.87,62.70,947.98,35
1/31/2014 06:15:52,1/31/2014,06:15:52,0.00,2.87,62.70,947.98,36
1/31/2014 06:16:22,1/31/2014,06:16:22,0.00,2.87,62.70,947.97,37
1/31/2014 06:16:52,1/31/2014,06:16:52,0.00,2.87,62.70,947.97,37
1/31/2014 06:17:22,1/31/2014,06:17:22,0.00,2.87,62.59,947.97,36
1/31/2014 06:17:52,1/31/2014,06:17:52,0.00,2.87,62.59,947.96,318
1/31/2014 06:18:22,1/31/2014,06:18:22,0.00,2.87,62.59,947.96,306
1/31/2014 06:18:52,1/31/2014,06:18:52,0.00,2.87,62.59,947.95,307
1/31/2014 06:19:22,1/31/2014,06:19:22,0.00,2.87,62.59,947.96,307
1/31/2014 06:19:52,1/31/2014,06:19:52,0.00,2.87,62.59,947.96,301
1/31/2014 06:20:22,1/31/2014,06:20:22,0.00,2.87,62.59,947.97,301
1/31/2014 06:20:52,1/31/2014,06:20:52,0.00,2.87,62.50,947.97,278
1/31/2014 06:21:22,1/31/2014,06:21:22,0.00,2.87,62.59,947.99,124
1/31/2014 06:21:52,1/31/2014,06:21:52,0.00,2.87,62.59,947.99,113
1/31/2014 06:22:22,1/31/2014,06:22:22,0.00,2.87,62.59,947.97,91
1/31/2014 06:22:52,1/31/2014,06:22:52,0.00,2.90,62.50,947.95,90
1/31/2014 06:23:22,1/31/2014,06:23:22,0.00,2.87,62.50,947.97,73
1/31/2014 06:23:52,1/31/2014,06:23:52,0.00,2.87,62.50,947.95,65
1/31/2014 06:24:22,1/31/2014,06:24:22,0.00,2.87,62.50,947.97,64
1/31/2014 06:24:52,1/31/2014,06:24:52,0.00,2.87,62.50,947.96,63
1/31/2014 06:25:22,1/31/2014,06:25:22,0.00,2.90,62.40,947.94,63
1/31/2014 06:25:52,1/31/2014,06:25:52,0.00,2.90,62.40,947.94,33
1/31/2014 06:26:22,1/31/2014,06:26:22,0.00,2.90,62.50,947.93,3
1/31/2014 06:26:52,1/31/2014,06:26:52,0.00,2.95,62.50,947.91,346
1/31/2014 06:27:22,1/31/2014,06:27:22,0.00,2.90,62.50,947.93,340
1/31/2014 06:27:52,1/31/2014,06:27:52,0.00,2.90,62.50,947.90,341
1/31/2014 06:28:22,1/31/2014,06:28:22,0.00,2.90,62.50,947.89,346
1/31/2014 06:28:52,1/31/2014,06:28:52,0.00,2.90,62.50,947.89,50
1/31/2014 06:29:22,1/31/2014,06:29:22,0.00,2.87,62.50,947.91,64
1/31/2014 06:29:52,1/31/2014,06:29:52,0.00,2.87,62.50,947.90,49
1/31/2014 06:30:22,1/31/2014,06:30:22,0.00,2.87,62.50,947.87,48
1/31/2014 06:30:52,1/31/2014,06:30:52,0.00,2.90,62.50,947.85,49
1/31/2014 06:31:22,1/31/2014,06:31:22,0.00,2.95,62.50,947.85,52
1/31/2014 06:31:52,1/31/2014,06:31:52,0.00,2.95,62.50,947.83,38
1/31/2014 06:32:22,1/31/2014,06:32:22,0.00,2.95,62.50,947.81,41
1/31/2014 06:32:52,1/31/2014,06:32:52,0.00,2.87,62.50,947.77,38
1/31/2014 06:33:22,1/31/2014,06:33:22,0.00,2.90,62.59,947.72,38
1/31/2014 06:33:52,1/31/2014,06:33:52,0.00,2.90,62.50,947.70,50
1/31/2014 06:34:22,1/31/2014,06:34:22,0.00,2.87,62.50,947.66,54
1/31/2014 06:34:52,1/31/2014,06:34:52,0.00,2.87,62.50,947.65,57
1/31/2014 06:35:22,1/31/2014,06:35:22,0.00,2.90,62.50,947.62,41
1/31/2014 06:35:52,1/31/2014,06:35:52,0.00,2.95,62.59,947.61,46
1/31/2014 06:36:22,1/31/2014,06:36:22,0.00,2.87,62.59,947.57,59
1/31/2014 06:36:52,1/31/2014,06:36:52,0.00,2.90,62.59,947.58,38
1/31/2014 06:37:22,1/31/2014,06:37:22,0.00,2.87,62.70,947.56,37
1/31/2014 06:37:52,1/31/2014,06:37:52,0.00,2.90,62.70,947.54,42
1/31/2014 06:38:22,1/31/2014,06:38:22,0.00,2.90,62.70,947.54,35
1/31/2014 06:38:52,1/31/2014,06:38:52,0.00,2.90,62.70,947.53,37
1/31/2014 06:39:22,1/31/2014,06:39:22,0.00,2.95,62.79,947.52,37
1/31/2014 06:39:52,1/31/2014,06:39:52,0.00,2.90,62.79,947.53,74
1/31/2014 06:40:22,1/31/2014,06:40:22,0.00,2.87,62.79,947.53,15
1/31/2014 06:40:52,1/31/2014,06:40:52,0.00,2.87,62.79,947.55,91
1/31/2014 06:41:22,1/31/2014,06:41:22,0.00,2.87,62.79,947.55,62
1/31/2014 06:41:52,1/31/2014,06:41:52,0.00,2.90,62.79,947.55,67
1/31/2014 06:42:22,1/31/2014,06:42:22,0.00,2.87,62.79,947.53,50
1/31/2014 06:42:52,1/31/2014,06:42:52,0.00,2.87,62.90,947.52,64
1/31/2014 06:43:22,1/31/2014,06:43:22,0.00,2.87,62.90,947.52,75
1/31/2014 06:43:52,1/31/2014,06:43:52,0.00,2.87,62.90,947.50,85
1/31/2014 06:44:22,1/31/2014,06:44:22,0.00,2.90,63.00,947.50,79
1/31/2014 06:44:52,1/31/2014,06:44:52,0.00,2.87,63.09,947.50,71
1/31/2014 06:45:22,1/31/2014,06:45:22,0.00,2.87,63.09,947.50,56
1/31/2014 06:45:52,1/31/2014,06:45:52,0.00,2.90,63.09,947.49,43
1/31/2014 06:46:22,1/31/2014,06:46:22,0.00,2.90,63.09,947.48,40
1/31/2014 06:46:52,1/31/2014,06:46:52,0.00,2.90,63.20,947.47,52
1/31/2014 06:47:22,1/31/2014,06:47:22,0.00,2.87,63.20,947.44,8
1/31/2014 06:47:52,1/31/2014,06:47:52,0.00,2.95,63.20,947.42,1
1/31/2014 06:48:22,1/31/2014,06:48:22,0.00,2.95,63.20,947.41,352
1/31/2014 06:48:52,1/31/2014,06:48:52,0.00,2.95,63.20,947.40,342
1/31/2014 06:49:22,1/31/2014,06:49:22,0.00,2.95,63.20,947.39,37
1/31/2014 06:49:52,1/31/2014,06:49:52,0.00,2.95,63.20,947.39,39
1/31/2014 06:50:22,1/31/2014,06:50:22,0.00,2.95,63.09,947.39,32
1/31/2014 06:50:52,1/31/2014,06:50:52,0.00,2.95,63.09,947.39,30
1/31/2014 06:51:22,1/31/2014,06:51:22,0.00,2.95,63.00,947.39,66
1/31/2014 06:51:52,1/31/2014,06:51:52,0.00,2.95,62.90,947.39,49
1/31/2014 06:52:22,1/31/2014,06:52:22,0.00,2.95,62.90,947.40,35
1/31/2014 06:52:52,1/31/2014,06:52:52,0.00,2.95,62.79,947.41,93
1/31/2014 06:53:22,1/31/2014,06:53:22,0.00,2.95,62.79,947.42,99
1/31/2014 06:53:52,1/31/2014,06:53:52,0.00,2.95,62.70,947.40,106
1/31/2014 06:54:22,1/31/2014,06:54:22,0.00,2.95,62.70,947.39,91
1/31/2014 06:54:52,1/31/2014,06:54:52,0.00,2.95,62.70,947.35,41
1/31/2014 06:55:22,1/31/2014,06:55:22,0.00,2.95,62.70,947.31,68
1/31/2014 06:55:52,1/31/2014,06:55:52,0.00,2.95,62.70,947.30,78
1/31/2014 06:56:22,1/31/2014,06:56:22,0.00,2.95,62.70,947.25,80
1/31/2014 06:56:52,1/31/2014,06:56:52,0.00,2.95,62.70,947.23,53
1/31/2014 06:57:22,1/31/2014,06:57:22,0.00,2.95,62.70,947.21,34
1/31/2014 06:57:52,1/31/2014,06:57:52,0.00,2.95,62.70,947.19,2
1/31/2014 06:58:22,1/31/2014,06:58:22,0.00,2.95,62.79,947.19,37
1/31/2014 06:58:52,1/31/2014,06:58:52,0.00,2.95,62.70,947.20,80
1/31/2014 06:59:22,1/31/2014,06:59:22,0.00,2.95,62.70,947.21,115
1/31/2014 06:59:52,1/31/2014,06:59:52,0.00,2.97,62.59,947.23,46
1/31/2014 07:00:22,1/31/2014,07:00:22,0.00,2.97,62.50,947.23,36
1/31/2014 07:00:52,1/31/2014,07:00:52,0.00,3.02,62.50,947.24,358
1/31/2014 07:01:22,1/31/2014,07:01:22,0.00,3.02,62.59,947.23,358
1/31/2014 07:01:52,1/31/2014,07:01:52,0.00,3.02,62.59,947.23,17
1/31/2014 07:02:22,1/31/2014,07:02:22,0.00,2.97,62.59,947.23,32
1/31/2014 07:02:52,1/31/2014,07:02:52,0.00,3.02,62.70,947.22,23
1/31/2014 07:03:22,1/31/2014,07:03:22,0.00,2.97,62.70,947.23,22
1/31/2014 07:03:52,1/31/2014,07:03:52,0.00,3.02,62.70,947.20,329
1/31/2014 07:04:22,1/31/2014,07:04:22,0.00,2.97,62.70,947.19,352
1/31/2014 07:04:52,1/31/2014,07:04:52,0.00,3.02,62.79,947.21,333
1/31/2014 07:05:22,1/31/2014,07:05:22,0.00,2.97,62.79,947.19,299
1/31/2014 07:05:52,1/31/2014,07:05:52,0.00,3.02,62.79,947.19,293
1/31/2014 07:06:22,1/31/2014,07:06:22,0.00,3.02,62.79,947.16,35
1/31/2014 07:06:52,1/31/2014,07:06:52,0.00,3.02,62.79,947.13,26
1/31/2014 07:07:22,1/31/2014,07:07:22,0.00,3.02,62.79,947.11,25
1/31/2014 07:07:52,1/31/2014,07:07:52,0.00,3.02,62.79,947.09,26
1/31/2014 07:08:22,1/31/2014,07:08:22,0.00,2.97,62.90,947.09,29
1/31/2014 07:08:52,1/31/2014,07:08:52,0.00,3.02,62.90,947.07,1
1/31/2014 07:09:22,1/31/2014,07:09:22,0.00,2.97,62.90,947.06,232
1/31/2014 07:09:52,1/31/2014,07:09:52,0.00,3.02,62.90,947.06,230
1/31/2014 07:10:22,1/31/2014,07:10:22,0.00,2.97,62.90,947.03,126
1/31/2014 07:10:52,1/31/2014,07:10:52,0.00,3.02,62.90,947.00,66
1/31/2014 07:11:22,1/31/2014,07:11:22,0.00,2.97,62.90,946.99,49
1/31/2014 07:11:52,1/31/2014,07:11:52,0.00,2.95,62.90,946.98,89
1/31/2014 07:12:22,1/31/2014,07:12:22,0.00,2.95,62.90,946.97,103
1/31/2014 07:12:52,1/31/2014,07:12:52,0.00,2.95,62.90,946.96,73
1/31/2014 07:13:22,1/31/2014,07:13:22,0.00,2.95,63.00,946.94,82
1/31/2014 07:13:52,1/31/2014,07:13:52,0.00,2.95,63.09,946.90,75
1/31/2014 07:14:22,1/31/2014,07:14:22,0.00,2.90,63.20,946.91,79
1/31/2014 07:14:52,1/31/2014,07:14:52,0.00,2.95,63.20,946.92,81
1/31/2014 07:15:22,1/31/2014,07:15:22,0.00,2.87,63.20,946.88,69
1/31/2014 07:15:52,1/31/2014,07:15:52,0.00,2.95,63.20,946.88,40
1/31/2014 07:16:22,1/31/2014,07:16:22,0.00,2.95,63.20,946.87,40
1/31/2014 07:16:52,1/31/2014,07:16:52,0.00,2.95,63.09,946.88,57
1/31/2014 07:17:22,1/31/2014,07:17:22,0.00,2.95,63.09,946.86,343
1/31/2014 07:17:52,1/31/2014,07:17:52,0.00,2.95,63.09,946.82,353
1/31/2014 07:18:22,1/31/2014,07:18:22,0.00,2.95,63.09,946.83,50
1/31/2014 07:18:52,1/31/2014,07:18:52,0.00,2.95,63.09,946.84,50
1/31/2014 07:19:22,1/31/2014,07:19:22,0.00,2.95,63.20,946.86,49
1/31/2014 07:19:52,1/31/2014,07:19:52,0.00,2.95,63.09,946.83,50
1/31/2014 07:20:22,1/31/2014,07:20:22,0.00,2.95,63.20,946.83,51
1/31/2014 07:20:52,1/31/2014,07:20:52,0.00,2.95,63.20,946.84,52
1/31/2014 07:21:22,1/31/2014,07:21:22,0.00,2.95,63.20,946.86,110
1/31/2014 07:21:52,1/31/2014,07:21:52,0.00,2.95,63.20,946.84,108
1/31/2014 07:22:22,1/31/2014,07:22:22,0.00,2.95,63.20,946.87,61
1/31/2014 07:22:52,1/31/2014,07:22:52,0.00,2.95,63.20,946.84,62
1/31/2014 07:23:22,1/31/2014,07:23:22,0.00,2.95,63.20,946.86,79
1/31/2014 07:23:52,1/31/2014,07:23:52,0.00,2.95,63.20,946.86,73
1/31/2014 07:24:22,1/31/2014,07:24:22,0.00,2.95,63.20,946.83,56
1/31/2014 07:24:52,1/31/2014,07:24:52,0.00,2.95,63.20,946.86,26
1/31/2014 07:25:22,1/31/2014,07:25:22,0.00,2.97,63.20,946.87,25
1/31/2014 07:25:52,1/31/2014,07:25:52,0.00,2.97,63.20,946.84,350
1/31/2014 07:26:22,1/31/2014,07:26:22,0.00,3.02,63.29,946.86,46
1/31/2014 07:26:52,1/31/2014,07:26:52,0.00,3.02,63.29,946.86,30
1/31/2014 07:27:22,1/31/2014,07:27:22,0.00,3.02,63.40,946.84,27
1/31/2014 07:27:52,1/31/2014,07:27:52,0.00,3.02,63.40,946.83,70
1/31/2014 07:28:22,1/31/2014,07:28:22,0.00,3.02,63.40,946.82,88
1/31/2014 07:28:52,1/31/2014,07:28:52,0.00,3.02,63.40,946.80,53
1/31/2014 07:29:22,1/31/2014,07:29:22,0.00,3.02,63.40,946.74,350
1/31/2014 07:29:52,1/31/2014,07:29:52,0.00,3.02,63.40,946.72,350
1/31/2014 07:30:22,1/31/2014,07:30:22,0.41,3.09,63.40,946.70,27
1/31/2014 07:30:52,1/31/2014,07:30:52,0.00,3.07,63.40,946.67,86
1/31/2014 07:31:22,1/31/2014,07:31:22,0.00,3.09,63.40,946.66,36
1/31/2014 07:31:52,1/31/2014,07:31:52,0.00,3.09,63.40,946.64,15
1/31/2014 07:32:22,1/31/2014,07:32:22,0.16,3.09,63.40,946.62,55
1/31/2014 07:32:52,1/31/2014,07:32:52,1.55,3.17,63.40,946.51,39
1/31/2014 07:33:22,1/31/2014,07:33:22,0.91,3.17,63.29,946.49,64
1/31/2014 07:33:52,1/31/2014,07:33:52,0.00,3.17,63.29,946.55,20
1/31/2014 07:34:22,1/31/2014,07:34:22,0.00,3.17,63.20,946.56,352
1/31/2014 07:34:52,1/31/2014,07:34:52,0.00,3.17,63.20,946.55,312
1/31/2014 07:35:22,1/31/2014,07:35:22,0.00,3.15,63.20,946.56,212
1/31/2014 07:35:52,1/31/2014,07:35:52,0.00,3.17,63.20,946.55,90
1/31/2014 07:36:22,1/31/2014,07:36:22,0.00,3.17,63.20,946.53,20
1/31/2014 07:36:52,1/31/2014,07:36:52,0.00,3.17,63.20,946.54,144
1/31/2014 07:37:22,1/31/2014,07:37:22,0.55,3.17,63.20,946.47,89
1/31/2014 07:37:52,1/31/2014,07:37:52,0.00,3.17,63.20,946.50,59
1/31/2014 07:38:22,1/31/2014,07:38:22,0.29,3.22,63.09,946.47,69
1/31/2014 07:38:52,1/31/2014,07:38:52,1.23,3.27,63.00,946.38,89
1/31/2014 07:39:22,1/31/2014,07:39:22,0.00,3.27,63.09,946.47,122
1/31/2014 07:39:52,1/31/2014,07:39:52,0.00,3.27,63.09,946.47,97
1/31/2014 07:40:22,1/31/2014,07:40:22,0.00,3.27,63.00,946.49,107
1/31/2014 07:40:52,1/31/2014,07:40:52,0.00,3.27,63.09,946.47,352
1/31/2014 07:41:22,1/31/2014,07:41:22,0.00,3.27,63.00,946.47,102
1/31/2014 07:41:52,1/31/2014,07:41:52,0.00,3.27,63.09,946.42,98
1/31/2014 07:42:22,1/31/2014,07:42:22,0.00,3.27,63.09,946.39,114
1/31/2014 07:42:52,1/31/2014,07:42:52,0.00,3.27,63.09,946.38,4
1/31/2014 07:43:22,1/31/2014,07:43:22,0.00,3.29,63.09,946.37,202
1/31/2014 07:43:52,1/31/2014,07:43:52,0.00,3.29,63.20,946.36,201
1/31/2014 07:44:22,1/31/2014,07:44:22,0.00,3.29,63.20,946.36,180
1/31/2014 07:44:52,1/31/2014,07:44:52,0.00,3.27,63.20,946.34,259
1/31/2014 07:45:22,1/31/2014,07:45:22,0.00,3.27,63.20,946.32,205
1/31/2014 07:45:52,1/31/2014,07:45:52,0.00,3.29,63.20,946.31,244
1/31/2014 07:46:22,1/31/2014,07:46:22,0.00,3.29,63.20,946.31,215
1/31/2014 07:46:52,1/31/2014,07:46:52,0.00,3.29,63.29,946.30,210
1/31/2014 07:47:22,1/31/2014,07:47:22,0.00,3.34,63.20,946.29,316
1/31/2014 07:47:52,1/31/2014,07:47:52,0.00,3.34,63.29,946.29,254
1/31/2014 07:48:22,1/31/2014,07:48:22,0.00,3.34,63.29,946.31,341
1/31/2014 07:48:52,1/31/2014,07:48:52,0.00,3.34,63.29,946.32,283
1/31/2014 07:49:22,1/31/2014,07:49:22,0.00,3.37,63.40,946.33,153
1/31/2014 07:49:52,1/31/2014,07:49:52,0.49,3.37,63.40,946.32,180
1/31/2014 07:50:22,1/31/2014,07:50:22,1.68,3.42,63.50,946.29,138
1/31/2014 07:50:52,1/31/2014,07:50:52,0.87,3.42,63.40,946.25,93
1/31/2014 07:51:22,1/31/2014,07:51:22,0.00,3.42,63.50,946.28,114
1/31/2014 07:51:52,1/31/2014,07:51:52,0.00,3.42,63.50,946.28,114
1/31/2014 07:52:22,1/31/2014,07:52:22,0.00,3.42,63.50,946.26,80
1/31/2014 07:52:52,1/31/2014,07:52:52,0.00,3.42,63.50,946.24,142
1/31/2014 07:53:22,1/31/2014,07:53:22,0.77,3.42,63.50,946.19,122
1/31/2014 07:53:52,1/31/2014,07:53:52,0.00,3.47,63.50,946.21,63
1/31/2014 07:54:22,1/31/2014,07:54:22,0.00,3.42,63.50,946.22,32
1/31/2014 07:54:52,1/31/2014,07:54:52,0.00,3.42,63.50,946.21,118
1/31/2014 07:55:22,1/31/2014,07:55:22,0.00,3.47,63.50,946.19,291
1/31/2014 07:55:52,1/31/2014,07:55:52,0.00,3.42,63.50,946.19,33
1/31/2014 07:56:22,1/31/2014,07:56:22,0.00,3.42,63.50,946.19,61
1/31/2014 07:56:52,1/31/2014,07:56:52,0.00,3.50,63.50,946.19,283
1/31/2014 07:57:22,1/31/2014,07:57:22,0.00,3.50,63.59,946.14,10
1/31/2014 07:57:52,1/31/2014,07:57:52,1.18,3.50,63.70,946.11,198
1/31/2014 07:58:22,1/31/2014,07:58:22,1.38,3.50,63.79,946.07,191
1/31/2014 07:58:52,1/31/2014,07:58:52,0.48,3.50,63.70,946.09,169
1/31/2014 07:59:22,1/31/2014,07:59:22,0.52,3.50,63.70,946.11,103
1/31/2014 07:59:52,1/31/2014,07:59:52,0.00,3.50,63.70,946.17,24
1/31/2014 08:00:22,1/31/2014,08:00:22,0.73,3.54,63.70,946.12,231
1/31/2014 08:00:52,1/31/2014,08:00:52,1.65,3.54,63.70,946.06,180
1/31/2014 08:01:22,1/31/2014,08:01:22,0.49,3.54,63.59,946.12,160
1/31/2014 08:01:52,1/31/2014,08:01:52,0.00,3.54,63.59,946.19,188
1/31/2014 08:02:22,1/31/2014,08:02:22,0.00,3.57,63.59,946.19,128
1/31/2014 08:02:52,1/31/2014,08:02:52,0.00,3.57,63.59,946.19,125
1/31/2014 08:03:22,1/31/2014,08:03:22,0.00,3.57,63.59,946.20,210
1/31/2014 08:03:52,1/31/2014,08:03:52,0.00,3.57,63.70,946.20,203
1/31/2014 08:04:22,1/31/2014,08:04:22,0.00,3.62,63.70,946.21,178
1/31/2014 08:04:52,1/31/2014,08:04:52,0.23,3.65,63.70,946.19,220
1/31/2014 08:05:22,1/31/2014,08:05:22,0.00,3.65,63.70,946.22,230
1/31/2014 08:05:52,1/31/2014,08:05:52,0.65,3.65,63.70,946.21,203
1/31/2014 08:06:22,1/31/2014,08:06:22,0.00,3.65,63.70,946.22,189
1/31/2014 08:06:52,1/31/2014,08:06:52,0.00,3.70,63.70,946.23,213
1/31/2014 08:07:22,1/31/2014,08:07:22,0.00,3.75,63.59,946.23,190
1/31/2014 08:07:52,1/31/2014,08:07:52,0.49,3.75,63.59,946.20,209
1/31/2014 08:08:22,1/31/2014,08:08:22,0.00,3.75,63.59,946.21,180
1/31/2014 08:08:52,1/31/2014,08:08:52,0.13,3.75,63.59,946.21,65
1/31/2014 08:09:22,1/31/2014,08:09:22,0.00,3.75,63.59,946.20,107
1/31/2014 08:09:52,1/31/2014,08:09:52,0.55,3.77,63.50,946.20,112
1/31/2014 08:10:22,1/31/2014,08:10:22,0.90,3.82,63.50,946.16,123
1/31/2014 08:10:52,1/31/2014,08:10:52,0.86,3.82,63.40,946.15,146
1/31/2014 08:11:22,1/31/2014,08:11:22,0.45,3.82,63.29,946.20,85
1/31/2014 08:11:52,1/31/2014,08:11:52,0.00,3.84,63.29,946.25,126
1/31/2014 08:12:22,1/31/2014,08:12:22,0.00,3.82,63.29,946.25,176
1/31/2014 08:12:52,1/31/2014,08:12:52,0.00,3.84,63.29,946.24,306
1/31/2014 08:13:22,1/31/2014,08:13:22,0.55,3.90,63.29,946.23,207
1/31/2014 08:13:52,1/31/2014,08:13:52,1.16,3.95,63.20,946.19,188
1/31/2014 08:14:22,1/31/2014,08:14:22,0.00,3.90,63.20,946.25,211
1/31/2014 08:14:52,1/31/2014,08:14:52,0.00,3.95,63.20,946.26,280
1/31/2014 08:15:22,1/31/2014,08:15:22,0.00,3.90,63.20,946.26,169
1/31/2014 08:15:52,1/31/2014,08:15:52,0.00,3.90,63.20,946.25,150
1/31/2014 08:16:22,1/31/2014,08:16:22,0.00,3.90,63.20,946.25,155
1/31/2014 08:16:52,1/31/2014,08:16:52,0.00,3.90,63.20,946.24,148
1/31/2014 08:17:22,1/31/2014,08:17:22,1.09,3.90,63.20,946.21,204
1/31/2014 08:17:52,1/31/2014,08:17:52,0.61,3.90,63.20,946.21,142
1/31/2014 08:18:22,1/31/2014,08:18:22,0.00,3.95,63.09,946.24,124
1/31/2014 08:18:52,1/31/2014,08:18:52,0.00,3.97,63.09,946.24,119
1/31/2014 08:19:22,1/31/2014,08:19:22,0.00,3.95,63.09,946.22,332
1/31/2014 08:19:52,1/31/2014,08:19:52,0.00,3.97,63.09,946.21,240
1/31/2014 08:20:22,1/31/2014,08:20:22,0.00,3.95,63.00,946.20,240
1/31/2014 08:20:52,1/31/2014,08:20:52,0.00,3.95,63.00,946.20,330
1/31/2014 08:21:22,1/31/2014,08:21:22,0.00,3.97,63.09,946.20,330
1/31/2014 08:21:52,1/31/2014,08:21:52,0.00,3.97,63.09,946.21,312
1/31/2014 08:22:22,1/31/2014,08:22:22,0.00,3.97,63.09,946.19,286
1/31/2014 08:22:52,1/31/2014,08:22:52,0.00,3.97,63.09,946.19,317
1/31/2014 08:23:22,1/31/2014,08:23:22,0.15,3.97,63.20,946.16,61
1/31/2014 08:23:52,1/31/2014,08:23:52,0.33,3.97,63.20,946.07,98
1/31/2014 08:24:22,1/31/2014,08:24:22,0.00,4.02,63.09,946.06,299
1/31/2014 08:24:52,1/31/2014,08:24:52,0.00,4.02,63.20,946.09,193
1/31/2014 08:25:22,1/31/2014,08:25:22,0.00,4.02,63.20,946.09,132
1/31/2014 08:25:52,1/31/2014,08:25:52,0.00,4.05,63.20,946.06,298
1/31/2014 08:26:22,1/31/2014,08:26:22,0.00,4.05,63.20,946.03,299
1/31/2014 08:26:52,1/31/2014,08:26:52,0.00,4.05,63.20,946.04,173
1/31/2014 08:27:22,1/31/2014,08:27:22,0.00,4.05,63.20,946.01,197
1/31/2014 08:27:52,1/31/2014,08:27:52,0.00,4.09,63.20,946.03,200
1/31/2014 08:28:22,1/31/2014,08:28:22,0.00,4.05,63.20,946.04,220
1/31/2014 08:28:52,1/31/2014,08:28:52,0.00,4.12,63.20,946.04,178
1/31/2014 08:29:22,1/31/2014,08:29:22,0.00,4.12,63.20,946.04,175
1/31/2014 08:29:52,1/31/2014,08:29:52,0.87,4.17,63.09,945.96,139
1/31/2014 08:30:22,1/31/2014,08:30:22,0.24,4.22,63.09,945.99,243
1/31/2014 08:30:52,1/31/2014,08:30:52,0.00,4.22,63.00,946.01,161
1/31/2014 08:31:22,1/31/2014,08:31:22,0.00,4.22,63.00,945.98,272
1/31/2014 08:31:52,1/31/2014,08:31:52,0.00,4.22,63.00,945.97,206
1/31/2014 08:32:22,1/31/2014,08:32:22,1.05,4.30,62.90,945.90,165
1/31/2014 08:32:52,1/31/2014,08:32:52,0.66,4.30,62.79,945.89,252
1/31/2014 08:33:22,1/31/2014,08:33:22,1.83,4.32,62.50,945.83,188
1/31/2014 08:33:52,1/31/2014,08:33:52,1.02,4.32,62.50,945.84,177
1/31/2014 08:34:22,1/31/2014,08:34:22,0.00,4.32,62.50,945.86,114
1/31/2014 08:34:52,1/31/2014,08:34:52,0.00,4.32,62.50,945.86,164
1/31/2014 08:35:22,1/31/2014,08:35:22,0.65,4.37,62.50,945.82,208
1/31/2014 08:35:52,1/31/2014,08:35:52,0.20,4.37,62.50,945.82,187
1/31/2014 08:36:22,1/31/2014,08:36:22,1.04,4.37,62.29,945.80,205
1/31/2014 08:36:52,1/31/2014,08:36:52,0.00,4.42,62.29,945.86,207
1/31/2014 08:37:22,1/31/2014,08:37:22,0.00,4.42,62.29,945.87,288
1/31/2014 08:37:52,1/31/2014,08:37:52,0.00,4.44,62.29,945.89,315
1/31/2014 08:38:22,1/31/2014,08:38:22,0.33,4.44,62.20,945.88,182
1/31/2014 08:38:52,1/31/2014,08:38:52,1.34,4.44,62.00,945.81,146
1/31/2014 08:39:22,1/31/2014,08:39:22,0.70,4.44,61.90,945.83,211
1/31/2014 08:39:52,1/31/2014,08:39:52,0.00,4.44,61.90,945.87,216
1/31/2014 08:40:22,1/31/2014,08:40:22,0.80,4.44,61.90,945.83,168
1/31/2014 08:40:52,1/31/2014,08:40:52,0.51,4.50,61.79,945.84,205
1/31/2014 08:41:22,1/31/2014,08:41:22,1.80,4.52,61.79,945.76,204
1/31/2014 08:41:52,1/31/2014,08:41:52,1.83,4.52,61.50,945.76,185
1/31/2014 08:42:22,1/31/2014,08:42:22,2.45,4.52,61.40,945.74,186
1/31/2014 08:42:52,1/31/2014,08:42:52,0.65,4.52,61.50,945.78,253
1/31/2014 08:43:22,1/31/2014,08:43:22,0.81,4.52,61.50,945.74,200
1/31/2014 08:43:52,1/31/2014,08:43:52,0.62,4.52,61.40,945.71,198
1/31/2014 08:44:22,1/31/2014,08:44:22,0.49,4.52,61.40,945.72,138
1/31/2014 08:44:52,1/31/2014,08:44:52,0.00,4.52,61.40,945.74,163
1/31/2014 08:45:22,1/31/2014,08:45:22,0.93,4.52,61.40,945.69,197
1/31/2014 08:45:52,1/31/2014,08:45:52,1.47,4.52,61.29,945.64,186
1/31/2014 08:46:22,1/31/2014,08:46:22,0.00,4.57,61.40,945.69,181
1/31/2014 08:46:52,1/31/2014,08:46:52,0.00,4.57,61.40,945.71,186
1/31/2014 08:47:22,1/31/2014,08:47:22,2.05,4.57,61.29,945.64,198
1/31/2014 08:47:52,1/31/2014,08:47:52,2.65,4.59,61.20,945.62,158
1/31/2014 08:48:22,1/31/2014,08:48:22,1.11,4.59,61.00,945.63,160
1/31/2014 08:48:52,1/31/2014,08:48:52,1.09,4.59,61.00,945.65,185
1/31/2014 08:49:22,1/31/2014,08:49:22,1.52,4.59,61.09,945.65,200
1/31/2014 08:49:52,1/31/2014,08:49:52,1.52,4.59,61.09,945.64,175
1/31/2014 08:50:22,1/31/2014,08:50:22,0.68,4.65,61.09,945.69,205
1/31/2014 08:50:52,1/31/2014,08:50:52,1.29,4.59,61.00,945.66,200
1/31/2014 08:51:22,1/31/2014,08:51:22,0.41,4.65,61.00,945.70,172
1/31/2014 08:51:52,1/31/2014,08:51:52,0.00,4.59,61.00,945.75,172
1/31/2014 08:52:22,1/31/2014,08:52:22,0.52,4.59,61.00,945.73,188
1/31/2014 08:52:52,1/31/2014,08:52:52,0.00,4.69,61.09,945.75,249
1/31/2014 08:53:22,1/31/2014,08:53:22,1.63,4.69,60.90,945.70,164
1/31/2014 08:53:52,1/31/2014,08:53:52,1.40,4.69,60.79,945.65,146
1/31/2014 08:54:22,1/31/2014,08:54:22,1.51,4.72,60.70,945.66,153
1/31/2014 08:54:52,1/31/2014,08:54:52,2.02,4.72,60.70,945.64,176
1/31/2014 08:55:22,1/31/2014,08:55:22,2.02,4.69,60.59,945.66,169
1/31/2014 08:55:52,1/31/2014,08:55:52,2.08,4.72,60.70,945.67,205
1/31/2014 08:56:22,1/31/2014,08:56:22,0.24,4.72,60.70,945.74,177
1/31/2014 08:56:52,1/31/2014,08:56:52,2.29,4.72,60.50,945.71,201
1/31/2014 08:57:22,1/31/2014,08:57:22,2.38,4.77,60.50,945.71,197
1/31/2014 08:57:52,1/31/2014,08:57:52,0.77,4.77,60.29,945.73,180
1/31/2014 08:58:22,1/31/2014,08:58:22,2.30,4.77,60.20,945.73,205
1/31/2014 08:58:52,1/31/2014,08:58:52,0.77,4.77,60.29,945.76,103
1/31/2014 08:59:22,1/31/2014,08:59:22,1.45,4.84,60.29,945.75,174
1/31/2014 08:59:52,1/31/2014,08:59:52,1.43,4.84,60.40,945.75,167
1/31/2014 09:00:22,1/31/2014,09:00:22,1.61,4.90,60.00,945.74,237
1/31/2014 09:00:52,1/31/2014,09:00:52,1.31,4.90,60.00,945.72,180
1/31/2014 09:01:22,1/31/2014,09:01:22,0.80,4.90,60.00,945.76,218
1/31/2014 09:01:52,1/31/2014,09:01:52,1.69,4.92,59.90,945.72,194
1/31/2014 09:02:22,1/31/2014,09:02:22,1.37,4.92,59.70,945.71,205
1/31/2014 09:02:52,1/31/2014,09:02:52,1.81,4.92,59.90,945.73,186
1/31/2014 09:03:22,1/31/2014,09:03:22,1.80,4.92,59.90,945.71,174
1/31/2014 09:03:52,1/31/2014,09:03:52,2.16,4.97,59.79,945.70,168
1/31/2014 09:04:22,1/31/2014,09:04:22,0.86,4.97,59.90,945.73,193
1/31/2014 09:04:52,1/31/2014,09:04:52,0.00,4.92,59.90,945.79,212
1/31/2014 09:05:22,1/31/2014,09:05:22,0.51,5.00,59.70,945.76,164
1/31/2014 09:05:52,1/31/2014,09:05:52,0.00,4.97,59.70,945.78,158
1/31/2014 09:06:22,1/31/2014,09:06:22,0.97,5.00,59.70,945.72,159
1/31/2014 09:06:52,1/31/2014,09:06:52,0.80,5.00,59.70,945.74,188
1/31/2014 09:07:22,1/31/2014,09:07:22,0.81,5.00,59.59,945.73,168
1/31/2014 09:07:52,1/31/2014,09:07:52,2.12,5.07,59.59,945.67,204
1/31/2014 09:08:22,1/31/2014,09:08:22,1.15,5.07,59.29,945.66,173
1/31/2014 09:08:52,1/31/2014,09:08:52,2.29,5.07,59.20,945.58,170
1/31/2014 09:09:22,1/31/2014,09:09:22,1.65,5.17,59.20,945.54,225
1/31/2014 09:09:52,1/31/2014,09:09:52,2.52,5.17,58.79,945.54,168
1/31/2014 09:10:22,1/31/2014,09:10:22,2.11,5.19,58.79,945.53,203
1/31/2014 09:10:52,1/31/2014,09:10:52,1.37,5.19,58.70,945.50,193
1/31/2014 09:11:22,1/31/2014,09:11:22,2.49,5.19,58.90,945.50,146
1/31/2014 09:11:52,1/31/2014,09:11:52,2.24,5.25,58.90,945.49,180
1/31/2014 09:12:22,1/31/2014,09:12:22,0.66,5.25,59.09,945.55,156
1/31/2014 09:12:52,1/31/2014,09:12:52,1.79,5.27,58.50,945.51,198
1/31/2014 09:13:22,1/31/2014,09:13:22,3.17,5.32,58.50,945.46,145
1/31/2014 09:13:52,1/31/2014,09:13:52,3.17,5.32,58.20,945.44,159
1/31/2014 09:14:22,1/31/2014,09:14:22,0.24,5.32,58.59,945.50,167
1/31/2014 09:14:52,1/31/2014,09:14:52,0.00,5.37,58.40,945.51,122
1/31/2014 09:15:22,1/31/2014,09:15:22,0.00,5.40,58.50,945.53,170
1/31/2014 09:15:52,1/31/2014,09:15:52,0.79,5.40,58.40,945.48,172
1/31/2014 09:16:22,1/31/2014,09:16:22,2.49,5.40,58.20,945.38,187
1/31/2014 09:16:52,1/31/2014,09:16:52,2.09,5.40,58.40,945.39,192
1/31/2014 09:17:22,1/31/2014,09:17:22,2.15,5.40,58.00,945.40,188
1/31/2014 09:17:52,1/31/2014,09:17:52,2.37,5.44,57.90,945.38,160
1/31/2014 09:18:22,1/31/2014,09:18:22,1.34,5.44,58.09,945.42,216
1/31/2014 09:18:52,1/31/2014,09:18:52,1.84,5.47,57.70,945.45,180
1/31/2014 09:19:22,1/31/2014,09:19:22,2.29,5.47,57.70,945.40,150
1/31/2014 09:19:52,1/31/2014,09:19:52,3.08,5.57,57.70,945.38,160
1/31/2014 09:20:22,1/31/2014,09:20:22,0.99,5.52,58.00,945.41,210
1/31/2014 09:20:52,1/31/2014,09:20:52,0.30,5.57,58.09,945.45,208
1/31/2014 09:21:22,1/31/2014,09:21:22,1.68,5.57,58.09,945.40,182
1/31/2014 09:21:52,1/31/2014,09:21:52,1.90,5.57,57.59,945.36,176
1/31/2014 09:22:22,1/31/2014,09:22:22,1.18,5.57,57.79,945.36,193
1/31/2014 09:22:52,1/31/2014,09:22:52,0.00,5.57,57.90,945.40,298
1/31/2014 09:23:22,1/31/2014,09:23:22,0.95,5.57,58.00,945.36,207
1/31/2014 09:23:52,1/31/2014,09:23:52,1.90,5.59,57.59,945.33,216
1/31/2014 09:24:22,1/31/2014,09:24:22,0.88,5.57,57.90,945.37,194
1/31/2014 09:24:52,1/31/2014,09:24:52,0.13,5.65,57.50,945.38,164
1/31/2014 09:25:22,1/31/2014,09:25:22,1.09,5.65,57.40,945.32,200
1/31/2014 09:25:52,1/31/2014,09:25:52,2.22,5.65,57.59,945.28,227
1/31/2014 09:26:22,1/31/2014,09:26:22,3.23,5.65,57.00,945.22,184
1/31/2014 09:26:52,1/31/2014,09:26:52,2.40,5.67,57.29,945.23,186
1/31/2014 09:27:22,1/31/2014,09:27:22,1.38,5.65,57.09,945.21,191
1/31/2014 09:27:52,1/31/2014,09:27:52,0.68,5.65,57.40,945.21,188
1/31/2014 09:28:22,1/31/2014,09:28:22,0.90,5.72,57.50,945.17,186
1/31/2014 09:28:52,1/31/2014,09:28:52,1.77,5.67,57.20,945.15,182
1/31/2014 09:29:22,1/31/2014,09:29:22,1.61,5.72,57.09,945.15,177
1/31/2014 09:29:52,1/31/2014,09:29:52,1.72,5.72,57.59,945.19,175
1/31/2014 09:30:22,1/31/2014,09:30:22,2.12,5.72,57.50,945.15,171
1/31/2014 09:30:52,1/31/2014,09:30:52,3.41,5.80,56.79,945.08,164
1/31/2014 09:31:22,1/31/2014,09:31:22,2.69,5.80,56.90,945.06,194
1/31/2014 09:31:52,1/31/2014,09:31:52,3.38,5.84,56.90,945.06,178
1/31/2014 09:32:22,1/31/2014,09:32:22,2.90,5.84,56.90,945.02,173
1/31/2014 09:32:52,1/31/2014,09:32:52,0.83,5.84,56.59,944.99,151
1/31/2014 09:33:22,1/31/2014,09:33:22,0.95,5.84,56.90,945.02,191
1/31/2014 09:33:52,1/31/2014,09:33:52,2.22,5.87,56.70,944.94,152
1/31/2014 09:34:22,1/31/2014,09:34:22,4.36,5.94,56.90,944.89,180
1/31/2014 09:34:52,1/31/2014,09:34:52,2.27,5.94,56.70,944.86,168
1/31/2014 09:35:22,1/31/2014,09:35:22,1.76,5.94,56.59,944.88,159
1/31/2014 09:35:52,1/31/2014,09:35:52,1.20,5.94,56.79,944.92,185
1/31/2014 09:36:22,1/31/2014,09:36:22,2.12,5.92,56.59,944.90,167
1/31/2014 09:36:52,1/31/2014,09:36:52,2.76,5.94,56.90,944.88,212
1/31/2014 09:37:22,1/31/2014,09:37:22,1.52,5.94,56.70,944.90,165
1/31/2014 09:37:52,1/31/2014,09:37:52,2.02,5.92,56.59,944.87,196
1/31/2014 09:38:22,1/31/2014,09:38:22,1.95,5.92,57.40,944.88,153
1/31/2014 09:38:52,1/31/2014,09:38:52,1.54,5.94,56.50,944.90,196
1/31/2014 09:39:22,1/31/2014,09:39:22,0.05,5.94,57.00,944.97,283
1/31/2014 09:39:52,1/31/2014,09:39:52,0.00,6.00,57.09,944.97,347
1/31/2014 09:40:22,1/31/2014,09:40:22,1.38,5.94,57.29,944.92,181
1/31/2014 09:40:52,1/31/2014,09:40:52,2.31,6.00,56.59,944.88,182
1/31/2014 09:41:22,1/31/2014,09:41:22,0.99,6.00,56.40,944.88,179
1/31/2014 09:41:52,1/31/2014,09:41:52,0.00,6.00,56.90,944.92,111
1/31/2014 09:42:22,1/31/2014,09:42:22,0.00,6.00,57.00,944.94,201
1/31/2014 09:42:52,1/31/2014,09:42:52,2.18,5.94,56.59,944.82,138
1/31/2014 09:43:22,1/31/2014,09:43:22,0.43,6.00,56.90,944.86,144
1/31/2014 09:43:52,1/31/2014,09:43:52,0.20,6.00,57.20,944.89,149
1/31/2014 09:44:22,1/31/2014,09:44:22,2.99,6.00,57.00,944.81,165
1/31/2014 09:44:52,1/31/2014,09:44:52,6.20,6.00,56.09,944.70,167
1/31/2014 09:45:22,1/31/2014,09:45:22,0.37,5.94,56.79,944.83,188
1/31/2014 09:45:52,1/31/2014,09:45:52,1.88,6.05,56.70,944.78,181
1/31/2014 09:46:22,1/31/2014,09:46:22,1.22,6.05,56.59,944.77,185
1/31/2014 09:46:52,1/31/2014,09:46:52,2.99,6.05,56.70,944.74,151
1/31/2014 09:47:22,1/31/2014,09:47:22,0.36,6.05,57.00,944.78,194
1/31/2014 09:47:52,1/31/2014,09:47:52,2.31,6.00,57.29,944.74,178
1/31/2014 09:48:22,1/31/2014,09:48:22,2.55,6.05,57.09,944.72,216
1/31/2014 09:48:52,1/31/2014,09:48:52,0.27,6.07,56.79,944.70,354
1/31/2014 09:49:22,1/31/2014,09:49:22,3.08,6.12,56.79,944.65,169
1/31/2014 09:49:52,1/31/2014,09:49:52,2.66,6.07,56.79,944.63,184
1/31/2014 09:50:22,1/31/2014,09:50:22,1.04,6.07,56.70,944.64,169
1/31/2014 09:50:52,1/31/2014,09:50:52,1.40,6.07,56.59,944.60,159
1/31/2014 09:51:22,1/31/2014,09:51:22,1.70,6.05,56.90,944.61,192
1/31/2014 09:51:52,1/31/2014,09:51:52,1.59,6.05,57.09,944.61,183
1/31/2014 09:52:22,1/31/2014,09:52:22,4.08,6.15,56.90,944.60,212
1/31/2014 09:52:52,1/31/2014,09:52:52,2.18,6.12,56.20,944.55,230
1/31/2014 09:53:22,1/31/2014,09:53:22,2.34,6.19,56.29,944.57,174
1/31/2014 09:53:52,1/31/2014,09:53:52,2.44,6.15,56.50,944.58,200
1/31/2014 09:54:22,1/31/2014,09:54:22,1.63,6.12,56.50,944.60,171
1/31/2014 09:54:52,1/31/2014,09:54:52,3.40,6.15,55.90,944.54,218
1/31/2014 09:55:22,1/31/2014,09:55:22,2.83,6.19,56.29,944.55,183
1/31/2014 09:55:52,1/31/2014,09:55:52,1.87,6.19,56.40,944.55,193
1/31/2014 09:56:22,1/31/2014,09:56:22,3.11,6.27,56.70,944.49,200
1/31/2014 09:56:52,1/31/2014,09:56:52,2.83,6.22,56.00,944.41,159
1/31/2014 09:57:22,1/31/2014,09:57:22,1.74,6.19,57.09,944.44,176
1/31/2014 09:57:52,1/31/2014,09:57:52,3.20,6.22,56.29,944.38,183
1/31/2014 09:58:22,1/31/2014,09:58:22,1.62,6.19,56.70,944.38,120
1/31/2014 09:58:52,1/31/2014,09:58:52,3.77,6.27,56.59,944.35,158
1/31/2014 09:59:22,1/31/2014,09:59:22,2.77,6.22,56.09,944.30,197
1/31/2014 09:59:52,1/31/2014,09:59:52,2.36,6.22,57.09,944.35,191
1/31/2014 10:00:22,1/31/2014,10:00:22,2.22,6.27,56.70,944.32,152
1/31/2014 10:00:52,1/31/2014,10:00:52,1.20,6.27,56.40,944.33,186
1/31/2014 10:01:22,1/31/2014,10:01:22,1.98,6.22,56.50,944.28,221
1/31/2014 10:01:52,1/31/2014,10:01:52,1.84,6.27,56.50,944.27,202
1/31/2014 10:02:22,1/31/2014,10:02:22,2.27,6.27,56.40,944.27,191
1/31/2014 10:02:52,1/31/2014,10:02:52,2.97,6.27,56.09,944.27,166
1/31/2014 10:03:22,1/31/2014,10:03:22,2.40,6.32,56.20,944.24,176
1/31/2014 10:03:52,1/31/2014,10:03:52,2.55,6.27,56.29,944.24,165
1/31/2014 10:04:22,1/31/2014,10:04:22,1.26,6.27,56.40,944.27,227
1/31/2014 10:04:52,1/31/2014,10:04:52,2.18,6.27,55.79,944.23,185
1/31/2014 10:05:22,1/31/2014,10:05:22,2.22,6.32,56.59,944.25,164
1/31/2014 10:05:52,1/31/2014,10:05:52,5.17,6.34,56.70,944.13,154
1/31/2014 10:06:22,1/31/2014,10:06:22,5.23,6.34,56.29,944.14,215
1/31/2014 10:06:52,1/31/2014,10:06:52,3.24,6.34,56.00,944.14,171
1/31/2014 10:07:22,1/31/2014,10:07:22,3.20,6.34,56.00,944.16,163
1/31/2014 10:07:52,1/31/2014,10:07:52,1.43,6.34,55.70,944.16,208
1/31/2014 10:08:22,1/31/2014,10:08:22,1.04,6.34,56.20,944.15,207
1/31/2014 10:08:52,1/31/2014,10:08:52,1.34,6.34,56.09,944.16,165
1/31/2014 10:09:22,1/31/2014,10:09:22,1.01,6.34,55.79,944.14,155
1/31/2014 10:09:52,1/31/2014,10:09:52,0.27,6.40,56.09,944.18,165
1/31/2014 10:10:22,1/31/2014,10:10:22,0.56,6.40,56.20,944.15,188
1/31/2014 10:10:52,1/31/2014,10:10:52,1.44,6.34,56.09,944.11,215
1/31/2014 10:11:22,1/31/2014,10:11:22,3.12,6.40,56.09,944.05,159
1/31/2014 10:11:52,1/31/2014,10:11:52,3.91,6.40,55.59,944.03,175
1/31/2014 10:12:22,1/31/2014,10:12:22,3.59,6.42,56.09,943.99,174
1/31/2014 10:12:52,1/31/2014,10:12:52,2.80,6.42,56.29,943.97,193
1/31/2014 10:13:22,1/31/2014,10:13:22,0.36,6.42,56.09,944.03,302
1/31/2014 10:13:52,1/31/2014,10:13:52,1.90,6.42,56.00,943.99,186
1/31/2014 10:14:22,1/31/2014,10:14:22,1.37,6.34,56.29,944.01,154
1/31/2014 10:14:52,1/31/2014,10:14:52,2.87,6.42,56.00,943.96,176
1/31/2014 10:15:22,1/31/2014,10:15:22,3.72,6.42,56.40,943.91,214
1/31/2014 10:15:52,1/31/2014,10:15:52,1.86,6.42,55.70,943.94,183
1/31/2014 10:16:22,1/31/2014,10:16:22,3.58,6.42,56.40,943.90,162
1/31/2014 10:16:52,1/31/2014,10:16:52,2.63,6.42,56.50,943.84,187
1/31/2014 10:17:22,1/31/2014,10:17:22,1.29,6.52,55.59,943.87,133
1/31/2014 10:17:52,1/31/2014,10:17:52,2.59,6.42,56.00,943.87,180
1/31/2014 10:18:22,1/31/2014,10:18:22,2.83,6.47,56.79,943.85,186
1/31/2014 10:18:52,1/31/2014,10:18:52,2.73,6.52,56.59,943.78,168
1/31/2014 10:19:22,1/31/2014,10:19:22,1.19,6.52,55.90,943.81,195
1/31/2014 10:19:52,1/31/2014,10:19:52,1.22,6.52,56.09,943.82,190
1/31/2014 10:20:22,1/31/2014,10:20:22,0.65,6.52,56.09,943.81,196
1/31/2014 10:20:52,1/31/2014,10:20:52,1.95,6.52,56.59,943.78,173
1/31/2014 10:21:22,1/31/2014,10:21:22,3.51,6.55,56.20,943.77,171
1/31/2014 10:21:52,1/31/2014,10:21:52,3.41,6.59,55.79,943.76,181
1/31/2014 10:22:22,1/31/2014,10:22:22,2.16,6.59,56.09,943.76,139
1/31/2014 10:22:52,1/31/2014,10:22:52,2.36,6.67,56.50,943.77,157
1/31/2014 10:23:22,1/31/2014,10:23:22,1.87,6.67,55.70,943.71,202
1/31/2014 10:23:52,1/31/2014,10:23:52,0.00,6.69,55.79,943.81,142
1/31/2014 10:24:22,1/31/2014,10:24:22,3.79,6.75,55.50,943.72,158
1/31/2014 10:24:52,1/31/2014,10:24:52,6.67,6.80,55.70,943.56,177
1/31/2014 10:25:22,1/31/2014,10:25:22,3.44,6.80,55.40,943.65,212
1/31/2014 10:25:52,1/31/2014,10:25:52,3.15,6.75,55.29,943.64,176
1/31/2014 10:26:22,1/31/2014,10:26:22,1.40,6.82,55.70,943.71,172
1/31/2014 10:26:52,1/31/2014,10:26:52,2.80,6.82,56.00,943.65,168
1/31/2014 10:27:22,1/31/2014,10:27:22,4.99,6.87,55.40,943.60,192
1/31/2014 10:27:52,1/31/2014,10:27:52,3.05,6.87,56.09,943.60,180
1/31/2014 10:28:22,1/31/2014,10:28:22,1.59,6.87,55.20,943.63,201
1/31/2014 10:28:52,1/31/2014,10:28:52,3.01,6.90,55.70,943.55,171
1/31/2014 10:29:22,1/31/2014,10:29:22,1.31,7.00,55.29,943.57,66
1/31/2014 10:29:52,1/31/2014,10:29:52,2.55,6.94,55.40,943.60,170
1/31/2014 10:30:22,1/31/2014,10:30:22,2.33,6.90,55.79,943.60,176
1/31/2014 10:30:52,1/31/2014,10:30:52,0.00,7.02,55.59,943.64,162
1/31/2014 10:31:22,1/31/2014,10:31:22,0.00,7.07,55.79,943.66,147
1/31/2014 10:31:52,1/31/2014,10:31:52,0.00,7.09,55.59,943.65,214
1/31/2014 10:32:22,1/31/2014,10:32:22,4.49,7.07,56.29,943.55,150
1/31/2014 10:32:52,1/31/2014,10:32:52,3.06,7.15,55.90,943.52,163
1/31/2014 10:33:22,1/31/2014,10:33:22,0.97,7.15,55.09,943.55,229
1/31/2014 10:33:52,1/31/2014,10:33:52,2.34,7.09,55.40,943.55,173
1/31/2014 10:34:22,1/31/2014,10:34:22,0.11,7.22,55.59,943.57,218
1/31/2014 10:34:52,1/31/2014,10:34:52,0.79,7.17,55.79,943.51,160
1/31/2014 10:35:22,1/31/2014,10:35:22,3.15,7.17,55.40,943.47,191
1/31/2014 10:35:52,1/31/2014,10:35:52,4.49,7.17,55.79,943.42,156
1/31/2014 10:36:22,1/31/2014,10:36:22,2.27,7.22,55.79,943.43,141
1/31/2014 10:36:52,1/31/2014,10:36:52,3.20,7.22,55.79,943.42,215
1/31/2014 10:37:22,1/31/2014,10:37:22,1.34,7.30,56.40,943.47,221
1/31/2014 10:37:52,1/31/2014,10:37:52,1.76,7.30,55.20,943.44,196
1/31/2014 10:38:22,1/31/2014,10:38:22,2.04,7.30,55.29,943.42,36
1/31/2014 10:38:52,1/31/2014,10:38:52,3.70,7.30,55.20,943.37,160
1/31/2014 10:39:22,1/31/2014,10:39:22,1.99,7.37,55.79,943.39,293
1/31/2014 10:39:52,1/31/2014,10:39:52,3.12,7.37,56.40,943.39,190
1/31/2014 10:40:22,1/31/2014,10:40:22,4.58,7.34,55.29,943.35,177
1/31/2014 10:40:52,1/31/2014,10:40:52,2.83,7.37,56.70,943.32,181
1/31/2014 10:41:22,1/31/2014,10:41:22,2.94,7.42,55.20,943.32,210
1/31/2014 10:41:52,1/31/2014,10:41:52,2.77,7.37,55.09,943.37,170
1/31/2014 10:42:22,1/31/2014,10:42:22,1.11,7.47,55.40,943.40,334
1/31/2014 10:42:52,1/31/2014,10:42:52,2.83,7.50,55.59,943.37,220
1/31/2014 10:43:22,1/31/2014,10:43:22,3.94,7.47,55.20,943.34,192
1/31/2014 10:43:52,1/31/2014,10:43:52,3.73,7.55,55.59,943.32,181
1/31/2014 10:44:22,1/31/2014,10:44:22,2.81,7.55,54.59,943.29,156
1/31/2014 10:44:52,1/31/2014,10:44:52,1.52,7.55,55.59,943.32,189
1/31/2014 10:45:22,1/31/2014,10:45:22,0.00,7.65,54.70,943.35,240
1/31/2014 10:45:52,1/31/2014,10:45:52,1.77,7.62,54.59,943.31,159
1/31/2014 10:46:22,1/31/2014,10:46:22,1.99,7.57,55.09,943.27,237
1/31/2014 10:46:52,1/31/2014,10:46:52,2.02,7.65,56.70,943.25,197
1/31/2014 10:47:22,1/31/2014,10:47:22,2.52,7.62,55.00,943.23,178
1/31/2014 10:47:52,1/31/2014,10:47:52,3.77,7.62,54.59,943.15,141
1/31/2014 10:48:22,1/31/2014,10:48:22,2.94,7.65,55.59,943.14,174
1/31/2014 10:48:52,1/31/2014,10:48:52,1.88,7.69,55.79,943.17,211
1/31/2014 10:49:22,1/31/2014,10:49:22,5.06,7.65,54.90,943.10,185
1/31/2014 10:49:52,1/31/2014,10:49:52,5.58,7.62,55.90,943.08,143
1/31/2014 10:50:22,1/31/2014,10:50:22,3.09,7.62,54.90,943.08,142
1/31/2014 10:50:52,1/31/2014,10:50:52,1.18,7.75,55.40,943.05,284
1/31/2014 10:51:22,1/31/2014,10:51:22,3.26,7.69,54.90,943.05,175
1/31/2014 10:51:52,1/31/2014,10:51:52,3.70,7.69,55.90,942.97,205
1/31/2014 10:52:22,1/31/2014,10:52:22,6.97,7.69,55.90,942.91,166
1/31/2014 10:52:52,1/31/2014,10:52:52,5.09,7.69,55.20,942.92,159
1/31/2014 10:53:22,1/31/2014,10:53:22,2.66,7.69,55.50,942.92,181
1/31/2014 10:53:52,1/31/2014,10:53:52,4.87,7.69,54.79,942.88,202
1/31/2014 10:54:22,1/31/2014,10:54:22,4.85,7.69,55.79,942.84,182
1/31/2014 10:54:52,1/31/2014,10:54:52,8.40,7.69,55.90,942.80,155
1/31/2014 10:55:22,1/31/2014,10:55:22,4.13,7.69,55.29,942.80,168
1/31/2014 10:55:52,1/31/2014,10:55:52,4.87,7.75,55.29,942.77,201
1/31/2014 10:56:22,1/31/2014,10:56:22,1.93,7.77,56.29,942.78,198
1/31/2014 10:56:52,1/31/2014,10:56:52,5.09,7.75,55.20,942.67,169
1/31/2014 10:57:22,1/31/2014,10:57:22,1.84,7.77,55.50,942.68,208
1/31/2014 10:57:52,1/31/2014,10:57:52,1.99,7.77,55.79,942.66,174
1/31/2014 10:58:22,1/31/2014,10:58:22,2.92,7.77,55.70,942.59,209
1/31/2014 10:58:52,1/31/2014,10:58:52,2.26,7.77,56.29,942.57,199
1/31/2014 10:59:22,1/31/2014,10:59:22,3.38,7.77,56.70,942.51,176
1/31/2014 10:59:52,1/31/2014,10:59:52,2.91,7.77,55.90,942.44,153
1/31/2014 11:00:22,1/31/2014,11:00:22,2.84,7.77,54.90,942.42,165
1/31/2014 11:00:52,1/31/2014,11:00:52,2.51,7.77,55.50,942.41,194
1/31/2014 11:01:22,1/31/2014,11:01:22,2.18,7.77,55.09,942.41,192
1/31/2014 11:01:52,1/31/2014,11:01:52,1.48,7.84,55.50,942.41,159
1/31/2014 11:02:22,1/31/2014,11:02:22,4.58,7.77,55.29,942.34,173
1/31/2014 11:02:52,1/31/2014,11:02:52,3.61,7.77,54.79,942.37,206
1/31/2014 11:03:22,1/31/2014,11:03:22,3.06,7.77,54.90,942.40,198
1/31/2014 11:03:52,1/31/2014,11:03:52,6.59,7.77,56.09,942.35,162
1/31/2014 11:04:22,1/31/2014,11:04:22,6.20,7.77,56.20,942.34,173
1/31/2014 11:04:52,1/31/2014,11:04:52,4.42,7.77,55.40,942.37,163
1/31/2014 11:05:22,1/31/2014,11:05:22,1.19,7.77,56.20,942.41,14
1/31/2014 11:05:52,1/31/2014,11:05:52,4.24,7.77,56.00,942.33,180
1/31/2014 11:06:22,1/31/2014,11:06:22,3.90,7.77,55.29,942.26,186
1/31/2014 11:06:52,1/31/2014,11:06:52,2.95,7.77,55.20,942.27,155
1/31/2014 11:07:22,1/31/2014,11:07:22,2.12,7.77,55.00,942.28,179
1/31/2014 11:07:52,1/31/2014,11:07:52,5.06,7.77,56.50,942.18,206
1/31/2014 11:08:22,1/31/2014,11:08:22,5.54,7.75,56.29,942.13,173
1/31/2014 11:08:52,1/31/2014,11:08:52,3.23,7.77,55.59,942.21,198
1/31/2014 11:09:22,1/31/2014,11:09:22,2.26,7.77,55.59,942.20,165
1/31/2014 11:09:52,1/31/2014,11:09:52,2.52,7.77,55.29,942.19,173
1/31/2014 11:10:22,1/31/2014,11:10:22,4.36,7.77,55.50,942.19,170
1/31/2014 11:10:52,1/31/2014,11:10:52,1.83,7.77,55.79,942.23,148
1/31/2014 11:11:22,1/31/2014,11:11:22,4.91,7.75,55.79,942.16,204
1/31/2014 11:11:52,1/31/2014,11:11:52,3.12,7.77,55.29,942.20,187
1/31/2014 11:12:22,1/31/2014,11:12:22,5.48,7.75,55.40,942.15,182
1/31/2014 11:12:52,1/31/2014,11:12:52,4.66,7.75,55.79,942.12,162
1/31/2014 11:13:22,1/31/2014,11:13:22,2.84,7.75,55.90,942.15,208
1/31/2014 11:13:52,1/31/2014,11:13:52,3.33,7.77,55.20,942.15,168
1/31/2014 11:14:22,1/31/2014,11:14:22,3.08,7.75,55.50,942.12,168
1/31/2014 11:14:52,1/31/2014,11:14:52,2.09,7.75,55.79,942.18,201
1/31/2014 11:15:22,1/31/2014,11:15:22,2.02,7.77,55.50,942.21,207
1/31/2014 11:15:52,1/31/2014,11:15:52,1.23,7.77,55.59,942.20,173
1/31/2014 11:16:22,1/31/2014,11:16:22,3.24,7.77,55.90,942.12,210
1/31/2014 11:16:52,1/31/2014,11:16:52,1.20,7.77,55.29,942.16,166
1/31/2014 11:17:22,1/31/2014,11:17:22,3.98,7.77,56.00,942.15,199
1/31/2014 11:17:52,1/31/2014,11:17:52,4.11,7.77,55.29,942.07,185
1/31/2014 11:18:22,1/31/2014,11:18:22,3.90,7.77,55.29,942.06,207
1/31/2014 11:18:52,1/31/2014,11:18:52,2.84,7.77,55.50,942.10,235
1/31/2014 11:19:22,1/31/2014,11:19:22,5.22,7.77,55.90,942.00,182
1/31/2014 11:19:52,1/31/2014,11:19:52,2.15,7.77,55.29,942.06,172
1/31/2014 11:20:22,1/31/2014,11:20:22,2.70,7.77,55.00,942.07,180
1/31/2014 11:20:52,1/31/2014,11:20:52,3.06,7.77,55.29,942.06,169
1/31/2014 11:21:22,1/31/2014,11:21:22,4.95,7.77,55.40,942.04,148
1/31/2014 11:21:52,1/31/2014,11:21:52,2.66,7.77,55.00,942.08,187
1/31/2014 11:22:22,1/31/2014,11:22:22,1.83,7.77,56.29,942.06,203
1/31/2014 11:22:52,1/31/2014,11:22:52,2.98,7.75,55.70,942.08,218
1/31/2014 11:23:22,1/31/2014,11:23:22,3.44,7.77,55.29,942.07,205
1/31/2014 11:23:52,1/31/2014,11:23:52,2.01,7.77,56.00,942.12,184
1/31/2014 11:24:22,1/31/2014,11:24:22,1.90,7.77,54.90,942.16,157
1/31/2014 11:24:52,1/31/2014,11:24:52,1.56,7.77,55.50,942.12,193
1/31/2014 11:25:22,1/31/2014,11:25:22,2.97,7.75,55.90,942.11,164
1/31/2014 11:25:52,1/31/2014,11:25:52,3.44,7.77,55.70,942.03,155
1/31/2014 11:26:22,1/31/2014,11:26:22,2.23,7.77,55.40,942.06,151
1/31/2014 11:26:52,1/31/2014,11:26:52,3.62,7.75,55.00,942.03,161
1/31/2014 11:27:22,1/31/2014,11:27:22,3.42,7.75,55.70,942.03,156
1/31/2014 11:27:52,1/31/2014,11:27:52,4.55,7.69,55.20,941.98,177
1/31/2014 11:28:22,1/31/2014,11:28:22,1.61,7.75,55.40,942.01,155
1/31/2014 11:28:52,1/31/2014,11:28:52,2.30,7.77,55.59,942.01,227
1/31/2014 11:29:22,1/31/2014,11:29:22,0.37,7.82,55.40,942.06,167
1/31/2014 11:29:52,1/31/2014,11:29:52,1.95,7.77,55.59,942.01,195
1/31/2014 11:30:22,1/31/2014,11:30:22,2.54,7.69,55.59,942.01,177
1/31/2014 11:30:52,1/31/2014,11:30:52,0.56,7.77,55.50,942.08,187
1/31/2014 11:31:22,1/31/2014,11:31:22,3.15,7.77,55.09,942.02,174
1/31/2014 11:31:52,1/31/2014,11:31:52,5.33,7.75,55.79,941.99,186
1/31/2014 11:32:22,1/31/2014,11:32:22,4.22,7.75,55.29,942.02,207
1/31/2014 11:32:52,1/31/2014,11:32:52,0.72,7.77,55.50,942.06,257
1/31/2014 11:33:22,1/31/2014,11:33:22,2.76,7.77,55.20,942.01,206
1/31/2014 11:33:52,1/31/2014,11:33:52,5.04,7.75,56.20,941.93,177
1/31/2014 11:34:22,1/31/2014,11:34:22,3.55,7.77,55.79,941.98,183
1/31/2014 11:34:52,1/31/2014,11:34:52,2.13,7.77,56.09,942.00,174
1/31/2014 11:35:22,1/31/2014,11:35:22,2.42,7.77,55.29,941.91,201
1/31/2014 11:35:52,1/31/2014,11:35:52,5.10,7.75,56.09,941.93,179
1/31/2014 11:36:22,1/31/2014,11:36:22,4.55,7.69,55.40,941.93,163
1/31/2014 11:36:52,1/31/2014,11:36:52,4.17,7.77,55.50,941.93,195
1/31/2014 11:37:22,1/31/2014,11:37:22,3.11,7.75,55.70,941.97,189
1/31/2014 11:37:52,1/31/2014,11:37:52,3.24,7.75,55.90,941.97,168
1/31/2014 11:38:22,1/31/2014,11:38:22,4.38,7.75,54.79,941.93,185
1/31/2014 11:38:52,1/31/2014,11:38:52,3.74,7.77,56.00,942.00,209
1/31/2014 11:39:22,1/31/2014,11:39:22,2.83,7.77,54.59,941.97,178
1/31/2014 11:39:52,1/31/2014,11:39:52,6.97,7.77,55.90,941.84,168
1/31/2014 11:40:22,1/31/2014,11:40:22,5.55,7.65,55.79,941.92,192
1/31/2014 11:40:52,1/31/2014,11:40:52,6.76,7.65,55.90,941.83,180
1/31/2014 11:41:22,1/31/2014,11:41:22,7.40,7.69,55.79,941.78,153
1/31/2014 11:41:52,1/31/2014,11:41:52,2.55,7.69,56.00,941.84,349
1/31/2014 11:42:22,1/31/2014,11:42:22,5.34,7.69,55.59,941.85,169
1/31/2014 11:42:52,1/31/2014,11:42:52,3.79,7.65,55.40,941.82,172
1/31/2014 11:43:22,1/31/2014,11:43:22,4.81,7.69,55.90,941.80,165
1/31/2014 11:43:52,1/31/2014,11:43:52,3.37,7.69,55.29,941.82,183
1/31/2014 11:44:22,1/31/2014,11:44:22,2.41,7.65,55.29,941.76,357
1/31/2014 11:44:52,1/31/2014,11:44:52,4.90,7.65,55.90,941.78,185
1/31/2014 11:45:22,1/31/2014,11:45:22,6.54,7.65,55.90,941.76,148
1/31/2014 11:45:52,1/31/2014,11:45:52,3.55,7.55,55.29,941.83,197
1/31/2014 11:46:22,1/31/2014,11:46:22,1.33,7.55,56.29,941.85,162
1/31/2014 11:46:52,1/31/2014,11:46:52,7.76,7.62,56.09,941.76,193
1/31/2014 11:47:22,1/31/2014,11:47:22,4.38,7.55,55.50,941.83,162
1/31/2014 11:47:52,1/31/2014,11:47:52,3.16,7.37,56.09,941.83,102
1/31/2014 11:48:22,1/31/2014,11:48:22,1.26,7.34,57.90,941.86,164
1/31/2014 11:48:52,1/31/2014,11:48:52,2.97,7.30,58.20,941.83,210
1/31/2014 11:49:22,1/31/2014,11:49:22,3.72,7.37,56.40,941.83,180
1/31/2014 11:49:52,1/31/2014,11:49:52,1.13,7.34,57.59,941.87,155
1/31/2014 11:50:22,1/31/2014,11:50:22,4.31,7.34,55.50,941.84,170
1/31/2014 11:50:52,1/31/2014,11:50:52,6.51,7.37,56.59,941.84,156
1/31/2014 11:51:22,1/31/2014,11:51:22,2.04,7.17,57.79,941.92,158
1/31/2014 11:51:52,1/31/2014,11:51:52,5.72,7.02,59.20,941.85,175
1/31/2014 11:52:22,1/31/2014,11:52:22,1.58,7.07,60.59,941.92,204
1/31/2014 11:52:52,1/31/2014,11:52:52,1.37,7.07,60.40,941.90,122
1/31/2014 11:53:22,1/31/2014,11:53:22,6.29,7.15,57.79,941.75,175
1/31/2014 11:53:52,1/31/2014,11:53:52,4.27,7.15,57.29,941.73,180
1/31/2014 11:54:22,1/31/2014,11:54:22,0.16,7.07,58.70,941.84,233
1/31/2014 11:54:52,1/31/2014,11:54:52,0.41,7.07,59.09,941.84,167
1/31/2014 11:55:22,1/31/2014,11:55:22,0.83,7.09,59.40,941.80,239
1/31/2014 11:55:52,1/31/2014,11:55:52,4.30,7.22,57.29,941.73,162
1/31/2014 11:56:22,1/31/2014,11:56:22,0.38,7.09,58.20,941.82,296
1/31/2014 11:56:52,1/31/2014,11:56:52,3.29,7.22,56.40,941.77,208
1/31/2014 11:57:22,1/31/2014,11:57:22,4.62,7.27,57.00,941.75,196
1/31/2014 11:57:52,1/31/2014,11:57:52,1.18,7.17,56.90,941.84,317
1/31/2014 11:58:22,1/31/2014,11:58:22,2.58,7.17,58.29,941.83,189
1/31/2014 11:58:52,1/31/2014,11:58:52,3.11,7.22,56.70,941.78,173
1/31/2014 11:59:22,1/31/2014,11:59:22,3.62,7.22,56.20,941.77,177
1/31/2014 11:59:52,1/31/2014,11:59:52,6.84,7.15,57.20,941.70,158
1/31/2014 12:00:22,1/31/2014,12:00:22,4.33,7.22,56.40,941.72,159
1/31/2014 12:00:52,1/31/2014,12:00:52,3.17,7.15,56.70,941.73,165
1/31/2014 12:01:22,1/31/2014,12:01:22,4.76,7.22,56.29,941.72,183
1/31/2014 12:01:52,1/31/2014,12:01:52,0.61,7.07,56.70,941.74,339
1/31/2014 12:02:22,1/31/2014,12:02:22,2.55,7.15,57.29,941.73,202
1/31/2014 12:02:52,1/31/2014,12:02:52,3.81,7.17,57.00,941.67,198
1/31/2014 12:03:22,1/31/2014,12:03:22,2.66,7.15,56.70,941.65,167
1/31/2014 12:03:52,1/31/2014,12:03:52,2.52,7.02,57.29,941.67,130
1/31/2014 12:04:22,1/31/2014,12:04:22,2.99,7.02,57.00,941.64,158
1/31/2014 12:04:52,1/31/2014,12:04:52,1.26,7.00,57.50,941.66,139
1/31/2014 12:05:22,1/31/2014,12:05:22,3.40,7.00,57.00,941.58,161
1/31/2014 12:05:52,1/31/2014,12:05:52,2.05,7.00,57.79,941.59,233
1/31/2014 12:06:22,1/31/2014,12:06:22,2.04,7.02,57.20,941.56,187
1/31/2014 12:06:52,1/31/2014,12:06:52,0.20,7.00,57.70,941.60,349
1/31/2014 12:07:22,1/31/2014,12:07:22,0.90,7.00,58.40,941.57,194
1/31/2014 12:07:52,1/31/2014,12:07:52,2.30,7.15,57.29,941.50,150
1/31/2014 12:08:22,1/31/2014,12:08:22,2.01,7.07,57.20,941.48,180
1/31/2014 12:08:52,1/31/2014,12:08:52,1.54,7.07,57.20,941.48,219
1/31/2014 12:09:22,1/31/2014,12:09:22,1.97,7.07,57.50,941.49,226
1/31/2014 12:09:52,1/31/2014,12:09:52,3.22,7.15,56.79,941.44,199
1/31/2014 12:10:22,1/31/2014,12:10:22,3.11,7.07,57.20,941.46,187
1/31/2014 12:10:52,1/31/2014,12:10:52,2.33,6.94,58.09,941.42,233
1/31/2014 12:11:22,1/31/2014,12:11:22,2.09,6.82,59.79,941.44,18
1/31/2014 12:11:52,1/31/2014,12:11:52,1.30,6.82,60.90,941.46,129
1/31/2014 12:12:22,1/31/2014,12:12:22,2.11,6.80,61.40,941.41,204
1/31/2014 12:12:52,1/31/2014,12:12:52,3.88,6.75,60.90,941.35,205
1/31/2014 12:13:22,1/31/2014,12:13:22,2.01,6.80,61.40,941.35,191
1/31/2014 12:13:52,1/31/2014,12:13:52,0.05,6.82,62.09,941.40,131
1/31/2014 12:14:22,1/31/2014,12:14:22,0.33,6.82,62.00,941.34,297
1/31/2014 12:14:52,1/31/2014,12:14:52,0.73,6.82,62.40,941.41,197
1/31/2014 12:15:22,1/31/2014,12:15:22,3.44,6.75,62.20,941.35,346
1/31/2014 12:15:52,1/31/2014,12:15:52,3.88,6.69,62.09,941.33,180
1/31/2014 12:16:22,1/31/2014,12:16:22,4.60,6.69,62.59,941.32,175
1/31/2014 12:16:52,1/31/2014,12:16:52,4.38,6.69,63.20,941.29,147
1/31/2014 12:17:22,1/31/2014,12:17:22,2.33,6.69,64.30,941.34,200
1/31/2014 12:17:52,1/31/2014,12:17:52,3.19,6.67,64.09,941.37,211
1/31/2014 12:18:22,1/31/2014,12:18:22,2.40,6.67,64.90,941.35,170
1/31/2014 12:18:52,1/31/2014,12:18:52,3.24,6.67,64.69,941.37,213
1/31/2014 12:19:22,1/31/2014,12:19:22,0.61,6.67,65.69,941.40,200
1/31/2014 12:19:52,1/31/2014,12:19:52,2.54,6.67,65.59,941.35,172
1/31/2014 12:20:22,1/31/2014,12:20:22,2.94,6.67,65.50,941.32,148
1/31/2014 12:20:52,1/31/2014,12:20:52,0.08,6.75,66.40,941.35,199
1/31/2014 12:21:22,1/31/2014,12:21:22,1.54,6.67,66.40,941.33,191
1/31/2014 12:21:52,1/31/2014,12:21:52,2.06,6.67,66.09,941.33,254
1/31/2014 12:22:22,1/31/2014,12:22:22,2.70,6.67,66.00,941.31,180
1/31/2014 12:22:52,1/31/2014,12:22:52,0.09,6.67,66.59,941.37,166
1/31/2014 12:23:22,1/31/2014,12:23:22,0.68,6.67,66.50,941.32,240
1/31/2014 12:23:52,1/31/2014,12:23:52,5.48,6.67,64.80,941.17,168
1/31/2014 12:24:22,1/31/2014,12:24:22,4.26,6.62,66.09,941.10,213
1/31/2014 12:24:52,1/31/2014,12:24:52,1.11,6.67,67.09,941.18,180
1/31/2014 12:25:22,1/31/2014,12:25:22,0.22,6.67,67.40,941.20,215
1/31/2014 12:25:52,1/31/2014,12:25:52,0.00,6.67,67.69,941.25,186
1/31/2014 12:26:22,1/31/2014,12:26:22,3.34,6.67,68.00,941.14,169
1/31/2014 12:26:52,1/31/2014,12:26:52,0.37,6.67,68.00,941.18,183
1/31/2014 12:27:22,1/31/2014,12:27:22,0.45,6.67,68.09,941.21,230
1/31/2014 12:27:52,1/31/2014,12:27:52,0.00,6.67,68.19,941.22,188
1/31/2014 12:28:22,1/31/2014,12:28:22,1.45,6.67,68.40,941.13,182
1/31/2014 12:28:52,1/31/2014,12:28:52,1.40,6.67,68.59,941.09,176
1/31/2014 12:29:22,1/31/2014,12:29:22,0.00,6.69,68.50,941.16,187
1/31/2014 12:29:52,1/31/2014,12:29:52,0.00,6.69,68.69,941.13,335
1/31/2014 12:30:22,1/31/2014,12:30:22,0.08,6.67,68.90,941.12,177
1/31/2014 12:30:52,1/31/2014,12:30:52,0.54,6.67,69.09,941.06,179
1/31/2014 12:31:22,1/31/2014,12:31:22,0.84,6.67,69.00,941.06,184
1/31/2014 12:31:52,1/31/2014,12:31:52,0.00,6.67,51.70,941.07,196
1/31/2014 12:32:22,1/31/2014,12:32:22,0.00,6.69,0.10,941.06,200
1/31/2014 12:32:52,1/31/2014,12:32:52,0.77,6.67,0.10,941.03,228
1/31/2014 12:33:22,1/31/2014,12:33:22,0.00,6.69,0.10,941.00,198
1/31/2014 12:33:52,1/31/2014,12:33:52,0.00,6.67,0.10,940.99,152
1/31/2014 12:34:22,1/31/2014,12:34:22,0.00,6.75,0.10,940.91,329
1/31/2014 12:34:52,1/31/2014,12:34:52,0.13,6.69,0.10,940.88,180
1/31/2014 12:35:22,1/31/2014,12:35:22,0.00,6.75,0.10,940.86,282
1/31/2014 12:35:52,1/31/2014,12:35:52,0.00,6.75,0.10,940.82,188
1/31/2014 12:36:22,1/31/2014,12:36:22,0.54,6.67,0.10,940.79,141
1/31/2014 12:36:52,1/31/2014,12:36:52,1.33,6.67,0.10,940.70,163
1/31/2014 12:37:22,1/31/2014,12:37:22,0.22,6.67,0.10,940.77,169
1/31/2014 12:37:52,1/31/2014,12:37:52,0.94,6.67,0.10,940.70,201
1/31/2014 12:38:22,1/31/2014,12:38:22,0.24,6.67,0.10,940.66,188
1/31/2014 12:38:52,1/31/2014,12:38:52,0.00,6.75,0.10,940.74,220
1/31/2014 12:39:22,1/31/2014,12:39:22,1.59,6.67,0.10,940.61,190
1/31/2014 12:39:52,1/31/2014,12:39:52,0.52,6.69,0.10,940.63,165
1/31/2014 12:40:22,1/31/2014,12:40:22,1.87,6.67,0.10,940.54,153
1/31/2014 12:40:52,1/31/2014,12:40:52,0.29,6.67,0.10,940.64,186
1/31/2014 12:41:22,1/31/2014,12:41:22,1.76,6.67,0.10,940.54,229
1/31/2014 12:41:52,1/31/2014,12:41:52,1.54,6.67,0.10,940.51,215
1/31/2014 12:42:22,1/31/2014,12:42:22,1.73,6.67,0.10,940.47,155
1/31/2014 12:42:52,1/31/2014,12:42:52,0.11,6.75,0.10,940.56,183
1/31/2014 12:43:22,1/31/2014,12:43:22,0.97,6.67,0.10,940.53,177
1/31/2014 12:43:52,1/31/2014,12:43:52,0.22,6.69,0.10,940.54,247
1/31/2014 12:44:22,1/31/2014,12:44:22,0.83,6.67,0.10,940.56,188
1/31/2014 12:44:52,1/31/2014,12:44:52,0.00,6.69,0.10,940.58,196
1/31/2014 12:45:22,1/31/2014,12:45:22,1.38,6.67,0.10,940.48,193
1/31/2014 12:45:52,1/31/2014,12:45:52,0.45,6.69,0.10,940.53,241
1/31/2014 12:46:22,1/31/2014,12:46:22,0.79,6.69,0.10,940.51,196
1/31/2014 12:46:52,1/31/2014,12:46:52,0.77,6.67,0.10,940.53,215
1/31/2014 12:47:22,1/31/2014,12:47:22,0.51,6.69,0.10,940.44,84
1/31/2014 12:47:52,1/31/2014,12:47:52,0.74,6.69,0.10,940.44,186
1/31/2014 12:48:22,1/31/2014,12:48:22,0.22,6.75,0.10,940.47,210
1/31/2014 12:48:52,1/31/2014,12:48:52,3.92,6.67,0.10,940.37,193
1/31/2014 12:49:22,1/31/2014,12:49:22,3.63,6.67,0.10,940.32,208
1/31/2014 12:49:52,1/31/2014,12:49:52,5.92,6.67,0.10,940.29,201
1/31/2014 12:50:22,1/31/2014,12:50:22,0.41,6.75,0.10,940.37,327
1/31/2014 12:50:52,1/31/2014,12:50:52,1.88,6.69,0.10,940.36,192
1/31/2014 12:51:22,1/31/2014,12:51:22,2.91,6.67,0.10,940.31,204
1/31/2014 12:51:52,1/31/2014,12:51:52,1.36,6.69,0.10,940.35,148
1/31/2014 12:52:22,1/31/2014,12:52:22,2.20,6.67,0.10,940.29,182
1/31/2014 12:52:52,1/31/2014,12:52:52,4.54,6.62,0.10,940.28,203
1/31/2014 12:53:22,1/31/2014,12:53:22,1.65,6.67,0.10,940.26,172
1/31/2014 12:53:52,1/31/2014,12:53:52,3.63,6.67,0.10,940.20,166
1/31/2014 12:54:22,1/31/2014,12:54:22,7.16,6.59,0.10,940.11,173
1/31/2014 12:54:52,1/31/2014,12:54:52,3.72,6.62,0.10,940.09,223
1/31/2014 12:55:22,1/31/2014,12:55:22,4.88,6.62,0.10,940.11,167
1/31/2014 12:55:52,1/31/2014,12:55:52,6.65,6.59,0.10,940.02,180
1/31/2014 12:56:22,1/31/2014,12:56:22,5.12,6.59,0.10,940.11,188
1/31/2014 12:56:52,1/31/2014,12:56:52,5.10,6.59,0.10,940.03,199
1/31/2014 12:57:22,1/31/2014,12:57:22,5.35,6.59,0.10,939.98,180
1/31/2014 12:57:52,1/31/2014,12:57:52,6.22,6.59,0.10,939.92,177
1/31/2014 12:58:22,1/31/2014,12:58:22,4.02,6.62,0.10,939.96,138
1/31/2014 12:58:52,1/31/2014,12:58:52,2.08,6.67,0.10,940.03,106
1/31/2014 12:59:22,1/31/2014,12:59:22,6.08,6.62,0.10,939.97,170
1/31/2014 12:59:52,1/31/2014,12:59:52,4.67,6.59,0.10,940.05,200
1/31/2014 13:00:22,1/31/2014,13:00:22,6.72,6.59,0.10,940.03,171
1/31/2014 13:00:52,1/31/2014,13:00:52,7.28,6.59,0.10,940.01,195
1/31/2014 13:01:22,1/31/2014,13:01:22,6.58,6.59,0.10,940.04,181
1/31/2014 13:01:52,1/31/2014,13:01:52,3.29,6.62,0.10,940.11,180
1/31/2014 13:02:22,1/31/2014,13:02:22,1.31,6.67,0.10,940.09,271
1/31/2014 13:02:52,1/31/2014,13:02:52,1.30,6.67,0.10,940.09,162
1/31/2014 13:03:22,1/31/2014,13:03:22,2.54,6.62,0.10,940.09,21
1/31/2014 13:03:52,1/31/2014,13:03:52,5.48,6.62,0.10,940.05,188
1/31/2014 13:04:22,1/31/2014,13:04:22,2.95,6.67,0.10,940.08,190
1/31/2014 13:04:52,1/31/2014,13:04:52,5.51,6.62,0.10,940.01,162
1/31/2014 13:05:22,1/31/2014,13:05:22,1.20,6.67,0.10,940.09,161
1/31/2014 13:05:52,1/31/2014,13:05:52,2.73,6.67,0.10,940.05,131
1/31/2014 13:06:22,1/31/2014,13:06:22,1.77,6.67,0.10,940.05,208
1/31/2014 13:06:52,1/31/2014,13:06:52,0.68,6.69,0.10,940.05,306
1/31/2014 13:07:22,1/31/2014,13:07:22,0.00,6.75,0.10,940.04,267
1/31/2014 13:07:52,1/31/2014,13:07:52,1.31,6.69,0.10,940.02,188
1/31/2014 13:08:22,1/31/2014,13:08:22,3.67,6.67,0.10,939.98,160
1/31/2014 13:08:52,1/31/2014,13:08:52,1.63,6.69,0.10,940.00,189
1/31/2014 13:09:22,1/31/2014,13:09:22,3.29,6.67,0.10,939.95,323
1/31/2014 13:09:52,1/31/2014,13:09:52,2.76,6.67,0.10,940.00,167
1/31/2014 13:10:22,1/31/2014,13:10:22,5.26,6.67,0.10,939.95,186
1/31/2014 13:10:52,1/31/2014,13:10:52,6.04,6.67,0.10,939.91,183
1/31/2014 13:11:22,1/31/2014,13:11:22,2.90,6.67,0.10,939.93,158
1/31/2014 13:11:52,1/31/2014,13:11:52,2.87,6.67,0.10,939.95,205
1/31/2014 13:12:22,1/31/2014,13:12:22,6.34,6.62,0.10,939.86,195
1/31/2014 13:12:52,1/31/2014,13:12:52,3.73,6.67,0.10,939.89,248
1/31/2014 13:13:22,1/31/2014,13:13:22,4.01,6.67,0.10,939.87,196
1/31/2014 13:13:52,1/31/2014,13:13:52,6.66,6.59,0.10,939.82,196
1/31/2014 13:14:22,1/31/2014,13:14:22,4.65,6.62,0.10,939.83,202
1/31/2014 13:14:52,1/31/2014,13:14:52,3.61,6.59,0.10,939.87,192
1/31/2014 13:15:22,1/31/2014,13:15:22,4.26,6.59,0.10,939.94,165
1/31/2014 13:15:52,1/31/2014,13:15:52,2.62,6.62,0.10,939.91,179
1/31/2014 13:16:22,1/31/2014,13:16:22,5.05,6.59,0.10,939.86,201
1/31/2014 13:16:52,1/31/2014,13:16:52,1.43,6.67,0.10,939.92,212
1/31/2014 13:17:22,1/31/2014,13:17:22,6.01,6.62,0.10,939.96,209
1/31/2014 13:17:52,1/31/2014,13:17:52,7.06,6.59,0.10,939.84,202
1/31/2014 13:18:22,1/31/2014,13:18:22,6.65,6.59,0.10,939.75,181
1/31/2014 13:18:52,1/31/2014,13:18:52,7.60,6.59,0.10,939.80,151
1/31/2014 13:19:22,1/31/2014,13:19:22,5.88,6.62,0.10,939.74,250
1/31/2014 13:19:52,1/31/2014,13:19:52,1.84,6.67,0.10,939.88,193
1/31/2014 13:20:22,1/31/2014,13:20:22,5.54,6.62,0.10,939.75,168
1/31/2014 13:20:52,1/31/2014,13:20:52,6.20,6.62,0.10,939.75,208
1/31/2014 13:21:22,1/31/2014,13:21:22,4.33,6.62,0.10,939.75,187
1/31/2014 13:21:52,1/31/2014,13:21:52,5.13,6.62,0.10,939.76,152
1/31/2014 13:22:22,1/31/2014,13:22:22,3.74,6.67,0.10,939.73,212
1/31/2014 13:22:52,1/31/2014,13:22:52,4.29,6.67,0.10,939.68,204
1/31/2014 13:23:22,1/31/2014,13:23:22,1.16,6.67,0.10,939.77,213
1/31/2014 13:23:52,1/31/2014,13:23:52,5.01,6.67,0.10,939.70,177
1/31/2014 13:24:22,1/31/2014,13:24:22,3.88,6.67,0.10,939.71,186
1/31/2014 13:24:52,1/31/2014,13:24:52,2.33,6.67,0.10,939.75,232
1/31/2014 13:25:22,1/31/2014,13:25:22,3.38,6.67,0.10,939.69,155
1/31/2014 13:25:52,1/31/2014,13:25:52,0.63,6.67,0.10,939.69,194
1/31/2014 13:26:22,1/31/2014,13:26:22,2.06,6.67,0.10,939.70,167
1/31/2014 13:26:52,1/31/2014,13:26:52,0.98,6.67,0.10,939.77,181
1/31/2014 13:27:22,1/31/2014,13:27:22,3.29,6.67,0.10,939.76,171
1/31/2014 13:27:52,1/31/2014,13:27:52,2.58,6.67,0.10,939.70,181
1/31/2014 13:28:22,1/31/2014,13:28:22,1.04,6.75,0.10,939.73,163
1/31/2014 13:28:52,1/31/2014,13:28:52,0.15,6.75,0.10,939.75,204
1/31/2014 13:29:22,1/31/2014,13:29:22,3.81,6.67,0.10,939.61,208
1/31/2014 13:29:52,1/31/2014,13:29:52,3.19,6.67,0.10,939.63,125
1/31/2014 13:30:22,1/31/2014,13:30:22,3.37,6.67,0.10,939.68,244
1/31/2014 13:30:52,1/31/2014,13:30:52,2.61,6.67,0.10,939.67,191
1/31/2014 13:31:22,1/31/2014,13:31:22,4.31,6.67,0.10,939.61,178
1/31/2014 13:31:52,1/31/2014,13:31:52,2.31,6.67,0.10,939.63,200
1/31/2014 13:32:22,1/31/2014,13:32:22,2.51,6.67,0.10,939.61,202
1/31/2014 13:32:52,1/31/2014,13:32:52,1.70,6.67,0.10,939.67,166
1/31/2014 13:33:22,1/31/2014,13:33:22,0.06,6.75,0.10,939.71,333
1/31/2014 13:33:52,1/31/2014,13:33:52,0.00,6.69,0.10,939.67,345
1/31/2014 13:34:22,1/31/2014,13:34:22,3.77,6.67,0.10,939.57,180
1/31/2014 13:34:52,1/31/2014,13:34:52,2.11,6.67,0.10,939.59,200
1/31/2014 13:35:22,1/31/2014,13:35:22,1.91,6.67,0.10,939.62,189
1/31/2014 13:35:52,1/31/2014,13:35:52,1.52,6.67,0.10,939.62,187
1/31/2014 13:36:22,1/31/2014,13:36:22,4.90,6.59,0.10,939.58,189
1/31/2014 13:36:52,1/31/2014,13:36:52,2.97,6.67,0.10,939.59,256
1/31/2014 13:37:22,1/31/2014,13:37:22,2.26,6.67,0.10,939.54,190
1/31/2014 13:37:52,1/31/2014,13:37:52,2.40,6.62,0.10,939.52,180
1/31/2014 13:38:22,1/31/2014,13:38:22,2.69,6.62,0.10,939.56,145
1/31/2014 13:38:52,1/31/2014,13:38:52,3.01,6.62,0.10,939.48,197
1/31/2014 13:39:22,1/31/2014,13:39:22,0.00,6.62,0.10,939.58,202
1/31/2014 13:39:52,1/31/2014,13:39:52,0.19,6.67,0.10,939.62,134
1/31/2014 13:40:22,1/31/2014,13:40:22,0.09,6.67,0.10,939.59,250
1/31/2014 13:40:52,1/31/2014,13:40:52,5.65,6.59,0.10,939.49,204
1/31/2014 13:41:22,1/31/2014,13:41:22,2.72,6.59,0.10,939.50,180
1/31/2014 13:41:52,1/31/2014,13:41:52,3.33,6.62,0.10,939.47,193
1/31/2014 13:42:22,1/31/2014,13:42:22,2.70,6.62,0.10,939.47,189
1/31/2014 13:42:52,1/31/2014,13:42:52,3.05,6.62,0.10,939.49,163
1/31/2014 13:43:22,1/31/2014,13:43:22,2.74,6.62,0.10,939.51,202
1/31/2014 13:43:52,1/31/2014,13:43:52,2.27,6.62,0.10,939.57,161
1/31/2014 13:44:22,1/31/2014,13:44:22,2.49,6.67,0.10,939.54,181
1/31/2014 13:44:52,1/31/2014,13:44:52,2.69,6.67,0.10,939.53,205
1/31/2014 13:45:22,1/31/2014,13:45:22,1.24,6.67,0.10,939.51,65
1/31/2014 13:45:52,1/31/2014,13:45:52,1.33,6.67,0.10,939.49,216
1/31/2014 13:46:22,1/31/2014,13:46:22,3.33,6.67,0.10,939.51,164
1/31/2014 13:46:52,1/31/2014,13:46:52,4.30,6.67,0.10,939.36,173
1/31/2014 13:47:22,1/31/2014,13:47:22,0.29,6.69,0.10,939.43,160
1/31/2014 13:47:52,1/31/2014,13:47:52,2.41,6.67,0.10,939.47,169
1/31/2014 13:48:22,1/31/2014,13:48:22,5.02,6.67,0.10,939.42,183
1/31/2014 13:48:52,1/31/2014,13:48:52,2.47,6.67,0.10,939.41,192
1/31/2014 13:49:22,1/31/2014,13:49:22,4.37,6.67,0.10,939.39,168
1/31/2014 13:49:52,1/31/2014,13:49:52,3.20,6.67,0.10,939.36,200
1/31/2014 13:50:22,1/31/2014,13:50:22,0.30,6.69,0.10,939.45,236
1/31/2014 13:50:52,1/31/2014,13:50:52,4.62,6.67,0.10,939.34,160
1/31/2014 13:51:22,1/31/2014,13:51:22,0.83,6.69,0.10,939.42,167
1/31/2014 13:51:52,1/31/2014,13:51:52,0.37,6.69,0.10,939.43,246
1/31/2014 13:52:22,1/31/2014,13:52:22,1.73,6.67,0.10,939.41,202
1/31/2014 13:52:52,1/31/2014,13:52:52,1.87,6.69,0.10,939.36,204
1/31/2014 13:53:22,1/31/2014,13:53:22,3.47,6.69,0.10,939.32,182
1/31/2014 13:53:52,1/31/2014,13:53:52,1.59,6.69,0.10,939.35,203
1/31/2014 13:54:22,1/31/2014,13:54:22,3.09,6.69,0.10,939.31,215
1/31/2014 13:54:52,1/31/2014,13:54:52,2.05,6.69,0.10,939.31,198
1/31/2014 13:55:22,1/31/2014,13:55:22,3.81,6.67,0.10,939.27,151
1/31/2014 13:55:52,1/31/2014,13:55:52,4.19,6.69,0.10,939.21,198
1/31/2014 13:56:22,1/31/2014,13:56:22,2.18,6.75,0.10,939.16,230
1/31/2014 13:56:52,1/31/2014,13:56:52,2.65,6.69,0.10,939.15,208
1/31/2014 13:57:22,1/31/2014,13:57:22,3.15,6.67,0.10,939.18,187
1/31/2014 13:57:52,1/31/2014,13:57:52,1.27,6.69,0.10,939.23,177
1/31/2014 13:58:22,1/31/2014,13:58:22,0.37,6.69,0.10,939.21,240
1/31/2014 13:58:52,1/31/2014,13:58:52,3.40,6.67,0.10,939.13,188
1/31/2014 13:59:22,1/31/2014,13:59:22,4.52,6.67,0.10,939.05,168
1/31/2014 13:59:52,1/31/2014,13:59:52,0.37,6.67,0.10,939.14,305
1/31/2014 14:00:22,1/31/2014,14:00:22,2.76,6.67,0.10,939.04,204
1/31/2014 14:00:52,1/31/2014,14:00:52,0.56,6.69,0.10,938.98,207
1/31/2014 14:01:22,1/31/2014,14:01:22,6.65,6.67,0.10,938.92,183
1/31/2014 14:01:52,1/31/2014,14:01:52,4.12,6.62,0.10,938.90,208
1/31/2014 14:02:22,1/31/2014,14:02:22,3.59,6.62,0.10,938.87,168
1/31/2014 14:02:52,1/31/2014,14:02:52,1.59,6.67,0.10,938.90,180
1/31/2014 14:03:22,1/31/2014,14:03:22,1.34,6.67,0.10,938.89,166
1/31/2014 14:03:52,1/31/2014,14:03:52,1.34,6.62,0.10,938.88,68
1/31/2014 14:04:22,1/31/2014,14:04:22,2.94,6.59,0.10,938.81,159
1/31/2014 14:04:52,1/31/2014,14:04:52,1.37,6.62,0.10,938.86,358
1/31/2014 14:05:22,1/31/2014,14:05:22,5.66,6.55,0.10,938.78,192
1/31/2014 14:05:52,1/31/2014,14:05:52,4.67,6.55,0.10,938.78,176
1/31/2014 14:06:22,1/31/2014,14:06:22,3.33,6.55,0.10,938.76,169
1/31/2014 14:06:52,1/31/2014,14:06:52,3.12,6.55,0.10,938.78,201
1/31/2014 14:07:22,1/31/2014,14:07:22,4.36,6.59,0.10,938.76,222
1/31/2014 14:07:52,1/31/2014,14:07:52,4.20,6.52,0.10,938.71,167
1/31/2014 14:08:22,1/31/2014,14:08:22,2.97,6.59,0.10,938.71,182
1/31/2014 14:08:52,1/31/2014,14:08:52,5.29,6.55,0.10,938.70,199
1/31/2014 14:09:22,1/31/2014,14:09:22,1.38,6.59,0.10,938.76,164
1/31/2014 14:09:52,1/31/2014,14:09:52,0.00,6.59,0.10,938.82,212
1/31/2014 14:10:22,1/31/2014,14:10:22,0.93,6.59,0.10,938.76,196
1/31/2014 14:10:52,1/31/2014,14:10:52,1.88,6.55,0.10,938.70,164
1/31/2014 14:11:22,1/31/2014,14:11:22,3.01,6.59,0.10,938.65,215
1/31/2014 14:11:52,1/31/2014,14:11:52,1.98,6.59,0.10,938.71,161
1/31/2014 14:12:22,1/31/2014,14:12:22,0.44,6.59,0.10,938.70,217
1/31/2014 14:12:52,1/31/2014,14:12:52,2.24,6.59,0.10,938.71,183
1/31/2014 14:13:22,1/31/2014,14:13:22,1.44,6.59,0.10,938.69,266
1/31/2014 14:13:52,1/31/2014,14:13:52,2.11,6.59,0.10,938.64,187
1/31/2014 14:14:22,1/31/2014,14:14:22,2.12,6.59,0.10,938.64,169
1/31/2014 14:14:52,1/31/2014,14:14:52,4.69,6.59,0.10,938.62,172
1/31/2014 14:15:22,1/31/2014,14:15:22,1.79,6.59,0.10,938.58,268
1/31/2014 14:15:52,1/31/2014,14:15:52,3.59,6.59,0.10,938.58,184
1/31/2014 14:16:22,1/31/2014,14:16:22,2.72,6.59,0.10,938.55,177
1/31/2014 14:16:52,1/31/2014,14:16:52,1.09,6.59,0.10,938.58,203
1/31/2014 14:17:22,1/31/2014,14:17:22,3.36,6.59,0.10,938.56,200
1/31/2014 14:17:52,1/31/2014,14:17:52,4.23,6.59,0.10,938.48,204
1/31/2014 14:18:22,1/31/2014,14:18:22,6.22,6.59,0.10,938.40,179
1/31/2014 14:18:52,1/31/2014,14:18:52,6.38,6.59,0.10,938.37,192
1/31/2014 14:19:22,1/31/2014,14:19:22,3.05,6.59,0.10,938.44,199
1/31/2014 14:19:52,1/31/2014,14:19:52,1.97,6.59,0.10,938.44,208
1/31/2014 14:20:22,1/31/2014,14:20:22,4.62,6.59,0.10,938.38,173
1/31/2014 14:20:52,1/31/2014,14:20:52,2.83,6.59,0.10,938.49,178
1/31/2014 14:21:22,1/31/2014,14:21:22,4.88,6.59,0.10,938.35,196
1/31/2014 14:21:52,1/31/2014,14:21:52,3.65,6.59,0.10,938.41,173
1/31/2014 14:22:22,1/31/2014,14:22:22,5.09,6.59,0.10,938.31,197
1/31/2014 14:22:52,1/31/2014,14:22:52,7.02,6.59,0.10,938.25,152
1/31/2014 14:23:22,1/31/2014,14:23:22,5.41,6.59,0.10,938.20,179
1/31/2014 14:23:52,1/31/2014,14:23:52,6.59,6.59,0.10,938.14,178
1/31/2014 14:24:22,1/31/2014,14:24:22,4.48,6.59,0.10,938.22,182
1/31/2014 14:24:52,1/31/2014,14:24:52,4.77,6.59,0.10,938.20,228
1/31/2014 14:25:22,1/31/2014,14:25:22,4.84,6.59,0.10,938.21,167
1/31/2014 14:25:52,1/31/2014,14:25:52,1.44,6.59,0.10,938.20,228
1/31/2014 14:26:22,1/31/2014,14:26:22,3.58,6.59,0.10,938.12,204
1/31/2014 14:26:52,1/31/2014,14:26:52,4.84,6.59,0.10,938.04,205
1/31/2014 14:27:22,1/31/2014,14:27:22,3.76,6.59,0.10,938.03,187
1/31/2014 14:27:52,1/31/2014,14:27:52,4.62,6.59,0.10,938.02,180
1/31/2014 14:28:22,1/31/2014,14:28:22,5.08,6.59,0.10,938.00,198
1/31/2014 14:28:52,1/31/2014,14:28:52,3.34,6.59,0.10,937.99,178
1/31/2014 14:29:22,1/31/2014,14:29:22,1.26,6.59,0.10,937.97,189
1/31/2014 14:29:52,1/31/2014,14:29:52,4.42,6.59,0.10,937.94,171
1/31/2014 14:30:22,1/31/2014,14:30:22,2.42,6.59,0.10,937.94,248
1/31/2014 14:30:52,1/31/2014,14:30:52,4.60,6.59,0.10,937.84,160
1/31/2014 14:31:22,1/31/2014,14:31:22,4.66,6.59,0.10,937.82,181
1/31/2014 14:31:52,1/31/2014,14:31:52,6.72,6.59,0.10,937.81,192
1/31/2014 14:32:22,1/31/2014,14:32:22,4.40,6.59,0.10,937.84,193
1/31/2014 14:32:52,1/31/2014,14:32:52,4.83,6.59,0.10,937.84,179
1/31/2014 14:33:22,1/31/2014,14:33:22,4.62,6.59,0.10,937.82,215
1/31/2014 14:33:52,1/31/2014,14:33:52,2.13,6.59,0.10,937.81,200
1/31/2014 14:34:22,1/31/2014,14:34:22,2.19,6.59,0.10,937.82,197
1/31/2014 14:34:52,1/31/2014,14:34:52,1.36,6.59,0.10,937.83,146
1/31/2014 14:35:22,1/31/2014,14:35:22,1.52,6.59,0.10,937.78,191
1/31/2014 14:35:52,1/31/2014,14:35:52,0.00,6.59,0.10,937.78,29
1/31/2014 14:36:22,1/31/2014,14:36:22,2.04,6.59,0.10,937.77,180
1/31/2014 14:36:52,1/31/2014,14:36:52,1.74,6.59,0.10,937.77,153
1/31/2014 14:37:22,1/31/2014,14:37:22,1.95,6.59,0.10,937.84,180
1/31/2014 14:37:52,1/31/2014,14:37:52,3.92,6.59,0.10,937.69,185
1/31/2014 14:38:22,1/31/2014,14:38:22,3.62,6.59,0.10,937.75,173
1/31/2014 14:38:52,1/31/2014,14:38:52,1.09,6.59,0.10,937.77,198
1/31/2014 14:39:22,1/31/2014,14:39:22,2.30,6.59,0.10,937.75,173
1/31/2014 14:39:52,1/31/2014,14:39:52,4.70,6.59,0.10,937.61,149
1/31/2014 14:40:22,1/31/2014,14:40:22,1.95,6.59,0.10,937.69,184
1/31/2014 14:40:52,1/31/2014,14:40:52,5.13,6.59,0.10,937.65,205
1/31/2014 14:41:22,1/31/2014,14:41:22,3.98,6.59,0.10,937.67,197
1/31/2014 14:41:52,1/31/2014,14:41:52,3.44,6.59,0.10,937.74,222
1/31/2014 14:42:22,1/31/2014,14:42:22,2.94,6.59,0.10,937.62,201
1/31/2014 14:42:52,1/31/2014,14:42:52,4.06,6.59,0.10,937.64,191
1/31/2014 14:43:22,1/31/2014,14:43:22,3.74,6.62,0.10,937.66,199
1/31/2014 14:43:52,1/31/2014,14:43:52,2.79,6.59,0.10,937.65,185
1/31/2014 14:44:22,1/31/2014,14:44:22,3.52,6.62,0.10,937.70,169
1/31/2014 14:44:52,1/31/2014,14:44:52,2.67,6.59,0.10,937.62,208
1/31/2014 14:45:22,1/31/2014,14:45:22,4.37,6.62,0.10,937.65,159
1/31/2014 14:45:52,1/31/2014,14:45:52,7.56,6.62,0.10,937.49,156
1/31/2014 14:46:22,1/31/2014,14:46:22,6.34,6.62,0.10,937.55,186
1/31/2014 14:46:52,1/31/2014,14:46:52,3.92,6.62,0.10,937.62,193
1/31/2014 14:47:22,1/31/2014,14:47:22,1.04,6.62,0.10,937.74,239
1/31/2014 14:47:52,1/31/2014,14:47:52,4.34,6.62,0.10,937.65,200
1/31/2014 14:48:22,1/31/2014,14:48:22,5.84,6.62,0.10,937.55,199
1/31/2014 14:48:52,1/31/2014,14:48:52,4.99,6.62,0.10,937.59,177
1/31/2014 14:49:22,1/31/2014,14:49:22,5.52,6.67,0.10,937.52,194
1/31/2014 14:49:52,1/31/2014,14:49:52,0.33,6.62,0.10,937.66,184
1/31/2014 14:50:22,1/31/2014,14:50:22,5.12,6.62,0.10,937.55,162
1/31/2014 14:50:52,1/31/2014,14:50:52,7.70,6.67,0.10,937.48,190
1/31/2014 14:51:22,1/31/2014,14:51:22,6.09,6.62,0.10,937.50,191
1/31/2014 14:51:52,1/31/2014,14:51:52,2.97,6.67,0.10,937.57,184
1/31/2014 14:52:22,1/31/2014,14:52:22,0.65,6.67,0.10,937.59,232
1/31/2014 14:52:52,1/31/2014,14:52:52,3.69,6.67,0.10,937.59,147
1/31/2014 14:53:22,1/31/2014,14:53:22,1.90,6.62,0.10,937.52,210
1/31/2014 14:53:52,1/31/2014,14:53:52,3.48,6.67,0.10,937.50,175
1/31/2014 14:54:22,1/31/2014,14:54:22,3.17,6.67,0.10,937.50,270
1/31/2014 14:54:52,1/31/2014,14:54:52,5.34,6.67,0.10,937.48,180
1/31/2014 14:55:22,1/31/2014,14:55:22,1.99,6.67,0.10,937.48,213
1/31/2014 14:55:52,1/31/2014,14:55:52,3.23,6.67,0.10,937.49,115
1/31/2014 14:56:22,1/31/2014,14:56:22,5.67,6.67,0.10,937.39,205
1/31/2014 14:56:52,1/31/2014,14:56:52,4.27,6.67,0.10,937.50,200
1/31/2014 14:57:22,1/31/2014,14:57:22,3.31,6.67,0.10,937.40,207
1/31/2014 14:57:52,1/31/2014,14:57:52,0.77,6.67,0.10,937.49,180
1/31/2014 14:58:22,1/31/2014,14:58:22,2.45,6.67,0.10,937.42,200
1/31/2014 14:58:52,1/31/2014,14:58:52,5.87,6.67,0.10,937.24,166
1/31/2014 14:59:22,1/31/2014,14:59:22,3.31,6.67,0.10,937.29,164
1/31/2014 14:59:52,1/31/2014,14:59:52,4.04,6.67,0.10,937.32,181
1/31/2014 15:00:22,1/31/2014,15:00:22,2.56,6.69,0.10,937.32,185
1/31/2014 15:00:52,1/31/2014,15:00:52,4.15,6.67,0.10,937.26,175
1/31/2014 15:01:22,1/31/2014,15:01:22,6.33,6.67,0.10,937.23,156
1/31/2014 15:01:52,1/31/2014,15:01:52,5.80,6.69,0.10,937.25,186
1/31/2014 15:02:22,1/31/2014,15:02:22,3.19,6.67,0.10,937.28,203
1/31/2014 15:02:52,1/31/2014,15:02:52,3.58,6.69,0.10,937.29,174
1/31/2014 15:03:22,1/31/2014,15:03:22,3.91,6.75,0.10,937.25,175
1/31/2014 15:03:52,1/31/2014,15:03:52,0.22,6.75,0.10,937.32,172
1/31/2014 15:04:22,1/31/2014,15:04:22,5.37,6.75,0.10,937.18,184
1/31/2014 15:04:52,1/31/2014,15:04:52,1.11,6.75,0.10,937.24,53
1/31/2014 15:05:22,1/31/2014,15:05:22,4.47,6.69,0.10,937.22,193
1/31/2014 15:05:52,1/31/2014,15:05:52,4.60,6.69,0.10,937.15,254
1/31/2014 15:06:22,1/31/2014,15:06:22,4.36,6.75,0.10,937.18,114
1/31/2014 15:06:52,1/31/2014,15:06:52,5.95,6.75,0.10,937.11,178
1/31/2014 15:07:22,1/31/2014,15:07:22,4.84,6.75,0.10,937.03,188
1/31/2014 15:07:52,1/31/2014,15:07:52,4.48,6.75,0.10,937.06,226
1/31/2014 15:08:22,1/31/2014,15:08:22,4.31,6.75,0.10,937.06,251
1/31/2014 15:08:52,1/31/2014,15:08:52,5.90,6.75,0.10,937.00,141
1/31/2014 15:09:22,1/31/2014,15:09:22,3.66,6.75,0.10,937.04,191
1/31/2014 15:09:52,1/31/2014,15:09:52,5.52,6.75,0.10,936.99,168
1/31/2014 15:10:22,1/31/2014,15:10:22,2.05,6.75,0.10,937.13,195
1/31/2014 15:10:52,1/31/2014,15:10:52,7.69,6.75,0.10,936.93,161
1/31/2014 15:11:22,1/31/2014,15:11:22,5.12,6.75,0.10,937.00,181
1/31/2014 15:11:52,1/31/2014,15:11:52,5.88,6.75,0.10,936.97,205
1/31/2014 15:12:22,1/31/2014,15:12:22,2.52,6.80,0.10,937.05,139
1/31/2014 15:12:52,1/31/2014,15:12:52,3.99,6.82,0.10,937.05,161
1/31/2014 15:13:22,1/31/2014,15:13:22,5.13,6.75,0.10,937.04,214
1/31/2014 15:13:52,1/31/2014,15:13:52,2.30,6.80,0.10,937.06,217
1/31/2014 15:14:22,1/31/2014,15:14:22,0.29,6.82,0.10,937.14,191
1/31/2014 15:14:52,1/31/2014,15:14:52,6.38,6.82,0.10,936.99,196
1/31/2014 15:15:22,1/31/2014,15:15:22,2.77,6.80,0.10,937.00,230
1/31/2014 15:15:52,1/31/2014,15:15:52,1.13,6.82,0.10,937.03,174
1/31/2014 15:16:22,1/31/2014,15:16:22,5.31,6.82,0.10,936.90,187
1/31/2014 15:16:52,1/31/2014,15:16:52,5.91,6.82,0.10,936.89,148
1/31/2014 15:17:22,1/31/2014,15:17:22,3.24,6.82,0.10,936.93,174
1/31/2014 15:17:52,1/31/2014,15:17:52,3.42,6.87,0.10,936.94,180
1/31/2014 15:18:22,1/31/2014,15:18:22,3.41,6.82,0.10,936.96,200
1/31/2014 15:18:52,1/31/2014,15:18:52,1.15,6.82,0.10,936.97,166
1/31/2014 15:19:22,1/31/2014,15:19:22,2.65,6.82,0.10,936.94,221
1/31/2014 15:19:52,1/31/2014,15:19:52,3.92,6.82,0.10,936.94,187
1/31/2014 15:20:22,1/31/2014,15:20:22,0.56,6.87,0.10,936.99,172
1/31/2014 15:20:52,1/31/2014,15:20:52,2.92,6.87,0.10,936.91,208
1/31/2014 15:21:22,1/31/2014,15:21:22,5.37,6.82,0.10,936.87,202
1/31/2014 15:21:52,1/31/2014,15:21:52,4.17,6.82,0.10,936.84,165
1/31/2014 15:22:22,1/31/2014,15:22:22,1.81,6.87,0.10,936.93,185
1/31/2014 15:22:52,1/31/2014,15:22:52,4.31,6.87,0.10,936.87,226
1/31/2014 15:23:22,1/31/2014,15:23:22,4.40,6.87,0.10,936.86,167
1/31/2014 15:23:52,1/31/2014,15:23:52,5.13,6.87,0.10,936.79,175
1/31/2014 15:24:22,1/31/2014,15:24:22,3.97,6.90,0.10,936.81,200
1/31/2014 15:24:52,1/31/2014,15:24:52,2.67,6.87,0.10,936.90,184
1/31/2014 15:25:22,1/31/2014,15:25:22,3.27,6.87,0.10,936.79,180
1/31/2014 15:25:52,1/31/2014,15:25:52,1.40,6.90,0.10,936.88,167
1/31/2014 15:26:22,1/31/2014,15:26:22,2.55,6.87,0.10,936.81,210
1/31/2014 15:26:52,1/31/2014,15:26:52,2.74,6.87,0.10,936.80,177
1/31/2014 15:27:22,1/31/2014,15:27:22,6.55,6.90,0.10,936.69,151
1/31/2014 15:27:52,1/31/2014,15:27:52,0.54,6.90,0.10,936.88,149
1/31/2014 15:28:22,1/31/2014,15:28:22,3.26,6.90,0.10,936.84,173
1/31/2014 15:28:52,1/31/2014,15:28:52,1.55,6.90,0.10,936.85,180
1/31/2014 15:29:22,1/31/2014,15:29:22,3.11,6.90,0.10,936.82,220
1/31/2014 15:29:52,1/31/2014,15:29:52,5.04,6.90,0.10,936.84,197
1/31/2014 15:30:22,1/31/2014,15:30:22,1.61,6.90,0.10,936.82,153
1/31/2014 15:30:52,1/31/2014,15:30:52,3.48,6.90,0.10,936.85,201
1/31/2014 15:31:22,1/31/2014,15:31:22,2.74,6.90,0.10,936.82,236
1/31/2014 15:31:52,1/31/2014,15:31:52,2.48,6.90,0.10,936.87,190
1/31/2014 15:32:22,1/31/2014,15:32:22,2.94,6.90,0.10,936.76,203
1/31/2014 15:32:52,1/31/2014,15:32:52,3.05,6.90,0.10,936.81,228
1/31/2014 15:33:22,1/31/2014,15:33:22,0.19,6.90,0.10,936.90,204
1/31/2014 15:33:52,1/31/2014,15:33:52,1.44,6.90,0.10,936.86,231
1/31/2014 15:34:22,1/31/2014,15:34:22,3.80,6.90,0.10,936.80,207
1/31/2014 15:34:52,1/31/2014,15:34:52,4.47,6.94,0.10,936.75,137
1/31/2014 15:35:22,1/31/2014,15:35:22,1.61,6.94,0.10,936.86,165
1/31/2014 15:35:52,1/31/2014,15:35:52,3.91,6.90,0.10,936.81,190
1/31/2014 15:36:22,1/31/2014,15:36:22,1.23,6.94,0.10,936.85,318
1/31/2014 15:36:52,1/31/2014,15:36:52,1.94,6.90,0.10,936.87,156
1/31/2014 15:37:22,1/31/2014,15:37:22,1.04,6.94,0.10,936.87,39
1/31/2014 15:37:52,1/31/2014,15:37:52,2.77,6.94,0.10,936.82,213
1/31/2014 15:38:22,1/31/2014,15:38:22,2.86,6.94,0.10,936.81,177
1/31/2014 15:38:52,1/31/2014,15:38:52,2.13,6.94,0.10,936.80,191
1/31/2014 15:39:22,1/31/2014,15:39:22,2.79,6.90,0.10,936.82,182
1/31/2014 15:39:52,1/31/2014,15:39:52,6.34,6.90,0.10,936.72,177
1/31/2014 15:40:22,1/31/2014,15:40:22,3.70,6.90,0.10,936.70,198
1/31/2014 15:40:52,1/31/2014,15:40:52,0.49,6.94,0.10,936.86,176
1/31/2014 15:41:22,1/31/2014,15:41:22,0.69,6.90,0.10,936.85,84
1/31/2014 15:41:52,1/31/2014,15:41:52,6.01,6.90,0.10,936.70,181
1/31/2014 15:42:22,1/31/2014,15:42:22,3.20,6.90,0.10,936.71,217
1/31/2014 15:42:52,1/31/2014,15:42:52,2.72,6.90,0.10,936.71,243
1/31/2014 15:43:22,1/31/2014,15:43:22,4.95,6.90,0.10,936.67,194
1/31/2014 15:43:52,1/31/2014,15:43:52,5.51,6.90,0.10,936.63,202
1/31/2014 15:44:22,1/31/2014,15:44:22,3.22,6.90,0.10,936.64,142
1/31/2014 15:44:52,1/31/2014,15:44:52,2.61,6.90,0.10,936.65,218
1/31/2014 15:45:22,1/31/2014,15:45:22,3.47,6.90,0.10,936.61,190
1/31/2014 15:45:52,1/31/2014,15:45:52,2.55,6.90,0.10,936.62,151
1/31/2014 15:46:22,1/31/2014,15:46:22,1.12,6.90,0.10,936.65,185
1/31/2014 15:46:52,1/31/2014,15:46:52,2.87,6.90,0.10,936.63,200
1/31/2014 15:47:22,1/31/2014,15:47:22,3.31,6.87,0.10,936.70,289
1/31/2014 15:47:52,1/31/2014,15:47:52,2.20,6.90,0.10,936.64,164
1/31/2014 15:48:22,1/31/2014,15:48:22,2.81,6.87,0.10,936.61,206
1/31/2014 15:48:52,1/31/2014,15:48:52,5.04,6.82,0.10,936.53,217
1/31/2014 15:49:22,1/31/2014,15:49:22,0.91,6.87,0.10,936.63,169
1/31/2014 15:49:52,1/31/2014,15:49:52,2.76,6.82,0.10,936.62,210
1/31/2014 15:50:22,1/31/2014,15:50:22,0.49,6.87,0.10,936.59,288
1/31/2014 15:50:52,1/31/2014,15:50:52,1.54,6.82,0.10,936.59,160
1/31/2014 15:51:22,1/31/2014,15:51:22,0.15,6.87,0.10,936.61,180
1/31/2014 15:51:52,1/31/2014,15:51:52,2.87,6.82,0.10,936.58,188
1/31/2014 15:52:22,1/31/2014,15:52:22,0.15,6.87,0.10,936.59,237
1/31/2014 15:52:52,1/31/2014,15:52:52,4.31,6.82,0.10,936.47,198
1/31/2014 15:53:22,1/31/2014,15:53:22,1.69,6.82,0.10,936.52,204
1/31/2014 15:53:52,1/31/2014,15:53:52,0.00,6.87,0.10,936.59,177
1/31/2014 15:54:22,1/31/2014,15:54:22,1.33,6.82,0.10,936.52,192
1/31/2014 15:54:52,1/31/2014,15:54:52,0.00,6.87,0.10,936.59,188
1/31/2014 15:55:22,1/31/2014,15:55:22,1.88,6.82,0.10,936.54,189
1/31/2014 15:55:52,1/31/2014,15:55:52,1.56,6.82,0.10,936.46,170
1/31/2014 15:56:22,1/31/2014,15:56:22,2.23,6.82,0.10,936.49,227
1/31/2014 15:56:52,1/31/2014,15:56:52,2.24,6.82,0.10,936.52,193
1/31/2014 15:57:22,1/31/2014,15:57:22,2.52,6.82,0.10,936.47,299
1/31/2014 15:57:52,1/31/2014,15:57:52,3.34,6.82,0.10,936.46,93
1/31/2014 15:58:22,1/31/2014,15:58:22,2.62,6.82,0.10,936.40,203
1/31/2014 15:58:52,1/31/2014,15:58:52,1.66,6.82,0.10,936.45,210
1/31/2014 15:59:22,1/31/2014,15:59:22,3.66,6.82,0.10,936.44,195
1/31/2014 15:59:52,1/31/2014,15:59:52,3.30,6.87,0.10,936.42,204
1/31/2014 16:00:22,1/31/2014,16:00:22,4.74,6.87,0.10,936.40,199
1/31/2014 16:00:52,1/31/2014,16:00:52,3.92,6.87,0.10,936.37,195
1/31/2014 16:01:22,1/31/2014,16:01:22,2.54,6.82,0.10,936.36,220
1/31/2014 16:01:52,1/31/2014,16:01:52,0.86,6.87,0.10,936.37,229
1/31/2014 16:02:22,1/31/2014,16:02:22,1.24,6.82,0.10,936.36,196
1/31/2014 16:02:52,1/31/2014,16:02:52,0.36,6.87,0.10,936.37,221
1/31/2014 16:03:22,1/31/2014,16:03:22,2.52,6.87,0.10,936.26,193
1/31/2014 16:03:52,1/31/2014,16:03:52,1.22,6.87,0.10,936.25,155
1/31/2014 16:04:22,1/31/2014,16:04:22,1.19,6.87,0.10,936.22,199
1/31/2014 16:04:52,1/31/2014,16:04:52,0.00,6.90,0.10,936.25,57
1/31/2014 16:05:22,1/31/2014,16:05:22,0.40,6.87,0.10,936.25,202
1/31/2014 16:05:52,1/31/2014,16:05:52,1.98,6.90,0.10,936.18,185
1/31/2014 16:06:22,1/31/2014,16:06:22,1.74,6.90,0.10,936.10,170
1/31/2014 16:06:52,1/31/2014,16:06:52,0.58,6.90,0.10,936.15,314
1/31/2014 16:07:22,1/31/2014,16:07:22,0.54,6.90,0.10,936.09,203
1/31/2014 16:07:52,1/31/2014,16:07:52,1.37,6.87,0.10,936.05,190
1/31/2014 16:08:22,1/31/2014,16:08:22,1.26,6.90,0.10,936.05,203
1/31/2014 16:08:52,1/31/2014,16:08:52,0.00,6.90,0.10,936.07,188
1/31/2014 16:09:22,1/31/2014,16:09:22,3.65,6.90,0.10,935.96,180
1/31/2014 16:09:52,1/31/2014,16:09:52,1.04,6.90,0.10,935.99,252
1/31/2014 16:10:22,1/31/2014,16:10:22,6.83,6.90,0.10,935.85,172
1/31/2014 16:10:52,1/31/2014,16:10:52,8.17,6.94,0.10,935.82,169
1/31/2014 16:11:22,1/31/2014,16:11:22,5.15,6.94,0.10,935.89,167
1/31/2014 16:11:52,1/31/2014,16:11:52,2.99,7.00,0.10,935.93,153
1/31/2014 16:12:22,1/31/2014,16:12:22,2.77,7.00,0.10,935.93,183
1/31/2014 16:12:52,1/31/2014,16:12:52,2.54,7.00,0.10,935.96,166
1/31/2014 16:13:22,1/31/2014,16:13:22,4.52,7.00,0.10,935.94,195
1/31/2014 16:13:52,1/31/2014,16:13:52,4.42,7.00,0.10,935.87,164
1/31/2014 16:14:22,1/31/2014,16:14:22,0.38,7.00,0.10,935.91,252
1/31/2014 16:14:52,1/31/2014,16:14:52,2.55,7.00,0.10,935.90,162
1/31/2014 16:15:22,1/31/2014,16:15:22,1.59,7.00,0.10,935.90,139
1/31/2014 16:15:52,1/31/2014,16:15:52,1.05,7.00,0.10,935.84,297
1/31/2014 16:16:22,1/31/2014,16:16:22,1.76,7.00,0.10,935.90,146
1/31/2014 16:16:52,1/31/2014,16:16:52,1.05,7.00,0.10,935.88,257
1/31/2014 16:17:22,1/31/2014,16:17:22,3.52,7.02,0.10,935.78,198
1/31/2014 16:17:52,1/31/2014,16:17:52,2.30,7.02,0.10,935.82,231
1/31/2014 16:18:22,1/31/2014,16:18:22,3.06,7.02,0.10,935.78,195
1/31/2014 16:18:52,1/31/2014,16:18:52,1.36,7.07,0.10,935.79,166
1/31/2014 16:19:22,1/31/2014,16:19:22,0.00,7.07,0.10,935.78,202
1/31/2014 16:19:52,1/31/2014,16:19:52,0.00,7.07,0.10,935.78,209
1/31/2014 16:20:22,1/31/2014,16:20:22,2.22,7.07,0.10,935.69,140
1/31/2014 16:20:52,1/31/2014,16:20:52,1.34,7.07,0.10,935.64,159
1/31/2014 16:21:22,1/31/2014,16:21:22,1.55,7.07,0.10,935.57,200
1/31/2014 16:21:52,1/31/2014,16:21:52,1.40,7.07,0.10,935.58,191
1/31/2014 16:22:22,1/31/2014,16:22:22,1.15,7.07,0.10,935.52,137
1/31/2014 16:22:52,1/31/2014,16:22:52,6.29,7.07,0.10,935.36,159
1/31/2014 16:23:22,1/31/2014,16:23:22,1.68,7.07,0.10,935.44,140
1/31/2014 16:23:52,1/31/2014,16:23:52,0.54,7.09,0.10,935.45,206
1/31/2014 16:24:22,1/31/2014,16:24:22,2.05,7.07,0.10,935.35,190
1/31/2014 16:24:52,1/31/2014,16:24:52,3.69,7.09,0.10,935.29,131
1/31/2014 16:25:22,1/31/2014,16:25:22,3.66,7.09,0.10,935.27,183
1/31/2014 16:25:52,1/31/2014,16:25:52,4.04,7.09,0.10,935.26,173
1/31/2014 16:26:22,1/31/2014,16:26:22,3.11,7.09,0.10,935.30,183
1/31/2014 16:26:52,1/31/2014,16:26:52,3.56,7.09,0.10,935.30,203
1/31/2014 16:27:22,1/31/2014,16:27:22,4.98,7.15,0.10,935.28,191
1/31/2014 16:27:52,1/31/2014,16:27:52,3.91,7.15,0.10,935.33,201
1/31/2014 16:28:22,1/31/2014,16:28:22,4.22,7.15,0.10,935.27,158
1/31/2014 16:28:52,1/31/2014,16:28:52,2.84,7.15,0.10,935.29,164
1/31/2014 16:29:22,1/31/2014,16:29:22,0.86,7.15,0.10,935.33,180
1/31/2014 16:29:52,1/31/2014,16:29:52,2.77,7.15,0.10,935.30,204
1/31/2014 16:30:22,1/31/2014,16:30:22,2.02,7.15,0.10,935.29,222
1/31/2014 16:30:52,1/31/2014,16:30:52,3.74,7.15,0.10,935.25,190
1/31/2014 16:31:22,1/31/2014,16:31:22,3.40,7.15,0.10,935.20,207
1/31/2014 16:31:52,1/31/2014,16:31:52,4.54,7.15,0.10,935.25,158
1/31/2014 16:32:22,1/31/2014,16:32:22,3.92,7.17,0.10,935.21,160
1/31/2014 16:32:52,1/31/2014,16:32:52,2.87,7.15,0.10,935.25,217
1/31/2014 16:33:22,1/31/2014,16:33:22,3.11,7.17,0.10,935.26,215
1/31/2014 16:33:52,1/31/2014,16:33:52,7.30,7.22,0.10,935.09,283
1/31/2014 16:34:22,1/31/2014,16:34:22,6.24,7.22,0.10,935.12,180
1/31/2014 16:34:52,1/31/2014,16:34:52,5.20,7.22,0.10,935.11,192
1/31/2014 16:35:22,1/31/2014,16:35:22,4.92,7.22,0.10,935.08,193
1/31/2014 16:35:52,1/31/2014,16:35:52,2.55,7.22,0.10,935.11,147
1/31/2014 16:36:22,1/31/2014,16:36:22,4.08,7.22,0.10,935.12,155
1/31/2014 16:36:52,1/31/2014,16:36:52,3.29,7.22,0.10,935.13,203
1/31/2014 16:37:22,1/31/2014,16:37:22,1.54,7.22,0.10,935.25,191
1/31/2014 16:37:52,1/31/2014,16:37:52,4.20,7.22,0.10,935.17,198
1/31/2014 16:38:22,1/31/2014,16:38:22,2.16,7.27,0.10,935.12,190
1/31/2014 16:38:52,1/31/2014,16:38:52,3.34,7.27,0.10,935.13,185
1/31/2014 16:39:22,1/31/2014,16:39:22,3.38,7.27,0.10,935.16,178
1/31/2014 16:39:52,1/31/2014,16:39:52,3.52,7.27,0.10,935.17,192
1/31/2014 16:40:22,1/31/2014,16:40:22,2.33,7.27,0.10,935.18,188
1/31/2014 16:40:52,1/31/2014,16:40:52,3.58,7.30,0.10,935.10,216
1/31/2014 16:41:22,1/31/2014,16:41:22,1.81,7.27,0.10,935.16,202
1/31/2014 16:41:52,1/31/2014,16:41:52,2.52,7.30,0.10,935.11,213
1/31/2014 16:42:22,1/31/2014,16:42:22,2.88,7.27,0.10,935.11,163
1/31/2014 16:42:52,1/31/2014,16:42:52,3.45,7.27,0.10,935.07,272
1/31/2014 16:43:22,1/31/2014,16:43:22,1.37,7.30,0.10,935.12,259
1/31/2014 16:43:52,1/31/2014,16:43:52,2.26,7.27,0.10,935.16,193
1/31/2014 16:44:22,1/31/2014,16:44:22,4.11,7.27,0.10,935.10,182
1/31/2014 16:44:52,1/31/2014,16:44:52,4.33,7.30,0.10,935.17,184
1/31/2014 16:45:22,1/31/2014,16:45:22,4.69,7.30,0.10,935.12,300
1/31/2014 16:45:52,1/31/2014,16:45:52,1.97,7.30,0.10,935.19,329
1/31/2014 16:46:22,1/31/2014,16:46:22,0.58,7.30,0.10,935.21,190
1/31/2014 16:46:52,1/31/2014,16:46:52,0.30,7.30,0.10,935.24,159
1/31/2014 16:47:22,1/31/2014,16:47:22,2.90,7.30,0.10,935.17,197
1/31/2014 16:47:52,1/31/2014,16:47:52,2.91,7.30,0.10,935.16,189
1/31/2014 16:48:22,1/31/2014,16:48:22,3.09,7.30,0.10,935.12,194
1/31/2014 16:48:52,1/31/2014,16:48:52,2.40,7.30,0.10,935.13,247
1/31/2014 16:49:22,1/31/2014,16:49:22,0.00,7.30,0.10,935.19,319
1/31/2014 16:49:52,1/31/2014,16:49:52,2.58,7.30,0.10,935.11,151
1/31/2014 16:50:22,1/31/2014,16:50:22,2.31,7.30,0.10,935.04,187
1/31/2014 16:50:52,1/31/2014,16:50:52,1.40,7.30,0.10,935.10,165
1/31/2014 16:51:22,1/31/2014,16:51:22,2.70,7.30,0.10,935.04,204
1/31/2014 16:51:52,1/31/2014,16:51:52,1.45,7.30,0.10,935.02,173
1/31/2014 16:52:22,1/31/2014,16:52:22,0.49,7.30,0.10,935.03,245
1/31/2014 16:52:52,1/31/2014,16:52:52,1.59,7.30,0.10,934.97,140
1/31/2014 16:53:22,1/31/2014,16:53:22,3.51,7.30,0.10,934.88,189
1/31/2014 16:53:52,1/31/2014,16:53:52,3.56,7.30,0.10,934.82,193
1/31/2014 16:54:22,1/31/2014,16:54:22,2.09,7.30,0.10,934.83,180
1/31/2014 16:54:52,1/31/2014,16:54:52,1.72,7.30,0.10,934.82,191
1/31/2014 16:55:22,1/31/2014,16:55:22,3.47,7.34,0.10,934.75,224
1/31/2014 16:55:52,1/31/2014,16:55:52,0.91,7.34,0.10,934.77,201
1/31/2014 16:56:22,1/31/2014,16:56:22,3.05,7.34,0.10,934.71,204
1/31/2014 16:56:52,1/31/2014,16:56:52,3.84,7.34,0.10,934.65,180
1/31/2014 16:57:22,1/31/2014,16:57:22,4.29,7.34,0.10,934.59,184
1/31/2014 16:57:52,1/31/2014,16:57:52,4.48,7.34,0.10,934.57,249
1/31/2014 16:58:22,1/31/2014,16:58:22,3.55,7.37,0.10,934.54,165
1/31/2014 16:58:52,1/31/2014,16:58:52,0.43,7.37,0.10,934.58,145
1/31/2014 16:59:22,1/31/2014,16:59:22,5.29,7.37,0.10,934.48,149
1/31/2014 16:59:52,1/31/2014,16:59:52,4.67,7.37,0.10,934.55,196
1/31/2014 17:00:22,1/31/2014,17:00:22,3.51,7.37,0.10,934.44,205
1/31/2014 17:00:52,1/31/2014,17:00:52,0.00,7.37,0.10,934.55,305
1/31/2014 17:01:22,1/31/2014,17:01:22,5.76,7.37,0.10,934.40,193
1/31/2014 17:01:52,1/31/2014,17:01:52,1.81,7.37,0.10,934.47,176
1/31/2014 17:02:22,1/31/2014,17:02:22,3.24,7.37,0.10,934.39,193
1/31/2014 17:02:52,1/31/2014,17:02:52,1.41,7.42,0.10,934.46,208
1/31/2014 17:03:22,1/31/2014,17:03:22,1.77,7.37,0.10,934.45,172
1/31/2014 17:03:52,1/31/2014,17:03:52,0.77,7.42,0.10,934.49,270
1/31/2014 17:04:22,1/31/2014,17:04:22,2.02,7.37,0.10,934.46,278
1/31/2014 17:04:52,1/31/2014,17:04:52,2.24,7.42,0.10,934.41,171
1/31/2014 17:05:22,1/31/2014,17:05:22,3.47,7.47,0.10,934.38,160
1/31/2014 17:05:52,1/31/2014,17:05:52,1.99,7.42,0.10,934.36,192
1/31/2014 17:06:22,1/31/2014,17:06:22,2.23,7.42,0.10,934.36,194
1/31/2014 17:06:52,1/31/2014,17:06:52,3.37,7.42,0.10,934.32,234
1/31/2014 17:07:22,1/31/2014,17:07:22,3.62,7.42,0.10,934.27,202
1/31/2014 17:07:52,1/31/2014,17:07:52,3.44,7.47,0.10,934.25,231
1/31/2014 17:08:22,1/31/2014,17:08:22,2.74,7.47,0.10,934.28,168
1/31/2014 17:08:52,1/31/2014,17:08:52,2.19,7.47,0.10,934.27,190
1/31/2014 17:09:22,1/31/2014,17:09:22,0.98,7.47,0.10,934.30,197
1/31/2014 17:09:52,1/31/2014,17:09:52,3.34,7.47,0.10,934.22,213
1/31/2014 17:10:22,1/31/2014,17:10:22,0.94,7.47,0.10,934.32,191
1/31/2014 17:10:52,1/31/2014,17:10:52,3.63,7.47,0.10,934.23,215
1/31/2014 17:11:22,1/31/2014,17:11:22,2.18,7.47,0.10,934.25,272
1/31/2014 17:11:52,1/31/2014,17:11:52,3.49,7.47,0.10,934.22,156
1/31/2014 17:12:22,1/31/2014,17:12:22,0.87,7.47,0.10,934.23,194
1/31/2014 17:12:52,1/31/2014,17:12:52,4.09,7.47,0.10,934.23,180
1/31/2014 17:13:22,1/31/2014,17:13:22,2.67,7.47,0.10,934.20,266
1/31/2014 17:13:52,1/31/2014,17:13:52,1.12,7.55,0.10,934.23,204
1/31/2014 17:14:22,1/31/2014,17:14:22,4.19,7.50,0.10,934.19,179
1/31/2014 17:14:52,1/31/2014,17:14:52,0.58,7.55,0.10,934.25,107
1/31/2014 17:15:22,1/31/2014,17:15:22,2.52,7.55,0.10,934.28,235
1/31/2014 17:15:52,1/31/2014,17:15:52,1.31,7.55,0.10,934.28,220
1/31/2014 17:16:22,1/31/2014,17:16:22,1.34,7.55,0.10,934.26,213
1/31/2014 17:16:52,1/31/2014,17:16:52,0.11,7.55,0.10,934.30,292
1/31/2014 17:17:22,1/31/2014,17:17:22,1.20,7.55,0.10,934.22,228
1/31/2014 17:17:52,1/31/2014,17:17:52,3.77,7.55,0.10,934.18,286
1/31/2014 17:18:22,1/31/2014,17:18:22,2.34,7.55,0.10,934.17,236
1/31/2014 17:18:52,1/31/2014,17:18:52,3.02,7.55,0.10,934.20,170
1/31/2014 17:19:22,1/31/2014,17:19:22,1.04,7.55,0.10,934.20,166
1/31/2014 17:19:52,1/31/2014,17:19:52,4.45,7.55,0.10,934.18,179
1/31/2014 17:20:22,1/31/2014,17:20:22,1.12,7.55,0.10,934.16,210
1/31/2014 17:20:52,1/31/2014,17:20:52,1.83,7.57,0.10,934.12,184
1/31/2014 17:21:22,1/31/2014,17:21:22,3.05,7.55,0.10,934.14,192
1/31/2014 17:21:52,1/31/2014,17:21:52,4.47,7.57,0.10,934.08,212
1/31/2014 17:22:22,1/31/2014,17:22:22,1.88,7.57,0.10,934.07,193
1/31/2014 17:22:52,1/31/2014,17:22:52,3.09,7.57,0.10,934.05,202
1/31/2014 17:23:22,1/31/2014,17:23:22,0.13,7.57,0.10,934.14,159
1/31/2014 17:23:52,1/31/2014,17:23:52,2.51,7.57,0.10,934.07,191
1/31/2014 17:24:22,1/31/2014,17:24:22,0.12,7.55,0.10,934.10,245
1/31/2014 17:24:52,1/31/2014,17:24:52,3.97,7.57,0.10,933.96,222
1/31/2014 17:25:22,1/31/2014,17:25:22,0.87,7.57,0.10,934.04,153
1/31/2014 17:25:52,1/31/2014,17:25:52,4.69,7.62,0.10,933.95,191
1/31/2014 17:26:22,1/31/2014,17:26:22,4.40,7.62,0.10,933.89,162
1/31/2014 17:26:52,1/31/2014,17:26:52,0.36,7.62,0.10,933.99,191
1/31/2014 17:27:22,1/31/2014,17:27:22,2.63,7.62,0.10,933.93,165
1/31/2014 17:27:52,1/31/2014,17:27:52,1.79,7.62,0.10,933.92,179
1/31/2014 17:28:22,1/31/2014,17:28:22,0.00,7.62,0.10,934.03,193
1/31/2014 17:28:52,1/31/2014,17:28:52,0.56,7.62,0.10,933.99,193
1/31/2014 17:29:22,1/31/2014,17:29:22,0.45,7.62,0.10,934.00,297
1/31/2014 17:29:52,1/31/2014,17:29:52,0.70,7.62,0.10,934.02,212
1/31/2014 17:30:22,1/31/2014,17:30:22,0.54,7.62,0.10,934.04,198
1/31/2014 17:30:52,1/31/2014,17:30:52,4.13,7.62,0.10,933.94,177
1/31/2014 17:31:22,1/31/2014,17:31:22,0.77,7.62,0.10,934.00,137
1/31/2014 17:31:52,1/31/2014,17:31:52,0.93,7.62,0.10,934.00,281
1/31/2014 17:32:22,1/31/2014,17:32:22,1.77,7.65,0.10,933.98,28
1/31/2014 17:32:52,1/31/2014,17:32:52,2.73,7.69,0.10,933.96,204
1/31/2014 17:33:22,1/31/2014,17:33:22,1.72,7.69,0.10,933.96,180
1/31/2014 17:33:52,1/31/2014,17:33:52,0.00,7.69,0.10,934.03,231
1/31/2014 17:34:22,1/31/2014,17:34:22,1.15,7.69,0.10,934.03,201
1/31/2014 17:34:52,1/31/2014,17:34:52,0.61,7.69,0.10,934.00,326
1/31/2014 17:35:22,1/31/2014,17:35:22,2.83,7.69,0.10,933.98,296
1/31/2014 17:35:52,1/31/2014,17:35:52,0.12,7.69,0.10,934.03,149
1/31/2014 17:36:22,1/31/2014,17:36:22,0.80,7.69,0.10,934.02,280
1/31/2014 17:36:52,1/31/2014,17:36:52,0.00,7.69,0.10,934.07,205
1/31/2014 17:37:22,1/31/2014,17:37:22,0.97,7.69,0.10,933.99,47
1/31/2014 17:37:52,1/31/2014,17:37:52,0.24,7.69,0.10,934.04,69
1/31/2014 17:38:22,1/31/2014,17:38:22,0.00,7.75,0.10,934.02,167
1/31/2014 17:38:52,1/31/2014,17:38:52,0.00,7.75,0.10,934.01,126
1/31/2014 17:39:22,1/31/2014,17:39:22,2.95,7.75,0.10,933.96,159
1/31/2014 17:39:52,1/31/2014,17:39:52,1.16,7.75,0.10,933.96,207
1/31/2014 17:40:22,1/31/2014,17:40:22,3.83,7.77,0.10,933.87,155
1/31/2014 17:40:52,1/31/2014,17:40:52,0.59,7.77,0.10,933.92,215
1/31/2014 17:41:22,1/31/2014,17:41:22,1.36,7.77,0.10,933.87,215
1/31/2014 17:41:52,1/31/2014,17:41:52,2.76,7.77,0.10,933.83,212
1/31/2014 17:42:22,1/31/2014,17:42:22,1.04,7.77,0.10,933.87,202
1/31/2014 17:42:52,1/31/2014,17:42:52,1.13,7.77,0.10,933.85,9
1/31/2014 17:43:22,1/31/2014,17:43:22,2.33,7.77,0.10,933.83,264
1/31/2014 17:43:52,1/31/2014,17:43:52,2.86,7.77,0.10,933.83,185
1/31/2014 17:44:22,1/31/2014,17:44:22,3.01,7.77,0.10,933.82,192
1/31/2014 17:44:52,1/31/2014,17:44:52,4.04,7.77,0.10,933.73,258
1/31/2014 17:45:22,1/31/2014,17:45:22,0.68,7.77,0.10,933.84,229
1/31/2014 17:45:52,1/31/2014,17:45:52,1.70,7.77,0.10,933.83,247
1/31/2014 17:46:22,1/31/2014,17:46:22,1.05,7.84,0.10,933.81,234
1/31/2014 17:46:52,1/31/2014,17:46:52,0.00,7.77,0.10,933.84,259
1/31/2014 17:47:22,1/31/2014,17:47:22,1.77,7.82,0.10,933.82,182
1/31/2014 17:47:52,1/31/2014,17:47:52,2.90,7.77,0.10,933.76,216
1/31/2014 17:48:22,1/31/2014,17:48:22,0.00,7.84,0.10,933.83,295
1/31/2014 17:48:52,1/31/2014,17:48:52,0.41,7.84,0.10,933.85,170
1/31/2014 17:49:22,1/31/2014,17:49:22,1.05,7.84,0.10,933.77,177
1/31/2014 17:49:52,1/31/2014,17:49:52,1.18,7.84,0.10,933.77,215
1/31/2014 17:50:22,1/31/2014,17:50:22,1.58,7.84,0.10,933.77,125
1/31/2014 17:50:52,1/31/2014,17:50:52,3.55,7.84,0.10,933.73,202
1/31/2014 17:51:22,1/31/2014,17:51:22,2.01,7.84,0.10,933.72,208
1/31/2014 17:51:52,1/31/2014,17:51:52,3.22,7.84,0.10,933.73,230
1/31/2014 17:52:22,1/31/2014,17:52:22,1.66,7.90,0.10,933.69,307
1/31/2014 17:52:52,1/31/2014,17:52:52,0.15,7.84,0.10,933.68,65
1/31/2014 17:53:22,1/31/2014,17:53:22,1.72,7.90,0.10,933.64,184
1/31/2014 17:53:52,1/31/2014,17:53:52,3.91,7.84,0.10,933.60,225
1/31/2014 17:54:22,1/31/2014,17:54:22,0.11,7.90,0.10,933.64,183
1/31/2014 17:54:52,1/31/2014,17:54:52,1.87,7.92,0.10,933.57,217
1/31/2014 17:55:22,1/31/2014,17:55:22,0.00,7.92,0.10,933.60,208
1/31/2014 17:55:52,1/31/2014,17:55:52,0.00,7.92,0.10,933.60,265
1/31/2014 17:56:22,1/31/2014,17:56:22,1.90,7.92,0.10,933.51,182
1/31/2014 17:56:52,1/31/2014,17:56:52,0.05,7.92,0.10,933.56,291
1/31/2014 17:57:22,1/31/2014,17:57:22,2.30,7.92,0.10,933.51,190
1/31/2014 17:57:52,1/31/2014,17:57:52,1.73,7.92,0.10,933.49,195
1/31/2014 17:58:22,1/31/2014,17:58:22,1.19,7.92,0.10,933.46,268
1/31/2014 17:58:52,1/31/2014,17:58:52,1.27,7.97,0.10,933.49,160
1/31/2014 17:59:22,1/31/2014,17:59:22,2.12,7.97,0.10,933.49,112
1/31/2014 17:59:52,1/31/2014,17:59:52,1.06,8.02,0.10,933.50,216
1/31/2014 18:00:22,1/31/2014,18:00:22,2.91,8.02,0.10,933.47,295
1/31/2014 18:00:52,1/31/2014,18:00:52,3.22,8.05,0.10,933.44,179
1/31/2014 18:01:22,1/31/2014,18:01:22,1.58,8.02,0.10,933.41,125
1/31/2014 18:01:52,1/31/2014,18:01:52,0.62,8.05,0.10,933.46,27
1/31/2014 18:02:22,1/31/2014,18:02:22,0.98,8.05,0.10,933.45,188
1/31/2014 18:02:52,1/31/2014,18:02:52,1.97,8.05,0.10,933.41,238
1/31/2014 18:03:22,1/31/2014,18:03:22,1.91,8.10,0.10,933.37,173
1/31/2014 18:03:52,1/31/2014,18:03:52,2.87,8.05,0.10,933.35,193
1/31/2014 18:04:22,1/31/2014,18:04:22,0.90,8.10,0.10,933.36,226
1/31/2014 18:04:52,1/31/2014,18:04:52,1.13,8.10,0.10,933.39,343
1/31/2014 18:05:22,1/31/2014,18:05:22,2.54,8.10,0.10,933.31,259
1/31/2014 18:05:52,1/31/2014,18:05:52,2.13,8.10,0.10,933.27,162
1/31/2014 18:06:22,1/31/2014,18:06:22,0.77,8.12,0.10,933.35,219
1/31/2014 18:06:52,1/31/2014,18:06:52,2.61,8.17,0.10,933.32,190
1/31/2014 18:07:22,1/31/2014,18:07:22,2.08,8.12,0.10,933.28,316
1/31/2014 18:07:52,1/31/2014,18:07:52,2.42,8.12,0.10,933.23,190
1/31/2014 18:08:22,1/31/2014,18:08:22,1.08,8.12,0.10,933.24,251
1/31/2014 18:08:52,1/31/2014,18:08:52,3.44,8.17,0.10,933.17,203
1/31/2014 18:09:22,1/31/2014,18:09:22,1.55,8.17,0.10,933.20,127
1/31/2014 18:09:52,1/31/2014,18:09:52,0.98,8.12,0.10,933.20,135
1/31/2014 18:10:22,1/31/2014,18:10:22,1.99,8.17,0.10,933.19,175
1/31/2014 18:10:52,1/31/2014,18:10:52,4.38,8.17,0.10,933.11,180
1/31/2014 18:11:22,1/31/2014,18:11:22,3.34,8.22,0.10,933.10,189
1/31/2014 18:11:52,1/31/2014,18:11:52,1.76,8.22,0.10,933.13,131
1/31/2014 18:12:22,1/31/2014,18:12:22,2.76,8.22,0.10,933.11,188
1/31/2014 18:12:52,1/31/2014,18:12:52,1.54,8.22,0.10,933.18,157
1/31/2014 18:13:22,1/31/2014,18:13:22,2.79,8.25,0.10,933.14,209
1/31/2014 18:13:52,1/31/2014,18:13:52,5.84,8.25,0.10,933.04,214
1/31/2014 18:14:22,1/31/2014,18:14:22,4.04,8.25,0.10,933.05,179
1/31/2014 18:14:52,1/31/2014,18:14:52,2.48,8.32,0.10,933.12,224
1/31/2014 18:15:22,1/31/2014,18:15:22,2.13,8.32,0.10,933.08,220
1/31/2014 18:15:52,1/31/2014,18:15:52,0.65,8.32,0.10,933.13,193
1/31/2014 18:16:22,1/31/2014,18:16:22,1.18,8.32,0.10,933.08,308
1/31/2014 18:16:52,1/31/2014,18:16:52,1.62,8.30,0.10,933.08,171
1/31/2014 18:17:22,1/31/2014,18:17:22,1.73,8.32,0.10,933.08,147
1/31/2014 18:17:52,1/31/2014,18:17:52,2.48,8.32,0.10,933.08,183
1/31/2014 18:18:22,1/31/2014,18:18:22,0.44,8.30,0.10,933.11,209
1/31/2014 18:18:52,1/31/2014,18:18:52,0.76,8.32,0.10,933.06,357
1/31/2014 18:19:22,1/31/2014,18:19:22,3.24,8.32,0.10,933.00,197
1/31/2014 18:19:52,1/31/2014,18:19:52,2.65,8.32,0.10,932.93,205
1/31/2014 18:20:22,1/31/2014,18:20:22,3.65,8.37,0.10,932.93,195
1/31/2014 18:20:52,1/31/2014,18:20:52,3.80,8.37,0.10,932.91,177
1/31/2014 18:21:22,1/31/2014,18:21:22,0.36,8.37,0.10,932.94,192
1/31/2014 18:21:52,1/31/2014,18:21:52,1.37,8.37,0.10,932.94,177
1/31/2014 18:22:22,1/31/2014,18:22:22,3.70,8.39,0.10,932.91,211
1/31/2014 18:22:52,1/31/2014,18:22:52,1.95,8.39,0.10,932.83,292
1/31/2014 18:23:22,1/31/2014,18:23:22,3.58,8.39,0.10,932.79,189
1/31/2014 18:23:52,1/31/2014,18:23:52,0.00,8.39,0.10,932.93,80
1/31/2014 18:24:22,1/31/2014,18:24:22,1.63,8.39,0.10,932.85,258
1/31/2014 18:24:52,1/31/2014,18:24:52,1.66,8.39,0.10,932.88,222
1/31/2014 18:25:22,1/31/2014,18:25:22,0.63,8.39,0.10,932.93,192
1/31/2014 18:25:52,1/31/2014,18:25:52,3.77,8.39,0.10,932.91,213
1/31/2014 18:26:22,1/31/2014,18:26:22,1.59,8.44,0.10,932.84,351
1/31/2014 18:26:52,1/31/2014,18:26:52,1.94,8.50,0.10,932.81,292
1/31/2014 18:27:22,1/31/2014,18:27:22,0.00,8.44,0.10,932.90,198
1/31/2014 18:27:52,1/31/2014,18:27:52,0.54,8.44,0.10,932.87,41
1/31/2014 18:28:22,1/31/2014,18:28:22,1.56,8.50,0.10,932.83,285
1/31/2014 18:28:52,1/31/2014,18:28:52,0.30,8.44,0.10,932.85,17
1/31/2014 18:29:22,1/31/2014,18:29:22,1.93,8.44,0.10,932.83,185
1/31/2014 18:29:52,1/31/2014,18:29:52,1.77,8.50,0.10,932.82,232
1/31/2014 18:30:22,1/31/2014,18:30:22,1.97,8.50,0.10,932.77,158
1/31/2014 18:30:52,1/31/2014,18:30:52,3.29,8.50,0.10,932.75,153
1/31/2014 18:31:22,1/31/2014,18:31:22,2.73,8.50,0.10,932.78,205
1/31/2014 18:31:52,1/31/2014,18:31:52,1.18,8.50,0.10,932.75,153
1/31/2014 18:32:22,1/31/2014,18:32:22,3.38,8.52,0.10,932.73,212
1/31/2014 18:32:52,1/31/2014,18:32:52,3.49,8.52,0.10,932.73,155
1/31/2014 18:33:22,1/31/2014,18:33:22,1.72,8.52,0.10,932.75,228
1/31/2014 18:33:52,1/31/2014,18:33:52,5.60,8.57,0.10,932.64,182
1/31/2014 18:34:22,1/31/2014,18:34:22,2.84,8.57,0.10,932.69,189
1/31/2014 18:34:52,1/31/2014,18:34:52,0.80,8.57,0.10,932.77,269
1/31/2014 18:35:22,1/31/2014,18:35:22,2.49,8.57,0.10,932.72,165
1/31/2014 18:35:52,1/31/2014,18:35:52,1.49,8.57,0.10,932.73,331
1/31/2014 18:36:22,1/31/2014,18:36:22,2.56,8.57,0.10,932.73,200
1/31/2014 18:36:52,1/31/2014,18:36:52,3.80,8.57,0.10,932.67,194
1/31/2014 18:37:22,1/31/2014,18:37:22,2.13,8.57,0.10,932.68,171
1/31/2014 18:37:52,1/31/2014,18:37:52,0.61,8.57,0.10,932.76,181
1/31/2014 18:38:22,1/31/2014,18:38:22,1.58,8.57,0.10,932.71,249
1/31/2014 18:38:52,1/31/2014,18:38:52,1.61,8.57,0.10,932.72,202
1/31/2014 18:39:22,1/31/2014,18:39:22,1.26,8.57,0.10,932.71,15
1/31/2014 18:39:52,1/31/2014,18:39:52,3.29,8.60,0.10,932.68,187
1/31/2014 18:40:22,1/31/2014,18:40:22,0.74,8.57,0.10,932.69,179
1/31/2014 18:40:52,1/31/2014,18:40:52,1.95,8.64,0.10,932.65,234
1/31/2014 18:41:22,1/31/2014,18:41:22,5.09,8.64,0.10,932.59,190
1/31/2014 18:41:52,1/31/2014,18:41:52,2.41,8.64,0.10,932.64,248
1/31/2014 18:42:22,1/31/2014,18:42:22,1.90,8.64,0.10,932.57,25
1/31/2014 18:42:52,1/31/2014,18:42:52,2.94,8.64,0.10,932.60,199
1/31/2014 18:43:22,1/31/2014,18:43:22,2.37,8.64,0.10,932.56,234
1/31/2014 18:43:52,1/31/2014,18:43:52,3.40,8.64,0.10,932.55,195
1/31/2014 18:44:22,1/31/2014,18:44:22,1.73,8.69,0.10,932.54,222
1/31/2014 18:44:52,1/31/2014,18:44:52,1.36,8.69,0.10,932.53,237
1/31/2014 18:45:22,1/31/2014,18:45:22,2.13,8.72,0.10,932.53,217
1/31/2014 18:45:52,1/31/2014,18:45:52,0.41,8.69,0.10,932.55,54
1/31/2014 18:46:22,1/31/2014,18:46:22,0.40,8.64,0.10,932.55,210
1/31/2014 18:46:52,1/31/2014,18:46:52,2.67,8.69,0.10,932.51,213
1/31/2014 18:47:22,1/31/2014,18:47:22,4.22,8.69,0.10,932.46,204
1/31/2014 18:47:52,1/31/2014,18:47:52,0.29,8.69,0.10,932.53,208
1/31/2014 18:48:22,1/31/2014,18:48:22,0.08,8.69,0.10,932.55,163
1/31/2014 18:48:52,1/31/2014,18:48:52,3.06,8.72,0.10,932.46,174
1/31/2014 18:49:22,1/31/2014,18:49:22,0.84,8.69,0.10,932.53,182
1/31/2014 18:49:52,1/31/2014,18:49:52,3.79,8.72,0.10,932.39,196
1/31/2014 18:50:22,1/31/2014,18:50:22,1.12,8.72,0.10,932.45,229
1/31/2014 18:50:52,1/31/2014,18:50:52,0.45,8.72,0.10,932.46,101
1/31/2014 18:51:22,1/31/2014,18:51:22,0.00,8.72,0.10,932.50,211
1/31/2014 18:51:52,1/31/2014,18:51:52,1.88,8.72,0.10,932.45,195
1/31/2014 18:52:22,1/31/2014,18:52:22,3.36,8.77,0.10,932.40,198
1/31/2014 18:52:52,1/31/2014,18:52:52,0.38,8.72,0.10,932.45,154
1/31/2014 18:53:22,1/31/2014,18:53:22,1.33,8.77,0.10,932.39,256
1/31/2014 18:53:52,1/31/2014,18:53:52,0.38,8.77,0.10,932.45,141
1/31/2014 18:54:22,1/31/2014,18:54:22,3.01,8.77,0.10,932.36,194
1/31/2014 18:54:52,1/31/2014,18:54:52,2.22,8.80,0.10,932.38,176
1/31/2014 18:55:22,1/31/2014,18:55:22,0.09,8.80,0.10,932.42,6
1/31/2014 18:55:52,1/31/2014,18:55:52,3.80,8.80,0.10,932.32,197
1/31/2014 18:56:22,1/31/2014,18:56:22,3.49,8.85,0.10,932.31,198
1/31/2014 18:56:52,1/31/2014,18:56:52,1.49,8.85,0.10,932.33,334
1/31/2014 18:57:22,1/31/2014,18:57:22,0.61,8.80,0.10,932.39,228
1/31/2014 18:57:52,1/31/2014,18:57:52,1.44,8.85,0.10,932.37,183
1/31/2014 18:58:22,1/31/2014,18:58:22,1.58,8.87,0.10,932.33,195
1/31/2014 18:58:52,1/31/2014,18:58:52,0.51,8.85,0.10,932.39,229
1/31/2014 18:59:22,1/31/2014,18:59:22,2.01,8.87,0.10,932.35,196
1/31/2014 18:59:52,1/31/2014,18:59:52,3.12,8.87,0.10,932.32,160
1/31/2014 19:00:22,1/31/2014,19:00:22,2.74,8.92,0.10,932.29,220
1/31/2014 19:00:52,1/31/2014,19:00:52,0.94,8.92,0.10,932.30,153
1/31/2014 19:01:22,1/31/2014,19:01:22,0.70,8.87,0.10,932.29,199
1/31/2014 19:01:52,1/31/2014,19:01:52,1.18,8.92,0.10,932.26,258
1/31/2014 19:02:22,1/31/2014,19:02:22,1.20,8.92,0.10,932.23,193
1/31/2014 19:02:52,1/31/2014,19:02:52,1.95,8.97,0.10,932.22,191
1/31/2014 19:03:22,1/31/2014,19:03:22,0.24,8.92,0.10,932.28,235
1/31/2014 19:03:52,1/31/2014,19:03:52,4.77,8.97,0.10,932.18,168
1/31/2014 19:04:22,1/31/2014,19:04:22,2.42,8.87,0.10,932.15,177
1/31/2014 19:04:52,1/31/2014,19:04:52,4.08,8.92,0.10,932.13,187
1/31/2014 19:05:22,1/31/2014,19:05:22,2.63,8.97,0.10,932.15,150
1/31/2014 19:05:52,1/31/2014,19:05:52,0.00,8.97,0.10,932.21,180
1/31/2014 19:06:22,1/31/2014,19:06:22,4.02,8.97,0.10,932.17,197
1/31/2014 19:06:52,1/31/2014,19:06:52,2.84,8.97,0.10,932.17,169
1/31/2014 19:07:22,1/31/2014,19:07:22,3.45,8.97,0.10,932.19,183
1/31/2014 19:07:52,1/31/2014,19:07:52,2.27,8.97,0.10,932.22,203
1/31/2014 19:08:22,1/31/2014,19:08:22,2.19,8.97,0.10,932.17,258
1/31/2014 19:08:52,1/31/2014,19:08:52,1.09,8.97,0.10,932.23,190
1/31/2014 19:09:22,1/31/2014,19:09:22,2.91,8.97,0.10,932.19,211
1/31/2014 19:09:52,1/31/2014,19:09:52,0.62,9.00,0.10,932.18,260
1/31/2014 19:10:22,1/31/2014,19:10:22,2.38,9.00,0.10,932.15,211
1/31/2014 19:10:52,1/31/2014,19:10:52,2.73,9.00,0.10,932.11,220
1/31/2014 19:11:22,1/31/2014,19:11:22,0.79,9.00,0.10,932.15,184
1/31/2014 19:11:52,1/31/2014,19:11:52,2.42,9.05,0.10,932.14,177
1/31/2014 19:12:22,1/31/2014,19:12:22,2.16,9.05,0.10,932.09,193
1/31/2014 19:12:52,1/31/2014,19:12:52,1.55,9.05,0.10,932.04,0
1/31/2014 19:13:22,1/31/2014,19:13:22,0.73,9.05,0.10,932.09,117
1/31/2014 19:13:52,1/31/2014,19:13:52,3.81,9.05,0.10,931.98,209
1/31/2014 19:14:22,1/31/2014,19:14:22,0.00,9.05,0.10,932.05,351
1/31/2014 19:14:52,1/31/2014,19:14:52,0.38,9.05,0.10,932.00,185
1/31/2014 19:15:22,1/31/2014,19:15:22,1.54,9.05,0.10,931.99,207
1/31/2014 19:15:52,1/31/2014,19:15:52,1.58,9.05,0.10,931.94,5
1/31/2014 19:16:22,1/31/2014,19:16:22,2.55,9.07,0.10,931.93,143
1/31/2014 19:16:52,1/31/2014,19:16:52,2.23,9.12,0.10,931.89,210
1/31/2014 19:17:22,1/31/2014,19:17:22,2.05,9.12,0.10,931.93,194
1/31/2014 19:17:52,1/31/2014,19:17:52,3.86,9.12,0.10,931.87,171
1/31/2014 19:18:22,1/31/2014,19:18:22,1.47,9.12,0.10,931.87,280
1/31/2014 19:18:52,1/31/2014,19:18:52,1.24,9.12,0.10,931.86,255
1/31/2014 19:19:22,1/31/2014,19:19:22,0.59,9.12,0.10,931.91,352
1/31/2014 19:19:52,1/31/2014,19:19:52,0.45,9.12,0.10,931.93,31
1/31/2014 19:20:22,1/31/2014,19:20:22,0.62,9.17,0.10,931.90,196
1/31/2014 19:20:52,1/31/2014,19:20:52,3.04,9.12,0.10,931.83,210
1/31/2014 19:21:22,1/31/2014,19:21:22,1.22,9.17,0.10,931.83,187
1/31/2014 19:21:52,1/31/2014,19:21:52,2.30,9.17,0.10,931.80,193
1/31/2014 19:22:22,1/31/2014,19:22:22,0.30,9.17,0.10,931.84,222
1/31/2014 19:22:52,1/31/2014,19:22:52,2.36,9.17,0.10,931.76,159
1/31/2014 19:23:22,1/31/2014,19:23:22,1.52,9.19,0.10,931.78,167
1/31/2014 19:23:52,1/31/2014,19:23:52,3.02,9.19,0.10,931.75,182
1/31/2014 19:24:22,1/31/2014,19:24:22,0.59,9.19,0.10,931.76,153
1/31/2014 19:24:52,1/31/2014,19:24:52,4.58,9.25,0.10,931.72,169
1/31/2014 19:25:22,1/31/2014,19:25:22,1.95,9.19,0.10,931.77,183
1/31/2014 19:25:52,1/31/2014,19:25:52,1.45,9.25,0.10,931.81,190
1/31/2014 19:26:22,1/31/2014,19:26:22,2.16,9.27,0.10,931.73,338
1/31/2014 19:26:52,1/31/2014,19:26:52,0.72,9.27,0.10,931.74,223
1/31/2014 19:27:22,1/31/2014,19:27:22,0.00,9.27,0.10,931.78,193
1/31/2014 19:27:52,1/31/2014,19:27:52,1.81,9.25,0.10,931.71,245
1/31/2014 19:28:22,1/31/2014,19:28:22,2.27,9.27,0.10,931.72,229
1/31/2014 19:28:52,1/31/2014,19:28:52,1.69,9.27,0.10,931.69,249
1/31/2014 19:29:22,1/31/2014,19:29:22,0.00,9.27,0.10,931.76,184
1/31/2014 19:29:52,1/31/2014,19:29:52,0.00,9.27,0.10,931.75,311
1/31/2014 19:30:22,1/31/2014,19:30:22,0.00,9.32,0.10,931.76,174
1/31/2014 19:30:52,1/31/2014,19:30:52,1.22,9.27,0.10,931.71,274
1/31/2014 19:31:22,1/31/2014,19:31:22,2.59,9.35,0.10,931.66,236
1/31/2014 19:31:52,1/31/2014,19:31:52,0.73,9.32,0.10,931.66,158
1/31/2014 19:32:22,1/31/2014,19:32:22,0.00,9.32,0.10,931.69,155
1/31/2014 19:32:52,1/31/2014,19:32:52,1.04,9.35,0.10,931.67,234
1/31/2014 19:33:22,1/31/2014,19:33:22,3.59,9.35,0.10,931.63,205
1/31/2014 19:33:52,1/31/2014,19:33:52,1.05,9.35,0.10,931.63,176
1/31/2014 19:34:22,1/31/2014,19:34:22,0.00,9.35,0.10,931.66,272
1/31/2014 19:34:52,1/31/2014,19:34:52,1.70,9.35,0.10,931.64,193
1/31/2014 19:35:22,1/31/2014,19:35:22,3.45,9.35,0.10,931.59,210
1/31/2014 19:35:52,1/31/2014,19:35:52,1.04,9.39,0.10,931.60,286
1/31/2014 19:36:22,1/31/2014,19:36:22,2.29,9.44,0.10,931.58,221
1/31/2014 19:36:52,1/31/2014,19:36:52,0.23,9.39,0.10,931.64,242
1/31/2014 19:37:22,1/31/2014,19:37:22,1.19,9.39,0.10,931.60,185
1/31/2014 19:37:52,1/31/2014,19:37:52,0.00,9.44,0.10,931.64,90
1/31/2014 19:38:22,1/31/2014,19:38:22,1.95,9.44,0.10,931.58,203
1/31/2014 19:38:52,1/31/2014,19:38:52,4.04,9.47,0.10,931.47,199
1/31/2014 19:39:22,1/31/2014,19:39:22,1.40,9.44,0.10,931.48,27
1/31/2014 19:39:52,1/31/2014,19:39:52,1.37,9.44,0.10,931.50,205
1/31/2014 19:40:22,1/31/2014,19:40:22,0.00,9.44,0.10,931.53,30
1/31/2014 19:40:52,1/31/2014,19:40:52,0.00,9.44,0.10,931.49,227
1/31/2014 19:41:22,1/31/2014,19:41:22,0.70,9.47,0.10,931.45,80
1/31/2014 19:41:52,1/31/2014,19:41:52,1.04,9.44,0.10,931.37,181
1/31/2014 19:42:22,1/31/2014,19:42:22,1.56,9.47,0.10,931.36,196
1/31/2014 19:42:52,1/31/2014,19:42:52,0.55,9.47,0.10,931.37,296
1/31/2014 19:43:22,1/31/2014,19:43:22,0.33,9.47,0.10,931.41,144
1/31/2014 19:43:52,1/31/2014,19:43:52,0.33,9.47,0.10,931.37,13
1/31/2014 19:44:22,1/31/2014,19:44:22,1.34,9.47,0.10,931.35,136
1/31/2014 19:44:52,1/31/2014,19:44:52,0.87,9.52,0.10,931.36,193
1/31/2014 19:45:22,1/31/2014,19:45:22,0.00,9.47,0.10,931.41,348
1/31/2014 19:45:52,1/31/2014,19:45:52,0.00,9.47,0.10,931.38,85
1/31/2014 19:46:22,1/31/2014,19:46:22,1.33,9.52,0.10,931.32,190
1/31/2014 19:46:52,1/31/2014,19:46:52,0.73,9.52,0.10,931.34,209
1/31/2014 19:47:22,1/31/2014,19:47:22,0.36,9.52,0.10,931.35,299
1/31/2014 19:47:52,1/31/2014,19:47:52,0.65,9.52,0.10,931.35,251
1/31/2014 19:48:22,1/31/2014,19:48:22,0.16,9.52,0.10,931.35,339
1/31/2014 19:48:52,1/31/2014,19:48:52,0.00,9.52,0.10,931.39,72
1/31/2014 19:49:22,1/31/2014,19:49:22,0.00,9.52,0.10,931.39,313
1/31/2014 19:49:52,1/31/2014,19:49:52,1.43,9.52,0.10,931.34,218
1/31/2014 19:50:22,1/31/2014,19:50:22,1.36,9.52,0.10,931.32,222
1/31/2014 19:50:52,1/31/2014,19:50:52,0.00,9.52,0.10,931.32,289
1/31/2014 19:51:22,1/31/2014,19:51:22,0.00,9.52,0.10,931.34,212
1/31/2014 19:51:52,1/31/2014,19:51:52,1.61,9.52,0.10,931.31,255
1/31/2014 19:52:22,1/31/2014,19:52:22,0.00,9.52,0.10,931.32,154
1/31/2014 19:52:52,1/31/2014,19:52:52,0.47,9.55,0.10,931.32,173
1/31/2014 19:53:22,1/31/2014,19:53:22,1.29,9.55,0.10,931.34,226
1/31/2014 19:53:52,1/31/2014,19:53:52,0.06,9.60,0.10,931.34,325
1/31/2014 19:54:22,1/31/2014,19:54:22,0.54,9.55,0.10,931.35,212
1/31/2014 19:54:52,1/31/2014,19:54:52,0.22,9.60,0.10,931.29,338
1/31/2014 19:55:22,1/31/2014,19:55:22,0.00,9.55,0.10,931.28,7
1/31/2014 19:55:52,1/31/2014,19:55:52,0.66,9.60,0.10,931.26,49
1/31/2014 19:56:22,1/31/2014,19:56:22,1.54,9.60,0.10,931.17,221
1/31/2014 19:56:52,1/31/2014,19:56:52,2.48,9.64,0.10,931.14,190
1/31/2014 19:57:22,1/31/2014,19:57:22,1.74,9.67,0.10,931.11,215
1/31/2014 19:57:52,1/31/2014,19:57:52,0.00,9.64,0.10,931.18,326
1/31/2014 19:58:22,1/31/2014,19:58:22,0.34,9.64,0.10,931.16,211
1/31/2014 19:58:52,1/31/2014,19:58:52,1.90,9.67,0.10,931.12,196
1/31/2014 19:59:22,1/31/2014,19:59:22,0.00,9.67,0.10,931.16,207
1/31/2014 19:59:52,1/31/2014,19:59:52,0.79,9.64,0.10,931.14,116
1/31/2014 20:00:22,1/31/2014,20:00:22,0.09,9.67,0.10,931.17,178
1/31/2014 20:00:52,1/31/2014,20:00:52,0.00,9.67,0.10,931.18,38
1/31/2014 20:01:22,1/31/2014,20:01:22,0.00,9.67,0.10,931.18,205
1/31/2014 20:01:52,1/31/2014,20:01:52,0.00,9.64,0.10,931.19,60
1/31/2014 20:02:22,1/31/2014,20:02:22,1.81,9.67,0.10,931.12,279
1/31/2014 20:02:52,1/31/2014,20:02:52,0.18,9.67,0.10,931.19,0
1/31/2014 20:03:22,1/31/2014,20:03:22,0.65,9.67,0.10,931.18,214
1/31/2014 20:03:52,1/31/2014,20:03:52,1.45,9.72,0.10,931.16,153
1/31/2014 20:04:22,1/31/2014,20:04:22,1.56,9.72,0.10,931.17,309
1/31/2014 20:04:52,1/31/2014,20:04:52,0.38,9.75,0.10,931.19,211
1/31/2014 20:05:22,1/31/2014,20:05:22,0.40,9.72,0.10,931.20,1
1/31/2014 20:05:52,1/31/2014,20:05:52,0.00,9.72,0.10,931.19,216
1/31/2014 20:06:22,1/31/2014,20:06:22,0.66,9.75,0.10,931.12,333
1/31/2014 20:06:52,1/31/2014,20:06:52,0.00,9.75,0.10,931.17,307
1/31/2014 20:07:22,1/31/2014,20:07:22,5.16,9.82,0.10,931.07,172
1/31/2014 20:07:52,1/31/2014,20:07:52,0.16,9.82,0.10,931.17,265
1/31/2014 20:08:22,1/31/2014,20:08:22,0.00,9.75,0.10,931.23,230
1/31/2014 20:08:52,1/31/2014,20:08:52,0.00,9.80,0.10,931.27,179
1/31/2014 20:09:22,1/31/2014,20:09:22,1.05,9.82,0.10,931.22,267
1/31/2014 20:09:52,1/31/2014,20:09:52,0.00,9.82,0.10,931.27,11
1/31/2014 20:10:22,1/31/2014,20:10:22,0.16,9.82,0.10,931.28,215
1/31/2014 20:10:52,1/31/2014,20:10:52,0.00,9.82,0.10,931.30,8
1/31/2014 20:11:22,1/31/2014,20:11:22,0.00,9.82,0.10,931.28,279
1/31/2014 20:11:52,1/31/2014,20:11:52,0.00,9.82,0.10,931.29,220
1/31/2014 20:12:22,1/31/2014,20:12:22,0.00,9.82,0.10,931.32,159
1/31/2014 20:12:52,1/31/2014,20:12:52,0.00,9.87,0.10,931.31,354
1/31/2014 20:13:22,1/31/2014,20:13:22,0.00,9.82,0.10,931.32,1
1/31/2014 20:13:52,1/31/2014,20:13:52,0.00,9.82,0.10,931.32,20
1/31/2014 20:14:22,1/31/2014,20:14:22,0.00,9.87,0.10,931.32,318
1/31/2014 20:14:52,1/31/2014,20:14:52,0.00,9.87,0.10,931.36,189
1/31/2014 20:15:22,1/31/2014,20:15:22,0.36,9.92,0.10,931.30,5
1/31/2014 20:15:52,1/31/2014,20:15:52,0.00,9.92,0.10,931.32,34
1/31/2014 20:16:22,1/31/2014,20:16:22,0.00,9.92,0.10,931.35,198
1/31/2014 20:16:52,1/31/2014,20:16:52,0.00,9.92,0.10,931.37,282
1/31/2014 20:17:22,1/31/2014,20:17:22,0.00,9.92,0.10,931.37,168
1/31/2014 20:17:52,1/31/2014,20:17:52,0.00,9.92,0.10,931.37,4
1/31/2014 20:18:22,1/31/2014,20:18:22,0.00,9.92,0.10,931.39,158
1/31/2014 20:18:52,1/31/2014,20:18:52,0.00,9.92,0.10,931.41,248
1/31/2014 20:19:22,1/31/2014,20:19:22,0.41,9.94,0.10,931.40,202
1/31/2014 20:19:52,1/31/2014,20:19:52,0.00,9.92,0.10,931.41,170
1/31/2014 20:20:22,1/31/2014,20:20:22,0.00,9.94,0.10,931.36,203
1/31/2014 20:20:52,1/31/2014,20:20:52,1.69,10.00,0.10,931.34,200
1/31/2014 20:21:22,1/31/2014,20:21:22,0.00,10.00,0.10,931.37,334
1/31/2014 20:21:52,1/31/2014,20:21:52,0.00,9.94,0.10,931.41,125
1/31/2014 20:22:22,1/31/2014,20:22:22,0.00,10.00,0.10,931.41,283
1/31/2014 20:22:52,1/31/2014,20:22:52,0.00,9.94,0.10,931.41,38
1/31/2014 20:23:22,1/31/2014,20:23:22,0.00,9.92,0.10,931.43,339
1/31/2014 20:23:52,1/31/2014,20:23:52,0.00,10.00,0.10,931.43,217
1/31/2014 20:24:22,1/31/2014,20:24:22,0.00,9.94,0.10,931.43,332
1/31/2014 20:24:52,1/31/2014,20:24:52,0.30,9.94,0.10,931.36,154
1/31/2014 20:25:22,1/31/2014,20:25:22,0.00,9.94,0.10,931.36,271
1/31/2014 20:25:52,1/31/2014,20:25:52,0.00,9.92,0.10,931.34,191
1/31/2014 20:26:22,1/31/2014,20:26:22,0.00,9.94,0.10,931.29,286
1/31/2014 20:26:52,1/31/2014,20:26:52,0.00,9.94,0.10,931.27,281
1/31/2014 20:27:22,1/31/2014,20:27:22,1.48,9.92,0.10,931.22,240
1/31/2014 20:27:52,1/31/2014,20:27:52,0.00,9.92,0.10,931.22,8
1/31/2014 20:28:22,1/31/2014,20:28:22,0.00,9.87,0.10,931.23,230
1/31/2014 20:28:52,1/31/2014,20:28:52,0.00,9.87,0.10,931.23,246
1/31/2014 20:29:22,1/31/2014,20:29:22,0.00,9.87,0.10,931.22,195
1/31/2014 20:29:52,1/31/2014,20:29:52,0.00,9.87,0.10,931.21,309
1/31/2014 20:30:22,1/31/2014,20:30:22,0.00,9.82,0.10,931.21,252
1/31/2014 20:30:52,1/31/2014,20:30:52,0.33,9.82,0.10,931.12,169
1/31/2014 20:31:22,1/31/2014,20:31:22,0.00,9.82,0.10,931.11,309
1/31/2014 20:31:52,1/31/2014,20:31:52,0.30,9.82,0.10,931.07,214
1/31/2014 20:32:22,1/31/2014,20:32:22,0.00,9.82,0.10,931.04,212
1/31/2014 20:32:52,1/31/2014,20:32:52,0.00,9.82,0.10,931.04,176
1/31/2014 20:33:22,1/31/2014,20:33:22,0.00,9.82,0.10,931.05,223
1/31/2014 20:33:52,1/31/2014,20:33:52,0.00,9.82,0.10,931.05,170
1/31/2014 20:34:22,1/31/2014,20:34:22,0.00,9.82,0.10,931.04,235
1/31/2014 20:34:52,1/31/2014,20:34:52,0.36,9.82,0.10,931.00,217
1/31/2014 20:35:22,1/31/2014,20:35:22,0.00,9.80,0.10,931.03,280
1/31/2014 20:35:52,1/31/2014,20:35:52,0.00,9.80,0.10,931.04,227
1/31/2014 20:36:22,1/31/2014,20:36:22,0.00,9.75,0.10,931.09,209
1/31/2014 20:36:52,1/31/2014,20:36:52,0.00,9.75,0.10,931.08,62
1/31/2014 20:37:22,1/31/2014,20:37:22,0.00,9.75,0.10,931.07,174
1/31/2014 20:37:52,1/31/2014,20:37:52,0.11,9.80,0.10,931.07,268
1/31/2014 20:38:22,1/31/2014,20:38:22,0.00,9.75,0.10,931.10,182
1/31/2014 20:38:52,1/31/2014,20:38:52,0.12,9.75,0.10,931.08,193
1/31/2014 20:39:22,1/31/2014,20:39:22,0.00,9.75,0.10,931.09,191
1/31/2014 20:39:52,1/31/2014,20:39:52,0.00,9.75,0.10,931.09,182
1/31/2014 20:40:22,1/31/2014,20:40:22,0.00,9.75,0.10,931.09,256
1/31/2014 20:40:52,1/31/2014,20:40:52,0.00,9.75,0.10,931.11,190
1/31/2014 20:41:22,1/31/2014,20:41:22,0.00,9.75,0.10,931.11,5
1/31/2014 20:41:52,1/31/2014,20:41:52,0.00,9.72,0.10,931.13,56
1/31/2014 20:42:22,1/31/2014,20:42:22,2.34,9.75,0.10,931.05,215
1/31/2014 20:42:52,1/31/2014,20:42:52,0.00,9.75,0.10,931.11,208
1/31/2014 20:43:22,1/31/2014,20:43:22,0.00,9.75,0.10,931.11,162
1/31/2014 20:43:52,1/31/2014,20:43:52,0.00,9.72,0.10,931.12,212
1/31/2014 20:44:22,1/31/2014,20:44:22,1.02,9.72,0.10,931.04,185
1/31/2014 20:44:52,1/31/2014,20:44:52,0.00,9.72,0.10,931.09,234
1/31/2014 20:45:22,1/31/2014,20:45:22,0.00,9.67,0.10,931.08,266
1/31/2014 20:45:52,1/31/2014,20:45:52,0.00,9.67,0.10,931.08,196
1/31/2014 20:46:22,1/31/2014,20:46:22,0.00,9.67,0.10,931.08,340
1/31/2014 20:46:52,1/31/2014,20:46:52,0.00,9.67,0.10,931.08,210
1/31/2014 20:47:22,1/31/2014,20:47:22,0.00,9.67,0.10,931.07,18
1/31/2014 20:47:52,1/31/2014,20:47:52,0.00,9.67,0.10,931.04,146
1/31/2014 20:48:22,1/31/2014,20:48:22,0.00,9.64,0.10,931.04,62
1/31/2014 20:48:52,1/31/2014,20:48:52,0.00,9.60,0.10,931.00,42
1/31/2014 20:49:22,1/31/2014,20:49:22,0.00,9.64,0.10,930.98,61
1/31/2014 20:49:52,1/31/2014,20:49:52,0.00,9.60,0.10,930.95,275
1/31/2014 20:50:22,1/31/2014,20:50:22,0.00,9.67,0.10,930.95,210
1/31/2014 20:50:52,1/31/2014,20:50:52,1.56,9.64,0.10,930.92,215
1/31/2014 20:51:22,1/31/2014,20:51:22,0.00,9.60,0.10,930.95,196
1/31/2014 20:51:52,1/31/2014,20:51:52,0.00,9.64,0.10,930.95,208
1/31/2014 20:52:22,1/31/2014,20:52:22,0.00,9.60,0.10,930.95,202
1/31/2014 20:52:52,1/31/2014,20:52:52,0.31,9.60,0.10,930.94,182
1/31/2014 20:53:22,1/31/2014,20:53:22,1.58,9.60,0.10,930.84,218
1/31/2014 20:53:52,1/31/2014,20:53:52,0.15,9.60,0.10,930.86,255
1/31/2014 20:54:22,1/31/2014,20:54:22,0.00,9.60,0.10,930.90,273
1/31/2014 20:54:52,1/31/2014,20:54:52,0.00,9.60,0.10,930.94,202
1/31/2014 20:55:22,1/31/2014,20:55:22,0.38,9.52,0.10,930.94,217
1/31/2014 20:55:52,1/31/2014,20:55:52,1.93,9.52,0.10,930.91,205
1/31/2014 20:56:22,1/31/2014,20:56:22,0.00,9.52,0.10,930.98,231
1/31/2014 20:56:52,1/31/2014,20:56:52,0.00,9.52,0.10,930.99,243
1/31/2014 20:57:22,1/31/2014,20:57:22,0.09,9.52,0.10,931.00,233
1/31/2014 20:57:52,1/31/2014,20:57:52,0.00,9.44,0.10,931.01,338
1/31/2014 20:58:22,1/31/2014,20:58:22,0.30,9.44,0.10,930.98,319
1/31/2014 20:58:52,1/31/2014,20:58:52,0.29,9.44,0.10,931.01,248
1/31/2014 20:59:22,1/31/2014,20:59:22,0.00,9.44,0.10,931.04,150
1/31/2014 20:59:52,1/31/2014,20:59:52,0.06,9.39,0.10,931.03,169
1/31/2014 21:00:22,1/31/2014,21:00:22,0.00,9.44,0.10,931.05,181
1/31/2014 21:00:52,1/31/2014,21:00:52,0.05,9.39,0.10,931.08,290
1/31/2014 21:01:22,1/31/2014,21:01:22,3.09,9.39,0.10,930.99,197
1/31/2014 21:01:52,1/31/2014,21:01:52,0.00,9.35,0.10,931.09,184
1/31/2014 21:02:22,1/31/2014,21:02:22,0.00,9.35,0.10,931.12,334
1/31/2014 21:02:52,1/31/2014,21:02:52,0.56,9.35,0.10,931.10,182
1/31/2014 21:03:22,1/31/2014,21:03:22,0.33,9.35,0.10,931.09,184
1/31/2014 21:03:52,1/31/2014,21:03:52,1.73,9.32,0.10,931.05,229
1/31/2014 21:04:22,1/31/2014,21:04:22,0.18,9.32,0.10,931.11,264
1/31/2014 21:04:52,1/31/2014,21:04:52,0.13,9.32,0.10,931.12,245
1/31/2014 21:05:22,1/31/2014,21:05:22,0.00,9.32,0.10,931.14,175
1/31/2014 21:05:52,1/31/2014,21:05:52,1.08,9.27,0.10,931.13,182
1/31/2014 21:06:22,1/31/2014,21:06:22,2.06,9.27,0.10,931.05,198
1/31/2014 21:06:52,1/31/2014,21:06:52,1.45,9.27,0.10,931.08,233
1/31/2014 21:07:22,1/31/2014,21:07:22,0.00,9.27,0.10,931.13,267
1/31/2014 21:07:52,1/31/2014,21:07:52,0.00,9.27,0.10,931.16,201
1/31/2014 21:08:22,1/31/2014,21:08:22,0.40,9.25,0.10,931.16,153
1/31/2014 21:08:52,1/31/2014,21:08:52,0.06,9.25,0.10,931.16,208
1/31/2014 21:09:22,1/31/2014,21:09:22,1.47,9.19,0.10,931.10,311
1/31/2014 21:09:52,1/31/2014,21:09:52,1.98,9.19,0.10,931.08,210
1/31/2014 21:10:22,1/31/2014,21:10:22,0.54,9.19,0.10,931.11,174
1/31/2014 21:10:52,1/31/2014,21:10:52,0.19,9.19,0.10,931.09,193
1/31/2014 21:11:22,1/31/2014,21:11:22,0.93,9.19,0.10,931.05,188
1/31/2014 21:11:52,1/31/2014,21:11:52,3.30,9.19,0.10,930.97,185
1/31/2014 21:12:22,1/31/2014,21:12:22,3.22,9.19,0.10,931.00,200
1/31/2014 21:12:52,1/31/2014,21:12:52,0.61,9.19,0.10,931.03,296
1/31/2014 21:13:22,1/31/2014,21:13:22,0.00,9.17,0.10,931.05,198
1/31/2014 21:13:52,1/31/2014,21:13:52,3.01,9.17,0.10,931.00,230
1/31/2014 21:14:22,1/31/2014,21:14:22,0.00,9.17,0.10,931.07,221
1/31/2014 21:14:52,1/31/2014,21:14:52,0.00,9.12,0.10,931.07,180
1/31/2014 21:15:22,1/31/2014,21:15:22,0.00,9.12,0.10,931.09,209
1/31/2014 21:15:52,1/31/2014,21:15:52,0.00,9.12,0.10,931.10,19
1/31/2014 21:16:22,1/31/2014,21:16:22,0.83,9.12,0.10,931.09,236
1/31/2014 21:16:52,1/31/2014,21:16:52,0.00,9.05,0.10,931.10,160
1/31/2014 21:17:22,1/31/2014,21:17:22,0.08,9.05,0.10,931.04,172
1/31/2014 21:17:52,1/31/2014,21:17:52,0.94,9.05,0.10,931.01,1
1/31/2014 21:18:22,1/31/2014,21:18:22,0.00,9.05,0.10,931.08,213
1/31/2014 21:18:52,1/31/2014,21:18:52,0.20,9.05,0.10,931.08,350
1/31/2014 21:19:22,1/31/2014,21:19:22,2.24,9.00,0.10,931.03,185
1/31/2014 21:19:52,1/31/2014,21:19:52,0.05,9.00,0.10,931.05,202
1/31/2014 21:20:22,1/31/2014,21:20:22,0.00,9.00,0.10,931.08,320
1/31/2014 21:20:52,1/31/2014,21:20:52,0.30,9.00,0.10,931.03,224
1/31/2014 21:21:22,1/31/2014,21:21:22,0.48,8.97,0.10,930.97,5
1/31/2014 21:21:52,1/31/2014,21:21:52,0.40,8.97,0.10,930.93,305
1/31/2014 21:22:22,1/31/2014,21:22:22,0.00,8.97,0.10,930.95,208
1/31/2014 21:22:52,1/31/2014,21:22:52,0.37,8.92,0.10,930.93,183
1/31/2014 21:23:22,1/31/2014,21:23:22,0.58,8.97,0.10,930.92,168
1/31/2014 21:23:52,1/31/2014,21:23:52,0.36,8.97,0.10,930.90,217
1/31/2014 21:24:22,1/31/2014,21:24:22,0.20,8.92,0.10,930.89,139
1/31/2014 21:24:52,1/31/2014,21:24:52,0.19,8.92,0.10,930.91,318
1/31/2014 21:25:22,1/31/2014,21:25:22,0.47,8.92,0.10,930.90,204
1/31/2014 21:25:52,1/31/2014,21:25:52,0.29,8.87,0.10,930.91,157
1/31/2014 21:26:22,1/31/2014,21:26:22,0.00,8.87,0.10,930.97,205
1/31/2014 21:26:52,1/31/2014,21:26:52,0.00,8.87,0.10,930.99,206
1/31/2014 21:27:22,1/31/2014,21:27:22,0.00,8.87,0.10,931.01,205
1/31/2014 21:27:52,1/31/2014,21:27:52,2.04,8.92,0.10,930.91,324
1/31/2014 21:28:22,1/31/2014,21:28:22,0.11,8.87,0.10,931.01,195
1/31/2014 21:28:52,1/31/2014,21:28:52,0.00,8.87,0.10,931.00,138
1/31/2014 21:29:22,1/31/2014,21:29:22,0.00,8.87,0.10,931.00,305
1/31/2014 21:29:52,1/31/2014,21:29:52,0.15,8.87,0.10,931.00,8
1/31/2014 21:30:22,1/31/2014,21:30:22,0.00,8.87,0.10,930.99,198
1/31/2014 21:30:52,1/31/2014,21:30:52,0.00,8.87,0.10,931.01,216
1/31/2014 21:31:22,1/31/2014,21:31:22,0.00,8.87,0.10,931.00,176
1/31/2014 21:31:52,1/31/2014,21:31:52,0.20,8.87,0.10,930.98,297
1/31/2014 21:32:22,1/31/2014,21:32:22,0.43,8.87,0.10,930.95,346
1/31/2014 21:32:52,1/31/2014,21:32:52,0.00,8.87,0.10,930.97,223
1/31/2014 21:33:22,1/31/2014,21:33:22,0.00,8.87,0.10,930.99,327
1/31/2014 21:33:52,1/31/2014,21:33:52,0.41,8.87,0.10,930.98,167
1/31/2014 21:34:22,1/31/2014,21:34:22,1.24,8.92,0.10,930.97,175
1/31/2014 21:34:52,1/31/2014,21:34:52,0.27,8.87,0.10,930.97,220
1/31/2014 21:35:22,1/31/2014,21:35:22,0.00,8.87,0.10,930.99,186
1/31/2014 21:35:52,1/31/2014,21:35:52,0.00,8.87,0.10,931.02,4
1/31/2014 21:36:22,1/31/2014,21:36:22,0.27,8.87,0.10,931.00,232
1/31/2014 21:36:52,1/31/2014,21:36:52,0.00,8.87,0.10,931.01,215
1/31/2014 21:37:22,1/31/2014,21:37:22,0.00,8.87,0.10,931.01,355
1/31/2014 21:37:52,1/31/2014,21:37:52,0.90,8.87,0.10,930.98,213
1/31/2014 21:38:22,1/31/2014,21:38:22,0.00,8.87,0.10,931.00,280
1/31/2014 21:38:52,1/31/2014,21:38:52,0.00,8.85,0.10,931.02,276
1/31/2014 21:39:22,1/31/2014,21:39:22,0.95,8.85,0.10,930.97,339
1/31/2014 21:39:52,1/31/2014,21:39:52,0.00,8.85,0.10,930.98,202
1/31/2014 21:40:22,1/31/2014,21:40:22,0.00,8.85,0.10,930.98,27
1/31/2014 21:40:52,1/31/2014,21:40:52,1.26,8.87,0.10,930.95,151
1/31/2014 21:41:22,1/31/2014,21:41:22,1.02,8.87,0.10,930.90,189
1/31/2014 21:41:52,1/31/2014,21:41:52,0.00,8.85,0.10,930.97,128
1/31/2014 21:42:22,1/31/2014,21:42:22,0.00,8.87,0.10,930.98,236
1/31/2014 21:42:52,1/31/2014,21:42:52,0.00,8.85,0.10,930.98,169
1/31/2014 21:43:22,1/31/2014,21:43:22,0.00,8.85,0.10,930.98,57
1/31/2014 21:43:52,1/31/2014,21:43:52,0.00,8.85,0.10,930.97,158
1/31/2014 21:44:22,1/31/2014,21:44:22,0.00,8.87,0.10,930.95,195
1/31/2014 21:44:52,1/31/2014,21:44:52,0.06,8.85,0.10,930.95,267
1/31/2014 21:45:22,1/31/2014,21:45:22,0.00,8.80,0.10,930.94,184
1/31/2014 21:45:52,1/31/2014,21:45:52,0.40,8.85,0.10,930.94,275
1/31/2014 21:46:22,1/31/2014,21:46:22,0.00,8.80,0.10,930.94,205
1/31/2014 21:46:52,1/31/2014,21:46:52,0.45,8.80,0.10,930.97,173
1/31/2014 21:47:22,1/31/2014,21:47:22,0.24,8.80,0.10,930.92,348
1/31/2014 21:47:52,1/31/2014,21:47:52,0.45,8.80,0.10,930.92,240
1/31/2014 21:48:22,1/31/2014,21:48:22,0.00,8.80,0.10,930.93,190
1/31/2014 21:48:52,1/31/2014,21:48:52,0.00,8.80,0.10,930.95,135
1/31/2014 21:49:22,1/31/2014,21:49:22,0.63,8.87,0.10,930.93,218
1/31/2014 21:49:52,1/31/2014,21:49:52,0.00,8.87,0.10,930.98,254
1/31/2014 21:50:22,1/31/2014,21:50:22,0.22,8.80,0.10,930.99,247
1/31/2014 21:50:52,1/31/2014,21:50:52,0.00,8.80,0.10,930.98,31
1/31/2014 21:51:22,1/31/2014,21:51:22,0.15,8.80,0.10,930.97,240
1/31/2014 21:51:52,1/31/2014,21:51:52,0.00,8.85,0.10,930.98,215
1/31/2014 21:52:22,1/31/2014,21:52:22,0.72,8.85,0.10,930.94,217
1/31/2014 21:52:52,1/31/2014,21:52:52,0.15,8.85,0.10,930.94,223
1/31/2014 21:53:22,1/31/2014,21:53:22,0.52,8.80,0.10,930.92,189
1/31/2014 21:53:52,1/31/2014,21:53:52,0.27,8.85,0.10,930.92,187
1/31/2014 21:54:22,1/31/2014,21:54:22,0.52,8.80,0.10,930.88,169
1/31/2014 21:54:52,1/31/2014,21:54:52,0.00,8.80,0.10,930.90,288
1/31/2014 21:55:22,1/31/2014,21:55:22,0.15,8.80,0.10,930.89,227
1/31/2014 21:55:52,1/31/2014,21:55:52,0.00,8.80,0.10,930.92,127
1/31/2014 21:56:22,1/31/2014,21:56:22,0.00,8.77,0.10,930.91,344
1/31/2014 21:56:52,1/31/2014,21:56:52,0.90,8.80,0.10,930.90,201
1/31/2014 21:57:22,1/31/2014,21:57:22,0.62,8.80,0.10,930.93,54
1/31/2014 21:57:52,1/31/2014,21:57:52,0.00,8.80,0.10,930.95,149
1/31/2014 21:58:22,1/31/2014,21:58:22,0.00,8.80,0.10,930.98,85
1/31/2014 21:58:52,1/31/2014,21:58:52,1.13,8.85,0.10,930.94,261
1/31/2014 21:59:22,1/31/2014,21:59:22,0.00,8.80,0.10,930.97,5
1/31/2014 21:59:52,1/31/2014,21:59:52,0.00,8.80,0.10,930.94,189
1/31/2014 22:00:22,1/31/2014,22:00:22,0.00,8.77,0.10,930.94,4
1/31/2014 22:00:52,1/31/2014,22:00:52,0.00,8.77,0.10,930.94,348
1/31/2014 22:01:22,1/31/2014,22:01:22,0.00,8.77,0.10,930.95,309
1/31/2014 22:01:52,1/31/2014,22:01:52,0.00,8.77,0.10,930.97,168
1/31/2014 22:02:22,1/31/2014,22:02:22,0.06,8.77,0.10,930.92,335
1/31/2014 22:02:52,1/31/2014,22:02:52,0.00,8.77,0.10,930.92,178
1/31/2014 22:03:22,1/31/2014,22:03:22,0.00,8.72,0.10,930.93,352
1/31/2014 22:03:52,1/31/2014,22:03:52,0.05,8.72,0.10,930.90,58
1/31/2014 22:04:22,1/31/2014,22:04:22,0.00,8.72,0.10,930.90,223
1/31/2014 22:04:52,1/31/2014,22:04:52,0.00,8.72,0.10,930.95,204
1/31/2014 22:05:22,1/31/2014,22:05:22,0.00,8.72,0.10,930.97,178
1/31/2014 22:05:52,1/31/2014,22:05:52,0.31,8.77,0.10,930.92,229
1/31/2014 22:06:22,1/31/2014,22:06:22,0.00,8.72,0.10,930.92,189
1/31/2014 22:06:52,1/31/2014,22:06:52,0.00,8.72,0.10,930.86,249
1/31/2014 22:07:22,1/31/2014,22:07:22,0.00,8.72,0.10,930.86,110
1/31/2014 22:07:52,1/31/2014,22:07:52,0.00,8.72,0.10,930.89,171
1/31/2014 22:08:22,1/31/2014,22:08:22,0.00,8.72,0.10,930.91,177
1/31/2014 22:08:52,1/31/2014,22:08:52,0.00,8.72,0.10,930.94,352
1/31/2014 22:09:22,1/31/2014,22:09:22,0.00,8.72,0.10,930.95,203
1/31/2014 22:09:52,1/31/2014,22:09:52,0.00,8.72,0.10,930.97,130
1/31/2014 22:10:22,1/31/2014,22:10:22,0.65,8.72,0.10,930.90,156
1/31/2014 22:10:52,1/31/2014,22:10:52,0.12,8.72,0.10,930.91,344
1/31/2014 22:11:22,1/31/2014,22:11:22,0.00,8.72,0.10,930.94,172
1/31/2014 22:11:52,1/31/2014,22:11:52,0.00,8.72,0.10,930.95,211
1/31/2014 22:12:22,1/31/2014,22:12:22,0.00,8.72,0.10,930.95,308
1/31/2014 22:12:52,1/31/2014,22:12:52,0.00,8.72,0.10,930.94,343
1/31/2014 22:13:22,1/31/2014,22:13:22,0.00,8.72,0.10,930.95,200
1/31/2014 22:13:52,1/31/2014,22:13:52,0.00,8.72,0.10,930.93,17
1/31/2014 22:14:22,1/31/2014,22:14:22,0.00,8.72,0.10,930.93,57
1/31/2014 22:14:52,1/31/2014,22:14:52,0.00,8.72,0.10,930.92,99
1/31/2014 22:15:22,1/31/2014,22:15:22,0.00,8.72,0.10,930.90,325
1/31/2014 22:15:52,1/31/2014,22:15:52,0.06,8.69,0.10,930.86,333
1/31/2014 22:16:22,1/31/2014,22:16:22,0.19,8.72,0.10,930.82,296
1/31/2014 22:16:52,1/31/2014,22:16:52,0.18,8.69,0.10,930.81,216
1/31/2014 22:17:22,1/31/2014,22:17:22,0.79,8.72,0.10,930.75,216
1/31/2014 22:17:52,1/31/2014,22:17:52,0.00,8.72,0.10,930.75,174
1/31/2014 22:18:22,1/31/2014,22:18:22,0.00,8.72,0.10,930.76,192
1/31/2014 22:18:52,1/31/2014,22:18:52,0.00,8.72,0.10,930.73,269
1/31/2014 22:19:22,1/31/2014,22:19:22,0.72,8.69,0.10,930.71,257
1/31/2014 22:19:52,1/31/2014,22:19:52,0.81,8.69,0.10,930.62,8
1/31/2014 22:20:22,1/31/2014,22:20:22,0.79,8.64,0.10,930.58,177
1/31/2014 22:20:52,1/31/2014,22:20:52,0.90,8.69,0.10,930.55,169
1/31/2014 22:21:22,1/31/2014,22:21:22,3.01,8.69,0.10,930.46,215
1/31/2014 22:21:52,1/31/2014,22:21:52,3.05,8.69,0.10,930.43,172
1/31/2014 22:22:22,1/31/2014,22:22:22,0.13,8.72,0.10,930.48,313
1/31/2014 22:22:52,1/31/2014,22:22:52,0.00,8.72,0.10,930.47,16
1/31/2014 22:23:22,1/31/2014,22:23:22,1.06,8.64,0.10,930.42,208
1/31/2014 22:23:52,1/31/2014,22:23:52,0.54,8.64,0.10,930.43,295
1/31/2014 22:24:22,1/31/2014,22:24:22,0.00,8.64,0.10,930.42,197
1/31/2014 22:24:52,1/31/2014,22:24:52,1.12,8.64,0.10,930.38,191
1/31/2014 22:25:22,1/31/2014,22:25:22,0.87,8.64,0.10,930.36,253
1/31/2014 22:25:52,1/31/2014,22:25:52,1.51,8.64,0.10,930.37,199
1/31/2014 22:26:22,1/31/2014,22:26:22,1.02,8.64,0.10,930.37,227
1/31/2014 22:26:52,1/31/2014,22:26:52,0.00,8.64,0.10,930.42,224
1/31/2014 22:27:22,1/31/2014,22:27:22,0.19,8.60,0.10,930.38,176
1/31/2014 22:27:52,1/31/2014,22:27:52,0.58,8.60,0.10,930.30,329
1/31/2014 22:28:22,1/31/2014,22:28:22,0.00,8.60,0.10,930.29,95
1/31/2014 22:28:52,1/31/2014,22:28:52,0.00,8.57,0.10,930.30,291
1/31/2014 22:29:22,1/31/2014,22:29:22,0.00,8.57,0.10,930.33,14
1/31/2014 22:29:52,1/31/2014,22:29:52,0.00,8.52,0.10,930.35,211
1/31/2014 22:30:22,1/31/2014,22:30:22,0.00,8.52,0.10,930.34,126
1/31/2014 22:30:52,1/31/2014,22:30:52,0.00,8.50,0.10,930.30,184
1/31/2014 22:31:22,1/31/2014,22:31:22,1.11,8.50,0.10,930.27,192
1/31/2014 22:31:52,1/31/2014,22:31:52,0.00,8.52,0.10,930.28,259
1/31/2014 22:32:22,1/31/2014,22:32:22,0.15,8.50,0.10,930.28,208
1/31/2014 22:32:52,1/31/2014,22:32:52,0.00,8.50,0.10,930.25,355
1/31/2014 22:33:22,1/31/2014,22:33:22,0.00,8.50,0.10,930.29,200
1/31/2014 22:33:52,1/31/2014,22:33:52,0.41,8.50,0.10,930.26,41
1/31/2014 22:34:22,1/31/2014,22:34:22,0.00,8.50,0.10,930.28,208
1/31/2014 22:34:52,1/31/2014,22:34:52,0.00,8.44,0.10,930.29,225
1/31/2014 22:35:22,1/31/2014,22:35:22,0.00,8.44,0.10,930.31,207
1/31/2014 22:35:52,1/31/2014,22:35:52,0.00,8.44,0.10,930.29,216
1/31/2014 22:36:22,1/31/2014,22:36:22,0.00,8.39,0.10,930.30,267
1/31/2014 22:36:52,1/31/2014,22:36:52,0.00,8.39,0.10,930.33,27
1/31/2014 22:37:22,1/31/2014,22:37:22,0.00,8.39,0.10,930.34,281
1/31/2014 22:37:52,1/31/2014,22:37:52,0.00,8.39,0.10,930.33,10
1/31/2014 22:38:22,1/31/2014,22:38:22,0.00,8.39,0.10,930.35,198
1/31/2014 22:38:52,1/31/2014,22:38:52,2.15,8.44,0.10,930.28,182
1/31/2014 22:39:22,1/31/2014,22:39:22,0.00,8.39,0.10,930.35,247
1/31/2014 22:39:52,1/31/2014,22:39:52,1.72,8.39,0.10,930.31,212
1/31/2014 22:40:22,1/31/2014,22:40:22,0.00,8.39,0.10,930.31,180
1/31/2014 22:40:52,1/31/2014,22:40:52,0.70,8.39,0.10,930.29,197
1/31/2014 22:41:22,1/31/2014,22:41:22,0.00,8.44,0.10,930.29,223
1/31/2014 22:41:52,1/31/2014,22:41:52,0.00,8.44,0.10,930.30,200
1/31/2014 22:42:22,1/31/2014,22:42:22,0.00,8.44,0.10,930.31,142
1/31/2014 22:42:52,1/31/2014,22:42:52,0.00,8.44,0.10,930.28,193
1/31/2014 22:43:22,1/31/2014,22:43:22,0.00,8.39,0.10,930.28,342
1/31/2014 22:43:52,1/31/2014,22:43:52,0.00,8.39,0.10,930.28,179
1/31/2014 22:44:22,1/31/2014,22:44:22,0.00,8.39,0.10,930.27,314
1/31/2014 22:44:52,1/31/2014,22:44:52,0.00,8.39,0.10,930.26,199
1/31/2014 22:45:22,1/31/2014,22:45:22,0.00,8.39,0.10,930.26,227
1/31/2014 22:45:52,1/31/2014,22:45:52,0.00,8.39,0.10,930.24,175
1/31/2014 22:46:22,1/31/2014,22:46:22,0.00,8.32,0.10,930.25,240
1/31/2014 22:46:52,1/31/2014,22:46:52,0.00,8.37,0.10,930.28,231
1/31/2014 22:47:22,1/31/2014,22:47:22,0.00,8.37,0.10,930.27,0
1/31/2014 22:47:52,1/31/2014,22:47:52,0.00,8.32,0.10,930.27,172
1/31/2014 22:48:22,1/31/2014,22:48:22,0.00,8.37,0.10,930.25,344
1/31/2014 22:48:52,1/31/2014,22:48:52,0.00,8.37,0.10,930.23,130
1/31/2014 22:49:22,1/31/2014,22:49:22,0.05,8.32,0.10,930.20,207
1/31/2014 22:49:52,1/31/2014,22:49:52,0.00,8.37,0.10,930.19,157
1/31/2014 22:50:22,1/31/2014,22:50:22,0.61,8.39,0.10,930.18,190
1/31/2014 22:50:52,1/31/2014,22:50:52,0.00,8.37,0.10,930.18,194
1/31/2014 22:51:22,1/31/2014,22:51:22,0.00,8.39,0.10,930.16,208
1/31/2014 22:51:52,1/31/2014,22:51:52,0.00,8.32,0.10,930.11,212
1/31/2014 22:52:22,1/31/2014,22:52:22,0.00,8.37,0.10,930.08,176
1/31/2014 22:52:52,1/31/2014,22:52:52,0.00,8.32,0.10,930.07,181
1/31/2014 22:53:22,1/31/2014,22:53:22,0.00,8.32,0.10,930.03,202
1/31/2014 22:53:52,1/31/2014,22:53:52,0.00,8.32,0.10,930.05,284
1/31/2014 22:54:22,1/31/2014,22:54:22,0.00,8.32,0.10,930.05,330
1/31/2014 22:54:52,1/31/2014,22:54:52,0.00,8.32,0.10,930.06,212
1/31/2014 22:55:22,1/31/2014,22:55:22,0.44,8.32,0.10,930.08,180
1/31/2014 22:55:52,1/31/2014,22:55:52,0.00,8.30,0.10,930.12,344
1/31/2014 22:56:22,1/31/2014,22:56:22,0.00,8.30,0.10,930.12,188
1/31/2014 22:56:52,1/31/2014,22:56:52,0.00,8.32,0.10,930.12,245
1/31/2014 22:57:22,1/31/2014,22:57:22,0.00,8.30,0.10,930.10,354
1/31/2014 22:57:52,1/31/2014,22:57:52,0.08,8.32,0.10,930.10,227
1/31/2014 22:58:22,1/31/2014,22:58:22,0.00,8.32,0.10,930.12,227
1/31/2014 22:58:52,1/31/2014,22:58:52,0.00,8.32,0.10,930.09,203
1/31/2014 22:59:22,1/31/2014,22:59:22,0.00,8.32,0.10,930.09,141
1/31/2014 22:59:52,1/31/2014,22:59:52,0.76,8.32,0.10,930.02,346
1/31/2014 23:00:22,1/31/2014,23:00:22,0.00,8.32,0.10,930.05,219
1/31/2014 23:00:52,1/31/2014,23:00:52,0.24,8.37,0.10,930.03,203
1/31/2014 23:01:22,1/31/2014,23:01:22,0.00,8.32,0.10,930.03,193
1/31/2014 23:01:52,1/31/2014,23:01:52,0.00,8.37,0.10,930.05,38
1/31/2014 23:02:22,1/31/2014,23:02:22,0.08,8.32,0.10,930.05,189
1/31/2014 23:02:52,1/31/2014,23:02:52,0.00,8.32,0.10,930.08,215
1/31/2014 23:03:22,1/31/2014,23:03:22,0.00,8.37,0.10,930.08,11
1/31/2014 23:03:52,1/31/2014,23:03:52,0.18,8.32,0.10,930.06,140
1/31/2014 23:04:22,1/31/2014,23:04:22,0.41,8.37,0.10,930.06,244
1/31/2014 23:04:52,1/31/2014,23:04:52,0.00,8.39,0.10,930.08,182
1/31/2014 23:05:22,1/31/2014,23:05:22,0.00,8.39,0.10,930.07,235
1/31/2014 23:05:52,1/31/2014,23:05:52,0.00,8.39,0.10,930.06,184
1/31/2014 23:06:22,1/31/2014,23:06:22,0.23,8.39,0.10,930.02,336
1/31/2014 23:06:52,1/31/2014,23:06:52,0.00,8.39,0.10,930.05,214
1/31/2014 23:07:22,1/31/2014,23:07:22,0.00,8.39,0.10,930.03,340
1/31/2014 23:07:52,1/31/2014,23:07:52,3.02,8.39,0.10,929.98,184
1/31/2014 23:08:22,1/31/2014,23:08:22,0.56,8.44,0.10,929.98,257
1/31/2014 23:08:52,1/31/2014,23:08:52,1.56,8.39,0.10,929.98,184
1/31/2014 23:09:22,1/31/2014,23:09:22,1.91,8.50,0.10,929.90,165
1/31/2014 23:09:52,1/31/2014,23:09:52,0.19,8.50,0.10,929.90,206
1/31/2014 23:10:22,1/31/2014,23:10:22,0.00,8.50,0.10,929.91,222
1/31/2014 23:10:52,1/31/2014,23:10:52,0.38,8.44,0.10,929.88,290
1/31/2014 23:11:22,1/31/2014,23:11:22,0.00,8.44,0.10,929.90,206
1/31/2014 23:11:52,1/31/2014,23:11:52,0.33,8.50,0.10,929.88,43
1/31/2014 23:12:22,1/31/2014,23:12:22,2.44,8.50,0.10,929.80,190
1/31/2014 23:12:52,1/31/2014,23:12:52,0.00,8.50,0.10,929.87,215
1/31/2014 23:13:22,1/31/2014,23:13:22,2.22,8.50,0.10,929.81,240
1/31/2014 23:13:52,1/31/2014,23:13:52,0.38,8.50,0.10,929.87,230
1/31/2014 23:14:22,1/31/2014,23:14:22,2.70,8.50,0.10,929.79,182
1/31/2014 23:14:52,1/31/2014,23:14:52,1.34,8.52,0.10,929.80,251
1/31/2014 23:15:22,1/31/2014,23:15:22,0.36,8.50,0.10,929.84,152
1/31/2014 23:15:52,1/31/2014,23:15:52,0.12,8.50,0.10,929.83,63
1/31/2014 23:16:22,1/31/2014,23:16:22,0.80,8.50,0.10,929.79,199
1/31/2014 23:16:52,1/31/2014,23:16:52,0.05,8.52,0.10,929.75,225
1/31/2014 23:17:22,1/31/2014,23:17:22,0.29,8.57,0.10,929.73,170
1/31/2014 23:17:52,1/31/2014,23:17:52,0.00,8.52,0.10,929.74,101
1/31/2014 23:18:22,1/31/2014,23:18:22,0.13,8.50,0.10,929.74,182
1/31/2014 23:18:52,1/31/2014,23:18:52,0.19,8.50,0.10,929.69,276
1/31/2014 23:19:22,1/31/2014,23:19:22,1.37,8.52,0.10,929.63,204
1/31/2014 23:19:52,1/31/2014,23:19:52,1.54,8.52,0.10,929.65,146
1/31/2014 23:20:22,1/31/2014,23:20:22,0.37,8.52,0.10,929.64,355
1/31/2014 23:20:52,1/31/2014,23:20:52,0.26,8.52,0.10,929.63,4
1/31/2014 23:21:22,1/31/2014,23:21:22,0.83,8.57,0.10,929.63,169
1/31/2014 23:21:52,1/31/2014,23:21:52,0.00,8.52,0.10,929.63,20
1/31/2014 23:22:22,1/31/2014,23:22:22,0.00,8.52,0.10,929.63,222
1/31/2014 23:22:52,1/31/2014,23:22:52,0.00,8.57,0.10,929.61,35
1/31/2014 23:23:22,1/31/2014,23:23:22,1.11,8.57,0.10,929.60,189
1/31/2014 23:23:52,1/31/2014,23:23:52,0.00,8.57,0.10,929.61,199
1/31/2014 23:24:22,1/31/2014,23:24:22,1.01,8.57,0.10,929.59,203
1/31/2014 23:24:52,1/31/2014,23:24:52,0.24,8.57,0.10,929.64,314
1/31/2014 23:25:22,1/31/2014,23:25:22,1.31,8.57,0.10,929.63,221
1/31/2014 23:25:52,1/31/2014,23:25:52,0.36,8.57,0.10,929.63,163
1/31/2014 23:26:22,1/31/2014,23:26:22,0.00,8.57,0.10,929.66,222
1/31/2014 23:26:52,1/31/2014,23:26:52,0.56,8.60,0.10,929.63,137
1/31/2014 23:27:22,1/31/2014,23:27:22,0.05,8.57,0.10,929.65,182
1/31/2014 23:27:52,1/31/2014,23:27:52,0.00,8.57,0.10,929.63,292
1/31/2014 23:28:22,1/31/2014,23:28:22,0.00,8.57,0.10,929.64,199
1/31/2014 23:28:52,1/31/2014,23:28:52,0.00,8.60,0.10,929.61,253
1/31/2014 23:29:22,1/31/2014,23:29:22,0.00,8.60,0.10,929.60,325
1/31/2014 23:29:52,1/31/2014,23:29:52,0.00,8.60,0.10,929.56,241
1/31/2014 23:30:22,1/31/2014,23:30:22,0.99,8.60,0.10,929.51,128
1/31/2014 23:30:52,1/31/2014,23:30:52,0.00,8.64,0.10,929.53,231
1/31/2014 23:31:22,1/31/2014,23:31:22,0.00,8.64,0.10,929.54,330
1/31/2014 23:31:52,1/31/2014,23:31:52,0.00,8.64,0.10,929.53,333
1/31/2014 23:32:22,1/31/2014,23:32:22,0.00,8.60,0.10,929.54,193
1/31/2014 23:32:52,1/31/2014,23:32:52,0.00,8.60,0.10,929.54,27
1/31/2014 23:33:22,1/31/2014,23:33:22,0.00,8.64,0.10,929.51,217
1/31/2014 23:33:52,1/31/2014,23:33:52,0.00,8.60,0.10,929.50,343
1/31/2014 23:34:22,1/31/2014,23:34:22,0.06,8.64,0.10,929.46,205
1/31/2014 23:34:52,1/31/2014,23:34:52,0.00,8.64,0.10,929.44,356
1/31/2014 23:35:22,1/31/2014,23:35:22,0.00,8.64,0.10,929.41,340
1/31/2014 23:35:52,1/31/2014,23:35:52,0.24,8.64,0.10,929.41,186
1/31/2014 23:36:22,1/31/2014,23:36:22,0.73,8.64,0.10,929.42,179
1/31/2014 23:36:52,1/31/2014,23:36:52,0.00,8.69,0.10,929.42,220
1/31/2014 23:37:22,1/31/2014,23:37:22,1.91,8.69,0.10,929.38,222
1/31/2014 23:37:52,1/31/2014,23:37:52,0.00,8.64,0.10,929.42,253
1/31/2014 23:38:22,1/31/2014,23:38:22,1.41,8.72,0.10,929.33,216
1/31/2014 23:38:52,1/31/2014,23:38:52,0.99,8.72,0.10,929.35,227
1/31/2014 23:39:22,1/31/2014,23:39:22,0.00,8.72,0.10,929.42,257
1/31/2014 23:39:52,1/31/2014,23:39:52,0.00,8.72,0.10,929.43,170
1/31/2014 23:40:22,1/31/2014,23:40:22,2.98,8.80,0.10,929.31,193
1/31/2014 23:40:52,1/31/2014,23:40:52,0.00,8.80,0.10,929.36,112
1/31/2014 23:41:22,1/31/2014,23:41:22,3.23,8.80,0.10,929.33,177
1/31/2014 23:41:52,1/31/2014,23:41:52,3.16,8.87,0.10,929.28,253
1/31/2014 23:42:22,1/31/2014,23:42:22,2.24,8.85,0.10,929.34,183
1/31/2014 23:42:52,1/31/2014,23:42:52,1.43,8.87,0.10,929.36,259
1/31/2014 23:43:22,1/31/2014,23:43:22,3.05,8.87,0.10,929.32,255
1/31/2014 23:43:52,1/31/2014,23:43:52,1.52,8.87,0.10,929.33,219
1/31/2014 23:44:22,1/31/2014,23:44:22,0.00,8.87,0.10,929.41,104
1/31/2014 23:44:52,1/31/2014,23:44:52,0.00,8.87,0.10,929.44,2
1/31/2014 23:45:22,1/31/2014,23:45:22,2.74,8.87,0.10,929.36,155
1/31/2014 23:45:52,1/31/2014,23:45:52,0.90,8.87,0.10,929.33,161
1/31/2014 23:46:22,1/31/2014,23:46:22,0.33,8.87,0.10,929.34,315
1/31/2014 23:46:52,1/31/2014,23:46:52,0.76,8.87,0.10,929.34,195
1/31/2014 23:47:22,1/31/2014,23:47:22,0.09,8.87,0.10,929.32,261
1/31/2014 23:47:52,1/31/2014,23:47:52,0.00,8.87,0.10,929.34,308
1/31/2014 23:48:22,1/31/2014,23:48:22,0.00,8.87,0.10,929.31,204
1/31/2014 23:48:52,1/31/2014,23:48:52,0.16,8.87,0.10,929.31,223
1/31/2014 23:49:22,1/31/2014,23:49:22,0.00,8.87,0.10,929.27,186
1/31/2014 23:49:52,1/31/2014,23:49:52,0.00,8.87,0.10,929.28,162
1/31/2014 23:50:22,1/31/2014,23:50:22,0.00,8.87,0.10,929.28,159
1/31/2014 23:50:52,1/31/2014,23:50:52,1.24,8.87,0.10,929.18,290
1/31/2014 23:51:22,1/31/2014,23:51:22,0.00,8.87,0.10,929.26,248
1/31/2014 23:51:52,1/31/2014,23:51:52,0.65,8.92,0.10,929.22,157
1/31/2014 23:52:22,1/31/2014,23:52:22,0.00,8.92,0.10,929.26,254
1/31/2014 23:52:52,1/31/2014,23:52:52,0.00,8.87,0.10,929.26,1
1/31/2014 23:53:22,1/31/2014,23:53:22,0.00,8.87,0.10,929.24,40
1/31/2014 23:53:52,1/31/2014,23:53:52,0.00,8.87,0.10,929.21,213
1/31/2014 23:54:22,1/31/2014,23:54:22,0.00,8.87,0.10,929.21,359
1/31/2014 23:54:52,1/31/2014,23:54:52,0.00,8.87,0.10,929.22,212
1/31/2014 23:55:22,1/31/2014,23:55:22,0.00,8.87,0.10,929.22,216
1/31/2014 23:55:52,1/31/2014,23:55:52,0.00,8.87,0.10,929.18,262
1/31/2014 23:56:22,1/31/2014,23:56:22,0.00,8.87,0.10,929.21,302
1/31/2014 23:56:52,1/31/2014,23:56:52,0.00,8.85,0.10,929.16,190
1/31/2014 23:57:22,1/31/2014,23:57:22,0.00,8.87,0.10,929.15,278
1/31/2014 23:57:52,1/31/2014,23:57:52,0.00,8.80,0.10,929.18,223
1/31/2014 23:58:22,1/31/2014,23:58:22,0.00,8.80,0.10,929.19,229
1/31/2014 23:58:52,1/31/2014,23:58:52,0.00,8.80,0.10,929.18,193
1/31/2014 23:59:22,1/31/2014,23:59:22,0.00,8.80,0.10,929.21,159
1/31/2014 23:59:52,1/31/2014,23:59:52,0.00,8.80,0.10,929.18,198
2/1/2014 00:00:22,2/1/2014,00:00:22,0.00,8.80,0.10,929.18,6
2/1/2014 00:00:52,2/1/2014,00:00:52,0.00,8.80,0.10,929.19,92
2/1/2014 00:01:22,2/1/2014,00:01:22,0.00,8.72,0.10,929.22,169
2/1/2014 00:01:52,2/1/2014,00:01:52,1.08,8.72,0.10,929.15,322
2/1/2014 00:02:22,2/1/2014,00:02:22,0.00,8.72,0.10,929.18,254
2/1/2014 00:02:52,2/1/2014,00:02:52,0.00,8.72,0.10,929.16,249
2/1/2014 00:03:22,2/1/2014,00:03:22,0.29,8.72,0.10,929.16,282
2/1/2014 00:03:52,2/1/2014,00:03:52,1.94,8.64,0.10,929.12,195
2/1/2014 00:04:22,2/1/2014,00:04:22,0.99,8.64,0.10,929.10,215
2/1/2014 00:04:52,2/1/2014,00:04:52,0.26,8.69,0.10,929.13,125
2/1/2014 00:05:22,2/1/2014,00:05:22,0.59,8.64,0.10,929.12,202
2/1/2014 00:05:52,2/1/2014,00:05:52,0.00,8.64,0.10,929.12,161
2/1/2014 00:06:22,2/1/2014,00:06:22,0.29,8.64,0.10,929.07,165
2/1/2014 00:06:52,2/1/2014,00:06:52,1.62,8.64,0.10,929.04,231
2/1/2014 00:07:22,2/1/2014,00:07:22,0.00,8.64,0.10,929.10,308
2/1/2014 00:07:52,2/1/2014,00:07:52,0.00,8.64,0.10,929.06,235
2/1/2014 00:08:22,2/1/2014,00:08:22,0.00,8.64,0.10,929.06,81
2/1/2014 00:08:52,2/1/2014,00:08:52,0.00,8.64,0.10,929.04,20
2/1/2014 00:09:22,2/1/2014,00:09:22,1.41,8.60,0.10,928.97,341
2/1/2014 00:09:52,2/1/2014,00:09:52,0.16,8.64,0.10,929.03,180
2/1/2014 00:10:22,2/1/2014,00:10:22,0.12,8.60,0.10,929.05,217
2/1/2014 00:10:52,2/1/2014,00:10:52,0.00,8.64,0.10,929.06,167
2/1/2014 00:11:22,2/1/2014,00:11:22,0.00,8.64,0.10,929.07,178
2/1/2014 00:11:52,2/1/2014,00:11:52,0.00,8.60,0.10,929.05,228
2/1/2014 00:12:22,2/1/2014,00:12:22,0.00,8.60,0.10,929.04,180
2/1/2014 00:12:52,2/1/2014,00:12:52,0.00,8.60,0.10,929.05,48
2/1/2014 00:13:22,2/1/2014,00:13:22,0.00,8.57,0.10,929.05,348
2/1/2014 00:13:52,2/1/2014,00:13:52,0.00,8.60,0.10,929.04,192
2/1/2014 00:14:22,2/1/2014,00:14:22,0.00,8.60,0.10,929.06,222
2/1/2014 00:14:52,2/1/2014,00:14:52,2.31,8.60,0.10,928.98,190
2/1/2014 00:15:22,2/1/2014,00:15:22,0.72,8.57,0.10,929.00,209
2/1/2014 00:15:52,2/1/2014,00:15:52,0.58,8.57,0.10,929.05,200
2/1/2014 00:16:22,2/1/2014,00:16:22,0.00,8.57,0.10,929.08,349
2/1/2014 00:16:52,2/1/2014,00:16:52,0.00,8.57,0.10,929.07,343
2/1/2014 00:17:22,2/1/2014,00:17:22,0.06,8.60,0.10,929.07,230
2/1/2014 00:17:52,2/1/2014,00:17:52,0.00,8.57,0.10,929.08,217
2/1/2014 00:18:22,2/1/2014,00:18:22,0.00,8.57,0.10,929.07,61
2/1/2014 00:18:52,2/1/2014,00:18:52,0.15,8.57,0.10,929.07,200
2/1/2014 00:19:22,2/1/2014,00:19:22,1.47,8.60,0.10,929.00,199
2/1/2014 00:19:52,2/1/2014,00:19:52,2.13,8.60,0.10,928.96,246
2/1/2014 00:20:22,2/1/2014,00:20:22,0.00,8.57,0.10,929.03,300
2/1/2014 00:20:52,2/1/2014,00:20:52,0.00,8.57,0.10,929.05,218
2/1/2014 00:21:22,2/1/2014,00:21:22,0.72,8.57,0.10,929.02,171
2/1/2014 00:21:52,2/1/2014,00:21:52,0.20,8.57,0.10,929.05,218
2/1/2014 00:22:22,2/1/2014,00:22:22,0.00,8.57,0.10,929.08,55
2/1/2014 00:22:52,2/1/2014,00:22:52,0.00,8.57,0.10,929.08,348
2/1/2014 00:23:22,2/1/2014,00:23:22,0.00,8.57,0.10,929.06,236
2/1/2014 00:23:52,2/1/2014,00:23:52,0.00,8.57,0.10,929.05,20
2/1/2014 00:24:22,2/1/2014,00:24:22,0.00,8.57,0.10,929.06,146
2/1/2014 00:24:52,2/1/2014,00:24:52,0.00,8.52,0.10,929.06,55
2/1/2014 00:25:22,2/1/2014,00:25:22,0.00,8.52,0.10,929.05,246
2/1/2014 00:25:52,2/1/2014,00:25:52,0.00,8.50,0.10,929.00,167
2/1/2014 00:26:22,2/1/2014,00:26:22,0.00,8.52,0.10,929.02,354
2/1/2014 00:26:52,2/1/2014,00:26:52,0.00,8.50,0.10,929.00,181
2/1/2014 00:27:22,2/1/2014,00:27:22,0.00,8.50,0.10,928.99,272
2/1/2014 00:27:52,2/1/2014,00:27:52,0.00,8.50,0.10,928.96,266
2/1/2014 00:28:22,2/1/2014,00:28:22,0.00,8.50,0.10,928.97,182
2/1/2014 00:28:52,2/1/2014,00:28:52,0.00,8.50,0.10,928.95,136
2/1/2014 00:29:22,2/1/2014,00:29:22,0.00,8.50,0.10,928.95,6
2/1/2014 00:29:52,2/1/2014,00:29:52,0.00,8.50,0.10,928.94,194
2/1/2014 00:30:22,2/1/2014,00:30:22,0.00,8.52,0.10,928.96,294
2/1/2014 00:30:52,2/1/2014,00:30:52,0.00,8.52,0.10,929.00,282
2/1/2014 00:31:22,2/1/2014,00:31:22,0.18,8.50,0.10,929.12,233
2/1/2014 00:31:52,2/1/2014,00:31:52,0.00,8.52,0.10,929.27,104
2/1/2014 00:32:22,2/1/2014,00:32:22,0.09,8.50,0.10,929.36,290
2/1/2014 00:32:52,2/1/2014,00:32:52,4.15,8.10,0.10,929.41,283
2/1/2014 00:33:22,2/1/2014,00:33:22,3.84,7.77,0.10,929.40,283
2/1/2014 00:33:52,2/1/2014,00:33:52,0.90,7.77,0.10,929.50,311
2/1/2014 00:34:22,2/1/2014,00:34:22,3.74,7.47,0.10,929.45,275
2/1/2014 00:34:52,2/1/2014,00:34:52,1.13,7.42,0.10,929.51,259
2/1/2014 00:35:22,2/1/2014,00:35:22,1.37,7.30,0.10,929.52,286
2/1/2014 00:35:52,2/1/2014,00:35:52,2.37,7.15,0.10,929.43,274
2/1/2014 00:36:22,2/1/2014,00:36:22,1.48,7.15,0.10,929.47,289
2/1/2014 00:36:52,2/1/2014,00:36:52,1.80,7.07,0.10,929.46,313
2/1/2014 00:37:22,2/1/2014,00:37:22,1.19,7.02,0.10,929.47,282
2/1/2014 00:37:52,2/1/2014,00:37:52,1.99,7.00,0.10,929.43,286
2/1/2014 00:38:22,2/1/2014,00:38:22,0.19,7.02,0.10,929.49,297
2/1/2014 00:38:52,2/1/2014,00:38:52,1.84,6.90,0.10,929.49,278
2/1/2014 00:39:22,2/1/2014,00:39:22,2.01,6.90,0.10,929.40,283
2/1/2014 00:39:52,2/1/2014,00:39:52,1.34,6.87,0.10,929.41,291
2/1/2014 00:40:22,2/1/2014,00:40:22,0.40,6.90,0.10,929.44,305
2/1/2014 00:40:52,2/1/2014,00:40:52,0.30,6.82,0.10,929.47,285
2/1/2014 00:41:22,2/1/2014,00:41:22,0.61,6.82,0.10,929.46,269
2/1/2014 00:41:52,2/1/2014,00:41:52,0.00,6.87,0.10,929.47,266
2/1/2014 00:42:22,2/1/2014,00:42:22,0.00,6.82,0.10,929.50,345
2/1/2014 00:42:52,2/1/2014,00:42:52,0.00,6.82,0.10,929.51,298
2/1/2014 00:43:22,2/1/2014,00:43:22,0.00,6.82,0.10,929.47,286
2/1/2014 00:43:52,2/1/2014,00:43:52,0.31,6.80,0.10,929.45,275
2/1/2014 00:44:22,2/1/2014,00:44:22,0.06,6.80,0.10,929.49,247
2/1/2014 00:44:52,2/1/2014,00:44:52,0.91,6.75,0.10,929.45,282
2/1/2014 00:45:22,2/1/2014,00:45:22,0.33,6.75,0.10,929.49,292
2/1/2014 00:45:52,2/1/2014,00:45:52,0.08,6.75,0.10,929.49,300
2/1/2014 00:46:22,2/1/2014,00:46:22,0.00,6.75,0.10,929.46,305
2/1/2014 00:46:52,2/1/2014,00:46:52,0.27,6.75,0.10,929.45,290
2/1/2014 00:47:22,2/1/2014,00:47:22,0.30,6.75,0.10,929.40,276
2/1/2014 00:47:52,2/1/2014,00:47:52,0.00,6.75,0.10,929.43,185
2/1/2014 00:48:22,2/1/2014,00:48:22,0.00,6.69,0.10,929.43,297
2/1/2014 00:48:52,2/1/2014,00:48:52,0.00,6.69,0.10,929.43,298
2/1/2014 00:49:22,2/1/2014,00:49:22,0.00,6.67,0.10,929.42,307
2/1/2014 00:49:52,2/1/2014,00:49:52,0.00,6.67,0.10,929.42,337
2/1/2014 00:50:22,2/1/2014,00:50:22,0.00,6.67,0.10,929.43,318
2/1/2014 00:50:52,2/1/2014,00:50:52,0.49,6.67,0.10,929.40,337
2/1/2014 00:51:22,2/1/2014,00:51:22,0.74,6.67,0.10,929.38,298
2/1/2014 00:51:52,2/1/2014,00:51:52,0.00,6.67,0.10,929.42,275
2/1/2014 00:52:22,2/1/2014,00:52:22,0.00,6.67,0.10,929.43,260
2/1/2014 00:52:52,2/1/2014,00:52:52,0.16,6.67,0.10,929.42,281
2/1/2014 00:53:22,2/1/2014,00:53:22,0.00,6.67,0.10,929.43,265
2/1/2014 00:53:52,2/1/2014,00:53:52,0.00,6.62,0.10,929.45,188
2/1/2014 00:54:22,2/1/2014,00:54:22,0.81,6.62,0.10,929.44,290
2/1/2014 00:54:52,2/1/2014,00:54:52,0.00,6.67,0.10,929.51,275
2/1/2014 00:55:22,2/1/2014,00:55:22,0.00,6.62,0.10,929.56,290
2/1/2014 00:55:52,2/1/2014,00:55:52,0.00,6.62,0.10,929.60,172
2/1/2014 00:56:22,2/1/2014,00:56:22,0.00,6.62,0.10,929.62,171
2/1/2014 00:56:52,2/1/2014,00:56:52,0.00,6.62,0.10,929.64,246
2/1/2014 00:57:22,2/1/2014,00:57:22,0.00,6.62,0.10,929.63,215
2/1/2014 00:57:52,2/1/2014,00:57:52,0.00,6.67,0.10,929.63,252
2/1/2014 00:58:22,2/1/2014,00:58:22,0.00,6.62,0.10,929.60,280
2/1/2014 00:58:52,2/1/2014,00:58:52,0.12,6.62,0.10,929.55,142
2/1/2014 00:59:22,2/1/2014,00:59:22,0.00,6.62,0.10,929.52,56
2/1/2014 00:59:52,2/1/2014,00:59:52,0.00,6.59,0.10,929.52,186
2/1/2014 01:00:22,2/1/2014,01:00:22,0.16,6.67,0.10,929.51,265
2/1/2014 01:00:52,2/1/2014,01:00:52,0.00,6.67,0.10,929.50,283
2/1/2014 01:01:22,2/1/2014,01:01:22,0.08,6.62,0.10,929.50,202
2/1/2014 01:01:52,2/1/2014,01:01:52,0.63,6.67,0.10,929.51,295
2/1/2014 01:02:22,2/1/2014,01:02:22,0.00,6.67,0.10,929.56,198
2/1/2014 01:02:52,2/1/2014,01:02:52,0.00,6.62,0.10,929.64,254
2/1/2014 01:03:22,2/1/2014,01:03:22,0.00,6.67,0.10,929.69,294
2/1/2014 01:03:52,2/1/2014,01:03:52,0.00,6.67,0.10,929.73,313
2/1/2014 01:04:22,2/1/2014,01:04:22,0.00,6.67,0.10,929.75,193
2/1/2014 01:04:52,2/1/2014,01:04:52,0.00,6.67,0.10,929.80,178
2/1/2014 01:05:22,2/1/2014,01:05:22,0.00,6.67,0.10,929.84,13
2/1/2014 01:05:52,2/1/2014,01:05:52,0.00,6.67,0.10,929.86,261
2/1/2014 01:06:22,2/1/2014,01:06:22,0.00,6.67,0.10,929.87,334
2/1/2014 01:06:52,2/1/2014,01:06:52,0.00,6.67,0.10,929.88,272
2/1/2014 01:07:22,2/1/2014,01:07:22,0.00,6.67,0.10,929.89,357
2/1/2014 01:07:52,2/1/2014,01:07:52,0.47,6.67,0.10,929.83,305
2/1/2014 01:08:22,2/1/2014,01:08:22,0.00,6.67,0.10,929.88,293
2/1/2014 01:08:52,2/1/2014,01:08:52,0.00,6.67,0.10,929.88,275
2/1/2014 01:09:22,2/1/2014,01:09:22,0.00,6.67,0.10,929.87,199
2/1/2014 01:09:52,2/1/2014,01:09:52,0.16,6.67,0.10,929.84,308
2/1/2014 01:10:22,2/1/2014,01:10:22,0.00,6.67,0.10,929.84,248
2/1/2014 01:10:52,2/1/2014,01:10:52,0.00,6.67,0.10,929.86,339
2/1/2014 01:11:22,2/1/2014,01:11:22,0.13,6.67,0.10,929.84,204
2/1/2014 01:11:52,2/1/2014,01:11:52,0.00,6.67,0.10,929.81,228
2/1/2014 01:12:22,2/1/2014,01:12:22,0.58,6.67,0.10,929.81,287
2/1/2014 01:12:52,2/1/2014,01:12:52,0.38,6.67,0.10,929.79,267
2/1/2014 01:13:22,2/1/2014,01:13:22,0.52,6.67,0.10,929.86,290
2/1/2014 01:13:52,2/1/2014,01:13:52,0.00,6.67,0.10,929.88,156
2/1/2014 01:14:22,2/1/2014,01:14:22,0.00,6.67,0.10,929.90,236
2/1/2014 01:14:52,2/1/2014,01:14:52,0.00,6.62,0.10,929.91,236
2/1/2014 01:15:22,2/1/2014,01:15:22,0.00,6.62,0.10,929.94,356
2/1/2014 01:15:52,2/1/2014,01:15:52,0.00,6.67,0.10,929.94,292
2/1/2014 01:16:22,2/1/2014,01:16:22,0.05,6.67,0.10,930.00,296
2/1/2014 01:16:52,2/1/2014,01:16:52,0.00,6.67,0.10,930.01,318
2/1/2014 01:17:22,2/1/2014,01:17:22,0.00,6.62,0.10,929.97,245
2/1/2014 01:17:52,2/1/2014,01:17:52,0.62,6.59,0.10,929.96,305
2/1/2014 01:18:22,2/1/2014,01:18:22,0.00,6.59,0.10,930.00,298
2/1/2014 01:18:52,2/1/2014,01:18:52,0.91,6.59,0.10,929.99,292
2/1/2014 01:19:22,2/1/2014,01:19:22,0.00,6.55,0.10,930.03,179
2/1/2014 01:19:52,2/1/2014,01:19:52,0.00,6.59,0.10,930.07,255
2/1/2014 01:20:22,2/1/2014,01:20:22,0.00,6.52,0.10,930.12,311
2/1/2014 01:20:52,2/1/2014,01:20:52,2.73,6.52,0.10,930.05,308
2/1/2014 01:21:22,2/1/2014,01:21:22,0.55,6.52,0.10,930.02,110
2/1/2014 01:21:52,2/1/2014,01:21:52,0.00,6.52,0.10,930.03,302
2/1/2014 01:22:22,2/1/2014,01:22:22,0.00,6.47,0.10,930.02,191
2/1/2014 01:22:52,2/1/2014,01:22:52,0.00,6.42,0.10,930.03,288
2/1/2014 01:23:22,2/1/2014,01:23:22,1.56,6.42,0.10,929.93,312
2/1/2014 01:23:52,2/1/2014,01:23:52,2.08,6.40,0.10,929.88,302
2/1/2014 01:24:22,2/1/2014,01:24:22,1.20,6.34,0.10,929.91,275
2/1/2014 01:24:52,2/1/2014,01:24:52,0.00,6.40,0.10,929.99,281
2/1/2014 01:25:22,2/1/2014,01:25:22,0.00,6.34,0.10,929.98,250
2/1/2014 01:25:52,2/1/2014,01:25:52,0.00,6.40,0.10,929.93,202
2/1/2014 01:26:22,2/1/2014,01:26:22,0.00,6.40,0.10,929.89,359
2/1/2014 01:26:52,2/1/2014,01:26:52,0.00,6.34,0.10,929.91,9
2/1/2014 01:27:22,2/1/2014,01:27:22,0.48,6.34,0.10,929.88,204
2/1/2014 01:27:52,2/1/2014,01:27:52,0.54,6.32,0.10,929.88,303
2/1/2014 01:28:22,2/1/2014,01:28:22,2.04,6.27,0.10,929.75,259
2/1/2014 01:28:52,2/1/2014,01:28:52,0.00,6.27,0.10,929.87,346
2/1/2014 01:29:22,2/1/2014,01:29:22,0.00,6.32,0.10,929.93,330
2/1/2014 01:29:52,2/1/2014,01:29:52,0.00,6.32,0.10,929.96,296
2/1/2014 01:30:22,2/1/2014,01:30:22,0.00,6.34,0.10,929.99,327
2/1/2014 01:30:52,2/1/2014,01:30:52,1.58,6.27,0.10,929.97,183
2/1/2014 01:31:22,2/1/2014,01:31:22,1.43,6.27,0.10,929.93,246
2/1/2014 01:31:52,2/1/2014,01:31:52,0.36,6.27,0.10,929.94,352
2/1/2014 01:32:22,2/1/2014,01:32:22,0.00,6.27,0.10,929.99,261
2/1/2014 01:32:52,2/1/2014,01:32:52,0.00,6.27,0.10,929.98,2
2/1/2014 01:33:22,2/1/2014,01:33:22,0.00,6.27,0.10,929.96,329
2/1/2014 01:33:52,2/1/2014,01:33:52,0.00,6.27,0.10,929.96,312
2/1/2014 01:34:22,2/1/2014,01:34:22,0.00,6.27,0.10,929.93,252
2/1/2014 01:34:52,2/1/2014,01:34:52,0.94,6.27,0.10,929.90,241
2/1/2014 01:35:22,2/1/2014,01:35:22,0.00,6.27,0.10,929.87,212
2/1/2014 01:35:52,2/1/2014,01:35:52,0.00,6.27,0.10,929.89,242
2/1/2014 01:36:22,2/1/2014,01:36:22,0.00,6.27,0.10,929.91,235
2/1/2014 01:36:52,2/1/2014,01:36:52,0.45,6.27,0.10,929.87,151
2/1/2014 01:37:22,2/1/2014,01:37:22,0.88,6.27,0.10,929.87,197
2/1/2014 01:37:52,2/1/2014,01:37:52,0.00,6.27,0.10,929.90,41
2/1/2014 01:38:22,2/1/2014,01:38:22,0.30,6.27,0.10,929.87,219
2/1/2014 01:38:52,2/1/2014,01:38:52,0.00,6.27,0.10,929.86,200
2/1/2014 01:39:22,2/1/2014,01:39:22,1.01,6.27,0.10,929.77,299
2/1/2014 01:39:52,2/1/2014,01:39:52,0.00,6.22,0.10,929.82,223
2/1/2014 01:40:22,2/1/2014,01:40:22,0.19,6.27,0.10,929.83,344
2/1/2014 01:40:52,2/1/2014,01:40:52,0.88,6.27,0.10,929.84,341
2/1/2014 01:41:22,2/1/2014,01:41:22,0.37,6.27,0.10,929.83,182
2/1/2014 01:41:52,2/1/2014,01:41:52,0.77,6.22,0.10,929.79,190
2/1/2014 01:42:22,2/1/2014,01:42:22,0.00,6.27,0.10,929.81,292
2/1/2014 01:42:52,2/1/2014,01:42:52,0.00,6.27,0.10,929.83,330
2/1/2014 01:43:22,2/1/2014,01:43:22,0.00,6.27,0.10,929.84,137
2/1/2014 01:43:52,2/1/2014,01:43:52,0.59,6.22,0.10,929.84,307
2/1/2014 01:44:22,2/1/2014,01:44:22,0.00,6.22,0.10,929.90,171
2/1/2014 01:44:52,2/1/2014,01:44:52,0.00,6.22,0.10,929.92,263
2/1/2014 01:45:22,2/1/2014,01:45:22,0.00,6.27,0.10,929.89,286
2/1/2014 01:45:52,2/1/2014,01:45:52,0.16,6.22,0.10,929.91,288
2/1/2014 01:46:22,2/1/2014,01:46:22,0.00,6.22,0.10,929.89,273
2/1/2014 01:46:52,2/1/2014,01:46:52,0.00,6.22,0.10,929.92,167
2/1/2014 01:47:22,2/1/2014,01:47:22,0.30,6.22,0.10,929.88,226
2/1/2014 01:47:52,2/1/2014,01:47:52,0.91,6.19,0.10,929.82,57
2/1/2014 01:48:22,2/1/2014,01:48:22,0.76,6.22,0.10,929.86,283
2/1/2014 01:48:52,2/1/2014,01:48:52,0.13,6.22,0.10,929.90,15
2/1/2014 01:49:22,2/1/2014,01:49:22,0.00,6.19,0.10,929.91,306
2/1/2014 01:49:52,2/1/2014,01:49:52,0.44,6.19,0.10,929.87,230
2/1/2014 01:50:22,2/1/2014,01:50:22,0.12,6.19,0.10,929.92,183
2/1/2014 01:50:52,2/1/2014,01:50:52,0.00,6.19,0.10,929.96,323
2/1/2014 01:51:22,2/1/2014,01:51:22,0.09,6.19,0.10,929.96,141
2/1/2014 01:51:52,2/1/2014,01:51:52,0.00,6.19,0.10,929.97,266
2/1/2014 01:52:22,2/1/2014,01:52:22,0.00,6.19,0.10,930.00,355
2/1/2014 01:52:52,2/1/2014,01:52:52,0.00,6.19,0.10,930.01,151
2/1/2014 01:53:22,2/1/2014,01:53:22,0.00,6.19,0.10,930.01,153
2/1/2014 01:53:52,2/1/2014,01:53:52,0.00,6.19,0.10,930.01,281
2/1/2014 01:54:22,2/1/2014,01:54:22,0.18,6.15,0.10,930.00,275
2/1/2014 01:54:52,2/1/2014,01:54:52,0.19,6.12,0.10,929.98,269
2/1/2014 01:55:22,2/1/2014,01:55:22,0.31,6.12,0.10,929.96,265
2/1/2014 01:55:52,2/1/2014,01:55:52,0.00,6.12,0.10,929.96,44
2/1/2014 01:56:22,2/1/2014,01:56:22,0.00,6.12,0.10,929.98,173
2/1/2014 01:56:52,2/1/2014,01:56:52,1.27,6.07,0.10,929.92,289
2/1/2014 01:57:22,2/1/2014,01:57:22,0.36,6.07,0.10,929.91,275
2/1/2014 01:57:52,2/1/2014,01:57:52,0.30,6.07,0.10,929.93,350
2/1/2014 01:58:22,2/1/2014,01:58:22,0.15,6.05,0.10,929.91,199
2/1/2014 01:58:52,2/1/2014,01:58:52,0.00,6.05,0.10,929.92,186
2/1/2014 01:59:22,2/1/2014,01:59:22,0.00,6.05,0.10,929.93,272
2/1/2014 01:59:52,2/1/2014,01:59:52,0.00,6.05,0.10,929.92,82
2/1/2014 02:00:22,2/1/2014,02:00:22,0.34,5.94,0.10,929.88,159
2/1/2014 02:00:52,2/1/2014,02:00:52,0.00,5.94,0.10,929.87,252
2/1/2014 02:01:22,2/1/2014,02:01:22,0.00,5.94,0.10,929.92,300
2/1/2014 02:01:52,2/1/2014,02:01:52,0.76,5.94,0.10,929.87,290
2/1/2014 02:02:22,2/1/2014,02:02:22,0.45,5.92,0.10,929.89,259
2/1/2014 02:02:52,2/1/2014,02:02:52,0.00,5.94,0.10,929.93,220
2/1/2014 02:03:22,2/1/2014,02:03:22,0.11,5.92,0.10,929.96,200
2/1/2014 02:03:52,2/1/2014,02:03:52,0.00,5.92,0.10,929.97,355
2/1/2014 02:04:22,2/1/2014,02:04:22,0.00,5.87,0.10,930.00,312
2/1/2014 02:04:52,2/1/2014,02:04:52,0.00,5.87,0.10,929.99,231
2/1/2014 02:05:22,2/1/2014,02:05:22,0.00,5.87,0.10,929.97,209
2/1/2014 02:05:52,2/1/2014,02:05:52,0.00,5.87,0.10,929.94,193
2/1/2014 02:06:22,2/1/2014,02:06:22,0.48,5.84,0.10,929.91,283
2/1/2014 02:06:52,2/1/2014,02:06:52,0.00,5.84,0.10,929.90,121
2/1/2014 02:07:22,2/1/2014,02:07:22,0.00,5.80,0.10,929.88,292
2/1/2014 02:07:52,2/1/2014,02:07:52,0.00,5.80,0.10,929.88,220
2/1/2014 02:08:22,2/1/2014,02:08:22,0.00,5.80,0.10,929.89,311
2/1/2014 02:08:52,2/1/2014,02:08:52,0.00,5.80,0.10,929.88,254
2/1/2014 02:09:22,2/1/2014,02:09:22,0.83,5.72,0.10,929.83,172
2/1/2014 02:09:52,2/1/2014,02:09:52,1.27,5.72,0.10,929.81,298
2/1/2014 02:10:22,2/1/2014,02:10:22,0.00,5.72,0.10,929.87,245
2/1/2014 02:10:52,2/1/2014,02:10:52,0.00,5.67,0.10,929.92,304
2/1/2014 02:11:22,2/1/2014,02:11:22,0.00,5.65,0.10,929.96,39
2/1/2014 02:11:52,2/1/2014,02:11:52,0.00,5.65,0.10,929.98,343
2/1/2014 02:12:22,2/1/2014,02:12:22,0.38,5.65,0.10,929.96,207
2/1/2014 02:12:52,2/1/2014,02:12:52,0.00,5.59,0.10,929.96,166
2/1/2014 02:13:22,2/1/2014,02:13:22,0.30,5.57,0.10,929.92,62
2/1/2014 02:13:52,2/1/2014,02:13:52,0.23,5.57,0.10,929.91,194
2/1/2014 02:14:22,2/1/2014,02:14:22,0.41,5.57,0.10,929.91,171
2/1/2014 02:14:52,2/1/2014,02:14:52,1.04,5.57,0.10,929.86,242
2/1/2014 02:15:22,2/1/2014,02:15:22,0.00,5.57,0.10,929.91,238
2/1/2014 02:15:52,2/1/2014,02:15:52,0.00,5.52,0.10,929.89,303
2/1/2014 02:16:22,2/1/2014,02:16:22,0.33,5.47,0.10,929.86,199
2/1/2014 02:16:52,2/1/2014,02:16:52,0.90,5.47,0.10,929.82,270
2/1/2014 02:17:22,2/1/2014,02:17:22,1.04,5.40,0.10,929.83,294
2/1/2014 02:17:52,2/1/2014,02:17:52,0.19,5.40,0.10,929.84,265
2/1/2014 02:18:22,2/1/2014,02:18:22,0.05,5.40,0.10,929.86,311
2/1/2014 02:18:52,2/1/2014,02:18:52,0.00,5.40,0.10,929.83,161
2/1/2014 02:19:22,2/1/2014,02:19:22,0.45,5.32,0.10,929.82,152
2/1/2014 02:19:52,2/1/2014,02:19:52,1.52,5.27,0.10,929.75,228
2/1/2014 02:20:22,2/1/2014,02:20:22,0.44,5.32,0.10,929.83,248
2/1/2014 02:20:52,2/1/2014,02:20:52,1.30,5.25,0.10,929.82,219
2/1/2014 02:21:22,2/1/2014,02:21:22,0.61,5.25,0.10,929.83,270
2/1/2014 02:21:52,2/1/2014,02:21:52,0.00,5.27,0.10,929.89,281
2/1/2014 02:22:22,2/1/2014,02:22:22,0.22,5.25,0.10,929.89,277
2/1/2014 02:22:52,2/1/2014,02:22:52,0.00,5.25,0.10,929.92,270
2/1/2014 02:23:22,2/1/2014,02:23:22,0.00,5.25,0.10,929.96,182
2/1/2014 02:23:52,2/1/2014,02:23:52,0.00,5.25,0.10,929.97,229
2/1/2014 02:24:22,2/1/2014,02:24:22,0.76,5.17,0.10,929.96,234
2/1/2014 02:24:52,2/1/2014,02:24:52,0.00,5.19,0.10,929.99,281
2/1/2014 02:25:22,2/1/2014,02:25:22,0.00,5.19,0.10,929.98,343
2/1/2014 02:25:52,2/1/2014,02:25:52,0.00,5.17,0.10,929.99,248
2/1/2014 02:26:22,2/1/2014,02:26:22,0.00,5.17,0.10,929.97,73
2/1/2014 02:26:52,2/1/2014,02:26:52,0.90,5.17,0.10,929.90,178
2/1/2014 02:27:22,2/1/2014,02:27:22,0.45,5.17,0.10,929.89,134
2/1/2014 02:27:52,2/1/2014,02:27:52,1.05,5.17,0.10,929.88,326
2/1/2014 02:28:22,2/1/2014,02:28:22,0.94,5.17,0.10,929.92,16
2/1/2014 02:28:52,2/1/2014,02:28:52,0.00,5.17,0.10,929.97,32
2/1/2014 02:29:22,2/1/2014,02:29:22,0.36,5.17,0.10,929.98,125
2/1/2014 02:29:52,2/1/2014,02:29:52,1.12,5.12,0.10,929.93,217
2/1/2014 02:30:22,2/1/2014,02:30:22,0.52,5.17,0.10,929.99,299
2/1/2014 02:30:52,2/1/2014,02:30:52,1.04,5.17,0.10,930.01,234
2/1/2014 02:31:22,2/1/2014,02:31:22,1.24,5.17,0.10,930.00,247
2/1/2014 02:31:52,2/1/2014,02:31:52,0.00,5.17,0.10,930.06,38
2/1/2014 02:32:22,2/1/2014,02:32:22,0.00,5.17,0.10,930.08,214
2/1/2014 02:32:52,2/1/2014,02:32:52,0.00,5.17,0.10,930.10,329
2/1/2014 02:33:22,2/1/2014,02:33:22,0.00,5.17,0.10,930.11,214
2/1/2014 02:33:52,2/1/2014,02:33:52,0.00,5.17,0.10,930.12,167
2/1/2014 02:34:22,2/1/2014,02:34:22,0.00,5.17,0.10,930.16,45
2/1/2014 02:34:52,2/1/2014,02:34:52,0.00,5.17,0.10,930.16,223
2/1/2014 02:35:22,2/1/2014,02:35:22,0.00,5.12,0.10,930.20,147
2/1/2014 02:35:52,2/1/2014,02:35:52,0.00,5.17,0.10,930.26,9
2/1/2014 02:36:22,2/1/2014,02:36:22,0.00,5.07,0.10,930.25,280
2/1/2014 02:36:52,2/1/2014,02:36:52,0.61,5.07,0.10,930.21,210
2/1/2014 02:37:22,2/1/2014,02:37:22,0.00,5.07,0.10,930.23,206
2/1/2014 02:37:52,2/1/2014,02:37:52,0.98,5.07,0.10,930.19,208
2/1/2014 02:38:22,2/1/2014,02:38:22,0.23,5.12,0.10,930.21,335
2/1/2014 02:38:52,2/1/2014,02:38:52,0.56,5.12,0.10,930.20,251
2/1/2014 02:39:22,2/1/2014,02:39:22,0.00,5.07,0.10,930.25,239
2/1/2014 02:39:52,2/1/2014,02:39:52,1.24,5.07,0.10,930.17,29
2/1/2014 02:40:22,2/1/2014,02:40:22,0.00,5.07,0.10,930.23,249
2/1/2014 02:40:52,2/1/2014,02:40:52,0.00,5.07,0.10,930.25,157
2/1/2014 02:41:22,2/1/2014,02:41:22,0.00,5.12,0.10,930.25,277
2/1/2014 02:41:52,2/1/2014,02:41:52,1.22,5.07,0.10,930.16,194
2/1/2014 02:42:22,2/1/2014,02:42:22,0.65,5.07,0.10,930.18,257
2/1/2014 02:42:52,2/1/2014,02:42:52,0.05,5.07,0.10,930.20,305
2/1/2014 02:43:22,2/1/2014,02:43:22,0.00,5.07,0.10,930.21,196
2/1/2014 02:43:52,2/1/2014,02:43:52,0.00,5.07,0.10,930.24,139
2/1/2014 02:44:22,2/1/2014,02:44:22,0.00,5.07,0.10,930.24,319
2/1/2014 02:44:52,2/1/2014,02:44:52,0.12,5.07,0.10,930.24,139
2/1/2014 02:45:22,2/1/2014,02:45:22,0.58,5.07,0.10,930.24,310
2/1/2014 02:45:52,2/1/2014,02:45:52,0.00,5.07,0.10,930.28,25
2/1/2014 02:46:22,2/1/2014,02:46:22,0.15,5.07,0.10,930.26,196
2/1/2014 02:46:52,2/1/2014,02:46:52,0.00,5.07,0.10,930.29,295
2/1/2014 02:47:22,2/1/2014,02:47:22,0.00,5.07,0.10,930.31,266
2/1/2014 02:47:52,2/1/2014,02:47:52,0.00,5.07,0.10,930.33,81
2/1/2014 02:48:22,2/1/2014,02:48:22,0.20,5.07,0.10,930.33,187
2/1/2014 02:48:52,2/1/2014,02:48:52,0.98,5.07,0.10,930.28,292
2/1/2014 02:49:22,2/1/2014,02:49:22,0.00,5.07,0.10,930.33,199
2/1/2014 02:49:52,2/1/2014,02:49:52,0.00,5.07,0.10,930.33,160
2/1/2014 02:50:22,2/1/2014,02:50:22,0.23,5.07,0.10,930.35,189
2/1/2014 02:50:52,2/1/2014,02:50:52,0.18,5.07,0.10,930.33,206
2/1/2014 02:51:22,2/1/2014,02:51:22,0.00,5.12,0.10,930.37,31
2/1/2014 02:51:52,2/1/2014,02:51:52,0.69,5.17,0.10,930.35,255
2/1/2014 02:52:22,2/1/2014,02:52:22,0.55,5.17,0.10,930.33,183
2/1/2014 02:52:52,2/1/2014,02:52:52,0.00,5.17,0.10,930.38,276
2/1/2014 02:53:22,2/1/2014,02:53:22,0.00,5.17,0.10,930.42,311
2/1/2014 02:53:52,2/1/2014,02:53:52,0.00,5.17,0.10,930.43,255
2/1/2014 02:54:22,2/1/2014,02:54:22,0.00,5.17,0.10,930.44,125
2/1/2014 02:54:52,2/1/2014,02:54:52,0.00,5.19,0.10,930.40,176
2/1/2014 02:55:22,2/1/2014,02:55:22,0.00,5.19,0.10,930.44,320
2/1/2014 02:55:52,2/1/2014,02:55:52,0.83,5.19,0.10,930.39,195
2/1/2014 02:56:22,2/1/2014,02:56:22,0.22,5.25,0.10,930.39,254
2/1/2014 02:56:52,2/1/2014,02:56:52,1.04,5.25,0.10,930.34,288
2/1/2014 02:57:22,2/1/2014,02:57:22,0.44,5.27,0.10,930.38,189
2/1/2014 02:57:52,2/1/2014,02:57:52,0.00,5.27,0.10,930.42,223
2/1/2014 02:58:22,2/1/2014,02:58:22,0.00,5.27,0.10,930.43,153
2/1/2014 02:58:52,2/1/2014,02:58:52,0.00,5.27,0.10,930.43,186
2/1/2014 02:59:22,2/1/2014,02:59:22,0.00,5.25,0.10,930.45,23
2/1/2014 02:59:52,2/1/2014,02:59:52,0.00,5.25,0.10,930.44,36
2/1/2014 03:00:22,2/1/2014,03:00:22,0.34,5.25,0.10,930.46,244
2/1/2014 03:00:52,2/1/2014,03:00:52,0.00,5.25,0.10,930.46,201
2/1/2014 03:01:22,2/1/2014,03:01:22,0.49,5.19,0.10,930.45,153
2/1/2014 03:01:52,2/1/2014,03:01:52,0.00,5.19,0.10,930.46,156
2/1/2014 03:02:22,2/1/2014,03:02:22,0.00,5.17,0.10,930.48,340
2/1/2014 03:02:52,2/1/2014,03:02:52,0.00,5.17,0.10,930.49,278
2/1/2014 03:03:22,2/1/2014,03:03:22,0.00,5.17,0.10,930.48,324
2/1/2014 03:03:52,2/1/2014,03:03:52,0.00,5.12,0.10,930.48,214
2/1/2014 03:04:22,2/1/2014,03:04:22,0.00,5.12,0.10,930.48,153
2/1/2014 03:04:52,2/1/2014,03:04:52,0.00,5.07,0.10,930.54,210
2/1/2014 03:05:22,2/1/2014,03:05:22,0.00,5.07,0.10,930.53,175
2/1/2014 03:05:52,2/1/2014,03:05:52,0.05,5.07,0.10,930.53,335
2/1/2014 03:06:22,2/1/2014,03:06:22,0.36,5.07,0.10,930.51,182
2/1/2014 03:06:52,2/1/2014,03:06:52,1.30,5.05,0.10,930.46,198
2/1/2014 03:07:22,2/1/2014,03:07:22,0.00,5.07,0.10,930.51,112
2/1/2014 03:07:52,2/1/2014,03:07:52,0.00,5.05,0.10,930.53,239
2/1/2014 03:08:22,2/1/2014,03:08:22,0.06,5.07,0.10,930.53,339
2/1/2014 03:08:52,2/1/2014,03:08:52,0.00,5.05,0.10,930.57,205
2/1/2014 03:09:22,2/1/2014,03:09:22,0.00,5.00,0.10,930.59,235
2/1/2014 03:09:52,2/1/2014,03:09:52,0.79,5.00,0.10,930.58,288
2/1/2014 03:10:22,2/1/2014,03:10:22,0.00,5.05,0.10,930.64,139
2/1/2014 03:10:52,2/1/2014,03:10:52,0.49,5.05,0.10,930.65,220
2/1/2014 03:11:22,2/1/2014,03:11:22,0.00,5.00,0.10,930.72,233
2/1/2014 03:11:52,2/1/2014,03:11:52,0.73,5.00,0.10,930.70,227
2/1/2014 03:12:22,2/1/2014,03:12:22,0.00,5.00,0.10,930.76,179
2/1/2014 03:12:52,2/1/2014,03:12:52,0.00,5.00,0.10,930.79,264
2/1/2014 03:13:22,2/1/2014,03:13:22,0.00,5.00,0.10,930.81,163
2/1/2014 03:13:52,2/1/2014,03:13:52,0.00,5.00,0.10,930.81,202
2/1/2014 03:14:22,2/1/2014,03:14:22,0.00,5.00,0.10,930.79,184
2/1/2014 03:14:52,2/1/2014,03:14:52,1.86,5.05,0.10,930.70,202
2/1/2014 03:15:22,2/1/2014,03:15:22,0.00,5.07,0.10,930.75,227
2/1/2014 03:15:52,2/1/2014,03:15:52,1.31,5.07,0.10,930.71,298
2/1/2014 03:16:22,2/1/2014,03:16:22,0.00,5.07,0.10,930.76,49
2/1/2014 03:16:52,2/1/2014,03:16:52,1.01,5.00,0.10,930.65,280
2/1/2014 03:17:22,2/1/2014,03:17:22,0.00,5.05,0.10,930.74,188
2/1/2014 03:17:52,2/1/2014,03:17:52,0.51,5.05,0.10,930.70,209
2/1/2014 03:18:22,2/1/2014,03:18:22,1.04,5.05,0.10,930.66,212
2/1/2014 03:18:52,2/1/2014,03:18:52,1.37,5.05,0.10,930.64,232
2/1/2014 03:19:22,2/1/2014,03:19:22,0.97,5.00,0.10,930.66,303
2/1/2014 03:19:52,2/1/2014,03:19:52,0.54,5.00,0.10,930.68,251
2/1/2014 03:20:22,2/1/2014,03:20:22,0.00,5.00,0.10,930.73,224
2/1/2014 03:20:52,2/1/2014,03:20:52,0.00,5.00,0.10,930.72,98
2/1/2014 03:21:22,2/1/2014,03:21:22,1.11,4.97,0.10,930.64,234
2/1/2014 03:21:52,2/1/2014,03:21:52,0.61,4.97,0.10,930.71,211
2/1/2014 03:22:22,2/1/2014,03:22:22,0.00,4.92,0.10,930.71,229
2/1/2014 03:22:52,2/1/2014,03:22:52,0.08,4.92,0.10,930.72,231
2/1/2014 03:23:22,2/1/2014,03:23:22,0.00,4.92,0.10,930.72,272
2/1/2014 03:23:52,2/1/2014,03:23:52,0.00,4.90,0.10,930.75,201
2/1/2014 03:24:22,2/1/2014,03:24:22,0.00,4.90,0.10,930.76,184
2/1/2014 03:24:52,2/1/2014,03:24:52,1.83,4.84,0.10,930.71,272
2/1/2014 03:25:22,2/1/2014,03:25:22,1.54,4.84,0.10,930.74,226
2/1/2014 03:25:52,2/1/2014,03:25:52,0.00,4.90,0.10,930.77,206
2/1/2014 03:26:22,2/1/2014,03:26:22,0.12,4.90,0.10,930.79,308
2/1/2014 03:26:52,2/1/2014,03:26:52,0.00,4.84,0.10,930.81,199
2/1/2014 03:27:22,2/1/2014,03:27:22,0.51,4.84,0.10,930.79,318
2/1/2014 03:27:52,2/1/2014,03:27:52,0.00,4.84,0.10,930.80,353
2/1/2014 03:28:22,2/1/2014,03:28:22,0.00,4.80,0.10,930.84,169
2/1/2014 03:28:52,2/1/2014,03:28:52,0.00,4.80,0.10,930.83,194
2/1/2014 03:29:22,2/1/2014,03:29:22,0.00,4.77,0.10,930.84,165
2/1/2014 03:29:52,2/1/2014,03:29:52,0.00,4.77,0.10,930.86,74
2/1/2014 03:30:22,2/1/2014,03:30:22,0.00,4.77,0.10,930.86,152
2/1/2014 03:30:52,2/1/2014,03:30:52,0.00,4.72,0.10,930.90,229
2/1/2014 03:31:22,2/1/2014,03:31:22,0.47,4.69,0.10,930.85,194
2/1/2014 03:31:52,2/1/2014,03:31:52,0.00,4.69,0.10,930.84,29
2/1/2014 03:32:22,2/1/2014,03:32:22,1.19,4.72,0.10,930.82,207
2/1/2014 03:32:52,2/1/2014,03:32:52,0.30,4.72,0.10,930.84,301
2/1/2014 03:33:22,2/1/2014,03:33:22,0.00,4.69,0.10,930.91,227
2/1/2014 03:33:52,2/1/2014,03:33:52,0.00,4.69,0.10,930.92,198
2/1/2014 03:34:22,2/1/2014,03:34:22,0.00,4.69,0.10,930.95,349
2/1/2014 03:34:52,2/1/2014,03:34:52,0.00,4.65,0.10,931.00,331
2/1/2014 03:35:22,2/1/2014,03:35:22,0.00,4.65,0.10,931.02,53
2/1/2014 03:35:52,2/1/2014,03:35:52,0.58,4.65,0.10,931.02,199
2/1/2014 03:36:22,2/1/2014,03:36:22,1.15,4.65,0.10,931.02,229
2/1/2014 03:36:52,2/1/2014,03:36:52,0.72,4.65,0.10,931.01,210
2/1/2014 03:37:22,2/1/2014,03:37:22,0.00,4.69,0.10,931.08,22
2/1/2014 03:37:52,2/1/2014,03:37:52,0.09,4.59,0.10,931.08,6
2/1/2014 03:38:22,2/1/2014,03:38:22,0.31,4.59,0.10,931.08,220
2/1/2014 03:38:52,2/1/2014,03:38:52,1.37,4.59,0.10,931.05,274
2/1/2014 03:39:22,2/1/2014,03:39:22,0.20,4.65,0.10,931.07,244
2/1/2014 03:39:52,2/1/2014,03:39:52,0.00,4.59,0.10,931.08,324
2/1/2014 03:40:22,2/1/2014,03:40:22,0.00,4.59,0.10,931.09,127
2/1/2014 03:40:52,2/1/2014,03:40:52,1.12,4.65,0.10,931.03,202
2/1/2014 03:41:22,2/1/2014,03:41:22,0.19,4.65,0.10,931.07,273
2/1/2014 03:41:52,2/1/2014,03:41:52,0.38,4.69,0.10,931.02,330
2/1/2014 03:42:22,2/1/2014,03:42:22,1.30,4.65,0.10,931.02,165
2/1/2014 03:42:52,2/1/2014,03:42:52,0.41,4.65,0.10,931.02,150
2/1/2014 03:43:22,2/1/2014,03:43:22,0.69,4.69,0.10,931.00,197
2/1/2014 03:43:52,2/1/2014,03:43:52,0.54,4.69,0.10,931.03,309
2/1/2014 03:44:22,2/1/2014,03:44:22,0.40,4.69,0.10,931.03,175
2/1/2014 03:44:52,2/1/2014,03:44:52,0.06,4.65,0.10,931.04,180
2/1/2014 03:45:22,2/1/2014,03:45:22,1.27,4.69,0.10,931.02,245
2/1/2014 03:45:52,2/1/2014,03:45:52,0.00,4.65,0.10,931.08,238
2/1/2014 03:46:22,2/1/2014,03:46:22,0.11,4.59,0.10,931.09,337
2/1/2014 03:46:52,2/1/2014,03:46:52,0.00,4.59,0.10,931.12,156
2/1/2014 03:47:22,2/1/2014,03:47:22,0.41,4.59,0.10,931.10,202
2/1/2014 03:47:52,2/1/2014,03:47:52,1.26,4.57,0.10,931.08,303
2/1/2014 03:48:22,2/1/2014,03:48:22,0.11,4.57,0.10,931.13,150
2/1/2014 03:48:52,2/1/2014,03:48:52,0.08,4.57,0.10,931.14,153
2/1/2014 03:49:22,2/1/2014,03:49:22,1.04,4.52,0.10,931.12,194
2/1/2014 03:49:52,2/1/2014,03:49:52,0.41,4.57,0.10,931.14,181
2/1/2014 03:50:22,2/1/2014,03:50:22,0.56,4.52,0.10,931.22,291
2/1/2014 03:50:52,2/1/2014,03:50:52,0.00,4.52,0.10,931.28,180
2/1/2014 03:51:22,2/1/2014,03:51:22,0.00,4.52,0.10,931.30,157
2/1/2014 03:51:52,2/1/2014,03:51:52,0.84,4.52,0.10,931.26,287
2/1/2014 03:52:22,2/1/2014,03:52:22,0.90,4.52,0.10,931.25,311
2/1/2014 03:52:52,2/1/2014,03:52:52,1.22,4.52,0.10,931.25,299
2/1/2014 03:53:22,2/1/2014,03:53:22,0.00,4.57,0.10,931.30,284
2/1/2014 03:53:52,2/1/2014,03:53:52,0.43,4.52,0.10,931.30,269
2/1/2014 03:54:22,2/1/2014,03:54:22,0.00,4.52,0.10,931.35,305
2/1/2014 03:54:52,2/1/2014,03:54:52,0.00,4.52,0.10,931.35,23
2/1/2014 03:55:22,2/1/2014,03:55:22,0.74,4.52,0.10,931.30,243
2/1/2014 03:55:52,2/1/2014,03:55:52,0.00,4.50,0.10,931.34,17
2/1/2014 03:56:22,2/1/2014,03:56:22,0.84,4.52,0.10,931.29,284
2/1/2014 03:56:52,2/1/2014,03:56:52,0.05,4.50,0.10,931.30,199
2/1/2014 03:57:22,2/1/2014,03:57:22,1.16,4.52,0.10,931.28,218
2/1/2014 03:57:52,2/1/2014,03:57:52,0.13,4.50,0.10,931.31,192
2/1/2014 03:58:22,2/1/2014,03:58:22,0.79,4.52,0.10,931.26,145
2/1/2014 03:58:52,2/1/2014,03:58:52,0.62,4.50,0.10,931.28,348
2/1/2014 03:59:22,2/1/2014,03:59:22,0.77,4.50,0.10,931.28,210
2/1/2014 03:59:52,2/1/2014,03:59:52,0.86,4.44,0.10,931.32,228
2/1/2014 04:00:22,2/1/2014,04:00:22,0.00,4.44,0.10,931.38,191
2/1/2014 04:00:52,2/1/2014,04:00:52,0.00,4.37,0.10,931.36,225
2/1/2014 04:01:22,2/1/2014,04:01:22,0.43,4.37,0.10,931.35,206
2/1/2014 04:01:52,2/1/2014,04:01:52,0.33,4.42,0.10,931.34,151
2/1/2014 04:02:22,2/1/2014,04:02:22,1.15,4.44,0.10,931.31,222
2/1/2014 04:02:52,2/1/2014,04:02:52,0.58,4.44,0.10,931.36,67
2/1/2014 04:03:22,2/1/2014,04:03:22,0.13,4.37,0.10,931.37,170
2/1/2014 04:03:52,2/1/2014,04:03:52,0.24,4.37,0.10,931.38,174
2/1/2014 04:04:22,2/1/2014,04:04:22,0.00,4.37,0.10,931.40,212
2/1/2014 04:04:52,2/1/2014,04:04:52,1.38,4.37,0.10,931.35,251
2/1/2014 04:05:22,2/1/2014,04:05:22,0.13,4.37,0.10,931.40,198
2/1/2014 04:05:52,2/1/2014,04:05:52,0.45,4.37,0.10,931.38,172
2/1/2014 04:06:22,2/1/2014,04:06:22,0.58,4.37,0.10,931.40,229
2/1/2014 04:06:52,2/1/2014,04:06:52,0.00,4.37,0.10,931.46,123
2/1/2014 04:07:22,2/1/2014,04:07:22,0.00,4.32,0.10,931.45,90
2/1/2014 04:07:52,2/1/2014,04:07:52,0.00,4.30,0.10,931.47,28
2/1/2014 04:08:22,2/1/2014,04:08:22,0.29,4.30,0.10,931.45,297
2/1/2014 04:08:52,2/1/2014,04:08:52,0.26,4.30,0.10,931.46,125
2/1/2014 04:09:22,2/1/2014,04:09:22,0.00,4.30,0.10,931.48,221
2/1/2014 04:09:52,2/1/2014,04:09:52,0.00,4.25,0.10,931.49,138
2/1/2014 04:10:22,2/1/2014,04:10:22,0.00,4.25,0.10,931.49,242
2/1/2014 04:10:52,2/1/2014,04:10:52,0.00,4.22,0.10,931.53,222
2/1/2014 04:11:22,2/1/2014,04:11:22,0.00,4.22,0.10,931.55,303
2/1/2014 04:11:52,2/1/2014,04:11:52,0.43,4.22,0.10,931.53,320
2/1/2014 04:12:22,2/1/2014,04:12:22,0.47,4.22,0.10,931.51,180
2/1/2014 04:12:52,2/1/2014,04:12:52,1.06,4.30,0.10,931.46,322
2/1/2014 04:13:22,2/1/2014,04:13:22,0.34,4.25,0.10,931.53,209
2/1/2014 04:13:52,2/1/2014,04:13:52,1.02,4.30,0.10,931.50,175
2/1/2014 04:14:22,2/1/2014,04:14:22,0.29,4.22,0.10,931.56,219
2/1/2014 04:14:52,2/1/2014,04:14:52,0.24,4.25,0.10,931.54,327
2/1/2014 04:15:22,2/1/2014,04:15:22,0.00,4.25,0.10,931.56,210
2/1/2014 04:15:52,2/1/2014,04:15:52,0.06,4.22,0.10,931.57,293
2/1/2014 04:16:22,2/1/2014,04:16:22,0.00,4.22,0.10,931.58,357
2/1/2014 04:16:52,2/1/2014,04:16:52,1.41,4.30,0.10,931.51,286
2/1/2014 04:17:22,2/1/2014,04:17:22,0.98,4.30,0.10,931.51,248
2/1/2014 04:17:52,2/1/2014,04:17:52,0.00,4.25,0.10,931.58,60
2/1/2014 04:18:22,2/1/2014,04:18:22,0.00,4.22,0.10,931.60,206
2/1/2014 04:18:52,2/1/2014,04:18:52,0.63,4.22,0.10,931.60,170
2/1/2014 04:19:22,2/1/2014,04:19:22,1.13,4.22,0.10,931.58,237
2/1/2014 04:19:52,2/1/2014,04:19:52,0.00,4.22,0.10,931.65,290
2/1/2014 04:20:22,2/1/2014,04:20:22,0.00,4.17,0.10,931.65,178
2/1/2014 04:20:52,2/1/2014,04:20:52,0.00,4.17,0.10,931.65,215
2/1/2014 04:21:22,2/1/2014,04:21:22,0.00,4.12,0.10,931.65,18
2/1/2014 04:21:52,2/1/2014,04:21:52,0.00,4.12,0.10,931.67,305
2/1/2014 04:22:22,2/1/2014,04:22:22,0.00,4.12,0.10,931.67,294
2/1/2014 04:22:52,2/1/2014,04:22:52,0.00,4.12,0.10,931.72,184
2/1/2014 04:23:22,2/1/2014,04:23:22,0.00,4.09,0.10,931.72,260
2/1/2014 04:23:52,2/1/2014,04:23:52,0.00,4.09,0.10,931.74,180
2/1/2014 04:24:22,2/1/2014,04:24:22,0.00,4.05,0.10,931.74,205
2/1/2014 04:24:52,2/1/2014,04:24:52,0.26,4.09,0.10,931.74,195
2/1/2014 04:25:22,2/1/2014,04:25:22,0.16,4.09,0.10,931.72,214
2/1/2014 04:25:52,2/1/2014,04:25:52,0.00,4.05,0.10,931.75,321
2/1/2014 04:26:22,2/1/2014,04:26:22,0.00,4.05,0.10,931.76,333
2/1/2014 04:26:52,2/1/2014,04:26:52,0.00,4.05,0.10,931.74,202
2/1/2014 04:27:22,2/1/2014,04:27:22,0.52,4.05,0.10,931.73,356
2/1/2014 04:27:52,2/1/2014,04:27:52,0.65,4.05,0.10,931.72,250
2/1/2014 04:28:22,2/1/2014,04:28:22,0.00,4.05,0.10,931.77,78
2/1/2014 04:28:52,2/1/2014,04:28:52,0.00,4.02,0.10,931.81,199
2/1/2014 04:29:22,2/1/2014,04:29:22,0.00,4.02,0.10,931.84,220
2/1/2014 04:29:52,2/1/2014,04:29:52,0.00,3.97,0.10,931.86,163
2/1/2014 04:30:22,2/1/2014,04:30:22,0.00,4.02,0.10,931.85,282
2/1/2014 04:30:52,2/1/2014,04:30:52,0.00,3.97,0.10,931.86,209
2/1/2014 04:31:22,2/1/2014,04:31:22,0.80,4.05,0.10,931.82,198
2/1/2014 04:31:52,2/1/2014,04:31:52,0.06,3.97,0.10,931.85,252
2/1/2014 04:32:22,2/1/2014,04:32:22,1.09,3.97,0.10,931.80,193
2/1/2014 04:32:52,2/1/2014,04:32:52,0.00,3.97,0.10,931.89,29
2/1/2014 04:33:22,2/1/2014,04:33:22,0.00,3.90,0.10,931.89,132
2/1/2014 04:33:52,2/1/2014,04:33:52,0.00,3.90,0.10,931.87,254
2/1/2014 04:34:22,2/1/2014,04:34:22,0.16,3.90,0.10,931.86,324
2/1/2014 04:34:52,2/1/2014,04:34:52,0.37,3.90,0.10,931.86,149
2/1/2014 04:35:22,2/1/2014,04:35:22,0.00,3.90,0.10,931.89,210
2/1/2014 04:35:52,2/1/2014,04:35:52,0.22,3.90,0.10,931.89,181
2/1/2014 04:36:22,2/1/2014,04:36:22,0.00,3.90,0.10,931.86,193
2/1/2014 04:36:52,2/1/2014,04:36:52,0.00,3.84,0.10,931.89,194
2/1/2014 04:37:22,2/1/2014,04:37:22,0.19,3.90,0.10,931.84,153
2/1/2014 04:37:52,2/1/2014,04:37:52,0.40,3.90,0.10,931.83,244
2/1/2014 04:38:22,2/1/2014,04:38:22,0.23,3.90,0.10,931.87,277
2/1/2014 04:38:52,2/1/2014,04:38:52,1.41,3.97,0.10,931.81,205
2/1/2014 04:39:22,2/1/2014,04:39:22,0.00,3.90,0.10,931.83,298
2/1/2014 04:39:52,2/1/2014,04:39:52,0.00,3.90,0.10,931.85,168
2/1/2014 04:40:22,2/1/2014,04:40:22,0.26,3.90,0.10,931.86,295
2/1/2014 04:40:52,2/1/2014,04:40:52,0.18,3.90,0.10,931.86,312
2/1/2014 04:41:22,2/1/2014,04:41:22,0.00,3.82,0.10,931.91,7
2/1/2014 04:41:52,2/1/2014,04:41:52,0.52,3.82,0.10,931.87,265
2/1/2014 04:42:22,2/1/2014,04:42:22,1.11,3.84,0.10,931.82,242
2/1/2014 04:42:52,2/1/2014,04:42:52,0.00,3.82,0.10,931.90,274
2/1/2014 04:43:22,2/1/2014,04:43:22,0.00,3.77,0.10,931.92,186
2/1/2014 04:43:52,2/1/2014,04:43:52,0.00,3.75,0.10,931.93,190
2/1/2014 04:44:22,2/1/2014,04:44:22,0.55,3.75,0.10,931.87,267
2/1/2014 04:44:52,2/1/2014,04:44:52,0.37,3.82,0.10,931.90,160
2/1/2014 04:45:22,2/1/2014,04:45:22,0.00,3.75,0.10,931.94,10
2/1/2014 04:45:52,2/1/2014,04:45:52,0.30,3.82,0.10,931.92,33
2/1/2014 04:46:22,2/1/2014,04:46:22,0.68,3.82,0.10,931.87,284
2/1/2014 04:46:52,2/1/2014,04:46:52,0.00,3.75,0.10,931.94,310
2/1/2014 04:47:22,2/1/2014,04:47:22,0.36,3.82,0.10,931.95,179
2/1/2014 04:47:52,2/1/2014,04:47:52,0.12,3.77,0.10,931.95,0
2/1/2014 04:48:22,2/1/2014,04:48:22,0.00,3.75,0.10,932.00,193
2/1/2014 04:48:52,2/1/2014,04:48:52,0.00,3.70,0.10,932.02,323
2/1/2014 04:49:22,2/1/2014,04:49:22,0.00,3.65,0.10,932.03,223
2/1/2014 04:49:52,2/1/2014,04:49:52,0.41,3.70,0.10,931.99,193
2/1/2014 04:50:22,2/1/2014,04:50:22,0.06,3.70,0.10,932.00,352
2/1/2014 04:50:52,2/1/2014,04:50:52,0.56,3.75,0.10,931.98,202
2/1/2014 04:51:22,2/1/2014,04:51:22,0.00,3.65,0.10,932.02,12
2/1/2014 04:51:52,2/1/2014,04:51:52,0.00,3.62,0.10,932.04,80
2/1/2014 04:52:22,2/1/2014,04:52:22,0.00,3.57,0.10,932.02,234
2/1/2014 04:52:52,2/1/2014,04:52:52,0.00,3.62,1.10,932.01,196
2/1/2014 04:53:22,2/1/2014,04:53:22,0.00,3.57,4.00,932.03,197
2/1/2014 04:53:52,2/1/2014,04:53:52,0.00,3.50,6.19,932.02,333
2/1/2014 04:54:22,2/1/2014,04:54:22,0.00,3.57,0.10,932.01,203
2/1/2014 04:54:52,2/1/2014,04:54:52,0.00,3.57,0.10,932.00,236
2/1/2014 04:55:22,2/1/2014,04:55:22,0.41,3.62,0.10,931.96,215
2/1/2014 04:55:52,2/1/2014,04:55:52,0.00,3.57,0.10,931.94,239
2/1/2014 04:56:22,2/1/2014,04:56:22,0.00,3.57,0.10,931.94,194
2/1/2014 04:56:52,2/1/2014,04:56:52,0.00,3.57,0.10,931.96,259
2/1/2014 04:57:22,2/1/2014,04:57:22,0.00,3.62,0.10,931.95,252
2/1/2014 04:57:52,2/1/2014,04:57:52,1.11,3.65,0.10,931.90,148
2/1/2014 04:58:22,2/1/2014,04:58:22,1.56,3.77,0.10,931.90,215
2/1/2014 04:58:52,2/1/2014,04:58:52,0.26,3.70,0.10,931.95,174
2/1/2014 04:59:22,2/1/2014,04:59:22,0.00,3.62,0.10,931.98,66
2/1/2014 04:59:52,2/1/2014,04:59:52,0.00,3.57,0.10,931.96,193
2/1/2014 05:00:22,2/1/2014,05:00:22,0.00,3.54,0.10,931.98,339
2/1/2014 05:00:52,2/1/2014,05:00:52,0.88,3.65,0.10,931.93,191
2/1/2014 05:01:22,2/1/2014,05:01:22,0.00,3.57,0.10,931.98,134
2/1/2014 05:01:52,2/1/2014,05:01:52,0.90,3.65,0.10,931.91,108
2/1/2014 05:02:22,2/1/2014,05:02:22,0.00,3.57,0.10,931.98,337
2/1/2014 05:02:52,2/1/2014,05:02:52,0.00,3.57,0.10,932.01,354
2/1/2014 05:03:22,2/1/2014,05:03:22,0.00,3.57,0.10,931.99,185
2/1/2014 05:03:52,2/1/2014,05:03:52,0.65,3.70,0.10,931.96,3
2/1/2014 05:04:22,2/1/2014,05:04:22,0.00,3.57,0.10,932.01,193
2/1/2014 05:04:52,2/1/2014,05:04:52,0.00,3.50,0.10,932.03,1
2/1/2014 05:05:22,2/1/2014,05:05:22,0.59,3.57,0.10,932.00,306
2/1/2014 05:05:52,2/1/2014,05:05:52,0.00,3.57,0.10,932.04,219
2/1/2014 05:06:22,2/1/2014,05:06:22,0.00,3.57,0.10,932.04,324
2/1/2014 05:06:52,2/1/2014,05:06:52,1.26,3.75,0.10,932.00,197
2/1/2014 05:07:22,2/1/2014,05:07:22,2.81,3.82,0.10,931.95,249
2/1/2014 05:07:52,2/1/2014,05:07:52,0.00,3.65,0.10,932.04,224
2/1/2014 05:08:22,2/1/2014,05:08:22,0.00,3.57,0.10,932.10,10
2/1/2014 05:08:52,2/1/2014,05:08:52,0.00,3.54,0.10,932.14,293
2/1/2014 05:09:22,2/1/2014,05:09:22,0.29,3.57,0.10,932.12,241
2/1/2014 05:09:52,2/1/2014,05:09:52,0.58,3.65,1.00,932.11,321
2/1/2014 05:10:22,2/1/2014,05:10:22,0.00,3.57,4.80,932.14,187
2/1/2014 05:10:52,2/1/2014,05:10:52,0.00,3.50,9.80,932.20,307
2/1/2014 05:11:22,2/1/2014,05:11:22,0.00,3.47,15.10,932.23,124
2/1/2014 05:11:52,2/1/2014,05:11:52,0.20,3.54,53.00,932.21,292
2/1/2014 05:12:22,2/1/2014,05:12:22,0.00,3.54,54.59,932.24,333
2/1/2014 05:12:52,2/1/2014,05:12:52,0.99,3.65,65.80,932.20,199
2/1/2014 05:13:22,2/1/2014,05:13:22,0.00,3.42,63.00,932.28,257
2/1/2014 05:13:52,2/1/2014,05:13:52,0.00,3.42,63.29,932.30,218
2/1/2014 05:14:22,2/1/2014,05:14:22,0.00,3.50,64.00,932.27,185
2/1/2014 05:14:52,2/1/2014,05:14:52,0.00,3.54,67.09,932.28,163
2/1/2014 05:15:22,2/1/2014,05:15:22,0.00,3.54,67.40,932.28,49
2/1/2014 05:15:52,2/1/2014,05:15:52,1.68,3.70,74.50,932.20,259
2/1/2014 05:16:22,2/1/2014,05:16:22,0.08,3.57,71.59,932.21,190
2/1/2014 05:16:52,2/1/2014,05:16:52,0.00,3.50,70.30,932.24,264
2/1/2014 05:17:22,2/1/2014,05:17:22,0.00,3.50,70.69,932.28,191
2/1/2014 05:17:52,2/1/2014,05:17:52,0.00,3.47,70.50,932.32,252
2/1/2014 05:18:22,2/1/2014,05:18:22,0.73,3.57,73.30,932.30,235
2/1/2014 05:18:52,2/1/2014,05:18:52,0.73,3.57,73.30,932.28,266
2/1/2014 05:19:22,2/1/2014,05:19:22,0.23,3.57,72.69,932.32,232
2/1/2014 05:19:52,2/1/2014,05:19:52,0.00,3.47,71.40,932.38,163
2/1/2014 05:20:22,2/1/2014,05:20:22,0.00,3.42,71.59,932.39,157
2/1/2014 05:20:52,2/1/2014,05:20:52,0.00,3.47,71.90,932.38,201
2/1/2014 05:21:22,2/1/2014,05:21:22,0.58,3.54,73.69,932.35,302
2/1/2014 05:21:52,2/1/2014,05:21:52,1.08,3.57,75.90,932.32,196
2/1/2014 05:22:22,2/1/2014,05:22:22,0.51,3.54,75.09,932.36,199
2/1/2014 05:22:52,2/1/2014,05:22:52,0.20,3.42,73.19,932.36,20
2/1/2014 05:23:22,2/1/2014,05:23:22,0.00,3.42,73.09,932.39,53
2/1/2014 05:23:52,2/1/2014,05:23:52,0.00,3.37,73.40,932.40,160
2/1/2014 05:24:22,2/1/2014,05:24:22,0.00,3.34,72.80,932.42,159
2/1/2014 05:24:52,2/1/2014,05:24:52,0.00,3.42,73.40,932.41,330
2/1/2014 05:25:22,2/1/2014,05:25:22,0.00,3.34,73.19,932.42,286
2/1/2014 05:25:52,2/1/2014,05:25:52,0.18,3.42,74.00,932.41,186
2/1/2014 05:26:22,2/1/2014,05:26:22,0.72,3.50,75.50,932.37,178
2/1/2014 05:26:52,2/1/2014,05:26:52,0.00,3.42,75.09,932.40,338
2/1/2014 05:27:22,2/1/2014,05:27:22,1.20,3.54,77.30,932.35,201
2/1/2014 05:27:52,2/1/2014,05:27:52,1.19,3.65,78.40,932.35,230
2/1/2014 05:28:22,2/1/2014,05:28:22,1.02,3.57,76.69,932.35,255
2/1/2014 05:28:52,2/1/2014,05:28:52,0.00,3.50,76.19,932.41,233
2/1/2014 05:29:22,2/1/2014,05:29:22,0.65,3.57,76.80,932.41,204
2/1/2014 05:29:52,2/1/2014,05:29:52,1.26,3.62,77.00,932.33,228
2/1/2014 05:30:22,2/1/2014,05:30:22,0.00,3.42,76.40,932.42,0
2/1/2014 05:30:52,2/1/2014,05:30:52,0.52,3.50,76.80,932.37,335
2/1/2014 05:31:22,2/1/2014,05:31:22,0.49,3.47,77.09,932.39,248
2/1/2014 05:31:52,2/1/2014,05:31:52,0.00,3.34,77.30,932.40,156
2/1/2014 05:32:22,2/1/2014,05:32:22,0.54,3.50,78.59,932.40,206
2/1/2014 05:32:52,2/1/2014,05:32:52,0.00,3.42,77.69,932.40,164
2/1/2014 05:33:22,2/1/2014,05:33:22,0.00,3.50,79.19,932.45,197
2/1/2014 05:33:52,2/1/2014,05:33:52,0.00,3.34,77.69,932.45,226
2/1/2014 05:34:22,2/1/2014,05:34:22,0.26,3.42,78.09,932.39,271
2/1/2014 05:34:52,2/1/2014,05:34:52,0.00,3.34,77.69,932.41,4
2/1/2014 05:35:22,2/1/2014,05:35:22,0.00,3.42,78.69,932.44,182
2/1/2014 05:35:52,2/1/2014,05:35:52,0.00,3.27,77.90,932.45,359
2/1/2014 05:36:22,2/1/2014,05:36:22,0.13,3.37,78.19,932.42,344
2/1/2014 05:36:52,2/1/2014,05:36:52,0.00,3.34,78.50,932.45,205
2/1/2014 05:37:22,2/1/2014,05:37:22,0.00,3.27,78.30,932.46,190
2/1/2014 05:37:52,2/1/2014,05:37:52,0.00,3.27,78.30,932.50,158
2/1/2014 05:38:22,2/1/2014,05:38:22,0.00,3.17,78.19,932.50,4
2/1/2014 05:38:52,2/1/2014,05:38:52,0.00,3.22,78.40,932.54,104
2/1/2014 05:39:22,2/1/2014,05:39:22,0.76,3.34,78.50,932.47,251
2/1/2014 05:39:52,2/1/2014,05:39:52,1.37,3.50,79.30,932.41,216
2/1/2014 05:40:22,2/1/2014,05:40:22,0.87,3.50,78.59,932.48,240
2/1/2014 05:40:52,2/1/2014,05:40:52,0.00,3.27,78.80,932.55,153
2/1/2014 05:41:22,2/1/2014,05:41:22,1.45,3.42,79.30,932.49,305
2/1/2014 05:41:52,2/1/2014,05:41:52,1.11,3.50,80.19,932.54,206
2/1/2014 05:42:22,2/1/2014,05:42:22,0.69,3.47,79.69,932.58,216
2/1/2014 05:42:52,2/1/2014,05:42:52,0.00,3.34,78.80,932.63,260
2/1/2014 05:43:22,2/1/2014,05:43:22,0.00,3.27,79.19,932.68,7
2/1/2014 05:43:52,2/1/2014,05:43:52,0.00,3.27,79.09,932.68,264
2/1/2014 05:44:22,2/1/2014,05:44:22,0.37,3.29,79.19,932.68,150
2/1/2014 05:44:52,2/1/2014,05:44:52,0.00,3.29,78.90,932.73,335
2/1/2014 05:45:22,2/1/2014,05:45:22,0.00,3.22,79.09,932.77,39
2/1/2014 05:45:52,2/1/2014,05:45:52,0.73,3.42,80.09,932.76,203
2/1/2014 05:46:22,2/1/2014,05:46:22,0.00,3.27,78.90,932.78,305
2/1/2014 05:46:52,2/1/2014,05:46:52,0.00,3.27,79.19,932.81,354
2/1/2014 05:47:22,2/1/2014,05:47:22,0.00,3.22,79.00,932.82,255
2/1/2014 05:47:52,2/1/2014,05:47:52,0.19,3.29,79.19,932.79,209
2/1/2014 05:48:22,2/1/2014,05:48:22,0.00,3.27,79.19,932.81,111
2/1/2014 05:48:52,2/1/2014,05:48:52,0.81,3.34,79.00,932.78,272
2/1/2014 05:49:22,2/1/2014,05:49:22,0.18,3.27,79.50,932.83,200
2/1/2014 05:49:52,2/1/2014,05:49:52,0.05,3.34,79.09,932.85,37
2/1/2014 05:50:22,2/1/2014,05:50:22,0.15,3.34,79.19,932.87,44
2/1/2014 05:50:52,2/1/2014,05:50:52,0.00,3.27,79.40,932.91,240
2/1/2014 05:51:22,2/1/2014,05:51:22,0.23,3.27,79.50,932.87,123
2/1/2014 05:51:52,2/1/2014,05:51:52,2.63,3.50,79.30,932.78,282
2/1/2014 05:52:22,2/1/2014,05:52:22,0.00,3.29,79.19,932.88,239
2/1/2014 05:52:52,2/1/2014,05:52:52,0.00,3.34,79.80,932.92,358
2/1/2014 05:53:22,2/1/2014,05:53:22,0.58,3.34,79.19,932.88,295
2/1/2014 05:53:52,2/1/2014,05:53:52,0.00,3.34,79.59,932.92,153
2/1/2014 05:54:22,2/1/2014,05:54:22,0.00,3.37,80.00,932.93,217
2/1/2014 05:54:52,2/1/2014,05:54:52,0.00,3.27,79.59,932.93,34
2/1/2014 05:55:22,2/1/2014,05:55:22,0.00,3.17,79.50,932.93,328
2/1/2014 05:55:52,2/1/2014,05:55:52,0.00,3.27,79.69,932.93,223
2/1/2014 05:56:22,2/1/2014,05:56:22,0.26,3.27,79.40,932.91,350
2/1/2014 05:56:52,2/1/2014,05:56:52,0.58,3.34,79.50,932.91,319
2/1/2014 05:57:22,2/1/2014,05:57:22,0.22,3.29,79.19,932.93,1
2/1/2014 05:57:52,2/1/2014,05:57:52,0.00,3.22,79.90,932.95,198
2/1/2014 05:58:22,2/1/2014,05:58:22,0.45,3.27,79.40,932.93,231
2/1/2014 05:58:52,2/1/2014,05:58:52,0.31,3.22,79.50,932.94,268
2/1/2014 05:59:22,2/1/2014,05:59:22,0.00,3.17,80.00,932.95,215
2/1/2014 05:59:52,2/1/2014,05:59:52,1.16,3.42,79.80,932.88,226
2/1/2014 06:00:22,2/1/2014,06:00:22,0.00,3.27,79.59,932.94,35
2/1/2014 06:00:52,2/1/2014,06:00:52,0.52,3.29,79.69,932.91,208
2/1/2014 06:01:22,2/1/2014,06:01:22,0.13,3.27,79.80,932.95,283
2/1/2014 06:01:52,2/1/2014,06:01:52,0.95,3.37,80.09,932.92,248
2/1/2014 06:02:22,2/1/2014,06:02:22,0.24,3.34,79.69,932.92,170
2/1/2014 06:02:52,2/1/2014,06:02:52,2.02,3.54,79.80,932.90,226
2/1/2014 06:03:22,2/1/2014,06:03:22,1.16,3.47,79.19,932.91,257
2/1/2014 06:03:52,2/1/2014,06:03:52,0.00,3.29,79.90,933.01,240
2/1/2014 06:04:22,2/1/2014,06:04:22,1.08,3.47,79.30,932.97,271
2/1/2014 06:04:52,2/1/2014,06:04:52,0.19,3.42,79.69,932.99,141
2/1/2014 06:05:22,2/1/2014,06:05:22,0.98,3.50,79.90,933.02,194
2/1/2014 06:05:52,2/1/2014,06:05:52,0.34,3.42,79.69,933.02,47
2/1/2014 06:06:22,2/1/2014,06:06:22,0.40,3.42,80.40,933.06,184
2/1/2014 06:06:52,2/1/2014,06:06:52,1.12,3.42,79.90,933.02,324
2/1/2014 06:07:22,2/1/2014,06:07:22,0.00,3.34,80.19,933.08,290
2/1/2014 06:07:52,2/1/2014,06:07:52,0.27,3.34,80.80,933.08,190
2/1/2014 06:08:22,2/1/2014,06:08:22,0.00,3.22,80.19,933.05,19
2/1/2014 06:08:52,2/1/2014,06:08:52,0.00,3.27,80.50,933.09,344
2/1/2014 06:09:22,2/1/2014,06:09:22,0.23,3.34,80.00,933.03,217
2/1/2014 06:09:52,2/1/2014,06:09:52,0.72,3.34,80.59,933.01,200
2/1/2014 06:10:22,2/1/2014,06:10:22,0.00,3.17,80.09,933.04,311
2/1/2014 06:10:52,2/1/2014,06:10:52,0.63,3.27,80.59,933.08,247
2/1/2014 06:11:22,2/1/2014,06:11:22,0.52,3.27,80.40,933.09,207
2/1/2014 06:11:52,2/1/2014,06:11:52,0.00,3.15,80.19,933.13,193
2/1/2014 06:12:22,2/1/2014,06:12:22,0.00,3.09,80.40,933.17,225
2/1/2014 06:12:52,2/1/2014,06:12:52,0.00,3.15,80.69,933.17,288
2/1/2014 06:13:22,2/1/2014,06:13:22,0.49,3.22,79.59,933.13,267
2/1/2014 06:13:52,2/1/2014,06:13:52,0.00,3.27,80.80,933.19,228
2/1/2014 06:14:22,2/1/2014,06:14:22,0.45,3.17,80.19,933.14,123
2/1/2014 06:14:52,2/1/2014,06:14:52,0.34,3.27,79.90,933.15,62
2/1/2014 06:15:22,2/1/2014,06:15:22,0.63,3.27,80.69,933.15,198
2/1/2014 06:15:52,2/1/2014,06:15:52,0.20,3.17,80.40,933.18,12
2/1/2014 06:16:22,2/1/2014,06:16:22,0.52,3.27,79.80,933.18,182
2/1/2014 06:16:52,2/1/2014,06:16:52,0.00,3.15,80.80,933.23,137
2/1/2014 06:17:22,2/1/2014,06:17:22,0.11,3.15,80.40,933.23,288
2/1/2014 06:17:52,2/1/2014,06:17:52,0.56,3.22,81.69,933.21,275
2/1/2014 06:18:22,2/1/2014,06:18:22,0.68,3.17,80.09,933.20,315
2/1/2014 06:18:52,2/1/2014,06:18:52,0.15,3.09,80.80,933.24,208
2/1/2014 06:19:22,2/1/2014,06:19:22,0.09,3.17,80.30,933.23,335
2/1/2014 06:19:52,2/1/2014,06:19:52,0.08,3.17,80.30,933.23,189
2/1/2014 06:20:22,2/1/2014,06:20:22,0.58,3.17,80.50,933.23,295
2/1/2014 06:20:52,2/1/2014,06:20:52,0.22,3.17,80.19,933.24,157
2/1/2014 06:21:22,2/1/2014,06:21:22,0.61,3.17,79.80,933.21,231
2/1/2014 06:21:52,2/1/2014,06:21:52,0.29,3.17,80.50,933.23,182
2/1/2014 06:22:22,2/1/2014,06:22:22,0.00,3.09,80.50,933.26,77
2/1/2014 06:22:52,2/1/2014,06:22:52,0.80,3.22,80.50,933.23,209
2/1/2014 06:23:22,2/1/2014,06:23:22,0.00,3.09,80.50,933.22,152
2/1/2014 06:23:52,2/1/2014,06:23:52,0.00,3.09,80.50,933.26,36
2/1/2014 06:24:22,2/1/2014,06:24:22,0.34,3.09,80.80,933.20,210
2/1/2014 06:24:52,2/1/2014,06:24:52,0.19,3.15,80.80,933.17,301
2/1/2014 06:25:22,2/1/2014,06:25:22,0.00,3.02,80.80,933.21,182
2/1/2014 06:25:52,2/1/2014,06:25:52,0.24,3.09,81.09,933.22,229
2/1/2014 06:26:22,2/1/2014,06:26:22,0.73,3.09,80.69,933.22,229
2/1/2014 06:26:52,2/1/2014,06:26:52,0.69,3.15,80.90,933.22,203
2/1/2014 06:27:22,2/1/2014,06:27:22,0.00,3.02,80.50,933.28,189
2/1/2014 06:27:52,2/1/2014,06:27:52,0.00,3.02,80.69,933.31,290
2/1/2014 06:28:22,2/1/2014,06:28:22,0.00,2.90,80.90,933.37,114
2/1/2014 06:28:52,2/1/2014,06:28:52,0.74,3.02,80.90,933.31,240
2/1/2014 06:29:22,2/1/2014,06:29:22,0.00,2.97,80.59,933.36,190
2/1/2014 06:29:52,2/1/2014,06:29:52,0.45,3.02,80.19,933.36,240
2/1/2014 06:30:22,2/1/2014,06:30:22,0.06,3.02,80.09,933.37,256
2/1/2014 06:30:52,2/1/2014,06:30:52,0.70,3.02,80.69,933.37,223
2/1/2014 06:31:22,2/1/2014,06:31:22,0.00,2.95,80.59,933.40,188
2/1/2014 06:31:52,2/1/2014,06:31:52,0.00,2.87,80.90,933.45,237
2/1/2014 06:32:22,2/1/2014,06:32:22,0.19,2.95,81.50,933.49,223
2/1/2014 06:32:52,2/1/2014,06:32:52,0.00,2.87,80.69,933.50,190
2/1/2014 06:33:22,2/1/2014,06:33:22,0.00,2.79,80.90,933.51,116
2/1/2014 06:33:52,2/1/2014,06:33:52,0.00,2.79,81.00,933.49,20
2/1/2014 06:34:22,2/1/2014,06:34:22,0.22,2.82,80.50,933.48,358
2/1/2014 06:34:52,2/1/2014,06:34:52,0.00,2.75,81.00,933.47,359
2/1/2014 06:35:22,2/1/2014,06:35:22,0.00,2.82,80.69,933.46,266
2/1/2014 06:35:52,2/1/2014,06:35:52,0.00,2.79,81.00,933.47,189
2/1/2014 06:36:22,2/1/2014,06:36:22,0.24,2.87,80.50,933.46,356
2/1/2014 06:36:52,2/1/2014,06:36:52,0.00,2.75,80.80,933.45,342
2/1/2014 06:37:22,2/1/2014,06:37:22,0.00,2.67,81.00,933.47,318
2/1/2014 06:37:52,2/1/2014,06:37:52,0.62,2.87,81.80,933.44,293
2/1/2014 06:38:22,2/1/2014,06:38:22,0.65,2.82,80.40,933.42,312
2/1/2014 06:38:52,2/1/2014,06:38:52,0.26,2.79,80.50,933.45,182
2/1/2014 06:39:22,2/1/2014,06:39:22,0.00,2.79,80.80,933.44,322
2/1/2014 06:39:52,2/1/2014,06:39:52,0.65,2.87,81.30,933.44,229
2/1/2014 06:40:22,2/1/2014,06:40:22,0.00,2.70,80.50,933.41,275
2/1/2014 06:40:52,2/1/2014,06:40:52,0.00,2.67,80.69,933.40,94
2/1/2014 06:41:22,2/1/2014,06:41:22,0.00,2.67,80.90,933.40,275
2/1/2014 06:41:52,2/1/2014,06:41:52,0.05,2.70,80.69,933.35,18
2/1/2014 06:42:22,2/1/2014,06:42:22,0.00,2.67,81.19,933.38,204
2/1/2014 06:42:52,2/1/2014,06:42:52,0.00,2.62,80.80,933.38,209
2/1/2014 06:43:22,2/1/2014,06:43:22,0.00,2.62,80.90,933.38,164
2/1/2014 06:43:52,2/1/2014,06:43:52,0.00,2.75,80.59,933.40,1
2/1/2014 06:44:22,2/1/2014,06:44:22,0.00,2.70,80.59,933.41,233
2/1/2014 06:44:52,2/1/2014,06:44:52,0.00,2.70,80.40,933.44,180
2/1/2014 06:45:22,2/1/2014,06:45:22,0.44,2.75,80.40,933.41,270
2/1/2014 06:45:52,2/1/2014,06:45:52,0.00,2.70,80.59,933.46,307
2/1/2014 06:46:22,2/1/2014,06:46:22,0.00,2.67,81.00,933.49,145
2/1/2014 06:46:52,2/1/2014,06:46:52,0.00,2.62,80.80,933.51,357
2/1/2014 06:47:22,2/1/2014,06:47:22,0.00,2.67,80.69,933.53,238
2/1/2014 06:47:52,2/1/2014,06:47:52,0.00,2.62,81.00,933.55,97
2/1/2014 06:48:22,2/1/2014,06:48:22,0.00,2.54,81.00,933.56,154
2/1/2014 06:48:52,2/1/2014,06:48:52,0.00,2.50,81.00,933.57,283
2/1/2014 06:49:22,2/1/2014,06:49:22,0.00,2.50,81.09,933.60,295
2/1/2014 06:49:52,2/1/2014,06:49:52,0.00,2.54,81.09,933.59,284
2/1/2014 06:50:22,2/1/2014,06:50:22,0.26,2.70,80.69,933.57,288
2/1/2014 06:50:52,2/1/2014,06:50:52,0.00,2.59,80.69,933.60,320
2/1/2014 06:51:22,2/1/2014,06:51:22,1.16,2.70,80.40,933.53,311
2/1/2014 06:51:52,2/1/2014,06:51:52,0.29,2.62,80.30,933.58,251
2/1/2014 06:52:22,2/1/2014,06:52:22,0.00,2.47,81.00,933.63,178
2/1/2014 06:52:52,2/1/2014,06:52:52,0.00,2.47,81.09,933.62,353
2/1/2014 06:53:22,2/1/2014,06:53:22,0.00,2.47,81.19,933.63,239
2/1/2014 06:53:52,2/1/2014,06:53:52,0.00,2.40,81.50,933.63,249
2/1/2014 06:54:22,2/1/2014,06:54:22,0.41,2.54,80.69,933.60,250
2/1/2014 06:54:52,2/1/2014,06:54:52,0.18,2.54,80.59,933.64,213
2/1/2014 06:55:22,2/1/2014,06:55:22,0.00,2.54,80.90,933.69,219
2/1/2014 06:55:52,2/1/2014,06:55:52,1.18,2.79,80.59,933.64,266
2/1/2014 06:56:22,2/1/2014,06:56:22,0.13,2.79,81.19,933.73,300
2/1/2014 06:56:52,2/1/2014,06:56:52,0.86,2.82,80.30,933.67,269
2/1/2014 06:57:22,2/1/2014,06:57:22,0.00,2.70,80.80,933.75,112
2/1/2014 06:57:52,2/1/2014,06:57:52,0.45,2.87,80.09,933.75,254
2/1/2014 06:58:22,2/1/2014,06:58:22,0.00,2.79,81.09,933.82,307
2/1/2014 06:58:52,2/1/2014,06:58:52,0.74,2.95,80.80,933.80,287
2/1/2014 06:59:22,2/1/2014,06:59:22,0.00,2.79,80.80,933.87,32
2/1/2014 06:59:52,2/1/2014,06:59:52,0.37,2.95,80.59,933.85,317
2/1/2014 07:00:22,2/1/2014,07:00:22,0.77,3.02,80.80,933.80,275
2/1/2014 07:00:52,2/1/2014,07:00:52,0.08,2.95,80.40,933.82,288
2/1/2014 07:01:22,2/1/2014,07:01:22,2.15,3.22,79.30,933.74,292
2/1/2014 07:01:52,2/1/2014,07:01:52,0.05,3.02,80.19,933.83,190
2/1/2014 07:02:22,2/1/2014,07:02:22,0.00,3.02,80.69,933.84,0
2/1/2014 07:02:52,2/1/2014,07:02:52,0.00,3.02,80.59,933.83,78
2/1/2014 07:03:22,2/1/2014,07:03:22,0.00,2.97,81.40,933.84,192
2/1/2014 07:03:52,2/1/2014,07:03:52,0.00,2.97,80.40,933.83,92
2/1/2014 07:04:22,2/1/2014,07:04:22,0.00,2.95,80.80,933.82,42
2/1/2014 07:04:52,2/1/2014,07:04:52,0.41,3.09,80.59,933.77,329
2/1/2014 07:05:22,2/1/2014,07:05:22,0.00,2.95,80.90,933.81,308
2/1/2014 07:05:52,2/1/2014,07:05:52,0.23,2.97,80.50,933.81,175
2/1/2014 07:06:22,2/1/2014,07:06:22,0.00,2.97,80.50,933.83,340
2/1/2014 07:06:52,2/1/2014,07:06:52,0.48,3.02,79.90,933.78,259
2/1/2014 07:07:22,2/1/2014,07:07:22,0.00,3.02,80.09,933.83,283
2/1/2014 07:07:52,2/1/2014,07:07:52,0.00,2.90,80.50,933.85,49
2/1/2014 07:08:22,2/1/2014,07:08:22,0.00,2.95,80.59,933.84,288
2/1/2014 07:08:52,2/1/2014,07:08:52,0.00,2.82,81.00,933.87,324
2/1/2014 07:09:22,2/1/2014,07:09:22,0.00,2.87,81.09,933.87,274
2/1/2014 07:09:52,2/1/2014,07:09:52,1.58,2.97,80.30,933.78,268
2/1/2014 07:10:22,2/1/2014,07:10:22,0.00,2.79,80.69,933.84,218
2/1/2014 07:10:52,2/1/2014,07:10:52,0.19,2.79,80.50,933.87,209
2/1/2014 07:11:22,2/1/2014,07:11:22,1.15,2.82,80.40,933.83,231
2/1/2014 07:11:52,2/1/2014,07:11:52,0.13,2.70,80.69,933.86,299
2/1/2014 07:12:22,2/1/2014,07:12:22,0.00,2.62,81.09,933.87,56
2/1/2014 07:12:52,2/1/2014,07:12:52,0.00,2.54,81.30,933.87,278
2/1/2014 07:13:22,2/1/2014,07:13:22,0.00,2.54,81.50,933.87,287
2/1/2014 07:13:52,2/1/2014,07:13:52,0.00,2.54,81.69,933.89,253
2/1/2014 07:14:22,2/1/2014,07:14:22,0.00,2.47,81.80,933.89,206
2/1/2014 07:14:52,2/1/2014,07:14:52,0.00,2.42,81.69,933.86,65
2/1/2014 07:15:22,2/1/2014,07:15:22,0.00,2.54,81.80,933.85,251
2/1/2014 07:15:52,2/1/2014,07:15:52,0.00,2.47,81.40,933.87,267
2/1/2014 07:16:22,2/1/2014,07:16:22,0.00,2.40,81.59,933.89,273
2/1/2014 07:16:52,2/1/2014,07:16:52,0.00,2.32,81.69,933.92,273
2/1/2014 07:17:22,2/1/2014,07:17:22,0.00,2.32,81.80,933.95,320
2/1/2014 07:17:52,2/1/2014,07:17:52,0.00,2.27,81.90,933.98,288
2/1/2014 07:18:22,2/1/2014,07:18:22,0.00,2.22,81.90,934.03,291
2/1/2014 07:18:52,2/1/2014,07:18:52,0.00,2.27,82.19,934.07,306
2/1/2014 07:19:22,2/1/2014,07:19:22,0.00,2.27,81.80,934.09,294
2/1/2014 07:19:52,2/1/2014,07:19:52,0.00,2.27,81.59,934.10,245
2/1/2014 07:20:22,2/1/2014,07:20:22,0.00,2.22,82.09,934.10,333
2/1/2014 07:20:52,2/1/2014,07:20:52,0.00,2.27,81.69,934.11,245
2/1/2014 07:21:22,2/1/2014,07:21:22,0.00,2.32,81.59,934.13,320
2/1/2014 07:21:52,2/1/2014,07:21:52,0.00,2.27,81.69,934.12,292
2/1/2014 07:22:22,2/1/2014,07:22:22,0.00,2.27,81.90,934.14,217
2/1/2014 07:22:52,2/1/2014,07:22:52,0.00,2.20,81.90,934.16,359
2/1/2014 07:23:22,2/1/2014,07:23:22,0.00,2.15,82.00,934.14,342
2/1/2014 07:23:52,2/1/2014,07:23:52,0.00,2.20,82.09,934.17,337
2/1/2014 07:24:22,2/1/2014,07:24:22,0.00,2.15,82.09,934.18,271
2/1/2014 07:24:52,2/1/2014,07:24:52,0.00,2.22,82.30,934.20,265
2/1/2014 07:25:22,2/1/2014,07:25:22,0.00,2.15,82.00,934.21,202
2/1/2014 07:25:52,2/1/2014,07:25:52,0.00,2.07,82.09,934.25,346
2/1/2014 07:26:22,2/1/2014,07:26:22,0.00,2.22,82.00,934.29,224
2/1/2014 07:26:52,2/1/2014,07:26:52,0.00,2.12,82.19,934.31,144
2/1/2014 07:27:22,2/1/2014,07:27:22,0.00,2.12,82.09,934.31,287
2/1/2014 07:27:52,2/1/2014,07:27:52,0.00,2.15,82.00,934.32,170
2/1/2014 07:28:22,2/1/2014,07:28:22,0.00,2.12,82.00,934.32,320
2/1/2014 07:28:52,2/1/2014,07:28:52,0.00,2.20,82.00,934.32,241
2/1/2014 07:29:22,2/1/2014,07:29:22,0.33,2.32,81.59,934.31,278
2/1/2014 07:29:52,2/1/2014,07:29:52,0.00,2.22,81.69,934.32,229
2/1/2014 07:30:22,2/1/2014,07:30:22,0.00,2.07,81.80,934.32,348
2/1/2014 07:30:52,2/1/2014,07:30:52,0.00,2.20,82.00,934.35,292
2/1/2014 07:31:22,2/1/2014,07:31:22,0.00,2.20,82.19,934.36,202
2/1/2014 07:31:52,2/1/2014,07:31:52,0.00,2.12,81.80,934.36,214
2/1/2014 07:32:22,2/1/2014,07:32:22,0.00,2.15,81.90,934.35,228
2/1/2014 07:32:52,2/1/2014,07:32:52,0.00,2.15,82.19,934.36,285
2/1/2014 07:33:22,2/1/2014,07:33:22,0.00,2.02,82.09,934.37,225
2/1/2014 07:33:52,2/1/2014,07:33:52,0.30,2.15,82.59,934.35,320
2/1/2014 07:34:22,2/1/2014,07:34:22,0.00,2.07,81.90,934.34,120
2/1/2014 07:34:52,2/1/2014,07:34:52,0.00,2.15,82.00,934.35,189
2/1/2014 07:35:22,2/1/2014,07:35:22,0.45,2.20,81.90,934.32,239
2/1/2014 07:35:52,2/1/2014,07:35:52,0.00,2.15,81.80,934.36,210
2/1/2014 07:36:22,2/1/2014,07:36:22,0.23,2.15,82.09,934.35,191
2/1/2014 07:36:52,2/1/2014,07:36:52,0.00,2.07,81.80,934.37,75
2/1/2014 07:37:22,2/1/2014,07:37:22,0.00,2.15,82.19,934.38,186
2/1/2014 07:37:52,2/1/2014,07:37:52,0.00,2.12,81.80,934.38,261
2/1/2014 07:38:22,2/1/2014,07:38:22,0.63,2.27,81.59,934.36,208
2/1/2014 07:38:52,2/1/2014,07:38:52,0.00,2.15,81.80,934.40,22
2/1/2014 07:39:22,2/1/2014,07:39:22,0.00,2.20,81.59,934.40,189
2/1/2014 07:39:52,2/1/2014,07:39:52,0.00,2.07,81.80,934.41,109
2/1/2014 07:40:22,2/1/2014,07:40:22,0.00,2.15,81.59,934.40,206
2/1/2014 07:40:52,2/1/2014,07:40:52,0.00,2.12,81.80,934.40,334
2/1/2014 07:41:22,2/1/2014,07:41:22,0.00,2.07,82.00,934.40,207
2/1/2014 07:41:52,2/1/2014,07:41:52,0.00,2.15,81.59,934.41,306
2/1/2014 07:42:22,2/1/2014,07:42:22,1.41,2.40,81.30,934.31,244
2/1/2014 07:42:52,2/1/2014,07:42:52,0.00,2.12,81.59,934.39,190
2/1/2014 07:43:22,2/1/2014,07:43:22,0.00,2.07,81.69,934.41,206
2/1/2014 07:43:52,2/1/2014,07:43:52,0.00,2.15,81.59,934.44,185
2/1/2014 07:44:22,2/1/2014,07:44:22,0.00,2.07,81.90,934.45,251
2/1/2014 07:44:52,2/1/2014,07:44:52,0.00,2.00,82.09,934.46,252
2/1/2014 07:45:22,2/1/2014,07:45:22,0.00,1.92,82.09,934.47,27
2/1/2014 07:45:52,2/1/2014,07:45:52,0.00,2.12,81.59,934.45,262
2/1/2014 07:46:22,2/1/2014,07:46:22,0.00,2.00,82.00,934.46,259
2/1/2014 07:46:52,2/1/2014,07:46:52,0.00,2.00,82.19,934.47,220
2/1/2014 07:47:22,2/1/2014,07:47:22,0.00,2.02,82.00,934.47,204
2/1/2014 07:47:52,2/1/2014,07:47:52,0.00,1.92,82.00,934.49,3
2/1/2014 07:48:22,2/1/2014,07:48:22,0.00,1.92,82.09,934.48,201
2/1/2014 07:48:52,2/1/2014,07:48:52,0.00,1.92,82.19,934.47,201
2/1/2014 07:49:22,2/1/2014,07:49:22,0.00,1.92,81.90,934.48,258
2/1/2014 07:49:52,2/1/2014,07:49:52,0.00,2.02,82.30,934.48,198
2/1/2014 07:50:22,2/1/2014,07:50:22,0.00,1.92,82.00,934.45,1
2/1/2014 07:50:52,2/1/2014,07:50:52,0.00,1.82,82.09,934.45,197
2/1/2014 07:51:22,2/1/2014,07:51:22,0.00,1.92,82.09,934.45,303
2/1/2014 07:51:52,2/1/2014,07:51:52,0.00,1.82,82.19,934.46,26
2/1/2014 07:52:22,2/1/2014,07:52:22,0.00,1.92,82.09,934.43,202
2/1/2014 07:52:52,2/1/2014,07:52:52,0.00,1.92,82.00,934.41,167
2/1/2014 07:53:22,2/1/2014,07:53:22,0.00,1.87,82.09,934.43,44
2/1/2014 07:53:52,2/1/2014,07:53:52,0.00,1.87,82.30,934.44,215
2/1/2014 07:54:22,2/1/2014,07:54:22,0.00,1.82,82.09,934.44,82
2/1/2014 07:54:52,2/1/2014,07:54:52,0.00,1.82,82.19,934.44,73
2/1/2014 07:55:22,2/1/2014,07:55:22,0.00,1.79,82.19,934.43,116
2/1/2014 07:55:52,2/1/2014,07:55:52,0.54,2.02,82.00,934.38,303
2/1/2014 07:56:22,2/1/2014,07:56:22,0.06,2.02,81.69,934.43,200
2/1/2014 07:56:52,2/1/2014,07:56:52,0.94,2.20,81.40,934.41,282
2/1/2014 07:57:22,2/1/2014,07:57:22,0.00,2.07,81.59,934.49,205
2/1/2014 07:57:52,2/1/2014,07:57:52,0.00,2.02,81.50,934.52,310
2/1/2014 07:58:22,2/1/2014,07:58:22,0.00,2.07,81.59,934.53,258
2/1/2014 07:58:52,2/1/2014,07:58:52,0.00,2.00,81.80,934.55,195
2/1/2014 07:59:22,2/1/2014,07:59:22,0.00,1.95,82.00,934.56,212
2/1/2014 07:59:52,2/1/2014,07:59:52,0.00,1.92,82.00,934.57,354
2/1/2014 08:00:22,2/1/2014,08:00:22,0.00,1.92,82.19,934.59,184
2/1/2014 08:00:52,2/1/2014,08:00:52,0.00,1.87,82.09,934.58,15
2/1/2014 08:01:22,2/1/2014,08:01:22,0.00,1.82,82.09,934.57,113
2/1/2014 08:01:52,2/1/2014,08:01:52,0.00,1.87,82.19,934.55,12
2/1/2014 08:02:22,2/1/2014,08:02:22,0.52,2.07,81.90,934.53,52
2/1/2014 08:02:52,2/1/2014,08:02:52,0.00,2.00,81.50,934.59,80
2/1/2014 08:03:22,2/1/2014,08:03:22,0.00,1.92,81.69,934.62,250
2/1/2014 08:03:52,2/1/2014,08:03:52,0.84,2.12,81.80,934.58,173
2/1/2014 08:04:22,2/1/2014,08:04:22,0.29,2.07,81.19,934.61,320
2/1/2014 08:04:52,2/1/2014,08:04:52,0.00,2.00,81.50,934.67,39
2/1/2014 08:05:22,2/1/2014,08:05:22,0.00,2.00,81.80,934.71,91
2/1/2014 08:05:52,2/1/2014,08:05:52,0.00,2.02,81.69,934.76,91
2/1/2014 08:06:22,2/1/2014,08:06:22,0.00,2.00,81.59,934.76,210
2/1/2014 08:06:52,2/1/2014,08:06:52,0.00,2.00,81.59,934.79,215
2/1/2014 08:07:22,2/1/2014,08:07:22,0.00,2.00,81.59,934.82,176
2/1/2014 08:07:52,2/1/2014,08:07:52,0.00,2.07,81.69,934.88,215
2/1/2014 08:08:22,2/1/2014,08:08:22,0.55,2.15,81.09,934.84,256
2/1/2014 08:08:52,2/1/2014,08:08:52,0.40,2.15,81.50,934.89,212
2/1/2014 08:09:22,2/1/2014,08:09:22,0.00,2.15,80.90,934.88,293
2/1/2014 08:09:52,2/1/2014,08:09:52,0.98,2.32,81.40,934.84,244
2/1/2014 08:10:22,2/1/2014,08:10:22,0.08,2.15,81.50,934.89,197
2/1/2014 08:10:52,2/1/2014,08:10:52,0.13,2.22,80.80,934.89,31
2/1/2014 08:11:22,2/1/2014,08:11:22,0.33,2.22,80.69,934.90,160
2/1/2014 08:11:52,2/1/2014,08:11:52,0.00,2.15,81.30,934.93,217
2/1/2014 08:12:22,2/1/2014,08:12:22,0.09,2.20,81.19,934.93,166
2/1/2014 08:12:52,2/1/2014,08:12:52,0.00,2.15,81.19,934.94,335
2/1/2014 08:13:22,2/1/2014,08:13:22,0.84,2.32,80.69,934.91,253
2/1/2014 08:13:52,2/1/2014,08:13:52,0.00,2.20,81.09,934.94,180
2/1/2014 08:14:22,2/1/2014,08:14:22,0.00,2.27,80.69,934.94,325
2/1/2014 08:14:52,2/1/2014,08:14:52,0.00,2.32,80.80,934.98,218
2/1/2014 08:15:22,2/1/2014,08:15:22,0.61,2.34,80.40,934.95,200
2/1/2014 08:15:52,2/1/2014,08:15:52,0.90,2.42,80.19,934.91,118
2/1/2014 08:16:22,2/1/2014,08:16:22,1.22,2.50,80.59,934.88,242
2/1/2014 08:16:52,2/1/2014,08:16:52,1.90,2.62,79.69,934.86,260
2/1/2014 08:17:22,2/1/2014,08:17:22,1.49,2.62,80.90,934.91,289
2/1/2014 08:17:52,2/1/2014,08:17:52,0.77,2.54,79.40,934.88,353
2/1/2014 08:18:22,2/1/2014,08:18:22,0.11,2.47,79.80,934.91,122
2/1/2014 08:18:52,2/1/2014,08:18:52,0.93,2.54,80.50,934.92,205
2/1/2014 08:19:22,2/1/2014,08:19:22,0.00,2.47,80.00,934.99,295
2/1/2014 08:19:52,2/1/2014,08:19:52,0.18,2.47,80.30,935.00,266
2/1/2014 08:20:22,2/1/2014,08:20:22,0.00,2.47,80.50,935.02,266
2/1/2014 08:20:52,2/1/2014,08:20:52,0.00,2.42,80.69,935.04,323
2/1/2014 08:21:22,2/1/2014,08:21:22,1.13,2.54,80.09,934.94,193
2/1/2014 08:21:52,2/1/2014,08:21:52,0.00,2.47,80.50,935.02,17
2/1/2014 08:22:22,2/1/2014,08:22:22,0.00,2.47,80.40,935.06,165
2/1/2014 08:22:52,2/1/2014,08:22:52,0.00,2.40,80.59,935.08,10
2/1/2014 08:23:22,2/1/2014,08:23:22,0.00,2.40,81.30,935.09,270
2/1/2014 08:23:52,2/1/2014,08:23:52,0.62,2.47,81.09,935.04,190
2/1/2014 08:24:22,2/1/2014,08:24:22,1.13,2.50,80.30,935.00,254
2/1/2014 08:24:52,2/1/2014,08:24:52,0.19,2.54,80.59,935.02,274
2/1/2014 08:25:22,2/1/2014,08:25:22,0.00,2.47,81.00,935.03,250
2/1/2014 08:25:52,2/1/2014,08:25:52,0.00,2.42,81.09,935.09,339
2/1/2014 08:26:22,2/1/2014,08:26:22,0.80,2.50,80.50,935.03,324
2/1/2014 08:26:52,2/1/2014,08:26:52,0.00,2.47,80.69,935.09,340
2/1/2014 08:27:22,2/1/2014,08:27:22,0.00,2.42,81.09,935.09,27
2/1/2014 08:27:52,2/1/2014,08:27:52,0.00,2.47,80.50,935.12,358
2/1/2014 08:28:22,2/1/2014,08:28:22,0.55,2.54,80.50,935.10,207
2/1/2014 08:28:52,2/1/2014,08:28:52,0.33,2.54,80.00,935.10,192
2/1/2014 08:29:22,2/1/2014,08:29:22,0.00,2.54,80.09,935.16,106
2/1/2014 08:29:52,2/1/2014,08:29:52,0.00,2.54,80.69,935.19,184
2/1/2014 08:30:22,2/1/2014,08:30:22,0.66,2.62,80.69,935.12,196
2/1/2014 08:30:52,2/1/2014,08:30:52,0.51,2.70,79.90,935.12,43
2/1/2014 08:31:22,2/1/2014,08:31:22,0.15,2.70,80.00,935.18,249
2/1/2014 08:31:52,2/1/2014,08:31:52,0.00,2.62,80.19,935.18,347
2/1/2014 08:32:22,2/1/2014,08:32:22,1.23,2.79,79.40,935.09,191
2/1/2014 08:32:52,2/1/2014,08:32:52,0.52,2.70,79.69,935.11,228
2/1/2014 08:33:22,2/1/2014,08:33:22,0.77,2.70,79.90,935.09,244
2/1/2014 08:33:52,2/1/2014,08:33:52,0.13,2.67,80.30,935.12,200
2/1/2014 08:34:22,2/1/2014,08:34:22,1.70,2.79,80.19,935.07,208
2/1/2014 08:34:52,2/1/2014,08:34:52,0.16,2.70,79.90,935.09,206
2/1/2014 08:35:22,2/1/2014,08:35:22,0.00,2.62,80.19,935.16,293
2/1/2014 08:35:52,2/1/2014,08:35:52,0.90,2.79,79.69,935.08,3
2/1/2014 08:36:22,2/1/2014,08:36:22,0.15,2.75,80.19,935.13,185
2/1/2014 08:36:52,2/1/2014,08:36:52,0.00,2.70,80.19,935.16,201
2/1/2014 08:37:22,2/1/2014,08:37:22,0.00,2.62,80.40,935.17,153
2/1/2014 08:37:52,2/1/2014,08:37:52,0.00,2.62,81.00,935.18,267
2/1/2014 08:38:22,2/1/2014,08:38:22,0.97,2.70,81.00,935.12,188
2/1/2014 08:38:52,2/1/2014,08:38:52,0.26,2.67,80.59,935.16,176
2/1/2014 08:39:22,2/1/2014,08:39:22,0.00,2.62,80.69,935.17,304
2/1/2014 08:39:52,2/1/2014,08:39:52,0.40,2.70,80.59,935.17,182
2/1/2014 08:40:22,2/1/2014,08:40:22,0.00,2.67,80.40,935.20,295
2/1/2014 08:40:52,2/1/2014,08:40:52,0.00,2.59,80.69,935.18,175
2/1/2014 08:41:22,2/1/2014,08:41:22,0.00,2.62,81.00,935.17,192
2/1/2014 08:41:52,2/1/2014,08:41:52,0.00,2.62,80.69,935.17,166
2/1/2014 08:42:22,2/1/2014,08:42:22,0.00,2.67,80.80,935.16,267
2/1/2014 08:42:52,2/1/2014,08:42:52,0.00,2.62,81.59,935.19,183
2/1/2014 08:43:22,2/1/2014,08:43:22,0.34,2.70,80.19,935.11,258
2/1/2014 08:43:52,2/1/2014,08:43:52,0.00,2.62,81.19,935.16,163
2/1/2014 08:44:22,2/1/2014,08:44:22,0.16,2.75,80.40,935.12,177
2/1/2014 08:44:52,2/1/2014,08:44:52,0.09,2.70,80.80,935.12,334
2/1/2014 08:45:22,2/1/2014,08:45:22,0.77,2.82,80.30,935.13,244
2/1/2014 08:45:52,2/1/2014,08:45:52,0.00,2.70,80.90,935.17,152
2/1/2014 08:46:22,2/1/2014,08:46:22,0.40,2.79,80.59,935.16,269
2/1/2014 08:46:52,2/1/2014,08:46:52,1.01,2.82,80.09,935.10,238
2/1/2014 08:47:22,2/1/2014,08:47:22,0.54,2.79,80.59,935.15,194
2/1/2014 08:47:52,2/1/2014,08:47:52,0.00,2.75,80.59,935.16,66
2/1/2014 08:48:22,2/1/2014,08:48:22,0.72,2.95,80.59,935.15,155
2/1/2014 08:48:52,2/1/2014,08:48:52,0.00,2.87,80.40,935.13,333
2/1/2014 08:49:22,2/1/2014,08:49:22,0.00,2.87,80.59,935.15,231
2/1/2014 08:49:52,2/1/2014,08:49:52,0.54,2.87,80.50,935.11,2
2/1/2014 08:50:22,2/1/2014,08:50:22,0.97,2.95,80.50,935.11,266
2/1/2014 08:50:52,2/1/2014,08:50:52,1.15,2.97,80.30,935.12,177
2/1/2014 08:51:22,2/1/2014,08:51:22,0.00,2.90,80.69,935.12,331
2/1/2014 08:51:52,2/1/2014,08:51:52,0.86,2.97,80.40,935.11,236
2/1/2014 08:52:22,2/1/2014,08:52:22,1.15,3.09,79.69,935.10,208
2/1/2014 08:52:52,2/1/2014,08:52:52,0.38,3.09,79.90,935.11,170
2/1/2014 08:53:22,2/1/2014,08:53:22,0.00,3.02,80.00,935.19,238
2/1/2014 08:53:52,2/1/2014,08:53:52,0.00,3.02,80.40,935.21,17
2/1/2014 08:54:22,2/1/2014,08:54:22,0.00,3.02,80.40,935.21,155
2/1/2014 08:54:52,2/1/2014,08:54:52,0.70,3.15,79.69,935.17,211
2/1/2014 08:55:22,2/1/2014,08:55:22,0.00,3.09,80.19,935.22,264
2/1/2014 08:55:52,2/1/2014,08:55:52,0.00,3.27,81.09,935.21,188
2/1/2014 08:56:22,2/1/2014,08:56:22,2.19,3.57,79.00,935.10,184
2/1/2014 08:56:52,2/1/2014,08:56:52,0.00,3.90,78.80,935.16,220
2/1/2014 08:57:22,2/1/2014,08:57:22,0.00,4.09,78.59,935.15,7
2/1/2014 08:57:52,2/1/2014,08:57:52,0.00,4.30,77.59,935.13,146
2/1/2014 08:58:22,2/1/2014,08:58:22,0.00,4.52,77.59,935.09,193
2/1/2014 08:58:52,2/1/2014,08:58:52,0.00,4.59,77.50,935.08,248
2/1/2014 08:59:22,2/1/2014,08:59:22,0.40,4.52,76.80,935.06,237
2/1/2014 08:59:52,2/1/2014,08:59:52,1.49,4.44,76.50,935.03,258
2/1/2014 09:00:22,2/1/2014,09:00:22,0.19,4.50,76.59,935.06,317
2/1/2014 09:00:52,2/1/2014,09:00:52,0.26,4.42,76.69,935.12,281
2/1/2014 09:01:22,2/1/2014,09:01:22,0.00,4.32,77.69,935.15,178
2/1/2014 09:01:52,2/1/2014,09:01:52,0.47,4.25,77.69,935.10,187
2/1/2014 09:02:22,2/1/2014,09:02:22,0.13,4.22,78.00,935.10,257
2/1/2014 09:02:52,2/1/2014,09:02:52,0.00,4.12,78.30,935.17,81
2/1/2014 09:03:22,2/1/2014,09:03:22,0.00,4.12,78.80,935.18,259
2/1/2014 09:03:52,2/1/2014,09:03:52,0.34,4.12,78.90,935.16,188
2/1/2014 09:04:22,2/1/2014,09:04:22,0.52,4.12,78.40,935.15,210
2/1/2014 09:04:52,2/1/2014,09:04:52,0.00,4.22,78.69,935.17,288
2/1/2014 09:05:22,2/1/2014,09:05:22,0.00,4.22,78.50,935.16,210
2/1/2014 09:05:52,2/1/2014,09:05:52,0.00,4.22,78.40,935.18,221
2/1/2014 09:06:22,2/1/2014,09:06:22,0.72,4.22,78.30,935.15,31
2/1/2014 09:06:52,2/1/2014,09:06:52,1.56,4.12,78.19,935.13,208
2/1/2014 09:07:22,2/1/2014,09:07:22,0.00,4.22,78.90,935.19,334
2/1/2014 09:07:52,2/1/2014,09:07:52,0.00,4.22,78.30,935.18,153
2/1/2014 09:08:22,2/1/2014,09:08:22,0.00,4.32,78.40,935.16,152
2/1/2014 09:08:52,2/1/2014,09:08:52,0.00,4.37,78.69,935.17,98
2/1/2014 09:09:22,2/1/2014,09:09:22,0.15,4.30,78.80,935.18,137
2/1/2014 09:09:52,2/1/2014,09:09:52,0.00,4.32,79.00,935.19,200
2/1/2014 09:10:22,2/1/2014,09:10:22,0.63,4.30,77.80,935.18,266
2/1/2014 09:10:52,2/1/2014,09:10:52,0.00,4.37,78.90,935.24,282
2/1/2014 09:11:22,2/1/2014,09:11:22,0.00,4.37,78.80,935.25,65
2/1/2014 09:11:52,2/1/2014,09:11:52,0.00,4.52,79.00,935.24,187
2/1/2014 09:12:22,2/1/2014,09:12:22,0.22,4.52,77.69,935.21,17
2/1/2014 09:12:52,2/1/2014,09:12:52,0.00,4.69,77.50,935.22,185
2/1/2014 09:13:22,2/1/2014,09:13:22,0.00,4.92,77.09,935.21,131
2/1/2014 09:13:52,2/1/2014,09:13:52,0.48,5.07,76.90,935.13,311
2/1/2014 09:14:22,2/1/2014,09:14:22,0.00,5.17,76.59,935.19,206
2/1/2014 09:14:52,2/1/2014,09:14:52,1.19,5.32,76.09,935.12,226
2/1/2014 09:15:22,2/1/2014,09:15:22,0.00,5.47,75.19,935.13,209
2/1/2014 09:15:52,2/1/2014,09:15:52,0.61,5.80,75.00,935.09,203
2/1/2014 09:16:22,2/1/2014,09:16:22,0.19,5.94,75.00,935.07,286
2/1/2014 09:16:52,2/1/2014,09:16:52,0.00,6.67,73.59,935.06,330
2/1/2014 09:17:22,2/1/2014,09:17:22,1.33,6.32,72.19,934.95,228
2/1/2014 09:17:52,2/1/2014,09:17:52,1.41,6.42,71.50,934.99,188
2/1/2014 09:18:22,2/1/2014,09:18:22,0.30,7.00,72.09,935.03,143
2/1/2014 09:18:52,2/1/2014,09:18:52,3.55,6.55,70.69,934.94,194
2/1/2014 09:19:22,2/1/2014,09:19:22,0.15,7.47,71.59,935.01,329
2/1/2014 09:19:52,2/1/2014,09:19:52,0.73,7.47,69.69,935.06,228
2/1/2014 09:20:22,2/1/2014,09:20:22,0.59,7.62,70.40,935.03,305
2/1/2014 09:20:52,2/1/2014,09:20:52,0.95,7.55,70.00,935.02,195
2/1/2014 09:21:22,2/1/2014,09:21:22,0.36,7.97,69.40,935.07,137
2/1/2014 09:21:52,2/1/2014,09:21:52,0.00,8.39,68.19,935.09,68
2/1/2014 09:22:22,2/1/2014,09:22:22,0.00,8.64,67.59,935.07,101
2/1/2014 09:22:52,2/1/2014,09:22:52,1.37,8.17,66.19,935.00,188
2/1/2014 09:23:22,2/1/2014,09:23:22,0.00,8.80,67.59,935.03,202
2/1/2014 09:23:52,2/1/2014,09:23:52,0.45,8.72,66.00,935.01,228
2/1/2014 09:24:22,2/1/2014,09:24:22,0.00,8.97,66.09,935.03,354
2/1/2014 09:24:52,2/1/2014,09:24:52,0.00,8.97,65.80,935.02,200
2/1/2014 09:25:22,2/1/2014,09:25:22,0.34,8.87,65.59,935.02,167
2/1/2014 09:25:52,2/1/2014,09:25:52,0.00,9.05,65.00,935.03,187
2/1/2014 09:26:22,2/1/2014,09:26:22,0.26,9.00,65.90,935.03,302
2/1/2014 09:26:52,2/1/2014,09:26:52,0.00,9.52,65.00,935.00,197
2/1/2014 09:27:22,2/1/2014,09:27:22,0.36,9.19,66.19,935.00,228
2/1/2014 09:27:52,2/1/2014,09:27:52,0.00,9.47,65.09,935.01,236
2/1/2014 09:28:22,2/1/2014,09:28:22,0.00,9.44,64.50,935.03,198
2/1/2014 09:28:52,2/1/2014,09:28:52,0.74,8.97,64.09,935.02,205
2/1/2014 09:29:22,2/1/2014,09:29:22,0.93,9.00,66.09,935.02,349
2/1/2014 09:29:52,2/1/2014,09:29:52,0.00,8.97,64.90,935.03,212
2/1/2014 09:30:22,2/1/2014,09:30:22,0.00,9.05,65.19,935.06,180
2/1/2014 09:30:52,2/1/2014,09:30:52,0.00,9.35,65.19,935.07,197
2/1/2014 09:31:22,2/1/2014,09:31:22,0.34,9.35,64.40,935.04,188
2/1/2014 09:31:52,2/1/2014,09:31:52,1.90,8.80,63.59,934.97,269
2/1/2014 09:32:22,2/1/2014,09:32:22,0.19,9.55,64.50,935.02,184
2/1/2014 09:32:52,2/1/2014,09:32:52,0.73,9.27,63.79,934.98,204
2/1/2014 09:33:22,2/1/2014,09:33:22,0.58,9.39,66.00,935.02,49
2/1/2014 09:33:52,2/1/2014,09:33:52,1.06,9.07,63.90,935.03,182
2/1/2014 09:34:22,2/1/2014,09:34:22,0.00,9.72,64.59,935.06,174
2/1/2014 09:34:52,2/1/2014,09:34:52,2.84,8.57,63.00,934.99,301
2/1/2014 09:35:22,2/1/2014,09:35:22,0.51,9.19,65.59,935.01,239
2/1/2014 09:35:52,2/1/2014,09:35:52,0.38,9.44,63.79,934.98,350
2/1/2014 09:36:22,2/1/2014,09:36:22,0.16,9.52,64.80,935.00,1
2/1/2014 09:36:52,2/1/2014,09:36:52,0.38,9.27,64.69,934.98,186
2/1/2014 09:37:22,2/1/2014,09:37:22,0.99,8.87,64.90,934.97,277
2/1/2014 09:37:52,2/1/2014,09:37:52,0.44,9.19,65.00,934.98,321
2/1/2014 09:38:22,2/1/2014,09:38:22,0.00,9.75,64.59,935.03,38
2/1/2014 09:38:52,2/1/2014,09:38:52,0.20,9.39,63.90,935.02,228
2/1/2014 09:39:22,2/1/2014,09:39:22,0.33,9.67,63.29,934.98,171
2/1/2014 09:39:52,2/1/2014,09:39:52,0.87,9.32,62.79,934.94,180
2/1/2014 09:40:22,2/1/2014,09:40:22,1.09,9.35,65.09,934.93,301
2/1/2014 09:40:52,2/1/2014,09:40:52,1.58,8.97,63.40,934.98,214
2/1/2014 09:41:22,2/1/2014,09:41:22,0.84,9.39,64.90,935.01,300
2/1/2014 09:41:52,2/1/2014,09:41:52,0.33,9.67,64.80,935.07,153
2/1/2014 09:42:22,2/1/2014,09:42:22,0.00,9.60,62.59,935.12,224
2/1/2014 09:42:52,2/1/2014,09:42:52,0.90,9.35,63.40,935.07,354
2/1/2014 09:43:22,2/1/2014,09:43:22,0.00,9.92,63.20,935.11,180
2/1/2014 09:43:52,2/1/2014,09:43:52,0.00,10.10,62.00,935.12,265
2/1/2014 09:44:22,2/1/2014,09:44:22,0.00,10.00,61.70,935.12,9
2/1/2014 09:44:52,2/1/2014,09:44:52,0.16,10.00,61.40,935.12,267
2/1/2014 09:45:22,2/1/2014,09:45:22,1.06,9.35,61.70,935.15,218
2/1/2014 09:45:52,2/1/2014,09:45:52,0.87,9.35,63.09,935.18,268
2/1/2014 09:46:22,2/1/2014,09:46:22,0.72,9.39,61.50,935.12,205
2/1/2014 09:46:52,2/1/2014,09:46:52,0.74,9.72,63.70,935.13,277
2/1/2014 09:47:22,2/1/2014,09:47:22,0.86,9.55,62.70,935.13,14
2/1/2014 09:47:52,2/1/2014,09:47:52,1.98,9.32,61.79,935.12,213
2/1/2014 09:48:22,2/1/2014,09:48:22,1.55,9.17,63.09,935.12,237
2/1/2014 09:48:52,2/1/2014,09:48:52,1.18,9.19,62.70,935.19,247
2/1/2014 09:49:22,2/1/2014,09:49:22,0.00,9.80,61.29,935.19,208
2/1/2014 09:49:52,2/1/2014,09:49:52,0.20,9.82,61.00,935.15,292
2/1/2014 09:50:22,2/1/2014,09:50:22,0.31,9.75,60.79,935.15,48
2/1/2014 09:50:52,2/1/2014,09:50:52,0.22,9.72,62.00,935.16,185
2/1/2014 09:51:22,2/1/2014,09:51:22,2.20,9.00,61.70,935.15,220
2/1/2014 09:51:52,2/1/2014,09:51:52,0.43,9.67,62.59,935.13,238
2/1/2014 09:52:22,2/1/2014,09:52:22,0.48,9.72,62.00,935.12,113
2/1/2014 09:52:52,2/1/2014,09:52:52,1.08,9.52,61.29,935.09,255
2/1/2014 09:53:22,2/1/2014,09:53:22,1.12,9.44,61.29,935.10,208
2/1/2014 09:53:52,2/1/2014,09:53:52,0.81,9.47,61.79,935.15,265
2/1/2014 09:54:22,2/1/2014,09:54:22,0.83,9.60,62.09,935.12,246
2/1/2014 09:54:52,2/1/2014,09:54:52,0.44,9.80,61.79,935.10,334
2/1/2014 09:55:22,2/1/2014,09:55:22,0.47,9.67,60.79,935.12,163
2/1/2014 09:55:52,2/1/2014,09:55:52,0.06,10.30,60.70,935.10,225
2/1/2014 09:56:22,2/1/2014,09:56:22,0.20,10.27,61.50,935.10,232
2/1/2014 09:56:52,2/1/2014,09:56:52,0.00,10.77,61.40,935.15,307
2/1/2014 09:57:22,2/1/2014,09:57:22,0.00,10.50,61.59,935.18,230
2/1/2014 09:57:52,2/1/2014,09:57:52,1.02,10.10,60.29,935.11,243
2/1/2014 09:58:22,2/1/2014,09:58:22,0.84,10.22,60.09,935.16,92
2/1/2014 09:58:52,2/1/2014,09:58:52,0.29,10.67,59.70,935.15,147
2/1/2014 09:59:22,2/1/2014,09:59:22,0.63,10.47,60.00,935.07,267
2/1/2014 09:59:52,2/1/2014,09:59:52,2.11,9.60,60.09,935.13,187
2/1/2014 10:00:22,2/1/2014,10:00:22,1.73,9.82,60.50,935.09,218
2/1/2014 10:00:52,2/1/2014,10:00:52,1.62,9.75,63.00,935.09,154
2/1/2014 10:01:22,2/1/2014,10:01:22,0.19,10.22,62.09,935.19,28
2/1/2014 10:01:52,2/1/2014,10:01:52,1.33,9.67,61.09,935.13,222
2/1/2014 10:02:22,2/1/2014,10:02:22,0.38,10.14,60.59,935.19,209
2/1/2014 10:02:52,2/1/2014,10:02:52,0.54,10.39,60.90,935.17,271
2/1/2014 10:03:22,2/1/2014,10:03:22,0.30,10.69,60.40,935.13,230
2/1/2014 10:03:52,2/1/2014,10:03:52,3.08,9.52,60.09,935.03,208
2/1/2014 10:04:22,2/1/2014,10:04:22,0.00,10.47,60.29,935.17,319
2/1/2014 10:04:52,2/1/2014,10:04:52,0.55,10.42,60.20,935.18,176
2/1/2014 10:05:22,2/1/2014,10:05:22,0.00,11.02,59.59,935.16,17
2/1/2014 10:05:52,2/1/2014,10:05:52,0.24,10.69,59.90,935.12,268
2/1/2014 10:06:22,2/1/2014,10:06:22,1.72,10.07,59.00,935.11,157
2/1/2014 10:06:52,2/1/2014,10:06:52,0.00,10.94,59.09,935.16,145
2/1/2014 10:07:22,2/1/2014,10:07:22,0.00,11.17,59.09,935.16,57
2/1/2014 10:07:52,2/1/2014,10:07:52,1.15,10.35,60.70,935.15,357
2/1/2014 10:08:22,2/1/2014,10:08:22,0.54,10.55,60.20,935.19,86
2/1/2014 10:08:52,2/1/2014,10:08:52,0.37,10.69,58.70,935.18,39
2/1/2014 10:09:22,2/1/2014,10:09:22,2.08,9.82,61.29,935.12,267
2/1/2014 10:09:52,2/1/2014,10:09:52,0.47,10.47,61.79,935.22,181
2/1/2014 10:10:22,2/1/2014,10:10:22,0.38,10.55,59.09,935.18,216
2/1/2014 10:10:52,2/1/2014,10:10:52,0.86,10.30,61.09,935.12,342
2/1/2014 10:11:22,2/1/2014,10:11:22,0.88,10.27,60.29,935.12,211
2/1/2014 10:11:52,2/1/2014,10:11:52,0.38,10.62,59.70,935.16,87
2/1/2014 10:12:22,2/1/2014,10:12:22,0.86,10.67,59.20,935.19,143
2/1/2014 10:12:52,2/1/2014,10:12:52,2.67,9.75,60.29,935.09,271
2/1/2014 10:13:22,2/1/2014,10:13:22,0.29,10.39,59.70,935.19,330
2/1/2014 10:13:52,2/1/2014,10:13:52,0.93,10.14,59.00,935.25,203
2/1/2014 10:14:22,2/1/2014,10:14:22,2.15,9.92,60.09,935.21,166
2/1/2014 10:14:52,2/1/2014,10:14:52,0.00,10.62,60.50,935.21,178
2/1/2014 10:15:22,2/1/2014,10:15:22,1.08,10.14,58.90,935.21,266
2/1/2014 10:15:52,2/1/2014,10:15:52,0.54,10.39,60.40,935.24,244
2/1/2014 10:16:22,2/1/2014,10:16:22,0.34,10.75,59.59,935.19,178
2/1/2014 10:16:52,2/1/2014,10:16:52,0.33,10.89,57.29,935.18,310
2/1/2014 10:17:22,2/1/2014,10:17:22,0.00,11.10,59.50,935.20,145
2/1/2014 10:17:52,2/1/2014,10:17:52,0.00,11.64,58.29,935.19,269
2/1/2014 10:18:22,2/1/2014,10:18:22,0.16,11.32,58.79,935.15,85
2/1/2014 10:18:52,2/1/2014,10:18:52,3.33,9.87,57.90,935.10,196
2/1/2014 10:19:22,2/1/2014,10:19:22,1.02,10.62,59.00,935.16,247
2/1/2014 10:19:52,2/1/2014,10:19:52,1.04,10.69,60.20,935.19,193
2/1/2014 10:20:22,2/1/2014,10:20:22,1.27,10.42,59.79,935.18,130
2/1/2014 10:20:52,2/1/2014,10:20:52,1.33,10.39,59.59,935.10,252
2/1/2014 10:21:22,2/1/2014,10:21:22,0.62,10.69,58.70,935.17,173
2/1/2014 10:21:52,2/1/2014,10:21:52,0.34,10.77,58.29,935.18,210
2/1/2014 10:22:22,2/1/2014,10:22:22,1.91,10.35,57.59,935.13,277
2/1/2014 10:22:52,2/1/2014,10:22:52,1.09,10.57,60.29,935.12,11
2/1/2014 10:23:22,2/1/2014,10:23:22,0.52,10.50,60.79,935.18,268
2/1/2014 10:23:52,2/1/2014,10:23:52,1.27,10.39,58.90,935.16,327
2/1/2014 10:24:22,2/1/2014,10:24:22,1.31,10.22,60.50,935.18,238
2/1/2014 10:24:52,2/1/2014,10:24:52,1.02,10.47,59.70,935.13,149
2/1/2014 10:25:22,2/1/2014,10:25:22,1.36,10.35,58.59,935.11,266
2/1/2014 10:25:52,2/1/2014,10:25:52,0.79,10.50,60.29,935.18,80
2/1/2014 10:26:22,2/1/2014,10:26:22,1.11,10.42,59.50,935.19,232
2/1/2014 10:26:52,2/1/2014,10:26:52,2.95,9.75,60.09,935.13,1
2/1/2014 10:27:22,2/1/2014,10:27:22,1.15,10.27,61.09,935.19,188
2/1/2014 10:27:52,2/1/2014,10:27:52,1.23,10.19,59.50,935.21,217
2/1/2014 10:28:22,2/1/2014,10:28:22,0.00,11.10,59.29,935.19,168
2/1/2014 10:28:52,2/1/2014,10:28:52,0.00,11.25,58.90,935.16,344
2/1/2014 10:29:22,2/1/2014,10:29:22,0.00,11.50,58.00,935.17,142
2/1/2014 10:29:52,2/1/2014,10:29:52,0.56,11.10,57.59,935.15,222
2/1/2014 10:30:22,2/1/2014,10:30:22,1.02,10.94,59.00,935.11,140
2/1/2014 10:30:52,2/1/2014,10:30:52,0.84,10.77,59.09,935.20,12
2/1/2014 10:31:22,2/1/2014,10:31:22,0.70,10.87,59.00,935.16,257
2/1/2014 10:31:52,2/1/2014,10:31:52,1.33,10.62,58.79,935.16,176
2/1/2014 10:32:22,2/1/2014,10:32:22,0.55,11.02,58.40,935.17,137
2/1/2014 10:32:52,2/1/2014,10:32:52,0.00,11.44,58.59,935.16,306
2/1/2014 10:33:22,2/1/2014,10:33:22,0.00,11.64,57.59,935.17,216
2/1/2014 10:33:52,2/1/2014,10:33:52,0.69,11.32,57.70,935.11,250
2/1/2014 10:34:22,2/1/2014,10:34:22,0.00,11.72,56.90,935.10,252
2/1/2014 10:34:52,2/1/2014,10:34:52,1.45,10.94,56.70,935.07,199
2/1/2014 10:35:22,2/1/2014,10:35:22,1.06,11.32,58.00,935.06,58
2/1/2014 10:35:52,2/1/2014,10:35:52,1.33,11.14,57.00,935.03,221
2/1/2014 10:36:22,2/1/2014,10:36:22,0.70,11.42,57.20,935.04,177
2/1/2014 10:36:52,2/1/2014,10:36:52,2.23,10.39,58.70,935.03,232
2/1/2014 10:37:22,2/1/2014,10:37:22,0.58,11.42,57.70,935.08,146
2/1/2014 10:37:52,2/1/2014,10:37:52,1.45,10.69,58.09,935.08,218
2/1/2014 10:38:22,2/1/2014,10:38:22,1.05,11.02,58.70,935.07,227
2/1/2014 10:38:52,2/1/2014,10:38:52,0.00,11.69,57.50,935.10,214
2/1/2014 10:39:22,2/1/2014,10:39:22,0.98,11.32,57.40,935.02,180
2/1/2014 10:39:52,2/1/2014,10:39:52,0.93,11.25,56.50,935.08,265
2/1/2014 10:40:22,2/1/2014,10:40:22,2.08,10.47,58.70,935.09,185
2/1/2014 10:40:52,2/1/2014,10:40:52,3.42,10.00,61.00,935.09,215
2/1/2014 10:41:22,2/1/2014,10:41:22,0.68,10.82,60.40,935.19,230
2/1/2014 10:41:52,2/1/2014,10:41:52,1.68,10.55,59.09,935.17,208
2/1/2014 10:42:22,2/1/2014,10:42:22,0.41,11.32,59.00,935.20,138
2/1/2014 10:42:52,2/1/2014,10:42:52,0.00,11.62,57.50,935.24,333
2/1/2014 10:43:22,2/1/2014,10:43:22,2.19,10.82,57.79,935.21,316
2/1/2014 10:43:52,2/1/2014,10:43:52,1.37,10.77,60.90,935.27,66
2/1/2014 10:44:22,2/1/2014,10:44:22,0.00,11.50,59.40,935.28,7
2/1/2014 10:44:52,2/1/2014,10:44:52,0.59,11.32,58.59,935.33,243
2/1/2014 10:45:22,2/1/2014,10:45:22,0.49,11.44,58.20,935.33,172
2/1/2014 10:45:52,2/1/2014,10:45:52,0.74,11.57,58.59,935.31,312
2/1/2014 10:46:22,2/1/2014,10:46:22,1.08,11.32,57.59,935.28,236
2/1/2014 10:46:52,2/1/2014,10:46:52,1.97,10.82,58.20,935.29,188
2/1/2014 10:47:22,2/1/2014,10:47:22,0.54,11.52,60.59,935.29,139
2/1/2014 10:47:52,2/1/2014,10:47:52,0.48,11.64,57.79,935.28,108
2/1/2014 10:48:22,2/1/2014,10:48:22,0.58,11.80,57.59,935.26,150
2/1/2014 10:48:52,2/1/2014,10:48:52,0.06,11.92,57.90,935.25,32
2/1/2014 10:49:22,2/1/2014,10:49:22,0.36,11.64,58.50,935.27,150
2/1/2014 10:49:52,2/1/2014,10:49:52,0.15,12.05,58.79,935.25,174
2/1/2014 10:50:22,2/1/2014,10:50:22,0.33,11.97,57.70,935.24,205
2/1/2014 10:50:52,2/1/2014,10:50:52,1.58,11.50,57.29,935.24,172
2/1/2014 10:51:22,2/1/2014,10:51:22,1.73,11.25,60.00,935.19,240
2/1/2014 10:51:52,2/1/2014,10:51:52,0.00,11.80,59.79,935.26,237
2/1/2014 10:52:22,2/1/2014,10:52:22,0.05,11.42,59.79,935.33,212
2/1/2014 10:52:52,2/1/2014,10:52:52,0.37,10.87,59.70,935.33,214
2/1/2014 10:53:22,2/1/2014,10:53:22,1.74,10.00,63.70,935.35,173
2/1/2014 10:53:52,2/1/2014,10:53:52,1.33,9.60,63.90,935.37,220
2/1/2014 10:54:22,2/1/2014,10:54:22,1.02,9.32,65.30,935.40,0
2/1/2014 10:54:52,2/1/2014,10:54:52,1.79,9.17,67.00,935.47,89
2/1/2014 10:55:22,2/1/2014,10:55:22,0.00,9.64,64.90,935.54,171
2/1/2014 10:55:52,2/1/2014,10:55:52,1.06,9.25,65.19,935.49,319
2/1/2014 10:56:22,2/1/2014,10:56:22,2.73,8.60,67.19,935.48,185
2/1/2014 10:56:52,2/1/2014,10:56:52,0.19,9.35,67.80,935.55,124
2/1/2014 10:57:22,2/1/2014,10:57:22,1.84,9.00,66.30,935.53,212
2/1/2014 10:57:52,2/1/2014,10:57:52,0.40,9.44,67.30,935.53,271
2/1/2014 10:58:22,2/1/2014,10:58:22,2.30,9.17,66.19,935.52,59
2/1/2014 10:58:52,2/1/2014,10:58:52,1.45,9.19,66.09,935.54,240
2/1/2014 10:59:22,2/1/2014,10:59:22,0.54,9.35,67.00,935.56,340
2/1/2014 10:59:52,2/1/2014,10:59:52,0.09,9.44,66.30,935.57,323
2/1/2014 11:00:22,2/1/2014,11:00:22,0.00,9.60,66.40,935.57,210
2/1/2014 11:00:52,2/1/2014,11:00:52,0.77,9.44,66.30,935.52,186
2/1/2014 11:01:22,2/1/2014,11:01:22,1.62,9.05,67.00,935.48,190
2/1/2014 11:01:52,2/1/2014,11:01:52,0.29,9.44,67.50,935.55,108
2/1/2014 11:02:22,2/1/2014,11:02:22,0.00,9.80,66.69,935.54,298
2/1/2014 11:02:52,2/1/2014,11:02:52,0.19,9.87,67.59,935.46,146
2/1/2014 11:03:22,2/1/2014,11:03:22,0.40,10.10,64.90,935.44,192
2/1/2014 11:03:52,2/1/2014,11:03:52,0.56,10.57,65.30,935.37,58
2/1/2014 11:04:22,2/1/2014,11:04:22,2.09,10.10,63.59,935.31,233
2/1/2014 11:04:52,2/1/2014,11:04:52,1.24,10.35,66.40,935.27,18
2/1/2014 11:05:22,2/1/2014,11:05:22,1.69,10.22,63.09,935.31,229
2/1/2014 11:05:52,2/1/2014,11:05:52,1.59,10.39,63.20,935.28,201
2/1/2014 11:06:22,2/1/2014,11:06:22,1.08,10.62,61.50,935.31,5
2/1/2014 11:06:52,2/1/2014,11:06:52,5.42,9.60,62.90,935.27,172
2/1/2014 11:07:22,2/1/2014,11:07:22,0.69,10.69,63.79,935.31,31
2/1/2014 11:07:52,2/1/2014,11:07:52,1.19,10.77,62.70,935.27,180
2/1/2014 11:08:22,2/1/2014,11:08:22,0.34,11.42,62.79,935.22,160
2/1/2014 11:08:52,2/1/2014,11:08:52,0.06,11.80,60.90,935.24,261
2/1/2014 11:09:22,2/1/2014,11:09:22,1.08,11.44,61.50,935.24,27
2/1/2014 11:09:52,2/1/2014,11:09:52,0.29,11.57,59.00,935.27,119
2/1/2014 11:10:22,2/1/2014,11:10:22,0.66,11.57,59.90,935.21,235
2/1/2014 11:10:52,2/1/2014,11:10:52,0.00,11.97,59.50,935.28,353
2/1/2014 11:11:22,2/1/2014,11:11:22,0.47,11.80,57.50,935.27,206
2/1/2014 11:11:52,2/1/2014,11:11:52,0.30,12.05,58.40,935.20,206
2/1/2014 11:12:22,2/1/2014,11:12:22,1.74,11.62,58.20,935.16,230
2/1/2014 11:12:52,2/1/2014,11:12:52,0.86,11.89,58.20,935.16,130
2/1/2014 11:13:22,2/1/2014,11:13:22,0.36,12.32,56.79,935.19,154
2/1/2014 11:13:52,2/1/2014,11:13:52,0.87,12.17,55.59,935.19,181
2/1/2014 11:14:22,2/1/2014,11:14:22,1.58,11.69,59.09,935.16,249
2/1/2014 11:14:52,2/1/2014,11:14:52,0.00,12.75,57.70,935.21,14
2/1/2014 11:15:22,2/1/2014,11:15:22,1.69,12.17,56.70,935.12,219
2/1/2014 11:15:52,2/1/2014,11:15:52,2.41,11.89,54.70,935.07,217
2/1/2014 11:16:22,2/1/2014,11:16:22,0.18,12.64,55.50,935.12,139
2/1/2014 11:16:52,2/1/2014,11:16:52,1.97,11.80,55.29,935.09,206
2/1/2014 11:17:22,2/1/2014,11:17:22,0.76,12.44,55.00,935.15,186
2/1/2014 11:17:52,2/1/2014,11:17:52,3.37,11.57,55.90,935.07,256
2/1/2014 11:18:22,2/1/2014,11:18:22,1.91,11.85,56.40,935.08,201
2/1/2014 11:18:52,2/1/2014,11:18:52,1.43,12.10,56.90,935.13,179
2/1/2014 11:19:22,2/1/2014,11:19:22,0.74,12.44,56.29,935.16,301
2/1/2014 11:19:52,2/1/2014,11:19:52,0.94,12.37,55.70,935.13,205
2/1/2014 11:20:22,2/1/2014,11:20:22,0.00,13.12,54.50,935.20,106
2/1/2014 11:20:52,2/1/2014,11:20:52,0.33,12.72,56.40,935.21,152
2/1/2014 11:21:22,2/1/2014,11:21:22,1.73,12.37,56.00,935.17,289
2/1/2014 11:21:52,2/1/2014,11:21:52,0.43,13.12,54.40,935.15,25
2/1/2014 11:22:22,2/1/2014,11:22:22,1.84,12.17,54.90,935.13,328
2/1/2014 11:22:52,2/1/2014,11:22:52,1.40,12.44,55.40,935.16,252
2/1/2014 11:23:22,2/1/2014,11:23:22,0.98,12.67,54.79,935.19,246
2/1/2014 11:23:52,2/1/2014,11:23:52,2.27,12.10,54.70,935.15,226
2/1/2014 11:24:22,2/1/2014,11:24:22,3.36,11.72,56.59,935.08,15
2/1/2014 11:24:52,2/1/2014,11:24:52,0.94,12.60,55.70,935.11,212
2/1/2014 11:25:22,2/1/2014,11:25:22,1.55,12.05,56.79,935.10,24
2/1/2014 11:25:52,2/1/2014,11:25:52,3.23,11.44,55.70,935.10,230
2/1/2014 11:26:22,2/1/2014,11:26:22,2.49,11.69,55.90,935.16,29
2/1/2014 11:26:52,2/1/2014,11:26:52,1.13,12.05,56.29,935.15,205
2/1/2014 11:27:22,2/1/2014,11:27:22,3.16,11.22,57.70,935.10,266
2/1/2014 11:27:52,2/1/2014,11:27:52,1.55,11.69,58.79,935.19,137
2/1/2014 11:28:22,2/1/2014,11:28:22,3.27,11.25,57.90,935.16,268
2/1/2014 11:28:52,2/1/2014,11:28:52,2.45,11.10,58.29,935.18,204
2/1/2014 11:29:22,2/1/2014,11:29:22,2.92,10.94,60.40,935.12,221
2/1/2014 11:29:52,2/1/2014,11:29:52,1.08,11.72,58.79,935.19,345
2/1/2014 11:30:22,2/1/2014,11:30:22,2.77,10.94,59.59,935.17,257
2/1/2014 11:30:52,2/1/2014,11:30:52,0.31,11.85,59.90,935.21,193
2/1/2014 11:31:22,2/1/2014,11:31:22,0.87,11.72,59.50,935.19,292
2/1/2014 11:31:52,2/1/2014,11:31:52,0.49,11.92,57.79,935.19,150
2/1/2014 11:32:22,2/1/2014,11:32:22,0.56,12.05,57.20,935.19,181
2/1/2014 11:32:52,2/1/2014,11:32:52,0.29,12.64,56.50,935.13,331
2/1/2014 11:33:22,2/1/2014,11:33:22,0.30,13.00,57.59,935.12,59
2/1/2014 11:33:52,2/1/2014,11:33:52,2.02,12.00,56.59,935.11,227
2/1/2014 11:34:22,2/1/2014,11:34:22,0.83,12.60,54.09,935.11,210
2/1/2014 11:34:52,2/1/2014,11:34:52,1.58,12.44,55.20,935.12,230
2/1/2014 11:35:22,2/1/2014,11:35:22,2.66,11.69,55.20,935.11,206
2/1/2014 11:35:52,2/1/2014,11:35:52,0.05,12.75,56.70,935.15,41
2/1/2014 11:36:22,2/1/2014,11:36:22,1.13,12.17,55.09,935.17,209
2/1/2014 11:36:52,2/1/2014,11:36:52,0.72,12.12,57.09,935.16,195
2/1/2014 11:37:22,2/1/2014,11:37:22,0.19,12.37,56.70,935.18,275
2/1/2014 11:37:52,2/1/2014,11:37:52,0.40,12.39,56.79,935.15,240
2/1/2014 11:38:22,2/1/2014,11:38:22,0.70,12.44,56.50,935.13,150
2/1/2014 11:38:52,2/1/2014,11:38:52,0.45,12.44,57.00,935.08,194
2/1/2014 11:39:22,2/1/2014,11:39:22,0.00,13.50,55.40,935.11,300
2/1/2014 11:39:52,2/1/2014,11:39:52,0.30,13.22,55.79,935.03,175
2/1/2014 11:40:22,2/1/2014,11:40:22,0.52,12.72,55.00,935.04,196
2/1/2014 11:40:52,2/1/2014,11:40:52,0.62,12.44,56.00,935.07,12
2/1/2014 11:41:22,2/1/2014,11:41:22,0.22,12.67,55.50,935.03,134
2/1/2014 11:41:52,2/1/2014,11:41:52,1.48,11.69,56.50,935.04,247
2/1/2014 11:42:22,2/1/2014,11:42:22,0.77,11.80,57.09,935.09,237
2/1/2014 11:42:52,2/1/2014,11:42:52,1.83,11.30,58.50,935.09,249
2/1/2014 11:43:22,2/1/2014,11:43:22,1.66,11.17,59.50,935.10,236
2/1/2014 11:43:52,2/1/2014,11:43:52,0.00,11.57,59.40,935.12,263
2/1/2014 11:44:22,2/1/2014,11:44:22,0.27,11.37,59.09,935.09,342
2/1/2014 11:44:52,2/1/2014,11:44:52,0.65,11.02,61.59,935.12,220
2/1/2014 11:45:22,2/1/2014,11:45:22,0.09,11.10,61.40,935.19,322
2/1/2014 11:45:52,2/1/2014,11:45:52,1.27,10.55,60.70,935.19,166
2/1/2014 11:46:22,2/1/2014,11:46:22,0.91,10.30,62.79,935.21,186
2/1/2014 11:46:52,2/1/2014,11:46:52,1.69,9.92,63.50,935.20,345
2/1/2014 11:47:22,2/1/2014,11:47:22,0.54,9.82,64.69,935.26,211
2/1/2014 11:47:52,2/1/2014,11:47:52,1.68,9.47,64.00,935.30,190
2/1/2014 11:48:22,2/1/2014,11:48:22,0.86,9.44,64.90,935.31,210
2/1/2014 11:48:52,2/1/2014,11:48:52,0.06,9.55,65.50,935.35,158
2/1/2014 11:49:22,2/1/2014,11:49:22,0.63,9.35,67.50,935.34,135
2/1/2014 11:49:52,2/1/2014,11:49:52,0.12,9.35,66.90,935.33,122
2/1/2014 11:50:22,2/1/2014,11:50:22,0.63,9.17,66.19,935.31,194
2/1/2014 11:50:52,2/1/2014,11:50:52,1.70,8.92,68.00,935.35,200
2/1/2014 11:51:22,2/1/2014,11:51:22,0.33,9.00,67.30,935.44,325
2/1/2014 11:51:52,2/1/2014,11:51:52,0.48,8.87,68.50,935.43,28
2/1/2014 11:52:22,2/1/2014,11:52:22,0.40,8.72,67.50,935.47,324
2/1/2014 11:52:52,2/1/2014,11:52:52,2.44,8.32,68.19,935.43,222
2/1/2014 11:53:22,2/1/2014,11:53:22,1.09,8.39,68.30,935.47,270
2/1/2014 11:53:52,2/1/2014,11:53:52,0.69,8.39,69.59,935.54,207
2/1/2014 11:54:22,2/1/2014,11:54:22,0.00,8.57,70.80,935.63,136
2/1/2014 11:54:52,2/1/2014,11:54:52,0.76,8.30,70.09,935.62,12
2/1/2014 11:55:22,2/1/2014,11:55:22,0.59,8.22,70.69,935.66,348
2/1/2014 11:55:52,2/1/2014,11:55:52,0.99,8.10,70.80,935.65,345
2/1/2014 11:56:22,2/1/2014,11:56:22,0.41,8.02,71.19,935.72,340
2/1/2014 11:56:52,2/1/2014,11:56:52,0.00,7.97,72.80,935.79,339
2/1/2014 11:57:22,2/1/2014,11:57:22,0.27,7.62,75.80,935.80,255
2/1/2014 11:57:52,2/1/2014,11:57:52,0.33,7.65,76.19,935.85,143
2/1/2014 11:58:22,2/1/2014,11:58:22,0.16,7.62,76.90,935.90,186
2/1/2014 11:58:52,2/1/2014,11:58:52,0.95,7.37,76.50,935.91,215
2/1/2014 11:59:22,2/1/2014,11:59:22,1.65,7.22,77.69,935.89,156
2/1/2014 11:59:52,2/1/2014,11:59:52,1.59,6.90,81.50,935.99,262
2/1/2014 12:00:22,2/1/2014,12:00:22,0.80,6.82,81.80,936.00,188
2/1/2014 12:00:52,2/1/2014,12:00:52,2.44,6.34,82.69,935.98,220
2/1/2014 12:01:22,2/1/2014,12:01:22,2.52,6.15,84.80,936.05,286
2/1/2014 12:01:52,2/1/2014,12:01:52,1.23,6.27,86.30,936.05,204
2/1/2014 12:02:22,2/1/2014,12:02:22,0.05,6.34,84.50,936.13,50
2/1/2014 12:02:52,2/1/2014,12:02:52,0.41,6.22,88.30,936.09,199
2/1/2014 12:03:22,2/1/2014,12:03:22,1.56,6.12,89.09,936.10,197
2/1/2014 12:03:52,2/1/2014,12:03:52,0.06,6.55,89.00,936.09,187
2/1/2014 12:04:22,2/1/2014,12:04:22,0.66,7.00,88.90,936.02,298
2/1/2014 12:04:52,2/1/2014,12:04:52,1.63,7.55,88.00,935.91,30
2/1/2014 12:05:22,2/1/2014,12:05:22,0.09,8.10,85.59,935.99,176
2/1/2014 12:05:52,2/1/2014,12:05:52,0.00,8.72,85.50,935.94,260
2/1/2014 12:06:22,2/1/2014,12:06:22,0.00,9.17,85.69,935.96,11
2/1/2014 12:06:52,2/1/2014,12:06:52,0.30,9.27,81.69,935.87,310
2/1/2014 12:07:22,2/1/2014,12:07:22,1.79,9.27,78.30,935.85,214
2/1/2014 12:07:52,2/1/2014,12:07:52,0.97,9.67,77.00,935.81,347
2/1/2014 12:08:22,2/1/2014,12:08:22,0.00,10.14,80.19,935.81,354
2/1/2014 12:08:52,2/1/2014,12:08:52,0.70,10.00,75.50,935.74,321
2/1/2014 12:09:22,2/1/2014,12:09:22,1.09,10.02,77.00,935.72,184
2/1/2014 12:09:52,2/1/2014,12:09:52,1.79,9.94,73.90,935.69,277
2/1/2014 12:10:22,2/1/2014,12:10:22,1.59,9.82,74.80,935.67,192
2/1/2014 12:10:52,2/1/2014,12:10:52,0.30,10.10,76.90,935.76,298
2/1/2014 12:11:22,2/1/2014,12:11:22,1.86,9.60,73.90,935.71,187
2/1/2014 12:11:52,2/1/2014,12:11:52,0.76,10.02,72.59,935.71,266
2/1/2014 12:12:22,2/1/2014,12:12:22,1.02,9.75,72.69,935.71,231
2/1/2014 12:12:52,2/1/2014,12:12:52,1.40,9.44,71.69,935.69,288
2/1/2014 12:13:22,2/1/2014,12:13:22,3.12,8.87,72.80,935.63,232
2/1/2014 12:13:52,2/1/2014,12:13:52,0.94,9.07,74.40,935.70,151
2/1/2014 12:14:22,2/1/2014,12:14:22,1.77,8.97,73.40,935.70,212
2/1/2014 12:14:52,2/1/2014,12:14:52,1.87,9.17,74.00,935.62,93
2/1/2014 12:15:22,2/1/2014,12:15:22,0.87,9.27,73.59,935.62,32
2/1/2014 12:15:52,2/1/2014,12:15:52,0.00,9.52,74.00,935.69,278
2/1/2014 12:16:22,2/1/2014,12:16:22,0.00,9.60,74.19,935.69,260
2/1/2014 12:16:52,2/1/2014,12:16:52,0.22,9.72,71.90,935.65,207
2/1/2014 12:17:22,2/1/2014,12:17:22,0.00,10.07,72.30,935.64,56
2/1/2014 12:17:52,2/1/2014,12:17:52,0.00,10.02,73.00,935.62,313
2/1/2014 12:18:22,2/1/2014,12:18:22,2.92,9.60,71.69,935.49,232
2/1/2014 12:18:52,2/1/2014,12:18:52,1.55,9.82,72.00,935.49,337
2/1/2014 12:19:22,2/1/2014,12:19:22,2.36,9.92,70.00,935.47,235
2/1/2014 12:19:52,2/1/2014,12:19:52,1.91,10.27,68.50,935.46,216
2/1/2014 12:20:22,2/1/2014,12:20:22,1.52,10.55,68.50,935.48,42
2/1/2014 12:20:52,2/1/2014,12:20:52,1.11,10.82,68.90,935.48,329
2/1/2014 12:21:22,2/1/2014,12:21:22,0.45,11.17,67.09,935.45,153
2/1/2014 12:21:52,2/1/2014,12:21:52,2.11,10.82,66.80,935.38,167
2/1/2014 12:22:22,2/1/2014,12:22:22,1.69,11.10,66.50,935.42,161
2/1/2014 12:22:52,2/1/2014,12:22:52,0.77,11.64,65.90,935.40,354
2/1/2014 12:23:22,2/1/2014,12:23:22,0.55,11.80,64.69,935.42,314
2/1/2014 12:23:52,2/1/2014,12:23:52,0.00,12.05,63.59,935.44,192
2/1/2014 12:24:22,2/1/2014,12:24:22,1.02,11.64,65.00,935.44,23
2/1/2014 12:24:52,2/1/2014,12:24:52,0.24,12.10,63.90,935.43,223
2/1/2014 12:25:22,2/1/2014,12:25:22,1.81,11.85,62.40,935.40,185
2/1/2014 12:25:52,2/1/2014,12:25:52,1.66,11.89,63.20,935.35,191
2/1/2014 12:26:22,2/1/2014,12:26:22,1.80,11.64,63.20,935.37,181
2/1/2014 12:26:52,2/1/2014,12:26:52,0.15,12.75,62.90,935.37,188
2/1/2014 12:27:22,2/1/2014,12:27:22,0.73,12.60,61.40,935.37,211
2/1/2014 12:27:52,2/1/2014,12:27:52,1.76,11.57,62.40,935.34,191
2/1/2014 12:28:22,2/1/2014,12:28:22,0.72,11.72,63.90,935.42,342
2/1/2014 12:28:52,2/1/2014,12:28:52,0.00,11.85,63.09,935.44,191
2/1/2014 12:29:22,2/1/2014,12:29:22,2.08,11.02,65.40,935.46,347
2/1/2014 12:29:52,2/1/2014,12:29:52,0.56,11.02,64.50,935.53,181
2/1/2014 12:30:22,2/1/2014,12:30:22,0.00,11.17,64.50,935.60,216
2/1/2014 12:30:52,2/1/2014,12:30:52,1.04,10.89,64.69,935.57,206
2/1/2014 12:31:22,2/1/2014,12:31:22,0.43,11.05,66.50,935.58,342
2/1/2014 12:31:52,2/1/2014,12:31:52,0.00,11.25,65.09,935.57,175
2/1/2014 12:32:22,2/1/2014,12:32:22,1.26,10.82,65.09,935.49,304
2/1/2014 12:32:52,2/1/2014,12:32:52,0.76,10.82,66.40,935.57,284
2/1/2014 12:33:22,2/1/2014,12:33:22,1.45,10.42,66.69,935.60,205
2/1/2014 12:33:52,2/1/2014,12:33:52,1.02,10.47,66.90,935.66,342
2/1/2014 12:34:22,2/1/2014,12:34:22,0.49,10.69,67.19,935.62,107
2/1/2014 12:34:52,2/1/2014,12:34:52,1.45,10.30,65.69,935.62,175
2/1/2014 12:35:22,2/1/2014,12:35:22,0.74,10.47,66.50,935.65,269
2/1/2014 12:35:52,2/1/2014,12:35:52,1.52,10.07,65.90,935.65,201
2/1/2014 12:36:22,2/1/2014,12:36:22,2.41,10.00,67.69,935.58,295
2/1/2014 12:36:52,2/1/2014,12:36:52,0.41,10.89,65.50,935.63,177
2/1/2014 12:37:22,2/1/2014,12:37:22,0.93,11.02,65.59,935.61,317
2/1/2014 12:37:52,2/1/2014,12:37:52,0.18,11.57,65.90,935.62,100
2/1/2014 12:38:22,2/1/2014,12:38:22,2.41,10.97,65.50,935.61,0
2/1/2014 12:38:52,2/1/2014,12:38:52,3.99,10.30,63.50,935.53,318
2/1/2014 12:39:22,2/1/2014,12:39:22,1.54,10.69,65.80,935.56,345
2/1/2014 12:39:52,2/1/2014,12:39:52,1.51,10.55,66.00,935.60,238
2/1/2014 12:40:22,2/1/2014,12:40:22,0.65,10.77,65.80,935.66,29
2/1/2014 12:40:52,2/1/2014,12:40:52,1.27,10.62,66.30,935.62,299
2/1/2014 12:41:22,2/1/2014,12:41:22,0.83,11.10,64.80,935.56,210
2/1/2014 12:41:52,2/1/2014,12:41:52,0.00,12.05,63.00,935.61,329
2/1/2014 12:42:22,2/1/2014,12:42:22,0.48,12.39,63.29,935.56,19
2/1/2014 12:42:52,2/1/2014,12:42:52,0.22,12.37,62.00,935.49,196
2/1/2014 12:43:22,2/1/2014,12:43:22,0.43,12.67,61.50,935.47,175
2/1/2014 12:43:52,2/1/2014,12:43:52,0.65,13.12,59.79,935.46,153
2/1/2014 12:44:22,2/1/2014,12:44:22,1.41,12.67,58.70,935.42,227
2/1/2014 12:44:52,2/1/2014,12:44:52,4.48,11.72,57.90,935.38,200
2/1/2014 12:45:22,2/1/2014,12:45:22,2.51,12.12,58.59,935.45,227
2/1/2014 12:45:52,2/1/2014,12:45:52,2.26,12.12,59.00,935.53,183
2/1/2014 12:46:22,2/1/2014,12:46:22,0.05,12.87,58.59,935.57,270
2/1/2014 12:46:52,2/1/2014,12:46:52,0.93,12.52,59.09,935.57,163
2/1/2014 12:47:22,2/1/2014,12:47:22,0.56,12.10,59.40,935.66,189
2/1/2014 12:47:52,2/1/2014,12:47:52,0.31,11.92,62.50,935.65,159
2/1/2014 12:48:22,2/1/2014,12:48:22,2.27,11.25,62.50,935.62,217
2/1/2014 12:48:52,2/1/2014,12:48:52,0.63,11.89,62.59,935.62,222
2/1/2014 12:49:22,2/1/2014,12:49:22,0.00,12.52,61.29,935.67,340
2/1/2014 12:49:52,2/1/2014,12:49:52,0.12,12.39,61.79,935.60,55
2/1/2014 12:50:22,2/1/2014,12:50:22,1.38,11.85,61.79,935.55,293
2/1/2014 12:50:52,2/1/2014,12:50:52,1.30,11.89,62.20,935.60,173
2/1/2014 12:51:22,2/1/2014,12:51:22,2.20,11.64,63.29,935.53,270
2/1/2014 12:51:52,2/1/2014,12:51:52,1.20,11.92,61.09,935.53,287
2/1/2014 12:52:22,2/1/2014,12:52:22,0.34,12.05,62.00,935.60,0
2/1/2014 12:52:52,2/1/2014,12:52:52,1.81,11.77,60.50,935.60,227
2/1/2014 12:53:22,2/1/2014,12:53:22,1.51,11.97,60.40,935.51,154
2/1/2014 12:53:52,2/1/2014,12:53:52,0.45,12.44,60.20,935.51,321
2/1/2014 12:54:22,2/1/2014,12:54:22,1.05,12.32,59.90,935.51,282
2/1/2014 12:54:52,2/1/2014,12:54:52,0.33,12.80,59.20,935.47,17
2/1/2014 12:55:22,2/1/2014,12:55:22,3.06,11.64,60.00,935.44,229
2/1/2014 12:55:52,2/1/2014,12:55:52,0.15,12.60,59.90,935.53,301
2/1/2014 12:56:22,2/1/2014,12:56:22,0.26,12.67,59.70,935.56,304
2/1/2014 12:56:52,2/1/2014,12:56:52,0.79,12.67,59.50,935.54,24
2/1/2014 12:57:22,2/1/2014,12:57:22,0.00,12.92,60.29,935.55,237
2/1/2014 12:57:52,2/1/2014,12:57:52,0.65,12.67,59.40,935.62,264
2/1/2014 12:58:22,2/1/2014,12:58:22,1.44,12.37,59.70,935.65,291
2/1/2014 12:58:52,2/1/2014,12:58:52,1.48,12.12,59.40,935.69,183
2/1/2014 12:59:22,2/1/2014,12:59:22,1.22,12.37,60.59,935.65,329
2/1/2014 12:59:52,2/1/2014,12:59:52,1.08,12.37,59.40,935.61,220
2/1/2014 13:00:22,2/1/2014,13:00:22,2.54,11.50,60.70,935.60,303
2/1/2014 13:00:52,2/1/2014,13:00:52,0.33,12.10,61.70,935.67,238
2/1/2014 13:01:22,2/1/2014,13:01:22,0.00,12.37,59.50,935.69,160
2/1/2014 13:01:52,2/1/2014,13:01:52,2.26,11.42,62.50,935.60,270
2/1/2014 13:02:22,2/1/2014,13:02:22,1.45,11.25,64.00,935.76,195
2/1/2014 13:02:52,2/1/2014,13:02:52,2.45,10.77,63.29,935.79,200
2/1/2014 13:03:22,2/1/2014,13:03:22,0.61,11.17,65.00,935.91,62
2/1/2014 13:03:52,2/1/2014,13:03:52,0.09,11.22,64.09,935.94,247
2/1/2014 13:04:22,2/1/2014,13:04:22,0.00,11.17,64.19,935.94,42
2/1/2014 13:04:52,2/1/2014,13:04:52,2.12,10.35,64.40,935.87,241
2/1/2014 13:05:22,2/1/2014,13:05:22,1.36,10.75,64.69,935.91,209
2/1/2014 13:05:52,2/1/2014,13:05:52,1.52,10.87,65.00,935.88,3
2/1/2014 13:06:22,2/1/2014,13:06:22,0.13,11.32,64.69,935.90,93
2/1/2014 13:06:52,2/1/2014,13:06:52,0.33,11.32,63.50,935.94,322
2/1/2014 13:07:22,2/1/2014,13:07:22,1.90,10.57,64.00,935.91,180
2/1/2014 13:07:52,2/1/2014,13:07:52,1.86,10.42,65.19,935.87,234
2/1/2014 13:08:22,2/1/2014,13:08:22,0.49,10.67,65.19,935.98,258
2/1/2014 13:08:52,2/1/2014,13:08:52,0.23,10.69,65.90,936.11,56
2/1/2014 13:09:22,2/1/2014,13:09:22,2.69,10.00,65.19,936.09,237
2/1/2014 13:09:52,2/1/2014,13:09:52,0.47,10.27,66.80,936.13,70
2/1/2014 13:10:22,2/1/2014,13:10:22,5.09,9.60,65.69,935.99,209
2/1/2014 13:10:52,2/1/2014,13:10:52,1.93,10.14,66.59,936.02,216
2/1/2014 13:11:22,2/1/2014,13:11:22,2.15,10.10,66.30,936.08,215
2/1/2014 13:11:52,2/1/2014,13:11:52,1.41,10.07,66.00,936.09,298
2/1/2014 13:12:22,2/1/2014,13:12:22,3.23,9.67,65.59,936.08,207
2/1/2014 13:12:52,2/1/2014,13:12:52,0.48,9.92,67.59,936.25,288
2/1/2014 13:13:22,2/1/2014,13:13:22,1.47,9.64,68.00,936.23,232
2/1/2014 13:13:52,2/1/2014,13:13:52,1.86,9.47,67.59,936.23,188
2/1/2014 13:14:22,2/1/2014,13:14:22,3.90,9.07,68.30,936.11,288
2/1/2014 13:14:52,2/1/2014,13:14:52,2.34,9.19,68.00,936.17,233
2/1/2014 13:15:22,2/1/2014,13:15:22,0.88,9.35,67.30,936.25,218
2/1/2014 13:15:52,2/1/2014,13:15:52,1.54,9.27,68.09,936.19,224
2/1/2014 13:16:22,2/1/2014,13:16:22,0.80,9.27,68.09,936.22,194
2/1/2014 13:16:52,2/1/2014,13:16:52,1.66,9.19,69.40,936.20,329
2/1/2014 13:17:22,2/1/2014,13:17:22,1.12,9.17,69.30,936.23,294
2/1/2014 13:17:52,2/1/2014,13:17:52,0.69,9.17,70.90,936.25,215
2/1/2014 13:18:22,2/1/2014,13:18:22,0.26,9.19,71.00,936.27,143
2/1/2014 13:18:52,2/1/2014,13:18:52,1.31,9.05,70.59,936.28,234
2/1/2014 13:19:22,2/1/2014,13:19:22,1.24,9.05,69.80,936.27,303
2/1/2014 13:19:52,2/1/2014,13:19:52,1.38,9.05,69.00,936.23,93
2/1/2014 13:20:22,2/1/2014,13:20:22,0.56,9.05,69.59,936.24,348
2/1/2014 13:20:52,2/1/2014,13:20:52,1.52,8.87,71.50,936.20,197
2/1/2014 13:21:22,2/1/2014,13:21:22,1.09,8.87,70.80,936.24,297
2/1/2014 13:21:52,2/1/2014,13:21:52,0.24,8.97,70.50,936.29,318
2/1/2014 13:22:22,2/1/2014,13:22:22,0.11,8.97,70.80,936.33,179
2/1/2014 13:22:52,2/1/2014,13:22:52,0.18,8.97,71.40,936.31,210
2/1/2014 13:23:22,2/1/2014,13:23:22,1.19,8.80,70.69,936.23,209
2/1/2014 13:23:52,2/1/2014,13:23:52,1.15,8.80,70.30,936.22,43
2/1/2014 13:24:22,2/1/2014,13:24:22,0.45,8.80,71.19,936.27,92
2/1/2014 13:24:52,2/1/2014,13:24:52,1.58,8.64,71.59,936.25,335
2/1/2014 13:25:22,2/1/2014,13:25:22,1.70,8.64,70.40,936.16,201
2/1/2014 13:25:52,2/1/2014,13:25:52,0.70,8.80,71.50,936.28,161
2/1/2014 13:26:22,2/1/2014,13:26:22,1.26,9.05,70.09,936.16,242
2/1/2014 13:26:52,2/1/2014,13:26:52,0.74,9.60,70.00,936.16,228
2/1/2014 13:27:22,2/1/2014,13:27:22,1.70,10.02,67.69,936.05,193
2/1/2014 13:27:52,2/1/2014,13:27:52,1.84,10.19,66.00,936.01,323
2/1/2014 13:28:22,2/1/2014,13:28:22,1.16,10.47,66.50,936.05,263
2/1/2014 13:28:52,2/1/2014,13:28:52,0.72,10.30,66.00,936.01,302
2/1/2014 13:29:22,2/1/2014,13:29:22,0.36,10.39,67.30,936.06,261
2/1/2014 13:29:52,2/1/2014,13:29:52,0.76,10.22,66.19,936.04,337
2/1/2014 13:30:22,2/1/2014,13:30:22,0.93,10.07,67.40,936.08,240
2/1/2014 13:30:52,2/1/2014,13:30:52,1.74,9.82,67.19,936.06,159
2/1/2014 13:31:22,2/1/2014,13:31:22,1.51,9.75,67.59,936.01,112
2/1/2014 13:31:52,2/1/2014,13:31:52,1.68,9.60,69.09,935.98,217
2/1/2014 13:32:22,2/1/2014,13:32:22,0.23,9.80,68.59,936.04,201
2/1/2014 13:32:52,2/1/2014,13:32:52,0.00,9.87,68.09,936.09,240
2/1/2014 13:33:22,2/1/2014,13:33:22,1.15,9.60,69.19,935.99,294
2/1/2014 13:33:52,2/1/2014,13:33:52,1.99,9.47,68.50,936.01,183
2/1/2014 13:34:22,2/1/2014,13:34:22,2.20,9.35,68.90,936.02,259
2/1/2014 13:34:52,2/1/2014,13:34:52,0.33,9.64,69.40,936.06,213
2/1/2014 13:35:22,2/1/2014,13:35:22,0.91,9.60,68.09,936.05,152
2/1/2014 13:35:52,2/1/2014,13:35:52,1.06,9.52,69.90,935.98,341
2/1/2014 13:36:22,2/1/2014,13:36:22,0.18,9.75,68.59,936.01,172
2/1/2014 13:36:52,2/1/2014,13:36:52,1.26,9.64,67.80,936.01,149
2/1/2014 13:37:22,2/1/2014,13:37:22,0.06,9.82,67.90,936.08,85
2/1/2014 13:37:52,2/1/2014,13:37:52,0.66,9.75,68.00,936.05,145
2/1/2014 13:38:22,2/1/2014,13:38:22,0.45,9.82,66.80,936.06,233
2/1/2014 13:38:52,2/1/2014,13:38:52,1.55,9.52,69.40,936.00,295
2/1/2014 13:39:22,2/1/2014,13:39:22,0.66,9.60,69.50,936.10,191
2/1/2014 13:39:52,2/1/2014,13:39:52,1.16,9.52,69.30,936.04,353
2/1/2014 13:40:22,2/1/2014,13:40:22,0.33,9.60,69.69,936.02,291
2/1/2014 13:40:52,2/1/2014,13:40:52,1.47,9.35,67.80,936.06,357
2/1/2014 13:41:22,2/1/2014,13:41:22,1.16,9.27,69.59,936.07,297
2/1/2014 13:41:52,2/1/2014,13:41:52,7.65,8.72,68.59,935.87,200
2/1/2014 13:42:22,2/1/2014,13:42:22,4.83,8.80,69.59,935.82,192
2/1/2014 13:42:52,2/1/2014,13:42:52,1.02,9.05,70.50,936.07,331
2/1/2014 13:43:22,2/1/2014,13:43:22,1.18,9.05,69.80,936.10,240
2/1/2014 13:43:52,2/1/2014,13:43:52,1.13,9.07,70.00,936.09,318
2/1/2014 13:44:22,2/1/2014,13:44:22,0.48,9.07,71.30,936.08,242
2/1/2014 13:44:52,2/1/2014,13:44:52,0.51,9.17,70.59,936.11,200
2/1/2014 13:45:22,2/1/2014,13:45:22,0.87,9.12,70.19,936.08,1
2/1/2014 13:45:52,2/1/2014,13:45:52,1.90,8.97,69.90,936.07,222
2/1/2014 13:46:22,2/1/2014,13:46:22,0.24,9.05,70.50,936.07,174
2/1/2014 13:46:52,2/1/2014,13:46:52,0.74,9.05,70.19,936.09,265
2/1/2014 13:47:22,2/1/2014,13:47:22,1.81,8.85,70.50,936.04,209
2/1/2014 13:47:52,2/1/2014,13:47:52,0.63,8.97,70.90,936.11,215
2/1/2014 13:48:22,2/1/2014,13:48:22,0.97,8.87,71.50,936.08,193
2/1/2014 13:48:52,2/1/2014,13:48:52,2.16,8.64,70.80,936.05,191
2/1/2014 13:49:22,2/1/2014,13:49:22,0.66,8.72,71.90,936.13,198
2/1/2014 13:49:52,2/1/2014,13:49:52,1.59,8.72,72.09,936.11,148
2/1/2014 13:50:22,2/1/2014,13:50:22,0.86,8.69,71.69,936.14,204
2/1/2014 13:50:52,2/1/2014,13:50:52,0.83,8.77,72.59,936.16,311
2/1/2014 13:51:22,2/1/2014,13:51:22,0.40,8.72,72.40,936.18,177
2/1/2014 13:51:52,2/1/2014,13:51:52,1.20,8.72,72.00,936.11,200
2/1/2014 13:52:22,2/1/2014,13:52:22,0.80,8.77,71.69,936.16,181
2/1/2014 13:52:52,2/1/2014,13:52:52,0.00,8.80,72.30,936.16,237
2/1/2014 13:53:22,2/1/2014,13:53:22,0.31,8.87,71.80,936.16,58
2/1/2014 13:53:52,2/1/2014,13:53:52,0.00,9.00,72.30,936.16,27
2/1/2014 13:54:22,2/1/2014,13:54:22,0.41,9.05,72.30,936.14,206
2/1/2014 13:54:52,2/1/2014,13:54:52,1.30,8.87,72.80,936.09,245
2/1/2014 13:55:22,2/1/2014,13:55:22,0.56,9.05,72.59,936.14,28
2/1/2014 13:55:52,2/1/2014,13:55:52,0.23,9.12,72.69,936.13,151
2/1/2014 13:56:22,2/1/2014,13:56:22,0.00,9.25,72.40,936.13,168
2/1/2014 13:56:52,2/1/2014,13:56:52,0.22,9.19,72.00,936.11,221
2/1/2014 13:57:22,2/1/2014,13:57:22,0.80,9.19,71.40,936.07,245
2/1/2014 13:57:52,2/1/2014,13:57:52,0.93,9.27,71.19,936.09,80
2/1/2014 13:58:22,2/1/2014,13:58:22,0.43,9.35,71.59,936.11,188
2/1/2014 13:58:52,2/1/2014,13:58:52,1.33,9.19,70.59,936.10,216
2/1/2014 13:59:22,2/1/2014,13:59:22,0.79,9.12,72.09,936.13,238
2/1/2014 13:59:52,2/1/2014,13:59:52,1.04,9.07,70.50,936.10,137
2/1/2014 14:00:22,2/1/2014,14:00:22,0.63,9.05,72.09,936.05,167
2/1/2014 14:00:52,2/1/2014,14:00:52,4.09,8.69,72.59,935.99,165
2/1/2014 14:01:22,2/1/2014,14:01:22,1.08,8.80,72.50,936.17,323
2/1/2014 14:01:52,2/1/2014,14:01:52,0.44,8.87,72.69,936.20,184
2/1/2014 14:02:22,2/1/2014,14:02:22,2.08,8.80,72.30,936.15,231
2/1/2014 14:02:52,2/1/2014,14:02:52,1.34,8.97,71.30,936.16,133
2/1/2014 14:03:22,2/1/2014,14:03:22,2.81,8.80,72.59,936.11,159
2/1/2014 14:03:52,2/1/2014,14:03:52,1.29,8.92,71.19,936.13,250
2/1/2014 14:04:22,2/1/2014,14:04:22,2.56,8.85,71.30,936.10,224
2/1/2014 14:04:52,2/1/2014,14:04:52,1.73,8.85,72.00,936.13,276
2/1/2014 14:05:22,2/1/2014,14:05:22,1.06,8.87,72.30,936.16,153
2/1/2014 14:05:52,2/1/2014,14:05:52,1.80,8.80,72.09,936.19,212
2/1/2014 14:06:22,2/1/2014,14:06:22,1.11,8.87,71.40,936.17,347
2/1/2014 14:06:52,2/1/2014,14:06:52,1.43,8.97,71.00,936.15,150
2/1/2014 14:07:22,2/1/2014,14:07:22,0.61,9.07,71.19,936.14,161
2/1/2014 14:07:52,2/1/2014,14:07:52,2.40,8.87,70.00,936.09,319
2/1/2014 14:08:22,2/1/2014,14:08:22,0.99,9.05,70.09,936.16,295
2/1/2014 14:08:52,2/1/2014,14:08:52,1.99,9.05,70.30,936.11,207
2/1/2014 14:09:22,2/1/2014,14:09:22,0.61,9.05,70.30,936.17,206
2/1/2014 14:09:52,2/1/2014,14:09:52,2.54,8.87,70.50,936.10,130
2/1/2014 14:10:22,2/1/2014,14:10:22,1.81,8.87,71.00,936.10,206
2/1/2014 14:10:52,2/1/2014,14:10:52,0.51,8.97,71.69,936.16,359
2/1/2014 14:11:22,2/1/2014,14:11:22,0.94,8.97,71.69,936.16,198
2/1/2014 14:11:52,2/1/2014,14:11:52,1.13,8.92,70.59,936.13,259
2/1/2014 14:12:22,2/1/2014,14:12:22,0.00,9.05,71.00,936.18,198
2/1/2014 14:12:52,2/1/2014,14:12:52,2.15,8.87,70.30,936.10,181
2/1/2014 14:13:22,2/1/2014,14:13:22,0.43,8.87,71.09,936.11,252
2/1/2014 14:13:52,2/1/2014,14:13:52,0.19,8.97,72.19,936.16,115
2/1/2014 14:14:22,2/1/2014,14:14:22,0.13,9.00,72.69,936.20,121
2/1/2014 14:14:52,2/1/2014,14:14:52,0.00,8.97,72.09,936.25,300
2/1/2014 14:15:22,2/1/2014,14:15:22,0.00,9.07,71.90,936.23,147
2/1/2014 14:15:52,2/1/2014,14:15:52,1.68,8.80,71.40,936.17,317
2/1/2014 14:16:22,2/1/2014,14:16:22,3.30,8.64,71.40,936.07,271
2/1/2014 14:16:52,2/1/2014,14:16:52,1.54,8.72,70.80,936.16,233
2/1/2014 14:17:22,2/1/2014,14:17:22,2.31,8.64,71.40,936.18,187
2/1/2014 14:17:52,2/1/2014,14:17:52,2.99,8.57,71.50,936.11,264
2/1/2014 14:18:22,2/1/2014,14:18:22,4.84,8.44,70.59,936.06,247
2/1/2014 14:18:52,2/1/2014,14:18:52,2.09,8.50,71.50,936.19,292
2/1/2014 14:19:22,2/1/2014,14:19:22,2.79,8.50,71.69,936.25,193
2/1/2014 14:19:52,2/1/2014,14:19:52,1.91,8.50,71.19,936.25,201
2/1/2014 14:20:22,2/1/2014,14:20:22,0.41,8.60,70.90,936.35,329
2/1/2014 14:20:52,2/1/2014,14:20:52,0.41,8.57,70.80,936.27,278
2/1/2014 14:21:22,2/1/2014,14:21:22,0.34,8.60,71.69,936.32,337
2/1/2014 14:21:52,2/1/2014,14:21:52,2.19,8.50,71.30,936.20,200
2/1/2014 14:22:22,2/1/2014,14:22:22,3.09,8.39,71.40,936.17,216
2/1/2014 14:22:52,2/1/2014,14:22:52,1.51,8.50,71.30,936.20,303
2/1/2014 14:23:22,2/1/2014,14:23:22,0.00,8.57,72.69,936.31,160
2/1/2014 14:23:52,2/1/2014,14:23:52,0.73,8.52,72.00,936.32,245
2/1/2014 14:24:22,2/1/2014,14:24:22,0.74,8.52,72.09,936.29,333
2/1/2014 14:24:52,2/1/2014,14:24:52,2.12,8.44,71.59,936.23,193
2/1/2014 14:25:22,2/1/2014,14:25:22,0.90,8.50,73.40,936.25,158
2/1/2014 14:25:52,2/1/2014,14:25:52,1.01,8.50,73.19,936.26,282
2/1/2014 14:26:22,2/1/2014,14:26:22,1.95,8.44,72.90,936.27,297
2/1/2014 14:26:52,2/1/2014,14:26:52,1.48,8.39,71.69,936.25,188
2/1/2014 14:27:22,2/1/2014,14:27:22,0.91,8.50,72.59,936.24,5
2/1/2014 14:27:52,2/1/2014,14:27:52,0.30,8.50,73.19,936.24,26
2/1/2014 14:28:22,2/1/2014,14:28:22,0.88,8.39,73.00,936.26,262
2/1/2014 14:28:52,2/1/2014,14:28:52,0.00,8.50,72.90,936.32,100
2/1/2014 14:29:22,2/1/2014,14:29:22,1.58,8.37,72.90,936.31,222
2/1/2014 14:29:52,2/1/2014,14:29:52,0.81,8.39,73.80,936.26,3
2/1/2014 14:30:22,2/1/2014,14:30:22,0.08,8.39,73.00,936.31,319
2/1/2014 14:30:52,2/1/2014,14:30:52,1.98,8.30,73.19,936.26,213
2/1/2014 14:31:22,2/1/2014,14:31:22,3.24,8.17,72.90,936.20,216
2/1/2014 14:31:52,2/1/2014,14:31:52,0.73,8.25,74.00,936.26,255
2/1/2014 14:32:22,2/1/2014,14:32:22,0.29,8.25,74.19,936.31,69
2/1/2014 14:32:52,2/1/2014,14:32:52,1.70,8.12,74.09,936.27,202
2/1/2014 14:33:22,2/1/2014,14:33:22,0.44,8.12,75.30,936.29,22
2/1/2014 14:33:52,2/1/2014,14:33:52,1.97,8.05,73.59,936.27,244
2/1/2014 14:34:22,2/1/2014,14:34:22,2.42,8.02,73.00,936.33,257
2/1/2014 14:34:52,2/1/2014,14:34:52,1.72,8.02,74.19,936.27,231
2/1/2014 14:35:22,2/1/2014,14:35:22,1.66,7.97,74.50,936.29,228
2/1/2014 14:35:52,2/1/2014,14:35:52,1.02,7.97,74.90,936.25,213
2/1/2014 14:36:22,2/1/2014,14:36:22,1.11,7.92,75.50,936.40,174
2/1/2014 14:36:52,2/1/2014,14:36:52,1.11,7.92,76.80,936.41,344
2/1/2014 14:37:22,2/1/2014,14:37:22,3.98,7.84,75.40,936.28,218
2/1/2014 14:37:52,2/1/2014,14:37:52,3.61,7.77,76.40,936.32,308
2/1/2014 14:38:22,2/1/2014,14:38:22,1.51,7.69,77.00,936.51,276
2/1/2014 14:38:52,2/1/2014,14:38:52,3.42,7.62,76.50,936.51,292
2/1/2014 14:39:22,2/1/2014,14:39:22,1.31,7.62,79.50,936.54,311
2/1/2014 14:39:52,2/1/2014,14:39:52,3.98,7.30,77.80,936.50,321
2/1/2014 14:40:22,2/1/2014,14:40:22,1.01,7.37,80.59,936.58,291
2/1/2014 14:40:52,2/1/2014,14:40:52,1.31,7.30,80.09,936.55,239
2/1/2014 14:41:22,2/1/2014,14:41:22,2.42,7.17,80.19,936.52,288
2/1/2014 14:41:52,2/1/2014,14:41:52,0.15,7.30,82.30,936.61,325
2/1/2014 14:42:22,2/1/2014,14:42:22,0.15,7.30,82.00,936.63,299
2/1/2014 14:42:52,2/1/2014,14:42:52,2.26,7.30,80.80,936.54,305
2/1/2014 14:43:22,2/1/2014,14:43:22,1.18,7.42,80.69,936.56,259
2/1/2014 14:43:52,2/1/2014,14:43:52,1.66,7.47,79.40,936.53,249
2/1/2014 14:44:22,2/1/2014,14:44:22,1.29,7.47,79.30,936.54,142
2/1/2014 14:44:52,2/1/2014,14:44:52,2.13,7.37,79.09,936.50,281
2/1/2014 14:45:22,2/1/2014,14:45:22,3.52,7.30,79.09,936.44,298
2/1/2014 14:45:52,2/1/2014,14:45:52,1.58,7.30,80.09,936.43,305
2/1/2014 14:46:22,2/1/2014,14:46:22,0.33,7.42,80.59,936.46,270
2/1/2014 14:46:52,2/1/2014,14:46:52,0.52,7.62,79.30,936.47,289
2/1/2014 14:47:22,2/1/2014,14:47:22,0.13,7.82,78.69,936.43,247
2/1/2014 14:47:52,2/1/2014,14:47:52,0.05,7.92,77.30,936.42,254
2/1/2014 14:48:22,2/1/2014,14:48:22,1.73,7.92,76.19,936.25,316
2/1/2014 14:48:52,2/1/2014,14:48:52,0.00,8.17,76.19,936.33,251
2/1/2014 14:49:22,2/1/2014,14:49:22,1.81,8.17,74.90,936.28,186
2/1/2014 14:49:52,2/1/2014,14:49:52,0.12,8.44,76.59,936.25,211
2/1/2014 14:50:22,2/1/2014,14:50:22,0.77,8.37,75.30,936.19,163
2/1/2014 14:50:52,2/1/2014,14:50:52,0.00,8.50,76.00,936.22,304
2/1/2014 14:51:22,2/1/2014,14:51:22,1.12,8.39,74.09,936.22,170
2/1/2014 14:51:52,2/1/2014,14:51:52,1.20,8.37,74.19,936.13,227
2/1/2014 14:52:22,2/1/2014,14:52:22,0.00,8.57,75.59,936.20,330
2/1/2014 14:52:52,2/1/2014,14:52:52,0.93,8.57,74.00,936.24,157
2/1/2014 14:53:22,2/1/2014,14:53:22,2.22,8.52,74.40,936.13,296
2/1/2014 14:53:52,2/1/2014,14:53:52,2.04,8.57,73.19,936.09,321
2/1/2014 14:54:22,2/1/2014,14:54:22,0.62,8.87,71.30,936.14,227
2/1/2014 14:54:52,2/1/2014,14:54:52,0.63,8.92,71.30,936.17,248
2/1/2014 14:55:22,2/1/2014,14:55:22,1.19,8.87,71.19,936.17,301
2/1/2014 14:55:52,2/1/2014,14:55:52,1.48,8.87,70.69,936.16,181
2/1/2014 14:56:22,2/1/2014,14:56:22,0.58,8.97,70.90,936.17,207
2/1/2014 14:56:52,2/1/2014,14:56:52,0.95,8.87,70.69,936.16,42
2/1/2014 14:57:22,2/1/2014,14:57:22,0.00,9.05,71.00,936.19,222
2/1/2014 14:57:52,2/1/2014,14:57:52,1.05,8.92,71.00,936.16,274
2/1/2014 14:58:22,2/1/2014,14:58:22,2.77,8.72,71.59,936.11,198
2/1/2014 14:58:52,2/1/2014,14:58:52,1.43,8.72,71.40,936.13,101
2/1/2014 14:59:22,2/1/2014,14:59:22,1.09,8.77,71.40,936.18,45
2/1/2014 14:59:52,2/1/2014,14:59:52,0.73,8.77,71.80,936.20,252
2/1/2014 15:00:22,2/1/2014,15:00:22,1.04,8.69,71.19,936.16,180
2/1/2014 15:00:52,2/1/2014,15:00:52,0.00,8.72,72.90,936.27,293
2/1/2014 15:01:22,2/1/2014,15:01:22,0.99,8.64,72.69,936.23,180
2/1/2014 15:01:52,2/1/2014,15:01:52,2.01,8.52,71.50,936.17,10
2/1/2014 15:02:22,2/1/2014,15:02:22,0.06,8.72,72.90,936.28,219
2/1/2014 15:02:52,2/1/2014,15:02:52,0.99,8.57,72.09,936.23,319
2/1/2014 15:03:22,2/1/2014,15:03:22,1.62,8.50,72.30,936.18,98
2/1/2014 15:03:52,2/1/2014,15:03:52,0.99,8.52,72.50,936.23,191
2/1/2014 15:04:22,2/1/2014,15:04:22,1.63,8.57,71.00,936.24,200
2/1/2014 15:04:52,2/1/2014,15:04:52,1.23,8.57,70.80,936.18,321
2/1/2014 15:05:22,2/1/2014,15:05:22,2.48,8.37,71.40,936.18,241
2/1/2014 15:05:52,2/1/2014,15:05:52,0.94,8.50,71.69,936.16,115
2/1/2014 15:06:22,2/1/2014,15:06:22,0.77,8.50,72.40,936.17,157
2/1/2014 15:06:52,2/1/2014,15:06:52,1.61,8.37,72.30,936.13,352
2/1/2014 15:07:22,2/1/2014,15:07:22,0.40,8.50,71.40,936.19,183
2/1/2014 15:07:52,2/1/2014,15:07:52,0.91,8.52,71.69,936.16,120
2/1/2014 15:08:22,2/1/2014,15:08:22,1.04,8.50,72.19,936.17,10
2/1/2014 15:08:52,2/1/2014,15:08:52,1.54,8.39,72.80,936.16,243
2/1/2014 15:09:22,2/1/2014,15:09:22,3.48,8.25,73.50,936.06,307
2/1/2014 15:09:52,2/1/2014,15:09:52,0.48,8.37,73.90,936.15,236
2/1/2014 15:10:22,2/1/2014,15:10:22,1.20,8.32,74.09,936.13,167
2/1/2014 15:10:52,2/1/2014,15:10:52,0.33,8.44,74.09,936.19,355
2/1/2014 15:11:22,2/1/2014,15:11:22,1.79,8.37,74.40,936.16,169
2/1/2014 15:11:52,2/1/2014,15:11:52,1.33,8.39,73.69,936.15,212
2/1/2014 15:12:22,2/1/2014,15:12:22,0.34,8.52,73.80,936.27,114
2/1/2014 15:12:52,2/1/2014,15:12:52,2.26,8.32,73.69,936.22,164
2/1/2014 15:13:22,2/1/2014,15:13:22,1.68,8.44,74.19,936.20,230
2/1/2014 15:13:52,2/1/2014,15:13:52,1.74,8.39,74.30,936.22,162
2/1/2014 15:14:22,2/1/2014,15:14:22,2.08,8.50,73.40,936.26,264
2/1/2014 15:14:52,2/1/2014,15:14:52,2.74,8.39,73.50,936.23,185
2/1/2014 15:15:22,2/1/2014,15:15:22,0.72,8.60,74.50,936.25,63
2/1/2014 15:15:52,2/1/2014,15:15:52,1.55,8.57,73.69,936.27,200
2/1/2014 15:16:22,2/1/2014,15:16:22,1.20,8.60,74.00,936.25,251
2/1/2014 15:16:52,2/1/2014,15:16:52,0.61,8.64,73.59,936.36,205
2/1/2014 15:17:22,2/1/2014,15:17:22,0.74,8.57,73.80,936.34,293
2/1/2014 15:17:52,2/1/2014,15:17:52,0.00,8.57,73.09,936.37,284
2/1/2014 15:18:22,2/1/2014,15:18:22,1.40,8.44,73.90,936.33,323
2/1/2014 15:18:52,2/1/2014,15:18:52,1.54,8.25,74.69,936.40,175
2/1/2014 15:19:22,2/1/2014,15:19:22,0.77,8.25,74.40,936.43,77
2/1/2014 15:19:52,2/1/2014,15:19:52,0.05,8.25,74.19,936.51,34
2/1/2014 15:20:22,2/1/2014,15:20:22,1.65,8.05,74.19,936.51,4
2/1/2014 15:20:52,2/1/2014,15:20:52,1.31,8.02,75.19,936.50,189
2/1/2014 15:21:22,2/1/2014,15:21:22,0.13,8.02,75.30,936.55,100
2/1/2014 15:21:52,2/1/2014,15:21:52,0.94,7.92,76.30,936.59,305
2/1/2014 15:22:22,2/1/2014,15:22:22,1.19,7.84,75.90,936.55,2
2/1/2014 15:22:52,2/1/2014,15:22:52,0.18,7.84,75.69,936.58,212
2/1/2014 15:23:22,2/1/2014,15:23:22,0.13,7.84,75.90,936.59,13
2/1/2014 15:23:52,2/1/2014,15:23:52,0.00,7.84,75.80,936.61,241
2/1/2014 15:24:22,2/1/2014,15:24:22,1.58,7.69,75.80,936.54,233
2/1/2014 15:24:52,2/1/2014,15:24:52,0.00,7.77,77.00,936.64,352
2/1/2014 15:25:22,2/1/2014,15:25:22,0.97,7.69,76.69,936.62,166
2/1/2014 15:25:52,2/1/2014,15:25:52,0.08,7.69,76.40,936.65,349
2/1/2014 15:26:22,2/1/2014,15:26:22,1.61,7.65,76.40,936.65,198
2/1/2014 15:26:52,2/1/2014,15:26:52,1.19,7.62,76.59,936.62,211
2/1/2014 15:27:22,2/1/2014,15:27:22,0.73,7.65,76.59,936.70,222
2/1/2014 15:27:52,2/1/2014,15:27:52,1.74,7.62,76.90,936.69,230
2/1/2014 15:28:22,2/1/2014,15:28:22,1.26,7.62,76.80,936.68,20
2/1/2014 15:28:52,2/1/2014,15:28:52,1.56,7.69,76.09,936.65,185
2/1/2014 15:29:22,2/1/2014,15:29:22,0.74,7.77,76.69,936.70,168
2/1/2014 15:29:52,2/1/2014,15:29:52,1.44,7.75,76.90,936.65,10
2/1/2014 15:30:22,2/1/2014,15:30:22,0.94,7.82,76.50,936.67,206
2/1/2014 15:30:52,2/1/2014,15:30:52,1.59,7.82,76.50,936.58,213
2/1/2014 15:31:22,2/1/2014,15:31:22,0.88,7.84,76.19,936.60,25
2/1/2014 15:31:52,2/1/2014,15:31:52,0.00,7.97,75.69,936.70,78
2/1/2014 15:32:22,2/1/2014,15:32:22,0.81,7.92,76.30,936.70,170
2/1/2014 15:32:52,2/1/2014,15:32:52,1.51,7.84,75.80,936.62,335
2/1/2014 15:33:22,2/1/2014,15:33:22,1.73,7.84,75.50,936.62,336
2/1/2014 15:33:52,2/1/2014,15:33:52,0.00,7.92,75.90,936.65,336
2/1/2014 15:34:22,2/1/2014,15:34:22,1.65,7.97,75.69,936.61,212
2/1/2014 15:34:52,2/1/2014,15:34:52,0.51,8.02,75.69,936.64,183
2/1/2014 15:35:22,2/1/2014,15:35:22,0.76,8.10,75.09,936.64,32
2/1/2014 15:35:52,2/1/2014,15:35:52,0.69,8.10,75.90,936.69,170
2/1/2014 15:36:22,2/1/2014,15:36:22,1.81,8.02,74.90,936.64,288
2/1/2014 15:36:52,2/1/2014,15:36:52,2.90,7.92,74.90,936.60,216
2/1/2014 15:37:22,2/1/2014,15:37:22,1.12,8.02,74.69,936.64,199
2/1/2014 15:37:52,2/1/2014,15:37:52,1.77,7.97,74.80,936.60,174
2/1/2014 15:38:22,2/1/2014,15:38:22,2.20,7.92,74.30,936.54,353
2/1/2014 15:38:52,2/1/2014,15:38:52,0.48,7.92,74.90,936.60,286
2/1/2014 15:39:22,2/1/2014,15:39:22,0.27,7.92,75.30,936.63,231
2/1/2014 15:39:52,2/1/2014,15:39:52,1.05,7.92,74.90,936.62,202
2/1/2014 15:40:22,2/1/2014,15:40:22,0.49,7.92,75.50,936.62,267
2/1/2014 15:40:52,2/1/2014,15:40:52,1.15,7.92,75.59,936.62,196
2/1/2014 15:41:22,2/1/2014,15:41:22,1.33,7.92,74.80,936.59,215
2/1/2014 15:41:52,2/1/2014,15:41:52,0.31,8.02,75.59,936.63,54
2/1/2014 15:42:22,2/1/2014,15:42:22,0.88,7.92,75.00,936.62,144
2/1/2014 15:42:52,2/1/2014,15:42:52,0.00,7.97,75.00,936.65,267
2/1/2014 15:43:22,2/1/2014,15:43:22,0.48,7.97,74.90,936.65,299
2/1/2014 15:43:52,2/1/2014,15:43:52,0.66,7.92,74.30,936.67,173
2/1/2014 15:44:22,2/1/2014,15:44:22,0.05,8.02,75.30,936.70,167
2/1/2014 15:44:52,2/1/2014,15:44:52,1.98,7.82,75.00,936.65,221
2/1/2014 15:45:22,2/1/2014,15:45:22,2.74,7.77,74.00,936.61,216
2/1/2014 15:45:52,2/1/2014,15:45:52,0.86,7.82,74.00,936.68,193
2/1/2014 15:46:22,2/1/2014,15:46:22,1.54,7.77,73.90,936.65,274
2/1/2014 15:46:52,2/1/2014,15:46:52,0.51,7.77,74.80,936.79,326
2/1/2014 15:47:22,2/1/2014,15:47:22,0.15,7.77,75.09,936.77,212
2/1/2014 15:47:52,2/1/2014,15:47:52,0.99,7.77,75.00,936.72,198
2/1/2014 15:48:22,2/1/2014,15:48:22,0.44,7.77,75.30,936.71,304
2/1/2014 15:48:52,2/1/2014,15:48:52,0.72,7.77,74.59,936.72,294
2/1/2014 15:49:22,2/1/2014,15:49:22,0.00,7.82,75.00,936.73,26
2/1/2014 15:49:52,2/1/2014,15:49:52,0.41,7.82,74.30,936.70,285
2/1/2014 15:50:22,2/1/2014,15:50:22,0.00,7.84,74.69,936.72,172
2/1/2014 15:50:52,2/1/2014,15:50:52,0.22,7.84,73.80,936.69,190
2/1/2014 15:51:22,2/1/2014,15:51:22,1.74,7.84,74.00,936.62,183
2/1/2014 15:51:52,2/1/2014,15:51:52,2.12,7.84,72.40,936.61,242
2/1/2014 15:52:22,2/1/2014,15:52:22,0.41,7.97,72.90,936.63,273
2/1/2014 15:52:52,2/1/2014,15:52:52,2.06,7.92,71.90,936.69,276
2/1/2014 15:53:22,2/1/2014,15:53:22,1.54,7.92,72.59,936.71,207
2/1/2014 15:53:52,2/1/2014,15:53:52,0.77,8.02,73.19,936.69,264
2/1/2014 15:54:22,2/1/2014,15:54:22,0.81,8.02,72.50,936.67,266
2/1/2014 15:54:52,2/1/2014,15:54:52,0.29,8.05,72.09,936.73,255
2/1/2014 15:55:22,2/1/2014,15:55:22,0.65,8.05,72.80,936.75,172
2/1/2014 15:55:52,2/1/2014,15:55:52,1.02,8.12,71.30,936.77,250
2/1/2014 15:56:22,2/1/2014,15:56:22,0.69,8.17,71.80,936.82,211
2/1/2014 15:56:52,2/1/2014,15:56:52,0.00,8.22,72.09,936.89,172
2/1/2014 15:57:22,2/1/2014,15:57:22,4.56,8.10,70.50,936.77,341
2/1/2014 15:57:52,2/1/2014,15:57:52,1.04,8.22,71.30,936.87,53
2/1/2014 15:58:22,2/1/2014,15:58:22,1.68,8.22,71.19,936.80,252
2/1/2014 15:58:52,2/1/2014,15:58:52,1.02,8.32,70.50,936.87,234
2/1/2014 15:59:22,2/1/2014,15:59:22,1.18,8.32,69.90,936.89,322
2/1/2014 15:59:52,2/1/2014,15:59:52,1.43,8.37,70.59,936.85,201
2/1/2014 16:00:22,2/1/2014,16:00:22,1.68,8.39,70.40,936.89,335
2/1/2014 16:00:52,2/1/2014,16:00:52,2.80,8.32,69.80,936.88,219
2/1/2014 16:01:22,2/1/2014,16:01:22,1.70,8.39,70.00,937.00,326
2/1/2014 16:01:52,2/1/2014,16:01:52,1.16,8.32,70.59,936.94,1
2/1/2014 16:02:22,2/1/2014,16:02:22,0.26,8.37,70.90,936.98,11
2/1/2014 16:02:52,2/1/2014,16:02:52,1.38,8.22,71.69,937.00,229
2/1/2014 16:03:22,2/1/2014,16:03:22,0.26,8.25,71.69,937.11,182
2/1/2014 16:03:52,2/1/2014,16:03:52,2.16,8.17,70.69,937.03,62
2/1/2014 16:04:22,2/1/2014,16:04:22,1.91,8.12,71.00,936.99,219
2/1/2014 16:04:52,2/1/2014,16:04:52,2.20,8.10,70.80,936.96,355
2/1/2014 16:05:22,2/1/2014,16:05:22,2.37,8.02,71.59,937.00,306
2/1/2014 16:05:52,2/1/2014,16:05:52,1.73,7.97,72.50,937.00,280
2/1/2014 16:06:22,2/1/2014,16:06:22,1.72,7.92,72.30,937.02,235
2/1/2014 16:06:52,2/1/2014,16:06:52,0.33,7.92,71.90,937.07,65
2/1/2014 16:07:22,2/1/2014,16:07:22,0.84,7.97,72.50,937.12,122
2/1/2014 16:07:52,2/1/2014,16:07:52,2.31,7.84,71.80,937.00,173
2/1/2014 16:08:22,2/1/2014,16:08:22,2.55,7.82,72.19,937.04,220
2/1/2014 16:08:52,2/1/2014,16:08:52,1.30,7.82,72.50,937.08,264
2/1/2014 16:09:22,2/1/2014,16:09:22,0.95,7.77,72.69,937.12,193
2/1/2014 16:09:52,2/1/2014,16:09:52,1.26,7.75,72.80,937.09,29
2/1/2014 16:10:22,2/1/2014,16:10:22,0.41,7.69,74.09,937.12,347
2/1/2014 16:10:52,2/1/2014,16:10:52,0.13,7.69,73.80,937.15,117
2/1/2014 16:11:22,2/1/2014,16:11:22,0.88,7.57,73.90,937.14,170
2/1/2014 16:11:52,2/1/2014,16:11:52,0.22,7.57,74.50,937.17,194
2/1/2014 16:12:22,2/1/2014,16:12:22,1.23,7.55,74.19,937.18,154
2/1/2014 16:12:52,2/1/2014,16:12:52,2.59,7.47,74.59,937.17,291
2/1/2014 16:13:22,2/1/2014,16:13:22,1.54,7.47,75.50,937.17,335
2/1/2014 16:13:52,2/1/2014,16:13:52,0.80,7.50,74.90,937.16,33
2/1/2014 16:14:22,2/1/2014,16:14:22,0.61,7.47,75.30,937.24,332
2/1/2014 16:14:52,2/1/2014,16:14:52,1.15,7.47,74.90,937.28,264
2/1/2014 16:15:22,2/1/2014,16:15:22,0.34,7.47,74.90,937.25,9
2/1/2014 16:15:52,2/1/2014,16:15:52,0.19,7.47,75.19,937.30,249
2/1/2014 16:16:22,2/1/2014,16:16:22,0.99,7.47,74.90,937.23,300
2/1/2014 16:16:52,2/1/2014,16:16:52,1.13,7.42,75.09,937.25,203
2/1/2014 16:17:22,2/1/2014,16:17:22,0.06,7.47,74.80,937.33,175
2/1/2014 16:17:52,2/1/2014,16:17:52,0.36,7.37,75.40,937.33,13
2/1/2014 16:18:22,2/1/2014,16:18:22,0.34,7.37,76.19,937.32,177
2/1/2014 16:18:52,2/1/2014,16:18:52,1.31,7.37,74.90,937.32,170
2/1/2014 16:19:22,2/1/2014,16:19:22,0.29,7.37,75.50,937.32,316
2/1/2014 16:19:52,2/1/2014,16:19:52,1.27,7.30,75.80,937.29,31
2/1/2014 16:20:22,2/1/2014,16:20:22,1.51,7.30,76.00,937.33,206
2/1/2014 16:20:52,2/1/2014,16:20:52,2.09,7.30,75.40,937.25,229
2/1/2014 16:21:22,2/1/2014,16:21:22,0.97,7.30,75.69,937.28,233
2/1/2014 16:21:52,2/1/2014,16:21:52,0.56,7.22,75.69,937.31,33
2/1/2014 16:22:22,2/1/2014,16:22:22,0.18,7.22,76.30,937.28,185
2/1/2014 16:22:52,2/1/2014,16:22:52,1.15,7.15,76.50,937.30,162
2/1/2014 16:23:22,2/1/2014,16:23:22,0.72,7.15,76.50,937.32,253
2/1/2014 16:23:52,2/1/2014,16:23:52,1.31,7.15,76.50,937.31,238
2/1/2014 16:24:22,2/1/2014,16:24:22,0.54,7.07,76.69,937.37,37
2/1/2014 16:24:52,2/1/2014,16:24:52,1.26,7.07,76.19,937.34,202
2/1/2014 16:25:22,2/1/2014,16:25:22,2.06,7.07,76.30,937.33,213
2/1/2014 16:25:52,2/1/2014,16:25:52,0.31,7.02,76.90,937.42,138
2/1/2014 16:26:22,2/1/2014,16:26:22,0.59,7.00,77.50,937.46,228
2/1/2014 16:26:52,2/1/2014,16:26:52,0.31,6.94,77.90,937.48,265
2/1/2014 16:27:22,2/1/2014,16:27:22,1.16,6.94,77.30,937.48,214
2/1/2014 16:27:52,2/1/2014,16:27:52,0.00,6.90,77.80,937.50,214
2/1/2014 16:28:22,2/1/2014,16:28:22,0.48,6.87,78.00,937.52,190
2/1/2014 16:28:52,2/1/2014,16:28:52,0.49,6.82,78.40,937.50,197
2/1/2014 16:29:22,2/1/2014,16:29:22,1.33,6.82,78.00,937.49,223
2/1/2014 16:29:52,2/1/2014,16:29:52,0.20,6.82,78.40,937.59,170
2/1/2014 16:30:22,2/1/2014,16:30:22,3.42,6.90,77.90,937.49,284
2/1/2014 16:30:52,2/1/2014,16:30:52,0.30,6.82,78.09,937.58,209
2/1/2014 16:31:22,2/1/2014,16:31:22,0.52,6.80,78.50,937.60,260
2/1/2014 16:31:52,2/1/2014,16:31:52,2.04,6.82,77.80,937.50,245
2/1/2014 16:32:22,2/1/2014,16:32:22,0.45,6.75,78.59,937.55,79
2/1/2014 16:32:52,2/1/2014,16:32:52,1.05,6.75,78.30,937.55,234
2/1/2014 16:33:22,2/1/2014,16:33:22,0.00,6.75,78.50,937.59,153
2/1/2014 16:33:52,2/1/2014,16:33:52,0.86,6.75,78.59,937.56,205
2/1/2014 16:34:22,2/1/2014,16:34:22,0.00,6.69,79.19,937.64,13
2/1/2014 16:34:52,2/1/2014,16:34:52,1.15,6.75,79.19,937.65,186
2/1/2014 16:35:22,2/1/2014,16:35:22,0.05,6.75,78.50,937.65,200
2/1/2014 16:35:52,2/1/2014,16:35:52,1.98,6.80,77.69,937.59,32
2/1/2014 16:36:22,2/1/2014,16:36:22,0.79,6.75,78.40,937.59,257
2/1/2014 16:36:52,2/1/2014,16:36:52,0.30,6.75,78.50,937.65,117
2/1/2014 16:37:22,2/1/2014,16:37:22,0.26,6.75,78.19,937.66,115
2/1/2014 16:37:52,2/1/2014,16:37:52,0.56,6.80,78.80,937.65,355
2/1/2014 16:38:22,2/1/2014,16:38:22,0.68,6.80,78.59,937.67,205
2/1/2014 16:38:52,2/1/2014,16:38:52,1.44,6.80,78.30,937.59,196
2/1/2014 16:39:22,2/1/2014,16:39:22,0.33,6.75,78.40,937.62,167
2/1/2014 16:39:52,2/1/2014,16:39:52,1.34,6.80,78.00,937.53,298
2/1/2014 16:40:22,2/1/2014,16:40:22,0.40,6.75,77.90,937.61,0
2/1/2014 16:40:52,2/1/2014,16:40:52,0.15,6.75,78.19,937.65,168
2/1/2014 16:41:22,2/1/2014,16:41:22,0.72,6.75,77.69,937.62,242
2/1/2014 16:41:52,2/1/2014,16:41:52,0.40,6.75,78.09,937.65,215
2/1/2014 16:42:22,2/1/2014,16:42:22,1.24,6.82,76.50,937.57,322
2/1/2014 16:42:52,2/1/2014,16:42:52,0.19,6.75,77.69,937.60,131
2/1/2014 16:43:22,2/1/2014,16:43:22,1.94,6.90,76.00,937.53,264
2/1/2014 16:43:52,2/1/2014,16:43:52,0.00,6.75,76.50,937.59,177
2/1/2014 16:44:22,2/1/2014,16:44:22,0.55,6.75,78.00,937.58,76
2/1/2014 16:44:52,2/1/2014,16:44:52,1.26,6.80,77.09,937.58,242
2/1/2014 16:45:22,2/1/2014,16:45:22,0.99,6.80,76.69,937.55,355
2/1/2014 16:45:52,2/1/2014,16:45:52,0.22,6.69,78.09,937.59,171
2/1/2014 16:46:22,2/1/2014,16:46:22,0.58,6.80,75.90,937.57,165
2/1/2014 16:46:52,2/1/2014,16:46:52,0.41,6.75,76.30,937.58,227
2/1/2014 16:47:22,2/1/2014,16:47:22,0.49,6.75,76.80,937.62,241
2/1/2014 16:47:52,2/1/2014,16:47:52,1.81,6.82,76.50,937.58,169
2/1/2014 16:48:22,2/1/2014,16:48:22,0.70,6.82,75.59,937.49,267
2/1/2014 16:48:52,2/1/2014,16:48:52,1.37,6.82,76.30,937.49,237
2/1/2014 16:49:22,2/1/2014,16:49:22,1.34,6.82,76.30,937.48,288
2/1/2014 16:49:52,2/1/2014,16:49:52,0.19,6.80,76.19,937.53,285
2/1/2014 16:50:22,2/1/2014,16:50:22,1.20,6.90,75.00,937.56,187
2/1/2014 16:50:52,2/1/2014,16:50:52,0.27,6.82,75.30,937.57,202
2/1/2014 16:51:22,2/1/2014,16:51:22,1.76,7.00,74.19,937.53,208
2/1/2014 16:51:52,2/1/2014,16:51:52,0.47,6.94,74.90,937.57,189
2/1/2014 16:52:22,2/1/2014,16:52:22,0.55,6.90,75.00,937.59,207
2/1/2014 16:52:52,2/1/2014,16:52:52,0.00,6.82,76.59,937.66,180
2/1/2014 16:53:22,2/1/2014,16:53:22,1.08,6.94,75.40,937.58,197
2/1/2014 16:53:52,2/1/2014,16:53:52,2.02,7.00,74.40,937.50,334
2/1/2014 16:54:22,2/1/2014,16:54:22,0.90,7.00,74.09,937.53,274
2/1/2014 16:54:52,2/1/2014,16:54:52,0.08,6.90,75.40,937.60,315
2/1/2014 16:55:22,2/1/2014,16:55:22,0.56,7.00,73.59,937.56,148
2/1/2014 16:55:52,2/1/2014,16:55:52,0.00,6.94,74.50,937.59,282
2/1/2014 16:56:22,2/1/2014,16:56:22,1.77,7.00,73.80,937.53,358
2/1/2014 16:56:52,2/1/2014,16:56:52,0.12,7.00,74.19,937.61,162
2/1/2014 16:57:22,2/1/2014,16:57:22,0.76,7.00,73.50,937.57,324
2/1/2014 16:57:52,2/1/2014,16:57:52,0.00,6.90,75.09,937.68,277
2/1/2014 16:58:22,2/1/2014,16:58:22,0.00,6.94,74.19,937.69,184
2/1/2014 16:58:52,2/1/2014,16:58:52,1.26,7.00,73.40,937.64,277
2/1/2014 16:59:22,2/1/2014,16:59:22,0.33,6.94,74.40,937.65,35
2/1/2014 16:59:52,2/1/2014,16:59:52,0.86,7.00,73.19,937.66,341
2/1/2014 17:00:22,2/1/2014,17:00:22,1.12,7.00,73.40,937.67,192
2/1/2014 17:00:52,2/1/2014,17:00:52,0.22,6.94,73.59,937.65,67
2/1/2014 17:01:22,2/1/2014,17:01:22,0.00,6.90,74.30,937.67,147
2/1/2014 17:01:52,2/1/2014,17:01:52,0.00,6.87,74.59,937.74,176
2/1/2014 17:02:22,2/1/2014,17:02:22,0.00,6.90,74.40,937.71,170
2/1/2014 17:02:52,2/1/2014,17:02:52,2.90,7.07,74.30,937.69,204
2/1/2014 17:03:22,2/1/2014,17:03:22,0.23,6.90,74.40,937.66,22
2/1/2014 17:03:52,2/1/2014,17:03:52,0.24,6.90,74.80,937.69,294
2/1/2014 17:04:22,2/1/2014,17:04:22,1.79,7.07,73.30,937.57,168
2/1/2014 17:04:52,2/1/2014,17:04:52,0.08,7.00,73.59,937.68,151
2/1/2014 17:05:22,2/1/2014,17:05:22,0.00,7.00,74.30,937.70,208
2/1/2014 17:05:52,2/1/2014,17:05:52,1.66,7.15,72.90,937.61,280
2/1/2014 17:06:22,2/1/2014,17:06:22,3.55,7.22,73.09,937.52,260
2/1/2014 17:06:52,2/1/2014,17:06:52,3.58,7.34,71.59,937.52,239
2/1/2014 17:07:22,2/1/2014,17:07:22,4.27,7.47,70.59,937.56,275
2/1/2014 17:07:52,2/1/2014,17:07:52,2.73,7.34,72.09,937.60,214
2/1/2014 17:08:22,2/1/2014,17:08:22,4.52,7.50,70.80,937.57,226
2/1/2014 17:08:52,2/1/2014,17:08:52,4.19,7.47,71.30,937.59,290
2/1/2014 17:09:22,2/1/2014,17:09:22,2.66,7.42,71.40,937.66,241
2/1/2014 17:09:52,2/1/2014,17:09:52,4.29,7.47,70.80,937.62,250
2/1/2014 17:10:22,2/1/2014,17:10:22,3.36,7.55,70.19,937.61,241
2/1/2014 17:10:52,2/1/2014,17:10:52,3.81,7.47,71.00,937.52,247
2/1/2014 17:11:22,2/1/2014,17:11:22,5.74,7.62,69.69,937.49,244
2/1/2014 17:11:52,2/1/2014,17:11:52,5.34,7.62,69.40,937.49,246
2/1/2014 17:12:22,2/1/2014,17:12:22,5.92,7.62,69.30,937.50,259
2/1/2014 17:12:52,2/1/2014,17:12:52,6.51,7.77,67.69,937.43,257
2/1/2014 17:13:22,2/1/2014,17:13:22,4.92,7.75,68.19,937.52,235
2/1/2014 17:13:52,2/1/2014,17:13:52,2.45,7.62,68.80,937.60,184
2/1/2014 17:14:22,2/1/2014,17:14:22,2.44,7.57,69.69,937.60,352
2/1/2014 17:14:52,2/1/2014,17:14:52,2.52,7.55,69.59,937.60,228
2/1/2014 17:15:22,2/1/2014,17:15:22,2.84,7.55,69.69,937.61,240
2/1/2014 17:15:52,2/1/2014,17:15:52,0.00,7.57,70.50,937.68,261
2/1/2014 17:16:22,2/1/2014,17:16:22,0.00,7.62,69.00,937.71,249
2/1/2014 17:16:52,2/1/2014,17:16:52,0.00,7.57,69.40,937.75,190
2/1/2014 17:17:22,2/1/2014,17:17:22,0.00,7.69,68.40,937.69,185
2/1/2014 17:17:52,2/1/2014,17:17:52,0.00,7.65,68.50,937.75,264
2/1/2014 17:18:22,2/1/2014,17:18:22,0.00,7.69,68.00,937.69,180
2/1/2014 17:18:52,2/1/2014,17:18:52,0.00,7.65,68.50,937.75,212
2/1/2014 17:19:22,2/1/2014,17:19:22,0.00,7.65,69.19,937.81,185
2/1/2014 17:19:52,2/1/2014,17:19:52,0.00,7.69,68.40,937.75,221
2/1/2014 17:20:22,2/1/2014,17:20:22,0.00,7.69,68.19,937.82,253
2/1/2014 17:20:52,2/1/2014,17:20:52,0.00,7.69,67.50,937.82,245
2/1/2014 17:21:22,2/1/2014,17:21:22,0.00,7.75,66.90,937.78,189
2/1/2014 17:21:52,2/1/2014,17:21:52,0.00,7.55,68.80,937.79,245
2/1/2014 17:22:22,2/1/2014,17:22:22,0.00,7.62,68.50,937.79,235
2/1/2014 17:22:52,2/1/2014,17:22:52,0.00,7.62,67.80,937.79,233
2/1/2014 17:23:22,2/1/2014,17:23:22,0.00,7.62,67.30,937.79,240
2/1/2014 17:23:52,2/1/2014,17:23:52,0.00,7.47,69.00,937.83,331
2/1/2014 17:24:22,2/1/2014,17:24:22,0.00,7.69,67.19,937.82,193
2/1/2014 17:24:52,2/1/2014,17:24:52,0.00,7.55,67.80,937.81,198
2/1/2014 17:25:22,2/1/2014,17:25:22,0.00,7.55,68.00,937.85,231
2/1/2014 17:25:52,2/1/2014,17:25:52,0.00,7.62,67.80,937.87,248
2/1/2014 17:26:22,2/1/2014,17:26:22,0.00,7.55,67.80,937.88,211
