DateTime,Date,Time,Wind,Temperature,Humidity,Pressure,Direction
[MM/DD/YYYY hh:mm:ss],[MM/DD/YYYY],[hh:mm:ss],[m/s],[°C],[¡rH],[hPa],[¡N]
4/22/2013 12:45:27,4/22/2013,12:45:27,3.47,15.75,51.90,955.30,225
4/22/2013 12:45:42,4/22/2013,12:45:42,3.15,15.25,55.00,955.32,223
4/22/2013 12:45:57,4/22/2013,12:45:57,3.95,14.89,55.59,955.32,239
4/22/2013 12:46:12,4/22/2013,12:46:12,4.04,14.64,56.29,955.32,252
4/22/2013 12:46:27,4/22/2013,12:46:27,4.90,14.30,56.79,955.36,233
4/22/2013 12:46:42,4/22/2013,12:46:42,4.73,14.22,57.90,955.37,245
4/22/2013 12:46:57,4/22/2013,12:46:57,4.38,14.17,58.09,955.37,270
4/22/2013 12:47:12,4/22/2013,12:47:12,4.51,14.14,59.29,955.38,252
4/22/2013 12:47:27,4/22/2013,12:47:27,4.12,14.02,58.50,955.38,248
4/22/2013 12:47:42,4/22/2013,12:47:42,4.42,13.77,58.50,955.39,253
4/22/2013 12:47:57,4/22/2013,12:47:57,3.52,13.94,59.50,955.42,260
4/22/2013 12:48:12,4/22/2013,12:48:12,4.11,13.77,59.29,955.43,264
4/22/2013 12:48:27,4/22/2013,12:48:27,5.09,13.47,59.20,955.40,249
4/22/2013 12:48:42,4/22/2013,12:48:42,3.81,13.62,60.50,955.40,255
4/22/2013 12:48:57,4/22/2013,12:48:57,5.06,13.47,60.29,955.39,259
4/22/2013 12:49:12,4/22/2013,12:49:12,4.19,13.60,61.50,955.43,246
4/22/2013 12:49:27,4/22/2013,12:49:27,3.81,13.62,61.59,955.42,253
4/22/2013 12:49:42,4/22/2013,12:49:42,4.92,13.35,61.09,955.42,267
4/22/2013 12:49:57,4/22/2013,12:49:57,5.09,13.30,61.59,955.40,245
4/22/2013 12:50:12,4/22/2013,12:50:12,5.17,13.14,61.90,955.42,243
4/22/2013 12:50:27,4/22/2013,12:50:27,4.90,13.14,61.90,955.42,259
4/22/2013 12:50:42,4/22/2013,12:50:42,4.92,13.00,61.70,955.39,225
4/22/2013 12:50:57,4/22/2013,12:50:57,5.60,12.92,62.00,955.37,254
4/22/2013 12:51:12,4/22/2013,12:51:12,5.33,12.92,62.40,955.36,245
4/22/2013 12:51:27,4/22/2013,12:51:27,5.01,12.94,62.50,955.39,267
4/22/2013 12:51:42,4/22/2013,12:51:42,4.36,13.00,62.59,955.39,254
4/22/2013 12:51:57,4/22/2013,12:51:57,3.90,13.12,63.09,955.39,249
4/22/2013 12:52:12,4/22/2013,12:52:12,3.54,13.22,63.09,955.39,280
4/22/2013 12:52:27,4/22/2013,12:52:27,3.55,13.07,62.29,955.38,258
4/22/2013 12:52:42,4/22/2013,12:52:42,3.84,13.19,62.90,955.37,271
4/22/2013 12:52:57,4/22/2013,12:52:57,3.45,13.22,62.79,955.37,234
4/22/2013 12:53:12,4/22/2013,12:53:12,2.62,13.47,64.30,955.37,259
4/22/2013 12:53:27,4/22/2013,12:53:27,2.94,13.42,63.40,955.38,244
4/22/2013 12:53:42,4/22/2013,12:53:42,2.95,13.35,63.09,955.37,244
4/22/2013 12:53:57,4/22/2013,12:53:57,3.94,13.14,62.09,955.37,256
4/22/2013 12:54:12,4/22/2013,12:54:12,3.08,13.27,62.59,955.38,206
4/22/2013 12:54:27,4/22/2013,12:54:27,3.74,13.14,62.29,955.39,247
4/22/2013 12:54:42,4/22/2013,12:54:42,4.09,13.12,62.90,955.39,245
4/22/2013 12:54:57,4/22/2013,12:54:57,4.04,13.14,62.90,955.38,246
4/22/2013 12:55:12,4/22/2013,12:55:12,4.27,13.12,62.40,955.36,270
4/22/2013 12:55:27,4/22/2013,12:55:27,3.91,13.14,62.50,955.37,264
4/22/2013 12:55:42,4/22/2013,12:55:42,3.86,13.35,62.90,955.36,242
4/22/2013 12:55:57,4/22/2013,12:55:57,4.60,13.14,63.00,955.37,260
4/22/2013 12:56:12,4/22/2013,12:56:12,5.41,12.87,62.40,955.36,273
4/22/2013 12:56:27,4/22/2013,12:56:27,4.72,12.94,62.79,955.39,260
4/22/2013 12:56:42,4/22/2013,12:56:42,5.77,12.75,62.59,955.37,264
4/22/2013 12:56:57,4/22/2013,12:56:57,4.84,12.80,62.70,955.40,262
4/22/2013 12:57:12,4/22/2013,12:57:12,4.90,12.92,63.79,955.40,266
4/22/2013 12:57:27,4/22/2013,12:57:27,3.74,13.19,64.40,955.44,261
4/22/2013 12:57:42,4/22/2013,12:57:42,3.73,13.07,63.29,955.42,253
4/22/2013 12:57:57,4/22/2013,12:57:57,5.49,12.85,63.20,955.37,249
4/22/2013 12:58:12,4/22/2013,12:58:12,5.10,12.85,62.90,955.39,252
4/22/2013 12:58:27,4/22/2013,12:58:27,4.26,12.92,63.20,955.39,247
4/22/2013 12:58:42,4/22/2013,12:58:42,3.66,12.94,63.70,955.38,241
4/22/2013 12:58:57,4/22/2013,12:58:57,4.81,12.85,64.59,955.36,255
4/22/2013 12:59:12,4/22/2013,12:59:12,4.97,12.67,63.00,955.37,275
4/22/2013 12:59:27,4/22/2013,12:59:27,4.91,12.67,63.20,955.38,259
4/22/2013 12:59:42,4/22/2013,12:59:42,4.66,12.60,63.09,955.39,268
4/22/2013 12:59:57,4/22/2013,12:59:57,3.54,12.75,64.09,955.37,263
4/22/2013 13:00:12,4/22/2013,13:00:12,4.97,12.60,63.50,955.36,278
4/22/2013 13:00:27,4/22/2013,13:00:27,4.94,12.47,63.50,955.34,269
4/22/2013 13:00:42,4/22/2013,13:00:42,5.04,12.64,64.30,955.35,263
4/22/2013 13:00:57,4/22/2013,13:00:57,4.63,12.60,63.70,955.37,291
4/22/2013 13:01:12,4/22/2013,13:01:12,4.42,12.55,63.70,955.36,250
4/22/2013 13:01:27,4/22/2013,13:01:27,4.52,12.55,63.90,955.36,271
4/22/2013 13:01:42,4/22/2013,13:01:42,3.97,12.60,63.79,955.35,268
4/22/2013 13:01:57,4/22/2013,13:01:57,4.13,12.55,64.09,955.34,269
4/22/2013 13:02:12,4/22/2013,13:02:12,4.34,12.52,64.30,955.35,264
4/22/2013 13:02:27,4/22/2013,13:02:27,3.52,12.67,65.19,955.32,252
4/22/2013 13:02:42,4/22/2013,13:02:42,3.88,12.55,65.00,955.31,255
4/22/2013 13:02:57,4/22/2013,13:02:57,4.06,12.55,65.50,955.31,249
4/22/2013 13:03:12,4/22/2013,13:03:12,3.67,12.55,65.19,955.31,250
4/22/2013 13:03:27,4/22/2013,13:03:27,3.91,12.44,64.69,955.31,235
4/22/2013 13:03:42,4/22/2013,13:03:42,4.23,12.37,64.80,955.29,220
4/22/2013 13:03:57,4/22/2013,13:03:57,4.41,12.37,65.59,955.29,254
4/22/2013 13:04:12,4/22/2013,13:04:12,3.99,12.44,65.50,955.29,250
4/22/2013 13:04:27,4/22/2013,13:04:27,4.08,12.39,65.40,955.30,255
4/22/2013 13:04:42,4/22/2013,13:04:42,3.69,12.44,65.90,955.29,244
4/22/2013 13:04:57,4/22/2013,13:04:57,5.70,12.19,65.69,955.24,243
4/22/2013 13:05:12,4/22/2013,13:05:12,5.97,12.12,65.69,955.23,266
4/22/2013 13:05:27,4/22/2013,13:05:27,5.60,12.19,66.19,955.24,248
4/22/2013 13:05:42,4/22/2013,13:05:42,3.99,12.32,66.50,955.26,255
4/22/2013 13:05:57,4/22/2013,13:05:57,4.52,12.27,66.30,955.24,260
4/22/2013 13:06:12,4/22/2013,13:06:12,5.26,12.17,66.19,955.21,250
4/22/2013 13:06:27,4/22/2013,13:06:27,4.94,12.19,67.30,955.24,242
4/22/2013 13:06:42,4/22/2013,13:06:42,5.06,12.19,66.90,955.28,252
4/22/2013 13:06:57,4/22/2013,13:06:57,3.99,12.27,67.09,955.27,236
4/22/2013 13:07:12,4/22/2013,13:07:12,4.38,12.25,66.69,955.28,247
4/22/2013 13:07:27,4/22/2013,13:07:27,6.06,12.12,66.59,955.22,257
4/22/2013 13:07:42,4/22/2013,13:07:42,4.98,12.17,66.69,955.22,248
4/22/2013 13:07:57,4/22/2013,13:07:57,3.73,12.32,67.50,955.26,245
4/22/2013 13:08:12,4/22/2013,13:08:12,4.49,12.12,66.50,955.29,241
4/22/2013 13:08:27,4/22/2013,13:08:27,3.70,12.27,67.50,955.27,252
4/22/2013 13:08:42,4/22/2013,13:08:42,3.58,12.25,67.19,955.26,254
4/22/2013 13:08:57,4/22/2013,13:08:57,3.01,12.27,67.30,955.27,257
4/22/2013 13:09:12,4/22/2013,13:09:12,3.40,12.37,67.69,955.26,269
4/22/2013 13:09:27,4/22/2013,13:09:27,4.15,12.17,66.69,955.26,238
4/22/2013 13:09:42,4/22/2013,13:09:42,5.87,12.00,66.59,955.24,239
4/22/2013 13:09:57,4/22/2013,13:09:57,5.69,11.97,66.90,955.20,244
4/22/2013 13:10:12,4/22/2013,13:10:12,4.51,12.00,67.09,955.26,255
4/22/2013 13:10:27,4/22/2013,13:10:27,4.80,11.97,67.19,955.24,249
4/22/2013 13:10:42,4/22/2013,13:10:42,5.13,11.92,67.19,955.22,252
4/22/2013 13:10:57,4/22/2013,13:10:57,5.79,11.80,66.80,955.19,242
4/22/2013 13:11:12,4/22/2013,13:11:12,5.08,11.89,67.69,955.20,254
4/22/2013 13:11:27,4/22/2013,13:11:27,7.16,11.64,66.69,955.18,206
4/22/2013 13:11:42,4/22/2013,13:11:42,6.87,11.64,67.09,955.13,252
4/22/2013 13:11:57,4/22/2013,13:11:57,4.98,11.80,67.80,955.19,234
4/22/2013 13:12:12,4/22/2013,13:12:12,5.66,11.72,67.30,955.18,234
4/22/2013 13:12:27,4/22/2013,13:12:27,4.91,11.80,67.69,955.19,243
4/22/2013 13:12:42,4/22/2013,13:12:42,5.63,11.72,66.80,955.15,248
4/22/2013 13:12:57,4/22/2013,13:12:57,4.70,11.85,67.19,955.18,255
4/22/2013 13:13:12,4/22/2013,13:13:12,5.38,11.80,67.19,955.15,245
4/22/2013 13:13:27,4/22/2013,13:13:27,5.49,11.77,66.90,955.14,247
4/22/2013 13:13:42,4/22/2013,13:13:42,4.29,11.89,67.30,955.15,239
4/22/2013 13:13:57,4/22/2013,13:13:57,3.63,12.05,68.19,955.15,241
4/22/2013 13:14:12,4/22/2013,13:14:12,3.62,12.05,67.59,955.15,227
4/22/2013 13:14:27,4/22/2013,13:14:27,2.99,12.12,67.90,955.16,230
4/22/2013 13:14:42,4/22/2013,13:14:42,3.41,12.17,67.69,955.14,228
4/22/2013 13:14:57,4/22/2013,13:14:57,3.70,12.25,67.50,955.14,258
4/22/2013 13:15:12,4/22/2013,13:15:12,3.30,12.37,68.09,955.12,233
4/22/2013 13:15:27,4/22/2013,13:15:27,4.12,12.25,66.59,955.12,251
4/22/2013 13:15:42,4/22/2013,13:15:42,4.42,12.27,67.09,955.11,239
4/22/2013 13:15:57,4/22/2013,13:15:57,3.66,12.27,66.90,955.10,244
4/22/2013 13:16:12,4/22/2013,13:16:12,3.92,12.37,67.09,955.11,238
4/22/2013 13:16:27,4/22/2013,13:16:27,3.36,12.47,67.50,955.10,239
4/22/2013 13:16:42,4/22/2013,13:16:42,4.06,12.47,66.90,955.06,253
4/22/2013 13:16:57,4/22/2013,13:16:57,3.47,12.67,66.69,955.06,265
4/22/2013 13:17:12,4/22/2013,13:17:12,3.02,12.75,66.69,955.07,266
4/22/2013 13:17:27,4/22/2013,13:17:27,5.23,12.37,65.19,955.06,264
4/22/2013 13:17:42,4/22/2013,13:17:42,4.44,12.39,65.30,955.10,268
4/22/2013 13:17:57,4/22/2013,13:17:57,3.83,12.60,66.00,955.08,264
4/22/2013 13:18:12,4/22/2013,13:18:12,3.76,12.75,66.09,955.10,262
4/22/2013 13:18:27,4/22/2013,13:18:27,3.67,12.67,65.40,955.11,252
4/22/2013 13:18:42,4/22/2013,13:18:42,3.59,12.75,66.09,955.11,268
4/22/2013 13:18:57,4/22/2013,13:18:57,4.97,12.52,65.69,955.05,259
4/22/2013 13:19:12,4/22/2013,13:19:12,4.11,12.64,66.59,955.05,270
4/22/2013 13:19:27,4/22/2013,13:19:27,4.17,12.55,65.80,955.08,271
4/22/2013 13:19:42,4/22/2013,13:19:42,5.47,12.27,65.30,955.06,238
4/22/2013 13:19:57,4/22/2013,13:19:57,5.19,12.32,65.80,955.06,255
4/22/2013 13:20:12,4/22/2013,13:20:12,4.63,12.47,66.80,955.05,245
4/22/2013 13:20:27,4/22/2013,13:20:27,6.44,12.12,65.80,955.00,257
4/22/2013 13:20:42,4/22/2013,13:20:42,4.44,12.27,66.59,955.04,240
4/22/2013 13:20:57,4/22/2013,13:20:57,5.59,12.12,65.90,955.02,263
4/22/2013 13:21:12,4/22/2013,13:21:12,5.73,12.12,66.69,955.02,235
4/22/2013 13:21:27,4/22/2013,13:21:27,5.58,12.05,66.50,955.00,243
4/22/2013 13:21:42,4/22/2013,13:21:42,5.92,12.05,67.00,954.98,246
4/22/2013 13:21:57,4/22/2013,13:21:57,4.88,12.05,66.80,955.04,249
4/22/2013 13:22:12,4/22/2013,13:22:12,3.84,12.19,67.19,955.04,259
4/22/2013 13:22:27,4/22/2013,13:22:27,3.81,12.19,67.69,955.04,239
4/22/2013 13:22:42,4/22/2013,13:22:42,3.81,12.27,68.69,955.00,250
4/22/2013 13:22:57,4/22/2013,13:22:57,3.06,12.37,68.09,955.02,258
4/22/2013 13:22:42,4/22/2013,13:22:42,3.81,12.27,68.69,955.00,250
4/22/2013 13:22:57,4/22/2013,13:22:57,3.06,12.37,68.09,955.02,258
4/22/2013 13:23:12,4/22/2013,13:23:12,4.42,12.05,66.69,955.00,243
4/22/2013 13:23:27,4/22/2013,13:23:27,5.19,12.00,67.09,954.96,269
4/22/2013 13:23:42,4/22/2013,13:23:42,5.05,11.97,67.50,954.97,254
4/22/2013 13:23:57,4/22/2013,13:23:57,4.02,12.05,67.80,954.99,255
4/22/2013 13:24:12,4/22/2013,13:24:12,3.95,12.12,67.80,954.99,280
4/22/2013 13:24:27,4/22/2013,13:24:27,4.87,12.05,67.59,954.99,263
4/22/2013 13:24:42,4/22/2013,13:24:42,4.76,12.05,67.80,955.02,270
4/22/2013 13:24:57,4/22/2013,13:24:57,4.36,12.05,67.80,955.00,263
4/22/2013 13:25:12,4/22/2013,13:25:12,3.29,12.19,69.09,955.02,230
4/22/2013 13:25:27,4/22/2013,13:25:27,3.12,12.17,68.50,955.03,240
4/22/2013 13:25:42,4/22/2013,13:25:42,3.38,12.10,68.00,955.02,249
4/22/2013 13:25:57,4/22/2013,13:25:57,4.19,11.97,67.90,954.99,238
4/22/2013 13:26:12,4/22/2013,13:26:12,3.90,11.92,67.69,955.00,229
4/22/2013 13:26:27,4/22/2013,13:26:27,3.56,11.89,68.09,954.99,235
4/22/2013 13:26:42,4/22/2013,13:26:42,3.40,11.92,68.09,954.99,248
4/22/2013 13:26:57,4/22/2013,13:26:57,3.54,11.92,68.00,954.99,269
4/22/2013 13:27:12,4/22/2013,13:27:12,2.20,12.10,68.59,955.02,247
4/22/2013 13:27:27,4/22/2013,13:27:27,2.48,12.12,69.19,955.02,252
4/22/2013 13:27:42,4/22/2013,13:27:42,3.55,11.92,68.00,954.99,255
4/22/2013 13:27:57,4/22/2013,13:27:57,3.47,11.92,67.90,954.97,257
4/22/2013 13:28:12,4/22/2013,13:28:12,2.99,12.00,68.59,954.95,258
4/22/2013 13:28:27,4/22/2013,13:28:27,3.04,12.05,68.30,954.96,236
4/22/2013 13:28:42,4/22/2013,13:28:42,3.90,11.92,68.19,954.96,245
4/22/2013 13:28:57,4/22/2013,13:28:57,3.17,12.05,68.69,954.93,240
4/22/2013 13:29:12,4/22/2013,13:29:12,2.79,12.12,68.80,954.95,250
4/22/2013 13:29:27,4/22/2013,13:29:27,4.02,12.05,68.50,954.95,241
4/22/2013 13:29:42,4/22/2013,13:29:42,3.38,12.12,68.30,954.93,250
4/22/2013 13:29:57,4/22/2013,13:29:57,3.23,12.19,69.40,954.93,222
4/22/2013 13:30:12,4/22/2013,13:30:12,3.88,12.12,68.80,954.91,251
4/22/2013 13:30:27,4/22/2013,13:30:27,4.56,12.00,67.69,954.93,239
4/22/2013 13:30:42,4/22/2013,13:30:42,4.33,12.12,68.50,954.93,249
4/22/2013 13:30:57,4/22/2013,13:30:57,5.40,11.97,67.80,954.90,275
4/22/2013 13:31:12,4/22/2013,13:31:12,4.20,12.05,68.40,954.91,256
4/22/2013 13:31:27,4/22/2013,13:31:27,3.88,12.19,68.30,954.90,260
4/22/2013 13:31:42,4/22/2013,13:31:42,4.38,12.10,68.00,954.93,269
4/22/2013 13:31:57,4/22/2013,13:31:57,4.59,12.12,68.19,954.95,253
4/22/2013 13:32:12,4/22/2013,13:32:12,3.66,12.27,68.90,954.92,262
4/22/2013 13:32:27,4/22/2013,13:32:27,2.97,12.37,68.90,954.95,211
4/22/2013 13:32:42,4/22/2013,13:32:42,3.04,12.32,68.69,954.93,235
4/22/2013 13:32:57,4/22/2013,13:32:57,4.80,12.12,68.40,954.90,239
4/22/2013 13:33:12,4/22/2013,13:33:12,5.51,11.89,67.80,954.89,242
4/22/2013 13:33:27,4/22/2013,13:33:27,3.80,12.12,69.19,954.93,222
4/22/2013 13:33:42,4/22/2013,13:33:42,4.76,11.97,68.30,954.95,218
4/22/2013 13:33:57,4/22/2013,13:33:57,3.56,12.12,68.80,954.93,247
4/22/2013 13:34:12,4/22/2013,13:34:12,3.40,12.17,68.30,954.93,220
4/22/2013 13:34:27,4/22/2013,13:34:27,3.90,12.12,68.50,954.95,242
4/22/2013 13:34:42,4/22/2013,13:34:42,3.49,12.12,68.30,954.93,246
4/22/2013 13:34:57,4/22/2013,13:34:57,3.38,12.12,68.09,954.95,243
4/22/2013 13:35:12,4/22/2013,13:35:12,5.24,11.97,68.19,954.91,232
4/22/2013 13:35:27,4/22/2013,13:35:27,5.66,11.92,68.50,954.90,229
4/22/2013 13:35:42,4/22/2013,13:35:42,5.95,11.89,68.69,954.88,231
4/22/2013 13:35:57,4/22/2013,13:35:57,5.51,11.89,68.69,954.89,252
4/22/2013 13:36:12,4/22/2013,13:36:12,4.83,11.97,69.69,954.92,227
4/22/2013 13:36:27,4/22/2013,13:36:27,4.29,12.00,69.19,954.93,255
4/22/2013 13:36:42,4/22/2013,13:36:42,4.05,11.97,68.69,954.95,232
4/22/2013 13:36:57,4/22/2013,13:36:57,3.74,11.97,68.69,954.92,256
4/22/2013 13:37:12,4/22/2013,13:37:12,4.76,11.89,68.59,954.93,235
4/22/2013 13:37:27,4/22/2013,13:37:27,3.87,11.97,69.19,954.92,260
4/22/2013 13:37:42,4/22/2013,13:37:42,3.62,11.97,69.00,954.91,244
4/22/2013 13:37:57,4/22/2013,13:37:57,2.61,12.19,70.00,954.93,264
4/22/2013 13:38:12,4/22/2013,13:38:12,2.79,12.19,69.69,954.95,236
4/22/2013 13:38:27,4/22/2013,13:38:27,4.09,12.05,69.09,954.92,244
4/22/2013 13:38:42,4/22/2013,13:38:42,4.47,11.89,68.59,954.93,245
4/22/2013 13:38:57,4/22/2013,13:38:57,3.49,12.05,69.19,954.92,254
4/22/2013 13:39:12,4/22/2013,13:39:12,4.84,11.97,69.00,954.92,226
4/22/2013 13:39:27,4/22/2013,13:39:27,4.67,11.85,69.09,954.95,223
4/22/2013 13:39:42,4/22/2013,13:39:42,4.27,11.89,70.00,954.91,238
4/22/2013 13:39:57,4/22/2013,13:39:57,5.60,11.80,69.80,954.88,251
4/22/2013 13:40:12,4/22/2013,13:40:12,5.47,11.72,69.90,954.87,221
4/22/2013 13:40:27,4/22/2013,13:40:27,5.55,11.72,70.09,954.87,233
4/22/2013 13:40:42,4/22/2013,13:40:42,4.41,11.72,70.80,954.89,225
4/22/2013 13:40:57,4/22/2013,13:40:57,4.30,11.80,70.80,954.89,240
4/22/2013 13:41:12,4/22/2013,13:41:12,4.48,11.80,70.69,954.91,248
4/22/2013 13:41:27,4/22/2013,13:41:27,5.54,11.69,70.59,954.88,253
4/22/2013 13:41:42,4/22/2013,13:41:42,5.30,11.69,70.80,954.89,241
4/22/2013 13:41:57,4/22/2013,13:41:57,5.09,11.64,70.80,954.91,230
4/22/2013 13:42:12,4/22/2013,13:42:12,4.11,11.72,70.59,954.93,219
4/22/2013 13:42:27,4/22/2013,13:42:27,5.76,11.57,70.59,954.90,247
4/22/2013 13:42:42,4/22/2013,13:42:42,4.22,11.72,71.09,954.93,245
4/22/2013 13:42:57,4/22/2013,13:42:57,4.24,11.77,71.59,954.95,229
4/22/2013 13:43:12,4/22/2013,13:43:12,4.06,11.72,71.09,954.93,218
4/22/2013 13:43:27,4/22/2013,13:43:27,6.59,11.50,70.80,954.91,222
4/22/2013 13:43:42,4/22/2013,13:43:42,5.70,11.57,71.30,954.90,221
4/22/2013 13:43:57,4/22/2013,13:43:57,6.59,11.50,71.00,954.85,231
4/22/2013 13:44:12,4/22/2013,13:44:12,6.38,11.42,71.00,954.84,222
4/22/2013 13:44:27,4/22/2013,13:44:27,6.30,11.42,71.09,954.83,234
4/22/2013 13:44:42,4/22/2013,13:44:42,5.97,11.44,71.50,954.84,231
4/22/2013 13:44:57,4/22/2013,13:44:57,5.01,11.50,71.40,954.88,240
4/22/2013 13:45:12,4/22/2013,13:45:12,4.11,11.52,71.80,954.88,252
4/22/2013 13:45:27,4/22/2013,13:45:27,4.30,11.50,71.40,954.91,225
4/22/2013 13:45:42,4/22/2013,13:45:42,4.12,11.57,71.90,954.88,225
4/22/2013 13:45:57,4/22/2013,13:45:57,4.49,11.50,71.80,954.85,230
4/22/2013 13:46:12,4/22/2013,13:46:12,5.26,11.50,71.80,954.83,221
4/22/2013 13:46:27,4/22/2013,13:46:27,4.41,11.52,72.30,954.85,228
4/22/2013 13:46:42,4/22/2013,13:46:42,3.88,11.57,72.40,954.83,228
4/22/2013 13:46:57,4/22/2013,13:46:57,5.20,11.50,72.19,954.83,216
4/22/2013 13:47:12,4/22/2013,13:47:12,6.33,11.42,72.19,954.77,237
4/22/2013 13:47:27,4/22/2013,13:47:27,6.29,11.32,71.59,954.76,233
4/22/2013 13:47:42,4/22/2013,13:47:42,5.42,11.42,71.90,954.77,234
4/22/2013 13:47:57,4/22/2013,13:47:57,4.60,11.50,72.59,954.82,229
4/22/2013 13:48:12,4/22/2013,13:48:12,4.36,11.57,73.09,954.82,247
4/22/2013 13:48:27,4/22/2013,13:48:27,5.81,11.42,71.90,954.80,244
4/22/2013 13:48:42,4/22/2013,13:48:42,5.20,11.44,72.09,954.80,261
4/22/2013 13:48:57,4/22/2013,13:48:57,3.95,11.52,71.90,954.79,255
4/22/2013 13:49:12,4/22/2013,13:49:12,2.91,11.64,72.19,954.81,249
4/22/2013 13:49:27,4/22/2013,13:49:27,3.19,11.69,72.09,954.81,243
4/22/2013 13:49:42,4/22/2013,13:49:42,3.11,11.77,71.90,954.77,248
4/22/2013 13:49:57,4/22/2013,13:49:57,4.48,11.72,71.50,954.77,244
4/22/2013 13:50:12,4/22/2013,13:50:12,3.90,11.77,71.50,954.79,244
4/22/2013 13:50:27,4/22/2013,13:50:27,3.04,11.89,72.30,954.79,238
4/22/2013 13:50:42,4/22/2013,13:50:42,3.66,11.85,71.50,954.79,236
4/22/2013 13:50:57,4/22/2013,13:50:57,4.73,11.80,71.40,954.77,238
4/22/2013 13:51:12,4/22/2013,13:51:12,4.69,11.85,71.69,954.77,248
4/22/2013 13:51:27,4/22/2013,13:51:27,4.42,11.80,70.90,954.75,228
4/22/2013 13:51:42,4/22/2013,13:51:42,3.65,11.80,70.30,954.75,229
4/22/2013 13:51:57,4/22/2013,13:51:57,5.31,11.80,71.00,954.71,245
4/22/2013 13:52:12,4/22/2013,13:52:12,5.10,11.97,71.00,954.71,247
4/22/2013 13:52:27,4/22/2013,13:52:27,4.26,12.00,70.59,954.73,245
4/22/2013 13:52:42,4/22/2013,13:52:42,4.12,12.05,70.69,954.69,238
4/22/2013 13:52:57,4/22/2013,13:52:57,5.35,11.97,70.40,954.68,244
4/22/2013 13:53:12,4/22/2013,13:53:12,4.73,12.05,70.59,954.68,238
4/22/2013 13:53:27,4/22/2013,13:53:27,4.42,12.12,70.50,954.71,259
4/22/2013 13:53:42,4/22/2013,13:53:42,2.73,12.44,71.30,954.71,227
4/22/2013 13:53:57,4/22/2013,13:53:57,4.06,12.25,69.80,954.68,210
4/22/2013 13:54:12,4/22/2013,13:54:12,3.98,12.60,71.90,954.65,241
4/22/2013 13:54:27,4/22/2013,13:54:27,2.77,12.72,70.59,954.65,235
4/22/2013 13:54:42,4/22/2013,13:54:42,3.61,12.52,69.09,954.64,221
4/22/2013 13:54:57,4/22/2013,13:54:57,4.17,12.60,69.30,954.64,245
4/22/2013 13:55:12,4/22/2013,13:55:12,4.19,12.80,69.80,954.63,239
4/22/2013 13:55:27,4/22/2013,13:55:27,3.99,12.80,69.40,954.63,239
4/22/2013 13:55:42,4/22/2013,13:55:42,4.92,12.67,68.19,954.60,236
4/22/2013 13:55:57,4/22/2013,13:55:57,4.01,12.87,68.69,954.61,242
4/22/2013 13:56:12,4/22/2013,13:56:12,3.99,12.80,67.90,954.61,232
4/22/2013 13:56:27,4/22/2013,13:56:27,3.12,13.00,68.30,954.63,234
4/22/2013 13:56:42,4/22/2013,13:56:42,3.12,13.22,69.59,954.61,260
4/22/2013 13:56:57,4/22/2013,13:56:57,3.31,13.19,67.90,954.57,247
4/22/2013 13:57:12,4/22/2013,13:57:12,3.37,13.22,68.19,954.57,222
4/22/2013 13:57:27,4/22/2013,13:57:27,3.44,13.42,68.19,954.57,200
4/22/2013 13:57:42,4/22/2013,13:57:42,3.40,13.47,67.59,954.52,253
4/22/2013 13:57:57,4/22/2013,13:57:57,4.22,13.47,67.69,954.53,254
4/22/2013 13:58:12,4/22/2013,13:58:12,4.41,13.39,67.19,954.53,203
4/22/2013 13:58:27,4/22/2013,13:58:27,4.94,13.30,67.09,954.51,230
4/22/2013 13:58:42,4/22/2013,13:58:42,3.59,13.62,68.30,954.51,251
4/22/2013 13:58:57,4/22/2013,13:58:57,4.40,13.60,68.00,954.55,209
4/22/2013 13:59:12,4/22/2013,13:59:12,4.08,13.47,67.50,954.57,229
4/22/2013 13:59:27,4/22/2013,13:59:27,4.08,13.55,68.30,954.56,234
4/22/2013 13:59:42,4/22/2013,13:59:42,4.16,13.55,68.19,954.57,169
4/22/2013 13:59:57,4/22/2013,13:59:57,4.27,13.19,66.59,954.57,225
4/22/2013 14:00:12,4/22/2013,14:00:12,4.12,13.30,68.00,954.59,196
4/22/2013 14:00:27,4/22/2013,14:00:27,5.80,12.92,67.30,954.56,232
4/22/2013 14:00:42,4/22/2013,14:00:42,6.24,12.85,68.40,954.53,215
4/22/2013 14:00:57,4/22/2013,14:00:57,6.15,12.75,68.59,954.53,215
4/22/2013 14:01:12,4/22/2013,14:01:12,4.67,12.92,69.00,954.56,246
4/22/2013 14:01:27,4/22/2013,14:01:27,4.47,13.07,69.59,954.59,235
4/22/2013 14:01:42,4/22/2013,14:01:42,3.40,13.12,69.00,954.60,228
4/22/2013 14:01:57,4/22/2013,14:01:57,4.58,12.92,68.69,954.59,233
4/22/2013 14:02:12,4/22/2013,14:02:12,6.58,12.44,68.69,954.56,232
4/22/2013 14:02:27,4/22/2013,14:02:27,4.88,12.60,69.50,954.65,227
4/22/2013 14:02:42,4/22/2013,14:02:42,4.15,12.72,70.00,954.64,227
4/22/2013 14:02:57,4/22/2013,14:02:57,4.26,12.67,69.59,954.63,230
4/22/2013 14:03:12,4/22/2013,14:03:12,4.65,12.60,69.50,954.65,254
4/22/2013 14:03:27,4/22/2013,14:03:27,4.34,12.80,70.30,954.66,219
4/22/2013 14:03:42,4/22/2013,14:03:42,5.09,12.64,70.00,954.64,222
4/22/2013 14:03:57,4/22/2013,14:03:57,6.58,12.32,69.19,954.59,215
4/22/2013 14:04:12,4/22/2013,14:04:12,5.24,12.44,69.80,954.63,261
4/22/2013 14:04:27,4/22/2013,14:04:27,4.56,12.60,70.40,954.67,228
4/22/2013 14:04:42,4/22/2013,14:04:42,3.70,12.72,70.40,954.66,235
4/22/2013 14:04:57,4/22/2013,14:04:57,4.38,12.44,69.00,954.69,218
4/22/2013 14:05:12,4/22/2013,14:05:12,3.81,12.52,69.69,954.71,241
4/22/2013 14:05:27,4/22/2013,14:05:27,4.98,12.37,69.69,954.69,220
4/22/2013 14:05:42,4/22/2013,14:05:42,5.05,12.27,70.19,954.66,203
4/22/2013 14:05:57,4/22/2013,14:05:57,6.17,12.19,70.40,954.63,216
4/22/2013 14:06:12,4/22/2013,14:06:12,4.92,12.19,70.50,954.66,247
4/22/2013 14:06:27,4/22/2013,14:06:27,4.83,12.19,70.59,954.69,220
4/22/2013 14:06:42,4/22/2013,14:06:42,4.13,12.17,70.40,954.68,245
4/22/2013 14:06:57,4/22/2013,14:06:57,4.58,12.12,70.69,954.68,228
4/22/2013 14:07:12,4/22/2013,14:07:12,5.54,12.10,71.50,954.68,236
4/22/2013 14:07:27,4/22/2013,14:07:27,5.58,11.89,70.90,954.69,249
4/22/2013 14:07:42,4/22/2013,14:07:42,4.84,11.97,71.50,954.76,238
4/22/2013 14:07:57,4/22/2013,14:07:57,5.15,11.89,71.19,954.75,235
4/22/2013 14:08:12,4/22/2013,14:08:12,3.94,11.97,71.69,954.75,251
4/22/2013 14:08:27,4/22/2013,14:08:27,4.45,11.89,71.40,954.76,250
4/22/2013 14:08:42,4/22/2013,14:08:42,3.69,11.97,71.90,954.76,240
4/22/2013 14:08:57,4/22/2013,14:08:57,4.88,11.89,72.50,954.76,228
4/22/2013 14:09:12,4/22/2013,14:09:12,5.47,11.64,71.90,954.76,239
4/22/2013 14:09:27,4/22/2013,14:09:27,6.01,11.62,72.40,954.79,242
4/22/2013 14:09:42,4/22/2013,14:09:42,6.37,11.50,72.09,954.76,223
4/22/2013 14:09:57,4/22/2013,14:09:57,5.72,11.57,72.69,954.76,221
4/22/2013 14:10:12,4/22/2013,14:10:12,5.47,11.57,72.69,954.77,235
4/22/2013 14:10:27,4/22/2013,14:10:27,6.01,11.50,72.59,954.75,256
4/22/2013 14:10:42,4/22/2013,14:10:42,5.87,11.44,73.09,954.76,245
4/22/2013 14:10:57,4/22/2013,14:10:57,4.60,11.52,73.19,954.80,255
4/22/2013 14:11:12,4/22/2013,14:11:12,4.95,11.44,72.59,954.81,213
4/22/2013 14:11:27,4/22/2013,14:11:27,6.27,11.42,73.00,954.77,238
4/22/2013 14:11:42,4/22/2013,14:11:42,5.34,11.42,72.90,954.82,230
4/22/2013 14:11:57,4/22/2013,14:11:57,4.56,11.50,73.30,954.88,232
4/22/2013 14:12:12,4/22/2013,14:12:12,4.99,11.44,73.09,954.84,213
4/22/2013 14:12:27,4/22/2013,14:12:27,6.44,11.32,73.00,954.77,245
4/22/2013 14:12:42,4/22/2013,14:12:42,6.30,11.30,73.19,954.77,230
4/22/2013 14:12:57,4/22/2013,14:12:57,5.13,11.37,73.50,954.80,248
4/22/2013 14:13:12,4/22/2013,14:13:12,4.44,11.50,74.09,954.81,228
4/22/2013 14:13:27,4/22/2013,14:13:27,3.91,11.50,74.09,954.83,247
4/22/2013 14:13:42,4/22/2013,14:13:42,6.62,11.32,73.00,954.79,235
4/22/2013 14:13:57,4/22/2013,14:13:57,6.56,11.32,73.00,954.75,246
4/22/2013 14:14:12,4/22/2013,14:14:12,6.62,11.32,73.19,954.73,219
4/22/2013 14:14:27,4/22/2013,14:14:27,5.29,11.37,73.40,954.75,240
4/22/2013 14:14:42,4/22/2013,14:14:42,4.23,11.50,73.80,954.79,209
4/22/2013 14:14:57,4/22/2013,14:14:57,4.81,11.44,73.50,954.76,221
4/22/2013 14:15:12,4/22/2013,14:15:12,5.88,11.32,73.00,954.73,231
4/22/2013 14:15:27,4/22/2013,14:15:27,4.87,11.44,73.59,954.75,241
4/22/2013 14:15:42,4/22/2013,14:15:42,4.24,11.50,73.40,954.77,229
4/22/2013 14:15:57,4/22/2013,14:15:57,3.70,11.64,74.40,954.80,232
4/22/2013 14:16:12,4/22/2013,14:16:12,4.63,11.57,73.30,954.75,196
4/22/2013 14:16:27,4/22/2013,14:16:27,5.19,11.62,73.50,954.72,245
4/22/2013 14:16:42,4/22/2013,14:16:42,5.35,11.57,73.00,954.73,233
4/22/2013 14:16:57,4/22/2013,14:16:57,5.38,11.57,72.90,954.75,221
4/22/2013 14:17:12,4/22/2013,14:17:12,4.51,11.62,73.09,954.77,252
4/22/2013 14:17:27,4/22/2013,14:17:27,4.87,11.62,72.90,954.77,235
4/22/2013 14:17:42,4/22/2013,14:17:42,3.80,11.80,74.09,954.77,234
4/22/2013 14:17:57,4/22/2013,14:17:57,3.20,11.89,73.69,954.79,226
4/22/2013 14:18:12,4/22/2013,14:18:12,4.60,11.69,72.19,954.79,240
4/22/2013 14:18:27,4/22/2013,14:18:27,4.55,11.80,73.00,954.77,246
4/22/2013 14:18:42,4/22/2013,14:18:42,5.01,11.77,72.80,954.75,240
4/22/2013 14:18:57,4/22/2013,14:18:57,3.99,11.85,73.09,954.75,241
4/22/2013 14:19:12,4/22/2013,14:19:12,5.19,11.77,72.80,954.73,244
4/22/2013 14:19:27,4/22/2013,14:19:27,4.62,11.64,72.00,954.74,242
4/22/2013 14:19:42,4/22/2013,14:19:42,3.90,11.80,72.50,954.74,225
4/22/2013 14:19:57,4/22/2013,14:19:57,3.63,11.89,72.90,954.74,241
4/22/2013 14:20:12,4/22/2013,14:20:12,4.60,11.80,72.50,954.72,256
4/22/2013 14:20:27,4/22/2013,14:20:27,4.67,11.72,72.19,954.69,247
4/22/2013 14:20:42,4/22/2013,14:20:42,5.12,11.72,72.59,954.69,235
4/22/2013 14:20:57,4/22/2013,14:20:57,4.05,11.80,72.90,954.71,218
4/22/2013 14:21:12,4/22/2013,14:21:12,5.17,11.72,72.40,954.67,240
4/22/2013 14:21:27,4/22/2013,14:21:27,5.51,11.64,72.30,954.64,243
4/22/2013 14:21:42,4/22/2013,14:21:42,4.63,11.69,72.50,954.69,234
4/22/2013 14:21:57,4/22/2013,14:21:57,3.67,11.80,73.30,954.69,231
4/22/2013 14:22:12,4/22/2013,14:22:12,4.47,11.80,72.80,954.67,217
4/22/2013 14:22:27,4/22/2013,14:22:27,3.97,11.89,73.30,954.69,213
4/22/2013 14:22:42,4/22/2013,14:22:42,4.37,11.80,72.40,954.66,230
4/22/2013 14:22:57,4/22/2013,14:22:57,3.76,11.92,73.50,954.66,221
4/22/2013 14:23:12,4/22/2013,14:23:12,3.86,12.00,73.50,954.66,216
4/22/2013 14:23:27,4/22/2013,14:23:27,4.22,11.89,72.30,954.67,234
4/22/2013 14:23:42,4/22/2013,14:23:42,4.20,11.85,72.50,954.69,220
4/22/2013 14:23:57,4/22/2013,14:23:57,5.30,11.72,72.00,954.66,221
4/22/2013 14:24:12,4/22/2013,14:24:12,4.22,11.89,72.59,954.67,219
4/22/2013 14:24:27,4/22/2013,14:24:27,3.22,12.05,73.50,954.67,232
4/22/2013 14:24:42,4/22/2013,14:24:42,3.90,11.97,72.40,954.66,229
4/22/2013 14:24:57,4/22/2013,14:24:57,4.15,12.00,73.09,954.66,205
4/22/2013 14:25:12,4/22/2013,14:25:12,5.06,11.85,72.09,954.64,230
4/22/2013 14:25:27,4/22/2013,14:25:27,4.90,11.89,72.50,954.65,247
4/22/2013 14:25:42,4/22/2013,14:25:42,4.24,11.89,72.50,954.66,238
4/22/2013 14:25:57,4/22/2013,14:25:57,5.04,11.89,72.50,954.65,232
4/22/2013 14:26:12,4/22/2013,14:26:12,4.27,11.89,72.09,954.66,245
4/22/2013 14:26:27,4/22/2013,14:26:27,3.97,11.97,72.50,954.65,246
4/22/2013 14:26:42,4/22/2013,14:26:42,3.94,11.92,72.30,954.65,230
4/22/2013 14:26:57,4/22/2013,14:26:57,4.26,11.89,71.90,954.66,249
4/22/2013 14:27:12,4/22/2013,14:27:12,4.01,11.97,72.40,954.66,229
4/22/2013 14:27:27,4/22/2013,14:27:27,4.19,11.92,72.50,954.66,233
4/22/2013 14:27:42,4/22/2013,14:27:42,3.45,11.97,72.59,954.66,239
4/22/2013 14:27:57,4/22/2013,14:27:57,5.29,11.80,71.90,954.63,265
4/22/2013 14:28:12,4/22/2013,14:28:12,6.13,11.80,72.69,954.58,241
4/22/2013 14:28:27,4/22/2013,14:28:27,5.15,11.80,72.90,954.63,236
4/22/2013 14:28:42,4/22/2013,14:28:42,4.90,11.80,72.90,954.64,255
4/22/2013 14:28:57,4/22/2013,14:28:57,5.83,11.72,73.00,954.59,219
4/22/2013 14:29:12,4/22/2013,14:29:12,4.63,11.80,73.09,954.64,244
4/22/2013 14:29:27,4/22/2013,14:29:27,5.37,11.72,72.80,954.63,235
4/22/2013 14:29:42,4/22/2013,14:29:42,4.38,11.72,73.19,954.65,223
4/22/2013 14:29:57,4/22/2013,14:29:57,4.85,11.64,73.30,954.67,238
4/22/2013 14:30:12,4/22/2013,14:30:12,5.74,11.57,73.09,954.66,245
4/22/2013 14:30:27,4/22/2013,14:30:27,4.85,11.57,73.00,954.68,247
4/22/2013 14:30:42,4/22/2013,14:30:42,3.52,11.64,73.09,954.67,237
4/22/2013 14:30:57,4/22/2013,14:30:57,5.06,11.57,73.00,954.65,241
4/22/2013 14:31:12,4/22/2013,14:31:12,5.87,11.50,72.90,954.63,249
4/22/2013 14:31:27,4/22/2013,14:31:27,5.38,11.50,73.40,954.66,246
4/22/2013 14:31:42,4/22/2013,14:31:42,4.27,11.52,73.40,954.71,236
4/22/2013 14:31:57,4/22/2013,14:31:57,3.65,11.52,73.40,954.71,232
4/22/2013 14:32:12,4/22/2013,14:32:12,3.84,11.52,73.69,954.69,237
4/22/2013 14:32:27,4/22/2013,14:32:27,3.61,11.50,73.59,954.69,200
4/22/2013 14:32:42,4/22/2013,14:32:42,4.47,11.50,73.90,954.68,219
4/22/2013 14:32:57,4/22/2013,14:32:57,3.74,11.52,74.59,954.71,217
4/22/2013 14:33:12,4/22/2013,14:33:12,3.44,11.50,73.30,954.69,217
4/22/2013 14:33:27,4/22/2013,14:33:27,4.27,11.50,73.50,954.67,216
4/22/2013 14:33:42,4/22/2013,14:33:42,6.35,11.32,73.40,954.61,219
4/22/2013 14:33:57,4/22/2013,14:33:57,5.74,11.37,73.69,954.63,231
4/22/2013 14:34:12,4/22/2013,14:34:12,5.23,11.37,73.69,954.63,242
4/22/2013 14:34:27,4/22/2013,14:34:27,4.45,11.42,73.90,954.64,239
4/22/2013 14:34:42,4/22/2013,14:34:42,6.29,11.25,73.59,954.59,266
4/22/2013 14:34:57,4/22/2013,14:34:57,5.62,11.30,73.69,954.59,230
4/22/2013 14:35:12,4/22/2013,14:35:12,3.92,11.42,73.90,954.63,240
4/22/2013 14:35:27,4/22/2013,14:35:27,3.55,11.44,74.00,954.65,248
4/22/2013 14:35:42,4/22/2013,14:35:42,2.62,11.52,74.59,954.68,230
4/22/2013 14:35:57,4/22/2013,14:35:57,2.37,11.50,73.59,954.65,198
4/22/2013 14:36:12,4/22/2013,14:36:12,2.95,11.57,75.09,954.66,228
4/22/2013 14:36:27,4/22/2013,14:36:27,3.27,11.52,74.59,954.67,236
4/22/2013 14:36:42,4/22/2013,14:36:42,3.24,11.50,74.19,954.68,196
4/22/2013 14:36:57,4/22/2013,14:36:57,4.24,11.42,73.80,954.66,240
4/22/2013 14:37:12,4/22/2013,14:37:12,4.70,11.37,73.90,954.64,225
4/22/2013 14:37:27,4/22/2013,14:37:27,5.27,11.37,74.09,954.64,230
4/22/2013 14:37:42,4/22/2013,14:37:42,3.74,11.42,74.30,954.65,249
4/22/2013 14:37:57,4/22/2013,14:37:57,4.09,11.42,74.40,954.65,237
4/22/2013 14:38:12,4/22/2013,14:38:12,4.76,11.32,74.19,954.66,252
4/22/2013 14:38:27,4/22/2013,14:38:27,5.10,11.32,74.19,954.65,245
4/22/2013 14:38:42,4/22/2013,14:38:42,3.67,11.42,74.50,954.66,244
4/22/2013 14:38:57,4/22/2013,14:38:57,3.55,11.42,74.40,954.66,206
4/22/2013 14:39:12,4/22/2013,14:39:12,3.70,11.42,74.40,954.66,207
4/22/2013 14:39:27,4/22/2013,14:39:27,3.76,11.42,74.59,954.65,220
4/22/2013 14:39:42,4/22/2013,14:39:42,3.92,11.42,74.69,954.64,236
4/22/2013 14:39:57,4/22/2013,14:39:57,2.72,11.50,74.90,954.64,209
4/22/2013 14:40:12,4/22/2013,14:40:12,2.62,11.50,75.40,954.64,241
4/22/2013 14:40:27,4/22/2013,14:40:27,2.13,11.57,75.59,954.64,233
4/22/2013 14:40:42,4/22/2013,14:40:42,2.77,11.50,75.00,954.57,239
4/22/2013 14:40:57,4/22/2013,14:40:57,2.09,11.50,74.69,954.59,241
4/22/2013 14:41:12,4/22/2013,14:41:12,3.58,11.44,74.69,954.58,223
4/22/2013 14:41:27,4/22/2013,14:41:27,3.44,11.42,74.30,954.59,258
4/22/2013 14:41:42,4/22/2013,14:41:42,5.42,11.25,74.30,954.58,232
4/22/2013 14:41:57,4/22/2013,14:41:57,5.47,11.25,74.59,954.58,243
4/22/2013 14:42:12,4/22/2013,14:42:12,4.70,11.32,74.80,954.59,246
4/22/2013 14:42:27,4/22/2013,14:42:27,4.72,11.25,74.59,954.61,243
4/22/2013 14:42:42,4/22/2013,14:42:42,3.97,11.30,74.80,954.64,246
4/22/2013 14:42:57,4/22/2013,14:42:57,2.63,11.42,75.50,954.67,219
4/22/2013 14:43:12,4/22/2013,14:43:12,2.91,11.32,74.80,954.66,206
4/22/2013 14:43:27,4/22/2013,14:43:27,2.47,11.42,75.50,954.67,234
4/22/2013 14:43:42,4/22/2013,14:43:42,3.37,11.37,75.30,954.66,217
4/22/2013 14:43:57,4/22/2013,14:43:57,2.52,11.44,75.19,954.66,223
4/22/2013 14:44:12,4/22/2013,14:44:12,2.51,11.42,75.19,954.66,208
4/22/2013 14:44:27,4/22/2013,14:44:27,2.20,11.50,75.59,954.66,221
4/22/2013 14:44:42,4/22/2013,14:44:42,3.11,11.42,75.19,954.63,235
4/22/2013 14:44:57,4/22/2013,14:44:57,2.56,11.50,75.59,954.64,227
4/22/2013 14:45:12,4/22/2013,14:45:12,2.37,11.50,75.00,954.63,200
4/22/2013 14:45:27,4/22/2013,14:45:27,3.70,11.42,74.69,954.59,197
4/22/2013 14:45:42,4/22/2013,14:45:42,3.30,11.42,75.19,954.63,236
4/22/2013 14:45:57,4/22/2013,14:45:57,4.67,11.32,74.90,954.59,193
4/22/2013 14:46:12,4/22/2013,14:46:12,4.09,11.42,75.30,954.59,213
4/22/2013 14:46:27,4/22/2013,14:46:27,3.19,11.42,75.59,954.61,216
4/22/2013 14:46:42,4/22/2013,14:46:42,3.83,11.32,74.80,954.61,206
4/22/2013 14:46:57,4/22/2013,14:46:57,2.23,11.44,75.30,954.61,217
4/22/2013 14:47:12,4/22/2013,14:47:12,2.79,11.42,74.50,954.61,215
4/22/2013 14:47:27,4/22/2013,14:47:27,2.40,11.44,75.40,954.63,191
4/22/2013 14:47:42,4/22/2013,14:47:42,2.56,11.50,75.19,954.61,208
4/22/2013 14:47:57,4/22/2013,14:47:57,3.76,11.42,75.30,954.58,200
4/22/2013 14:48:12,4/22/2013,14:48:12,3.65,11.44,75.30,954.52,215
4/22/2013 14:48:27,4/22/2013,14:48:27,3.92,11.42,75.50,954.55,215
4/22/2013 14:48:42,4/22/2013,14:48:42,3.72,11.44,75.40,954.50,242
4/22/2013 14:48:57,4/22/2013,14:48:57,3.65,11.44,75.30,954.49,212
4/22/2013 14:49:12,4/22/2013,14:49:12,4.12,11.42,75.00,954.50,191
4/22/2013 14:49:27,4/22/2013,14:49:27,4.20,11.42,74.80,954.50,218
4/22/2013 14:49:42,4/22/2013,14:49:42,4.08,11.37,74.80,954.52,224
4/22/2013 14:49:57,4/22/2013,14:49:57,3.62,11.42,75.19,954.50,218
4/22/2013 14:50:12,4/22/2013,14:50:12,4.08,11.42,74.80,954.52,235
4/22/2013 14:50:27,4/22/2013,14:50:27,3.74,11.44,75.40,954.52,238
4/22/2013 14:50:42,4/22/2013,14:50:42,5.26,11.32,74.59,954.49,245
4/22/2013 14:50:57,4/22/2013,14:50:57,5.34,11.32,74.80,954.48,231
4/22/2013 14:51:12,4/22/2013,14:51:12,5.16,11.32,75.00,954.44,223
4/22/2013 14:51:27,4/22/2013,14:51:27,4.90,11.32,74.50,954.48,216
4/22/2013 14:51:42,4/22/2013,14:51:42,4.69,11.32,74.59,954.48,212
4/22/2013 14:51:57,4/22/2013,14:51:57,3.62,11.37,75.09,954.47,213
4/22/2013 14:52:12,4/22/2013,14:52:12,5.12,11.30,74.30,954.44,235
4/22/2013 14:52:27,4/22/2013,14:52:27,6.81,11.25,74.19,954.37,233
4/22/2013 14:52:42,4/22/2013,14:52:42,5.52,11.25,74.50,954.40,228
4/22/2013 14:52:57,4/22/2013,14:52:57,5.01,11.32,74.40,954.43,234
4/22/2013 14:53:12,4/22/2013,14:53:12,4.20,11.32,74.59,954.44,208
4/22/2013 14:53:27,4/22/2013,14:53:27,4.02,11.32,74.90,954.45,223
4/22/2013 14:53:42,4/22/2013,14:53:42,3.98,11.37,74.90,954.42,216
4/22/2013 14:53:57,4/22/2013,14:53:57,2.79,11.50,75.40,954.44,243
4/22/2013 14:54:12,4/22/2013,14:54:12,3.91,11.42,74.40,954.44,227
4/22/2013 14:54:27,4/22/2013,14:54:27,3.36,11.42,74.30,954.43,234
4/22/2013 14:54:42,4/22/2013,14:54:42,3.61,11.42,74.30,954.41,258
4/22/2013 14:54:57,4/22/2013,14:54:57,3.51,11.44,74.40,954.37,261
4/22/2013 14:55:12,4/22/2013,14:55:12,3.69,11.50,74.80,954.39,253
4/22/2013 14:55:27,4/22/2013,14:55:27,3.04,11.50,74.50,954.39,231
4/22/2013 14:55:42,4/22/2013,14:55:42,3.31,11.52,75.00,954.39,232
4/22/2013 14:55:57,4/22/2013,14:55:57,5.04,11.42,74.19,954.33,208
4/22/2013 14:56:12,4/22/2013,14:56:12,5.20,11.42,74.40,954.33,244
4/22/2013 14:56:27,4/22/2013,14:56:27,4.77,11.42,74.30,954.33,219
4/22/2013 14:56:42,4/22/2013,14:56:42,5.23,11.42,74.80,954.32,229
4/22/2013 14:56:57,4/22/2013,14:56:57,6.35,11.32,74.50,954.29,241
4/22/2013 14:57:12,4/22/2013,14:57:12,5.29,11.32,74.40,954.32,228
4/22/2013 14:57:27,4/22/2013,14:57:27,4.59,11.37,74.59,954.35,250
4/22/2013 14:57:42,4/22/2013,14:57:42,4.11,11.32,74.40,954.37,248
4/22/2013 14:57:57,4/22/2013,14:57:57,3.17,11.37,75.19,954.34,245
4/22/2013 14:58:12,4/22/2013,14:58:12,3.65,11.32,75.00,954.35,250
4/22/2013 14:58:27,4/22/2013,14:58:27,3.58,11.32,75.09,954.35,274
4/22/2013 14:58:42,4/22/2013,14:58:42,3.70,11.32,75.80,954.32,202
4/22/2013 14:58:57,4/22/2013,14:58:57,3.22,11.32,76.50,954.33,225
4/22/2013 14:59:12,4/22/2013,14:59:12,5.13,11.25,75.80,954.32,224
4/22/2013 14:59:27,4/22/2013,14:59:27,5.13,11.22,75.90,954.33,237
4/22/2013 14:59:42,4/22/2013,14:59:42,4.70,11.25,76.50,954.32,238
4/22/2013 14:59:57,4/22/2013,14:59:57,4.08,11.22,76.00,954.31,213
4/22/2013 15:00:12,4/22/2013,15:00:12,4.66,11.17,75.80,954.33,236
4/22/2013 15:00:27,4/22/2013,15:00:27,5.02,11.17,76.00,954.28,231
4/22/2013 15:00:42,4/22/2013,15:00:42,3.99,11.17,76.19,954.28,226
4/22/2013 15:00:57,4/22/2013,15:00:57,4.63,11.17,76.00,954.28,219
4/22/2013 15:01:12,4/22/2013,15:01:12,4.16,11.17,76.40,954.27,246
4/22/2013 15:01:27,4/22/2013,15:01:27,4.13,11.17,76.30,954.28,207
4/22/2013 15:01:42,4/22/2013,15:01:42,2.83,11.25,76.30,954.29,198
4/22/2013 15:01:57,4/22/2013,15:01:57,3.65,11.25,76.30,954.27,228
4/22/2013 15:02:12,4/22/2013,15:02:12,4.02,11.22,76.50,954.26,236
4/22/2013 15:02:27,4/22/2013,15:02:27,1.11,11.42,77.40,954.44,235
4/22/2013 15:02:42,4/22/2013,15:02:42,0.94,11.62,76.90,954.47,234
4/22/2013 15:02:57,4/22/2013,15:02:57,0.76,11.80,76.59,954.43,232
4/22/2013 15:03:12,4/22/2013,15:03:12,3.40,11.52,74.40,954.39,231
4/22/2013 15:03:27,4/22/2013,15:03:27,5.16,11.42,74.69,954.31,229
4/22/2013 15:03:42,4/22/2013,15:03:42,3.77,11.50,75.19,954.28,252
4/22/2013 15:03:57,4/22/2013,15:03:57,3.34,11.52,75.30,954.27,217
4/22/2013 15:04:12,4/22/2013,15:04:12,4.09,11.44,75.00,954.28,230
4/22/2013 15:04:27,4/22/2013,15:04:27,3.59,11.50,75.09,954.31,258
4/22/2013 15:04:42,4/22/2013,15:04:42,4.33,11.44,75.09,954.34,249
4/22/2013 15:04:57,4/22/2013,15:04:57,4.85,11.42,75.09,954.35,222
4/22/2013 15:05:12,4/22/2013,15:05:12,5.38,11.42,74.90,954.33,214
4/22/2013 15:05:27,4/22/2013,15:05:27,4.42,11.50,75.50,954.33,235
4/22/2013 15:05:42,4/22/2013,15:05:42,4.15,11.44,74.80,954.33,244
4/22/2013 15:05:57,4/22/2013,15:05:57,5.35,11.42,74.80,954.29,244
4/22/2013 15:06:12,4/22/2013,15:06:12,5.22,11.42,75.09,954.29,222
4/22/2013 15:06:27,4/22/2013,15:06:27,4.72,11.44,75.19,954.34,209
4/22/2013 15:06:42,4/22/2013,15:06:42,6.20,11.32,74.40,954.32,245
4/22/2013 15:06:57,4/22/2013,15:06:57,5.63,11.42,74.69,954.28,254
4/22/2013 15:07:12,4/22/2013,15:07:12,4.47,11.44,74.80,954.33,228
4/22/2013 15:07:27,4/22/2013,15:07:27,4.29,11.42,74.09,954.34,239
4/22/2013 15:07:42,4/22/2013,15:07:42,4.09,11.44,74.50,954.34,221
4/22/2013 15:07:57,4/22/2013,15:07:57,4.79,11.44,74.90,954.34,239
4/22/2013 15:08:12,4/22/2013,15:08:12,5.01,11.42,74.59,954.33,235
4/22/2013 15:08:27,4/22/2013,15:08:27,5.62,11.37,74.30,954.31,230
4/22/2013 15:08:42,4/22/2013,15:08:42,6.91,11.32,74.19,954.27,245
4/22/2013 15:08:57,4/22/2013,15:08:57,5.99,11.32,74.19,954.28,230
4/22/2013 15:09:12,4/22/2013,15:09:12,5.76,11.32,74.19,954.29,248
4/22/2013 15:09:27,4/22/2013,15:09:27,4.26,11.44,74.80,954.33,245
4/22/2013 15:09:42,4/22/2013,15:09:42,3.51,11.50,74.19,954.33,261
4/22/2013 15:09:57,4/22/2013,15:09:57,3.72,11.52,74.50,954.32,247
4/22/2013 15:10:12,4/22/2013,15:10:12,3.99,11.52,74.19,954.34,241
4/22/2013 15:10:27,4/22/2013,15:10:27,4.79,11.50,73.90,954.32,228
4/22/2013 15:10:42,4/22/2013,15:10:42,5.79,11.50,74.00,954.26,233
4/22/2013 15:10:57,4/22/2013,15:10:57,5.55,11.50,73.90,954.28,254
4/22/2013 15:11:12,4/22/2013,15:11:12,4.45,11.50,73.69,954.31,234
4/22/2013 15:11:27,4/22/2013,15:11:27,5.04,11.50,73.80,954.32,229
4/22/2013 15:11:42,4/22/2013,15:11:42,3.61,11.52,73.90,954.33,251
4/22/2013 15:11:57,4/22/2013,15:11:57,3.49,11.57,73.59,954.29,233
4/22/2013 15:12:12,4/22/2013,15:12:12,4.29,11.57,73.59,954.28,245
4/22/2013 15:12:27,4/22/2013,15:12:27,3.88,11.57,73.69,954.29,252
4/22/2013 15:12:42,4/22/2013,15:12:42,4.80,11.52,73.59,954.29,238
4/22/2013 15:12:57,4/22/2013,15:12:57,4.84,11.57,73.90,954.28,236
4/22/2013 15:13:12,4/22/2013,15:13:12,4.76,11.57,74.09,954.28,254
4/22/2013 15:13:27,4/22/2013,15:13:27,4.44,11.52,73.50,954.28,250
4/22/2013 15:13:42,4/22/2013,15:13:42,4.88,11.50,73.59,954.28,223
4/22/2013 15:13:57,4/22/2013,15:13:57,5.17,11.50,73.59,954.29,237
4/22/2013 15:14:12,4/22/2013,15:14:12,4.79,11.50,73.59,954.28,235
4/22/2013 15:14:27,4/22/2013,15:14:27,5.06,11.44,73.50,954.28,257
4/22/2013 15:14:42,4/22/2013,15:14:42,5.83,11.50,73.69,954.25,256
4/22/2013 15:14:57,4/22/2013,15:14:57,5.08,11.50,73.69,954.26,215
4/22/2013 15:15:12,4/22/2013,15:15:12,4.16,11.57,73.80,954.28,245
4/22/2013 15:15:27,4/22/2013,15:15:27,3.05,11.62,73.90,954.29,244
4/22/2013 15:15:42,4/22/2013,15:15:42,4.30,11.52,73.40,954.28,236
4/22/2013 15:15:57,4/22/2013,15:15:57,4.22,11.57,73.50,954.28,236
4/22/2013 15:16:12,4/22/2013,15:16:12,4.12,11.52,73.59,954.31,263
4/22/2013 15:16:27,4/22/2013,15:16:27,4.80,11.57,73.40,954.31,249
4/22/2013 15:16:42,4/22/2013,15:16:42,4.23,11.57,74.00,954.29,252
4/22/2013 15:16:57,4/22/2013,15:16:57,5.17,11.44,73.40,954.27,250
4/22/2013 15:17:12,4/22/2013,15:17:12,4.24,11.50,73.59,954.27,266
4/22/2013 15:17:27,4/22/2013,15:17:27,4.41,11.50,73.50,954.29,260
4/22/2013 15:17:42,4/22/2013,15:17:42,3.81,11.50,73.50,954.28,245
4/22/2013 15:17:57,4/22/2013,15:17:57,3.36,11.52,74.00,954.27,251
4/22/2013 15:18:12,4/22/2013,15:18:12,3.67,11.50,73.90,954.29,252
4/22/2013 15:18:27,4/22/2013,15:18:27,2.76,11.62,74.30,954.32,250
4/22/2013 15:18:42,4/22/2013,15:18:42,2.95,11.57,74.59,954.35,242
4/22/2013 15:18:57,4/22/2013,15:18:57,4.12,11.50,74.00,954.35,247
4/22/2013 15:19:12,4/22/2013,15:19:12,3.65,11.52,74.40,954.34,237
4/22/2013 15:19:27,4/22/2013,15:19:27,3.09,11.57,74.50,954.33,233
4/22/2013 15:19:42,4/22/2013,15:19:42,2.55,11.52,74.09,954.32,242
4/22/2013 15:19:57,4/22/2013,15:19:57,4.66,11.44,74.09,954.28,248
4/22/2013 15:20:12,4/22/2013,15:20:12,5.10,11.37,74.00,954.27,257
4/22/2013 15:20:27,4/22/2013,15:20:27,4.87,11.42,74.40,954.27,236
4/22/2013 15:20:42,4/22/2013,15:20:42,4.22,11.42,74.30,954.32,252
4/22/2013 15:20:57,4/22/2013,15:20:57,5.37,11.32,74.80,954.29,245
4/22/2013 15:21:12,4/22/2013,15:21:12,4.20,11.37,74.80,954.32,235
4/22/2013 15:21:27,4/22/2013,15:21:27,4.54,11.32,74.59,954.34,229
4/22/2013 15:21:42,4/22/2013,15:21:42,3.77,11.32,74.50,954.33,245
4/22/2013 15:21:57,4/22/2013,15:21:57,4.66,11.32,74.69,954.34,243
4/22/2013 15:22:12,4/22/2013,15:22:12,4.15,11.32,74.69,954.34,234
4/22/2013 15:22:27,4/22/2013,15:22:27,4.08,11.32,74.40,954.33,243
4/22/2013 15:22:42,4/22/2013,15:22:42,4.55,11.32,74.50,954.32,229
4/22/2013 15:22:57,4/22/2013,15:22:57,4.34,11.30,74.69,954.28,245
4/22/2013 15:23:12,4/22/2013,15:23:12,5.24,11.25,74.59,954.27,243
4/22/2013 15:23:27,4/22/2013,15:23:27,4.30,11.30,74.90,954.29,230
4/22/2013 15:23:42,4/22/2013,15:23:42,4.04,11.32,75.59,954.33,252
4/22/2013 15:23:57,4/22/2013,15:23:57,4.36,11.30,74.90,954.33,255
4/22/2013 15:24:12,4/22/2013,15:24:12,4.30,11.30,74.90,954.31,224
4/22/2013 15:24:27,4/22/2013,15:24:27,4.26,11.30,75.30,954.31,241
4/22/2013 15:24:42,4/22/2013,15:24:42,3.80,11.32,75.09,954.32,255
4/22/2013 15:24:57,4/22/2013,15:24:57,4.41,11.30,74.90,954.31,234
4/22/2013 15:25:12,4/22/2013,15:25:12,5.44,11.25,75.19,954.26,240
4/22/2013 15:25:27,4/22/2013,15:25:27,6.84,11.17,75.09,954.25,231
4/22/2013 15:25:42,4/22/2013,15:25:42,5.77,11.17,74.90,954.25,229
4/22/2013 15:25:57,4/22/2013,15:25:57,5.59,11.17,75.09,954.25,231
4/22/2013 15:26:12,4/22/2013,15:26:12,5.85,11.17,75.50,954.24,228
4/22/2013 15:26:27,4/22/2013,15:26:27,4.47,11.25,75.69,954.27,238
4/22/2013 15:26:42,4/22/2013,15:26:42,4.36,11.25,75.69,954.26,227
4/22/2013 15:26:57,4/22/2013,15:26:57,5.83,11.17,75.09,954.23,228
4/22/2013 15:27:12,4/22/2013,15:27:12,5.48,11.17,75.19,954.25,231
4/22/2013 15:27:27,4/22/2013,15:27:27,5.90,11.17,75.30,954.23,225
4/22/2013 15:27:42,4/22/2013,15:27:42,5.91,11.17,75.30,954.20,218
4/22/2013 15:27:57,4/22/2013,15:27:57,4.99,11.17,75.40,954.25,215
4/22/2013 15:28:12,4/22/2013,15:28:12,4.80,11.17,76.19,954.24,244
4/22/2013 15:28:27,4/22/2013,15:28:27,5.92,11.17,75.69,954.23,227
4/22/2013 15:28:42,4/22/2013,15:28:42,5.01,11.17,76.00,954.24,233
4/22/2013 15:28:57,4/22/2013,15:28:57,3.56,11.25,76.59,954.26,243
4/22/2013 15:29:12,4/22/2013,15:29:12,4.62,11.25,76.50,954.25,229
4/22/2013 15:29:27,4/22/2013,15:29:27,5.08,11.22,76.09,954.21,217
4/22/2013 15:29:42,4/22/2013,15:29:42,4.48,11.25,76.19,954.25,242
4/22/2013 15:29:57,4/22/2013,15:29:57,3.74,11.25,76.09,954.25,230
4/22/2013 15:30:12,4/22/2013,15:30:12,4.19,11.25,76.19,954.26,210
4/22/2013 15:30:27,4/22/2013,15:30:27,4.55,11.25,75.69,954.27,230
4/22/2013 15:30:42,4/22/2013,15:30:42,4.16,11.25,76.00,954.27,220
4/22/2013 15:30:57,4/22/2013,15:30:57,4.79,11.22,75.69,954.27,238
4/22/2013 15:31:12,4/22/2013,15:31:12,4.55,11.25,75.90,954.29,222
4/22/2013 15:31:27,4/22/2013,15:31:27,4.77,11.25,76.09,954.28,239
4/22/2013 15:31:42,4/22/2013,15:31:42,4.09,11.25,76.50,954.29,233
4/22/2013 15:31:57,4/22/2013,15:31:57,2.95,11.32,76.00,954.29,227
4/22/2013 15:32:12,4/22/2013,15:32:12,3.11,11.32,76.50,954.27,230
4/22/2013 15:32:27,4/22/2013,15:32:27,3.06,11.37,76.30,954.28,236
4/22/2013 15:32:42,4/22/2013,15:32:42,2.90,11.42,76.30,954.27,243
4/22/2013 15:32:57,4/22/2013,15:32:57,4.02,11.32,75.69,954.28,245
4/22/2013 15:33:12,4/22/2013,15:33:12,4.37,11.32,75.90,954.27,223
4/22/2013 15:33:27,4/22/2013,15:33:27,4.22,11.32,76.00,954.26,257
4/22/2013 15:33:42,4/22/2013,15:33:42,4.15,11.32,75.90,954.26,241
4/22/2013 15:33:57,4/22/2013,15:33:57,3.76,11.32,75.59,954.25,268
4/22/2013 15:34:12,4/22/2013,15:34:12,4.08,11.42,76.09,954.25,228
4/22/2013 15:34:27,4/22/2013,15:34:27,5.10,11.37,75.90,954.21,238
4/22/2013 15:34:42,4/22/2013,15:34:42,4.42,11.37,75.90,954.24,227
4/22/2013 15:34:57,4/22/2013,15:34:57,4.76,11.37,75.90,954.23,248
4/22/2013 15:35:12,4/22/2013,15:35:12,4.19,11.42,76.19,954.23,255
4/22/2013 15:35:27,4/22/2013,15:35:27,3.61,11.44,76.09,954.24,250
4/22/2013 15:35:42,4/22/2013,15:35:42,4.70,11.42,75.59,954.21,261
4/22/2013 15:35:57,4/22/2013,15:35:57,3.66,11.44,76.00,954.23,239
4/22/2013 15:36:12,4/22/2013,15:36:12,5.91,11.37,75.40,954.17,228
4/22/2013 15:36:27,4/22/2013,15:36:27,5.47,11.37,75.50,954.18,235
4/22/2013 15:36:42,4/22/2013,15:36:42,3.80,11.44,75.80,954.19,244
4/22/2013 15:36:57,4/22/2013,15:36:57,3.80,11.44,75.59,954.19,260
4/22/2013 15:37:12,4/22/2013,15:37:12,4.44,11.44,75.59,954.18,263
4/22/2013 15:37:27,4/22/2013,15:37:27,6.62,11.32,75.00,954.12,260
4/22/2013 15:37:42,4/22/2013,15:37:42,4.79,11.42,75.50,954.15,261
4/22/2013 15:37:57,4/22/2013,15:37:57,4.49,11.42,75.19,954.18,253
4/22/2013 15:38:12,4/22/2013,15:38:12,5.35,11.37,75.19,954.18,216
4/22/2013 15:38:27,4/22/2013,15:38:27,6.54,11.30,75.00,954.13,253
4/22/2013 15:38:42,4/22/2013,15:38:42,6.79,11.30,75.30,954.10,250
4/22/2013 15:38:57,4/22/2013,15:38:57,7.01,11.25,75.69,954.11,224
4/22/2013 15:39:12,4/22/2013,15:39:12,5.10,11.30,75.40,954.17,235
4/22/2013 15:39:27,4/22/2013,15:39:27,5.98,11.25,75.50,954.13,228
4/22/2013 15:39:42,4/22/2013,15:39:42,5.17,11.30,75.69,954.15,242
4/22/2013 15:39:57,4/22/2013,15:39:57,6.51,11.22,75.09,954.12,233
4/22/2013 15:40:12,4/22/2013,15:40:12,7.42,11.17,75.40,954.09,221
4/22/2013 15:40:27,4/22/2013,15:40:27,6.60,11.17,75.40,954.09,235
4/22/2013 15:40:42,4/22/2013,15:40:42,5.38,11.22,75.40,954.10,226
4/22/2013 15:40:57,4/22/2013,15:40:57,4.24,11.25,75.80,954.13,254
4/22/2013 15:41:12,4/22/2013,15:41:12,4.08,11.25,75.40,954.12,266
4/22/2013 15:41:27,4/22/2013,15:41:27,5.01,11.25,75.40,954.11,244
4/22/2013 15:41:42,4/22/2013,15:41:42,5.40,11.25,75.59,954.09,258
4/22/2013 15:41:57,4/22/2013,15:41:57,6.77,11.17,75.40,954.05,251
4/22/2013 15:42:12,4/22/2013,15:42:12,4.65,11.22,75.69,954.10,240
4/22/2013 15:42:27,4/22/2013,15:42:27,4.16,11.25,75.50,954.12,237
4/22/2013 15:42:42,4/22/2013,15:42:42,5.42,11.17,75.59,954.09,228
4/22/2013 15:42:57,4/22/2013,15:42:57,6.58,11.14,75.40,954.04,256
4/22/2013 15:43:12,4/22/2013,15:43:12,6.51,11.14,75.40,954.04,246
4/22/2013 15:43:27,4/22/2013,15:43:27,5.26,11.22,75.80,954.09,265
4/22/2013 15:43:42,4/22/2013,15:43:42,4.48,11.22,75.59,954.07,257
4/22/2013 15:43:57,4/22/2013,15:43:57,4.15,11.25,75.90,954.08,263
4/22/2013 15:44:12,4/22/2013,15:44:12,3.66,11.25,75.90,954.08,252
4/22/2013 15:44:27,4/22/2013,15:44:27,5.44,11.17,75.50,954.03,239
4/22/2013 15:44:42,4/22/2013,15:44:42,6.16,11.17,75.59,954.01,243
4/22/2013 15:44:57,4/22/2013,15:44:57,4.72,11.22,75.80,954.04,251
4/22/2013 15:45:12,4/22/2013,15:45:12,4.62,11.25,76.09,954.04,224
4/22/2013 15:45:27,4/22/2013,15:45:27,3.54,11.25,76.00,954.04,234
4/22/2013 15:45:42,4/22/2013,15:45:42,3.81,11.25,76.00,954.05,221
4/22/2013 15:45:57,4/22/2013,15:45:57,3.42,11.25,76.19,954.07,231
4/22/2013 15:46:12,4/22/2013,15:46:12,3.87,11.25,75.90,954.05,257
4/22/2013 15:46:27,4/22/2013,15:46:27,4.15,11.30,76.00,954.04,230
4/22/2013 15:46:42,4/22/2013,15:46:42,4.55,11.25,76.00,954.03,249
4/22/2013 15:46:57,4/22/2013,15:46:57,3.36,11.32,76.30,954.07,255
4/22/2013 15:47:12,4/22/2013,15:47:12,3.94,11.30,76.09,954.07,237
4/22/2013 15:47:27,4/22/2013,15:47:27,3.12,11.32,76.19,954.07,244
4/22/2013 15:47:42,4/22/2013,15:47:42,4.24,11.30,75.90,954.08,220
4/22/2013 15:47:57,4/22/2013,15:47:57,4.79,11.30,76.00,954.05,218
4/22/2013 15:48:12,4/22/2013,15:48:12,3.47,11.37,76.00,954.05,239
4/22/2013 15:48:27,4/22/2013,15:48:27,4.04,11.37,75.80,954.04,271
4/22/2013 15:48:42,4/22/2013,15:48:42,4.73,11.32,75.50,954.02,254
4/22/2013 15:48:57,4/22/2013,15:48:57,4.13,11.42,75.90,954.04,243
4/22/2013 15:49:12,4/22/2013,15:49:12,3.87,11.42,75.90,954.07,259
4/22/2013 15:49:27,4/22/2013,15:49:27,4.58,11.42,75.90,954.04,237
4/22/2013 15:49:42,4/22/2013,15:49:42,5.66,11.32,75.30,954.01,216
4/22/2013 15:49:57,4/22/2013,15:49:57,5.42,11.32,75.50,954.00,231
4/22/2013 15:50:12,4/22/2013,15:50:12,6.23,11.25,75.00,953.98,230
4/22/2013 15:50:27,4/22/2013,15:50:27,7.45,11.25,75.40,953.97,249
4/22/2013 15:50:42,4/22/2013,15:50:42,5.56,11.32,75.50,954.00,253
4/22/2013 15:50:57,4/22/2013,15:50:57,5.47,11.37,75.69,954.01,258
4/22/2013 15:51:12,4/22/2013,15:51:12,4.55,11.42,75.90,954.03,227
4/22/2013 15:51:27,4/22/2013,15:51:27,5.40,11.37,75.59,954.01,257
4/22/2013 15:51:42,4/22/2013,15:51:42,5.60,11.32,75.09,954.01,254
4/22/2013 15:51:57,4/22/2013,15:51:57,5.66,11.32,75.19,953.98,254
4/22/2013 15:52:12,4/22/2013,15:52:12,5.02,11.37,75.50,954.02,254
4/22/2013 15:52:27,4/22/2013,15:52:27,5.06,11.37,75.80,954.04,201
4/22/2013 15:52:42,4/22/2013,15:52:42,4.49,11.37,75.30,954.04,238
4/22/2013 15:52:57,4/22/2013,15:52:57,5.47,11.37,75.59,954.03,226
4/22/2013 15:53:12,4/22/2013,15:53:12,4.09,11.42,75.69,954.03,270
4/22/2013 15:53:27,4/22/2013,15:53:27,3.52,11.44,75.90,954.04,220
4/22/2013 15:53:42,4/22/2013,15:53:42,4.12,11.42,75.59,954.05,229
4/22/2013 15:53:57,4/22/2013,15:53:57,3.92,11.37,75.40,954.05,205
4/22/2013 15:54:12,4/22/2013,15:54:12,4.11,11.42,75.80,954.05,260
4/22/2013 15:54:27,4/22/2013,15:54:27,4.11,11.50,75.80,954.05,228
4/22/2013 15:54:42,4/22/2013,15:54:42,4.41,11.42,75.69,954.04,263
4/22/2013 15:54:57,4/22/2013,15:54:57,4.54,11.42,75.50,954.07,253
4/22/2013 15:55:12,4/22/2013,15:55:12,5.30,11.37,75.30,954.03,232
4/22/2013 15:55:27,4/22/2013,15:55:27,5.24,11.37,75.30,954.05,237
4/22/2013 15:55:42,4/22/2013,15:55:42,4.98,11.37,75.40,954.02,231
4/22/2013 15:55:57,4/22/2013,15:55:57,5.27,11.37,75.40,954.03,262
4/22/2013 15:56:12,4/22/2013,15:56:12,4.92,11.42,75.50,954.03,254
4/22/2013 15:56:27,4/22/2013,15:56:27,4.95,11.42,75.40,954.04,265
4/22/2013 15:56:42,4/22/2013,15:56:42,4.38,11.50,75.80,954.05,243
4/22/2013 15:56:57,4/22/2013,15:56:57,3.66,11.50,75.69,954.04,254
4/22/2013 15:57:12,4/22/2013,15:57:12,3.61,11.50,75.59,954.03,255
4/22/2013 15:57:27,4/22/2013,15:57:27,2.52,11.57,76.00,954.05,253
4/22/2013 15:57:42,4/22/2013,15:57:42,3.52,11.52,75.59,954.05,244
4/22/2013 15:57:57,4/22/2013,15:57:57,3.51,11.57,75.69,954.01,270
4/22/2013 15:58:12,4/22/2013,15:58:12,2.77,11.57,75.59,954.02,262
4/22/2013 15:58:27,4/22/2013,15:58:27,2.30,11.64,75.90,954.03,241
4/22/2013 15:58:42,4/22/2013,15:58:42,2.58,11.62,75.69,954.02,223
4/22/2013 15:58:57,4/22/2013,15:58:57,2.81,11.62,75.80,954.02,245
4/22/2013 15:59:12,4/22/2013,15:59:12,3.98,11.52,75.50,954.03,245
4/22/2013 15:59:27,4/22/2013,15:59:27,3.84,11.50,75.50,954.00,227
4/22/2013 15:59:42,4/22/2013,15:59:42,5.51,11.42,75.30,953.94,257
4/22/2013 15:59:57,4/22/2013,15:59:57,5.02,11.42,75.50,953.96,218
4/22/2013 16:00:12,4/22/2013,16:00:12,6.05,11.37,75.80,953.89,236
4/22/2013 16:00:27,4/22/2013,16:00:27,5.13,11.37,76.09,953.93,215
4/22/2013 16:00:42,4/22/2013,16:00:42,5.19,11.37,75.80,953.96,250
4/22/2013 16:00:57,4/22/2013,16:00:57,4.74,11.37,75.80,953.98,232
4/22/2013 16:01:12,4/22/2013,16:01:12,3.41,11.44,76.19,954.00,246
4/22/2013 16:01:27,4/22/2013,16:01:27,4.40,11.42,76.00,954.01,255
4/22/2013 16:01:42,4/22/2013,16:01:42,4.29,11.42,76.19,954.01,252
4/22/2013 16:01:57,4/22/2013,16:01:57,5.04,11.37,76.09,953.97,238
4/22/2013 16:02:12,4/22/2013,16:02:12,4.19,11.42,76.19,953.98,228
4/22/2013 16:02:27,4/22/2013,16:02:27,4.67,11.37,76.19,953.97,184
4/22/2013 16:02:42,4/22/2013,16:02:42,5.01,11.32,76.19,953.95,233
4/22/2013 16:02:57,4/22/2013,16:02:57,5.48,11.32,75.90,953.97,255
4/22/2013 16:03:12,4/22/2013,16:03:12,5.87,11.32,75.90,953.92,253
4/22/2013 16:03:27,4/22/2013,16:03:27,5.84,11.32,75.90,953.94,215
4/22/2013 16:03:42,4/22/2013,16:03:42,5.08,11.32,75.80,953.98,253
4/22/2013 16:03:57,4/22/2013,16:03:57,4.65,11.32,76.00,954.00,257
4/22/2013 16:04:12,4/22/2013,16:04:12,4.63,11.32,76.19,954.01,210
4/22/2013 16:04:27,4/22/2013,16:04:27,4.11,11.42,76.30,954.02,244
4/22/2013 16:04:42,4/22/2013,16:04:42,4.02,11.37,76.00,954.02,244
4/22/2013 16:04:57,4/22/2013,16:04:57,3.80,11.42,76.30,954.00,241
4/22/2013 16:05:12,4/22/2013,16:05:12,3.17,11.44,75.90,954.01,199
4/22/2013 16:05:27,4/22/2013,16:05:27,2.31,11.50,76.00,954.01,242
4/22/2013 16:05:42,4/22/2013,16:05:42,3.23,11.50,76.19,954.01,219
4/22/2013 16:05:57,4/22/2013,16:05:57,3.77,11.50,76.59,953.96,222
4/22/2013 16:06:12,4/22/2013,16:06:12,5.16,11.42,76.40,953.93,232
4/22/2013 16:06:27,4/22/2013,16:06:27,4.98,11.42,76.00,953.95,215
4/22/2013 16:06:42,4/22/2013,16:06:42,5.29,11.42,76.09,953.96,234
4/22/2013 16:06:57,4/22/2013,16:06:57,4.91,11.37,76.30,954.01,242
4/22/2013 16:07:12,4/22/2013,16:07:12,3.59,11.42,76.50,953.98,227
4/22/2013 16:07:27,4/22/2013,16:07:27,3.95,11.37,76.69,954.01,229
4/22/2013 16:07:42,4/22/2013,16:07:42,4.19,11.32,76.90,954.01,242
4/22/2013 16:07:57,4/22/2013,16:07:57,3.31,11.42,77.19,954.03,203
4/22/2013 16:08:12,4/22/2013,16:08:12,3.16,11.42,76.69,954.02,253
4/22/2013 16:08:27,4/22/2013,16:08:27,3.05,11.44,76.80,954.02,251
4/22/2013 16:08:42,4/22/2013,16:08:42,2.69,11.50,76.80,954.03,246
4/22/2013 16:08:57,4/22/2013,16:08:57,3.29,11.50,77.09,954.02,238
4/22/2013 16:09:12,4/22/2013,16:09:12,4.13,11.37,76.59,954.00,239
4/22/2013 16:09:27,4/22/2013,16:09:27,2.98,11.44,77.50,954.01,242
4/22/2013 16:09:42,4/22/2013,16:09:42,4.81,11.32,76.59,953.98,247
4/22/2013 16:09:57,4/22/2013,16:09:57,4.94,11.32,76.69,953.96,246
4/22/2013 16:10:12,4/22/2013,16:10:12,6.15,11.25,76.40,953.93,206
4/22/2013 16:10:27,4/22/2013,16:10:27,6.33,11.25,76.69,953.92,201
4/22/2013 16:10:42,4/22/2013,16:10:42,4.45,11.32,77.30,953.96,207
4/22/2013 16:10:57,4/22/2013,16:10:57,3.58,11.42,77.19,953.95,226
4/22/2013 16:11:12,4/22/2013,16:11:12,3.04,11.42,77.40,953.98,193
4/22/2013 16:11:27,4/22/2013,16:11:27,2.80,11.50,77.40,954.01,207
4/22/2013 16:11:42,4/22/2013,16:11:42,3.51,11.42,76.80,954.00,253
4/22/2013 16:11:57,4/22/2013,16:11:57,4.04,11.42,77.00,954.00,253
4/22/2013 16:12:12,4/22/2013,16:12:12,4.12,11.42,76.90,954.00,235
4/22/2013 16:12:27,4/22/2013,16:12:27,4.31,11.42,76.50,954.00,254
4/22/2013 16:12:42,4/22/2013,16:12:42,3.63,11.42,76.59,954.01,244
4/22/2013 16:12:57,4/22/2013,16:12:57,3.65,11.44,76.90,954.00,244
4/22/2013 16:13:12,4/22/2013,16:13:12,3.17,11.50,77.19,953.97,223
4/22/2013 16:13:27,4/22/2013,16:13:27,3.70,11.42,76.69,953.96,234
4/22/2013 16:13:42,4/22/2013,16:13:42,2.94,11.50,77.30,953.94,235
4/22/2013 16:13:57,4/22/2013,16:13:57,3.91,11.44,76.59,953.97,216
4/22/2013 16:14:12,4/22/2013,16:14:12,2.88,11.57,77.00,953.97,257
4/22/2013 16:14:27,4/22/2013,16:14:27,2.92,11.62,76.80,953.97,242
4/22/2013 16:14:42,4/22/2013,16:14:42,3.27,11.57,76.40,953.95,250
4/22/2013 16:14:57,4/22/2013,16:14:57,3.40,11.52,76.19,953.93,251
4/22/2013 16:15:12,4/22/2013,16:15:12,3.27,11.57,76.19,953.93,250
4/22/2013 16:15:27,4/22/2013,16:15:27,3.12,11.57,76.40,953.94,226
4/22/2013 16:15:42,4/22/2013,16:15:42,2.42,11.64,76.50,953.96,252
4/22/2013 16:15:57,4/22/2013,16:15:57,2.58,11.72,76.90,953.97,194
4/22/2013 16:16:12,4/22/2013,16:16:12,2.58,11.69,76.19,953.96,240
4/22/2013 16:16:27,4/22/2013,16:16:27,3.88,11.64,76.40,953.97,229
4/22/2013 16:16:42,4/22/2013,16:16:42,4.56,11.62,76.30,953.94,237
4/22/2013 16:16:57,4/22/2013,16:16:57,4.44,11.64,76.50,953.95,220
4/22/2013 16:17:12,4/22/2013,16:17:12,5.05,11.57,76.09,953.94,242
4/22/2013 16:17:27,4/22/2013,16:17:27,3.52,11.69,76.40,953.94,216
4/22/2013 16:17:42,4/22/2013,16:17:42,3.34,11.72,76.90,953.94,253
4/22/2013 16:17:57,4/22/2013,16:17:57,4.76,11.62,76.09,953.96,257
4/22/2013 16:18:12,4/22/2013,16:18:12,4.60,11.64,76.30,953.96,260
4/22/2013 16:18:27,4/22/2013,16:18:27,5.79,11.57,76.00,953.93,236
4/22/2013 16:18:42,4/22/2013,16:18:42,5.22,11.64,76.09,953.96,261
4/22/2013 16:18:57,4/22/2013,16:18:57,4.67,11.64,76.19,953.98,217
4/22/2013 16:19:12,4/22/2013,16:19:12,5.69,11.57,76.09,953.94,235
4/22/2013 16:19:27,4/22/2013,16:19:27,5.56,11.57,76.19,953.95,238
4/22/2013 16:19:42,4/22/2013,16:19:42,5.22,11.57,75.90,953.95,254
4/22/2013 16:19:57,4/22/2013,16:19:57,4.26,11.64,76.19,953.96,236
4/22/2013 16:20:12,4/22/2013,16:20:12,5.10,11.57,76.09,954.00,244
4/22/2013 16:20:27,4/22/2013,16:20:27,4.44,11.64,76.50,954.01,227
4/22/2013 16:20:42,4/22/2013,16:20:42,7.01,11.50,75.90,953.97,227
4/22/2013 16:20:57,4/22/2013,16:20:57,5.66,11.57,76.40,953.96,221
4/22/2013 16:21:12,4/22/2013,16:21:12,5.40,11.52,76.19,953.96,219
4/22/2013 16:21:27,4/22/2013,16:21:27,5.92,11.50,76.40,953.93,237
4/22/2013 16:21:42,4/22/2013,16:21:42,6.88,11.42,76.30,953.92,240
4/22/2013 16:21:57,4/22/2013,16:21:57,6.54,11.50,76.59,953.93,250
4/22/2013 16:22:12,4/22/2013,16:22:12,5.83,11.44,76.30,953.93,240
4/22/2013 16:22:27,4/22/2013,16:22:27,5.94,11.42,76.40,953.89,243
4/22/2013 16:22:42,4/22/2013,16:22:42,6.26,11.37,76.19,953.88,240
4/22/2013 16:22:57,4/22/2013,16:22:57,5.65,11.42,76.40,953.93,247
4/22/2013 16:23:12,4/22/2013,16:23:12,4.94,11.42,76.59,953.97,250
4/22/2013 16:23:27,4/22/2013,16:23:27,3.62,11.50,76.69,954.00,243
4/22/2013 16:23:42,4/22/2013,16:23:42,3.67,11.50,76.50,954.00,245
4/22/2013 16:23:57,4/22/2013,16:23:57,3.36,11.50,76.80,954.01,255
4/22/2013 16:24:12,4/22/2013,16:24:12,4.33,11.50,76.80,953.98,227
4/22/2013 16:24:27,4/22/2013,16:24:27,7.59,11.32,76.50,953.93,228
4/22/2013 16:24:42,4/22/2013,16:24:42,6.22,11.32,76.69,953.92,221
4/22/2013 16:24:57,4/22/2013,16:24:57,5.85,11.32,76.90,953.95,242
4/22/2013 16:25:12,4/22/2013,16:25:12,4.37,11.42,77.09,954.00,272
4/22/2013 16:25:27,4/22/2013,16:25:27,5.22,11.32,76.90,953.98,242
4/22/2013 16:25:42,4/22/2013,16:25:42,5.84,11.30,76.80,953.96,253
4/22/2013 16:25:57,4/22/2013,16:25:57,5.74,11.32,77.00,953.96,240
4/22/2013 16:26:12,4/22/2013,16:26:12,6.54,11.25,76.90,953.94,236
4/22/2013 16:26:27,4/22/2013,16:26:27,6.20,11.25,77.09,953.97,238
4/22/2013 16:26:42,4/22/2013,16:26:42,6.15,11.22,77.09,953.97,248
4/22/2013 16:26:57,4/22/2013,16:26:57,6.74,11.17,77.30,953.96,232
4/22/2013 16:27:12,4/22/2013,16:27:12,6.72,11.17,77.40,953.98,244
4/22/2013 16:27:27,4/22/2013,16:27:27,5.81,11.17,77.40,954.00,250
4/22/2013 16:27:42,4/22/2013,16:27:42,4.99,11.17,77.69,954.02,247
4/22/2013 16:27:57,4/22/2013,16:27:57,4.80,11.17,77.80,954.01,248
4/22/2013 16:28:12,4/22/2013,16:28:12,4.51,11.17,77.59,954.03,264
4/22/2013 16:28:27,4/22/2013,16:28:27,4.59,11.17,77.69,954.07,244
4/22/2013 16:28:42,4/22/2013,16:28:42,3.77,11.17,77.69,954.07,243
4/22/2013 16:28:57,4/22/2013,16:28:57,3.67,11.17,77.90,954.07,218
4/22/2013 16:29:12,4/22/2013,16:29:12,4.33,11.17,77.59,954.05,248
4/22/2013 16:29:27,4/22/2013,16:29:27,4.02,11.17,77.90,954.05,252
4/22/2013 16:29:42,4/22/2013,16:29:42,4.44,11.17,77.80,954.07,255
4/22/2013 16:29:57,4/22/2013,16:29:57,4.63,11.10,77.69,954.08,230
4/22/2013 16:30:12,4/22/2013,16:30:12,4.33,11.14,78.00,954.07,240
4/22/2013 16:30:27,4/22/2013,16:30:27,4.11,11.14,77.90,954.09,223
4/22/2013 16:30:42,4/22/2013,16:30:42,4.65,11.10,77.90,954.04,245
4/22/2013 16:30:57,4/22/2013,16:30:57,4.63,11.10,77.69,954.07,233
4/22/2013 16:31:12,4/22/2013,16:31:12,4.55,11.10,77.90,954.07,240
4/22/2013 16:31:27,4/22/2013,16:31:27,3.70,11.10,78.19,954.05,247
4/22/2013 16:31:42,4/22/2013,16:31:42,3.22,11.10,78.09,954.08,243
4/22/2013 16:31:57,4/22/2013,16:31:57,4.70,11.05,77.80,954.08,241
4/22/2013 16:32:12,4/22/2013,16:32:12,3.24,11.10,78.00,954.08,233
4/22/2013 16:32:27,4/22/2013,16:32:27,4.27,11.10,78.19,954.07,248
4/22/2013 16:32:42,4/22/2013,16:32:42,3.34,11.10,78.59,954.08,232
4/22/2013 16:32:57,4/22/2013,16:32:57,3.74,11.05,78.19,954.09,229
4/22/2013 16:33:12,4/22/2013,16:33:12,3.27,11.10,78.50,954.08,220
4/22/2013 16:33:27,4/22/2013,16:33:27,3.67,11.10,78.00,954.08,228
4/22/2013 16:33:42,4/22/2013,16:33:42,4.02,11.10,78.19,954.09,244
4/22/2013 16:33:57,4/22/2013,16:33:57,4.94,11.02,78.00,954.09,214
4/22/2013 16:34:12,4/22/2013,16:34:12,4.48,11.05,78.09,954.08,235
4/22/2013 16:34:27,4/22/2013,16:34:27,4.34,11.10,77.90,954.08,239
4/22/2013 16:34:42,4/22/2013,16:34:42,4.59,11.10,78.00,954.04,236
4/22/2013 16:34:57,4/22/2013,16:34:57,4.56,11.05,77.90,954.05,249
4/22/2013 16:35:12,4/22/2013,16:35:12,4.04,11.10,78.09,954.07,265
4/22/2013 16:35:27,4/22/2013,16:35:27,3.66,11.10,78.09,954.07,253
4/22/2013 16:35:42,4/22/2013,16:35:42,3.12,11.14,78.30,954.08,242
4/22/2013 16:35:57,4/22/2013,16:35:57,4.05,11.14,78.09,954.07,227
4/22/2013 16:36:12,4/22/2013,16:36:12,5.17,11.10,77.90,954.05,243
4/22/2013 16:36:27,4/22/2013,16:36:27,4.77,11.10,78.30,954.08,259
4/22/2013 16:36:42,4/22/2013,16:36:42,4.17,11.10,78.00,954.09,256
4/22/2013 16:36:57,4/22/2013,16:36:57,3.80,11.14,77.90,954.09,255
4/22/2013 16:37:12,4/22/2013,16:37:12,4.20,11.10,77.80,954.09,244
4/22/2013 16:37:27,4/22/2013,16:37:27,3.66,11.14,78.00,954.07,257
4/22/2013 16:37:42,4/22/2013,16:37:42,2.70,11.17,78.40,954.09,237
4/22/2013 16:37:57,4/22/2013,16:37:57,2.56,11.17,77.80,954.09,245
4/22/2013 16:38:12,4/22/2013,16:38:12,2.26,11.22,78.09,954.09,258
4/22/2013 16:38:27,4/22/2013,16:38:27,2.52,11.25,77.80,954.09,248
4/22/2013 16:38:42,4/22/2013,16:38:42,2.20,11.25,77.90,954.10,253
4/22/2013 16:38:57,4/22/2013,16:38:57,1.87,11.32,78.09,954.10,238
4/22/2013 16:39:12,4/22/2013,16:39:12,1.91,11.30,78.09,954.11,214
4/22/2013 16:39:27,4/22/2013,16:39:27,2.83,11.25,78.19,954.07,228
4/22/2013 16:39:42,4/22/2013,16:39:42,3.11,11.25,77.90,954.05,238
4/22/2013 16:39:57,4/22/2013,16:39:57,5.65,11.17,77.59,954.02,222
4/22/2013 16:40:12,4/22/2013,16:40:12,4.97,11.17,77.50,954.03,245
4/22/2013 16:40:27,4/22/2013,16:40:27,4.83,11.22,77.40,954.01,249
4/22/2013 16:40:42,4/22/2013,16:40:42,5.85,11.17,77.50,953.98,242
4/22/2013 16:40:57,4/22/2013,16:40:57,4.44,11.22,77.80,954.01,223
4/22/2013 16:41:12,4/22/2013,16:41:12,5.65,11.17,77.59,954.00,247
4/22/2013 16:41:27,4/22/2013,16:41:27,5.23,11.25,77.90,953.98,272
4/22/2013 16:41:42,4/22/2013,16:41:42,4.55,11.25,77.69,954.01,240
4/22/2013 16:41:57,4/22/2013,16:41:57,4.23,11.25,77.59,954.02,258
4/22/2013 16:42:12,4/22/2013,16:42:12,4.92,11.22,77.30,954.00,274
4/22/2013 16:42:27,4/22/2013,16:42:27,4.30,11.30,77.59,954.01,263
4/22/2013 16:42:42,4/22/2013,16:42:42,4.62,11.25,77.50,954.01,252
4/22/2013 16:42:57,4/22/2013,16:42:57,5.29,11.22,77.19,954.02,244
4/22/2013 16:43:12,4/22/2013,16:43:12,4.90,11.25,77.50,954.03,260
4/22/2013 16:43:27,4/22/2013,16:43:27,3.37,11.32,77.69,954.03,243
4/22/2013 16:43:42,4/22/2013,16:43:42,2.62,11.42,77.80,954.02,244
4/22/2013 16:43:57,4/22/2013,16:43:57,2.13,11.42,77.90,954.03,233
4/22/2013 16:44:12,4/22/2013,16:44:12,3.54,11.37,77.30,954.01,236
4/22/2013 16:44:27,4/22/2013,16:44:27,3.20,11.42,77.30,954.02,263
4/22/2013 16:44:42,4/22/2013,16:44:42,2.98,11.42,77.50,954.02,268
4/22/2013 16:44:57,4/22/2013,16:44:57,2.98,11.44,77.30,954.02,257
4/22/2013 16:45:12,4/22/2013,16:45:12,3.30,11.42,77.09,954.02,230
4/22/2013 16:45:27,4/22/2013,16:45:27,2.18,11.52,77.59,954.05,237
4/22/2013 16:45:42,4/22/2013,16:45:42,1.95,11.57,77.59,954.03,240
4/22/2013 16:45:57,4/22/2013,16:45:57,2.91,11.50,77.30,954.00,240
4/22/2013 16:46:12,4/22/2013,16:46:12,2.26,11.57,76.69,954.04,229
4/22/2013 16:46:27,4/22/2013,16:46:27,2.52,11.57,76.50,954.02,271
4/22/2013 16:46:42,4/22/2013,16:46:42,3.98,11.57,77.00,954.03,227
4/22/2013 16:46:57,4/22/2013,16:46:57,5.92,11.50,76.50,953.97,233
4/22/2013 16:47:12,4/22/2013,16:47:12,5.95,11.50,76.59,953.94,234
4/22/2013 16:47:27,4/22/2013,16:47:27,5.80,11.50,76.59,953.95,240
4/22/2013 16:47:42,4/22/2013,16:47:42,4.38,11.52,76.50,954.01,245
4/22/2013 16:47:57,4/22/2013,16:47:57,4.13,11.50,76.30,954.02,236
4/22/2013 16:48:12,4/22/2013,16:48:12,3.38,11.57,76.80,954.02,246
4/22/2013 16:48:27,4/22/2013,16:48:27,3.11,11.62,77.00,954.02,236
4/22/2013 16:48:42,4/22/2013,16:48:42,3.45,11.69,76.90,954.00,260
4/22/2013 16:48:57,4/22/2013,16:48:57,3.58,11.69,76.40,954.00,256
4/22/2013 16:49:12,4/22/2013,16:49:12,3.05,11.77,76.90,954.01,242
4/22/2013 16:49:27,4/22/2013,16:49:27,3.31,11.72,76.59,954.02,239
4/22/2013 16:49:42,4/22/2013,16:49:42,4.60,11.64,76.00,954.02,234
4/22/2013 16:49:57,4/22/2013,16:49:57,3.84,11.69,76.00,954.01,240
4/22/2013 16:50:12,4/22/2013,16:50:12,3.62,11.72,76.50,954.00,233
4/22/2013 16:50:27,4/22/2013,16:50:27,3.33,11.72,76.19,954.01,228
4/22/2013 16:50:42,4/22/2013,16:50:42,4.33,11.64,75.80,954.01,240
4/22/2013 16:50:57,4/22/2013,16:50:57,3.30,11.77,76.09,954.00,231
4/22/2013 16:51:12,4/22/2013,16:51:12,3.24,11.72,76.30,953.97,268
4/22/2013 16:51:27,4/22/2013,16:51:27,3.70,11.77,76.40,953.96,229
4/22/2013 16:51:42,4/22/2013,16:51:42,3.29,11.72,76.00,954.01,245
4/22/2013 16:51:57,4/22/2013,16:51:57,3.62,11.80,76.09,954.01,255
4/22/2013 16:52:12,4/22/2013,16:52:12,2.51,11.85,76.40,954.00,217
4/22/2013 16:52:27,4/22/2013,16:52:27,2.99,11.80,75.80,954.00,238
4/22/2013 16:52:42,4/22/2013,16:52:42,2.61,11.85,76.09,954.01,247
4/22/2013 16:52:57,4/22/2013,16:52:57,2.36,11.85,76.40,954.00,230
4/22/2013 16:53:12,4/22/2013,16:53:12,3.76,11.80,76.19,954.00,245
4/22/2013 16:53:27,4/22/2013,16:53:27,4.36,11.72,75.80,953.96,242
4/22/2013 16:53:42,4/22/2013,16:53:42,3.95,11.80,76.09,953.96,203
4/22/2013 16:53:57,4/22/2013,16:53:57,3.90,11.72,75.80,953.96,250
4/22/2013 16:54:12,4/22/2013,16:54:12,3.13,11.80,76.59,953.96,241
4/22/2013 16:54:27,4/22/2013,16:54:27,3.79,11.77,75.90,953.96,243
4/22/2013 16:54:42,4/22/2013,16:54:42,3.29,11.85,76.09,953.96,241
4/22/2013 16:54:57,4/22/2013,16:54:57,4.34,11.77,75.80,953.98,251
4/22/2013 16:55:12,4/22/2013,16:55:12,3.67,11.77,75.90,953.96,236
4/22/2013 16:55:27,4/22/2013,16:55:27,3.98,11.72,75.40,953.94,242
4/22/2013 16:55:42,4/22/2013,16:55:42,3.09,11.80,76.40,953.94,257
4/22/2013 16:55:57,4/22/2013,16:55:57,3.59,11.80,75.80,953.93,270
4/22/2013 16:56:12,4/22/2013,16:56:12,4.90,11.72,75.69,953.89,259
4/22/2013 16:56:27,4/22/2013,16:56:27,4.52,11.72,75.69,953.92,256
4/22/2013 16:56:42,4/22/2013,16:56:42,3.36,11.80,76.30,953.92,235
4/22/2013 16:56:57,4/22/2013,16:56:57,5.01,11.72,75.80,953.90,238
4/22/2013 16:57:12,4/22/2013,16:57:12,4.62,11.72,76.09,953.93,237
4/22/2013 16:57:27,4/22/2013,16:57:27,3.83,11.72,76.09,953.92,253
4/22/2013 16:57:42,4/22/2013,16:57:42,3.76,11.77,76.19,953.92,240
4/22/2013 16:57:57,4/22/2013,16:57:57,3.94,11.77,76.50,953.90,244
4/22/2013 16:58:12,4/22/2013,16:58:12,3.63,11.77,76.09,953.88,228
4/22/2013 16:58:27,4/22/2013,16:58:27,4.38,11.72,76.00,953.89,245
4/22/2013 16:58:42,4/22/2013,16:58:42,3.67,11.72,76.09,953.89,228
4/22/2013 16:58:57,4/22/2013,16:58:57,3.19,11.80,76.30,953.90,271
4/22/2013 16:59:12,4/22/2013,16:59:12,2.90,11.85,76.50,953.89,232
4/22/2013 16:59:27,4/22/2013,16:59:27,3.66,11.77,76.00,953.88,221
4/22/2013 16:59:42,4/22/2013,16:59:42,4.16,11.72,75.90,953.87,210
4/22/2013 16:59:57,4/22/2013,16:59:57,3.69,11.77,76.69,953.85,223
4/22/2013 17:00:12,4/22/2013,17:00:12,4.63,11.72,76.40,953.85,218
4/22/2013 17:00:27,4/22/2013,17:00:27,5.23,11.69,76.19,953.85,218
4/22/2013 17:00:42,4/22/2013,17:00:42,4.20,11.72,76.80,953.82,239
4/22/2013 17:00:57,4/22/2013,17:00:57,4.65,11.69,76.30,953.82,245
4/22/2013 17:01:12,4/22/2013,17:01:12,5.47,11.64,76.50,953.80,224
4/22/2013 17:01:27,4/22/2013,17:01:27,3.63,11.69,77.00,953.84,251
4/22/2013 17:01:42,4/22/2013,17:01:42,4.11,11.64,76.50,953.85,239
4/22/2013 17:01:57,4/22/2013,17:01:57,4.19,11.62,76.59,953.84,224
4/22/2013 17:02:12,4/22/2013,17:02:12,4.72,11.62,77.00,953.84,214
4/22/2013 17:02:27,4/22/2013,17:02:27,4.67,11.62,77.00,953.85,242
4/22/2013 17:02:42,4/22/2013,17:02:42,4.11,11.64,77.09,953.85,250
4/22/2013 17:02:57,4/22/2013,17:02:57,3.66,11.64,77.19,953.86,232
4/22/2013 17:03:12,4/22/2013,17:03:12,2.80,11.69,77.80,953.86,250
4/22/2013 17:03:27,4/22/2013,17:03:27,3.97,11.64,76.90,953.86,248
4/22/2013 17:03:42,4/22/2013,17:03:42,4.45,11.62,76.80,953.85,245
4/22/2013 17:03:57,4/22/2013,17:03:57,4.38,11.57,76.69,953.85,245
4/22/2013 17:04:12,4/22/2013,17:04:12,3.15,11.64,77.19,953.86,243
4/22/2013 17:04:27,4/22/2013,17:04:27,3.02,11.64,76.80,953.86,261
4/22/2013 17:04:42,4/22/2013,17:04:42,2.86,11.69,76.80,953.82,244
4/22/2013 17:04:57,4/22/2013,17:04:57,2.79,11.69,77.00,953.82,255
4/22/2013 17:05:12,4/22/2013,17:05:12,2.16,11.72,77.59,953.85,243
4/22/2013 17:05:27,4/22/2013,17:05:27,2.92,11.72,77.00,953.86,245
4/22/2013 17:05:42,4/22/2013,17:05:42,3.02,11.72,77.00,953.84,237
4/22/2013 17:05:57,4/22/2013,17:05:57,2.47,11.72,76.80,953.85,230
4/22/2013 17:06:12,4/22/2013,17:06:12,2.34,11.77,77.50,953.86,247
4/22/2013 17:06:27,4/22/2013,17:06:27,2.98,11.72,76.80,953.85,242
4/22/2013 17:06:42,4/22/2013,17:06:42,3.31,11.77,76.80,953.85,267
4/22/2013 17:06:57,4/22/2013,17:06:57,3.27,11.80,77.00,953.84,238
4/22/2013 17:07:12,4/22/2013,17:07:12,4.04,11.72,76.80,953.85,260
4/22/2013 17:07:27,4/22/2013,17:07:27,4.11,11.77,76.69,953.84,246
4/22/2013 17:07:42,4/22/2013,17:07:42,4.24,11.72,76.69,953.82,240
4/22/2013 17:07:57,4/22/2013,17:07:57,3.74,11.72,76.90,953.82,261
4/22/2013 17:08:12,4/22/2013,17:08:12,3.63,11.80,77.09,953.81,244
4/22/2013 17:08:27,4/22/2013,17:08:27,3.73,11.72,76.80,953.82,222
4/22/2013 17:08:42,4/22/2013,17:08:42,3.47,11.80,77.19,953.84,232
4/22/2013 17:08:57,4/22/2013,17:08:57,2.55,11.80,77.09,953.85,278
4/22/2013 17:09:12,4/22/2013,17:09:12,3.70,11.72,76.90,953.81,239
4/22/2013 17:09:27,4/22/2013,17:09:27,4.58,11.80,77.19,953.78,243
4/22/2013 17:09:42,4/22/2013,17:09:42,3.66,11.77,76.69,953.82,233
4/22/2013 17:09:57,4/22/2013,17:09:57,4.19,11.72,76.90,953.81,239
4/22/2013 17:10:12,4/22/2013,17:10:12,5.52,11.64,76.59,953.80,236
4/22/2013 17:10:27,4/22/2013,17:10:27,5.99,11.64,76.90,953.77,228
4/22/2013 17:10:42,4/22/2013,17:10:42,4.97,11.69,77.40,953.80,243
4/22/2013 17:10:57,4/22/2013,17:10:57,4.65,11.64,76.90,953.81,250
4/22/2013 17:11:12,4/22/2013,17:11:12,4.69,11.64,77.19,953.80,248
4/22/2013 17:11:27,4/22/2013,17:11:27,4.08,11.72,77.50,953.81,255
4/22/2013 17:11:42,4/22/2013,17:11:42,4.76,11.69,77.09,953.81,255
4/22/2013 17:11:57,4/22/2013,17:11:57,4.26,11.69,77.09,953.80,252
4/22/2013 17:12:12,4/22/2013,17:12:12,3.83,11.72,77.40,953.82,231
4/22/2013 17:12:27,4/22/2013,17:12:27,3.38,11.72,77.90,953.81,247
4/22/2013 17:12:42,4/22/2013,17:12:42,4.37,11.64,77.59,953.79,250
4/22/2013 17:12:57,4/22/2013,17:12:57,4.98,11.62,77.40,953.77,244
4/22/2013 17:13:12,4/22/2013,17:13:12,3.83,11.69,78.00,953.78,269
4/22/2013 17:13:27,4/22/2013,17:13:27,5.17,11.57,77.50,953.74,241
4/22/2013 17:13:42,4/22/2013,17:13:42,4.62,11.64,78.00,953.73,264
4/22/2013 17:13:57,4/22/2013,17:13:57,3.76,11.64,78.09,953.74,249
4/22/2013 17:14:12,4/22/2013,17:14:12,3.80,11.64,78.19,953.74,230
4/22/2013 17:14:27,4/22/2013,17:14:27,3.80,11.64,78.50,953.76,243
4/22/2013 17:14:42,4/22/2013,17:14:42,3.90,11.57,78.50,953.76,228
4/22/2013 17:14:57,4/22/2013,17:14:57,5.49,11.50,78.09,953.74,234
4/22/2013 17:15:12,4/22/2013,17:15:12,5.74,11.44,78.00,953.71,253
4/22/2013 17:15:27,4/22/2013,17:15:27,4.83,11.50,78.69,953.78,247
4/22/2013 17:15:42,4/22/2013,17:15:42,3.66,11.50,79.09,953.76,280
4/22/2013 17:15:57,4/22/2013,17:15:57,4.22,11.42,79.59,953.80,242
4/22/2013 17:16:12,4/22/2013,17:16:12,4.97,11.32,79.69,953.79,253
4/22/2013 17:16:27,4/22/2013,17:16:27,5.13,11.25,80.30,953.77,242
4/22/2013 17:16:42,4/22/2013,17:16:42,4.87,11.25,80.40,953.77,244
4/22/2013 17:16:57,4/22/2013,17:16:57,4.30,11.17,81.09,953.73,231
4/22/2013 17:17:12,4/22/2013,17:17:12,4.90,11.14,81.30,953.78,223
4/22/2013 17:17:27,4/22/2013,17:17:27,4.09,11.10,81.59,953.80,213
4/22/2013 17:17:42,4/22/2013,17:17:42,5.24,10.94,81.90,953.76,237
4/22/2013 17:17:57,4/22/2013,17:17:57,4.56,10.87,82.50,953.78,239
4/22/2013 17:18:12,4/22/2013,17:18:12,4.11,10.89,83.30,953.77,208
4/22/2013 17:18:27,4/22/2013,17:18:27,2.86,10.89,83.69,953.79,206
4/22/2013 17:18:42,4/22/2013,17:18:42,5.30,10.77,82.40,953.74,201
4/22/2013 17:18:57,4/22/2013,17:18:57,4.38,10.77,82.90,953.74,233
4/22/2013 17:19:12,4/22/2013,17:19:12,5.33,10.69,82.50,953.73,275
4/22/2013 17:19:27,4/22/2013,17:19:27,5.23,10.69,83.09,953.76,233
4/22/2013 17:19:42,4/22/2013,17:19:42,4.45,10.69,82.69,953.73,241
4/22/2013 17:19:57,4/22/2013,17:19:57,4.91,10.67,83.00,953.73,228
4/22/2013 17:20:12,4/22/2013,17:20:12,3.40,10.69,83.69,953.74,198
4/22/2013 17:20:27,4/22/2013,17:20:27,3.12,10.67,83.59,953.74,208
4/22/2013 17:20:42,4/22/2013,17:20:42,2.84,10.69,83.90,953.77,204
4/22/2013 17:20:57,4/22/2013,17:20:57,3.41,10.67,83.59,953.76,216
4/22/2013 17:21:12,4/22/2013,17:21:12,2.38,10.69,83.90,953.78,204
4/22/2013 17:21:27,4/22/2013,17:21:27,2.80,10.67,84.00,953.78,210
4/22/2013 17:21:42,4/22/2013,17:21:42,2.81,10.62,83.59,953.77,234
4/22/2013 17:21:57,4/22/2013,17:21:57,3.04,10.67,83.90,953.77,231
4/22/2013 17:22:12,4/22/2013,17:22:12,3.77,10.62,83.30,953.74,217
4/22/2013 17:22:27,4/22/2013,17:22:27,2.94,10.67,83.90,953.77,215
4/22/2013 17:22:42,4/22/2013,17:22:42,3.16,10.62,83.50,953.74,205
4/22/2013 17:22:57,4/22/2013,17:22:57,3.01,10.67,83.59,953.74,238
4/22/2013 17:23:12,4/22/2013,17:23:12,4.88,10.62,83.09,953.71,232
4/22/2013 17:23:27,4/22/2013,17:23:27,3.76,10.62,83.09,953.71,229
4/22/2013 17:23:42,4/22/2013,17:23:42,3.58,10.62,83.40,953.71,230
4/22/2013 17:23:57,4/22/2013,17:23:57,4.22,10.57,83.40,953.73,242
4/22/2013 17:24:12,4/22/2013,17:24:12,5.63,10.55,83.40,953.66,192
4/22/2013 17:24:27,4/22/2013,17:24:27,5.20,10.55,83.50,953.66,231
4/22/2013 17:24:42,4/22/2013,17:24:42,4.60,10.55,83.90,953.71,234
4/22/2013 17:24:57,4/22/2013,17:24:57,5.23,10.50,83.90,953.70,233
4/22/2013 17:25:12,4/22/2013,17:25:12,6.17,10.47,83.50,953.70,222
4/22/2013 17:25:27,4/22/2013,17:25:27,4.34,10.47,83.80,953.72,211
4/22/2013 17:25:42,4/22/2013,17:25:42,4.37,10.50,83.90,953.71,200
4/22/2013 17:25:57,4/22/2013,17:25:57,5.16,10.47,83.50,953.72,234
4/22/2013 17:26:12,4/22/2013,17:26:12,4.04,10.50,83.80,953.72,235
4/22/2013 17:26:27,4/22/2013,17:26:27,3.87,10.50,83.90,953.70,240
4/22/2013 17:26:42,4/22/2013,17:26:42,4.90,10.47,83.40,953.69,252
4/22/2013 17:26:57,4/22/2013,17:26:57,4.34,10.47,83.50,953.69,248
4/22/2013 17:27:12,4/22/2013,17:27:12,4.42,10.47,83.80,953.71,229
4/22/2013 17:27:27,4/22/2013,17:27:27,4.12,10.47,83.90,953.71,241
4/22/2013 17:27:42,4/22/2013,17:27:42,3.79,10.47,83.80,953.70,237
4/22/2013 17:27:57,4/22/2013,17:27:57,6.10,10.39,83.69,953.70,246
4/22/2013 17:28:12,4/22/2013,17:28:12,5.24,10.39,84.00,953.69,245
4/22/2013 17:28:27,4/22/2013,17:28:27,5.58,10.35,83.69,953.66,197
4/22/2013 17:28:42,4/22/2013,17:28:42,5.22,10.35,84.00,953.69,202
4/22/2013 17:28:57,4/22/2013,17:28:57,4.77,10.35,84.09,953.70,232
4/22/2013 17:29:12,4/22/2013,17:29:12,3.49,10.35,84.50,953.71,238
4/22/2013 17:29:27,4/22/2013,17:29:27,3.22,10.35,84.40,953.70,216
4/22/2013 17:29:42,4/22/2013,17:29:42,3.55,10.35,84.09,953.71,213
4/22/2013 17:29:57,4/22/2013,17:29:57,2.61,10.39,84.30,953.73,204
4/22/2013 17:30:12,4/22/2013,17:30:12,2.73,10.39,84.59,953.73,230
4/22/2013 17:30:27,4/22/2013,17:30:27,3.06,10.39,84.40,953.71,216
4/22/2013 17:30:42,4/22/2013,17:30:42,3.95,10.35,84.00,953.69,221
4/22/2013 17:30:57,4/22/2013,17:30:57,4.08,10.35,84.30,953.70,197
4/22/2013 17:31:12,4/22/2013,17:31:12,3.67,10.35,84.30,953.71,198
4/22/2013 17:31:27,4/22/2013,17:31:27,4.99,10.30,84.09,953.69,202
4/22/2013 17:31:42,4/22/2013,17:31:42,4.17,10.30,84.40,953.69,197
4/22/2013 17:31:57,4/22/2013,17:31:57,3.84,10.30,84.30,953.70,231
4/22/2013 17:32:12,4/22/2013,17:32:12,5.62,10.27,84.30,953.66,227
4/22/2013 17:32:27,4/22/2013,17:32:27,4.85,10.30,84.50,953.66,235
4/22/2013 17:32:42,4/22/2013,17:32:42,4.56,10.30,84.50,953.66,241
4/22/2013 17:32:57,4/22/2013,17:32:57,4.52,10.27,84.50,953.68,232
4/22/2013 17:33:12,4/22/2013,17:33:12,4.55,10.27,84.80,953.66,227
4/22/2013 17:33:27,4/22/2013,17:33:27,3.55,10.27,85.09,953.68,205
4/22/2013 17:33:42,4/22/2013,17:33:42,3.70,10.22,85.19,953.70,248
4/22/2013 17:33:57,4/22/2013,17:33:57,3.23,10.30,85.30,953.69,211
4/22/2013 17:34:12,4/22/2013,17:34:12,2.42,10.27,85.59,953.70,239
4/22/2013 17:34:27,4/22/2013,17:34:27,3.48,10.27,85.40,953.71,221
4/22/2013 17:34:42,4/22/2013,17:34:42,3.13,10.27,85.50,953.71,192
4/22/2013 17:34:57,4/22/2013,17:34:57,3.80,10.27,85.40,953.69,214
4/22/2013 17:35:12,4/22/2013,17:35:12,4.84,10.27,85.50,953.66,237
4/22/2013 17:35:27,4/22/2013,17:35:27,4.65,10.14,85.59,953.65,189
4/22/2013 17:35:42,4/22/2013,17:35:42,3.97,10.19,85.90,953.66,232
4/22/2013 17:35:57,4/22/2013,17:35:57,3.90,10.19,86.09,953.66,235
4/22/2013 17:36:12,4/22/2013,17:36:12,4.04,10.14,85.80,953.66,248
4/22/2013 17:36:27,4/22/2013,17:36:27,3.26,10.22,86.40,953.68,216
4/22/2013 17:36:42,4/22/2013,17:36:42,3.77,10.14,86.19,953.68,231
4/22/2013 17:36:57,4/22/2013,17:36:57,3.37,10.19,86.69,953.69,257
4/22/2013 17:37:12,4/22/2013,17:37:12,4.37,10.14,86.00,953.69,234
4/22/2013 17:37:27,4/22/2013,17:37:27,4.13,10.19,86.19,953.66,244
4/22/2013 17:37:42,4/22/2013,17:37:42,4.44,10.14,86.00,953.66,243
4/22/2013 17:37:57,4/22/2013,17:37:57,4.17,10.14,86.00,953.66,230
4/22/2013 17:38:12,4/22/2013,17:38:12,4.74,10.14,86.19,953.64,242
4/22/2013 17:38:27,4/22/2013,17:38:27,5.77,10.10,86.09,953.57,274
4/22/2013 17:38:42,4/22/2013,17:38:42,5.42,10.10,86.19,953.58,255
4/22/2013 17:38:57,4/22/2013,17:38:57,4.40,10.14,86.19,953.62,252
4/22/2013 17:39:12,4/22/2013,17:39:12,3.58,10.14,86.50,953.62,230
4/22/2013 17:39:27,4/22/2013,17:39:27,3.66,10.19,86.90,953.63,233
4/22/2013 17:39:42,4/22/2013,17:39:42,4.11,10.14,87.19,953.62,219
4/22/2013 17:39:57,4/22/2013,17:39:57,5.49,10.10,87.09,953.60,235
4/22/2013 17:40:12,4/22/2013,17:40:12,4.92,10.10,87.09,953.62,223
4/22/2013 17:40:27,4/22/2013,17:40:27,4.33,10.14,87.19,953.62,222
4/22/2013 17:40:42,4/22/2013,17:40:42,3.40,10.14,87.19,953.64,240
4/22/2013 17:40:57,4/22/2013,17:40:57,4.09,10.14,86.69,953.61,229
4/22/2013 17:41:12,4/22/2013,17:41:12,4.02,10.14,86.80,953.62,227
4/22/2013 17:41:27,4/22/2013,17:41:27,5.09,10.14,86.59,953.57,225
4/22/2013 17:41:42,4/22/2013,17:41:42,4.02,10.14,86.80,953.60,233
4/22/2013 17:41:57,4/22/2013,17:41:57,3.29,10.14,86.90,953.58,235
4/22/2013 17:42:12,4/22/2013,17:42:12,3.41,10.19,86.59,953.58,240
4/22/2013 17:42:27,4/22/2013,17:42:27,4.44,10.14,86.30,953.56,218
4/22/2013 17:42:42,4/22/2013,17:42:42,3.56,10.19,86.69,953.60,252
4/22/2013 17:42:57,4/22/2013,17:42:57,3.70,10.19,86.40,953.58,245
4/22/2013 17:43:12,4/22/2013,17:43:12,2.94,10.19,86.59,953.58,241
4/22/2013 17:43:27,4/22/2013,17:43:27,4.52,10.14,86.19,953.57,242
4/22/2013 17:43:42,4/22/2013,17:43:42,3.04,10.14,87.00,953.57,235
4/22/2013 17:43:57,4/22/2013,17:43:57,3.58,10.14,86.90,953.57,232
4/22/2013 17:44:12,4/22/2013,17:44:12,3.37,10.14,86.90,953.56,229
4/22/2013 17:44:27,4/22/2013,17:44:27,2.34,10.19,87.30,953.56,248
4/22/2013 17:44:42,4/22/2013,17:44:42,2.51,10.22,87.09,953.58,259
4/22/2013 17:44:57,4/22/2013,17:44:57,2.95,10.22,86.90,953.56,244
4/22/2013 17:45:12,4/22/2013,17:45:12,4.40,10.19,86.69,953.54,211
4/22/2013 17:45:27,4/22/2013,17:45:27,3.95,10.14,86.40,953.54,249
4/22/2013 17:45:42,4/22/2013,17:45:42,3.63,10.19,86.90,953.53,244
4/22/2013 17:45:57,4/22/2013,17:45:57,2.84,10.19,87.09,953.55,225
4/22/2013 17:46:12,4/22/2013,17:46:12,2.87,10.22,87.09,953.54,249
4/22/2013 17:46:27,4/22/2013,17:46:27,2.90,10.14,86.80,953.55,257
4/22/2013 17:46:42,4/22/2013,17:46:42,2.65,10.19,86.80,953.56,228
4/22/2013 17:46:57,4/22/2013,17:46:57,3.24,10.19,87.00,953.55,240
4/22/2013 17:47:12,4/22/2013,17:47:12,3.37,10.14,86.59,953.53,235
4/22/2013 17:47:27,4/22/2013,17:47:27,2.74,10.22,87.09,953.54,202
4/22/2013 17:47:42,4/22/2013,17:47:42,2.38,10.22,87.19,953.53,210
4/22/2013 17:47:57,4/22/2013,17:47:57,3.17,10.22,87.00,953.53,189
4/22/2013 17:48:12,4/22/2013,17:48:12,2.74,10.19,86.69,953.55,242
4/22/2013 17:48:27,4/22/2013,17:48:27,3.59,10.19,86.50,953.52,231
4/22/2013 17:48:42,4/22/2013,17:48:42,2.81,10.22,86.80,953.54,232
4/22/2013 17:48:57,4/22/2013,17:48:57,3.63,10.22,86.40,953.52,221
4/22/2013 17:49:12,4/22/2013,17:49:12,2.42,10.22,87.00,953.54,194
4/22/2013 17:49:27,4/22/2013,17:49:27,3.30,10.22,86.30,953.53,191
4/22/2013 17:49:42,4/22/2013,17:49:42,3.04,10.22,86.69,953.53,208
4/22/2013 17:49:57,4/22/2013,17:49:57,3.11,10.22,86.59,953.53,228
4/22/2013 17:50:12,4/22/2013,17:50:12,2.99,10.22,86.59,953.55,231
4/22/2013 17:50:27,4/22/2013,17:50:27,2.98,10.27,86.50,953.54,217
4/22/2013 17:50:42,4/22/2013,17:50:42,3.72,10.22,86.19,953.53,212
4/22/2013 17:50:57,4/22/2013,17:50:57,4.20,10.19,86.19,953.55,220
4/22/2013 17:51:12,4/22/2013,17:51:12,4.34,10.14,86.30,953.56,220
4/22/2013 17:51:27,4/22/2013,17:51:27,4.49,10.14,86.19,953.56,224
4/22/2013 17:51:42,4/22/2013,17:51:42,3.15,10.19,86.50,953.57,221
4/22/2013 17:51:57,4/22/2013,17:51:57,2.69,10.22,86.59,953.57,228
4/22/2013 17:52:12,4/22/2013,17:52:12,2.23,10.22,86.59,953.60,201
4/22/2013 17:52:27,4/22/2013,17:52:27,1.24,10.27,86.50,953.60,229
4/22/2013 17:52:42,4/22/2013,17:52:42,1.98,10.27,86.59,953.60,191
4/22/2013 17:52:57,4/22/2013,17:52:57,2.20,10.30,86.69,953.61,209
4/22/2013 17:53:12,4/22/2013,17:53:12,1.79,10.30,86.50,953.60,223
4/22/2013 17:53:27,4/22/2013,17:53:27,1.48,10.30,86.40,953.58,246
4/22/2013 17:53:42,4/22/2013,17:53:42,2.09,10.30,86.09,953.62,220
4/22/2013 17:53:57,4/22/2013,17:53:57,1.93,10.30,86.00,953.62,198
4/22/2013 17:54:12,4/22/2013,17:54:12,2.87,10.35,86.30,953.58,215
4/22/2013 17:54:27,4/22/2013,17:54:27,3.76,10.30,85.80,953.56,231
4/22/2013 17:54:42,4/22/2013,17:54:42,3.17,10.30,85.69,953.56,255
4/22/2013 17:54:57,4/22/2013,17:54:57,5.67,10.22,85.30,953.52,217
4/22/2013 17:55:12,4/22/2013,17:55:12,4.81,10.27,85.30,953.56,245
4/22/2013 17:55:27,4/22/2013,17:55:27,4.60,10.27,85.40,953.56,222
4/22/2013 17:55:42,4/22/2013,17:55:42,3.81,10.27,85.50,953.56,206
4/22/2013 17:55:57,4/22/2013,17:55:57,2.86,10.30,85.59,953.58,234
4/22/2013 17:56:12,4/22/2013,17:56:12,3.23,10.27,85.69,953.57,218
4/22/2013 17:56:27,4/22/2013,17:56:27,2.69,10.30,86.30,953.58,221
4/22/2013 17:56:42,4/22/2013,17:56:42,3.62,10.30,85.69,953.57,220
4/22/2013 17:56:57,4/22/2013,17:56:57,2.90,10.30,86.00,953.58,240
4/22/2013 17:57:12,4/22/2013,17:57:12,2.16,10.39,86.30,953.58,217
4/22/2013 17:57:27,4/22/2013,17:57:27,1.91,10.39,86.00,953.61,222
4/22/2013 17:57:42,4/22/2013,17:57:42,1.52,10.42,86.09,953.61,232
4/22/2013 17:57:57,4/22/2013,17:57:57,3.06,10.39,85.50,953.56,235
4/22/2013 17:58:12,4/22/2013,17:58:12,2.79,10.39,85.09,953.57,222
4/22/2013 17:58:27,4/22/2013,17:58:27,2.26,10.47,85.30,953.62,236
4/22/2013 17:58:42,4/22/2013,17:58:42,1.80,10.47,85.50,953.58,244
4/22/2013 17:58:57,4/22/2013,17:58:57,2.23,10.47,85.00,953.58,217
4/22/2013 17:59:12,4/22/2013,17:59:12,2.92,10.42,84.69,953.57,196
4/22/2013 17:59:27,4/22/2013,17:59:27,3.65,10.47,84.59,953.54,228
4/22/2013 17:59:42,4/22/2013,17:59:42,2.56,10.47,84.80,953.56,221
4/22/2013 17:59:57,4/22/2013,17:59:57,2.16,10.55,84.90,953.55,213
4/22/2013 18:00:12,4/22/2013,18:00:12,2.38,10.55,85.00,953.52,229
4/22/2013 18:00:27,4/22/2013,18:00:27,2.80,10.50,84.50,953.49,269
4/22/2013 18:00:42,4/22/2013,18:00:42,3.16,10.55,85.09,953.48,202
4/22/2013 18:00:57,4/22/2013,18:00:57,2.40,10.55,85.30,953.49,215
4/22/2013 18:01:12,4/22/2013,18:01:12,1.72,10.57,84.59,953.48,204
4/22/2013 18:01:27,4/22/2013,18:01:27,3.65,10.57,84.59,953.46,223
4/22/2013 18:01:42,4/22/2013,18:01:42,4.31,10.55,84.40,953.42,211
4/22/2013 18:01:57,4/22/2013,18:01:57,3.66,10.55,84.19,953.44,215
4/22/2013 18:02:12,4/22/2013,18:02:12,4.87,10.55,84.09,953.41,210
4/22/2013 18:02:27,4/22/2013,18:02:27,4.90,10.50,83.90,953.45,234
4/22/2013 18:02:42,4/22/2013,18:02:42,3.79,10.55,83.90,953.44,225
4/22/2013 18:02:57,4/22/2013,18:02:57,2.74,10.57,84.19,953.47,227
4/22/2013 18:03:12,4/22/2013,18:03:12,4.22,10.55,83.80,953.46,216
4/22/2013 18:03:27,4/22/2013,18:03:27,4.41,10.55,84.00,953.47,222
4/22/2013 18:03:42,4/22/2013,18:03:42,4.27,10.50,83.90,953.47,215
4/22/2013 18:03:57,4/22/2013,18:03:57,4.16,10.55,84.09,953.47,215
4/22/2013 18:04:12,4/22/2013,18:04:12,3.80,10.50,83.80,953.46,230
4/22/2013 18:04:27,4/22/2013,18:04:27,2.67,10.55,84.30,953.49,217
4/22/2013 18:04:42,4/22/2013,18:04:42,2.51,10.57,84.59,953.49,230
4/22/2013 18:04:57,4/22/2013,18:04:57,1.99,10.62,84.69,953.49,215
4/22/2013 18:05:12,4/22/2013,18:05:12,2.29,10.62,84.50,953.49,230
4/22/2013 18:05:27,4/22/2013,18:05:27,2.72,10.62,84.30,953.47,212
4/22/2013 18:05:42,4/22/2013,18:05:42,3.40,10.57,84.19,953.46,201
4/22/2013 18:05:57,4/22/2013,18:05:57,4.09,10.62,83.90,953.45,186
4/22/2013 18:06:12,4/22/2013,18:06:12,4.19,10.57,84.00,953.45,196
4/22/2013 18:06:27,4/22/2013,18:06:27,4.37,10.55,83.69,953.48,190
4/22/2013 18:06:42,4/22/2013,18:06:42,3.30,10.62,83.90,953.48,197
4/22/2013 18:06:57,4/22/2013,18:06:57,4.37,10.62,83.80,953.49,186
4/22/2013 18:07:12,4/22/2013,18:07:12,3.97,10.57,83.59,953.52,193
4/22/2013 18:07:27,4/22/2013,18:07:27,4.02,10.57,83.90,953.50,235
4/22/2013 18:07:42,4/22/2013,18:07:42,3.56,10.62,83.80,953.50,208
4/22/2013 18:07:57,4/22/2013,18:07:57,2.63,10.62,84.09,953.54,212
4/22/2013 18:08:12,4/22/2013,18:08:12,3.19,10.62,83.69,953.53,238
4/22/2013 18:08:27,4/22/2013,18:08:27,3.02,10.62,83.90,953.50,191
4/22/2013 18:08:42,4/22/2013,18:08:42,2.74,10.67,84.00,953.52,232
4/22/2013 18:08:57,4/22/2013,18:08:57,2.87,10.67,83.80,953.53,245
4/22/2013 18:09:12,4/22/2013,18:09:12,3.36,10.62,83.40,953.49,212
4/22/2013 18:09:27,4/22/2013,18:09:27,3.62,10.62,83.59,953.50,208
4/22/2013 18:09:42,4/22/2013,18:09:42,2.94,10.62,83.50,953.49,238
4/22/2013 18:09:57,4/22/2013,18:09:57,3.15,10.62,83.69,953.49,198
4/22/2013 18:10:12,4/22/2013,18:10:12,4.60,10.62,83.40,953.52,204
4/22/2013 18:10:27,4/22/2013,18:10:27,3.98,10.62,83.40,953.48,232
4/22/2013 18:10:42,4/22/2013,18:10:42,2.67,10.67,83.59,953.49,215
4/22/2013 18:10:57,4/22/2013,18:10:57,2.45,10.69,83.90,953.52,229
4/22/2013 18:11:12,4/22/2013,18:11:12,2.22,10.69,84.09,953.53,211
4/22/2013 18:11:27,4/22/2013,18:11:27,3.09,10.75,83.90,953.52,208
4/22/2013 18:11:42,4/22/2013,18:11:42,3.81,10.69,83.40,953.49,205
4/22/2013 18:11:57,4/22/2013,18:11:57,5.45,10.67,83.30,953.47,224
4/22/2013 18:12:12,4/22/2013,18:12:12,4.55,10.67,83.30,953.49,211
4/22/2013 18:12:27,4/22/2013,18:12:27,4.34,10.69,83.30,953.49,187
4/22/2013 18:12:42,4/22/2013,18:12:42,4.56,10.69,83.09,953.49,195
4/22/2013 18:12:57,4/22/2013,18:12:57,3.84,10.69,83.59,953.50,219
4/22/2013 18:13:12,4/22/2013,18:13:12,3.58,10.69,83.30,953.53,201
4/22/2013 18:13:27,4/22/2013,18:13:27,4.23,10.69,83.09,953.54,210
4/22/2013 18:13:42,4/22/2013,18:13:42,3.62,10.69,83.19,953.54,225
4/22/2013 18:13:57,4/22/2013,18:13:57,2.52,10.77,83.59,953.55,218
4/22/2013 18:14:12,4/22/2013,18:14:12,2.79,10.77,83.50,953.55,228
4/22/2013 18:14:27,4/22/2013,18:14:27,1.98,10.87,83.59,953.55,219
4/22/2013 18:14:42,4/22/2013,18:14:42,1.38,10.89,83.69,953.60,188
4/22/2013 18:14:57,4/22/2013,18:14:57,2.38,10.87,83.00,953.57,210
4/22/2013 18:15:12,4/22/2013,18:15:12,2.24,10.87,83.00,953.56,243
4/22/2013 18:15:27,4/22/2013,18:15:27,2.59,10.87,83.50,953.56,253
4/22/2013 18:15:42,4/22/2013,18:15:42,2.86,10.87,83.40,953.55,219
4/22/2013 18:15:57,4/22/2013,18:15:57,3.41,10.82,83.00,953.54,236
4/22/2013 18:16:12,4/22/2013,18:16:12,2.72,10.87,83.30,953.55,190
4/22/2013 18:16:27,4/22/2013,18:16:27,3.81,10.77,83.19,953.54,190
4/22/2013 18:16:42,4/22/2013,18:16:42,3.06,10.82,83.00,953.54,196
4/22/2013 18:16:57,4/22/2013,18:16:57,2.63,10.82,83.00,953.58,218
4/22/2013 18:17:12,4/22/2013,18:17:12,2.49,10.87,83.40,953.58,213
4/22/2013 18:17:27,4/22/2013,18:17:27,2.29,10.87,83.19,953.60,224
4/22/2013 18:17:42,4/22/2013,18:17:42,4.11,10.77,82.90,953.57,218
4/22/2013 18:17:57,4/22/2013,18:17:57,4.54,10.77,83.19,953.55,243
4/22/2013 18:18:12,4/22/2013,18:18:12,3.95,10.77,83.30,953.54,231
4/22/2013 18:18:27,4/22/2013,18:18:27,3.49,10.82,83.50,953.56,227
4/22/2013 18:18:42,4/22/2013,18:18:42,2.73,10.82,83.50,953.58,243
4/22/2013 18:18:57,4/22/2013,18:18:57,2.49,10.87,83.69,953.57,209
4/22/2013 18:19:12,4/22/2013,18:19:12,2.87,10.87,83.59,953.58,219
4/22/2013 18:19:27,4/22/2013,18:19:27,4.22,10.75,83.00,953.57,227
4/22/2013 18:19:42,4/22/2013,18:19:42,4.79,10.69,83.09,953.57,230
4/22/2013 18:19:57,4/22/2013,18:19:57,4.38,10.69,83.19,953.57,228
4/22/2013 18:20:12,4/22/2013,18:20:12,4.13,10.75,83.50,953.58,235
4/22/2013 18:20:27,4/22/2013,18:20:27,3.91,10.69,83.30,953.58,222
4/22/2013 18:20:42,4/22/2013,18:20:42,3.70,10.69,83.59,953.57,216
4/22/2013 18:20:57,4/22/2013,18:20:57,3.69,10.69,83.40,953.57,253
4/22/2013 18:21:12,4/22/2013,18:21:12,3.44,10.69,83.30,953.57,225
4/22/2013 18:21:27,4/22/2013,18:21:27,3.80,10.69,83.69,953.57,235
4/22/2013 18:21:42,4/22/2013,18:21:42,4.60,10.67,83.50,953.57,232
4/22/2013 18:21:57,4/22/2013,18:21:57,4.37,10.67,83.50,953.58,216
4/22/2013 18:22:12,4/22/2013,18:22:12,3.58,10.69,84.00,953.62,210
4/22/2013 18:22:27,4/22/2013,18:22:27,3.44,10.67,83.50,953.62,198
4/22/2013 18:22:42,4/22/2013,18:22:42,2.86,10.69,83.69,953.58,205
4/22/2013 18:22:57,4/22/2013,18:22:57,3.09,10.69,83.90,953.57,219
4/22/2013 18:23:12,4/22/2013,18:23:12,2.42,10.69,83.80,953.60,208
4/22/2013 18:23:27,4/22/2013,18:23:27,2.79,10.69,83.80,953.58,198
4/22/2013 18:23:42,4/22/2013,18:23:42,2.70,10.69,84.09,953.60,203
4/22/2013 18:23:57,4/22/2013,18:23:57,1.99,10.75,84.19,953.61,202
4/22/2013 18:24:12,4/22/2013,18:24:12,2.44,10.69,84.00,953.60,215
4/22/2013 18:24:27,4/22/2013,18:24:27,2.66,10.75,83.90,953.57,235
4/22/2013 18:24:42,4/22/2013,18:24:42,2.99,10.69,83.59,953.56,190
4/22/2013 18:24:57,4/22/2013,18:24:57,2.58,10.69,83.59,953.58,212
4/22/2013 18:25:12,4/22/2013,18:25:12,1.69,10.77,83.59,953.58,193
4/22/2013 18:25:27,4/22/2013,18:25:27,2.70,10.77,83.80,953.56,206
4/22/2013 18:25:42,4/22/2013,18:25:42,1.91,10.77,83.90,953.55,238
4/22/2013 18:25:57,4/22/2013,18:25:57,3.47,10.75,83.40,953.52,221
4/22/2013 18:26:12,4/22/2013,18:26:12,4.34,10.69,83.00,953.52,213
4/22/2013 18:26:27,4/22/2013,18:26:27,3.77,10.69,83.09,953.53,235
4/22/2013 18:26:42,4/22/2013,18:26:42,3.54,10.69,83.40,953.54,239
4/22/2013 18:26:57,4/22/2013,18:26:57,2.92,10.75,83.40,953.54,229
4/22/2013 18:27:12,4/22/2013,18:27:12,2.47,10.77,83.50,953.54,212
4/22/2013 18:27:27,4/22/2013,18:27:27,2.54,10.77,83.50,953.55,207
4/22/2013 18:27:42,4/22/2013,18:27:42,3.54,10.75,83.30,953.52,241
4/22/2013 18:27:57,4/22/2013,18:27:57,3.17,10.75,83.19,953.49,253
4/22/2013 18:28:12,4/22/2013,18:28:12,2.86,10.77,83.40,953.50,214
4/22/2013 18:28:27,4/22/2013,18:28:27,2.87,10.77,83.30,953.49,200
4/22/2013 18:28:42,4/22/2013,18:28:42,3.02,10.77,83.00,953.50,217
4/22/2013 18:28:57,4/22/2013,18:28:57,2.61,10.77,83.19,953.52,231
4/22/2013 18:29:12,4/22/2013,18:29:12,2.42,10.82,83.50,953.50,198
4/22/2013 18:29:27,4/22/2013,18:29:27,2.33,10.87,83.40,953.52,202
4/22/2013 18:29:42,4/22/2013,18:29:42,2.02,10.87,83.50,953.52,190
4/22/2013 18:29:57,4/22/2013,18:29:57,2.23,10.87,83.19,953.52,232
4/22/2013 18:30:12,4/22/2013,18:30:12,2.42,10.89,83.50,953.48,237
4/22/2013 18:30:27,4/22/2013,18:30:27,2.72,10.89,83.40,953.47,241
4/22/2013 18:30:42,4/22/2013,18:30:42,2.69,10.89,83.40,953.48,210
4/22/2013 18:30:57,4/22/2013,18:30:57,4.29,10.87,82.69,953.45,208
4/22/2013 18:31:12,4/22/2013,18:31:12,3.73,10.94,82.90,953.45,242
4/22/2013 18:31:27,4/22/2013,18:31:27,3.97,10.87,82.69,953.45,242
4/22/2013 18:31:42,4/22/2013,18:31:42,2.73,10.94,82.90,953.45,259
4/22/2013 18:31:57,4/22/2013,18:31:57,3.34,10.94,82.80,953.45,178
4/22/2013 18:32:12,4/22/2013,18:32:12,2.58,10.89,82.40,953.46,208
4/22/2013 18:32:27,4/22/2013,18:32:27,2.48,10.94,82.59,953.48,240
4/22/2013 18:32:42,4/22/2013,18:32:42,2.59,10.94,82.69,953.48,248
4/22/2013 18:32:57,4/22/2013,18:32:57,3.77,10.94,82.40,953.47,226
4/22/2013 18:33:12,4/22/2013,18:33:12,2.87,10.94,82.19,953.48,214
4/22/2013 18:33:27,4/22/2013,18:33:27,2.45,10.94,82.19,953.50,236
4/22/2013 18:33:42,4/22/2013,18:33:42,4.24,10.94,82.00,953.48,242
4/22/2013 18:33:57,4/22/2013,18:33:57,4.09,10.94,82.50,953.46,217
4/22/2013 18:34:12,4/22/2013,18:34:12,5.60,10.87,81.90,953.42,243
4/22/2013 18:34:27,4/22/2013,18:34:27,4.08,10.89,82.19,953.44,239
4/22/2013 18:34:42,4/22/2013,18:34:42,4.97,10.87,81.59,953.42,215
4/22/2013 18:34:57,4/22/2013,18:34:57,4.98,10.87,82.00,953.45,230
4/22/2013 18:35:12,4/22/2013,18:35:12,4.40,10.87,81.90,953.47,228
4/22/2013 18:35:27,4/22/2013,18:35:27,5.94,10.87,81.80,953.42,235
4/22/2013 18:35:42,4/22/2013,18:35:42,4.41,10.87,82.30,953.44,215
4/22/2013 18:35:57,4/22/2013,18:35:57,5.05,10.87,81.90,953.45,234
4/22/2013 18:36:12,4/22/2013,18:36:12,4.44,10.87,82.09,953.46,245
4/22/2013 18:36:27,4/22/2013,18:36:27,2.95,10.87,82.30,953.48,210
4/22/2013 18:36:42,4/22/2013,18:36:42,3.05,10.87,82.50,953.47,241
4/22/2013 18:36:57,4/22/2013,18:36:57,3.40,10.87,82.19,953.47,219
4/22/2013 18:37:12,4/22/2013,18:37:12,4.26,10.87,82.09,953.48,223
4/22/2013 18:37:27,4/22/2013,18:37:27,3.42,10.87,82.09,953.46,214
4/22/2013 18:37:42,4/22/2013,18:37:42,2.67,10.89,82.30,953.47,235
4/22/2013 18:37:57,4/22/2013,18:37:57,2.70,10.89,82.69,953.48,218
4/22/2013 18:38:12,4/22/2013,18:38:12,2.24,10.89,82.40,953.53,218
4/22/2013 18:38:27,4/22/2013,18:38:27,2.58,10.89,82.59,953.52,231
4/22/2013 18:38:42,4/22/2013,18:38:42,3.04,10.87,82.30,953.52,237
4/22/2013 18:38:57,4/22/2013,18:38:57,4.01,10.87,82.09,953.50,240
4/22/2013 18:39:12,4/22/2013,18:39:12,5.77,10.87,81.90,953.46,234
4/22/2013 18:39:27,4/22/2013,18:39:27,5.66,10.87,82.09,953.46,243
4/22/2013 18:39:42,4/22/2013,18:39:42,3.66,10.87,82.19,953.48,241
4/22/2013 18:39:57,4/22/2013,18:39:57,3.22,10.87,82.09,953.49,237
4/22/2013 18:40:12,4/22/2013,18:40:12,3.63,10.87,82.19,953.52,252
4/22/2013 18:40:27,4/22/2013,18:40:27,3.31,10.87,82.30,953.50,236
4/22/2013 18:40:42,4/22/2013,18:40:42,3.01,10.87,82.19,953.52,226
4/22/2013 18:40:57,4/22/2013,18:40:57,3.27,10.87,82.40,953.53,243
4/22/2013 18:41:12,4/22/2013,18:41:12,3.52,10.87,82.19,953.56,233
4/22/2013 18:41:27,4/22/2013,18:41:27,4.01,10.87,82.19,953.55,234
4/22/2013 18:41:42,4/22/2013,18:41:42,3.37,10.82,82.19,953.56,239
4/22/2013 18:41:57,4/22/2013,18:41:57,2.87,10.87,82.59,953.57,248
4/22/2013 18:42:12,4/22/2013,18:42:12,2.84,10.87,82.40,953.55,236
4/22/2013 18:42:27,4/22/2013,18:42:27,1.70,10.89,82.50,953.58,243
4/22/2013 18:42:42,4/22/2013,18:42:42,1.97,10.87,82.50,953.58,213
4/22/2013 18:42:57,4/22/2013,18:42:57,2.30,10.87,82.30,953.58,228
4/22/2013 18:43:12,4/22/2013,18:43:12,2.09,10.87,82.19,953.60,228
4/22/2013 18:43:27,4/22/2013,18:43:27,2.80,10.87,82.59,953.60,226
4/22/2013 18:43:42,4/22/2013,18:43:42,2.80,10.82,82.50,953.58,223
4/22/2013 18:43:57,4/22/2013,18:43:57,2.56,10.87,82.69,953.58,236
4/22/2013 18:44:12,4/22/2013,18:44:12,2.34,10.87,82.90,953.61,230
4/22/2013 18:44:27,4/22/2013,18:44:27,2.87,10.87,82.59,953.60,250
4/22/2013 18:44:42,4/22/2013,18:44:42,3.74,10.82,82.59,953.58,248
4/22/2013 18:44:57,4/22/2013,18:44:57,3.44,10.82,82.50,953.56,239
4/22/2013 18:45:12,4/22/2013,18:45:12,2.80,10.82,82.50,953.57,240
4/22/2013 18:45:27,4/22/2013,18:45:27,2.38,10.82,82.69,953.58,239
4/22/2013 18:45:42,4/22/2013,18:45:42,1.83,10.87,82.50,953.60,225
4/22/2013 18:45:57,4/22/2013,18:45:57,1.88,10.87,82.59,953.60,240
4/22/2013 18:46:12,4/22/2013,18:46:12,1.91,10.87,82.59,953.58,221
4/22/2013 18:46:27,4/22/2013,18:46:27,1.69,10.87,82.90,953.61,208
4/22/2013 18:46:42,4/22/2013,18:46:42,2.48,10.82,82.90,953.57,235
4/22/2013 18:46:57,4/22/2013,18:46:57,3.34,10.77,82.30,953.54,245
4/22/2013 18:47:12,4/22/2013,18:47:12,2.80,10.77,82.80,953.54,204
4/22/2013 18:47:27,4/22/2013,18:47:27,1.73,10.87,82.90,953.54,239
4/22/2013 18:47:42,4/22/2013,18:47:42,1.58,10.87,83.00,953.55,231
4/22/2013 18:47:57,4/22/2013,18:47:57,2.41,10.82,82.59,953.55,246
4/22/2013 18:48:12,4/22/2013,18:48:12,3.01,10.82,82.59,953.52,259
4/22/2013 18:48:27,4/22/2013,18:48:27,2.51,10.77,82.59,953.53,239
4/22/2013 18:48:42,4/22/2013,18:48:42,2.79,10.77,82.59,953.52,222
4/22/2013 18:48:57,4/22/2013,18:48:57,3.17,10.77,82.40,953.49,225
4/22/2013 18:49:12,4/22/2013,18:49:12,4.47,10.77,82.69,953.50,247
4/22/2013 18:49:27,4/22/2013,18:49:27,3.20,10.77,82.50,953.50,223
4/22/2013 18:49:42,4/22/2013,18:49:42,2.73,10.77,82.59,953.50,236
4/22/2013 18:49:57,4/22/2013,18:49:57,2.70,10.77,82.59,953.52,203
4/22/2013 18:50:12,4/22/2013,18:50:12,4.17,10.77,82.59,953.48,220
4/22/2013 18:50:27,4/22/2013,18:50:27,3.69,10.77,82.59,953.49,232
4/22/2013 18:50:42,4/22/2013,18:50:42,3.09,10.77,82.69,953.49,205
4/22/2013 18:50:57,4/22/2013,18:50:57,2.34,10.77,82.50,953.53,270
4/22/2013 18:51:12,4/22/2013,18:51:12,2.65,10.77,82.69,953.52,242
4/22/2013 18:51:27,4/22/2013,18:51:27,3.06,10.77,82.80,953.48,251
4/22/2013 18:51:42,4/22/2013,18:51:42,2.41,10.77,82.80,953.54,223
4/22/2013 18:51:57,4/22/2013,18:51:57,2.76,10.77,82.59,953.49,242
4/22/2013 18:52:12,4/22/2013,18:52:12,2.36,10.77,82.59,953.49,239
4/22/2013 18:52:27,4/22/2013,18:52:27,3.22,10.77,82.30,953.46,248
4/22/2013 18:52:42,4/22/2013,18:52:42,2.99,10.77,82.59,953.47,233
4/22/2013 18:52:57,4/22/2013,18:52:57,3.44,10.77,82.59,953.49,216
4/22/2013 18:53:12,4/22/2013,18:53:12,2.94,10.77,82.30,953.47,202
4/22/2013 18:53:27,4/22/2013,18:53:27,2.36,10.77,82.59,953.46,273
4/22/2013 18:53:42,4/22/2013,18:53:42,4.24,10.75,82.59,953.44,206
4/22/2013 18:53:57,4/22/2013,18:53:57,3.55,10.77,82.50,953.45,215
4/22/2013 18:54:12,4/22/2013,18:54:12,4.34,10.75,82.50,953.46,219
4/22/2013 18:54:27,4/22/2013,18:54:27,4.13,10.75,82.69,953.47,244
4/22/2013 18:54:42,4/22/2013,18:54:42,2.84,10.69,82.30,953.47,235
4/22/2013 18:54:57,4/22/2013,18:54:57,4.30,10.69,82.30,953.46,200
4/22/2013 18:55:12,4/22/2013,18:55:12,5.31,10.69,82.40,953.42,222
4/22/2013 18:55:27,4/22/2013,18:55:27,3.97,10.69,82.50,953.44,237
4/22/2013 18:55:42,4/22/2013,18:55:42,3.62,10.69,82.50,953.42,233
4/22/2013 18:55:57,4/22/2013,18:55:57,2.98,10.69,82.69,953.44,221
4/22/2013 18:56:12,4/22/2013,18:56:12,3.98,10.69,82.50,953.41,205
4/22/2013 18:56:27,4/22/2013,18:56:27,5.77,10.67,82.59,953.36,247
4/22/2013 18:56:42,4/22/2013,18:56:42,5.47,10.67,82.50,953.37,243
4/22/2013 18:56:57,4/22/2013,18:56:57,4.37,10.67,82.59,953.40,235
4/22/2013 18:57:12,4/22/2013,18:57:12,3.98,10.67,82.69,953.40,207
4/22/2013 18:57:27,4/22/2013,18:57:27,3.56,10.69,82.69,953.41,258
4/22/2013 18:57:42,4/22/2013,18:57:42,4.38,10.67,82.59,953.42,218
4/22/2013 18:57:57,4/22/2013,18:57:57,3.83,10.67,82.69,953.45,253
4/22/2013 18:58:12,4/22/2013,18:58:12,4.11,10.67,82.50,953.44,228
4/22/2013 18:58:27,4/22/2013,18:58:27,5.58,10.62,82.40,953.39,254
4/22/2013 18:58:42,4/22/2013,18:58:42,4.42,10.62,82.50,953.39,246
4/22/2013 18:58:57,4/22/2013,18:58:57,4.33,10.62,82.59,953.42,243
4/22/2013 18:59:12,4/22/2013,18:59:12,4.87,10.62,82.50,953.41,222
4/22/2013 18:59:27,4/22/2013,18:59:27,3.16,10.62,82.69,953.42,235
4/22/2013 18:59:42,4/22/2013,18:59:42,3.66,10.62,82.80,953.42,211
4/22/2013 18:59:57,4/22/2013,18:59:57,4.29,10.62,82.90,953.41,222
4/22/2013 19:00:12,4/22/2013,19:00:12,3.63,10.62,82.80,953.42,206
4/22/2013 19:00:27,4/22/2013,19:00:27,4.29,10.62,82.90,953.41,204
4/22/2013 19:00:42,4/22/2013,19:00:42,3.15,10.62,82.90,953.42,207
4/22/2013 19:00:57,4/22/2013,19:00:57,3.29,10.62,83.19,953.45,253
4/22/2013 19:01:12,4/22/2013,19:01:12,3.99,10.57,82.90,953.44,225
4/22/2013 19:01:27,4/22/2013,19:01:27,4.38,10.57,82.90,953.45,236
4/22/2013 19:01:42,4/22/2013,19:01:42,4.26,10.57,83.00,953.46,238
4/22/2013 19:01:57,4/22/2013,19:01:57,3.77,10.62,83.30,953.46,242
4/22/2013 19:02:12,4/22/2013,19:02:12,3.56,10.62,83.19,953.45,223
4/22/2013 19:02:27,4/22/2013,19:02:27,3.30,10.57,83.30,953.45,245
4/22/2013 19:02:42,4/22/2013,19:02:42,3.44,10.62,83.19,953.46,227
4/22/2013 19:02:57,4/22/2013,19:02:57,3.36,10.62,83.09,953.45,254
4/22/2013 19:03:12,4/22/2013,19:03:12,5.12,10.57,83.19,953.44,246
4/22/2013 19:03:27,4/22/2013,19:03:27,4.83,10.55,83.09,953.46,242
4/22/2013 19:03:42,4/22/2013,19:03:42,3.17,10.62,83.30,953.48,229
4/22/2013 19:03:57,4/22/2013,19:03:57,3.80,10.57,83.19,953.49,225
4/22/2013 19:04:12,4/22/2013,19:04:12,3.84,10.55,83.40,953.48,210
4/22/2013 19:04:27,4/22/2013,19:04:27,4.56,10.55,83.09,953.47,223
4/22/2013 19:04:42,4/22/2013,19:04:42,3.65,10.55,83.00,953.47,253
4/22/2013 19:04:57,4/22/2013,19:04:57,3.90,10.55,83.30,953.45,243
4/22/2013 19:05:12,4/22/2013,19:05:12,3.95,10.55,83.40,953.46,231
4/22/2013 19:05:27,4/22/2013,19:05:27,4.34,10.55,83.30,953.46,251
4/22/2013 19:05:42,4/22/2013,19:05:42,3.38,10.55,83.50,953.46,247
4/22/2013 19:05:57,4/22/2013,19:05:57,4.47,10.55,83.40,953.46,241
4/22/2013 19:06:12,4/22/2013,19:06:12,3.80,10.55,83.40,953.47,237
4/22/2013 19:06:27,4/22/2013,19:06:27,2.83,10.55,83.40,953.46,255
4/22/2013 19:06:42,4/22/2013,19:06:42,5.77,10.50,83.19,953.45,247
4/22/2013 19:06:57,4/22/2013,19:06:57,5.22,10.50,83.30,953.46,249
4/22/2013 19:07:12,4/22/2013,19:07:12,4.52,10.50,83.50,953.48,242
4/22/2013 19:07:27,4/22/2013,19:07:27,4.20,10.50,83.50,953.52,247
4/22/2013 19:07:42,4/22/2013,19:07:42,3.31,10.55,83.90,953.49,218
4/22/2013 19:07:57,4/22/2013,19:07:57,3.99,10.50,83.69,953.50,243
4/22/2013 19:08:12,4/22/2013,19:08:12,3.79,10.50,83.69,953.50,243
4/22/2013 19:08:27,4/22/2013,19:08:27,3.80,10.47,83.59,953.50,232
4/22/2013 19:08:42,4/22/2013,19:08:42,3.62,10.47,83.80,953.49,236
4/22/2013 19:08:57,4/22/2013,19:08:57,2.76,10.50,83.80,953.49,204
4/22/2013 19:09:12,4/22/2013,19:09:12,2.55,10.50,83.90,953.48,237
4/22/2013 19:09:27,4/22/2013,19:09:27,3.37,10.47,83.80,953.46,249
4/22/2013 19:09:42,4/22/2013,19:09:42,3.01,10.47,83.80,953.46,217
4/22/2013 19:09:57,4/22/2013,19:09:57,3.24,10.47,83.80,953.46,233
4/22/2013 19:10:12,4/22/2013,19:10:12,3.73,10.47,83.90,953.46,229
4/22/2013 19:10:27,4/22/2013,19:10:27,4.06,10.47,83.80,953.47,234
4/22/2013 19:10:42,4/22/2013,19:10:42,3.86,10.47,84.09,953.47,218
4/22/2013 19:10:57,4/22/2013,19:10:57,3.31,10.47,84.09,953.48,223
4/22/2013 19:11:12,4/22/2013,19:11:12,3.80,10.42,84.00,953.49,223
4/22/2013 19:11:27,4/22/2013,19:11:27,3.37,10.42,83.69,953.48,236
4/22/2013 19:11:42,4/22/2013,19:11:42,3.33,10.42,84.00,953.49,196
4/22/2013 19:11:57,4/22/2013,19:11:57,3.23,10.42,83.90,953.53,238
4/22/2013 19:12:12,4/22/2013,19:12:12,2.97,10.47,84.00,953.53,223
4/22/2013 19:12:27,4/22/2013,19:12:27,3.26,10.42,83.90,953.53,254
4/22/2013 19:12:42,4/22/2013,19:12:42,5.13,10.39,83.90,953.49,219
4/22/2013 19:12:57,4/22/2013,19:12:57,4.88,10.39,84.09,953.50,220
4/22/2013 19:13:12,4/22/2013,19:13:12,4.76,10.39,84.00,953.50,227
4/22/2013 19:13:27,4/22/2013,19:13:27,4.22,10.39,83.90,953.53,245
4/22/2013 19:13:42,4/22/2013,19:13:42,2.36,10.42,84.19,953.54,231
4/22/2013 19:13:57,4/22/2013,19:13:57,2.80,10.42,84.50,953.54,215
4/22/2013 19:14:12,4/22/2013,19:14:12,4.47,10.39,84.09,953.48,235
4/22/2013 19:14:27,4/22/2013,19:14:27,5.49,10.35,84.19,953.48,215
4/22/2013 19:14:42,4/22/2013,19:14:42,4.54,10.35,84.09,953.47,248
4/22/2013 19:14:57,4/22/2013,19:14:57,4.33,10.39,84.50,953.47,254
4/22/2013 19:15:12,4/22/2013,19:15:12,4.22,10.35,84.30,953.48,240
4/22/2013 19:15:27,4/22/2013,19:15:27,4.23,10.30,84.19,953.48,207
4/22/2013 19:15:42,4/22/2013,19:15:42,3.62,10.35,84.30,953.48,242
4/22/2013 19:15:57,4/22/2013,19:15:57,3.31,10.39,84.59,953.48,215
4/22/2013 19:16:12,4/22/2013,19:16:12,2.94,10.39,84.59,953.52,239
4/22/2013 19:16:27,4/22/2013,19:16:27,4.48,10.35,84.50,953.49,220
4/22/2013 19:16:42,4/22/2013,19:16:42,5.47,10.30,84.30,953.45,226
4/22/2013 19:16:57,4/22/2013,19:16:57,4.72,10.35,84.40,953.48,207
4/22/2013 19:17:12,4/22/2013,19:17:12,4.13,10.35,84.40,953.49,228
4/22/2013 19:17:27,4/22/2013,19:17:27,4.62,10.30,84.30,953.53,221
4/22/2013 19:17:42,4/22/2013,19:17:42,4.45,10.30,84.50,953.49,252
4/22/2013 19:17:57,4/22/2013,19:17:57,3.41,10.35,84.69,953.49,234
4/22/2013 19:18:12,4/22/2013,19:18:12,3.11,10.35,84.59,953.50,254
4/22/2013 19:18:27,4/22/2013,19:18:27,2.97,10.35,84.40,953.49,234
4/22/2013 19:18:42,4/22/2013,19:18:42,3.65,10.30,84.40,953.49,218
4/22/2013 19:18:57,4/22/2013,19:18:57,3.88,10.30,84.40,953.47,221
4/22/2013 19:19:12,4/22/2013,19:19:12,2.99,10.30,84.50,953.49,239
4/22/2013 19:19:27,4/22/2013,19:19:27,3.55,10.30,84.69,953.46,237
4/22/2013 19:19:42,4/22/2013,19:19:42,3.13,10.30,84.59,953.47,237
4/22/2013 19:19:57,4/22/2013,19:19:57,2.40,10.30,84.90,953.48,228
4/22/2013 19:20:12,4/22/2013,19:20:12,3.66,10.30,84.69,953.46,240
4/22/2013 19:20:27,4/22/2013,19:20:27,2.91,10.30,84.69,953.46,216
4/22/2013 19:20:42,4/22/2013,19:20:42,2.54,10.30,84.50,953.46,235
4/22/2013 19:20:57,4/22/2013,19:20:57,3.94,10.30,84.59,953.42,225
4/22/2013 19:21:12,4/22/2013,19:21:12,4.62,10.30,84.80,953.41,220
4/22/2013 19:21:27,4/22/2013,19:21:27,4.58,10.27,84.69,953.40,247
4/22/2013 19:21:42,4/22/2013,19:21:42,4.26,10.27,84.80,953.40,221
4/22/2013 19:21:57,4/22/2013,19:21:57,5.20,10.27,84.80,953.37,216
4/22/2013 19:22:12,4/22/2013,19:22:12,2.86,10.27,85.19,953.41,219
4/22/2013 19:22:27,4/22/2013,19:22:27,3.01,10.27,85.30,953.41,207
4/22/2013 19:22:42,4/22/2013,19:22:42,3.49,10.22,85.30,953.42,216
4/22/2013 19:22:57,4/22/2013,19:22:57,3.01,10.22,85.30,953.40,213
4/22/2013 19:23:12,4/22/2013,19:23:12,3.79,10.22,85.30,953.39,217
4/22/2013 19:23:27,4/22/2013,19:23:27,4.67,10.22,85.19,953.39,211
4/22/2013 19:23:42,4/22/2013,19:23:42,4.76,10.14,85.40,953.38,219
4/22/2013 19:23:57,4/22/2013,19:23:57,5.31,10.14,85.40,953.36,226
4/22/2013 19:24:12,4/22/2013,19:24:12,4.49,10.14,85.40,953.37,237
4/22/2013 19:24:27,4/22/2013,19:24:27,5.20,10.14,85.40,953.32,215
4/22/2013 19:24:42,4/22/2013,19:24:42,4.62,10.14,85.69,953.34,215
4/22/2013 19:24:57,4/22/2013,19:24:57,3.05,10.14,85.90,953.34,221
4/22/2013 19:25:12,4/22/2013,19:25:12,3.88,10.14,85.90,953.34,186
4/22/2013 19:25:27,4/22/2013,19:25:27,3.83,10.14,85.80,953.32,194
4/22/2013 19:25:42,4/22/2013,19:25:42,5.04,10.10,85.69,953.31,240
4/22/2013 19:25:57,4/22/2013,19:25:57,4.44,10.10,85.59,953.30,236
4/22/2013 19:26:12,4/22/2013,19:26:12,3.91,10.14,86.09,953.32,203
4/22/2013 19:26:27,4/22/2013,19:26:27,4.73,10.07,85.80,953.31,238
4/22/2013 19:26:42,4/22/2013,19:26:42,3.94,10.07,86.09,953.32,242
4/22/2013 19:26:57,4/22/2013,19:26:57,4.33,10.07,86.19,953.32,234
4/22/2013 19:27:12,4/22/2013,19:27:12,4.41,10.07,86.09,953.34,238
4/22/2013 19:27:27,4/22/2013,19:27:27,5.48,10.02,86.00,953.31,232
4/22/2013 19:27:42,4/22/2013,19:27:42,3.77,10.07,86.40,953.33,225
4/22/2013 19:27:57,4/22/2013,19:27:57,4.02,10.02,86.40,953.33,235
4/22/2013 19:28:12,4/22/2013,19:28:12,3.65,10.00,86.40,953.36,220
4/22/2013 19:28:27,4/22/2013,19:28:27,5.08,10.00,86.50,953.33,235
4/22/2013 19:28:42,4/22/2013,19:28:42,5.15,10.00,86.30,953.34,257
4/22/2013 19:28:57,4/22/2013,19:28:57,6.26,9.94,86.30,953.29,252
4/22/2013 19:29:12,4/22/2013,19:29:12,5.97,9.92,86.40,953.30,243
4/22/2013 19:29:27,4/22/2013,19:29:27,5.52,9.92,86.69,953.32,236
4/22/2013 19:29:42,4/22/2013,19:29:42,5.91,9.92,86.50,953.30,214
4/22/2013 19:29:57,4/22/2013,19:29:57,4.20,9.92,86.80,953.31,209
4/22/2013 19:30:12,4/22/2013,19:30:12,4.47,9.92,86.69,953.29,213
4/22/2013 19:30:27,4/22/2013,19:30:27,3.76,9.92,86.69,953.30,204
4/22/2013 19:30:42,4/22/2013,19:30:42,4.02,9.92,86.80,953.30,210
4/22/2013 19:30:57,4/22/2013,19:30:57,3.49,9.92,86.90,953.31,239
4/22/2013 19:31:12,4/22/2013,19:31:12,4.12,9.92,87.09,953.32,236
4/22/2013 19:31:27,4/22/2013,19:31:27,4.16,9.92,87.00,953.32,239
4/22/2013 19:31:42,4/22/2013,19:31:42,4.88,9.92,86.90,953.31,226
4/22/2013 19:31:57,4/22/2013,19:31:57,4.36,9.92,87.00,953.33,224
4/22/2013 19:32:12,4/22/2013,19:32:12,5.60,9.92,86.69,953.28,254
4/22/2013 19:32:27,4/22/2013,19:32:27,4.60,9.92,87.00,953.30,213
4/22/2013 19:32:42,4/22/2013,19:32:42,3.76,9.92,87.09,953.32,224
4/22/2013 19:32:57,4/22/2013,19:32:57,4.66,9.92,86.90,953.32,230
4/22/2013 19:33:12,4/22/2013,19:33:12,4.23,9.92,86.80,953.30,217
4/22/2013 19:33:27,4/22/2013,19:33:27,4.33,9.92,86.80,953.31,222
4/22/2013 19:33:42,4/22/2013,19:33:42,4.74,9.92,86.80,953.31,217
4/22/2013 19:33:57,4/22/2013,19:33:57,5.26,9.92,86.69,953.29,220
4/22/2013 19:34:12,4/22/2013,19:34:12,5.04,9.92,86.80,953.28,243
4/22/2013 19:34:27,4/22/2013,19:34:27,3.29,9.92,87.00,953.30,235
4/22/2013 19:34:42,4/22/2013,19:34:42,2.86,9.92,87.09,953.30,226
4/22/2013 19:34:57,4/22/2013,19:34:57,2.99,9.87,87.09,953.30,222
4/22/2013 19:35:12,4/22/2013,19:35:12,2.91,9.87,87.00,953.31,205
4/22/2013 19:35:27,4/22/2013,19:35:27,3.37,9.87,87.09,953.31,208
4/22/2013 19:35:42,4/22/2013,19:35:42,1.79,9.87,87.30,953.34,207
4/22/2013 19:35:57,4/22/2013,19:35:57,2.41,9.87,87.40,953.33,209
4/22/2013 19:36:12,4/22/2013,19:36:12,3.70,9.87,87.09,953.30,235
4/22/2013 19:36:27,4/22/2013,19:36:27,2.97,9.87,87.09,953.30,214
4/22/2013 19:36:42,4/22/2013,19:36:42,3.55,9.92,86.90,953.30,257
4/22/2013 19:36:57,4/22/2013,19:36:57,3.73,9.92,87.09,953.29,242
4/22/2013 19:37:12,4/22/2013,19:37:12,4.30,9.92,87.00,953.26,240
4/22/2013 19:37:27,4/22/2013,19:37:27,4.60,9.92,87.00,953.28,245
4/22/2013 19:37:42,4/22/2013,19:37:42,4.04,9.87,86.90,953.26,242
4/22/2013 19:37:57,4/22/2013,19:37:57,3.51,9.92,87.09,953.28,234
4/22/2013 19:38:12,4/22/2013,19:38:12,4.13,9.87,87.09,953.28,237
4/22/2013 19:38:27,4/22/2013,19:38:27,3.61,9.82,87.30,953.30,231
4/22/2013 19:38:42,4/22/2013,19:38:42,4.23,9.87,87.40,953.31,212
4/22/2013 19:38:57,4/22/2013,19:38:57,4.45,9.82,87.50,953.31,222
4/22/2013 19:39:12,4/22/2013,19:39:12,4.05,9.82,87.59,953.30,205
4/22/2013 19:39:27,4/22/2013,19:39:27,3.63,9.82,87.90,953.29,210
4/22/2013 19:39:42,4/22/2013,19:39:42,3.08,9.82,87.69,953.28,222
4/22/2013 19:39:57,4/22/2013,19:39:57,3.30,9.82,87.59,953.25,227
4/22/2013 19:40:12,4/22/2013,19:40:12,4.62,9.82,87.50,953.26,228
4/22/2013 19:40:27,4/22/2013,19:40:27,3.78,9.81,102.30,953.28,223
4/22/2013 19:40:42,4/22/2013,19:40:42,2.94,9.80,90.09,953.30,218
4/22/2013 19:40:57,4/22/2013,19:40:57,3.37,9.75,90.09,953.30,221
4/22/2013 19:41:12,4/22/2013,19:41:12,2.49,9.75,90.19,953.32,227
4/22/2013 19:41:27,4/22/2013,19:41:27,2.49,9.75,90.19,953.33,233
4/22/2013 19:41:42,4/22/2013,19:41:42,2.49,9.75,90.19,953.32,230
4/22/2013 19:41:57,4/22/2013,19:41:57,4.11,9.75,89.90,953.31,241
4/22/2013 19:42:12,4/22/2013,19:42:12,5.44,9.75,89.40,953.26,243
4/22/2013 19:42:27,4/22/2013,19:42:27,4.44,9.75,89.80,953.31,249
4/22/2013 19:42:42,4/22/2013,19:42:42,4.56,9.72,89.90,953.30,242
4/22/2013 19:42:57,4/22/2013,19:42:57,4.65,9.72,89.90,953.31,229
4/22/2013 19:43:12,4/22/2013,19:43:12,5.63,9.67,89.59,953.26,219
4/22/2013 19:43:27,4/22/2013,19:43:27,5.33,9.67,89.69,953.29,216
4/22/2013 19:43:42,4/22/2013,19:43:42,3.91,9.64,90.19,953.31,232
4/22/2013 19:43:57,4/22/2013,19:43:57,4.08,9.64,90.00,953.32,230
4/22/2013 19:44:12,4/22/2013,19:44:12,2.88,9.60,90.19,953.33,247
4/22/2013 19:44:27,4/22/2013,19:44:27,2.66,9.64,90.50,953.38,211
4/22/2013 19:44:42,4/22/2013,19:44:42,3.09,9.64,90.19,953.38,234
4/22/2013 19:44:57,4/22/2013,19:44:57,2.79,9.64,90.40,953.34,253
4/22/2013 19:45:12,4/22/2013,19:45:12,3.20,9.60,90.00,953.34,237
4/22/2013 19:45:27,4/22/2013,19:45:27,3.06,9.60,90.40,953.34,220
4/22/2013 19:45:42,4/22/2013,19:45:42,3.19,9.60,90.69,953.36,211
4/22/2013 19:45:57,4/22/2013,19:45:57,2.69,9.64,90.69,953.37,188
4/22/2013 19:46:12,4/22/2013,19:46:12,2.09,9.60,90.90,953.40,222
4/22/2013 19:46:27,4/22/2013,19:46:27,2.42,9.60,90.80,953.38,251
4/22/2013 19:46:42,4/22/2013,19:46:42,4.58,9.60,90.40,953.37,244
4/22/2013 19:46:57,4/22/2013,19:46:57,2.79,9.60,90.59,953.37,235
4/22/2013 19:47:12,4/22/2013,19:47:12,4.31,9.60,90.40,953.39,235
4/22/2013 19:47:27,4/22/2013,19:47:27,4.83,9.60,90.40,953.38,232
4/22/2013 19:47:42,4/22/2013,19:47:42,3.23,9.60,90.59,953.38,237
4/22/2013 19:47:57,4/22/2013,19:47:57,3.05,9.60,90.80,953.41,252
4/22/2013 19:48:12,4/22/2013,19:48:12,2.84,9.60,90.90,953.42,264
4/22/2013 19:48:27,4/22/2013,19:48:27,2.52,9.55,90.90,953.44,239
4/22/2013 19:48:42,4/22/2013,19:48:42,4.01,9.55,90.59,953.45,227
4/22/2013 19:48:57,4/22/2013,19:48:57,4.19,9.55,90.50,953.46,235
4/22/2013 19:49:12,4/22/2013,19:49:12,3.65,9.52,90.59,953.45,234
4/22/2013 19:49:27,4/22/2013,19:49:27,4.38,9.55,90.40,953.44,227
4/22/2013 19:49:42,4/22/2013,19:49:42,3.51,9.52,90.30,953.45,259
4/22/2013 19:49:57,4/22/2013,19:49:57,3.30,9.52,90.30,953.44,249
4/22/2013 19:50:12,4/22/2013,19:50:12,3.61,9.52,90.30,953.45,232
4/22/2013 19:50:27,4/22/2013,19:50:27,3.08,9.52,90.19,953.46,243
4/22/2013 19:50:42,4/22/2013,19:50:42,3.22,9.52,90.30,953.46,250
4/22/2013 19:50:57,4/22/2013,19:50:57,2.48,9.52,90.50,953.46,248
4/22/2013 19:51:12,4/22/2013,19:51:12,2.59,9.52,90.40,953.48,239
4/22/2013 19:51:27,4/22/2013,19:51:27,1.61,9.52,90.80,953.48,235
4/22/2013 19:51:42,4/22/2013,19:51:42,2.76,9.52,90.50,953.48,207
4/22/2013 19:51:57,4/22/2013,19:51:57,3.31,9.52,90.50,953.46,230
4/22/2013 19:52:12,4/22/2013,19:52:12,3.09,9.52,90.59,953.44,240
4/22/2013 19:52:27,4/22/2013,19:52:27,2.36,9.52,90.69,953.46,248
4/22/2013 19:52:42,4/22/2013,19:52:42,1.73,9.47,91.19,953.47,236
4/22/2013 19:52:57,4/22/2013,19:52:57,3.11,9.52,91.00,953.47,221
4/22/2013 19:53:12,4/22/2013,19:53:12,4.19,9.52,90.50,953.44,246
4/22/2013 19:53:27,4/22/2013,19:53:27,5.49,9.52,90.19,953.40,246
4/22/2013 19:53:42,4/22/2013,19:53:42,5.88,9.52,90.09,953.38,205
4/22/2013 19:53:57,4/22/2013,19:53:57,4.38,9.47,90.40,953.42,255
4/22/2013 19:54:12,4/22/2013,19:54:12,3.99,9.47,90.50,953.42,204
4/22/2013 19:54:27,4/22/2013,19:54:27,2.76,9.47,90.80,953.46,231
4/22/2013 19:54:42,4/22/2013,19:54:42,3.19,9.47,90.90,953.46,240
4/22/2013 19:54:57,4/22/2013,19:54:57,2.98,9.44,90.90,953.46,235
4/22/2013 19:55:12,4/22/2013,19:55:12,2.51,9.44,91.09,953.47,223
4/22/2013 19:55:27,4/22/2013,19:55:27,3.20,9.44,91.09,953.45,240
4/22/2013 19:55:42,4/22/2013,19:55:42,3.70,9.44,90.80,953.45,201
4/22/2013 19:55:57,4/22/2013,19:55:57,2.92,9.47,91.00,953.45,245
4/22/2013 19:56:12,4/22/2013,19:56:12,2.54,9.44,91.09,953.45,207
4/22/2013 19:56:27,4/22/2013,19:56:27,2.38,9.44,91.40,953.46,203
4/22/2013 19:56:42,4/22/2013,19:56:42,1.95,9.44,91.59,953.48,216
4/22/2013 19:56:57,4/22/2013,19:56:57,3.65,9.44,91.09,953.46,208
4/22/2013 19:57:12,4/22/2013,19:57:12,3.13,9.44,91.19,953.46,208
4/22/2013 19:57:27,4/22/2013,19:57:27,2.02,9.44,91.59,953.46,217
4/22/2013 19:57:42,4/22/2013,19:57:42,2.26,9.44,91.59,953.47,223
4/22/2013 19:57:57,4/22/2013,19:57:57,3.16,9.44,91.30,953.46,254
4/22/2013 19:58:12,4/22/2013,19:58:12,4.09,9.44,91.09,953.44,209
4/22/2013 19:58:27,4/22/2013,19:58:27,4.74,9.44,90.90,953.45,242
4/22/2013 19:58:42,4/22/2013,19:58:42,4.62,9.44,90.80,953.47,206
4/22/2013 19:58:57,4/22/2013,19:58:57,4.48,9.44,91.09,953.48,233
4/22/2013 19:59:12,4/22/2013,19:59:12,4.52,9.44,90.90,953.46,229
4/22/2013 19:59:27,4/22/2013,19:59:27,4.29,9.44,91.09,953.49,247
4/22/2013 19:59:42,4/22/2013,19:59:42,5.04,9.44,91.09,953.48,233
4/22/2013 19:59:57,4/22/2013,19:59:57,4.15,9.44,91.30,953.52,229
4/22/2013 20:00:12,4/22/2013,20:00:12,4.01,9.44,91.40,953.52,222
4/22/2013 20:00:27,4/22/2013,20:00:27,3.73,9.44,91.40,953.52,237
4/22/2013 20:00:42,4/22/2013,20:00:42,3.06,9.44,91.50,953.49,221
4/22/2013 20:00:57,4/22/2013,20:00:57,2.86,9.44,91.50,953.54,231
4/22/2013 20:01:12,4/22/2013,20:01:12,2.36,9.39,91.80,953.57,230
4/22/2013 20:01:27,4/22/2013,20:01:27,2.58,9.44,91.90,953.58,230
4/22/2013 20:01:42,4/22/2013,20:01:42,3.73,9.44,91.59,953.56,207
4/22/2013 20:01:57,4/22/2013,20:01:57,3.92,9.44,91.40,953.56,234
4/22/2013 20:02:12,4/22/2013,20:02:12,3.06,9.44,91.59,953.57,247
4/22/2013 20:02:27,4/22/2013,20:02:27,3.29,9.44,91.59,953.55,221
4/22/2013 20:02:42,4/22/2013,20:02:42,2.94,9.44,91.59,953.61,235
4/22/2013 20:02:57,4/22/2013,20:02:57,3.19,9.44,91.50,953.60,240
4/22/2013 20:03:12,4/22/2013,20:03:12,3.34,9.44,91.59,953.60,252
4/22/2013 20:03:27,4/22/2013,20:03:27,2.73,9.39,91.69,953.62,242
4/22/2013 20:03:42,4/22/2013,20:03:42,2.74,9.39,91.80,953.65,266
4/22/2013 20:03:57,4/22/2013,20:03:57,2.63,9.44,91.80,953.66,258
4/22/2013 20:04:12,4/22/2013,20:04:12,2.80,9.44,91.80,953.65,248
4/22/2013 20:04:27,4/22/2013,20:04:27,2.31,9.39,92.00,953.68,235
4/22/2013 20:04:42,4/22/2013,20:04:42,1.97,9.39,92.19,953.69,233
4/22/2013 20:04:57,4/22/2013,20:04:57,1.63,9.39,92.30,953.70,259
4/22/2013 20:05:12,4/22/2013,20:05:12,1.97,9.39,92.30,953.71,262
4/22/2013 20:05:27,4/22/2013,20:05:27,1.73,9.39,92.19,953.71,244
4/22/2013 20:05:42,4/22/2013,20:05:42,3.79,9.39,91.90,953.72,219
4/22/2013 20:05:57,4/22/2013,20:05:57,3.61,9.44,91.90,953.70,237
4/22/2013 20:06:12,4/22/2013,20:06:12,3.04,9.44,92.00,953.71,247
4/22/2013 20:06:27,4/22/2013,20:06:27,2.29,9.44,92.30,953.72,244
4/22/2013 20:06:42,4/22/2013,20:06:42,1.16,9.44,92.50,953.80,242
4/22/2013 20:06:57,4/22/2013,20:06:57,2.81,9.44,92.19,953.74,215
4/22/2013 20:07:12,4/22/2013,20:07:12,3.58,9.39,92.09,953.72,214
4/22/2013 20:07:27,4/22/2013,20:07:27,2.38,9.44,92.30,953.74,240
4/22/2013 20:07:42,4/22/2013,20:07:42,1.62,9.39,92.40,953.79,246
4/22/2013 20:07:57,4/22/2013,20:07:57,1.93,9.39,92.40,953.79,217
4/22/2013 20:08:12,4/22/2013,20:08:12,3.02,9.39,92.09,953.73,253
4/22/2013 20:08:27,4/22/2013,20:08:27,2.13,9.39,92.30,953.73,234
4/22/2013 20:08:42,4/22/2013,20:08:42,1.69,9.44,92.50,953.74,217
4/22/2013 20:08:57,4/22/2013,20:08:57,3.06,9.39,92.30,953.73,212
4/22/2013 20:09:12,4/22/2013,20:09:12,3.05,9.39,92.30,953.72,239
4/22/2013 20:09:27,4/22/2013,20:09:27,2.31,9.39,92.40,953.74,236
4/22/2013 20:09:42,4/22/2013,20:09:42,3.87,9.39,92.19,953.72,218
4/22/2013 20:09:57,4/22/2013,20:09:57,3.59,9.35,92.19,953.70,253
4/22/2013 20:10:12,4/22/2013,20:10:12,3.49,9.39,92.30,953.66,245
4/22/2013 20:10:27,4/22/2013,20:10:27,3.01,9.39,92.30,953.66,239
4/22/2013 20:10:42,4/22/2013,20:10:42,2.49,9.39,92.59,953.71,246
4/22/2013 20:10:57,4/22/2013,20:10:57,2.69,9.39,92.59,953.70,247
4/22/2013 20:11:12,4/22/2013,20:11:12,2.38,9.35,92.69,953.70,232
4/22/2013 20:11:27,4/22/2013,20:11:27,2.72,9.35,92.59,953.66,240
4/22/2013 20:11:42,4/22/2013,20:11:42,2.40,9.35,92.80,953.69,220
4/22/2013 20:11:57,4/22/2013,20:11:57,2.11,9.35,92.80,953.70,220
4/22/2013 20:12:12,4/22/2013,20:12:12,1.66,9.35,92.80,953.70,244
4/22/2013 20:12:27,4/22/2013,20:12:27,2.40,9.35,92.80,953.69,252
4/22/2013 20:12:42,4/22/2013,20:12:42,2.55,9.35,92.80,953.69,260
4/22/2013 20:12:57,4/22/2013,20:12:57,2.20,9.35,92.69,953.71,229
4/22/2013 20:13:12,4/22/2013,20:13:12,2.16,9.35,92.80,953.71,220
4/22/2013 20:13:27,4/22/2013,20:13:27,2.19,9.35,92.80,953.72,235
4/22/2013 20:13:42,4/22/2013,20:13:42,2.40,9.35,92.80,953.72,235
4/22/2013 20:13:57,4/22/2013,20:13:57,1.76,9.39,92.90,953.71,236
4/22/2013 20:14:12,4/22/2013,20:14:12,0.56,9.35,93.00,953.81,244
4/22/2013 20:14:27,4/22/2013,20:14:27,0.12,9.39,93.00,953.92,240
4/22/2013 20:14:42,4/22/2013,20:14:42,0.12,9.35,93.00,953.96,263
4/22/2013 20:14:57,4/22/2013,20:14:57,0.12,9.35,93.09,953.97,233
4/22/2013 20:15:12,4/22/2013,20:15:12,0.12,9.35,93.00,953.97,238
4/22/2013 20:15:27,4/22/2013,20:15:27,0.12,9.35,93.00,954.00,236
4/22/2013 20:15:42,4/22/2013,20:15:42,2.22,9.35,92.80,953.86,265
4/22/2013 20:15:57,4/22/2013,20:15:57,3.47,9.35,92.69,953.74,251
4/22/2013 20:16:12,4/22/2013,20:16:12,4.09,9.35,92.59,953.72,230
4/22/2013 20:16:27,4/22/2013,20:16:27,4.67,9.35,92.50,953.71,217
4/22/2013 20:16:42,4/22/2013,20:16:42,4.85,9.35,92.40,953.71,229
4/22/2013 20:16:57,4/22/2013,20:16:57,4.51,9.35,92.50,953.71,231
4/22/2013 20:17:12,4/22/2013,20:17:12,3.76,9.35,92.59,953.72,247
4/22/2013 20:17:27,4/22/2013,20:17:27,5.04,9.32,92.50,953.68,260
4/22/2013 20:17:42,4/22/2013,20:17:42,4.40,9.32,92.50,953.70,235
4/22/2013 20:17:57,4/22/2013,20:17:57,4.59,9.32,92.50,953.70,245
4/22/2013 20:18:12,4/22/2013,20:18:12,3.56,9.32,92.69,953.69,244
4/22/2013 20:18:27,4/22/2013,20:18:27,3.05,9.32,92.80,953.70,222
4/22/2013 20:18:42,4/22/2013,20:18:42,4.30,9.32,92.69,953.69,213
4/22/2013 20:18:57,4/22/2013,20:18:57,4.67,9.27,92.59,953.66,237
4/22/2013 20:19:12,4/22/2013,20:19:12,5.29,9.27,92.50,953.64,239
4/22/2013 20:19:27,4/22/2013,20:19:27,3.29,9.27,92.69,953.65,262
4/22/2013 20:19:42,4/22/2013,20:19:42,3.73,9.27,92.90,953.65,238
4/22/2013 20:19:57,4/22/2013,20:19:57,3.48,9.27,93.00,953.64,260
4/22/2013 20:20:12,4/22/2013,20:20:12,3.70,9.27,92.90,953.63,228
4/22/2013 20:20:27,4/22/2013,20:20:27,3.87,9.27,92.90,953.63,254
4/22/2013 20:20:42,4/22/2013,20:20:42,3.23,9.27,93.00,953.64,243
4/22/2013 20:20:57,4/22/2013,20:20:57,2.63,9.27,93.09,953.68,245
4/22/2013 20:21:12,4/22/2013,20:21:12,1.11,9.27,93.19,953.74,234
4/22/2013 20:21:27,4/22/2013,20:21:27,0.16,9.27,93.19,953.85,241
4/22/2013 20:21:42,4/22/2013,20:21:42,0.12,9.27,93.09,953.88,238
4/22/2013 20:21:57,4/22/2013,20:21:57,0.12,9.27,93.09,953.88,231
4/22/2013 20:22:12,4/22/2013,20:22:12,0.12,9.27,93.09,953.89,222
4/22/2013 20:22:27,4/22/2013,20:22:27,0.12,9.27,93.09,953.87,236
4/22/2013 20:22:42,4/22/2013,20:22:42,0.12,9.27,93.09,953.86,258
4/22/2013 20:22:57,4/22/2013,20:22:57,0.12,9.27,93.19,953.87,245
4/22/2013 20:23:12,4/22/2013,20:23:12,0.12,9.27,93.19,953.87,216
4/22/2013 20:23:27,4/22/2013,20:23:27,0.12,9.27,93.19,953.87,205
4/22/2013 20:23:42,4/22/2013,20:23:42,0.12,9.27,93.30,953.87,243
4/22/2013 20:23:57,4/22/2013,20:23:57,0.12,9.27,93.19,953.87,262
4/22/2013 20:24:12,4/22/2013,20:24:12,0.12,9.27,93.19,953.87,212
4/22/2013 20:24:27,4/22/2013,20:24:27,0.12,9.27,93.30,953.86,223
4/22/2013 20:24:42,4/22/2013,20:24:42,0.12,9.27,93.30,953.87,231
4/22/2013 20:24:57,4/22/2013,20:24:57,0.12,9.27,93.19,953.86,232
4/22/2013 20:25:12,4/22/2013,20:25:12,0.12,9.27,93.19,953.87,221
4/22/2013 20:25:27,4/22/2013,20:25:27,0.12,9.27,93.09,953.87,221
4/22/2013 20:25:42,4/22/2013,20:25:42,1.24,9.27,93.09,953.79,241
4/22/2013 20:25:57,4/22/2013,20:25:57,2.16,9.27,93.09,953.69,227
4/22/2013 20:26:12,4/22/2013,20:26:12,2.29,9.27,93.09,953.65,210
4/22/2013 20:26:27,4/22/2013,20:26:27,2.58,9.27,93.00,953.63,247
4/22/2013 20:26:42,4/22/2013,20:26:42,3.24,9.27,93.00,953.60,229
4/22/2013 20:26:57,4/22/2013,20:26:57,4.36,9.27,92.80,953.61,217
4/22/2013 20:27:12,4/22/2013,20:27:12,3.74,9.27,92.80,953.58,217
4/22/2013 20:27:27,4/22/2013,20:27:27,3.70,9.27,92.90,953.58,244
4/22/2013 20:27:42,4/22/2013,20:27:42,4.12,9.27,92.69,953.58,228
4/22/2013 20:27:57,4/22/2013,20:27:57,3.15,9.27,93.00,953.58,241
4/22/2013 20:28:12,4/22/2013,20:28:12,4.29,9.27,92.80,953.60,223
4/22/2013 20:28:27,4/22/2013,20:28:27,4.27,9.27,92.80,953.56,236
4/22/2013 20:28:42,4/22/2013,20:28:42,4.05,9.27,92.80,953.56,222
4/22/2013 20:28:57,4/22/2013,20:28:57,3.19,9.27,93.00,953.58,269
4/22/2013 20:29:12,4/22/2013,20:29:12,3.49,9.27,93.00,953.55,215
4/22/2013 20:29:27,4/22/2013,20:29:27,4.01,9.27,93.00,953.54,219
4/22/2013 20:29:42,4/22/2013,20:29:42,2.90,9.25,93.00,953.57,232
4/22/2013 20:29:57,4/22/2013,20:29:57,4.08,9.25,92.90,953.57,221
4/22/2013 20:30:12,4/22/2013,20:30:12,5.01,9.25,92.80,953.56,222
4/22/2013 20:30:27,4/22/2013,20:30:27,4.59,9.25,92.90,953.56,262
4/22/2013 20:30:42,4/22/2013,20:30:42,3.94,9.25,92.90,953.56,230
4/22/2013 20:30:57,4/22/2013,20:30:57,4.06,9.27,93.00,953.57,213
4/22/2013 20:31:12,4/22/2013,20:31:12,3.49,9.25,93.00,953.56,224
4/22/2013 20:31:27,4/22/2013,20:31:27,4.63,9.19,92.80,953.55,246
4/22/2013 20:31:42,4/22/2013,20:31:42,4.65,9.25,92.90,953.56,243
4/22/2013 20:31:57,4/22/2013,20:31:57,3.34,9.25,93.09,953.61,219
4/22/2013 20:32:12,4/22/2013,20:32:12,3.77,9.25,93.00,953.62,248
4/22/2013 20:32:27,4/22/2013,20:32:27,3.91,9.27,93.00,953.63,227
4/22/2013 20:32:42,4/22/2013,20:32:42,3.48,9.25,93.00,953.62,229
4/22/2013 20:32:57,4/22/2013,20:32:57,3.77,9.19,93.09,953.62,236
4/22/2013 20:33:12,4/22/2013,20:33:12,4.33,9.25,93.09,953.62,232
4/22/2013 20:33:27,4/22/2013,20:33:27,4.45,9.25,92.90,953.64,222
4/22/2013 20:33:42,4/22/2013,20:33:42,4.19,9.19,93.00,953.64,255
4/22/2013 20:33:57,4/22/2013,20:33:57,3.69,9.19,93.00,953.62,236
4/22/2013 20:34:12,4/22/2013,20:34:12,3.92,9.19,93.09,953.62,240
4/22/2013 20:34:27,4/22/2013,20:34:27,4.55,9.19,93.00,953.62,212
4/22/2013 20:34:42,4/22/2013,20:34:42,3.44,9.19,93.09,953.62,231
4/22/2013 20:34:57,4/22/2013,20:34:57,2.92,9.19,93.09,953.62,215
4/22/2013 20:35:12,4/22/2013,20:35:12,3.36,9.19,93.09,953.61,235
4/22/2013 20:35:27,4/22/2013,20:35:27,3.12,9.19,93.19,953.60,242
4/22/2013 20:35:42,4/22/2013,20:35:42,3.36,9.19,93.09,953.60,213
4/22/2013 20:35:57,4/22/2013,20:35:57,3.09,9.19,93.19,953.60,245
4/22/2013 20:36:12,4/22/2013,20:36:12,1.98,9.19,93.30,953.63,229
4/22/2013 20:36:27,4/22/2013,20:36:27,2.22,9.19,93.30,953.62,215
4/22/2013 20:36:42,4/22/2013,20:36:42,2.84,9.19,93.30,953.62,232
4/22/2013 20:36:57,4/22/2013,20:36:57,3.88,9.19,93.09,953.62,239
4/22/2013 20:37:12,4/22/2013,20:37:12,3.97,9.19,93.09,953.61,203
4/22/2013 20:37:27,4/22/2013,20:37:27,4.56,9.19,93.09,953.61,233
4/22/2013 20:37:42,4/22/2013,20:37:42,3.72,9.19,93.09,953.60,219
4/22/2013 20:37:57,4/22/2013,20:37:57,4.06,9.19,93.19,953.60,232
4/22/2013 20:38:12,4/22/2013,20:38:12,3.52,9.19,93.19,953.60,243
4/22/2013 20:38:27,4/22/2013,20:38:27,3.77,9.19,93.19,953.60,230
4/22/2013 20:38:42,4/22/2013,20:38:42,2.80,9.19,93.30,953.62,245
4/22/2013 20:38:57,4/22/2013,20:38:57,2.58,9.19,93.40,953.64,237
4/22/2013 20:39:12,4/22/2013,20:39:12,3.24,9.19,93.40,953.64,237
4/22/2013 20:39:27,4/22/2013,20:39:27,3.95,9.19,93.30,953.62,211
4/22/2013 20:39:42,4/22/2013,20:39:42,4.02,9.19,93.30,953.64,240
4/22/2013 20:39:57,4/22/2013,20:39:57,3.16,9.19,93.30,953.63,240
4/22/2013 20:40:12,4/22/2013,20:40:12,2.20,9.19,93.40,953.63,194
4/22/2013 20:40:27,4/22/2013,20:40:27,2.04,9.19,93.50,953.64,206
4/22/2013 20:40:42,4/22/2013,20:40:42,2.97,9.19,93.40,953.65,246
4/22/2013 20:40:57,4/22/2013,20:40:57,1.74,9.19,93.50,953.70,250
4/22/2013 20:41:12,4/22/2013,20:41:12,1.47,9.19,93.50,953.74,224
4/22/2013 20:41:27,4/22/2013,20:41:27,1.63,9.19,93.50,953.69,223
4/22/2013 20:41:42,4/22/2013,20:41:42,0.38,9.19,93.59,953.81,241
4/22/2013 20:41:57,4/22/2013,20:41:57,1.94,9.19,93.50,953.72,241
4/22/2013 20:42:12,4/22/2013,20:42:12,2.81,9.19,93.50,953.66,218
4/22/2013 20:42:27,4/22/2013,20:42:27,2.24,9.19,93.59,953.65,245
4/22/2013 20:42:42,4/22/2013,20:42:42,2.36,9.19,93.59,953.65,252
4/22/2013 20:42:57,4/22/2013,20:42:57,3.17,9.19,93.59,953.62,250
4/22/2013 20:43:12,4/22/2013,20:43:12,2.08,9.19,93.69,953.65,221
4/22/2013 20:43:27,4/22/2013,20:43:27,2.63,9.19,93.69,953.65,247
4/22/2013 20:43:42,4/22/2013,20:43:42,1.94,9.19,93.69,953.69,253
4/22/2013 20:43:57,4/22/2013,20:43:57,2.36,9.19,93.69,953.68,242
4/22/2013 20:44:12,4/22/2013,20:44:12,2.63,9.19,93.59,953.68,240
4/22/2013 20:44:27,4/22/2013,20:44:27,3.74,9.19,93.50,953.66,228
4/22/2013 20:44:42,4/22/2013,20:44:42,2.01,9.19,93.69,953.65,223
4/22/2013 20:44:57,4/22/2013,20:44:57,2.55,9.19,93.59,953.66,223
4/22/2013 20:45:12,4/22/2013,20:45:12,2.73,9.19,93.59,953.65,259
4/22/2013 20:45:27,4/22/2013,20:45:27,2.63,9.19,93.59,953.66,215
4/22/2013 20:45:42,4/22/2013,20:45:42,2.26,9.19,93.69,953.70,211
4/22/2013 20:45:57,4/22/2013,20:45:57,2.99,9.19,93.59,953.66,243
4/22/2013 20:46:12,4/22/2013,20:46:12,4.22,9.19,93.59,953.66,211
4/22/2013 20:46:27,4/22/2013,20:46:27,3.79,9.19,93.59,953.66,211
4/22/2013 20:46:42,4/22/2013,20:46:42,3.22,9.19,93.59,953.68,222
4/22/2013 20:46:57,4/22/2013,20:46:57,2.97,9.19,93.59,953.66,242
4/22/2013 20:47:12,4/22/2013,20:47:12,2.83,9.19,93.59,953.69,247
4/22/2013 20:47:27,4/22/2013,20:47:27,2.38,9.19,93.69,953.71,219
4/22/2013 20:47:42,4/22/2013,20:47:42,1.84,9.19,93.80,953.71,194
4/22/2013 20:47:57,4/22/2013,20:47:57,1.34,9.19,93.80,953.77,218
4/22/2013 20:48:12,4/22/2013,20:48:12,2.34,9.19,93.80,953.73,212
4/22/2013 20:48:27,4/22/2013,20:48:27,3.51,9.19,93.59,953.71,242
4/22/2013 20:48:42,4/22/2013,20:48:42,3.49,9.19,93.59,953.69,215
4/22/2013 20:48:57,4/22/2013,20:48:57,3.79,9.19,93.59,953.68,207
4/22/2013 20:49:12,4/22/2013,20:49:12,3.67,9.19,93.59,953.66,248
4/22/2013 20:49:27,4/22/2013,20:49:27,3.87,9.19,93.69,953.69,225
4/22/2013 20:49:42,4/22/2013,20:49:42,3.29,9.19,93.59,953.69,195
4/22/2013 20:49:57,4/22/2013,20:49:57,2.69,9.19,93.69,953.70,221
4/22/2013 20:50:12,4/22/2013,20:50:12,2.22,9.19,93.69,953.70,218
4/22/2013 20:50:27,4/22/2013,20:50:27,2.26,9.19,93.80,953.72,202
4/22/2013 20:50:42,4/22/2013,20:50:42,0.80,9.19,93.80,953.81,231
4/22/2013 20:50:57,4/22/2013,20:50:57,0.12,9.19,93.80,953.93,245
4/22/2013 20:51:12,4/22/2013,20:51:12,1.61,9.19,93.80,953.85,236
4/22/2013 20:51:27,4/22/2013,20:51:27,2.20,9.19,93.80,953.81,249
4/22/2013 20:51:42,4/22/2013,20:51:42,0.81,9.19,93.90,953.86,242
4/22/2013 20:51:57,4/22/2013,20:51:57,0.12,9.19,93.90,953.95,227
4/22/2013 20:52:12,4/22/2013,20:52:12,0.12,9.19,93.90,954.00,249
4/22/2013 20:52:27,4/22/2013,20:52:27,0.12,9.19,93.90,954.02,238
4/22/2013 20:52:42,4/22/2013,20:52:42,0.12,9.19,93.90,954.01,257
4/22/2013 20:52:57,4/22/2013,20:52:57,0.12,9.19,93.90,954.01,207
4/22/2013 20:53:12,4/22/2013,20:53:12,0.12,9.19,93.90,954.01,250
4/22/2013 20:53:27,4/22/2013,20:53:27,0.12,9.19,93.80,954.00,257
4/22/2013 20:53:42,4/22/2013,20:53:42,0.12,9.19,93.90,954.00,214
4/22/2013 20:53:57,4/22/2013,20:53:57,0.12,9.19,93.90,954.00,231
4/22/2013 20:54:12,4/22/2013,20:54:12,0.12,9.19,93.90,954.00,239
4/22/2013 20:54:27,4/22/2013,20:54:27,0.12,9.19,93.90,953.98,235
4/22/2013 20:54:42,4/22/2013,20:54:42,0.12,9.19,93.90,954.00,236
4/22/2013 20:54:57,4/22/2013,20:54:57,0.12,9.19,93.90,954.02,235
4/22/2013 20:55:12,4/22/2013,20:55:12,0.12,9.19,93.90,954.00,231
4/22/2013 20:55:27,4/22/2013,20:55:27,0.12,9.19,93.90,953.98,244
4/22/2013 20:55:42,4/22/2013,20:55:42,0.12,9.19,93.90,953.96,238
4/22/2013 20:55:57,4/22/2013,20:55:57,0.12,9.19,93.90,953.97,208
4/22/2013 20:56:12,4/22/2013,20:56:12,0.12,9.19,93.90,953.96,170
4/22/2013 20:56:27,4/22/2013,20:56:27,0.12,9.19,93.90,953.95,242
4/22/2013 20:56:42,4/22/2013,20:56:42,0.12,9.19,93.90,953.94,240
4/22/2013 20:56:57,4/22/2013,20:56:57,0.12,9.19,93.90,953.94,233
4/22/2013 20:57:12,4/22/2013,20:57:12,0.12,9.19,93.90,953.90,191
4/22/2013 20:57:27,4/22/2013,20:57:27,1.83,9.19,93.80,953.84,213
4/22/2013 20:57:42,4/22/2013,20:57:42,2.29,9.19,93.90,953.73,241
4/22/2013 20:57:57,4/22/2013,20:57:57,2.02,9.19,94.00,953.68,229
4/22/2013 20:58:12,4/22/2013,20:58:12,0.70,9.19,94.00,953.73,232
4/22/2013 20:58:27,4/22/2013,20:58:27,1.72,9.19,102.30,953.71,235
4/22/2013 20:58:42,4/22/2013,20:58:42,2.74,9.19,94.00,953.68,237
4/22/2013 20:58:57,4/22/2013,20:58:57,2.80,9.25,94.00,953.64,221
4/22/2013 20:59:12,4/22/2013,20:59:12,2.77,9.19,93.90,953.62,202
4/22/2013 20:59:27,4/22/2013,20:59:27,2.29,9.19,94.00,953.62,211
4/22/2013 20:59:42,4/22/2013,20:59:42,2.29,9.19,94.00,953.62,222
4/22/2013 20:59:57,4/22/2013,20:59:57,2.92,9.19,94.00,953.61,244
4/22/2013 21:00:12,4/22/2013,21:00:12,3.97,9.19,93.90,953.58,243
4/22/2013 21:00:27,4/22/2013,21:00:27,4.26,9.19,93.90,953.56,259
4/22/2013 21:00:42,4/22/2013,21:00:42,3.83,9.19,93.90,953.57,226
4/22/2013 21:00:57,4/22/2013,21:00:57,2.84,9.19,93.90,953.58,234
4/22/2013 21:01:12,4/22/2013,21:01:12,2.27,9.19,94.00,953.61,243
4/22/2013 21:01:27,4/22/2013,21:01:27,2.16,9.19,94.00,953.62,228
4/22/2013 21:01:42,4/22/2013,21:01:42,2.69,9.19,94.00,953.57,232
4/22/2013 21:01:57,4/22/2013,21:01:57,2.66,9.25,94.00,953.61,218
4/22/2013 21:02:12,4/22/2013,21:02:12,2.05,9.19,94.00,953.58,218
4/22/2013 21:02:27,4/22/2013,21:02:27,2.01,9.19,94.00,953.62,244
4/22/2013 21:02:42,4/22/2013,21:02:42,1.97,9.19,94.00,953.62,249
4/22/2013 21:02:57,4/22/2013,21:02:57,3.17,9.19,94.00,953.60,235
4/22/2013 21:03:12,4/22/2013,21:03:12,2.42,9.19,94.00,953.60,247
4/22/2013 21:03:27,4/22/2013,21:03:27,3.91,9.19,93.90,953.57,208
4/22/2013 21:03:42,4/22/2013,21:03:42,3.99,9.19,93.90,953.57,219
4/22/2013 21:03:57,4/22/2013,21:03:57,3.12,9.19,94.00,953.61,253
4/22/2013 21:04:12,4/22/2013,21:04:12,4.30,9.19,94.00,953.60,219
4/22/2013 21:04:27,4/22/2013,21:04:27,3.67,9.19,102.30,953.61,225
4/22/2013 21:04:42,4/22/2013,21:04:42,3.37,9.19,94.00,953.62,231
4/22/2013 21:04:57,4/22/2013,21:04:57,2.58,9.19,94.00,953.62,241
4/22/2013 21:05:12,4/22/2013,21:05:12,2.72,9.19,94.00,953.64,260
4/22/2013 21:05:27,4/22/2013,21:05:27,2.19,9.19,94.00,953.64,256
4/22/2013 21:05:42,4/22/2013,21:05:42,0.33,9.19,94.00,953.79,228
4/22/2013 21:05:57,4/22/2013,21:05:57,1.62,9.19,94.00,953.78,234
4/22/2013 21:06:12,4/22/2013,21:06:12,3.61,9.19,94.00,953.66,223
4/22/2013 21:06:27,4/22/2013,21:06:27,3.73,9.19,94.00,953.63,246
4/22/2013 21:06:42,4/22/2013,21:06:42,3.63,9.19,94.00,953.63,257
4/22/2013 21:06:57,4/22/2013,21:06:57,2.73,9.19,94.00,953.64,216
4/22/2013 21:07:12,4/22/2013,21:07:12,2.48,9.19,94.09,953.64,254
4/22/2013 21:07:27,4/22/2013,21:07:27,2.58,9.19,94.09,953.65,252
4/22/2013 21:07:42,4/22/2013,21:07:42,2.51,9.19,94.09,953.65,240
4/22/2013 21:07:57,4/22/2013,21:07:57,4.52,9.19,94.00,953.63,237
4/22/2013 21:08:12,4/22/2013,21:08:12,5.20,9.19,94.00,953.62,242
4/22/2013 21:08:27,4/22/2013,21:08:27,4.67,9.19,94.00,953.65,228
4/22/2013 21:08:42,4/22/2013,21:08:42,4.23,9.19,94.00,953.65,249
4/22/2013 21:08:57,4/22/2013,21:08:57,3.42,9.19,94.00,953.66,236
4/22/2013 21:09:12,4/22/2013,21:09:12,2.88,9.19,94.09,953.66,235
4/22/2013 21:09:27,4/22/2013,21:09:27,3.23,9.19,94.09,953.66,213
4/22/2013 21:09:42,4/22/2013,21:09:42,3.04,9.19,94.09,953.65,250
4/22/2013 21:09:57,4/22/2013,21:09:57,2.47,9.19,94.09,953.70,245
4/22/2013 21:10:12,4/22/2013,21:10:12,2.22,9.19,94.09,953.72,233
4/22/2013 21:10:27,4/22/2013,21:10:27,2.20,9.19,94.19,953.72,235
4/22/2013 21:10:42,4/22/2013,21:10:42,3.29,9.19,94.09,953.71,231
4/22/2013 21:10:57,4/22/2013,21:10:57,3.80,9.19,94.00,953.69,228
4/22/2013 21:11:12,4/22/2013,21:11:12,2.79,9.19,94.09,953.71,236
4/22/2013 21:11:27,4/22/2013,21:11:27,3.15,9.19,94.09,953.69,223
4/22/2013 21:11:42,4/22/2013,21:11:42,3.01,9.19,94.09,953.69,248
4/22/2013 21:11:57,4/22/2013,21:11:57,2.29,9.19,94.09,953.73,232
4/22/2013 21:12:12,4/22/2013,21:12:12,2.70,9.19,94.09,953.69,246
4/22/2013 21:12:27,4/22/2013,21:12:27,1.99,9.19,94.19,953.65,245
4/22/2013 21:12:42,4/22/2013,21:12:42,2.02,9.19,94.19,953.69,240
4/22/2013 21:12:57,4/22/2013,21:12:57,2.01,9.19,94.19,953.66,233
4/22/2013 21:13:12,4/22/2013,21:13:12,2.73,9.19,94.19,953.64,258
4/22/2013 21:13:27,4/22/2013,21:13:27,3.05,9.19,94.09,953.62,243
4/22/2013 21:13:42,4/22/2013,21:13:42,2.81,9.19,94.19,953.66,204
4/22/2013 21:13:57,4/22/2013,21:13:57,3.06,9.19,94.09,953.70,229
4/22/2013 21:14:12,4/22/2013,21:14:12,2.95,9.19,94.09,953.71,223
4/22/2013 21:14:27,4/22/2013,21:14:27,3.44,9.19,94.09,953.71,251
4/22/2013 21:14:42,4/22/2013,21:14:42,3.36,9.19,94.09,953.72,256
4/22/2013 21:14:57,4/22/2013,21:14:57,2.67,9.19,94.19,953.77,239
4/22/2013 21:15:12,4/22/2013,21:15:12,2.62,9.19,94.19,953.77,242
4/22/2013 21:15:27,4/22/2013,21:15:27,3.06,9.19,94.19,953.73,231
4/22/2013 21:15:42,4/22/2013,21:15:42,2.51,9.19,94.19,953.76,232
4/22/2013 21:15:57,4/22/2013,21:15:57,2.20,9.19,94.19,953.74,220
4/22/2013 21:16:12,4/22/2013,21:16:12,2.24,9.19,94.19,953.77,230
4/22/2013 21:16:27,4/22/2013,21:16:27,2.94,9.19,94.19,953.75,212
4/22/2013 21:16:42,4/22/2013,21:16:42,2.62,9.19,94.19,953.72,230
4/22/2013 21:16:57,4/22/2013,21:16:57,2.59,9.19,94.19,953.71,229
4/22/2013 21:17:12,4/22/2013,21:17:12,2.74,9.19,94.19,953.71,214
4/22/2013 21:17:27,4/22/2013,21:17:27,2.44,9.19,94.19,953.71,238
4/22/2013 21:17:42,4/22/2013,21:17:42,2.72,9.19,94.19,953.68,227
4/22/2013 21:17:57,4/22/2013,21:17:57,2.92,9.19,94.19,953.66,250
4/22/2013 21:18:12,4/22/2013,21:18:12,4.34,9.19,94.19,953.65,242
4/22/2013 21:18:27,4/22/2013,21:18:27,3.40,9.19,94.19,953.65,233
4/22/2013 21:18:42,4/22/2013,21:18:42,2.74,9.19,94.19,953.65,235
4/22/2013 21:18:57,4/22/2013,21:18:57,2.34,9.19,94.19,953.66,225
4/22/2013 21:19:12,4/22/2013,21:19:12,2.24,9.19,94.30,953.66,250
4/22/2013 21:19:27,4/22/2013,21:19:27,3.37,9.19,94.19,953.65,237
4/22/2013 21:19:42,4/22/2013,21:19:42,2.70,9.19,94.19,953.68,241
4/22/2013 21:19:57,4/22/2013,21:19:57,3.41,9.19,94.19,953.65,236
4/22/2013 21:20:12,4/22/2013,21:20:12,2.98,9.19,94.19,953.66,233
4/22/2013 21:20:27,4/22/2013,21:20:27,2.54,9.19,94.19,953.66,214
4/22/2013 21:20:42,4/22/2013,21:20:42,1.41,9.19,94.30,953.71,237
4/22/2013 21:20:57,4/22/2013,21:20:57,2.41,9.19,94.30,953.69,257
4/22/2013 21:21:12,4/22/2013,21:21:12,2.06,9.19,94.30,953.69,243
4/22/2013 21:21:27,4/22/2013,21:21:27,1.88,9.19,94.30,953.66,220
4/22/2013 21:21:42,4/22/2013,21:21:42,1.93,9.19,94.30,953.68,211
4/22/2013 21:21:57,4/22/2013,21:21:57,2.18,9.19,94.30,953.70,235
4/22/2013 21:22:12,4/22/2013,21:22:12,2.41,9.19,94.19,953.71,219
4/22/2013 21:22:27,4/22/2013,21:22:27,2.16,9.19,102.30,953.72,230
4/22/2013 21:22:42,4/22/2013,21:22:42,2.90,9.19,94.30,953.72,240
4/22/2013 21:22:57,4/22/2013,21:22:57,2.72,9.19,94.30,953.74,247
4/22/2013 21:23:12,4/22/2013,21:23:12,2.76,9.19,94.30,953.74,248
4/22/2013 21:23:27,4/22/2013,21:23:27,1.68,9.19,94.30,953.79,253
4/22/2013 21:23:42,4/22/2013,21:23:42,0.33,9.19,94.30,953.90,255
4/22/2013 21:23:57,4/22/2013,21:23:57,0.12,9.19,94.30,953.98,227
4/22/2013 21:24:12,4/22/2013,21:24:12,0.12,9.19,94.30,954.03,213
4/22/2013 21:24:27,4/22/2013,21:24:27,2.11,9.19,94.30,953.88,252
4/22/2013 21:24:42,4/22/2013,21:24:42,0.48,9.19,94.30,953.96,236
4/22/2013 21:24:57,4/22/2013,21:24:57,1.77,9.19,94.30,953.87,231
4/22/2013 21:25:12,4/22/2013,21:25:12,2.31,9.19,94.30,953.84,235
4/22/2013 21:25:27,4/22/2013,21:25:27,2.11,9.19,94.30,953.82,235
4/22/2013 21:25:42,4/22/2013,21:25:42,1.41,9.19,94.30,953.85,217
4/22/2013 21:25:57,4/22/2013,21:25:57,1.59,9.19,94.30,953.85,206
4/22/2013 21:26:12,4/22/2013,21:26:12,2.27,9.19,94.30,953.84,223
4/22/2013 21:26:27,4/22/2013,21:26:27,2.87,9.19,94.30,953.80,236
4/22/2013 21:26:42,4/22/2013,21:26:42,3.05,9.19,94.30,953.78,274
4/22/2013 21:26:57,4/22/2013,21:26:57,2.86,9.19,94.30,953.79,216
4/22/2013 21:27:12,4/22/2013,21:27:12,2.98,9.19,94.30,953.77,235
4/22/2013 21:27:27,4/22/2013,21:27:27,2.02,9.19,94.30,953.80,212
4/22/2013 21:27:42,4/22/2013,21:27:42,1.59,9.19,94.30,953.81,243
4/22/2013 21:27:57,4/22/2013,21:27:57,1.81,9.19,94.30,953.81,234
4/22/2013 21:28:12,4/22/2013,21:28:12,1.58,9.19,94.30,953.84,198
4/22/2013 21:28:27,4/22/2013,21:28:27,2.81,9.19,94.30,953.81,215
4/22/2013 21:28:42,4/22/2013,21:28:42,2.74,9.19,94.30,953.80,247
4/22/2013 21:28:57,4/22/2013,21:28:57,2.92,9.19,94.30,953.74,234
4/22/2013 21:29:12,4/22/2013,21:29:12,2.30,9.19,94.30,953.77,216
4/22/2013 21:29:27,4/22/2013,21:29:27,1.66,9.19,94.30,953.78,200
4/22/2013 21:29:42,4/22/2013,21:29:42,1.30,9.19,94.40,953.80,211
4/22/2013 21:29:57,4/22/2013,21:29:57,1.86,9.19,94.40,953.77,246
4/22/2013 21:30:12,4/22/2013,21:30:12,2.19,9.19,94.40,953.76,240
4/22/2013 21:30:27,4/22/2013,21:30:27,2.29,9.19,94.30,953.76,217
4/22/2013 21:30:42,4/22/2013,21:30:42,2.20,9.19,94.30,953.76,233
4/22/2013 21:30:57,4/22/2013,21:30:57,1.63,9.19,94.40,953.77,222
4/22/2013 21:31:12,4/22/2013,21:31:12,1.33,9.19,94.40,953.80,248
4/22/2013 21:31:27,4/22/2013,21:31:27,2.13,9.19,94.30,953.78,249
4/22/2013 21:31:42,4/22/2013,21:31:42,2.20,9.19,94.30,953.77,248
4/22/2013 21:31:57,4/22/2013,21:31:57,1.30,9.19,94.40,953.80,211
4/22/2013 21:32:12,4/22/2013,21:32:12,2.02,9.19,94.40,953.78,227
4/22/2013 21:32:27,4/22/2013,21:32:27,1.56,9.19,94.40,953.78,247
4/22/2013 21:32:42,4/22/2013,21:32:42,1.45,9.19,94.40,953.78,239
4/22/2013 21:32:57,4/22/2013,21:32:57,1.66,9.25,94.40,953.78,250
4/22/2013 21:33:12,4/22/2013,21:33:12,1.94,9.25,94.40,953.73,235
4/22/2013 21:33:27,4/22/2013,21:33:27,1.74,9.19,94.40,953.71,230
4/22/2013 21:33:42,4/22/2013,21:33:42,1.93,9.19,94.40,953.72,234
4/22/2013 21:33:57,4/22/2013,21:33:57,1.74,9.25,94.40,953.72,203
4/22/2013 21:34:12,4/22/2013,21:34:12,1.16,9.19,94.40,953.77,208
4/22/2013 21:34:42,4/22/2013,21:34:42,1.41,9.22,102.30,953.76,221
4/22/2013 21:34:57,4/22/2013,21:34:57,0.59,9.25,94.40,953.74,233
4/22/2013 21:35:12,4/22/2013,21:35:12,0.12,9.19,94.40,953.82,219
4/22/2013 21:35:27,4/22/2013,21:35:27,1.34,9.25,94.40,953.72,205
4/22/2013 21:35:42,4/22/2013,21:35:42,2.63,9.19,94.30,953.63,188
4/22/2013 21:35:57,4/22/2013,21:35:57,1.33,9.25,94.40,953.65,223
4/22/2013 21:36:12,4/22/2013,21:36:12,1.58,9.19,94.40,953.62,207
4/22/2013 21:36:27,4/22/2013,21:36:27,2.11,9.25,94.40,953.58,212
4/22/2013 21:36:42,4/22/2013,21:36:42,2.40,9.19,94.40,953.60,196
4/22/2013 21:36:57,4/22/2013,21:36:57,2.16,9.19,94.40,953.60,233
4/22/2013 21:37:12,4/22/2013,21:37:12,3.20,9.19,94.30,953.55,226
4/22/2013 21:37:27,4/22/2013,21:37:27,2.52,9.19,94.40,953.56,175
4/22/2013 21:37:42,4/22/2013,21:37:42,2.79,9.19,94.40,953.56,221
4/22/2013 21:37:57,4/22/2013,21:37:57,2.37,9.19,94.40,953.58,202
4/22/2013 21:38:12,4/22/2013,21:38:12,2.81,9.19,94.40,953.56,221
4/22/2013 21:38:27,4/22/2013,21:38:27,1.94,9.19,94.40,953.57,223
4/22/2013 21:38:42,4/22/2013,21:38:42,1.80,9.19,94.40,953.58,188
4/22/2013 21:38:57,4/22/2013,21:38:57,2.05,9.19,94.40,953.58,222
4/22/2013 21:39:12,4/22/2013,21:39:12,2.01,9.25,94.40,953.61,196
4/22/2013 21:39:27,4/22/2013,21:39:27,1.87,9.19,94.40,953.62,222
4/22/2013 21:39:42,4/22/2013,21:39:42,1.77,9.25,94.40,953.62,192
4/22/2013 21:39:57,4/22/2013,21:39:57,2.47,9.25,94.40,953.61,214
4/22/2013 21:40:12,4/22/2013,21:40:12,2.55,9.19,94.40,953.62,223
4/22/2013 21:40:27,4/22/2013,21:40:27,2.30,9.19,94.40,953.62,232
4/22/2013 21:42:42,4/22/2013,21:42:42,0.30,9.19,102.30,953.61,229
4/22/2013 21:42:57,4/22/2013,21:42:57,3.77,9.19,94.40,953.60,225
4/22/2013 21:43:12,4/22/2013,21:43:12,3.72,9.19,94.40,953.54,235
4/22/2013 21:43:27,4/22/2013,21:43:27,3.40,9.19,94.40,953.54,240
4/22/2013 21:43:42,4/22/2013,21:43:42,3.72,9.19,94.40,953.55,225
4/22/2013 21:43:57,4/22/2013,21:43:57,2.99,9.19,94.40,953.54,235
4/22/2013 21:44:12,4/22/2013,21:44:12,2.69,9.19,94.40,953.54,209
4/22/2013 21:44:27,4/22/2013,21:44:27,2.92,9.19,94.40,953.54,233
4/22/2013 21:44:42,4/22/2013,21:44:42,3.19,9.19,94.40,953.55,243
4/22/2013 21:44:57,4/22/2013,21:44:57,3.55,9.19,94.40,953.55,245
4/22/2013 21:45:12,4/22/2013,21:45:12,3.04,9.19,94.40,953.56,264
4/22/2013 21:45:27,4/22/2013,21:45:27,2.42,9.19,94.40,953.58,231
4/22/2013 21:45:42,4/22/2013,21:45:42,2.09,9.19,94.50,953.60,230
4/22/2013 21:45:57,4/22/2013,21:45:57,2.13,9.19,94.50,953.66,230
4/22/2013 21:46:12,4/22/2013,21:46:12,2.34,9.19,94.50,953.72,219
4/22/2013 21:46:27,4/22/2013,21:46:27,3.19,9.19,94.50,953.72,248
4/22/2013 21:46:42,4/22/2013,21:46:42,2.88,9.19,94.40,953.74,237
4/22/2013 21:46:57,4/22/2013,21:46:57,2.04,9.19,94.50,953.77,225
4/22/2013 21:47:12,4/22/2013,21:47:12,2.29,9.19,94.50,953.79,232
4/22/2013 21:47:27,4/22/2013,21:47:27,2.47,9.19,94.50,953.79,214
4/22/2013 21:47:42,4/22/2013,21:47:42,1.52,9.19,94.50,953.82,214
4/22/2013 21:47:57,4/22/2013,21:47:57,2.36,9.19,94.50,953.78,253
4/22/2013 21:48:12,4/22/2013,21:48:12,2.73,9.19,94.50,953.78,229
4/22/2013 21:48:27,4/22/2013,21:48:27,2.58,9.19,94.50,953.82,212
4/22/2013 21:48:42,4/22/2013,21:48:42,2.50,9.19,102.30,953.80,222
4/22/2013 21:48:57,4/22/2013,21:48:57,2.41,9.19,94.50,953.79,231
4/22/2013 21:49:12,4/22/2013,21:49:12,1.58,9.19,94.50,953.78,217
4/22/2013 21:49:27,4/22/2013,21:49:27,1.65,9.19,94.50,953.78,211
4/22/2013 21:49:42,4/22/2013,21:49:42,1.52,9.19,94.50,953.78,226
4/22/2013 21:49:57,4/22/2013,21:49:57,1.90,9.19,94.50,953.77,211
4/22/2013 21:50:12,4/22/2013,21:50:12,1.31,9.19,94.50,953.79,241
4/22/2013 21:50:27,4/22/2013,21:50:27,2.02,9.19,94.50,953.78,208
4/22/2013 21:50:42,4/22/2013,21:50:42,0.31,9.19,94.50,953.90,242
4/22/2013 21:50:57,4/22/2013,21:50:57,1.81,9.19,94.50,953.85,228
4/22/2013 21:51:12,4/22/2013,21:51:12,2.95,9.19,94.50,953.80,243
4/22/2013 21:51:27,4/22/2013,21:51:27,3.11,9.19,94.50,953.80,243
4/22/2013 21:51:42,4/22/2013,21:51:42,2.80,9.19,94.50,953.80,224
4/22/2013 21:51:57,4/22/2013,21:51:57,2.70,9.19,94.50,953.82,226
4/22/2013 21:52:12,4/22/2013,21:52:12,3.17,9.19,94.50,953.81,239
4/22/2013 21:52:27,4/22/2013,21:52:27,2.42,9.19,94.50,953.86,222
4/22/2013 21:52:42,4/22/2013,21:52:42,2.24,9.19,94.50,953.87,221
4/22/2013 21:52:57,4/22/2013,21:52:57,3.08,9.19,94.50,953.86,243
4/22/2013 21:53:12,4/22/2013,21:53:12,2.77,9.19,94.50,953.86,233
4/22/2013 21:53:27,4/22/2013,21:53:27,0.54,9.19,94.50,953.97,245
4/22/2013 21:53:42,4/22/2013,21:53:42,1.72,9.19,94.50,953.90,245
4/22/2013 21:53:57,4/22/2013,21:53:57,1.37,9.19,94.50,953.87,230
4/22/2013 21:54:12,4/22/2013,21:54:12,2.04,9.19,94.50,953.84,244
4/22/2013 21:54:27,4/22/2013,21:54:27,3.05,9.19,94.50,953.81,250
4/22/2013 21:54:42,4/22/2013,21:54:42,2.58,9.19,102.30,953.80,251
4/22/2013 21:54:57,4/22/2013,21:54:57,2.26,9.19,94.50,953.80,251
4/22/2013 21:55:12,4/22/2013,21:55:12,2.12,9.19,94.50,953.79,234
4/22/2013 21:55:27,4/22/2013,21:55:27,1.54,9.19,94.50,953.77,219
4/22/2013 21:55:42,4/22/2013,21:55:42,1.69,9.19,94.50,953.73,225
4/22/2013 21:55:57,4/22/2013,21:55:57,1.83,9.19,94.50,953.72,224
4/22/2013 21:56:12,4/22/2013,21:56:12,2.56,9.25,94.59,953.71,196
4/22/2013 21:56:27,4/22/2013,21:56:27,1.97,9.19,94.50,953.69,228
4/22/2013 21:56:42,4/22/2013,21:56:42,1.74,9.19,94.59,953.70,231
4/22/2013 21:56:57,4/22/2013,21:56:57,3.13,9.19,94.50,953.68,230
4/22/2013 21:57:12,4/22/2013,21:57:12,2.95,9.19,94.50,953.66,218
4/22/2013 21:57:27,4/22/2013,21:57:27,3.99,9.19,94.50,953.64,235
4/22/2013 21:57:42,4/22/2013,21:57:42,2.81,9.19,94.50,953.64,242
4/22/2013 21:57:57,4/22/2013,21:57:57,2.02,9.19,94.59,953.65,201
4/22/2013 21:58:12,4/22/2013,21:58:12,1.66,9.19,94.59,953.66,241
4/22/2013 21:58:27,4/22/2013,21:58:27,2.42,9.19,94.59,953.66,225
4/22/2013 21:58:42,4/22/2013,21:58:42,1.83,9.25,94.59,953.68,216
4/22/2013 21:58:57,4/22/2013,21:58:57,1.30,9.25,94.59,953.66,174
4/22/2013 21:59:12,4/22/2013,21:59:12,2.30,9.19,94.59,953.63,248
4/22/2013 21:59:27,4/22/2013,21:59:27,2.95,9.19,94.59,953.62,215
4/22/2013 21:59:42,4/22/2013,21:59:42,2.56,9.19,94.50,953.63,249
4/22/2013 21:59:57,4/22/2013,21:59:57,4.30,9.19,94.50,953.61,253
4/22/2013 22:00:12,4/22/2013,22:00:12,3.61,9.19,94.59,953.58,243
4/22/2013 22:00:27,4/22/2013,22:00:27,4.09,9.25,94.59,953.57,228
4/22/2013 22:00:42,4/22/2013,22:00:42,2.52,9.25,102.30,953.60,229
4/22/2013 22:00:57,4/22/2013,22:00:57,2.63,9.25,94.59,953.62,230
4/22/2013 22:01:12,4/22/2013,22:01:12,2.77,9.19,94.59,953.62,237
4/22/2013 22:01:27,4/22/2013,22:01:27,2.83,9.25,94.59,953.58,224
4/22/2013 22:01:42,4/22/2013,22:01:42,3.01,9.25,94.59,953.58,244
4/22/2013 22:01:57,4/22/2013,22:01:57,3.01,9.25,94.59,953.58,225
4/22/2013 22:02:12,4/22/2013,22:02:12,3.37,9.25,94.59,953.58,236
4/22/2013 22:02:27,4/22/2013,22:02:27,2.61,9.25,94.59,953.62,216
4/22/2013 22:02:42,4/22/2013,22:02:42,2.52,9.25,94.59,953.63,244
4/22/2013 22:02:57,4/22/2013,22:02:57,2.79,9.25,94.59,953.65,216
4/22/2013 22:03:12,4/22/2013,22:03:12,2.66,9.27,94.59,953.65,209
4/22/2013 22:03:27,4/22/2013,22:03:27,2.84,9.27,94.59,953.64,223
4/22/2013 22:03:42,4/22/2013,22:03:42,3.13,9.27,94.59,953.64,245
4/22/2013 22:03:57,4/22/2013,22:03:57,2.73,9.27,94.59,953.65,247
4/22/2013 22:04:12,4/22/2013,22:04:12,2.88,9.27,94.59,953.68,232
4/22/2013 22:04:27,4/22/2013,22:04:27,2.61,9.27,94.59,953.69,246
4/22/2013 22:04:42,4/22/2013,22:04:42,3.23,9.27,94.59,953.64,230
4/22/2013 22:04:57,4/22/2013,22:04:57,2.86,9.27,94.59,953.65,234
4/22/2013 22:05:12,4/22/2013,22:05:12,2.44,9.27,94.59,953.69,236
4/22/2013 22:05:27,4/22/2013,22:05:27,2.51,9.27,94.59,953.69,236
4/22/2013 22:05:42,4/22/2013,22:05:42,2.65,9.27,94.59,953.66,244
4/22/2013 22:05:57,4/22/2013,22:05:57,2.52,9.27,94.59,953.65,223
4/22/2013 22:06:12,4/22/2013,22:06:12,2.34,9.27,94.59,953.69,236
4/22/2013 22:06:27,4/22/2013,22:06:27,3.04,9.27,94.59,953.65,224
4/22/2013 22:06:42,4/22/2013,22:06:42,3.04,9.27,102.30,953.64,237
4/22/2013 22:06:57,4/22/2013,22:06:57,2.72,9.27,94.59,953.64,249
4/22/2013 22:07:12,4/22/2013,22:07:12,2.79,9.27,94.59,953.64,233
4/22/2013 22:07:27,4/22/2013,22:07:27,2.65,9.27,94.59,953.66,243
4/22/2013 22:07:42,4/22/2013,22:07:42,2.24,9.27,94.59,953.69,215
4/22/2013 22:07:57,4/22/2013,22:07:57,0.48,9.27,94.59,953.84,277
4/22/2013 22:08:12,4/22/2013,22:08:12,0.12,9.27,94.59,953.92,245
4/22/2013 22:08:27,4/22/2013,22:08:27,2.80,9.27,94.59,953.81,243
4/22/2013 22:08:42,4/22/2013,22:08:42,2.41,9.27,94.59,953.73,234
4/22/2013 22:08:57,4/22/2013,22:08:57,2.54,9.27,94.59,953.73,236
4/22/2013 22:09:12,4/22/2013,22:09:12,2.81,9.27,94.59,953.73,228
4/22/2013 22:09:27,4/22/2013,22:09:27,2.49,9.27,94.59,953.74,229
4/22/2013 22:09:42,4/22/2013,22:09:42,2.24,9.27,94.59,953.72,250
4/22/2013 22:09:57,4/22/2013,22:09:57,1.59,9.27,94.59,953.77,255
4/22/2013 22:10:12,4/22/2013,22:10:12,1.97,9.27,94.59,953.77,241
4/22/2013 22:10:27,4/22/2013,22:10:27,1.84,9.27,94.59,953.74,239
4/22/2013 22:10:42,4/22/2013,22:10:42,1.76,9.27,94.59,953.74,247
4/22/2013 22:10:57,4/22/2013,22:10:57,2.44,9.27,94.59,953.73,253
4/22/2013 22:11:12,4/22/2013,22:11:12,2.44,9.27,94.59,953.73,248
4/22/2013 22:11:27,4/22/2013,22:11:27,2.62,9.27,94.59,953.72,226
4/22/2013 22:11:42,4/22/2013,22:11:42,1.87,9.27,94.59,953.74,258
4/22/2013 22:11:57,4/22/2013,22:11:57,2.13,9.27,94.59,953.76,237
4/22/2013 22:12:12,4/22/2013,22:12:12,2.73,9.27,94.59,953.74,211
4/22/2013 22:12:27,4/22/2013,22:12:27,1.93,9.27,94.59,953.76,247
4/22/2013 22:12:42,4/22/2013,22:12:42,1.59,9.27,102.30,953.77,246
4/22/2013 22:12:57,4/22/2013,22:12:57,1.99,9.27,94.59,953.79,245
4/22/2013 22:13:12,4/22/2013,22:13:12,0.81,9.27,94.59,953.87,262
4/22/2013 22:13:27,4/22/2013,22:13:27,0.87,9.27,94.59,953.88,233
4/22/2013 22:13:42,4/22/2013,22:13:42,1.12,9.27,94.59,953.84,216
4/22/2013 22:13:57,4/22/2013,22:13:57,1.54,9.27,94.59,953.84,230
4/22/2013 22:14:12,4/22/2013,22:14:12,1.47,9.27,94.59,953.84,201
4/22/2013 22:14:27,4/22/2013,22:14:27,1.11,9.27,94.59,953.85,242
4/22/2013 22:14:42,4/22/2013,22:14:42,1.41,9.27,94.59,953.85,243
4/22/2013 22:14:57,4/22/2013,22:14:57,1.80,9.27,94.69,953.82,263
4/22/2013 22:15:12,4/22/2013,22:15:12,2.08,9.27,94.59,953.80,244
4/22/2013 22:15:27,4/22/2013,22:15:27,2.02,9.32,94.69,953.82,247
4/22/2013 22:15:42,4/22/2013,22:15:42,1.93,9.27,94.59,953.84,212
4/22/2013 22:15:57,4/22/2013,22:15:57,2.15,9.27,94.69,953.81,248
4/22/2013 22:16:12,4/22/2013,22:16:12,1.91,9.27,94.69,953.82,218
4/22/2013 22:16:27,4/22/2013,22:16:27,2.47,9.27,94.69,953.84,210
4/22/2013 22:16:42,4/22/2013,22:16:42,2.54,9.27,94.69,953.84,251
4/22/2013 22:16:57,4/22/2013,22:16:57,1.95,9.27,94.59,953.86,250
4/22/2013 22:17:12,4/22/2013,22:17:12,2.13,9.27,94.69,953.88,254
4/22/2013 22:17:27,4/22/2013,22:17:27,2.24,9.32,94.69,953.89,237
4/22/2013 22:17:42,4/22/2013,22:17:42,3.72,9.27,94.59,953.86,218
4/22/2013 22:17:57,4/22/2013,22:17:57,2.42,9.32,94.59,953.89,270
4/22/2013 22:18:12,4/22/2013,22:18:12,0.56,9.27,94.69,953.98,239
4/22/2013 22:18:27,4/22/2013,22:18:27,1.40,9.32,94.69,953.96,250
4/22/2013 22:18:42,4/22/2013,22:18:42,1.91,9.32,102.30,953.94,250
4/22/2013 22:18:57,4/22/2013,22:18:57,1.56,9.32,94.69,953.92,249
4/22/2013 22:19:12,4/22/2013,22:19:12,2.09,9.32,94.69,953.92,238
4/22/2013 22:19:27,4/22/2013,22:19:27,2.67,9.32,94.69,953.90,229
4/22/2013 22:19:42,4/22/2013,22:19:42,2.58,9.32,94.69,953.93,239
4/22/2013 22:19:57,4/22/2013,22:19:57,2.91,9.35,94.69,953.90,253
4/22/2013 22:20:12,4/22/2013,22:20:12,2.80,9.35,94.69,953.92,259
4/22/2013 22:20:27,4/22/2013,22:20:27,2.20,9.32,94.69,953.94,238
4/22/2013 22:20:42,4/22/2013,22:20:42,2.30,9.32,94.69,953.96,252
4/22/2013 22:20:57,4/22/2013,22:20:57,2.67,9.35,94.69,953.94,232
4/22/2013 22:21:12,4/22/2013,22:21:12,2.95,9.35,94.69,953.93,226
4/22/2013 22:21:27,4/22/2013,22:21:27,2.54,9.35,94.69,953.94,235
4/22/2013 22:21:42,4/22/2013,22:21:42,2.08,9.35,94.69,953.96,245
4/22/2013 22:21:57,4/22/2013,22:21:57,2.24,9.35,94.69,954.00,247
4/22/2013 22:22:12,4/22/2013,22:22:12,2.01,9.35,94.69,953.97,255
4/22/2013 22:22:27,4/22/2013,22:22:27,1.55,9.35,94.69,953.98,231
4/22/2013 22:22:42,4/22/2013,22:22:42,1.70,9.35,94.69,954.02,221
4/22/2013 22:22:57,4/22/2013,22:22:57,1.84,9.35,94.69,954.03,239
4/22/2013 22:23:12,4/22/2013,22:23:12,1.34,9.35,94.69,954.04,256
4/22/2013 22:23:27,4/22/2013,22:23:27,1.66,9.35,94.69,954.03,246
4/22/2013 22:23:42,4/22/2013,22:23:42,1.59,9.35,94.69,954.05,240
4/22/2013 22:23:57,4/22/2013,22:23:57,2.61,9.35,94.69,954.05,247
4/22/2013 22:24:12,4/22/2013,22:24:12,2.37,9.35,94.69,954.07,246
4/22/2013 22:24:27,4/22/2013,22:24:27,2.02,9.39,94.69,954.05,212
4/22/2013 22:24:42,4/22/2013,22:24:42,2.24,9.39,94.69,954.07,248
4/22/2013 22:24:57,4/22/2013,22:24:57,2.61,9.39,94.69,954.08,243
4/22/2013 22:25:12,4/22/2013,22:25:12,2.45,9.39,94.69,954.10,234
4/22/2013 22:25:27,4/22/2013,22:25:27,2.51,9.39,94.69,954.11,241
4/22/2013 22:25:42,4/22/2013,22:25:42,2.01,9.39,94.69,954.12,235
4/22/2013 22:25:57,4/22/2013,22:25:57,1.30,9.44,94.69,954.13,258
4/22/2013 22:26:12,4/22/2013,22:26:12,1.66,9.44,94.69,954.12,252
4/22/2013 22:26:27,4/22/2013,22:26:27,1.95,9.44,94.69,954.13,248
4/22/2013 22:26:42,4/22/2013,22:26:42,2.66,9.44,94.69,954.11,234
4/22/2013 22:26:57,4/22/2013,22:26:57,2.74,9.44,94.69,954.10,227
4/22/2013 22:27:12,4/22/2013,22:27:12,2.36,9.44,94.69,954.11,245
4/22/2013 22:27:27,4/22/2013,22:27:27,1.94,9.44,94.69,954.12,239
4/22/2013 22:27:42,4/22/2013,22:27:42,2.26,9.44,94.69,954.12,254
4/22/2013 22:27:57,4/22/2013,22:27:57,1.66,9.47,94.69,954.10,235
4/22/2013 22:28:12,4/22/2013,22:28:12,1.87,9.44,94.69,954.11,231
4/22/2013 22:28:27,4/22/2013,22:28:27,1.36,9.44,94.69,954.11,263
4/22/2013 22:28:42,4/22/2013,22:28:42,1.54,9.47,94.69,954.12,250
4/22/2013 22:28:57,4/22/2013,22:28:57,1.74,9.52,94.69,954.05,226
4/22/2013 22:29:12,4/22/2013,22:29:12,2.63,9.52,94.69,954.04,238
4/22/2013 22:29:27,4/22/2013,22:29:27,2.83,9.52,94.69,954.01,212
4/22/2013 22:29:42,4/22/2013,22:29:42,2.86,9.52,94.69,954.02,238
4/22/2013 22:29:57,4/22/2013,22:29:57,2.91,9.52,94.69,954.00,236
4/22/2013 22:30:12,4/22/2013,22:30:12,3.04,9.52,94.69,954.00,234
4/22/2013 22:30:27,4/22/2013,22:30:27,2.83,9.52,94.69,954.02,247
4/22/2013 22:30:42,4/22/2013,22:30:42,2.55,9.52,94.69,954.03,237
4/22/2013 22:30:57,4/22/2013,22:30:57,1.90,9.52,94.69,954.01,253
4/22/2013 22:31:12,4/22/2013,22:31:12,1.38,9.52,94.69,954.04,251
4/22/2013 22:31:27,4/22/2013,22:31:27,1.70,9.52,94.69,954.03,240
4/22/2013 22:31:42,4/22/2013,22:31:42,1.56,9.52,94.69,954.04,255
4/22/2013 22:31:57,4/22/2013,22:31:57,1.37,9.52,94.69,954.04,243
4/22/2013 22:32:12,4/22/2013,22:32:12,1.95,9.55,94.69,954.05,230
4/22/2013 22:32:27,4/22/2013,22:32:27,2.19,9.55,94.69,954.03,241
4/22/2013 22:32:42,4/22/2013,22:32:42,1.88,9.55,94.69,954.01,250
4/22/2013 22:32:57,4/22/2013,22:32:57,0.94,9.52,94.69,954.07,239
4/22/2013 22:33:12,4/22/2013,22:33:12,1.31,9.60,94.80,954.09,230
4/22/2013 22:33:27,4/22/2013,22:33:27,1.69,9.60,94.80,954.03,240
4/22/2013 22:33:42,4/22/2013,22:33:42,0.91,9.55,94.69,954.12,240
4/22/2013 22:33:57,4/22/2013,22:33:57,0.13,9.60,94.80,954.24,259
4/22/2013 22:34:12,4/22/2013,22:34:12,0.12,9.60,94.80,954.27,252
4/22/2013 22:34:27,4/22/2013,22:34:27,0.12,9.60,94.80,954.28,229
4/22/2013 22:34:42,4/22/2013,22:34:42,0.12,9.60,94.80,954.32,239
4/22/2013 22:34:57,4/22/2013,22:34:57,0.12,9.60,94.80,954.32,234
4/22/2013 22:35:12,4/22/2013,22:35:12,1.66,9.60,94.80,954.19,251
4/22/2013 22:35:27,4/22/2013,22:35:27,2.15,9.60,94.80,954.12,262
4/22/2013 22:35:42,4/22/2013,22:35:42,1.88,9.60,94.80,954.11,250
4/22/2013 22:35:57,4/22/2013,22:35:57,1.51,9.60,94.80,954.12,240
4/22/2013 22:36:12,4/22/2013,22:36:12,1.79,9.60,94.80,954.12,244
4/22/2013 22:36:27,4/22/2013,22:36:27,1.63,9.60,94.80,954.13,234
4/22/2013 22:36:42,4/22/2013,22:36:42,1.69,9.62,102.30,954.13,244
4/22/2013 22:36:57,4/22/2013,22:36:57,1.76,9.64,94.80,954.13,253
4/22/2013 22:37:12,4/22/2013,22:37:12,1.95,9.67,94.80,954.12,250
4/22/2013 22:37:27,4/22/2013,22:37:27,1.91,9.64,94.80,954.11,259
4/22/2013 22:37:42,4/22/2013,22:37:42,1.55,9.67,94.80,954.12,264
4/22/2013 22:37:57,4/22/2013,22:37:57,1.83,9.64,94.80,954.12,216
4/22/2013 22:38:12,4/22/2013,22:38:12,1.81,9.64,94.80,954.12,240
4/22/2013 22:38:27,4/22/2013,22:38:27,1.74,9.64,94.80,954.09,257
4/22/2013 22:38:42,4/22/2013,22:38:42,1.86,9.67,94.80,954.11,253
4/22/2013 22:38:57,4/22/2013,22:38:57,2.08,9.67,94.80,954.13,259
4/22/2013 22:39:12,4/22/2013,22:39:12,1.06,9.67,94.80,954.12,236
4/22/2013 22:39:27,4/22/2013,22:39:27,1.30,9.67,94.80,954.17,239
4/22/2013 22:39:42,4/22/2013,22:39:42,2.47,9.67,94.80,954.13,224
4/22/2013 22:39:57,4/22/2013,22:39:57,2.37,9.67,94.80,954.15,245
4/22/2013 22:40:12,4/22/2013,22:40:12,2.08,9.67,94.80,954.13,241
4/22/2013 22:40:27,4/22/2013,22:40:27,2.19,9.67,94.80,954.12,247
4/22/2013 22:40:42,4/22/2013,22:40:42,2.23,9.67,94.80,954.12,236
4/22/2013 22:40:57,4/22/2013,22:40:57,1.83,9.67,94.80,954.09,234
4/22/2013 22:41:12,4/22/2013,22:41:12,1.95,9.67,94.80,954.09,260
4/22/2013 22:41:27,4/22/2013,22:41:27,2.45,9.67,94.80,954.09,250
4/22/2013 22:41:42,4/22/2013,22:41:42,2.12,9.67,94.80,954.09,235
4/22/2013 22:41:57,4/22/2013,22:41:57,1.70,9.67,94.80,954.08,246
4/22/2013 22:42:12,4/22/2013,22:42:12,2.54,9.67,94.80,954.07,240
4/22/2013 22:42:27,4/22/2013,22:42:27,2.80,9.67,94.80,954.04,241
4/22/2013 22:42:42,4/22/2013,22:42:42,2.62,9.67,102.30,954.04,235
4/22/2013 22:42:57,4/22/2013,22:42:57,1.77,9.67,94.80,954.05,229
4/22/2013 22:43:12,4/22/2013,22:43:12,2.20,9.67,94.80,954.05,233
4/22/2013 22:43:27,4/22/2013,22:43:27,2.13,9.67,94.80,954.03,212
4/22/2013 22:43:42,4/22/2013,22:43:42,1.65,9.72,94.80,954.03,234
4/22/2013 22:43:57,4/22/2013,22:43:57,1.73,9.67,94.80,954.03,245
4/22/2013 22:44:12,4/22/2013,22:44:12,1.44,9.67,94.80,954.04,264
4/22/2013 22:44:27,4/22/2013,22:44:27,2.37,9.72,94.80,954.03,258
4/22/2013 22:44:42,4/22/2013,22:44:42,2.56,9.72,94.80,954.02,240
4/22/2013 22:44:57,4/22/2013,22:44:57,2.97,9.72,94.80,954.01,259
4/22/2013 22:45:12,4/22/2013,22:45:12,2.49,9.72,94.80,954.03,254
4/22/2013 22:45:27,4/22/2013,22:45:27,2.58,9.72,94.80,954.04,263
4/22/2013 22:45:42,4/22/2013,22:45:42,2.16,9.72,94.80,954.08,260
4/22/2013 22:45:57,4/22/2013,22:45:57,1.70,9.72,94.80,954.07,250
4/22/2013 22:46:12,4/22/2013,22:46:12,1.74,9.72,94.80,954.04,256
4/22/2013 22:46:27,4/22/2013,22:46:27,1.66,9.72,94.80,954.04,245
4/22/2013 22:46:42,4/22/2013,22:46:42,1.52,9.72,94.80,954.05,226
4/22/2013 22:46:57,4/22/2013,22:46:57,1.04,9.72,94.80,954.10,240
4/22/2013 22:47:12,4/22/2013,22:47:12,0.16,9.72,94.80,954.21,237
4/22/2013 22:47:27,4/22/2013,22:47:27,0.12,9.72,94.80,954.26,232
4/22/2013 22:47:42,4/22/2013,22:47:42,0.12,9.75,94.80,954.28,229
4/22/2013 22:47:57,4/22/2013,22:47:57,0.12,9.75,94.80,954.29,215
4/22/2013 22:48:12,4/22/2013,22:48:12,0.12,9.75,94.80,954.32,252
4/22/2013 22:48:27,4/22/2013,22:48:27,0.12,9.72,94.80,954.31,252
4/22/2013 22:48:42,4/22/2013,22:48:42,0.12,9.73,102.30,954.32,243
4/22/2013 22:48:57,4/22/2013,22:48:57,0.12,9.75,94.80,954.33,234
4/22/2013 22:49:12,4/22/2013,22:49:12,0.12,9.72,94.80,954.33,260
4/22/2013 22:49:27,4/22/2013,22:49:27,0.12,9.72,94.80,954.32,236
4/22/2013 22:49:42,4/22/2013,22:49:42,0.12,9.72,94.80,954.33,209
4/22/2013 22:49:57,4/22/2013,22:49:57,0.12,9.75,94.80,954.33,238
4/22/2013 22:50:12,4/22/2013,22:50:12,0.12,9.75,94.80,954.33,231
4/22/2013 22:50:27,4/22/2013,22:50:27,0.12,9.72,94.80,954.29,233
4/22/2013 22:50:42,4/22/2013,22:50:42,0.12,9.72,94.80,954.27,219
4/22/2013 22:50:57,4/22/2013,22:50:57,0.12,9.75,94.80,954.25,232
4/22/2013 22:51:12,4/22/2013,22:51:12,0.12,9.72,94.80,954.24,245
4/22/2013 22:51:27,4/22/2013,22:51:27,0.12,9.72,94.80,954.24,262
4/22/2013 22:51:42,4/22/2013,22:51:42,0.12,9.72,94.80,954.21,245
4/22/2013 22:51:57,4/22/2013,22:51:57,0.12,9.75,94.80,954.19,230
4/22/2013 22:52:12,4/22/2013,22:52:12,0.12,9.72,94.80,954.18,225
4/22/2013 22:52:27,4/22/2013,22:52:27,0.12,9.72,94.80,954.16,233
4/22/2013 22:52:42,4/22/2013,22:52:42,0.12,9.75,94.80,954.16,229
4/22/2013 22:52:57,4/22/2013,22:52:57,0.12,9.75,94.80,954.17,240
4/22/2013 22:53:12,4/22/2013,22:53:12,0.12,9.75,94.80,954.18,226
4/22/2013 22:53:27,4/22/2013,22:53:27,0.12,9.75,94.80,954.18,234
4/22/2013 22:53:42,4/22/2013,22:53:42,0.12,9.72,94.80,954.20,237
4/22/2013 22:53:57,4/22/2013,22:53:57,0.12,9.75,94.80,954.21,238
4/22/2013 22:54:12,4/22/2013,22:54:12,0.12,9.72,94.80,954.21,239
4/22/2013 22:54:27,4/22/2013,22:54:27,0.12,9.75,94.80,954.24,265
4/22/2013 22:54:42,4/22/2013,22:54:42,0.12,9.75,102.30,954.25,240
4/22/2013 22:54:57,4/22/2013,22:54:57,0.12,9.75,94.80,954.26,215
4/22/2013 22:55:12,4/22/2013,22:55:12,0.12,9.75,94.80,954.27,229
4/22/2013 22:55:27,4/22/2013,22:55:27,0.12,9.75,94.80,954.27,262
4/22/2013 22:55:42,4/22/2013,22:55:42,0.12,9.75,94.80,954.27,230
4/22/2013 22:55:57,4/22/2013,22:55:57,0.12,9.75,94.80,954.28,249
4/22/2013 22:56:12,4/22/2013,22:56:12,0.12,9.75,94.80,954.27,233
4/22/2013 22:56:27,4/22/2013,22:56:27,0.12,9.75,94.80,954.28,230
4/22/2013 22:56:42,4/22/2013,22:56:42,0.12,9.75,94.80,954.29,249
4/22/2013 22:56:57,4/22/2013,22:56:57,0.12,9.75,94.80,954.31,207
4/22/2013 22:57:12,4/22/2013,22:57:12,0.12,9.75,94.80,954.29,206
4/22/2013 22:57:27,4/22/2013,22:57:27,0.12,9.75,94.80,954.28,235
4/22/2013 22:57:42,4/22/2013,22:57:42,0.12,9.75,94.80,954.28,243
4/22/2013 22:57:57,4/22/2013,22:57:57,0.12,9.75,94.80,954.29,219
4/22/2013 22:58:12,4/22/2013,22:58:12,0.12,9.75,94.80,954.31,211
4/22/2013 22:58:27,4/22/2013,22:58:27,0.12,9.75,94.80,954.31,234
4/22/2013 22:58:42,4/22/2013,22:58:42,0.12,9.75,94.80,954.32,229
4/22/2013 22:58:57,4/22/2013,22:58:57,0.12,9.75,94.80,954.33,229
4/22/2013 22:59:12,4/22/2013,22:59:12,0.12,9.75,94.80,954.35,249
4/22/2013 22:59:27,4/22/2013,22:59:27,0.12,9.75,94.80,954.36,266
4/22/2013 22:59:42,4/22/2013,22:59:42,0.12,9.75,94.80,954.39,247
4/22/2013 22:59:57,4/22/2013,22:59:57,0.12,9.75,94.80,954.39,252
4/22/2013 23:00:12,4/22/2013,23:00:12,NaN,NaN,NaN,NaN,NaN
4/22/2013 23:00:27,4/22/2013,23:00:27,NaN,NaN,NaN,NaN,NaN
4/22/2013 23:00:42,4/22/2013,23:00:42,NaN,NaN,NaN,NaN,NaN
4/22/2013 23:00:57,4/22/2013,23:00:57,NaN,NaN,NaN,NaN,NaN
4/22/2013 23:01:12,4/22/2013,23:01:12,NaN,NaN,NaN,NaN,NaN
4/22/2013 23:01:27,4/22/2013,23:01:27,NaN,NaN,NaN,NaN,NaN
4/22/2013 23:01:42,4/22/2013,23:01:42,NaN,NaN,NaN,NaN,NaN
4/22/2013 23:01:57,4/22/2013,23:01:57,NaN,NaN,NaN,NaN,NaN
4/22/2013 23:02:12,4/22/2013,23:02:12,NaN,NaN,NaN,NaN,NaN
4/22/2013 23:02:27,4/22/2013,23:02:27,NaN,NaN,NaN,NaN,NaN
4/22/2013 23:02:42,4/22/2013,23:02:42,NaN,NaN,NaN,NaN,NaN
4/22/2013 23:02:57,4/22/2013,23:02:57,NaN,NaN,NaN,NaN,NaN
4/22/2013 23:03:12,4/22/2013,23:03:12,NaN,NaN,NaN,NaN,NaN
4/22/2013 23:03:27,4/22/2013,23:03:27,NaN,NaN,NaN,NaN,NaN
4/22/2013 23:03:42,4/22/2013,23:03:42,NaN,NaN,NaN,NaN,NaN
4/22/2013 23:03:57,4/22/2013,23:03:57,NaN,NaN,NaN,NaN,NaN
4/22/2013 23:04:12,4/22/2013,23:04:12,NaN,NaN,NaN,NaN,NaN
4/22/2013 23:04:27,4/22/2013,23:04:27,NaN,NaN,NaN,NaN,NaN
4/22/2013 23:04:42,4/22/2013,23:04:42,NaN,NaN,NaN,NaN,NaN
4/22/2013 23:04:57,4/22/2013,23:04:57,NaN,NaN,NaN,NaN,NaN
4/22/2013 23:05:12,4/22/2013,23:05:12,NaN,NaN,NaN,NaN,NaN
4/22/2013 23:05:27,4/22/2013,23:05:27,NaN,NaN,NaN,NaN,NaN
4/22/2013 23:05:42,4/22/2013,23:05:42,NaN,NaN,NaN,NaN,NaN
4/22/2013 23:05:57,4/22/2013,23:05:57,NaN,NaN,NaN,NaN,NaN
4/22/2013 23:06:12,4/22/2013,23:06:12,NaN,NaN,NaN,NaN,NaN
4/22/2013 23:06:27,4/22/2013,23:06:27,NaN,NaN,NaN,NaN,NaN
4/22/2013 23:06:42,4/22/2013,23:06:42,NaN,NaN,NaN,NaN,NaN
4/22/2013 23:06:57,4/22/2013,23:06:57,NaN,NaN,NaN,NaN,NaN
4/22/2013 23:07:12,4/22/2013,23:07:12,NaN,NaN,NaN,NaN,NaN
4/22/2013 23:07:27,4/22/2013,23:07:27,NaN,NaN,NaN,NaN,NaN
4/22/2013 23:07:42,4/22/2013,23:07:42,NaN,NaN,NaN,NaN,NaN
4/22/2013 23:07:57,4/22/2013,23:07:57,NaN,NaN,NaN,NaN,NaN
4/22/2013 23:08:12,4/22/2013,23:08:12,NaN,NaN,NaN,NaN,NaN
4/22/2013 23:08:27,4/22/2013,23:08:27,NaN,NaN,NaN,NaN,NaN
4/22/2013 23:08:42,4/22/2013,23:08:42,NaN,NaN,NaN,NaN,NaN
4/22/2013 23:08:57,4/22/2013,23:08:57,NaN,NaN,NaN,NaN,NaN
4/22/2013 23:09:12,4/22/2013,23:09:12,NaN,NaN,NaN,NaN,NaN
4/22/2013 23:09:27,4/22/2013,23:09:27,NaN,NaN,NaN,NaN,NaN
4/22/2013 23:09:42,4/22/2013,23:09:42,NaN,NaN,NaN,NaN,NaN
4/22/2013 23:09:57,4/22/2013,23:09:57,NaN,NaN,NaN,NaN,NaN
4/22/2013 23:10:12,4/22/2013,23:10:12,NaN,NaN,NaN,NaN,NaN
4/22/2013 23:10:27,4/22/2013,23:10:27,NaN,NaN,NaN,NaN,NaN
4/22/2013 23:10:42,4/22/2013,23:10:42,NaN,NaN,NaN,NaN,NaN
4/22/2013 23:10:57,4/22/2013,23:10:57,NaN,NaN,NaN,NaN,NaN
4/22/2013 23:11:12,4/22/2013,23:11:12,NaN,NaN,NaN,NaN,NaN
4/22/2013 23:11:27,4/22/2013,23:11:27,NaN,NaN,NaN,NaN,NaN
4/22/2013 23:11:42,4/22/2013,23:11:42,NaN,NaN,NaN,NaN,NaN
4/22/2013 23:11:57,4/22/2013,23:11:57,NaN,NaN,NaN,NaN,NaN
4/22/2013 23:12:12,4/22/2013,23:12:12,NaN,NaN,NaN,NaN,NaN
4/22/2013 23:12:27,4/22/2013,23:12:27,NaN,NaN,NaN,NaN,NaN
4/22/2013 23:12:42,4/22/2013,23:12:42,NaN,NaN,NaN,NaN,NaN
4/22/2013 23:12:57,4/22/2013,23:12:57,NaN,NaN,NaN,NaN,NaN
4/22/2013 23:13:12,4/22/2013,23:13:12,NaN,NaN,NaN,NaN,NaN
4/22/2013 23:13:27,4/22/2013,23:13:27,NaN,NaN,NaN,NaN,NaN
4/22/2013 23:13:42,4/22/2013,23:13:42,NaN,NaN,NaN,NaN,NaN
4/22/2013 23:13:57,4/22/2013,23:13:57,NaN,NaN,NaN,NaN,NaN
4/22/2013 23:14:12,4/22/2013,23:14:12,NaN,NaN,NaN,NaN,NaN
4/22/2013 23:14:27,4/22/2013,23:14:27,NaN,NaN,NaN,NaN,NaN
4/22/2013 23:14:42,4/22/2013,23:14:42,NaN,NaN,NaN,NaN,NaN
4/22/2013 23:14:57,4/22/2013,23:14:57,NaN,NaN,NaN,NaN,NaN
4/22/2013 23:15:12,4/22/2013,23:15:12,NaN,NaN,NaN,NaN,NaN
4/22/2013 23:15:27,4/22/2013,23:15:27,NaN,NaN,NaN,NaN,NaN
4/22/2013 23:15:42,4/22/2013,23:15:42,NaN,NaN,NaN,NaN,NaN
4/22/2013 23:15:57,4/22/2013,23:15:57,NaN,NaN,NaN,NaN,NaN
4/22/2013 23:16:12,4/22/2013,23:16:12,NaN,NaN,NaN,NaN,NaN
4/22/2013 23:16:27,4/22/2013,23:16:27,NaN,NaN,NaN,NaN,NaN
4/22/2013 23:16:42,4/22/2013,23:16:42,NaN,NaN,NaN,NaN,NaN
4/22/2013 23:16:57,4/22/2013,23:16:57,NaN,NaN,NaN,NaN,NaN
4/22/2013 23:17:12,4/22/2013,23:17:12,NaN,NaN,NaN,NaN,NaN
4/22/2013 23:17:27,4/22/2013,23:17:27,NaN,NaN,NaN,NaN,NaN
4/22/2013 23:17:42,4/22/2013,23:17:42,NaN,NaN,NaN,NaN,NaN
4/22/2013 23:17:57,4/22/2013,23:17:57,NaN,NaN,NaN,NaN,NaN
4/22/2013 23:18:12,4/22/2013,23:18:12,NaN,NaN,NaN,NaN,NaN
4/22/2013 23:18:27,4/22/2013,23:18:27,NaN,NaN,NaN,NaN,NaN
4/22/2013 23:18:42,4/22/2013,23:18:42,NaN,NaN,NaN,NaN,NaN
4/22/2013 23:18:57,4/22/2013,23:18:57,NaN,NaN,NaN,NaN,NaN
4/22/2013 23:19:12,4/22/2013,23:19:12,NaN,NaN,NaN,NaN,NaN
4/22/2013 23:19:27,4/22/2013,23:19:27,NaN,NaN,NaN,NaN,NaN
4/22/2013 23:19:42,4/22/2013,23:19:42,NaN,NaN,NaN,NaN,NaN
4/22/2013 23:19:57,4/22/2013,23:19:57,NaN,NaN,NaN,NaN,NaN
4/22/2013 23:20:12,4/22/2013,23:20:12,NaN,NaN,NaN,NaN,NaN
4/22/2013 23:20:27,4/22/2013,23:20:27,NaN,NaN,NaN,NaN,NaN
4/22/2013 23:20:42,4/22/2013,23:20:42,NaN,NaN,NaN,NaN,NaN
4/22/2013 23:20:57,4/22/2013,23:20:57,NaN,NaN,NaN,NaN,NaN
4/22/2013 23:21:12,4/22/2013,23:21:12,NaN,NaN,NaN,NaN,NaN
4/22/2013 23:21:27,4/22/2013,23:21:27,NaN,NaN,NaN,NaN,NaN
4/22/2013 23:21:42,4/22/2013,23:21:42,NaN,NaN,NaN,NaN,NaN
4/22/2013 23:21:57,4/22/2013,23:21:57,NaN,NaN,NaN,NaN,NaN
4/22/2013 23:22:12,4/22/2013,23:22:12,NaN,NaN,NaN,NaN,NaN
4/22/2013 23:22:27,4/22/2013,23:22:27,NaN,NaN,NaN,NaN,NaN
4/22/2013 23:22:42,4/22/2013,23:22:42,NaN,NaN,NaN,NaN,NaN
4/22/2013 23:22:57,4/22/2013,23:22:57,NaN,NaN,NaN,NaN,NaN
4/22/2013 23:23:12,4/22/2013,23:23:12,NaN,NaN,NaN,NaN,NaN
4/22/2013 23:23:27,4/22/2013,23:23:27,NaN,NaN,NaN,NaN,NaN
4/22/2013 23:23:42,4/22/2013,23:23:42,NaN,NaN,NaN,NaN,NaN
4/22/2013 23:23:57,4/22/2013,23:23:57,NaN,NaN,NaN,NaN,NaN
4/22/2013 23:24:12,4/22/2013,23:24:12,NaN,NaN,NaN,NaN,NaN
4/22/2013 23:24:27,4/22/2013,23:24:27,NaN,NaN,NaN,NaN,NaN
4/22/2013 23:24:42,4/22/2013,23:24:42,NaN,NaN,NaN,NaN,NaN
4/22/2013 23:24:57,4/22/2013,23:24:57,NaN,NaN,NaN,NaN,NaN
4/22/2013 23:25:12,4/22/2013,23:25:12,NaN,NaN,NaN,NaN,NaN
4/22/2013 23:25:27,4/22/2013,23:25:27,NaN,NaN,NaN,NaN,NaN
4/22/2013 23:25:42,4/22/2013,23:25:42,NaN,NaN,NaN,NaN,NaN
4/22/2013 23:25:57,4/22/2013,23:25:57,NaN,NaN,NaN,NaN,NaN
4/22/2013 23:26:12,4/22/2013,23:26:12,NaN,NaN,NaN,NaN,NaN
4/22/2013 23:26:27,4/22/2013,23:26:27,NaN,NaN,NaN,NaN,NaN
4/22/2013 23:26:42,4/22/2013,23:26:42,NaN,NaN,NaN,NaN,NaN
4/22/2013 23:26:57,4/22/2013,23:26:57,NaN,NaN,NaN,NaN,NaN
4/22/2013 23:27:12,4/22/2013,23:27:12,NaN,NaN,NaN,NaN,NaN
4/22/2013 23:27:27,4/22/2013,23:27:27,NaN,NaN,NaN,NaN,NaN
4/22/2013 23:27:42,4/22/2013,23:27:42,NaN,NaN,NaN,NaN,NaN
4/22/2013 23:27:57,4/22/2013,23:27:57,NaN,NaN,NaN,NaN,NaN
4/22/2013 23:28:12,4/22/2013,23:28:12,NaN,NaN,NaN,NaN,NaN
4/22/2013 23:28:27,4/22/2013,23:28:27,NaN,NaN,NaN,NaN,NaN
4/22/2013 23:28:42,4/22/2013,23:28:42,NaN,NaN,NaN,NaN,NaN
4/22/2013 23:28:57,4/22/2013,23:28:57,NaN,NaN,NaN,NaN,NaN
4/22/2013 23:29:12,4/22/2013,23:29:12,NaN,NaN,NaN,NaN,NaN
4/22/2013 23:29:27,4/22/2013,23:29:27,NaN,NaN,NaN,NaN,NaN
4/22/2013 23:29:42,4/22/2013,23:29:42,NaN,NaN,NaN,NaN,NaN
4/22/2013 23:29:57,4/22/2013,23:29:57,NaN,NaN,NaN,NaN,NaN
4/22/2013 23:30:12,4/22/2013,23:30:12,NaN,NaN,NaN,NaN,NaN
4/22/2013 23:30:27,4/22/2013,23:30:27,NaN,NaN,NaN,NaN,NaN
4/22/2013 23:30:42,4/22/2013,23:30:42,NaN,NaN,NaN,NaN,NaN
4/22/2013 23:30:57,4/22/2013,23:30:57,NaN,NaN,NaN,NaN,NaN
4/22/2013 23:31:12,4/22/2013,23:31:12,NaN,NaN,NaN,NaN,NaN
4/22/2013 23:31:27,4/22/2013,23:31:27,NaN,NaN,NaN,NaN,NaN
4/22/2013 23:31:42,4/22/2013,23:31:42,NaN,NaN,NaN,NaN,NaN
4/22/2013 23:31:57,4/22/2013,23:31:57,NaN,NaN,NaN,NaN,NaN
4/22/2013 23:32:12,4/22/2013,23:32:12,NaN,NaN,NaN,NaN,NaN
4/22/2013 23:32:27,4/22/2013,23:32:27,NaN,NaN,NaN,NaN,NaN
4/22/2013 23:32:42,4/22/2013,23:32:42,NaN,NaN,NaN,NaN,NaN
4/22/2013 23:32:57,4/22/2013,23:32:57,NaN,NaN,NaN,NaN,NaN
4/22/2013 23:33:12,4/22/2013,23:33:12,NaN,NaN,NaN,NaN,NaN
4/22/2013 23:33:27,4/22/2013,23:33:27,NaN,NaN,NaN,NaN,NaN
4/22/2013 23:33:42,4/22/2013,23:33:42,NaN,NaN,NaN,NaN,NaN
4/22/2013 23:33:57,4/22/2013,23:33:57,NaN,NaN,NaN,NaN,NaN
4/22/2013 23:34:12,4/22/2013,23:34:12,NaN,NaN,NaN,NaN,NaN
4/22/2013 23:34:27,4/22/2013,23:34:27,NaN,NaN,NaN,NaN,NaN
4/22/2013 23:34:42,4/22/2013,23:34:42,NaN,NaN,NaN,NaN,NaN
4/22/2013 23:34:57,4/22/2013,23:34:57,NaN,NaN,NaN,NaN,NaN
4/22/2013 23:35:12,4/22/2013,23:35:12,NaN,NaN,NaN,NaN,NaN
4/22/2013 23:35:27,4/22/2013,23:35:27,NaN,NaN,NaN,NaN,NaN
4/22/2013 23:35:42,4/22/2013,23:35:42,NaN,NaN,NaN,NaN,NaN
4/22/2013 23:35:57,4/22/2013,23:35:57,NaN,NaN,NaN,NaN,NaN
4/22/2013 23:36:12,4/22/2013,23:36:12,NaN,NaN,NaN,NaN,NaN
4/22/2013 23:36:27,4/22/2013,23:36:27,NaN,NaN,NaN,NaN,NaN
4/22/2013 23:36:42,4/22/2013,23:36:42,NaN,NaN,NaN,NaN,NaN
4/22/2013 23:36:57,4/22/2013,23:36:57,NaN,NaN,NaN,NaN,NaN
4/22/2013 23:37:12,4/22/2013,23:37:12,NaN,NaN,NaN,NaN,NaN
4/22/2013 23:37:27,4/22/2013,23:37:27,NaN,NaN,NaN,NaN,NaN
4/22/2013 23:37:42,4/22/2013,23:37:42,NaN,NaN,NaN,NaN,NaN
4/22/2013 23:37:57,4/22/2013,23:37:57,NaN,NaN,NaN,NaN,NaN
4/22/2013 23:38:12,4/22/2013,23:38:12,NaN,NaN,NaN,NaN,NaN
4/22/2013 23:38:27,4/22/2013,23:38:27,NaN,NaN,NaN,NaN,NaN
4/22/2013 23:38:42,4/22/2013,23:38:42,NaN,NaN,NaN,NaN,NaN
4/22/2013 23:38:57,4/22/2013,23:38:57,NaN,NaN,NaN,NaN,NaN
4/22/2013 23:39:12,4/22/2013,23:39:12,NaN,NaN,NaN,NaN,NaN
4/22/2013 23:39:27,4/22/2013,23:39:27,NaN,NaN,NaN,NaN,NaN
4/22/2013 23:39:42,4/22/2013,23:39:42,NaN,NaN,NaN,NaN,NaN
4/22/2013 23:39:57,4/22/2013,23:39:57,NaN,NaN,NaN,NaN,NaN
4/22/2013 23:40:12,4/22/2013,23:40:12,NaN,NaN,NaN,NaN,NaN
4/22/2013 23:40:27,4/22/2013,23:40:27,NaN,NaN,NaN,NaN,NaN
4/22/2013 23:40:42,4/22/2013,23:40:42,NaN,NaN,NaN,NaN,NaN
4/22/2013 23:40:57,4/22/2013,23:40:57,NaN,NaN,NaN,NaN,NaN
4/22/2013 23:41:12,4/22/2013,23:41:12,NaN,NaN,NaN,NaN,NaN
4/22/2013 23:41:27,4/22/2013,23:41:27,NaN,NaN,NaN,NaN,NaN
4/22/2013 23:41:42,4/22/2013,23:41:42,NaN,NaN,NaN,NaN,NaN
4/22/2013 23:41:57,4/22/2013,23:41:57,NaN,NaN,NaN,NaN,NaN
4/22/2013 23:42:12,4/22/2013,23:42:12,NaN,NaN,NaN,NaN,NaN
4/22/2013 23:42:27,4/22/2013,23:42:27,NaN,NaN,NaN,NaN,NaN
4/22/2013 23:42:42,4/22/2013,23:42:42,NaN,NaN,NaN,NaN,NaN
4/22/2013 23:42:57,4/22/2013,23:42:57,NaN,NaN,NaN,NaN,NaN
4/22/2013 23:43:12,4/22/2013,23:43:12,NaN,NaN,NaN,NaN,NaN
4/22/2013 23:43:27,4/22/2013,23:43:27,NaN,NaN,NaN,NaN,NaN
4/22/2013 23:43:42,4/22/2013,23:43:42,NaN,NaN,NaN,NaN,NaN
4/22/2013 23:43:57,4/22/2013,23:43:57,NaN,NaN,NaN,NaN,NaN
4/22/2013 23:44:12,4/22/2013,23:44:12,NaN,NaN,NaN,NaN,NaN
4/22/2013 23:44:27,4/22/2013,23:44:27,NaN,NaN,NaN,NaN,NaN
4/22/2013 23:44:42,4/22/2013,23:44:42,NaN,NaN,NaN,NaN,NaN
4/22/2013 23:44:57,4/22/2013,23:44:57,NaN,NaN,NaN,NaN,NaN
4/22/2013 23:45:12,4/22/2013,23:45:12,NaN,NaN,NaN,NaN,NaN
4/22/2013 23:45:27,4/22/2013,23:45:27,NaN,NaN,NaN,NaN,NaN
4/22/2013 23:45:42,4/22/2013,23:45:42,NaN,NaN,NaN,NaN,NaN
4/22/2013 23:45:57,4/22/2013,23:45:57,NaN,NaN,NaN,NaN,NaN
4/22/2013 23:46:12,4/22/2013,23:46:12,NaN,NaN,NaN,NaN,NaN
4/22/2013 23:46:27,4/22/2013,23:46:27,NaN,NaN,NaN,NaN,NaN
4/22/2013 23:46:42,4/22/2013,23:46:42,NaN,NaN,NaN,NaN,NaN
4/22/2013 23:46:57,4/22/2013,23:46:57,NaN,NaN,NaN,NaN,NaN
4/22/2013 23:47:12,4/22/2013,23:47:12,NaN,NaN,NaN,NaN,NaN
4/22/2013 23:47:27,4/22/2013,23:47:27,NaN,NaN,NaN,NaN,NaN
4/22/2013 23:47:42,4/22/2013,23:47:42,NaN,NaN,NaN,NaN,NaN
4/22/2013 23:47:57,4/22/2013,23:47:57,NaN,NaN,NaN,NaN,NaN
4/22/2013 23:48:12,4/22/2013,23:48:12,NaN,NaN,NaN,NaN,NaN
4/22/2013 23:48:27,4/22/2013,23:48:27,NaN,NaN,NaN,NaN,NaN
4/22/2013 23:48:42,4/22/2013,23:48:42,NaN,NaN,NaN,NaN,NaN
4/22/2013 23:48:57,4/22/2013,23:48:57,NaN,NaN,NaN,NaN,NaN
4/22/2013 23:49:12,4/22/2013,23:49:12,NaN,NaN,NaN,NaN,NaN
4/22/2013 23:49:27,4/22/2013,23:49:27,NaN,NaN,NaN,NaN,NaN
4/22/2013 23:49:42,4/22/2013,23:49:42,NaN,NaN,NaN,NaN,NaN
4/22/2013 23:49:57,4/22/2013,23:49:57,NaN,NaN,NaN,NaN,NaN
4/22/2013 23:50:12,4/22/2013,23:50:12,NaN,NaN,NaN,NaN,NaN
4/22/2013 23:50:27,4/22/2013,23:50:27,NaN,NaN,NaN,NaN,NaN
4/22/2013 23:50:42,4/22/2013,23:50:42,NaN,NaN,NaN,NaN,NaN
4/22/2013 23:50:57,4/22/2013,23:50:57,NaN,NaN,NaN,NaN,NaN
4/22/2013 23:51:12,4/22/2013,23:51:12,NaN,NaN,NaN,NaN,NaN
4/22/2013 23:51:27,4/22/2013,23:51:27,NaN,NaN,NaN,NaN,NaN
4/22/2013 23:51:42,4/22/2013,23:51:42,NaN,NaN,NaN,NaN,NaN
4/22/2013 23:51:57,4/22/2013,23:51:57,NaN,NaN,NaN,NaN,NaN
4/22/2013 23:52:12,4/22/2013,23:52:12,NaN,NaN,NaN,NaN,NaN
4/22/2013 23:52:27,4/22/2013,23:52:27,NaN,NaN,NaN,NaN,NaN
4/22/2013 23:52:42,4/22/2013,23:52:42,NaN,NaN,NaN,NaN,NaN
4/22/2013 23:52:57,4/22/2013,23:52:57,NaN,NaN,NaN,NaN,NaN
4/22/2013 23:53:12,4/22/2013,23:53:12,NaN,NaN,NaN,NaN,NaN
4/22/2013 23:53:27,4/22/2013,23:53:27,NaN,NaN,NaN,NaN,NaN
4/22/2013 23:53:42,4/22/2013,23:53:42,NaN,NaN,NaN,NaN,NaN
4/22/2013 23:53:57,4/22/2013,23:53:57,NaN,NaN,NaN,NaN,NaN
4/22/2013 23:54:12,4/22/2013,23:54:12,NaN,NaN,NaN,NaN,NaN
4/22/2013 23:54:27,4/22/2013,23:54:27,NaN,NaN,NaN,NaN,NaN
4/22/2013 23:54:42,4/22/2013,23:54:42,NaN,NaN,NaN,NaN,NaN
4/22/2013 23:54:57,4/22/2013,23:54:57,NaN,NaN,NaN,NaN,NaN
4/22/2013 23:55:12,4/22/2013,23:55:12,NaN,NaN,NaN,NaN,NaN
4/22/2013 23:55:27,4/22/2013,23:55:27,NaN,NaN,NaN,NaN,NaN
4/22/2013 23:55:42,4/22/2013,23:55:42,NaN,NaN,NaN,NaN,NaN
4/22/2013 23:55:57,4/22/2013,23:55:57,NaN,NaN,NaN,NaN,NaN
4/22/2013 23:56:12,4/22/2013,23:56:12,NaN,NaN,NaN,NaN,NaN
4/22/2013 23:56:27,4/22/2013,23:56:27,NaN,NaN,NaN,NaN,NaN
4/22/2013 23:56:42,4/22/2013,23:56:42,NaN,NaN,NaN,NaN,NaN
4/22/2013 23:56:57,4/22/2013,23:56:57,NaN,NaN,NaN,NaN,NaN
4/22/2013 23:57:12,4/22/2013,23:57:12,NaN,NaN,NaN,NaN,NaN
4/22/2013 23:57:27,4/22/2013,23:57:27,NaN,NaN,NaN,NaN,NaN
4/22/2013 23:57:42,4/22/2013,23:57:42,NaN,NaN,NaN,NaN,NaN
4/22/2013 23:57:57,4/22/2013,23:57:57,NaN,NaN,NaN,NaN,NaN
4/22/2013 23:58:12,4/22/2013,23:58:12,NaN,NaN,NaN,NaN,NaN
4/22/2013 23:58:27,4/22/2013,23:58:27,NaN,NaN,NaN,NaN,NaN
4/22/2013 23:58:42,4/22/2013,23:58:42,NaN,NaN,NaN,NaN,NaN
4/22/2013 23:58:57,4/22/2013,23:58:57,NaN,NaN,NaN,NaN,NaN
4/22/2013 23:59:12,4/22/2013,23:59:12,NaN,NaN,NaN,NaN,NaN
4/22/2013 23:59:27,4/22/2013,23:59:27,NaN,NaN,NaN,NaN,NaN
4/22/2013 23:59:42,4/22/2013,23:59:42,NaN,NaN,NaN,NaN,NaN
4/22/2013 23:59:57,4/22/2013,23:59:57,NaN,NaN,NaN,NaN,NaN
4/23/2013 00:00:12,4/23/2013,00:00:12,NaN,NaN,NaN,NaN,NaN
4/23/2013 00:00:27,4/23/2013,00:00:27,NaN,NaN,NaN,NaN,NaN
4/23/2013 00:00:42,4/23/2013,00:00:42,NaN,NaN,NaN,NaN,NaN
4/23/2013 00:00:57,4/23/2013,00:00:57,NaN,NaN,NaN,NaN,NaN
4/23/2013 00:01:12,4/23/2013,00:01:12,NaN,NaN,NaN,NaN,NaN
4/23/2013 00:01:27,4/23/2013,00:01:27,NaN,NaN,NaN,NaN,NaN
4/23/2013 00:01:42,4/23/2013,00:01:42,NaN,NaN,NaN,NaN,NaN
4/23/2013 00:01:57,4/23/2013,00:01:57,NaN,NaN,NaN,NaN,NaN
4/23/2013 00:02:12,4/23/2013,00:02:12,NaN,NaN,NaN,NaN,NaN
4/23/2013 00:02:27,4/23/2013,00:02:27,NaN,NaN,NaN,NaN,NaN
4/23/2013 00:02:42,4/23/2013,00:02:42,NaN,NaN,NaN,NaN,NaN
4/23/2013 00:02:57,4/23/2013,00:02:57,NaN,NaN,NaN,NaN,NaN
4/23/2013 00:03:12,4/23/2013,00:03:12,NaN,NaN,NaN,NaN,NaN
4/23/2013 00:03:27,4/23/2013,00:03:27,NaN,NaN,NaN,NaN,NaN
4/23/2013 00:03:42,4/23/2013,00:03:42,NaN,NaN,NaN,NaN,NaN
4/23/2013 00:03:57,4/23/2013,00:03:57,NaN,NaN,NaN,NaN,NaN
4/23/2013 00:04:12,4/23/2013,00:04:12,NaN,NaN,NaN,NaN,NaN
4/23/2013 00:04:27,4/23/2013,00:04:27,NaN,NaN,NaN,NaN,NaN
4/23/2013 00:04:42,4/23/2013,00:04:42,NaN,NaN,NaN,NaN,NaN
4/23/2013 00:04:57,4/23/2013,00:04:57,NaN,NaN,NaN,NaN,NaN
4/23/2013 00:05:12,4/23/2013,00:05:12,NaN,NaN,NaN,NaN,NaN
4/23/2013 00:05:27,4/23/2013,00:05:27,NaN,NaN,NaN,NaN,NaN
4/23/2013 00:05:42,4/23/2013,00:05:42,NaN,NaN,NaN,NaN,NaN
4/23/2013 00:05:57,4/23/2013,00:05:57,NaN,NaN,NaN,NaN,NaN
4/23/2013 00:06:12,4/23/2013,00:06:12,NaN,NaN,NaN,NaN,NaN
4/23/2013 00:06:27,4/23/2013,00:06:27,NaN,NaN,NaN,NaN,NaN
4/23/2013 00:06:42,4/23/2013,00:06:42,NaN,NaN,NaN,NaN,NaN
4/23/2013 00:06:57,4/23/2013,00:06:57,NaN,NaN,NaN,NaN,NaN
4/23/2013 00:07:12,4/23/2013,00:07:12,NaN,NaN,NaN,NaN,NaN
4/23/2013 00:07:27,4/23/2013,00:07:27,NaN,NaN,NaN,NaN,NaN
4/23/2013 00:07:42,4/23/2013,00:07:42,NaN,NaN,NaN,NaN,NaN
4/23/2013 00:07:57,4/23/2013,00:07:57,NaN,NaN,NaN,NaN,NaN
4/23/2013 00:08:12,4/23/2013,00:08:12,NaN,NaN,NaN,NaN,NaN
4/23/2013 00:08:27,4/23/2013,00:08:27,NaN,NaN,NaN,NaN,NaN
4/23/2013 00:08:42,4/23/2013,00:08:42,NaN,NaN,NaN,NaN,NaN
4/23/2013 00:08:57,4/23/2013,00:08:57,NaN,NaN,NaN,NaN,NaN
4/23/2013 00:09:12,4/23/2013,00:09:12,NaN,NaN,NaN,NaN,NaN
4/23/2013 00:09:27,4/23/2013,00:09:27,NaN,NaN,NaN,NaN,NaN
4/23/2013 00:09:42,4/23/2013,00:09:42,NaN,NaN,NaN,NaN,NaN
4/23/2013 00:09:57,4/23/2013,00:09:57,NaN,NaN,NaN,NaN,NaN
4/23/2013 00:10:12,4/23/2013,00:10:12,NaN,NaN,NaN,NaN,NaN
4/23/2013 00:10:27,4/23/2013,00:10:27,NaN,NaN,NaN,NaN,NaN
4/23/2013 00:10:42,4/23/2013,00:10:42,NaN,NaN,NaN,NaN,NaN
4/23/2013 00:10:57,4/23/2013,00:10:57,NaN,NaN,NaN,NaN,NaN
4/23/2013 00:11:12,4/23/2013,00:11:12,NaN,NaN,NaN,NaN,NaN
4/23/2013 00:11:27,4/23/2013,00:11:27,NaN,NaN,NaN,NaN,NaN
4/23/2013 00:11:42,4/23/2013,00:11:42,NaN,NaN,NaN,NaN,NaN
4/23/2013 00:11:57,4/23/2013,00:11:57,NaN,NaN,NaN,NaN,NaN
4/23/2013 00:12:12,4/23/2013,00:12:12,NaN,NaN,NaN,NaN,NaN
4/23/2013 00:12:27,4/23/2013,00:12:27,NaN,NaN,NaN,NaN,NaN
4/23/2013 00:12:42,4/23/2013,00:12:42,NaN,NaN,NaN,NaN,NaN
4/23/2013 00:12:57,4/23/2013,00:12:57,NaN,NaN,NaN,NaN,NaN
4/23/2013 00:13:12,4/23/2013,00:13:12,NaN,NaN,NaN,NaN,NaN
4/23/2013 00:13:27,4/23/2013,00:13:27,NaN,NaN,NaN,NaN,NaN
4/23/2013 00:13:42,4/23/2013,00:13:42,NaN,NaN,NaN,NaN,NaN
4/23/2013 00:13:57,4/23/2013,00:13:57,NaN,NaN,NaN,NaN,NaN
4/23/2013 00:14:12,4/23/2013,00:14:12,NaN,NaN,NaN,NaN,NaN
4/23/2013 00:14:27,4/23/2013,00:14:27,NaN,NaN,NaN,NaN,NaN
4/23/2013 00:14:42,4/23/2013,00:14:42,NaN,NaN,NaN,NaN,NaN
4/23/2013 00:14:57,4/23/2013,00:14:57,NaN,NaN,NaN,NaN,NaN
4/23/2013 00:15:12,4/23/2013,00:15:12,NaN,NaN,NaN,NaN,NaN
4/23/2013 00:15:27,4/23/2013,00:15:27,NaN,NaN,NaN,NaN,NaN
4/23/2013 00:15:42,4/23/2013,00:15:42,NaN,NaN,NaN,NaN,NaN
4/23/2013 00:15:57,4/23/2013,00:15:57,NaN,NaN,NaN,NaN,NaN
4/23/2013 00:16:12,4/23/2013,00:16:12,NaN,NaN,NaN,NaN,NaN
4/23/2013 00:16:27,4/23/2013,00:16:27,NaN,NaN,NaN,NaN,NaN
4/23/2013 00:16:42,4/23/2013,00:16:42,NaN,NaN,NaN,NaN,NaN
4/23/2013 00:16:57,4/23/2013,00:16:57,NaN,NaN,NaN,NaN,NaN
4/23/2013 00:17:12,4/23/2013,00:17:12,NaN,NaN,NaN,NaN,NaN
4/23/2013 00:17:27,4/23/2013,00:17:27,NaN,NaN,NaN,NaN,NaN
4/23/2013 00:17:42,4/23/2013,00:17:42,NaN,NaN,NaN,NaN,NaN
4/23/2013 00:17:57,4/23/2013,00:17:57,NaN,NaN,NaN,NaN,NaN
4/23/2013 00:18:12,4/23/2013,00:18:12,NaN,NaN,NaN,NaN,NaN
4/23/2013 00:18:27,4/23/2013,00:18:27,NaN,NaN,NaN,NaN,NaN
4/23/2013 00:18:42,4/23/2013,00:18:42,NaN,NaN,NaN,NaN,NaN
4/23/2013 00:18:57,4/23/2013,00:18:57,NaN,NaN,NaN,NaN,NaN
4/23/2013 00:19:12,4/23/2013,00:19:12,NaN,NaN,NaN,NaN,NaN
4/23/2013 00:19:27,4/23/2013,00:19:27,NaN,NaN,NaN,NaN,NaN
4/23/2013 00:19:42,4/23/2013,00:19:42,NaN,NaN,NaN,NaN,NaN
4/23/2013 00:19:57,4/23/2013,00:19:57,NaN,NaN,NaN,NaN,NaN
4/23/2013 00:20:12,4/23/2013,00:20:12,NaN,NaN,NaN,NaN,NaN
4/23/2013 00:20:27,4/23/2013,00:20:27,NaN,NaN,NaN,NaN,NaN
4/23/2013 00:20:42,4/23/2013,00:20:42,NaN,NaN,NaN,NaN,NaN
4/23/2013 00:20:57,4/23/2013,00:20:57,NaN,NaN,NaN,NaN,NaN
4/23/2013 00:21:12,4/23/2013,00:21:12,NaN,NaN,NaN,NaN,NaN
4/23/2013 00:21:27,4/23/2013,00:21:27,NaN,NaN,NaN,NaN,NaN
4/23/2013 00:21:42,4/23/2013,00:21:42,NaN,NaN,NaN,NaN,NaN
4/23/2013 00:21:57,4/23/2013,00:21:57,NaN,NaN,NaN,NaN,NaN
4/23/2013 00:22:12,4/23/2013,00:22:12,NaN,NaN,NaN,NaN,NaN
4/23/2013 00:22:27,4/23/2013,00:22:27,NaN,NaN,NaN,NaN,NaN
4/23/2013 00:22:42,4/23/2013,00:22:42,NaN,NaN,NaN,NaN,NaN
4/23/2013 00:22:57,4/23/2013,00:22:57,NaN,NaN,NaN,NaN,NaN
4/23/2013 00:23:12,4/23/2013,00:23:12,NaN,NaN,NaN,NaN,NaN
4/23/2013 00:23:27,4/23/2013,00:23:27,NaN,NaN,NaN,NaN,NaN
4/23/2013 00:23:42,4/23/2013,00:23:42,NaN,NaN,NaN,NaN,NaN
4/23/2013 00:23:57,4/23/2013,00:23:57,NaN,NaN,NaN,NaN,NaN
4/23/2013 00:24:12,4/23/2013,00:24:12,NaN,NaN,NaN,NaN,NaN
4/23/2013 00:24:27,4/23/2013,00:24:27,NaN,NaN,NaN,NaN,NaN
4/23/2013 00:24:42,4/23/2013,00:24:42,NaN,NaN,NaN,NaN,NaN
4/23/2013 00:24:57,4/23/2013,00:24:57,NaN,NaN,NaN,NaN,NaN
4/23/2013 00:25:12,4/23/2013,00:25:12,NaN,NaN,NaN,NaN,NaN
4/23/2013 00:25:27,4/23/2013,00:25:27,NaN,NaN,NaN,NaN,NaN
4/23/2013 00:25:42,4/23/2013,00:25:42,NaN,NaN,NaN,NaN,NaN
4/23/2013 00:25:57,4/23/2013,00:25:57,NaN,NaN,NaN,NaN,NaN
4/23/2013 00:26:12,4/23/2013,00:26:12,NaN,NaN,NaN,NaN,NaN
4/23/2013 00:26:27,4/23/2013,00:26:27,NaN,NaN,NaN,NaN,NaN
4/23/2013 00:26:42,4/23/2013,00:26:42,NaN,NaN,NaN,NaN,NaN
4/23/2013 00:26:57,4/23/2013,00:26:57,NaN,NaN,NaN,NaN,NaN
4/23/2013 00:27:12,4/23/2013,00:27:12,NaN,NaN,NaN,NaN,NaN
4/23/2013 00:27:27,4/23/2013,00:27:27,NaN,NaN,NaN,NaN,NaN
4/23/2013 00:27:42,4/23/2013,00:27:42,NaN,NaN,NaN,NaN,NaN
4/23/2013 00:27:57,4/23/2013,00:27:57,NaN,NaN,NaN,NaN,NaN
4/23/2013 00:28:12,4/23/2013,00:28:12,NaN,NaN,NaN,NaN,NaN
4/23/2013 00:28:27,4/23/2013,00:28:27,NaN,NaN,NaN,NaN,NaN
4/23/2013 00:28:42,4/23/2013,00:28:42,NaN,NaN,NaN,NaN,NaN
4/23/2013 00:28:57,4/23/2013,00:28:57,NaN,NaN,NaN,NaN,NaN
4/23/2013 00:29:12,4/23/2013,00:29:12,NaN,NaN,NaN,NaN,NaN
4/23/2013 00:29:27,4/23/2013,00:29:27,NaN,NaN,NaN,NaN,NaN
4/23/2013 00:29:42,4/23/2013,00:29:42,NaN,NaN,NaN,NaN,NaN
4/23/2013 00:29:57,4/23/2013,00:29:57,NaN,NaN,NaN,NaN,NaN
4/23/2013 00:30:12,4/23/2013,00:30:12,NaN,NaN,NaN,NaN,NaN
4/23/2013 00:30:27,4/23/2013,00:30:27,NaN,NaN,NaN,NaN,NaN
4/23/2013 00:30:42,4/23/2013,00:30:42,NaN,NaN,NaN,NaN,NaN
4/23/2013 00:30:57,4/23/2013,00:30:57,NaN,NaN,NaN,NaN,NaN
4/23/2013 00:31:12,4/23/2013,00:31:12,NaN,NaN,NaN,NaN,NaN
4/23/2013 00:31:27,4/23/2013,00:31:27,NaN,NaN,NaN,NaN,NaN
4/23/2013 00:31:42,4/23/2013,00:31:42,NaN,NaN,NaN,NaN,NaN
4/23/2013 00:31:57,4/23/2013,00:31:57,NaN,NaN,NaN,NaN,NaN
4/23/2013 00:32:12,4/23/2013,00:32:12,NaN,NaN,NaN,NaN,NaN
4/23/2013 00:32:27,4/23/2013,00:32:27,NaN,NaN,NaN,NaN,NaN
4/23/2013 00:32:42,4/23/2013,00:32:42,NaN,NaN,NaN,NaN,NaN
4/23/2013 00:32:57,4/23/2013,00:32:57,NaN,NaN,NaN,NaN,NaN
4/23/2013 00:33:12,4/23/2013,00:33:12,NaN,NaN,NaN,NaN,NaN
4/23/2013 00:33:27,4/23/2013,00:33:27,NaN,NaN,NaN,NaN,NaN
4/23/2013 00:33:42,4/23/2013,00:33:42,NaN,NaN,NaN,NaN,NaN
4/23/2013 00:33:57,4/23/2013,00:33:57,NaN,NaN,NaN,NaN,NaN
4/23/2013 00:34:12,4/23/2013,00:34:12,NaN,NaN,NaN,NaN,NaN
4/23/2013 00:34:27,4/23/2013,00:34:27,NaN,NaN,NaN,NaN,NaN
4/23/2013 00:34:42,4/23/2013,00:34:42,NaN,NaN,NaN,NaN,NaN
4/23/2013 00:34:57,4/23/2013,00:34:57,NaN,NaN,NaN,NaN,NaN
4/23/2013 00:35:12,4/23/2013,00:35:12,NaN,NaN,NaN,NaN,NaN
4/23/2013 00:35:27,4/23/2013,00:35:27,NaN,NaN,NaN,NaN,NaN
4/23/2013 00:35:42,4/23/2013,00:35:42,NaN,NaN,NaN,NaN,NaN
4/23/2013 00:35:57,4/23/2013,00:35:57,NaN,NaN,NaN,NaN,NaN
4/23/2013 00:36:12,4/23/2013,00:36:12,NaN,NaN,NaN,NaN,NaN
4/23/2013 00:36:27,4/23/2013,00:36:27,NaN,NaN,NaN,NaN,NaN
4/23/2013 00:36:42,4/23/2013,00:36:42,NaN,NaN,NaN,NaN,NaN
4/23/2013 00:36:57,4/23/2013,00:36:57,NaN,NaN,NaN,NaN,NaN
4/23/2013 00:37:12,4/23/2013,00:37:12,NaN,NaN,NaN,NaN,NaN
4/23/2013 00:37:27,4/23/2013,00:37:27,NaN,NaN,NaN,NaN,NaN
4/23/2013 00:37:42,4/23/2013,00:37:42,NaN,NaN,NaN,NaN,NaN
4/23/2013 00:37:57,4/23/2013,00:37:57,NaN,NaN,NaN,NaN,NaN
4/23/2013 00:38:12,4/23/2013,00:38:12,NaN,NaN,NaN,NaN,NaN
4/23/2013 00:38:27,4/23/2013,00:38:27,NaN,NaN,NaN,NaN,NaN
4/23/2013 00:38:42,4/23/2013,00:38:42,NaN,NaN,NaN,NaN,NaN
4/23/2013 00:38:57,4/23/2013,00:38:57,NaN,NaN,NaN,NaN,NaN
4/23/2013 00:39:12,4/23/2013,00:39:12,NaN,NaN,NaN,NaN,NaN
4/23/2013 00:39:27,4/23/2013,00:39:27,NaN,NaN,NaN,NaN,NaN
4/23/2013 00:39:42,4/23/2013,00:39:42,NaN,NaN,NaN,NaN,NaN
4/23/2013 00:39:57,4/23/2013,00:39:57,NaN,NaN,NaN,NaN,NaN
4/23/2013 00:40:12,4/23/2013,00:40:12,NaN,NaN,NaN,NaN,NaN
4/23/2013 00:40:27,4/23/2013,00:40:27,NaN,NaN,NaN,NaN,NaN
4/23/2013 00:40:42,4/23/2013,00:40:42,NaN,NaN,NaN,NaN,NaN
4/23/2013 00:40:57,4/23/2013,00:40:57,NaN,NaN,NaN,NaN,NaN
4/23/2013 00:41:12,4/23/2013,00:41:12,NaN,NaN,NaN,NaN,NaN
4/23/2013 00:41:27,4/23/2013,00:41:27,NaN,NaN,NaN,NaN,NaN
4/23/2013 00:41:42,4/23/2013,00:41:42,NaN,NaN,NaN,NaN,NaN
4/23/2013 00:41:57,4/23/2013,00:41:57,NaN,NaN,NaN,NaN,NaN
4/23/2013 00:42:12,4/23/2013,00:42:12,NaN,NaN,NaN,NaN,NaN
4/23/2013 00:42:27,4/23/2013,00:42:27,NaN,NaN,NaN,NaN,NaN
4/23/2013 00:42:42,4/23/2013,00:42:42,NaN,NaN,NaN,NaN,NaN
4/23/2013 00:42:57,4/23/2013,00:42:57,NaN,NaN,NaN,NaN,NaN
4/23/2013 00:43:12,4/23/2013,00:43:12,NaN,NaN,NaN,NaN,NaN
4/23/2013 00:43:27,4/23/2013,00:43:27,NaN,NaN,NaN,NaN,NaN
4/23/2013 00:43:42,4/23/2013,00:43:42,NaN,NaN,NaN,NaN,NaN
4/23/2013 00:43:57,4/23/2013,00:43:57,NaN,NaN,NaN,NaN,NaN
4/23/2013 00:44:12,4/23/2013,00:44:12,NaN,NaN,NaN,NaN,NaN
4/23/2013 00:44:27,4/23/2013,00:44:27,NaN,NaN,NaN,NaN,NaN
4/23/2013 00:44:42,4/23/2013,00:44:42,NaN,NaN,NaN,NaN,NaN
4/23/2013 00:44:57,4/23/2013,00:44:57,NaN,NaN,NaN,NaN,NaN
4/23/2013 00:45:12,4/23/2013,00:45:12,NaN,NaN,NaN,NaN,NaN
4/23/2013 00:45:27,4/23/2013,00:45:27,NaN,NaN,NaN,NaN,NaN
4/23/2013 00:45:42,4/23/2013,00:45:42,NaN,NaN,NaN,NaN,NaN
4/23/2013 00:45:57,4/23/2013,00:45:57,NaN,NaN,NaN,NaN,NaN
4/23/2013 00:46:12,4/23/2013,00:46:12,NaN,NaN,NaN,NaN,NaN
4/23/2013 00:46:27,4/23/2013,00:46:27,NaN,NaN,NaN,NaN,NaN
4/23/2013 00:46:42,4/23/2013,00:46:42,NaN,NaN,NaN,NaN,NaN
4/23/2013 00:46:57,4/23/2013,00:46:57,NaN,NaN,NaN,NaN,NaN
4/23/2013 00:47:12,4/23/2013,00:47:12,NaN,NaN,NaN,NaN,NaN
4/23/2013 00:47:27,4/23/2013,00:47:27,NaN,NaN,NaN,NaN,NaN
4/23/2013 00:47:42,4/23/2013,00:47:42,NaN,NaN,NaN,NaN,NaN
4/23/2013 00:47:57,4/23/2013,00:47:57,NaN,NaN,NaN,NaN,NaN
4/23/2013 00:48:12,4/23/2013,00:48:12,NaN,NaN,NaN,NaN,NaN
4/23/2013 00:48:27,4/23/2013,00:48:27,NaN,NaN,NaN,NaN,NaN
4/23/2013 00:48:42,4/23/2013,00:48:42,NaN,NaN,NaN,NaN,NaN
4/23/2013 00:48:57,4/23/2013,00:48:57,NaN,NaN,NaN,NaN,NaN
4/23/2013 00:49:12,4/23/2013,00:49:12,NaN,NaN,NaN,NaN,NaN
4/23/2013 00:49:27,4/23/2013,00:49:27,NaN,NaN,NaN,NaN,NaN
4/23/2013 00:49:42,4/23/2013,00:49:42,NaN,NaN,NaN,NaN,NaN
4/23/2013 00:49:57,4/23/2013,00:49:57,NaN,NaN,NaN,NaN,NaN
4/23/2013 00:50:12,4/23/2013,00:50:12,NaN,NaN,NaN,NaN,NaN
4/23/2013 00:50:27,4/23/2013,00:50:27,NaN,NaN,NaN,NaN,NaN
4/23/2013 00:50:42,4/23/2013,00:50:42,NaN,NaN,NaN,NaN,NaN
4/23/2013 00:50:57,4/23/2013,00:50:57,NaN,NaN,NaN,NaN,NaN
4/23/2013 00:51:12,4/23/2013,00:51:12,NaN,NaN,NaN,NaN,NaN
4/23/2013 00:51:27,4/23/2013,00:51:27,NaN,NaN,NaN,NaN,NaN
4/23/2013 00:51:42,4/23/2013,00:51:42,NaN,NaN,NaN,NaN,NaN
4/23/2013 00:51:57,4/23/2013,00:51:57,NaN,NaN,NaN,NaN,NaN
4/23/2013 00:52:12,4/23/2013,00:52:12,NaN,NaN,NaN,NaN,NaN
4/23/2013 00:52:27,4/23/2013,00:52:27,NaN,NaN,NaN,NaN,NaN
4/23/2013 00:52:42,4/23/2013,00:52:42,NaN,NaN,NaN,NaN,NaN
4/23/2013 00:52:57,4/23/2013,00:52:57,NaN,NaN,NaN,NaN,NaN
4/23/2013 00:53:12,4/23/2013,00:53:12,NaN,NaN,NaN,NaN,NaN
4/23/2013 00:53:27,4/23/2013,00:53:27,NaN,NaN,NaN,NaN,NaN
4/23/2013 00:53:42,4/23/2013,00:53:42,NaN,NaN,NaN,NaN,NaN
4/23/2013 00:53:57,4/23/2013,00:53:57,NaN,NaN,NaN,NaN,NaN
4/23/2013 00:54:12,4/23/2013,00:54:12,NaN,NaN,NaN,NaN,NaN
4/23/2013 00:54:27,4/23/2013,00:54:27,NaN,NaN,NaN,NaN,NaN
4/23/2013 00:54:42,4/23/2013,00:54:42,NaN,NaN,NaN,NaN,NaN
4/23/2013 00:54:57,4/23/2013,00:54:57,NaN,NaN,NaN,NaN,NaN
4/23/2013 00:55:12,4/23/2013,00:55:12,NaN,NaN,NaN,NaN,NaN
4/23/2013 00:55:27,4/23/2013,00:55:27,NaN,NaN,NaN,NaN,NaN
4/23/2013 00:55:42,4/23/2013,00:55:42,NaN,NaN,NaN,NaN,NaN
4/23/2013 00:55:57,4/23/2013,00:55:57,NaN,NaN,NaN,NaN,NaN
4/23/2013 00:56:12,4/23/2013,00:56:12,NaN,NaN,NaN,NaN,NaN
4/23/2013 00:56:27,4/23/2013,00:56:27,NaN,NaN,NaN,NaN,NaN
4/23/2013 00:56:42,4/23/2013,00:56:42,NaN,NaN,NaN,NaN,NaN
4/23/2013 00:56:57,4/23/2013,00:56:57,NaN,NaN,NaN,NaN,NaN
4/23/2013 00:57:12,4/23/2013,00:57:12,NaN,NaN,NaN,NaN,NaN
4/23/2013 00:57:27,4/23/2013,00:57:27,NaN,NaN,NaN,NaN,NaN
4/23/2013 00:57:42,4/23/2013,00:57:42,NaN,NaN,NaN,NaN,NaN
4/23/2013 00:57:57,4/23/2013,00:57:57,NaN,NaN,NaN,NaN,NaN
4/23/2013 00:58:12,4/23/2013,00:58:12,NaN,NaN,NaN,NaN,NaN
4/23/2013 00:58:27,4/23/2013,00:58:27,NaN,NaN,NaN,NaN,NaN
4/23/2013 00:58:42,4/23/2013,00:58:42,NaN,NaN,NaN,NaN,NaN
4/23/2013 00:58:57,4/23/2013,00:58:57,NaN,NaN,NaN,NaN,NaN
4/23/2013 00:59:12,4/23/2013,00:59:12,NaN,NaN,NaN,NaN,NaN
4/23/2013 00:59:27,4/23/2013,00:59:27,NaN,NaN,NaN,NaN,NaN
4/23/2013 00:59:42,4/23/2013,00:59:42,NaN,NaN,NaN,NaN,NaN
4/23/2013 00:59:57,4/23/2013,00:59:57,NaN,NaN,NaN,NaN,NaN
4/23/2013 01:00:12,4/23/2013,01:00:12,NaN,NaN,NaN,NaN,NaN
4/23/2013 01:00:27,4/23/2013,01:00:27,NaN,NaN,NaN,NaN,NaN
4/23/2013 01:00:42,4/23/2013,01:00:42,NaN,NaN,NaN,NaN,NaN
4/23/2013 01:00:57,4/23/2013,01:00:57,NaN,NaN,NaN,NaN,NaN
4/23/2013 01:01:12,4/23/2013,01:01:12,NaN,NaN,NaN,NaN,NaN
4/23/2013 01:01:27,4/23/2013,01:01:27,NaN,NaN,NaN,NaN,NaN
4/23/2013 01:01:42,4/23/2013,01:01:42,NaN,NaN,NaN,NaN,NaN
4/23/2013 01:01:57,4/23/2013,01:01:57,NaN,NaN,NaN,NaN,NaN
4/23/2013 01:02:12,4/23/2013,01:02:12,NaN,NaN,NaN,NaN,NaN
4/23/2013 01:02:27,4/23/2013,01:02:27,NaN,NaN,NaN,NaN,NaN
4/23/2013 01:02:42,4/23/2013,01:02:42,NaN,NaN,NaN,NaN,NaN
4/23/2013 01:02:57,4/23/2013,01:02:57,NaN,NaN,NaN,NaN,NaN
4/23/2013 01:03:12,4/23/2013,01:03:12,NaN,NaN,NaN,NaN,NaN
4/23/2013 01:03:27,4/23/2013,01:03:27,NaN,NaN,NaN,NaN,NaN
4/23/2013 01:03:42,4/23/2013,01:03:42,NaN,NaN,NaN,NaN,NaN
4/23/2013 01:03:57,4/23/2013,01:03:57,NaN,NaN,NaN,NaN,NaN
4/23/2013 01:04:12,4/23/2013,01:04:12,NaN,NaN,NaN,NaN,NaN
4/23/2013 01:04:27,4/23/2013,01:04:27,NaN,NaN,NaN,NaN,NaN
4/23/2013 01:04:42,4/23/2013,01:04:42,NaN,NaN,NaN,NaN,NaN
4/23/2013 01:04:57,4/23/2013,01:04:57,NaN,NaN,NaN,NaN,NaN
4/23/2013 01:05:12,4/23/2013,01:05:12,NaN,NaN,NaN,NaN,NaN
4/23/2013 01:05:27,4/23/2013,01:05:27,NaN,NaN,NaN,NaN,NaN
4/23/2013 01:05:42,4/23/2013,01:05:42,NaN,NaN,NaN,NaN,NaN
4/23/2013 01:05:57,4/23/2013,01:05:57,NaN,NaN,NaN,NaN,NaN
4/23/2013 01:06:12,4/23/2013,01:06:12,NaN,NaN,NaN,NaN,NaN
4/23/2013 01:06:27,4/23/2013,01:06:27,NaN,NaN,NaN,NaN,NaN
4/23/2013 01:06:42,4/23/2013,01:06:42,NaN,NaN,NaN,NaN,NaN
4/23/2013 01:06:57,4/23/2013,01:06:57,NaN,NaN,NaN,NaN,NaN
4/23/2013 01:07:12,4/23/2013,01:07:12,NaN,NaN,NaN,NaN,NaN
4/23/2013 01:07:27,4/23/2013,01:07:27,NaN,NaN,NaN,NaN,NaN
4/23/2013 01:07:42,4/23/2013,01:07:42,NaN,NaN,NaN,NaN,NaN
4/23/2013 01:07:57,4/23/2013,01:07:57,NaN,NaN,NaN,NaN,NaN
4/23/2013 01:08:12,4/23/2013,01:08:12,NaN,NaN,NaN,NaN,NaN
4/23/2013 01:08:27,4/23/2013,01:08:27,NaN,NaN,NaN,NaN,NaN
4/23/2013 01:08:42,4/23/2013,01:08:42,NaN,NaN,NaN,NaN,NaN
4/23/2013 01:08:57,4/23/2013,01:08:57,NaN,NaN,NaN,NaN,NaN
4/23/2013 01:09:12,4/23/2013,01:09:12,NaN,NaN,NaN,NaN,NaN
4/23/2013 01:09:27,4/23/2013,01:09:27,NaN,NaN,NaN,NaN,NaN
4/23/2013 01:09:42,4/23/2013,01:09:42,NaN,NaN,NaN,NaN,NaN
4/23/2013 01:09:57,4/23/2013,01:09:57,NaN,NaN,NaN,NaN,NaN
4/23/2013 01:10:12,4/23/2013,01:10:12,NaN,NaN,NaN,NaN,NaN
4/23/2013 01:10:27,4/23/2013,01:10:27,NaN,NaN,NaN,NaN,NaN
4/23/2013 01:10:42,4/23/2013,01:10:42,NaN,NaN,NaN,NaN,NaN
4/23/2013 01:10:57,4/23/2013,01:10:57,NaN,NaN,NaN,NaN,NaN
4/23/2013 01:11:12,4/23/2013,01:11:12,NaN,NaN,NaN,NaN,NaN
4/23/2013 01:11:27,4/23/2013,01:11:27,NaN,NaN,NaN,NaN,NaN
4/23/2013 01:11:42,4/23/2013,01:11:42,NaN,NaN,NaN,NaN,NaN
4/23/2013 01:11:57,4/23/2013,01:11:57,NaN,NaN,NaN,NaN,NaN
4/23/2013 01:12:12,4/23/2013,01:12:12,NaN,NaN,NaN,NaN,NaN
4/23/2013 01:12:27,4/23/2013,01:12:27,NaN,NaN,NaN,NaN,NaN
4/23/2013 01:12:42,4/23/2013,01:12:42,NaN,NaN,NaN,NaN,NaN
4/23/2013 01:12:57,4/23/2013,01:12:57,NaN,NaN,NaN,NaN,NaN
4/23/2013 01:13:12,4/23/2013,01:13:12,NaN,NaN,NaN,NaN,NaN
4/23/2013 01:13:27,4/23/2013,01:13:27,NaN,NaN,NaN,NaN,NaN
4/23/2013 01:13:42,4/23/2013,01:13:42,NaN,NaN,NaN,NaN,NaN
4/23/2013 01:13:57,4/23/2013,01:13:57,NaN,NaN,NaN,NaN,NaN
4/23/2013 01:14:12,4/23/2013,01:14:12,NaN,NaN,NaN,NaN,NaN
4/23/2013 01:14:27,4/23/2013,01:14:27,NaN,NaN,NaN,NaN,NaN
4/23/2013 01:14:42,4/23/2013,01:14:42,NaN,NaN,NaN,NaN,NaN
4/23/2013 01:14:57,4/23/2013,01:14:57,NaN,NaN,NaN,NaN,NaN
4/23/2013 01:15:12,4/23/2013,01:15:12,NaN,NaN,NaN,NaN,NaN
4/23/2013 01:15:27,4/23/2013,01:15:27,NaN,NaN,NaN,NaN,NaN
4/23/2013 01:15:42,4/23/2013,01:15:42,NaN,NaN,NaN,NaN,NaN
4/23/2013 01:15:57,4/23/2013,01:15:57,NaN,NaN,NaN,NaN,NaN
4/23/2013 01:16:12,4/23/2013,01:16:12,NaN,NaN,NaN,NaN,NaN
4/23/2013 01:16:27,4/23/2013,01:16:27,NaN,NaN,NaN,NaN,NaN
4/23/2013 01:16:42,4/23/2013,01:16:42,NaN,NaN,NaN,NaN,NaN
4/23/2013 01:16:57,4/23/2013,01:16:57,NaN,NaN,NaN,NaN,NaN
4/23/2013 01:17:12,4/23/2013,01:17:12,NaN,NaN,NaN,NaN,NaN
4/23/2013 01:17:27,4/23/2013,01:17:27,NaN,NaN,NaN,NaN,NaN
4/23/2013 01:17:42,4/23/2013,01:17:42,NaN,NaN,NaN,NaN,NaN
4/23/2013 01:17:57,4/23/2013,01:17:57,NaN,NaN,NaN,NaN,NaN
4/23/2013 01:18:12,4/23/2013,01:18:12,NaN,NaN,NaN,NaN,NaN
4/23/2013 01:18:27,4/23/2013,01:18:27,NaN,NaN,NaN,NaN,NaN
4/23/2013 01:18:42,4/23/2013,01:18:42,NaN,NaN,NaN,NaN,NaN
4/23/2013 01:18:57,4/23/2013,01:18:57,NaN,NaN,NaN,NaN,NaN
4/23/2013 01:19:12,4/23/2013,01:19:12,NaN,NaN,NaN,NaN,NaN
4/23/2013 01:19:27,4/23/2013,01:19:27,NaN,NaN,NaN,NaN,NaN
4/23/2013 01:19:42,4/23/2013,01:19:42,NaN,NaN,NaN,NaN,NaN
4/23/2013 01:19:57,4/23/2013,01:19:57,NaN,NaN,NaN,NaN,NaN
4/23/2013 01:20:12,4/23/2013,01:20:12,NaN,NaN,NaN,NaN,NaN
4/23/2013 01:20:27,4/23/2013,01:20:27,NaN,NaN,NaN,NaN,NaN
4/23/2013 01:20:42,4/23/2013,01:20:42,NaN,NaN,NaN,NaN,NaN
4/23/2013 01:20:57,4/23/2013,01:20:57,NaN,NaN,NaN,NaN,NaN
4/23/2013 01:21:12,4/23/2013,01:21:12,NaN,NaN,NaN,NaN,NaN
4/23/2013 01:21:27,4/23/2013,01:21:27,NaN,NaN,NaN,NaN,NaN
4/23/2013 01:21:42,4/23/2013,01:21:42,NaN,NaN,NaN,NaN,NaN
4/23/2013 01:21:57,4/23/2013,01:21:57,NaN,NaN,NaN,NaN,NaN
4/23/2013 01:22:12,4/23/2013,01:22:12,NaN,NaN,NaN,NaN,NaN
4/23/2013 01:22:27,4/23/2013,01:22:27,NaN,NaN,NaN,NaN,NaN
4/23/2013 01:22:42,4/23/2013,01:22:42,NaN,NaN,NaN,NaN,NaN
4/23/2013 01:22:57,4/23/2013,01:22:57,NaN,NaN,NaN,NaN,NaN
4/23/2013 01:23:12,4/23/2013,01:23:12,NaN,NaN,NaN,NaN,NaN
4/23/2013 01:23:27,4/23/2013,01:23:27,NaN,NaN,NaN,NaN,NaN
4/23/2013 01:23:42,4/23/2013,01:23:42,NaN,NaN,NaN,NaN,NaN
4/23/2013 01:23:57,4/23/2013,01:23:57,NaN,NaN,NaN,NaN,NaN
4/23/2013 01:24:12,4/23/2013,01:24:12,NaN,NaN,NaN,NaN,NaN
4/23/2013 01:24:27,4/23/2013,01:24:27,NaN,NaN,NaN,NaN,NaN
4/23/2013 01:24:42,4/23/2013,01:24:42,NaN,NaN,NaN,NaN,NaN
4/23/2013 01:24:57,4/23/2013,01:24:57,NaN,NaN,NaN,NaN,NaN
4/23/2013 01:25:12,4/23/2013,01:25:12,NaN,NaN,NaN,NaN,NaN
4/23/2013 01:25:27,4/23/2013,01:25:27,NaN,NaN,NaN,NaN,NaN
4/23/2013 01:25:42,4/23/2013,01:25:42,NaN,NaN,NaN,NaN,NaN
4/23/2013 01:25:57,4/23/2013,01:25:57,NaN,NaN,NaN,NaN,NaN
4/23/2013 01:26:12,4/23/2013,01:26:12,NaN,NaN,NaN,NaN,NaN
4/23/2013 01:26:27,4/23/2013,01:26:27,NaN,NaN,NaN,NaN,NaN
4/23/2013 01:26:42,4/23/2013,01:26:42,NaN,NaN,NaN,NaN,NaN
4/23/2013 01:26:57,4/23/2013,01:26:57,NaN,NaN,NaN,NaN,NaN
4/23/2013 01:27:12,4/23/2013,01:27:12,NaN,NaN,NaN,NaN,NaN
4/23/2013 01:27:27,4/23/2013,01:27:27,NaN,NaN,NaN,NaN,NaN
4/23/2013 01:27:42,4/23/2013,01:27:42,NaN,NaN,NaN,NaN,NaN
4/23/2013 01:27:57,4/23/2013,01:27:57,NaN,NaN,NaN,NaN,NaN
4/23/2013 01:28:12,4/23/2013,01:28:12,NaN,NaN,NaN,NaN,NaN
4/23/2013 01:28:27,4/23/2013,01:28:27,NaN,NaN,NaN,NaN,NaN
4/23/2013 01:28:42,4/23/2013,01:28:42,NaN,NaN,NaN,NaN,NaN
4/23/2013 01:28:57,4/23/2013,01:28:57,NaN,NaN,NaN,NaN,NaN
4/23/2013 01:29:12,4/23/2013,01:29:12,NaN,NaN,NaN,NaN,NaN
4/23/2013 01:29:27,4/23/2013,01:29:27,NaN,NaN,NaN,NaN,NaN
4/23/2013 01:29:42,4/23/2013,01:29:42,NaN,NaN,NaN,NaN,NaN
4/23/2013 01:29:57,4/23/2013,01:29:57,NaN,NaN,NaN,NaN,NaN
4/23/2013 01:30:12,4/23/2013,01:30:12,NaN,NaN,NaN,NaN,NaN
4/23/2013 01:30:27,4/23/2013,01:30:27,NaN,NaN,NaN,NaN,NaN
4/23/2013 01:30:42,4/23/2013,01:30:42,NaN,NaN,NaN,NaN,NaN
4/23/2013 01:30:57,4/23/2013,01:30:57,NaN,NaN,NaN,NaN,NaN
4/23/2013 01:31:12,4/23/2013,01:31:12,NaN,NaN,NaN,NaN,NaN
4/23/2013 01:31:27,4/23/2013,01:31:27,NaN,NaN,NaN,NaN,NaN
4/23/2013 01:31:42,4/23/2013,01:31:42,NaN,NaN,NaN,NaN,NaN
4/23/2013 01:31:57,4/23/2013,01:31:57,NaN,NaN,NaN,NaN,NaN
4/23/2013 01:32:12,4/23/2013,01:32:12,NaN,NaN,NaN,NaN,NaN
4/23/2013 01:32:27,4/23/2013,01:32:27,NaN,NaN,NaN,NaN,NaN
4/23/2013 01:32:42,4/23/2013,01:32:42,NaN,NaN,NaN,NaN,NaN
4/23/2013 01:32:57,4/23/2013,01:32:57,NaN,NaN,NaN,NaN,NaN
4/23/2013 01:33:12,4/23/2013,01:33:12,NaN,NaN,NaN,NaN,NaN
4/23/2013 01:33:27,4/23/2013,01:33:27,NaN,NaN,NaN,NaN,NaN
4/23/2013 01:33:42,4/23/2013,01:33:42,NaN,NaN,NaN,NaN,NaN
4/23/2013 01:33:57,4/23/2013,01:33:57,NaN,NaN,NaN,NaN,NaN
4/23/2013 01:34:12,4/23/2013,01:34:12,NaN,NaN,NaN,NaN,NaN
4/23/2013 01:34:27,4/23/2013,01:34:27,NaN,NaN,NaN,NaN,NaN
4/23/2013 01:34:42,4/23/2013,01:34:42,NaN,NaN,NaN,NaN,NaN
4/23/2013 01:34:57,4/23/2013,01:34:57,NaN,NaN,NaN,NaN,NaN
4/23/2013 01:35:12,4/23/2013,01:35:12,NaN,NaN,NaN,NaN,NaN
4/23/2013 01:35:27,4/23/2013,01:35:27,NaN,NaN,NaN,NaN,NaN
4/23/2013 01:35:42,4/23/2013,01:35:42,NaN,NaN,NaN,NaN,NaN
4/23/2013 01:35:57,4/23/2013,01:35:57,NaN,NaN,NaN,NaN,NaN
4/23/2013 01:36:12,4/23/2013,01:36:12,NaN,NaN,NaN,NaN,NaN
4/23/2013 01:36:27,4/23/2013,01:36:27,NaN,NaN,NaN,NaN,NaN
4/23/2013 01:36:42,4/23/2013,01:36:42,NaN,NaN,NaN,NaN,NaN
4/23/2013 01:36:57,4/23/2013,01:36:57,NaN,NaN,NaN,NaN,NaN
4/23/2013 01:37:12,4/23/2013,01:37:12,NaN,NaN,NaN,NaN,NaN
4/23/2013 01:37:27,4/23/2013,01:37:27,NaN,NaN,NaN,NaN,NaN
4/23/2013 01:37:42,4/23/2013,01:37:42,NaN,NaN,NaN,NaN,NaN
4/23/2013 01:37:57,4/23/2013,01:37:57,NaN,NaN,NaN,NaN,NaN
4/23/2013 01:38:12,4/23/2013,01:38:12,NaN,NaN,NaN,NaN,NaN
4/23/2013 01:38:27,4/23/2013,01:38:27,NaN,NaN,NaN,NaN,NaN
4/23/2013 01:38:42,4/23/2013,01:38:42,NaN,NaN,NaN,NaN,NaN
4/23/2013 01:38:57,4/23/2013,01:38:57,NaN,NaN,NaN,NaN,NaN
4/23/2013 01:39:12,4/23/2013,01:39:12,NaN,NaN,NaN,NaN,NaN
4/23/2013 01:39:27,4/23/2013,01:39:27,NaN,NaN,NaN,NaN,NaN
4/23/2013 01:39:42,4/23/2013,01:39:42,NaN,NaN,NaN,NaN,NaN
4/23/2013 01:39:57,4/23/2013,01:39:57,NaN,NaN,NaN,NaN,NaN
4/23/2013 01:40:12,4/23/2013,01:40:12,NaN,NaN,NaN,NaN,NaN
4/23/2013 01:40:27,4/23/2013,01:40:27,NaN,NaN,NaN,NaN,NaN
4/23/2013 01:40:42,4/23/2013,01:40:42,NaN,NaN,NaN,NaN,NaN
4/23/2013 01:40:57,4/23/2013,01:40:57,NaN,NaN,NaN,NaN,NaN
4/23/2013 01:41:12,4/23/2013,01:41:12,NaN,NaN,NaN,NaN,NaN
4/23/2013 01:41:27,4/23/2013,01:41:27,NaN,NaN,NaN,NaN,NaN
4/23/2013 01:41:42,4/23/2013,01:41:42,NaN,NaN,NaN,NaN,NaN
4/23/2013 01:41:57,4/23/2013,01:41:57,NaN,NaN,NaN,NaN,NaN
4/23/2013 01:42:12,4/23/2013,01:42:12,NaN,NaN,NaN,NaN,NaN
4/23/2013 01:42:27,4/23/2013,01:42:27,NaN,NaN,NaN,NaN,NaN
4/23/2013 01:42:42,4/23/2013,01:42:42,NaN,NaN,NaN,NaN,NaN
4/23/2013 01:42:57,4/23/2013,01:42:57,NaN,NaN,NaN,NaN,NaN
4/23/2013 01:43:12,4/23/2013,01:43:12,NaN,NaN,NaN,NaN,NaN
4/23/2013 01:43:27,4/23/2013,01:43:27,NaN,NaN,NaN,NaN,NaN
4/23/2013 01:43:42,4/23/2013,01:43:42,NaN,NaN,NaN,NaN,NaN
4/23/2013 01:43:57,4/23/2013,01:43:57,NaN,NaN,NaN,NaN,NaN
4/23/2013 01:44:12,4/23/2013,01:44:12,NaN,NaN,NaN,NaN,NaN
4/23/2013 01:44:27,4/23/2013,01:44:27,NaN,NaN,NaN,NaN,NaN
4/23/2013 01:44:42,4/23/2013,01:44:42,NaN,NaN,NaN,NaN,NaN
4/23/2013 01:44:57,4/23/2013,01:44:57,NaN,NaN,NaN,NaN,NaN
4/23/2013 01:45:12,4/23/2013,01:45:12,NaN,NaN,NaN,NaN,NaN
4/23/2013 01:45:27,4/23/2013,01:45:27,NaN,NaN,NaN,NaN,NaN
4/23/2013 01:45:42,4/23/2013,01:45:42,NaN,NaN,NaN,NaN,NaN
4/23/2013 01:45:57,4/23/2013,01:45:57,NaN,NaN,NaN,NaN,NaN
4/23/2013 01:46:12,4/23/2013,01:46:12,NaN,NaN,NaN,NaN,NaN
4/23/2013 01:46:27,4/23/2013,01:46:27,NaN,NaN,NaN,NaN,NaN
4/23/2013 01:46:42,4/23/2013,01:46:42,NaN,NaN,NaN,NaN,NaN
4/23/2013 01:46:57,4/23/2013,01:46:57,NaN,NaN,NaN,NaN,NaN
4/23/2013 01:47:12,4/23/2013,01:47:12,NaN,NaN,NaN,NaN,NaN
4/23/2013 01:47:27,4/23/2013,01:47:27,NaN,NaN,NaN,NaN,NaN
4/23/2013 01:47:42,4/23/2013,01:47:42,NaN,NaN,NaN,NaN,NaN
4/23/2013 01:47:57,4/23/2013,01:47:57,NaN,NaN,NaN,NaN,NaN
4/23/2013 01:48:12,4/23/2013,01:48:12,NaN,NaN,NaN,NaN,NaN
4/23/2013 01:48:27,4/23/2013,01:48:27,NaN,NaN,NaN,NaN,NaN
4/23/2013 01:48:42,4/23/2013,01:48:42,NaN,NaN,NaN,NaN,NaN
4/23/2013 01:48:57,4/23/2013,01:48:57,NaN,NaN,NaN,NaN,NaN
4/23/2013 01:49:12,4/23/2013,01:49:12,NaN,NaN,NaN,NaN,NaN
4/23/2013 01:49:27,4/23/2013,01:49:27,NaN,NaN,NaN,NaN,NaN
4/23/2013 01:49:42,4/23/2013,01:49:42,NaN,NaN,NaN,NaN,NaN
4/23/2013 01:49:57,4/23/2013,01:49:57,NaN,NaN,NaN,NaN,NaN
4/23/2013 01:50:12,4/23/2013,01:50:12,NaN,NaN,NaN,NaN,NaN
4/23/2013 01:50:27,4/23/2013,01:50:27,NaN,NaN,NaN,NaN,NaN
4/23/2013 01:50:42,4/23/2013,01:50:42,NaN,NaN,NaN,NaN,NaN
4/23/2013 01:50:57,4/23/2013,01:50:57,NaN,NaN,NaN,NaN,NaN
4/23/2013 01:51:12,4/23/2013,01:51:12,NaN,NaN,NaN,NaN,NaN
4/23/2013 01:51:27,4/23/2013,01:51:27,NaN,NaN,NaN,NaN,NaN
4/23/2013 01:51:42,4/23/2013,01:51:42,NaN,NaN,NaN,NaN,NaN
4/23/2013 01:51:57,4/23/2013,01:51:57,NaN,NaN,NaN,NaN,NaN
4/23/2013 01:52:12,4/23/2013,01:52:12,NaN,NaN,NaN,NaN,NaN
4/23/2013 01:52:27,4/23/2013,01:52:27,NaN,NaN,NaN,NaN,NaN
4/23/2013 01:52:42,4/23/2013,01:52:42,NaN,NaN,NaN,NaN,NaN
4/23/2013 01:52:57,4/23/2013,01:52:57,NaN,NaN,NaN,NaN,NaN
4/23/2013 01:53:12,4/23/2013,01:53:12,NaN,NaN,NaN,NaN,NaN
4/23/2013 01:53:27,4/23/2013,01:53:27,NaN,NaN,NaN,NaN,NaN
4/23/2013 01:53:42,4/23/2013,01:53:42,NaN,NaN,NaN,NaN,NaN
4/23/2013 01:53:57,4/23/2013,01:53:57,NaN,NaN,NaN,NaN,NaN
4/23/2013 01:54:12,4/23/2013,01:54:12,NaN,NaN,NaN,NaN,NaN
4/23/2013 01:54:27,4/23/2013,01:54:27,NaN,NaN,NaN,NaN,NaN
4/23/2013 01:54:42,4/23/2013,01:54:42,NaN,NaN,NaN,NaN,NaN
4/23/2013 01:54:57,4/23/2013,01:54:57,NaN,NaN,NaN,NaN,NaN
4/23/2013 01:55:12,4/23/2013,01:55:12,NaN,NaN,NaN,NaN,NaN
4/23/2013 01:55:27,4/23/2013,01:55:27,NaN,NaN,NaN,NaN,NaN
4/23/2013 01:55:42,4/23/2013,01:55:42,NaN,NaN,NaN,NaN,NaN
4/23/2013 01:55:57,4/23/2013,01:55:57,NaN,NaN,NaN,NaN,NaN
4/23/2013 01:56:12,4/23/2013,01:56:12,NaN,NaN,NaN,NaN,NaN
4/23/2013 01:56:27,4/23/2013,01:56:27,NaN,NaN,NaN,NaN,NaN
4/23/2013 01:56:42,4/23/2013,01:56:42,NaN,NaN,NaN,NaN,NaN
4/23/2013 01:56:57,4/23/2013,01:56:57,NaN,NaN,NaN,NaN,NaN
4/23/2013 01:57:12,4/23/2013,01:57:12,NaN,NaN,NaN,NaN,NaN
4/23/2013 01:57:27,4/23/2013,01:57:27,NaN,NaN,NaN,NaN,NaN
4/23/2013 01:57:42,4/23/2013,01:57:42,NaN,NaN,NaN,NaN,NaN
4/23/2013 01:57:57,4/23/2013,01:57:57,NaN,NaN,NaN,NaN,NaN
4/23/2013 01:58:12,4/23/2013,01:58:12,NaN,NaN,NaN,NaN,NaN
4/23/2013 01:58:27,4/23/2013,01:58:27,NaN,NaN,NaN,NaN,NaN
4/23/2013 01:58:42,4/23/2013,01:58:42,NaN,NaN,NaN,NaN,NaN
4/23/2013 01:58:57,4/23/2013,01:58:57,NaN,NaN,NaN,NaN,NaN
4/23/2013 01:59:12,4/23/2013,01:59:12,NaN,NaN,NaN,NaN,NaN
4/23/2013 01:59:27,4/23/2013,01:59:27,NaN,NaN,NaN,NaN,NaN
4/23/2013 01:59:42,4/23/2013,01:59:42,NaN,NaN,NaN,NaN,NaN
4/23/2013 01:59:57,4/23/2013,01:59:57,NaN,NaN,NaN,NaN,NaN
4/23/2013 02:00:12,4/23/2013,02:00:12,NaN,NaN,NaN,NaN,NaN
4/23/2013 02:00:27,4/23/2013,02:00:27,NaN,NaN,NaN,NaN,NaN
4/23/2013 02:00:42,4/23/2013,02:00:42,NaN,NaN,NaN,NaN,NaN
4/23/2013 02:00:57,4/23/2013,02:00:57,NaN,NaN,NaN,NaN,NaN
4/23/2013 02:01:12,4/23/2013,02:01:12,NaN,NaN,NaN,NaN,NaN
4/23/2013 02:01:27,4/23/2013,02:01:27,NaN,NaN,NaN,NaN,NaN
4/23/2013 02:01:42,4/23/2013,02:01:42,NaN,NaN,NaN,NaN,NaN
4/23/2013 02:01:57,4/23/2013,02:01:57,NaN,NaN,NaN,NaN,NaN
4/23/2013 02:02:12,4/23/2013,02:02:12,NaN,NaN,NaN,NaN,NaN
4/23/2013 02:02:27,4/23/2013,02:02:27,NaN,NaN,NaN,NaN,NaN
4/23/2013 02:02:42,4/23/2013,02:02:42,NaN,NaN,NaN,NaN,NaN
4/23/2013 02:02:57,4/23/2013,02:02:57,NaN,NaN,NaN,NaN,NaN
4/23/2013 02:03:12,4/23/2013,02:03:12,NaN,NaN,NaN,NaN,NaN
4/23/2013 02:03:27,4/23/2013,02:03:27,NaN,NaN,NaN,NaN,NaN
4/23/2013 02:03:42,4/23/2013,02:03:42,NaN,NaN,NaN,NaN,NaN
4/23/2013 02:03:57,4/23/2013,02:03:57,NaN,NaN,NaN,NaN,NaN
4/23/2013 02:04:12,4/23/2013,02:04:12,NaN,NaN,NaN,NaN,NaN
4/23/2013 02:04:27,4/23/2013,02:04:27,NaN,NaN,NaN,NaN,NaN
4/23/2013 02:04:42,4/23/2013,02:04:42,NaN,NaN,NaN,NaN,NaN
4/23/2013 02:04:57,4/23/2013,02:04:57,NaN,NaN,NaN,NaN,NaN
4/23/2013 02:05:12,4/23/2013,02:05:12,NaN,NaN,NaN,NaN,NaN
4/23/2013 02:05:27,4/23/2013,02:05:27,NaN,NaN,NaN,NaN,NaN
4/23/2013 02:05:42,4/23/2013,02:05:42,NaN,NaN,NaN,NaN,NaN
4/23/2013 02:05:57,4/23/2013,02:05:57,NaN,NaN,NaN,NaN,NaN
4/23/2013 02:06:12,4/23/2013,02:06:12,NaN,NaN,NaN,NaN,NaN
4/23/2013 02:06:27,4/23/2013,02:06:27,NaN,NaN,NaN,NaN,NaN
4/23/2013 02:06:42,4/23/2013,02:06:42,NaN,NaN,NaN,NaN,NaN
4/23/2013 02:06:57,4/23/2013,02:06:57,NaN,NaN,NaN,NaN,NaN
4/23/2013 02:07:12,4/23/2013,02:07:12,NaN,NaN,NaN,NaN,NaN
4/23/2013 02:07:27,4/23/2013,02:07:27,NaN,NaN,NaN,NaN,NaN
4/23/2013 02:07:42,4/23/2013,02:07:42,NaN,NaN,NaN,NaN,NaN
4/23/2013 02:07:57,4/23/2013,02:07:57,NaN,NaN,NaN,NaN,NaN
4/23/2013 02:08:12,4/23/2013,02:08:12,NaN,NaN,NaN,NaN,NaN
4/23/2013 02:08:27,4/23/2013,02:08:27,NaN,NaN,NaN,NaN,NaN
4/23/2013 02:08:42,4/23/2013,02:08:42,NaN,NaN,NaN,NaN,NaN
4/23/2013 02:08:57,4/23/2013,02:08:57,NaN,NaN,NaN,NaN,NaN
4/23/2013 02:09:12,4/23/2013,02:09:12,NaN,NaN,NaN,NaN,NaN
4/23/2013 02:09:27,4/23/2013,02:09:27,NaN,NaN,NaN,NaN,NaN
4/23/2013 02:09:42,4/23/2013,02:09:42,NaN,NaN,NaN,NaN,NaN
4/23/2013 02:09:57,4/23/2013,02:09:57,NaN,NaN,NaN,NaN,NaN
4/23/2013 02:10:12,4/23/2013,02:10:12,NaN,NaN,NaN,NaN,NaN
4/23/2013 02:10:27,4/23/2013,02:10:27,NaN,NaN,NaN,NaN,NaN
4/23/2013 02:10:42,4/23/2013,02:10:42,NaN,NaN,NaN,NaN,NaN
4/23/2013 02:10:57,4/23/2013,02:10:57,NaN,NaN,NaN,NaN,NaN
4/23/2013 02:11:12,4/23/2013,02:11:12,NaN,NaN,NaN,NaN,NaN
4/23/2013 02:11:27,4/23/2013,02:11:27,NaN,NaN,NaN,NaN,NaN
4/23/2013 02:11:42,4/23/2013,02:11:42,NaN,NaN,NaN,NaN,NaN
4/23/2013 02:11:57,4/23/2013,02:11:57,NaN,NaN,NaN,NaN,NaN
4/23/2013 02:12:12,4/23/2013,02:12:12,NaN,NaN,NaN,NaN,NaN
4/23/2013 02:12:27,4/23/2013,02:12:27,NaN,NaN,NaN,NaN,NaN
4/23/2013 02:12:42,4/23/2013,02:12:42,NaN,NaN,NaN,NaN,NaN
4/23/2013 02:12:57,4/23/2013,02:12:57,NaN,NaN,NaN,NaN,NaN
4/23/2013 02:13:12,4/23/2013,02:13:12,NaN,NaN,NaN,NaN,NaN
4/23/2013 02:13:27,4/23/2013,02:13:27,NaN,NaN,NaN,NaN,NaN
4/23/2013 02:13:42,4/23/2013,02:13:42,NaN,NaN,NaN,NaN,NaN
4/23/2013 02:13:57,4/23/2013,02:13:57,NaN,NaN,NaN,NaN,NaN
4/23/2013 02:14:12,4/23/2013,02:14:12,NaN,NaN,NaN,NaN,NaN
4/23/2013 02:14:27,4/23/2013,02:14:27,NaN,NaN,NaN,NaN,NaN
4/23/2013 02:14:42,4/23/2013,02:14:42,NaN,NaN,NaN,NaN,NaN
4/23/2013 02:14:57,4/23/2013,02:14:57,NaN,NaN,NaN,NaN,NaN
4/23/2013 02:15:12,4/23/2013,02:15:12,NaN,NaN,NaN,NaN,NaN
4/23/2013 02:15:27,4/23/2013,02:15:27,NaN,NaN,NaN,NaN,NaN
4/23/2013 02:15:42,4/23/2013,02:15:42,NaN,NaN,NaN,NaN,NaN
4/23/2013 02:15:57,4/23/2013,02:15:57,NaN,NaN,NaN,NaN,NaN
4/23/2013 02:16:12,4/23/2013,02:16:12,NaN,NaN,NaN,NaN,NaN
4/23/2013 02:16:27,4/23/2013,02:16:27,NaN,NaN,NaN,NaN,NaN
4/23/2013 02:16:42,4/23/2013,02:16:42,NaN,NaN,NaN,NaN,NaN
4/23/2013 02:16:57,4/23/2013,02:16:57,NaN,NaN,NaN,NaN,NaN
4/23/2013 02:17:12,4/23/2013,02:17:12,NaN,NaN,NaN,NaN,NaN
4/23/2013 02:17:27,4/23/2013,02:17:27,NaN,NaN,NaN,NaN,NaN
4/23/2013 02:17:42,4/23/2013,02:17:42,NaN,NaN,NaN,NaN,NaN
4/23/2013 02:17:57,4/23/2013,02:17:57,NaN,NaN,NaN,NaN,NaN
4/23/2013 02:18:12,4/23/2013,02:18:12,NaN,NaN,NaN,NaN,NaN
4/23/2013 02:18:27,4/23/2013,02:18:27,NaN,NaN,NaN,NaN,NaN
4/23/2013 02:18:42,4/23/2013,02:18:42,NaN,NaN,NaN,NaN,NaN
4/23/2013 02:18:57,4/23/2013,02:18:57,NaN,NaN,NaN,NaN,NaN
4/23/2013 02:19:12,4/23/2013,02:19:12,NaN,NaN,NaN,NaN,NaN
4/23/2013 02:19:27,4/23/2013,02:19:27,NaN,NaN,NaN,NaN,NaN
4/23/2013 02:19:42,4/23/2013,02:19:42,NaN,NaN,NaN,NaN,NaN
4/23/2013 02:19:57,4/23/2013,02:19:57,NaN,NaN,NaN,NaN,NaN
4/23/2013 02:20:12,4/23/2013,02:20:12,NaN,NaN,NaN,NaN,NaN
4/23/2013 02:20:27,4/23/2013,02:20:27,NaN,NaN,NaN,NaN,NaN
4/23/2013 02:20:42,4/23/2013,02:20:42,NaN,NaN,NaN,NaN,NaN
4/23/2013 02:20:57,4/23/2013,02:20:57,NaN,NaN,NaN,NaN,NaN
4/23/2013 02:21:12,4/23/2013,02:21:12,NaN,NaN,NaN,NaN,NaN
4/23/2013 02:21:27,4/23/2013,02:21:27,NaN,NaN,NaN,NaN,NaN
4/23/2013 02:21:42,4/23/2013,02:21:42,NaN,NaN,NaN,NaN,NaN
4/23/2013 02:21:57,4/23/2013,02:21:57,NaN,NaN,NaN,NaN,NaN
4/23/2013 02:22:12,4/23/2013,02:22:12,NaN,NaN,NaN,NaN,NaN
4/23/2013 02:22:27,4/23/2013,02:22:27,NaN,NaN,NaN,NaN,NaN
4/23/2013 02:22:42,4/23/2013,02:22:42,NaN,NaN,NaN,NaN,NaN
4/23/2013 02:22:57,4/23/2013,02:22:57,NaN,NaN,NaN,NaN,NaN
4/23/2013 02:23:12,4/23/2013,02:23:12,NaN,NaN,NaN,NaN,NaN
4/23/2013 02:23:27,4/23/2013,02:23:27,NaN,NaN,NaN,NaN,NaN
4/23/2013 02:23:42,4/23/2013,02:23:42,NaN,NaN,NaN,NaN,NaN
4/23/2013 02:23:57,4/23/2013,02:23:57,NaN,NaN,NaN,NaN,NaN
4/23/2013 02:24:12,4/23/2013,02:24:12,NaN,NaN,NaN,NaN,NaN
4/23/2013 02:24:27,4/23/2013,02:24:27,NaN,NaN,NaN,NaN,NaN
4/23/2013 02:24:42,4/23/2013,02:24:42,NaN,NaN,NaN,NaN,NaN
4/23/2013 02:24:57,4/23/2013,02:24:57,NaN,NaN,NaN,NaN,NaN
4/23/2013 02:25:12,4/23/2013,02:25:12,NaN,NaN,NaN,NaN,NaN
4/23/2013 02:25:27,4/23/2013,02:25:27,NaN,NaN,NaN,NaN,NaN
4/23/2013 02:25:42,4/23/2013,02:25:42,NaN,NaN,NaN,NaN,NaN
4/23/2013 02:25:57,4/23/2013,02:25:57,NaN,NaN,NaN,NaN,NaN
4/23/2013 02:26:12,4/23/2013,02:26:12,NaN,NaN,NaN,NaN,NaN
4/23/2013 02:26:27,4/23/2013,02:26:27,NaN,NaN,NaN,NaN,NaN
4/23/2013 02:26:42,4/23/2013,02:26:42,NaN,NaN,NaN,NaN,NaN
4/23/2013 02:26:57,4/23/2013,02:26:57,NaN,NaN,NaN,NaN,NaN
4/23/2013 02:27:12,4/23/2013,02:27:12,NaN,NaN,NaN,NaN,NaN
4/23/2013 02:27:27,4/23/2013,02:27:27,NaN,NaN,NaN,NaN,NaN
4/23/2013 02:27:42,4/23/2013,02:27:42,NaN,NaN,NaN,NaN,NaN
4/23/2013 02:27:57,4/23/2013,02:27:57,NaN,NaN,NaN,NaN,NaN
4/23/2013 02:28:12,4/23/2013,02:28:12,NaN,NaN,NaN,NaN,NaN
4/23/2013 02:28:27,4/23/2013,02:28:27,NaN,NaN,NaN,NaN,NaN
4/23/2013 02:28:42,4/23/2013,02:28:42,NaN,NaN,NaN,NaN,NaN
4/23/2013 02:28:57,4/23/2013,02:28:57,NaN,NaN,NaN,NaN,NaN
4/23/2013 02:29:12,4/23/2013,02:29:12,NaN,NaN,NaN,NaN,NaN
4/23/2013 02:29:27,4/23/2013,02:29:27,NaN,NaN,NaN,NaN,NaN
4/23/2013 02:29:42,4/23/2013,02:29:42,NaN,NaN,NaN,NaN,NaN
4/23/2013 02:29:57,4/23/2013,02:29:57,NaN,NaN,NaN,NaN,NaN
4/23/2013 02:30:12,4/23/2013,02:30:12,NaN,NaN,NaN,NaN,NaN
4/23/2013 02:30:27,4/23/2013,02:30:27,NaN,NaN,NaN,NaN,NaN
4/23/2013 02:30:42,4/23/2013,02:30:42,NaN,NaN,NaN,NaN,NaN
4/23/2013 02:30:57,4/23/2013,02:30:57,NaN,NaN,NaN,NaN,NaN
4/23/2013 02:31:12,4/23/2013,02:31:12,NaN,NaN,NaN,NaN,NaN
4/23/2013 02:31:27,4/23/2013,02:31:27,NaN,NaN,NaN,NaN,NaN
4/23/2013 02:31:42,4/23/2013,02:31:42,NaN,NaN,NaN,NaN,NaN
4/23/2013 02:31:57,4/23/2013,02:31:57,NaN,NaN,NaN,NaN,NaN
4/23/2013 02:32:12,4/23/2013,02:32:12,NaN,NaN,NaN,NaN,NaN
4/23/2013 02:32:27,4/23/2013,02:32:27,NaN,NaN,NaN,NaN,NaN
4/23/2013 02:32:42,4/23/2013,02:32:42,NaN,NaN,NaN,NaN,NaN
4/23/2013 02:32:57,4/23/2013,02:32:57,NaN,NaN,NaN,NaN,NaN
4/23/2013 02:33:12,4/23/2013,02:33:12,NaN,NaN,NaN,NaN,NaN
4/23/2013 02:33:27,4/23/2013,02:33:27,NaN,NaN,NaN,NaN,NaN
4/23/2013 02:33:42,4/23/2013,02:33:42,NaN,NaN,NaN,NaN,NaN
4/23/2013 02:33:57,4/23/2013,02:33:57,NaN,NaN,NaN,NaN,NaN
4/23/2013 02:34:12,4/23/2013,02:34:12,NaN,NaN,NaN,NaN,NaN
4/23/2013 02:34:27,4/23/2013,02:34:27,NaN,NaN,NaN,NaN,NaN
4/23/2013 02:34:42,4/23/2013,02:34:42,NaN,NaN,NaN,NaN,NaN
4/23/2013 02:34:57,4/23/2013,02:34:57,NaN,NaN,NaN,NaN,NaN
4/23/2013 02:35:12,4/23/2013,02:35:12,NaN,NaN,NaN,NaN,NaN
4/23/2013 02:35:27,4/23/2013,02:35:27,NaN,NaN,NaN,NaN,NaN
4/23/2013 02:35:42,4/23/2013,02:35:42,NaN,NaN,NaN,NaN,NaN
4/23/2013 02:35:57,4/23/2013,02:35:57,NaN,NaN,NaN,NaN,NaN
4/23/2013 02:36:12,4/23/2013,02:36:12,NaN,NaN,NaN,NaN,NaN
4/23/2013 02:36:27,4/23/2013,02:36:27,NaN,NaN,NaN,NaN,NaN
4/23/2013 02:36:42,4/23/2013,02:36:42,NaN,NaN,NaN,NaN,NaN
4/23/2013 02:36:57,4/23/2013,02:36:57,NaN,NaN,NaN,NaN,NaN
4/23/2013 02:37:12,4/23/2013,02:37:12,NaN,NaN,NaN,NaN,NaN
4/23/2013 02:37:27,4/23/2013,02:37:27,NaN,NaN,NaN,NaN,NaN
4/23/2013 02:37:42,4/23/2013,02:37:42,NaN,NaN,NaN,NaN,NaN
4/23/2013 02:37:57,4/23/2013,02:37:57,NaN,NaN,NaN,NaN,NaN
4/23/2013 02:38:12,4/23/2013,02:38:12,NaN,NaN,NaN,NaN,NaN
4/23/2013 02:38:27,4/23/2013,02:38:27,NaN,NaN,NaN,NaN,NaN
4/23/2013 02:38:42,4/23/2013,02:38:42,NaN,NaN,NaN,NaN,NaN
4/23/2013 02:38:57,4/23/2013,02:38:57,NaN,NaN,NaN,NaN,NaN
4/23/2013 02:39:12,4/23/2013,02:39:12,NaN,NaN,NaN,NaN,NaN
4/23/2013 02:39:27,4/23/2013,02:39:27,NaN,NaN,NaN,NaN,NaN
4/23/2013 02:39:42,4/23/2013,02:39:42,NaN,NaN,NaN,NaN,NaN
4/23/2013 02:39:57,4/23/2013,02:39:57,NaN,NaN,NaN,NaN,NaN
4/23/2013 02:40:12,4/23/2013,02:40:12,NaN,NaN,NaN,NaN,NaN
4/23/2013 02:40:27,4/23/2013,02:40:27,NaN,NaN,NaN,NaN,NaN
4/23/2013 02:40:42,4/23/2013,02:40:42,NaN,NaN,NaN,NaN,NaN
4/23/2013 02:40:57,4/23/2013,02:40:57,NaN,NaN,NaN,NaN,NaN
4/23/2013 02:41:12,4/23/2013,02:41:12,NaN,NaN,NaN,NaN,NaN
4/23/2013 02:41:27,4/23/2013,02:41:27,NaN,NaN,NaN,NaN,NaN
4/23/2013 02:41:42,4/23/2013,02:41:42,NaN,NaN,NaN,NaN,NaN
4/23/2013 02:41:57,4/23/2013,02:41:57,NaN,NaN,NaN,NaN,NaN
4/23/2013 02:42:12,4/23/2013,02:42:12,NaN,NaN,NaN,NaN,NaN
4/23/2013 02:42:27,4/23/2013,02:42:27,NaN,NaN,NaN,NaN,NaN
4/23/2013 02:42:42,4/23/2013,02:42:42,NaN,NaN,NaN,NaN,NaN
4/23/2013 02:42:57,4/23/2013,02:42:57,NaN,NaN,NaN,NaN,NaN
4/23/2013 02:43:12,4/23/2013,02:43:12,NaN,NaN,NaN,NaN,NaN
4/23/2013 02:43:27,4/23/2013,02:43:27,NaN,NaN,NaN,NaN,NaN
4/23/2013 02:43:42,4/23/2013,02:43:42,NaN,NaN,NaN,NaN,NaN
4/23/2013 02:43:57,4/23/2013,02:43:57,NaN,NaN,NaN,NaN,NaN
4/23/2013 02:44:12,4/23/2013,02:44:12,NaN,NaN,NaN,NaN,NaN
4/23/2013 02:44:27,4/23/2013,02:44:27,NaN,NaN,NaN,NaN,NaN
4/23/2013 02:44:42,4/23/2013,02:44:42,NaN,NaN,NaN,NaN,NaN
4/23/2013 02:44:57,4/23/2013,02:44:57,NaN,NaN,NaN,NaN,NaN
4/23/2013 02:45:12,4/23/2013,02:45:12,NaN,NaN,NaN,NaN,NaN
4/23/2013 02:45:27,4/23/2013,02:45:27,NaN,NaN,NaN,NaN,NaN
4/23/2013 02:45:42,4/23/2013,02:45:42,NaN,NaN,NaN,NaN,NaN
4/23/2013 02:45:57,4/23/2013,02:45:57,NaN,NaN,NaN,NaN,NaN
4/23/2013 02:46:12,4/23/2013,02:46:12,NaN,NaN,NaN,NaN,NaN
4/23/2013 02:46:27,4/23/2013,02:46:27,NaN,NaN,NaN,NaN,NaN
4/23/2013 02:46:42,4/23/2013,02:46:42,NaN,NaN,NaN,NaN,NaN
4/23/2013 02:46:57,4/23/2013,02:46:57,NaN,NaN,NaN,NaN,NaN
4/23/2013 02:47:12,4/23/2013,02:47:12,NaN,NaN,NaN,NaN,NaN
4/23/2013 02:47:27,4/23/2013,02:47:27,NaN,NaN,NaN,NaN,NaN
4/23/2013 02:47:42,4/23/2013,02:47:42,NaN,NaN,NaN,NaN,NaN
4/23/2013 02:47:57,4/23/2013,02:47:57,NaN,NaN,NaN,NaN,NaN
4/23/2013 02:48:12,4/23/2013,02:48:12,NaN,NaN,NaN,NaN,NaN
4/23/2013 02:48:27,4/23/2013,02:48:27,NaN,NaN,NaN,NaN,NaN
4/23/2013 02:48:42,4/23/2013,02:48:42,NaN,NaN,NaN,NaN,NaN
4/23/2013 02:48:57,4/23/2013,02:48:57,NaN,NaN,NaN,NaN,NaN
4/23/2013 02:49:12,4/23/2013,02:49:12,NaN,NaN,NaN,NaN,NaN
4/23/2013 02:49:27,4/23/2013,02:49:27,NaN,NaN,NaN,NaN,NaN
4/23/2013 02:49:42,4/23/2013,02:49:42,NaN,NaN,NaN,NaN,NaN
4/23/2013 02:49:57,4/23/2013,02:49:57,NaN,NaN,NaN,NaN,NaN
4/23/2013 02:50:12,4/23/2013,02:50:12,NaN,NaN,NaN,NaN,NaN
4/23/2013 02:50:27,4/23/2013,02:50:27,NaN,NaN,NaN,NaN,NaN
4/23/2013 02:50:42,4/23/2013,02:50:42,NaN,NaN,NaN,NaN,NaN
4/23/2013 02:50:57,4/23/2013,02:50:57,NaN,NaN,NaN,NaN,NaN
4/23/2013 02:51:12,4/23/2013,02:51:12,NaN,NaN,NaN,NaN,NaN
4/23/2013 02:51:27,4/23/2013,02:51:27,NaN,NaN,NaN,NaN,NaN
4/23/2013 02:51:42,4/23/2013,02:51:42,NaN,NaN,NaN,NaN,NaN
4/23/2013 02:51:57,4/23/2013,02:51:57,NaN,NaN,NaN,NaN,NaN
4/23/2013 02:52:12,4/23/2013,02:52:12,NaN,NaN,NaN,NaN,NaN
4/23/2013 02:52:27,4/23/2013,02:52:27,NaN,NaN,NaN,NaN,NaN
4/23/2013 02:52:42,4/23/2013,02:52:42,NaN,NaN,NaN,NaN,NaN
4/23/2013 02:52:57,4/23/2013,02:52:57,NaN,NaN,NaN,NaN,NaN
4/23/2013 02:53:12,4/23/2013,02:53:12,NaN,NaN,NaN,NaN,NaN
4/23/2013 02:53:27,4/23/2013,02:53:27,NaN,NaN,NaN,NaN,NaN
4/23/2013 02:53:42,4/23/2013,02:53:42,NaN,NaN,NaN,NaN,NaN
4/23/2013 02:53:57,4/23/2013,02:53:57,NaN,NaN,NaN,NaN,NaN
4/23/2013 02:54:12,4/23/2013,02:54:12,NaN,NaN,NaN,NaN,NaN
4/23/2013 02:54:27,4/23/2013,02:54:27,NaN,NaN,NaN,NaN,NaN
4/23/2013 02:54:42,4/23/2013,02:54:42,NaN,NaN,NaN,NaN,NaN
4/23/2013 02:54:57,4/23/2013,02:54:57,NaN,NaN,NaN,NaN,NaN
4/23/2013 02:55:12,4/23/2013,02:55:12,NaN,NaN,NaN,NaN,NaN
4/23/2013 02:55:27,4/23/2013,02:55:27,NaN,NaN,NaN,NaN,NaN
4/23/2013 02:55:42,4/23/2013,02:55:42,NaN,NaN,NaN,NaN,NaN
4/23/2013 02:55:57,4/23/2013,02:55:57,NaN,NaN,NaN,NaN,NaN
4/23/2013 02:56:12,4/23/2013,02:56:12,NaN,NaN,NaN,NaN,NaN
4/23/2013 02:56:27,4/23/2013,02:56:27,NaN,NaN,NaN,NaN,NaN
4/23/2013 02:56:42,4/23/2013,02:56:42,NaN,NaN,NaN,NaN,NaN
4/23/2013 02:56:57,4/23/2013,02:56:57,NaN,NaN,NaN,NaN,NaN
4/23/2013 02:57:12,4/23/2013,02:57:12,NaN,NaN,NaN,NaN,NaN
4/23/2013 02:57:27,4/23/2013,02:57:27,NaN,NaN,NaN,NaN,NaN
4/23/2013 02:57:42,4/23/2013,02:57:42,NaN,NaN,NaN,NaN,NaN
4/23/2013 02:57:57,4/23/2013,02:57:57,NaN,NaN,NaN,NaN,NaN
4/23/2013 02:58:12,4/23/2013,02:58:12,NaN,NaN,NaN,NaN,NaN
4/23/2013 02:58:27,4/23/2013,02:58:27,NaN,NaN,NaN,NaN,NaN
4/23/2013 02:58:42,4/23/2013,02:58:42,NaN,NaN,NaN,NaN,NaN
4/23/2013 02:58:57,4/23/2013,02:58:57,NaN,NaN,NaN,NaN,NaN
4/23/2013 02:59:12,4/23/2013,02:59:12,NaN,NaN,NaN,NaN,NaN
4/23/2013 02:59:27,4/23/2013,02:59:27,NaN,NaN,NaN,NaN,NaN
4/23/2013 02:59:42,4/23/2013,02:59:42,NaN,NaN,NaN,NaN,NaN
4/23/2013 02:59:57,4/23/2013,02:59:57,NaN,NaN,NaN,NaN,NaN
4/23/2013 03:00:12,4/23/2013,03:00:12,NaN,NaN,NaN,NaN,NaN
4/23/2013 03:00:27,4/23/2013,03:00:27,NaN,NaN,NaN,NaN,NaN
4/23/2013 03:00:42,4/23/2013,03:00:42,NaN,NaN,NaN,NaN,NaN
4/23/2013 03:00:57,4/23/2013,03:00:57,NaN,NaN,NaN,NaN,NaN
4/23/2013 03:01:12,4/23/2013,03:01:12,NaN,NaN,NaN,NaN,NaN
4/23/2013 03:01:27,4/23/2013,03:01:27,NaN,NaN,NaN,NaN,NaN
4/23/2013 03:01:42,4/23/2013,03:01:42,NaN,NaN,NaN,NaN,NaN
4/23/2013 03:01:57,4/23/2013,03:01:57,NaN,NaN,NaN,NaN,NaN
4/23/2013 03:02:12,4/23/2013,03:02:12,NaN,NaN,NaN,NaN,NaN
4/23/2013 03:02:27,4/23/2013,03:02:27,NaN,NaN,NaN,NaN,NaN
4/23/2013 03:02:42,4/23/2013,03:02:42,NaN,NaN,NaN,NaN,NaN
4/23/2013 03:02:57,4/23/2013,03:02:57,NaN,NaN,NaN,NaN,NaN
4/23/2013 03:03:12,4/23/2013,03:03:12,NaN,NaN,NaN,NaN,NaN
4/23/2013 03:03:27,4/23/2013,03:03:27,NaN,NaN,NaN,NaN,NaN
4/23/2013 03:03:42,4/23/2013,03:03:42,NaN,NaN,NaN,NaN,NaN
4/23/2013 03:03:57,4/23/2013,03:03:57,NaN,NaN,NaN,NaN,NaN
4/23/2013 03:04:12,4/23/2013,03:04:12,NaN,NaN,NaN,NaN,NaN
4/23/2013 03:04:27,4/23/2013,03:04:27,NaN,NaN,NaN,NaN,NaN
4/23/2013 03:04:42,4/23/2013,03:04:42,NaN,NaN,NaN,NaN,NaN
4/23/2013 03:04:57,4/23/2013,03:04:57,NaN,NaN,NaN,NaN,NaN
4/23/2013 03:05:12,4/23/2013,03:05:12,NaN,NaN,NaN,NaN,NaN
4/23/2013 03:05:27,4/23/2013,03:05:27,NaN,NaN,NaN,NaN,NaN
4/23/2013 03:05:42,4/23/2013,03:05:42,NaN,NaN,NaN,NaN,NaN
4/23/2013 03:05:57,4/23/2013,03:05:57,NaN,NaN,NaN,NaN,NaN
4/23/2013 03:06:12,4/23/2013,03:06:12,NaN,NaN,NaN,NaN,NaN
4/23/2013 03:06:27,4/23/2013,03:06:27,NaN,NaN,NaN,NaN,NaN
4/23/2013 03:06:42,4/23/2013,03:06:42,NaN,NaN,NaN,NaN,NaN
4/23/2013 03:06:57,4/23/2013,03:06:57,NaN,NaN,NaN,NaN,NaN
4/23/2013 03:07:12,4/23/2013,03:07:12,NaN,NaN,NaN,NaN,NaN
4/23/2013 03:07:27,4/23/2013,03:07:27,NaN,NaN,NaN,NaN,NaN
4/23/2013 03:07:42,4/23/2013,03:07:42,NaN,NaN,NaN,NaN,NaN
4/23/2013 03:07:57,4/23/2013,03:07:57,NaN,NaN,NaN,NaN,NaN
4/23/2013 03:08:12,4/23/2013,03:08:12,NaN,NaN,NaN,NaN,NaN
4/23/2013 03:08:27,4/23/2013,03:08:27,NaN,NaN,NaN,NaN,NaN
4/23/2013 03:08:42,4/23/2013,03:08:42,NaN,NaN,NaN,NaN,NaN
4/23/2013 03:08:57,4/23/2013,03:08:57,NaN,NaN,NaN,NaN,NaN
4/23/2013 03:09:12,4/23/2013,03:09:12,NaN,NaN,NaN,NaN,NaN
4/23/2013 03:09:27,4/23/2013,03:09:27,NaN,NaN,NaN,NaN,NaN
4/23/2013 03:09:42,4/23/2013,03:09:42,NaN,NaN,NaN,NaN,NaN
4/23/2013 03:09:57,4/23/2013,03:09:57,NaN,NaN,NaN,NaN,NaN
4/23/2013 03:10:12,4/23/2013,03:10:12,NaN,NaN,NaN,NaN,NaN
4/23/2013 03:10:27,4/23/2013,03:10:27,NaN,NaN,NaN,NaN,NaN
4/23/2013 03:10:42,4/23/2013,03:10:42,NaN,NaN,NaN,NaN,NaN
4/23/2013 03:10:57,4/23/2013,03:10:57,NaN,NaN,NaN,NaN,NaN
4/23/2013 03:11:12,4/23/2013,03:11:12,NaN,NaN,NaN,NaN,NaN
4/23/2013 03:11:27,4/23/2013,03:11:27,NaN,NaN,NaN,NaN,NaN
4/23/2013 03:11:42,4/23/2013,03:11:42,NaN,NaN,NaN,NaN,NaN
4/23/2013 03:11:57,4/23/2013,03:11:57,NaN,NaN,NaN,NaN,NaN
4/23/2013 03:12:12,4/23/2013,03:12:12,NaN,NaN,NaN,NaN,NaN
4/23/2013 03:12:27,4/23/2013,03:12:27,NaN,NaN,NaN,NaN,NaN
4/23/2013 03:12:42,4/23/2013,03:12:42,NaN,NaN,NaN,NaN,NaN
4/23/2013 03:12:57,4/23/2013,03:12:57,NaN,NaN,NaN,NaN,NaN
4/23/2013 03:13:12,4/23/2013,03:13:12,NaN,NaN,NaN,NaN,NaN
4/23/2013 03:13:27,4/23/2013,03:13:27,NaN,NaN,NaN,NaN,NaN
4/23/2013 03:13:42,4/23/2013,03:13:42,NaN,NaN,NaN,NaN,NaN
4/23/2013 03:13:57,4/23/2013,03:13:57,NaN,NaN,NaN,NaN,NaN
4/23/2013 03:14:12,4/23/2013,03:14:12,NaN,NaN,NaN,NaN,NaN
4/23/2013 03:14:27,4/23/2013,03:14:27,NaN,NaN,NaN,NaN,NaN
4/23/2013 03:14:42,4/23/2013,03:14:42,NaN,NaN,NaN,NaN,NaN
4/23/2013 03:14:57,4/23/2013,03:14:57,NaN,NaN,NaN,NaN,NaN
4/23/2013 03:15:12,4/23/2013,03:15:12,NaN,NaN,NaN,NaN,NaN
4/23/2013 03:15:27,4/23/2013,03:15:27,NaN,NaN,NaN,NaN,NaN
4/23/2013 03:15:42,4/23/2013,03:15:42,NaN,NaN,NaN,NaN,NaN
4/23/2013 03:15:57,4/23/2013,03:15:57,NaN,NaN,NaN,NaN,NaN
4/23/2013 03:16:12,4/23/2013,03:16:12,NaN,NaN,NaN,NaN,NaN
4/23/2013 03:16:27,4/23/2013,03:16:27,NaN,NaN,NaN,NaN,NaN
4/23/2013 03:16:42,4/23/2013,03:16:42,NaN,NaN,NaN,NaN,NaN
4/23/2013 03:16:57,4/23/2013,03:16:57,NaN,NaN,NaN,NaN,NaN
4/23/2013 03:17:12,4/23/2013,03:17:12,NaN,NaN,NaN,NaN,NaN
4/23/2013 03:17:27,4/23/2013,03:17:27,NaN,NaN,NaN,NaN,NaN
4/23/2013 03:17:42,4/23/2013,03:17:42,NaN,NaN,NaN,NaN,NaN
4/23/2013 03:17:57,4/23/2013,03:17:57,NaN,NaN,NaN,NaN,NaN
4/23/2013 03:18:12,4/23/2013,03:18:12,NaN,NaN,NaN,NaN,NaN
4/23/2013 03:18:27,4/23/2013,03:18:27,NaN,NaN,NaN,NaN,NaN
4/23/2013 03:18:42,4/23/2013,03:18:42,NaN,NaN,NaN,NaN,NaN
4/23/2013 03:18:57,4/23/2013,03:18:57,NaN,NaN,NaN,NaN,NaN
4/23/2013 03:19:12,4/23/2013,03:19:12,NaN,NaN,NaN,NaN,NaN
4/23/2013 03:19:27,4/23/2013,03:19:27,NaN,NaN,NaN,NaN,NaN
4/23/2013 03:19:42,4/23/2013,03:19:42,NaN,NaN,NaN,NaN,NaN
4/23/2013 03:19:57,4/23/2013,03:19:57,NaN,NaN,NaN,NaN,NaN
4/23/2013 03:20:12,4/23/2013,03:20:12,NaN,NaN,NaN,NaN,NaN
4/23/2013 03:20:27,4/23/2013,03:20:27,NaN,NaN,NaN,NaN,NaN
4/23/2013 03:20:42,4/23/2013,03:20:42,NaN,NaN,NaN,NaN,NaN
4/23/2013 03:20:57,4/23/2013,03:20:57,NaN,NaN,NaN,NaN,NaN
4/23/2013 03:21:12,4/23/2013,03:21:12,NaN,NaN,NaN,NaN,NaN
4/23/2013 03:21:27,4/23/2013,03:21:27,NaN,NaN,NaN,NaN,NaN
4/23/2013 03:21:42,4/23/2013,03:21:42,NaN,NaN,NaN,NaN,NaN
4/23/2013 03:21:57,4/23/2013,03:21:57,NaN,NaN,NaN,NaN,NaN
4/23/2013 03:22:12,4/23/2013,03:22:12,NaN,NaN,NaN,NaN,NaN
4/23/2013 03:22:27,4/23/2013,03:22:27,NaN,NaN,NaN,NaN,NaN
4/23/2013 03:22:42,4/23/2013,03:22:42,NaN,NaN,NaN,NaN,NaN
4/23/2013 03:22:57,4/23/2013,03:22:57,NaN,NaN,NaN,NaN,NaN
4/23/2013 03:23:12,4/23/2013,03:23:12,NaN,NaN,NaN,NaN,NaN
4/23/2013 03:23:27,4/23/2013,03:23:27,NaN,NaN,NaN,NaN,NaN
4/23/2013 03:23:42,4/23/2013,03:23:42,NaN,NaN,NaN,NaN,NaN
4/23/2013 03:23:57,4/23/2013,03:23:57,NaN,NaN,NaN,NaN,NaN
4/23/2013 03:24:12,4/23/2013,03:24:12,NaN,NaN,NaN,NaN,NaN
4/23/2013 03:24:27,4/23/2013,03:24:27,NaN,NaN,NaN,NaN,NaN
4/23/2013 03:24:42,4/23/2013,03:24:42,NaN,NaN,NaN,NaN,NaN
4/23/2013 03:24:57,4/23/2013,03:24:57,NaN,NaN,NaN,NaN,NaN
4/23/2013 03:25:12,4/23/2013,03:25:12,NaN,NaN,NaN,NaN,NaN
4/23/2013 03:25:27,4/23/2013,03:25:27,NaN,NaN,NaN,NaN,NaN
4/23/2013 03:25:42,4/23/2013,03:25:42,NaN,NaN,NaN,NaN,NaN
4/23/2013 03:25:57,4/23/2013,03:25:57,NaN,NaN,NaN,NaN,NaN
4/23/2013 03:26:12,4/23/2013,03:26:12,NaN,NaN,NaN,NaN,NaN
4/23/2013 03:26:27,4/23/2013,03:26:27,NaN,NaN,NaN,NaN,NaN
4/23/2013 03:26:42,4/23/2013,03:26:42,NaN,NaN,NaN,NaN,NaN
4/23/2013 03:26:57,4/23/2013,03:26:57,NaN,NaN,NaN,NaN,NaN
4/23/2013 03:27:12,4/23/2013,03:27:12,NaN,NaN,NaN,NaN,NaN
4/23/2013 03:27:27,4/23/2013,03:27:27,NaN,NaN,NaN,NaN,NaN
4/23/2013 03:27:42,4/23/2013,03:27:42,NaN,NaN,NaN,NaN,NaN
4/23/2013 03:27:57,4/23/2013,03:27:57,NaN,NaN,NaN,NaN,NaN
4/23/2013 03:28:12,4/23/2013,03:28:12,NaN,NaN,NaN,NaN,NaN
4/23/2013 03:28:27,4/23/2013,03:28:27,NaN,NaN,NaN,NaN,NaN
4/23/2013 03:28:42,4/23/2013,03:28:42,NaN,NaN,NaN,NaN,NaN
4/23/2013 03:28:57,4/23/2013,03:28:57,NaN,NaN,NaN,NaN,NaN
4/23/2013 03:29:12,4/23/2013,03:29:12,NaN,NaN,NaN,NaN,NaN
4/23/2013 03:29:27,4/23/2013,03:29:27,NaN,NaN,NaN,NaN,NaN
4/23/2013 03:29:42,4/23/2013,03:29:42,NaN,NaN,NaN,NaN,NaN
4/23/2013 03:29:57,4/23/2013,03:29:57,NaN,NaN,NaN,NaN,NaN
4/23/2013 03:30:12,4/23/2013,03:30:12,NaN,NaN,NaN,NaN,NaN
4/23/2013 03:30:27,4/23/2013,03:30:27,NaN,NaN,NaN,NaN,NaN
4/23/2013 03:30:42,4/23/2013,03:30:42,NaN,NaN,NaN,NaN,NaN
4/23/2013 03:30:57,4/23/2013,03:30:57,NaN,NaN,NaN,NaN,NaN
4/23/2013 03:31:12,4/23/2013,03:31:12,NaN,NaN,NaN,NaN,NaN
4/23/2013 03:31:27,4/23/2013,03:31:27,NaN,NaN,NaN,NaN,NaN
4/23/2013 03:31:42,4/23/2013,03:31:42,NaN,NaN,NaN,NaN,NaN
4/23/2013 03:31:57,4/23/2013,03:31:57,NaN,NaN,NaN,NaN,NaN
4/23/2013 03:32:12,4/23/2013,03:32:12,NaN,NaN,NaN,NaN,NaN
4/23/2013 03:32:27,4/23/2013,03:32:27,NaN,NaN,NaN,NaN,NaN
4/23/2013 03:32:42,4/23/2013,03:32:42,NaN,NaN,NaN,NaN,NaN
4/23/2013 03:32:57,4/23/2013,03:32:57,NaN,NaN,NaN,NaN,NaN
4/23/2013 03:33:12,4/23/2013,03:33:12,NaN,NaN,NaN,NaN,NaN
4/23/2013 03:33:27,4/23/2013,03:33:27,NaN,NaN,NaN,NaN,NaN
4/23/2013 03:33:42,4/23/2013,03:33:42,NaN,NaN,NaN,NaN,NaN
4/23/2013 03:33:57,4/23/2013,03:33:57,NaN,NaN,NaN,NaN,NaN
4/23/2013 03:34:12,4/23/2013,03:34:12,NaN,NaN,NaN,NaN,NaN
4/23/2013 03:34:27,4/23/2013,03:34:27,NaN,NaN,NaN,NaN,NaN
4/23/2013 03:34:42,4/23/2013,03:34:42,NaN,NaN,NaN,NaN,NaN
4/23/2013 03:34:57,4/23/2013,03:34:57,NaN,NaN,NaN,NaN,NaN
4/23/2013 03:35:12,4/23/2013,03:35:12,NaN,NaN,NaN,NaN,NaN
4/23/2013 03:35:27,4/23/2013,03:35:27,NaN,NaN,NaN,NaN,NaN
4/23/2013 03:35:42,4/23/2013,03:35:42,NaN,NaN,NaN,NaN,NaN
4/23/2013 03:35:57,4/23/2013,03:35:57,NaN,NaN,NaN,NaN,NaN
4/23/2013 03:36:12,4/23/2013,03:36:12,NaN,NaN,NaN,NaN,NaN
4/23/2013 03:36:27,4/23/2013,03:36:27,NaN,NaN,NaN,NaN,NaN
4/23/2013 03:36:42,4/23/2013,03:36:42,NaN,NaN,NaN,NaN,NaN
4/23/2013 03:36:57,4/23/2013,03:36:57,NaN,NaN,NaN,NaN,NaN
4/23/2013 03:37:12,4/23/2013,03:37:12,NaN,NaN,NaN,NaN,NaN
4/23/2013 03:37:27,4/23/2013,03:37:27,NaN,NaN,NaN,NaN,NaN
4/23/2013 03:37:42,4/23/2013,03:37:42,NaN,NaN,NaN,NaN,NaN
4/23/2013 03:37:57,4/23/2013,03:37:57,NaN,NaN,NaN,NaN,NaN
4/23/2013 03:38:12,4/23/2013,03:38:12,NaN,NaN,NaN,NaN,NaN
4/23/2013 03:38:27,4/23/2013,03:38:27,NaN,NaN,NaN,NaN,NaN
4/23/2013 03:38:42,4/23/2013,03:38:42,NaN,NaN,NaN,NaN,NaN
4/23/2013 03:38:57,4/23/2013,03:38:57,NaN,NaN,NaN,NaN,NaN
4/23/2013 03:39:12,4/23/2013,03:39:12,NaN,NaN,NaN,NaN,NaN
4/23/2013 03:39:27,4/23/2013,03:39:27,NaN,NaN,NaN,NaN,NaN
4/23/2013 03:39:42,4/23/2013,03:39:42,NaN,NaN,NaN,NaN,NaN
4/23/2013 03:39:57,4/23/2013,03:39:57,NaN,NaN,NaN,NaN,NaN
4/23/2013 03:40:12,4/23/2013,03:40:12,NaN,NaN,NaN,NaN,NaN
4/23/2013 03:40:27,4/23/2013,03:40:27,NaN,NaN,NaN,NaN,NaN
4/23/2013 03:40:42,4/23/2013,03:40:42,NaN,NaN,NaN,NaN,NaN
4/23/2013 03:40:57,4/23/2013,03:40:57,NaN,NaN,NaN,NaN,NaN
4/23/2013 03:41:12,4/23/2013,03:41:12,NaN,NaN,NaN,NaN,NaN
4/23/2013 03:41:27,4/23/2013,03:41:27,NaN,NaN,NaN,NaN,NaN
4/23/2013 03:41:42,4/23/2013,03:41:42,NaN,NaN,NaN,NaN,NaN
4/23/2013 03:41:57,4/23/2013,03:41:57,NaN,NaN,NaN,NaN,NaN
4/23/2013 03:42:12,4/23/2013,03:42:12,NaN,NaN,NaN,NaN,NaN
4/23/2013 03:42:27,4/23/2013,03:42:27,NaN,NaN,NaN,NaN,NaN
4/23/2013 03:42:42,4/23/2013,03:42:42,NaN,NaN,NaN,NaN,NaN
4/23/2013 03:42:57,4/23/2013,03:42:57,NaN,NaN,NaN,NaN,NaN
4/23/2013 03:43:12,4/23/2013,03:43:12,NaN,NaN,NaN,NaN,NaN
4/23/2013 03:43:27,4/23/2013,03:43:27,NaN,NaN,NaN,NaN,NaN
4/23/2013 03:43:42,4/23/2013,03:43:42,NaN,NaN,NaN,NaN,NaN
4/23/2013 03:43:57,4/23/2013,03:43:57,NaN,NaN,NaN,NaN,NaN
4/23/2013 03:44:12,4/23/2013,03:44:12,NaN,NaN,NaN,NaN,NaN
4/23/2013 03:44:27,4/23/2013,03:44:27,NaN,NaN,NaN,NaN,NaN
4/23/2013 03:44:42,4/23/2013,03:44:42,NaN,NaN,NaN,NaN,NaN
4/23/2013 03:44:57,4/23/2013,03:44:57,NaN,NaN,NaN,NaN,NaN
4/23/2013 03:45:12,4/23/2013,03:45:12,NaN,NaN,NaN,NaN,NaN
4/23/2013 03:45:27,4/23/2013,03:45:27,NaN,NaN,NaN,NaN,NaN
4/23/2013 03:45:42,4/23/2013,03:45:42,NaN,NaN,NaN,NaN,NaN
4/23/2013 03:45:57,4/23/2013,03:45:57,NaN,NaN,NaN,NaN,NaN
4/23/2013 03:46:12,4/23/2013,03:46:12,NaN,NaN,NaN,NaN,NaN
4/23/2013 03:46:27,4/23/2013,03:46:27,NaN,NaN,NaN,NaN,NaN
4/23/2013 03:46:42,4/23/2013,03:46:42,NaN,NaN,NaN,NaN,NaN
4/23/2013 03:46:57,4/23/2013,03:46:57,NaN,NaN,NaN,NaN,NaN
4/23/2013 03:47:12,4/23/2013,03:47:12,NaN,NaN,NaN,NaN,NaN
4/23/2013 03:47:27,4/23/2013,03:47:27,NaN,NaN,NaN,NaN,NaN
4/23/2013 03:47:42,4/23/2013,03:47:42,NaN,NaN,NaN,NaN,NaN
4/23/2013 03:47:57,4/23/2013,03:47:57,NaN,NaN,NaN,NaN,NaN
4/23/2013 03:48:12,4/23/2013,03:48:12,NaN,NaN,NaN,NaN,NaN
4/23/2013 03:48:27,4/23/2013,03:48:27,NaN,NaN,NaN,NaN,NaN
4/23/2013 03:48:42,4/23/2013,03:48:42,NaN,NaN,NaN,NaN,NaN
4/23/2013 03:48:57,4/23/2013,03:48:57,NaN,NaN,NaN,NaN,NaN
4/23/2013 03:49:12,4/23/2013,03:49:12,NaN,NaN,NaN,NaN,NaN
4/23/2013 03:49:27,4/23/2013,03:49:27,NaN,NaN,NaN,NaN,NaN
4/23/2013 03:49:42,4/23/2013,03:49:42,NaN,NaN,NaN,NaN,NaN
4/23/2013 03:49:57,4/23/2013,03:49:57,NaN,NaN,NaN,NaN,NaN
4/23/2013 03:50:12,4/23/2013,03:50:12,NaN,NaN,NaN,NaN,NaN
4/23/2013 03:50:27,4/23/2013,03:50:27,NaN,NaN,NaN,NaN,NaN
4/23/2013 03:50:42,4/23/2013,03:50:42,NaN,NaN,NaN,NaN,NaN
4/23/2013 03:50:57,4/23/2013,03:50:57,NaN,NaN,NaN,NaN,NaN
4/23/2013 03:51:12,4/23/2013,03:51:12,NaN,NaN,NaN,NaN,NaN
4/23/2013 03:51:27,4/23/2013,03:51:27,NaN,NaN,NaN,NaN,NaN
4/23/2013 03:51:42,4/23/2013,03:51:42,NaN,NaN,NaN,NaN,NaN
4/23/2013 03:51:57,4/23/2013,03:51:57,NaN,NaN,NaN,NaN,NaN
4/23/2013 03:52:12,4/23/2013,03:52:12,NaN,NaN,NaN,NaN,NaN
4/23/2013 03:52:27,4/23/2013,03:52:27,NaN,NaN,NaN,NaN,NaN
4/23/2013 03:52:42,4/23/2013,03:52:42,NaN,NaN,NaN,NaN,NaN
4/23/2013 03:52:57,4/23/2013,03:52:57,NaN,NaN,NaN,NaN,NaN
4/23/2013 03:53:12,4/23/2013,03:53:12,NaN,NaN,NaN,NaN,NaN
4/23/2013 03:53:27,4/23/2013,03:53:27,NaN,NaN,NaN,NaN,NaN
4/23/2013 03:53:42,4/23/2013,03:53:42,NaN,NaN,NaN,NaN,NaN
4/23/2013 03:53:57,4/23/2013,03:53:57,NaN,NaN,NaN,NaN,NaN
4/23/2013 03:54:12,4/23/2013,03:54:12,NaN,NaN,NaN,NaN,NaN
4/23/2013 03:54:27,4/23/2013,03:54:27,NaN,NaN,NaN,NaN,NaN
4/23/2013 03:54:42,4/23/2013,03:54:42,NaN,NaN,NaN,NaN,NaN
4/23/2013 03:54:57,4/23/2013,03:54:57,NaN,NaN,NaN,NaN,NaN
4/23/2013 03:55:12,4/23/2013,03:55:12,NaN,NaN,NaN,NaN,NaN
4/23/2013 03:55:27,4/23/2013,03:55:27,NaN,NaN,NaN,NaN,NaN
4/23/2013 03:55:42,4/23/2013,03:55:42,NaN,NaN,NaN,NaN,NaN
4/23/2013 03:55:57,4/23/2013,03:55:57,NaN,NaN,NaN,NaN,NaN
4/23/2013 03:56:12,4/23/2013,03:56:12,NaN,NaN,NaN,NaN,NaN
4/23/2013 03:56:27,4/23/2013,03:56:27,NaN,NaN,NaN,NaN,NaN
4/23/2013 03:56:42,4/23/2013,03:56:42,NaN,NaN,NaN,NaN,NaN
4/23/2013 03:56:57,4/23/2013,03:56:57,NaN,NaN,NaN,NaN,NaN
4/23/2013 03:57:12,4/23/2013,03:57:12,NaN,NaN,NaN,NaN,NaN
4/23/2013 03:57:27,4/23/2013,03:57:27,NaN,NaN,NaN,NaN,NaN
4/23/2013 03:57:42,4/23/2013,03:57:42,NaN,NaN,NaN,NaN,NaN
4/23/2013 03:57:57,4/23/2013,03:57:57,NaN,NaN,NaN,NaN,NaN
4/23/2013 03:58:12,4/23/2013,03:58:12,NaN,NaN,NaN,NaN,NaN
4/23/2013 03:58:27,4/23/2013,03:58:27,NaN,NaN,NaN,NaN,NaN
4/23/2013 03:58:42,4/23/2013,03:58:42,NaN,NaN,NaN,NaN,NaN
4/23/2013 03:58:57,4/23/2013,03:58:57,NaN,NaN,NaN,NaN,NaN
4/23/2013 03:59:12,4/23/2013,03:59:12,NaN,NaN,NaN,NaN,NaN
4/23/2013 03:59:27,4/23/2013,03:59:27,NaN,NaN,NaN,NaN,NaN
4/23/2013 03:59:42,4/23/2013,03:59:42,NaN,NaN,NaN,NaN,NaN
4/23/2013 03:59:57,4/23/2013,03:59:57,NaN,NaN,NaN,NaN,NaN
4/23/2013 04:00:12,4/23/2013,04:00:12,NaN,NaN,NaN,NaN,NaN
4/23/2013 04:00:27,4/23/2013,04:00:27,NaN,NaN,NaN,NaN,NaN
4/23/2013 04:00:42,4/23/2013,04:00:42,NaN,NaN,NaN,NaN,NaN
4/23/2013 04:00:57,4/23/2013,04:00:57,NaN,NaN,NaN,NaN,NaN
4/23/2013 04:01:12,4/23/2013,04:01:12,NaN,NaN,NaN,NaN,NaN
4/23/2013 04:01:27,4/23/2013,04:01:27,NaN,NaN,NaN,NaN,NaN
4/23/2013 04:01:42,4/23/2013,04:01:42,NaN,NaN,NaN,NaN,NaN
4/23/2013 04:01:57,4/23/2013,04:01:57,NaN,NaN,NaN,NaN,NaN
4/23/2013 04:02:12,4/23/2013,04:02:12,NaN,NaN,NaN,NaN,NaN
4/23/2013 04:02:27,4/23/2013,04:02:27,NaN,NaN,NaN,NaN,NaN
4/23/2013 04:02:42,4/23/2013,04:02:42,NaN,NaN,NaN,NaN,NaN
4/23/2013 04:02:57,4/23/2013,04:02:57,NaN,NaN,NaN,NaN,NaN
4/23/2013 04:03:12,4/23/2013,04:03:12,NaN,NaN,NaN,NaN,NaN
4/23/2013 04:03:27,4/23/2013,04:03:27,NaN,NaN,NaN,NaN,NaN
4/23/2013 04:03:42,4/23/2013,04:03:42,NaN,NaN,NaN,NaN,NaN
4/23/2013 04:03:57,4/23/2013,04:03:57,NaN,NaN,NaN,NaN,NaN
4/23/2013 04:04:12,4/23/2013,04:04:12,NaN,NaN,NaN,NaN,NaN
4/23/2013 04:04:27,4/23/2013,04:04:27,NaN,NaN,NaN,NaN,NaN
4/23/2013 04:04:42,4/23/2013,04:04:42,NaN,NaN,NaN,NaN,NaN
4/23/2013 04:04:57,4/23/2013,04:04:57,NaN,NaN,NaN,NaN,NaN
4/23/2013 04:05:12,4/23/2013,04:05:12,NaN,NaN,NaN,NaN,NaN
4/23/2013 04:05:27,4/23/2013,04:05:27,NaN,NaN,NaN,NaN,NaN
4/23/2013 04:05:42,4/23/2013,04:05:42,NaN,NaN,NaN,NaN,NaN
4/23/2013 04:05:57,4/23/2013,04:05:57,NaN,NaN,NaN,NaN,NaN
4/23/2013 04:06:12,4/23/2013,04:06:12,NaN,NaN,NaN,NaN,NaN
4/23/2013 04:06:27,4/23/2013,04:06:27,NaN,NaN,NaN,NaN,NaN
4/23/2013 04:06:42,4/23/2013,04:06:42,NaN,NaN,NaN,NaN,NaN
4/23/2013 04:06:57,4/23/2013,04:06:57,NaN,NaN,NaN,NaN,NaN
4/23/2013 04:07:12,4/23/2013,04:07:12,NaN,NaN,NaN,NaN,NaN
4/23/2013 04:07:27,4/23/2013,04:07:27,NaN,NaN,NaN,NaN,NaN
4/23/2013 04:07:42,4/23/2013,04:07:42,NaN,NaN,NaN,NaN,NaN
4/23/2013 04:07:57,4/23/2013,04:07:57,NaN,NaN,NaN,NaN,NaN
4/23/2013 04:08:12,4/23/2013,04:08:12,NaN,NaN,NaN,NaN,NaN
4/23/2013 04:08:27,4/23/2013,04:08:27,NaN,NaN,NaN,NaN,NaN
4/23/2013 04:08:42,4/23/2013,04:08:42,NaN,NaN,NaN,NaN,NaN
4/23/2013 04:08:57,4/23/2013,04:08:57,NaN,NaN,NaN,NaN,NaN
4/23/2013 04:09:12,4/23/2013,04:09:12,NaN,NaN,NaN,NaN,NaN
4/23/2013 04:09:27,4/23/2013,04:09:27,NaN,NaN,NaN,NaN,NaN
4/23/2013 04:09:42,4/23/2013,04:09:42,NaN,NaN,NaN,NaN,NaN
4/23/2013 04:09:57,4/23/2013,04:09:57,NaN,NaN,NaN,NaN,NaN
4/23/2013 04:10:12,4/23/2013,04:10:12,NaN,NaN,NaN,NaN,NaN
4/23/2013 04:10:27,4/23/2013,04:10:27,NaN,NaN,NaN,NaN,NaN
4/23/2013 04:10:42,4/23/2013,04:10:42,NaN,NaN,NaN,NaN,NaN
4/23/2013 04:10:57,4/23/2013,04:10:57,NaN,NaN,NaN,NaN,NaN
4/23/2013 04:11:12,4/23/2013,04:11:12,NaN,NaN,NaN,NaN,NaN
4/23/2013 04:11:27,4/23/2013,04:11:27,NaN,NaN,NaN,NaN,NaN
4/23/2013 04:11:42,4/23/2013,04:11:42,NaN,NaN,NaN,NaN,NaN
4/23/2013 04:11:57,4/23/2013,04:11:57,NaN,NaN,NaN,NaN,NaN
4/23/2013 04:12:12,4/23/2013,04:12:12,NaN,NaN,NaN,NaN,NaN
4/23/2013 04:12:27,4/23/2013,04:12:27,NaN,NaN,NaN,NaN,NaN
4/23/2013 04:12:42,4/23/2013,04:12:42,NaN,NaN,NaN,NaN,NaN
4/23/2013 04:12:57,4/23/2013,04:12:57,NaN,NaN,NaN,NaN,NaN
4/23/2013 04:13:12,4/23/2013,04:13:12,NaN,NaN,NaN,NaN,NaN
4/23/2013 04:13:27,4/23/2013,04:13:27,NaN,NaN,NaN,NaN,NaN
4/23/2013 04:13:42,4/23/2013,04:13:42,NaN,NaN,NaN,NaN,NaN
4/23/2013 04:13:57,4/23/2013,04:13:57,NaN,NaN,NaN,NaN,NaN
4/23/2013 04:14:12,4/23/2013,04:14:12,NaN,NaN,NaN,NaN,NaN
4/23/2013 04:14:27,4/23/2013,04:14:27,NaN,NaN,NaN,NaN,NaN
4/23/2013 04:14:42,4/23/2013,04:14:42,NaN,NaN,NaN,NaN,NaN
4/23/2013 04:14:57,4/23/2013,04:14:57,NaN,NaN,NaN,NaN,NaN
4/23/2013 04:15:12,4/23/2013,04:15:12,NaN,NaN,NaN,NaN,NaN
4/23/2013 04:15:27,4/23/2013,04:15:27,NaN,NaN,NaN,NaN,NaN
4/23/2013 04:15:42,4/23/2013,04:15:42,NaN,NaN,NaN,NaN,NaN
4/23/2013 04:15:57,4/23/2013,04:15:57,NaN,NaN,NaN,NaN,NaN
4/23/2013 04:16:12,4/23/2013,04:16:12,NaN,NaN,NaN,NaN,NaN
4/23/2013 04:16:27,4/23/2013,04:16:27,NaN,NaN,NaN,NaN,NaN
4/23/2013 04:16:42,4/23/2013,04:16:42,NaN,NaN,NaN,NaN,NaN
4/23/2013 04:16:57,4/23/2013,04:16:57,NaN,NaN,NaN,NaN,NaN
4/23/2013 04:17:12,4/23/2013,04:17:12,NaN,NaN,NaN,NaN,NaN
4/23/2013 04:17:27,4/23/2013,04:17:27,NaN,NaN,NaN,NaN,NaN
4/23/2013 04:17:42,4/23/2013,04:17:42,NaN,NaN,NaN,NaN,NaN
4/23/2013 04:17:57,4/23/2013,04:17:57,NaN,NaN,NaN,NaN,NaN
4/23/2013 04:18:12,4/23/2013,04:18:12,NaN,NaN,NaN,NaN,NaN
4/23/2013 04:18:27,4/23/2013,04:18:27,NaN,NaN,NaN,NaN,NaN
4/23/2013 04:18:42,4/23/2013,04:18:42,NaN,NaN,NaN,NaN,NaN
4/23/2013 04:18:57,4/23/2013,04:18:57,NaN,NaN,NaN,NaN,NaN
4/23/2013 04:19:12,4/23/2013,04:19:12,NaN,NaN,NaN,NaN,NaN
4/23/2013 04:19:27,4/23/2013,04:19:27,NaN,NaN,NaN,NaN,NaN
4/23/2013 04:19:42,4/23/2013,04:19:42,NaN,NaN,NaN,NaN,NaN
4/23/2013 04:19:57,4/23/2013,04:19:57,NaN,NaN,NaN,NaN,NaN
4/23/2013 04:20:12,4/23/2013,04:20:12,NaN,NaN,NaN,NaN,NaN
4/23/2013 04:20:27,4/23/2013,04:20:27,NaN,NaN,NaN,NaN,NaN
4/23/2013 04:20:42,4/23/2013,04:20:42,NaN,NaN,NaN,NaN,NaN
4/23/2013 04:20:57,4/23/2013,04:20:57,NaN,NaN,NaN,NaN,NaN
4/23/2013 04:21:12,4/23/2013,04:21:12,NaN,NaN,NaN,NaN,NaN
4/23/2013 04:21:27,4/23/2013,04:21:27,NaN,NaN,NaN,NaN,NaN
4/23/2013 04:21:42,4/23/2013,04:21:42,NaN,NaN,NaN,NaN,NaN
4/23/2013 04:21:57,4/23/2013,04:21:57,NaN,NaN,NaN,NaN,NaN
4/23/2013 04:22:12,4/23/2013,04:22:12,NaN,NaN,NaN,NaN,NaN
4/23/2013 04:22:27,4/23/2013,04:22:27,NaN,NaN,NaN,NaN,NaN
4/23/2013 04:22:42,4/23/2013,04:22:42,NaN,NaN,NaN,NaN,NaN
4/23/2013 04:22:57,4/23/2013,04:22:57,NaN,NaN,NaN,NaN,NaN
4/23/2013 04:23:12,4/23/2013,04:23:12,NaN,NaN,NaN,NaN,NaN
4/23/2013 04:23:27,4/23/2013,04:23:27,NaN,NaN,NaN,NaN,NaN
4/23/2013 04:23:42,4/23/2013,04:23:42,NaN,NaN,NaN,NaN,NaN
4/23/2013 04:23:57,4/23/2013,04:23:57,NaN,NaN,NaN,NaN,NaN
4/23/2013 04:24:12,4/23/2013,04:24:12,NaN,NaN,NaN,NaN,NaN
4/23/2013 04:24:27,4/23/2013,04:24:27,NaN,NaN,NaN,NaN,NaN
4/23/2013 04:24:42,4/23/2013,04:24:42,NaN,NaN,NaN,NaN,NaN
4/23/2013 04:24:57,4/23/2013,04:24:57,NaN,NaN,NaN,NaN,NaN
4/23/2013 04:25:12,4/23/2013,04:25:12,NaN,NaN,NaN,NaN,NaN
4/23/2013 04:25:27,4/23/2013,04:25:27,NaN,NaN,NaN,NaN,NaN
4/23/2013 04:25:42,4/23/2013,04:25:42,NaN,NaN,NaN,NaN,NaN
4/23/2013 04:25:57,4/23/2013,04:25:57,NaN,NaN,NaN,NaN,NaN
4/23/2013 04:26:12,4/23/2013,04:26:12,NaN,NaN,NaN,NaN,NaN
4/23/2013 04:26:27,4/23/2013,04:26:27,NaN,NaN,NaN,NaN,NaN
4/23/2013 04:26:42,4/23/2013,04:26:42,NaN,NaN,NaN,NaN,NaN
4/23/2013 04:26:57,4/23/2013,04:26:57,NaN,NaN,NaN,NaN,NaN
4/23/2013 04:27:12,4/23/2013,04:27:12,NaN,NaN,NaN,NaN,NaN
4/23/2013 04:27:27,4/23/2013,04:27:27,NaN,NaN,NaN,NaN,NaN
4/23/2013 04:27:42,4/23/2013,04:27:42,NaN,NaN,NaN,NaN,NaN
4/23/2013 04:27:57,4/23/2013,04:27:57,NaN,NaN,NaN,NaN,NaN
4/23/2013 04:28:12,4/23/2013,04:28:12,NaN,NaN,NaN,NaN,NaN
4/23/2013 04:28:27,4/23/2013,04:28:27,NaN,NaN,NaN,NaN,NaN
4/23/2013 04:28:42,4/23/2013,04:28:42,NaN,NaN,NaN,NaN,NaN
4/23/2013 04:28:57,4/23/2013,04:28:57,NaN,NaN,NaN,NaN,NaN
4/23/2013 04:29:12,4/23/2013,04:29:12,NaN,NaN,NaN,NaN,NaN
4/23/2013 04:29:27,4/23/2013,04:29:27,NaN,NaN,NaN,NaN,NaN
4/23/2013 04:29:42,4/23/2013,04:29:42,NaN,NaN,NaN,NaN,NaN
4/23/2013 04:29:57,4/23/2013,04:29:57,NaN,NaN,NaN,NaN,NaN
4/23/2013 04:30:12,4/23/2013,04:30:12,NaN,NaN,NaN,NaN,NaN
4/23/2013 04:30:27,4/23/2013,04:30:27,NaN,NaN,NaN,NaN,NaN
4/23/2013 04:30:42,4/23/2013,04:30:42,NaN,NaN,NaN,NaN,NaN
4/23/2013 04:30:57,4/23/2013,04:30:57,NaN,NaN,NaN,NaN,NaN
4/23/2013 04:31:12,4/23/2013,04:31:12,NaN,NaN,NaN,NaN,NaN
4/23/2013 04:31:27,4/23/2013,04:31:27,NaN,NaN,NaN,NaN,NaN
4/23/2013 04:31:42,4/23/2013,04:31:42,NaN,NaN,NaN,NaN,NaN
4/23/2013 04:31:57,4/23/2013,04:31:57,NaN,NaN,NaN,NaN,NaN
4/23/2013 04:32:12,4/23/2013,04:32:12,NaN,NaN,NaN,NaN,NaN
4/23/2013 04:32:27,4/23/2013,04:32:27,NaN,NaN,NaN,NaN,NaN
4/23/2013 04:32:42,4/23/2013,04:32:42,NaN,NaN,NaN,NaN,NaN
4/23/2013 04:32:57,4/23/2013,04:32:57,NaN,NaN,NaN,NaN,NaN
4/23/2013 04:33:12,4/23/2013,04:33:12,NaN,NaN,NaN,NaN,NaN
4/23/2013 04:33:27,4/23/2013,04:33:27,NaN,NaN,NaN,NaN,NaN
4/23/2013 04:33:42,4/23/2013,04:33:42,NaN,NaN,NaN,NaN,NaN
4/23/2013 04:33:57,4/23/2013,04:33:57,NaN,NaN,NaN,NaN,NaN
4/23/2013 04:34:12,4/23/2013,04:34:12,NaN,NaN,NaN,NaN,NaN
4/23/2013 04:34:27,4/23/2013,04:34:27,NaN,NaN,NaN,NaN,NaN
4/23/2013 04:34:42,4/23/2013,04:34:42,NaN,NaN,NaN,NaN,NaN
4/23/2013 04:34:57,4/23/2013,04:34:57,NaN,NaN,NaN,NaN,NaN
4/23/2013 04:35:12,4/23/2013,04:35:12,NaN,NaN,NaN,NaN,NaN
4/23/2013 04:35:27,4/23/2013,04:35:27,NaN,NaN,NaN,NaN,NaN
4/23/2013 04:35:42,4/23/2013,04:35:42,NaN,NaN,NaN,NaN,NaN
4/23/2013 04:35:57,4/23/2013,04:35:57,NaN,NaN,NaN,NaN,NaN
4/23/2013 04:36:12,4/23/2013,04:36:12,NaN,NaN,NaN,NaN,NaN
4/23/2013 04:36:27,4/23/2013,04:36:27,NaN,NaN,NaN,NaN,NaN
4/23/2013 04:36:42,4/23/2013,04:36:42,NaN,NaN,NaN,NaN,NaN
4/23/2013 04:36:57,4/23/2013,04:36:57,NaN,NaN,NaN,NaN,NaN
4/23/2013 04:37:12,4/23/2013,04:37:12,NaN,NaN,NaN,NaN,NaN
4/23/2013 04:37:27,4/23/2013,04:37:27,NaN,NaN,NaN,NaN,NaN
4/23/2013 04:37:42,4/23/2013,04:37:42,NaN,NaN,NaN,NaN,NaN
4/23/2013 04:37:57,4/23/2013,04:37:57,NaN,NaN,NaN,NaN,NaN
4/23/2013 04:38:12,4/23/2013,04:38:12,NaN,NaN,NaN,NaN,NaN
4/23/2013 04:38:27,4/23/2013,04:38:27,NaN,NaN,NaN,NaN,NaN
4/23/2013 04:38:42,4/23/2013,04:38:42,NaN,NaN,NaN,NaN,NaN
4/23/2013 04:38:57,4/23/2013,04:38:57,NaN,NaN,NaN,NaN,NaN
4/23/2013 04:39:12,4/23/2013,04:39:12,NaN,NaN,NaN,NaN,NaN
4/23/2013 04:39:27,4/23/2013,04:39:27,NaN,NaN,NaN,NaN,NaN
4/23/2013 04:39:42,4/23/2013,04:39:42,NaN,NaN,NaN,NaN,NaN
4/23/2013 04:39:57,4/23/2013,04:39:57,NaN,NaN,NaN,NaN,NaN
4/23/2013 04:40:12,4/23/2013,04:40:12,NaN,NaN,NaN,NaN,NaN
4/23/2013 04:40:27,4/23/2013,04:40:27,NaN,NaN,NaN,NaN,NaN
4/23/2013 04:40:42,4/23/2013,04:40:42,NaN,NaN,NaN,NaN,NaN
4/23/2013 04:40:57,4/23/2013,04:40:57,NaN,NaN,NaN,NaN,NaN
4/23/2013 04:41:12,4/23/2013,04:41:12,NaN,NaN,NaN,NaN,NaN
4/23/2013 04:41:27,4/23/2013,04:41:27,NaN,NaN,NaN,NaN,NaN
4/23/2013 04:41:42,4/23/2013,04:41:42,NaN,NaN,NaN,NaN,NaN
4/23/2013 04:41:57,4/23/2013,04:41:57,NaN,NaN,NaN,NaN,NaN
4/23/2013 04:42:12,4/23/2013,04:42:12,NaN,NaN,NaN,NaN,NaN
4/23/2013 04:42:27,4/23/2013,04:42:27,NaN,NaN,NaN,NaN,NaN
4/23/2013 04:42:42,4/23/2013,04:42:42,NaN,NaN,NaN,NaN,NaN
4/23/2013 04:42:57,4/23/2013,04:42:57,NaN,NaN,NaN,NaN,NaN
4/23/2013 04:43:12,4/23/2013,04:43:12,NaN,NaN,NaN,NaN,NaN
4/23/2013 04:43:27,4/23/2013,04:43:27,NaN,NaN,NaN,NaN,NaN
4/23/2013 04:43:42,4/23/2013,04:43:42,NaN,NaN,NaN,NaN,NaN
4/23/2013 04:43:57,4/23/2013,04:43:57,NaN,NaN,NaN,NaN,NaN
4/23/2013 04:44:12,4/23/2013,04:44:12,NaN,NaN,NaN,NaN,NaN
4/23/2013 04:44:27,4/23/2013,04:44:27,NaN,NaN,NaN,NaN,NaN
4/23/2013 04:44:42,4/23/2013,04:44:42,NaN,NaN,NaN,NaN,NaN
4/23/2013 04:44:57,4/23/2013,04:44:57,NaN,NaN,NaN,NaN,NaN
4/23/2013 04:45:12,4/23/2013,04:45:12,NaN,NaN,NaN,NaN,NaN
4/23/2013 04:45:27,4/23/2013,04:45:27,NaN,NaN,NaN,NaN,NaN
4/23/2013 04:45:42,4/23/2013,04:45:42,NaN,NaN,NaN,NaN,NaN
4/23/2013 04:45:57,4/23/2013,04:45:57,NaN,NaN,NaN,NaN,NaN
4/23/2013 04:46:12,4/23/2013,04:46:12,NaN,NaN,NaN,NaN,NaN
4/23/2013 04:46:27,4/23/2013,04:46:27,NaN,NaN,NaN,NaN,NaN
4/23/2013 04:46:42,4/23/2013,04:46:42,NaN,NaN,NaN,NaN,NaN
4/23/2013 04:46:57,4/23/2013,04:46:57,NaN,NaN,NaN,NaN,NaN
4/23/2013 04:47:12,4/23/2013,04:47:12,NaN,NaN,NaN,NaN,NaN
4/23/2013 04:47:27,4/23/2013,04:47:27,NaN,NaN,NaN,NaN,NaN
4/23/2013 04:47:42,4/23/2013,04:47:42,NaN,NaN,NaN,NaN,NaN
4/23/2013 04:47:57,4/23/2013,04:47:57,NaN,NaN,NaN,NaN,NaN
4/23/2013 04:48:12,4/23/2013,04:48:12,NaN,NaN,NaN,NaN,NaN
4/23/2013 04:48:27,4/23/2013,04:48:27,NaN,NaN,NaN,NaN,NaN
4/23/2013 04:48:42,4/23/2013,04:48:42,NaN,NaN,NaN,NaN,NaN
4/23/2013 04:48:57,4/23/2013,04:48:57,NaN,NaN,NaN,NaN,NaN
4/23/2013 04:49:12,4/23/2013,04:49:12,NaN,NaN,NaN,NaN,NaN
4/23/2013 04:49:27,4/23/2013,04:49:27,NaN,NaN,NaN,NaN,NaN
4/23/2013 04:49:42,4/23/2013,04:49:42,NaN,NaN,NaN,NaN,NaN
4/23/2013 04:49:57,4/23/2013,04:49:57,NaN,NaN,NaN,NaN,NaN
4/23/2013 04:50:12,4/23/2013,04:50:12,NaN,NaN,NaN,NaN,NaN
4/23/2013 04:50:27,4/23/2013,04:50:27,NaN,NaN,NaN,NaN,NaN
4/23/2013 04:50:42,4/23/2013,04:50:42,NaN,NaN,NaN,NaN,NaN
4/23/2013 04:50:57,4/23/2013,04:50:57,NaN,NaN,NaN,NaN,NaN
4/23/2013 04:51:12,4/23/2013,04:51:12,NaN,NaN,NaN,NaN,NaN
4/23/2013 04:51:27,4/23/2013,04:51:27,NaN,NaN,NaN,NaN,NaN
4/23/2013 04:51:42,4/23/2013,04:51:42,NaN,NaN,NaN,NaN,NaN
4/23/2013 04:51:57,4/23/2013,04:51:57,NaN,NaN,NaN,NaN,NaN
4/23/2013 04:52:12,4/23/2013,04:52:12,NaN,NaN,NaN,NaN,NaN
4/23/2013 04:52:27,4/23/2013,04:52:27,NaN,NaN,NaN,NaN,NaN
4/23/2013 04:52:42,4/23/2013,04:52:42,NaN,NaN,NaN,NaN,NaN
4/23/2013 04:52:57,4/23/2013,04:52:57,NaN,NaN,NaN,NaN,NaN
4/23/2013 04:53:12,4/23/2013,04:53:12,NaN,NaN,NaN,NaN,NaN
4/23/2013 04:53:27,4/23/2013,04:53:27,NaN,NaN,NaN,NaN,NaN
4/23/2013 04:53:42,4/23/2013,04:53:42,NaN,NaN,NaN,NaN,NaN
4/23/2013 04:53:57,4/23/2013,04:53:57,NaN,NaN,NaN,NaN,NaN
4/23/2013 04:54:12,4/23/2013,04:54:12,NaN,NaN,NaN,NaN,NaN
4/23/2013 04:54:27,4/23/2013,04:54:27,NaN,NaN,NaN,NaN,NaN
4/23/2013 04:54:42,4/23/2013,04:54:42,NaN,NaN,NaN,NaN,NaN
4/23/2013 04:54:57,4/23/2013,04:54:57,NaN,NaN,NaN,NaN,NaN
4/23/2013 04:55:12,4/23/2013,04:55:12,NaN,NaN,NaN,NaN,NaN
4/23/2013 04:55:27,4/23/2013,04:55:27,NaN,NaN,NaN,NaN,NaN
4/23/2013 04:55:42,4/23/2013,04:55:42,NaN,NaN,NaN,NaN,NaN
4/23/2013 04:55:57,4/23/2013,04:55:57,NaN,NaN,NaN,NaN,NaN
4/23/2013 04:56:12,4/23/2013,04:56:12,NaN,NaN,NaN,NaN,NaN
4/23/2013 04:56:27,4/23/2013,04:56:27,NaN,NaN,NaN,NaN,NaN
4/23/2013 04:56:42,4/23/2013,04:56:42,NaN,NaN,NaN,NaN,NaN
4/23/2013 04:56:57,4/23/2013,04:56:57,NaN,NaN,NaN,NaN,NaN
4/23/2013 04:57:12,4/23/2013,04:57:12,NaN,NaN,NaN,NaN,NaN
4/23/2013 04:57:27,4/23/2013,04:57:27,NaN,NaN,NaN,NaN,NaN
4/23/2013 04:57:42,4/23/2013,04:57:42,NaN,NaN,NaN,NaN,NaN
4/23/2013 04:57:57,4/23/2013,04:57:57,NaN,NaN,NaN,NaN,NaN
4/23/2013 04:58:12,4/23/2013,04:58:12,NaN,NaN,NaN,NaN,NaN
4/23/2013 04:58:27,4/23/2013,04:58:27,NaN,NaN,NaN,NaN,NaN
4/23/2013 04:58:42,4/23/2013,04:58:42,NaN,NaN,NaN,NaN,NaN
4/23/2013 04:58:57,4/23/2013,04:58:57,NaN,NaN,NaN,NaN,NaN
4/23/2013 04:59:12,4/23/2013,04:59:12,NaN,NaN,NaN,NaN,NaN
4/23/2013 04:59:27,4/23/2013,04:59:27,NaN,NaN,NaN,NaN,NaN
4/23/2013 04:59:42,4/23/2013,04:59:42,NaN,NaN,NaN,NaN,NaN
4/23/2013 04:59:57,4/23/2013,04:59:57,NaN,NaN,NaN,NaN,NaN
4/23/2013 05:00:12,4/23/2013,05:00:12,NaN,NaN,NaN,NaN,NaN
4/23/2013 05:00:27,4/23/2013,05:00:27,NaN,NaN,NaN,NaN,NaN
4/23/2013 05:00:42,4/23/2013,05:00:42,NaN,NaN,NaN,NaN,NaN
4/23/2013 05:00:57,4/23/2013,05:00:57,NaN,NaN,NaN,NaN,NaN
4/23/2013 05:01:12,4/23/2013,05:01:12,NaN,NaN,NaN,NaN,NaN
4/23/2013 05:01:27,4/23/2013,05:01:27,NaN,NaN,NaN,NaN,NaN
4/23/2013 05:01:42,4/23/2013,05:01:42,NaN,NaN,NaN,NaN,NaN
4/23/2013 05:01:57,4/23/2013,05:01:57,NaN,NaN,NaN,NaN,NaN
4/23/2013 05:02:12,4/23/2013,05:02:12,NaN,NaN,NaN,NaN,NaN
4/23/2013 05:02:27,4/23/2013,05:02:27,NaN,NaN,NaN,NaN,NaN
4/23/2013 05:02:42,4/23/2013,05:02:42,NaN,NaN,NaN,NaN,NaN
4/23/2013 05:02:57,4/23/2013,05:02:57,NaN,NaN,NaN,NaN,NaN
4/23/2013 05:03:12,4/23/2013,05:03:12,NaN,NaN,NaN,NaN,NaN
4/23/2013 05:03:27,4/23/2013,05:03:27,NaN,NaN,NaN,NaN,NaN
4/23/2013 05:03:42,4/23/2013,05:03:42,NaN,NaN,NaN,NaN,NaN
4/23/2013 05:03:57,4/23/2013,05:03:57,NaN,NaN,NaN,NaN,NaN
4/23/2013 05:04:12,4/23/2013,05:04:12,NaN,NaN,NaN,NaN,NaN
4/23/2013 05:04:27,4/23/2013,05:04:27,NaN,NaN,NaN,NaN,NaN
4/23/2013 05:04:42,4/23/2013,05:04:42,NaN,NaN,NaN,NaN,NaN
4/23/2013 05:04:57,4/23/2013,05:04:57,NaN,NaN,NaN,NaN,NaN
4/23/2013 05:05:12,4/23/2013,05:05:12,NaN,NaN,NaN,NaN,NaN
4/23/2013 05:05:27,4/23/2013,05:05:27,NaN,NaN,NaN,NaN,NaN
4/23/2013 05:05:42,4/23/2013,05:05:42,NaN,NaN,NaN,NaN,NaN
4/23/2013 05:05:57,4/23/2013,05:05:57,NaN,NaN,NaN,NaN,NaN
4/23/2013 05:06:12,4/23/2013,05:06:12,NaN,NaN,NaN,NaN,NaN
4/23/2013 05:06:27,4/23/2013,05:06:27,NaN,NaN,NaN,NaN,NaN
4/23/2013 05:06:42,4/23/2013,05:06:42,NaN,NaN,NaN,NaN,NaN
4/23/2013 05:06:57,4/23/2013,05:06:57,NaN,NaN,NaN,NaN,NaN
4/23/2013 05:07:12,4/23/2013,05:07:12,NaN,NaN,NaN,NaN,NaN
4/23/2013 05:07:27,4/23/2013,05:07:27,NaN,NaN,NaN,NaN,NaN
4/23/2013 05:07:42,4/23/2013,05:07:42,NaN,NaN,NaN,NaN,NaN
4/23/2013 05:07:57,4/23/2013,05:07:57,NaN,NaN,NaN,NaN,NaN
4/23/2013 05:08:12,4/23/2013,05:08:12,NaN,NaN,NaN,NaN,NaN
4/23/2013 05:08:27,4/23/2013,05:08:27,NaN,NaN,NaN,NaN,NaN
4/23/2013 05:08:42,4/23/2013,05:08:42,NaN,NaN,NaN,NaN,NaN
4/23/2013 05:08:57,4/23/2013,05:08:57,NaN,NaN,NaN,NaN,NaN
4/23/2013 05:09:12,4/23/2013,05:09:12,NaN,NaN,NaN,NaN,NaN
4/23/2013 05:09:27,4/23/2013,05:09:27,NaN,NaN,NaN,NaN,NaN
4/23/2013 05:09:42,4/23/2013,05:09:42,NaN,NaN,NaN,NaN,NaN
4/23/2013 05:09:57,4/23/2013,05:09:57,NaN,NaN,NaN,NaN,NaN
4/23/2013 05:10:12,4/23/2013,05:10:12,NaN,NaN,NaN,NaN,NaN
4/23/2013 05:10:27,4/23/2013,05:10:27,NaN,NaN,NaN,NaN,NaN
4/23/2013 05:10:42,4/23/2013,05:10:42,NaN,NaN,NaN,NaN,NaN
4/23/2013 05:10:57,4/23/2013,05:10:57,NaN,NaN,NaN,NaN,NaN
4/23/2013 05:11:12,4/23/2013,05:11:12,NaN,NaN,NaN,NaN,NaN
4/23/2013 05:11:27,4/23/2013,05:11:27,NaN,NaN,NaN,NaN,NaN
4/23/2013 05:11:42,4/23/2013,05:11:42,NaN,NaN,NaN,NaN,NaN
4/23/2013 05:11:57,4/23/2013,05:11:57,NaN,NaN,NaN,NaN,NaN
4/23/2013 05:12:12,4/23/2013,05:12:12,NaN,NaN,NaN,NaN,NaN
4/23/2013 05:12:27,4/23/2013,05:12:27,NaN,NaN,NaN,NaN,NaN
4/23/2013 05:12:42,4/23/2013,05:12:42,NaN,NaN,NaN,NaN,NaN
4/23/2013 05:12:57,4/23/2013,05:12:57,NaN,NaN,NaN,NaN,NaN
4/23/2013 05:13:12,4/23/2013,05:13:12,NaN,NaN,NaN,NaN,NaN
4/23/2013 05:13:27,4/23/2013,05:13:27,NaN,NaN,NaN,NaN,NaN
4/23/2013 05:13:42,4/23/2013,05:13:42,NaN,NaN,NaN,NaN,NaN
4/23/2013 05:13:57,4/23/2013,05:13:57,NaN,NaN,NaN,NaN,NaN
4/23/2013 05:14:12,4/23/2013,05:14:12,NaN,NaN,NaN,NaN,NaN
4/23/2013 05:14:27,4/23/2013,05:14:27,NaN,NaN,NaN,NaN,NaN
4/23/2013 05:14:42,4/23/2013,05:14:42,NaN,NaN,NaN,NaN,NaN
4/23/2013 05:14:57,4/23/2013,05:14:57,NaN,NaN,NaN,NaN,NaN
4/23/2013 05:15:12,4/23/2013,05:15:12,NaN,NaN,NaN,NaN,NaN
4/23/2013 05:15:27,4/23/2013,05:15:27,NaN,NaN,NaN,NaN,NaN
4/23/2013 05:15:42,4/23/2013,05:15:42,NaN,NaN,NaN,NaN,NaN
4/23/2013 05:15:57,4/23/2013,05:15:57,NaN,NaN,NaN,NaN,NaN
4/23/2013 05:16:12,4/23/2013,05:16:12,NaN,NaN,NaN,NaN,NaN
4/23/2013 05:16:27,4/23/2013,05:16:27,NaN,NaN,NaN,NaN,NaN
4/23/2013 05:16:42,4/23/2013,05:16:42,NaN,NaN,NaN,NaN,NaN
4/23/2013 05:16:57,4/23/2013,05:16:57,NaN,NaN,NaN,NaN,NaN
4/23/2013 05:17:12,4/23/2013,05:17:12,NaN,NaN,NaN,NaN,NaN
4/23/2013 05:17:27,4/23/2013,05:17:27,NaN,NaN,NaN,NaN,NaN
4/23/2013 05:17:42,4/23/2013,05:17:42,NaN,NaN,NaN,NaN,NaN
4/23/2013 05:17:57,4/23/2013,05:17:57,NaN,NaN,NaN,NaN,NaN
4/23/2013 05:18:12,4/23/2013,05:18:12,NaN,NaN,NaN,NaN,NaN
4/23/2013 05:18:27,4/23/2013,05:18:27,NaN,NaN,NaN,NaN,NaN
4/23/2013 05:18:42,4/23/2013,05:18:42,NaN,NaN,NaN,NaN,NaN
4/23/2013 05:18:57,4/23/2013,05:18:57,NaN,NaN,NaN,NaN,NaN
4/23/2013 05:19:12,4/23/2013,05:19:12,NaN,NaN,NaN,NaN,NaN
4/23/2013 05:19:27,4/23/2013,05:19:27,NaN,NaN,NaN,NaN,NaN
4/23/2013 05:19:42,4/23/2013,05:19:42,NaN,NaN,NaN,NaN,NaN
4/23/2013 05:19:57,4/23/2013,05:19:57,NaN,NaN,NaN,NaN,NaN
4/23/2013 05:20:12,4/23/2013,05:20:12,NaN,NaN,NaN,NaN,NaN
4/23/2013 05:20:27,4/23/2013,05:20:27,NaN,NaN,NaN,NaN,NaN
4/23/2013 05:20:42,4/23/2013,05:20:42,NaN,NaN,NaN,NaN,NaN
4/23/2013 05:20:57,4/23/2013,05:20:57,NaN,NaN,NaN,NaN,NaN
4/23/2013 05:21:12,4/23/2013,05:21:12,NaN,NaN,NaN,NaN,NaN
4/23/2013 05:21:27,4/23/2013,05:21:27,NaN,NaN,NaN,NaN,NaN
4/23/2013 05:21:42,4/23/2013,05:21:42,NaN,NaN,NaN,NaN,NaN
4/23/2013 05:21:57,4/23/2013,05:21:57,NaN,NaN,NaN,NaN,NaN
4/23/2013 05:22:12,4/23/2013,05:22:12,NaN,NaN,NaN,NaN,NaN
4/23/2013 05:22:27,4/23/2013,05:22:27,NaN,NaN,NaN,NaN,NaN
4/23/2013 05:22:42,4/23/2013,05:22:42,NaN,NaN,NaN,NaN,NaN
4/23/2013 05:22:57,4/23/2013,05:22:57,NaN,NaN,NaN,NaN,NaN
4/23/2013 05:23:12,4/23/2013,05:23:12,NaN,NaN,NaN,NaN,NaN
4/23/2013 05:23:27,4/23/2013,05:23:27,NaN,NaN,NaN,NaN,NaN
4/23/2013 05:23:42,4/23/2013,05:23:42,NaN,NaN,NaN,NaN,NaN
4/23/2013 05:23:57,4/23/2013,05:23:57,NaN,NaN,NaN,NaN,NaN
4/23/2013 05:24:12,4/23/2013,05:24:12,NaN,NaN,NaN,NaN,NaN
4/23/2013 05:24:27,4/23/2013,05:24:27,NaN,NaN,NaN,NaN,NaN
4/23/2013 05:24:42,4/23/2013,05:24:42,NaN,NaN,NaN,NaN,NaN
4/23/2013 05:24:57,4/23/2013,05:24:57,NaN,NaN,NaN,NaN,NaN
4/23/2013 05:25:12,4/23/2013,05:25:12,NaN,NaN,NaN,NaN,NaN
4/23/2013 05:25:27,4/23/2013,05:25:27,NaN,NaN,NaN,NaN,NaN
4/23/2013 05:25:42,4/23/2013,05:25:42,NaN,NaN,NaN,NaN,NaN
4/23/2013 05:25:57,4/23/2013,05:25:57,NaN,NaN,NaN,NaN,NaN
4/23/2013 05:26:12,4/23/2013,05:26:12,NaN,NaN,NaN,NaN,NaN
4/23/2013 05:26:27,4/23/2013,05:26:27,NaN,NaN,NaN,NaN,NaN
4/23/2013 05:26:42,4/23/2013,05:26:42,NaN,NaN,NaN,NaN,NaN
4/23/2013 05:26:57,4/23/2013,05:26:57,NaN,NaN,NaN,NaN,NaN
4/23/2013 05:27:12,4/23/2013,05:27:12,NaN,NaN,NaN,NaN,NaN
4/23/2013 05:27:27,4/23/2013,05:27:27,NaN,NaN,NaN,NaN,NaN
4/23/2013 05:27:42,4/23/2013,05:27:42,NaN,NaN,NaN,NaN,NaN
4/23/2013 05:27:57,4/23/2013,05:27:57,NaN,NaN,NaN,NaN,NaN
4/23/2013 05:28:12,4/23/2013,05:28:12,NaN,NaN,NaN,NaN,NaN
4/23/2013 05:28:27,4/23/2013,05:28:27,NaN,NaN,NaN,NaN,NaN
4/23/2013 05:28:42,4/23/2013,05:28:42,NaN,NaN,NaN,NaN,NaN
4/23/2013 05:28:57,4/23/2013,05:28:57,NaN,NaN,NaN,NaN,NaN
4/23/2013 05:29:12,4/23/2013,05:29:12,NaN,NaN,NaN,NaN,NaN
4/23/2013 05:29:27,4/23/2013,05:29:27,NaN,NaN,NaN,NaN,NaN
4/23/2013 05:29:42,4/23/2013,05:29:42,NaN,NaN,NaN,NaN,NaN
4/23/2013 05:29:57,4/23/2013,05:29:57,NaN,NaN,NaN,NaN,NaN
4/23/2013 05:30:12,4/23/2013,05:30:12,NaN,NaN,NaN,NaN,NaN
4/23/2013 05:30:27,4/23/2013,05:30:27,NaN,NaN,NaN,NaN,NaN
4/23/2013 05:30:42,4/23/2013,05:30:42,NaN,NaN,NaN,NaN,NaN
4/23/2013 05:30:57,4/23/2013,05:30:57,NaN,NaN,NaN,NaN,NaN
4/23/2013 05:31:12,4/23/2013,05:31:12,NaN,NaN,NaN,NaN,NaN
4/23/2013 05:31:27,4/23/2013,05:31:27,NaN,NaN,NaN,NaN,NaN
4/23/2013 05:31:42,4/23/2013,05:31:42,NaN,NaN,NaN,NaN,NaN
4/23/2013 05:31:57,4/23/2013,05:31:57,NaN,NaN,NaN,NaN,NaN
4/23/2013 05:32:12,4/23/2013,05:32:12,NaN,NaN,NaN,NaN,NaN
4/23/2013 05:32:27,4/23/2013,05:32:27,NaN,NaN,NaN,NaN,NaN
4/23/2013 05:32:42,4/23/2013,05:32:42,NaN,NaN,NaN,NaN,NaN
4/23/2013 05:32:57,4/23/2013,05:32:57,NaN,NaN,NaN,NaN,NaN
4/23/2013 05:33:12,4/23/2013,05:33:12,NaN,NaN,NaN,NaN,NaN
4/23/2013 05:33:27,4/23/2013,05:33:27,NaN,NaN,NaN,NaN,NaN
4/23/2013 05:33:42,4/23/2013,05:33:42,NaN,NaN,NaN,NaN,NaN
4/23/2013 05:33:57,4/23/2013,05:33:57,NaN,NaN,NaN,NaN,NaN
4/23/2013 05:34:12,4/23/2013,05:34:12,NaN,NaN,NaN,NaN,NaN
4/23/2013 05:34:27,4/23/2013,05:34:27,NaN,NaN,NaN,NaN,NaN
4/23/2013 05:34:42,4/23/2013,05:34:42,NaN,NaN,NaN,NaN,NaN
4/23/2013 05:34:57,4/23/2013,05:34:57,NaN,NaN,NaN,NaN,NaN
4/23/2013 05:35:12,4/23/2013,05:35:12,NaN,NaN,NaN,NaN,NaN
4/23/2013 05:35:27,4/23/2013,05:35:27,NaN,NaN,NaN,NaN,NaN
4/23/2013 05:35:42,4/23/2013,05:35:42,NaN,NaN,NaN,NaN,NaN
4/23/2013 05:35:57,4/23/2013,05:35:57,NaN,NaN,NaN,NaN,NaN
4/23/2013 05:36:12,4/23/2013,05:36:12,NaN,NaN,NaN,NaN,NaN
4/23/2013 05:36:27,4/23/2013,05:36:27,NaN,NaN,NaN,NaN,NaN
4/23/2013 05:36:42,4/23/2013,05:36:42,NaN,NaN,NaN,NaN,NaN
4/23/2013 05:36:57,4/23/2013,05:36:57,NaN,NaN,NaN,NaN,NaN
4/23/2013 05:37:12,4/23/2013,05:37:12,NaN,NaN,NaN,NaN,NaN
4/23/2013 05:37:27,4/23/2013,05:37:27,NaN,NaN,NaN,NaN,NaN
4/23/2013 05:37:42,4/23/2013,05:37:42,NaN,NaN,NaN,NaN,NaN
4/23/2013 05:37:57,4/23/2013,05:37:57,NaN,NaN,NaN,NaN,NaN
4/23/2013 05:38:12,4/23/2013,05:38:12,NaN,NaN,NaN,NaN,NaN
4/23/2013 05:38:27,4/23/2013,05:38:27,NaN,NaN,NaN,NaN,NaN
4/23/2013 05:38:42,4/23/2013,05:38:42,NaN,NaN,NaN,NaN,NaN
4/23/2013 05:38:57,4/23/2013,05:38:57,NaN,NaN,NaN,NaN,NaN
4/23/2013 05:39:12,4/23/2013,05:39:12,NaN,NaN,NaN,NaN,NaN
4/23/2013 05:39:27,4/23/2013,05:39:27,NaN,NaN,NaN,NaN,NaN
4/23/2013 05:39:42,4/23/2013,05:39:42,NaN,NaN,NaN,NaN,NaN
4/23/2013 05:39:57,4/23/2013,05:39:57,NaN,NaN,NaN,NaN,NaN
4/23/2013 05:40:12,4/23/2013,05:40:12,NaN,NaN,NaN,NaN,NaN
4/23/2013 05:40:27,4/23/2013,05:40:27,NaN,NaN,NaN,NaN,NaN
4/23/2013 05:40:42,4/23/2013,05:40:42,NaN,NaN,NaN,NaN,NaN
4/23/2013 05:40:57,4/23/2013,05:40:57,NaN,NaN,NaN,NaN,NaN
4/23/2013 05:41:12,4/23/2013,05:41:12,NaN,NaN,NaN,NaN,NaN
4/23/2013 05:41:27,4/23/2013,05:41:27,NaN,NaN,NaN,NaN,NaN
4/23/2013 05:41:42,4/23/2013,05:41:42,NaN,NaN,NaN,NaN,NaN
4/23/2013 05:41:57,4/23/2013,05:41:57,NaN,NaN,NaN,NaN,NaN
4/23/2013 05:42:12,4/23/2013,05:42:12,NaN,NaN,NaN,NaN,NaN
4/23/2013 05:42:27,4/23/2013,05:42:27,NaN,NaN,NaN,NaN,NaN
4/23/2013 05:42:42,4/23/2013,05:42:42,NaN,NaN,NaN,NaN,NaN
4/23/2013 05:42:57,4/23/2013,05:42:57,NaN,NaN,NaN,NaN,NaN
4/23/2013 05:43:12,4/23/2013,05:43:12,NaN,NaN,NaN,NaN,NaN
4/23/2013 05:43:27,4/23/2013,05:43:27,NaN,NaN,NaN,NaN,NaN
4/23/2013 05:43:42,4/23/2013,05:43:42,NaN,NaN,NaN,NaN,NaN
4/23/2013 05:43:57,4/23/2013,05:43:57,NaN,NaN,NaN,NaN,NaN
4/23/2013 05:44:12,4/23/2013,05:44:12,NaN,NaN,NaN,NaN,NaN
4/23/2013 05:44:27,4/23/2013,05:44:27,NaN,NaN,NaN,NaN,NaN
4/23/2013 05:44:42,4/23/2013,05:44:42,NaN,NaN,NaN,NaN,NaN
4/23/2013 05:44:57,4/23/2013,05:44:57,NaN,NaN,NaN,NaN,NaN
4/23/2013 05:45:12,4/23/2013,05:45:12,NaN,NaN,NaN,NaN,NaN
4/23/2013 05:45:27,4/23/2013,05:45:27,NaN,NaN,NaN,NaN,NaN
4/23/2013 05:45:42,4/23/2013,05:45:42,NaN,NaN,NaN,NaN,NaN
4/23/2013 05:45:57,4/23/2013,05:45:57,NaN,NaN,NaN,NaN,NaN
4/23/2013 05:46:12,4/23/2013,05:46:12,NaN,NaN,NaN,NaN,NaN
4/23/2013 05:46:27,4/23/2013,05:46:27,NaN,NaN,NaN,NaN,NaN
4/23/2013 05:46:42,4/23/2013,05:46:42,NaN,NaN,NaN,NaN,NaN
4/23/2013 05:46:57,4/23/2013,05:46:57,NaN,NaN,NaN,NaN,NaN
4/23/2013 05:47:12,4/23/2013,05:47:12,NaN,NaN,NaN,NaN,NaN
4/23/2013 05:47:27,4/23/2013,05:47:27,NaN,NaN,NaN,NaN,NaN
4/23/2013 05:47:42,4/23/2013,05:47:42,NaN,NaN,NaN,NaN,NaN
4/23/2013 05:47:57,4/23/2013,05:47:57,NaN,NaN,NaN,NaN,NaN
4/23/2013 05:48:12,4/23/2013,05:48:12,NaN,NaN,NaN,NaN,NaN
4/23/2013 05:48:27,4/23/2013,05:48:27,NaN,NaN,NaN,NaN,NaN
4/23/2013 05:48:42,4/23/2013,05:48:42,NaN,NaN,NaN,NaN,NaN
4/23/2013 05:48:57,4/23/2013,05:48:57,NaN,NaN,NaN,NaN,NaN
4/23/2013 05:49:12,4/23/2013,05:49:12,NaN,NaN,NaN,NaN,NaN
4/23/2013 05:49:27,4/23/2013,05:49:27,NaN,NaN,NaN,NaN,NaN
4/23/2013 05:49:42,4/23/2013,05:49:42,NaN,NaN,NaN,NaN,NaN
4/23/2013 05:49:57,4/23/2013,05:49:57,NaN,NaN,NaN,NaN,NaN
4/23/2013 05:50:12,4/23/2013,05:50:12,NaN,NaN,NaN,NaN,NaN
4/23/2013 05:50:27,4/23/2013,05:50:27,NaN,NaN,NaN,NaN,NaN
4/23/2013 05:50:42,4/23/2013,05:50:42,NaN,NaN,NaN,NaN,NaN
4/23/2013 05:50:57,4/23/2013,05:50:57,NaN,NaN,NaN,NaN,NaN
4/23/2013 05:51:12,4/23/2013,05:51:12,NaN,NaN,NaN,NaN,NaN
4/23/2013 05:51:27,4/23/2013,05:51:27,NaN,NaN,NaN,NaN,NaN
4/23/2013 05:51:42,4/23/2013,05:51:42,NaN,NaN,NaN,NaN,NaN
4/23/2013 05:51:57,4/23/2013,05:51:57,NaN,NaN,NaN,NaN,NaN
4/23/2013 05:52:12,4/23/2013,05:52:12,NaN,NaN,NaN,NaN,NaN
4/23/2013 05:52:27,4/23/2013,05:52:27,NaN,NaN,NaN,NaN,NaN
4/23/2013 05:52:42,4/23/2013,05:52:42,NaN,NaN,NaN,NaN,NaN
4/23/2013 05:52:57,4/23/2013,05:52:57,NaN,NaN,NaN,NaN,NaN
4/23/2013 05:53:12,4/23/2013,05:53:12,NaN,NaN,NaN,NaN,NaN
4/23/2013 05:53:27,4/23/2013,05:53:27,NaN,NaN,NaN,NaN,NaN
4/23/2013 05:53:42,4/23/2013,05:53:42,NaN,NaN,NaN,NaN,NaN
4/23/2013 05:53:57,4/23/2013,05:53:57,NaN,NaN,NaN,NaN,NaN
4/23/2013 05:54:12,4/23/2013,05:54:12,NaN,NaN,NaN,NaN,NaN
4/23/2013 05:54:27,4/23/2013,05:54:27,NaN,NaN,NaN,NaN,NaN
4/23/2013 05:54:42,4/23/2013,05:54:42,NaN,NaN,NaN,NaN,NaN
4/23/2013 05:54:57,4/23/2013,05:54:57,NaN,NaN,NaN,NaN,NaN
4/23/2013 05:55:12,4/23/2013,05:55:12,NaN,NaN,NaN,NaN,NaN
4/23/2013 05:55:27,4/23/2013,05:55:27,NaN,NaN,NaN,NaN,NaN
4/23/2013 05:55:42,4/23/2013,05:55:42,NaN,NaN,NaN,NaN,NaN
4/23/2013 05:55:57,4/23/2013,05:55:57,NaN,NaN,NaN,NaN,NaN
4/23/2013 05:56:12,4/23/2013,05:56:12,NaN,NaN,NaN,NaN,NaN
4/23/2013 05:56:27,4/23/2013,05:56:27,NaN,NaN,NaN,NaN,NaN
4/23/2013 05:56:42,4/23/2013,05:56:42,NaN,NaN,NaN,NaN,NaN
4/23/2013 05:56:57,4/23/2013,05:56:57,NaN,NaN,NaN,NaN,NaN
4/23/2013 05:57:12,4/23/2013,05:57:12,NaN,NaN,NaN,NaN,NaN
4/23/2013 05:57:27,4/23/2013,05:57:27,NaN,NaN,NaN,NaN,NaN
4/23/2013 05:57:42,4/23/2013,05:57:42,NaN,NaN,NaN,NaN,NaN
4/23/2013 05:57:57,4/23/2013,05:57:57,NaN,NaN,NaN,NaN,NaN
4/23/2013 05:58:12,4/23/2013,05:58:12,NaN,NaN,NaN,NaN,NaN
4/23/2013 05:58:27,4/23/2013,05:58:27,NaN,NaN,NaN,NaN,NaN
4/23/2013 05:58:42,4/23/2013,05:58:42,NaN,NaN,NaN,NaN,NaN
4/23/2013 05:58:57,4/23/2013,05:58:57,NaN,NaN,NaN,NaN,NaN
4/23/2013 05:59:12,4/23/2013,05:59:12,NaN,NaN,NaN,NaN,NaN
4/23/2013 05:59:27,4/23/2013,05:59:27,NaN,NaN,NaN,NaN,NaN
4/23/2013 05:59:42,4/23/2013,05:59:42,NaN,NaN,NaN,NaN,NaN
4/23/2013 05:59:57,4/23/2013,05:59:57,NaN,NaN,NaN,NaN,NaN
4/23/2013 06:00:12,4/23/2013,06:00:12,NaN,NaN,NaN,NaN,NaN
4/23/2013 06:00:27,4/23/2013,06:00:27,NaN,NaN,NaN,NaN,NaN
4/23/2013 06:00:42,4/23/2013,06:00:42,NaN,NaN,NaN,NaN,NaN
4/23/2013 06:00:57,4/23/2013,06:00:57,NaN,NaN,NaN,NaN,NaN
4/23/2013 06:01:12,4/23/2013,06:01:12,NaN,NaN,NaN,NaN,NaN
4/23/2013 06:01:27,4/23/2013,06:01:27,NaN,NaN,NaN,NaN,NaN
4/23/2013 06:01:42,4/23/2013,06:01:42,NaN,NaN,NaN,NaN,NaN
4/23/2013 06:01:57,4/23/2013,06:01:57,NaN,NaN,NaN,NaN,NaN
4/23/2013 06:02:12,4/23/2013,06:02:12,NaN,NaN,NaN,NaN,NaN
4/23/2013 06:02:27,4/23/2013,06:02:27,NaN,NaN,NaN,NaN,NaN
4/23/2013 06:02:42,4/23/2013,06:02:42,NaN,NaN,NaN,NaN,NaN
4/23/2013 06:02:57,4/23/2013,06:02:57,NaN,NaN,NaN,NaN,NaN
4/23/2013 06:03:12,4/23/2013,06:03:12,NaN,NaN,NaN,NaN,NaN
4/23/2013 06:03:27,4/23/2013,06:03:27,NaN,NaN,NaN,NaN,NaN
4/23/2013 06:03:42,4/23/2013,06:03:42,NaN,NaN,NaN,NaN,NaN
4/23/2013 06:03:57,4/23/2013,06:03:57,NaN,NaN,NaN,NaN,NaN
4/23/2013 06:04:12,4/23/2013,06:04:12,NaN,NaN,NaN,NaN,NaN
4/23/2013 06:04:27,4/23/2013,06:04:27,NaN,NaN,NaN,NaN,NaN
4/23/2013 06:04:42,4/23/2013,06:04:42,NaN,NaN,NaN,NaN,NaN
4/23/2013 06:04:57,4/23/2013,06:04:57,NaN,NaN,NaN,NaN,NaN
4/23/2013 06:05:12,4/23/2013,06:05:12,NaN,NaN,NaN,NaN,NaN
4/23/2013 06:05:27,4/23/2013,06:05:27,NaN,NaN,NaN,NaN,NaN
4/23/2013 06:05:42,4/23/2013,06:05:42,NaN,NaN,NaN,NaN,NaN
4/23/2013 06:05:57,4/23/2013,06:05:57,NaN,NaN,NaN,NaN,NaN
4/23/2013 06:06:12,4/23/2013,06:06:12,NaN,NaN,NaN,NaN,NaN
4/23/2013 06:06:27,4/23/2013,06:06:27,NaN,NaN,NaN,NaN,NaN
4/23/2013 06:06:42,4/23/2013,06:06:42,NaN,NaN,NaN,NaN,NaN
4/23/2013 06:06:57,4/23/2013,06:06:57,NaN,NaN,NaN,NaN,NaN
4/23/2013 06:07:12,4/23/2013,06:07:12,NaN,NaN,NaN,NaN,NaN
4/23/2013 06:07:27,4/23/2013,06:07:27,NaN,NaN,NaN,NaN,NaN
4/23/2013 06:07:42,4/23/2013,06:07:42,NaN,NaN,NaN,NaN,NaN
4/23/2013 06:07:57,4/23/2013,06:07:57,NaN,NaN,NaN,NaN,NaN
4/23/2013 06:08:12,4/23/2013,06:08:12,NaN,NaN,NaN,NaN,NaN
4/23/2013 06:08:27,4/23/2013,06:08:27,NaN,NaN,NaN,NaN,NaN
4/23/2013 06:08:42,4/23/2013,06:08:42,NaN,NaN,NaN,NaN,NaN
4/23/2013 06:08:57,4/23/2013,06:08:57,NaN,NaN,NaN,NaN,NaN
4/23/2013 06:09:12,4/23/2013,06:09:12,NaN,NaN,NaN,NaN,NaN
4/23/2013 06:09:27,4/23/2013,06:09:27,NaN,NaN,NaN,NaN,NaN
4/23/2013 06:09:42,4/23/2013,06:09:42,NaN,NaN,NaN,NaN,NaN
4/23/2013 06:09:57,4/23/2013,06:09:57,NaN,NaN,NaN,NaN,NaN
4/23/2013 06:10:12,4/23/2013,06:10:12,NaN,NaN,NaN,NaN,NaN
4/23/2013 06:10:27,4/23/2013,06:10:27,NaN,NaN,NaN,NaN,NaN
4/23/2013 06:10:42,4/23/2013,06:10:42,NaN,NaN,NaN,NaN,NaN
4/23/2013 06:10:57,4/23/2013,06:10:57,NaN,NaN,NaN,NaN,NaN
4/23/2013 06:11:12,4/23/2013,06:11:12,NaN,NaN,NaN,NaN,NaN
4/23/2013 06:11:27,4/23/2013,06:11:27,NaN,NaN,NaN,NaN,NaN
4/23/2013 06:11:42,4/23/2013,06:11:42,NaN,NaN,NaN,NaN,NaN
4/23/2013 06:11:57,4/23/2013,06:11:57,NaN,NaN,NaN,NaN,NaN
4/23/2013 06:12:12,4/23/2013,06:12:12,NaN,NaN,NaN,NaN,NaN
4/23/2013 06:12:27,4/23/2013,06:12:27,NaN,NaN,NaN,NaN,NaN
4/23/2013 06:12:42,4/23/2013,06:12:42,NaN,NaN,NaN,NaN,NaN
4/23/2013 06:12:57,4/23/2013,06:12:57,NaN,NaN,NaN,NaN,NaN
4/23/2013 06:13:12,4/23/2013,06:13:12,NaN,NaN,NaN,NaN,NaN
4/23/2013 06:13:27,4/23/2013,06:13:27,NaN,NaN,NaN,NaN,NaN
4/23/2013 06:13:42,4/23/2013,06:13:42,NaN,NaN,NaN,NaN,NaN
4/23/2013 06:13:57,4/23/2013,06:13:57,NaN,NaN,NaN,NaN,NaN
4/23/2013 06:14:12,4/23/2013,06:14:12,NaN,NaN,NaN,NaN,NaN
4/23/2013 06:14:27,4/23/2013,06:14:27,NaN,NaN,NaN,NaN,NaN
4/23/2013 06:14:42,4/23/2013,06:14:42,NaN,NaN,NaN,NaN,NaN
4/23/2013 06:14:57,4/23/2013,06:14:57,NaN,NaN,NaN,NaN,NaN
4/23/2013 06:15:12,4/23/2013,06:15:12,NaN,NaN,NaN,NaN,NaN
4/23/2013 06:15:27,4/23/2013,06:15:27,NaN,NaN,NaN,NaN,NaN
4/23/2013 06:15:42,4/23/2013,06:15:42,NaN,NaN,NaN,NaN,NaN
4/23/2013 06:15:57,4/23/2013,06:15:57,NaN,NaN,NaN,NaN,NaN
4/23/2013 06:16:12,4/23/2013,06:16:12,NaN,NaN,NaN,NaN,NaN
4/23/2013 06:16:27,4/23/2013,06:16:27,NaN,NaN,NaN,NaN,NaN
4/23/2013 06:16:42,4/23/2013,06:16:42,NaN,NaN,NaN,NaN,NaN
4/23/2013 06:16:57,4/23/2013,06:16:57,NaN,NaN,NaN,NaN,NaN
4/23/2013 06:17:12,4/23/2013,06:17:12,NaN,NaN,NaN,NaN,NaN
4/23/2013 06:17:27,4/23/2013,06:17:27,NaN,NaN,NaN,NaN,NaN
4/23/2013 06:17:42,4/23/2013,06:17:42,NaN,NaN,NaN,NaN,NaN
4/23/2013 06:17:57,4/23/2013,06:17:57,NaN,NaN,NaN,NaN,NaN
4/23/2013 06:18:12,4/23/2013,06:18:12,NaN,NaN,NaN,NaN,NaN
4/23/2013 06:18:27,4/23/2013,06:18:27,NaN,NaN,NaN,NaN,NaN
4/23/2013 06:18:42,4/23/2013,06:18:42,NaN,NaN,NaN,NaN,NaN
4/23/2013 06:18:57,4/23/2013,06:18:57,NaN,NaN,NaN,NaN,NaN
4/23/2013 06:19:12,4/23/2013,06:19:12,NaN,NaN,NaN,NaN,NaN
4/23/2013 06:19:27,4/23/2013,06:19:27,NaN,NaN,NaN,NaN,NaN
4/23/2013 06:19:42,4/23/2013,06:19:42,NaN,NaN,NaN,NaN,NaN
4/23/2013 06:19:57,4/23/2013,06:19:57,NaN,NaN,NaN,NaN,NaN
4/23/2013 06:20:12,4/23/2013,06:20:12,NaN,NaN,NaN,NaN,NaN
4/23/2013 06:20:27,4/23/2013,06:20:27,NaN,NaN,NaN,NaN,NaN
4/23/2013 06:20:42,4/23/2013,06:20:42,NaN,NaN,NaN,NaN,NaN
4/23/2013 06:20:57,4/23/2013,06:20:57,NaN,NaN,NaN,NaN,NaN
4/23/2013 06:21:12,4/23/2013,06:21:12,NaN,NaN,NaN,NaN,NaN
4/23/2013 06:21:27,4/23/2013,06:21:27,NaN,NaN,NaN,NaN,NaN
4/23/2013 06:21:42,4/23/2013,06:21:42,NaN,NaN,NaN,NaN,NaN
4/23/2013 06:21:57,4/23/2013,06:21:57,NaN,NaN,NaN,NaN,NaN
4/23/2013 06:22:12,4/23/2013,06:22:12,NaN,NaN,NaN,NaN,NaN
4/23/2013 06:22:27,4/23/2013,06:22:27,NaN,NaN,NaN,NaN,NaN
4/23/2013 06:22:42,4/23/2013,06:22:42,NaN,NaN,NaN,NaN,NaN
4/23/2013 06:22:57,4/23/2013,06:22:57,NaN,NaN,NaN,NaN,NaN
4/23/2013 06:23:12,4/23/2013,06:23:12,NaN,NaN,NaN,NaN,NaN
4/23/2013 06:23:27,4/23/2013,06:23:27,NaN,NaN,NaN,NaN,NaN
4/23/2013 06:23:42,4/23/2013,06:23:42,NaN,NaN,NaN,NaN,NaN
4/23/2013 06:23:57,4/23/2013,06:23:57,NaN,NaN,NaN,NaN,NaN
4/23/2013 06:24:12,4/23/2013,06:24:12,NaN,NaN,NaN,NaN,NaN
4/23/2013 06:24:27,4/23/2013,06:24:27,NaN,NaN,NaN,NaN,NaN
4/23/2013 06:24:42,4/23/2013,06:24:42,NaN,NaN,NaN,NaN,NaN
4/23/2013 06:24:57,4/23/2013,06:24:57,NaN,NaN,NaN,NaN,NaN
4/23/2013 06:25:12,4/23/2013,06:25:12,NaN,NaN,NaN,NaN,NaN
4/23/2013 06:25:27,4/23/2013,06:25:27,NaN,NaN,NaN,NaN,NaN
4/23/2013 06:25:42,4/23/2013,06:25:42,NaN,NaN,NaN,NaN,NaN
4/23/2013 06:25:57,4/23/2013,06:25:57,NaN,NaN,NaN,NaN,NaN
4/23/2013 06:26:12,4/23/2013,06:26:12,NaN,NaN,NaN,NaN,NaN
4/23/2013 06:26:27,4/23/2013,06:26:27,NaN,NaN,NaN,NaN,NaN
4/23/2013 06:26:42,4/23/2013,06:26:42,NaN,NaN,NaN,NaN,NaN
4/23/2013 06:26:57,4/23/2013,06:26:57,NaN,NaN,NaN,NaN,NaN
4/23/2013 06:27:12,4/23/2013,06:27:12,NaN,NaN,NaN,NaN,NaN
4/23/2013 06:27:27,4/23/2013,06:27:27,NaN,NaN,NaN,NaN,NaN
4/23/2013 06:27:42,4/23/2013,06:27:42,NaN,NaN,NaN,NaN,NaN
4/23/2013 06:27:57,4/23/2013,06:27:57,NaN,NaN,NaN,NaN,NaN
4/23/2013 06:28:12,4/23/2013,06:28:12,NaN,NaN,NaN,NaN,NaN
4/23/2013 06:28:27,4/23/2013,06:28:27,NaN,NaN,NaN,NaN,NaN
4/23/2013 06:28:42,4/23/2013,06:28:42,NaN,NaN,NaN,NaN,NaN
4/23/2013 06:28:57,4/23/2013,06:28:57,NaN,NaN,NaN,NaN,NaN
4/23/2013 06:29:12,4/23/2013,06:29:12,NaN,NaN,NaN,NaN,NaN
4/23/2013 06:29:27,4/23/2013,06:29:27,NaN,NaN,NaN,NaN,NaN
4/23/2013 06:29:42,4/23/2013,06:29:42,NaN,NaN,NaN,NaN,NaN
4/23/2013 06:29:57,4/23/2013,06:29:57,NaN,NaN,NaN,NaN,NaN
4/23/2013 06:30:12,4/23/2013,06:30:12,NaN,NaN,NaN,NaN,NaN
4/23/2013 06:30:27,4/23/2013,06:30:27,NaN,NaN,NaN,NaN,NaN
4/23/2013 06:30:42,4/23/2013,06:30:42,NaN,NaN,NaN,NaN,NaN
4/23/2013 06:30:57,4/23/2013,06:30:57,NaN,NaN,NaN,NaN,NaN
4/23/2013 06:31:12,4/23/2013,06:31:12,NaN,NaN,NaN,NaN,NaN
4/23/2013 06:31:27,4/23/2013,06:31:27,NaN,NaN,NaN,NaN,NaN
4/23/2013 06:31:42,4/23/2013,06:31:42,NaN,NaN,NaN,NaN,NaN
4/23/2013 06:31:57,4/23/2013,06:31:57,NaN,NaN,NaN,NaN,NaN
4/23/2013 06:32:12,4/23/2013,06:32:12,NaN,NaN,NaN,NaN,NaN
4/23/2013 06:32:27,4/23/2013,06:32:27,NaN,NaN,NaN,NaN,NaN
4/23/2013 06:32:42,4/23/2013,06:32:42,NaN,NaN,NaN,NaN,NaN
4/23/2013 06:32:57,4/23/2013,06:32:57,NaN,NaN,NaN,NaN,NaN
4/23/2013 06:33:12,4/23/2013,06:33:12,NaN,NaN,NaN,NaN,NaN
4/23/2013 06:33:27,4/23/2013,06:33:27,NaN,NaN,NaN,NaN,NaN
4/23/2013 06:33:42,4/23/2013,06:33:42,NaN,NaN,NaN,NaN,NaN
4/23/2013 06:33:57,4/23/2013,06:33:57,NaN,NaN,NaN,NaN,NaN
4/23/2013 06:34:12,4/23/2013,06:34:12,NaN,NaN,NaN,NaN,NaN
4/23/2013 06:34:27,4/23/2013,06:34:27,NaN,NaN,NaN,NaN,NaN
4/23/2013 06:34:42,4/23/2013,06:34:42,NaN,NaN,NaN,NaN,NaN
4/23/2013 06:34:57,4/23/2013,06:34:57,NaN,NaN,NaN,NaN,NaN
4/23/2013 06:35:12,4/23/2013,06:35:12,NaN,NaN,NaN,NaN,NaN
4/23/2013 06:35:27,4/23/2013,06:35:27,NaN,NaN,NaN,NaN,NaN
4/23/2013 06:35:42,4/23/2013,06:35:42,NaN,NaN,NaN,NaN,NaN
4/23/2013 06:35:57,4/23/2013,06:35:57,NaN,NaN,NaN,NaN,NaN
4/23/2013 06:36:12,4/23/2013,06:36:12,NaN,NaN,NaN,NaN,NaN
4/23/2013 06:36:27,4/23/2013,06:36:27,NaN,NaN,NaN,NaN,NaN
4/23/2013 06:36:42,4/23/2013,06:36:42,NaN,NaN,NaN,NaN,NaN
4/23/2013 06:36:57,4/23/2013,06:36:57,NaN,NaN,NaN,NaN,NaN
4/23/2013 06:37:12,4/23/2013,06:37:12,NaN,NaN,NaN,NaN,NaN
4/23/2013 06:37:27,4/23/2013,06:37:27,NaN,NaN,NaN,NaN,NaN
4/23/2013 06:37:42,4/23/2013,06:37:42,NaN,NaN,NaN,NaN,NaN
4/23/2013 06:37:57,4/23/2013,06:37:57,NaN,NaN,NaN,NaN,NaN
4/23/2013 06:38:12,4/23/2013,06:38:12,NaN,NaN,NaN,NaN,NaN
4/23/2013 06:38:27,4/23/2013,06:38:27,NaN,NaN,NaN,NaN,NaN
4/23/2013 06:38:42,4/23/2013,06:38:42,NaN,NaN,NaN,NaN,NaN
4/23/2013 06:38:57,4/23/2013,06:38:57,NaN,NaN,NaN,NaN,NaN
4/23/2013 06:39:12,4/23/2013,06:39:12,NaN,NaN,NaN,NaN,NaN
4/23/2013 06:39:27,4/23/2013,06:39:27,NaN,NaN,NaN,NaN,NaN
4/23/2013 06:39:42,4/23/2013,06:39:42,NaN,NaN,NaN,NaN,NaN
4/23/2013 06:39:57,4/23/2013,06:39:57,NaN,NaN,NaN,NaN,NaN
4/23/2013 06:40:12,4/23/2013,06:40:12,NaN,NaN,NaN,NaN,NaN
4/23/2013 06:40:27,4/23/2013,06:40:27,NaN,NaN,NaN,NaN,NaN
4/23/2013 06:40:42,4/23/2013,06:40:42,NaN,NaN,NaN,NaN,NaN
4/23/2013 06:40:57,4/23/2013,06:40:57,NaN,NaN,NaN,NaN,NaN
4/23/2013 06:41:12,4/23/2013,06:41:12,NaN,NaN,NaN,NaN,NaN
4/23/2013 06:41:27,4/23/2013,06:41:27,NaN,NaN,NaN,NaN,NaN
4/23/2013 06:41:42,4/23/2013,06:41:42,NaN,NaN,NaN,NaN,NaN
4/23/2013 06:41:57,4/23/2013,06:41:57,NaN,NaN,NaN,NaN,NaN
4/23/2013 06:42:12,4/23/2013,06:42:12,NaN,NaN,NaN,NaN,NaN
4/23/2013 06:42:27,4/23/2013,06:42:27,NaN,NaN,NaN,NaN,NaN
4/23/2013 06:42:42,4/23/2013,06:42:42,NaN,NaN,NaN,NaN,NaN
4/23/2013 06:42:57,4/23/2013,06:42:57,NaN,NaN,NaN,NaN,NaN
4/23/2013 06:43:12,4/23/2013,06:43:12,NaN,NaN,NaN,NaN,NaN
4/23/2013 06:43:27,4/23/2013,06:43:27,NaN,NaN,NaN,NaN,NaN
4/23/2013 06:43:42,4/23/2013,06:43:42,NaN,NaN,NaN,NaN,NaN
4/23/2013 06:43:57,4/23/2013,06:43:57,NaN,NaN,NaN,NaN,NaN
4/23/2013 06:44:12,4/23/2013,06:44:12,NaN,NaN,NaN,NaN,NaN
4/23/2013 06:44:27,4/23/2013,06:44:27,NaN,NaN,NaN,NaN,NaN
4/23/2013 06:44:42,4/23/2013,06:44:42,NaN,NaN,NaN,NaN,NaN
4/23/2013 06:44:57,4/23/2013,06:44:57,NaN,NaN,NaN,NaN,NaN
4/23/2013 06:45:12,4/23/2013,06:45:12,NaN,NaN,NaN,NaN,NaN
4/23/2013 06:45:27,4/23/2013,06:45:27,NaN,NaN,NaN,NaN,NaN
4/23/2013 06:45:42,4/23/2013,06:45:42,NaN,NaN,NaN,NaN,NaN
4/23/2013 06:45:57,4/23/2013,06:45:57,NaN,NaN,NaN,NaN,NaN
4/23/2013 06:46:12,4/23/2013,06:46:12,NaN,NaN,NaN,NaN,NaN
4/23/2013 06:46:27,4/23/2013,06:46:27,NaN,NaN,NaN,NaN,NaN
4/23/2013 06:46:42,4/23/2013,06:46:42,NaN,NaN,NaN,NaN,NaN
4/23/2013 06:46:57,4/23/2013,06:46:57,NaN,NaN,NaN,NaN,NaN
4/23/2013 06:47:12,4/23/2013,06:47:12,NaN,NaN,NaN,NaN,NaN
4/23/2013 06:47:27,4/23/2013,06:47:27,NaN,NaN,NaN,NaN,NaN
4/23/2013 06:47:42,4/23/2013,06:47:42,NaN,NaN,NaN,NaN,NaN
4/23/2013 06:47:57,4/23/2013,06:47:57,NaN,NaN,NaN,NaN,NaN
4/23/2013 06:48:12,4/23/2013,06:48:12,NaN,NaN,NaN,NaN,NaN
4/23/2013 06:48:27,4/23/2013,06:48:27,NaN,NaN,NaN,NaN,NaN
4/23/2013 06:48:42,4/23/2013,06:48:42,NaN,NaN,NaN,NaN,NaN
4/23/2013 06:48:57,4/23/2013,06:48:57,NaN,NaN,NaN,NaN,NaN
4/23/2013 06:49:12,4/23/2013,06:49:12,NaN,NaN,NaN,NaN,NaN
4/23/2013 06:49:27,4/23/2013,06:49:27,NaN,NaN,NaN,NaN,NaN
4/23/2013 06:49:42,4/23/2013,06:49:42,NaN,NaN,NaN,NaN,NaN
4/23/2013 06:49:57,4/23/2013,06:49:57,NaN,NaN,NaN,NaN,NaN
4/23/2013 06:50:12,4/23/2013,06:50:12,NaN,NaN,NaN,NaN,NaN
4/23/2013 06:50:27,4/23/2013,06:50:27,NaN,NaN,NaN,NaN,NaN
4/23/2013 06:50:42,4/23/2013,06:50:42,NaN,NaN,NaN,NaN,NaN
4/23/2013 06:50:57,4/23/2013,06:50:57,NaN,NaN,NaN,NaN,NaN
4/23/2013 06:51:12,4/23/2013,06:51:12,NaN,NaN,NaN,NaN,NaN
4/23/2013 06:51:27,4/23/2013,06:51:27,NaN,NaN,NaN,NaN,NaN
4/23/2013 06:51:42,4/23/2013,06:51:42,NaN,NaN,NaN,NaN,NaN
4/23/2013 06:51:57,4/23/2013,06:51:57,NaN,NaN,NaN,NaN,NaN
4/23/2013 06:52:12,4/23/2013,06:52:12,NaN,NaN,NaN,NaN,NaN
4/23/2013 06:52:27,4/23/2013,06:52:27,NaN,NaN,NaN,NaN,NaN
4/23/2013 06:52:42,4/23/2013,06:52:42,NaN,NaN,NaN,NaN,NaN
4/23/2013 06:52:57,4/23/2013,06:52:57,NaN,NaN,NaN,NaN,NaN
4/23/2013 06:53:12,4/23/2013,06:53:12,NaN,NaN,NaN,NaN,NaN
4/23/2013 06:53:27,4/23/2013,06:53:27,NaN,NaN,NaN,NaN,NaN
4/23/2013 06:53:42,4/23/2013,06:53:42,NaN,NaN,NaN,NaN,NaN
4/23/2013 06:53:57,4/23/2013,06:53:57,NaN,NaN,NaN,NaN,NaN
4/23/2013 06:54:12,4/23/2013,06:54:12,NaN,NaN,NaN,NaN,NaN
4/23/2013 06:54:27,4/23/2013,06:54:27,NaN,NaN,NaN,NaN,NaN
4/23/2013 06:54:42,4/23/2013,06:54:42,NaN,NaN,NaN,NaN,NaN
4/23/2013 06:54:57,4/23/2013,06:54:57,NaN,NaN,NaN,NaN,NaN
4/23/2013 06:55:12,4/23/2013,06:55:12,NaN,NaN,NaN,NaN,NaN
4/23/2013 06:55:27,4/23/2013,06:55:27,NaN,NaN,NaN,NaN,NaN
4/23/2013 06:55:42,4/23/2013,06:55:42,NaN,NaN,NaN,NaN,NaN
4/23/2013 06:55:57,4/23/2013,06:55:57,NaN,NaN,NaN,NaN,NaN
4/23/2013 06:56:12,4/23/2013,06:56:12,NaN,NaN,NaN,NaN,NaN
4/23/2013 06:56:27,4/23/2013,06:56:27,NaN,NaN,NaN,NaN,NaN
4/23/2013 06:56:42,4/23/2013,06:56:42,NaN,NaN,NaN,NaN,NaN
4/23/2013 06:56:57,4/23/2013,06:56:57,NaN,NaN,NaN,NaN,NaN
4/23/2013 06:57:12,4/23/2013,06:57:12,NaN,NaN,NaN,NaN,NaN
4/23/2013 06:57:27,4/23/2013,06:57:27,NaN,NaN,NaN,NaN,NaN
4/23/2013 06:57:42,4/23/2013,06:57:42,NaN,NaN,NaN,NaN,NaN
4/23/2013 06:57:57,4/23/2013,06:57:57,NaN,NaN,NaN,NaN,NaN
4/23/2013 06:58:12,4/23/2013,06:58:12,NaN,NaN,NaN,NaN,NaN
4/23/2013 06:58:27,4/23/2013,06:58:27,NaN,NaN,NaN,NaN,NaN
4/23/2013 06:58:42,4/23/2013,06:58:42,NaN,NaN,NaN,NaN,NaN
4/23/2013 06:58:57,4/23/2013,06:58:57,NaN,NaN,NaN,NaN,NaN
4/23/2013 06:59:12,4/23/2013,06:59:12,NaN,NaN,NaN,NaN,NaN
4/23/2013 06:59:27,4/23/2013,06:59:27,NaN,NaN,NaN,NaN,NaN
4/23/2013 06:59:42,4/23/2013,06:59:42,NaN,NaN,NaN,NaN,NaN
4/23/2013 06:59:57,4/23/2013,06:59:57,NaN,NaN,NaN,NaN,NaN
4/23/2013 07:00:12,4/23/2013,07:00:12,NaN,NaN,NaN,NaN,NaN
4/23/2013 07:00:27,4/23/2013,07:00:27,NaN,NaN,NaN,NaN,NaN
4/23/2013 07:00:42,4/23/2013,07:00:42,NaN,NaN,NaN,NaN,NaN
4/23/2013 07:00:57,4/23/2013,07:00:57,NaN,NaN,NaN,NaN,NaN
4/23/2013 07:01:12,4/23/2013,07:01:12,NaN,NaN,NaN,NaN,NaN
4/23/2013 07:01:27,4/23/2013,07:01:27,NaN,NaN,NaN,NaN,NaN
4/23/2013 07:01:42,4/23/2013,07:01:42,NaN,NaN,NaN,NaN,NaN
4/23/2013 07:01:57,4/23/2013,07:01:57,NaN,NaN,NaN,NaN,NaN
4/23/2013 07:02:12,4/23/2013,07:02:12,NaN,NaN,NaN,NaN,NaN
4/23/2013 07:02:27,4/23/2013,07:02:27,NaN,NaN,NaN,NaN,NaN
4/23/2013 07:02:42,4/23/2013,07:02:42,NaN,NaN,NaN,NaN,NaN
4/23/2013 07:02:57,4/23/2013,07:02:57,NaN,NaN,NaN,NaN,NaN
4/23/2013 07:03:12,4/23/2013,07:03:12,NaN,NaN,NaN,NaN,NaN
4/23/2013 07:03:27,4/23/2013,07:03:27,NaN,NaN,NaN,NaN,NaN
4/23/2013 07:03:42,4/23/2013,07:03:42,NaN,NaN,NaN,NaN,NaN
4/23/2013 07:03:57,4/23/2013,07:03:57,NaN,NaN,NaN,NaN,NaN
4/23/2013 07:04:12,4/23/2013,07:04:12,NaN,NaN,NaN,NaN,NaN
4/23/2013 07:04:27,4/23/2013,07:04:27,NaN,NaN,NaN,NaN,NaN
4/23/2013 07:04:42,4/23/2013,07:04:42,NaN,NaN,NaN,NaN,NaN
4/23/2013 07:04:57,4/23/2013,07:04:57,NaN,NaN,NaN,NaN,NaN
4/23/2013 07:05:12,4/23/2013,07:05:12,NaN,NaN,NaN,NaN,NaN
4/23/2013 07:05:27,4/23/2013,07:05:27,NaN,NaN,NaN,NaN,NaN
4/23/2013 07:05:42,4/23/2013,07:05:42,NaN,NaN,NaN,NaN,NaN
4/23/2013 07:05:57,4/23/2013,07:05:57,NaN,NaN,NaN,NaN,NaN
4/23/2013 07:06:12,4/23/2013,07:06:12,NaN,NaN,NaN,NaN,NaN
4/23/2013 07:06:27,4/23/2013,07:06:27,NaN,NaN,NaN,NaN,NaN
4/23/2013 07:06:42,4/23/2013,07:06:42,NaN,NaN,NaN,NaN,NaN
4/23/2013 07:06:57,4/23/2013,07:06:57,NaN,NaN,NaN,NaN,NaN
4/23/2013 07:07:12,4/23/2013,07:07:12,NaN,NaN,NaN,NaN,NaN
4/23/2013 07:07:27,4/23/2013,07:07:27,NaN,NaN,NaN,NaN,NaN
4/23/2013 07:07:42,4/23/2013,07:07:42,NaN,NaN,NaN,NaN,NaN
4/23/2013 07:07:57,4/23/2013,07:07:57,NaN,NaN,NaN,NaN,NaN
4/23/2013 07:08:12,4/23/2013,07:08:12,NaN,NaN,NaN,NaN,NaN
4/23/2013 07:08:27,4/23/2013,07:08:27,NaN,NaN,NaN,NaN,NaN
4/23/2013 07:08:42,4/23/2013,07:08:42,NaN,NaN,NaN,NaN,NaN
4/23/2013 07:08:57,4/23/2013,07:08:57,NaN,NaN,NaN,NaN,NaN
4/23/2013 07:09:12,4/23/2013,07:09:12,NaN,NaN,NaN,NaN,NaN
4/23/2013 07:09:27,4/23/2013,07:09:27,NaN,NaN,NaN,NaN,NaN
4/23/2013 07:09:42,4/23/2013,07:09:42,NaN,NaN,NaN,NaN,NaN
4/23/2013 07:09:57,4/23/2013,07:09:57,NaN,NaN,NaN,NaN,NaN
4/23/2013 07:10:12,4/23/2013,07:10:12,NaN,NaN,NaN,NaN,NaN
4/23/2013 07:10:27,4/23/2013,07:10:27,NaN,NaN,NaN,NaN,NaN
4/23/2013 07:10:42,4/23/2013,07:10:42,NaN,NaN,NaN,NaN,NaN
4/23/2013 07:10:57,4/23/2013,07:10:57,NaN,NaN,NaN,NaN,NaN
4/23/2013 07:11:12,4/23/2013,07:11:12,NaN,NaN,NaN,NaN,NaN
4/23/2013 07:11:27,4/23/2013,07:11:27,NaN,NaN,NaN,NaN,NaN
4/23/2013 07:11:42,4/23/2013,07:11:42,NaN,NaN,NaN,NaN,NaN
4/23/2013 07:11:57,4/23/2013,07:11:57,NaN,NaN,NaN,NaN,NaN
4/23/2013 07:12:12,4/23/2013,07:12:12,NaN,NaN,NaN,NaN,NaN
4/23/2013 07:12:27,4/23/2013,07:12:27,NaN,NaN,NaN,NaN,NaN
4/23/2013 07:12:42,4/23/2013,07:12:42,NaN,NaN,NaN,NaN,NaN
4/23/2013 07:12:57,4/23/2013,07:12:57,NaN,NaN,NaN,NaN,NaN
4/23/2013 07:13:12,4/23/2013,07:13:12,NaN,NaN,NaN,NaN,NaN
4/23/2013 07:13:27,4/23/2013,07:13:27,NaN,NaN,NaN,NaN,NaN
4/23/2013 07:13:42,4/23/2013,07:13:42,NaN,NaN,NaN,NaN,NaN
4/23/2013 07:13:57,4/23/2013,07:13:57,NaN,NaN,NaN,NaN,NaN
4/23/2013 07:14:12,4/23/2013,07:14:12,NaN,NaN,NaN,NaN,NaN
4/23/2013 07:14:27,4/23/2013,07:14:27,NaN,NaN,NaN,NaN,NaN
4/23/2013 07:14:42,4/23/2013,07:14:42,NaN,NaN,NaN,NaN,NaN
4/23/2013 07:14:57,4/23/2013,07:14:57,NaN,NaN,NaN,NaN,NaN
4/23/2013 07:15:12,4/23/2013,07:15:12,NaN,NaN,NaN,NaN,NaN
4/23/2013 07:15:27,4/23/2013,07:15:27,NaN,NaN,NaN,NaN,NaN
4/23/2013 07:15:42,4/23/2013,07:15:42,NaN,NaN,NaN,NaN,NaN
4/23/2013 07:15:57,4/23/2013,07:15:57,NaN,NaN,NaN,NaN,NaN
4/23/2013 07:16:12,4/23/2013,07:16:12,NaN,NaN,NaN,NaN,NaN
4/23/2013 07:16:27,4/23/2013,07:16:27,NaN,NaN,NaN,NaN,NaN
4/23/2013 07:16:42,4/23/2013,07:16:42,NaN,NaN,NaN,NaN,NaN
4/23/2013 07:16:57,4/23/2013,07:16:57,NaN,NaN,NaN,NaN,NaN
4/23/2013 07:17:12,4/23/2013,07:17:12,NaN,NaN,NaN,NaN,NaN
4/23/2013 07:17:27,4/23/2013,07:17:27,NaN,NaN,NaN,NaN,NaN
4/23/2013 07:17:42,4/23/2013,07:17:42,NaN,NaN,NaN,NaN,NaN
4/23/2013 07:17:57,4/23/2013,07:17:57,NaN,NaN,NaN,NaN,NaN
4/23/2013 07:18:12,4/23/2013,07:18:12,NaN,NaN,NaN,NaN,NaN
4/23/2013 07:18:27,4/23/2013,07:18:27,NaN,NaN,NaN,NaN,NaN
4/23/2013 07:18:42,4/23/2013,07:18:42,NaN,NaN,NaN,NaN,NaN
4/23/2013 07:18:57,4/23/2013,07:18:57,NaN,NaN,NaN,NaN,NaN
4/23/2013 07:19:12,4/23/2013,07:19:12,NaN,NaN,NaN,NaN,NaN
4/23/2013 07:19:27,4/23/2013,07:19:27,NaN,NaN,NaN,NaN,NaN
4/23/2013 07:19:42,4/23/2013,07:19:42,NaN,NaN,NaN,NaN,NaN
4/23/2013 07:19:57,4/23/2013,07:19:57,NaN,NaN,NaN,NaN,NaN
4/23/2013 07:20:12,4/23/2013,07:20:12,NaN,NaN,NaN,NaN,NaN
4/23/2013 07:20:27,4/23/2013,07:20:27,NaN,NaN,NaN,NaN,NaN
4/23/2013 07:20:42,4/23/2013,07:20:42,NaN,NaN,NaN,NaN,NaN
4/23/2013 07:20:57,4/23/2013,07:20:57,NaN,NaN,NaN,NaN,NaN
4/23/2013 07:21:12,4/23/2013,07:21:12,NaN,NaN,NaN,NaN,NaN
4/23/2013 07:21:27,4/23/2013,07:21:27,NaN,NaN,NaN,NaN,NaN
4/23/2013 07:21:42,4/23/2013,07:21:42,NaN,NaN,NaN,NaN,NaN
4/23/2013 07:21:57,4/23/2013,07:21:57,NaN,NaN,NaN,NaN,NaN
4/23/2013 07:22:12,4/23/2013,07:22:12,NaN,NaN,NaN,NaN,NaN
4/23/2013 07:22:27,4/23/2013,07:22:27,NaN,NaN,NaN,NaN,NaN
4/23/2013 07:22:42,4/23/2013,07:22:42,NaN,NaN,NaN,NaN,NaN
4/23/2013 07:22:57,4/23/2013,07:22:57,NaN,NaN,NaN,NaN,NaN
4/23/2013 07:23:12,4/23/2013,07:23:12,NaN,NaN,NaN,NaN,NaN
4/23/2013 07:23:27,4/23/2013,07:23:27,NaN,NaN,NaN,NaN,NaN
4/23/2013 07:23:42,4/23/2013,07:23:42,NaN,NaN,NaN,NaN,NaN
4/23/2013 07:23:57,4/23/2013,07:23:57,NaN,NaN,NaN,NaN,NaN
4/23/2013 07:24:12,4/23/2013,07:24:12,NaN,NaN,NaN,NaN,NaN
4/23/2013 07:24:27,4/23/2013,07:24:27,NaN,NaN,NaN,NaN,NaN
4/23/2013 07:24:42,4/23/2013,07:24:42,NaN,NaN,NaN,NaN,NaN
4/23/2013 07:24:57,4/23/2013,07:24:57,NaN,NaN,NaN,NaN,NaN
4/23/2013 07:25:12,4/23/2013,07:25:12,NaN,NaN,NaN,NaN,NaN
4/23/2013 07:25:27,4/23/2013,07:25:27,NaN,NaN,NaN,NaN,NaN
4/23/2013 07:25:42,4/23/2013,07:25:42,NaN,NaN,NaN,NaN,NaN
4/23/2013 07:25:57,4/23/2013,07:25:57,NaN,NaN,NaN,NaN,NaN
4/23/2013 07:26:12,4/23/2013,07:26:12,NaN,NaN,NaN,NaN,NaN
4/23/2013 07:26:27,4/23/2013,07:26:27,NaN,NaN,NaN,NaN,NaN
4/23/2013 07:26:42,4/23/2013,07:26:42,NaN,NaN,NaN,NaN,NaN
4/23/2013 07:26:57,4/23/2013,07:26:57,NaN,NaN,NaN,NaN,NaN
4/23/2013 07:27:12,4/23/2013,07:27:12,NaN,NaN,NaN,NaN,NaN
4/23/2013 07:27:27,4/23/2013,07:27:27,NaN,NaN,NaN,NaN,NaN
4/23/2013 07:27:42,4/23/2013,07:27:42,NaN,NaN,NaN,NaN,NaN
4/23/2013 07:27:57,4/23/2013,07:27:57,NaN,NaN,NaN,NaN,NaN
4/23/2013 07:28:12,4/23/2013,07:28:12,NaN,NaN,NaN,NaN,NaN
4/23/2013 07:28:27,4/23/2013,07:28:27,NaN,NaN,NaN,NaN,NaN
4/23/2013 07:28:42,4/23/2013,07:28:42,NaN,NaN,NaN,NaN,NaN
4/23/2013 07:28:57,4/23/2013,07:28:57,NaN,NaN,NaN,NaN,NaN
4/23/2013 07:29:12,4/23/2013,07:29:12,NaN,NaN,NaN,NaN,NaN
4/23/2013 07:29:27,4/23/2013,07:29:27,NaN,NaN,NaN,NaN,NaN
4/23/2013 07:29:42,4/23/2013,07:29:42,NaN,NaN,NaN,NaN,NaN
4/23/2013 07:29:57,4/23/2013,07:29:57,NaN,NaN,NaN,NaN,NaN
4/23/2013 07:30:12,4/23/2013,07:30:12,NaN,NaN,NaN,NaN,NaN
4/23/2013 07:30:27,4/23/2013,07:30:27,NaN,NaN,NaN,NaN,NaN
4/23/2013 07:30:42,4/23/2013,07:30:42,NaN,NaN,NaN,NaN,NaN
4/23/2013 07:30:57,4/23/2013,07:30:57,NaN,NaN,NaN,NaN,NaN
4/23/2013 07:31:12,4/23/2013,07:31:12,NaN,NaN,NaN,NaN,NaN
4/23/2013 07:31:27,4/23/2013,07:31:27,NaN,NaN,NaN,NaN,NaN
4/23/2013 07:31:42,4/23/2013,07:31:42,NaN,NaN,NaN,NaN,NaN
4/23/2013 07:31:57,4/23/2013,07:31:57,NaN,NaN,NaN,NaN,NaN
4/23/2013 07:32:12,4/23/2013,07:32:12,NaN,NaN,NaN,NaN,NaN
4/23/2013 07:32:27,4/23/2013,07:32:27,NaN,NaN,NaN,NaN,NaN
4/23/2013 07:32:42,4/23/2013,07:32:42,NaN,NaN,NaN,NaN,NaN
4/23/2013 07:32:57,4/23/2013,07:32:57,NaN,NaN,NaN,NaN,NaN
4/23/2013 07:33:12,4/23/2013,07:33:12,NaN,NaN,NaN,NaN,NaN
4/23/2013 07:33:27,4/23/2013,07:33:27,NaN,NaN,NaN,NaN,NaN
4/23/2013 07:33:42,4/23/2013,07:33:42,NaN,NaN,NaN,NaN,NaN
4/23/2013 07:33:57,4/23/2013,07:33:57,NaN,NaN,NaN,NaN,NaN
4/23/2013 07:34:12,4/23/2013,07:34:12,NaN,NaN,NaN,NaN,NaN
4/23/2013 07:34:27,4/23/2013,07:34:27,NaN,NaN,NaN,NaN,NaN
4/23/2013 07:34:42,4/23/2013,07:34:42,NaN,NaN,NaN,NaN,NaN
4/23/2013 07:34:57,4/23/2013,07:34:57,NaN,NaN,NaN,NaN,NaN
4/23/2013 07:35:12,4/23/2013,07:35:12,NaN,NaN,NaN,NaN,NaN
4/23/2013 07:35:27,4/23/2013,07:35:27,NaN,NaN,NaN,NaN,NaN
4/23/2013 07:35:42,4/23/2013,07:35:42,NaN,NaN,NaN,NaN,NaN
4/23/2013 07:35:57,4/23/2013,07:35:57,NaN,NaN,NaN,NaN,NaN
4/23/2013 07:36:12,4/23/2013,07:36:12,NaN,NaN,NaN,NaN,NaN
4/23/2013 07:36:27,4/23/2013,07:36:27,NaN,NaN,NaN,NaN,NaN
4/23/2013 07:36:42,4/23/2013,07:36:42,NaN,NaN,NaN,NaN,NaN
4/23/2013 07:36:57,4/23/2013,07:36:57,NaN,NaN,NaN,NaN,NaN
4/23/2013 07:37:12,4/23/2013,07:37:12,NaN,NaN,NaN,NaN,NaN
4/23/2013 07:37:27,4/23/2013,07:37:27,NaN,NaN,NaN,NaN,NaN
4/23/2013 07:37:42,4/23/2013,07:37:42,NaN,NaN,NaN,NaN,NaN
4/23/2013 07:37:57,4/23/2013,07:37:57,NaN,NaN,NaN,NaN,NaN
4/23/2013 07:38:12,4/23/2013,07:38:12,NaN,NaN,NaN,NaN,NaN
4/23/2013 07:38:27,4/23/2013,07:38:27,NaN,NaN,NaN,NaN,NaN
4/23/2013 07:38:42,4/23/2013,07:38:42,NaN,NaN,NaN,NaN,NaN
4/23/2013 07:38:57,4/23/2013,07:38:57,NaN,NaN,NaN,NaN,NaN
4/23/2013 07:39:12,4/23/2013,07:39:12,NaN,NaN,NaN,NaN,NaN
4/23/2013 07:39:27,4/23/2013,07:39:27,NaN,NaN,NaN,NaN,NaN
4/23/2013 07:39:42,4/23/2013,07:39:42,NaN,NaN,NaN,NaN,NaN
4/23/2013 07:39:57,4/23/2013,07:39:57,NaN,NaN,NaN,NaN,NaN
4/23/2013 07:40:12,4/23/2013,07:40:12,NaN,NaN,NaN,NaN,NaN
4/23/2013 07:40:27,4/23/2013,07:40:27,NaN,NaN,NaN,NaN,NaN
4/23/2013 07:40:42,4/23/2013,07:40:42,NaN,NaN,NaN,NaN,NaN
4/23/2013 07:40:57,4/23/2013,07:40:57,NaN,NaN,NaN,NaN,NaN
4/23/2013 07:41:12,4/23/2013,07:41:12,NaN,NaN,NaN,NaN,NaN
4/23/2013 07:41:27,4/23/2013,07:41:27,NaN,NaN,NaN,NaN,NaN
4/23/2013 07:41:42,4/23/2013,07:41:42,NaN,NaN,NaN,NaN,NaN
4/23/2013 07:41:57,4/23/2013,07:41:57,NaN,NaN,NaN,NaN,NaN
4/23/2013 07:42:12,4/23/2013,07:42:12,NaN,NaN,NaN,NaN,NaN
4/23/2013 07:42:27,4/23/2013,07:42:27,NaN,NaN,NaN,NaN,NaN
4/23/2013 07:42:42,4/23/2013,07:42:42,NaN,NaN,NaN,NaN,NaN
4/23/2013 07:42:57,4/23/2013,07:42:57,NaN,NaN,NaN,NaN,NaN
4/23/2013 07:43:12,4/23/2013,07:43:12,NaN,NaN,NaN,NaN,NaN
4/23/2013 07:43:27,4/23/2013,07:43:27,NaN,NaN,NaN,NaN,NaN
4/23/2013 07:43:42,4/23/2013,07:43:42,NaN,NaN,NaN,NaN,NaN
4/23/2013 07:43:57,4/23/2013,07:43:57,NaN,NaN,NaN,NaN,NaN
4/23/2013 07:44:12,4/23/2013,07:44:12,NaN,NaN,NaN,NaN,NaN
4/23/2013 07:44:27,4/23/2013,07:44:27,NaN,NaN,NaN,NaN,NaN
4/23/2013 07:44:42,4/23/2013,07:44:42,NaN,NaN,NaN,NaN,NaN
4/23/2013 07:44:57,4/23/2013,07:44:57,NaN,NaN,NaN,NaN,NaN
4/23/2013 07:45:12,4/23/2013,07:45:12,NaN,NaN,NaN,NaN,NaN
4/23/2013 07:45:27,4/23/2013,07:45:27,NaN,NaN,NaN,NaN,NaN
4/23/2013 07:45:42,4/23/2013,07:45:42,NaN,NaN,NaN,NaN,NaN
4/23/2013 07:45:57,4/23/2013,07:45:57,NaN,NaN,NaN,NaN,NaN
4/23/2013 07:46:12,4/23/2013,07:46:12,NaN,NaN,NaN,NaN,NaN
4/23/2013 07:46:27,4/23/2013,07:46:27,NaN,NaN,NaN,NaN,NaN
4/23/2013 07:46:42,4/23/2013,07:46:42,NaN,NaN,NaN,NaN,NaN
4/23/2013 07:46:57,4/23/2013,07:46:57,NaN,NaN,NaN,NaN,NaN
4/23/2013 07:47:12,4/23/2013,07:47:12,NaN,NaN,NaN,NaN,NaN
4/23/2013 07:47:27,4/23/2013,07:47:27,NaN,NaN,NaN,NaN,NaN
4/23/2013 07:47:42,4/23/2013,07:47:42,NaN,NaN,NaN,NaN,NaN
4/23/2013 07:47:57,4/23/2013,07:47:57,NaN,NaN,NaN,NaN,NaN
4/23/2013 07:48:12,4/23/2013,07:48:12,NaN,NaN,NaN,NaN,NaN
4/23/2013 07:48:27,4/23/2013,07:48:27,NaN,NaN,NaN,NaN,NaN
4/23/2013 07:48:42,4/23/2013,07:48:42,NaN,NaN,NaN,NaN,NaN
4/23/2013 07:48:57,4/23/2013,07:48:57,NaN,NaN,NaN,NaN,NaN
4/23/2013 07:49:12,4/23/2013,07:49:12,NaN,NaN,NaN,NaN,NaN
4/23/2013 07:49:27,4/23/2013,07:49:27,NaN,NaN,NaN,NaN,NaN
4/23/2013 07:49:42,4/23/2013,07:49:42,NaN,NaN,NaN,NaN,NaN
4/23/2013 07:49:57,4/23/2013,07:49:57,NaN,NaN,NaN,NaN,NaN
4/23/2013 07:50:12,4/23/2013,07:50:12,NaN,NaN,NaN,NaN,NaN
4/23/2013 07:50:27,4/23/2013,07:50:27,NaN,NaN,NaN,NaN,NaN
4/23/2013 07:50:42,4/23/2013,07:50:42,NaN,NaN,NaN,NaN,NaN
4/23/2013 07:50:57,4/23/2013,07:50:57,NaN,NaN,NaN,NaN,NaN
4/23/2013 07:51:12,4/23/2013,07:51:12,NaN,NaN,NaN,NaN,NaN
4/23/2013 07:51:27,4/23/2013,07:51:27,NaN,NaN,NaN,NaN,NaN
4/23/2013 07:51:42,4/23/2013,07:51:42,NaN,NaN,NaN,NaN,NaN
4/23/2013 07:51:57,4/23/2013,07:51:57,NaN,NaN,NaN,NaN,NaN
4/23/2013 07:52:12,4/23/2013,07:52:12,NaN,NaN,NaN,NaN,NaN
4/23/2013 07:52:27,4/23/2013,07:52:27,NaN,NaN,NaN,NaN,NaN
4/23/2013 07:52:42,4/23/2013,07:52:42,NaN,NaN,NaN,NaN,NaN
4/23/2013 07:52:57,4/23/2013,07:52:57,NaN,NaN,NaN,NaN,NaN
4/23/2013 07:53:12,4/23/2013,07:53:12,NaN,NaN,NaN,NaN,NaN
4/23/2013 07:53:27,4/23/2013,07:53:27,NaN,NaN,NaN,NaN,NaN
4/23/2013 07:53:42,4/23/2013,07:53:42,NaN,NaN,NaN,NaN,NaN
4/23/2013 07:53:57,4/23/2013,07:53:57,NaN,NaN,NaN,NaN,NaN
4/23/2013 07:54:12,4/23/2013,07:54:12,NaN,NaN,NaN,NaN,NaN
4/23/2013 07:54:27,4/23/2013,07:54:27,NaN,NaN,NaN,NaN,NaN
4/23/2013 07:54:42,4/23/2013,07:54:42,NaN,NaN,NaN,NaN,NaN
4/23/2013 07:54:57,4/23/2013,07:54:57,NaN,NaN,NaN,NaN,NaN
4/23/2013 07:55:12,4/23/2013,07:55:12,NaN,NaN,NaN,NaN,NaN
4/23/2013 07:55:27,4/23/2013,07:55:27,NaN,NaN,NaN,NaN,NaN
4/23/2013 07:55:42,4/23/2013,07:55:42,NaN,NaN,NaN,NaN,NaN
4/23/2013 07:55:57,4/23/2013,07:55:57,NaN,NaN,NaN,NaN,NaN
4/23/2013 07:56:12,4/23/2013,07:56:12,NaN,NaN,NaN,NaN,NaN
4/23/2013 07:56:27,4/23/2013,07:56:27,NaN,NaN,NaN,NaN,NaN
4/23/2013 07:56:42,4/23/2013,07:56:42,NaN,NaN,NaN,NaN,NaN
4/23/2013 07:56:57,4/23/2013,07:56:57,NaN,NaN,NaN,NaN,NaN
4/23/2013 07:57:12,4/23/2013,07:57:12,NaN,NaN,NaN,NaN,NaN
4/23/2013 07:57:27,4/23/2013,07:57:27,NaN,NaN,NaN,NaN,NaN
4/23/2013 07:57:42,4/23/2013,07:57:42,NaN,NaN,NaN,NaN,NaN
4/23/2013 07:57:57,4/23/2013,07:57:57,NaN,NaN,NaN,NaN,NaN
4/23/2013 07:58:12,4/23/2013,07:58:12,NaN,NaN,NaN,NaN,NaN
4/23/2013 07:58:27,4/23/2013,07:58:27,NaN,NaN,NaN,NaN,NaN
4/23/2013 07:58:42,4/23/2013,07:58:42,NaN,NaN,NaN,NaN,NaN
4/23/2013 07:58:57,4/23/2013,07:58:57,NaN,NaN,NaN,NaN,NaN
4/23/2013 07:59:12,4/23/2013,07:59:12,NaN,NaN,NaN,NaN,NaN
4/23/2013 07:59:27,4/23/2013,07:59:27,NaN,NaN,NaN,NaN,NaN
4/23/2013 07:59:42,4/23/2013,07:59:42,NaN,NaN,NaN,NaN,NaN
4/23/2013 07:59:57,4/23/2013,07:59:57,NaN,NaN,NaN,NaN,NaN
4/23/2013 08:00:12,4/23/2013,08:00:12,NaN,NaN,NaN,NaN,NaN
4/23/2013 08:00:27,4/23/2013,08:00:27,NaN,NaN,NaN,NaN,NaN
4/23/2013 08:00:42,4/23/2013,08:00:42,NaN,NaN,NaN,NaN,NaN
4/23/2013 08:00:57,4/23/2013,08:00:57,NaN,NaN,NaN,NaN,NaN
4/23/2013 08:01:12,4/23/2013,08:01:12,NaN,NaN,NaN,NaN,NaN
4/23/2013 08:01:27,4/23/2013,08:01:27,NaN,NaN,NaN,NaN,NaN
4/23/2013 08:01:42,4/23/2013,08:01:42,NaN,NaN,NaN,NaN,NaN
4/23/2013 08:01:57,4/23/2013,08:01:57,NaN,NaN,NaN,NaN,NaN
4/23/2013 08:02:12,4/23/2013,08:02:12,NaN,NaN,NaN,NaN,NaN
4/23/2013 08:02:27,4/23/2013,08:02:27,NaN,NaN,NaN,NaN,NaN
4/23/2013 08:02:42,4/23/2013,08:02:42,NaN,NaN,NaN,NaN,NaN
4/23/2013 08:02:57,4/23/2013,08:02:57,NaN,NaN,NaN,NaN,NaN
4/23/2013 08:03:12,4/23/2013,08:03:12,NaN,NaN,NaN,NaN,NaN
4/23/2013 08:03:27,4/23/2013,08:03:27,NaN,NaN,NaN,NaN,NaN
4/23/2013 08:03:42,4/23/2013,08:03:42,NaN,NaN,NaN,NaN,NaN
4/23/2013 08:03:57,4/23/2013,08:03:57,NaN,NaN,NaN,NaN,NaN
4/23/2013 08:04:12,4/23/2013,08:04:12,NaN,NaN,NaN,NaN,NaN
4/23/2013 08:04:27,4/23/2013,08:04:27,NaN,NaN,NaN,NaN,NaN
4/23/2013 08:04:42,4/23/2013,08:04:42,NaN,NaN,NaN,NaN,NaN
4/23/2013 08:04:57,4/23/2013,08:04:57,NaN,NaN,NaN,NaN,NaN
4/23/2013 08:05:12,4/23/2013,08:05:12,NaN,NaN,NaN,NaN,NaN
4/23/2013 08:05:27,4/23/2013,08:05:27,NaN,NaN,NaN,NaN,NaN
4/23/2013 08:05:42,4/23/2013,08:05:42,NaN,NaN,NaN,NaN,NaN
4/23/2013 08:05:57,4/23/2013,08:05:57,NaN,NaN,NaN,NaN,NaN
4/23/2013 08:06:12,4/23/2013,08:06:12,NaN,NaN,NaN,NaN,NaN
4/23/2013 08:06:27,4/23/2013,08:06:27,NaN,NaN,NaN,NaN,NaN
4/23/2013 08:06:42,4/23/2013,08:06:42,NaN,NaN,NaN,NaN,NaN
4/23/2013 08:06:57,4/23/2013,08:06:57,NaN,NaN,NaN,NaN,NaN
4/23/2013 08:07:12,4/23/2013,08:07:12,NaN,NaN,NaN,NaN,NaN
4/23/2013 08:07:27,4/23/2013,08:07:27,NaN,NaN,NaN,NaN,NaN
4/23/2013 08:07:42,4/23/2013,08:07:42,NaN,NaN,NaN,NaN,NaN
4/23/2013 08:07:57,4/23/2013,08:07:57,NaN,NaN,NaN,NaN,NaN
4/23/2013 08:08:12,4/23/2013,08:08:12,NaN,NaN,NaN,NaN,NaN
4/23/2013 08:08:27,4/23/2013,08:08:27,NaN,NaN,NaN,NaN,NaN
4/23/2013 08:08:42,4/23/2013,08:08:42,NaN,NaN,NaN,NaN,NaN
4/23/2013 08:08:57,4/23/2013,08:08:57,NaN,NaN,NaN,NaN,NaN
4/23/2013 08:09:12,4/23/2013,08:09:12,NaN,NaN,NaN,NaN,NaN
4/23/2013 08:09:27,4/23/2013,08:09:27,NaN,NaN,NaN,NaN,NaN
4/23/2013 08:09:42,4/23/2013,08:09:42,NaN,NaN,NaN,NaN,NaN
4/23/2013 08:09:57,4/23/2013,08:09:57,NaN,NaN,NaN,NaN,NaN
4/23/2013 08:10:12,4/23/2013,08:10:12,NaN,NaN,NaN,NaN,NaN
4/23/2013 08:10:27,4/23/2013,08:10:27,NaN,NaN,NaN,NaN,NaN
4/23/2013 08:10:42,4/23/2013,08:10:42,NaN,NaN,NaN,NaN,NaN
4/23/2013 08:10:57,4/23/2013,08:10:57,NaN,NaN,NaN,NaN,NaN
4/23/2013 08:11:12,4/23/2013,08:11:12,NaN,NaN,NaN,NaN,NaN
4/23/2013 08:11:27,4/23/2013,08:11:27,NaN,NaN,NaN,NaN,NaN
4/23/2013 08:11:42,4/23/2013,08:11:42,NaN,NaN,NaN,NaN,NaN
4/23/2013 08:11:57,4/23/2013,08:11:57,NaN,NaN,NaN,NaN,NaN
4/23/2013 08:12:12,4/23/2013,08:12:12,NaN,NaN,NaN,NaN,NaN
4/23/2013 08:12:27,4/23/2013,08:12:27,NaN,NaN,NaN,NaN,NaN
4/23/2013 08:12:42,4/23/2013,08:12:42,NaN,NaN,NaN,NaN,NaN
4/23/2013 08:12:57,4/23/2013,08:12:57,NaN,NaN,NaN,NaN,NaN
4/23/2013 08:13:12,4/23/2013,08:13:12,NaN,NaN,NaN,NaN,NaN
4/23/2013 08:13:27,4/23/2013,08:13:27,NaN,NaN,NaN,NaN,NaN
4/23/2013 08:13:42,4/23/2013,08:13:42,NaN,NaN,NaN,NaN,NaN
4/23/2013 08:13:57,4/23/2013,08:13:57,NaN,NaN,NaN,NaN,NaN
4/23/2013 08:14:12,4/23/2013,08:14:12,NaN,NaN,NaN,NaN,NaN
4/23/2013 08:14:27,4/23/2013,08:14:27,NaN,NaN,NaN,NaN,NaN
4/23/2013 08:14:42,4/23/2013,08:14:42,NaN,NaN,NaN,NaN,NaN
4/23/2013 08:14:57,4/23/2013,08:14:57,NaN,NaN,NaN,NaN,NaN
4/23/2013 08:15:12,4/23/2013,08:15:12,NaN,NaN,NaN,NaN,NaN
4/23/2013 08:15:27,4/23/2013,08:15:27,NaN,NaN,NaN,NaN,NaN
4/23/2013 08:15:42,4/23/2013,08:15:42,NaN,NaN,NaN,NaN,NaN
4/23/2013 08:15:57,4/23/2013,08:15:57,NaN,NaN,NaN,NaN,NaN
4/23/2013 08:16:12,4/23/2013,08:16:12,NaN,NaN,NaN,NaN,NaN
4/23/2013 08:16:27,4/23/2013,08:16:27,NaN,NaN,NaN,NaN,NaN
4/23/2013 08:16:42,4/23/2013,08:16:42,NaN,NaN,NaN,NaN,NaN
4/23/2013 08:16:57,4/23/2013,08:16:57,NaN,NaN,NaN,NaN,NaN
4/23/2013 08:17:12,4/23/2013,08:17:12,NaN,NaN,NaN,NaN,NaN
4/23/2013 08:17:27,4/23/2013,08:17:27,NaN,NaN,NaN,NaN,NaN
4/23/2013 08:17:42,4/23/2013,08:17:42,NaN,NaN,NaN,NaN,NaN
4/23/2013 08:17:57,4/23/2013,08:17:57,NaN,NaN,NaN,NaN,NaN
4/23/2013 08:18:12,4/23/2013,08:18:12,NaN,NaN,NaN,NaN,NaN
4/23/2013 08:18:27,4/23/2013,08:18:27,NaN,NaN,NaN,NaN,NaN
4/23/2013 08:18:42,4/23/2013,08:18:42,NaN,NaN,NaN,NaN,NaN
4/23/2013 08:18:57,4/23/2013,08:18:57,NaN,NaN,NaN,NaN,NaN
4/23/2013 08:19:12,4/23/2013,08:19:12,NaN,NaN,NaN,NaN,NaN
4/23/2013 08:19:27,4/23/2013,08:19:27,NaN,NaN,NaN,NaN,NaN
4/23/2013 08:19:42,4/23/2013,08:19:42,NaN,NaN,NaN,NaN,NaN
4/23/2013 08:19:57,4/23/2013,08:19:57,NaN,NaN,NaN,NaN,NaN
4/23/2013 08:20:12,4/23/2013,08:20:12,NaN,NaN,NaN,NaN,NaN
4/23/2013 08:20:27,4/23/2013,08:20:27,NaN,NaN,NaN,NaN,NaN
4/23/2013 08:20:42,4/23/2013,08:20:42,NaN,NaN,NaN,NaN,NaN
4/23/2013 08:20:57,4/23/2013,08:20:57,NaN,NaN,NaN,NaN,NaN
4/23/2013 08:21:12,4/23/2013,08:21:12,NaN,NaN,NaN,NaN,NaN
4/23/2013 08:21:27,4/23/2013,08:21:27,NaN,NaN,NaN,NaN,NaN
4/23/2013 08:21:42,4/23/2013,08:21:42,NaN,NaN,NaN,NaN,NaN
4/23/2013 08:21:57,4/23/2013,08:21:57,NaN,NaN,NaN,NaN,NaN
4/23/2013 08:22:12,4/23/2013,08:22:12,NaN,NaN,NaN,NaN,NaN
4/23/2013 08:22:27,4/23/2013,08:22:27,NaN,NaN,NaN,NaN,NaN
4/23/2013 08:22:42,4/23/2013,08:22:42,NaN,NaN,NaN,NaN,NaN
4/23/2013 08:22:57,4/23/2013,08:22:57,NaN,NaN,NaN,NaN,NaN
4/23/2013 08:23:12,4/23/2013,08:23:12,NaN,NaN,NaN,NaN,NaN
4/23/2013 08:23:27,4/23/2013,08:23:27,NaN,NaN,NaN,NaN,NaN
4/23/2013 08:23:42,4/23/2013,08:23:42,NaN,NaN,NaN,NaN,NaN
4/23/2013 08:23:57,4/23/2013,08:23:57,NaN,NaN,NaN,NaN,NaN
4/23/2013 08:24:12,4/23/2013,08:24:12,NaN,NaN,NaN,NaN,NaN
4/23/2013 08:24:27,4/23/2013,08:24:27,NaN,NaN,NaN,NaN,NaN
4/23/2013 08:24:42,4/23/2013,08:24:42,NaN,NaN,NaN,NaN,NaN
4/23/2013 08:24:57,4/23/2013,08:24:57,NaN,NaN,NaN,NaN,NaN
4/23/2013 08:25:12,4/23/2013,08:25:12,NaN,NaN,NaN,NaN,NaN
4/23/2013 08:25:27,4/23/2013,08:25:27,NaN,NaN,NaN,NaN,NaN
4/23/2013 08:25:42,4/23/2013,08:25:42,NaN,NaN,NaN,NaN,NaN
4/23/2013 08:25:57,4/23/2013,08:25:57,NaN,NaN,NaN,NaN,NaN
4/23/2013 08:26:12,4/23/2013,08:26:12,NaN,NaN,NaN,NaN,NaN
4/23/2013 08:26:27,4/23/2013,08:26:27,NaN,NaN,NaN,NaN,NaN
4/23/2013 08:26:42,4/23/2013,08:26:42,NaN,NaN,NaN,NaN,NaN
4/23/2013 08:26:57,4/23/2013,08:26:57,NaN,NaN,NaN,NaN,NaN
4/23/2013 08:27:12,4/23/2013,08:27:12,NaN,NaN,NaN,NaN,NaN
4/23/2013 08:27:27,4/23/2013,08:27:27,NaN,NaN,NaN,NaN,NaN
4/23/2013 08:27:42,4/23/2013,08:27:42,NaN,NaN,NaN,NaN,NaN
4/23/2013 08:27:57,4/23/2013,08:27:57,NaN,NaN,NaN,NaN,NaN
4/23/2013 08:28:12,4/23/2013,08:28:12,NaN,NaN,NaN,NaN,NaN
4/23/2013 08:28:27,4/23/2013,08:28:27,NaN,NaN,NaN,NaN,NaN
4/23/2013 08:28:42,4/23/2013,08:28:42,NaN,NaN,NaN,NaN,NaN
4/23/2013 08:28:57,4/23/2013,08:28:57,NaN,NaN,NaN,NaN,NaN
4/23/2013 08:29:12,4/23/2013,08:29:12,NaN,NaN,NaN,NaN,NaN
4/23/2013 08:29:27,4/23/2013,08:29:27,NaN,NaN,NaN,NaN,NaN
4/23/2013 08:29:42,4/23/2013,08:29:42,NaN,NaN,NaN,NaN,NaN
4/23/2013 08:29:57,4/23/2013,08:29:57,NaN,NaN,NaN,NaN,NaN
4/23/2013 08:30:12,4/23/2013,08:30:12,NaN,NaN,NaN,NaN,NaN
4/23/2013 08:30:27,4/23/2013,08:30:27,NaN,NaN,NaN,NaN,NaN
4/23/2013 08:30:42,4/23/2013,08:30:42,NaN,NaN,NaN,NaN,NaN
4/23/2013 08:30:57,4/23/2013,08:30:57,NaN,NaN,NaN,NaN,NaN
4/23/2013 08:31:12,4/23/2013,08:31:12,NaN,NaN,NaN,NaN,NaN
4/23/2013 08:31:27,4/23/2013,08:31:27,NaN,NaN,NaN,NaN,NaN
4/23/2013 08:31:42,4/23/2013,08:31:42,NaN,NaN,NaN,NaN,NaN
4/23/2013 08:31:57,4/23/2013,08:31:57,NaN,NaN,NaN,NaN,NaN
4/23/2013 08:32:12,4/23/2013,08:32:12,NaN,NaN,NaN,NaN,NaN
4/23/2013 08:32:27,4/23/2013,08:32:27,NaN,NaN,NaN,NaN,NaN
4/23/2013 08:32:42,4/23/2013,08:32:42,NaN,NaN,NaN,NaN,NaN
4/23/2013 08:32:57,4/23/2013,08:32:57,NaN,NaN,NaN,NaN,NaN
4/23/2013 08:33:12,4/23/2013,08:33:12,NaN,NaN,NaN,NaN,NaN
4/23/2013 08:33:27,4/23/2013,08:33:27,NaN,NaN,NaN,NaN,NaN
4/23/2013 08:33:42,4/23/2013,08:33:42,NaN,NaN,NaN,NaN,NaN
4/23/2013 08:33:57,4/23/2013,08:33:57,NaN,NaN,NaN,NaN,NaN
4/23/2013 08:34:12,4/23/2013,08:34:12,NaN,NaN,NaN,NaN,NaN
4/23/2013 08:34:27,4/23/2013,08:34:27,NaN,NaN,NaN,NaN,NaN
4/23/2013 08:34:42,4/23/2013,08:34:42,NaN,NaN,NaN,NaN,NaN
4/23/2013 08:34:57,4/23/2013,08:34:57,NaN,NaN,NaN,NaN,NaN
4/23/2013 08:35:12,4/23/2013,08:35:12,NaN,NaN,NaN,NaN,NaN
4/23/2013 08:35:27,4/23/2013,08:35:27,NaN,NaN,NaN,NaN,NaN
4/23/2013 08:35:42,4/23/2013,08:35:42,NaN,NaN,NaN,NaN,NaN
4/23/2013 08:35:57,4/23/2013,08:35:57,NaN,NaN,NaN,NaN,NaN
4/23/2013 08:36:12,4/23/2013,08:36:12,NaN,NaN,NaN,NaN,NaN
4/23/2013 08:36:27,4/23/2013,08:36:27,NaN,NaN,NaN,NaN,NaN
4/23/2013 08:36:42,4/23/2013,08:36:42,NaN,NaN,NaN,NaN,NaN
4/23/2013 08:36:57,4/23/2013,08:36:57,NaN,NaN,NaN,NaN,NaN
4/23/2013 08:37:12,4/23/2013,08:37:12,NaN,NaN,NaN,NaN,NaN
4/23/2013 08:37:27,4/23/2013,08:37:27,NaN,NaN,NaN,NaN,NaN
4/23/2013 08:37:42,4/23/2013,08:37:42,NaN,NaN,NaN,NaN,NaN
4/23/2013 08:37:57,4/23/2013,08:37:57,NaN,NaN,NaN,NaN,NaN
4/23/2013 08:38:12,4/23/2013,08:38:12,NaN,NaN,NaN,NaN,NaN
4/23/2013 08:38:27,4/23/2013,08:38:27,NaN,NaN,NaN,NaN,NaN
4/23/2013 08:38:42,4/23/2013,08:38:42,NaN,NaN,NaN,NaN,NaN
4/23/2013 08:38:57,4/23/2013,08:38:57,NaN,NaN,NaN,NaN,NaN
4/23/2013 08:39:12,4/23/2013,08:39:12,NaN,NaN,NaN,NaN,NaN
4/23/2013 08:39:27,4/23/2013,08:39:27,NaN,NaN,NaN,NaN,NaN
4/23/2013 08:39:42,4/23/2013,08:39:42,NaN,NaN,NaN,NaN,NaN
4/23/2013 08:39:57,4/23/2013,08:39:57,NaN,NaN,NaN,NaN,NaN
4/23/2013 08:40:12,4/23/2013,08:40:12,NaN,NaN,NaN,NaN,NaN
4/23/2013 08:40:27,4/23/2013,08:40:27,NaN,NaN,NaN,NaN,NaN
4/23/2013 08:40:42,4/23/2013,08:40:42,NaN,NaN,NaN,NaN,NaN
4/23/2013 08:40:57,4/23/2013,08:40:57,NaN,NaN,NaN,NaN,NaN
4/23/2013 08:41:12,4/23/2013,08:41:12,NaN,NaN,NaN,NaN,NaN
4/23/2013 08:41:27,4/23/2013,08:41:27,NaN,NaN,NaN,NaN,NaN
4/23/2013 08:41:42,4/23/2013,08:41:42,NaN,NaN,NaN,NaN,NaN
4/23/2013 08:41:57,4/23/2013,08:41:57,NaN,NaN,NaN,NaN,NaN
4/23/2013 08:42:12,4/23/2013,08:42:12,NaN,NaN,NaN,NaN,NaN
4/23/2013 08:42:27,4/23/2013,08:42:27,NaN,NaN,NaN,NaN,NaN
4/23/2013 08:42:42,4/23/2013,08:42:42,NaN,NaN,NaN,NaN,NaN
4/23/2013 08:42:57,4/23/2013,08:42:57,NaN,NaN,NaN,NaN,NaN
4/23/2013 08:43:12,4/23/2013,08:43:12,NaN,NaN,NaN,NaN,NaN
4/23/2013 08:43:27,4/23/2013,08:43:27,NaN,NaN,NaN,NaN,NaN
4/23/2013 08:43:42,4/23/2013,08:43:42,NaN,NaN,NaN,NaN,NaN
4/23/2013 08:43:57,4/23/2013,08:43:57,NaN,NaN,NaN,NaN,NaN
4/23/2013 08:44:12,4/23/2013,08:44:12,NaN,NaN,NaN,NaN,NaN
4/23/2013 08:44:27,4/23/2013,08:44:27,NaN,NaN,NaN,NaN,NaN
4/23/2013 08:44:42,4/23/2013,08:44:42,NaN,NaN,NaN,NaN,NaN
4/23/2013 08:44:57,4/23/2013,08:44:57,NaN,NaN,NaN,NaN,NaN
4/23/2013 08:45:12,4/23/2013,08:45:12,NaN,NaN,NaN,NaN,NaN
4/23/2013 08:45:27,4/23/2013,08:45:27,NaN,NaN,NaN,NaN,NaN
4/23/2013 08:45:42,4/23/2013,08:45:42,NaN,NaN,NaN,NaN,NaN
4/23/2013 08:45:57,4/23/2013,08:45:57,NaN,NaN,NaN,NaN,NaN
4/23/2013 08:46:12,4/23/2013,08:46:12,NaN,NaN,NaN,NaN,NaN
4/23/2013 08:46:27,4/23/2013,08:46:27,NaN,NaN,NaN,NaN,NaN
4/23/2013 08:46:42,4/23/2013,08:46:42,NaN,NaN,NaN,NaN,NaN
4/23/2013 08:46:57,4/23/2013,08:46:57,NaN,NaN,NaN,NaN,NaN
4/23/2013 08:47:12,4/23/2013,08:47:12,NaN,NaN,NaN,NaN,NaN
4/23/2013 08:47:27,4/23/2013,08:47:27,NaN,NaN,NaN,NaN,NaN
4/23/2013 08:47:42,4/23/2013,08:47:42,NaN,NaN,NaN,NaN,NaN
4/23/2013 08:47:57,4/23/2013,08:47:57,NaN,NaN,NaN,NaN,NaN
4/23/2013 08:48:12,4/23/2013,08:48:12,NaN,NaN,NaN,NaN,NaN
4/23/2013 08:48:27,4/23/2013,08:48:27,NaN,NaN,NaN,NaN,NaN
4/23/2013 08:48:42,4/23/2013,08:48:42,NaN,NaN,NaN,NaN,NaN
4/23/2013 08:48:57,4/23/2013,08:48:57,NaN,NaN,NaN,NaN,NaN
4/23/2013 08:49:12,4/23/2013,08:49:12,NaN,NaN,NaN,NaN,NaN
4/23/2013 08:49:27,4/23/2013,08:49:27,NaN,NaN,NaN,NaN,NaN
4/23/2013 08:49:42,4/23/2013,08:49:42,NaN,NaN,NaN,NaN,NaN
4/23/2013 08:49:57,4/23/2013,08:49:57,NaN,NaN,NaN,NaN,NaN
4/23/2013 08:50:12,4/23/2013,08:50:12,NaN,NaN,NaN,NaN,NaN
4/23/2013 08:50:27,4/23/2013,08:50:27,NaN,NaN,NaN,NaN,NaN
4/23/2013 08:50:42,4/23/2013,08:50:42,NaN,NaN,NaN,NaN,NaN
4/23/2013 08:50:57,4/23/2013,08:50:57,NaN,NaN,NaN,NaN,NaN
4/23/2013 08:51:12,4/23/2013,08:51:12,NaN,NaN,NaN,NaN,NaN
4/23/2013 08:51:27,4/23/2013,08:51:27,NaN,NaN,NaN,NaN,NaN
4/23/2013 08:51:42,4/23/2013,08:51:42,NaN,NaN,NaN,NaN,NaN
4/23/2013 08:51:57,4/23/2013,08:51:57,NaN,NaN,NaN,NaN,NaN
4/23/2013 08:52:12,4/23/2013,08:52:12,NaN,NaN,NaN,NaN,NaN
4/23/2013 08:52:27,4/23/2013,08:52:27,NaN,NaN,NaN,NaN,NaN
4/23/2013 08:52:42,4/23/2013,08:52:42,NaN,NaN,NaN,NaN,NaN
4/23/2013 08:52:57,4/23/2013,08:52:57,NaN,NaN,NaN,NaN,NaN
4/23/2013 08:53:12,4/23/2013,08:53:12,NaN,NaN,NaN,NaN,NaN
4/23/2013 08:53:27,4/23/2013,08:53:27,NaN,NaN,NaN,NaN,NaN
4/23/2013 08:53:42,4/23/2013,08:53:42,NaN,NaN,NaN,NaN,NaN
4/23/2013 08:53:57,4/23/2013,08:53:57,NaN,NaN,NaN,NaN,NaN
4/23/2013 08:54:12,4/23/2013,08:54:12,NaN,NaN,NaN,NaN,NaN
4/23/2013 08:54:27,4/23/2013,08:54:27,NaN,NaN,NaN,NaN,NaN
4/23/2013 08:54:42,4/23/2013,08:54:42,NaN,NaN,NaN,NaN,NaN
4/23/2013 08:54:57,4/23/2013,08:54:57,NaN,NaN,NaN,NaN,NaN
4/23/2013 08:55:12,4/23/2013,08:55:12,NaN,NaN,NaN,NaN,NaN
4/23/2013 08:55:27,4/23/2013,08:55:27,NaN,NaN,NaN,NaN,NaN
4/23/2013 08:55:42,4/23/2013,08:55:42,NaN,NaN,NaN,NaN,NaN
4/23/2013 08:55:57,4/23/2013,08:55:57,NaN,NaN,NaN,NaN,NaN
4/23/2013 08:56:12,4/23/2013,08:56:12,NaN,NaN,NaN,NaN,NaN
4/23/2013 08:56:27,4/23/2013,08:56:27,NaN,NaN,NaN,NaN,NaN
4/23/2013 08:56:42,4/23/2013,08:56:42,NaN,NaN,NaN,NaN,NaN
4/23/2013 08:56:57,4/23/2013,08:56:57,NaN,NaN,NaN,NaN,NaN
4/23/2013 08:57:12,4/23/2013,08:57:12,NaN,NaN,NaN,NaN,NaN
4/23/2013 08:57:27,4/23/2013,08:57:27,NaN,NaN,NaN,NaN,NaN
4/23/2013 08:57:42,4/23/2013,08:57:42,NaN,NaN,NaN,NaN,NaN
4/23/2013 08:57:57,4/23/2013,08:57:57,NaN,NaN,NaN,NaN,NaN
4/23/2013 08:58:12,4/23/2013,08:58:12,NaN,NaN,NaN,NaN,NaN
4/23/2013 08:58:27,4/23/2013,08:58:27,NaN,NaN,NaN,NaN,NaN
4/23/2013 08:58:42,4/23/2013,08:58:42,NaN,NaN,NaN,NaN,NaN
4/23/2013 08:58:57,4/23/2013,08:58:57,NaN,NaN,NaN,NaN,NaN
4/23/2013 08:59:12,4/23/2013,08:59:12,NaN,NaN,NaN,NaN,NaN
4/23/2013 08:59:27,4/23/2013,08:59:27,NaN,NaN,NaN,NaN,NaN
4/23/2013 08:59:42,4/23/2013,08:59:42,NaN,NaN,NaN,NaN,NaN
4/23/2013 08:59:57,4/23/2013,08:59:57,NaN,NaN,NaN,NaN,NaN
4/23/2013 09:00:12,4/23/2013,09:00:12,NaN,NaN,NaN,NaN,NaN
4/23/2013 09:00:27,4/23/2013,09:00:27,NaN,NaN,NaN,NaN,NaN
4/23/2013 09:00:42,4/23/2013,09:00:42,NaN,NaN,NaN,NaN,NaN
4/23/2013 09:00:57,4/23/2013,09:00:57,NaN,NaN,NaN,NaN,NaN
4/23/2013 09:01:12,4/23/2013,09:01:12,NaN,NaN,NaN,NaN,NaN
4/23/2013 09:01:27,4/23/2013,09:01:27,NaN,NaN,NaN,NaN,NaN
4/23/2013 09:01:42,4/23/2013,09:01:42,NaN,NaN,NaN,NaN,NaN
4/23/2013 09:01:57,4/23/2013,09:01:57,NaN,NaN,NaN,NaN,NaN
4/23/2013 09:02:12,4/23/2013,09:02:12,NaN,NaN,NaN,NaN,NaN
4/23/2013 09:02:27,4/23/2013,09:02:27,NaN,NaN,NaN,NaN,NaN
4/23/2013 09:02:42,4/23/2013,09:02:42,NaN,NaN,NaN,NaN,NaN
4/23/2013 09:02:57,4/23/2013,09:02:57,NaN,NaN,NaN,NaN,NaN
4/23/2013 09:03:12,4/23/2013,09:03:12,NaN,NaN,NaN,NaN,NaN
4/23/2013 09:03:27,4/23/2013,09:03:27,NaN,NaN,NaN,NaN,NaN
4/23/2013 09:03:42,4/23/2013,09:03:42,NaN,NaN,NaN,NaN,NaN
4/23/2013 09:03:57,4/23/2013,09:03:57,NaN,NaN,NaN,NaN,NaN
4/23/2013 09:04:12,4/23/2013,09:04:12,NaN,NaN,NaN,NaN,NaN
4/23/2013 09:04:27,4/23/2013,09:04:27,NaN,NaN,NaN,NaN,NaN
4/23/2013 09:04:42,4/23/2013,09:04:42,NaN,NaN,NaN,NaN,NaN
4/23/2013 09:04:57,4/23/2013,09:04:57,NaN,NaN,NaN,NaN,NaN
4/23/2013 09:05:12,4/23/2013,09:05:12,NaN,NaN,NaN,NaN,NaN
4/23/2013 09:05:27,4/23/2013,09:05:27,NaN,NaN,NaN,NaN,NaN
4/23/2013 09:05:42,4/23/2013,09:05:42,NaN,NaN,NaN,NaN,NaN
4/23/2013 09:05:57,4/23/2013,09:05:57,NaN,NaN,NaN,NaN,NaN
4/23/2013 09:06:12,4/23/2013,09:06:12,NaN,NaN,NaN,NaN,NaN
4/23/2013 09:06:27,4/23/2013,09:06:27,NaN,NaN,NaN,NaN,NaN
4/23/2013 09:06:42,4/23/2013,09:06:42,NaN,NaN,NaN,NaN,NaN
4/23/2013 09:06:57,4/23/2013,09:06:57,NaN,NaN,NaN,NaN,NaN
4/23/2013 09:07:12,4/23/2013,09:07:12,NaN,NaN,NaN,NaN,NaN
4/23/2013 09:07:27,4/23/2013,09:07:27,NaN,NaN,NaN,NaN,NaN
4/23/2013 09:07:42,4/23/2013,09:07:42,NaN,NaN,NaN,NaN,NaN
4/23/2013 09:07:57,4/23/2013,09:07:57,NaN,NaN,NaN,NaN,NaN
4/23/2013 09:08:12,4/23/2013,09:08:12,NaN,NaN,NaN,NaN,NaN
4/23/2013 09:08:27,4/23/2013,09:08:27,NaN,NaN,NaN,NaN,NaN
4/23/2013 09:08:42,4/23/2013,09:08:42,NaN,NaN,NaN,NaN,NaN
4/23/2013 09:08:57,4/23/2013,09:08:57,NaN,NaN,NaN,NaN,NaN
4/23/2013 09:09:12,4/23/2013,09:09:12,NaN,NaN,NaN,NaN,NaN
4/23/2013 09:09:27,4/23/2013,09:09:27,NaN,NaN,NaN,NaN,NaN
4/23/2013 09:09:42,4/23/2013,09:09:42,NaN,NaN,NaN,NaN,NaN
4/23/2013 09:09:57,4/23/2013,09:09:57,NaN,NaN,NaN,NaN,NaN
4/23/2013 09:10:12,4/23/2013,09:10:12,NaN,NaN,NaN,NaN,NaN
4/23/2013 09:10:27,4/23/2013,09:10:27,NaN,NaN,NaN,NaN,NaN
4/23/2013 09:10:42,4/23/2013,09:10:42,NaN,NaN,NaN,NaN,NaN
4/23/2013 09:10:57,4/23/2013,09:10:57,NaN,NaN,NaN,NaN,NaN
4/23/2013 09:11:12,4/23/2013,09:11:12,NaN,NaN,NaN,NaN,NaN
4/23/2013 09:11:27,4/23/2013,09:11:27,NaN,NaN,NaN,NaN,NaN
4/23/2013 09:11:42,4/23/2013,09:11:42,NaN,NaN,NaN,NaN,NaN
4/23/2013 09:11:57,4/23/2013,09:11:57,NaN,NaN,NaN,NaN,NaN
4/23/2013 09:12:12,4/23/2013,09:12:12,NaN,NaN,NaN,NaN,NaN
4/23/2013 09:12:27,4/23/2013,09:12:27,NaN,NaN,NaN,NaN,NaN
4/23/2013 09:12:42,4/23/2013,09:12:42,NaN,NaN,NaN,NaN,NaN
4/23/2013 09:12:57,4/23/2013,09:12:57,NaN,NaN,NaN,NaN,NaN
4/23/2013 09:13:12,4/23/2013,09:13:12,NaN,NaN,NaN,NaN,NaN
4/23/2013 09:13:27,4/23/2013,09:13:27,NaN,NaN,NaN,NaN,NaN
4/23/2013 09:13:42,4/23/2013,09:13:42,NaN,NaN,NaN,NaN,NaN
4/23/2013 09:13:57,4/23/2013,09:13:57,NaN,NaN,NaN,NaN,NaN
4/23/2013 09:14:12,4/23/2013,09:14:12,NaN,NaN,NaN,NaN,NaN
4/23/2013 09:14:27,4/23/2013,09:14:27,NaN,NaN,NaN,NaN,NaN
4/23/2013 09:14:42,4/23/2013,09:14:42,NaN,NaN,NaN,NaN,NaN
4/23/2013 09:14:57,4/23/2013,09:14:57,NaN,NaN,NaN,NaN,NaN
4/23/2013 09:15:12,4/23/2013,09:15:12,NaN,NaN,NaN,NaN,NaN
4/23/2013 09:15:27,4/23/2013,09:15:27,NaN,NaN,NaN,NaN,NaN
4/23/2013 09:15:42,4/23/2013,09:15:42,NaN,NaN,NaN,NaN,NaN
4/23/2013 09:15:57,4/23/2013,09:15:57,NaN,NaN,NaN,NaN,NaN
4/23/2013 09:16:12,4/23/2013,09:16:12,NaN,NaN,NaN,NaN,NaN
4/23/2013 09:16:27,4/23/2013,09:16:27,NaN,NaN,NaN,NaN,NaN
4/23/2013 09:16:42,4/23/2013,09:16:42,NaN,NaN,NaN,NaN,NaN
4/23/2013 09:16:57,4/23/2013,09:16:57,NaN,NaN,NaN,NaN,NaN
4/23/2013 09:17:12,4/23/2013,09:17:12,NaN,NaN,NaN,NaN,NaN
4/23/2013 09:17:27,4/23/2013,09:17:27,NaN,NaN,NaN,NaN,NaN
4/23/2013 09:17:42,4/23/2013,09:17:42,NaN,NaN,NaN,NaN,NaN
4/23/2013 09:17:57,4/23/2013,09:17:57,NaN,NaN,NaN,NaN,NaN
4/23/2013 09:18:12,4/23/2013,09:18:12,NaN,NaN,NaN,NaN,NaN
4/23/2013 09:18:27,4/23/2013,09:18:27,NaN,NaN,NaN,NaN,NaN
4/23/2013 09:18:42,4/23/2013,09:18:42,NaN,NaN,NaN,NaN,NaN
4/23/2013 09:18:57,4/23/2013,09:18:57,NaN,NaN,NaN,NaN,NaN
4/23/2013 09:19:12,4/23/2013,09:19:12,NaN,NaN,NaN,NaN,NaN
4/23/2013 09:19:27,4/23/2013,09:19:27,NaN,NaN,NaN,NaN,NaN
4/23/2013 09:19:42,4/23/2013,09:19:42,NaN,NaN,NaN,NaN,NaN
4/23/2013 09:19:57,4/23/2013,09:19:57,NaN,NaN,NaN,NaN,NaN
4/23/2013 09:20:12,4/23/2013,09:20:12,NaN,NaN,NaN,NaN,NaN
4/23/2013 09:20:27,4/23/2013,09:20:27,NaN,NaN,NaN,NaN,NaN
4/23/2013 09:20:42,4/23/2013,09:20:42,NaN,NaN,NaN,NaN,NaN
4/23/2013 09:20:57,4/23/2013,09:20:57,NaN,NaN,NaN,NaN,NaN
4/23/2013 09:21:12,4/23/2013,09:21:12,NaN,NaN,NaN,NaN,NaN
4/23/2013 09:21:27,4/23/2013,09:21:27,NaN,NaN,NaN,NaN,NaN
4/23/2013 09:21:42,4/23/2013,09:21:42,NaN,NaN,NaN,NaN,NaN
4/23/2013 09:21:57,4/23/2013,09:21:57,NaN,NaN,NaN,NaN,NaN
4/23/2013 09:22:12,4/23/2013,09:22:12,NaN,NaN,NaN,NaN,NaN
4/23/2013 09:22:27,4/23/2013,09:22:27,NaN,NaN,NaN,NaN,NaN
4/23/2013 09:22:42,4/23/2013,09:22:42,NaN,NaN,NaN,NaN,NaN
4/23/2013 09:22:57,4/23/2013,09:22:57,NaN,NaN,NaN,NaN,NaN
4/23/2013 09:23:12,4/23/2013,09:23:12,NaN,NaN,NaN,NaN,NaN
4/23/2013 09:23:27,4/23/2013,09:23:27,NaN,NaN,NaN,NaN,NaN
4/23/2013 09:23:42,4/23/2013,09:23:42,NaN,NaN,NaN,NaN,NaN
4/23/2013 09:23:57,4/23/2013,09:23:57,NaN,NaN,NaN,NaN,NaN
4/23/2013 09:24:12,4/23/2013,09:24:12,NaN,NaN,NaN,NaN,NaN
4/23/2013 09:24:27,4/23/2013,09:24:27,NaN,NaN,NaN,NaN,NaN
4/23/2013 09:24:42,4/23/2013,09:24:42,NaN,NaN,NaN,NaN,NaN
4/23/2013 09:24:57,4/23/2013,09:24:57,NaN,NaN,NaN,NaN,NaN
4/23/2013 09:25:12,4/23/2013,09:25:12,NaN,NaN,NaN,NaN,NaN
4/23/2013 09:25:27,4/23/2013,09:25:27,NaN,NaN,NaN,NaN,NaN
4/23/2013 09:25:42,4/23/2013,09:25:42,NaN,NaN,NaN,NaN,NaN
4/23/2013 09:25:57,4/23/2013,09:25:57,NaN,NaN,NaN,NaN,NaN
4/23/2013 09:26:12,4/23/2013,09:26:12,NaN,NaN,NaN,NaN,NaN
4/23/2013 09:26:27,4/23/2013,09:26:27,NaN,NaN,NaN,NaN,NaN
4/23/2013 09:26:42,4/23/2013,09:26:42,NaN,NaN,NaN,NaN,NaN
4/23/2013 09:26:57,4/23/2013,09:26:57,NaN,NaN,NaN,NaN,NaN
4/23/2013 09:27:12,4/23/2013,09:27:12,NaN,NaN,NaN,NaN,NaN
4/23/2013 09:27:27,4/23/2013,09:27:27,NaN,NaN,NaN,NaN,NaN
4/23/2013 09:27:42,4/23/2013,09:27:42,NaN,NaN,NaN,NaN,NaN
4/23/2013 09:27:57,4/23/2013,09:27:57,NaN,NaN,NaN,NaN,NaN
4/23/2013 09:28:12,4/23/2013,09:28:12,NaN,NaN,NaN,NaN,NaN
4/23/2013 09:28:27,4/23/2013,09:28:27,NaN,NaN,NaN,NaN,NaN
4/23/2013 09:28:42,4/23/2013,09:28:42,NaN,NaN,NaN,NaN,NaN
4/23/2013 09:28:57,4/23/2013,09:28:57,NaN,NaN,NaN,NaN,NaN
4/23/2013 09:29:12,4/23/2013,09:29:12,NaN,NaN,NaN,NaN,NaN
4/23/2013 09:29:27,4/23/2013,09:29:27,NaN,NaN,NaN,NaN,NaN
4/23/2013 09:29:42,4/23/2013,09:29:42,NaN,NaN,NaN,NaN,NaN
4/23/2013 09:29:57,4/23/2013,09:29:57,NaN,NaN,NaN,NaN,NaN
4/23/2013 09:30:12,4/23/2013,09:30:12,NaN,NaN,NaN,NaN,NaN
4/23/2013 09:30:27,4/23/2013,09:30:27,NaN,NaN,NaN,NaN,NaN
4/23/2013 09:30:42,4/23/2013,09:30:42,NaN,NaN,NaN,NaN,NaN
4/23/2013 09:30:57,4/23/2013,09:30:57,NaN,NaN,NaN,NaN,NaN
4/23/2013 09:31:12,4/23/2013,09:31:12,NaN,NaN,NaN,NaN,NaN
4/23/2013 09:31:27,4/23/2013,09:31:27,NaN,NaN,NaN,NaN,NaN
4/23/2013 09:31:42,4/23/2013,09:31:42,NaN,NaN,NaN,NaN,NaN
4/23/2013 09:31:57,4/23/2013,09:31:57,NaN,NaN,NaN,NaN,NaN
4/23/2013 09:32:12,4/23/2013,09:32:12,NaN,NaN,NaN,NaN,NaN
4/23/2013 09:32:27,4/23/2013,09:32:27,NaN,NaN,NaN,NaN,NaN
4/23/2013 09:32:42,4/23/2013,09:32:42,NaN,NaN,NaN,NaN,NaN
4/23/2013 09:32:57,4/23/2013,09:32:57,NaN,NaN,NaN,NaN,NaN
4/23/2013 09:33:12,4/23/2013,09:33:12,NaN,NaN,NaN,NaN,NaN
4/23/2013 09:33:27,4/23/2013,09:33:27,NaN,NaN,NaN,NaN,NaN
4/23/2013 09:33:42,4/23/2013,09:33:42,NaN,NaN,NaN,NaN,NaN
4/23/2013 09:33:57,4/23/2013,09:33:57,NaN,NaN,NaN,NaN,NaN
4/23/2013 09:34:12,4/23/2013,09:34:12,NaN,NaN,NaN,NaN,NaN
4/23/2013 09:34:27,4/23/2013,09:34:27,NaN,NaN,NaN,NaN,NaN
4/23/2013 09:34:42,4/23/2013,09:34:42,NaN,NaN,NaN,NaN,NaN
4/23/2013 09:34:57,4/23/2013,09:34:57,NaN,NaN,NaN,NaN,NaN
4/23/2013 09:35:12,4/23/2013,09:35:12,NaN,NaN,NaN,NaN,NaN
4/23/2013 09:35:27,4/23/2013,09:35:27,NaN,NaN,NaN,NaN,NaN
4/23/2013 09:35:42,4/23/2013,09:35:42,NaN,NaN,NaN,NaN,NaN
4/23/2013 09:35:57,4/23/2013,09:35:57,NaN,NaN,NaN,NaN,NaN
4/23/2013 09:36:12,4/23/2013,09:36:12,NaN,NaN,NaN,NaN,NaN
4/23/2013 09:36:27,4/23/2013,09:36:27,NaN,NaN,NaN,NaN,NaN
4/23/2013 09:36:42,4/23/2013,09:36:42,NaN,NaN,NaN,NaN,NaN
4/23/2013 09:36:57,4/23/2013,09:36:57,NaN,NaN,NaN,NaN,NaN
4/23/2013 09:37:12,4/23/2013,09:37:12,NaN,NaN,NaN,NaN,NaN
4/23/2013 09:37:27,4/23/2013,09:37:27,NaN,NaN,NaN,NaN,NaN
4/23/2013 09:37:42,4/23/2013,09:37:42,NaN,NaN,NaN,NaN,NaN
4/23/2013 09:37:57,4/23/2013,09:37:57,NaN,NaN,NaN,NaN,NaN
4/23/2013 09:38:12,4/23/2013,09:38:12,NaN,NaN,NaN,NaN,NaN
4/23/2013 09:38:27,4/23/2013,09:38:27,NaN,NaN,NaN,NaN,NaN
4/23/2013 09:38:42,4/23/2013,09:38:42,NaN,NaN,NaN,NaN,NaN
4/23/2013 09:38:57,4/23/2013,09:38:57,NaN,NaN,NaN,NaN,NaN
4/23/2013 09:39:12,4/23/2013,09:39:12,NaN,NaN,NaN,NaN,NaN
4/23/2013 09:39:27,4/23/2013,09:39:27,NaN,NaN,NaN,NaN,NaN
4/23/2013 09:39:42,4/23/2013,09:39:42,NaN,NaN,NaN,NaN,NaN
4/23/2013 09:39:57,4/23/2013,09:39:57,NaN,NaN,NaN,NaN,NaN
4/23/2013 09:40:12,4/23/2013,09:40:12,NaN,NaN,NaN,NaN,NaN
4/23/2013 09:40:27,4/23/2013,09:40:27,NaN,NaN,NaN,NaN,NaN
4/23/2013 09:40:42,4/23/2013,09:40:42,NaN,NaN,NaN,NaN,NaN
4/23/2013 09:40:57,4/23/2013,09:40:57,NaN,NaN,NaN,NaN,NaN
4/23/2013 09:41:12,4/23/2013,09:41:12,NaN,NaN,NaN,NaN,NaN
4/23/2013 09:41:27,4/23/2013,09:41:27,NaN,NaN,NaN,NaN,NaN
4/23/2013 09:41:42,4/23/2013,09:41:42,NaN,NaN,NaN,NaN,NaN
4/23/2013 09:41:57,4/23/2013,09:41:57,NaN,NaN,NaN,NaN,NaN
4/23/2013 09:42:12,4/23/2013,09:42:12,NaN,NaN,NaN,NaN,NaN
4/23/2013 09:42:27,4/23/2013,09:42:27,NaN,NaN,NaN,NaN,NaN
4/23/2013 09:42:42,4/23/2013,09:42:42,NaN,NaN,NaN,NaN,NaN
4/23/2013 09:42:57,4/23/2013,09:42:57,NaN,NaN,NaN,NaN,NaN
4/23/2013 09:43:12,4/23/2013,09:43:12,NaN,NaN,NaN,NaN,NaN
4/23/2013 09:43:27,4/23/2013,09:43:27,NaN,NaN,NaN,NaN,NaN
4/23/2013 09:43:42,4/23/2013,09:43:42,NaN,NaN,NaN,NaN,NaN
4/23/2013 09:43:57,4/23/2013,09:43:57,NaN,NaN,NaN,NaN,NaN
4/23/2013 09:44:12,4/23/2013,09:44:12,NaN,NaN,NaN,NaN,NaN
4/23/2013 09:44:27,4/23/2013,09:44:27,NaN,NaN,NaN,NaN,NaN
4/23/2013 09:44:42,4/23/2013,09:44:42,NaN,NaN,NaN,NaN,NaN
4/23/2013 09:44:57,4/23/2013,09:44:57,NaN,NaN,NaN,NaN,NaN
4/23/2013 09:45:12,4/23/2013,09:45:12,NaN,NaN,NaN,NaN,NaN
4/23/2013 09:45:27,4/23/2013,09:45:27,NaN,NaN,NaN,NaN,NaN
4/23/2013 09:45:42,4/23/2013,09:45:42,NaN,NaN,NaN,NaN,NaN
4/23/2013 09:45:57,4/23/2013,09:45:57,NaN,NaN,NaN,NaN,NaN
4/23/2013 09:46:12,4/23/2013,09:46:12,NaN,NaN,NaN,NaN,NaN
4/23/2013 09:46:27,4/23/2013,09:46:27,NaN,NaN,NaN,NaN,NaN
4/23/2013 09:46:42,4/23/2013,09:46:42,NaN,NaN,NaN,NaN,NaN
4/23/2013 09:46:57,4/23/2013,09:46:57,NaN,NaN,NaN,NaN,NaN
4/23/2013 09:47:12,4/23/2013,09:47:12,NaN,NaN,NaN,NaN,NaN
4/23/2013 09:47:27,4/23/2013,09:47:27,NaN,NaN,NaN,NaN,NaN
4/23/2013 09:47:42,4/23/2013,09:47:42,NaN,NaN,NaN,NaN,NaN
4/23/2013 09:47:57,4/23/2013,09:47:57,NaN,NaN,NaN,NaN,NaN
4/23/2013 09:48:12,4/23/2013,09:48:12,NaN,NaN,NaN,NaN,NaN
4/23/2013 09:48:27,4/23/2013,09:48:27,NaN,NaN,NaN,NaN,NaN
4/23/2013 09:48:42,4/23/2013,09:48:42,NaN,NaN,NaN,NaN,NaN
4/23/2013 09:48:57,4/23/2013,09:48:57,NaN,NaN,NaN,NaN,NaN
4/23/2013 09:49:12,4/23/2013,09:49:12,NaN,NaN,NaN,NaN,NaN
4/23/2013 09:49:27,4/23/2013,09:49:27,NaN,NaN,NaN,NaN,NaN
4/23/2013 09:49:42,4/23/2013,09:49:42,NaN,NaN,NaN,NaN,NaN
4/23/2013 09:49:57,4/23/2013,09:49:57,NaN,NaN,NaN,NaN,NaN
4/23/2013 09:50:12,4/23/2013,09:50:12,NaN,NaN,NaN,NaN,NaN
4/23/2013 09:50:27,4/23/2013,09:50:27,NaN,NaN,NaN,NaN,NaN
4/23/2013 09:50:42,4/23/2013,09:50:42,NaN,NaN,NaN,NaN,NaN
4/23/2013 09:50:57,4/23/2013,09:50:57,NaN,NaN,NaN,NaN,NaN
4/23/2013 09:51:12,4/23/2013,09:51:12,NaN,NaN,NaN,NaN,NaN
4/23/2013 09:51:27,4/23/2013,09:51:27,NaN,NaN,NaN,NaN,NaN
4/23/2013 09:51:42,4/23/2013,09:51:42,NaN,NaN,NaN,NaN,NaN
4/23/2013 09:51:57,4/23/2013,09:51:57,NaN,NaN,NaN,NaN,NaN
4/23/2013 09:52:12,4/23/2013,09:52:12,NaN,NaN,NaN,NaN,NaN
4/23/2013 09:52:27,4/23/2013,09:52:27,NaN,NaN,NaN,NaN,NaN
4/23/2013 09:52:42,4/23/2013,09:52:42,NaN,NaN,NaN,NaN,NaN
4/23/2013 09:52:57,4/23/2013,09:52:57,NaN,NaN,NaN,NaN,NaN
4/23/2013 09:53:12,4/23/2013,09:53:12,NaN,NaN,NaN,NaN,NaN
4/23/2013 09:53:27,4/23/2013,09:53:27,NaN,NaN,NaN,NaN,NaN
4/23/2013 09:53:42,4/23/2013,09:53:42,NaN,NaN,NaN,NaN,NaN
4/23/2013 09:53:57,4/23/2013,09:53:57,NaN,NaN,NaN,NaN,NaN
4/23/2013 09:54:12,4/23/2013,09:54:12,NaN,NaN,NaN,NaN,NaN
4/23/2013 09:54:27,4/23/2013,09:54:27,NaN,NaN,NaN,NaN,NaN
4/23/2013 09:54:42,4/23/2013,09:54:42,NaN,NaN,NaN,NaN,NaN
4/23/2013 09:54:57,4/23/2013,09:54:57,NaN,NaN,NaN,NaN,NaN
4/23/2013 09:55:12,4/23/2013,09:55:12,NaN,NaN,NaN,NaN,NaN
4/23/2013 09:55:27,4/23/2013,09:55:27,NaN,NaN,NaN,NaN,NaN
4/23/2013 09:55:42,4/23/2013,09:55:42,NaN,NaN,NaN,NaN,NaN
4/23/2013 09:55:57,4/23/2013,09:55:57,NaN,NaN,NaN,NaN,NaN
4/23/2013 09:56:12,4/23/2013,09:56:12,NaN,NaN,NaN,NaN,NaN
4/23/2013 09:56:27,4/23/2013,09:56:27,NaN,NaN,NaN,NaN,NaN
4/23/2013 09:56:42,4/23/2013,09:56:42,NaN,NaN,NaN,NaN,NaN
4/23/2013 09:56:57,4/23/2013,09:56:57,NaN,NaN,NaN,NaN,NaN
4/23/2013 09:57:12,4/23/2013,09:57:12,NaN,NaN,NaN,NaN,NaN
4/23/2013 09:57:27,4/23/2013,09:57:27,NaN,NaN,NaN,NaN,NaN
4/23/2013 09:57:42,4/23/2013,09:57:42,NaN,NaN,NaN,NaN,NaN
4/23/2013 09:57:57,4/23/2013,09:57:57,NaN,NaN,NaN,NaN,NaN
4/23/2013 09:58:12,4/23/2013,09:58:12,NaN,NaN,NaN,NaN,NaN
4/23/2013 09:58:27,4/23/2013,09:58:27,NaN,NaN,NaN,NaN,NaN
4/23/2013 09:58:42,4/23/2013,09:58:42,NaN,NaN,NaN,NaN,NaN
4/23/2013 09:58:57,4/23/2013,09:58:57,NaN,NaN,NaN,NaN,NaN
4/23/2013 09:59:12,4/23/2013,09:59:12,NaN,NaN,NaN,NaN,NaN
4/23/2013 09:59:27,4/23/2013,09:59:27,NaN,NaN,NaN,NaN,NaN
4/23/2013 09:59:42,4/23/2013,09:59:42,NaN,NaN,NaN,NaN,NaN
4/23/2013 09:59:57,4/23/2013,09:59:57,NaN,NaN,NaN,NaN,NaN
4/23/2013 10:00:12,4/23/2013,10:00:12,NaN,NaN,NaN,NaN,NaN
4/23/2013 10:00:27,4/23/2013,10:00:27,NaN,NaN,NaN,NaN,NaN
4/23/2013 10:00:42,4/23/2013,10:00:42,NaN,NaN,NaN,NaN,NaN
4/23/2013 10:00:57,4/23/2013,10:00:57,NaN,NaN,NaN,NaN,NaN
4/23/2013 10:01:12,4/23/2013,10:01:12,NaN,NaN,NaN,NaN,NaN
4/23/2013 10:01:27,4/23/2013,10:01:27,NaN,NaN,NaN,NaN,NaN
4/23/2013 10:01:42,4/23/2013,10:01:42,NaN,NaN,NaN,NaN,NaN
4/23/2013 10:01:57,4/23/2013,10:01:57,NaN,NaN,NaN,NaN,NaN
4/23/2013 10:02:12,4/23/2013,10:02:12,NaN,NaN,NaN,NaN,NaN
4/23/2013 10:02:27,4/23/2013,10:02:27,NaN,NaN,NaN,NaN,NaN
4/23/2013 10:02:42,4/23/2013,10:02:42,NaN,NaN,NaN,NaN,NaN
4/23/2013 10:02:57,4/23/2013,10:02:57,NaN,NaN,NaN,NaN,NaN
4/23/2013 10:03:12,4/23/2013,10:03:12,NaN,NaN,NaN,NaN,NaN
4/23/2013 10:03:27,4/23/2013,10:03:27,NaN,NaN,NaN,NaN,NaN
4/23/2013 10:03:42,4/23/2013,10:03:42,NaN,NaN,NaN,NaN,NaN
4/23/2013 10:03:57,4/23/2013,10:03:57,NaN,NaN,NaN,NaN,NaN
4/23/2013 10:04:12,4/23/2013,10:04:12,NaN,NaN,NaN,NaN,NaN
4/23/2013 10:04:27,4/23/2013,10:04:27,NaN,NaN,NaN,NaN,NaN
4/23/2013 10:04:42,4/23/2013,10:04:42,NaN,NaN,NaN,NaN,NaN
4/23/2013 10:04:57,4/23/2013,10:04:57,NaN,NaN,NaN,NaN,NaN
4/23/2013 10:05:12,4/23/2013,10:05:12,NaN,NaN,NaN,NaN,NaN
4/23/2013 10:05:27,4/23/2013,10:05:27,NaN,NaN,NaN,NaN,NaN
4/23/2013 10:05:42,4/23/2013,10:05:42,NaN,NaN,NaN,NaN,NaN
4/23/2013 10:05:57,4/23/2013,10:05:57,NaN,NaN,NaN,NaN,NaN
4/23/2013 10:06:12,4/23/2013,10:06:12,NaN,NaN,NaN,NaN,NaN
4/23/2013 10:06:27,4/23/2013,10:06:27,NaN,NaN,NaN,NaN,NaN
4/23/2013 10:06:42,4/23/2013,10:06:42,NaN,NaN,NaN,NaN,NaN
4/23/2013 10:06:57,4/23/2013,10:06:57,NaN,NaN,NaN,NaN,NaN
4/23/2013 10:07:12,4/23/2013,10:07:12,NaN,NaN,NaN,NaN,NaN
4/23/2013 10:07:27,4/23/2013,10:07:27,NaN,NaN,NaN,NaN,NaN
4/23/2013 10:07:42,4/23/2013,10:07:42,NaN,NaN,NaN,NaN,NaN
4/23/2013 10:07:57,4/23/2013,10:07:57,NaN,NaN,NaN,NaN,NaN
4/23/2013 10:08:12,4/23/2013,10:08:12,NaN,NaN,NaN,NaN,NaN
4/23/2013 10:08:27,4/23/2013,10:08:27,NaN,NaN,NaN,NaN,NaN
4/23/2013 10:08:42,4/23/2013,10:08:42,NaN,NaN,NaN,NaN,NaN
4/23/2013 10:08:57,4/23/2013,10:08:57,NaN,NaN,NaN,NaN,NaN
4/23/2013 10:09:12,4/23/2013,10:09:12,NaN,NaN,NaN,NaN,NaN
4/23/2013 10:09:27,4/23/2013,10:09:27,NaN,NaN,NaN,NaN,NaN
4/23/2013 10:09:42,4/23/2013,10:09:42,NaN,NaN,NaN,NaN,NaN
4/23/2013 10:09:57,4/23/2013,10:09:57,NaN,NaN,NaN,NaN,NaN
4/23/2013 10:10:12,4/23/2013,10:10:12,NaN,NaN,NaN,NaN,NaN
4/23/2013 10:10:27,4/23/2013,10:10:27,NaN,NaN,NaN,NaN,NaN
4/23/2013 10:10:42,4/23/2013,10:10:42,NaN,NaN,NaN,NaN,NaN
4/23/2013 10:10:57,4/23/2013,10:10:57,NaN,NaN,NaN,NaN,NaN
4/23/2013 10:11:12,4/23/2013,10:11:12,NaN,NaN,NaN,NaN,NaN
4/23/2013 10:11:27,4/23/2013,10:11:27,NaN,NaN,NaN,NaN,NaN
4/23/2013 10:11:42,4/23/2013,10:11:42,NaN,NaN,NaN,NaN,NaN
4/23/2013 10:11:57,4/23/2013,10:11:57,NaN,NaN,NaN,NaN,NaN
4/23/2013 10:12:12,4/23/2013,10:12:12,NaN,NaN,NaN,NaN,NaN
4/23/2013 10:12:27,4/23/2013,10:12:27,NaN,NaN,NaN,NaN,NaN
4/23/2013 10:12:42,4/23/2013,10:12:42,NaN,NaN,NaN,NaN,NaN
4/23/2013 10:12:57,4/23/2013,10:12:57,NaN,NaN,NaN,NaN,NaN
4/23/2013 10:13:12,4/23/2013,10:13:12,NaN,NaN,NaN,NaN,NaN
4/23/2013 10:13:27,4/23/2013,10:13:27,NaN,NaN,NaN,NaN,NaN
4/23/2013 10:13:42,4/23/2013,10:13:42,NaN,NaN,NaN,NaN,NaN
4/23/2013 10:13:57,4/23/2013,10:13:57,NaN,NaN,NaN,NaN,NaN
4/23/2013 10:14:12,4/23/2013,10:14:12,NaN,NaN,NaN,NaN,NaN
4/23/2013 10:14:27,4/23/2013,10:14:27,NaN,NaN,NaN,NaN,NaN
4/23/2013 10:14:42,4/23/2013,10:14:42,NaN,NaN,NaN,NaN,NaN
4/23/2013 10:14:57,4/23/2013,10:14:57,NaN,NaN,NaN,NaN,NaN
4/23/2013 10:15:12,4/23/2013,10:15:12,NaN,NaN,NaN,NaN,NaN
4/23/2013 10:15:27,4/23/2013,10:15:27,NaN,NaN,NaN,NaN,NaN
4/23/2013 10:15:42,4/23/2013,10:15:42,NaN,NaN,NaN,NaN,NaN
4/23/2013 10:15:57,4/23/2013,10:15:57,NaN,NaN,NaN,NaN,NaN
4/23/2013 10:16:12,4/23/2013,10:16:12,NaN,NaN,NaN,NaN,NaN
4/23/2013 10:16:27,4/23/2013,10:16:27,NaN,NaN,NaN,NaN,NaN
4/23/2013 10:16:42,4/23/2013,10:16:42,NaN,NaN,NaN,NaN,NaN
4/23/2013 10:16:57,4/23/2013,10:16:57,NaN,NaN,NaN,NaN,NaN
4/23/2013 10:17:12,4/23/2013,10:17:12,NaN,NaN,NaN,NaN,NaN
4/23/2013 10:17:27,4/23/2013,10:17:27,NaN,NaN,NaN,NaN,NaN
4/23/2013 10:17:42,4/23/2013,10:17:42,NaN,NaN,NaN,NaN,NaN
4/23/2013 10:17:57,4/23/2013,10:17:57,NaN,NaN,NaN,NaN,NaN
4/23/2013 10:18:12,4/23/2013,10:18:12,NaN,NaN,NaN,NaN,NaN
4/23/2013 10:18:27,4/23/2013,10:18:27,NaN,NaN,NaN,NaN,NaN
4/23/2013 10:18:42,4/23/2013,10:18:42,NaN,NaN,NaN,NaN,NaN
4/23/2013 10:18:57,4/23/2013,10:18:57,NaN,NaN,NaN,NaN,NaN
4/23/2013 10:19:12,4/23/2013,10:19:12,NaN,NaN,NaN,NaN,NaN
4/23/2013 10:19:27,4/23/2013,10:19:27,NaN,NaN,NaN,NaN,NaN
4/23/2013 10:19:42,4/23/2013,10:19:42,NaN,NaN,NaN,NaN,NaN
4/23/2013 10:19:57,4/23/2013,10:19:57,NaN,NaN,NaN,NaN,NaN
4/23/2013 10:20:12,4/23/2013,10:20:12,NaN,NaN,NaN,NaN,NaN
4/23/2013 10:20:27,4/23/2013,10:20:27,NaN,NaN,NaN,NaN,NaN
4/23/2013 10:20:42,4/23/2013,10:20:42,NaN,NaN,NaN,NaN,NaN
4/23/2013 10:20:57,4/23/2013,10:20:57,NaN,NaN,NaN,NaN,NaN
4/23/2013 10:21:12,4/23/2013,10:21:12,NaN,NaN,NaN,NaN,NaN
4/23/2013 10:21:27,4/23/2013,10:21:27,NaN,NaN,NaN,NaN,NaN
4/23/2013 10:21:42,4/23/2013,10:21:42,NaN,NaN,NaN,NaN,NaN
4/23/2013 10:21:57,4/23/2013,10:21:57,NaN,NaN,NaN,NaN,NaN
4/23/2013 10:22:12,4/23/2013,10:22:12,NaN,NaN,NaN,NaN,NaN
4/23/2013 10:22:27,4/23/2013,10:22:27,NaN,NaN,NaN,NaN,NaN
4/23/2013 10:22:42,4/23/2013,10:22:42,NaN,NaN,NaN,NaN,NaN
4/23/2013 10:22:57,4/23/2013,10:22:57,NaN,NaN,NaN,NaN,NaN
4/23/2013 10:23:12,4/23/2013,10:23:12,NaN,NaN,NaN,NaN,NaN
4/23/2013 10:23:27,4/23/2013,10:23:27,NaN,NaN,NaN,NaN,NaN
4/23/2013 10:23:42,4/23/2013,10:23:42,NaN,NaN,NaN,NaN,NaN
4/23/2013 10:23:57,4/23/2013,10:23:57,NaN,NaN,NaN,NaN,NaN
4/23/2013 10:24:12,4/23/2013,10:24:12,NaN,NaN,NaN,NaN,NaN
4/23/2013 10:24:27,4/23/2013,10:24:27,NaN,NaN,NaN,NaN,NaN
4/23/2013 10:24:42,4/23/2013,10:24:42,NaN,NaN,NaN,NaN,NaN
4/23/2013 10:24:57,4/23/2013,10:24:57,NaN,NaN,NaN,NaN,NaN
4/23/2013 10:25:12,4/23/2013,10:25:12,NaN,NaN,NaN,NaN,NaN
4/23/2013 10:25:27,4/23/2013,10:25:27,NaN,NaN,NaN,NaN,NaN
4/23/2013 10:25:42,4/23/2013,10:25:42,NaN,NaN,NaN,NaN,NaN
4/23/2013 10:25:57,4/23/2013,10:25:57,NaN,NaN,NaN,NaN,NaN
4/23/2013 10:26:12,4/23/2013,10:26:12,NaN,NaN,NaN,NaN,NaN
4/23/2013 10:26:27,4/23/2013,10:26:27,NaN,NaN,NaN,NaN,NaN
4/23/2013 10:26:42,4/23/2013,10:26:42,NaN,NaN,NaN,NaN,NaN
4/23/2013 10:26:57,4/23/2013,10:26:57,NaN,NaN,NaN,NaN,NaN
4/23/2013 10:27:12,4/23/2013,10:27:12,3.13,16.14,63.70,957.88,282
4/23/2013 10:27:27,4/23/2013,10:27:27,3.36,16.07,63.70,957.86,268
4/23/2013 10:27:42,4/23/2013,10:27:42,3.20,16.29,65.50,957.85,274
4/23/2013 10:27:57,4/23/2013,10:27:57,4.09,16.14,65.30,957.86,272
4/23/2013 10:28:12,4/23/2013,10:28:12,4.05,15.92,63.59,957.86,259
4/23/2013 10:28:27,4/23/2013,10:28:27,3.34,16.20,64.19,957.87,277
4/23/2013 10:28:42,4/23/2013,10:28:42,3.79,15.92,62.70,957.88,276
4/23/2013 10:28:57,4/23/2013,10:28:57,2.73,16.02,62.00,957.87,287
4/23/2013 10:29:12,4/23/2013,10:29:12,2.66,16.12,62.40,957.89,285
4/23/2013 10:29:27,4/23/2013,10:29:27,2.73,16.22,62.40,957.87,292
4/23/2013 10:29:42,4/23/2013,10:29:42,3.42,16.07,62.09,957.87,311
4/23/2013 10:29:57,4/23/2013,10:29:57,3.81,16.07,63.59,957.86,281
4/23/2013 10:30:12,4/23/2013,10:30:12,4.37,16.27,65.19,957.84,262
4/23/2013 10:30:27,4/23/2013,10:30:27,5.29,15.75,63.50,957.87,254
4/23/2013 10:30:42,4/23/2013,10:30:42,4.95,15.60,62.90,957.94,258
4/23/2013 10:30:57,4/23/2013,10:30:57,3.74,16.07,65.09,957.96,254
4/23/2013 10:31:12,4/23/2013,10:31:12,3.66,16.02,63.20,957.95,264
4/23/2013 10:31:27,4/23/2013,10:31:27,3.58,16.07,63.40,957.94,265
4/23/2013 10:31:42,4/23/2013,10:31:42,4.22,16.02,63.40,957.94,288
4/23/2013 10:31:57,4/23/2013,10:31:57,4.59,15.94,63.59,957.93,260
4/23/2013 10:32:12,4/23/2013,10:32:12,3.62,16.27,64.40,957.93,217
4/23/2013 10:32:27,4/23/2013,10:32:27,4.74,16.07,63.70,957.93,269
4/23/2013 10:32:42,4/23/2013,10:32:42,4.84,16.07,63.90,957.95,259
4/23/2013 10:32:57,4/23/2013,10:32:57,3.97,16.22,63.50,957.94,255
4/23/2013 10:33:12,4/23/2013,10:33:12,4.59,15.80,61.29,957.95,271
4/23/2013 10:33:27,4/23/2013,10:33:27,4.90,15.80,62.50,957.96,267
4/23/2013 10:33:42,4/23/2013,10:33:42,4.04,15.75,62.50,957.98,256
4/23/2013 10:33:57,4/23/2013,10:33:57,4.15,15.60,62.20,958.00,266
4/23/2013 10:34:12,4/23/2013,10:34:12,3.52,15.92,63.50,957.98,265
4/23/2013 10:34:27,4/23/2013,10:34:27,2.74,16.14,63.40,957.98,264
4/23/2013 10:34:42,4/23/2013,10:34:42,3.08,15.94,62.00,957.96,253
4/23/2013 10:34:57,4/23/2013,10:34:57,3.16,16.00,62.79,957.96,269
4/23/2013 10:35:12,4/23/2013,10:35:12,3.52,15.82,61.90,957.95,268
4/23/2013 10:35:27,4/23/2013,10:35:27,2.80,16.29,63.59,957.97,272
4/23/2013 10:35:42,4/23/2013,10:35:42,3.31,16.12,62.20,957.94,270
4/23/2013 10:35:57,4/23/2013,10:35:57,3.94,16.22,64.69,957.94,253
4/23/2013 10:36:12,4/23/2013,10:36:12,4.05,16.14,64.00,957.94,264
4/23/2013 10:36:27,4/23/2013,10:36:27,4.01,16.07,63.79,957.93,273
4/23/2013 10:36:42,4/23/2013,10:36:42,3.87,15.75,61.40,957.94,280
4/23/2013 10:36:57,4/23/2013,10:36:57,3.40,16.12,63.20,957.95,283
4/23/2013 10:37:12,4/23/2013,10:37:12,3.37,16.39,63.79,957.92,270
4/23/2013 10:37:27,4/23/2013,10:37:27,3.16,16.50,63.29,957.90,272
4/23/2013 10:37:42,4/23/2013,10:37:42,2.29,16.95,65.30,957.92,301
4/23/2013 10:37:57,4/23/2013,10:37:57,4.17,16.39,62.50,957.90,278
4/23/2013 10:38:12,4/23/2013,10:38:12,3.56,16.47,62.40,957.89,277
4/23/2013 10:38:27,4/23/2013,10:38:27,4.13,16.27,61.79,957.90,280
4/23/2013 10:38:42,4/23/2013,10:38:42,4.08,16.27,61.59,957.90,282
4/23/2013 10:38:57,4/23/2013,10:38:57,4.97,16.00,60.79,957.87,293
4/23/2013 10:39:12,4/23/2013,10:39:12,4.26,16.14,61.29,957.89,290
4/23/2013 10:39:27,4/23/2013,10:39:27,4.66,16.00,62.09,957.93,273
4/23/2013 10:39:42,4/23/2013,10:39:42,4.42,16.12,61.79,957.92,283
4/23/2013 10:39:57,4/23/2013,10:39:57,3.91,16.02,60.50,957.93,287
4/23/2013 10:40:12,4/23/2013,10:40:12,3.55,16.29,62.09,957.90,287
4/23/2013 10:40:27,4/23/2013,10:40:27,4.16,16.02,60.79,957.88,285
4/23/2013 10:40:42,4/23/2013,10:40:42,3.92,16.12,61.29,957.87,295
4/23/2013 10:40:57,4/23/2013,10:40:57,2.72,16.70,63.79,957.87,285
4/23/2013 10:41:12,4/23/2013,10:41:12,4.47,16.14,61.40,957.85,286
4/23/2013 10:41:27,4/23/2013,10:41:27,4.80,16.14,63.09,957.85,273
4/23/2013 10:41:42,4/23/2013,10:41:42,3.63,16.27,62.20,957.87,296
4/23/2013 10:41:57,4/23/2013,10:41:57,3.20,16.39,62.00,957.88,292
4/23/2013 10:42:12,4/23/2013,10:42:12,3.01,16.77,64.19,957.86,262
4/23/2013 10:42:27,4/23/2013,10:42:27,4.17,16.47,62.59,957.87,255
4/23/2013 10:42:42,4/23/2013,10:42:42,4.38,16.22,62.40,957.89,283
4/23/2013 10:42:57,4/23/2013,10:42:57,5.23,15.75,61.40,957.87,273
4/23/2013 10:43:12,4/23/2013,10:43:12,4.29,15.75,61.40,957.88,266
4/23/2013 10:43:27,4/23/2013,10:43:27,3.86,15.82,61.59,957.89,252
4/23/2013 10:43:42,4/23/2013,10:43:42,2.55,16.47,62.90,957.92,254
4/23/2013 10:43:57,4/23/2013,10:43:57,2.67,16.62,63.40,957.90,234
4/23/2013 10:44:12,4/23/2013,10:44:12,3.65,16.42,63.40,957.87,253
4/23/2013 10:44:27,4/23/2013,10:44:27,5.69,16.14,64.30,957.84,265
4/23/2013 10:44:42,4/23/2013,10:44:42,5.90,16.14,65.09,957.86,264
4/23/2013 10:44:57,4/23/2013,10:44:57,5.60,16.07,65.00,957.88,233
4/23/2013 10:45:12,4/23/2013,10:45:12,6.13,15.67,64.09,957.89,241
4/23/2013 10:45:27,4/23/2013,10:45:27,4.70,15.75,64.00,957.95,250
4/23/2013 10:45:42,4/23/2013,10:45:42,4.74,15.72,63.29,957.95,255
4/23/2013 10:45:57,4/23/2013,10:45:57,5.34,15.60,64.00,957.97,258
4/23/2013 10:46:12,4/23/2013,10:46:12,4.80,15.67,63.79,958.00,277
4/23/2013 10:46:27,4/23/2013,10:46:27,4.26,15.82,63.90,957.98,286
4/23/2013 10:46:42,4/23/2013,10:46:42,5.09,15.82,64.80,957.98,255
4/23/2013 10:46:57,4/23/2013,10:46:57,4.45,15.67,64.00,958.00,260
4/23/2013 10:47:12,4/23/2013,10:47:12,5.30,15.67,64.80,957.97,247
4/23/2013 10:47:27,4/23/2013,10:47:27,5.35,15.87,65.69,957.97,227
4/23/2013 10:47:42,4/23/2013,10:47:42,6.23,15.60,65.19,957.92,249
4/23/2013 10:47:57,4/23/2013,10:47:57,4.33,16.00,66.90,958.00,275
4/23/2013 10:48:12,4/23/2013,10:48:12,3.80,16.14,65.90,958.01,238
4/23/2013 10:48:27,4/23/2013,10:48:27,3.52,16.29,65.40,958.00,268
4/23/2013 10:48:42,4/23/2013,10:48:42,4.02,16.20,64.69,958.01,269
4/23/2013 10:48:57,4/23/2013,10:48:57,5.47,15.67,63.40,958.02,267
4/23/2013 10:49:12,4/23/2013,10:49:12,5.48,15.80,63.79,958.04,264
4/23/2013 10:49:27,4/23/2013,10:49:27,5.54,15.72,64.40,958.01,254
4/23/2013 10:49:42,4/23/2013,10:49:42,5.06,15.92,64.80,958.03,267
4/23/2013 10:49:57,4/23/2013,10:49:57,5.04,15.82,64.19,958.04,284
4/23/2013 10:50:12,4/23/2013,10:50:12,5.72,15.39,63.20,958.05,264
4/23/2013 10:50:27,4/23/2013,10:50:27,4.51,15.75,64.40,958.08,269
4/23/2013 10:50:42,4/23/2013,10:50:42,4.36,15.87,64.90,958.09,255
4/23/2013 10:50:57,4/23/2013,10:50:57,4.31,15.80,63.79,958.11,265
4/23/2013 10:51:12,4/23/2013,10:51:12,4.16,15.75,63.40,958.10,247
4/23/2013 10:51:27,4/23/2013,10:51:27,4.90,15.72,63.59,958.12,292
4/23/2013 10:51:42,4/23/2013,10:51:42,4.67,15.94,64.00,958.12,270
4/23/2013 10:51:57,4/23/2013,10:51:57,5.62,15.94,64.19,958.08,268
4/23/2013 10:52:12,4/23/2013,10:52:12,6.16,15.72,63.40,958.06,277
4/23/2013 10:52:27,4/23/2013,10:52:27,6.23,15.47,62.79,958.05,265
4/23/2013 10:52:42,4/23/2013,10:52:42,5.41,15.55,64.19,958.09,249
4/23/2013 10:52:57,4/23/2013,10:52:57,5.16,15.87,65.09,958.13,281
4/23/2013 10:53:12,4/23/2013,10:53:12,5.69,15.80,64.30,958.12,283
4/23/2013 10:53:27,4/23/2013,10:53:27,5.63,15.72,64.09,958.15,272
4/23/2013 10:53:42,4/23/2013,10:53:42,5.35,15.44,62.79,958.17,261
4/23/2013 10:53:57,4/23/2013,10:53:57,4.74,15.75,64.00,958.20,252
4/23/2013 10:54:12,4/23/2013,10:54:12,5.69,15.39,63.09,958.19,272
4/23/2013 10:54:27,4/23/2013,10:54:27,5.83,15.44,63.40,958.20,277
4/23/2013 10:54:42,4/23/2013,10:54:42,4.60,15.72,63.79,958.24,271
4/23/2013 10:54:57,4/23/2013,10:54:57,5.70,15.32,63.00,958.19,275
4/23/2013 10:55:12,4/23/2013,10:55:12,5.24,15.19,62.70,958.23,282
4/23/2013 10:55:27,4/23/2013,10:55:27,5.51,15.27,63.59,958.24,275
4/23/2013 10:55:42,4/23/2013,10:55:42,4.15,15.75,64.90,958.25,301
4/23/2013 10:55:57,4/23/2013,10:55:57,3.70,15.75,63.50,958.26,283
4/23/2013 10:56:12,4/23/2013,10:56:12,4.47,15.47,64.09,958.27,269
4/23/2013 10:56:27,4/23/2013,10:56:27,5.08,15.12,63.29,958.27,290
4/23/2013 10:56:42,4/23/2013,10:56:42,5.17,14.97,63.70,958.30,279
4/23/2013 10:56:57,4/23/2013,10:56:57,4.51,14.89,64.09,958.34,275
4/23/2013 10:57:12,4/23/2013,10:57:12,5.09,14.72,64.50,958.34,289
4/23/2013 10:57:27,4/23/2013,10:57:27,4.26,14.85,64.90,958.35,285
4/23/2013 10:57:42,4/23/2013,10:57:42,4.47,14.85,65.09,958.33,284
4/23/2013 10:57:57,4/23/2013,10:57:57,4.74,14.64,64.40,958.35,281
4/23/2013 10:58:12,4/23/2013,10:58:12,3.31,14.97,65.50,958.36,267
4/23/2013 10:58:27,4/23/2013,10:58:27,3.72,14.92,64.90,958.34,291
4/23/2013 10:58:42,4/23/2013,10:58:42,4.05,14.92,65.69,958.34,274
4/23/2013 10:58:57,4/23/2013,10:58:57,4.49,14.72,65.50,958.34,282
4/23/2013 10:59:12,4/23/2013,10:59:12,4.31,14.77,66.09,958.34,295
4/23/2013 10:59:27,4/23/2013,10:59:27,4.33,14.72,66.30,958.35,262
4/23/2013 10:59:42,4/23/2013,10:59:42,5.17,14.37,65.69,958.34,271
4/23/2013 10:59:57,4/23/2013,10:59:57,4.51,14.25,65.80,958.38,278
4/23/2013 11:00:12,4/23/2013,11:00:12,3.72,14.42,66.69,958.38,259
4/23/2013 11:00:27,4/23/2013,11:00:27,3.34,14.50,66.00,958.35,254
4/23/2013 11:00:42,4/23/2013,11:00:42,3.65,14.69,66.90,958.32,275
4/23/2013 11:00:57,4/23/2013,11:00:57,5.59,14.64,67.90,958.24,241
4/23/2013 11:01:12,4/23/2013,11:01:12,4.72,14.64,66.80,958.27,258
4/23/2013 11:01:27,4/23/2013,11:01:27,3.11,14.89,66.40,958.29,270
4/23/2013 11:01:42,4/23/2013,11:01:42,3.56,14.77,65.80,958.28,258
4/23/2013 11:01:57,4/23/2013,11:01:57,2.67,14.97,66.59,958.27,270
4/23/2013 11:02:12,4/23/2013,11:02:12,2.49,15.12,66.80,958.27,263
4/23/2013 11:02:27,4/23/2013,11:02:27,3.30,15.00,65.80,958.25,274
4/23/2013 11:02:42,4/23/2013,11:02:42,3.42,15.03,102.30,958.23,274
4/23/2013 11:02:57,4/23/2013,11:02:57,3.54,15.05,65.59,958.21,274
4/23/2013 11:03:12,4/23/2013,11:03:12,3.15,15.32,68.00,958.23,265
4/23/2013 11:03:27,4/23/2013,11:03:27,2.95,15.27,66.90,958.24,279
4/23/2013 11:03:42,4/23/2013,11:03:42,3.05,15.44,66.80,958.23,273
4/23/2013 11:03:57,4/23/2013,11:03:57,3.52,15.60,66.69,958.21,290
4/23/2013 11:04:12,4/23/2013,11:04:12,3.97,15.80,67.59,958.19,281
4/23/2013 11:04:27,4/23/2013,11:04:27,4.70,15.80,67.50,958.18,254
4/23/2013 11:04:42,4/23/2013,11:04:42,5.20,15.75,66.40,958.19,287
4/23/2013 11:04:57,4/23/2013,11:04:57,4.02,16.14,67.59,958.20,278
4/23/2013 11:05:12,4/23/2013,11:05:12,4.31,15.80,64.80,958.19,263
4/23/2013 11:05:27,4/23/2013,11:05:27,5.17,15.44,64.30,958.18,247
4/23/2013 11:05:42,4/23/2013,11:05:42,4.77,15.52,64.59,958.21,279
4/23/2013 11:05:57,4/23/2013,11:05:57,4.65,15.44,63.70,958.24,268
4/23/2013 11:06:12,4/23/2013,11:06:12,3.92,15.67,64.59,958.24,300
4/23/2013 11:06:27,4/23/2013,11:06:27,3.15,15.67,63.70,958.24,270
4/23/2013 11:06:42,4/23/2013,11:06:42,1.45,16.35,64.50,958.24,298
4/23/2013 11:06:57,4/23/2013,11:06:57,2.95,15.82,62.09,958.18,310
4/23/2013 11:07:12,4/23/2013,11:07:12,2.91,16.00,63.20,958.16,274
4/23/2013 11:07:27,4/23/2013,11:07:27,3.83,15.94,63.79,958.19,263
4/23/2013 11:07:42,4/23/2013,11:07:42,2.87,16.27,65.00,958.19,258
4/23/2013 11:07:57,4/23/2013,11:07:57,2.91,16.20,62.40,958.17,268
4/23/2013 11:08:12,4/23/2013,11:08:12,3.79,16.07,64.30,958.15,245
4/23/2013 11:08:27,4/23/2013,11:08:27,4.72,15.80,63.20,958.11,238
4/23/2013 11:08:42,4/23/2013,11:08:42,4.19,16.07,64.80,958.17,258
4/23/2013 11:08:57,4/23/2013,11:08:57,4.38,16.12,65.00,958.16,259
4/23/2013 11:09:12,4/23/2013,11:09:12,4.80,16.02,64.80,958.16,265
4/23/2013 11:09:27,4/23/2013,11:09:27,4.63,16.14,65.80,958.17,236
4/23/2013 11:09:42,4/23/2013,11:09:42,4.45,16.12,65.50,958.16,255
4/23/2013 11:09:57,4/23/2013,11:09:57,4.12,16.12,64.69,958.18,241
4/23/2013 11:10:12,4/23/2013,11:10:12,3.05,16.27,64.19,958.20,243
4/23/2013 11:10:27,4/23/2013,11:10:27,3.65,16.02,63.29,958.21,245
4/23/2013 11:10:42,4/23/2013,11:10:42,3.83,16.22,64.90,958.24,254
4/23/2013 11:10:57,4/23/2013,11:10:57,3.99,16.14,64.59,958.25,225
4/23/2013 11:11:12,4/23/2013,11:11:12,4.48,16.54,67.40,958.20,259
4/23/2013 11:11:27,4/23/2013,11:11:27,4.29,16.39,65.00,958.21,262
4/23/2013 11:11:42,4/23/2013,11:11:42,4.95,16.22,64.19,958.25,267
4/23/2013 11:11:57,4/23/2013,11:11:57,6.15,15.75,63.29,958.20,265
4/23/2013 11:12:12,4/23/2013,11:12:12,5.12,15.94,64.59,958.24,272
4/23/2013 11:12:27,4/23/2013,11:12:27,3.86,16.35,65.19,958.28,263
4/23/2013 11:12:42,4/23/2013,11:12:42,5.85,15.94,64.30,958.27,283
4/23/2013 11:12:57,4/23/2013,11:12:57,5.47,15.92,64.09,958.26,277
4/23/2013 11:13:12,4/23/2013,11:13:12,4.65,16.00,64.19,958.31,273
4/23/2013 11:13:27,4/23/2013,11:13:27,3.59,16.29,64.50,958.32,258
4/23/2013 11:13:42,4/23/2013,11:13:42,4.19,16.00,62.79,958.33,270
4/23/2013 11:13:57,4/23/2013,11:13:57,3.66,16.35,64.69,958.33,265
4/23/2013 11:14:12,4/23/2013,11:14:12,3.88,16.42,64.59,958.29,278
4/23/2013 11:14:27,4/23/2013,11:14:27,4.33,16.39,65.00,958.29,260
4/23/2013 11:14:42,4/23/2013,11:14:42,4.67,16.22,64.30,958.28,284
4/23/2013 11:14:57,4/23/2013,11:14:57,3.17,16.39,62.50,958.27,260
4/23/2013 11:15:12,4/23/2013,11:15:12,3.19,16.47,63.29,958.29,268
4/23/2013 11:15:27,4/23/2013,11:15:27,4.01,16.39,62.90,958.28,270
4/23/2013 11:15:42,4/23/2013,11:15:42,3.86,16.22,62.70,958.28,265
4/23/2013 11:15:57,4/23/2013,11:15:57,6.22,15.75,62.90,958.24,258
4/23/2013 11:16:12,4/23/2013,11:16:12,5.87,15.60,62.90,958.26,265
4/23/2013 11:16:27,4/23/2013,11:16:27,4.26,16.12,65.00,958.29,259
4/23/2013 11:16:42,4/23/2013,11:16:42,5.17,15.92,64.19,958.28,245
4/23/2013 11:16:57,4/23/2013,11:16:57,5.54,16.00,64.50,958.27,270
4/23/2013 11:17:12,4/23/2013,11:17:12,4.66,16.39,66.09,958.31,276
4/23/2013 11:17:27,4/23/2013,11:17:27,5.81,16.00,63.70,958.28,272
4/23/2013 11:17:42,4/23/2013,11:17:42,5.41,15.94,64.30,958.29,254
4/23/2013 11:17:57,4/23/2013,11:17:57,5.06,16.12,65.19,958.28,260
4/23/2013 11:18:12,4/23/2013,11:18:12,4.09,16.47,65.19,958.32,256
4/23/2013 11:18:27,4/23/2013,11:18:27,4.84,16.22,64.19,958.32,231
4/23/2013 11:18:42,4/23/2013,11:18:42,6.01,15.80,63.50,958.27,267
4/23/2013 11:18:57,4/23/2013,11:18:57,4.26,16.35,65.30,958.29,220
4/23/2013 11:19:12,4/23/2013,11:19:12,4.65,16.20,64.59,958.32,224
4/23/2013 11:19:27,4/23/2013,11:19:27,5.22,15.94,64.30,958.32,252
4/23/2013 11:19:42,4/23/2013,11:19:42,4.99,15.75,63.09,958.33,258
4/23/2013 11:19:57,4/23/2013,11:19:57,4.23,16.14,64.40,958.34,281
4/23/2013 11:20:12,4/23/2013,11:20:12,4.17,16.14,64.19,958.33,270
4/23/2013 11:20:27,4/23/2013,11:20:27,4.23,16.29,64.80,958.34,258
4/23/2013 11:20:42,4/23/2013,11:20:42,4.70,15.75,63.09,958.35,267
4/23/2013 11:20:57,4/23/2013,11:20:57,4.74,15.75,63.59,958.36,272
4/23/2013 11:21:12,4/23/2013,11:21:12,4.48,15.82,63.50,958.34,290
4/23/2013 11:21:27,4/23/2013,11:21:27,3.86,15.87,63.09,958.34,290
4/23/2013 11:21:42,4/23/2013,11:21:42,2.95,16.35,64.59,958.35,312
4/23/2013 11:21:57,4/23/2013,11:21:57,3.26,16.07,62.70,958.33,281
4/23/2013 11:22:12,4/23/2013,11:22:12,3.12,16.39,64.09,958.32,309
4/23/2013 11:22:27,4/23/2013,11:22:27,3.29,16.47,64.00,958.32,278
4/23/2013 11:22:42,4/23/2013,11:22:42,4.59,16.02,62.70,958.29,290
4/23/2013 11:22:57,4/23/2013,11:22:57,4.26,15.92,62.79,958.34,282
4/23/2013 11:23:12,4/23/2013,11:23:12,2.83,16.47,64.09,958.36,276
4/23/2013 11:23:27,4/23/2013,11:23:27,2.90,16.39,62.90,958.33,284
4/23/2013 11:23:42,4/23/2013,11:23:42,3.44,16.27,62.50,958.31,291
4/23/2013 11:23:57,4/23/2013,11:23:57,2.63,16.54,63.50,958.31,310
4/23/2013 11:24:12,4/23/2013,11:24:12,2.99,16.22,61.90,958.28,285
4/23/2013 11:24:27,4/23/2013,11:24:27,3.13,16.12,61.90,958.32,289
4/23/2013 11:24:42,4/23/2013,11:24:42,2.40,16.47,63.90,958.33,279
4/23/2013 11:24:57,4/23/2013,11:24:57,2.80,16.47,62.90,958.32,303
4/23/2013 11:25:12,4/23/2013,11:25:12,3.90,16.20,62.70,958.29,259
4/23/2013 11:25:27,4/23/2013,11:25:27,4.63,16.20,63.70,958.27,298
4/23/2013 11:25:42,4/23/2013,11:25:42,5.24,16.14,63.50,958.26,258
4/23/2013 11:25:57,4/23/2013,11:25:57,5.85,15.92,62.70,958.26,278
4/23/2013 11:26:12,4/23/2013,11:26:12,5.80,15.82,63.00,958.27,264
4/23/2013 11:26:27,4/23/2013,11:26:27,5.69,16.00,63.70,958.28,285
4/23/2013 11:26:42,4/23/2013,11:26:42,5.84,15.87,63.09,958.26,290
4/23/2013 11:26:57,4/23/2013,11:26:57,6.48,15.67,63.20,958.25,286
4/23/2013 11:27:12,4/23/2013,11:27:12,5.30,16.00,64.09,958.27,293
4/23/2013 11:27:27,4/23/2013,11:27:27,5.54,15.75,63.29,958.28,282
4/23/2013 11:27:42,4/23/2013,11:27:42,4.90,15.75,62.79,958.29,296
4/23/2013 11:27:57,4/23/2013,11:27:57,3.62,16.22,63.79,958.32,276
4/23/2013 11:28:12,4/23/2013,11:28:12,4.69,16.22,63.40,958.31,289
4/23/2013 11:28:27,4/23/2013,11:28:27,3.65,16.47,63.79,958.33,288
4/23/2013 11:28:42,4/23/2013,11:28:42,3.59,16.39,62.00,958.29,287
4/23/2013 11:28:57,4/23/2013,11:28:57,3.88,16.02,61.09,958.29,273
4/23/2013 11:29:12,4/23/2013,11:29:12,3.12,16.22,61.29,958.27,297
4/23/2013 11:29:27,4/23/2013,11:29:27,2.37,16.22,59.70,958.25,274
4/23/2013 11:29:42,4/23/2013,11:29:42,1.77,16.62,60.50,958.26,297
4/23/2013 11:29:57,4/23/2013,11:29:57,2.22,16.82,61.09,958.24,305
4/23/2013 11:30:12,4/23/2013,11:30:12,4.62,16.22,61.00,958.19,281
4/23/2013 11:30:27,4/23/2013,11:30:27,4.79,16.39,62.20,958.18,308
4/23/2013 11:30:42,4/23/2013,11:30:42,5.24,16.22,61.90,958.17,276
4/23/2013 11:30:57,4/23/2013,11:30:57,4.97,16.35,61.79,958.18,270
4/23/2013 11:31:12,4/23/2013,11:31:12,4.95,16.50,64.50,958.20,264
4/23/2013 11:31:27,4/23/2013,11:31:27,5.35,16.07,61.50,958.24,258
4/23/2013 11:31:42,4/23/2013,11:31:42,5.40,15.87,62.00,958.26,245
4/23/2013 11:31:57,4/23/2013,11:31:57,4.11,16.14,63.29,958.28,274
4/23/2013 11:32:12,4/23/2013,11:32:12,4.81,16.14,63.50,958.29,249
4/23/2013 11:32:27,4/23/2013,11:32:27,5.15,16.14,64.50,958.31,258
4/23/2013 11:32:42,4/23/2013,11:32:42,4.52,16.50,65.09,958.33,256
4/23/2013 11:32:57,4/23/2013,11:32:57,3.52,16.57,63.90,958.31,296
4/23/2013 11:33:12,4/23/2013,11:33:12,4.66,16.50,63.79,958.29,265
4/23/2013 11:33:27,4/23/2013,11:33:27,4.56,16.47,63.59,958.28,276
4/23/2013 11:33:42,4/23/2013,11:33:42,5.52,15.67,61.79,958.27,270
4/23/2013 11:33:57,4/23/2013,11:33:57,4.11,15.75,62.29,958.32,261
4/23/2013 11:34:12,4/23/2013,11:34:12,4.13,16.14,63.79,958.32,277
4/23/2013 11:34:27,4/23/2013,11:34:27,3.76,16.54,64.09,958.31,312
4/23/2013 11:34:42,4/23/2013,11:34:42,3.79,16.54,63.90,958.31,258
4/23/2013 11:34:57,4/23/2013,11:34:57,2.98,16.47,62.09,958.29,248
4/23/2013 11:35:12,4/23/2013,11:35:12,3.15,16.54,62.40,958.28,246
4/23/2013 11:35:27,4/23/2013,11:35:27,3.72,16.50,63.79,958.29,256
4/23/2013 11:35:42,4/23/2013,11:35:42,4.45,16.42,63.90,958.28,269
4/23/2013 11:35:57,4/23/2013,11:35:57,4.15,16.29,63.29,958.28,246
4/23/2013 11:36:12,4/23/2013,11:36:12,3.33,16.82,65.40,958.32,272
4/23/2013 11:36:27,4/23/2013,11:36:27,3.06,16.85,63.50,958.32,268
4/23/2013 11:36:42,4/23/2013,11:36:42,5.04,16.14,61.59,958.31,275
4/23/2013 11:36:57,4/23/2013,11:36:57,5.26,16.20,63.00,958.31,252
4/23/2013 11:37:12,4/23/2013,11:37:12,5.77,15.75,61.90,958.31,273
4/23/2013 11:37:27,4/23/2013,11:37:27,3.88,15.92,62.00,958.35,255
4/23/2013 11:37:42,4/23/2013,11:37:42,2.13,16.39,62.29,958.38,274
4/23/2013 11:37:57,4/23/2013,11:37:57,2.55,16.50,62.50,958.39,276
4/23/2013 11:38:12,4/23/2013,11:38:12,3.13,16.50,63.29,958.38,294
4/23/2013 11:38:27,4/23/2013,11:38:27,3.98,16.12,62.59,958.39,270
4/23/2013 11:38:42,4/23/2013,11:38:42,3.59,16.54,64.50,958.39,269
4/23/2013 11:38:57,4/23/2013,11:38:57,4.34,16.47,63.40,958.35,277
4/23/2013 11:39:12,4/23/2013,11:39:12,4.95,15.92,61.79,958.36,289
4/23/2013 11:39:27,4/23/2013,11:39:27,3.77,15.92,61.70,958.38,264
4/23/2013 11:39:42,4/23/2013,11:39:42,4.66,16.14,62.79,958.34,260
4/23/2013 11:39:57,4/23/2013,11:39:57,5.51,16.07,63.59,958.34,257
4/23/2013 11:40:12,4/23/2013,11:40:12,6.01,16.00,63.50,958.33,262
4/23/2013 11:40:27,4/23/2013,11:40:27,5.09,16.00,62.59,958.36,243
4/23/2013 11:40:42,4/23/2013,11:40:42,3.94,16.27,62.50,958.40,266
4/23/2013 11:40:57,4/23/2013,11:40:57,4.17,16.07,62.00,958.40,255
4/23/2013 11:41:12,4/23/2013,11:41:12,3.51,16.47,63.50,958.41,257
4/23/2013 11:41:27,4/23/2013,11:41:27,4.36,16.47,63.40,958.38,255
4/23/2013 11:41:42,4/23/2013,11:41:42,3.87,16.47,62.70,958.38,281
4/23/2013 11:41:57,4/23/2013,11:41:57,3.81,16.47,62.40,958.38,275
4/23/2013 11:42:12,4/23/2013,11:42:12,4.47,16.14,61.50,958.36,272
4/23/2013 11:42:27,4/23/2013,11:42:27,4.36,16.07,61.79,958.35,274
4/23/2013 11:42:42,4/23/2013,11:42:42,3.80,16.42,62.40,958.38,297
4/23/2013 11:42:57,4/23/2013,11:42:57,4.63,16.12,61.70,958.40,270
4/23/2013 11:43:12,4/23/2013,11:43:12,4.30,16.22,62.40,958.38,270
4/23/2013 11:43:27,4/23/2013,11:43:27,3.97,16.42,62.40,958.38,271
4/23/2013 11:43:42,4/23/2013,11:43:42,3.99,16.27,61.90,958.39,276
4/23/2013 11:43:57,4/23/2013,11:43:57,4.17,16.29,62.20,958.38,301
4/23/2013 11:44:12,4/23/2013,11:44:12,4.40,16.39,62.50,958.39,260
4/23/2013 11:44:27,4/23/2013,11:44:27,5.97,15.75,61.40,958.35,278
4/23/2013 11:44:42,4/23/2013,11:44:42,4.15,16.02,61.79,958.40,279
4/23/2013 11:44:57,4/23/2013,11:44:57,4.23,16.12,62.29,958.39,294
4/23/2013 11:45:12,4/23/2013,11:45:12,4.12,16.07,62.29,958.40,302
4/23/2013 11:45:27,4/23/2013,11:45:27,2.74,16.54,62.50,958.42,314
4/23/2013 11:45:42,4/23/2013,11:45:42,3.55,16.20,61.59,958.39,276
4/23/2013 11:45:57,4/23/2013,11:45:57,3.33,16.27,62.50,958.41,308
4/23/2013 11:46:12,4/23/2013,11:46:12,3.16,16.29,62.50,958.42,297
4/23/2013 11:46:27,4/23/2013,11:46:27,2.81,16.50,62.79,958.41,286
4/23/2013 11:46:42,4/23/2013,11:46:42,3.49,16.14,61.59,958.39,298
4/23/2013 11:46:57,4/23/2013,11:46:57,2.79,16.47,62.50,958.40,287
4/23/2013 11:47:12,4/23/2013,11:47:12,2.01,16.62,61.79,958.38,284
4/23/2013 11:47:27,4/23/2013,11:47:27,1.74,16.95,62.09,958.38,261
4/23/2013 11:47:42,4/23/2013,11:47:42,2.31,16.85,61.40,958.34,281
4/23/2013 11:47:57,4/23/2013,11:47:57,3.45,16.82,62.29,958.33,286
4/23/2013 11:48:12,4/23/2013,11:48:12,5.13,16.27,60.50,958.29,274
4/23/2013 11:48:27,4/23/2013,11:48:27,4.87,16.39,62.00,958.29,292
4/23/2013 11:48:42,4/23/2013,11:48:42,4.55,16.47,61.90,958.29,275
4/23/2013 11:48:57,4/23/2013,11:48:57,3.98,16.75,62.00,958.31,306
4/23/2013 11:49:12,4/23/2013,11:49:12,3.36,17.17,63.29,958.32,276
4/23/2013 11:49:27,4/23/2013,11:49:27,3.92,16.67,60.50,958.32,295
4/23/2013 11:49:42,4/23/2013,11:49:42,4.54,16.62,61.50,958.32,295
4/23/2013 11:49:57,4/23/2013,11:49:57,4.30,16.67,62.29,958.33,284
4/23/2013 11:50:12,4/23/2013,11:50:12,3.91,16.20,60.29,958.34,259
4/23/2013 11:50:27,4/23/2013,11:50:27,4.42,15.94,60.79,958.36,267
4/23/2013 11:50:42,4/23/2013,11:50:42,4.06,16.02,61.29,958.38,271
4/23/2013 11:50:57,4/23/2013,11:50:57,3.55,16.12,61.50,958.39,277
4/23/2013 11:51:12,4/23/2013,11:51:12,2.36,16.47,61.40,958.38,283
4/23/2013 11:51:27,4/23/2013,11:51:27,2.58,16.62,61.20,958.38,241
4/23/2013 11:51:42,4/23/2013,11:51:42,4.11,16.39,61.40,958.36,257
4/23/2013 11:51:57,4/23/2013,11:51:57,4.79,16.22,60.90,958.36,265
4/23/2013 11:52:12,4/23/2013,11:52:12,4.62,16.14,60.90,958.34,278
4/23/2013 11:52:27,4/23/2013,11:52:27,3.83,16.39,61.29,958.35,261
4/23/2013 11:52:42,4/23/2013,11:52:42,3.86,16.50,61.50,958.36,264
4/23/2013 11:52:57,4/23/2013,11:52:57,3.80,16.67,62.20,958.36,261
4/23/2013 11:53:12,4/23/2013,11:53:12,4.06,16.57,62.09,958.35,269
4/23/2013 11:53:27,4/23/2013,11:53:27,5.13,16.39,61.20,958.35,248
4/23/2013 11:53:42,4/23/2013,11:53:42,3.33,16.95,62.59,958.34,292
4/23/2013 11:53:57,4/23/2013,11:53:57,3.33,16.89,61.40,958.33,294
4/23/2013 11:54:12,4/23/2013,11:54:12,3.92,16.95,61.79,958.29,306
4/23/2013 11:54:27,4/23/2013,11:54:27,4.47,16.54,60.29,958.29,266
4/23/2013 11:54:42,4/23/2013,11:54:42,4.79,16.54,61.50,958.28,267
4/23/2013 11:54:57,4/23/2013,11:54:57,4.40,16.89,63.00,958.29,273
4/23/2013 11:55:12,4/23/2013,11:55:12,4.31,16.89,62.00,958.31,268
4/23/2013 11:55:27,4/23/2013,11:55:27,5.26,16.57,61.20,958.29,259
4/23/2013 11:55:42,4/23/2013,11:55:42,5.42,16.39,61.00,958.29,280
4/23/2013 11:55:57,4/23/2013,11:55:57,4.92,16.27,61.29,958.29,277
4/23/2013 11:56:12,4/23/2013,11:56:12,4.44,16.50,62.20,958.31,268
4/23/2013 11:56:27,4/23/2013,11:56:27,4.49,16.12,61.09,958.33,270
4/23/2013 11:56:42,4/23/2013,11:56:42,4.15,16.07,61.00,958.36,280
4/23/2013 11:56:57,4/23/2013,11:56:57,2.86,16.47,61.79,958.39,292
4/23/2013 11:57:12,4/23/2013,11:57:12,3.44,16.47,62.29,958.38,296
4/23/2013 11:57:27,4/23/2013,11:57:27,2.99,16.62,63.00,958.38,277
4/23/2013 11:57:42,4/23/2013,11:57:42,3.65,16.67,62.79,958.35,291
4/23/2013 11:57:57,4/23/2013,11:57:57,3.90,16.57,62.20,958.32,299
4/23/2013 11:58:12,4/23/2013,11:58:12,3.76,16.57,61.79,958.29,7
4/23/2013 11:58:27,4/23/2013,11:58:27,3.16,16.85,63.09,958.27,329
4/23/2013 11:58:42,4/23/2013,11:58:42,3.13,16.95,62.29,958.27,296
4/23/2013 11:58:57,4/23/2013,11:58:57,3.99,16.54,60.20,958.25,287
4/23/2013 11:59:12,4/23/2013,11:59:12,4.15,16.35,60.59,958.27,269
4/23/2013 11:59:27,4/23/2013,11:59:27,4.12,16.47,61.40,958.31,271
4/23/2013 11:59:42,4/23/2013,11:59:42,4.08,16.57,61.40,958.31,261
4/23/2013 11:59:57,4/23/2013,11:59:57,4.52,16.20,60.29,958.31,269
4/23/2013 12:00:12,4/23/2013,12:00:12,3.67,16.14,60.29,958.32,252
4/23/2013 12:00:27,4/23/2013,12:00:27,4.29,16.22,61.20,958.33,254
4/23/2013 12:00:42,4/23/2013,12:00:42,3.77,16.47,62.20,958.34,262
4/23/2013 12:00:57,4/23/2013,12:00:57,3.56,16.70,62.09,958.32,277
4/23/2013 12:01:12,4/23/2013,12:01:12,3.74,16.57,61.09,958.33,267
4/23/2013 12:01:27,4/23/2013,12:01:27,4.99,16.54,61.59,958.31,274
4/23/2013 12:01:42,4/23/2013,12:01:42,4.83,16.50,61.90,958.32,261
4/23/2013 12:01:57,4/23/2013,12:01:57,4.85,16.39,61.50,958.31,277
4/23/2013 12:02:12,4/23/2013,12:02:12,4.51,16.50,61.79,958.32,292
4/23/2013 12:02:27,4/23/2013,12:02:27,4.99,16.27,61.70,958.35,302
4/23/2013 12:02:42,4/23/2013,12:02:42,3.20,16.62,62.90,958.37,263
4/23/2013 12:02:57,4/23/2013,12:02:57,2.99,16.95,63.09,958.39,299
4/23/2013 12:03:12,4/23/2013,12:03:12,2.30,17.17,63.70,958.39,272
4/23/2013 12:03:27,4/23/2013,12:03:27,3.51,16.97,61.29,958.36,263
4/23/2013 12:03:42,4/23/2013,12:03:42,4.80,16.39,59.79,958.36,253
4/23/2013 12:03:57,4/23/2013,12:03:57,4.33,16.47,60.50,958.38,280
4/23/2013 12:04:12,4/23/2013,12:04:12,4.80,16.35,60.59,958.38,300
4/23/2013 12:04:27,4/23/2013,12:04:27,4.36,16.20,60.29,958.38,306
4/23/2013 12:04:42,4/23/2013,12:04:42,3.74,16.62,61.70,958.39,292
4/23/2013 12:04:57,4/23/2013,12:04:57,3.52,16.57,60.50,958.39,321
4/23/2013 12:05:12,4/23/2013,12:05:12,3.22,16.62,59.59,958.38,322
4/23/2013 12:05:27,4/23/2013,12:05:27,2.94,16.77,59.79,958.38,311
4/23/2013 12:05:42,4/23/2013,12:05:42,2.90,16.85,60.29,958.35,347
4/23/2013 12:05:57,4/23/2013,12:05:57,3.19,16.82,60.29,958.31,330
4/23/2013 12:06:12,4/23/2013,12:06:12,3.67,16.70,60.29,958.29,308
4/23/2013 12:06:27,4/23/2013,12:06:27,3.66,16.85,60.90,958.28,328
4/23/2013 12:06:42,4/23/2013,12:06:42,3.97,16.97,61.00,958.29,299
4/23/2013 12:06:57,4/23/2013,12:06:57,3.38,17.04,60.29,958.29,323
4/23/2013 12:07:12,4/23/2013,12:07:12,2.30,17.29,60.20,958.29,313
4/23/2013 12:07:27,4/23/2013,12:07:27,3.23,16.85,58.90,958.28,331
4/23/2013 12:07:42,4/23/2013,12:07:42,1.83,17.50,60.59,958.29,318
4/23/2013 12:07:57,4/23/2013,12:07:57,3.13,17.29,59.59,958.28,293
4/23/2013 12:08:12,4/23/2013,12:08:12,3.44,17.22,58.90,958.26,271
4/23/2013 12:08:27,4/23/2013,12:08:27,4.09,17.14,58.90,958.28,282
4/23/2013 12:08:42,4/23/2013,12:08:42,3.91,17.10,58.40,958.28,270
4/23/2013 12:08:57,4/23/2013,12:08:57,3.73,16.97,58.20,958.28,271
4/23/2013 12:09:12,4/23/2013,12:09:12,3.11,17.10,57.90,958.27,272
4/23/2013 12:09:27,4/23/2013,12:09:27,3.36,17.17,58.70,958.28,278
4/23/2013 12:09:42,4/23/2013,12:09:42,3.55,17.17,59.00,958.28,281
4/23/2013 12:09:57,4/23/2013,12:09:57,3.86,17.17,58.50,958.28,265
4/23/2013 12:10:12,4/23/2013,12:10:12,4.15,17.32,59.50,958.28,288
4/23/2013 12:10:27,4/23/2013,12:10:27,5.02,17.04,59.00,958.26,276
4/23/2013 12:10:42,4/23/2013,12:10:42,4.17,17.17,60.09,958.26,265
4/23/2013 12:10:57,4/23/2013,12:10:57,5.65,16.77,59.29,958.25,264
4/23/2013 12:11:12,4/23/2013,12:11:12,5.31,16.77,60.09,958.26,267
4/23/2013 12:11:27,4/23/2013,12:11:27,4.34,17.10,60.79,958.32,277
4/23/2013 12:11:42,4/23/2013,12:11:42,5.27,17.02,59.90,958.31,271
4/23/2013 12:11:57,4/23/2013,12:11:57,5.22,16.95,60.59,958.29,270
4/23/2013 12:12:12,4/23/2013,12:12:12,4.72,16.85,60.09,958.31,274
4/23/2013 12:12:27,4/23/2013,12:12:27,4.06,17.25,61.50,958.29,264
4/23/2013 12:12:42,4/23/2013,12:12:42,5.17,16.62,59.50,958.29,278
4/23/2013 12:12:57,4/23/2013,12:12:57,4.24,16.77,59.79,958.33,278
4/23/2013 12:13:12,4/23/2013,12:13:12,3.98,16.95,59.79,958.33,259
4/23/2013 12:13:27,4/23/2013,12:13:27,4.06,16.70,59.29,958.31,275
4/23/2013 12:13:42,4/23/2013,12:13:42,3.65,16.75,59.29,958.29,306
4/23/2013 12:13:57,4/23/2013,12:13:57,3.01,17.04,60.40,958.32,304
4/23/2013 12:14:12,4/23/2013,12:14:12,2.88,17.25,60.50,958.31,347
4/23/2013 12:14:27,4/23/2013,12:14:27,3.06,17.14,59.90,958.29,281
4/23/2013 12:14:42,4/23/2013,12:14:42,3.33,17.04,59.40,958.31,325
4/23/2013 12:14:57,4/23/2013,12:14:57,2.18,17.70,62.29,958.31,315
4/23/2013 12:15:12,4/23/2013,12:15:12,2.55,17.70,60.09,958.27,306
4/23/2013 12:15:27,4/23/2013,12:15:27,2.05,17.79,59.40,958.21,289
4/23/2013 12:15:42,4/23/2013,12:15:42,3.77,17.60,59.40,958.21,261
4/23/2013 12:15:57,4/23/2013,12:15:57,4.59,17.10,58.09,958.24,275
4/23/2013 12:16:12,4/23/2013,12:16:12,4.58,17.22,60.40,958.25,262
4/23/2013 12:16:27,4/23/2013,12:16:27,4.17,17.42,59.79,958.28,260
4/23/2013 12:16:42,4/23/2013,12:16:42,4.99,17.14,59.29,958.28,282
4/23/2013 12:16:57,4/23/2013,12:16:57,5.33,16.75,59.00,958.31,256
4/23/2013 12:17:12,4/23/2013,12:17:12,4.79,16.77,59.29,958.31,269
4/23/2013 12:17:27,4/23/2013,12:17:27,4.38,17.10,60.09,958.33,268
4/23/2013 12:17:42,4/23/2013,12:17:42,5.48,16.62,59.40,958.29,278
4/23/2013 12:17:57,4/23/2013,12:17:57,3.73,17.14,60.79,958.31,266
4/23/2013 12:18:12,4/23/2013,12:18:12,4.41,16.75,59.79,958.32,269
4/23/2013 12:18:27,4/23/2013,12:18:27,3.95,17.22,61.29,958.32,283
4/23/2013 12:18:42,4/23/2013,12:18:42,4.37,17.14,60.09,958.29,275
4/23/2013 12:18:57,4/23/2013,12:18:57,5.76,16.82,60.09,958.27,280
4/23/2013 12:19:12,4/23/2013,12:19:12,5.35,17.04,60.90,958.26,264
4/23/2013 12:19:27,4/23/2013,12:19:27,5.55,16.85,60.00,958.25,293
4/23/2013 12:19:42,4/23/2013,12:19:42,6.31,16.57,60.09,958.26,271
4/23/2013 12:19:57,4/23/2013,12:19:57,5.23,16.62,60.50,958.31,273
4/23/2013 12:20:12,4/23/2013,12:20:12,4.22,16.75,60.29,958.34,270
4/23/2013 12:20:27,4/23/2013,12:20:27,4.83,16.54,60.09,958.36,283
4/23/2013 12:20:42,4/23/2013,12:20:42,4.59,16.62,60.00,958.35,287
4/23/2013 12:20:57,4/23/2013,12:20:57,3.86,16.95,61.59,958.34,250
4/23/2013 12:21:12,4/23/2013,12:21:12,3.98,16.95,61.29,958.34,260
4/23/2013 12:21:27,4/23/2013,12:21:27,4.33,16.70,59.50,958.34,291
4/23/2013 12:21:42,4/23/2013,12:21:42,5.12,16.62,59.90,958.34,276
4/23/2013 12:21:57,4/23/2013,12:21:57,4.49,16.70,60.20,958.34,269
4/23/2013 12:22:12,4/23/2013,12:22:12,4.04,16.85,60.40,958.33,265
4/23/2013 12:22:27,4/23/2013,12:22:27,5.88,16.47,60.09,958.31,251
4/23/2013 12:22:42,4/23/2013,12:22:42,4.79,16.54,59.90,958.34,253
4/23/2013 12:22:57,4/23/2013,12:22:57,3.95,16.95,61.09,958.35,255
4/23/2013 12:23:12,4/23/2013,12:23:12,4.91,16.75,60.29,958.38,242
4/23/2013 12:23:27,4/23/2013,12:23:27,5.10,16.85,60.90,958.35,266
4/23/2013 12:23:42,4/23/2013,12:23:42,5.51,16.47,59.79,958.36,267
4/23/2013 12:23:57,4/23/2013,12:23:57,5.16,16.57,60.70,958.40,265
4/23/2013 12:24:12,4/23/2013,12:24:12,5.38,16.85,61.70,958.36,306
4/23/2013 12:24:27,4/23/2013,12:24:27,5.59,16.29,59.79,958.38,312
4/23/2013 12:24:42,4/23/2013,12:24:42,4.67,16.77,60.70,958.39,290
4/23/2013 12:24:57,4/23/2013,12:24:57,3.95,16.75,60.29,958.41,268
4/23/2013 12:25:12,4/23/2013,12:25:12,3.86,16.82,60.40,958.42,260
4/23/2013 12:25:27,4/23/2013,12:25:27,4.11,16.50,59.40,958.43,287
4/23/2013 12:25:42,4/23/2013,12:25:42,2.80,16.70,59.79,958.46,273
4/23/2013 12:25:57,4/23/2013,12:25:57,3.17,16.85,60.79,958.42,266
4/23/2013 12:26:12,4/23/2013,12:26:12,4.23,16.95,61.29,958.41,264
4/23/2013 12:26:27,4/23/2013,12:26:27,4.33,16.67,59.70,958.41,255
4/23/2013 12:26:42,4/23/2013,12:26:42,4.88,16.72,60.29,958.40,270
4/23/2013 12:26:57,4/23/2013,12:26:57,4.74,16.77,60.59,958.39,247
4/23/2013 12:27:12,4/23/2013,12:27:12,4.33,16.77,60.90,958.39,255
4/23/2013 12:27:27,4/23/2013,12:27:27,4.29,16.95,60.90,958.38,262
4/23/2013 12:27:42,4/23/2013,12:27:42,5.40,16.89,60.70,958.35,263
4/23/2013 12:27:57,4/23/2013,12:27:57,5.20,16.75,60.70,958.34,259
4/23/2013 12:28:12,4/23/2013,12:28:12,5.33,16.62,60.29,958.35,283
4/23/2013 12:28:27,4/23/2013,12:28:27,4.60,16.54,60.09,958.36,245
4/23/2013 12:28:42,4/23/2013,12:28:42,3.48,16.95,61.79,958.38,236
4/23/2013 12:28:57,4/23/2013,12:28:57,3.56,17.04,61.50,958.38,266
4/23/2013 12:29:12,4/23/2013,12:29:12,3.98,16.85,60.20,958.36,258
4/23/2013 12:29:27,4/23/2013,12:29:27,5.54,16.82,60.79,958.36,260
4/23/2013 12:29:42,4/23/2013,12:29:42,5.20,16.75,60.59,958.39,276
4/23/2013 12:29:57,4/23/2013,12:29:57,5.62,16.54,60.20,958.36,276
4/23/2013 12:30:12,4/23/2013,12:30:12,4.79,16.62,60.09,958.41,309
4/23/2013 12:30:27,4/23/2013,12:30:27,4.04,16.57,59.90,958.43,305
4/23/2013 12:30:42,4/23/2013,12:30:42,3.15,16.75,59.40,958.43,278
4/23/2013 12:30:57,4/23/2013,12:30:57,5.10,16.20,59.00,958.42,284
4/23/2013 12:31:12,4/23/2013,12:31:12,4.15,16.42,60.00,958.44,293
4/23/2013 12:31:27,4/23/2013,12:31:27,2.92,17.02,61.70,958.42,259
4/23/2013 12:31:42,4/23/2013,12:31:42,3.74,16.82,59.90,958.41,253
4/23/2013 12:31:57,4/23/2013,12:31:57,4.26,16.85,61.00,958.41,267
4/23/2013 12:32:12,4/23/2013,12:32:12,4.74,16.35,59.20,958.41,280
4/23/2013 12:32:27,4/23/2013,12:32:27,3.04,16.67,60.20,958.42,250
4/23/2013 12:32:42,4/23/2013,12:32:42,3.76,16.77,60.70,958.40,257
4/23/2013 12:32:57,4/23/2013,12:32:57,3.95,16.62,59.40,958.40,255
4/23/2013 12:33:12,4/23/2013,12:33:12,4.01,16.42,59.09,958.40,274
4/23/2013 12:33:27,4/23/2013,12:33:27,3.01,16.89,61.29,958.40,258
4/23/2013 12:33:42,4/23/2013,12:33:42,2.26,17.17,60.90,958.40,248
4/23/2013 12:33:57,4/23/2013,12:33:57,2.74,17.32,61.90,958.38,272
4/23/2013 12:34:12,4/23/2013,12:34:12,4.16,17.25,60.79,958.35,270
4/23/2013 12:34:27,4/23/2013,12:34:27,4.90,16.95,59.59,958.38,279
4/23/2013 12:34:42,4/23/2013,12:34:42,4.23,17.32,60.79,958.41,261
4/23/2013 12:34:57,4/23/2013,12:34:57,5.33,17.14,59.90,958.38,282
4/23/2013 12:35:12,4/23/2013,12:35:12,3.76,17.57,60.90,958.39,296
4/23/2013 12:35:27,4/23/2013,12:35:27,3.94,17.25,59.29,958.38,283
4/23/2013 12:35:42,4/23/2013,12:35:42,5.01,17.04,59.59,958.35,284
4/23/2013 12:35:57,4/23/2013,12:35:57,5.44,16.75,59.40,958.35,272
4/23/2013 12:36:12,4/23/2013,12:36:12,4.88,16.85,59.90,958.38,265
4/23/2013 12:36:27,4/23/2013,12:36:27,4.02,17.50,61.50,958.38,254
4/23/2013 12:36:42,4/23/2013,12:36:42,4.91,16.97,59.09,958.39,261
4/23/2013 12:36:57,4/23/2013,12:36:57,5.70,16.54,59.29,958.35,267
4/23/2013 12:37:12,4/23/2013,12:37:12,4.85,16.62,60.20,958.41,259
4/23/2013 12:37:27,4/23/2013,12:37:27,4.63,16.62,59.90,958.44,279
4/23/2013 12:37:42,4/23/2013,12:37:42,3.63,16.62,59.20,958.47,276
4/23/2013 12:37:57,4/23/2013,12:37:57,3.15,16.54,58.59,958.44,262
4/23/2013 12:38:12,4/23/2013,12:38:12,2.41,16.85,59.59,958.44,288
4/23/2013 12:38:27,4/23/2013,12:38:27,2.45,16.85,58.70,958.46,267
4/23/2013 12:38:42,4/23/2013,12:38:42,2.58,16.95,58.90,958.43,262
4/23/2013 12:38:57,4/23/2013,12:38:57,3.29,17.04,59.90,958.40,268
4/23/2013 12:39:12,4/23/2013,12:39:12,3.04,17.17,60.50,958.38,282
4/23/2013 12:39:27,4/23/2013,12:39:27,3.92,16.77,58.59,958.35,242
4/23/2013 12:39:42,4/23/2013,12:39:42,3.83,17.04,61.20,958.33,244
4/23/2013 12:39:57,4/23/2013,12:39:57,2.99,17.42,61.29,958.34,240
4/23/2013 12:40:12,4/23/2013,12:40:12,3.24,17.37,61.29,958.35,258
4/23/2013 12:40:27,4/23/2013,12:40:27,3.51,17.42,59.90,958.32,237
4/23/2013 12:40:42,4/23/2013,12:40:42,2.99,17.42,60.50,958.31,242
4/23/2013 12:40:57,4/23/2013,12:40:57,3.72,17.32,60.70,958.29,247
4/23/2013 12:41:12,4/23/2013,12:41:12,4.41,17.32,61.29,958.32,259
4/23/2013 12:41:27,4/23/2013,12:41:27,5.48,16.85,60.20,958.29,286
4/23/2013 12:41:42,4/23/2013,12:41:42,6.10,16.62,60.70,958.27,269
4/23/2013 12:41:57,4/23/2013,12:41:57,5.74,16.57,60.70,958.27,252
4/23/2013 12:42:12,4/23/2013,12:42:12,5.58,16.54,61.20,958.29,272
4/23/2013 12:42:27,4/23/2013,12:42:27,5.12,16.70,61.70,958.29,258
4/23/2013 12:42:42,4/23/2013,12:42:42,4.87,16.95,62.29,958.32,273
4/23/2013 12:42:57,4/23/2013,12:42:57,5.24,16.54,60.79,958.32,270
4/23/2013 12:43:12,4/23/2013,12:43:12,4.17,16.82,61.79,958.36,261
4/23/2013 12:43:27,4/23/2013,12:43:27,4.04,16.70,60.90,958.34,257
4/23/2013 12:43:42,4/23/2013,12:43:42,3.87,16.97,62.40,958.34,228
4/23/2013 12:43:57,4/23/2013,12:43:57,3.52,17.22,63.00,958.33,278
4/23/2013 12:44:12,4/23/2013,12:44:12,4.15,17.45,62.40,958.33,290
4/23/2013 12:44:27,4/23/2013,12:44:27,4.60,17.04,59.59,958.34,278
4/23/2013 12:44:42,4/23/2013,12:44:42,3.59,17.29,60.29,958.35,264
4/23/2013 12:44:57,4/23/2013,12:44:57,4.09,16.95,59.00,958.34,271
4/23/2013 12:45:12,4/23/2013,12:45:12,3.44,17.14,60.40,958.34,267
4/23/2013 12:45:27,4/23/2013,12:45:27,3.09,17.29,60.29,958.35,287
4/23/2013 12:45:42,4/23/2013,12:45:42,2.97,17.04,58.59,958.38,278
4/23/2013 12:45:57,4/23/2013,12:45:57,3.12,17.25,60.20,958.39,287
4/23/2013 12:46:12,4/23/2013,12:46:12,2.74,17.10,58.29,958.41,281
4/23/2013 12:46:27,4/23/2013,12:46:27,2.38,17.25,59.59,958.42,259
4/23/2013 12:46:42,4/23/2013,12:46:42,3.09,17.02,58.20,958.40,288
4/23/2013 12:46:57,4/23/2013,12:46:57,3.08,17.17,59.00,958.39,265
4/23/2013 12:47:12,4/23/2013,12:47:12,2.34,17.25,59.09,958.39,285
4/23/2013 12:47:27,4/23/2013,12:47:27,4.02,17.29,59.09,958.38,269
4/23/2013 12:47:42,4/23/2013,12:47:42,5.09,16.89,58.79,958.34,288
4/23/2013 12:47:57,4/23/2013,12:47:57,6.20,16.89,60.00,958.29,252
4/23/2013 12:48:12,4/23/2013,12:48:12,5.40,16.95,60.29,958.33,264
4/23/2013 12:48:27,4/23/2013,12:48:27,4.63,17.04,59.90,958.34,265
4/23/2013 12:48:42,4/23/2013,12:48:42,5.08,17.10,59.90,958.33,291
4/23/2013 12:48:57,4/23/2013,12:48:57,4.77,17.04,59.90,958.34,272
4/23/2013 12:49:12,4/23/2013,12:49:12,5.41,17.04,60.29,958.32,281
4/23/2013 12:49:27,4/23/2013,12:49:27,6.29,16.75,59.29,958.31,275
4/23/2013 12:49:42,4/23/2013,12:49:42,5.83,16.50,59.50,958.33,275
4/23/2013 12:49:57,4/23/2013,12:49:57,5.69,16.70,60.29,958.35,283
4/23/2013 12:50:12,4/23/2013,12:50:12,4.22,17.04,60.70,958.41,294
4/23/2013 12:50:27,4/23/2013,12:50:27,4.74,17.04,60.40,958.42,268
4/23/2013 12:50:42,4/23/2013,12:50:42,4.92,17.04,59.90,958.42,262
4/23/2013 12:50:57,4/23/2013,12:50:57,5.23,16.70,59.00,958.42,283
4/23/2013 12:51:12,4/23/2013,12:51:12,4.51,16.85,59.40,958.46,277
4/23/2013 12:51:27,4/23/2013,12:51:27,4.72,16.70,59.09,958.46,275
4/23/2013 12:51:42,4/23/2013,12:51:42,5.17,16.77,60.00,958.44,286
4/23/2013 12:51:57,4/23/2013,12:51:57,4.80,16.77,59.50,958.44,302
4/23/2013 12:52:12,4/23/2013,12:52:12,3.61,17.02,60.50,958.48,279
4/23/2013 12:52:27,4/23/2013,12:52:27,3.45,16.95,59.50,958.47,297
4/23/2013 12:52:42,4/23/2013,12:52:42,3.34,16.95,59.29,958.47,293
4/23/2013 12:52:57,4/23/2013,12:52:57,1.93,17.22,59.50,958.48,256
4/23/2013 12:53:12,4/23/2013,12:53:12,2.45,17.25,58.70,958.44,268
4/23/2013 12:53:27,4/23/2013,12:53:27,3.22,17.17,59.79,958.42,263
4/23/2013 12:53:42,4/23/2013,12:53:42,4.13,16.97,58.79,958.43,247
4/23/2013 12:53:57,4/23/2013,12:53:57,4.58,16.67,59.00,958.42,263
4/23/2013 12:54:12,4/23/2013,12:54:12,3.02,16.82,59.09,958.42,269
4/23/2013 12:54:27,4/23/2013,12:54:27,2.29,17.17,59.40,958.44,282
4/23/2013 12:54:42,4/23/2013,12:54:42,2.59,17.25,59.20,958.42,282
4/23/2013 12:54:57,4/23/2013,12:54:57,2.51,17.57,60.90,958.43,278
4/23/2013 12:55:12,4/23/2013,12:55:12,2.20,17.32,57.79,958.44,279
4/23/2013 12:55:27,4/23/2013,12:55:27,2.06,17.37,58.20,958.43,278
4/23/2013 12:55:42,4/23/2013,12:55:42,2.55,17.17,57.70,958.44,283
4/23/2013 12:55:57,4/23/2013,12:55:57,2.79,17.22,58.09,958.43,264
4/23/2013 12:56:12,4/23/2013,12:56:12,2.48,17.45,59.20,958.43,298
4/23/2013 12:56:27,4/23/2013,12:56:27,2.72,17.37,58.59,958.40,276
4/23/2013 12:56:42,4/23/2013,12:56:42,2.77,17.57,59.09,958.39,268
4/23/2013 12:56:57,4/23/2013,12:56:57,1.87,18.04,61.29,958.40,219
4/23/2013 12:57:12,4/23/2013,12:57:12,3.76,17.60,60.09,958.36,238
4/23/2013 12:57:27,4/23/2013,12:57:27,4.22,17.50,59.40,958.33,250
4/23/2013 12:57:42,4/23/2013,12:57:42,4.04,17.72,61.59,958.35,250
4/23/2013 12:57:57,4/23/2013,12:57:57,4.23,17.64,61.00,958.36,241
4/23/2013 12:58:12,4/23/2013,12:58:12,3.40,17.87,61.50,958.35,248
4/23/2013 12:58:27,4/23/2013,12:58:27,3.69,17.85,61.20,958.33,245
4/23/2013 12:58:42,4/23/2013,12:58:42,3.31,18.20,62.00,958.31,231
4/23/2013 12:58:57,4/23/2013,12:58:57,4.66,17.97,59.90,958.26,247
4/23/2013 12:59:12,4/23/2013,12:59:12,4.49,17.92,60.70,958.28,258
4/23/2013 12:59:27,4/23/2013,12:59:27,4.15,17.50,57.90,958.28,285
4/23/2013 12:59:42,4/23/2013,12:59:42,3.80,17.57,59.09,958.31,258
4/23/2013 12:59:57,4/23/2013,12:59:57,3.99,17.79,59.50,958.33,270
4/23/2013 13:00:12,4/23/2013,13:00:12,5.08,17.77,59.09,958.32,264
4/23/2013 13:00:27,4/23/2013,13:00:27,5.27,17.50,58.40,958.34,266
4/23/2013 13:00:42,4/23/2013,13:00:42,5.45,17.29,58.00,958.36,289
4/23/2013 13:00:57,4/23/2013,13:00:57,4.33,17.57,59.59,958.41,258
4/23/2013 13:01:12,4/23/2013,13:01:12,4.97,17.04,59.00,958.42,268
4/23/2013 13:01:27,4/23/2013,13:01:27,5.35,16.95,59.59,958.44,243
4/23/2013 13:01:42,4/23/2013,13:01:42,5.35,16.82,59.50,958.46,247
4/23/2013 13:01:57,4/23/2013,13:01:57,4.47,17.17,60.70,958.48,264
4/23/2013 13:02:12,4/23/2013,13:02:12,4.74,16.95,59.20,958.48,261
4/23/2013 13:02:27,4/23/2013,13:02:27,5.55,16.77,59.59,958.44,270
4/23/2013 13:02:42,4/23/2013,13:02:42,6.44,16.70,60.50,958.43,258
4/23/2013 13:02:57,4/23/2013,13:02:57,5.83,16.57,60.29,958.46,270
4/23/2013 13:03:12,4/23/2013,13:03:12,5.41,16.77,60.70,958.49,263
4/23/2013 13:03:27,4/23/2013,13:03:27,4.90,16.85,60.40,958.51,261
4/23/2013 13:03:42,4/23/2013,13:03:42,4.55,16.85,60.70,958.54,276
4/23/2013 13:03:57,4/23/2013,13:03:57,6.20,16.29,59.59,958.51,279
4/23/2013 13:04:12,4/23/2013,13:04:12,4.42,16.27,59.90,958.54,278
4/23/2013 13:04:27,4/23/2013,13:04:27,4.30,16.54,61.50,958.54,252
4/23/2013 13:04:42,4/23/2013,13:04:42,5.17,16.67,61.90,958.52,259
4/23/2013 13:04:57,4/23/2013,13:04:57,5.38,16.62,61.20,958.51,259
4/23/2013 13:05:12,4/23/2013,13:05:12,6.62,16.42,60.79,958.47,249
4/23/2013 13:05:27,4/23/2013,13:05:27,6.27,16.50,61.29,958.46,271
4/23/2013 13:05:42,4/23/2013,13:05:42,5.95,16.77,61.00,958.46,276
4/23/2013 13:05:57,4/23/2013,13:05:57,5.98,16.70,60.50,958.46,283
4/23/2013 13:06:12,4/23/2013,13:06:12,5.19,16.95,61.70,958.51,251
4/23/2013 13:06:27,4/23/2013,13:06:27,4.44,17.02,62.09,958.55,276
4/23/2013 13:06:42,4/23/2013,13:06:42,4.49,17.22,60.90,958.55,287
4/23/2013 13:06:57,4/23/2013,13:06:57,4.67,17.29,61.29,958.55,254
4/23/2013 13:07:12,4/23/2013,13:07:12,5.26,16.82,59.09,958.52,266
4/23/2013 13:07:27,4/23/2013,13:07:27,3.86,16.95,58.70,958.51,268
4/23/2013 13:07:42,4/23/2013,13:07:42,3.08,17.32,59.50,958.51,267
4/23/2013 13:07:57,4/23/2013,13:07:57,3.98,17.02,58.09,958.47,265
4/23/2013 13:08:12,4/23/2013,13:08:12,3.51,17.32,58.29,958.47,265
4/23/2013 13:08:27,4/23/2013,13:08:27,5.72,16.77,58.90,958.44,262
4/23/2013 13:08:42,4/23/2013,13:08:42,5.72,16.82,59.50,958.43,283
4/23/2013 13:08:57,4/23/2013,13:08:57,5.51,16.50,58.40,958.44,270
4/23/2013 13:09:12,4/23/2013,13:09:12,4.54,16.97,59.79,958.47,257
4/23/2013 13:09:27,4/23/2013,13:09:27,4.19,17.52,62.29,958.47,265
4/23/2013 13:09:42,4/23/2013,13:09:42,4.59,17.32,59.50,958.48,261
4/23/2013 13:09:57,4/23/2013,13:09:57,4.59,17.50,59.79,958.46,262
4/23/2013 13:10:12,4/23/2013,13:10:12,5.33,17.29,59.00,958.42,264
4/23/2013 13:10:27,4/23/2013,13:10:27,5.29,17.32,59.00,958.42,266
4/23/2013 13:10:42,4/23/2013,13:10:42,4.95,17.60,59.40,958.42,250
4/23/2013 13:10:57,4/23/2013,13:10:57,5.19,17.42,58.29,958.42,267
4/23/2013 13:11:12,4/23/2013,13:11:12,4.92,17.32,58.09,958.43,279
4/23/2013 13:11:27,4/23/2013,13:11:27,5.15,17.42,58.40,958.41,260
4/23/2013 13:11:42,4/23/2013,13:11:42,5.16,17.17,58.00,958.00,294
4/23/2013 13:11:57,4/23/2013,13:11:57,4.87,17.32,59.09,958.42,254
4/23/2013 13:12:12,4/23/2013,13:12:12,3.86,17.37,58.59,958.44,258
4/23/2013 13:12:27,4/23/2013,13:12:27,4.17,17.50,59.29,958.43,270
4/23/2013 13:12:42,4/23/2013,13:12:42,3.27,17.64,60.20,958.44,302
4/23/2013 13:12:57,4/23/2013,13:12:57,3.15,17.70,57.90,958.44,280
4/23/2013 13:13:12,4/23/2013,13:13:12,4.05,17.60,58.79,958.42,280
4/23/2013 13:13:27,4/23/2013,13:13:27,3.40,17.79,59.90,958.41,281
4/23/2013 13:13:42,4/23/2013,13:13:42,3.92,17.72,59.00,958.42,261
4/23/2013 13:13:57,4/23/2013,13:13:57,4.29,17.79,58.90,958.42,289
4/23/2013 13:14:12,4/23/2013,13:14:12,5.24,17.42,58.50,958.41,270
4/23/2013 13:14:27,4/23/2013,13:14:27,4.94,17.42,58.70,958.47,276
4/23/2013 13:14:42,4/23/2013,13:14:42,4.65,17.32,58.40,958.47,338
4/23/2013 13:14:57,4/23/2013,13:14:57,3.98,17.57,59.29,958.48,274
4/23/2013 13:15:12,4/23/2013,13:15:12,3.92,17.64,58.90,958.52,270
4/23/2013 13:15:27,4/23/2013,13:15:27,4.37,17.52,59.00,958.52,293
4/23/2013 13:15:42,4/23/2013,13:15:42,4.65,17.22,58.40,958.55,294
4/23/2013 13:15:57,4/23/2013,13:15:57,4.05,17.25,58.79,958.55,318
4/23/2013 13:16:12,4/23/2013,13:16:12,2.84,17.87,60.40,958.55,301
4/23/2013 13:16:27,4/23/2013,13:16:27,3.72,17.25,57.09,958.52,283
4/23/2013 13:16:42,4/23/2013,13:16:42,2.55,17.60,58.70,958.52,324
4/23/2013 13:16:57,4/23/2013,13:16:57,3.33,17.57,58.79,958.51,288
4/23/2013 13:17:12,4/23/2013,13:17:12,4.33,17.17,57.79,958.51,317
4/23/2013 13:17:27,4/23/2013,13:17:27,3.52,17.25,58.59,958.52,275
4/23/2013 13:17:42,4/23/2013,13:17:42,3.13,17.50,59.00,958.51,310
4/23/2013 13:17:57,4/23/2013,13:17:57,4.33,17.50,59.00,958.50,303
4/23/2013 13:18:12,4/23/2013,13:18:12,4.77,17.32,58.40,958.50,292
4/23/2013 13:18:27,4/23/2013,13:18:27,5.15,17.22,58.09,958.50,281
4/23/2013 13:18:42,4/23/2013,13:18:42,5.09,17.25,58.00,958.49,299
4/23/2013 13:18:57,4/23/2013,13:18:57,4.70,17.77,59.29,958.50,286
4/23/2013 13:19:12,4/23/2013,13:19:12,5.33,17.37,57.50,958.48,299
4/23/2013 13:19:27,4/23/2013,13:19:27,6.26,17.02,57.90,958.44,264
4/23/2013 13:19:42,4/23/2013,13:19:42,5.87,16.97,58.20,958.48,267
4/23/2013 13:19:57,4/23/2013,13:19:57,5.56,16.75,58.00,958.50,261
4/23/2013 13:20:12,4/23/2013,13:20:12,5.19,17.17,58.79,958.49,271
4/23/2013 13:20:27,4/23/2013,13:20:27,4.31,17.42,58.70,958.49,281
4/23/2013 13:20:42,4/23/2013,13:20:42,3.69,17.32,58.20,958.50,294
4/23/2013 13:20:57,4/23/2013,13:20:57,3.88,17.25,58.40,958.50,301
4/23/2013 13:21:12,4/23/2013,13:21:12,4.72,17.32,58.79,958.49,294
4/23/2013 13:21:27,4/23/2013,13:21:27,4.52,17.42,59.00,958.50,273
4/23/2013 13:21:42,4/23/2013,13:21:42,5.13,17.10,58.40,958.51,265
4/23/2013 13:21:57,4/23/2013,13:21:57,5.52,17.04,58.90,958.50,282
4/23/2013 13:22:12,4/23/2013,13:22:12,5.55,16.77,58.09,958.51,279
4/23/2013 13:22:27,4/23/2013,13:22:27,4.69,16.95,58.79,958.50,261
4/23/2013 13:22:42,4/23/2013,13:22:42,4.15,16.89,58.29,958.50,264
4/23/2013 13:22:57,4/23/2013,13:22:57,3.56,17.17,59.00,958.50,285
4/23/2013 13:23:12,4/23/2013,13:23:12,2.63,17.29,58.00,958.54,245
4/23/2013 13:23:27,4/23/2013,13:23:27,3.04,17.42,58.70,958.52,265
4/23/2013 13:23:42,4/23/2013,13:23:42,4.04,17.32,58.70,958.51,275
4/23/2013 13:23:57,4/23/2013,13:23:57,3.73,17.22,57.50,958.51,288
4/23/2013 13:24:12,4/23/2013,13:24:12,2.84,17.45,57.90,958.52,280
4/23/2013 13:24:27,4/23/2013,13:24:27,2.52,17.77,58.79,958.52,284
4/23/2013 13:24:42,4/23/2013,13:24:42,3.27,17.60,57.70,958.49,295
4/23/2013 13:24:57,4/23/2013,13:24:57,2.40,17.79,57.40,958.50,268
4/23/2013 13:25:12,4/23/2013,13:25:12,3.80,17.72,57.59,958.49,273
4/23/2013 13:25:27,4/23/2013,13:25:27,3.54,17.87,58.09,958.48,271
4/23/2013 13:25:42,4/23/2013,13:25:42,4.77,17.45,57.00,958.48,270
4/23/2013 13:25:57,4/23/2013,13:25:57,3.79,18.00,58.20,958.51,275
4/23/2013 13:26:12,4/23/2013,13:26:12,5.94,17.52,56.50,958.48,271
4/23/2013 13:26:27,4/23/2013,13:26:27,5.98,17.02,56.20,958.49,281
4/23/2013 13:26:42,4/23/2013,13:26:42,5.97,17.10,57.00,958.52,271
4/23/2013 13:26:57,4/23/2013,13:26:57,5.91,17.04,57.00,958.55,300
4/23/2013 13:27:12,4/23/2013,13:27:12,4.97,17.10,57.40,958.58,282
4/23/2013 13:27:27,4/23/2013,13:27:27,4.97,17.32,57.90,958.62,294
4/23/2013 13:27:42,4/23/2013,13:27:42,4.94,17.22,57.59,958.59,275
4/23/2013 13:27:57,4/23/2013,13:27:57,4.98,17.17,58.20,958.60,288
4/23/2013 13:28:12,4/23/2013,13:28:12,4.77,17.02,58.20,958.59,331
4/23/2013 13:28:27,4/23/2013,13:28:27,4.08,17.45,58.90,958.58,301
4/23/2013 13:28:42,4/23/2013,13:28:42,3.31,17.70,58.29,958.60,285
4/23/2013 13:28:57,4/23/2013,13:28:57,4.83,17.32,57.59,958.59,291
4/23/2013 13:29:12,4/23/2013,13:29:12,4.08,17.60,58.29,958.59,277
4/23/2013 13:29:27,4/23/2013,13:29:27,4.76,17.50,58.09,958.59,265
4/23/2013 13:29:42,4/23/2013,13:29:42,5.22,17.17,57.29,958.59,293
4/23/2013 13:29:57,4/23/2013,13:29:57,4.90,17.10,57.90,958.58,285
4/23/2013 13:30:12,4/23/2013,13:30:12,4.91,17.10,57.50,958.60,301
4/23/2013 13:30:27,4/23/2013,13:30:27,4.49,17.10,58.40,958.65,309
4/23/2013 13:30:42,4/23/2013,13:30:42,3.62,17.25,58.40,958.64,317
4/23/2013 13:30:57,4/23/2013,13:30:57,4.81,16.75,57.29,958.60,307
4/23/2013 13:31:12,4/23/2013,13:31:12,3.26,17.37,59.59,958.64,310
4/23/2013 13:31:27,4/23/2013,13:31:27,6.24,16.70,58.09,958.57,301
4/23/2013 13:31:42,4/23/2013,13:31:42,5.10,16.82,58.50,958.60,295
4/23/2013 13:31:57,4/23/2013,13:31:57,4.80,16.85,58.59,958.62,319
4/23/2013 13:32:12,4/23/2013,13:32:12,4.90,16.77,59.09,958.65,303
4/23/2013 13:32:27,4/23/2013,13:32:27,3.12,17.45,61.00,958.66,293
4/23/2013 13:32:42,4/23/2013,13:32:42,4.51,17.25,59.29,958.63,262
4/23/2013 13:32:57,4/23/2013,13:32:57,5.67,17.17,59.29,958.57,269
4/23/2013 13:33:12,4/23/2013,13:33:12,4.11,17.50,60.20,958.59,282
4/23/2013 13:33:27,4/23/2013,13:33:27,5.81,16.95,58.09,958.57,272
4/23/2013 13:33:42,4/23/2013,13:33:42,5.06,17.04,59.00,958.60,303
4/23/2013 13:33:57,4/23/2013,13:33:57,4.04,17.32,59.40,958.60,288
4/23/2013 13:34:12,4/23/2013,13:34:12,4.45,17.14,57.79,958.62,295
4/23/2013 13:34:27,4/23/2013,13:34:27,3.87,17.50,59.00,958.63,286
4/23/2013 13:34:42,4/23/2013,13:34:42,4.33,17.32,57.50,958.63,268
4/23/2013 13:34:57,4/23/2013,13:34:57,5.34,17.25,58.59,958.60,269
4/23/2013 13:35:12,4/23/2013,13:35:12,4.66,16.95,58.00,958.62,258
4/23/2013 13:35:27,4/23/2013,13:35:27,4.09,16.97,57.90,958.63,259
4/23/2013 13:35:42,4/23/2013,13:35:42,4.55,17.02,58.40,958.63,287
4/23/2013 13:35:57,4/23/2013,13:35:57,5.72,16.95,58.20,958.57,269
4/23/2013 13:36:12,4/23/2013,13:36:12,4.40,17.32,58.90,958.59,292
4/23/2013 13:36:27,4/23/2013,13:36:27,4.48,17.42,58.90,958.59,262
4/23/2013 13:36:42,4/23/2013,13:36:42,5.45,17.57,59.09,958.57,286
4/23/2013 13:36:57,4/23/2013,13:36:57,5.52,17.42,59.50,958.58,283
4/23/2013 13:37:12,4/23/2013,13:37:12,5.40,17.25,58.09,958.58,275
4/23/2013 13:37:27,4/23/2013,13:37:27,5.37,17.04,57.70,958.58,273
4/23/2013 13:37:42,4/23/2013,13:37:42,3.74,17.64,58.90,958.58,275
4/23/2013 13:37:57,4/23/2013,13:37:57,4.58,17.64,58.40,958.58,272
4/23/2013 13:38:12,4/23/2013,13:38:12,4.40,17.52,58.00,958.57,278
4/23/2013 13:38:27,4/23/2013,13:38:27,4.36,17.52,58.09,958.56,276
4/23/2013 13:38:42,4/23/2013,13:38:42,4.94,17.37,57.70,958.58,265
4/23/2013 13:38:57,4/23/2013,13:38:57,5.24,17.42,58.20,958.56,280
4/23/2013 13:39:12,4/23/2013,13:39:12,5.59,17.29,58.20,958.56,290
4/23/2013 13:39:27,4/23/2013,13:39:27,5.80,17.02,58.09,958.57,267
4/23/2013 13:39:42,4/23/2013,13:39:42,5.42,16.85,58.20,958.59,284
4/23/2013 13:39:57,4/23/2013,13:39:57,5.55,16.77,58.70,958.59,267
4/23/2013 13:40:12,4/23/2013,13:40:12,4.08,17.45,59.90,958.60,295
4/23/2013 13:40:27,4/23/2013,13:40:27,2.91,17.77,60.00,958.63,286
4/23/2013 13:40:42,4/23/2013,13:40:42,3.69,17.64,59.00,958.62,293
4/23/2013 13:40:57,4/23/2013,13:40:57,5.24,16.95,57.59,958.58,295
4/23/2013 13:41:12,4/23/2013,13:41:12,4.62,16.97,58.70,958.65,291
4/23/2013 13:41:27,4/23/2013,13:41:27,5.29,16.75,59.00,958.59,301
4/23/2013 13:41:42,4/23/2013,13:41:42,3.88,16.77,58.90,958.64,287
4/23/2013 13:41:57,4/23/2013,13:41:57,2.70,17.37,60.29,958.65,298
4/23/2013 13:42:12,4/23/2013,13:42:12,3.12,17.57,59.29,958.65,266
4/23/2013 13:42:27,4/23/2013,13:42:27,3.13,17.85,59.70,958.63,289
4/23/2013 13:42:42,4/23/2013,13:42:42,3.09,17.77,58.79,958.63,251
4/23/2013 13:42:57,4/23/2013,13:42:57,2.90,17.60,58.79,958.64,285
4/23/2013 13:43:12,4/23/2013,13:43:12,1.94,17.92,58.70,958.64,289
4/23/2013 13:43:27,4/23/2013,13:43:27,3.15,17.64,57.29,958.62,267
4/23/2013 13:43:42,4/23/2013,13:43:42,3.73,17.85,58.40,958.58,265
4/23/2013 13:43:57,4/23/2013,13:43:57,4.63,17.85,58.40,958.54,266
4/23/2013 13:44:12,4/23/2013,13:44:12,5.19,17.42,57.29,958.54,278
4/23/2013 13:44:27,4/23/2013,13:44:27,5.74,17.50,58.20,958.52,280
4/23/2013 13:44:42,4/23/2013,13:44:42,5.76,17.29,58.20,958.54,284
4/23/2013 13:44:57,4/23/2013,13:44:57,4.40,17.50,58.20,958.57,278
4/23/2013 13:45:12,4/23/2013,13:45:12,3.99,17.85,59.09,958.58,291
4/23/2013 13:45:27,4/23/2013,13:45:27,4.26,18.07,59.50,958.57,282
4/23/2013 13:45:42,4/23/2013,13:45:42,6.06,17.25,57.90,958.54,272
4/23/2013 13:45:57,4/23/2013,13:45:57,5.59,17.32,58.70,958.56,273
4/23/2013 13:46:12,4/23/2013,13:46:12,5.12,17.60,59.00,958.56,280
4/23/2013 13:46:27,4/23/2013,13:46:27,7.10,17.10,58.50,958.52,257
4/23/2013 13:46:42,4/23/2013,13:46:42,5.23,17.37,59.59,958.55,274
4/23/2013 13:46:57,4/23/2013,13:46:57,5.62,17.50,60.00,958.56,265
4/23/2013 13:47:12,4/23/2013,13:47:12,5.99,17.17,58.79,958.55,259
4/23/2013 13:47:27,4/23/2013,13:47:27,5.09,17.42,58.79,958.58,250
4/23/2013 13:47:42,4/23/2013,13:47:42,5.87,17.37,58.50,958.58,267
4/23/2013 13:47:57,4/23/2013,13:47:57,4.40,17.79,59.29,958.57,291
4/23/2013 13:48:12,4/23/2013,13:48:12,3.05,18.20,58.40,958.57,273
4/23/2013 13:48:27,4/23/2013,13:48:27,3.74,18.20,58.09,958.58,295
4/23/2013 13:48:42,4/23/2013,13:48:42,4.55,17.72,57.50,958.57,257
4/23/2013 13:48:57,4/23/2013,13:48:57,6.27,17.77,58.50,958.51,278
4/23/2013 13:49:12,4/23/2013,13:49:12,5.81,17.87,58.59,958.51,258
4/23/2013 13:49:27,4/23/2013,13:49:27,4.60,17.77,57.09,958.57,280
4/23/2013 13:49:42,4/23/2013,13:49:42,4.48,17.97,58.59,958.57,263
4/23/2013 13:49:57,4/23/2013,13:49:57,4.36,17.92,57.50,958.58,290
4/23/2013 13:50:12,4/23/2013,13:50:12,4.59,17.72,57.09,958.58,264
4/23/2013 13:50:27,4/23/2013,13:50:27,4.45,17.87,58.40,958.57,276
4/23/2013 13:50:42,4/23/2013,13:50:42,3.06,18.20,57.90,958.57,270
4/23/2013 13:50:57,4/23/2013,13:50:57,4.30,17.60,56.90,958.58,273
4/23/2013 13:51:12,4/23/2013,13:51:12,3.24,17.79,57.50,958.55,285
4/23/2013 13:51:27,4/23/2013,13:51:27,3.67,17.79,57.70,958.54,270
4/23/2013 13:51:42,4/23/2013,13:51:42,4.19,17.77,58.29,958.54,270
4/23/2013 13:51:57,4/23/2013,13:51:57,4.83,17.60,58.29,958.52,260
4/23/2013 13:52:12,4/23/2013,13:52:12,5.22,17.60,59.20,958.50,274
4/23/2013 13:52:27,4/23/2013,13:52:27,4.09,18.04,60.00,958.49,260
4/23/2013 13:52:42,4/23/2013,13:52:42,5.24,17.92,59.90,958.44,254
4/23/2013 13:52:57,4/23/2013,13:52:57,6.35,17.72,59.29,958.40,255
4/23/2013 13:53:12,4/23/2013,13:53:12,6.94,17.32,58.70,958.38,264
4/23/2013 13:53:27,4/23/2013,13:53:27,5.88,17.52,59.00,958.40,274
4/23/2013 13:53:42,4/23/2013,13:53:42,6.01,17.76,59.20,958.42,249
4/23/2013 13:53:57,4/23/2013,13:53:57,4.81,18.00,60.20,958.44,253
4/23/2013 13:54:12,4/23/2013,13:54:12,4.63,18.04,59.29,958.42,282
4/23/2013 13:54:27,4/23/2013,13:54:27,4.54,18.32,59.20,958.41,249
4/23/2013 13:54:42,4/23/2013,13:54:42,5.19,18.14,59.00,958.39,247
4/23/2013 13:54:57,4/23/2013,13:54:57,6.31,17.79,58.59,958.38,248
4/23/2013 13:55:12,4/23/2013,13:55:12,5.48,17.79,58.20,958.39,260
4/23/2013 13:55:27,4/23/2013,13:55:27,5.47,17.87,59.20,958.41,265
4/23/2013 13:55:42,4/23/2013,13:55:42,5.15,17.92,58.40,958.44,257
4/23/2013 13:55:57,4/23/2013,13:55:57,4.22,18.14,59.29,958.43,252
4/23/2013 13:56:12,4/23/2013,13:56:12,5.42,18.04,58.90,958.40,252
4/23/2013 13:56:27,4/23/2013,13:56:27,5.44,18.07,58.79,958.40,266
4/23/2013 13:56:42,4/23/2013,13:56:42,5.62,17.79,57.90,958.39,266
4/23/2013 13:56:57,4/23/2013,13:56:57,5.62,17.85,58.90,958.40,257
4/23/2013 13:57:12,4/23/2013,13:57:12,6.06,18.25,59.59,958.40,275
4/23/2013 13:57:27,4/23/2013,13:57:27,5.69,18.07,59.29,958.40,265
4/23/2013 13:57:42,4/23/2013,13:57:42,6.20,17.57,57.90,958.42,270
4/23/2013 13:57:57,4/23/2013,13:57:57,5.66,17.57,58.20,958.42,251
4/23/2013 13:58:12,4/23/2013,13:58:12,5.37,17.87,59.50,958.43,247
4/23/2013 13:58:27,4/23/2013,13:58:27,6.35,17.79,59.09,958.42,239
4/23/2013 13:58:42,4/23/2013,13:58:42,5.87,17.50,59.09,958.42,280
4/23/2013 13:58:57,4/23/2013,13:58:57,4.30,17.60,58.00,958.46,273
4/23/2013 13:59:12,4/23/2013,13:59:12,3.23,18.12,59.20,958.44,239
4/23/2013 13:59:27,4/23/2013,13:59:27,4.65,17.72,57.59,958.46,265
4/23/2013 13:59:42,4/23/2013,13:59:42,4.17,17.92,58.09,958.49,272
4/23/2013 13:59:57,4/23/2013,13:59:57,3.99,18.12,59.00,958.48,264
4/23/2013 14:00:12,4/23/2013,14:00:12,4.48,18.04,58.90,958.49,253
4/23/2013 14:00:27,4/23/2013,14:00:27,4.83,18.12,59.79,958.48,250
4/23/2013 14:00:42,4/23/2013,14:00:42,5.42,18.20,59.50,958.46,255
4/23/2013 14:00:57,4/23/2013,14:00:57,4.66,17.87,57.50,958.46,255
4/23/2013 14:01:12,4/23/2013,14:01:12,4.36,17.97,58.20,958.49,257
4/23/2013 14:01:27,4/23/2013,14:01:27,5.60,17.77,57.29,958.46,277
4/23/2013 14:01:42,4/23/2013,14:01:42,4.92,17.87,57.59,958.46,276
4/23/2013 14:01:57,4/23/2013,14:01:57,5.19,17.97,58.20,958.46,270
4/23/2013 14:02:12,4/23/2013,14:02:12,3.95,18.20,59.29,958.47,252
4/23/2013 14:02:27,4/23/2013,14:02:27,4.51,18.20,59.70,958.47,270
4/23/2013 14:02:42,4/23/2013,14:02:42,3.95,18.39,58.59,958.47,228
4/23/2013 14:02:57,4/23/2013,14:02:57,6.40,18.07,59.29,958.41,261
4/23/2013 14:03:12,4/23/2013,14:03:12,6.51,17.77,58.29,958.42,252
4/23/2013 14:03:27,4/23/2013,14:03:27,4.70,18.04,58.79,958.48,248
4/23/2013 14:03:42,4/23/2013,14:03:42,5.87,17.79,58.20,958.44,249
4/23/2013 14:03:57,4/23/2013,14:03:57,6.51,17.45,58.29,958.47,263
4/23/2013 14:04:12,4/23/2013,14:04:12,5.47,17.87,59.50,958.50,257
4/23/2013 14:04:27,4/23/2013,14:04:27,5.81,17.64,58.20,958.49,260
4/23/2013 14:04:42,4/23/2013,14:04:42,5.74,17.70,58.50,958.48,247
4/23/2013 14:04:57,4/23/2013,14:04:57,6.74,17.60,58.59,958.46,238
4/23/2013 14:05:12,4/23/2013,14:05:12,5.23,17.87,59.00,958.46,257
4/23/2013 14:05:27,4/23/2013,14:05:27,5.33,17.97,59.09,958.47,254
4/23/2013 14:05:42,4/23/2013,14:05:42,5.79,18.20,59.40,958.47,267
4/23/2013 14:05:57,4/23/2013,14:05:57,4.38,18.32,58.50,958.48,249
4/23/2013 14:06:12,4/23/2013,14:06:12,4.83,18.07,57.90,958.48,249
4/23/2013 14:06:27,4/23/2013,14:06:27,6.66,17.50,57.70,958.42,262
4/23/2013 14:06:42,4/23/2013,14:06:42,5.34,17.97,59.40,958.48,275
4/23/2013 14:06:57,4/23/2013,14:06:57,5.20,18.12,60.00,958.49,261
4/23/2013 14:07:12,4/23/2013,14:07:12,5.66,17.64,58.70,958.49,255
4/23/2013 14:07:27,4/23/2013,14:07:27,5.26,17.92,58.90,958.50,268
4/23/2013 14:07:42,4/23/2013,14:07:42,5.08,17.64,57.70,958.51,265
4/23/2013 14:07:57,4/23/2013,14:07:57,4.13,17.87,58.20,958.50,266
4/23/2013 14:08:12,4/23/2013,14:08:12,4.45,18.00,58.09,958.51,245
4/23/2013 14:08:27,4/23/2013,14:08:27,4.55,18.12,58.79,958.50,253
4/23/2013 14:08:42,4/23/2013,14:08:42,5.19,18.07,58.40,958.47,235
4/23/2013 14:08:57,4/23/2013,14:08:57,5.70,18.00,58.50,958.40,259
4/23/2013 14:09:12,4/23/2013,14:09:12,6.10,17.57,57.40,958.41,269
4/23/2013 14:09:27,4/23/2013,14:09:27,5.16,17.77,58.20,958.44,240
4/23/2013 14:09:42,4/23/2013,14:09:42,4.48,17.79,57.79,958.49,244
4/23/2013 14:09:57,4/23/2013,14:09:57,5.08,17.72,57.50,958.49,244
4/23/2013 14:10:12,4/23/2013,14:10:12,5.33,17.72,58.29,958.48,234
4/23/2013 14:10:27,4/23/2013,14:10:27,5.72,17.92,59.29,958.42,246
4/23/2013 14:10:42,4/23/2013,14:10:42,5.27,18.27,59.29,958.39,269
4/23/2013 14:10:57,4/23/2013,14:10:57,6.27,17.87,57.20,958.39,243
4/23/2013 14:11:12,4/23/2013,14:11:12,5.99,17.79,57.29,958.40,275
4/23/2013 14:11:27,4/23/2013,14:11:27,6.77,17.87,58.40,958.41,242
4/23/2013 14:11:42,4/23/2013,14:11:42,6.58,17.57,58.00,958.41,264
4/23/2013 14:11:57,4/23/2013,14:11:57,6.34,17.70,58.40,958.41,267
4/23/2013 14:12:12,4/23/2013,14:12:12,5.85,17.60,57.90,958.42,252
4/23/2013 14:12:27,4/23/2013,14:12:27,4.42,17.85,57.79,958.46,275
4/23/2013 14:12:42,4/23/2013,14:12:42,3.36,18.27,57.90,958.46,287
4/23/2013 14:12:57,4/23/2013,14:12:57,4.24,18.25,57.70,958.44,268
4/23/2013 14:13:12,4/23/2013,14:13:12,4.15,18.35,58.29,958.43,264
4/23/2013 14:13:27,4/23/2013,14:13:27,5.30,18.12,58.50,958.42,276
4/23/2013 14:13:42,4/23/2013,14:13:42,4.65,18.14,58.50,958.44,310
4/23/2013 14:13:57,4/23/2013,14:13:57,4.66,18.14,57.40,958.44,292
4/23/2013 14:14:12,4/23/2013,14:14:12,4.59,18.27,58.00,958.44,272
4/23/2013 14:14:27,4/23/2013,14:14:27,4.05,18.45,58.50,958.44,275
4/23/2013 14:14:42,4/23/2013,14:14:42,3.88,18.60,57.29,958.46,259
4/23/2013 14:14:57,4/23/2013,14:14:57,3.37,18.39,56.40,958.41,283
4/23/2013 14:15:12,4/23/2013,14:15:12,2.55,18.82,57.90,958.42,278
4/23/2013 14:15:27,4/23/2013,14:15:27,2.30,19.00,58.59,958.41,274
4/23/2013 14:15:42,4/23/2013,14:15:42,2.77,18.82,56.59,958.41,271
4/23/2013 14:15:57,4/23/2013,14:15:57,2.90,18.52,56.20,958.41,275
4/23/2013 14:16:12,4/23/2013,14:16:12,3.36,18.45,56.20,958.39,271
4/23/2013 14:16:27,4/23/2013,14:16:27,4.09,18.20,56.59,958.38,278
4/23/2013 14:16:42,4/23/2013,14:16:42,3.40,18.27,56.79,958.40,263
4/23/2013 14:16:57,4/23/2013,14:16:57,3.15,18.45,57.00,958.40,270
4/23/2013 14:17:12,4/23/2013,14:17:12,3.61,18.45,57.09,958.39,290
4/23/2013 14:17:27,4/23/2013,14:17:27,4.34,18.35,57.29,958.39,268
4/23/2013 14:17:42,4/23/2013,14:17:42,3.70,18.62,58.09,958.38,286
4/23/2013 14:17:57,4/23/2013,14:17:57,3.63,18.60,58.09,958.36,278
4/23/2013 14:18:12,4/23/2013,14:18:12,3.83,18.52,57.40,958.36,271
4/23/2013 14:18:27,4/23/2013,14:18:27,3.67,18.54,57.50,958.36,275
4/23/2013 14:18:42,4/23/2013,14:18:42,4.13,18.54,57.59,958.36,271
4/23/2013 14:18:57,4/23/2013,14:18:57,3.63,18.45,56.79,958.35,267
4/23/2013 14:19:12,4/23/2013,14:19:12,3.09,18.47,57.40,958.39,295
4/23/2013 14:19:27,4/23/2013,14:19:27,4.63,18.20,57.20,958.39,251
4/23/2013 14:19:42,4/23/2013,14:19:42,4.91,18.35,58.20,958.38,269
4/23/2013 14:19:57,4/23/2013,14:19:57,5.63,17.97,57.70,958.33,262
4/23/2013 14:20:12,4/23/2013,14:20:12,5.27,18.12,58.50,958.36,267
4/23/2013 14:20:27,4/23/2013,14:20:27,6.24,18.04,57.79,958.33,271
4/23/2013 14:20:42,4/23/2013,14:20:42,5.05,18.14,57.79,958.36,278
4/23/2013 14:20:57,4/23/2013,14:20:57,4.20,18.20,57.40,958.40,289
4/23/2013 14:21:12,4/23/2013,14:21:12,3.86,18.39,57.50,958.40,283
4/23/2013 14:21:27,4/23/2013,14:21:27,4.31,18.54,58.20,958.42,298
4/23/2013 14:21:42,4/23/2013,14:21:42,4.04,18.52,58.00,958.43,309
4/23/2013 14:21:57,4/23/2013,14:21:57,5.17,18.12,57.50,958.42,278
4/23/2013 14:22:12,4/23/2013,14:22:12,4.99,18.04,58.00,958.44,278
4/23/2013 14:22:27,4/23/2013,14:22:27,4.19,18.25,57.70,958.47,270
4/23/2013 14:22:42,4/23/2013,14:22:42,3.91,18.12,57.09,958.46,271
4/23/2013 14:22:57,4/23/2013,14:22:57,4.97,17.97,58.09,958.46,294
4/23/2013 14:23:12,4/23/2013,14:23:12,5.34,17.97,57.90,958.42,281
4/23/2013 14:23:27,4/23/2013,14:23:27,4.60,18.04,57.79,958.42,290
4/23/2013 14:23:42,4/23/2013,14:23:42,5.51,17.70,57.79,958.38,271
4/23/2013 14:23:57,4/23/2013,14:23:57,5.98,17.50,58.40,958.35,289
4/23/2013 14:24:12,4/23/2013,14:24:12,4.42,17.87,58.70,958.40,284
4/23/2013 14:24:27,4/23/2013,14:24:27,4.47,17.92,58.20,958.39,276
4/23/2013 14:24:42,4/23/2013,14:24:42,4.01,18.04,58.00,958.38,275
4/23/2013 14:24:57,4/23/2013,14:24:57,3.92,18.04,57.79,958.36,269
4/23/2013 14:25:12,4/23/2013,14:25:12,5.10,18.04,58.20,958.34,296
4/23/2013 14:25:27,4/23/2013,14:25:27,5.51,17.64,58.00,958.35,286
4/23/2013 14:25:42,4/23/2013,14:25:42,4.47,17.87,59.00,958.38,268
4/23/2013 14:25:57,4/23/2013,14:25:57,3.99,17.92,57.40,958.36,271
4/23/2013 14:26:12,4/23/2013,14:26:12,3.55,18.25,58.90,958.38,283
4/23/2013 14:26:27,4/23/2013,14:26:27,3.48,18.35,58.20,958.34,305
4/23/2013 14:26:42,4/23/2013,14:26:42,4.34,18.12,58.29,958.35,275
4/23/2013 14:26:57,4/23/2013,14:26:57,4.69,17.97,58.70,958.32,274
4/23/2013 14:27:12,4/23/2013,14:27:12,3.92,18.27,58.00,958.33,277
4/23/2013 14:27:27,4/23/2013,14:27:27,3.41,18.35,58.20,958.34,265
4/23/2013 14:27:42,4/23/2013,14:27:42,3.72,18.20,57.79,958.34,273
4/23/2013 14:27:57,4/23/2013,14:27:57,3.36,18.67,59.00,958.32,264
4/23/2013 14:28:12,4/23/2013,14:28:12,3.61,18.39,57.20,958.29,277
4/23/2013 14:28:27,4/23/2013,14:28:27,4.31,18.47,58.29,958.28,280
4/23/2013 14:28:42,4/23/2013,14:28:42,5.06,18.04,57.79,958.27,264
4/23/2013 14:28:57,4/23/2013,14:28:57,4.98,17.79,57.59,958.29,265
4/23/2013 14:29:12,4/23/2013,14:29:12,4.60,18.04,58.09,958.31,270
4/23/2013 14:29:27,4/23/2013,14:29:27,4.37,18.52,59.00,958.28,277
4/23/2013 14:29:42,4/23/2013,14:29:42,3.83,18.76,58.29,958.28,285
4/23/2013 14:29:57,4/23/2013,14:29:57,2.27,19.00,59.20,958.29,249
4/23/2013 14:30:12,4/23/2013,14:30:12,3.23,18.82,58.09,958.27,258
4/23/2013 14:30:27,4/23/2013,14:30:27,3.73,18.82,58.90,958.26,249
4/23/2013 14:30:42,4/23/2013,14:30:42,3.67,18.82,58.29,958.24,248
4/23/2013 14:30:57,4/23/2013,14:30:57,4.26,18.72,58.40,958.23,247
4/23/2013 14:31:12,4/23/2013,14:31:12,3.98,18.54,57.29,958.21,260
4/23/2013 14:31:27,4/23/2013,14:31:27,4.01,18.87,58.00,958.21,260
4/23/2013 14:31:42,4/23/2013,14:31:42,3.72,18.52,56.20,958.20,268
4/23/2013 14:31:57,4/23/2013,14:31:57,3.29,18.62,56.90,958.20,272
4/23/2013 14:32:12,4/23/2013,14:32:12,3.15,18.87,58.00,958.20,277
4/23/2013 14:32:27,4/23/2013,14:32:27,2.11,19.29,56.40,958.23,277
4/23/2013 14:32:42,4/23/2013,14:32:42,3.56,19.07,56.20,958.20,293
4/23/2013 14:32:57,4/23/2013,14:32:57,3.34,19.00,56.20,958.20,281
4/23/2013 14:33:12,4/23/2013,14:33:12,3.95,18.79,57.20,958.19,271
4/23/2013 14:33:27,4/23/2013,14:33:27,4.05,18.75,57.09,958.19,275
4/23/2013 14:33:42,4/23/2013,14:33:42,3.62,19.02,57.90,958.20,278
4/23/2013 14:33:57,4/23/2013,14:33:57,2.42,19.50,57.00,958.21,270
4/23/2013 14:34:12,4/23/2013,14:34:12,2.80,19.50,56.59,958.18,283
4/23/2013 14:34:27,4/23/2013,14:34:27,3.22,19.22,55.20,958.17,267
4/23/2013 14:34:42,4/23/2013,14:34:42,3.16,19.02,55.40,958.15,274
4/23/2013 14:34:57,4/23/2013,14:34:57,2.97,19.27,56.09,958.15,286
4/23/2013 14:35:12,4/23/2013,14:35:12,1.79,20.10,57.40,958.17,314
4/23/2013 14:35:27,4/23/2013,14:35:27,2.01,20.25,57.70,958.16,268
4/23/2013 14:35:42,4/23/2013,14:35:42,2.47,19.70,54.79,958.15,270
4/23/2013 14:35:57,4/23/2013,14:35:57,2.90,19.62,56.59,958.13,257
4/23/2013 14:36:12,4/23/2013,14:36:12,3.08,19.37,55.40,958.11,275
4/23/2013 14:36:27,4/23/2013,14:36:27,3.52,19.07,54.90,958.13,265
4/23/2013 14:36:42,4/23/2013,14:36:42,4.41,18.82,55.29,958.16,288
4/23/2013 14:36:57,4/23/2013,14:36:57,2.87,19.45,56.59,958.17,248
4/23/2013 14:37:12,4/23/2013,14:37:12,4.41,19.07,55.40,958.15,285
4/23/2013 14:37:27,4/23/2013,14:37:27,3.42,19.22,55.79,958.15,260
4/23/2013 14:37:42,4/23/2013,14:37:42,3.24,19.10,55.50,958.15,296
4/23/2013 14:37:57,4/23/2013,14:37:57,4.77,18.60,56.20,958.13,280
4/23/2013 14:38:12,4/23/2013,14:38:12,3.74,18.82,56.70,958.17,302
4/23/2013 14:38:27,4/23/2013,14:38:27,3.20,19.00,57.29,958.19,274
4/23/2013 14:38:42,4/23/2013,14:38:42,3.54,19.00,56.70,958.17,284
4/23/2013 14:38:57,4/23/2013,14:38:57,2.99,19.17,56.90,958.17,295
4/23/2013 14:39:12,4/23/2013,14:39:12,3.59,18.95,57.79,958.16,270
4/23/2013 14:39:27,4/23/2013,14:39:27,2.41,19.22,57.40,958.18,297
4/23/2013 14:39:42,4/23/2013,14:39:42,2.51,19.35,57.09,958.18,287
4/23/2013 14:39:57,4/23/2013,14:39:57,2.09,19.54,57.20,958.19,301
4/23/2013 14:40:12,4/23/2013,14:40:12,2.59,19.42,56.79,958.17,274
4/23/2013 14:40:27,4/23/2013,14:40:27,3.24,19.29,57.40,958.16,283
4/23/2013 14:40:42,4/23/2013,14:40:42,5.20,19.00,56.90,958.13,256
4/23/2013 14:40:57,4/23/2013,14:40:57,5.08,18.62,56.20,958.17,238
4/23/2013 14:41:12,4/23/2013,14:41:12,5.94,18.47,56.50,958.13,253
4/23/2013 14:41:27,4/23/2013,14:41:27,5.52,18.62,57.40,958.16,263
4/23/2013 14:41:42,4/23/2013,14:41:42,4.54,18.75,56.59,958.19,282
4/23/2013 14:41:57,4/23/2013,14:41:57,3.34,18.79,56.00,958.23,279
4/23/2013 14:42:12,4/23/2013,14:42:12,2.58,19.07,56.00,958.25,265
4/23/2013 14:42:27,4/23/2013,14:42:27,3.55,19.00,55.70,958.24,280
4/23/2013 14:42:42,4/23/2013,14:42:42,3.81,18.89,56.09,958.21,279
4/23/2013 14:42:57,4/23/2013,14:42:57,4.85,18.60,55.70,958.20,283
4/23/2013 14:43:12,4/23/2013,14:43:12,3.42,19.07,57.20,958.21,272
4/23/2013 14:43:27,4/23/2013,14:43:27,4.31,18.89,56.50,958.23,259
4/23/2013 14:43:42,4/23/2013,14:43:42,4.52,18.52,56.09,958.25,253
4/23/2013 14:43:57,4/23/2013,14:43:57,3.24,18.89,57.20,958.25,256
4/23/2013 14:44:12,4/23/2013,14:44:12,2.36,19.37,56.79,958.21,288
4/23/2013 14:44:27,4/23/2013,14:44:27,3.36,19.00,55.59,958.19,257
4/23/2013 14:44:42,4/23/2013,14:44:42,4.38,18.67,56.00,958.18,243
4/23/2013 14:44:57,4/23/2013,14:44:57,3.97,19.02,57.59,958.18,258
4/23/2013 14:45:12,4/23/2013,14:45:12,3.22,18.72,56.00,958.20,269
4/23/2013 14:45:27,4/23/2013,14:45:27,2.44,19.07,56.29,958.19,235
4/23/2013 14:45:42,4/23/2013,14:45:42,1.80,19.64,57.59,958.19,259
4/23/2013 14:45:57,4/23/2013,14:45:57,2.11,19.50,55.00,958.18,287
4/23/2013 14:46:12,4/23/2013,14:46:12,1.45,19.92,55.00,958.18,258
4/23/2013 14:46:27,4/23/2013,14:46:27,2.06,19.82,55.40,958.16,263
4/23/2013 14:46:42,4/23/2013,14:46:42,2.55,19.70,55.40,958.15,268
4/23/2013 14:46:57,4/23/2013,14:46:57,2.40,19.82,55.50,958.13,288
4/23/2013 14:47:12,4/23/2013,14:47:12,3.59,19.70,56.20,958.12,278
4/23/2013 14:47:27,4/23/2013,14:47:27,4.41,19.37,55.50,958.12,275
4/23/2013 14:47:42,4/23/2013,14:47:42,4.22,19.45,55.79,958.12,287
4/23/2013 14:47:57,4/23/2013,14:47:57,3.31,19.77,57.00,958.12,297
4/23/2013 14:48:12,4/23/2013,14:48:12,3.38,20.02,56.40,958.13,299
4/23/2013 14:48:27,4/23/2013,14:48:27,4.26,19.45,55.20,958.12,286
4/23/2013 14:48:42,4/23/2013,14:48:42,3.51,19.37,55.90,958.15,294
4/23/2013 14:48:57,4/23/2013,14:48:57,4.24,19.02,56.40,958.16,309
4/23/2013 14:49:12,4/23/2013,14:49:12,2.52,19.85,57.70,958.20,298
4/23/2013 14:49:27,4/23/2013,14:49:27,3.59,19.10,55.50,958.17,272
4/23/2013 14:49:42,4/23/2013,14:49:42,3.44,19.22,56.70,958.17,269
4/23/2013 14:49:57,4/23/2013,14:49:57,2.12,19.92,57.90,958.16,254
4/23/2013 14:50:12,4/23/2013,14:50:12,2.62,19.92,56.70,958.13,268
4/23/2013 14:50:27,4/23/2013,14:50:27,3.56,19.54,55.29,958.12,290
4/23/2013 14:50:42,4/23/2013,14:50:42,3.01,19.70,55.90,958.10,274
4/23/2013 14:50:57,4/23/2013,14:50:57,3.34,19.89,56.79,958.08,263
4/23/2013 14:51:12,4/23/2013,14:51:12,3.73,19.29,55.29,958.09,265
4/23/2013 14:51:27,4/23/2013,14:51:27,4.20,19.07,55.90,958.11,281
4/23/2013 14:51:42,4/23/2013,14:51:42,4.42,19.14,56.70,958.15,271
4/23/2013 14:51:57,4/23/2013,14:51:57,4.33,19.14,56.40,958.13,254
4/23/2013 14:52:12,4/23/2013,14:52:12,4.60,19.07,56.50,958.13,276
4/23/2013 14:52:27,4/23/2013,14:52:27,4.20,19.14,57.09,958.15,263
4/23/2013 14:52:42,4/23/2013,14:52:42,4.66,19.29,57.09,958.12,283
4/23/2013 14:52:57,4/23/2013,14:52:57,4.23,19.02,56.40,958.12,257
4/23/2013 14:53:12,4/23/2013,14:53:12,5.27,18.82,56.70,958.10,259
4/23/2013 14:53:27,4/23/2013,14:53:27,6.37,18.60,57.79,958.08,262
4/23/2013 14:53:42,4/23/2013,14:53:42,5.38,18.95,59.09,958.09,274
4/23/2013 14:53:57,4/23/2013,14:53:57,5.19,19.00,58.50,958.11,257
4/23/2013 14:54:12,4/23/2013,14:54:12,4.31,19.14,58.20,958.12,259
4/23/2013 14:54:27,4/23/2013,14:54:27,3.09,19.50,57.40,958.15,259
4/23/2013 14:54:42,4/23/2013,14:54:42,3.23,19.45,56.40,958.12,265
4/23/2013 14:54:57,4/23/2013,14:54:57,3.65,19.62,57.09,958.11,268
4/23/2013 14:55:12,4/23/2013,14:55:12,3.69,19.54,56.20,958.10,259
4/23/2013 14:55:27,4/23/2013,14:55:27,4.97,19.27,57.59,958.09,221
4/23/2013 14:55:42,4/23/2013,14:55:42,4.66,19.00,56.40,958.13,257
4/23/2013 14:55:57,4/23/2013,14:55:57,3.59,19.50,57.40,958.11,244
4/23/2013 14:56:12,4/23/2013,14:56:12,4.23,19.29,56.50,958.08,235
4/23/2013 14:56:27,4/23/2013,14:56:27,4.92,19.07,56.79,958.08,242
4/23/2013 14:56:42,4/23/2013,14:56:42,3.81,19.57,56.79,958.08,252
4/23/2013 14:56:57,4/23/2013,14:56:57,3.76,19.45,56.70,958.10,242
4/23/2013 14:57:12,4/23/2013,14:57:12,5.01,19.22,57.29,958.06,252
4/23/2013 14:57:27,4/23/2013,14:57:27,6.12,18.52,56.90,958.05,242
4/23/2013 14:57:42,4/23/2013,14:57:42,4.85,19.00,58.20,958.08,240
4/23/2013 14:57:57,4/23/2013,14:57:57,5.12,18.89,57.50,958.08,253
4/23/2013 14:58:12,4/23/2013,14:58:12,5.19,18.72,57.00,958.10,257
4/23/2013 14:58:27,4/23/2013,14:58:27,4.02,19.07,57.40,958.13,268
4/23/2013 14:58:42,4/23/2013,14:58:42,3.38,19.22,57.09,958.13,275
4/23/2013 14:58:57,4/23/2013,14:58:57,2.11,19.85,58.29,958.15,282
4/23/2013 14:59:12,4/23/2013,14:59:12,3.61,19.42,56.29,958.12,289
4/23/2013 14:59:27,4/23/2013,14:59:27,3.67,19.35,57.00,958.13,266
4/23/2013 14:59:42,4/23/2013,14:59:42,2.86,19.82,57.40,958.12,273
4/23/2013 14:59:57,4/23/2013,14:59:57,3.92,19.45,56.70,958.12,279
4/23/2013 15:00:12,4/23/2013,15:00:12,3.79,20.02,58.20,958.10,254
4/23/2013 15:00:27,4/23/2013,15:00:27,4.16,19.50,56.40,958.11,273
4/23/2013 15:00:42,4/23/2013,15:00:42,3.79,19.35,56.90,958.13,270
4/23/2013 15:00:57,4/23/2013,15:00:57,4.31,19.27,56.79,958.12,256
4/23/2013 15:01:12,4/23/2013,15:01:12,4.15,19.42,58.50,958.11,255
4/23/2013 15:01:27,4/23/2013,15:01:27,3.94,19.37,57.59,958.11,252
4/23/2013 15:01:42,4/23/2013,15:01:42,2.91,19.85,58.40,958.10,257
4/23/2013 15:01:57,4/23/2013,15:01:57,5.37,19.37,57.29,958.06,245
4/23/2013 15:02:12,4/23/2013,15:02:12,5.63,19.57,58.00,958.08,280
4/23/2013 15:02:27,4/23/2013,15:02:27,3.61,20.02,57.70,958.10,247
4/23/2013 15:02:42,4/23/2013,15:02:42,4.83,19.45,55.59,958.08,264
4/23/2013 15:02:57,4/23/2013,15:02:57,5.83,19.07,57.20,958.08,252
4/23/2013 15:03:12,4/23/2013,15:03:12,6.83,18.72,56.79,958.06,274
4/23/2013 15:03:27,4/23/2013,15:03:27,4.99,19.00,57.00,958.13,276
4/23/2013 15:03:42,4/23/2013,15:03:42,4.56,19.29,57.00,958.16,257
4/23/2013 15:03:57,4/23/2013,15:03:57,5.15,19.54,57.29,958.11,264
4/23/2013 15:04:12,4/23/2013,15:04:12,3.99,19.57,55.90,958.12,245
4/23/2013 15:04:27,4/23/2013,15:04:27,4.04,19.45,56.20,958.12,262
4/23/2013 15:04:42,4/23/2013,15:04:42,5.16,19.10,56.20,958.11,305
4/23/2013 15:04:57,4/23/2013,15:04:57,5.56,18.62,56.59,958.13,274
4/23/2013 15:05:12,4/23/2013,15:05:12,4.23,19.00,56.90,958.16,264
4/23/2013 15:05:27,4/23/2013,15:05:27,3.49,19.22,56.70,958.15,268
4/23/2013 15:05:42,4/23/2013,15:05:42,2.80,19.37,55.70,958.16,247
4/23/2013 15:05:57,4/23/2013,15:05:57,3.56,19.37,56.00,958.12,252
4/23/2013 15:06:12,4/23/2013,15:06:12,2.77,19.77,57.09,958.12,265
4/23/2013 15:06:27,4/23/2013,15:06:27,2.95,19.70,56.20,958.09,252
4/23/2013 15:06:42,4/23/2013,15:06:42,3.48,19.70,57.50,958.04,232
4/23/2013 15:06:57,4/23/2013,15:06:57,3.69,19.50,56.90,958.04,248
4/23/2013 15:07:12,4/23/2013,15:07:12,3.19,19.57,56.59,958.06,265
4/23/2013 15:07:27,4/23/2013,15:07:27,2.51,20.10,56.90,958.06,294
4/23/2013 15:07:42,4/23/2013,15:07:42,2.95,19.92,55.40,958.05,248
4/23/2013 15:07:57,4/23/2013,15:07:57,2.92,19.85,55.00,958.03,236
4/23/2013 15:08:12,4/23/2013,15:08:12,2.40,19.92,54.40,958.04,221
4/23/2013 15:08:27,4/23/2013,15:08:27,3.19,19.92,56.50,958.00,210
4/23/2013 15:08:42,4/23/2013,15:08:42,4.06,19.82,57.09,957.98,232
4/23/2013 15:08:57,4/23/2013,15:08:57,4.67,19.54,56.09,957.96,264
4/23/2013 15:09:12,4/23/2013,15:09:12,4.73,19.62,56.50,957.97,250
4/23/2013 15:09:27,4/23/2013,15:09:27,5.16,19.22,55.40,958.01,254
4/23/2013 15:09:42,4/23/2013,15:09:42,2.84,19.97,56.79,958.03,256
4/23/2013 15:09:57,4/23/2013,15:09:57,2.08,20.47,54.70,958.03,297
4/23/2013 15:10:12,4/23/2013,15:10:12,2.88,20.25,54.00,958.02,266
4/23/2013 15:10:27,4/23/2013,15:10:27,4.56,19.70,54.20,957.96,279
4/23/2013 15:10:42,4/23/2013,15:10:42,3.06,20.10,54.79,957.96,239
4/23/2013 15:10:57,4/23/2013,15:10:57,3.22,20.02,55.70,957.95,235
4/23/2013 15:11:12,4/23/2013,15:11:12,3.69,19.97,56.00,957.95,290
4/23/2013 15:11:27,4/23/2013,15:11:27,3.23,19.92,56.50,957.96,248
4/23/2013 15:11:42,4/23/2013,15:11:42,3.47,20.04,56.50,957.96,232
4/23/2013 15:11:57,4/23/2013,15:11:57,4.22,20.10,57.09,957.94,270
4/23/2013 15:12:12,4/23/2013,15:12:12,4.88,19.50,55.00,957.95,244
4/23/2013 15:12:27,4/23/2013,15:12:27,4.08,19.77,56.00,957.98,245
4/23/2013 15:12:42,4/23/2013,15:12:42,4.49,19.64,55.09,957.97,244
4/23/2013 15:12:57,4/23/2013,15:12:57,4.44,19.70,55.59,958.00,260
4/23/2013 15:13:12,4/23/2013,15:13:12,5.51,19.14,55.79,957.96,268
4/23/2013 15:13:27,4/23/2013,15:13:27,4.36,19.50,56.09,957.97,244
4/23/2013 15:13:42,4/23/2013,15:13:42,3.37,20.10,57.20,957.97,260
4/23/2013 15:13:57,4/23/2013,15:13:57,3.67,20.02,56.00,957.96,264
4/23/2013 15:14:12,4/23/2013,15:14:12,4.27,19.89,55.90,957.97,266
4/23/2013 15:14:27,4/23/2013,15:14:27,4.19,19.64,55.00,957.98,268
4/23/2013 15:14:42,4/23/2013,15:14:42,3.86,19.75,55.40,958.00,265
4/23/2013 15:14:57,4/23/2013,15:14:57,3.84,19.85,55.40,957.97,267
4/23/2013 15:15:12,4/23/2013,15:15:12,3.84,20.10,56.09,957.98,273
4/23/2013 15:15:27,4/23/2013,15:15:27,2.88,20.57,56.40,957.98,262
4/23/2013 15:15:42,4/23/2013,15:15:42,4.44,20.17,53.90,957.95,280
4/23/2013 15:15:57,4/23/2013,15:15:57,5.63,19.85,54.59,957.90,258
4/23/2013 15:16:12,4/23/2013,15:16:12,5.34,19.89,55.29,957.94,289
4/23/2013 15:16:27,4/23/2013,15:16:27,5.52,19.45,54.70,957.94,274
4/23/2013 15:16:42,4/23/2013,15:16:42,4.40,19.70,55.40,957.96,287
4/23/2013 15:16:57,4/23/2013,15:16:57,5.79,19.37,55.90,957.96,266
4/23/2013 15:17:12,4/23/2013,15:17:12,4.60,19.64,55.70,958.02,258
4/23/2013 15:17:27,4/23/2013,15:17:27,4.62,19.50,54.90,958.02,253
4/23/2013 15:17:42,4/23/2013,15:17:42,5.48,19.07,55.70,958.01,246
4/23/2013 15:17:57,4/23/2013,15:17:57,4.06,19.57,56.50,958.03,264
4/23/2013 15:18:12,4/23/2013,15:18:12,3.52,20.12,56.90,958.03,268
4/23/2013 15:18:27,4/23/2013,15:18:27,4.88,19.14,54.90,958.03,276
4/23/2013 15:18:42,4/23/2013,15:18:42,5.24,19.22,55.29,958.03,278
4/23/2013 15:18:57,4/23/2013,15:18:57,5.97,18.82,55.90,958.02,259
4/23/2013 15:19:12,4/23/2013,15:19:12,5.35,19.07,56.50,958.03,278
4/23/2013 15:19:27,4/23/2013,15:19:27,5.12,18.89,55.70,958.02,270
4/23/2013 15:19:42,4/23/2013,15:19:42,4.65,19.22,56.79,958.04,260
4/23/2013 15:19:57,4/23/2013,15:19:57,4.97,19.22,56.40,958.06,257
4/23/2013 15:20:12,4/23/2013,15:20:12,5.62,18.89,56.40,958.04,257
4/23/2013 15:20:27,4/23/2013,15:20:27,5.02,18.79,56.50,958.04,249
4/23/2013 15:20:42,4/23/2013,15:20:42,5.67,18.67,56.70,958.04,252
4/23/2013 15:20:57,4/23/2013,15:20:57,5.02,19.00,57.40,958.05,257
4/23/2013 15:21:12,4/23/2013,15:21:12,4.97,18.89,56.59,958.08,263
4/23/2013 15:21:27,4/23/2013,15:21:27,4.54,19.02,56.09,958.10,258
4/23/2013 15:21:42,4/23/2013,15:21:42,3.42,19.29,56.29,958.10,272
4/23/2013 15:21:57,4/23/2013,15:21:57,4.12,19.07,56.00,958.11,263
4/23/2013 15:22:12,4/23/2013,15:22:12,4.16,19.22,56.90,958.12,257
4/23/2013 15:22:27,4/23/2013,15:22:27,6.67,18.52,56.90,958.08,248
4/23/2013 15:22:42,4/23/2013,15:22:42,6.15,18.39,57.20,958.10,260
4/23/2013 15:22:57,4/23/2013,15:22:57,5.55,18.62,57.59,958.11,272
4/23/2013 15:23:12,4/23/2013,15:23:12,4.62,18.89,57.79,958.13,261
4/23/2013 15:23:27,4/23/2013,15:23:27,5.24,18.82,57.70,958.10,245
4/23/2013 15:23:42,4/23/2013,15:23:42,5.05,18.82,57.70,958.11,272
4/23/2013 15:23:57,4/23/2013,15:23:57,4.08,19.07,58.40,958.13,242
4/23/2013 15:24:12,4/23/2013,15:24:12,4.74,18.54,56.40,958.15,249
4/23/2013 15:24:27,4/23/2013,15:24:27,4.85,18.75,57.29,958.13,254
4/23/2013 15:24:42,4/23/2013,15:24:42,5.08,18.67,56.90,958.12,254
4/23/2013 15:24:57,4/23/2013,15:24:57,4.59,18.82,56.90,958.12,238
4/23/2013 15:25:12,4/23/2013,15:25:12,4.55,19.00,57.59,958.12,255
4/23/2013 15:25:27,4/23/2013,15:25:27,4.59,19.00,57.09,958.11,235
4/23/2013 15:25:42,4/23/2013,15:25:42,3.66,19.50,59.29,958.09,239
4/23/2013 15:25:57,4/23/2013,15:25:57,3.95,19.57,57.59,958.05,258
4/23/2013 15:26:12,4/23/2013,15:26:12,3.76,19.64,56.79,958.04,269
4/23/2013 15:26:27,4/23/2013,15:26:27,5.13,19.07,56.20,958.05,260
4/23/2013 15:26:42,4/23/2013,15:26:42,6.06,18.75,57.00,958.04,245
4/23/2013 15:26:57,4/23/2013,15:26:57,3.84,19.29,57.50,958.05,249
4/23/2013 15:27:12,4/23/2013,15:27:12,3.16,19.77,57.09,958.08,273
4/23/2013 15:27:27,4/23/2013,15:27:27,3.31,19.64,55.00,958.06,279
4/23/2013 15:27:42,4/23/2013,15:27:42,4.29,19.54,55.00,958.08,278
4/23/2013 15:27:57,4/23/2013,15:27:57,3.76,19.62,55.59,958.05,298
4/23/2013 15:28:12,4/23/2013,15:28:12,3.86,19.70,55.20,958.04,299
4/23/2013 15:28:27,4/23/2013,15:28:27,6.20,19.14,54.90,958.01,293
4/23/2013 15:28:42,4/23/2013,15:28:42,5.15,19.27,56.20,958.05,279
4/23/2013 15:28:57,4/23/2013,15:28:57,3.65,19.29,54.40,958.08,295
4/23/2013 15:29:12,4/23/2013,15:29:12,2.83,19.77,55.29,958.08,282
4/23/2013 15:29:27,4/23/2013,15:29:27,4.94,19.45,54.70,958.06,292
4/23/2013 15:29:42,4/23/2013,15:29:42,4.38,19.37,55.20,958.08,291
4/23/2013 15:29:57,4/23/2013,15:29:57,4.80,19.29,55.09,958.05,290
4/23/2013 15:30:12,4/23/2013,15:30:12,5.13,19.14,56.29,958.05,264
4/23/2013 15:30:27,4/23/2013,15:30:27,5.69,19.07,55.79,958.06,255
4/23/2013 15:30:42,4/23/2013,15:30:42,5.65,19.14,55.90,958.11,278
4/23/2013 15:30:57,4/23/2013,15:30:57,6.26,18.89,54.90,958.10,265
4/23/2013 15:31:12,4/23/2013,15:31:12,5.98,19.00,56.00,958.12,264
4/23/2013 15:31:27,4/23/2013,15:31:27,5.51,18.72,55.20,958.13,271
4/23/2013 15:31:42,4/23/2013,15:31:42,5.44,18.79,55.40,958.15,256
4/23/2013 15:31:57,4/23/2013,15:31:57,5.67,18.75,56.09,958.16,243
4/23/2013 15:32:12,4/23/2013,15:32:12,5.62,18.52,55.90,958.16,244
4/23/2013 15:32:27,4/23/2013,15:32:27,4.77,18.72,55.90,958.18,248
4/23/2013 15:32:42,4/23/2013,15:32:42,5.38,18.60,56.09,958.19,252
4/23/2013 15:32:57,4/23/2013,15:32:57,4.59,18.82,56.29,958.19,274
4/23/2013 15:33:12,4/23/2013,15:33:12,3.24,19.29,56.29,958.19,241
4/23/2013 15:33:27,4/23/2013,15:33:27,3.13,19.45,55.70,958.19,247
4/23/2013 15:33:42,4/23/2013,15:33:42,3.24,19.42,55.50,958.18,253
4/23/2013 15:33:57,4/23/2013,15:33:57,4.15,19.54,55.90,958.18,243
4/23/2013 15:34:12,4/23/2013,15:34:12,4.98,18.89,54.70,958.19,287
4/23/2013 15:34:27,4/23/2013,15:34:27,5.01,19.00,55.90,958.23,274
4/23/2013 15:34:42,4/23/2013,15:34:42,5.26,18.95,56.09,958.24,252
4/23/2013 15:34:57,4/23/2013,15:34:57,5.70,18.82,56.50,958.21,260
4/23/2013 15:35:12,4/23/2013,15:35:12,6.01,18.75,56.29,958.20,258
4/23/2013 15:35:27,4/23/2013,15:35:27,4.91,19.10,57.29,958.20,251
4/23/2013 15:35:42,4/23/2013,15:35:42,4.36,19.45,56.50,958.25,254
4/23/2013 15:35:57,4/23/2013,15:35:57,4.76,19.29,55.09,958.23,275
4/23/2013 15:36:12,4/23/2013,15:36:12,5.48,19.22,55.79,958.19,265
4/23/2013 15:36:27,4/23/2013,15:36:27,5.56,18.89,55.50,958.20,252
4/23/2013 15:36:42,4/23/2013,15:36:42,5.49,18.89,55.29,958.21,281
4/23/2013 15:36:57,4/23/2013,15:36:57,5.47,19.17,56.90,958.21,258
4/23/2013 15:37:12,4/23/2013,15:37:12,4.52,19.54,57.90,958.25,281
4/23/2013 15:37:27,4/23/2013,15:37:27,4.05,19.62,55.79,958.24,262
4/23/2013 15:37:42,4/23/2013,15:37:42,4.98,19.29,55.59,958.20,272
4/23/2013 15:37:57,4/23/2013,15:37:57,4.87,19.27,55.90,958.21,241
4/23/2013 15:38:12,4/23/2013,15:38:12,5.90,19.37,56.59,958.18,249
4/23/2013 15:38:27,4/23/2013,15:38:27,5.41,18.82,54.70,958.20,263
4/23/2013 15:38:42,4/23/2013,15:38:42,4.15,19.14,55.20,958.25,264
4/23/2013 15:38:57,4/23/2013,15:38:57,3.67,19.62,55.70,958.24,251
4/23/2013 15:39:12,4/23/2013,15:39:12,4.26,19.37,54.79,958.21,259
4/23/2013 15:39:27,4/23/2013,15:39:27,3.66,19.42,54.90,958.20,261
4/23/2013 15:39:42,4/23/2013,15:39:42,3.12,19.85,55.29,958.19,247
4/23/2013 15:39:57,4/23/2013,15:39:57,4.97,18.95,54.40,958.20,259
4/23/2013 15:40:12,4/23/2013,15:40:12,4.98,18.87,55.20,958.19,256
4/23/2013 15:40:27,4/23/2013,15:40:27,4.40,19.22,55.79,958.20,256
4/23/2013 15:40:42,4/23/2013,15:40:42,5.62,18.75,55.59,958.17,279
4/23/2013 15:40:57,4/23/2013,15:40:57,5.06,18.95,56.79,958.16,248
4/23/2013 15:41:12,4/23/2013,15:41:12,4.36,19.22,57.40,958.19,252
4/23/2013 15:41:27,4/23/2013,15:41:27,4.45,19.42,56.70,958.18,277
4/23/2013 15:41:42,4/23/2013,15:41:42,5.79,19.02,56.09,958.12,248
4/23/2013 15:41:57,4/23/2013,15:41:57,4.56,19.45,57.50,958.16,230
4/23/2013 15:42:12,4/23/2013,15:42:12,4.91,19.22,56.70,958.16,245
4/23/2013 15:42:27,4/23/2013,15:42:27,5.44,19.02,57.00,958.13,243
4/23/2013 15:42:42,4/23/2013,15:42:42,4.63,19.14,56.29,958.18,254
4/23/2013 15:42:57,4/23/2013,15:42:57,3.99,19.50,56.70,958.17,252
4/23/2013 15:43:12,4/23/2013,15:43:12,3.20,19.77,56.00,958.16,238
4/23/2013 15:43:27,4/23/2013,15:43:27,3.29,19.77,55.79,958.13,266
4/23/2013 15:43:42,4/23/2013,15:43:42,3.48,19.89,54.90,958.16,265
4/23/2013 15:43:57,4/23/2013,15:43:57,4.16,19.82,54.90,958.13,270
4/23/2013 15:44:12,4/23/2013,15:44:12,4.31,19.57,54.20,958.16,260
4/23/2013 15:44:27,4/23/2013,15:44:27,3.90,19.37,53.59,958.16,231
4/23/2013 15:44:42,4/23/2013,15:44:42,4.59,19.27,55.00,958.18,245
4/23/2013 15:44:57,4/23/2013,15:44:57,4.41,19.57,57.00,958.15,234
4/23/2013 15:45:12,4/23/2013,15:45:12,4.80,19.42,56.00,958.15,248
4/23/2013 15:45:27,4/23/2013,15:45:27,5.06,19.29,56.40,958.13,236
4/23/2013 15:45:42,4/23/2013,15:45:42,5.62,18.95,55.70,958.13,260
4/23/2013 15:45:57,4/23/2013,15:45:57,4.27,19.50,57.20,958.13,228
4/23/2013 15:46:12,4/23/2013,15:46:12,6.51,19.14,56.20,958.09,254
4/23/2013 15:46:27,4/23/2013,15:46:27,7.85,18.52,56.40,958.10,254
4/23/2013 15:46:42,4/23/2013,15:46:42,6.76,18.75,57.29,958.11,268
4/23/2013 15:46:57,4/23/2013,15:46:57,7.65,18.45,56.40,958.15,264
4/23/2013 15:47:12,4/23/2013,15:47:12,4.90,18.72,56.29,958.21,262
4/23/2013 15:47:27,4/23/2013,15:47:27,4.33,19.07,56.29,958.23,273
4/23/2013 15:47:42,4/23/2013,15:47:42,6.49,18.62,56.50,958.18,257
4/23/2013 15:47:57,4/23/2013,15:47:57,5.65,18.67,56.50,958.21,262
4/23/2013 15:48:12,4/23/2013,15:48:12,4.15,19.07,56.70,958.24,257
4/23/2013 15:48:27,4/23/2013,15:48:27,3.59,19.45,57.09,958.20,259
4/23/2013 15:48:42,4/23/2013,15:48:42,3.69,19.42,55.20,958.18,245
4/23/2013 15:48:57,4/23/2013,15:48:57,4.06,19.22,55.40,958.18,269
4/23/2013 15:49:12,4/23/2013,15:49:12,4.56,19.22,55.50,958.15,271
4/23/2013 15:49:27,4/23/2013,15:49:27,3.95,19.70,57.40,958.15,216
4/23/2013 15:49:42,4/23/2013,15:49:42,5.83,19.10,56.70,958.12,271
4/23/2013 15:49:57,4/23/2013,15:49:57,4.13,19.75,56.40,958.11,259
4/23/2013 15:50:12,4/23/2013,15:50:12,4.59,19.54,55.50,958.15,265
4/23/2013 15:50:27,4/23/2013,15:50:27,5.26,19.27,55.29,958.13,275
4/23/2013 15:50:42,4/23/2013,15:50:42,5.01,19.27,55.29,958.12,262
4/23/2013 15:50:57,4/23/2013,15:50:57,5.08,18.82,54.90,958.13,262
4/23/2013 15:51:12,4/23/2013,15:51:12,4.51,19.29,56.59,958.16,258
4/23/2013 15:51:27,4/23/2013,15:51:27,4.26,19.35,56.09,958.13,236
4/23/2013 15:51:42,4/23/2013,15:51:42,4.88,19.29,55.90,958.11,266
4/23/2013 15:51:57,4/23/2013,15:51:57,4.51,19.35,56.40,958.13,259
4/23/2013 15:52:12,4/23/2013,15:52:12,3.94,19.35,54.70,958.13,256
4/23/2013 15:52:27,4/23/2013,15:52:27,3.51,19.45,54.70,958.15,255
4/23/2013 15:52:42,4/23/2013,15:52:42,4.20,19.10,54.50,958.13,323
4/23/2013 15:52:57,4/23/2013,15:52:57,5.15,18.82,55.09,958.12,260
4/23/2013 15:53:12,4/23/2013,15:53:12,3.77,19.14,54.79,958.12,260
4/23/2013 15:53:27,4/23/2013,15:53:27,3.30,19.64,56.09,958.12,240
4/23/2013 15:53:42,4/23/2013,15:53:42,3.88,19.54,55.90,958.11,243
4/23/2013 15:53:57,4/23/2013,15:53:57,4.22,19.29,54.40,958.12,276
4/23/2013 15:54:12,4/23/2013,15:54:12,3.36,19.54,55.09,958.13,260
4/23/2013 15:54:27,4/23/2013,15:54:27,3.52,19.70,54.79,958.13,253
4/23/2013 15:54:42,4/23/2013,15:54:42,4.31,19.14,54.40,958.17,261
4/23/2013 15:54:57,4/23/2013,15:54:57,4.17,19.29,55.09,958.17,276
4/23/2013 15:55:12,4/23/2013,15:55:12,4.30,19.29,54.70,958.17,260
4/23/2013 15:55:27,4/23/2013,15:55:27,4.02,19.42,54.90,958.17,276
4/23/2013 15:55:42,4/23/2013,15:55:42,3.06,19.77,55.00,958.16,285
4/23/2013 15:55:57,4/23/2013,15:55:57,3.24,19.70,54.59,958.15,271
4/23/2013 15:56:12,4/23/2013,15:56:12,3.66,19.62,54.40,958.16,287
4/23/2013 15:56:27,4/23/2013,15:56:27,3.44,19.62,54.20,958.15,268
4/23/2013 15:56:42,4/23/2013,15:56:42,3.98,19.70,55.50,958.13,281
4/23/2013 15:56:57,4/23/2013,15:56:57,3.31,19.77,54.59,958.16,285
4/23/2013 15:57:12,4/23/2013,15:57:12,4.29,19.29,53.40,958.15,312
4/23/2013 15:57:27,4/23/2013,15:57:27,4.52,19.14,53.90,958.16,281
4/23/2013 15:57:42,4/23/2013,15:57:42,4.01,19.29,54.29,958.16,278
4/23/2013 15:57:57,4/23/2013,15:57:57,2.67,19.62,54.00,958.16,279
4/23/2013 15:58:12,4/23/2013,15:58:12,2.41,19.85,53.50,958.12,314
4/23/2013 15:58:27,4/23/2013,15:58:27,3.01,19.77,53.29,958.11,283
4/23/2013 15:58:42,4/23/2013,15:58:42,3.51,20.10,54.79,958.08,280
4/23/2013 15:58:57,4/23/2013,15:58:57,3.70,20.12,54.09,958.05,283
4/23/2013 15:59:12,4/23/2013,15:59:12,5.15,19.75,55.09,958.04,246
4/23/2013 15:59:27,4/23/2013,15:59:27,4.60,19.54,54.29,958.08,244
4/23/2013 15:59:42,4/23/2013,15:59:42,3.67,19.70,54.40,958.08,261
4/23/2013 15:59:57,4/23/2013,15:59:57,4.44,19.45,54.29,958.08,256
4/23/2013 16:00:12,4/23/2013,16:00:12,5.13,19.17,54.50,958.08,245
4/23/2013 16:00:27,4/23/2013,16:00:27,5.08,19.42,55.90,958.08,254
4/23/2013 16:00:42,4/23/2013,16:00:42,5.37,19.22,55.40,958.08,250
4/23/2013 16:00:57,4/23/2013,16:00:57,5.20,19.27,55.79,958.10,239
4/23/2013 16:01:12,4/23/2013,16:01:12,4.37,19.37,54.59,958.12,256
4/23/2013 16:01:27,4/23/2013,16:01:27,3.51,19.75,55.50,958.11,238
4/23/2013 16:01:42,4/23/2013,16:01:42,4.16,19.22,53.90,958.09,236
4/23/2013 16:01:57,4/23/2013,16:01:57,3.65,19.62,56.40,958.11,257
4/23/2013 16:02:12,4/23/2013,16:02:12,4.12,19.77,56.29,958.12,245
4/23/2013 16:02:27,4/23/2013,16:02:27,5.15,19.29,54.70,958.09,262
4/23/2013 16:02:42,4/23/2013,16:02:42,7.19,19.22,56.40,958.02,260
4/23/2013 16:02:57,4/23/2013,16:02:57,4.65,19.29,56.50,958.06,240
4/23/2013 16:03:12,4/23/2013,16:03:12,4.22,19.35,55.59,958.11,258
4/23/2013 16:03:27,4/23/2013,16:03:27,4.16,19.37,55.20,958.12,253
4/23/2013 16:03:42,4/23/2013,16:03:42,4.40,19.27,55.00,958.12,252
4/23/2013 16:03:57,4/23/2013,16:03:57,3.87,19.77,57.40,958.13,247
4/23/2013 16:04:12,4/23/2013,16:04:12,4.48,19.22,54.70,958.11,223
4/23/2013 16:04:27,4/23/2013,16:04:27,3.98,19.62,55.50,958.09,253
4/23/2013 16:04:42,4/23/2013,16:04:42,4.63,19.29,54.90,958.10,259
4/23/2013 16:04:57,4/23/2013,16:04:57,4.15,19.37,55.59,958.13,234
4/23/2013 16:05:12,4/23/2013,16:05:12,4.67,19.14,54.90,958.16,242
4/23/2013 16:05:27,4/23/2013,16:05:27,4.58,19.35,55.50,958.12,263
4/23/2013 16:05:42,4/23/2013,16:05:42,4.48,19.29,55.70,958.12,260
4/23/2013 16:05:57,4/23/2013,16:05:57,5.31,19.07,55.40,958.11,249
4/23/2013 16:06:12,4/23/2013,16:06:12,4.56,19.10,55.00,958.15,239
4/23/2013 16:06:27,4/23/2013,16:06:27,4.41,19.22,55.09,958.12,264
4/23/2013 16:06:42,4/23/2013,16:06:42,3.88,19.50,55.70,958.10,265
4/23/2013 16:06:57,4/23/2013,16:06:57,3.88,19.45,55.40,958.10,253
4/23/2013 16:07:12,4/23/2013,16:07:12,3.79,19.37,55.20,958.09,260
4/23/2013 16:07:27,4/23/2013,16:07:27,3.92,19.62,55.20,958.08,268
4/23/2013 16:07:42,4/23/2013,16:07:42,3.52,19.77,55.90,958.08,253
4/23/2013 16:07:57,4/23/2013,16:07:57,3.80,19.50,54.29,958.10,279
4/23/2013 16:08:12,4/23/2013,16:08:12,3.06,19.89,55.29,958.10,231
4/23/2013 16:08:27,4/23/2013,16:08:27,4.62,19.54,55.09,958.05,259
4/23/2013 16:08:42,4/23/2013,16:08:42,4.67,19.35,55.09,958.06,258
4/23/2013 16:08:57,4/23/2013,16:08:57,3.86,19.64,55.90,958.05,211
4/23/2013 16:09:12,4/23/2013,16:09:12,4.20,19.54,55.50,958.05,214
4/23/2013 16:09:27,4/23/2013,16:09:27,4.72,19.29,55.20,958.10,269
4/23/2013 16:09:42,4/23/2013,16:09:42,3.99,19.42,55.09,958.11,263
4/23/2013 16:09:57,4/23/2013,16:09:57,4.09,19.54,55.20,958.10,261
4/23/2013 16:10:12,4/23/2013,16:10:12,4.06,19.54,54.90,958.10,239
4/23/2013 16:10:27,4/23/2013,16:10:27,4.94,19.37,56.29,958.06,245
4/23/2013 16:10:42,4/23/2013,16:10:42,4.76,19.37,56.00,958.09,244
4/23/2013 16:10:57,4/23/2013,16:10:57,3.86,19.42,54.90,958.08,251
4/23/2013 16:11:12,4/23/2013,16:11:12,2.87,19.82,56.29,958.08,214
4/23/2013 16:11:27,4/23/2013,16:11:27,3.36,19.85,55.90,958.03,250
4/23/2013 16:11:42,4/23/2013,16:11:42,2.84,19.92,54.79,958.05,251
4/23/2013 16:11:57,4/23/2013,16:11:57,2.63,19.92,54.59,958.03,247
4/23/2013 16:12:12,4/23/2013,16:12:12,2.56,20.20,55.09,958.03,223
4/23/2013 16:12:27,4/23/2013,16:12:27,4.38,19.62,55.00,958.01,231
4/23/2013 16:12:42,4/23/2013,16:12:42,4.84,19.42,56.20,958.01,231
4/23/2013 16:12:57,4/23/2013,16:12:57,4.33,19.57,56.59,958.01,248
4/23/2013 16:13:12,4/23/2013,16:13:12,4.44,19.62,56.09,958.02,271
4/23/2013 16:13:27,4/23/2013,16:13:27,4.97,19.29,55.40,958.01,271
4/23/2013 16:13:42,4/23/2013,16:13:42,4.55,19.54,55.70,958.02,256
4/23/2013 16:13:57,4/23/2013,16:13:57,5.41,19.27,55.40,958.02,255
4/23/2013 16:14:12,4/23/2013,16:14:12,5.34,19.07,55.40,958.04,259
4/23/2013 16:14:27,4/23/2013,16:14:27,4.66,19.27,55.90,958.04,251
4/23/2013 16:14:42,4/23/2013,16:14:42,4.74,19.22,55.29,958.04,265
4/23/2013 16:14:57,4/23/2013,16:14:57,4.44,19.45,56.09,958.05,258
4/23/2013 16:15:12,4/23/2013,16:15:12,4.47,19.37,55.29,958.05,278
4/23/2013 16:15:27,4/23/2013,16:15:27,3.88,19.70,56.40,958.04,248
4/23/2013 16:15:42,4/23/2013,16:15:42,4.15,19.57,55.90,958.04,241
4/23/2013 16:15:57,4/23/2013,16:15:57,4.23,19.54,56.00,958.03,251
4/23/2013 16:16:12,4/23/2013,16:16:12,5.73,19.37,56.20,957.98,252
4/23/2013 16:16:27,4/23/2013,16:16:27,5.16,19.37,56.20,957.98,251
4/23/2013 16:16:42,4/23/2013,16:16:42,4.04,19.50,55.79,958.01,237
4/23/2013 16:16:57,4/23/2013,16:16:57,4.11,19.45,55.09,958.00,260
4/23/2013 16:17:12,4/23/2013,16:17:12,4.51,19.62,56.90,958.00,249
4/23/2013 16:17:27,4/23/2013,16:17:27,4.27,19.85,57.09,958.00,252
4/23/2013 16:17:42,4/23/2013,16:17:42,5.69,19.17,56.00,957.96,247
4/23/2013 16:17:57,4/23/2013,16:17:57,5.69,19.22,56.29,957.96,261
4/23/2013 16:18:12,4/23/2013,16:18:12,5.70,19.10,56.50,957.97,261
4/23/2013 16:18:27,4/23/2013,16:18:27,4.17,19.75,56.70,958.00,246
4/23/2013 16:18:42,4/23/2013,16:18:42,4.12,19.62,55.50,958.02,257
4/23/2013 16:18:57,4/23/2013,16:18:57,3.58,19.54,54.29,958.03,263
4/23/2013 16:19:12,4/23/2013,16:19:12,3.05,20.02,55.50,958.01,270
4/23/2013 16:19:27,4/23/2013,16:19:27,2.69,20.17,54.20,958.00,302
4/23/2013 16:19:42,4/23/2013,16:19:42,3.94,20.02,55.20,957.97,264
4/23/2013 16:19:57,4/23/2013,16:19:57,3.63,19.92,55.79,957.97,257
4/23/2013 16:20:12,4/23/2013,16:20:12,3.61,19.85,54.79,957.96,279
4/23/2013 16:20:27,4/23/2013,16:20:27,3.80,19.62,54.29,957.95,274
4/23/2013 16:20:42,4/23/2013,16:20:42,3.81,19.77,55.00,957.97,258
4/23/2013 16:20:57,4/23/2013,16:20:57,4.40,19.54,54.70,958.00,267
4/23/2013 16:21:12,4/23/2013,16:21:12,4.83,19.29,54.59,957.98,269
4/23/2013 16:21:27,4/23/2013,16:21:27,4.05,19.29,54.70,958.00,295
4/23/2013 16:21:42,4/23/2013,16:21:42,3.91,19.22,54.40,958.00,275
4/23/2013 16:21:57,4/23/2013,16:21:57,2.83,19.64,54.59,958.00,281
4/23/2013 16:22:12,4/23/2013,16:22:12,3.41,19.45,54.09,957.98,266
4/23/2013 16:22:27,4/23/2013,16:22:27,3.79,19.45,54.50,958.00,265
4/23/2013 16:22:42,4/23/2013,16:22:42,3.67,19.85,55.70,957.97,261
4/23/2013 16:22:57,4/23/2013,16:22:57,4.24,19.50,54.79,957.97,263
4/23/2013 16:23:12,4/23/2013,16:23:12,4.02,19.50,54.79,957.97,257
4/23/2013 16:23:27,4/23/2013,16:23:27,4.20,19.54,55.20,957.97,263
4/23/2013 16:23:42,4/23/2013,16:23:42,4.24,19.29,54.70,957.97,270
4/23/2013 16:23:57,4/23/2013,16:23:57,4.20,19.37,55.90,958.00,258
4/23/2013 16:24:12,4/23/2013,16:24:12,3.63,19.42,54.79,957.98,258
4/23/2013 16:24:27,4/23/2013,16:24:27,2.94,19.82,55.50,957.97,272
4/23/2013 16:24:42,4/23/2013,16:24:42,2.47,20.25,54.70,957.97,254
4/23/2013 16:24:57,4/23/2013,16:24:57,3.34,20.20,55.50,957.93,241
4/23/2013 16:25:12,4/23/2013,16:25:12,3.70,19.70,53.70,957.93,249
4/23/2013 16:25:27,4/23/2013,16:25:27,3.34,19.70,54.20,957.93,271
4/23/2013 16:25:42,4/23/2013,16:25:42,2.92,19.97,54.70,957.94,273
4/23/2013 16:25:57,4/23/2013,16:25:57,3.65,19.70,53.90,957.93,263
4/23/2013 16:26:12,4/23/2013,16:26:12,3.42,20.02,55.90,957.93,231
4/23/2013 16:26:27,4/23/2013,16:26:27,3.63,20.10,55.70,957.93,240
4/23/2013 16:26:42,4/23/2013,16:26:42,5.73,19.37,55.00,957.90,245
4/23/2013 16:26:57,4/23/2013,16:26:57,5.94,19.22,56.00,957.92,244
4/23/2013 16:27:12,4/23/2013,16:27:12,5.65,19.14,55.70,957.93,246
4/23/2013 16:27:27,4/23/2013,16:27:27,3.86,19.82,56.09,957.96,268
4/23/2013 16:27:42,4/23/2013,16:27:42,4.29,19.77,55.79,957.95,256
4/23/2013 16:27:57,4/23/2013,16:27:57,4.77,19.54,55.90,957.95,284
4/23/2013 16:28:12,4/23/2013,16:28:12,5.38,19.50,56.00,957.95,261
4/23/2013 16:28:27,4/23/2013,16:28:27,4.62,19.54,55.90,957.94,244
4/23/2013 16:28:42,4/23/2013,16:28:42,4.58,19.57,57.40,957.96,222
4/23/2013 16:28:57,4/23/2013,16:28:57,5.52,19.29,56.50,957.95,236
4/23/2013 16:29:12,4/23/2013,16:29:12,5.47,19.17,56.79,957.98,231
4/23/2013 16:29:27,4/23/2013,16:29:27,5.92,18.82,56.70,957.97,272
4/23/2013 16:29:42,4/23/2013,16:29:42,4.92,19.07,56.50,958.03,246
4/23/2013 16:29:57,4/23/2013,16:29:57,4.04,19.45,57.00,958.03,243
4/23/2013 16:30:12,4/23/2013,16:30:12,3.77,19.75,58.20,958.03,224
4/23/2013 16:30:27,4/23/2013,16:30:27,4.26,19.62,56.90,958.04,247
4/23/2013 16:30:42,4/23/2013,16:30:42,4.37,19.42,55.59,958.02,255
4/23/2013 16:30:57,4/23/2013,16:30:57,4.23,19.62,55.90,958.02,256
4/23/2013 16:31:12,4/23/2013,16:31:12,3.61,19.62,55.50,958.02,286
4/23/2013 16:31:27,4/23/2013,16:31:27,5.54,19.17,56.40,958.00,233
4/23/2013 16:31:42,4/23/2013,16:31:42,5.06,19.00,56.00,958.01,247
4/23/2013 16:31:57,4/23/2013,16:31:57,5.90,18.89,56.50,958.01,252
4/23/2013 16:32:12,4/23/2013,16:32:12,4.99,18.87,56.29,958.05,254
4/23/2013 16:32:27,4/23/2013,16:32:27,3.83,19.22,56.40,958.06,240
4/23/2013 16:32:42,4/23/2013,16:32:42,4.33,19.35,56.20,958.04,258
4/23/2013 16:32:57,4/23/2013,16:32:57,3.44,19.70,57.20,958.03,263
4/23/2013 16:33:12,4/23/2013,16:33:12,2.99,19.85,56.00,958.04,251
4/23/2013 16:33:27,4/23/2013,16:33:27,2.37,20.25,56.50,958.04,248
4/23/2013 16:33:42,4/23/2013,16:33:42,3.92,19.75,55.29,958.02,253
4/23/2013 16:33:57,4/23/2013,16:33:57,3.31,20.02,55.50,957.98,264
4/23/2013 16:34:12,4/23/2013,16:34:12,3.81,19.85,55.50,957.98,258
4/23/2013 16:34:27,4/23/2013,16:34:27,4.17,19.85,55.70,957.97,265
4/23/2013 16:34:42,4/23/2013,16:34:42,3.73,20.12,56.29,958.00,278
4/23/2013 16:34:57,4/23/2013,16:34:57,3.16,20.17,54.50,958.01,267
4/23/2013 16:35:12,4/23/2013,16:35:12,3.26,20.25,54.29,958.00,268
4/23/2013 16:35:27,4/23/2013,16:35:27,4.24,19.64,54.50,957.98,255
4/23/2013 16:35:42,4/23/2013,16:35:42,3.74,19.89,55.09,958.00,284
4/23/2013 16:35:57,4/23/2013,16:35:57,4.23,19.77,54.70,958.01,263
4/23/2013 16:36:12,4/23/2013,16:36:12,3.62,19.62,54.29,958.02,264
4/23/2013 16:36:27,4/23/2013,16:36:27,3.54,19.85,54.50,958.01,270
4/23/2013 16:36:42,4/23/2013,16:36:42,3.91,19.85,55.09,958.01,270
4/23/2013 16:36:57,4/23/2013,16:36:57,4.92,19.50,55.00,958.00,256
4/23/2013 16:37:12,4/23/2013,16:37:12,4.84,19.45,55.50,958.02,264
4/23/2013 16:37:27,4/23/2013,16:37:27,4.74,19.50,56.09,958.02,253
4/23/2013 16:37:42,4/23/2013,16:37:42,4.97,19.29,55.20,957.98,254
4/23/2013 16:37:57,4/23/2013,16:37:57,4.69,19.37,56.40,958.01,257
4/23/2013 16:38:12,4/23/2013,16:38:12,3.54,19.89,57.20,958.03,256
4/23/2013 16:38:27,4/23/2013,16:38:27,3.92,19.70,55.50,958.01,259
4/23/2013 16:38:42,4/23/2013,16:38:42,3.76,19.89,55.59,958.00,255
4/23/2013 16:38:57,4/23/2013,16:38:57,4.08,19.89,56.29,958.00,230
4/23/2013 16:39:12,4/23/2013,16:39:12,5.51,19.29,55.79,957.97,233
4/23/2013 16:39:27,4/23/2013,16:39:27,5.30,19.37,56.40,958.00,253
4/23/2013 16:39:42,4/23/2013,16:39:42,5.02,19.14,55.29,958.02,254
4/23/2013 16:39:57,4/23/2013,16:39:57,4.09,19.50,55.90,958.05,234
4/23/2013 16:40:12,4/23/2013,16:40:12,4.38,19.50,55.79,958.09,247
4/23/2013 16:40:27,4/23/2013,16:40:27,3.54,19.70,56.20,958.08,238
4/23/2013 16:40:42,4/23/2013,16:40:42,4.40,19.50,55.50,958.03,264
4/23/2013 16:40:57,4/23/2013,16:40:57,3.97,19.77,55.70,958.04,281
4/23/2013 16:41:12,4/23/2013,16:41:12,4.79,19.54,55.90,958.03,265
4/23/2013 16:41:27,4/23/2013,16:41:27,4.04,19.62,55.79,958.08,255
4/23/2013 16:41:42,4/23/2013,16:41:42,3.61,19.85,55.50,958.08,281
4/23/2013 16:41:57,4/23/2013,16:41:57,4.09,19.62,54.79,958.06,286
4/23/2013 16:42:12,4/23/2013,16:42:12,4.33,19.62,54.90,958.10,298
4/23/2013 16:42:27,4/23/2013,16:42:27,4.34,19.57,55.20,958.12,306
4/23/2013 16:42:42,4/23/2013,16:42:42,4.02,19.45,54.59,958.12,270
4/23/2013 16:42:57,4/23/2013,16:42:57,3.54,19.62,54.70,958.12,298
4/23/2013 16:43:12,4/23/2013,16:43:12,3.55,19.62,54.40,958.12,292
4/23/2013 16:43:27,4/23/2013,16:43:27,4.40,19.35,54.59,958.13,257
4/23/2013 16:43:42,4/23/2013,16:43:42,4.42,19.22,54.50,958.12,287
4/23/2013 16:43:57,4/23/2013,16:43:57,3.66,19.62,55.70,958.16,271
4/23/2013 16:44:12,4/23/2013,16:44:12,4.41,19.17,54.40,958.15,273
4/23/2013 16:44:27,4/23/2013,16:44:27,3.69,19.54,55.50,958.15,291
4/23/2013 16:44:42,4/23/2013,16:44:42,2.99,19.57,54.20,958.16,293
4/23/2013 16:44:57,4/23/2013,16:44:57,3.09,19.62,54.79,958.13,286
4/23/2013 16:45:12,4/23/2013,16:45:12,4.37,19.50,54.50,958.11,278
4/23/2013 16:45:27,4/23/2013,16:45:27,4.58,19.29,54.70,958.12,303
4/23/2013 16:45:42,4/23/2013,16:45:42,4.38,19.35,55.40,958.13,311
4/23/2013 16:45:57,4/23/2013,16:45:57,4.40,19.37,55.90,958.11,313
4/23/2013 16:46:12,4/23/2013,16:46:12,4.29,19.37,55.29,958.11,281
4/23/2013 16:46:27,4/23/2013,16:46:27,4.06,19.42,56.00,958.13,274
4/23/2013 16:46:42,4/23/2013,16:46:42,3.95,19.37,55.20,958.15,277
4/23/2013 16:46:57,4/23/2013,16:46:57,3.54,19.42,54.50,958.15,272
4/23/2013 16:47:12,4/23/2013,16:47:12,3.67,19.45,54.90,958.12,289
4/23/2013 16:47:27,4/23/2013,16:47:27,2.59,19.92,54.79,958.12,285
4/23/2013 16:47:42,4/23/2013,16:47:42,3.26,19.45,54.09,958.13,297
4/23/2013 16:47:57,4/23/2013,16:47:57,2.26,19.82,53.70,958.13,264
4/23/2013 16:48:12,4/23/2013,16:48:12,2.38,19.97,53.90,958.13,284
4/23/2013 16:48:27,4/23/2013,16:48:27,2.91,19.82,54.09,958.09,283
4/23/2013 16:48:42,4/23/2013,16:48:42,3.31,19.37,53.70,958.08,278
4/23/2013 16:48:57,4/23/2013,16:48:57,2.11,20.02,53.90,958.06,273
4/23/2013 16:49:12,4/23/2013,16:49:12,2.63,20.02,53.79,958.05,269
4/23/2013 16:49:27,4/23/2013,16:49:27,3.06,19.97,53.40,958.05,271
4/23/2013 16:49:42,4/23/2013,16:49:42,3.23,19.97,53.50,958.02,264
4/23/2013 16:49:57,4/23/2013,16:49:57,3.33,19.92,53.90,958.01,263
4/23/2013 16:50:12,4/23/2013,16:50:12,2.67,20.02,53.79,958.02,264
4/23/2013 16:50:27,4/23/2013,16:50:27,2.76,20.17,53.29,958.00,289
4/23/2013 16:50:42,4/23/2013,16:50:42,3.26,20.10,53.59,958.00,319
4/23/2013 16:50:57,4/23/2013,16:50:57,3.15,20.32,54.50,958.01,289
4/23/2013 16:51:12,4/23/2013,16:51:12,2.36,20.47,54.09,958.00,318
4/23/2013 16:51:27,4/23/2013,16:51:27,1.94,20.45,52.50,958.02,291
4/23/2013 16:51:42,4/23/2013,16:51:42,1.62,20.57,51.79,958.01,278
4/23/2013 16:51:57,4/23/2013,16:51:57,2.16,20.72,52.70,957.98,285
4/23/2013 16:52:12,4/23/2013,16:52:12,3.23,20.20,52.59,957.94,277
4/23/2013 16:52:27,4/23/2013,16:52:27,3.87,20.17,53.40,957.95,303
4/23/2013 16:52:42,4/23/2013,16:52:42,3.19,20.10,53.40,957.95,294
4/23/2013 16:52:57,4/23/2013,16:52:57,2.80,20.47,54.00,957.95,291
4/23/2013 16:53:12,4/23/2013,16:53:12,3.31,20.60,54.70,957.95,254
4/23/2013 16:53:27,4/23/2013,16:53:27,2.77,20.79,54.09,957.95,259
4/23/2013 16:53:42,4/23/2013,16:53:42,2.88,20.67,53.79,957.97,248
4/23/2013 16:53:57,4/23/2013,16:53:57,3.98,20.37,54.79,957.98,269
4/23/2013 16:54:12,4/23/2013,16:54:12,3.54,20.17,53.20,958.00,280
4/23/2013 16:54:27,4/23/2013,16:54:27,2.76,20.47,53.50,958.02,268
4/23/2013 16:54:42,4/23/2013,16:54:42,2.88,20.45,52.70,958.04,280
4/23/2013 16:54:57,4/23/2013,16:54:57,2.91,20.57,52.40,958.04,292
4/23/2013 16:55:12,4/23/2013,16:55:12,2.92,20.57,52.90,958.04,285
4/23/2013 16:55:27,4/23/2013,16:55:27,3.63,20.02,52.20,958.04,280
4/23/2013 16:55:42,4/23/2013,16:55:42,4.47,19.77,53.09,958.05,315
4/23/2013 16:55:57,4/23/2013,16:55:57,3.74,20.02,53.59,958.04,288
4/23/2013 16:56:12,4/23/2013,16:56:12,4.12,19.77,53.40,958.06,281
4/23/2013 16:56:27,4/23/2013,16:56:27,3.48,20.10,54.09,958.08,280
4/23/2013 16:56:42,4/23/2013,16:56:42,4.13,19.64,53.59,958.06,268
4/23/2013 16:56:57,4/23/2013,16:56:57,3.40,19.70,53.59,958.04,275
4/23/2013 16:57:12,4/23/2013,16:57:12,2.77,20.10,54.09,958.08,299
4/23/2013 16:57:27,4/23/2013,16:57:27,3.48,19.77,54.09,958.06,286
4/23/2013 16:57:42,4/23/2013,16:57:42,4.56,19.64,54.09,958.03,275
4/23/2013 16:57:57,4/23/2013,16:57:57,5.06,19.45,54.29,958.03,297
4/23/2013 16:58:12,4/23/2013,16:58:12,4.74,19.27,54.09,958.08,264
4/23/2013 16:58:27,4/23/2013,16:58:27,4.13,19.54,55.09,958.09,305
4/23/2013 16:58:42,4/23/2013,16:58:42,4.92,19.29,55.00,958.10,275
4/23/2013 16:58:57,4/23/2013,16:58:57,4.04,19.35,54.90,958.08,279
4/23/2013 16:59:12,4/23/2013,16:59:12,3.92,19.54,55.29,958.06,279
4/23/2013 16:59:27,4/23/2013,16:59:27,4.13,19.45,55.70,958.06,285
4/23/2013 16:59:42,4/23/2013,16:59:42,3.95,19.45,55.29,958.05,283
4/23/2013 16:59:57,4/23/2013,16:59:57,4.41,19.29,54.70,958.05,277
4/23/2013 17:00:12,4/23/2013,17:00:12,4.13,19.22,55.00,958.05,278
4/23/2013 17:00:27,4/23/2013,17:00:27,4.47,19.02,54.90,958.05,260
4/23/2013 17:00:42,4/23/2013,17:00:42,4.09,19.07,55.20,958.06,271
4/23/2013 17:00:57,4/23/2013,17:00:57,3.45,19.42,55.50,958.04,241
4/23/2013 17:01:12,4/23/2013,17:01:12,2.80,19.64,55.09,958.05,261
4/23/2013 17:01:27,4/23/2013,17:01:27,2.24,19.85,53.79,958.02,266
4/23/2013 17:01:42,4/23/2013,17:01:42,2.38,19.85,54.29,958.01,264
4/23/2013 17:01:57,4/23/2013,17:01:57,2.83,19.82,54.20,957.97,273
4/23/2013 17:02:12,4/23/2013,17:02:12,2.13,20.17,54.29,958.02,252
4/23/2013 17:02:27,4/23/2013,17:02:27,2.54,20.32,54.90,958.01,236
4/23/2013 17:02:42,4/23/2013,17:02:42,4.20,19.62,53.29,958.00,297
4/23/2013 17:02:57,4/23/2013,17:02:57,2.63,19.92,53.20,958.00,280
4/23/2013 17:03:12,4/23/2013,17:03:12,4.29,19.54,53.50,957.98,258
4/23/2013 17:03:27,4/23/2013,17:03:27,3.76,19.54,53.90,958.02,265
4/23/2013 17:03:42,4/23/2013,17:03:42,3.12,19.77,53.90,958.00,270
4/23/2013 17:03:57,4/23/2013,17:03:57,3.74,19.82,55.09,957.98,265
4/23/2013 17:04:12,4/23/2013,17:04:12,3.22,19.77,53.90,957.97,269
4/23/2013 17:04:27,4/23/2013,17:04:27,4.19,19.57,53.90,958.00,269
4/23/2013 17:04:42,4/23/2013,17:04:42,2.63,19.92,54.20,958.01,266
4/23/2013 17:04:57,4/23/2013,17:04:57,2.51,20.29,53.70,958.03,255
4/23/2013 17:05:12,4/23/2013,17:05:12,4.48,19.45,54.20,958.02,281
4/23/2013 17:05:27,4/23/2013,17:05:27,4.40,19.37,54.59,958.02,274
4/23/2013 17:05:42,4/23/2013,17:05:42,3.70,19.70,55.29,958.04,284
4/23/2013 17:05:57,4/23/2013,17:05:57,3.58,19.92,55.09,958.05,250
4/23/2013 17:06:12,4/23/2013,17:06:12,3.69,19.82,54.50,958.04,279
4/23/2013 17:06:27,4/23/2013,17:06:27,4.26,19.70,55.00,958.05,282
4/23/2013 17:06:42,4/23/2013,17:06:42,4.12,19.50,54.50,958.06,278
4/23/2013 17:06:57,4/23/2013,17:06:57,4.45,19.37,54.79,958.08,267
4/23/2013 17:07:12,4/23/2013,17:07:12,3.27,19.57,54.70,958.11,299
4/23/2013 17:07:27,4/23/2013,17:07:27,2.40,20.10,54.29,958.11,264
4/23/2013 17:07:42,4/23/2013,17:07:42,3.86,19.85,54.50,958.08,270
4/23/2013 17:07:57,4/23/2013,17:07:57,4.11,19.54,54.20,958.08,268
4/23/2013 17:08:12,4/23/2013,17:08:12,4.09,19.57,54.50,958.08,291
4/23/2013 17:08:27,4/23/2013,17:08:27,2.94,19.92,54.40,958.09,274
4/23/2013 17:08:42,4/23/2013,17:08:42,2.98,20.02,54.20,958.08,274
4/23/2013 17:08:57,4/23/2013,17:08:57,3.86,19.64,54.09,958.08,274
4/23/2013 17:09:12,4/23/2013,17:09:12,4.24,19.62,54.50,958.09,276
4/23/2013 17:09:27,4/23/2013,17:09:27,3.92,19.62,54.50,958.09,270
4/23/2013 17:09:42,4/23/2013,17:09:42,3.84,19.62,54.40,958.10,263
4/23/2013 17:09:57,4/23/2013,17:09:57,4.02,19.62,54.20,958.10,268
4/23/2013 17:10:12,4/23/2013,17:10:12,3.76,19.54,54.29,958.13,273
4/23/2013 17:10:27,4/23/2013,17:10:27,3.99,19.27,53.59,958.15,278
4/23/2013 17:10:42,4/23/2013,17:10:42,2.92,19.77,54.09,958.12,290
4/23/2013 17:10:57,4/23/2013,17:10:57,2.15,20.39,54.40,958.12,243
4/23/2013 17:11:12,4/23/2013,17:11:12,2.91,20.17,53.90,958.13,250
4/23/2013 17:11:27,4/23/2013,17:11:27,3.49,19.75,53.00,958.13,268
4/23/2013 17:11:42,4/23/2013,17:11:42,2.86,20.02,53.79,958.18,248
4/23/2013 17:11:57,4/23/2013,17:11:57,2.56,20.17,53.29,958.17,255
4/23/2013 17:12:12,4/23/2013,17:12:12,3.33,20.10,54.40,958.19,252
4/23/2013 17:12:27,4/23/2013,17:12:27,3.49,19.97,53.40,958.13,285
4/23/2013 17:12:42,4/23/2013,17:12:42,3.15,20.25,54.50,958.17,263
4/23/2013 17:12:57,4/23/2013,17:12:57,4.58,19.85,53.70,958.16,251
4/23/2013 17:13:12,4/23/2013,17:13:12,5.26,19.35,53.90,958.13,272
4/23/2013 17:13:27,4/23/2013,17:13:27,5.16,19.37,54.50,958.13,281
4/23/2013 17:13:42,4/23/2013,17:13:42,4.51,19.42,54.50,958.12,279
4/23/2013 17:13:57,4/23/2013,17:13:57,3.91,19.54,54.40,958.12,268
4/23/2013 17:14:12,4/23/2013,17:14:12,3.17,19.75,54.40,958.11,292
4/23/2013 17:14:27,4/23/2013,17:14:27,3.41,19.54,53.79,958.11,289
4/23/2013 17:14:42,4/23/2013,17:14:42,3.63,19.57,53.90,958.11,280
4/23/2013 17:14:57,4/23/2013,17:14:57,4.23,19.27,54.00,958.11,284
4/23/2013 17:15:12,4/23/2013,17:15:12,4.06,19.45,54.50,958.10,271
4/23/2013 17:15:27,4/23/2013,17:15:27,3.99,19.45,54.29,958.09,271
4/23/2013 17:15:42,4/23/2013,17:15:42,3.44,19.89,54.59,958.08,298
4/23/2013 17:15:57,4/23/2013,17:15:57,3.41,19.62,54.09,958.08,288
4/23/2013 17:16:12,4/23/2013,17:16:12,4.42,19.35,54.20,958.10,266
4/23/2013 17:16:27,4/23/2013,17:16:27,4.94,19.22,55.59,958.11,269
4/23/2013 17:16:42,4/23/2013,17:16:42,3.38,19.50,54.79,958.10,267
4/23/2013 17:16:57,4/23/2013,17:16:57,3.04,19.70,55.40,958.16,252
4/23/2013 17:17:12,4/23/2013,17:17:12,2.97,19.77,55.09,958.18,269
4/23/2013 17:17:27,4/23/2013,17:17:27,4.31,19.22,54.70,958.11,275
4/23/2013 17:17:42,4/23/2013,17:17:42,4.97,19.07,55.40,958.13,251
4/23/2013 17:17:57,4/23/2013,17:17:57,3.30,19.70,56.29,958.18,266
4/23/2013 17:18:12,4/23/2013,17:18:12,2.61,19.92,55.29,958.17,254
4/23/2013 17:18:27,4/23/2013,17:18:27,2.38,20.04,54.20,958.11,270
4/23/2013 17:18:42,4/23/2013,17:18:42,2.70,20.02,54.79,958.10,251
4/23/2013 17:18:57,4/23/2013,17:18:57,2.40,20.02,54.70,958.21,252
4/23/2013 17:19:12,4/23/2013,17:19:12,2.36,20.29,55.50,958.18,239
4/23/2013 17:19:27,4/23/2013,17:19:27,2.11,20.47,55.20,958.16,239
4/23/2013 17:19:42,4/23/2013,17:19:42,2.65,20.32,54.20,958.11,278
4/23/2013 17:19:57,4/23/2013,17:19:57,2.62,20.29,54.50,958.05,239
4/23/2013 17:20:12,4/23/2013,17:20:12,2.66,20.10,54.20,958.15,251
4/23/2013 17:20:27,4/23/2013,17:20:27,2.36,20.29,54.59,958.13,256
4/23/2013 17:20:42,4/23/2013,17:20:42,3.11,20.02,53.90,958.04,265
4/23/2013 17:20:57,4/23/2013,17:20:57,2.90,19.97,54.00,958.01,263
4/23/2013 17:21:12,4/23/2013,17:21:12,3.20,19.89,53.50,957.97,277
4/23/2013 17:21:27,4/23/2013,17:21:27,3.08,20.02,54.40,957.96,291
4/23/2013 17:21:42,4/23/2013,17:21:42,3.38,19.89,53.79,957.95,299
4/23/2013 17:21:57,4/23/2013,17:21:57,2.23,20.32,53.29,957.97,262
4/23/2013 17:22:12,4/23/2013,17:22:12,3.13,19.92,53.20,957.96,266
4/23/2013 17:22:27,4/23/2013,17:22:27,2.30,20.39,53.79,958.06,243
4/23/2013 17:22:42,4/23/2013,17:22:42,2.45,20.47,53.79,958.04,248
4/23/2013 17:22:57,4/23/2013,17:22:57,3.33,19.97,53.00,958.00,270
4/23/2013 17:23:12,4/23/2013,17:23:12,2.86,19.92,53.29,958.08,250
4/23/2013 17:23:27,4/23/2013,17:23:27,2.69,20.25,53.79,958.04,274
4/23/2013 17:23:42,4/23/2013,17:23:42,2.92,20.20,53.59,958.10,250
4/23/2013 17:23:57,4/23/2013,17:23:57,3.17,19.85,53.20,958.06,273
4/23/2013 17:24:12,4/23/2013,17:24:12,3.02,19.97,53.79,958.05,255
4/23/2013 17:24:27,4/23/2013,17:24:27,2.38,20.32,53.40,958.04,263
4/23/2013 17:24:42,4/23/2013,17:24:42,2.90,20.10,53.20,957.98,275
4/23/2013 17:24:57,4/23/2013,17:24:57,3.09,20.02,54.00,957.97,268
4/23/2013 17:25:12,4/23/2013,17:25:12,2.04,20.47,53.29,957.98,263
4/23/2013 17:25:27,4/23/2013,17:25:27,3.19,20.02,52.40,957.96,282
4/23/2013 17:25:42,4/23/2013,17:25:42,4.11,19.77,53.50,957.98,272
4/23/2013 17:25:57,4/23/2013,17:25:57,3.84,19.97,53.90,958.00,287
4/23/2013 17:26:12,4/23/2013,17:26:12,3.38,20.02,53.29,957.96,291
4/23/2013 17:26:27,4/23/2013,17:26:27,2.24,20.25,52.70,958.01,292
4/23/2013 17:26:42,4/23/2013,17:26:42,2.20,20.32,52.70,958.01,302
4/23/2013 17:26:57,4/23/2013,17:26:57,2.40,20.39,53.20,958.03,288
4/23/2013 17:27:12,4/23/2013,17:27:12,4.02,19.85,53.00,958.01,302
4/23/2013 17:27:27,4/23/2013,17:27:27,3.73,19.85,54.29,958.04,265
4/23/2013 17:27:42,4/23/2013,17:27:42,4.01,19.75,53.40,958.05,248
4/23/2013 17:27:57,4/23/2013,17:27:57,4.98,19.54,54.09,958.04,278
4/23/2013 17:28:12,4/23/2013,17:28:12,3.77,19.77,54.09,958.05,278
4/23/2013 17:28:27,4/23/2013,17:28:27,4.41,19.54,53.90,958.06,283
4/23/2013 17:28:42,4/23/2013,17:28:42,4.17,19.62,54.09,958.08,271
4/23/2013 17:28:57,4/23/2013,17:28:57,4.81,19.42,54.20,958.10,282
4/23/2013 17:29:12,4/23/2013,17:29:12,4.04,19.37,54.09,958.11,276
4/23/2013 17:29:27,4/23/2013,17:29:27,4.52,19.29,54.50,958.12,283
4/23/2013 17:29:42,4/23/2013,17:29:42,5.16,19.14,55.20,958.13,276
4/23/2013 17:29:57,4/23/2013,17:29:57,4.83,19.27,55.20,958.12,269
4/23/2013 17:30:12,4/23/2013,17:30:12,5.06,19.10,55.40,958.15,248
4/23/2013 17:30:27,4/23/2013,17:30:27,4.41,19.29,55.20,958.17,272
4/23/2013 17:30:42,4/23/2013,17:30:42,5.08,18.95,54.50,958.17,272
4/23/2013 17:30:57,4/23/2013,17:30:57,5.13,18.89,54.90,958.16,282
4/23/2013 17:31:12,4/23/2013,17:31:12,4.45,19.00,55.29,958.19,266
4/23/2013 17:31:27,4/23/2013,17:31:27,3.81,19.17,55.20,958.18,287
4/23/2013 17:31:42,4/23/2013,17:31:42,3.23,19.45,55.59,958.21,279
4/23/2013 17:31:57,4/23/2013,17:31:57,3.74,19.29,54.90,958.19,292
4/23/2013 17:32:12,4/23/2013,17:32:12,2.56,19.75,55.09,958.19,271
4/23/2013 17:32:27,4/23/2013,17:32:27,2.95,19.62,54.20,958.18,266
4/23/2013 17:32:42,4/23/2013,17:32:42,3.81,19.35,54.70,958.17,265
4/23/2013 17:32:57,4/23/2013,17:32:57,3.49,19.45,54.70,958.16,273
4/23/2013 17:33:12,4/23/2013,17:33:12,3.69,19.35,54.09,958.16,293
4/23/2013 17:33:27,4/23/2013,17:33:27,2.92,19.54,54.50,958.16,268
4/23/2013 17:33:42,4/23/2013,17:33:42,3.37,19.37,53.79,958.17,272
4/23/2013 17:33:57,4/23/2013,17:33:57,4.69,19.07,54.90,958.17,276
4/23/2013 17:34:12,4/23/2013,17:34:12,4.15,19.22,55.00,958.16,274
4/23/2013 17:34:27,4/23/2013,17:34:27,5.06,18.87,55.09,958.16,286
4/23/2013 17:34:42,4/23/2013,17:34:42,5.63,18.67,55.79,958.17,258
4/23/2013 17:34:57,4/23/2013,17:34:57,5.19,18.82,56.50,958.25,268
4/23/2013 17:35:12,4/23/2013,17:35:12,3.87,19.14,56.09,958.26,268
4/23/2013 17:35:27,4/23/2013,17:35:27,3.97,19.07,55.09,958.25,271
4/23/2013 17:35:42,4/23/2013,17:35:42,4.88,18.87,55.70,958.25,259
4/23/2013 17:35:57,4/23/2013,17:35:57,5.16,18.62,55.79,958.26,254
4/23/2013 17:36:12,4/23/2013,17:36:12,4.12,18.82,55.90,958.25,270
4/23/2013 17:36:27,4/23/2013,17:36:27,3.59,18.82,55.29,958.29,250
4/23/2013 17:36:42,4/23/2013,17:36:42,4.47,18.72,55.40,958.27,289
4/23/2013 17:36:57,4/23/2013,17:36:57,3.99,18.87,55.79,958.26,287
4/23/2013 17:37:12,4/23/2013,17:37:12,4.01,18.89,55.09,958.26,284
4/23/2013 17:37:27,4/23/2013,17:37:27,3.81,19.02,56.00,958.27,277
4/23/2013 17:37:42,4/23/2013,17:37:42,3.83,19.00,55.20,958.25,278
4/23/2013 17:37:57,4/23/2013,17:37:57,3.19,19.14,54.79,958.23,278
4/23/2013 17:38:12,4/23/2013,17:38:12,2.40,19.77,56.29,958.28,275
4/23/2013 17:38:27,4/23/2013,17:38:27,2.99,19.57,54.79,958.26,269
4/23/2013 17:38:42,4/23/2013,17:38:42,2.92,19.70,54.79,958.26,292
4/23/2013 17:38:57,4/23/2013,17:38:57,3.70,19.14,54.29,958.20,279
4/23/2013 17:39:12,4/23/2013,17:39:12,2.77,19.45,54.50,958.21,298
4/23/2013 17:39:27,4/23/2013,17:39:27,2.70,19.75,55.09,958.20,281
4/23/2013 17:39:42,4/23/2013,17:39:42,2.51,20.02,54.40,958.20,298
4/23/2013 17:39:57,4/23/2013,17:39:57,3.16,19.62,54.40,958.21,264
4/23/2013 17:40:12,4/23/2013,17:40:12,3.30,19.54,54.70,958.25,264
4/23/2013 17:40:27,4/23/2013,17:40:27,3.67,19.37,54.40,958.21,258
4/23/2013 17:40:42,4/23/2013,17:40:42,3.23,19.37,54.00,958.21,280
4/23/2013 17:40:57,4/23/2013,17:40:57,2.77,19.62,54.00,958.24,287
4/23/2013 17:41:12,4/23/2013,17:41:12,3.33,19.37,54.40,958.25,282
4/23/2013 17:41:27,4/23/2013,17:41:27,3.15,19.42,54.09,958.20,291
4/23/2013 17:41:42,4/23/2013,17:41:42,1.95,20.02,53.79,958.23,276
4/23/2013 17:41:57,4/23/2013,17:41:57,2.15,20.12,53.70,958.23,254
4/23/2013 17:42:12,4/23/2013,17:42:12,2.54,19.92,53.29,958.21,284
4/23/2013 17:42:27,4/23/2013,17:42:27,3.42,19.64,53.50,958.24,275
4/23/2013 17:42:42,4/23/2013,17:42:42,3.65,19.45,53.79,958.24,275
4/23/2013 17:42:57,4/23/2013,17:42:57,3.33,19.54,53.70,958.24,279
4/23/2013 17:43:12,4/23/2013,17:43:12,3.86,19.35,54.40,958.24,290
4/23/2013 17:43:27,4/23/2013,17:43:27,2.61,19.82,54.29,958.25,289
4/23/2013 17:43:42,4/23/2013,17:43:42,2.77,19.82,53.79,958.26,291
4/23/2013 17:43:57,4/23/2013,17:43:57,3.76,19.57,54.29,958.29,270
4/23/2013 17:44:12,4/23/2013,17:44:12,3.86,19.29,54.00,958.27,275
4/23/2013 17:44:27,4/23/2013,17:44:27,3.33,19.37,54.00,958.29,255
4/23/2013 17:44:42,4/23/2013,17:44:42,2.91,19.50,53.50,958.32,267
4/23/2013 17:44:57,4/23/2013,17:44:57,2.12,20.02,53.50,958.29,287
4/23/2013 17:45:12,4/23/2013,17:45:12,2.66,19.70,53.20,958.26,284
4/23/2013 17:45:27,4/23/2013,17:45:27,3.37,19.50,53.90,958.26,273
4/23/2013 17:45:42,4/23/2013,17:45:42,2.86,19.62,54.20,958.26,276
4/23/2013 17:45:57,4/23/2013,17:45:57,3.67,19.54,54.29,958.25,280
4/23/2013 17:46:12,4/23/2013,17:46:12,3.97,19.37,54.50,958.27,263
4/23/2013 17:46:27,4/23/2013,17:46:27,4.52,19.29,55.40,958.32,275
4/23/2013 17:46:42,4/23/2013,17:46:42,4.52,19.10,55.09,958.34,269
4/23/2013 17:46:57,4/23/2013,17:46:57,3.26,19.42,55.00,958.31,291
4/23/2013 17:47:12,4/23/2013,17:47:12,3.92,19.22,54.90,958.32,284
4/23/2013 17:47:27,4/23/2013,17:47:27,3.31,19.45,55.59,958.32,283
4/23/2013 17:47:42,4/23/2013,17:47:42,3.31,19.42,54.90,958.29,287
4/23/2013 17:47:57,4/23/2013,17:47:57,2.38,19.70,54.50,958.32,281
4/23/2013 17:48:12,4/23/2013,17:48:12,2.40,19.57,53.70,958.32,289
4/23/2013 17:48:27,4/23/2013,17:48:27,2.12,19.92,55.00,958.33,295
4/23/2013 17:48:42,4/23/2013,17:48:42,1.74,20.25,54.40,958.32,273
4/23/2013 17:48:57,4/23/2013,17:48:57,3.24,19.70,53.70,958.32,262
4/23/2013 17:49:12,4/23/2013,17:49:12,3.30,19.75,54.40,958.34,278
4/23/2013 17:49:27,4/23/2013,17:49:27,3.30,19.70,54.20,958.29,276
4/23/2013 17:49:42,4/23/2013,17:49:42,4.62,19.22,54.90,958.32,282
4/23/2013 17:49:57,4/23/2013,17:49:57,3.67,19.62,55.09,958.35,257
4/23/2013 17:50:12,4/23/2013,17:50:12,2.54,19.92,54.90,958.38,264
4/23/2013 17:50:27,4/23/2013,17:50:27,3.90,19.35,54.59,958.36,274
4/23/2013 17:50:42,4/23/2013,17:50:42,3.29,19.62,54.70,958.35,280
4/23/2013 17:50:57,4/23/2013,17:50:57,3.83,19.22,54.70,958.39,259
4/23/2013 17:51:12,4/23/2013,17:51:12,4.36,19.00,55.40,958.41,276
4/23/2013 17:51:27,4/23/2013,17:51:27,3.23,19.14,55.70,958.41,284
4/23/2013 17:51:42,4/23/2013,17:51:42,3.09,19.27,55.29,958.44,283
4/23/2013 17:51:57,4/23/2013,17:51:57,2.70,19.42,55.40,958.46,293
4/23/2013 17:52:12,4/23/2013,17:52:12,3.44,19.00,55.20,958.46,279
4/23/2013 17:52:27,4/23/2013,17:52:27,2.55,19.29,55.00,958.46,280
4/23/2013 17:52:42,4/23/2013,17:52:42,3.15,19.02,55.59,958.46,326
4/23/2013 17:52:57,4/23/2013,17:52:57,2.94,19.14,56.50,958.49,333
4/23/2013 17:53:12,4/23/2013,17:53:12,2.44,19.37,55.40,958.51,297
4/23/2013 17:53:27,4/23/2013,17:53:27,2.83,19.07,55.20,958.50,291
4/23/2013 17:53:42,4/23/2013,17:53:42,2.67,19.29,55.79,958.50,276
4/23/2013 17:53:57,4/23/2013,17:53:57,3.15,19.14,55.40,958.50,299
4/23/2013 17:54:12,4/23/2013,17:54:12,3.13,19.02,55.79,958.50,300
4/23/2013 17:54:27,4/23/2013,17:54:27,3.36,18.82,55.59,958.50,295
4/23/2013 17:54:42,4/23/2013,17:54:42,2.66,19.00,55.50,958.51,339
4/23/2013 17:54:57,4/23/2013,17:54:57,2.12,19.22,55.29,958.54,326
4/23/2013 17:55:12,4/23/2013,17:55:12,2.40,19.22,55.29,958.55,284
4/23/2013 17:55:27,4/23/2013,17:55:27,1.65,19.75,55.50,958.55,269
4/23/2013 17:55:42,4/23/2013,17:55:42,1.79,19.64,55.40,958.55,351
4/23/2013 17:55:57,4/23/2013,17:55:57,0.90,20.17,54.29,958.58,314
4/23/2013 17:56:12,4/23/2013,17:56:12,3.26,19.02,54.40,958.55,330
4/23/2013 17:56:27,4/23/2013,17:56:27,4.30,18.67,56.40,958.52,348
4/23/2013 17:56:42,4/23/2013,17:56:42,3.90,18.75,57.59,958.52,290
4/23/2013 17:56:57,4/23/2013,17:56:57,2.61,19.10,56.59,958.57,278
4/23/2013 17:57:12,4/23/2013,17:57:12,2.36,19.27,55.09,958.59,273
4/23/2013 17:57:27,4/23/2013,17:57:27,3.37,19.10,55.90,958.58,266
4/23/2013 17:57:42,4/23/2013,17:57:42,2.84,19.14,55.29,958.56,295
4/23/2013 17:57:57,4/23/2013,17:57:57,4.05,18.62,55.59,958.58,298
4/23/2013 17:58:12,4/23/2013,17:58:12,3.73,18.72,56.20,958.58,284
4/23/2013 17:58:27,4/23/2013,17:58:27,3.76,18.60,56.70,958.58,309
4/23/2013 17:58:42,4/23/2013,17:58:42,3.17,18.67,55.90,958.59,308
4/23/2013 17:58:57,4/23/2013,17:58:57,2.84,18.79,55.70,958.59,289
4/23/2013 17:59:12,4/23/2013,17:59:12,2.40,19.07,55.70,958.59,290
4/23/2013 17:59:27,4/23/2013,17:59:27,3.22,18.82,55.79,958.57,291
4/23/2013 17:59:42,4/23/2013,17:59:42,2.33,19.17,56.00,958.59,313
4/23/2013 17:59:57,4/23/2013,17:59:57,2.48,19.07,56.09,958.59,278
4/23/2013 18:00:12,4/23/2013,18:00:12,2.97,19.14,55.20,958.60,282
4/23/2013 18:00:27,4/23/2013,18:00:27,3.06,19.07,55.40,958.60,266
4/23/2013 18:00:42,4/23/2013,18:00:42,2.48,19.14,54.70,958.59,248
4/23/2013 18:00:57,4/23/2013,18:00:57,3.08,19.00,55.29,958.59,286
4/23/2013 18:01:12,4/23/2013,18:01:12,4.55,18.54,56.20,958.60,298
4/23/2013 18:01:27,4/23/2013,18:01:27,3.90,18.54,57.09,958.63,278
4/23/2013 18:01:42,4/23/2013,18:01:42,2.69,18.89,55.70,958.64,290
4/23/2013 18:01:57,4/23/2013,18:01:57,2.88,18.82,55.90,958.63,297
4/23/2013 18:02:12,4/23/2013,18:02:12,3.09,18.75,56.20,958.60,281
4/23/2013 18:02:27,4/23/2013,18:02:27,2.49,19.00,55.90,958.62,272
4/23/2013 18:02:42,4/23/2013,18:02:42,3.11,18.87,56.50,958.60,266
4/23/2013 18:02:57,4/23/2013,18:02:57,2.92,18.87,56.20,958.60,298
4/23/2013 18:03:12,4/23/2013,18:03:12,3.37,18.67,55.90,958.60,275
4/23/2013 18:03:27,4/23/2013,18:03:27,2.67,18.87,56.09,958.65,265
4/23/2013 18:03:42,4/23/2013,18:03:42,3.30,18.60,56.20,958.63,281
4/23/2013 18:03:57,4/23/2013,18:03:57,3.11,18.67,56.09,958.65,267
4/23/2013 18:04:12,4/23/2013,18:04:12,3.73,18.52,56.09,958.65,283
4/23/2013 18:04:27,4/23/2013,18:04:27,3.83,18.45,56.29,958.67,272
4/23/2013 18:04:42,4/23/2013,18:04:42,3.42,18.60,56.90,958.70,270
4/23/2013 18:04:57,4/23/2013,18:04:57,3.36,18.60,56.59,958.66,289
4/23/2013 18:05:12,4/23/2013,18:05:12,3.44,18.54,56.40,958.69,280
4/23/2013 18:05:27,4/23/2013,18:05:27,4.67,18.25,57.29,958.70,290
4/23/2013 18:05:42,4/23/2013,18:05:42,3.66,18.23,57.40,958.70,281
4/23/2013 18:05:57,4/23/2013,18:05:57,4.45,18.20,57.40,958.70,281
4/23/2013 18:06:12,4/23/2013,18:06:12,3.86,18.27,57.29,958.71,270
4/23/2013 18:06:27,4/23/2013,18:06:27,2.72,18.60,57.09,958.71,276
4/23/2013 18:06:42,4/23/2013,18:06:42,2.83,18.52,56.59,958.71,329
4/23/2013 18:06:57,4/23/2013,18:06:57,3.29,18.20,57.20,958.72,331
4/23/2013 18:07:12,4/23/2013,18:07:12,2.66,18.54,57.50,958.73,303
4/23/2013 18:07:27,4/23/2013,18:07:27,2.95,18.52,56.79,958.72,303
4/23/2013 18:07:42,4/23/2013,18:07:42,3.27,18.35,56.59,958.72,262
4/23/2013 18:07:57,4/23/2013,18:07:57,3.74,18.35,57.29,958.70,266
4/23/2013 18:08:12,4/23/2013,18:08:12,3.52,18.39,57.50,958.70,270
4/23/2013 18:08:27,4/23/2013,18:08:27,3.24,18.47,57.00,958.70,275
4/23/2013 18:08:42,4/23/2013,18:08:42,2.88,18.72,57.29,958.70,276
4/23/2013 18:08:57,4/23/2013,18:08:57,3.34,18.45,57.20,958.67,295
4/23/2013 18:09:12,4/23/2013,18:09:12,3.98,18.25,57.79,958.66,283
4/23/2013 18:09:27,4/23/2013,18:09:27,4.01,18.20,57.20,958.67,274
4/23/2013 18:09:42,4/23/2013,18:09:42,3.76,18.12,57.50,958.69,294
4/23/2013 18:09:57,4/23/2013,18:09:57,2.40,18.75,57.59,958.70,286
4/23/2013 18:10:12,4/23/2013,18:10:12,3.42,18.45,56.59,958.67,271
4/23/2013 18:10:27,4/23/2013,18:10:27,4.11,18.25,57.50,958.67,272
4/23/2013 18:10:42,4/23/2013,18:10:42,3.70,18.27,57.29,958.66,270
4/23/2013 18:10:57,4/23/2013,18:10:57,4.51,18.04,58.00,958.70,281
4/23/2013 18:11:12,4/23/2013,18:11:12,4.76,17.87,57.79,958.70,273
4/23/2013 18:11:27,4/23/2013,18:11:27,4.37,17.92,58.29,958.73,270
4/23/2013 18:11:42,4/23/2013,18:11:42,3.47,18.27,58.40,958.74,284
4/23/2013 18:11:57,4/23/2013,18:11:57,2.51,18.62,57.79,958.74,302
4/23/2013 18:12:12,4/23/2013,18:12:12,3.81,18.07,56.70,958.75,273
4/23/2013 18:12:27,4/23/2013,18:12:27,2.59,18.52,57.50,958.73,310
4/23/2013 18:12:42,4/23/2013,18:12:42,2.95,18.45,56.70,958.72,265
4/23/2013 18:12:57,4/23/2013,18:12:57,3.56,18.27,57.50,958.67,284
4/23/2013 18:13:12,4/23/2013,18:13:12,3.58,18.25,57.40,958.70,281
4/23/2013 18:13:27,4/23/2013,18:13:27,3.47,18.20,57.40,958.71,279
4/23/2013 18:13:42,4/23/2013,18:13:42,2.56,18.52,57.59,958.73,289
4/23/2013 18:13:57,4/23/2013,18:13:57,2.66,18.52,57.09,958.74,269
4/23/2013 18:14:12,4/23/2013,18:14:12,3.05,18.27,57.79,958.78,295
4/23/2013 18:14:27,4/23/2013,18:14:27,3.22,18.27,57.50,958.74,310
4/23/2013 18:14:42,4/23/2013,18:14:42,3.01,18.27,57.50,958.74,277
4/23/2013 18:14:57,4/23/2013,18:14:57,3.55,18.12,57.20,958.77,269
4/23/2013 18:15:12,4/23/2013,18:15:12,3.80,18.04,58.09,958.77,290
4/23/2013 18:15:27,4/23/2013,18:15:27,3.30,18.07,58.00,958.75,288
4/23/2013 18:15:42,4/23/2013,18:15:42,3.13,18.12,57.70,958.74,268
4/23/2013 18:15:57,4/23/2013,18:15:57,3.66,17.97,58.09,958.75,280
4/23/2013 18:16:12,4/23/2013,18:16:12,4.08,17.64,58.29,958.77,274
4/23/2013 18:16:27,4/23/2013,18:16:27,3.86,17.64,58.40,958.78,270
4/23/2013 18:16:42,4/23/2013,18:16:42,3.74,17.64,58.90,958.82,290
4/23/2013 18:16:57,4/23/2013,18:16:57,4.55,17.42,59.00,958.82,278
4/23/2013 18:17:12,4/23/2013,18:17:12,3.76,17.60,59.40,958.80,262
4/23/2013 18:17:27,4/23/2013,18:17:27,2.29,18.00,59.20,958.83,267
4/23/2013 18:17:57,4/23/2013,18:17:57,3.01,17.77,58.79,958.79,269
4/23/2013 18:18:12,4/23/2013,18:18:12,2.99,17.70,59.20,958.81,272
4/23/2013 18:18:27,4/23/2013,18:18:27,3.27,17.64,59.20,958.79,269
4/23/2013 18:18:42,4/23/2013,18:18:42,3.24,17.72,59.00,958.78,266
4/23/2013 18:18:57,4/23/2013,18:18:57,2.58,18.04,59.00,958.80,276
4/23/2013 18:19:12,4/23/2013,18:19:12,3.13,17.77,58.40,958.80,273
4/23/2013 18:19:27,4/23/2013,18:19:27,3.30,17.72,59.09,958.81,286
4/23/2013 18:19:42,4/23/2013,18:19:42,2.31,18.12,58.70,958.82,270
4/23/2013 18:19:57,4/23/2013,18:19:57,2.90,17.87,58.59,958.83,268
4/23/2013 18:20:12,4/23/2013,18:20:12,3.12,17.72,58.29,958.83,291
4/23/2013 18:20:27,4/23/2013,18:20:27,2.69,17.87,58.59,958.85,279
4/23/2013 18:20:42,4/23/2013,18:20:42,3.38,17.85,59.09,958.83,276
4/23/2013 18:20:57,4/23/2013,18:20:57,3.15,17.72,58.90,958.82,284
4/23/2013 18:21:12,4/23/2013,18:21:12,2.90,17.92,58.79,958.82,285
4/23/2013 18:21:27,4/23/2013,18:21:27,3.48,17.87,58.79,958.81,274
4/23/2013 18:21:42,4/23/2013,18:21:42,3.02,17.87,58.29,958.83,281
4/23/2013 18:21:57,4/23/2013,18:21:57,2.95,17.97,58.50,958.81,263
4/23/2013 18:22:12,4/23/2013,18:22:12,3.73,17.85,58.59,958.78,283
4/23/2013 18:22:27,4/23/2013,18:22:27,4.23,17.64,58.90,958.79,290
4/23/2013 18:22:42,4/23/2013,18:22:42,2.99,17.87,58.50,958.79,278
4/23/2013 18:22:57,4/23/2013,18:22:57,2.44,18.07,57.90,958.81,287
4/23/2013 18:23:12,4/23/2013,18:23:12,2.41,18.14,57.70,958.78,261
4/23/2013 18:23:27,4/23/2013,18:23:27,2.31,18.27,57.70,958.78,277
