DateTime,Date,Time,Wind,Temperature,Humidity,Pressure,Direction
[MM/DD/YYYY hh:mm:ss],[MM/DD/YYYY],[HH:mm:ss],[m/s],[°C],[¡rH],[hPa],[¡N]
4/25/2013 17:53:03,4/25/2013,17:53:03,1.16,21.02,49.40,965.67,168
4/25/2013 17:53:18,4/25/2013,17:53:18,0.41,21.14,49.50,965.67,294
4/25/2013 17:53:33,4/25/2013,17:53:33,0.49,20.92,50.09,965.70,311
4/25/2013 17:53:48,4/25/2013,17:53:48,2.52,20.02,53.79,965.69,298
4/25/2013 17:54:03,4/25/2013,17:54:03,0.97,20.39,51.90,965.71,106
4/25/2013 17:54:18,4/25/2013,17:54:18,0.63,20.45,52.00,965.75,317
4/25/2013 17:54:33,4/25/2013,17:54:33,1.61,19.82,51.79,965.76,313
4/25/2013 17:54:48,4/25/2013,17:54:48,1.65,19.57,53.70,965.76,323
4/25/2013 17:55:03,4/25/2013,17:55:03,3.17,18.87,55.09,965.76,326
4/25/2013 17:55:18,4/25/2013,17:55:18,3.74,18.60,56.59,965.76,319
4/25/2013 17:55:33,4/25/2013,17:55:33,1.76,19.17,56.29,965.79,324
4/25/2013 17:55:48,4/25/2013,17:55:48,3.92,18.25,57.09,965.79,301
4/25/2013 17:56:03,4/25/2013,17:56:03,0.91,19.22,56.59,965.86,11
4/25/2013 17:56:18,4/25/2013,17:56:18,0.00,19.82,55.20,965.89,2
4/25/2013 17:56:33,4/25/2013,17:56:33,2.73,18.62,55.79,965.83,312
4/25/2013 17:56:48,4/25/2013,17:56:48,3.15,18.27,57.00,965.82,306
4/25/2013 17:57:03,4/25/2013,17:57:03,2.23,18.60,57.70,965.82,272
4/25/2013 17:57:18,4/25/2013,17:57:18,1.47,18.82,56.50,965.82,269
4/25/2013 17:57:33,4/25/2013,17:57:33,2.40,18.52,57.29,965.83,279
4/25/2013 17:57:48,4/25/2013,17:57:48,2.12,18.32,57.40,965.89,325
4/25/2013 17:58:03,4/25/2013,17:58:03,1.98,18.35,57.70,965.90,302
4/25/2013 17:58:18,4/25/2013,17:58:18,0.34,18.75,56.00,965.91,270
4/25/2013 17:58:33,4/25/2013,17:58:33,0.00,19.14,55.50,965.91,294
4/25/2013 17:58:48,4/25/2013,17:58:48,0.00,19.14,55.79,965.90,317
4/25/2013 17:59:03,4/25/2013,17:59:03,0.00,19.00,56.20,965.89,288
4/25/2013 17:59:18,4/25/2013,17:59:18,0.61,18.54,57.09,965.87,334
4/25/2013 17:59:33,4/25/2013,17:59:33,2.77,17.79,58.50,965.87,311
4/25/2013 17:59:48,4/25/2013,17:59:48,2.19,17.72,59.70,965.92,325
4/25/2013 18:00:03,4/25/2013,18:00:03,1.41,17.79,59.40,965.96,221
4/25/2013 18:00:18,4/25/2013,18:00:18,0.62,18.00,58.79,965.98,307
4/25/2013 18:00:33,4/25/2013,18:00:33,0.13,18.00,58.90,966.00,274
4/25/2013 18:00:48,4/25/2013,18:00:48,0.00,17.85,59.59,966.02,305
4/25/2013 18:01:03,4/25/2013,18:01:03,0.70,17.64,60.00,966.00,274
4/25/2013 18:01:18,4/25/2013,18:01:18,0.00,17.45,60.70,966.01,239
4/25/2013 18:01:33,4/25/2013,18:01:33,1.90,17.02,60.90,965.99,311
4/25/2013 18:01:48,4/25/2013,18:01:48,1.62,17.02,61.59,966.00,5
4/25/2013 18:02:03,4/25/2013,18:02:03,1.61,16.85,62.29,966.02,330
4/25/2013 18:02:18,4/25/2013,18:02:18,0.72,16.97,62.59,966.06,269
4/25/2013 18:02:33,4/25/2013,18:02:33,0.62,16.97,61.90,966.06,299
4/25/2013 18:02:48,4/25/2013,18:02:48,0.72,17.02,61.90,966.06,315
4/25/2013 18:03:03,4/25/2013,18:03:03,0.00,17.14,61.59,966.06,308
4/25/2013 18:03:18,4/25/2013,18:03:18,0.00,17.14,61.70,966.06,285
4/25/2013 18:03:33,4/25/2013,18:03:33,0.00,17.17,62.70,966.05,308
4/25/2013 18:03:48,4/25/2013,18:03:48,0.09,17.22,62.70,966.04,262
4/25/2013 18:04:03,4/25/2013,18:04:03,0.00,17.29,62.50,966.05,280
4/25/2013 18:04:18,4/25/2013,18:04:18,0.00,17.10,63.00,966.06,308
4/25/2013 18:04:33,4/25/2013,18:04:33,0.80,16.95,62.50,966.04,319
4/25/2013 18:04:48,4/25/2013,18:04:48,1.48,16.85,62.29,966.01,294
4/25/2013 18:05:03,4/25/2013,18:05:03,1.56,16.89,61.70,965.99,250
4/25/2013 18:05:18,4/25/2013,18:05:18,1.13,17.14,61.70,965.98,312
4/25/2013 18:05:33,4/25/2013,18:05:33,0.44,17.37,61.59,965.99,305
4/25/2013 18:05:48,4/25/2013,18:05:48,1.65,17.02,61.09,965.99,180
4/25/2013 18:06:03,4/25/2013,18:06:03,2.19,16.82,62.09,966.00,340
4/25/2013 18:06:18,4/25/2013,18:06:18,3.40,16.54,62.79,966.00,293
4/25/2013 18:06:33,4/25/2013,18:06:33,3.12,16.47,62.70,966.00,309
4/25/2013 18:06:48,4/25/2013,18:06:48,2.92,16.54,63.29,966.00,313
4/25/2013 18:07:03,4/25/2013,18:07:03,3.55,16.47,63.70,965.99,326
4/25/2013 18:07:18,4/25/2013,18:07:18,0.59,17.14,63.29,966.02,309
4/25/2013 18:07:33,4/25/2013,18:07:33,1.77,16.70,62.29,966.04,294
4/25/2013 18:07:48,4/25/2013,18:07:48,2.34,16.54,62.59,966.02,335
4/25/2013 18:08:03,4/25/2013,18:08:03,1.68,16.54,62.70,966.02,280
4/25/2013 18:08:18,4/25/2013,18:08:18,2.16,16.39,64.09,966.04,324
4/25/2013 18:08:33,4/25/2013,18:08:33,0.52,16.67,63.40,966.06,0
4/25/2013 18:08:48,4/25/2013,18:08:48,0.51,16.54,62.79,966.08,294
4/25/2013 18:09:03,4/25/2013,18:09:03,0.59,16.42,63.59,966.08,326
4/25/2013 18:09:18,4/25/2013,18:09:18,1.98,16.20,64.09,966.08,322
4/25/2013 18:09:33,4/25/2013,18:09:33,2.76,16.02,64.80,966.06,318
4/25/2013 18:09:48,4/25/2013,18:09:48,1.69,16.22,64.50,966.06,292
4/25/2013 18:10:03,4/25/2013,18:10:03,1.68,16.22,63.79,966.05,331
4/25/2013 18:10:18,4/25/2013,18:10:18,3.36,16.02,64.50,966.01,327
4/25/2013 18:10:33,4/25/2013,18:10:33,3.16,16.00,65.40,966.00,288
4/25/2013 18:10:48,4/25/2013,18:10:48,0.95,16.35,64.50,966.02,331
4/25/2013 18:11:03,4/25/2013,18:11:03,0.08,16.62,63.70,966.05,262
4/25/2013 18:11:18,4/25/2013,18:11:18,0.00,16.70,63.59,966.06,290
4/25/2013 18:11:33,4/25/2013,18:11:33,1.40,16.35,63.90,966.04,313
4/25/2013 18:11:48,4/25/2013,18:11:48,1.27,16.39,64.50,966.01,221
4/25/2013 18:12:03,4/25/2013,18:12:03,0.41,16.62,63.09,966.02,341
4/25/2013 18:12:18,4/25/2013,18:12:18,1.43,16.47,63.59,965.99,337
4/25/2013 18:12:33,4/25/2013,18:12:33,0.90,16.67,65.09,965.98,285
4/25/2013 18:12:48,4/25/2013,18:12:48,0.00,17.04,63.09,965.97,356
4/25/2013 18:13:03,4/25/2013,18:13:03,0.00,17.04,61.50,965.97,272
4/25/2013 18:13:18,4/25/2013,18:13:18,1.38,16.70,61.70,965.94,328
4/25/2013 18:13:33,4/25/2013,18:13:33,2.38,16.57,63.79,965.93,306
4/25/2013 18:13:48,4/25/2013,18:13:48,1.44,16.77,64.59,965.93,323
4/25/2013 18:14:03,4/25/2013,18:14:03,0.72,16.95,61.90,965.93,340
4/25/2013 18:14:18,4/25/2013,18:14:18,1.54,16.77,62.90,965.93,328
4/25/2013 18:14:33,4/25/2013,18:14:33,1.13,16.82,62.40,965.94,334
4/25/2013 18:14:48,4/25/2013,18:14:48,0.13,17.17,61.70,965.94,242
4/25/2013 18:15:03,4/25/2013,18:15:03,0.83,16.85,62.00,965.93,330
4/25/2013 18:15:18,4/25/2013,18:15:18,1.23,16.62,62.90,965.92,329
4/25/2013 18:15:33,4/25/2013,18:15:33,1.09,16.54,64.00,965.93,292
4/25/2013 18:15:48,4/25/2013,18:15:48,0.41,16.54,63.09,965.98,334
4/25/2013 18:16:03,4/25/2013,18:16:03,1.81,16.20,63.29,965.98,295
4/25/2013 18:16:18,4/25/2013,18:16:18,1.27,16.22,63.79,965.98,343
4/25/2013 18:16:33,4/25/2013,18:16:33,1.99,16.00,64.59,965.98,295
4/25/2013 18:16:48,4/25/2013,18:16:48,0.62,16.22,64.69,965.99,290
4/25/2013 18:17:03,4/25/2013,18:17:03,0.73,16.22,65.00,965.99,335
4/25/2013 18:17:18,4/25/2013,18:17:18,0.37,16.27,64.80,966.01,257
4/25/2013 18:17:33,4/25/2013,18:17:33,0.00,16.14,65.69,966.02,280
4/25/2013 18:17:48,4/25/2013,18:17:48,0.00,16.20,64.59,966.04,279
4/25/2013 18:18:03,4/25/2013,18:18:03,0.00,16.20,65.50,966.04,278
4/25/2013 18:18:18,4/25/2013,18:18:18,0.00,16.20,64.90,966.04,270
4/25/2013 18:18:33,4/25/2013,18:18:33,0.05,16.14,64.59,966.05,304
4/25/2013 18:18:48,4/25/2013,18:18:48,0.00,16.20,64.40,966.04,5
4/25/2013 18:19:03,4/25/2013,18:19:03,0.00,16.07,64.90,966.04,269
4/25/2013 18:19:18,4/25/2013,18:19:18,2.04,15.64,65.50,966.05,307
4/25/2013 18:19:33,4/25/2013,18:19:33,1.01,15.75,65.90,966.06,270
4/25/2013 18:19:48,4/25/2013,18:19:48,3.04,15.44,66.00,966.05,336
4/25/2013 18:20:03,4/25/2013,18:20:03,3.47,15.37,67.19,966.01,292
4/25/2013 18:20:18,4/25/2013,18:20:18,0.58,15.75,67.50,966.06,132
4/25/2013 18:20:33,4/25/2013,18:20:33,0.00,15.80,66.50,966.07,268
4/25/2013 18:20:48,4/25/2013,18:20:48,0.74,15.64,66.30,966.06,298
4/25/2013 18:21:03,4/25/2013,18:21:03,0.87,15.67,66.30,966.06,245
4/25/2013 18:21:18,4/25/2013,18:21:18,0.72,15.72,66.59,966.04,268
4/25/2013 18:21:33,4/25/2013,18:21:33,1.95,15.52,66.09,966.01,326
4/25/2013 18:21:48,4/25/2013,18:21:48,2.23,15.44,67.50,966.02,296
4/25/2013 18:22:03,4/25/2013,18:22:03,1.79,15.44,66.50,966.06,327
4/25/2013 18:22:18,4/25/2013,18:22:18,2.79,15.27,66.59,966.06,332
4/25/2013 18:22:33,4/25/2013,18:22:33,1.74,15.39,66.90,966.06,247
4/25/2013 18:22:48,4/25/2013,18:22:48,3.11,15.19,66.80,966.05,320
4/25/2013 18:23:03,4/25/2013,18:23:03,2.20,15.25,67.59,966.07,273
4/25/2013 18:23:18,4/25/2013,18:23:18,0.34,15.47,67.00,966.08,336
4/25/2013 18:23:33,4/25/2013,18:23:33,0.27,15.47,66.40,966.08,302
4/25/2013 18:23:48,4/25/2013,18:23:48,0.41,15.39,66.40,966.08,324
4/25/2013 18:24:03,4/25/2013,18:24:03,1.13,15.27,66.59,966.07,301
4/25/2013 18:24:18,4/25/2013,18:24:18,0.54,15.39,66.00,966.07,297
4/25/2013 18:24:33,4/25/2013,18:24:33,0.26,15.37,67.09,966.08,265
4/25/2013 18:24:48,4/25/2013,18:24:48,0.09,15.37,66.40,966.08,301
4/25/2013 18:25:03,4/25/2013,18:25:03,2.51,15.05,66.69,966.06,336
4/25/2013 18:25:18,4/25/2013,18:25:18,3.15,14.92,67.00,966.07,315
4/25/2013 18:25:33,4/25/2013,18:25:33,2.19,14.92,67.30,966.08,317
4/25/2013 18:25:48,4/25/2013,18:25:48,2.41,14.92,67.40,966.09,305
4/25/2013 18:26:03,4/25/2013,18:26:03,2.73,14.85,67.00,966.09,333
4/25/2013 18:26:18,4/25/2013,18:26:18,1.69,14.97,67.00,966.09,157
4/25/2013 18:26:33,4/25/2013,18:26:33,1.95,14.85,66.90,966.09,323
4/25/2013 18:26:48,4/25/2013,18:26:48,2.01,14.80,67.80,966.09,356
4/25/2013 18:27:03,4/25/2013,18:27:03,0.69,14.89,67.40,966.11,256
4/25/2013 18:27:18,4/25/2013,18:27:18,1.40,14.80,67.69,966.09,294
4/25/2013 18:27:33,4/25/2013,18:27:33,1.86,14.72,68.30,966.08,326
4/25/2013 18:27:48,4/25/2013,18:27:48,1.11,14.80,68.09,966.09,274
4/25/2013 18:28:03,4/25/2013,18:28:03,0.20,14.80,68.09,966.13,227
4/25/2013 18:28:18,4/25/2013,18:28:18,1.05,14.72,67.59,966.12,262
4/25/2013 18:28:33,4/25/2013,18:28:33,1.36,14.62,68.30,966.12,310
4/25/2013 18:28:48,4/25/2013,18:28:48,1.31,14.57,68.19,966.11,330
4/25/2013 18:29:03,4/25/2013,18:29:03,2.11,14.44,68.69,966.09,354
4/25/2013 18:29:18,4/25/2013,18:29:18,3.31,14.35,68.59,966.09,270
4/25/2013 18:29:33,4/25/2013,18:29:33,3.67,14.30,69.00,966.09,310
4/25/2013 18:29:48,4/25/2013,18:29:48,3.65,14.25,69.40,966.08,332
4/25/2013 18:30:03,4/25/2013,18:30:03,4.36,14.25,69.30,966.06,327
4/25/2013 18:30:18,4/25/2013,18:30:18,2.52,14.35,70.40,966.06,270
4/25/2013 18:30:33,4/25/2013,18:30:33,1.95,14.35,69.19,966.08,303
4/25/2013 18:30:48,4/25/2013,18:30:48,2.06,14.35,69.40,966.07,354
4/25/2013 18:31:03,4/25/2013,18:31:03,2.38,14.25,69.19,966.07,278
4/25/2013 18:31:18,4/25/2013,18:31:18,2.12,14.25,69.30,966.06,283
4/25/2013 18:31:33,4/25/2013,18:31:33,1.97,14.25,70.00,966.05,321
4/25/2013 18:31:48,4/25/2013,18:31:48,1.83,14.25,70.00,966.05,246
4/25/2013 18:32:03,4/25/2013,18:32:03,0.73,14.35,69.80,966.07,34
4/25/2013 18:32:18,4/25/2013,18:32:18,0.00,14.44,69.30,966.09,120
4/25/2013 18:32:33,4/25/2013,18:32:33,0.79,14.37,69.59,966.09,344
4/25/2013 18:32:48,4/25/2013,18:32:48,1.83,14.25,69.90,966.08,309
4/25/2013 18:33:03,4/25/2013,18:33:03,1.87,14.25,70.30,966.07,317
4/25/2013 18:33:18,4/25/2013,18:33:18,1.80,14.25,70.19,966.09,322
4/25/2013 18:33:33,4/25/2013,18:33:33,0.91,14.30,71.40,966.11,302
4/25/2013 18:33:48,4/25/2013,18:33:48,0.49,14.35,71.30,966.12,317
4/25/2013 18:34:03,4/25/2013,18:34:03,0.00,14.35,71.09,966.12,311
4/25/2013 18:34:18,4/25/2013,18:34:18,0.30,14.35,71.09,966.12,337
4/25/2013 18:34:33,4/25/2013,18:34:33,1.93,14.17,69.90,966.09,319
4/25/2013 18:34:48,4/25/2013,18:34:48,2.02,14.14,70.50,966.09,317
4/25/2013 18:35:03,4/25/2013,18:35:03,1.63,14.14,70.90,966.07,340
4/25/2013 18:35:18,4/25/2013,18:35:18,0.37,14.17,71.69,966.09,259
4/25/2013 18:35:33,4/25/2013,18:35:33,0.00,14.22,70.40,966.12,308
4/25/2013 18:35:48,4/25/2013,18:35:48,0.36,14.17,71.00,966.13,298
4/25/2013 18:36:03,4/25/2013,18:36:03,0.43,14.17,70.59,966.12,238
4/25/2013 18:36:18,4/25/2013,18:36:18,2.09,14.05,70.09,966.09,292
4/25/2013 18:36:33,4/25/2013,18:36:33,0.38,14.17,70.50,966.12,322
4/25/2013 18:36:48,4/25/2013,18:36:48,1.40,14.05,71.59,966.11,300
4/25/2013 18:37:03,4/25/2013,18:37:03,0.94,14.05,71.69,966.12,291
4/25/2013 18:37:18,4/25/2013,18:37:18,0.72,14.02,70.69,966.13,223
4/25/2013 18:37:33,4/25/2013,18:37:33,1.48,13.97,70.69,966.11,335
4/25/2013 18:37:48,4/25/2013,18:37:48,1.93,13.89,70.90,966.09,343
4/25/2013 18:38:03,4/25/2013,18:38:03,1.31,13.89,72.09,966.08,290
4/25/2013 18:38:18,4/25/2013,18:38:18,0.18,14.02,72.09,966.11,274
4/25/2013 18:38:33,4/25/2013,18:38:33,0.00,14.02,70.80,966.13,249
4/25/2013 18:38:48,4/25/2013,18:38:48,1.05,13.94,70.69,966.12,318
4/25/2013 18:39:03,4/25/2013,18:39:03,0.99,13.94,71.59,966.11,310
4/25/2013 18:39:18,4/25/2013,18:39:18,0.63,13.94,71.19,966.12,300
4/25/2013 18:39:33,4/25/2013,18:39:33,1.41,13.87,70.69,966.08,205
4/25/2013 18:39:48,4/25/2013,18:39:48,0.62,13.87,71.30,966.11,333
4/25/2013 18:40:03,4/25/2013,18:40:03,1.12,13.87,71.59,966.09,298
4/25/2013 18:40:18,4/25/2013,18:40:18,0.83,13.87,73.00,966.11,274
4/25/2013 18:40:33,4/25/2013,18:40:33,0.00,13.94,71.69,966.14,299
4/25/2013 18:40:48,4/25/2013,18:40:48,0.00,13.89,71.09,966.13,239
4/25/2013 18:41:03,4/25/2013,18:41:03,0.18,13.89,70.80,966.13,319
4/25/2013 18:41:18,4/25/2013,18:41:18,0.73,13.87,71.59,966.12,315
4/25/2013 18:41:33,4/25/2013,18:41:33,1.04,13.82,71.40,966.12,316
4/25/2013 18:41:48,4/25/2013,18:41:48,1.47,13.77,71.50,966.11,328
4/25/2013 18:42:03,4/25/2013,18:42:03,0.68,13.82,73.19,966.11,329
4/25/2013 18:42:18,4/25/2013,18:42:18,0.00,13.87,72.40,966.14,216
4/25/2013 18:42:33,4/25/2013,18:42:33,0.44,13.87,71.59,966.13,304
4/25/2013 18:42:48,4/25/2013,18:42:48,1.47,13.77,71.50,966.12,317
4/25/2013 18:43:03,4/25/2013,18:43:03,0.20,13.87,71.30,966.15,334
4/25/2013 18:43:18,4/25/2013,18:43:18,0.34,13.87,71.90,966.16,302
4/25/2013 18:43:33,4/25/2013,18:43:33,1.09,13.77,71.09,966.15,277
4/25/2013 18:43:48,4/25/2013,18:43:48,1.37,13.77,71.80,966.14,323
4/25/2013 18:44:03,4/25/2013,18:44:03,1.73,13.69,72.30,966.13,303
4/25/2013 18:44:18,4/25/2013,18:44:18,0.45,13.77,72.30,966.16,333
4/25/2013 18:44:33,4/25/2013,18:44:33,0.00,13.77,72.09,966.20,328
4/25/2013 18:44:48,4/25/2013,18:44:48,1.63,13.69,71.50,966.16,327
4/25/2013 18:45:03,4/25/2013,18:45:03,1.30,13.67,72.00,966.15,321
4/25/2013 18:45:18,4/25/2013,18:45:18,0.18,13.69,72.90,966.17,263
4/25/2013 18:45:33,4/25/2013,18:45:33,0.00,13.77,73.50,966.16,275
4/25/2013 18:45:48,4/25/2013,18:45:48,0.00,13.75,72.59,966.17,268
4/25/2013 18:46:03,4/25/2013,18:46:03,0.00,13.75,72.59,966.19,210
4/25/2013 18:46:18,4/25/2013,18:46:18,0.84,13.67,71.90,966.16,309
4/25/2013 18:46:33,4/25/2013,18:46:33,1.36,13.62,71.90,966.14,270
4/25/2013 18:46:48,4/25/2013,18:46:48,0.33,13.69,72.09,966.16,232
4/25/2013 18:47:03,4/25/2013,18:47:03,0.18,13.67,71.80,966.17,334
4/25/2013 18:47:18,4/25/2013,18:47:18,1.63,13.55,73.09,966.15,299
4/25/2013 18:47:33,4/25/2013,18:47:33,0.72,13.62,71.40,966.16,122
4/25/2013 18:47:48,4/25/2013,18:47:48,1.68,13.55,71.90,966.15,312
4/25/2013 18:48:03,4/25/2013,18:48:03,2.86,13.50,71.50,966.14,319
4/25/2013 18:48:18,4/25/2013,18:48:18,1.55,13.55,71.90,966.15,330
4/25/2013 18:48:33,4/25/2013,18:48:33,2.56,13.50,72.00,966.14,311
4/25/2013 18:48:48,4/25/2013,18:48:48,3.08,13.47,72.09,966.13,306
4/25/2013 18:49:03,4/25/2013,18:49:03,2.86,13.47,72.80,966.12,320
4/25/2013 18:49:18,4/25/2013,18:49:18,1.55,13.47,72.09,966.14,294
4/25/2013 18:49:33,4/25/2013,18:49:33,0.99,13.50,71.80,966.13,317
4/25/2013 18:49:48,4/25/2013,18:49:48,0.37,13.55,72.19,966.14,337
4/25/2013 18:50:03,4/25/2013,18:50:03,0.37,13.55,71.90,966.15,294
4/25/2013 18:50:18,4/25/2013,18:50:18,1.23,13.50,72.59,966.14,307
4/25/2013 18:50:33,4/25/2013,18:50:33,1.18,13.50,71.80,966.12,260
4/25/2013 18:50:48,4/25/2013,18:50:48,0.16,13.55,72.40,966.13,334
4/25/2013 18:51:03,4/25/2013,18:51:03,0.00,13.60,73.40,966.15,263
4/25/2013 18:51:18,4/25/2013,18:51:18,0.00,13.62,73.40,966.15,251
4/25/2013 18:51:33,4/25/2013,18:51:33,0.40,13.55,72.40,966.14,296
4/25/2013 18:51:48,4/25/2013,18:51:48,0.76,13.55,71.90,966.12,298
4/25/2013 18:52:03,4/25/2013,18:52:03,0.00,13.55,71.80,966.13,339
4/25/2013 18:52:18,4/25/2013,18:52:18,0.48,13.50,72.00,966.13,330
4/25/2013 18:52:33,4/25/2013,18:52:33,0.44,13.55,72.80,966.13,308
4/25/2013 18:52:48,4/25/2013,18:52:48,0.18,13.55,72.59,966.12,306
4/25/2013 18:53:03,4/25/2013,18:53:03,0.00,13.60,72.80,966.13,304
4/25/2013 18:53:18,4/25/2013,18:53:18,0.00,13.55,73.19,966.14,301
4/25/2013 18:53:33,4/25/2013,18:53:33,0.23,13.55,72.59,966.14,320
4/25/2013 18:53:48,4/25/2013,18:53:48,0.00,13.62,73.09,966.13,275
4/25/2013 18:54:03,4/25/2013,18:54:03,0.00,13.60,73.59,966.13,295
4/25/2013 18:54:18,4/25/2013,18:54:18,0.00,13.60,72.80,966.14,297
4/25/2013 18:54:33,4/25/2013,18:54:33,0.00,13.62,72.09,966.14,285
4/25/2013 18:54:48,4/25/2013,18:54:48,0.00,13.67,72.30,966.14,305
4/25/2013 18:55:03,4/25/2013,18:55:03,0.00,13.67,72.09,966.13,304
4/25/2013 18:55:18,4/25/2013,18:55:18,0.00,13.69,72.90,966.13,324
4/25/2013 18:55:33,4/25/2013,18:55:33,0.00,13.69,73.80,966.12,278
4/25/2013 18:55:48,4/25/2013,18:55:48,0.00,13.69,72.50,966.11,280
4/25/2013 18:56:03,4/25/2013,18:56:03,0.00,13.67,71.80,966.11,318
4/25/2013 18:56:18,4/25/2013,18:56:18,0.00,13.67,71.90,966.09,0
4/25/2013 18:56:33,4/25/2013,18:56:33,0.00,13.67,72.69,966.11,337
4/25/2013 18:56:48,4/25/2013,18:56:48,0.56,13.62,72.30,966.09,276
4/25/2013 18:57:03,4/25/2013,18:57:03,0.00,13.62,71.80,966.09,335
4/25/2013 18:57:18,4/25/2013,18:57:18,0.00,13.62,72.09,966.08,306
4/25/2013 18:57:33,4/25/2013,18:57:33,0.00,13.67,72.00,966.08,93
4/25/2013 18:57:48,4/25/2013,18:57:48,0.00,13.67,71.80,966.07,205
4/25/2013 18:58:03,4/25/2013,18:58:03,0.00,13.67,71.69,966.07,319
4/25/2013 18:58:18,4/25/2013,18:58:18,0.00,13.67,71.90,966.07,292
4/25/2013 18:58:33,4/25/2013,18:58:33,0.00,13.62,72.19,966.06,275
4/25/2013 18:58:48,4/25/2013,18:58:48,0.00,13.62,72.19,966.07,319
4/25/2013 18:59:03,4/25/2013,18:59:03,0.00,13.67,72.69,966.06,275
4/25/2013 18:59:18,4/25/2013,18:59:18,0.00,13.67,71.90,966.05,215
4/25/2013 18:59:33,4/25/2013,18:59:33,0.00,13.69,71.69,966.05,202
4/25/2013 18:59:48,4/25/2013,18:59:48,0.00,13.69,72.40,966.04,261
4/25/2013 19:00:03,4/25/2013,19:00:03,0.00,13.67,73.40,966.05,287
4/25/2013 19:00:18,4/25/2013,19:00:18,0.00,13.69,73.40,966.06,280
4/25/2013 19:00:33,4/25/2013,19:00:33,0.00,13.67,73.30,966.06,292
4/25/2013 19:00:48,4/25/2013,19:00:48,0.00,13.67,72.50,966.06,272
4/25/2013 19:01:03,4/25/2013,19:01:03,0.00,13.62,71.69,966.05,221
4/25/2013 19:01:18,4/25/2013,19:01:18,0.00,13.62,71.90,966.04,313
4/25/2013 19:01:33,4/25/2013,19:01:33,0.00,13.60,72.00,966.04,314
4/25/2013 19:01:48,4/25/2013,19:01:48,0.30,13.62,72.19,966.01,326
4/25/2013 19:02:03,4/25/2013,19:02:03,0.00,13.62,71.69,966.01,303
4/25/2013 19:02:18,4/25/2013,19:02:18,0.00,13.69,72.90,966.01,323
4/25/2013 19:02:33,4/25/2013,19:02:33,0.00,13.67,72.40,966.01,312
4/25/2013 19:02:48,4/25/2013,19:02:48,0.00,13.62,72.19,966.01,283
4/25/2013 19:03:03,4/25/2013,19:03:03,0.00,13.67,72.09,966.04,303
4/25/2013 19:03:18,4/25/2013,19:03:18,0.00,13.67,72.40,966.02,300
4/25/2013 19:03:33,4/25/2013,19:03:33,1.40,13.60,71.40,966.02,321
4/25/2013 19:03:48,4/25/2013,19:03:48,1.12,13.62,71.00,966.00,205
4/25/2013 19:04:03,4/25/2013,19:04:03,0.19,13.62,71.30,966.00,206
4/25/2013 19:04:18,4/25/2013,19:04:18,0.62,13.60,72.19,965.99,330
4/25/2013 19:04:33,4/25/2013,19:04:33,1.49,13.55,72.09,965.97,321
4/25/2013 19:04:48,4/25/2013,19:04:48,1.27,13.55,71.00,965.96,342
4/25/2013 19:05:03,4/25/2013,19:05:03,1.44,13.55,71.59,965.97,293
4/25/2013 19:05:18,4/25/2013,19:05:18,0.13,13.62,72.59,966.00,330
4/25/2013 19:05:33,4/25/2013,19:05:33,0.00,13.62,72.19,966.01,300
4/25/2013 19:05:48,4/25/2013,19:05:48,0.00,13.67,71.69,966.00,298
4/25/2013 19:06:03,4/25/2013,19:06:03,0.00,13.67,71.30,966.01,296
4/25/2013 19:06:18,4/25/2013,19:06:18,0.84,13.62,71.90,966.00,272
4/25/2013 19:06:33,4/25/2013,19:06:33,0.55,13.67,71.30,965.99,285
4/25/2013 19:06:48,4/25/2013,19:06:48,0.80,13.67,70.59,965.96,298
4/25/2013 19:07:03,4/25/2013,19:07:03,0.80,13.67,72.00,965.96,263
4/25/2013 19:07:18,4/25/2013,19:07:18,0.00,13.77,71.69,965.98,307
4/25/2013 19:07:33,4/25/2013,19:07:33,0.00,13.75,72.50,966.00,270
4/25/2013 19:07:48,4/25/2013,19:07:48,0.00,13.77,71.69,966.01,280
4/25/2013 19:08:03,4/25/2013,19:08:03,0.00,13.82,71.80,966.01,277
4/25/2013 19:08:18,4/25/2013,19:08:18,0.00,13.82,72.09,965.99,274
4/25/2013 19:08:33,4/25/2013,19:08:33,0.00,13.77,70.59,965.97,200
4/25/2013 19:08:48,4/25/2013,19:08:48,0.00,13.87,70.69,965.94,301
4/25/2013 19:09:03,4/25/2013,19:09:03,0.00,13.89,71.19,965.96,275
4/25/2013 19:09:18,4/25/2013,19:09:18,0.00,13.89,71.30,965.94,294
4/25/2013 19:09:33,4/25/2013,19:09:33,0.31,13.87,69.90,965.92,282
4/25/2013 19:09:48,4/25/2013,19:09:48,0.63,13.94,70.09,965.92,296
4/25/2013 19:10:03,4/25/2013,19:10:03,0.13,13.89,70.09,965.92,324
4/25/2013 19:10:18,4/25/2013,19:10:18,0.00,13.89,70.59,965.92,286
4/25/2013 19:10:33,4/25/2013,19:10:33,0.00,13.94,71.30,965.92,266
4/25/2013 19:10:48,4/25/2013,19:10:48,0.00,14.02,70.90,965.92,0
4/25/2013 19:11:03,4/25/2013,19:11:03,0.00,14.02,71.00,965.91,247
4/25/2013 19:11:18,4/25/2013,19:11:18,0.00,14.02,70.40,965.91,195
4/25/2013 19:11:33,4/25/2013,19:11:33,0.00,14.02,70.09,965.90,204
4/25/2013 19:11:48,4/25/2013,19:11:48,0.00,14.05,71.00,965.90,274
4/25/2013 19:12:03,4/25/2013,19:12:03,0.00,14.05,71.30,965.92,300
4/25/2013 19:12:18,4/25/2013,19:12:18,0.00,14.02,71.09,965.92,176
4/25/2013 19:12:33,4/25/2013,19:12:33,0.00,14.02,71.30,965.90,352
4/25/2013 19:12:48,4/25/2013,19:12:48,0.00,14.02,70.69,965.89,286
4/25/2013 19:13:03,4/25/2013,19:13:03,0.00,13.94,70.59,965.89,284
4/25/2013 19:13:18,4/25/2013,19:13:18,0.00,13.97,70.30,965.87,286
4/25/2013 19:13:33,4/25/2013,19:13:33,0.00,13.97,70.69,965.89,280
4/25/2013 19:13:48,4/25/2013,19:13:48,0.00,13.97,70.80,965.90,343
4/25/2013 19:14:03,4/25/2013,19:14:03,0.00,13.89,71.19,965.91,283
4/25/2013 19:14:18,4/25/2013,19:14:18,0.00,13.94,70.90,965.90,280
4/25/2013 19:14:33,4/25/2013,19:14:33,0.00,13.89,71.19,965.90,299
4/25/2013 19:14:48,4/25/2013,19:14:48,0.00,13.87,71.50,965.91,301
4/25/2013 19:15:03,4/25/2013,19:15:03,0.00,13.87,72.30,965.90,280
4/25/2013 19:15:18,4/25/2013,19:15:18,0.00,13.77,72.59,965.92,295
4/25/2013 19:15:33,4/25/2013,19:15:33,0.00,13.82,70.50,965.92,252
4/25/2013 19:15:48,4/25/2013,19:15:48,0.00,13.77,71.00,965.92,299
4/25/2013 19:16:03,4/25/2013,19:16:03,0.00,13.75,70.90,965.93,292
4/25/2013 19:16:18,4/25/2013,19:16:18,0.00,13.77,71.59,965.93,267
4/25/2013 19:16:33,4/25/2013,19:16:33,0.00,13.77,71.90,965.93,352
4/25/2013 19:16:48,4/25/2013,19:16:48,0.00,13.75,71.19,965.94,183
4/25/2013 19:17:03,4/25/2013,19:17:03,0.00,13.77,71.80,965.96,316
4/25/2013 19:17:18,4/25/2013,19:17:18,0.00,13.75,71.19,965.93,278
4/25/2013 19:17:33,4/25/2013,19:17:33,0.00,13.75,71.19,965.93,293
4/25/2013 19:17:48,4/25/2013,19:17:48,0.00,13.69,71.30,965.93,340
4/25/2013 19:18:03,4/25/2013,19:18:03,0.00,13.69,71.19,965.92,325
4/25/2013 19:18:18,4/25/2013,19:18:18,0.00,13.67,71.40,965.92,324
4/25/2013 19:18:33,4/25/2013,19:18:33,0.00,13.69,71.50,965.91,272
4/25/2013 19:18:48,4/25/2013,19:18:48,0.00,13.75,72.19,965.92,297
4/25/2013 19:19:03,4/25/2013,19:19:03,0.61,13.69,70.59,965.89,254
4/25/2013 19:19:18,4/25/2013,19:19:18,0.12,13.67,70.50,965.89,313
4/25/2013 19:19:33,4/25/2013,19:19:33,0.49,13.67,71.50,965.86,254
4/25/2013 19:19:48,4/25/2013,19:19:48,0.54,13.67,71.30,965.87,291
4/25/2013 19:20:03,4/25/2013,19:20:03,0.00,13.67,71.30,965.90,240
4/25/2013 19:20:18,4/25/2013,19:20:18,0.00,13.69,71.90,965.90,252
4/25/2013 19:20:33,4/25/2013,19:20:33,0.00,13.69,72.40,965.90,286
4/25/2013 19:20:48,4/25/2013,19:20:48,0.12,13.69,71.59,965.89,203
4/25/2013 19:21:03,4/25/2013,19:21:03,0.00,13.69,71.50,965.90,197
4/25/2013 19:21:18,4/25/2013,19:21:18,1.15,13.62,71.19,965.86,343
4/25/2013 19:21:33,4/25/2013,19:21:33,0.62,13.62,71.40,965.86,289
4/25/2013 19:21:48,4/25/2013,19:21:48,0.00,13.62,72.50,965.87,282
4/25/2013 19:22:03,4/25/2013,19:22:03,0.00,13.62,71.90,965.87,290
4/25/2013 19:22:18,4/25/2013,19:22:18,0.66,13.62,70.80,965.86,334
4/25/2013 19:22:33,4/25/2013,19:22:33,0.52,13.62,70.80,965.87,322
4/25/2013 19:22:48,4/25/2013,19:22:48,0.54,13.62,71.69,965.86,214
4/25/2013 19:23:03,4/25/2013,19:23:03,0.00,13.62,71.80,965.89,316
4/25/2013 19:23:18,4/25/2013,19:23:18,0.00,13.62,72.30,965.89,312
4/25/2013 19:23:33,4/25/2013,19:23:33,0.73,13.60,71.90,965.86,322
4/25/2013 19:23:48,4/25/2013,19:23:48,0.15,13.62,71.69,965.87,290
4/25/2013 19:24:03,4/25/2013,19:24:03,0.00,13.62,72.09,965.87,318
4/25/2013 19:24:18,4/25/2013,19:24:18,0.43,13.60,72.80,965.87,325
4/25/2013 19:24:33,4/25/2013,19:24:33,0.19,13.55,72.69,965.86,11
4/25/2013 19:24:48,4/25/2013,19:24:48,0.00,13.55,72.30,965.87,310
4/25/2013 19:25:03,4/25/2013,19:25:03,0.24,13.55,72.00,965.86,319
4/25/2013 19:25:18,4/25/2013,19:25:18,1.29,13.50,72.00,965.86,322
4/25/2013 19:25:33,4/25/2013,19:25:33,2.09,13.47,71.80,965.84,317
4/25/2013 19:25:48,4/25/2013,19:25:48,2.08,13.47,71.69,965.84,326
4/25/2013 19:26:03,4/25/2013,19:26:03,2.91,13.39,71.09,965.83,328
4/25/2013 19:26:18,4/25/2013,19:26:18,2.74,13.39,71.69,965.82,303
4/25/2013 19:26:33,4/25/2013,19:26:33,0.56,13.42,72.00,965.84,45
4/25/2013 19:26:48,4/25/2013,19:26:48,0.00,13.47,73.00,965.87,334
4/25/2013 19:27:03,4/25/2013,19:27:03,0.00,13.47,72.69,965.86,337
4/25/2013 19:27:18,4/25/2013,19:27:18,0.95,13.39,72.09,965.84,309
4/25/2013 19:27:33,4/25/2013,19:27:33,0.11,13.42,72.09,965.84,348
4/25/2013 19:27:48,4/25/2013,19:27:48,0.45,13.39,72.40,965.84,1
4/25/2013 19:28:03,4/25/2013,19:28:03,1.11,13.30,72.40,965.84,287
4/25/2013 19:28:18,4/25/2013,19:28:18,0.95,13.35,71.69,965.82,335
4/25/2013 19:28:33,4/25/2013,19:28:33,1.48,13.30,71.80,965.82,306
4/25/2013 19:28:48,4/25/2013,19:28:48,2.08,13.22,72.80,965.83,302
4/25/2013 19:29:03,4/25/2013,19:29:03,3.11,13.22,71.90,965.82,290
4/25/2013 19:29:18,4/25/2013,19:29:18,0.58,13.27,71.90,965.84,339
4/25/2013 19:29:33,4/25/2013,19:29:33,0.00,13.27,73.00,965.85,273
4/25/2013 19:29:48,4/25/2013,19:29:48,0.00,13.27,72.19,965.85,340
4/25/2013 19:30:03,4/25/2013,19:30:03,0.99,13.22,72.90,965.84,317
4/25/2013 19:30:18,4/25/2013,19:30:18,0.86,13.22,71.90,965.84,322
4/25/2013 19:30:33,4/25/2013,19:30:33,2.31,13.14,72.09,965.81,335
4/25/2013 19:30:48,4/25/2013,19:30:48,1.83,13.14,72.50,965.81,333
4/25/2013 19:31:03,4/25/2013,19:31:03,0.41,13.14,72.80,965.84,305
4/25/2013 19:31:18,4/25/2013,19:31:18,0.76,13.14,71.59,965.84,293
4/25/2013 19:31:33,4/25/2013,19:31:33,1.34,13.12,72.90,965.84,285
4/25/2013 19:31:48,4/25/2013,19:31:48,1.38,13.14,72.40,965.83,297
4/25/2013 19:32:03,4/25/2013,19:32:03,0.88,13.14,72.40,965.82,319
4/25/2013 19:32:18,4/25/2013,19:32:18,1.81,13.14,71.69,965.82,253
4/25/2013 19:32:33,4/25/2013,19:32:33,3.01,13.07,72.30,965.78,311
4/25/2013 19:32:48,4/25/2013,19:32:48,1.98,13.07,72.90,965.81,300
4/25/2013 19:33:03,4/25/2013,19:33:03,1.24,13.07,72.69,965.81,290
4/25/2013 19:33:18,4/25/2013,19:33:18,1.55,13.07,72.09,965.82,354
4/25/2013 19:33:33,4/25/2013,19:33:33,1.79,13.07,72.19,965.79,331
4/25/2013 19:33:48,4/25/2013,19:33:48,2.18,13.07,71.90,965.78,321
4/25/2013 19:34:03,4/25/2013,19:34:03,0.52,13.12,71.80,965.78,159
4/25/2013 19:34:18,4/25/2013,19:34:18,1.77,13.07,72.19,965.78,346
4/25/2013 19:34:33,4/25/2013,19:34:33,2.33,13.07,72.19,965.78,329
4/25/2013 19:34:48,4/25/2013,19:34:48,0.84,13.07,72.59,965.79,284
4/25/2013 19:35:03,4/25/2013,19:35:03,1.11,13.07,72.00,965.79,275
4/25/2013 19:35:18,4/25/2013,19:35:18,0.41,13.07,72.59,965.82,323
4/25/2013 19:35:33,4/25/2013,19:35:33,1.33,13.07,71.90,965.79,327
4/25/2013 19:35:48,4/25/2013,19:35:48,0.76,13.02,72.00,965.79,275
4/25/2013 19:36:03,4/25/2013,19:36:03,0.44,13.07,72.09,965.81,52
4/25/2013 19:36:18,4/25/2013,19:36:18,1.01,13.02,71.80,965.78,278
4/25/2013 19:36:33,4/25/2013,19:36:33,1.31,13.00,72.30,965.78,339
4/25/2013 19:36:48,4/25/2013,19:36:48,1.61,13.00,72.50,965.76,310
4/25/2013 19:37:03,4/25/2013,19:37:03,0.62,13.00,73.19,965.77,337
4/25/2013 19:37:18,4/25/2013,19:37:18,2.90,13.00,71.59,965.75,312
4/25/2013 19:37:33,4/25/2013,19:37:33,3.19,13.00,71.40,965.71,321
4/25/2013 19:37:48,4/25/2013,19:37:48,3.42,12.94,71.80,965.69,330
4/25/2013 19:38:03,4/25/2013,19:38:03,2.86,13.00,71.80,965.70,313
4/25/2013 19:38:18,4/25/2013,19:38:18,0.97,12.94,73.40,965.70,301
4/25/2013 19:38:33,4/25/2013,19:38:33,0.87,12.94,72.59,965.70,325
4/25/2013 19:38:48,4/25/2013,19:38:48,1.97,12.92,72.50,965.68,344
4/25/2013 19:39:03,4/25/2013,19:39:03,2.84,12.92,72.19,965.67,201
4/25/2013 19:39:18,4/25/2013,19:39:18,1.62,12.92,72.30,965.71,291
4/25/2013 19:39:33,4/25/2013,19:39:33,1.49,12.94,71.40,965.68,353
4/25/2013 19:39:48,4/25/2013,19:39:48,1.98,12.92,71.90,965.65,306
4/25/2013 19:40:03,4/25/2013,19:40:03,1.72,12.87,73.09,965.64,324
4/25/2013 19:40:18,4/25/2013,19:40:18,2.09,12.92,72.69,965.63,309
4/25/2013 19:40:33,4/25/2013,19:40:33,1.15,12.92,73.19,965.67,267
4/25/2013 19:40:48,4/25/2013,19:40:48,0.12,12.92,73.40,965.69,330
4/25/2013 19:41:03,4/25/2013,19:41:03,0.37,12.92,72.19,965.68,283
4/25/2013 19:41:18,4/25/2013,19:41:18,0.08,12.92,72.00,965.68,292
4/25/2013 19:41:33,4/25/2013,19:41:33,0.00,12.92,73.69,965.69,252
4/25/2013 19:41:48,4/25/2013,19:41:48,0.00,12.92,73.40,965.69,267
4/25/2013 19:42:03,4/25/2013,19:42:03,0.00,12.92,72.69,965.69,338
4/25/2013 19:42:18,4/25/2013,19:42:18,1.06,12.85,72.90,965.65,336
4/25/2013 19:42:33,4/25/2013,19:42:33,1.40,12.92,72.19,965.65,318
4/25/2013 19:42:48,4/25/2013,19:42:48,0.80,12.87,72.90,965.65,195
4/25/2013 19:43:03,4/25/2013,19:43:03,0.69,12.87,72.30,965.65,326
4/25/2013 19:43:18,4/25/2013,19:43:18,0.11,12.92,72.50,965.65,271
4/25/2013 19:43:33,4/25/2013,19:43:33,0.00,12.92,72.59,965.64,353
4/25/2013 19:43:48,4/25/2013,19:43:48,0.43,12.85,73.40,965.65,319
4/25/2013 19:44:03,4/25/2013,19:44:03,0.00,12.85,73.80,965.67,324
4/25/2013 19:44:18,4/25/2013,19:44:18,0.16,12.85,73.00,965.67,320
4/25/2013 19:44:33,4/25/2013,19:44:33,0.87,12.85,72.69,965.63,350
4/25/2013 19:44:48,4/25/2013,19:44:48,1.11,12.85,72.90,965.63,359
4/25/2013 19:45:03,4/25/2013,19:45:03,1.61,12.75,73.50,965.61,285
4/25/2013 19:45:18,4/25/2013,19:45:18,1.56,12.75,73.09,965.63,313
4/25/2013 19:45:33,4/25/2013,19:45:33,2.51,12.75,72.69,965.63,328
4/25/2013 19:45:48,4/25/2013,19:45:48,0.99,12.75,73.59,965.64,204
4/25/2013 19:46:03,4/25/2013,19:46:03,0.00,12.80,73.69,965.68,331
4/25/2013 19:46:18,4/25/2013,19:46:18,0.37,12.75,73.80,965.68,311
4/25/2013 19:46:33,4/25/2013,19:46:33,0.37,12.75,73.59,965.68,319
4/25/2013 19:46:48,4/25/2013,19:46:48,1.59,12.75,73.40,965.65,311
4/25/2013 19:47:03,4/25/2013,19:47:03,1.52,12.72,73.50,965.65,342
4/25/2013 19:47:18,4/25/2013,19:47:18,1.23,12.67,74.40,965.64,298
4/25/2013 19:47:33,4/25/2013,19:47:33,0.44,12.75,73.30,965.67,242
4/25/2013 19:47:48,4/25/2013,19:47:48,0.80,12.72,73.80,965.68,295
4/25/2013 19:48:03,4/25/2013,19:48:03,0.26,12.75,75.19,965.71,231
4/25/2013 19:48:18,4/25/2013,19:48:18,0.00,12.75,73.80,965.71,260
4/25/2013 19:48:33,4/25/2013,19:48:33,0.00,12.75,74.80,965.72,267
4/25/2013 19:48:48,4/25/2013,19:48:48,0.86,12.67,74.59,965.71,329
4/25/2013 19:49:03,4/25/2013,19:49:03,1.66,12.67,73.40,965.67,306
4/25/2013 19:49:18,4/25/2013,19:49:18,0.95,12.67,73.69,965.67,321
4/25/2013 19:49:33,4/25/2013,19:49:33,0.05,12.67,74.00,965.69,301
4/25/2013 19:49:48,4/25/2013,19:49:48,0.27,12.67,73.90,965.69,338
4/25/2013 19:50:03,4/25/2013,19:50:03,2.15,12.60,73.19,965.67,323
4/25/2013 19:50:18,4/25/2013,19:50:18,2.97,12.60,73.40,965.64,350
4/25/2013 19:50:33,4/25/2013,19:50:33,2.79,12.60,73.19,965.67,307
4/25/2013 19:50:48,4/25/2013,19:50:48,2.15,12.55,73.30,965.67,295
4/25/2013 19:51:03,4/25/2013,19:51:03,2.09,12.52,73.69,965.67,309
4/25/2013 19:51:18,4/25/2013,19:51:18,3.73,12.52,73.00,965.64,342
4/25/2013 19:51:33,4/25/2013,19:51:33,3.27,12.52,72.80,965.62,348
4/25/2013 19:51:48,4/25/2013,19:51:48,2.87,12.52,73.30,965.63,340
4/25/2013 19:52:03,4/25/2013,19:52:03,3.55,12.52,73.19,965.63,340
4/25/2013 19:52:18,4/25/2013,19:52:18,3.04,12.52,73.40,965.63,326
4/25/2013 19:52:33,4/25/2013,19:52:33,2.31,12.47,73.19,965.63,301
4/25/2013 19:52:48,4/25/2013,19:52:48,2.34,12.44,73.19,965.64,313
4/25/2013 19:53:03,4/25/2013,19:53:03,2.91,12.47,72.90,965.63,311
4/25/2013 19:53:18,4/25/2013,19:53:18,1.18,12.47,73.19,965.64,303
4/25/2013 19:53:33,4/25/2013,19:53:33,0.09,12.47,73.59,965.68,318
4/25/2013 19:53:48,4/25/2013,19:53:48,0.12,12.47,73.59,965.67,296
4/25/2013 19:54:03,4/25/2013,19:54:03,1.44,12.47,73.19,965.65,307
4/25/2013 19:54:18,4/25/2013,19:54:18,0.76,12.44,73.69,965.64,315
4/25/2013 19:54:33,4/25/2013,19:54:33,1.73,12.44,73.30,965.64,321
4/25/2013 19:54:48,4/25/2013,19:54:48,1.52,12.44,74.40,965.63,269
4/25/2013 19:55:03,4/25/2013,19:55:03,0.38,12.44,74.80,965.65,337
4/25/2013 19:55:18,4/25/2013,19:55:18,0.00,12.44,74.90,965.65,322
4/25/2013 19:55:33,4/25/2013,19:55:33,1.16,12.39,73.69,965.62,310
4/25/2013 19:55:48,4/25/2013,19:55:48,1.45,12.37,73.80,965.61,359
4/25/2013 19:56:03,4/25/2013,19:56:03,2.09,12.37,74.30,965.62,246
4/25/2013 19:56:18,4/25/2013,19:56:18,0.72,12.37,74.19,965.64,349
4/25/2013 19:56:33,4/25/2013,19:56:33,1.02,12.37,74.19,965.63,310
4/25/2013 19:56:48,4/25/2013,19:56:48,1.01,12.37,73.50,965.61,324
4/25/2013 19:57:03,4/25/2013,19:57:03,0.83,12.32,74.00,965.63,330
4/25/2013 19:57:18,4/25/2013,19:57:18,0.63,12.37,74.50,965.63,337
4/25/2013 19:57:33,4/25/2013,19:57:33,0.83,12.32,74.40,965.63,258
4/25/2013 19:57:48,4/25/2013,19:57:48,1.23,12.32,74.09,965.61,301
4/25/2013 19:58:03,4/25/2013,19:58:03,0.19,12.32,74.59,965.64,250
4/25/2013 19:58:18,4/25/2013,19:58:18,0.00,12.32,74.59,965.65,261
4/25/2013 19:58:33,4/25/2013,19:58:33,0.00,12.27,74.59,965.65,238
4/25/2013 19:58:48,4/25/2013,19:58:48,1.11,12.27,74.09,965.64,330
4/25/2013 19:59:03,4/25/2013,19:59:03,0.49,12.25,74.30,965.65,267
4/25/2013 19:59:18,4/25/2013,19:59:18,0.00,12.27,74.50,965.65,340
4/25/2013 19:59:33,4/25/2013,19:59:33,0.00,12.27,75.40,965.64,334
4/25/2013 19:59:48,4/25/2013,19:59:48,0.41,12.25,74.40,965.62,294
4/25/2013 20:00:03,4/25/2013,20:00:03,1.11,12.19,74.50,965.60,339
4/25/2013 20:00:18,4/25/2013,20:00:18,0.52,12.19,75.09,965.60,252
4/25/2013 20:00:33,4/25/2013,20:00:33,0.00,12.19,74.69,965.60,196
4/25/2013 20:00:48,4/25/2013,20:00:48,0.00,12.19,75.69,965.59,324
4/25/2013 20:01:03,4/25/2013,20:01:03,0.00,12.19,75.69,965.60,294
4/25/2013 20:01:18,4/25/2013,20:01:18,0.22,12.17,75.09,965.60,295
4/25/2013 20:01:33,4/25/2013,20:01:33,0.16,12.17,74.90,965.59,288
4/25/2013 20:01:48,4/25/2013,20:01:48,0.00,12.17,76.30,965.60,300
4/25/2013 20:02:03,4/25/2013,20:02:03,0.00,12.12,76.40,965.61,272
4/25/2013 20:02:18,4/25/2013,20:02:18,0.00,12.12,75.90,965.60,308
4/25/2013 20:02:33,4/25/2013,20:02:33,0.00,12.12,75.59,965.61,299
4/25/2013 20:02:48,4/25/2013,20:02:48,0.00,12.12,75.69,965.61,282
4/25/2013 20:03:03,4/25/2013,20:03:03,0.00,12.10,74.80,965.61,349
4/25/2013 20:03:18,4/25/2013,20:03:18,0.00,12.10,75.30,965.60,267
4/25/2013 20:03:33,4/25/2013,20:03:33,0.00,12.05,76.30,965.61,331
4/25/2013 20:03:48,4/25/2013,20:03:48,0.00,12.05,76.00,965.63,341
4/25/2013 20:04:03,4/25/2013,20:04:03,0.00,12.05,74.80,965.63,214
4/25/2013 20:04:18,4/25/2013,20:04:18,0.30,12.05,75.19,965.60,231
4/25/2013 20:04:33,4/25/2013,20:04:33,0.00,12.05,75.50,965.62,286
4/25/2013 20:04:48,4/25/2013,20:04:48,1.30,12.05,74.80,965.61,309
4/25/2013 20:05:03,4/25/2013,20:05:03,0.40,12.05,75.80,965.61,206
4/25/2013 20:05:18,4/25/2013,20:05:18,0.00,12.00,76.90,965.61,296
4/25/2013 20:05:33,4/25/2013,20:05:33,0.00,11.97,75.90,965.63,272
4/25/2013 20:05:48,4/25/2013,20:05:48,0.22,11.97,75.09,965.61,293
4/25/2013 20:06:03,4/25/2013,20:06:03,0.61,11.97,75.30,965.60,300
4/25/2013 20:06:18,4/25/2013,20:06:18,0.15,11.97,75.40,965.60,205
4/25/2013 20:06:33,4/25/2013,20:06:33,0.52,11.97,75.30,965.60,320
4/25/2013 20:06:48,4/25/2013,20:06:48,1.51,11.97,74.90,965.55,330
4/25/2013 20:07:03,4/25/2013,20:07:03,0.49,11.92,75.50,965.59,276
4/25/2013 20:07:18,4/25/2013,20:07:18,0.00,11.92,76.50,965.60,225
4/25/2013 20:07:33,4/25/2013,20:07:33,0.00,11.89,75.80,965.60,221
4/25/2013 20:07:48,4/25/2013,20:07:48,0.00,11.89,76.50,965.60,274
4/25/2013 20:08:03,4/25/2013,20:08:03,0.00,11.85,76.69,965.60,334
4/25/2013 20:08:18,4/25/2013,20:08:18,0.00,11.80,76.90,965.59,274
4/25/2013 20:08:33,4/25/2013,20:08:33,0.00,11.85,77.90,965.59,278
4/25/2013 20:08:48,4/25/2013,20:08:48,0.00,11.80,78.00,965.59,295
4/25/2013 20:09:03,4/25/2013,20:09:03,0.00,11.80,77.40,965.61,216
4/25/2013 20:09:18,4/25/2013,20:09:18,0.00,11.77,77.30,965.63,310
4/25/2013 20:09:33,4/25/2013,20:09:33,0.00,11.80,76.59,965.63,301
4/25/2013 20:09:48,4/25/2013,20:09:48,0.00,11.80,76.69,965.64,296
4/25/2013 20:10:03,4/25/2013,20:10:03,0.00,11.77,76.40,965.64,260
4/25/2013 20:10:18,4/25/2013,20:10:18,0.00,11.72,77.19,965.64,308
4/25/2013 20:10:33,4/25/2013,20:10:33,0.00,11.69,76.90,965.65,323
4/25/2013 20:10:48,4/25/2013,20:10:48,0.00,11.69,76.90,965.64,326
4/25/2013 20:11:03,4/25/2013,20:11:03,0.00,11.69,76.19,965.63,343
4/25/2013 20:11:18,4/25/2013,20:11:18,1.51,11.72,76.19,965.62,323
4/25/2013 20:11:33,4/25/2013,20:11:33,0.84,11.69,76.59,965.62,321
4/25/2013 20:11:48,4/25/2013,20:11:48,0.34,11.69,77.09,965.63,332
4/25/2013 20:12:03,4/25/2013,20:12:03,0.69,11.64,76.80,965.64,326
4/25/2013 20:12:18,4/25/2013,20:12:18,1.01,11.64,76.80,965.61,327
4/25/2013 20:12:33,4/25/2013,20:12:33,1.26,11.57,77.30,965.60,327
4/25/2013 20:12:48,4/25/2013,20:12:48,0.80,11.57,77.40,965.57,295
4/25/2013 20:13:03,4/25/2013,20:13:03,0.49,11.62,77.00,965.61,311
4/25/2013 20:13:18,4/25/2013,20:13:18,0.00,11.64,77.30,965.62,305
4/25/2013 20:13:33,4/25/2013,20:13:33,0.00,11.57,77.19,965.62,302
4/25/2013 20:13:48,4/25/2013,20:13:48,0.00,11.57,77.19,965.62,308
4/25/2013 20:14:03,4/25/2013,20:14:03,1.45,11.64,76.59,965.62,325
4/25/2013 20:14:18,4/25/2013,20:14:18,0.87,11.57,77.59,965.60,263
4/25/2013 20:14:33,4/25/2013,20:14:33,0.08,11.52,78.09,965.61,236
4/25/2013 20:14:48,4/25/2013,20:14:48,0.00,11.50,78.09,965.63,137
4/25/2013 20:15:03,4/25/2013,20:15:03,0.00,11.50,79.00,965.62,127
4/25/2013 20:15:18,4/25/2013,20:15:18,0.00,11.50,78.50,965.60,64
4/25/2013 20:15:33,4/25/2013,20:15:33,0.00,11.50,77.50,965.59,10
4/25/2013 20:15:48,4/25/2013,20:15:48,0.00,11.42,77.80,965.60,325
4/25/2013 20:16:03,4/25/2013,20:16:03,0.00,11.44,78.50,965.60,256
4/25/2013 20:16:18,4/25/2013,20:16:18,0.00,11.42,77.50,965.57,126
4/25/2013 20:16:33,4/25/2013,20:16:33,0.00,11.42,78.09,965.57,299
4/25/2013 20:16:48,4/25/2013,20:16:48,0.00,11.44,77.50,965.56,232
4/25/2013 20:17:03,4/25/2013,20:17:03,0.00,11.44,78.30,965.56,280
4/25/2013 20:17:18,4/25/2013,20:17:18,0.00,11.42,78.40,965.56,295
4/25/2013 20:17:33,4/25/2013,20:17:33,0.00,11.42,78.00,965.57,313
4/25/2013 20:17:48,4/25/2013,20:17:48,0.00,11.37,78.30,965.55,317
4/25/2013 20:18:03,4/25/2013,20:18:03,0.00,11.32,78.30,965.54,281
4/25/2013 20:18:18,4/25/2013,20:18:18,0.00,11.32,78.69,965.54,236
4/25/2013 20:18:33,4/25/2013,20:18:33,0.00,11.32,77.69,965.50,195
4/25/2013 20:18:48,4/25/2013,20:18:48,0.00,11.32,78.19,965.50,210
4/25/2013 20:19:03,4/25/2013,20:19:03,0.00,11.25,78.09,965.50,214
4/25/2013 20:19:18,4/25/2013,20:19:18,0.00,11.25,78.00,965.50,205
4/25/2013 20:19:33,4/25/2013,20:19:33,0.00,11.25,78.90,965.50,342
4/25/2013 20:19:48,4/25/2013,20:19:48,0.00,11.25,80.30,965.52,286
4/25/2013 20:20:03,4/25/2013,20:20:03,0.00,11.25,80.09,965.52,295
4/25/2013 20:20:18,4/25/2013,20:20:18,0.00,11.25,79.09,965.53,295
4/25/2013 20:20:33,4/25/2013,20:20:33,0.00,11.25,80.19,965.53,279
4/25/2013 20:20:48,4/25/2013,20:20:48,0.00,11.17,79.90,965.53,270
4/25/2013 20:21:03,4/25/2013,20:21:03,0.00,11.17,79.50,965.53,270
4/25/2013 20:21:18,4/25/2013,20:21:18,0.00,11.14,79.30,965.52,261
4/25/2013 20:21:33,4/25/2013,20:21:33,0.00,11.10,79.50,965.52,280
4/25/2013 20:21:48,4/25/2013,20:21:48,0.00,11.10,80.40,965.50,306
4/25/2013 20:22:03,4/25/2013,20:22:03,0.00,11.10,80.59,965.50,304
4/25/2013 20:22:18,4/25/2013,20:22:18,0.00,11.10,81.50,965.47,297
4/25/2013 20:22:33,4/25/2013,20:22:33,0.00,11.05,81.30,965.47,298
4/25/2013 20:22:48,4/25/2013,20:22:48,0.00,11.02,81.40,965.48,308
4/25/2013 20:23:03,4/25/2013,20:23:03,0.00,11.02,81.59,965.48,306
4/25/2013 20:23:18,4/25/2013,20:23:18,0.00,11.02,81.69,965.47,282
4/25/2013 20:23:33,4/25/2013,20:23:33,0.00,11.02,82.00,965.46,228
4/25/2013 20:23:48,4/25/2013,20:23:48,0.00,11.02,80.30,965.45,205
4/25/2013 20:24:03,4/25/2013,20:24:03,0.00,10.97,79.80,965.45,191
4/25/2013 20:24:18,4/25/2013,20:24:18,0.00,11.02,80.00,965.45,310
4/25/2013 20:24:33,4/25/2013,20:24:33,0.00,11.02,79.80,965.44,328
4/25/2013 20:24:48,4/25/2013,20:24:48,0.00,10.97,80.00,965.44,285
4/25/2013 20:25:03,4/25/2013,20:25:03,0.00,10.97,80.90,965.44,278
4/25/2013 20:25:18,4/25/2013,20:25:18,0.00,10.94,81.19,965.44,281
4/25/2013 20:25:33,4/25/2013,20:25:33,0.00,10.89,81.40,965.45,282
4/25/2013 20:25:48,4/25/2013,20:25:48,0.00,10.89,81.09,965.45,300
4/25/2013 20:26:03,4/25/2013,20:26:03,0.00,10.87,81.30,965.44,300
4/25/2013 20:26:18,4/25/2013,20:26:18,0.00,10.87,81.19,965.44,299
4/25/2013 20:26:33,4/25/2013,20:26:33,0.00,10.82,80.90,965.44,237
4/25/2013 20:26:48,4/25/2013,20:26:48,0.00,10.82,81.00,965.45,237
4/25/2013 20:27:03,4/25/2013,20:27:03,0.00,10.77,80.59,965.44,239
4/25/2013 20:27:18,4/25/2013,20:27:18,0.00,10.77,80.50,965.44,239
4/25/2013 20:27:33,4/25/2013,20:27:33,0.00,10.77,80.40,965.42,240
4/25/2013 20:27:48,4/25/2013,20:27:48,0.00,10.75,80.40,965.44,247
4/25/2013 20:28:03,4/25/2013,20:28:03,0.00,10.69,80.59,965.44,263
4/25/2013 20:28:18,4/25/2013,20:28:18,0.00,10.69,80.80,965.45,262
4/25/2013 20:28:33,4/25/2013,20:28:33,0.00,10.67,80.69,965.47,262
4/25/2013 20:28:48,4/25/2013,20:28:48,0.00,10.67,80.80,965.47,262
4/25/2013 20:29:03,4/25/2013,20:29:03,0.00,10.62,81.30,965.48,292
4/25/2013 20:29:18,4/25/2013,20:29:18,0.00,10.62,81.90,965.48,292
4/25/2013 20:29:33,4/25/2013,20:29:33,0.00,10.62,81.50,965.48,265
4/25/2013 20:29:48,4/25/2013,20:29:48,0.00,10.57,81.09,965.48,195
4/25/2013 20:30:03,4/25/2013,20:30:03,0.00,10.57,81.00,965.49,195
4/25/2013 20:30:18,4/25/2013,20:30:18,0.00,10.57,81.19,965.49,195
4/25/2013 20:30:33,4/25/2013,20:30:33,0.00,10.57,81.59,965.49,308
4/25/2013 20:30:48,4/25/2013,20:30:48,0.00,10.55,82.50,965.50,307
4/25/2013 20:31:03,4/25/2013,20:31:03,0.00,10.55,82.90,965.50,269
4/25/2013 20:31:18,4/25/2013,20:31:18,0.00,10.55,82.90,965.52,270
4/25/2013 20:31:33,4/25/2013,20:31:33,0.00,10.50,82.59,965.53,270
4/25/2013 20:31:48,4/25/2013,20:31:48,0.00,10.50,82.50,965.52,270
4/25/2013 20:32:03,4/25/2013,20:32:03,0.00,10.47,82.40,965.53,270
4/25/2013 20:32:18,4/25/2013,20:32:18,0.00,10.47,82.09,965.53,270
4/25/2013 20:32:33,4/25/2013,20:32:33,0.00,10.47,82.00,965.53,214
4/25/2013 20:32:48,4/25/2013,20:32:48,0.00,10.47,81.80,965.53,216
4/25/2013 20:33:03,4/25/2013,20:33:03,0.00,10.47,81.80,965.53,215
4/25/2013 20:33:18,4/25/2013,20:33:18,0.00,10.47,81.80,965.52,215
4/25/2013 20:33:33,4/25/2013,20:33:33,0.00,10.47,81.59,965.52,216
4/25/2013 20:33:48,4/25/2013,20:33:48,0.00,10.42,81.59,965.52,216
4/25/2013 20:34:03,4/25/2013,20:34:03,0.00,10.42,81.59,965.52,217
4/25/2013 20:34:18,4/25/2013,20:34:18,0.00,10.39,81.80,965.49,217
4/25/2013 20:34:33,4/25/2013,20:34:33,0.00,10.39,82.30,965.48,218
4/25/2013 20:34:48,4/25/2013,20:34:48,0.00,10.39,82.09,965.46,218
4/25/2013 20:35:03,4/25/2013,20:35:03,0.00,10.39,82.00,965.47,259
4/25/2013 20:35:18,4/25/2013,20:35:18,0.00,10.39,82.50,965.47,280
4/25/2013 20:35:33,4/25/2013,20:35:33,0.00,10.39,82.50,965.46,280
4/25/2013 20:35:48,4/25/2013,20:35:48,0.00,10.30,82.50,965.47,279
4/25/2013 20:36:03,4/25/2013,20:36:03,0.00,10.30,82.30,965.47,279
4/25/2013 20:36:18,4/25/2013,20:36:18,0.00,10.30,82.80,965.47,278
4/25/2013 20:36:33,4/25/2013,20:36:33,0.00,10.30,83.30,965.47,279
4/25/2013 20:36:48,4/25/2013,20:36:48,0.00,10.27,83.50,965.49,280
4/25/2013 20:37:03,4/25/2013,20:37:03,0.00,10.27,83.40,965.47,279
4/25/2013 20:37:18,4/25/2013,20:37:18,0.00,10.22,83.19,965.47,279
4/25/2013 20:37:33,4/25/2013,20:37:33,0.00,10.22,83.00,965.48,279
4/25/2013 20:37:48,4/25/2013,20:37:48,0.00,10.22,83.00,965.47,278
4/25/2013 20:38:03,4/25/2013,20:38:03,0.00,10.22,83.40,965.47,280
4/25/2013 20:38:18,4/25/2013,20:38:18,0.00,10.19,83.69,965.48,280
4/25/2013 20:38:33,4/25/2013,20:38:33,0.00,10.19,83.80,965.48,279
4/25/2013 20:38:48,4/25/2013,20:38:48,0.00,10.19,84.09,965.48,279
4/25/2013 20:39:03,4/25/2013,20:39:03,0.00,10.14,84.30,965.46,279
4/25/2013 20:39:18,4/25/2013,20:39:18,0.00,10.14,84.69,965.46,280
4/25/2013 20:39:33,4/25/2013,20:39:33,0.00,10.14,84.80,965.47,280
4/25/2013 20:39:48,4/25/2013,20:39:48,0.00,10.14,84.69,965.50,280
4/25/2013 20:40:03,4/25/2013,20:40:03,0.00,10.10,84.59,965.49,280
4/25/2013 20:40:18,4/25/2013,20:40:18,0.00,10.07,84.50,965.49,279
4/25/2013 20:40:33,4/25/2013,20:40:33,0.00,10.07,84.50,965.48,280
4/25/2013 20:40:48,4/25/2013,20:40:48,0.00,10.07,84.90,965.48,280
4/25/2013 20:41:03,4/25/2013,20:41:03,0.00,10.07,85.19,965.48,280
4/25/2013 20:41:18,4/25/2013,20:41:18,0.00,10.07,85.19,965.48,280
4/25/2013 20:41:33,4/25/2013,20:41:33,0.00,10.07,85.69,965.48,279
4/25/2013 20:41:48,4/25/2013,20:41:48,0.00,10.07,86.09,965.48,279
4/25/2013 20:42:03,4/25/2013,20:42:03,0.00,10.07,86.19,965.49,279
4/25/2013 20:42:18,4/25/2013,20:42:18,0.00,10.02,86.19,965.49,280
4/25/2013 20:42:33,4/25/2013,20:42:33,0.00,10.00,86.19,965.49,280
4/25/2013 20:42:48,4/25/2013,20:42:48,0.00,10.00,86.00,965.49,280
4/25/2013 20:43:03,4/25/2013,20:43:03,0.00,10.00,85.90,965.49,308
4/25/2013 20:43:18,4/25/2013,20:43:18,0.00,10.00,85.80,965.49,308
4/25/2013 20:43:33,4/25/2013,20:43:33,0.00,10.00,85.69,965.49,308
4/25/2013 20:43:48,4/25/2013,20:43:48,0.00,10.00,85.40,965.53,308
4/25/2013 20:44:03,4/25/2013,20:44:03,0.00,9.94,85.09,965.53,308
4/25/2013 20:44:18,4/25/2013,20:44:18,0.00,9.92,85.00,965.52,308
4/25/2013 20:44:33,4/25/2013,20:44:33,0.00,9.94,85.09,965.52,308
4/25/2013 20:44:48,4/25/2013,20:44:48,0.00,9.92,85.40,965.52,308
4/25/2013 20:45:03,4/25/2013,20:45:03,0.00,9.92,85.69,965.53,308
4/25/2013 20:45:18,4/25/2013,20:45:18,0.00,9.92,86.00,965.53,308
4/25/2013 20:45:33,4/25/2013,20:45:33,0.00,9.92,86.09,965.55,309
4/25/2013 20:45:48,4/25/2013,20:45:48,0.00,9.92,86.30,965.52,309
4/25/2013 20:46:03,4/25/2013,20:46:03,0.00,9.87,86.30,965.52,309
4/25/2013 20:46:18,4/25/2013,20:46:18,0.00,9.92,85.69,965.52,318
4/25/2013 20:46:33,4/25/2013,20:46:33,0.00,9.92,85.40,965.53,288
4/25/2013 20:46:48,4/25/2013,20:46:48,0.00,9.92,85.69,965.54,286
4/25/2013 20:47:03,4/25/2013,20:47:03,0.00,9.92,85.80,965.52,286
4/25/2013 20:47:18,4/25/2013,20:47:18,0.00,9.92,85.90,965.52,288
4/25/2013 20:47:33,4/25/2013,20:47:33,0.00,9.87,86.00,965.54,288
4/25/2013 20:47:48,4/25/2013,20:47:48,0.00,9.87,86.19,965.54,289
4/25/2013 20:48:03,4/25/2013,20:48:03,0.00,9.87,86.19,965.54,288
4/25/2013 20:48:18,4/25/2013,20:48:18,0.00,9.82,86.00,965.53,288
4/25/2013 20:48:33,4/25/2013,20:48:33,0.00,9.82,85.69,965.53,288
4/25/2013 20:48:48,4/25/2013,20:48:48,0.00,9.87,85.30,965.53,288
4/25/2013 20:49:03,4/25/2013,20:49:03,0.00,9.87,85.40,965.54,339
4/25/2013 20:49:18,4/25/2013,20:49:18,0.00,9.87,85.19,965.54,285
4/25/2013 20:49:33,4/25/2013,20:49:33,0.00,9.87,85.30,965.54,274
4/25/2013 20:49:48,4/25/2013,20:49:48,0.00,9.92,85.00,965.53,255
4/25/2013 20:50:03,4/25/2013,20:50:03,0.00,9.92,84.50,965.55,238
4/25/2013 20:50:18,4/25/2013,20:50:18,0.00,9.92,84.19,965.57,241
4/25/2013 20:50:33,4/25/2013,20:50:33,0.00,9.94,84.09,965.59,241
4/25/2013 20:50:48,4/25/2013,20:50:48,0.00,9.92,84.09,965.57,238
4/25/2013 20:51:03,4/25/2013,20:51:03,0.00,9.92,84.19,965.59,238
4/25/2013 20:51:18,4/25/2013,20:51:18,0.00,9.92,84.30,965.59,243
4/25/2013 20:51:33,4/25/2013,20:51:33,0.00,9.92,84.40,965.60,240
4/25/2013 20:51:48,4/25/2013,20:51:48,0.00,9.92,84.50,965.61,239
4/25/2013 20:52:03,4/25/2013,20:52:03,0.00,9.94,84.40,965.62,220
4/25/2013 20:52:18,4/25/2013,20:52:18,0.00,9.94,84.19,965.63,217
4/25/2013 20:52:33,4/25/2013,20:52:33,0.00,10.00,84.00,965.63,221
4/25/2013 20:52:48,4/25/2013,20:52:48,0.00,10.00,84.09,965.63,232
4/25/2013 20:53:03,4/25/2013,20:53:03,0.00,10.00,84.50,965.63,217
4/25/2013 20:53:18,4/25/2013,20:53:18,0.00,10.00,85.00,965.63,242
4/25/2013 20:53:33,4/25/2013,20:53:33,0.00,9.94,84.90,965.64,235
4/25/2013 20:53:48,4/25/2013,20:53:48,0.00,9.92,84.90,965.65,256
4/25/2013 20:54:03,4/25/2013,20:54:03,0.00,9.92,85.19,965.65,263
4/25/2013 20:54:18,4/25/2013,20:54:18,0.00,9.94,85.59,965.67,293
4/25/2013 20:54:33,4/25/2013,20:54:33,0.00,9.92,85.19,965.65,285
4/25/2013 20:54:48,4/25/2013,20:54:48,0.00,9.92,85.80,965.65,281
4/25/2013 20:55:03,4/25/2013,20:55:03,0.00,9.92,86.19,965.67,281
4/25/2013 20:55:18,4/25/2013,20:55:18,0.00,9.92,86.00,965.67,281
4/25/2013 20:55:33,4/25/2013,20:55:33,0.00,9.92,85.59,965.69,281
4/25/2013 20:55:48,4/25/2013,20:55:48,0.00,9.92,86.09,965.67,301
4/25/2013 20:56:03,4/25/2013,20:56:03,0.00,10.00,86.30,965.69,268
4/25/2013 20:56:18,4/25/2013,20:56:18,0.00,10.00,85.40,965.69,272
4/25/2013 20:56:33,4/25/2013,20:56:33,0.00,10.07,85.30,965.69,181
4/25/2013 20:56:48,4/25/2013,20:56:48,0.00,10.07,84.59,965.69,247
4/25/2013 20:57:03,4/25/2013,20:57:03,0.00,10.14,84.59,965.68,270
4/25/2013 20:57:18,4/25/2013,20:57:18,0.00,10.14,84.19,965.69,294
4/25/2013 20:57:33,4/25/2013,20:57:33,0.00,10.10,84.40,965.68,282
4/25/2013 20:57:48,4/25/2013,20:57:48,0.00,10.14,84.59,965.69,234
4/25/2013 20:58:03,4/25/2013,20:58:03,0.00,10.14,83.90,965.69,269
4/25/2013 20:58:18,4/25/2013,20:58:18,0.00,10.07,84.50,965.69,234
4/25/2013 20:58:33,4/25/2013,20:58:33,0.00,10.07,84.50,965.71,234
4/25/2013 20:58:48,4/25/2013,20:58:48,0.00,10.07,84.80,965.71,234
4/25/2013 20:59:03,4/25/2013,20:59:03,0.00,10.07,85.00,965.71,240
4/25/2013 20:59:18,4/25/2013,20:59:18,0.00,10.00,85.09,965.71,309
4/25/2013 20:59:33,4/25/2013,20:59:33,0.00,10.02,85.09,965.71,258
4/25/2013 20:59:48,4/25/2013,20:59:48,0.00,10.02,85.40,965.72,260
4/25/2013 21:00:03,4/25/2013,21:00:03,0.00,10.02,85.59,965.71,279
4/25/2013 21:00:18,4/25/2013,21:00:18,0.00,10.07,85.09,965.72,263
4/25/2013 21:00:33,4/25/2013,21:00:33,0.00,10.07,85.09,965.72,213
4/25/2013 21:00:48,4/25/2013,21:00:48,0.00,10.07,84.59,965.74,238
4/25/2013 21:01:03,4/25/2013,21:01:03,0.00,10.07,84.59,965.72,245
4/25/2013 21:01:18,4/25/2013,21:01:18,0.00,10.19,84.19,965.71,278
4/25/2013 21:01:33,4/25/2013,21:01:33,0.68,10.30,83.80,965.71,274
4/25/2013 21:01:48,4/25/2013,21:01:48,0.33,10.30,84.00,965.71,307
4/25/2013 21:02:03,4/25/2013,21:02:03,0.00,10.22,84.50,965.70,300
4/25/2013 21:02:18,4/25/2013,21:02:18,0.00,10.22,85.19,965.70,296
4/25/2013 21:02:33,4/25/2013,21:02:33,0.00,10.14,85.50,965.70,296
4/25/2013 21:02:48,4/25/2013,21:02:48,0.00,10.14,85.50,965.70,184
4/25/2013 21:03:03,4/25/2013,21:03:03,0.00,10.14,85.40,965.69,76
4/25/2013 21:03:18,4/25/2013,21:03:18,0.00,10.27,85.09,965.70,282
4/25/2013 21:03:33,4/25/2013,21:03:33,0.00,10.22,84.30,965.70,1
4/25/2013 21:03:48,4/25/2013,21:03:48,0.00,10.30,84.59,965.70,308
4/25/2013 21:04:03,4/25/2013,21:04:03,0.00,10.30,84.30,965.69,294
4/25/2013 21:04:18,4/25/2013,21:04:18,0.00,10.39,83.90,965.70,205
4/25/2013 21:04:33,4/25/2013,21:04:33,1.19,10.50,83.30,965.68,320
4/25/2013 21:04:48,4/25/2013,21:04:48,0.90,10.55,83.00,965.65,262
4/25/2013 21:05:03,4/25/2013,21:05:03,0.05,10.47,83.50,965.67,325
4/25/2013 21:05:18,4/25/2013,21:05:18,1.24,10.55,83.40,965.64,352
4/25/2013 21:05:33,4/25/2013,21:05:33,0.80,10.50,83.80,965.64,332
4/25/2013 21:05:48,4/25/2013,21:05:48,0.05,10.42,83.80,965.67,314
4/25/2013 21:06:03,4/25/2013,21:06:03,0.00,10.47,84.00,965.70,321
4/25/2013 21:06:18,4/25/2013,21:06:18,0.31,10.50,83.69,965.68,259
4/25/2013 21:06:33,4/25/2013,21:06:33,0.23,10.55,83.80,965.69,277
4/25/2013 21:06:48,4/25/2013,21:06:48,0.49,10.55,83.40,965.68,288
4/25/2013 21:07:03,4/25/2013,21:07:03,0.29,10.55,83.59,965.70,335
4/25/2013 21:07:18,4/25/2013,21:07:18,0.00,10.47,83.90,965.72,247
4/25/2013 21:07:33,4/25/2013,21:07:33,0.00,10.47,84.30,965.72,297
4/25/2013 21:07:48,4/25/2013,21:07:48,0.00,10.47,84.40,965.72,258
4/25/2013 21:08:03,4/25/2013,21:08:03,0.00,10.42,84.59,965.72,28
4/25/2013 21:08:18,4/25/2013,21:08:18,0.11,10.47,84.30,965.71,353
4/25/2013 21:08:33,4/25/2013,21:08:33,0.00,10.47,84.09,965.71,323
4/25/2013 21:08:48,4/25/2013,21:08:48,0.00,10.47,84.09,965.72,290
4/25/2013 21:09:03,4/25/2013,21:09:03,0.00,10.42,84.40,965.71,181
4/25/2013 21:09:18,4/25/2013,21:09:18,0.00,10.47,84.90,965.71,280
4/25/2013 21:09:33,4/25/2013,21:09:33,0.00,10.50,84.50,965.71,347
4/25/2013 21:09:48,4/25/2013,21:09:48,1.26,10.57,84.09,965.69,309
4/25/2013 21:10:03,4/25/2013,21:10:03,0.72,10.57,83.40,965.71,221
4/25/2013 21:10:18,4/25/2013,21:10:18,0.00,10.55,83.40,965.75,223
4/25/2013 21:10:33,4/25/2013,21:10:33,0.00,10.55,83.40,965.74,286
4/25/2013 21:10:48,4/25/2013,21:10:48,0.00,10.55,84.40,965.74,228
4/25/2013 21:11:03,4/25/2013,21:11:03,0.00,10.55,84.00,965.76,202
4/25/2013 21:11:18,4/25/2013,21:11:18,0.00,10.62,84.30,965.74,284
4/25/2013 21:11:33,4/25/2013,21:11:33,0.00,10.57,83.80,965.71,285
4/25/2013 21:11:48,4/25/2013,21:11:48,0.00,10.57,83.40,965.72,280
4/25/2013 21:12:03,4/25/2013,21:12:03,0.00,10.55,83.59,965.71,308
4/25/2013 21:12:18,4/25/2013,21:12:18,0.00,10.55,83.50,965.72,304
4/25/2013 21:12:33,4/25/2013,21:12:33,0.00,10.57,83.90,965.71,290
4/25/2013 21:12:48,4/25/2013,21:12:48,0.00,10.62,83.90,965.72,3
4/25/2013 21:13:03,4/25/2013,21:13:03,0.00,10.57,83.50,965.72,330
4/25/2013 21:13:18,4/25/2013,21:13:18,0.00,10.57,83.50,965.72,271
4/25/2013 21:13:33,4/25/2013,21:13:33,0.00,10.55,83.69,965.71,230
4/25/2013 21:13:48,4/25/2013,21:13:48,0.00,10.50,84.09,965.70,270
4/25/2013 21:14:03,4/25/2013,21:14:03,0.00,10.50,84.50,965.71,298
4/25/2013 21:14:18,4/25/2013,21:14:18,0.00,10.55,83.90,965.71,333
4/25/2013 21:14:33,4/25/2013,21:14:33,0.00,10.55,84.00,965.71,289
4/25/2013 21:14:48,4/25/2013,21:14:48,0.00,10.50,84.00,965.69,232
4/25/2013 21:15:03,4/25/2013,21:15:03,0.00,10.50,85.00,965.69,263
4/25/2013 21:15:18,4/25/2013,21:15:18,0.00,10.47,84.69,965.70,305
4/25/2013 21:15:33,4/25/2013,21:15:33,0.00,10.50,84.09,965.69,193
4/25/2013 21:15:48,4/25/2013,21:15:48,0.00,10.47,84.30,965.69,267
4/25/2013 21:16:03,4/25/2013,21:16:03,0.00,10.47,84.59,965.70,285
4/25/2013 21:16:18,4/25/2013,21:16:18,0.00,10.47,84.50,965.69,300
4/25/2013 21:16:33,4/25/2013,21:16:33,0.00,10.47,84.40,965.69,283
4/25/2013 21:16:48,4/25/2013,21:16:48,0.00,10.50,84.59,965.68,283
4/25/2013 21:17:03,4/25/2013,21:17:03,0.00,10.47,84.09,965.67,287
4/25/2013 21:17:18,4/25/2013,21:17:18,0.00,10.47,84.59,965.67,296
4/25/2013 21:17:33,4/25/2013,21:17:33,0.00,10.47,84.19,965.68,298
4/25/2013 21:17:48,4/25/2013,21:17:48,0.00,10.42,84.50,965.68,248
4/25/2013 21:18:03,4/25/2013,21:18:03,0.00,10.42,84.69,965.68,66
4/25/2013 21:18:18,4/25/2013,21:18:18,0.00,10.39,84.59,965.68,192
4/25/2013 21:18:33,4/25/2013,21:18:33,0.00,10.39,85.19,965.67,320
4/25/2013 21:18:48,4/25/2013,21:18:48,0.00,10.42,85.19,965.68,270
4/25/2013 21:19:03,4/25/2013,21:19:03,0.00,10.39,84.69,965.68,306
4/25/2013 21:19:18,4/25/2013,21:19:18,0.00,10.39,84.50,965.69,304
4/25/2013 21:19:33,4/25/2013,21:19:33,0.00,10.42,84.80,965.69,265
4/25/2013 21:19:48,4/25/2013,21:19:48,0.00,10.35,85.09,965.68,278
4/25/2013 21:20:03,4/25/2013,21:20:03,0.00,10.30,85.09,965.68,234
4/25/2013 21:20:18,4/25/2013,21:20:18,0.00,10.39,85.40,965.69,278
4/25/2013 21:20:33,4/25/2013,21:20:33,0.00,10.39,84.50,965.68,311
4/25/2013 21:20:48,4/25/2013,21:20:48,0.00,10.39,84.09,965.68,272
4/25/2013 21:21:03,4/25/2013,21:21:03,0.00,10.35,84.50,965.69,194
4/25/2013 21:21:18,4/25/2013,21:21:18,0.00,10.30,84.19,965.69,230
4/25/2013 21:21:33,4/25/2013,21:21:33,0.00,10.30,84.90,965.70,271
4/25/2013 21:21:48,4/25/2013,21:21:48,0.62,10.39,84.59,965.68,306
4/25/2013 21:22:03,4/25/2013,21:22:03,0.05,10.35,85.19,965.69,263
4/25/2013 21:22:18,4/25/2013,21:22:18,0.00,10.35,85.30,965.69,281
4/25/2013 21:22:33,4/25/2013,21:22:33,0.00,10.30,85.80,965.68,272
4/25/2013 21:22:48,4/25/2013,21:22:48,0.00,10.30,85.59,965.69,265
4/25/2013 21:23:03,4/25/2013,21:23:03,0.47,10.35,84.69,965.68,239
4/25/2013 21:23:18,4/25/2013,21:23:18,0.00,10.30,84.90,965.68,274
4/25/2013 21:23:33,4/25/2013,21:23:33,0.00,10.30,84.80,965.69,279
4/25/2013 21:23:48,4/25/2013,21:23:48,0.00,10.30,84.90,965.69,187
4/25/2013 21:24:03,4/25/2013,21:24:03,0.00,10.22,84.90,965.68,5
4/25/2013 21:24:18,4/25/2013,21:24:18,0.00,10.27,85.09,965.68,170
4/25/2013 21:24:33,4/25/2013,21:24:33,0.27,10.27,84.40,965.65,217
4/25/2013 21:24:48,4/25/2013,21:24:48,0.00,10.22,84.40,965.65,209
4/25/2013 21:25:03,4/25/2013,21:25:03,0.00,10.22,84.59,965.67,280
4/25/2013 21:25:18,4/25/2013,21:25:18,0.00,10.22,84.69,965.68,300
4/25/2013 21:25:33,4/25/2013,21:25:33,0.00,10.22,85.19,965.68,302
4/25/2013 21:25:48,4/25/2013,21:25:48,0.00,10.22,85.80,965.70,294
4/25/2013 21:26:03,4/25/2013,21:26:03,0.00,10.22,85.09,965.70,285
4/25/2013 21:26:18,4/25/2013,21:26:18,0.00,10.22,84.69,965.71,297
4/25/2013 21:26:33,4/25/2013,21:26:33,0.00,10.19,84.80,965.71,18
4/25/2013 21:26:48,4/25/2013,21:26:48,0.00,10.22,84.90,965.71,285
4/25/2013 21:27:03,4/25/2013,21:27:03,0.00,10.22,84.90,965.71,308
4/25/2013 21:27:18,4/25/2013,21:27:18,0.00,10.22,84.69,965.74,304
4/25/2013 21:27:33,4/25/2013,21:27:33,0.00,10.22,84.69,965.75,306
4/25/2013 21:27:48,4/25/2013,21:27:48,0.00,10.19,84.69,965.75,288
4/25/2013 21:28:03,4/25/2013,21:28:03,0.00,10.14,85.09,965.75,285
4/25/2013 21:28:18,4/25/2013,21:28:18,0.00,10.14,85.30,965.78,288
4/25/2013 21:28:33,4/25/2013,21:28:33,0.00,10.14,85.59,965.78,263
4/25/2013 21:28:48,4/25/2013,21:28:48,0.00,10.10,86.00,965.77,302
4/25/2013 21:29:03,4/25/2013,21:29:03,0.00,10.07,86.00,965.76,304
4/25/2013 21:29:18,4/25/2013,21:29:18,0.00,10.07,85.90,965.77,306
4/25/2013 21:29:33,4/25/2013,21:29:33,0.00,10.07,85.90,965.77,296
4/25/2013 21:29:48,4/25/2013,21:29:48,0.49,10.14,85.09,965.78,322
4/25/2013 21:30:03,4/25/2013,21:30:03,0.59,10.14,84.90,965.76,329
4/25/2013 21:30:18,4/25/2013,21:30:18,0.94,10.19,84.80,965.74,342
4/25/2013 21:30:33,4/25/2013,21:30:33,0.55,10.14,84.80,965.75,296
4/25/2013 21:30:48,4/25/2013,21:30:48,0.00,10.10,85.09,965.76,293
4/25/2013 21:31:03,4/25/2013,21:31:03,0.00,10.10,85.19,965.77,214
4/25/2013 21:31:18,4/25/2013,21:31:18,0.00,10.07,85.50,965.77,226
4/25/2013 21:31:33,4/25/2013,21:31:33,0.00,10.07,85.19,965.77,323
4/25/2013 21:31:48,4/25/2013,21:31:48,0.00,10.07,85.30,965.78,296
4/25/2013 21:32:03,4/25/2013,21:32:03,0.00,10.02,85.59,965.77,300
4/25/2013 21:32:18,4/25/2013,21:32:18,0.00,10.02,85.90,965.76,279
4/25/2013 21:32:33,4/25/2013,21:32:33,0.00,10.00,86.40,965.76,308
4/25/2013 21:32:48,4/25/2013,21:32:48,0.00,10.00,86.19,965.78,318
4/25/2013 21:33:03,4/25/2013,21:33:03,0.00,10.00,85.59,965.78,282
4/25/2013 21:33:18,4/25/2013,21:33:18,0.00,10.00,85.40,965.77,299
4/25/2013 21:33:33,4/25/2013,21:33:33,0.00,9.94,85.50,965.78,293
4/25/2013 21:33:48,4/25/2013,21:33:48,0.00,9.94,86.00,965.78,295
4/25/2013 21:34:03,4/25/2013,21:34:03,0.00,9.94,86.09,965.78,293
4/25/2013 21:34:18,4/25/2013,21:34:18,0.00,9.92,86.50,965.77,297
4/25/2013 21:34:33,4/25/2013,21:34:33,0.00,9.92,86.40,965.77,296
4/25/2013 21:34:48,4/25/2013,21:34:48,0.00,9.92,86.80,965.78,282
4/25/2013 21:35:03,4/25/2013,21:35:03,0.00,9.92,86.80,965.77,295
4/25/2013 21:35:18,4/25/2013,21:35:18,0.00,9.87,87.19,965.76,287
4/25/2013 21:35:33,4/25/2013,21:35:33,0.00,9.92,87.19,965.76,283
4/25/2013 21:35:48,4/25/2013,21:35:48,0.00,9.82,87.19,965.75,246
4/25/2013 21:36:03,4/25/2013,21:36:03,0.00,9.82,87.00,965.76,291
4/25/2013 21:36:18,4/25/2013,21:36:18,0.00,9.87,87.00,965.77,291
4/25/2013 21:36:33,4/25/2013,21:36:33,0.00,9.82,86.69,965.76,293
4/25/2013 21:36:48,4/25/2013,21:36:48,0.00,9.82,87.19,965.77,282
4/25/2013 21:37:03,4/25/2013,21:37:03,0.00,9.80,87.40,965.78,287
4/25/2013 21:37:18,4/25/2013,21:37:18,0.00,9.82,87.00,965.78,16
4/25/2013 21:37:33,4/25/2013,21:37:33,0.00,9.82,86.50,965.78,265
4/25/2013 21:37:48,4/25/2013,21:37:48,0.00,9.82,87.00,965.78,215
4/25/2013 21:38:03,4/25/2013,21:38:03,0.00,9.80,86.80,965.78,282
4/25/2013 21:38:18,4/25/2013,21:38:18,0.00,9.82,86.90,965.78,285
4/25/2013 21:38:33,4/25/2013,21:38:33,0.00,9.80,87.00,965.78,233
4/25/2013 21:38:48,4/25/2013,21:38:48,0.00,9.75,86.59,965.78,237
4/25/2013 21:39:03,4/25/2013,21:39:03,0.00,9.75,86.50,965.79,279
4/25/2013 21:39:18,4/25/2013,21:39:18,0.00,9.82,86.90,965.79,283
4/25/2013 21:39:33,4/25/2013,21:39:33,0.00,9.82,86.69,965.79,304
4/25/2013 21:39:48,4/25/2013,21:39:48,0.00,9.80,86.30,965.79,301
4/25/2013 21:40:03,4/25/2013,21:40:03,0.00,9.82,86.59,965.79,275
4/25/2013 21:40:18,4/25/2013,21:40:18,0.00,9.75,86.80,965.78,271
4/25/2013 21:40:33,4/25/2013,21:40:33,0.00,9.82,87.19,965.79,281
4/25/2013 21:40:48,4/25/2013,21:40:48,0.00,9.75,87.09,965.79,260
4/25/2013 21:41:03,4/25/2013,21:41:03,0.00,9.75,87.09,965.78,302
4/25/2013 21:41:18,4/25/2013,21:41:18,0.00,9.75,87.30,965.78,271
4/25/2013 21:41:33,4/25/2013,21:41:33,0.00,9.75,87.40,965.79,289
4/25/2013 21:41:48,4/25/2013,21:41:48,0.00,9.72,87.30,965.79,275
4/25/2013 21:42:03,4/25/2013,21:42:03,0.00,9.72,87.30,965.79,191
4/25/2013 21:42:18,4/25/2013,21:42:18,0.00,9.67,87.09,965.81,297
4/25/2013 21:42:33,4/25/2013,21:42:33,0.00,9.67,87.09,965.81,258
4/25/2013 21:42:48,4/25/2013,21:42:48,0.00,9.67,87.00,965.78,281
4/25/2013 21:43:03,4/25/2013,21:43:03,0.00,9.67,87.40,965.78,279
4/25/2013 21:43:18,4/25/2013,21:43:18,0.00,9.64,87.80,965.78,279
4/25/2013 21:43:33,4/25/2013,21:43:33,0.00,9.60,87.90,965.77,278
4/25/2013 21:43:48,4/25/2013,21:43:48,0.00,9.55,87.80,965.77,280
4/25/2013 21:44:03,4/25/2013,21:44:03,0.00,9.60,87.80,965.78,283
4/25/2013 21:44:18,4/25/2013,21:44:18,0.00,9.55,87.80,965.79,283
4/25/2013 21:44:33,4/25/2013,21:44:33,0.00,9.55,88.00,965.79,289
4/25/2013 21:44:48,4/25/2013,21:44:48,0.00,9.52,88.09,965.81,288
4/25/2013 21:45:03,4/25/2013,21:45:03,0.00,9.52,88.00,965.81,213
4/25/2013 21:45:18,4/25/2013,21:45:18,0.00,9.52,87.69,965.79,160
4/25/2013 21:45:33,4/25/2013,21:45:33,0.00,9.52,87.69,965.81,340
4/25/2013 21:45:48,4/25/2013,21:45:48,0.00,9.52,87.69,965.78,227
4/25/2013 21:46:03,4/25/2013,21:46:03,0.00,9.55,88.00,965.78,230
4/25/2013 21:46:18,4/25/2013,21:46:18,0.00,9.55,87.69,965.77,185
4/25/2013 21:46:33,4/25/2013,21:46:33,0.00,9.55,87.19,965.78,192
4/25/2013 21:46:48,4/25/2013,21:46:48,0.00,9.52,87.09,965.77,263
4/25/2013 21:47:03,4/25/2013,21:47:03,0.00,9.52,87.19,965.78,279
4/25/2013 21:47:18,4/25/2013,21:47:18,0.00,9.52,87.50,965.79,279
4/25/2013 21:47:33,4/25/2013,21:47:33,0.00,9.44,88.00,965.81,273
4/25/2013 21:47:48,4/25/2013,21:47:48,0.00,9.44,88.19,965.78,214
4/25/2013 21:48:03,4/25/2013,21:48:03,0.00,9.44,88.19,965.78,214
4/25/2013 21:48:18,4/25/2013,21:48:18,0.00,9.44,87.90,965.78,216
4/25/2013 21:48:33,4/25/2013,21:48:33,0.00,9.44,87.90,965.78,327
4/25/2013 21:48:48,4/25/2013,21:48:48,0.00,9.44,88.00,965.79,307
4/25/2013 21:49:03,4/25/2013,21:49:03,0.00,9.39,88.09,965.78,276
4/25/2013 21:49:18,4/25/2013,21:49:18,0.00,9.39,88.09,965.79,259
4/25/2013 21:49:33,4/25/2013,21:49:33,0.00,9.35,88.00,965.82,260
4/25/2013 21:49:48,4/25/2013,21:49:48,0.00,9.35,88.00,965.83,326
4/25/2013 21:50:03,4/25/2013,21:50:03,0.00,9.35,88.00,965.82,337
4/25/2013 21:50:18,4/25/2013,21:50:18,0.00,9.35,88.00,965.82,326
4/25/2013 21:50:33,4/25/2013,21:50:33,0.00,9.35,88.09,965.82,96
4/25/2013 21:50:48,4/25/2013,21:50:48,0.00,9.35,88.09,965.81,172
4/25/2013 21:51:03,4/25/2013,21:51:03,0.00,9.35,88.09,965.79,208
4/25/2013 21:51:18,4/25/2013,21:51:18,0.00,9.32,88.09,965.79,266
4/25/2013 21:51:33,4/25/2013,21:51:33,0.00,9.32,88.09,965.79,342
4/25/2013 21:51:48,4/25/2013,21:51:48,0.00,9.35,88.19,965.79,292
4/25/2013 21:52:03,4/25/2013,21:52:03,0.00,9.35,88.40,965.79,274
4/25/2013 21:52:18,4/25/2013,21:52:18,0.00,9.32,88.50,965.78,285
4/25/2013 21:52:33,4/25/2013,21:52:33,0.00,9.35,88.59,965.78,322
4/25/2013 21:52:48,4/25/2013,21:52:48,0.00,9.35,88.50,965.79,303
4/25/2013 21:53:03,4/25/2013,21:53:03,0.00,9.35,88.50,965.78,261
4/25/2013 21:53:18,4/25/2013,21:53:18,0.00,9.35,88.59,965.78,202
4/25/2013 21:53:33,4/25/2013,21:53:33,0.00,9.35,88.30,965.78,325
4/25/2013 21:53:48,4/25/2013,21:53:48,0.00,9.39,88.50,965.79,285
4/25/2013 21:54:03,4/25/2013,21:54:03,0.00,9.39,88.80,965.79,285
4/25/2013 21:54:18,4/25/2013,21:54:18,0.00,9.35,88.90,965.81,292
4/25/2013 21:54:33,4/25/2013,21:54:33,0.00,9.39,89.09,965.81,272
4/25/2013 21:54:48,4/25/2013,21:54:48,0.00,9.39,89.19,965.81,266
4/25/2013 21:55:03,4/25/2013,21:55:03,0.00,9.39,89.09,965.82,214
4/25/2013 21:55:18,4/25/2013,21:55:18,0.00,9.35,88.80,965.83,245
4/25/2013 21:55:33,4/25/2013,21:55:33,0.00,9.35,88.59,965.83,285
4/25/2013 21:55:48,4/25/2013,21:55:48,0.00,9.35,88.59,965.84,297
4/25/2013 21:56:03,4/25/2013,21:56:03,0.00,9.35,88.69,965.83,297
4/25/2013 21:56:18,4/25/2013,21:56:18,0.00,9.35,88.90,965.82,297
4/25/2013 21:56:33,4/25/2013,21:56:33,0.00,9.32,89.09,965.83,297
4/25/2013 21:56:48,4/25/2013,21:56:48,0.00,9.32,89.09,965.83,268
4/25/2013 21:57:03,4/25/2013,21:57:03,0.00,9.32,89.09,965.83,266
4/25/2013 21:57:18,4/25/2013,21:57:18,0.00,9.27,89.09,965.84,267
4/25/2013 21:57:33,4/25/2013,21:57:33,0.00,9.27,88.90,965.82,243
4/25/2013 21:57:48,4/25/2013,21:57:48,0.00,9.27,88.80,965.81,245
4/25/2013 21:58:03,4/25/2013,21:58:03,0.00,9.27,88.69,965.81,245
4/25/2013 21:58:18,4/25/2013,21:58:18,0.00,9.32,88.59,965.79,329
4/25/2013 21:58:33,4/25/2013,21:58:33,0.00,9.35,88.69,965.79,278
4/25/2013 21:58:48,4/25/2013,21:58:48,0.00,9.39,88.80,965.77,221
4/25/2013 21:59:03,4/25/2013,21:59:03,0.00,9.35,89.00,965.79,231
4/25/2013 21:59:18,4/25/2013,21:59:18,0.00,9.32,89.00,965.78,310
4/25/2013 21:59:33,4/25/2013,21:59:33,0.00,9.35,89.09,965.81,299
4/25/2013 21:59:48,4/25/2013,21:59:48,0.00,9.35,89.09,965.82,248
4/25/2013 22:00:03,4/25/2013,22:00:03,0.00,9.44,88.80,965.81,262
4/25/2013 22:00:18,4/25/2013,22:00:18,0.00,9.35,88.40,965.82,275
4/25/2013 22:00:33,4/25/2013,22:00:33,0.00,9.35,88.40,965.82,230
4/25/2013 22:00:48,4/25/2013,22:00:48,0.00,9.35,88.50,965.81,282
4/25/2013 22:01:03,4/25/2013,22:01:03,0.00,9.35,88.80,965.81,282
4/25/2013 22:01:18,4/25/2013,22:01:18,0.00,9.35,89.00,965.82,280
4/25/2013 22:01:33,4/25/2013,22:01:33,0.00,9.32,89.00,965.82,243
4/25/2013 22:01:48,4/25/2013,22:01:48,0.00,9.35,88.69,965.81,252
4/25/2013 22:02:03,4/25/2013,22:02:03,0.00,9.35,88.40,965.81,262
4/25/2013 22:02:18,4/25/2013,22:02:18,0.00,9.35,88.59,965.81,245
4/25/2013 22:02:33,4/25/2013,22:02:33,0.00,9.35,88.40,965.78,235
4/25/2013 22:02:48,4/25/2013,22:02:48,0.00,9.32,88.19,965.77,278
4/25/2013 22:03:03,4/25/2013,22:03:03,0.00,9.32,88.19,965.78,221
4/25/2013 22:03:18,4/25/2013,22:03:18,0.00,9.35,87.90,965.78,228
4/25/2013 22:03:33,4/25/2013,22:03:33,0.00,9.35,87.69,965.78,214
4/25/2013 22:03:48,4/25/2013,22:03:48,0.00,9.32,87.69,965.78,248
4/25/2013 22:04:03,4/25/2013,22:04:03,0.00,9.27,87.90,965.77,242
4/25/2013 22:04:18,4/25/2013,22:04:18,0.00,9.32,88.09,965.78,357
4/25/2013 22:04:33,4/25/2013,22:04:33,0.00,9.32,88.00,965.78,252
4/25/2013 22:04:48,4/25/2013,22:04:48,0.00,9.35,87.90,965.78,222
4/25/2013 22:05:03,4/25/2013,22:05:03,0.00,9.32,87.69,965.77,223
4/25/2013 22:05:18,4/25/2013,22:05:18,0.00,9.35,87.80,965.77,245
4/25/2013 22:05:33,4/25/2013,22:05:33,0.00,9.32,87.69,965.76,212
4/25/2013 22:05:48,4/25/2013,22:05:48,0.00,9.35,87.80,965.77,235
4/25/2013 22:06:03,4/25/2013,22:06:03,0.00,9.32,87.69,965.77,246
4/25/2013 22:06:18,4/25/2013,22:06:18,0.44,9.35,87.69,965.76,243
4/25/2013 22:06:33,4/25/2013,22:06:33,0.00,9.35,87.69,965.75,230
4/25/2013 22:06:48,4/25/2013,22:06:48,0.00,9.32,87.69,965.76,219
4/25/2013 22:07:03,4/25/2013,22:07:03,0.00,9.27,87.59,965.76,245
4/25/2013 22:07:18,4/25/2013,22:07:18,0.00,9.27,87.69,965.74,240
4/25/2013 22:07:33,4/25/2013,22:07:33,0.00,9.27,87.69,965.74,235
4/25/2013 22:07:48,4/25/2013,22:07:48,0.00,9.27,87.80,965.75,239
4/25/2013 22:08:03,4/25/2013,22:08:03,0.00,9.25,87.80,965.74,231
4/25/2013 22:08:18,4/25/2013,22:08:18,0.00,9.19,87.80,965.75,239
4/25/2013 22:08:33,4/25/2013,22:08:33,0.00,9.19,87.80,965.75,230
4/25/2013 22:08:48,4/25/2013,22:08:48,0.00,9.19,87.90,965.75,211
4/25/2013 22:09:03,4/25/2013,22:09:03,0.00,9.19,88.00,965.75,199
4/25/2013 22:09:18,4/25/2013,22:09:18,0.00,9.19,88.00,965.75,217
4/25/2013 22:09:33,4/25/2013,22:09:33,0.00,9.19,88.09,965.75,196
4/25/2013 22:09:48,4/25/2013,22:09:48,0.00,9.19,88.09,965.75,258
4/25/2013 22:10:03,4/25/2013,22:10:03,0.00,9.19,88.09,965.75,227
4/25/2013 22:10:18,4/25/2013,22:10:18,0.00,9.19,88.19,965.75,231
4/25/2013 22:10:33,4/25/2013,22:10:33,0.00,9.27,88.30,965.75,282
4/25/2013 22:10:48,4/25/2013,22:10:48,0.00,9.27,88.19,965.75,214
4/25/2013 22:11:03,4/25/2013,22:11:03,0.00,9.19,88.19,965.74,231
4/25/2013 22:11:18,4/25/2013,22:11:18,0.00,9.19,88.30,965.75,238
4/25/2013 22:11:33,4/25/2013,22:11:33,0.00,9.25,88.40,965.75,206
4/25/2013 22:11:48,4/25/2013,22:11:48,0.00,9.27,88.30,965.75,227
4/25/2013 22:12:03,4/25/2013,22:12:03,0.00,9.27,88.19,965.75,217
4/25/2013 22:12:18,4/25/2013,22:12:18,0.00,9.25,88.19,965.74,248
4/25/2013 22:12:33,4/25/2013,22:12:33,0.00,9.19,88.19,965.75,282
4/25/2013 22:12:48,4/25/2013,22:12:48,0.00,9.19,88.50,965.75,271
4/25/2013 22:13:03,4/25/2013,22:13:03,0.00,9.17,88.90,965.75,273
4/25/2013 22:13:18,4/25/2013,22:13:18,0.00,9.19,89.19,965.75,288
4/25/2013 22:13:33,4/25/2013,22:13:33,0.00,9.25,89.40,965.75,300
4/25/2013 22:13:48,4/25/2013,22:13:48,0.00,9.19,89.40,965.76,302
4/25/2013 22:14:03,4/25/2013,22:14:03,0.00,9.19,89.30,965.76,306
4/25/2013 22:14:18,4/25/2013,22:14:18,0.00,9.19,89.30,965.78,299
4/25/2013 22:14:33,4/25/2013,22:14:33,0.00,9.17,89.40,965.78,297
4/25/2013 22:14:48,4/25/2013,22:14:48,0.00,9.12,89.50,965.78,301
4/25/2013 22:15:03,4/25/2013,22:15:03,0.00,9.17,89.59,965.77,332
4/25/2013 22:15:18,4/25/2013,22:15:18,0.00,9.12,89.50,965.78,346
4/25/2013 22:15:33,4/25/2013,22:15:33,0.00,9.17,89.40,965.81,296
4/25/2013 22:15:48,4/25/2013,22:15:48,0.00,9.17,89.19,965.81,290
4/25/2013 22:16:03,4/25/2013,22:16:03,0.00,9.19,89.19,965.82,246
4/25/2013 22:16:18,4/25/2013,22:16:18,0.00,9.19,89.50,965.82,208
4/25/2013 22:16:33,4/25/2013,22:16:33,0.00,9.17,89.19,965.82,210
4/25/2013 22:16:48,4/25/2013,22:16:48,0.00,9.17,89.00,965.84,260
4/25/2013 22:17:03,4/25/2013,22:17:03,0.00,9.12,88.90,965.84,248
4/25/2013 22:17:18,4/25/2013,22:17:18,0.00,9.12,89.00,965.83,220
4/25/2013 22:17:33,4/25/2013,22:17:33,0.00,9.12,89.00,965.82,301
4/25/2013 22:17:48,4/25/2013,22:17:48,0.00,9.07,89.00,965.81,278
4/25/2013 22:18:03,4/25/2013,22:18:03,0.00,9.07,89.00,965.79,314
4/25/2013 22:18:18,4/25/2013,22:18:18,0.00,9.05,89.09,965.78,314
4/25/2013 22:18:33,4/25/2013,22:18:33,0.00,9.05,89.09,965.79,311
4/25/2013 22:18:48,4/25/2013,22:18:48,0.00,9.07,89.19,965.78,284
4/25/2013 22:19:03,4/25/2013,22:19:03,0.00,9.12,89.40,965.78,198
4/25/2013 22:19:18,4/25/2013,22:19:18,0.00,9.12,89.19,965.77,189
4/25/2013 22:19:33,4/25/2013,22:19:33,0.00,9.07,89.00,965.76,212
4/25/2013 22:19:48,4/25/2013,22:19:48,0.00,9.12,88.90,965.76,210
4/25/2013 22:20:03,4/25/2013,22:20:03,0.74,9.27,88.80,965.70,218
4/25/2013 22:20:18,4/25/2013,22:20:18,0.56,9.19,88.59,965.69,194
4/25/2013 22:20:33,4/25/2013,22:20:33,0.00,9.19,88.59,965.70,249
4/25/2013 22:20:48,4/25/2013,22:20:48,0.43,9.19,88.69,965.71,249
4/25/2013 22:21:03,4/25/2013,22:21:03,0.99,9.32,88.69,965.69,216
4/25/2013 22:21:18,4/25/2013,22:21:18,0.48,9.27,88.40,965.69,245
4/25/2013 22:21:33,4/25/2013,22:21:33,0.00,9.25,88.50,965.72,227
4/25/2013 22:21:48,4/25/2013,22:21:48,1.05,9.35,88.59,965.68,221
4/25/2013 22:22:03,4/25/2013,22:22:03,0.61,9.35,88.50,965.68,266
4/25/2013 22:22:18,4/25/2013,22:22:18,0.00,9.25,88.80,965.70,276
4/25/2013 22:22:33,4/25/2013,22:22:33,0.00,9.27,89.09,965.71,202
4/25/2013 22:22:48,4/25/2013,22:22:48,0.18,9.27,89.00,965.69,270
4/25/2013 22:23:03,4/25/2013,22:23:03,0.00,9.25,88.90,965.69,227
4/25/2013 22:23:18,4/25/2013,22:23:18,0.00,9.25,89.00,965.70,248
4/25/2013 22:23:33,4/25/2013,22:23:33,0.00,9.19,89.00,965.68,250
4/25/2013 22:23:48,4/25/2013,22:23:48,0.00,9.17,89.00,965.68,261
4/25/2013 22:24:03,4/25/2013,22:24:03,0.00,9.19,89.00,965.68,295
4/25/2013 22:24:18,4/25/2013,22:24:18,0.00,9.17,89.09,965.68,265
4/25/2013 22:24:33,4/25/2013,22:24:33,0.00,9.19,89.09,965.67,259
4/25/2013 22:24:48,4/25/2013,22:24:48,0.00,9.17,89.09,965.67,214
4/25/2013 22:25:03,4/25/2013,22:25:03,0.00,9.19,89.09,965.67,236
4/25/2013 22:25:18,4/25/2013,22:25:18,0.00,9.19,89.00,965.67,263
4/25/2013 22:25:33,4/25/2013,22:25:33,0.00,9.19,89.09,965.67,267
4/25/2013 22:25:48,4/25/2013,22:25:48,0.00,9.17,89.30,965.67,257
4/25/2013 22:26:03,4/25/2013,22:26:03,0.00,9.12,89.40,965.67,296
4/25/2013 22:26:18,4/25/2013,22:26:18,0.00,9.12,89.40,965.67,220
4/25/2013 22:26:33,4/25/2013,22:26:33,0.00,9.17,89.40,965.65,207
4/25/2013 22:26:48,4/25/2013,22:26:48,0.00,9.19,89.09,965.64,221
4/25/2013 22:27:03,4/25/2013,22:27:03,0.73,9.27,88.90,965.61,218
4/25/2013 22:27:18,4/25/2013,22:27:18,0.45,9.25,88.80,965.61,250
4/25/2013 22:27:33,4/25/2013,22:27:33,0.44,9.32,88.90,965.59,257
4/25/2013 22:27:48,4/25/2013,22:27:48,0.90,9.32,88.69,965.55,189
4/25/2013 22:28:03,4/25/2013,22:28:03,0.62,9.27,88.69,965.55,192
4/25/2013 22:28:18,4/25/2013,22:28:18,0.31,9.27,88.69,965.55,247
4/25/2013 22:28:33,4/25/2013,22:28:33,0.37,9.27,88.69,965.56,243
4/25/2013 22:28:48,4/25/2013,22:28:48,0.00,9.27,88.59,965.56,232
4/25/2013 22:29:03,4/25/2013,22:29:03,0.80,9.32,88.59,965.54,227
4/25/2013 22:29:18,4/25/2013,22:29:18,0.97,9.35,88.59,965.52,254
4/25/2013 22:29:33,4/25/2013,22:29:33,0.09,9.32,88.59,965.53,219
4/25/2013 22:29:48,4/25/2013,22:29:48,0.00,9.32,88.59,965.54,275
4/25/2013 22:30:03,4/25/2013,22:30:03,0.00,9.27,88.59,965.53,257
4/25/2013 22:30:18,4/25/2013,22:30:18,0.00,9.27,88.80,965.53,210
4/25/2013 22:30:33,4/25/2013,22:30:33,0.00,9.27,88.90,965.52,214
4/25/2013 22:30:48,4/25/2013,22:30:48,0.00,9.27,88.80,965.53,228
4/25/2013 22:31:03,4/25/2013,22:31:03,0.00,9.27,88.69,965.52,234
4/25/2013 22:31:18,4/25/2013,22:31:18,0.00,9.32,88.69,965.50,223
4/25/2013 22:31:33,4/25/2013,22:31:33,0.41,9.32,88.59,965.49,220
4/25/2013 22:31:48,4/25/2013,22:31:48,0.62,9.35,88.50,965.48,213
4/25/2013 22:32:03,4/25/2013,22:32:03,0.38,9.35,88.50,965.49,238
4/25/2013 22:32:18,4/25/2013,22:32:18,0.62,9.39,88.59,965.47,205
4/25/2013 22:32:33,4/25/2013,22:32:33,0.24,9.35,88.50,965.48,190
4/25/2013 22:32:48,4/25/2013,22:32:48,0.19,9.39,88.50,965.49,219
4/25/2013 22:33:03,4/25/2013,22:33:03,0.80,9.44,88.40,965.47,232
4/25/2013 22:33:18,4/25/2013,22:33:18,0.91,9.47,88.30,965.46,243
4/25/2013 22:33:33,4/25/2013,22:33:33,0.00,9.44,88.30,965.47,236
4/25/2013 22:33:48,4/25/2013,22:33:48,0.00,9.44,88.40,965.49,250
4/25/2013 22:34:03,4/25/2013,22:34:03,0.00,9.39,88.50,965.49,208
4/25/2013 22:34:18,4/25/2013,22:34:18,0.88,9.44,88.30,965.46,246
4/25/2013 22:34:33,4/25/2013,22:34:33,0.76,9.47,88.30,965.45,191
4/25/2013 22:34:48,4/25/2013,22:34:48,0.00,9.44,88.30,965.47,244
4/25/2013 22:35:03,4/25/2013,22:35:03,0.00,9.44,88.50,965.48,265
4/25/2013 22:35:18,4/25/2013,22:35:18,0.00,9.35,88.69,965.48,265
4/25/2013 22:35:33,4/25/2013,22:35:33,0.00,9.35,88.80,965.49,244
4/25/2013 22:35:48,4/25/2013,22:35:48,0.00,9.39,88.80,965.50,196
4/25/2013 22:36:03,4/25/2013,22:36:03,0.00,9.44,88.59,965.49,220
4/25/2013 22:36:18,4/25/2013,22:36:18,0.00,9.44,88.40,965.49,223
4/25/2013 22:36:33,4/25/2013,22:36:33,0.00,9.47,88.40,965.48,223
4/25/2013 22:36:48,4/25/2013,22:36:48,0.27,9.47,88.30,965.49,208
4/25/2013 22:37:03,4/25/2013,22:37:03,0.00,9.44,88.30,965.49,217
4/25/2013 22:37:18,4/25/2013,22:37:18,0.00,9.44,88.30,965.49,222
4/25/2013 22:37:33,4/25/2013,22:37:33,0.00,9.44,88.40,965.50,200
4/25/2013 22:37:48,4/25/2013,22:37:48,0.70,9.52,88.30,965.47,258
4/25/2013 22:38:03,4/25/2013,22:38:03,0.00,9.52,88.30,965.48,231
4/25/2013 22:38:18,4/25/2013,22:38:18,0.36,9.52,88.19,965.49,242
4/25/2013 22:38:33,4/25/2013,22:38:33,0.00,9.47,88.19,965.50,223
4/25/2013 22:38:48,4/25/2013,22:38:48,0.00,9.52,88.30,965.50,212
4/25/2013 22:39:03,4/25/2013,22:39:03,0.00,9.52,88.50,965.52,199
4/25/2013 22:39:18,4/25/2013,22:39:18,0.65,9.52,88.19,965.49,256
4/25/2013 22:39:33,4/25/2013,22:39:33,0.08,9.52,88.09,965.48,221
4/25/2013 22:39:48,4/25/2013,22:39:48,0.11,9.55,88.09,965.47,259
4/25/2013 22:40:03,4/25/2013,22:40:03,0.00,9.55,88.09,965.48,196
4/25/2013 22:40:18,4/25/2013,22:40:18,0.00,9.52,88.09,965.52,205
4/25/2013 22:40:33,4/25/2013,22:40:33,0.45,9.60,88.09,965.50,222
4/25/2013 22:40:48,4/25/2013,22:40:48,0.41,9.55,88.00,965.52,220
4/25/2013 22:41:03,4/25/2013,22:41:03,0.41,9.60,88.00,965.53,254
4/25/2013 22:41:18,4/25/2013,22:41:18,0.00,9.60,88.19,965.54,229
4/25/2013 22:41:33,4/25/2013,22:41:33,0.00,9.60,88.19,965.55,222
4/25/2013 22:41:48,4/25/2013,22:41:48,0.00,9.60,88.30,965.55,210
4/25/2013 22:42:03,4/25/2013,22:42:03,0.00,9.55,88.30,965.54,187
4/25/2013 22:42:18,4/25/2013,22:42:18,0.00,9.55,88.30,965.54,226
4/25/2013 22:42:33,4/25/2013,22:42:33,0.00,9.60,88.30,965.54,286
4/25/2013 22:42:48,4/25/2013,22:42:48,0.00,9.60,88.19,965.55,213
4/25/2013 22:43:03,4/25/2013,22:43:03,0.00,9.60,88.19,965.54,227
4/25/2013 22:43:18,4/25/2013,22:43:18,0.00,9.60,88.19,965.54,231
4/25/2013 22:43:33,4/25/2013,22:43:33,0.00,9.64,88.40,965.53,230
4/25/2013 22:43:48,4/25/2013,22:43:48,0.00,9.60,88.30,965.54,245
4/25/2013 22:44:03,4/25/2013,22:44:03,0.00,9.67,88.30,965.54,219
4/25/2013 22:44:18,4/25/2013,22:44:18,0.00,9.67,88.19,965.55,275
4/25/2013 22:44:33,4/25/2013,22:44:33,0.00,9.72,88.00,965.54,216
4/25/2013 22:44:48,4/25/2013,22:44:48,0.66,9.75,87.80,965.52,241
4/25/2013 22:45:03,4/25/2013,22:45:03,0.54,9.72,87.80,965.52,235
4/25/2013 22:45:18,4/25/2013,22:45:18,0.66,9.75,87.69,965.52,217
4/25/2013 22:45:33,4/25/2013,22:45:33,0.33,9.75,87.69,965.50,244
4/25/2013 22:45:48,4/25/2013,22:45:48,0.00,9.75,87.80,965.52,227
4/25/2013 22:46:03,4/25/2013,22:46:03,0.80,9.75,87.69,965.49,217
4/25/2013 22:46:18,4/25/2013,22:46:18,0.69,9.75,87.50,965.50,232
4/25/2013 22:46:33,4/25/2013,22:46:33,0.00,9.75,87.69,965.54,241
4/25/2013 22:46:48,4/25/2013,22:46:48,0.00,9.75,87.90,965.54,288
4/25/2013 22:47:03,4/25/2013,22:47:03,0.00,9.75,88.09,965.55,275
4/25/2013 22:47:18,4/25/2013,22:47:18,0.00,9.75,88.19,965.55,283
4/25/2013 22:47:33,4/25/2013,22:47:33,0.00,9.75,88.30,965.56,290
4/25/2013 22:47:48,4/25/2013,22:47:48,0.00,9.80,88.30,965.56,287
4/25/2013 22:48:03,4/25/2013,22:48:03,0.00,9.80,88.30,965.54,193
4/25/2013 22:48:18,4/25/2013,22:48:18,0.00,9.80,87.90,965.53,239
4/25/2013 22:48:33,4/25/2013,22:48:33,0.00,9.80,87.69,965.53,196
4/25/2013 22:48:48,4/25/2013,22:48:48,0.00,9.80,87.69,965.54,269
4/25/2013 22:49:03,4/25/2013,22:49:03,0.00,9.82,88.09,965.54,268
4/25/2013 22:49:18,4/25/2013,22:49:18,0.37,9.82,88.00,965.52,190
4/25/2013 22:49:33,4/25/2013,22:49:33,0.00,9.82,87.69,965.52,274
4/25/2013 22:49:48,4/25/2013,22:49:48,0.00,9.87,87.90,965.53,233
4/25/2013 22:50:03,4/25/2013,22:50:03,0.00,9.82,87.80,965.53,280
4/25/2013 22:50:18,4/25/2013,22:50:18,0.00,9.82,87.80,965.53,244
4/25/2013 22:50:33,4/25/2013,22:50:33,0.00,9.82,88.00,965.52,300
4/25/2013 22:50:48,4/25/2013,22:50:48,0.00,9.82,88.40,965.52,286
4/25/2013 22:51:03,4/25/2013,22:51:03,0.00,9.82,88.69,965.52,198
4/25/2013 22:51:18,4/25/2013,22:51:18,0.00,9.82,88.40,965.50,206
4/25/2013 22:51:33,4/25/2013,22:51:33,0.00,9.82,88.09,965.49,221
4/25/2013 22:51:48,4/25/2013,22:51:48,0.00,9.87,88.19,965.49,293
4/25/2013 22:52:03,4/25/2013,22:52:03,0.00,9.87,88.59,965.49,220
4/25/2013 22:52:18,4/25/2013,22:52:18,0.05,9.82,88.09,965.49,205
4/25/2013 22:52:33,4/25/2013,22:52:33,0.00,9.87,87.69,965.48,260
4/25/2013 22:52:48,4/25/2013,22:52:48,0.00,9.82,87.69,965.48,247
4/25/2013 22:53:03,4/25/2013,22:53:03,0.00,9.87,87.80,965.49,246
4/25/2013 22:53:18,4/25/2013,22:53:18,0.30,9.92,87.59,965.47,259
4/25/2013 22:53:33,4/25/2013,22:53:33,0.36,9.87,87.69,965.46,275
4/25/2013 22:53:48,4/25/2013,22:53:48,0.00,9.92,87.80,965.47,237
4/25/2013 22:54:03,4/25/2013,22:54:03,0.11,9.92,87.59,965.48,209
4/25/2013 22:54:18,4/25/2013,22:54:18,0.00,9.87,87.59,965.47,233
4/25/2013 22:54:33,4/25/2013,22:54:33,0.00,9.87,87.69,965.47,234
4/25/2013 22:54:48,4/25/2013,22:54:48,0.48,9.92,87.59,965.46,282
4/25/2013 22:55:03,4/25/2013,22:55:03,0.13,9.92,87.80,965.47,269
4/25/2013 22:55:18,4/25/2013,22:55:18,0.00,9.92,88.09,965.46,270
4/25/2013 22:55:33,4/25/2013,22:55:33,0.00,9.92,88.30,965.44,237
4/25/2013 22:55:48,4/25/2013,22:55:48,0.00,9.92,88.09,965.45,235
4/25/2013 22:56:03,4/25/2013,22:56:03,0.47,9.92,87.80,965.44,252
4/25/2013 22:56:18,4/25/2013,22:56:18,0.33,9.92,87.59,965.42,282
4/25/2013 22:56:33,4/25/2013,22:56:33,0.00,9.92,88.00,965.42,268
4/25/2013 22:56:48,4/25/2013,22:56:48,0.00,9.92,88.30,965.42,270
4/25/2013 22:57:03,4/25/2013,22:57:03,0.00,9.92,88.40,965.42,260
4/25/2013 22:57:18,4/25/2013,22:57:18,0.00,9.92,88.40,965.41,324
4/25/2013 22:57:33,4/25/2013,22:57:33,0.00,9.92,88.59,965.42,293
4/25/2013 22:57:48,4/25/2013,22:57:48,0.00,9.92,88.90,965.40,270
4/25/2013 22:58:03,4/25/2013,22:58:03,0.00,9.92,88.80,965.40,275
4/25/2013 22:58:18,4/25/2013,22:58:18,0.00,9.92,88.80,965.41,276
4/25/2013 22:58:33,4/25/2013,22:58:33,0.00,9.92,88.80,965.39,269
4/25/2013 22:58:48,4/25/2013,22:58:48,0.00,9.92,88.80,965.37,259
4/25/2013 22:59:03,4/25/2013,22:59:03,0.00,9.92,88.59,965.38,273
4/25/2013 22:59:18,4/25/2013,22:59:18,0.00,9.92,88.40,965.38,221
4/25/2013 22:59:33,4/25/2013,22:59:33,0.00,9.94,87.80,965.35,237
4/25/2013 22:59:48,4/25/2013,22:59:48,0.30,9.94,87.59,965.35,161
4/25/2013 23:00:03,4/25/2013,23:00:03,1.23,9.94,87.30,965.32,215
4/25/2013 23:00:18,4/25/2013,23:00:18,1.08,9.94,87.09,965.32,236
4/25/2013 23:00:33,4/25/2013,23:00:33,0.38,9.94,87.19,965.33,260
4/25/2013 23:00:48,4/25/2013,23:00:48,0.00,9.94,87.19,965.34,196
4/25/2013 23:01:03,4/25/2013,23:01:03,0.00,9.94,87.30,965.35,227
4/25/2013 23:01:18,4/25/2013,23:01:18,0.00,9.92,87.30,965.37,268
4/25/2013 23:01:33,4/25/2013,23:01:33,0.00,9.94,87.40,965.34,255
4/25/2013 23:01:48,4/25/2013,23:01:48,0.00,9.94,87.40,965.34,233
4/25/2013 23:02:03,4/25/2013,23:02:03,0.00,9.92,87.40,965.34,212
4/25/2013 23:02:18,4/25/2013,23:02:18,0.00,9.94,87.50,965.34,239
4/25/2013 23:02:33,4/25/2013,23:02:33,0.00,9.92,87.69,965.34,228
4/25/2013 23:02:48,4/25/2013,23:02:48,0.00,9.92,87.59,965.34,304
4/25/2013 23:03:03,4/25/2013,23:03:03,0.00,9.92,87.80,965.34,287
4/25/2013 23:03:18,4/25/2013,23:03:18,0.00,9.92,88.09,965.34,262
4/25/2013 23:03:33,4/25/2013,23:03:33,0.00,9.92,88.09,965.34,241
4/25/2013 23:03:48,4/25/2013,23:03:48,0.79,9.92,87.40,965.33,227
4/25/2013 23:04:03,4/25/2013,23:04:03,0.31,9.92,87.30,965.34,223
4/25/2013 23:04:18,4/25/2013,23:04:18,0.00,9.92,87.40,965.34,241
4/25/2013 23:04:33,4/25/2013,23:04:33,0.00,9.92,87.50,965.34,265
4/25/2013 23:04:48,4/25/2013,23:04:48,0.00,9.92,87.59,965.34,231
4/25/2013 23:05:03,4/25/2013,23:05:03,0.00,9.92,87.50,965.34,237
4/25/2013 23:05:18,4/25/2013,23:05:18,0.00,9.92,87.50,965.33,234
4/25/2013 23:05:33,4/25/2013,23:05:33,0.00,9.92,87.69,965.33,233
4/25/2013 23:05:48,4/25/2013,23:05:48,0.00,9.92,87.80,965.32,222
4/25/2013 23:06:03,4/25/2013,23:06:03,0.00,9.92,87.69,965.31,230
4/25/2013 23:06:18,4/25/2013,23:06:18,0.00,9.92,87.59,965.30,235
4/25/2013 23:06:33,4/25/2013,23:06:33,0.00,9.92,87.59,965.31,279
4/25/2013 23:06:48,4/25/2013,23:06:48,0.00,9.92,87.69,965.30,247
4/25/2013 23:07:03,4/25/2013,23:07:03,0.00,9.92,88.00,965.30,215
4/25/2013 23:07:18,4/25/2013,23:07:18,0.00,9.87,88.00,965.29,212
4/25/2013 23:07:33,4/25/2013,23:07:33,0.00,9.92,87.80,965.29,239
4/25/2013 23:07:48,4/25/2013,23:07:48,0.00,9.92,87.80,965.29,221
4/25/2013 23:08:03,4/25/2013,23:08:03,0.00,9.92,87.69,965.27,235
4/25/2013 23:08:18,4/25/2013,23:08:18,0.00,9.87,87.69,965.29,242
4/25/2013 23:08:33,4/25/2013,23:08:33,0.00,9.87,87.69,965.29,238
4/25/2013 23:08:48,4/25/2013,23:08:48,0.00,9.92,87.80,965.27,231
4/25/2013 23:09:03,4/25/2013,23:09:03,0.00,9.92,87.69,965.27,273
4/25/2013 23:09:18,4/25/2013,23:09:18,0.84,9.92,87.59,965.25,236
4/25/2013 23:09:33,4/25/2013,23:09:33,0.61,9.92,87.59,965.22,228
4/25/2013 23:09:48,4/25/2013,23:09:48,0.70,9.92,87.59,965.20,210
4/25/2013 23:10:03,4/25/2013,23:10:03,0.51,9.92,87.59,965.22,231
4/25/2013 23:10:18,4/25/2013,23:10:18,0.00,9.92,87.50,965.22,231
4/25/2013 23:10:33,4/25/2013,23:10:33,0.84,9.92,87.40,965.19,186
4/25/2013 23:10:48,4/25/2013,23:10:48,0.31,9.92,87.30,965.22,246
4/25/2013 23:11:03,4/25/2013,23:11:03,0.18,9.92,87.40,965.22,199
4/25/2013 23:11:18,4/25/2013,23:11:18,0.00,9.92,87.50,965.22,215
4/25/2013 23:11:33,4/25/2013,23:11:33,0.00,9.92,87.50,965.23,235
4/25/2013 23:11:48,4/25/2013,23:11:48,0.00,9.92,87.50,965.22,260
4/25/2013 23:12:03,4/25/2013,23:12:03,0.00,9.92,87.59,965.19,223
4/25/2013 23:12:18,4/25/2013,23:12:18,0.00,9.92,87.59,965.19,220
4/25/2013 23:12:33,4/25/2013,23:12:33,0.16,9.92,87.59,965.18,207
4/25/2013 23:12:48,4/25/2013,23:12:48,0.00,9.92,87.50,965.18,224
4/25/2013 23:13:03,4/25/2013,23:13:03,0.74,9.92,87.59,965.15,278
4/25/2013 23:13:18,4/25/2013,23:13:18,0.88,9.94,87.50,965.15,208
4/25/2013 23:13:33,4/25/2013,23:13:33,0.52,9.94,87.40,965.15,223
4/25/2013 23:13:48,4/25/2013,23:13:48,0.19,9.94,87.50,965.15,224
4/25/2013 23:14:03,4/25/2013,23:14:03,0.00,9.92,87.50,965.15,219
4/25/2013 23:14:18,4/25/2013,23:14:18,0.00,9.92,87.59,965.15,242
4/25/2013 23:14:33,4/25/2013,23:14:33,0.00,9.92,87.69,965.16,233
4/25/2013 23:14:48,4/25/2013,23:14:48,0.00,9.92,87.59,965.15,247
4/25/2013 23:15:03,4/25/2013,23:15:03,0.00,9.92,87.59,965.15,226
4/25/2013 23:15:18,4/25/2013,23:15:18,0.00,9.92,87.59,965.14,231
4/25/2013 23:15:33,4/25/2013,23:15:33,0.00,9.92,87.69,965.14,231
4/25/2013 23:15:48,4/25/2013,23:15:48,0.00,9.92,87.69,965.14,225
4/25/2013 23:16:03,4/25/2013,23:16:03,0.00,9.92,87.69,965.14,223
4/25/2013 23:16:18,4/25/2013,23:16:18,0.00,9.92,87.69,965.14,244
4/25/2013 23:16:33,4/25/2013,23:16:33,0.00,9.92,87.80,965.12,215
4/25/2013 23:16:48,4/25/2013,23:16:48,0.00,9.92,87.80,965.11,230
4/25/2013 23:17:03,4/25/2013,23:17:03,0.00,9.92,87.69,965.09,225
4/25/2013 23:17:18,4/25/2013,23:17:18,0.00,9.92,87.69,965.10,229
4/25/2013 23:17:33,4/25/2013,23:17:33,0.24,9.92,87.59,965.09,206
4/25/2013 23:17:48,4/25/2013,23:17:48,0.63,9.92,87.50,965.07,217
4/25/2013 23:18:03,4/25/2013,23:18:03,0.48,9.92,87.50,965.04,267
4/25/2013 23:18:18,4/25/2013,23:18:18,0.76,9.94,87.40,965.03,192
4/25/2013 23:18:33,4/25/2013,23:18:33,0.94,9.92,87.30,965.01,246
4/25/2013 23:18:48,4/25/2013,23:18:48,0.31,9.92,87.40,965.01,232
4/25/2013 23:19:03,4/25/2013,23:19:03,0.00,9.92,87.50,965.02,216
4/25/2013 23:19:18,4/25/2013,23:19:18,0.49,9.92,87.50,965.01,193
4/25/2013 23:19:33,4/25/2013,23:19:33,0.09,9.92,87.50,965.01,252
4/25/2013 23:19:48,4/25/2013,23:19:48,0.36,9.92,87.59,965.00,208
4/25/2013 23:20:03,4/25/2013,23:20:03,0.86,9.92,87.59,964.97,233
4/25/2013 23:20:18,4/25/2013,23:20:18,0.99,9.92,87.59,964.95,222
4/25/2013 23:20:33,4/25/2013,23:20:33,0.69,9.92,87.69,964.95,219
4/25/2013 23:20:48,4/25/2013,23:20:48,0.91,9.92,87.59,964.95,232
4/25/2013 23:21:03,4/25/2013,23:21:03,0.69,9.92,87.59,964.95,230
4/25/2013 23:21:18,4/25/2013,23:21:18,0.00,9.92,87.69,964.97,215
4/25/2013 23:21:33,4/25/2013,23:21:33,0.00,9.92,87.80,964.97,234
4/25/2013 23:21:48,4/25/2013,23:21:48,0.00,9.92,87.69,964.97,241
4/25/2013 23:22:03,4/25/2013,23:22:03,0.38,9.92,87.80,964.96,219
4/25/2013 23:22:18,4/25/2013,23:22:18,0.33,9.92,87.69,964.94,245
4/25/2013 23:22:33,4/25/2013,23:22:33,0.27,9.87,87.69,964.94,215
4/25/2013 23:22:48,4/25/2013,23:22:48,0.19,9.92,87.69,964.94,216
4/25/2013 23:23:03,4/25/2013,23:23:03,0.00,9.87,87.69,964.93,248
4/25/2013 23:23:18,4/25/2013,23:23:18,0.26,9.92,87.80,964.94,245
4/25/2013 23:23:33,4/25/2013,23:23:33,0.05,9.92,87.80,964.94,270
4/25/2013 23:23:48,4/25/2013,23:23:48,0.00,9.87,87.80,964.95,231
4/25/2013 23:24:03,4/25/2013,23:24:03,0.54,9.87,87.80,964.93,200
4/25/2013 23:24:18,4/25/2013,23:24:18,0.72,9.92,87.69,964.90,228
4/25/2013 23:24:33,4/25/2013,23:24:33,0.31,9.92,87.69,964.93,215
4/25/2013 23:24:48,4/25/2013,23:24:48,0.00,9.92,87.80,964.94,216
4/25/2013 23:25:03,4/25/2013,23:25:03,0.00,9.87,87.80,964.93,204
4/25/2013 23:25:18,4/25/2013,23:25:18,0.83,9.92,87.80,964.90,218
4/25/2013 23:25:33,4/25/2013,23:25:33,0.79,9.87,87.69,964.89,248
4/25/2013 23:25:48,4/25/2013,23:25:48,0.00,9.87,87.80,964.90,271
4/25/2013 23:26:03,4/25/2013,23:26:03,0.00,9.87,87.80,964.92,252
4/25/2013 23:26:18,4/25/2013,23:26:18,0.00,9.82,87.90,964.92,232
4/25/2013 23:26:33,4/25/2013,23:26:33,0.22,9.87,87.69,964.90,295
4/25/2013 23:26:48,4/25/2013,23:26:48,0.00,9.87,87.69,964.92,231
4/25/2013 23:27:03,4/25/2013,23:27:03,0.00,9.87,87.80,964.93,218
4/25/2013 23:27:18,4/25/2013,23:27:18,0.00,9.82,87.80,964.92,205
4/25/2013 23:27:33,4/25/2013,23:27:33,0.52,9.87,87.69,964.89,209
4/25/2013 23:27:48,4/25/2013,23:27:48,0.56,9.87,87.80,964.88,226
4/25/2013 23:28:03,4/25/2013,23:28:03,0.00,9.82,87.90,964.90,228
4/25/2013 23:28:18,4/25/2013,23:28:18,0.00,9.87,88.00,964.90,275
4/25/2013 23:28:33,4/25/2013,23:28:33,0.00,9.82,88.40,964.89,224
4/25/2013 23:28:48,4/25/2013,23:28:48,0.00,9.82,88.30,964.88,228
4/25/2013 23:29:03,4/25/2013,23:29:03,0.00,9.82,88.19,964.87,239
4/25/2013 23:29:18,4/25/2013,23:29:18,0.00,9.87,88.40,964.88,269
4/25/2013 23:29:33,4/25/2013,23:29:33,0.00,9.82,88.50,964.87,285
4/25/2013 23:29:48,4/25/2013,23:29:48,0.00,9.82,88.19,964.86,193
4/25/2013 23:30:03,4/25/2013,23:30:03,0.00,9.82,88.19,964.87,305
4/25/2013 23:30:18,4/25/2013,23:30:18,0.00,9.82,88.30,964.86,267
4/25/2013 23:30:33,4/25/2013,23:30:33,0.00,9.82,88.30,964.86,217
4/25/2013 23:30:48,4/25/2013,23:30:48,0.00,9.82,88.09,964.85,218
4/25/2013 23:31:03,4/25/2013,23:31:03,0.00,9.82,88.09,964.85,208
4/25/2013 23:31:18,4/25/2013,23:31:18,0.00,9.82,88.00,964.85,236
4/25/2013 23:31:33,4/25/2013,23:31:33,0.06,9.82,87.90,964.85,220
4/25/2013 23:31:48,4/25/2013,23:31:48,0.00,9.82,88.00,964.85,232
4/25/2013 23:32:03,4/25/2013,23:32:03,0.00,9.82,88.00,964.85,223
4/25/2013 23:32:18,4/25/2013,23:32:18,0.00,9.82,88.00,964.86,237
4/25/2013 23:32:33,4/25/2013,23:32:33,0.00,9.82,88.00,964.83,239
4/25/2013 23:32:48,4/25/2013,23:32:48,0.00,9.82,88.00,964.83,232
4/25/2013 23:33:03,4/25/2013,23:33:03,0.00,9.82,88.09,964.85,250
4/25/2013 23:33:18,4/25/2013,23:33:18,0.00,9.82,88.30,964.85,231
4/25/2013 23:33:33,4/25/2013,23:33:33,0.00,9.82,88.30,964.83,259
4/25/2013 23:33:48,4/25/2013,23:33:48,0.00,9.80,88.50,964.83,266
4/25/2013 23:34:03,4/25/2013,23:34:03,0.00,9.80,88.59,964.83,275
4/25/2013 23:34:18,4/25/2013,23:34:18,0.00,9.80,88.69,964.85,206
4/25/2013 23:34:33,4/25/2013,23:34:33,0.00,9.82,88.50,964.83,236
4/25/2013 23:34:48,4/25/2013,23:34:48,0.00,9.82,88.30,964.82,247
4/25/2013 23:35:03,4/25/2013,23:35:03,0.00,9.80,88.30,964.83,301
4/25/2013 23:35:18,4/25/2013,23:35:18,0.00,9.80,88.30,964.83,218
4/25/2013 23:35:33,4/25/2013,23:35:33,0.00,9.82,88.09,964.82,223
4/25/2013 23:35:48,4/25/2013,23:35:48,0.00,9.82,88.09,964.82,223
4/25/2013 23:36:03,4/25/2013,23:36:03,0.00,9.80,88.19,964.83,232
4/25/2013 23:36:18,4/25/2013,23:36:18,0.00,9.80,88.19,964.85,240
4/25/2013 23:36:33,4/25/2013,23:36:33,0.00,9.82,88.19,964.83,256
4/25/2013 23:36:48,4/25/2013,23:36:48,0.62,9.82,88.30,964.79,204
4/25/2013 23:37:03,4/25/2013,23:37:03,0.55,9.82,88.09,964.81,246
4/25/2013 23:37:18,4/25/2013,23:37:18,0.00,9.82,88.09,964.81,241
4/25/2013 23:37:33,4/25/2013,23:37:33,0.00,9.82,88.09,964.81,279
4/25/2013 23:37:48,4/25/2013,23:37:48,0.00,9.82,88.30,964.82,295
4/25/2013 23:38:03,4/25/2013,23:38:03,0.00,9.82,88.40,964.82,297
4/25/2013 23:38:18,4/25/2013,23:38:18,0.00,9.82,88.50,964.82,270
4/25/2013 23:38:33,4/25/2013,23:38:33,0.00,9.82,88.50,964.83,185
4/25/2013 23:38:48,4/25/2013,23:38:48,0.00,9.87,88.19,964.83,239
4/25/2013 23:39:03,4/25/2013,23:39:03,0.00,9.82,88.09,964.82,260
4/25/2013 23:39:18,4/25/2013,23:39:18,0.00,9.82,88.19,964.82,262
4/25/2013 23:39:33,4/25/2013,23:39:33,0.00,9.82,88.50,964.82,305
4/25/2013 23:39:48,4/25/2013,23:39:48,0.00,9.82,88.69,964.81,179
4/25/2013 23:40:03,4/25/2013,23:40:03,0.00,9.82,88.50,964.81,282
4/25/2013 23:40:18,4/25/2013,23:40:18,0.00,9.82,88.40,964.80,209
4/25/2013 23:40:33,4/25/2013,23:40:33,0.00,9.82,88.50,964.80,248
4/25/2013 23:40:48,4/25/2013,23:40:48,0.00,9.82,88.59,964.81,208
4/25/2013 23:41:03,4/25/2013,23:41:03,0.00,9.87,88.30,964.79,215
4/25/2013 23:41:18,4/25/2013,23:41:18,0.00,9.87,88.19,964.78,213
4/25/2013 23:41:33,4/25/2013,23:41:33,0.00,9.87,88.19,964.78,265
4/25/2013 23:41:48,4/25/2013,23:41:48,0.00,9.82,88.19,964.79,289
4/25/2013 23:42:03,4/25/2013,23:42:03,0.00,9.87,88.40,964.80,291
4/25/2013 23:42:18,4/25/2013,23:42:18,0.00,9.82,88.50,964.81,293
4/25/2013 23:42:33,4/25/2013,23:42:33,0.00,9.82,88.50,964.79,238
4/25/2013 23:42:48,4/25/2013,23:42:48,0.00,9.87,88.59,964.81,301
4/25/2013 23:43:03,4/25/2013,23:43:03,0.00,9.92,88.69,964.80,283
4/25/2013 23:43:18,4/25/2013,23:43:18,0.00,9.87,88.69,964.80,227
4/25/2013 23:43:33,4/25/2013,23:43:33,0.00,9.87,88.80,964.81,278
4/25/2013 23:43:48,4/25/2013,23:43:48,0.00,9.92,88.90,964.80,276
4/25/2013 23:44:03,4/25/2013,23:44:03,0.00,9.87,89.09,964.81,271
4/25/2013 23:44:18,4/25/2013,23:44:18,0.00,9.92,89.19,964.81,274
4/25/2013 23:44:33,4/25/2013,23:44:33,0.00,9.87,89.19,964.80,279
4/25/2013 23:44:48,4/25/2013,23:44:48,0.00,9.92,89.19,964.80,289
4/25/2013 23:45:03,4/25/2013,23:45:03,0.00,9.92,89.09,964.80,296
4/25/2013 23:45:18,4/25/2013,23:45:18,0.00,9.92,89.00,964.80,306
4/25/2013 23:45:33,4/25/2013,23:45:33,0.00,9.94,88.40,964.81,337
4/25/2013 23:45:48,4/25/2013,23:45:48,0.00,9.92,88.30,964.81,177
4/25/2013 23:46:03,4/25/2013,23:46:03,0.00,9.94,88.00,964.81,229
4/25/2013 23:46:18,4/25/2013,23:46:18,0.00,9.94,88.19,964.80,282
4/25/2013 23:46:33,4/25/2013,23:46:33,0.00,9.94,88.30,964.78,324
4/25/2013 23:46:48,4/25/2013,23:46:48,0.00,10.00,88.59,964.79,273
4/25/2013 23:47:03,4/25/2013,23:47:03,0.00,10.00,88.50,964.80,274
4/25/2013 23:47:18,4/25/2013,23:47:18,0.00,10.00,88.50,964.81,285
4/25/2013 23:47:33,4/25/2013,23:47:33,0.00,10.00,88.19,964.81,312
4/25/2013 23:47:48,4/25/2013,23:47:48,0.48,10.02,88.40,964.79,291
4/25/2013 23:48:03,4/25/2013,23:48:03,0.59,10.02,88.09,964.79,215
4/25/2013 23:48:18,4/25/2013,23:48:18,0.11,10.00,87.80,964.79,121
4/25/2013 23:48:33,4/25/2013,23:48:33,0.00,10.02,87.80,964.80,303
4/25/2013 23:48:48,4/25/2013,23:48:48,0.00,10.02,88.00,964.80,254
4/25/2013 23:49:03,4/25/2013,23:49:03,0.00,10.02,88.30,964.81,309
4/25/2013 23:49:18,4/25/2013,23:49:18,0.00,10.02,88.19,964.81,314
4/25/2013 23:49:33,4/25/2013,23:49:33,0.00,10.02,88.19,964.81,280
4/25/2013 23:49:48,4/25/2013,23:49:48,0.00,10.07,88.19,964.81,270
4/25/2013 23:50:03,4/25/2013,23:50:03,0.00,10.07,88.30,964.81,288
4/25/2013 23:50:18,4/25/2013,23:50:18,0.00,10.07,88.19,964.82,272
4/25/2013 23:50:33,4/25/2013,23:50:33,0.00,10.07,88.30,964.81,299
4/25/2013 23:50:48,4/25/2013,23:50:48,0.00,10.07,88.50,964.81,297
4/25/2013 23:51:03,4/25/2013,23:51:03,0.00,10.07,88.40,964.81,281
4/25/2013 23:51:18,4/25/2013,23:51:18,0.00,10.07,88.19,964.81,195
4/25/2013 23:51:33,4/25/2013,23:51:33,0.00,10.07,88.09,964.83,288
4/25/2013 23:51:48,4/25/2013,23:51:48,0.00,10.07,88.19,964.85,280
4/25/2013 23:52:03,4/25/2013,23:52:03,0.00,10.07,88.30,964.85,272
4/25/2013 23:52:18,4/25/2013,23:52:18,0.00,10.07,88.19,964.86,282
4/25/2013 23:52:33,4/25/2013,23:52:33,0.00,10.07,88.00,964.86,269
4/25/2013 23:52:48,4/25/2013,23:52:48,0.00,10.07,88.00,964.87,278
4/25/2013 23:53:03,4/25/2013,23:53:03,0.00,10.10,88.19,964.86,278
4/25/2013 23:53:18,4/25/2013,23:53:18,0.00,10.07,88.19,964.83,300
4/25/2013 23:53:33,4/25/2013,23:53:33,0.00,10.10,88.19,964.85,286
4/25/2013 23:53:48,4/25/2013,23:53:48,0.00,10.07,88.19,964.83,260
4/25/2013 23:54:03,4/25/2013,23:54:03,0.00,10.07,88.09,964.85,328
4/25/2013 23:54:18,4/25/2013,23:54:18,0.00,10.10,88.30,964.83,303
4/25/2013 23:54:33,4/25/2013,23:54:33,0.00,10.10,88.50,964.81,265
4/25/2013 23:54:48,4/25/2013,23:54:48,0.00,10.10,88.50,964.81,266
4/25/2013 23:55:03,4/25/2013,23:55:03,0.00,10.07,88.40,964.81,281
4/25/2013 23:55:18,4/25/2013,23:55:18,0.00,10.07,88.50,964.81,280
4/25/2013 23:55:33,4/25/2013,23:55:33,0.00,10.10,88.19,964.81,310
4/25/2013 23:55:48,4/25/2013,23:55:48,0.00,10.10,88.00,964.81,289
4/25/2013 23:56:03,4/25/2013,23:56:03,0.00,10.10,88.00,964.81,254
4/25/2013 23:56:18,4/25/2013,23:56:18,0.00,10.10,87.90,964.80,275
4/25/2013 23:56:33,4/25/2013,23:56:33,0.24,10.10,87.40,964.79,179
4/25/2013 23:56:48,4/25/2013,23:56:48,0.00,10.10,87.59,964.78,216
4/25/2013 23:57:03,4/25/2013,23:57:03,0.00,10.10,87.69,964.78,206
4/25/2013 23:57:18,4/25/2013,23:57:18,0.00,10.10,87.80,964.79,344
4/25/2013 23:57:33,4/25/2013,23:57:33,0.00,10.10,87.80,964.79,248
4/25/2013 23:57:48,4/25/2013,23:57:48,0.00,10.10,87.50,964.79,283
4/25/2013 23:58:03,4/25/2013,23:58:03,0.00,10.10,87.50,964.79,227
4/25/2013 23:58:18,4/25/2013,23:58:18,0.00,10.14,87.69,964.79,269
4/25/2013 23:58:33,4/25/2013,23:58:33,0.00,10.14,87.80,964.77,225
4/25/2013 23:58:48,4/25/2013,23:58:48,0.00,10.10,87.69,964.77,223
4/25/2013 23:59:03,4/25/2013,23:59:03,0.00,10.14,87.69,964.78,276
4/25/2013 23:59:18,4/25/2013,23:59:18,0.00,10.14,87.90,964.78,275
4/25/2013 23:59:33,4/25/2013,23:59:33,0.00,10.14,87.69,964.77,350
4/25/2013 23:59:48,4/25/2013,23:59:48,0.00,10.14,87.80,964.78,285
4/26/2013 00:00:03,4/26/2013,00:00:03,0.00,10.14,87.50,964.77,128
4/26/2013 00:00:18,4/26/2013,00:00:18,0.00,10.14,87.50,964.74,168
4/26/2013 00:00:33,4/26/2013,00:00:33,0.00,10.14,87.50,964.74,241
4/26/2013 00:00:48,4/26/2013,00:00:48,0.00,10.14,88.00,964.73,280
4/26/2013 00:01:03,4/26/2013,00:01:03,0.00,10.14,87.90,964.73,307
4/26/2013 00:01:18,4/26/2013,00:01:18,0.00,10.14,87.59,964.72,292
4/26/2013 00:01:33,4/26/2013,00:01:33,0.00,10.14,87.90,964.73,292
4/26/2013 00:01:48,4/26/2013,00:01:48,0.00,10.14,88.19,964.72,290
4/26/2013 00:02:03,4/26/2013,00:02:03,0.00,10.14,88.19,964.72,300
4/26/2013 00:02:18,4/26/2013,00:02:18,0.00,10.14,88.09,964.73,303
4/26/2013 00:02:33,4/26/2013,00:02:33,0.00,10.14,88.00,964.72,324
4/26/2013 00:02:48,4/26/2013,00:02:48,0.00,10.14,87.90,964.72,286
4/26/2013 00:03:03,4/26/2013,00:03:03,0.00,10.14,88.00,964.71,274
4/26/2013 00:03:18,4/26/2013,00:03:18,0.00,10.14,88.09,964.71,278
4/26/2013 00:03:33,4/26/2013,00:03:33,0.00,10.14,88.19,964.71,278
4/26/2013 00:03:48,4/26/2013,00:03:48,0.00,10.14,88.19,964.71,279
4/26/2013 00:04:03,4/26/2013,00:04:03,0.00,10.14,88.09,964.71,310
4/26/2013 00:04:18,4/26/2013,00:04:18,0.00,10.14,87.90,964.71,275
4/26/2013 00:04:33,4/26/2013,00:04:33,0.00,10.14,87.80,964.72,280
4/26/2013 00:04:48,4/26/2013,00:04:48,0.00,10.14,88.00,964.71,279
4/26/2013 00:05:03,4/26/2013,00:05:03,0.00,10.14,88.09,964.71,280
4/26/2013 00:05:18,4/26/2013,00:05:18,0.00,10.14,88.09,964.70,279
4/26/2013 00:05:33,4/26/2013,00:05:33,0.00,10.14,88.09,964.70,345
4/26/2013 00:05:48,4/26/2013,00:05:48,0.00,10.14,88.09,964.70,179
4/26/2013 00:06:03,4/26/2013,00:06:03,0.00,10.14,88.00,964.68,206
4/26/2013 00:06:18,4/26/2013,00:06:18,0.00,10.14,87.50,964.70,207
4/26/2013 00:06:33,4/26/2013,00:06:33,0.00,10.14,87.50,964.71,319
4/26/2013 00:06:48,4/26/2013,00:06:48,0.00,10.14,87.50,964.71,289
4/26/2013 00:07:03,4/26/2013,00:07:03,0.00,10.14,87.69,964.71,185
4/26/2013 00:07:18,4/26/2013,00:07:18,0.00,10.19,87.50,964.71,140
4/26/2013 00:07:33,4/26/2013,00:07:33,0.00,10.14,87.69,964.72,118
4/26/2013 00:07:48,4/26/2013,00:07:48,0.00,10.14,87.80,964.72,283
4/26/2013 00:08:03,4/26/2013,00:08:03,0.00,10.14,88.00,964.72,295
4/26/2013 00:08:18,4/26/2013,00:08:18,0.00,10.14,88.00,964.71,300
4/26/2013 00:08:33,4/26/2013,00:08:33,0.00,10.19,88.09,964.72,273
4/26/2013 00:08:48,4/26/2013,00:08:48,0.00,10.14,87.80,964.72,196
4/26/2013 00:09:03,4/26/2013,00:09:03,0.00,10.14,87.69,964.71,195
4/26/2013 00:09:18,4/26/2013,00:09:18,0.00,10.14,87.59,964.72,269
4/26/2013 00:09:33,4/26/2013,00:09:33,0.00,10.19,87.69,964.74,287
4/26/2013 00:09:48,4/26/2013,00:09:48,0.00,10.14,87.90,964.73,286
4/26/2013 00:10:03,4/26/2013,00:10:03,0.00,10.19,88.09,964.72,280
4/26/2013 00:10:18,4/26/2013,00:10:18,0.00,10.14,88.19,964.73,187
4/26/2013 00:10:33,4/26/2013,00:10:33,0.00,10.14,88.00,964.74,253
4/26/2013 00:10:48,4/26/2013,00:10:48,0.00,10.14,88.00,964.74,310
4/26/2013 00:11:03,4/26/2013,00:11:03,0.00,10.19,88.09,964.73,307
4/26/2013 00:11:18,4/26/2013,00:11:18,0.00,10.19,88.19,964.72,287
4/26/2013 00:11:33,4/26/2013,00:11:33,0.00,10.19,88.30,964.71,266
4/26/2013 00:11:48,4/26/2013,00:11:48,0.00,10.19,88.00,964.71,150
4/26/2013 00:12:03,4/26/2013,00:12:03,0.00,10.14,87.69,964.70,50
4/26/2013 00:12:18,4/26/2013,00:12:18,0.00,10.19,87.69,964.71,302
4/26/2013 00:12:33,4/26/2013,00:12:33,0.00,10.19,87.69,964.72,211
4/26/2013 00:12:48,4/26/2013,00:12:48,0.00,10.19,87.69,964.71,294
4/26/2013 00:13:03,4/26/2013,00:13:03,0.00,10.22,87.90,964.72,300
4/26/2013 00:13:18,4/26/2013,00:13:18,0.00,10.22,88.19,964.72,291
4/26/2013 00:13:33,4/26/2013,00:13:33,0.00,10.22,88.09,964.71,283
4/26/2013 00:13:48,4/26/2013,00:13:48,0.00,10.22,88.09,964.71,300
4/26/2013 00:14:03,4/26/2013,00:14:03,0.00,10.22,87.59,964.71,255
4/26/2013 00:14:18,4/26/2013,00:14:18,0.00,10.22,87.59,964.70,291
4/26/2013 00:14:33,4/26/2013,00:14:33,0.00,10.22,87.50,964.71,313
4/26/2013 00:14:48,4/26/2013,00:14:48,0.00,10.22,87.59,964.72,245
4/26/2013 00:15:03,4/26/2013,00:15:03,0.00,10.22,87.50,964.70,265
4/26/2013 00:15:18,4/26/2013,00:15:18,0.00,10.22,87.59,964.70,348
4/26/2013 00:15:33,4/26/2013,00:15:33,0.00,10.22,87.90,964.70,316
4/26/2013 00:15:48,4/26/2013,00:15:48,0.00,10.22,87.90,964.68,308
4/26/2013 00:16:03,4/26/2013,00:16:03,0.00,10.27,87.90,964.68,283
4/26/2013 00:16:18,4/26/2013,00:16:18,0.00,10.27,88.09,964.70,292
4/26/2013 00:16:33,4/26/2013,00:16:33,0.00,10.30,87.90,964.70,317
4/26/2013 00:16:48,4/26/2013,00:16:48,1.09,10.30,87.40,964.66,341
4/26/2013 00:17:03,4/26/2013,00:17:03,0.98,10.30,87.40,964.65,296
4/26/2013 00:17:18,4/26/2013,00:17:18,0.06,10.30,87.40,964.66,263
4/26/2013 00:17:33,4/26/2013,00:17:33,0.00,10.30,87.50,964.67,276
4/26/2013 00:17:48,4/26/2013,00:17:48,0.30,10.30,87.19,964.65,256
4/26/2013 00:18:03,4/26/2013,00:18:03,0.00,10.30,87.50,964.65,158
4/26/2013 00:18:18,4/26/2013,00:18:18,0.00,10.30,87.30,964.66,328
4/26/2013 00:18:33,4/26/2013,00:18:33,0.00,10.30,87.30,964.66,337
4/26/2013 00:18:48,4/26/2013,00:18:48,0.19,10.30,87.09,964.64,314
4/26/2013 00:19:03,4/26/2013,00:19:03,0.00,10.35,87.40,964.65,214
4/26/2013 00:19:18,4/26/2013,00:19:18,1.05,10.39,87.00,964.63,241
4/26/2013 00:19:33,4/26/2013,00:19:33,0.12,10.35,87.00,964.66,325
4/26/2013 00:19:48,4/26/2013,00:19:48,0.00,10.35,87.30,964.68,301
4/26/2013 00:20:03,4/26/2013,00:20:03,0.26,10.35,87.30,964.68,3
4/26/2013 00:20:18,4/26/2013,00:20:18,0.56,10.35,87.40,964.66,339
4/26/2013 00:20:33,4/26/2013,00:20:33,0.00,10.35,87.59,964.67,211
4/26/2013 00:20:48,4/26/2013,00:20:48,0.00,10.35,87.40,964.67,231
4/26/2013 00:21:03,4/26/2013,00:21:03,0.00,10.35,87.30,964.67,344
4/26/2013 00:21:18,4/26/2013,00:21:18,0.00,10.35,87.40,964.70,301
4/26/2013 00:21:33,4/26/2013,00:21:33,0.44,10.39,87.40,964.68,324
4/26/2013 00:21:48,4/26/2013,00:21:48,1.34,10.39,87.30,964.66,302
4/26/2013 00:22:03,4/26/2013,00:22:03,1.44,10.39,86.90,964.65,331
4/26/2013 00:22:18,4/26/2013,00:22:18,1.48,10.42,87.09,964.64,332
4/26/2013 00:22:33,4/26/2013,00:22:33,0.86,10.39,87.09,964.65,306
4/26/2013 00:22:48,4/26/2013,00:22:48,0.93,10.42,87.30,964.66,270
4/26/2013 00:23:03,4/26/2013,00:23:03,0.66,10.42,87.00,964.68,63
4/26/2013 00:23:18,4/26/2013,00:23:18,1.09,10.47,86.80,964.70,330
4/26/2013 00:23:33,4/26/2013,00:23:33,0.19,10.42,86.90,964.72,310
4/26/2013 00:23:48,4/26/2013,00:23:48,0.12,10.47,86.90,964.74,356
4/26/2013 00:24:03,4/26/2013,00:24:03,0.00,10.42,87.00,964.75,279
4/26/2013 00:24:18,4/26/2013,00:24:18,0.59,10.42,86.90,964.71,7
4/26/2013 00:24:33,4/26/2013,00:24:33,0.58,10.47,87.30,964.71,9
4/26/2013 00:24:48,4/26/2013,00:24:48,0.00,10.47,87.30,964.73,292
4/26/2013 00:25:03,4/26/2013,00:25:03,1.84,10.50,86.69,964.70,295
4/26/2013 00:25:18,4/26/2013,00:25:18,2.08,10.47,86.59,964.66,318
4/26/2013 00:25:33,4/26/2013,00:25:33,1.29,10.47,86.59,964.66,290
4/26/2013 00:25:48,4/26/2013,00:25:48,0.19,10.47,86.80,964.68,232
4/26/2013 00:26:03,4/26/2013,00:26:03,0.00,10.47,86.80,964.68,289
4/26/2013 00:26:18,4/26/2013,00:26:18,0.13,10.47,86.80,964.70,322
4/26/2013 00:26:33,4/26/2013,00:26:33,1.19,10.47,86.59,964.66,319
4/26/2013 00:26:48,4/26/2013,00:26:48,0.24,10.47,86.69,964.65,295
4/26/2013 00:27:03,4/26/2013,00:27:03,0.00,10.47,86.80,964.65,211
4/26/2013 00:27:18,4/26/2013,00:27:18,0.00,10.47,86.90,964.67,346
4/26/2013 00:27:33,4/26/2013,00:27:33,0.90,10.47,86.90,964.66,330
4/26/2013 00:27:48,4/26/2013,00:27:48,1.31,10.50,87.00,964.65,317
4/26/2013 00:28:03,4/26/2013,00:28:03,0.69,10.50,86.59,964.64,319
4/26/2013 00:28:18,4/26/2013,00:28:18,1.40,10.50,86.59,964.63,308
4/26/2013 00:28:33,4/26/2013,00:28:33,0.91,10.55,86.90,964.63,330
4/26/2013 00:28:48,4/26/2013,00:28:48,0.79,10.50,87.40,964.63,266
4/26/2013 00:29:03,4/26/2013,00:29:03,1.79,10.55,86.90,964.62,316
4/26/2013 00:29:18,4/26/2013,00:29:18,2.19,10.50,86.69,964.58,332
4/26/2013 00:29:33,4/26/2013,00:29:33,1.98,10.55,86.30,964.58,278
4/26/2013 00:29:48,4/26/2013,00:29:48,1.20,10.55,86.40,964.59,310
4/26/2013 00:30:03,4/26/2013,00:30:03,1.47,10.55,86.50,964.59,304
4/26/2013 00:30:18,4/26/2013,00:30:18,2.11,10.55,86.59,964.57,315
4/26/2013 00:30:33,4/26/2013,00:30:33,2.65,10.57,86.50,964.56,330
4/26/2013 00:30:48,4/26/2013,00:30:48,2.01,10.55,86.59,964.57,320
4/26/2013 00:31:03,4/26/2013,00:31:03,0.83,10.55,86.50,964.59,304
4/26/2013 00:31:18,4/26/2013,00:31:18,0.56,10.55,86.69,964.60,323
4/26/2013 00:31:33,4/26/2013,00:31:33,0.00,10.55,87.00,964.62,180
4/26/2013 00:31:48,4/26/2013,00:31:48,0.70,10.55,86.69,964.60,263
4/26/2013 00:32:03,4/26/2013,00:32:03,0.70,10.55,86.59,964.60,319
4/26/2013 00:32:18,4/26/2013,00:32:18,1.84,10.55,87.09,964.58,343
4/26/2013 00:32:33,4/26/2013,00:32:33,2.95,10.57,86.69,964.56,330
4/26/2013 00:32:48,4/26/2013,00:32:48,2.76,10.57,86.40,964.57,342
4/26/2013 00:33:03,4/26/2013,00:33:03,1.74,10.57,86.59,964.58,308
4/26/2013 00:33:18,4/26/2013,00:33:18,0.80,10.57,86.50,964.59,323
4/26/2013 00:33:33,4/26/2013,00:33:33,0.86,10.55,87.00,964.60,319
4/26/2013 00:33:48,4/26/2013,00:33:48,2.98,10.57,86.59,964.53,344
4/26/2013 00:34:03,4/26/2013,00:34:03,1.58,10.57,86.59,964.55,201
4/26/2013 00:34:18,4/26/2013,00:34:18,2.94,10.57,86.50,964.53,316
4/26/2013 00:34:33,4/26/2013,00:34:33,2.74,10.62,86.40,964.56,318
4/26/2013 00:34:48,4/26/2013,00:34:48,2.81,10.62,86.40,964.56,322
4/26/2013 00:35:03,4/26/2013,00:35:03,3.02,10.62,86.59,964.57,330
4/26/2013 00:35:18,4/26/2013,00:35:18,1.62,10.62,86.69,964.58,303
4/26/2013 00:35:33,4/26/2013,00:35:33,1.80,10.62,86.40,964.60,308
4/26/2013 00:35:48,4/26/2013,00:35:48,2.73,10.62,86.50,964.59,304
4/26/2013 00:36:03,4/26/2013,00:36:03,3.24,10.62,86.40,964.60,310
4/26/2013 00:36:18,4/26/2013,00:36:18,2.63,10.62,86.50,964.60,322
4/26/2013 00:36:33,4/26/2013,00:36:33,2.51,10.62,86.50,964.59,314
4/26/2013 00:36:48,4/26/2013,00:36:48,2.84,10.62,86.40,964.60,325
4/26/2013 00:37:03,4/26/2013,00:37:03,2.34,10.62,86.69,964.63,308
4/26/2013 00:37:18,4/26/2013,00:37:18,1.90,10.62,86.80,964.60,312
4/26/2013 00:37:33,4/26/2013,00:37:33,2.91,10.62,86.59,964.60,324
4/26/2013 00:37:48,4/26/2013,00:37:48,2.59,10.62,86.69,964.60,346
4/26/2013 00:38:03,4/26/2013,00:38:03,1.63,10.62,86.69,964.62,318
4/26/2013 00:38:18,4/26/2013,00:38:18,2.47,10.62,86.80,964.63,357
4/26/2013 00:38:33,4/26/2013,00:38:33,3.90,10.62,86.59,964.60,300
4/26/2013 00:38:48,4/26/2013,00:38:48,3.52,10.62,86.80,964.60,322
4/26/2013 00:39:03,4/26/2013,00:39:03,4.41,10.62,86.50,964.58,314
4/26/2013 00:39:18,4/26/2013,00:39:18,4.33,10.62,86.50,964.58,309
4/26/2013 00:39:33,4/26/2013,00:39:33,3.16,10.62,86.69,964.59,336
4/26/2013 00:39:48,4/26/2013,00:39:48,2.65,10.57,86.90,964.60,320
4/26/2013 00:40:03,4/26/2013,00:40:03,3.72,10.57,86.69,964.59,325
4/26/2013 00:40:18,4/26/2013,00:40:18,4.49,10.62,86.50,964.58,339
4/26/2013 00:40:33,4/26/2013,00:40:33,3.76,10.62,86.50,964.58,330
4/26/2013 00:40:48,4/26/2013,00:40:48,3.66,10.57,86.50,964.59,355
4/26/2013 00:41:03,4/26/2013,00:41:03,2.72,10.57,86.59,964.59,325
4/26/2013 00:41:18,4/26/2013,00:41:18,2.81,10.55,87.09,964.60,317
4/26/2013 00:41:33,4/26/2013,00:41:33,2.63,10.55,86.69,964.62,324
4/26/2013 00:41:48,4/26/2013,00:41:48,1.62,10.55,86.59,964.62,348
4/26/2013 00:42:03,4/26/2013,00:42:03,2.80,10.47,86.59,964.62,341
4/26/2013 00:42:18,4/26/2013,00:42:18,2.86,10.42,86.59,964.63,310
4/26/2013 00:42:33,4/26/2013,00:42:33,1.83,10.42,86.80,964.64,1
4/26/2013 00:42:48,4/26/2013,00:42:48,3.45,10.30,86.59,964.60,316
4/26/2013 00:43:03,4/26/2013,00:43:03,4.04,10.30,86.59,964.62,328
4/26/2013 00:43:18,4/26/2013,00:43:18,3.52,10.30,86.59,964.63,348
4/26/2013 00:43:33,4/26/2013,00:43:33,2.37,10.27,86.40,964.64,278
4/26/2013 00:43:48,4/26/2013,00:43:48,2.61,10.22,86.50,964.62,345
4/26/2013 00:44:03,4/26/2013,00:44:03,3.37,10.14,86.40,964.62,317
4/26/2013 00:44:18,4/26/2013,00:44:18,2.13,10.22,86.59,964.60,1
4/26/2013 00:44:33,4/26/2013,00:44:33,2.47,10.14,86.80,964.62,324
4/26/2013 00:44:48,4/26/2013,00:44:48,3.70,10.07,86.09,964.62,338
4/26/2013 00:45:03,4/26/2013,00:45:03,3.38,10.02,86.50,964.62,321
4/26/2013 00:45:18,4/26/2013,00:45:18,4.41,10.00,86.40,964.63,331
4/26/2013 00:45:33,4/26/2013,00:45:33,3.52,10.00,86.30,964.64,5
4/26/2013 00:45:48,4/26/2013,00:45:48,2.48,10.00,86.59,964.66,313
4/26/2013 00:46:03,4/26/2013,00:46:03,2.92,10.00,86.90,964.67,340
4/26/2013 00:46:18,4/26/2013,00:46:18,2.67,9.92,86.69,964.70,326
4/26/2013 00:46:33,4/26/2013,00:46:33,2.88,9.92,86.80,964.71,339
4/26/2013 00:46:48,4/26/2013,00:46:48,3.80,9.82,86.80,964.68,352
4/26/2013 00:47:03,4/26/2013,00:47:03,4.52,9.80,86.90,964.67,337
4/26/2013 00:47:18,4/26/2013,00:47:18,3.87,9.80,87.00,964.70,322
4/26/2013 00:47:33,4/26/2013,00:47:33,3.01,9.82,86.90,964.70,338
4/26/2013 00:47:48,4/26/2013,00:47:48,3.34,9.80,86.90,964.71,340
4/26/2013 00:48:03,4/26/2013,00:48:03,3.36,9.75,86.90,964.73,5
4/26/2013 00:48:18,4/26/2013,00:48:18,2.01,9.80,87.00,964.77,298
4/26/2013 00:48:33,4/26/2013,00:48:33,3.23,9.75,86.90,964.73,334
4/26/2013 00:48:48,4/26/2013,00:48:48,3.66,9.72,86.90,964.73,325
4/26/2013 00:49:03,4/26/2013,00:49:03,3.20,9.67,86.90,964.72,324
4/26/2013 00:49:18,4/26/2013,00:49:18,3.70,9.67,86.90,964.71,0
4/26/2013 00:49:33,4/26/2013,00:49:33,1.88,9.67,87.19,964.72,297
4/26/2013 00:49:48,4/26/2013,00:49:48,1.83,9.67,87.19,964.73,16
4/26/2013 00:50:03,4/26/2013,00:50:03,1.87,9.67,87.19,964.74,329
4/26/2013 00:50:18,4/26/2013,00:50:18,2.52,9.67,87.19,964.74,331
4/26/2013 00:50:33,4/26/2013,00:50:33,2.05,9.67,87.19,964.75,312
4/26/2013 00:50:48,4/26/2013,00:50:48,2.52,9.67,87.40,964.75,318
4/26/2013 00:51:03,4/26/2013,00:51:03,2.94,9.60,87.19,964.75,333
4/26/2013 00:51:18,4/26/2013,00:51:18,3.72,9.55,87.00,964.73,319
4/26/2013 00:51:33,4/26/2013,00:51:33,3.58,9.55,87.19,964.74,330
4/26/2013 00:51:48,4/26/2013,00:51:48,3.41,9.52,87.00,964.77,0
4/26/2013 00:52:03,4/26/2013,00:52:03,3.70,9.52,87.09,964.75,325
4/26/2013 00:52:18,4/26/2013,00:52:18,4.24,9.44,87.09,964.74,353
4/26/2013 00:52:33,4/26/2013,00:52:33,4.45,9.44,87.00,964.74,326
4/26/2013 00:52:48,4/26/2013,00:52:48,3.95,9.39,87.00,964.75,326
4/26/2013 00:53:03,4/26/2013,00:53:03,2.87,9.39,87.00,964.79,343
4/26/2013 00:53:18,4/26/2013,00:53:18,2.55,9.35,87.30,964.79,323
4/26/2013 00:53:33,4/26/2013,00:53:33,3.65,9.35,86.90,964.78,346
4/26/2013 00:53:48,4/26/2013,00:53:48,4.12,9.32,86.90,964.75,316
4/26/2013 00:54:03,4/26/2013,00:54:03,3.48,9.35,86.80,964.75,325
4/26/2013 00:54:18,4/26/2013,00:54:18,2.84,9.32,87.19,964.77,295
4/26/2013 00:54:33,4/26/2013,00:54:33,4.06,9.27,87.09,964.75,341
4/26/2013 00:54:48,4/26/2013,00:54:48,2.97,9.27,87.30,964.73,318
4/26/2013 00:55:03,4/26/2013,00:55:03,4.66,9.19,87.00,964.72,319
4/26/2013 00:55:18,4/26/2013,00:55:18,3.73,9.25,87.30,964.73,314
4/26/2013 00:55:33,4/26/2013,00:55:33,4.98,9.19,87.09,964.71,339
4/26/2013 00:55:48,4/26/2013,00:55:48,3.63,9.19,87.19,964.72,312
4/26/2013 00:56:03,4/26/2013,00:56:03,2.42,9.19,87.40,964.73,305
4/26/2013 00:56:18,4/26/2013,00:56:18,3.27,9.19,87.30,964.72,331
4/26/2013 00:56:33,4/26/2013,00:56:33,3.95,9.17,87.30,964.71,308
4/26/2013 00:56:48,4/26/2013,00:56:48,4.34,9.17,87.19,964.70,335
4/26/2013 00:57:03,4/26/2013,00:57:03,4.04,9.12,87.40,964.68,318
4/26/2013 00:57:18,4/26/2013,00:57:18,3.52,9.12,87.40,964.68,351
4/26/2013 00:57:33,4/26/2013,00:57:33,2.98,9.12,87.69,964.70,334
4/26/2013 00:57:48,4/26/2013,00:57:48,3.62,9.12,87.40,964.68,323
4/26/2013 00:58:03,4/26/2013,00:58:03,3.56,9.12,87.59,964.70,323
4/26/2013 00:58:18,4/26/2013,00:58:18,3.15,9.12,87.69,964.71,351
4/26/2013 00:58:33,4/26/2013,00:58:33,1.94,9.07,87.59,964.73,351
4/26/2013 00:58:48,4/26/2013,00:58:48,1.58,9.12,87.80,964.73,348
4/26/2013 00:59:03,4/26/2013,00:59:03,2.97,9.07,87.59,964.72,337
4/26/2013 00:59:18,4/26/2013,00:59:18,2.72,9.05,87.59,964.73,352
4/26/2013 00:59:33,4/26/2013,00:59:33,2.76,9.05,87.40,964.72,3
4/26/2013 00:59:48,4/26/2013,00:59:48,2.83,9.05,87.69,964.71,313
4/26/2013 01:00:03,4/26/2013,01:00:03,3.98,9.05,87.59,964.71,319
4/26/2013 01:00:18,4/26/2013,01:00:18,2.86,9.05,87.80,964.71,313
4/26/2013 01:00:33,4/26/2013,01:00:33,3.95,9.00,87.50,964.70,349
4/26/2013 01:00:48,4/26/2013,01:00:48,3.44,9.00,87.59,964.67,309
4/26/2013 01:01:03,4/26/2013,01:01:03,4.08,8.97,87.50,964.67,310
4/26/2013 01:01:18,4/26/2013,01:01:18,4.15,8.97,87.50,964.68,323
4/26/2013 01:01:33,4/26/2013,01:01:33,3.41,8.97,87.69,964.67,324
4/26/2013 01:01:48,4/26/2013,01:01:48,1.58,8.97,88.09,964.71,322
4/26/2013 01:02:03,4/26/2013,01:02:03,2.58,8.97,87.69,964.72,352
4/26/2013 01:02:18,4/26/2013,01:02:18,1.98,8.97,88.00,964.73,316
4/26/2013 01:02:33,4/26/2013,01:02:33,2.79,8.97,87.90,964.73,343
4/26/2013 01:02:48,4/26/2013,01:02:48,2.63,8.97,88.00,964.71,353
4/26/2013 01:03:03,4/26/2013,01:03:03,2.16,8.97,88.00,964.72,345
4/26/2013 01:03:18,4/26/2013,01:03:18,3.24,8.92,87.90,964.72,310
4/26/2013 01:03:33,4/26/2013,01:03:33,2.87,8.87,87.90,964.72,344
4/26/2013 01:03:48,4/26/2013,01:03:48,2.67,8.92,87.90,964.74,344
4/26/2013 01:04:03,4/26/2013,01:04:03,2.62,8.92,87.90,964.77,334
4/26/2013 01:04:18,4/26/2013,01:04:18,2.20,8.97,88.00,964.78,335
4/26/2013 01:04:33,4/26/2013,01:04:33,1.90,8.97,88.00,964.78,324
4/26/2013 01:04:48,4/26/2013,01:04:48,1.24,8.92,88.30,964.79,342
4/26/2013 01:05:03,4/26/2013,01:05:03,1.01,8.92,87.90,964.81,1
4/26/2013 01:05:18,4/26/2013,01:05:18,1.37,8.87,87.90,964.81,344
4/26/2013 01:05:33,4/26/2013,01:05:33,3.08,8.87,87.59,964.80,344
4/26/2013 01:05:48,4/26/2013,01:05:48,2.73,8.87,87.59,964.80,305
4/26/2013 01:06:03,4/26/2013,01:06:03,2.98,8.87,87.80,964.79,337
4/26/2013 01:06:18,4/26/2013,01:06:18,2.19,8.87,87.90,964.79,343
4/26/2013 01:06:33,4/26/2013,01:06:33,2.22,8.87,88.00,964.80,334
4/26/2013 01:06:48,4/26/2013,01:06:48,1.80,8.87,88.19,964.82,322
4/26/2013 01:07:03,4/26/2013,01:07:03,2.13,8.87,88.19,964.81,310
4/26/2013 01:07:18,4/26/2013,01:07:18,3.01,8.87,87.90,964.80,274
4/26/2013 01:07:33,4/26/2013,01:07:33,3.38,8.87,87.80,964.81,338
4/26/2013 01:07:48,4/26/2013,01:07:48,3.34,8.85,87.69,964.80,353
4/26/2013 01:08:03,4/26/2013,01:08:03,2.05,8.80,87.69,964.82,328
4/26/2013 01:08:18,4/26/2013,01:08:18,2.55,8.80,87.69,964.83,337
4/26/2013 01:08:33,4/26/2013,01:08:33,2.05,8.85,88.00,964.86,323
4/26/2013 01:08:48,4/26/2013,01:08:48,1.44,8.85,88.40,964.86,325
4/26/2013 01:09:03,4/26/2013,01:09:03,3.11,8.80,88.09,964.85,323
4/26/2013 01:09:18,4/26/2013,01:09:18,3.29,8.80,87.90,964.86,332
4/26/2013 01:09:33,4/26/2013,01:09:33,2.33,8.80,88.40,964.87,318
4/26/2013 01:09:48,4/26/2013,01:09:48,3.06,8.80,88.09,964.86,329
4/26/2013 01:10:03,4/26/2013,01:10:03,3.63,8.72,87.80,964.86,314
4/26/2013 01:10:18,4/26/2013,01:10:18,2.34,8.72,88.00,964.86,19
4/26/2013 01:10:33,4/26/2013,01:10:33,3.27,8.72,88.00,964.83,328
4/26/2013 01:10:48,4/26/2013,01:10:48,4.19,8.72,87.90,964.85,334
4/26/2013 01:11:03,4/26/2013,01:11:03,2.95,8.72,88.00,964.87,280
4/26/2013 01:11:18,4/26/2013,01:11:18,4.22,8.69,87.90,964.83,323
4/26/2013 01:11:33,4/26/2013,01:11:33,3.13,8.69,88.59,964.86,318
4/26/2013 01:11:48,4/26/2013,01:11:48,2.73,8.64,89.50,964.83,356
4/26/2013 01:12:03,4/26/2013,01:12:03,2.44,8.64,89.59,964.86,304
4/26/2013 01:12:18,4/26/2013,01:12:18,3.56,8.57,89.50,964.82,322
4/26/2013 01:12:33,4/26/2013,01:12:33,4.33,8.57,89.40,964.80,324
4/26/2013 01:12:48,4/26/2013,01:12:48,3.63,8.52,89.40,964.80,320
4/26/2013 01:13:03,4/26/2013,01:13:03,3.77,8.52,89.19,964.80,303
4/26/2013 01:13:18,4/26/2013,01:13:18,4.22,8.52,89.09,964.80,332
4/26/2013 01:13:33,4/26/2013,01:13:33,5.15,8.50,88.90,964.78,308
4/26/2013 01:13:48,4/26/2013,01:13:48,4.04,8.50,88.90,964.79,339
4/26/2013 01:14:03,4/26/2013,01:14:03,2.76,8.50,89.19,964.81,352
4/26/2013 01:14:18,4/26/2013,01:14:18,2.48,8.50,89.00,964.81,329
4/26/2013 01:14:33,4/26/2013,01:14:33,2.98,8.50,89.09,964.82,16
4/26/2013 01:14:48,4/26/2013,01:14:48,3.59,8.44,89.00,964.81,344
4/26/2013 01:15:03,4/26/2013,01:15:03,2.34,8.44,89.09,964.81,358
4/26/2013 01:15:18,4/26/2013,01:15:18,1.77,8.44,89.09,964.83,328
4/26/2013 01:15:33,4/26/2013,01:15:33,2.15,8.44,89.09,964.81,319
4/26/2013 01:15:48,4/26/2013,01:15:48,2.01,8.39,89.19,964.81,337
4/26/2013 01:16:03,4/26/2013,01:16:03,2.87,8.39,88.69,964.82,319
4/26/2013 01:16:18,4/26/2013,01:16:18,4.27,8.39,88.59,964.81,339
4/26/2013 01:16:33,4/26/2013,01:16:33,5.41,8.39,88.59,964.78,296
4/26/2013 01:16:48,4/26/2013,01:16:48,4.59,8.37,88.90,964.79,296
4/26/2013 01:17:03,4/26/2013,01:17:03,5.69,8.32,88.90,964.79,322
4/26/2013 01:17:18,4/26/2013,01:17:18,5.06,8.30,89.09,964.79,306
4/26/2013 01:17:33,4/26/2013,01:17:33,3.20,8.32,89.80,964.81,355
4/26/2013 01:17:48,4/26/2013,01:17:48,2.05,8.32,89.90,964.85,351
4/26/2013 01:18:03,4/26/2013,01:18:03,2.06,8.30,90.00,964.85,317
4/26/2013 01:18:18,4/26/2013,01:18:18,3.05,8.32,89.90,964.81,338
4/26/2013 01:18:33,4/26/2013,01:18:33,2.16,8.30,90.09,964.85,325
4/26/2013 01:18:48,4/26/2013,01:18:48,1.76,8.30,90.19,964.86,328
4/26/2013 01:19:03,4/26/2013,01:19:03,2.69,8.30,89.90,964.87,344
4/26/2013 01:19:18,4/26/2013,01:19:18,2.55,8.32,89.80,964.86,324
4/26/2013 01:19:33,4/26/2013,01:19:33,1.74,8.32,90.19,964.85,328
4/26/2013 01:19:48,4/26/2013,01:19:48,3.24,8.25,90.19,964.83,304
4/26/2013 01:20:03,4/26/2013,01:20:03,2.02,8.30,90.30,964.85,335
4/26/2013 01:20:18,4/26/2013,01:20:18,1.99,8.25,90.50,964.85,317
4/26/2013 01:20:33,4/26/2013,01:20:33,2.13,8.25,90.40,964.86,329
4/26/2013 01:20:48,4/26/2013,01:20:48,2.04,8.25,90.50,964.86,335
4/26/2013 01:21:03,4/26/2013,01:21:03,2.79,8.25,90.19,964.85,332
4/26/2013 01:21:18,4/26/2013,01:21:18,2.31,8.25,90.19,964.86,335
4/26/2013 01:21:33,4/26/2013,01:21:33,3.48,8.25,90.00,964.86,314
4/26/2013 01:21:48,4/26/2013,01:21:48,2.47,8.25,90.09,964.87,350
4/26/2013 01:22:03,4/26/2013,01:22:03,2.65,8.25,90.09,964.86,321
4/26/2013 01:22:18,4/26/2013,01:22:18,2.58,8.25,90.00,964.86,336
4/26/2013 01:22:33,4/26/2013,01:22:33,1.80,8.25,90.30,964.87,329
4/26/2013 01:22:48,4/26/2013,01:22:48,1.80,8.25,90.30,964.86,348
4/26/2013 01:23:03,4/26/2013,01:23:03,1.63,8.25,90.59,964.86,346
4/26/2013 01:23:18,4/26/2013,01:23:18,1.72,8.22,90.69,964.85,1
4/26/2013 01:23:33,4/26/2013,01:23:33,3.11,8.22,90.50,964.83,339
4/26/2013 01:23:48,4/26/2013,01:23:48,3.81,8.22,90.09,964.85,321
4/26/2013 01:24:03,4/26/2013,01:24:03,5.17,8.17,89.80,964.80,351
4/26/2013 01:24:18,4/26/2013,01:24:18,4.67,8.17,89.90,964.81,339
4/26/2013 01:24:33,4/26/2013,01:24:33,4.05,8.17,90.09,964.81,346
4/26/2013 01:24:48,4/26/2013,01:24:48,3.81,8.12,90.19,964.83,3
4/26/2013 01:25:03,4/26/2013,01:25:03,1.77,8.17,90.40,964.86,337
4/26/2013 01:25:18,4/26/2013,01:25:18,1.56,8.12,90.40,964.85,327
4/26/2013 01:25:33,4/26/2013,01:25:33,2.90,8.12,90.50,964.82,319
4/26/2013 01:25:48,4/26/2013,01:25:48,2.44,8.17,90.40,964.85,350
4/26/2013 01:26:03,4/26/2013,01:26:03,1.58,8.17,90.50,964.85,311
4/26/2013 01:26:18,4/26/2013,01:26:18,2.98,8.12,90.40,964.83,318
4/26/2013 01:26:33,4/26/2013,01:26:33,3.69,8.12,90.09,964.82,344
4/26/2013 01:26:48,4/26/2013,01:26:48,4.27,8.17,89.80,964.81,330
4/26/2013 01:27:03,4/26/2013,01:27:03,3.34,8.17,89.90,964.82,319
4/26/2013 01:27:18,4/26/2013,01:27:18,3.22,8.17,90.09,964.81,330
4/26/2013 01:27:33,4/26/2013,01:27:33,2.36,8.12,90.19,964.82,312
4/26/2013 01:27:48,4/26/2013,01:27:48,2.38,8.10,90.40,964.82,334
4/26/2013 01:28:03,4/26/2013,01:28:03,2.94,8.10,90.40,964.81,298
4/26/2013 01:28:18,4/26/2013,01:28:18,3.22,8.10,90.30,964.80,345
4/26/2013 01:28:33,4/26/2013,01:28:33,3.27,8.10,90.50,964.78,338
4/26/2013 01:28:48,4/26/2013,01:28:48,3.05,8.10,90.80,964.75,344
4/26/2013 01:29:03,4/26/2013,01:29:03,1.72,8.10,91.19,964.75,326
4/26/2013 01:29:18,4/26/2013,01:29:18,2.18,8.05,91.09,964.74,325
4/26/2013 01:29:33,4/26/2013,01:29:33,2.02,8.05,91.00,964.74,344
4/26/2013 01:29:48,4/26/2013,01:29:48,1.98,8.10,91.09,964.75,325
4/26/2013 01:30:03,4/26/2013,01:30:03,2.55,8.10,91.19,964.74,309
4/26/2013 01:30:18,4/26/2013,01:30:18,2.45,8.10,90.90,964.74,322
4/26/2013 01:30:33,4/26/2013,01:30:33,2.55,8.10,90.90,964.75,350
4/26/2013 01:30:48,4/26/2013,01:30:48,1.90,8.05,91.00,964.75,62
4/26/2013 01:31:03,4/26/2013,01:31:03,1.86,8.10,91.09,964.74,319
4/26/2013 01:31:18,4/26/2013,01:31:18,2.69,8.05,90.80,964.72,310
4/26/2013 01:31:33,4/26/2013,01:31:33,2.34,8.05,90.80,964.72,314
4/26/2013 01:31:48,4/26/2013,01:31:48,2.90,8.02,90.50,964.71,345
4/26/2013 01:32:03,4/26/2013,01:32:03,2.06,8.02,90.69,964.70,326
4/26/2013 01:32:18,4/26/2013,01:32:18,1.59,8.02,91.09,964.70,357
4/26/2013 01:32:33,4/26/2013,01:32:33,0.74,8.02,91.30,964.74,6
4/26/2013 01:32:48,4/26/2013,01:32:48,1.09,8.02,91.30,964.74,7
4/26/2013 01:33:03,4/26/2013,01:33:03,0.83,8.02,91.40,964.73,281
4/26/2013 01:33:18,4/26/2013,01:33:18,1.31,8.02,91.30,964.73,325
4/26/2013 01:33:33,4/26/2013,01:33:33,2.52,8.02,90.59,964.70,0
4/26/2013 01:33:48,4/26/2013,01:33:48,2.45,8.02,90.59,964.70,347
4/26/2013 01:34:03,4/26/2013,01:34:03,1.76,8.05,90.69,964.71,22
4/26/2013 01:34:18,4/26/2013,01:34:18,1.90,8.02,90.59,964.70,322
4/26/2013 01:34:33,4/26/2013,01:34:33,2.94,8.02,90.50,964.67,327
4/26/2013 01:34:48,4/26/2013,01:34:48,2.98,8.02,90.50,964.67,327
4/26/2013 01:35:03,4/26/2013,01:35:03,2.54,8.02,90.50,964.65,352
4/26/2013 01:35:18,4/26/2013,01:35:18,1.83,8.02,90.90,964.66,355
4/26/2013 01:35:33,4/26/2013,01:35:33,2.12,7.97,91.00,964.66,330
4/26/2013 01:35:48,4/26/2013,01:35:48,3.23,7.97,90.80,964.64,321
4/26/2013 01:36:03,4/26/2013,01:36:03,3.70,7.92,90.69,964.65,344
4/26/2013 01:36:18,4/26/2013,01:36:18,1.69,7.97,90.80,964.67,354
4/26/2013 01:36:33,4/26/2013,01:36:33,3.12,7.92,91.09,964.68,346
4/26/2013 01:36:48,4/26/2013,01:36:48,2.83,7.92,91.19,964.66,353
4/26/2013 01:37:03,4/26/2013,01:37:03,2.79,7.92,91.40,964.64,359
4/26/2013 01:37:18,4/26/2013,01:37:18,2.58,7.90,91.59,964.67,324
4/26/2013 01:37:33,4/26/2013,01:37:33,3.29,7.92,91.69,964.67,294
4/26/2013 01:37:48,4/26/2013,01:37:48,3.26,7.84,91.50,964.70,338
4/26/2013 01:38:03,4/26/2013,01:38:03,3.11,7.84,91.50,964.68,13
4/26/2013 01:38:18,4/26/2013,01:38:18,2.91,7.90,91.50,964.70,336
4/26/2013 01:38:33,4/26/2013,01:38:33,1.06,7.92,92.00,964.73,290
4/26/2013 01:38:48,4/26/2013,01:38:48,1.74,7.84,91.80,964.73,339
4/26/2013 01:39:03,4/26/2013,01:39:03,2.65,7.84,91.59,964.72,312
4/26/2013 01:39:18,4/26/2013,01:39:18,1.54,7.90,92.09,964.73,332
4/26/2013 01:39:33,4/26/2013,01:39:33,1.90,7.92,92.19,964.74,323
4/26/2013 01:39:48,4/26/2013,01:39:48,1.45,7.92,92.30,964.75,325
4/26/2013 01:40:03,4/26/2013,01:40:03,3.30,7.90,91.80,964.72,332
4/26/2013 01:40:18,4/26/2013,01:40:18,2.34,7.90,92.00,964.73,340
4/26/2013 01:40:33,4/26/2013,01:40:33,3.29,7.84,91.40,964.73,321
4/26/2013 01:40:48,4/26/2013,01:40:48,2.81,7.84,91.59,964.77,323
4/26/2013 01:41:03,4/26/2013,01:41:03,3.72,7.84,91.30,964.77,330
4/26/2013 01:41:18,4/26/2013,01:41:18,3.17,7.84,91.40,964.78,355
4/26/2013 01:41:33,4/26/2013,01:41:33,2.99,7.82,91.69,964.77,355
4/26/2013 01:41:48,4/26/2013,01:41:48,2.66,7.84,91.80,964.75,307
4/26/2013 01:42:03,4/26/2013,01:42:03,2.65,7.84,91.90,964.77,352
4/26/2013 01:42:18,4/26/2013,01:42:18,3.67,7.82,91.59,964.75,305
4/26/2013 01:42:33,4/26/2013,01:42:33,3.24,7.77,91.69,964.73,339
4/26/2013 01:42:48,4/26/2013,01:42:48,1.61,7.82,91.80,964.74,347
4/26/2013 01:43:03,4/26/2013,01:43:03,1.26,7.82,92.09,964.77,333
4/26/2013 01:43:18,4/26/2013,01:43:18,1.45,7.82,92.19,964.75,345
4/26/2013 01:43:33,4/26/2013,01:43:33,2.02,7.77,91.90,964.74,336
4/26/2013 01:43:48,4/26/2013,01:43:48,2.84,7.77,91.59,964.71,323
4/26/2013 01:44:03,4/26/2013,01:44:03,3.31,7.77,91.40,964.70,320
4/26/2013 01:44:18,4/26/2013,01:44:18,4.02,7.82,91.50,964.67,341
4/26/2013 01:44:33,4/26/2013,01:44:33,2.26,7.77,91.69,964.67,340
4/26/2013 01:44:48,4/26/2013,01:44:48,2.20,7.77,91.50,964.68,320
4/26/2013 01:45:03,4/26/2013,01:45:03,2.38,7.77,91.50,964.67,331
4/26/2013 01:45:18,4/26/2013,01:45:18,2.36,7.82,91.59,964.66,344
4/26/2013 01:45:33,4/26/2013,01:45:33,2.30,7.77,91.90,964.67,351
4/26/2013 01:45:48,4/26/2013,01:45:48,1.04,7.77,92.09,964.70,0
4/26/2013 01:46:03,4/26/2013,01:46:03,1.93,7.77,92.00,964.70,19
4/26/2013 01:46:18,4/26/2013,01:46:18,1.87,7.77,92.19,964.68,320
4/26/2013 01:46:33,4/26/2013,01:46:33,2.15,7.77,92.00,964.71,329
4/26/2013 01:46:48,4/26/2013,01:46:48,1.13,7.77,92.19,964.70,333
4/26/2013 01:47:03,4/26/2013,01:47:03,2.23,7.77,92.09,964.71,0
4/26/2013 01:47:18,4/26/2013,01:47:18,1.91,7.75,91.90,964.70,20
4/26/2013 01:47:33,4/26/2013,01:47:33,1.19,7.77,92.00,964.68,43
4/26/2013 01:47:48,4/26/2013,01:47:48,1.13,7.77,92.19,964.70,346
4/26/2013 01:48:03,4/26/2013,01:48:03,1.44,7.77,92.30,964.68,342
4/26/2013 01:48:18,4/26/2013,01:48:18,1.48,7.77,92.50,964.70,311
4/26/2013 01:48:33,4/26/2013,01:48:33,1.88,7.77,92.50,964.71,317
4/26/2013 01:48:48,4/26/2013,01:48:48,2.08,7.77,92.50,964.70,307
4/26/2013 01:49:03,4/26/2013,01:49:03,3.05,7.77,92.09,964.71,301
4/26/2013 01:49:18,4/26/2013,01:49:18,3.33,7.77,91.90,964.68,9
4/26/2013 01:49:33,4/26/2013,01:49:33,2.06,7.77,91.90,964.70,348
4/26/2013 01:49:48,4/26/2013,01:49:48,1.31,7.77,92.09,964.70,318
4/26/2013 01:50:03,4/26/2013,01:50:03,1.61,7.77,92.09,964.70,337
4/26/2013 01:50:18,4/26/2013,01:50:18,1.62,7.77,92.09,964.70,343
4/26/2013 01:50:33,4/26/2013,01:50:33,0.26,7.77,92.19,964.74,332
4/26/2013 01:50:48,4/26/2013,01:50:48,1.66,7.77,92.30,964.74,340
4/26/2013 01:51:03,4/26/2013,01:51:03,1.94,7.77,92.19,964.73,0
4/26/2013 01:51:18,4/26/2013,01:51:18,0.59,7.77,92.30,964.75,301
4/26/2013 01:51:33,4/26/2013,01:51:33,1.04,7.77,92.30,964.75,346
4/26/2013 01:51:48,4/26/2013,01:51:48,1.29,7.77,92.09,964.74,347
4/26/2013 01:52:03,4/26/2013,01:52:03,0.94,7.77,92.09,964.74,352
4/26/2013 01:52:18,4/26/2013,01:52:18,0.00,7.77,92.19,964.79,326
4/26/2013 01:52:33,4/26/2013,01:52:33,0.72,7.77,92.09,964.77,330
4/26/2013 01:52:48,4/26/2013,01:52:48,1.69,7.77,91.80,964.74,327
4/26/2013 01:53:03,4/26/2013,01:53:03,1.09,7.77,92.00,964.73,5
4/26/2013 01:53:18,4/26/2013,01:53:18,1.59,7.77,92.09,964.72,337
4/26/2013 01:53:33,4/26/2013,01:53:33,2.65,7.75,91.90,964.72,348
4/26/2013 01:53:48,4/26/2013,01:53:48,1.37,7.77,91.80,964.74,43
4/26/2013 01:54:03,4/26/2013,01:54:03,1.04,7.75,91.90,964.75,1
4/26/2013 01:54:18,4/26/2013,01:54:18,1.58,7.77,92.00,964.77,344
4/26/2013 01:54:33,4/26/2013,01:54:33,1.74,7.75,91.90,964.74,310
4/26/2013 01:54:48,4/26/2013,01:54:48,2.20,7.77,91.69,964.74,313
4/26/2013 01:55:03,4/26/2013,01:55:03,0.56,7.77,91.90,964.77,332
4/26/2013 01:55:18,4/26/2013,01:55:18,0.61,7.75,92.00,964.78,312
4/26/2013 01:55:33,4/26/2013,01:55:33,0.00,7.75,92.00,964.79,328
4/26/2013 01:55:48,4/26/2013,01:55:48,0.00,7.75,92.09,964.80,295
4/26/2013 01:56:03,4/26/2013,01:56:03,0.00,7.75,92.19,964.80,5
4/26/2013 01:56:18,4/26/2013,01:56:18,0.00,7.77,92.30,964.79,330
4/26/2013 01:56:33,4/26/2013,01:56:33,0.74,7.75,92.19,964.77,331
4/26/2013 01:56:48,4/26/2013,01:56:48,0.45,7.77,92.19,964.78,338
4/26/2013 01:57:03,4/26/2013,01:57:03,0.26,7.75,92.19,964.80,340
4/26/2013 01:57:18,4/26/2013,01:57:18,1.37,7.77,92.19,964.79,327
4/26/2013 01:57:33,4/26/2013,01:57:33,1.41,7.69,92.09,964.79,57
4/26/2013 01:57:48,4/26/2013,01:57:48,2.16,7.75,91.90,964.73,5
4/26/2013 01:58:03,4/26/2013,01:58:03,2.74,7.69,91.80,964.73,322
4/26/2013 01:58:18,4/26/2013,01:58:18,2.59,7.69,91.59,964.74,311
4/26/2013 01:58:33,4/26/2013,01:58:33,3.65,7.69,91.59,964.73,341
4/26/2013 01:58:48,4/26/2013,01:58:48,3.40,7.65,91.40,964.73,337
4/26/2013 01:59:03,4/26/2013,01:59:03,3.49,7.69,91.59,964.74,0
4/26/2013 01:59:18,4/26/2013,01:59:18,3.49,7.69,91.30,964.74,321
4/26/2013 01:59:33,4/26/2013,01:59:33,0.83,7.69,91.80,964.79,350
4/26/2013 01:59:48,4/26/2013,01:59:48,0.00,7.65,92.19,964.81,33
4/26/2013 02:00:03,4/26/2013,02:00:03,1.24,7.62,92.00,964.81,341
4/26/2013 02:00:18,4/26/2013,02:00:18,2.54,7.62,91.90,964.77,349
4/26/2013 02:00:33,4/26/2013,02:00:33,2.74,7.62,91.40,964.78,346
4/26/2013 02:00:48,4/26/2013,02:00:48,2.52,7.65,91.59,964.77,356
4/26/2013 02:01:03,4/26/2013,02:01:03,3.63,7.65,91.50,964.74,325
4/26/2013 02:01:18,4/26/2013,02:01:18,2.58,7.65,91.40,964.74,319
4/26/2013 02:01:33,4/26/2013,02:01:33,2.15,7.69,91.19,964.72,342
4/26/2013 02:01:48,4/26/2013,02:01:48,0.62,7.69,91.40,964.75,309
4/26/2013 02:02:03,4/26/2013,02:02:03,2.22,7.69,91.00,964.73,333
4/26/2013 02:02:18,4/26/2013,02:02:18,2.95,7.69,90.69,964.71,322
4/26/2013 02:02:33,4/26/2013,02:02:33,3.52,7.69,90.09,964.68,336
4/26/2013 02:02:48,4/26/2013,02:02:48,2.44,7.69,90.30,964.68,5
4/26/2013 02:03:03,4/26/2013,02:03:03,2.81,7.69,90.69,964.66,20
4/26/2013 02:03:18,4/26/2013,02:03:18,1.81,7.69,91.00,964.67,345
4/26/2013 02:03:33,4/26/2013,02:03:33,0.81,7.69,91.00,964.68,323
4/26/2013 02:03:48,4/26/2013,02:03:48,1.08,7.65,91.09,964.68,352
4/26/2013 02:04:03,4/26/2013,02:04:03,0.70,7.65,91.09,964.68,351
4/26/2013 02:04:18,4/26/2013,02:04:18,0.73,7.69,91.40,964.68,291
4/26/2013 02:04:33,4/26/2013,02:04:33,0.11,7.69,91.59,964.72,354
4/26/2013 02:04:48,4/26/2013,02:04:48,1.51,7.65,91.19,964.72,318
4/26/2013 02:05:03,4/26/2013,02:05:03,1.41,7.69,90.69,964.70,330
4/26/2013 02:05:18,4/26/2013,02:05:18,1.98,7.69,90.80,964.70,354
4/26/2013 02:05:33,4/26/2013,02:05:33,2.06,7.69,90.90,964.71,0
4/26/2013 02:05:48,4/26/2013,02:05:48,1.94,7.69,91.00,964.71,301
4/26/2013 02:06:03,4/26/2013,02:06:03,1.48,7.69,91.59,964.71,325
4/26/2013 02:06:18,4/26/2013,02:06:18,2.19,7.69,91.59,964.71,335
4/26/2013 02:06:33,4/26/2013,02:06:33,1.98,7.69,91.59,964.71,347
4/26/2013 02:06:48,4/26/2013,02:06:48,2.94,7.69,91.50,964.71,353
4/26/2013 02:07:03,4/26/2013,02:07:03,3.24,7.69,91.19,964.70,357
4/26/2013 02:07:18,4/26/2013,02:07:18,3.44,7.69,91.30,964.70,325
4/26/2013 02:07:33,4/26/2013,02:07:33,3.13,7.69,91.09,964.71,347
4/26/2013 02:07:48,4/26/2013,02:07:48,1.18,7.69,91.30,964.74,355
4/26/2013 02:08:03,4/26/2013,02:08:03,0.99,7.69,91.50,964.77,344
4/26/2013 02:08:18,4/26/2013,02:08:18,1.91,7.69,91.19,964.77,336
4/26/2013 02:08:33,4/26/2013,02:08:33,3.09,7.69,90.80,964.73,358
4/26/2013 02:08:48,4/26/2013,02:08:48,2.52,7.69,90.50,964.73,18
4/26/2013 02:09:03,4/26/2013,02:09:03,1.51,7.69,90.50,964.74,336
4/26/2013 02:09:18,4/26/2013,02:09:18,1.36,7.69,90.69,964.74,345
4/26/2013 02:09:33,4/26/2013,02:09:33,2.83,7.69,90.30,964.74,8
4/26/2013 02:09:48,4/26/2013,02:09:48,0.84,7.65,90.50,964.78,335
4/26/2013 02:10:03,4/26/2013,02:10:03,0.76,7.65,90.90,964.79,73
4/26/2013 02:10:18,4/26/2013,02:10:18,1.72,7.62,90.90,964.77,14
4/26/2013 02:10:33,4/26/2013,02:10:33,1.68,7.65,90.80,964.77,5
4/26/2013 02:10:48,4/26/2013,02:10:48,0.80,7.62,91.09,964.77,343
4/26/2013 02:11:03,4/26/2013,02:11:03,2.16,7.65,91.00,964.74,355
4/26/2013 02:11:18,4/26/2013,02:11:18,1.97,7.65,90.90,964.74,341
4/26/2013 02:11:33,4/26/2013,02:11:33,2.08,7.65,90.80,964.73,332
4/26/2013 02:11:48,4/26/2013,02:11:48,1.88,7.62,90.69,964.73,320
4/26/2013 02:12:03,4/26/2013,02:12:03,3.06,7.62,90.30,964.73,3
4/26/2013 02:12:18,4/26/2013,02:12:18,2.91,7.62,90.40,964.74,327
4/26/2013 02:12:33,4/26/2013,02:12:33,3.41,7.65,90.50,964.72,10
4/26/2013 02:12:48,4/26/2013,02:12:48,3.45,7.65,90.30,964.71,327
4/26/2013 02:13:03,4/26/2013,02:13:03,2.79,7.62,90.40,964.73,318
4/26/2013 02:13:18,4/26/2013,02:13:18,2.73,7.62,90.40,964.73,340
4/26/2013 02:13:33,4/26/2013,02:13:33,1.90,7.57,90.59,964.73,1
4/26/2013 02:13:48,4/26/2013,02:13:48,1.54,7.57,90.50,964.74,287
4/26/2013 02:14:03,4/26/2013,02:14:03,1.95,7.62,90.50,964.74,323
4/26/2013 02:14:18,4/26/2013,02:14:18,2.83,7.62,90.30,964.72,326
4/26/2013 02:14:33,4/26/2013,02:14:33,0.97,7.57,90.19,964.75,328
4/26/2013 02:14:48,4/26/2013,02:14:48,2.20,7.57,90.30,964.75,9
4/26/2013 02:15:03,4/26/2013,02:15:03,1.86,7.55,90.19,964.77,334
4/26/2013 02:15:18,4/26/2013,02:15:18,2.29,7.57,90.00,964.78,346
4/26/2013 02:15:33,4/26/2013,02:15:33,1.76,7.57,89.69,964.75,7
4/26/2013 02:15:48,4/26/2013,02:15:48,1.97,7.57,90.19,964.75,351
4/26/2013 02:16:03,4/26/2013,02:16:03,2.74,7.57,90.09,964.74,321
4/26/2013 02:16:18,4/26/2013,02:16:18,2.37,7.57,89.80,964.78,331
4/26/2013 02:16:33,4/26/2013,02:16:33,1.66,7.55,89.90,964.80,344
4/26/2013 02:16:48,4/26/2013,02:16:48,2.92,7.55,89.50,964.80,14
4/26/2013 02:17:03,4/26/2013,02:17:03,2.45,7.57,89.90,964.81,349
4/26/2013 02:17:18,4/26/2013,02:17:18,2.81,7.55,89.40,964.82,0
4/26/2013 02:17:33,4/26/2013,02:17:33,3.04,7.55,89.50,964.82,345
4/26/2013 02:17:48,4/26/2013,02:17:48,1.97,7.55,89.19,964.85,3
4/26/2013 02:18:03,4/26/2013,02:18:03,1.90,7.55,89.30,964.85,10
4/26/2013 02:18:18,4/26/2013,02:18:18,2.16,7.55,89.09,964.86,338
4/26/2013 02:18:33,4/26/2013,02:18:33,2.33,7.55,89.30,964.85,352
4/26/2013 02:18:48,4/26/2013,02:18:48,2.12,7.55,89.50,964.83,353
4/26/2013 02:19:03,4/26/2013,02:19:03,1.43,7.50,89.80,964.83,330
4/26/2013 02:19:18,4/26/2013,02:19:18,2.13,7.50,89.90,964.85,339
4/26/2013 02:19:33,4/26/2013,02:19:33,2.83,7.55,89.90,964.85,322
4/26/2013 02:19:48,4/26/2013,02:19:48,1.20,7.47,89.69,964.86,329
4/26/2013 02:20:03,4/26/2013,02:20:03,2.05,7.50,89.40,964.86,345
4/26/2013 02:20:18,4/26/2013,02:20:18,2.34,7.50,89.19,964.85,321
4/26/2013 02:20:33,4/26/2013,02:20:33,1.55,7.47,89.59,964.86,11
4/26/2013 02:20:48,4/26/2013,02:20:48,1.63,7.47,90.19,964.87,25
4/26/2013 02:21:03,4/26/2013,02:21:03,2.24,7.47,90.00,964.87,357
4/26/2013 02:21:18,4/26/2013,02:21:18,1.98,7.47,89.80,964.89,354
4/26/2013 02:21:33,4/26/2013,02:21:33,3.40,7.47,89.30,964.85,342
4/26/2013 02:21:48,4/26/2013,02:21:48,1.95,7.47,89.30,964.87,322
4/26/2013 02:22:03,4/26/2013,02:22:03,4.17,7.47,89.30,964.86,327
4/26/2013 02:22:18,4/26/2013,02:22:18,4.23,7.47,88.90,964.88,346
4/26/2013 02:22:33,4/26/2013,02:22:33,2.22,7.47,89.30,964.90,338
4/26/2013 02:22:48,4/26/2013,02:22:48,3.76,7.47,89.09,964.94,16
4/26/2013 02:23:03,4/26/2013,02:23:03,4.24,7.42,88.80,964.92,353
4/26/2013 02:23:18,4/26/2013,02:23:18,3.11,7.27,89.69,964.93,329
4/26/2013 02:23:33,4/26/2013,02:23:33,1.91,7.27,90.59,964.92,19
4/26/2013 02:23:48,4/26/2013,02:23:48,2.29,7.22,90.59,964.92,0
4/26/2013 02:24:03,4/26/2013,02:24:03,3.20,7.15,90.40,964.90,0
4/26/2013 02:24:18,4/26/2013,02:24:18,2.30,7.17,90.69,964.92,333
4/26/2013 02:24:33,4/26/2013,02:24:33,1.63,7.17,91.09,964.92,339
4/26/2013 02:24:48,4/26/2013,02:24:48,2.01,7.15,91.09,964.94,3
4/26/2013 02:25:03,4/26/2013,02:25:03,2.15,7.15,91.30,964.93,353
4/26/2013 02:25:18,4/26/2013,02:25:18,2.45,7.15,91.40,964.94,359
4/26/2013 02:25:33,4/26/2013,02:25:33,1.20,7.17,91.80,964.95,261
4/26/2013 02:25:48,4/26/2013,02:25:48,2.02,7.15,91.69,964.93,318
4/26/2013 02:26:03,4/26/2013,02:26:03,3.05,7.09,91.09,964.90,342
4/26/2013 02:26:18,4/26/2013,02:26:18,1.74,7.09,91.40,964.90,6
4/26/2013 02:26:33,4/26/2013,02:26:33,1.95,7.15,91.50,964.88,359
4/26/2013 02:26:48,4/26/2013,02:26:48,2.40,7.09,91.59,964.88,342
4/26/2013 02:27:03,4/26/2013,02:27:03,0.30,7.07,92.30,964.93,308
4/26/2013 02:27:18,4/26/2013,02:27:18,1.05,7.07,92.40,964.92,11
4/26/2013 02:27:33,4/26/2013,02:27:33,2.30,7.07,92.30,964.88,337
4/26/2013 02:27:48,4/26/2013,02:27:48,1.98,7.02,92.40,964.88,325
4/26/2013 02:28:03,4/26/2013,02:28:03,3.40,7.00,92.19,964.86,336
4/26/2013 02:28:18,4/26/2013,02:28:18,3.22,7.00,92.50,964.87,356
4/26/2013 02:28:33,4/26/2013,02:28:33,3.12,7.00,92.40,964.85,354
4/26/2013 02:28:48,4/26/2013,02:28:48,3.34,7.00,92.40,964.86,12
4/26/2013 02:29:03,4/26/2013,02:29:03,2.83,7.00,92.59,964.85,5
4/26/2013 02:29:18,4/26/2013,02:29:18,1.48,7.00,92.80,964.85,15
4/26/2013 02:29:33,4/26/2013,02:29:33,1.49,6.94,92.80,964.86,3
4/26/2013 02:29:48,4/26/2013,02:29:48,2.22,7.00,92.80,964.82,343
4/26/2013 02:30:03,4/26/2013,02:30:03,1.56,7.00,92.90,964.82,338
4/26/2013 02:30:18,4/26/2013,02:30:18,0.45,7.00,93.19,964.82,328
4/26/2013 02:30:33,4/26/2013,02:30:33,0.91,7.00,93.19,964.81,338
4/26/2013 02:30:48,4/26/2013,02:30:48,0.05,7.00,93.40,964.85,333
4/26/2013 02:31:03,4/26/2013,02:31:03,1.37,7.00,93.30,964.81,334
4/26/2013 02:31:18,4/26/2013,02:31:18,1.70,6.94,93.30,964.80,10
4/26/2013 02:31:33,4/26/2013,02:31:33,1.70,7.00,93.30,964.79,355
4/26/2013 02:31:48,4/26/2013,02:31:48,0.26,6.94,93.50,964.81,313
4/26/2013 02:32:03,4/26/2013,02:32:03,1.38,6.90,93.30,964.80,12
4/26/2013 02:32:18,4/26/2013,02:32:18,0.47,7.00,93.50,964.79,293
4/26/2013 02:32:33,4/26/2013,02:32:33,1.49,6.94,93.40,964.77,344
4/26/2013 02:32:48,4/26/2013,02:32:48,0.16,7.00,93.59,964.81,8
4/26/2013 02:33:03,4/26/2013,02:33:03,0.00,7.00,93.69,964.81,23
4/26/2013 02:33:18,4/26/2013,02:33:18,0.00,7.00,93.80,964.83,322
4/26/2013 02:33:33,4/26/2013,02:33:33,0.00,7.00,93.80,964.85,38
4/26/2013 02:33:48,4/26/2013,02:33:48,0.00,7.00,93.80,964.86,344
4/26/2013 02:34:03,4/26/2013,02:34:03,0.00,7.00,93.80,964.87,7
4/26/2013 02:34:18,4/26/2013,02:34:18,0.00,7.00,93.80,964.89,19
4/26/2013 02:34:33,4/26/2013,02:34:33,0.00,7.00,93.80,964.90,314
4/26/2013 02:34:48,4/26/2013,02:34:48,0.00,7.00,93.80,964.90,349
4/26/2013 02:35:03,4/26/2013,02:35:03,0.00,7.00,93.90,964.93,347
4/26/2013 02:35:18,4/26/2013,02:35:18,0.00,6.90,93.50,964.94,0
4/26/2013 02:35:33,4/26/2013,02:35:33,0.00,7.00,93.69,964.95,350
4/26/2013 02:35:48,4/26/2013,02:35:48,0.00,7.00,93.80,964.97,25
4/26/2013 02:36:03,4/26/2013,02:36:03,0.00,6.94,93.80,964.97,0
4/26/2013 02:36:18,4/26/2013,02:36:18,0.00,6.90,93.59,964.96,20
4/26/2013 02:36:33,4/26/2013,02:36:33,0.00,6.90,93.69,964.96,19
4/26/2013 02:36:48,4/26/2013,02:36:48,0.00,6.90,93.59,964.93,347
4/26/2013 02:37:03,4/26/2013,02:37:03,0.00,6.90,93.40,964.94,11
4/26/2013 02:37:18,4/26/2013,02:37:18,0.00,6.94,93.69,964.94,344
4/26/2013 02:37:33,4/26/2013,02:37:33,0.00,6.90,93.80,964.94,352
4/26/2013 02:37:48,4/26/2013,02:37:48,0.00,6.94,93.90,964.95,354
4/26/2013 02:38:03,4/26/2013,02:38:03,0.00,6.90,93.90,964.94,349
4/26/2013 02:38:18,4/26/2013,02:38:18,0.00,6.90,93.90,964.95,334
4/26/2013 02:38:33,4/26/2013,02:38:33,1.94,6.87,93.40,964.89,352
4/26/2013 02:38:48,4/26/2013,02:38:48,2.63,6.87,93.30,964.83,326
4/26/2013 02:39:03,4/26/2013,02:39:03,2.72,6.90,93.30,964.81,42
4/26/2013 02:39:18,4/26/2013,02:39:18,1.72,6.90,93.40,964.80,5
4/26/2013 02:39:33,4/26/2013,02:39:33,1.79,6.90,93.40,964.80,324
4/26/2013 02:39:48,4/26/2013,02:39:48,1.93,6.90,93.40,964.81,340
4/26/2013 02:40:03,4/26/2013,02:40:03,2.47,6.87,93.30,964.81,357
4/26/2013 02:40:18,4/26/2013,02:40:18,0.93,6.90,93.50,964.83,9
4/26/2013 02:40:33,4/26/2013,02:40:33,1.65,6.90,93.30,964.82,5
4/26/2013 02:40:48,4/26/2013,02:40:48,0.48,6.90,93.59,964.85,47
4/26/2013 02:41:03,4/26/2013,02:41:03,0.00,6.87,93.59,964.87,345
4/26/2013 02:41:18,4/26/2013,02:41:18,0.00,6.90,93.69,964.86,308
4/26/2013 02:41:33,4/26/2013,02:41:33,0.00,6.90,93.69,964.85,353
4/26/2013 02:41:48,4/26/2013,02:41:48,0.00,6.90,93.80,964.86,12
4/26/2013 02:42:03,4/26/2013,02:42:03,0.00,6.87,93.59,964.87,359
4/26/2013 02:42:18,4/26/2013,02:42:18,0.00,6.87,93.59,964.86,49
4/26/2013 02:42:33,4/26/2013,02:42:33,0.00,6.87,93.50,964.86,344
4/26/2013 02:42:48,4/26/2013,02:42:48,0.00,6.90,93.69,964.87,336
4/26/2013 02:43:03,4/26/2013,02:43:03,0.00,6.90,93.80,964.86,288
4/26/2013 02:43:18,4/26/2013,02:43:18,0.00,6.82,93.69,964.86,306
4/26/2013 02:43:33,4/26/2013,02:43:33,1.23,6.82,93.40,964.81,311
4/26/2013 02:43:48,4/26/2013,02:43:48,1.61,6.82,93.40,964.80,328
4/26/2013 02:44:03,4/26/2013,02:44:03,0.84,6.87,93.59,964.81,6
4/26/2013 02:44:18,4/26/2013,02:44:18,0.45,6.87,93.69,964.85,330
4/26/2013 02:44:33,4/26/2013,02:44:33,0.22,6.87,93.69,964.86,13
4/26/2013 02:44:48,4/26/2013,02:44:48,0.00,6.87,93.69,964.88,58
4/26/2013 02:45:03,4/26/2013,02:45:03,0.00,6.87,93.90,964.87,0
4/26/2013 02:45:18,4/26/2013,02:45:18,0.00,6.82,93.80,964.89,0
4/26/2013 02:45:33,4/26/2013,02:45:33,1.52,6.80,93.50,964.87,27
4/26/2013 02:45:48,4/26/2013,02:45:48,2.09,6.75,93.19,964.86,21
4/26/2013 02:46:03,4/26/2013,02:46:03,1.93,6.75,93.00,964.85,6
4/26/2013 02:46:18,4/26/2013,02:46:18,1.48,6.75,93.00,964.86,351
4/26/2013 02:46:33,4/26/2013,02:46:33,0.87,6.80,93.40,964.82,11
4/26/2013 02:46:48,4/26/2013,02:46:48,0.52,6.75,93.50,964.85,4
4/26/2013 02:47:03,4/26/2013,02:47:03,0.00,6.80,93.69,964.85,330
4/26/2013 02:47:18,4/26/2013,02:47:18,0.05,6.75,93.59,964.85,51
4/26/2013 02:47:33,4/26/2013,02:47:33,0.29,6.75,93.59,964.81,104
4/26/2013 02:47:48,4/26/2013,02:47:48,0.00,6.75,93.59,964.82,358
4/26/2013 02:48:03,4/26/2013,02:48:03,1.40,6.75,93.40,964.75,68
4/26/2013 02:48:18,4/26/2013,02:48:18,1.87,6.69,93.30,964.73,25
4/26/2013 02:48:33,4/26/2013,02:48:33,2.73,6.69,93.00,964.71,35
4/26/2013 02:48:48,4/26/2013,02:48:48,1.51,6.75,93.30,964.72,353
4/26/2013 02:49:03,4/26/2013,02:49:03,2.24,6.75,93.09,964.71,351
4/26/2013 02:49:18,4/26/2013,02:49:18,2.19,6.75,93.09,964.71,354
4/26/2013 02:49:33,4/26/2013,02:49:33,0.30,6.75,93.30,964.75,359
4/26/2013 02:49:48,4/26/2013,02:49:48,0.27,6.75,93.30,964.74,24
4/26/2013 02:50:03,4/26/2013,02:50:03,0.08,6.75,93.30,964.77,10
4/26/2013 02:50:18,4/26/2013,02:50:18,0.77,6.69,93.09,964.79,5
4/26/2013 02:50:33,4/26/2013,02:50:33,0.94,6.69,93.00,964.75,21
4/26/2013 02:50:48,4/26/2013,02:50:48,1.27,6.67,92.80,964.74,355
4/26/2013 02:51:03,4/26/2013,02:51:03,0.86,6.69,93.00,964.77,62
4/26/2013 02:51:18,4/26/2013,02:51:18,2.11,6.69,92.90,964.77,18
4/26/2013 02:51:33,4/26/2013,02:51:33,1.79,6.67,92.80,964.78,346
4/26/2013 02:51:48,4/26/2013,02:51:48,2.05,6.67,92.59,964.77,5
4/26/2013 02:52:03,4/26/2013,02:52:03,2.12,6.67,92.40,964.77,3
4/26/2013 02:52:18,4/26/2013,02:52:18,1.69,6.67,92.69,964.79,345
4/26/2013 02:52:33,4/26/2013,02:52:33,1.76,6.67,92.50,964.79,357
4/26/2013 02:52:48,4/26/2013,02:52:48,2.22,6.67,92.40,964.78,335
4/26/2013 02:53:03,4/26/2013,02:53:03,2.08,6.67,92.50,964.78,342
4/26/2013 02:53:18,4/26/2013,02:53:18,1.31,6.67,92.59,964.79,344
4/26/2013 02:53:33,4/26/2013,02:53:33,2.67,6.67,92.50,964.79,359
4/26/2013 02:53:48,4/26/2013,02:53:48,1.86,6.67,92.50,964.78,343
4/26/2013 02:54:03,4/26/2013,02:54:03,1.90,6.67,92.40,964.75,332
4/26/2013 02:54:18,4/26/2013,02:54:18,2.01,6.62,92.19,964.75,342
4/26/2013 02:54:33,4/26/2013,02:54:33,2.42,6.59,92.00,964.74,332
4/26/2013 02:54:48,4/26/2013,02:54:48,2.20,6.62,92.00,964.75,335
4/26/2013 02:55:03,4/26/2013,02:55:03,2.67,6.59,91.90,964.75,1
4/26/2013 02:55:18,4/26/2013,02:55:18,0.74,6.67,92.30,964.79,1
4/26/2013 02:55:33,4/26/2013,02:55:33,1.86,6.62,92.40,964.77,41
4/26/2013 02:55:48,4/26/2013,02:55:48,0.91,6.62,92.50,964.77,54
4/26/2013 02:56:03,4/26/2013,02:56:03,0.00,6.59,92.30,964.77,6
4/26/2013 02:56:18,4/26/2013,02:56:18,0.69,6.59,92.30,964.75,352
4/26/2013 02:56:33,4/26/2013,02:56:33,1.84,6.59,92.19,964.73,3
4/26/2013 02:56:48,4/26/2013,02:56:48,1.94,6.59,92.19,964.72,353
4/26/2013 02:57:03,4/26/2013,02:57:03,2.83,6.59,92.00,964.71,345
4/26/2013 02:57:18,4/26/2013,02:57:18,1.90,6.59,92.30,964.71,357
4/26/2013 02:57:33,4/26/2013,02:57:33,1.37,6.59,92.50,964.68,20
4/26/2013 02:57:48,4/26/2013,02:57:48,2.16,6.59,92.40,964.67,347
4/26/2013 02:58:03,4/26/2013,02:58:03,1.12,6.59,92.59,964.70,342
4/26/2013 02:58:18,4/26/2013,02:58:18,0.90,6.59,92.90,964.72,35
4/26/2013 02:58:33,4/26/2013,02:58:33,1.04,6.59,92.69,964.73,43
4/26/2013 02:58:48,4/26/2013,02:58:48,1.66,6.59,92.59,964.70,8
4/26/2013 02:59:03,4/26/2013,02:59:03,1.52,6.59,92.80,964.71,3
4/26/2013 02:59:18,4/26/2013,02:59:18,0.73,6.59,93.00,964.74,340
4/26/2013 02:59:33,4/26/2013,02:59:33,0.31,6.59,93.09,964.75,309
4/26/2013 02:59:48,4/26/2013,02:59:48,1.18,6.59,93.00,964.75,324
4/26/2013 03:00:03,4/26/2013,03:00:03,1.11,6.59,92.90,964.73,51
4/26/2013 03:00:18,4/26/2013,03:00:18,1.29,6.59,92.90,964.72,97
4/26/2013 03:00:33,4/26/2013,03:00:33,1.44,6.59,92.69,964.73,19
4/26/2013 03:00:48,4/26/2013,03:00:48,1.34,6.59,92.59,964.74,353
4/26/2013 03:01:03,4/26/2013,03:01:03,0.81,6.59,92.90,964.78,343
4/26/2013 03:01:18,4/26/2013,03:01:18,0.87,6.59,92.90,964.78,359
4/26/2013 03:01:33,4/26/2013,03:01:33,0.00,6.62,93.19,964.80,17
4/26/2013 03:01:48,4/26/2013,03:01:48,0.58,6.59,93.09,964.80,343
4/26/2013 03:02:03,4/26/2013,03:02:03,0.16,6.62,93.19,964.80,308
4/26/2013 03:02:18,4/26/2013,03:02:18,1.05,6.59,93.19,964.79,344
4/26/2013 03:02:33,4/26/2013,03:02:33,1.95,6.59,92.80,964.75,308
4/26/2013 03:02:48,4/26/2013,03:02:48,1.43,6.62,92.90,964.77,339
4/26/2013 03:03:03,4/26/2013,03:03:03,0.30,6.62,93.19,964.79,329
4/26/2013 03:03:18,4/26/2013,03:03:18,0.00,6.62,93.40,964.80,346
4/26/2013 03:03:33,4/26/2013,03:03:33,0.99,6.59,93.00,964.79,2
4/26/2013 03:03:48,4/26/2013,03:03:48,0.70,6.59,93.09,964.78,352
4/26/2013 03:04:03,4/26/2013,03:04:03,0.91,6.59,92.90,964.78,346
4/26/2013 03:04:18,4/26/2013,03:04:18,1.22,6.59,93.09,964.78,19
4/26/2013 03:04:33,4/26/2013,03:04:33,1.77,6.59,92.69,964.77,359
4/26/2013 03:04:48,4/26/2013,03:04:48,1.59,6.59,92.69,964.74,330
4/26/2013 03:05:03,4/26/2013,03:05:03,1.76,6.59,92.69,964.74,324
4/26/2013 03:05:18,4/26/2013,03:05:18,1.84,6.59,92.69,964.73,318
4/26/2013 03:05:33,4/26/2013,03:05:33,1.09,6.59,92.80,964.75,302
4/26/2013 03:05:48,4/26/2013,03:05:48,0.77,6.59,92.90,964.74,349
4/26/2013 03:06:03,4/26/2013,03:06:03,0.06,6.59,93.19,964.74,46
4/26/2013 03:06:18,4/26/2013,03:06:18,2.41,6.55,92.50,964.70,29
4/26/2013 03:06:33,4/26/2013,03:06:33,2.01,6.52,92.19,964.67,15
4/26/2013 03:06:48,4/26/2013,03:06:48,2.20,6.52,92.00,964.67,13
4/26/2013 03:07:03,4/26/2013,03:07:03,1.79,6.52,92.00,964.66,359
4/26/2013 03:07:18,4/26/2013,03:07:18,1.12,6.52,92.30,964.65,13
4/26/2013 03:07:33,4/26/2013,03:07:33,1.74,6.52,92.30,964.65,317
4/26/2013 03:07:48,4/26/2013,03:07:48,1.49,6.52,91.90,964.64,4
4/26/2013 03:08:03,4/26/2013,03:08:03,2.09,6.47,91.40,964.64,0
4/26/2013 03:08:18,4/26/2013,03:08:18,2.47,6.42,91.00,964.62,7
4/26/2013 03:08:33,4/26/2013,03:08:33,3.04,6.42,90.90,964.59,336
4/26/2013 03:08:48,4/26/2013,03:08:48,2.47,6.42,91.00,964.57,317
4/26/2013 03:09:03,4/26/2013,03:09:03,1.91,6.42,91.30,964.57,346
4/26/2013 03:09:18,4/26/2013,03:09:18,2.42,6.42,91.30,964.57,1
4/26/2013 03:09:33,4/26/2013,03:09:33,1.72,6.47,91.59,964.57,343
4/26/2013 03:09:48,4/26/2013,03:09:48,1.59,6.42,91.30,964.56,6
4/26/2013 03:10:03,4/26/2013,03:10:03,2.63,6.40,91.09,964.55,17
4/26/2013 03:10:18,4/26/2013,03:10:18,2.47,6.42,91.09,964.57,19
4/26/2013 03:10:33,4/26/2013,03:10:33,1.84,6.40,91.00,964.56,5
4/26/2013 03:10:48,4/26/2013,03:10:48,1.37,6.40,91.59,964.56,39
4/26/2013 03:11:03,4/26/2013,03:11:03,1.88,6.42,91.50,964.56,17
4/26/2013 03:11:18,4/26/2013,03:11:18,1.18,6.42,91.90,964.56,1
4/26/2013 03:11:33,4/26/2013,03:11:33,1.38,6.42,91.90,964.57,17
4/26/2013 03:11:48,4/26/2013,03:11:48,1.81,6.42,91.69,964.55,3
4/26/2013 03:12:03,4/26/2013,03:12:03,2.18,6.42,91.40,964.53,57
4/26/2013 03:12:18,4/26/2013,03:12:18,1.47,6.42,91.80,964.55,344
4/26/2013 03:12:33,4/26/2013,03:12:33,1.59,6.40,92.00,964.53,332
4/26/2013 03:12:48,4/26/2013,03:12:48,1.43,6.40,91.90,964.52,1
4/26/2013 03:13:03,4/26/2013,03:13:03,1.31,6.42,92.09,964.52,348
4/26/2013 03:13:18,4/26/2013,03:13:18,1.56,6.40,92.00,964.51,354
4/26/2013 03:13:33,4/26/2013,03:13:33,0.77,6.42,92.30,964.53,317
4/26/2013 03:13:48,4/26/2013,03:13:48,0.40,6.42,92.69,964.55,0
4/26/2013 03:14:03,4/26/2013,03:14:03,0.79,6.42,92.50,964.53,1
4/26/2013 03:14:18,4/26/2013,03:14:18,0.27,6.42,92.69,964.55,15
4/26/2013 03:14:33,4/26/2013,03:14:33,0.24,6.42,92.69,964.56,359
4/26/2013 03:14:48,4/26/2013,03:14:48,1.01,6.34,92.40,964.52,346
4/26/2013 03:15:03,4/26/2013,03:15:03,1.68,6.40,91.80,964.49,8
4/26/2013 03:15:18,4/26/2013,03:15:18,1.12,6.40,92.30,964.47,27
4/26/2013 03:15:33,4/26/2013,03:15:33,0.27,6.40,92.50,964.50,26
4/26/2013 03:15:48,4/26/2013,03:15:48,0.97,6.40,92.50,964.49,25
4/26/2013 03:16:03,4/26/2013,03:16:03,0.93,6.34,92.19,964.48,62
4/26/2013 03:16:18,4/26/2013,03:16:18,2.18,6.34,91.59,964.45,317
4/26/2013 03:16:33,4/26/2013,03:16:33,2.49,6.34,91.19,964.43,356
4/26/2013 03:16:48,4/26/2013,03:16:48,2.80,6.34,90.40,964.42,22
4/26/2013 03:17:03,4/26/2013,03:17:03,1.98,6.40,90.59,964.43,355
4/26/2013 03:17:18,4/26/2013,03:17:18,1.86,6.42,90.40,964.41,37
4/26/2013 03:17:33,4/26/2013,03:17:33,1.63,6.42,90.50,964.40,25
4/26/2013 03:17:48,4/26/2013,03:17:48,1.47,6.42,90.69,964.40,0
4/26/2013 03:18:03,4/26/2013,03:18:03,1.94,6.42,90.30,964.41,33
4/26/2013 03:18:18,4/26/2013,03:18:18,2.55,6.42,90.19,964.40,15
4/26/2013 03:18:33,4/26/2013,03:18:33,2.49,6.42,90.30,964.38,31
4/26/2013 03:18:48,4/26/2013,03:18:48,2.05,6.42,90.40,964.38,344
4/26/2013 03:19:03,4/26/2013,03:19:03,2.88,6.47,89.90,964.34,350
4/26/2013 03:19:18,4/26/2013,03:19:18,1.26,6.42,90.40,964.37,7
4/26/2013 03:19:33,4/26/2013,03:19:33,0.79,6.40,91.09,964.37,351
4/26/2013 03:19:48,4/26/2013,03:19:48,1.72,6.42,90.80,964.35,25
4/26/2013 03:20:03,4/26/2013,03:20:03,1.70,6.42,90.50,964.35,322
4/26/2013 03:20:18,4/26/2013,03:20:18,0.77,6.42,90.90,964.38,29
4/26/2013 03:20:33,4/26/2013,03:20:33,0.70,6.42,91.40,964.38,23
4/26/2013 03:20:48,4/26/2013,03:20:48,2.22,6.42,90.69,964.34,1
4/26/2013 03:21:03,4/26/2013,03:21:03,1.26,6.42,90.80,964.36,331
4/26/2013 03:21:18,4/26/2013,03:21:18,1.69,6.42,90.59,964.36,337
4/26/2013 03:21:33,4/26/2013,03:21:33,1.29,6.42,91.00,964.36,340
4/26/2013 03:21:48,4/26/2013,03:21:48,0.77,6.42,91.40,964.37,357
4/26/2013 03:22:03,4/26/2013,03:22:03,1.09,6.42,91.50,964.38,357
4/26/2013 03:22:18,4/26/2013,03:22:18,0.86,6.42,91.59,964.38,355
4/26/2013 03:22:33,4/26/2013,03:22:33,0.80,6.42,91.80,964.38,331
4/26/2013 03:22:48,4/26/2013,03:22:48,1.59,6.42,91.30,964.37,344
4/26/2013 03:23:03,4/26/2013,03:23:03,0.95,6.42,91.50,964.38,14
4/26/2013 03:23:18,4/26/2013,03:23:18,0.93,6.42,91.50,964.38,333
4/26/2013 03:23:33,4/26/2013,03:23:33,0.38,6.42,91.90,964.41,14
4/26/2013 03:23:48,4/26/2013,03:23:48,0.00,6.40,92.40,964.42,319
4/26/2013 03:24:03,4/26/2013,03:24:03,0.47,6.34,92.30,964.41,10
4/26/2013 03:24:18,4/26/2013,03:24:18,0.93,6.42,92.00,964.38,328
4/26/2013 03:24:33,4/26/2013,03:24:33,1.44,6.42,91.40,964.37,350
4/26/2013 03:24:48,4/26/2013,03:24:48,0.98,6.42,91.50,964.37,11
4/26/2013 03:25:03,4/26/2013,03:25:03,1.04,6.42,91.50,964.38,34
4/26/2013 03:25:18,4/26/2013,03:25:18,1.08,6.42,91.59,964.37,0
4/26/2013 03:25:33,4/26/2013,03:25:33,0.24,6.42,91.19,964.38,20
4/26/2013 03:25:48,4/26/2013,03:25:48,0.00,6.42,91.00,964.38,7
4/26/2013 03:26:03,4/26/2013,03:26:03,0.00,6.42,91.40,964.38,354
4/26/2013 03:26:18,4/26/2013,03:26:18,0.00,6.40,91.59,964.38,30
4/26/2013 03:26:33,4/26/2013,03:26:33,0.00,6.40,91.40,964.38,1
4/26/2013 03:26:48,4/26/2013,03:26:48,0.00,6.42,91.40,964.37,344
4/26/2013 03:27:03,4/26/2013,03:27:03,0.00,6.42,91.09,964.37,336
4/26/2013 03:27:18,4/26/2013,03:27:18,0.00,6.42,91.09,964.37,334
4/26/2013 03:27:33,4/26/2013,03:27:33,0.00,6.42,90.80,964.37,332
4/26/2013 03:27:48,4/26/2013,03:27:48,0.00,6.42,91.30,964.36,13
4/26/2013 03:28:03,4/26/2013,03:28:03,0.00,6.40,91.80,964.36,7
4/26/2013 03:28:18,4/26/2013,03:28:18,0.00,6.40,92.19,964.35,344
4/26/2013 03:28:33,4/26/2013,03:28:33,0.00,6.42,92.30,964.34,347
4/26/2013 03:28:48,4/26/2013,03:28:48,0.00,6.42,92.40,964.34,322
4/26/2013 03:29:03,4/26/2013,03:29:03,0.00,6.42,92.09,964.34,348
4/26/2013 03:29:18,4/26/2013,03:29:18,0.00,6.42,91.80,964.35,327
4/26/2013 03:29:33,4/26/2013,03:29:33,0.00,6.40,92.19,964.36,333
4/26/2013 03:29:48,4/26/2013,03:29:48,0.00,6.42,91.00,964.35,10
4/26/2013 03:30:03,4/26/2013,03:30:03,0.43,6.42,90.90,964.34,345
4/26/2013 03:30:18,4/26/2013,03:30:18,1.72,6.42,90.50,964.32,11
4/26/2013 03:30:33,4/26/2013,03:30:33,2.12,6.42,89.59,964.28,20
4/26/2013 03:30:48,4/26/2013,03:30:48,2.12,6.42,90.09,964.28,335
4/26/2013 03:31:03,4/26/2013,03:31:03,1.97,6.42,90.09,964.28,341
4/26/2013 03:31:18,4/26/2013,03:31:18,1.51,6.42,90.40,964.28,27
4/26/2013 03:31:33,4/26/2013,03:31:33,0.20,6.34,90.69,964.32,355
4/26/2013 03:31:48,4/26/2013,03:31:48,0.72,6.34,90.69,964.33,7
4/26/2013 03:32:03,4/26/2013,03:32:03,2.36,6.34,90.19,964.30,349
4/26/2013 03:32:18,4/26/2013,03:32:18,2.20,6.42,90.09,964.30,345
4/26/2013 03:32:33,4/26/2013,03:32:33,0.52,6.34,90.80,964.33,1
4/26/2013 03:32:48,4/26/2013,03:32:48,0.47,6.34,91.00,964.35,340
4/26/2013 03:33:03,4/26/2013,03:33:03,0.16,6.34,91.09,964.35,345
4/26/2013 03:33:18,4/26/2013,03:33:18,0.00,6.34,91.30,964.36,328
4/26/2013 03:33:33,4/26/2013,03:33:33,0.00,6.40,91.30,964.36,329
4/26/2013 03:33:48,4/26/2013,03:33:48,0.00,6.34,91.19,964.37,303
4/26/2013 03:34:03,4/26/2013,03:34:03,0.00,6.34,91.19,964.37,351
4/26/2013 03:34:18,4/26/2013,03:34:18,0.49,6.34,90.80,964.36,8
4/26/2013 03:34:33,4/26/2013,03:34:33,0.00,6.40,90.69,964.36,319
4/26/2013 03:34:48,4/26/2013,03:34:48,0.00,6.34,91.40,964.36,3
4/26/2013 03:35:03,4/26/2013,03:35:03,0.00,6.34,91.09,964.35,352
4/26/2013 03:35:18,4/26/2013,03:35:18,0.00,6.34,91.30,964.36,356
4/26/2013 03:35:33,4/26/2013,03:35:33,0.00,6.34,91.19,964.36,339
4/26/2013 03:35:48,4/26/2013,03:35:48,0.00,6.34,91.30,964.35,357
4/26/2013 03:36:03,4/26/2013,03:36:03,0.00,6.34,91.09,964.35,330
4/26/2013 03:36:18,4/26/2013,03:36:18,0.76,6.34,91.09,964.33,324
4/26/2013 03:36:33,4/26/2013,03:36:33,2.18,6.40,90.59,964.30,356
4/26/2013 03:36:48,4/26/2013,03:36:48,0.86,6.34,91.19,964.30,30
4/26/2013 03:37:03,4/26/2013,03:37:03,1.63,6.34,90.90,964.28,350
4/26/2013 03:37:18,4/26/2013,03:37:18,0.49,6.27,91.40,964.30,37
4/26/2013 03:37:33,4/26/2013,03:37:33,0.87,6.27,91.50,964.32,348
4/26/2013 03:37:48,4/26/2013,03:37:48,0.05,6.32,91.80,964.32,5
4/26/2013 03:38:03,4/26/2013,03:38:03,0.00,6.27,92.00,964.32,51
4/26/2013 03:38:18,4/26/2013,03:38:18,1.23,6.27,91.30,964.27,13
4/26/2013 03:38:33,4/26/2013,03:38:33,1.54,6.32,91.00,964.23,13
4/26/2013 03:38:48,4/26/2013,03:38:48,1.61,6.32,90.59,964.21,29
4/26/2013 03:39:03,4/26/2013,03:39:03,1.77,6.32,90.80,964.21,351
4/26/2013 03:39:18,4/26/2013,03:39:18,2.79,6.27,90.00,964.18,325
4/26/2013 03:39:33,4/26/2013,03:39:33,1.83,6.32,90.19,964.20,26
4/26/2013 03:39:48,4/26/2013,03:39:48,1.52,6.27,90.50,964.19,23
4/26/2013 03:40:03,4/26/2013,03:40:03,1.79,6.27,90.50,964.20,13
4/26/2013 03:40:18,4/26/2013,03:40:18,1.38,6.27,90.59,964.20,317
4/26/2013 03:40:33,4/26/2013,03:40:33,1.74,6.27,90.40,964.20,13
4/26/2013 03:40:48,4/26/2013,03:40:48,1.88,6.27,90.50,964.18,338
4/26/2013 03:41:03,4/26/2013,03:41:03,1.26,6.27,90.69,964.20,350
4/26/2013 03:41:18,4/26/2013,03:41:18,1.18,6.27,90.80,964.19,327
4/26/2013 03:41:33,4/26/2013,03:41:33,0.79,6.27,91.19,964.20,348
4/26/2013 03:41:48,4/26/2013,03:41:48,0.63,6.27,91.40,964.22,3
4/26/2013 03:42:03,4/26/2013,03:42:03,0.08,6.27,91.59,964.23,24
4/26/2013 03:42:18,4/26/2013,03:42:18,0.00,6.27,91.80,964.23,307
4/26/2013 03:42:33,4/26/2013,03:42:33,0.00,6.27,92.00,964.25,30
4/26/2013 03:42:48,4/26/2013,03:42:48,0.37,6.27,91.69,964.25,0
4/26/2013 03:43:03,4/26/2013,03:43:03,1.11,6.22,91.19,964.22,305
4/26/2013 03:43:18,4/26/2013,03:43:18,1.38,6.27,91.09,964.21,338
4/26/2013 03:43:33,4/26/2013,03:43:33,0.34,6.22,91.59,964.23,36
4/26/2013 03:43:48,4/26/2013,03:43:48,1.22,6.27,91.40,964.20,347
4/26/2013 03:44:03,4/26/2013,03:44:03,0.12,6.27,91.30,964.22,345
4/26/2013 03:44:18,4/26/2013,03:44:18,0.00,6.27,91.19,964.26,324
4/26/2013 03:44:33,4/26/2013,03:44:33,0.00,6.27,91.40,964.26,344
4/26/2013 03:44:48,4/26/2013,03:44:48,0.00,6.27,91.09,964.25,18
4/26/2013 03:45:03,4/26/2013,03:45:03,0.00,6.22,91.40,964.25,8
4/26/2013 03:45:18,4/26/2013,03:45:18,0.00,6.22,91.19,964.23,27
4/26/2013 03:45:33,4/26/2013,03:45:33,0.23,6.27,91.00,964.21,336
4/26/2013 03:45:48,4/26/2013,03:45:48,0.00,6.27,91.50,964.21,346
4/26/2013 03:46:03,4/26/2013,03:46:03,0.00,6.22,91.09,964.22,338
4/26/2013 03:46:18,4/26/2013,03:46:18,0.00,6.27,90.90,964.20,336
4/26/2013 03:46:33,4/26/2013,03:46:33,0.00,6.27,90.90,964.19,350
4/26/2013 03:46:48,4/26/2013,03:46:48,0.00,6.22,91.50,964.18,20
4/26/2013 03:47:03,4/26/2013,03:47:03,0.00,6.22,91.40,964.15,345
4/26/2013 03:47:18,4/26/2013,03:47:18,0.00,6.22,91.59,964.17,1
4/26/2013 03:47:33,4/26/2013,03:47:33,0.00,6.19,92.19,964.17,336
4/26/2013 03:47:48,4/26/2013,03:47:48,0.00,6.19,92.09,964.15,13
4/26/2013 03:48:03,4/26/2013,03:48:03,0.00,6.19,91.50,964.15,15
4/26/2013 03:48:18,4/26/2013,03:48:18,0.00,6.22,90.50,964.14,42
4/26/2013 03:48:33,4/26/2013,03:48:33,0.00,6.22,90.80,964.14,340
4/26/2013 03:48:48,4/26/2013,03:48:48,0.00,6.27,90.69,964.14,311
4/26/2013 03:49:03,4/26/2013,03:49:03,0.00,6.22,91.09,964.14,341
4/26/2013 03:49:18,4/26/2013,03:49:18,0.00,6.22,91.19,964.17,4
4/26/2013 03:49:33,4/26/2013,03:49:33,0.00,6.19,92.00,964.18,19
4/26/2013 03:49:48,4/26/2013,03:49:48,0.00,6.19,92.59,964.19,1
4/26/2013 03:50:03,4/26/2013,03:50:03,0.00,6.19,92.90,964.19,7
4/26/2013 03:50:18,4/26/2013,03:50:18,0.00,6.19,93.09,964.19,32
4/26/2013 03:50:33,4/26/2013,03:50:33,0.00,6.15,93.09,964.19,21
4/26/2013 03:50:48,4/26/2013,03:50:48,0.00,6.19,93.30,964.19,358
4/26/2013 03:51:03,4/26/2013,03:51:03,0.00,6.15,93.19,964.20,1
4/26/2013 03:51:18,4/26/2013,03:51:18,0.00,6.15,93.00,964.21,302
4/26/2013 03:51:33,4/26/2013,03:51:33,0.00,6.15,92.80,964.20,336
4/26/2013 03:51:48,4/26/2013,03:51:48,0.00,6.15,93.00,964.23,312
4/26/2013 03:52:03,4/26/2013,03:52:03,0.00,6.19,92.50,964.23,317
4/26/2013 03:52:18,4/26/2013,03:52:18,0.00,6.19,92.69,964.25,21
4/26/2013 03:52:33,4/26/2013,03:52:33,0.00,6.15,92.80,964.27,348
4/26/2013 03:52:48,4/26/2013,03:52:48,0.00,6.15,93.09,964.27,346
4/26/2013 03:53:03,4/26/2013,03:53:03,0.00,6.15,93.19,964.27,339
4/26/2013 03:53:18,4/26/2013,03:53:18,0.00,6.15,92.90,964.28,336
4/26/2013 03:53:33,4/26/2013,03:53:33,0.00,6.15,92.69,964.27,0
4/26/2013 03:53:48,4/26/2013,03:53:48,2.26,6.12,92.90,964.21,12
4/26/2013 03:54:03,4/26/2013,03:54:03,0.94,6.12,93.40,964.23,341
4/26/2013 03:54:18,4/26/2013,03:54:18,1.18,6.12,93.59,964.22,290
4/26/2013 03:54:33,4/26/2013,03:54:33,1.73,6.12,93.59,964.22,354
4/26/2013 03:54:48,4/26/2013,03:54:48,1.98,6.12,93.69,964.21,27
4/26/2013 03:55:03,4/26/2013,03:55:03,0.38,6.12,93.80,964.25,333
4/26/2013 03:55:18,4/26/2013,03:55:18,0.00,6.12,93.90,964.28,319
4/26/2013 03:55:33,4/26/2013,03:55:33,0.00,6.12,94.00,964.28,7
4/26/2013 03:55:48,4/26/2013,03:55:48,0.00,6.12,94.00,964.27,337
4/26/2013 03:56:03,4/26/2013,03:56:03,0.18,6.12,94.09,964.26,9
4/26/2013 03:56:18,4/26/2013,03:56:18,0.00,6.12,94.09,964.27,347
4/26/2013 03:56:33,4/26/2013,03:56:33,0.00,6.12,94.09,964.27,10
4/26/2013 03:56:48,4/26/2013,03:56:48,1.44,6.12,93.90,964.22,353
4/26/2013 03:57:03,4/26/2013,03:57:03,0.13,6.12,94.09,964.22,23
4/26/2013 03:57:18,4/26/2013,03:57:18,1.48,6.12,94.00,964.20,334
4/26/2013 03:57:33,4/26/2013,03:57:33,1.04,6.12,94.00,964.18,335
4/26/2013 03:57:48,4/26/2013,03:57:48,0.05,6.12,94.09,964.19,335
4/26/2013 03:58:03,4/26/2013,03:58:03,0.00,6.12,94.09,964.21,29
4/26/2013 03:58:18,4/26/2013,03:58:18,0.00,6.12,94.09,964.20,51
4/26/2013 03:58:33,4/26/2013,03:58:33,0.00,6.12,94.19,964.20,23
4/26/2013 03:58:48,4/26/2013,03:58:48,0.33,6.12,94.09,964.20,354
4/26/2013 03:59:03,4/26/2013,03:59:03,0.59,6.12,94.09,964.19,63
4/26/2013 03:59:18,4/26/2013,03:59:18,0.99,6.12,94.09,964.17,359
4/26/2013 03:59:33,4/26/2013,03:59:33,0.43,6.12,94.09,964.18,357
4/26/2013 03:59:48,4/26/2013,03:59:48,0.99,6.12,94.09,964.18,342
4/26/2013 04:00:03,4/26/2013,04:00:03,1.45,6.12,94.09,964.15,1
4/26/2013 04:00:18,4/26/2013,04:00:18,0.48,6.12,94.09,964.18,12
4/26/2013 04:00:33,4/26/2013,04:00:33,0.27,6.12,94.09,964.19,331
4/26/2013 04:00:48,4/26/2013,04:00:48,1.56,6.12,94.00,964.15,357
4/26/2013 04:01:03,4/26/2013,04:01:03,0.80,6.12,94.09,964.18,338
4/26/2013 04:01:18,4/26/2013,04:01:18,0.00,6.12,94.19,964.19,342
4/26/2013 04:01:33,4/26/2013,04:01:33,1.27,6.12,94.09,964.17,307
4/26/2013 04:01:48,4/26/2013,04:01:48,1.69,6.12,94.09,964.17,16
4/26/2013 04:02:03,4/26/2013,04:02:03,0.38,6.12,94.09,964.19,25
4/26/2013 04:02:18,4/26/2013,04:02:18,0.00,6.12,94.19,964.21,325
4/26/2013 04:02:33,4/26/2013,04:02:33,0.80,6.12,94.30,964.18,336
4/26/2013 04:02:48,4/26/2013,04:02:48,0.05,6.12,94.30,964.22,357
4/26/2013 04:03:03,4/26/2013,04:03:03,0.00,6.12,94.30,964.21,16
4/26/2013 04:03:18,4/26/2013,04:03:18,0.00,6.12,94.30,964.22,357
4/26/2013 04:03:33,4/26/2013,04:03:33,0.00,6.15,94.30,964.23,329
4/26/2013 04:03:48,4/26/2013,04:03:48,0.00,6.12,94.30,964.25,340
4/26/2013 04:04:03,4/26/2013,04:04:03,0.00,6.12,94.40,964.26,48
4/26/2013 04:04:18,4/26/2013,04:04:18,0.00,6.12,94.30,964.25,311
4/26/2013 04:04:33,4/26/2013,04:04:33,0.73,6.12,94.30,964.21,351
4/26/2013 04:04:48,4/26/2013,04:04:48,0.08,6.15,94.40,964.22,10
4/26/2013 04:05:03,4/26/2013,04:05:03,0.56,6.12,94.30,964.20,20
4/26/2013 04:05:18,4/26/2013,04:05:18,0.00,6.12,94.30,964.21,1
4/26/2013 04:05:33,4/26/2013,04:05:33,0.00,6.12,94.40,964.23,338
4/26/2013 04:05:48,4/26/2013,04:05:48,0.00,6.12,94.30,964.22,321
4/26/2013 04:06:03,4/26/2013,04:06:03,0.00,6.12,94.30,964.21,305
4/26/2013 04:06:18,4/26/2013,04:06:18,0.00,6.12,94.30,964.20,29
4/26/2013 04:06:33,4/26/2013,04:06:33,0.15,6.12,94.40,964.20,37
4/26/2013 04:06:48,4/26/2013,04:06:48,1.66,6.12,94.19,964.15,28
4/26/2013 04:07:03,4/26/2013,04:07:03,1.40,6.12,94.19,964.15,8
4/26/2013 04:07:18,4/26/2013,04:07:18,1.41,6.12,94.19,964.15,351
4/26/2013 04:07:33,4/26/2013,04:07:33,0.15,6.12,94.30,964.19,8
4/26/2013 04:07:48,4/26/2013,04:07:48,1.11,6.12,94.30,964.18,32
4/26/2013 04:08:03,4/26/2013,04:08:03,1.37,6.15,94.09,964.17,341
4/26/2013 04:08:18,4/26/2013,04:08:18,1.12,6.12,94.19,964.14,5
4/26/2013 04:08:33,4/26/2013,04:08:33,0.36,6.12,94.19,964.15,8
4/26/2013 04:08:48,4/26/2013,04:08:48,0.63,6.12,94.19,964.17,1
4/26/2013 04:09:03,4/26/2013,04:09:03,1.43,6.15,94.09,964.14,40
4/26/2013 04:09:18,4/26/2013,04:09:18,0.47,6.19,94.19,964.17,351
4/26/2013 04:09:33,4/26/2013,04:09:33,0.80,6.15,94.19,964.15,29
4/26/2013 04:09:48,4/26/2013,04:09:48,0.00,6.15,94.30,964.17,354
4/26/2013 04:10:03,4/26/2013,04:10:03,0.84,6.19,94.19,964.15,346
4/26/2013 04:10:18,4/26/2013,04:10:18,1.65,6.15,94.09,964.14,22
4/26/2013 04:10:33,4/26/2013,04:10:33,1.13,6.15,94.09,964.14,327
4/26/2013 04:10:48,4/26/2013,04:10:48,1.30,6.15,94.09,964.13,342
4/26/2013 04:11:03,4/26/2013,04:11:03,0.33,6.15,94.19,964.15,0
4/26/2013 04:11:18,4/26/2013,04:11:18,0.00,6.15,94.30,964.17,345
4/26/2013 04:11:33,4/26/2013,04:11:33,0.00,6.12,94.30,964.15,359
4/26/2013 04:11:48,4/26/2013,04:11:48,0.56,6.12,94.30,964.15,0
4/26/2013 04:12:03,4/26/2013,04:12:03,0.00,6.15,94.30,964.15,336
4/26/2013 04:12:18,4/26/2013,04:12:18,0.00,6.15,94.40,964.15,350
4/26/2013 04:12:33,4/26/2013,04:12:33,0.00,6.15,94.40,964.17,346
4/26/2013 04:12:48,4/26/2013,04:12:48,0.00,6.15,94.40,964.15,16
4/26/2013 04:13:03,4/26/2013,04:13:03,0.77,6.12,94.30,964.14,21
4/26/2013 04:13:18,4/26/2013,04:13:18,0.29,6.12,94.40,964.15,2
4/26/2013 04:13:33,4/26/2013,04:13:33,0.00,6.12,94.40,964.15,0
4/26/2013 04:13:48,4/26/2013,04:13:48,0.95,6.12,94.30,964.13,340
4/26/2013 04:14:03,4/26/2013,04:14:03,1.05,6.12,94.30,964.13,353
4/26/2013 04:14:18,4/26/2013,04:14:18,0.19,6.12,94.40,964.18,336
4/26/2013 04:14:33,4/26/2013,04:14:33,0.00,6.12,94.40,964.19,30
4/26/2013 04:14:48,4/26/2013,04:14:48,0.00,6.12,94.40,964.19,349
4/26/2013 04:15:03,4/26/2013,04:15:03,0.00,6.15,94.40,964.20,0
4/26/2013 04:15:18,4/26/2013,04:15:18,0.00,6.12,94.30,964.20,1
4/26/2013 04:15:33,4/26/2013,04:15:33,0.95,6.12,94.19,964.18,350
4/26/2013 04:15:48,4/26/2013,04:15:48,1.33,6.12,94.19,964.18,22
4/26/2013 04:16:03,4/26/2013,04:16:03,1.01,6.15,94.19,964.19,352
4/26/2013 04:16:18,4/26/2013,04:16:18,0.15,6.12,94.30,964.22,0
4/26/2013 04:16:33,4/26/2013,04:16:33,0.00,6.12,94.40,964.23,358
4/26/2013 04:16:48,4/26/2013,04:16:48,0.00,6.15,94.40,964.22,311
4/26/2013 04:17:03,4/26/2013,04:17:03,0.00,6.12,94.30,964.23,342
4/26/2013 04:17:18,4/26/2013,04:17:18,0.00,6.12,94.40,964.23,340
4/26/2013 04:17:33,4/26/2013,04:17:33,0.00,6.12,94.40,964.25,354
4/26/2013 04:17:48,4/26/2013,04:17:48,0.00,6.12,94.40,964.25,6
4/26/2013 04:18:03,4/26/2013,04:18:03,0.00,6.12,94.40,964.23,10
4/26/2013 04:18:18,4/26/2013,04:18:18,0.99,6.12,94.30,964.22,18
4/26/2013 04:18:33,4/26/2013,04:18:33,0.83,6.15,94.40,964.19,21
4/26/2013 04:18:48,4/26/2013,04:18:48,1.15,6.12,94.30,964.17,2
4/26/2013 04:19:03,4/26/2013,04:19:03,0.87,6.12,94.30,964.18,3
4/26/2013 04:19:18,4/26/2013,04:19:18,0.15,6.15,94.40,964.19,348
4/26/2013 04:19:33,4/26/2013,04:19:33,0.51,6.15,94.40,964.20,328
4/26/2013 04:19:48,4/26/2013,04:19:48,0.00,6.15,94.40,964.21,340
4/26/2013 04:20:03,4/26/2013,04:20:03,0.00,6.15,94.40,964.22,2
4/26/2013 04:20:18,4/26/2013,04:20:18,0.00,6.12,94.40,964.23,16
4/26/2013 04:20:33,4/26/2013,04:20:33,0.00,6.15,94.40,964.23,28
4/26/2013 04:20:48,4/26/2013,04:20:48,0.00,6.12,94.40,964.23,327
4/26/2013 04:21:03,4/26/2013,04:21:03,0.00,6.12,94.40,964.22,353
4/26/2013 04:21:18,4/26/2013,04:21:18,0.00,6.12,94.50,964.21,21
4/26/2013 04:21:33,4/26/2013,04:21:33,0.00,6.12,94.50,964.21,0
4/26/2013 04:21:48,4/26/2013,04:21:48,0.00,6.12,94.50,964.21,356
4/26/2013 04:22:03,4/26/2013,04:22:03,0.00,6.12,94.50,964.20,1
4/26/2013 04:22:18,4/26/2013,04:22:18,0.00,6.15,94.50,964.21,345
4/26/2013 04:22:33,4/26/2013,04:22:33,0.44,6.12,94.50,964.20,339
4/26/2013 04:22:48,4/26/2013,04:22:48,0.52,6.15,94.50,964.18,317
4/26/2013 04:23:03,4/26/2013,04:23:03,1.45,6.12,94.30,964.14,325
4/26/2013 04:23:18,4/26/2013,04:23:18,1.12,6.15,94.40,964.14,350
4/26/2013 04:23:33,4/26/2013,04:23:33,1.31,6.15,94.40,964.14,5
4/26/2013 04:23:48,4/26/2013,04:23:48,0.31,6.15,94.40,964.18,351
4/26/2013 04:24:03,4/26/2013,04:24:03,0.00,6.15,94.50,964.19,351
4/26/2013 04:24:18,4/26/2013,04:24:18,0.00,6.15,94.50,964.18,285
4/26/2013 04:24:33,4/26/2013,04:24:33,0.00,6.15,94.50,964.19,317
4/26/2013 04:24:48,4/26/2013,04:24:48,0.00,6.19,94.50,964.21,328
4/26/2013 04:25:03,4/26/2013,04:25:03,0.00,6.15,94.40,964.21,320
4/26/2013 04:25:18,4/26/2013,04:25:18,0.00,6.19,94.40,964.21,319
4/26/2013 04:25:33,4/26/2013,04:25:33,0.00,6.19,94.40,964.21,345
4/26/2013 04:25:48,4/26/2013,04:25:48,0.00,6.19,94.50,964.23,346
4/26/2013 04:26:03,4/26/2013,04:26:03,0.00,6.19,94.50,964.21,17
4/26/2013 04:26:18,4/26/2013,04:26:18,0.00,6.19,94.50,964.21,346
4/26/2013 04:26:33,4/26/2013,04:26:33,0.00,6.15,94.50,964.19,334
4/26/2013 04:26:48,4/26/2013,04:26:48,0.00,6.19,94.50,964.21,308
4/26/2013 04:27:03,4/26/2013,04:27:03,0.00,6.15,94.50,964.21,13
4/26/2013 04:27:18,4/26/2013,04:27:18,0.00,6.15,94.50,964.20,12
4/26/2013 04:27:33,4/26/2013,04:27:33,0.87,6.12,94.30,964.15,325
4/26/2013 04:27:48,4/26/2013,04:27:48,1.13,6.15,94.30,964.14,359
4/26/2013 04:28:03,4/26/2013,04:28:03,0.11,6.15,94.40,964.15,348
4/26/2013 04:28:18,4/26/2013,04:28:18,0.00,6.19,94.50,964.18,346
4/26/2013 04:28:33,4/26/2013,04:28:33,0.00,6.19,94.40,964.18,326
4/26/2013 04:28:48,4/26/2013,04:28:48,0.00,6.19,94.40,964.18,344
4/26/2013 04:29:03,4/26/2013,04:29:03,0.00,6.19,94.40,964.17,340
4/26/2013 04:29:18,4/26/2013,04:29:18,0.00,6.19,94.40,964.19,346
4/26/2013 04:29:33,4/26/2013,04:29:33,0.00,6.19,94.40,964.18,343
4/26/2013 04:29:48,4/26/2013,04:29:48,0.00,6.19,94.40,964.19,343
4/26/2013 04:30:03,4/26/2013,04:30:03,0.00,6.19,94.40,964.19,3
4/26/2013 04:30:18,4/26/2013,04:30:18,0.00,6.19,94.50,964.20,3
4/26/2013 04:30:33,4/26/2013,04:30:33,0.00,6.19,94.40,964.18,312
4/26/2013 04:30:48,4/26/2013,04:30:48,0.00,6.19,94.40,964.17,327
4/26/2013 04:31:03,4/26/2013,04:31:03,0.00,6.15,94.30,964.17,6
4/26/2013 04:31:18,4/26/2013,04:31:18,0.00,6.15,94.30,964.17,356
4/26/2013 04:31:33,4/26/2013,04:31:33,0.00,6.19,94.40,964.18,351
4/26/2013 04:31:48,4/26/2013,04:31:48,0.00,6.19,94.50,964.17,9
4/26/2013 04:32:03,4/26/2013,04:32:03,0.00,6.15,94.50,964.15,351
4/26/2013 04:32:18,4/26/2013,04:32:18,0.00,6.15,94.40,964.15,329
4/26/2013 04:32:33,4/26/2013,04:32:33,0.76,6.12,94.19,964.13,10
4/26/2013 04:32:48,4/26/2013,04:32:48,0.00,6.19,94.30,964.15,320
4/26/2013 04:33:03,4/26/2013,04:33:03,0.00,6.12,94.30,964.15,28
4/26/2013 04:33:18,4/26/2013,04:33:18,0.00,6.15,94.30,964.17,348
4/26/2013 04:33:33,4/26/2013,04:33:33,0.00,6.15,94.30,964.17,331
4/26/2013 04:33:48,4/26/2013,04:33:48,0.00,6.15,94.40,964.18,306
4/26/2013 04:34:03,4/26/2013,04:34:03,0.00,6.15,94.40,964.17,307
4/26/2013 04:34:18,4/26/2013,04:34:18,0.00,6.15,94.30,964.17,332
4/26/2013 04:34:33,4/26/2013,04:34:33,1.74,6.12,94.00,964.13,352
4/26/2013 04:34:48,4/26/2013,04:34:48,0.22,6.19,94.09,964.15,318
4/26/2013 04:35:03,4/26/2013,04:35:03,1.04,6.12,94.00,964.13,5
4/26/2013 04:35:18,4/26/2013,04:35:18,1.65,6.15,93.90,964.11,342
4/26/2013 04:35:33,4/26/2013,04:35:33,1.65,6.19,93.90,964.12,27
4/26/2013 04:35:48,4/26/2013,04:35:48,0.13,6.19,94.09,964.14,317
4/26/2013 04:36:03,4/26/2013,04:36:03,0.00,6.19,94.00,964.15,336
4/26/2013 04:36:18,4/26/2013,04:36:18,0.00,6.19,93.90,964.15,292
4/26/2013 04:36:33,4/26/2013,04:36:33,0.00,6.19,94.09,964.14,359
4/26/2013 04:36:48,4/26/2013,04:36:48,0.00,6.19,94.09,964.15,327
4/26/2013 04:37:03,4/26/2013,04:37:03,0.08,6.19,93.90,964.14,271
4/26/2013 04:37:18,4/26/2013,04:37:18,2.99,6.19,93.30,964.11,349
4/26/2013 04:37:33,4/26/2013,04:37:33,3.27,6.19,93.09,964.10,320
4/26/2013 04:37:48,4/26/2013,04:37:48,3.41,6.12,93.19,964.08,329
4/26/2013 04:38:03,4/26/2013,04:38:03,2.63,6.12,93.59,964.10,339
4/26/2013 04:38:18,4/26/2013,04:38:18,1.34,6.12,93.90,964.13,20
4/26/2013 04:38:33,4/26/2013,04:38:33,1.52,6.12,93.90,964.14,2
4/26/2013 04:38:48,4/26/2013,04:38:48,0.30,6.12,94.00,964.18,328
4/26/2013 04:39:03,4/26/2013,04:39:03,0.09,6.12,94.09,964.19,280
4/26/2013 04:39:18,4/26/2013,04:39:18,1.36,6.12,94.00,964.18,334
4/26/2013 04:39:33,4/26/2013,04:39:33,0.59,6.15,94.09,964.19,340
4/26/2013 04:39:48,4/26/2013,04:39:48,0.77,6.12,94.19,964.20,352
4/26/2013 04:40:03,4/26/2013,04:40:03,1.29,6.12,94.09,964.19,335
4/26/2013 04:40:18,4/26/2013,04:40:18,1.45,6.12,94.09,964.17,346
4/26/2013 04:40:33,4/26/2013,04:40:33,1.04,6.12,94.00,964.18,28
4/26/2013 04:40:48,4/26/2013,04:40:48,0.44,6.15,94.09,964.21,16
4/26/2013 04:41:03,4/26/2013,04:41:03,0.77,6.12,94.09,964.20,336
4/26/2013 04:41:18,4/26/2013,04:41:18,0.76,6.12,93.90,964.20,332
4/26/2013 04:41:33,4/26/2013,04:41:33,0.00,6.12,93.90,964.21,322
4/26/2013 04:41:48,4/26/2013,04:41:48,0.00,6.12,93.90,964.21,16
4/26/2013 04:42:03,4/26/2013,04:42:03,1.38,6.12,93.69,964.17,357
4/26/2013 04:42:18,4/26/2013,04:42:18,0.19,6.12,94.00,964.19,297
4/26/2013 04:42:33,4/26/2013,04:42:33,0.00,6.12,93.90,964.20,345
4/26/2013 04:42:48,4/26/2013,04:42:48,0.00,6.19,94.00,964.19,342
4/26/2013 04:43:03,4/26/2013,04:43:03,0.12,6.15,93.90,964.20,350
4/26/2013 04:43:18,4/26/2013,04:43:18,0.00,6.15,93.90,964.19,302
4/26/2013 04:43:33,4/26/2013,04:43:33,0.00,6.19,93.69,964.19,353
4/26/2013 04:43:48,4/26/2013,04:43:48,0.00,6.19,93.69,964.19,301
4/26/2013 04:44:03,4/26/2013,04:44:03,0.00,6.19,93.80,964.19,288
4/26/2013 04:44:18,4/26/2013,04:44:18,0.00,6.19,93.80,964.18,320
4/26/2013 04:44:33,4/26/2013,04:44:33,0.00,6.15,93.40,964.18,335
4/26/2013 04:44:48,4/26/2013,04:44:48,0.00,6.15,93.09,964.18,350
4/26/2013 04:45:03,4/26/2013,04:45:03,0.00,6.15,93.30,964.19,343
4/26/2013 04:45:18,4/26/2013,04:45:18,0.00,6.15,93.19,964.20,349
4/26/2013 04:45:33,4/26/2013,04:45:33,0.00,6.15,93.09,964.19,339
4/26/2013 04:45:48,4/26/2013,04:45:48,0.00,6.15,93.30,964.20,335
4/26/2013 04:46:03,4/26/2013,04:46:03,0.00,6.15,93.50,964.20,26
4/26/2013 04:46:18,4/26/2013,04:46:18,0.00,6.12,93.40,964.19,351
4/26/2013 04:46:33,4/26/2013,04:46:33,0.00,6.15,93.59,964.19,333
4/26/2013 04:46:48,4/26/2013,04:46:48,0.00,6.19,93.59,964.20,352
4/26/2013 04:47:03,4/26/2013,04:47:03,0.00,6.12,93.69,964.20,206
4/26/2013 04:47:18,4/26/2013,04:47:18,0.00,6.12,93.80,964.20,313
4/26/2013 04:47:33,4/26/2013,04:47:33,0.00,6.15,93.90,964.20,297
4/26/2013 04:47:48,4/26/2013,04:47:48,0.00,6.12,93.90,964.21,329
4/26/2013 04:48:03,4/26/2013,04:48:03,0.68,6.15,93.30,964.20,299
4/26/2013 04:48:18,4/26/2013,04:48:18,2.49,6.15,92.80,964.14,347
4/26/2013 04:48:33,4/26/2013,04:48:33,2.29,6.15,92.40,964.13,69
4/26/2013 04:48:48,4/26/2013,04:48:48,0.31,6.15,92.80,964.17,318
4/26/2013 04:49:03,4/26/2013,04:49:03,0.79,6.15,92.30,964.19,326
4/26/2013 04:49:18,4/26/2013,04:49:18,2.24,6.19,92.00,964.15,336
4/26/2013 04:49:33,4/26/2013,04:49:33,2.34,6.15,91.90,964.15,287
4/26/2013 04:49:48,4/26/2013,04:49:48,2.44,6.15,91.90,964.14,1
4/26/2013 04:50:03,4/26/2013,04:50:03,2.27,6.19,91.80,964.15,328
4/26/2013 04:50:18,4/26/2013,04:50:18,1.97,6.19,91.90,964.13,344
4/26/2013 04:50:33,4/26/2013,04:50:33,0.38,6.15,92.50,964.19,320
4/26/2013 04:50:48,4/26/2013,04:50:48,1.62,6.19,92.40,964.17,320
4/26/2013 04:51:03,4/26/2013,04:51:03,1.87,6.19,91.90,964.15,303
4/26/2013 04:51:18,4/26/2013,04:51:18,1.36,6.15,92.19,964.15,331
4/26/2013 04:51:33,4/26/2013,04:51:33,0.11,6.15,92.50,964.20,21
4/26/2013 04:51:48,4/26/2013,04:51:48,0.00,6.15,92.69,964.21,355
4/26/2013 04:52:03,4/26/2013,04:52:03,0.00,6.15,92.90,964.20,327
4/26/2013 04:52:18,4/26/2013,04:52:18,0.00,6.12,92.90,964.21,321
4/26/2013 04:52:33,4/26/2013,04:52:33,0.00,6.12,93.09,964.21,0
4/26/2013 04:52:48,4/26/2013,04:52:48,0.00,6.12,93.00,964.22,359
4/26/2013 04:53:03,4/26/2013,04:53:03,0.00,6.12,93.30,964.21,334
4/26/2013 04:53:18,4/26/2013,04:53:18,0.00,6.12,93.30,964.22,345
4/26/2013 04:53:33,4/26/2013,04:53:33,0.00,6.12,93.09,964.21,296
4/26/2013 04:53:48,4/26/2013,04:53:48,0.00,6.15,92.69,964.20,340
4/26/2013 04:54:03,4/26/2013,04:54:03,0.00,6.12,92.80,964.21,345
4/26/2013 04:54:18,4/26/2013,04:54:18,0.00,6.12,92.50,964.21,340
4/26/2013 04:54:33,4/26/2013,04:54:33,0.40,6.12,92.00,964.21,342
4/26/2013 04:54:48,4/26/2013,04:54:48,0.06,6.15,92.30,964.21,0
4/26/2013 04:55:03,4/26/2013,04:55:03,0.00,6.12,92.69,964.21,342
4/26/2013 04:55:18,4/26/2013,04:55:18,0.00,6.12,92.80,964.22,16
4/26/2013 04:55:33,4/26/2013,04:55:33,0.00,6.12,93.09,964.21,11
4/26/2013 04:55:48,4/26/2013,04:55:48,0.00,6.12,93.30,964.21,322
4/26/2013 04:56:03,4/26/2013,04:56:03,0.00,6.12,93.09,964.20,335
4/26/2013 04:56:18,4/26/2013,04:56:18,0.00,6.12,92.50,964.18,332
4/26/2013 04:56:33,4/26/2013,04:56:33,0.00,6.12,92.69,964.18,344
4/26/2013 04:56:48,4/26/2013,04:56:48,0.00,6.12,92.90,964.18,347
4/26/2013 04:57:03,4/26/2013,04:57:03,0.00,6.12,93.30,964.19,17
4/26/2013 04:57:18,4/26/2013,04:57:18,0.00,6.12,92.90,964.18,347
4/26/2013 04:57:33,4/26/2013,04:57:33,0.00,6.12,92.90,964.19,7
4/26/2013 04:57:48,4/26/2013,04:57:48,0.00,6.12,92.69,964.19,336
4/26/2013 04:58:03,4/26/2013,04:58:03,0.00,6.15,92.59,964.19,319
4/26/2013 04:58:18,4/26/2013,04:58:18,0.00,6.15,92.19,964.18,331
4/26/2013 04:58:33,4/26/2013,04:58:33,0.00,6.12,92.40,964.19,342
4/26/2013 04:58:48,4/26/2013,04:58:48,0.00,6.12,92.19,964.18,349
4/26/2013 04:59:03,4/26/2013,04:59:03,0.00,6.12,92.50,964.19,338
4/26/2013 04:59:18,4/26/2013,04:59:18,0.00,6.12,92.80,964.18,324
4/26/2013 04:59:33,4/26/2013,04:59:33,0.00,6.12,92.59,964.18,338
4/26/2013 04:59:48,4/26/2013,04:59:48,0.00,6.12,92.09,964.19,352
4/26/2013 05:00:03,4/26/2013,05:00:03,0.00,6.12,92.30,964.20,2
4/26/2013 05:00:18,4/26/2013,05:00:18,0.00,6.12,92.69,964.19,340
4/26/2013 05:00:33,4/26/2013,05:00:33,0.00,6.12,92.90,964.20,0
4/26/2013 05:00:48,4/26/2013,05:00:48,0.00,6.07,93.09,964.18,351
4/26/2013 05:01:03,4/26/2013,05:01:03,0.00,6.07,93.50,964.17,0
4/26/2013 05:01:18,4/26/2013,05:01:18,0.00,6.05,93.59,964.15,346
4/26/2013 05:01:33,4/26/2013,05:01:33,0.00,6.05,93.69,964.17,10
4/26/2013 05:01:48,4/26/2013,05:01:48,0.00,6.05,93.69,964.15,337
4/26/2013 05:02:03,4/26/2013,05:02:03,0.00,6.05,93.59,964.12,281
4/26/2013 05:02:18,4/26/2013,05:02:18,0.00,6.05,93.30,964.13,11
4/26/2013 05:02:33,4/26/2013,05:02:33,0.00,6.07,92.59,964.14,30
4/26/2013 05:02:48,4/26/2013,05:02:48,0.00,6.07,92.59,964.12,80
4/26/2013 05:03:03,4/26/2013,05:03:03,0.00,6.05,93.00,964.10,121
4/26/2013 05:03:18,4/26/2013,05:03:18,0.00,6.05,93.19,964.11,20
4/26/2013 05:03:33,4/26/2013,05:03:33,0.00,6.07,92.59,964.10,359
4/26/2013 05:03:48,4/26/2013,05:03:48,0.00,6.12,92.40,964.10,4
4/26/2013 05:04:03,4/26/2013,05:04:03,0.00,6.12,92.00,964.10,22
4/26/2013 05:04:18,4/26/2013,05:04:18,0.00,6.07,92.00,964.08,355
4/26/2013 05:04:33,4/26/2013,05:04:33,0.00,6.07,92.40,964.07,3
4/26/2013 05:04:48,4/26/2013,05:04:48,0.00,6.05,92.80,964.07,100
4/26/2013 05:05:03,4/26/2013,05:05:03,0.00,6.05,92.69,964.07,110
4/26/2013 05:05:18,4/26/2013,05:05:18,0.00,6.05,92.30,964.07,68
4/26/2013 05:05:33,4/26/2013,05:05:33,0.00,6.05,92.30,964.06,69
4/26/2013 05:05:48,4/26/2013,05:05:48,0.00,6.05,92.30,964.06,66
4/26/2013 05:06:03,4/26/2013,05:06:03,0.00,6.05,92.19,964.05,72
4/26/2013 05:06:18,4/26/2013,05:06:18,0.00,6.07,92.00,964.05,104
4/26/2013 05:06:33,4/26/2013,05:06:33,0.00,6.05,91.69,964.03,130
4/26/2013 05:06:48,4/26/2013,05:06:48,0.00,6.05,92.30,964.02,63
4/26/2013 05:07:03,4/26/2013,05:07:03,0.00,6.05,93.00,964.02,59
4/26/2013 05:07:18,4/26/2013,05:07:18,0.00,6.05,93.09,964.04,354
4/26/2013 05:07:33,4/26/2013,05:07:33,0.00,6.05,93.00,964.05,36
4/26/2013 05:07:48,4/26/2013,05:07:48,0.00,6.05,92.90,964.07,24
4/26/2013 05:08:03,4/26/2013,05:08:03,0.00,6.05,92.69,964.06,29
4/26/2013 05:08:18,4/26/2013,05:08:18,0.00,6.05,92.19,964.06,24
4/26/2013 05:08:33,4/26/2013,05:08:33,0.00,6.05,92.19,964.06,58
4/26/2013 05:08:48,4/26/2013,05:08:48,0.00,6.05,92.30,964.05,57
4/26/2013 05:09:03,4/26/2013,05:09:03,0.00,6.05,92.19,964.04,9
4/26/2013 05:09:18,4/26/2013,05:09:18,0.00,6.00,92.69,964.05,24
4/26/2013 05:09:33,4/26/2013,05:09:33,0.00,6.05,92.00,964.04,72
4/26/2013 05:09:48,4/26/2013,05:09:48,0.00,6.05,92.00,964.04,16
4/26/2013 05:10:03,4/26/2013,05:10:03,0.00,5.94,92.90,964.05,33
4/26/2013 05:10:18,4/26/2013,05:10:18,0.00,5.94,92.69,964.04,25
4/26/2013 05:10:33,4/26/2013,05:10:33,0.00,5.94,92.50,964.03,55
4/26/2013 05:10:48,4/26/2013,05:10:48,0.00,6.00,92.40,964.03,7
4/26/2013 05:11:03,4/26/2013,05:11:03,0.00,5.94,93.09,964.03,12
4/26/2013 05:11:18,4/26/2013,05:11:18,0.00,5.94,93.09,964.02,78
4/26/2013 05:11:33,4/26/2013,05:11:33,0.00,5.94,92.80,964.03,47
4/26/2013 05:11:48,4/26/2013,05:11:48,0.00,5.94,92.40,964.04,45
4/26/2013 05:12:03,4/26/2013,05:12:03,0.00,5.94,92.09,964.03,54
4/26/2013 05:12:18,4/26/2013,05:12:18,0.00,6.00,91.69,964.03,75
4/26/2013 05:12:33,4/26/2013,05:12:33,0.00,5.94,92.00,964.02,43
4/26/2013 05:12:48,4/26/2013,05:12:48,0.00,5.94,92.40,964.02,55
4/26/2013 05:13:03,4/26/2013,05:13:03,0.00,5.94,92.90,964.00,52
4/26/2013 05:13:18,4/26/2013,05:13:18,0.00,5.92,92.90,963.99,87
4/26/2013 05:13:33,4/26/2013,05:13:33,0.00,5.94,92.00,963.96,85
4/26/2013 05:13:48,4/26/2013,05:13:48,0.00,5.94,91.59,963.96,61
4/26/2013 05:14:03,4/26/2013,05:14:03,0.00,5.94,91.90,963.95,103
4/26/2013 05:14:18,4/26/2013,05:14:18,0.00,6.00,90.90,963.95,44
4/26/2013 05:14:33,4/26/2013,05:14:33,0.00,6.00,90.69,963.96,60
4/26/2013 05:14:48,4/26/2013,05:14:48,0.00,5.94,91.30,963.96,31
4/26/2013 05:15:03,4/26/2013,05:15:03,0.00,5.94,91.09,963.96,9
4/26/2013 05:15:18,4/26/2013,05:15:18,0.00,5.94,91.40,963.97,94
4/26/2013 05:15:33,4/26/2013,05:15:33,0.00,5.94,91.80,963.93,355
4/26/2013 05:15:48,4/26/2013,05:15:48,0.00,5.94,91.30,963.92,101
4/26/2013 05:16:03,4/26/2013,05:16:03,0.00,5.94,89.80,963.91,64
4/26/2013 05:16:18,4/26/2013,05:16:18,0.00,5.92,90.00,963.89,77
4/26/2013 05:16:33,4/26/2013,05:16:33,0.00,5.92,90.00,963.87,26
4/26/2013 05:16:48,4/26/2013,05:16:48,0.00,5.92,90.00,963.84,37
4/26/2013 05:17:03,4/26/2013,05:17:03,0.00,5.87,90.90,963.84,11
4/26/2013 05:17:18,4/26/2013,05:17:18,0.00,5.87,91.09,963.87,47
4/26/2013 05:17:33,4/26/2013,05:17:33,0.00,5.84,91.69,963.90,84
4/26/2013 05:17:48,4/26/2013,05:17:48,0.00,5.87,91.59,963.91,36
4/26/2013 05:18:03,4/26/2013,05:18:03,0.00,5.87,90.90,963.91,38
4/26/2013 05:18:18,4/26/2013,05:18:18,0.00,5.87,90.50,963.93,41
4/26/2013 05:18:33,4/26/2013,05:18:33,0.00,5.87,91.59,963.96,33
4/26/2013 05:18:48,4/26/2013,05:18:48,0.00,5.92,90.30,963.98,63
4/26/2013 05:19:03,4/26/2013,05:19:03,0.00,5.87,90.90,963.97,43
4/26/2013 05:19:18,4/26/2013,05:19:18,0.00,5.87,91.09,963.98,51
4/26/2013 05:19:33,4/26/2013,05:19:33,0.00,5.87,91.59,963.99,48
4/26/2013 05:19:48,4/26/2013,05:19:48,0.00,5.87,91.50,964.00,43
4/26/2013 05:20:03,4/26/2013,05:20:03,0.00,5.80,92.00,964.02,359
4/26/2013 05:20:18,4/26/2013,05:20:18,0.00,5.80,92.00,964.02,47
4/26/2013 05:20:33,4/26/2013,05:20:33,0.00,5.87,91.69,964.00,56
4/26/2013 05:20:48,4/26/2013,05:20:48,0.00,5.84,91.80,964.00,30
4/26/2013 05:21:03,4/26/2013,05:21:03,0.00,5.84,92.59,963.99,24
4/26/2013 05:21:18,4/26/2013,05:21:18,0.00,5.80,93.00,964.02,23
4/26/2013 05:21:33,4/26/2013,05:21:33,0.00,5.80,92.90,964.03,4
4/26/2013 05:21:48,4/26/2013,05:21:48,0.00,5.80,92.80,964.03,24
4/26/2013 05:22:03,4/26/2013,05:22:03,0.00,5.80,93.00,964.02,66
4/26/2013 05:22:18,4/26/2013,05:22:18,0.00,5.80,92.90,964.00,90
4/26/2013 05:22:33,4/26/2013,05:22:33,0.00,5.80,92.80,964.00,8
4/26/2013 05:22:48,4/26/2013,05:22:48,0.00,5.80,92.90,963.99,10
4/26/2013 05:23:03,4/26/2013,05:23:03,0.00,5.84,92.69,964.02,352
4/26/2013 05:23:18,4/26/2013,05:23:18,0.00,5.80,92.90,963.99,25
4/26/2013 05:23:33,4/26/2013,05:23:33,0.00,5.80,93.09,964.00,11
4/26/2013 05:23:48,4/26/2013,05:23:48,0.00,5.80,93.19,964.00,24
4/26/2013 05:24:03,4/26/2013,05:24:03,0.00,5.75,93.40,964.00,2
4/26/2013 05:24:18,4/26/2013,05:24:18,0.00,5.80,93.40,964.02,19
4/26/2013 05:24:33,4/26/2013,05:24:33,0.00,5.80,93.09,964.02,37
4/26/2013 05:24:48,4/26/2013,05:24:48,0.00,5.80,92.90,964.04,21
4/26/2013 05:25:03,4/26/2013,05:25:03,0.00,5.80,93.09,964.04,34
4/26/2013 05:25:18,4/26/2013,05:25:18,0.00,5.80,92.59,964.05,18
4/26/2013 05:25:33,4/26/2013,05:25:33,0.00,5.84,92.19,964.05,43
4/26/2013 05:25:48,4/26/2013,05:25:48,0.00,5.84,92.19,964.06,14
4/26/2013 05:26:03,4/26/2013,05:26:03,0.00,5.80,92.90,964.05,60
4/26/2013 05:26:18,4/26/2013,05:26:18,0.00,5.80,92.80,964.05,357
4/26/2013 05:26:33,4/26/2013,05:26:33,0.00,5.87,91.90,964.04,41
4/26/2013 05:26:48,4/26/2013,05:26:48,0.00,5.87,91.50,964.03,50
4/26/2013 05:27:03,4/26/2013,05:27:03,0.00,5.87,91.00,964.00,60
4/26/2013 05:27:18,4/26/2013,05:27:18,0.00,5.87,91.90,963.98,60
4/26/2013 05:27:33,4/26/2013,05:27:33,0.00,5.87,91.50,963.96,16
4/26/2013 05:27:48,4/26/2013,05:27:48,0.00,5.87,91.30,963.91,38
4/26/2013 05:28:03,4/26/2013,05:28:03,0.00,5.87,92.00,963.88,21
4/26/2013 05:28:18,4/26/2013,05:28:18,0.00,5.87,92.09,963.85,63
4/26/2013 05:28:33,4/26/2013,05:28:33,0.00,5.84,92.40,963.82,71
4/26/2013 05:28:48,4/26/2013,05:28:48,0.00,5.87,92.00,963.80,24
4/26/2013 05:29:03,4/26/2013,05:29:03,0.00,5.87,92.30,963.75,31
4/26/2013 05:29:18,4/26/2013,05:29:18,0.00,5.80,92.40,963.74,42
4/26/2013 05:29:33,4/26/2013,05:29:33,0.00,5.80,92.59,963.75,62
4/26/2013 05:29:48,4/26/2013,05:29:48,0.00,5.84,92.40,963.75,64
4/26/2013 05:30:03,4/26/2013,05:30:03,0.00,5.87,91.59,963.75,49
4/26/2013 05:30:18,4/26/2013,05:30:18,0.00,5.84,92.30,963.76,19
4/26/2013 05:30:33,4/26/2013,05:30:33,0.00,5.84,92.90,963.77,70
4/26/2013 05:30:48,4/26/2013,05:30:48,0.00,5.80,93.09,963.81,33
4/26/2013 05:31:03,4/26/2013,05:31:03,0.00,5.80,93.30,963.81,13
4/26/2013 05:31:18,4/26/2013,05:31:18,0.00,5.80,93.40,963.83,343
4/26/2013 05:31:33,4/26/2013,05:31:33,0.00,5.80,93.59,963.83,86
4/26/2013 05:31:48,4/26/2013,05:31:48,0.00,5.80,93.59,963.84,49
4/26/2013 05:32:03,4/26/2013,05:32:03,0.00,5.75,93.69,963.84,58
4/26/2013 05:32:18,4/26/2013,05:32:18,0.00,5.80,93.80,963.87,33
4/26/2013 05:32:33,4/26/2013,05:32:33,0.00,5.80,93.50,963.87,17
4/26/2013 05:32:48,4/26/2013,05:32:48,0.00,5.80,93.50,963.88,69
4/26/2013 05:33:03,4/26/2013,05:33:03,0.00,5.80,93.59,963.91,63
4/26/2013 05:33:18,4/26/2013,05:33:18,0.00,5.80,93.69,963.93,13
4/26/2013 05:33:33,4/26/2013,05:33:33,0.00,5.80,93.80,963.95,357
4/26/2013 05:33:48,4/26/2013,05:33:48,0.00,5.75,93.90,963.97,353
4/26/2013 05:34:03,4/26/2013,05:34:03,0.00,5.72,93.90,963.98,351
4/26/2013 05:34:18,4/26/2013,05:34:18,0.00,5.75,94.00,963.99,306
4/26/2013 05:34:33,4/26/2013,05:34:33,0.00,5.72,94.00,964.00,317
4/26/2013 05:34:48,4/26/2013,05:34:48,0.00,5.80,94.00,964.02,301
4/26/2013 05:35:03,4/26/2013,05:35:03,0.00,5.75,93.90,964.04,319
4/26/2013 05:35:18,4/26/2013,05:35:18,0.00,5.80,93.90,964.03,306
4/26/2013 05:35:33,4/26/2013,05:35:33,0.00,5.80,93.80,964.02,334
4/26/2013 05:35:48,4/26/2013,05:35:48,0.00,5.84,93.50,964.00,2
4/26/2013 05:36:03,4/26/2013,05:36:03,0.00,5.87,92.80,963.99,346
4/26/2013 05:36:18,4/26/2013,05:36:18,0.00,5.80,93.00,963.98,333
4/26/2013 05:36:33,4/26/2013,05:36:33,0.00,5.80,93.40,963.96,1
4/26/2013 05:36:48,4/26/2013,05:36:48,0.00,5.80,93.59,963.95,22
4/26/2013 05:37:03,4/26/2013,05:37:03,0.00,5.75,93.69,963.96,21
4/26/2013 05:37:18,4/26/2013,05:37:18,0.00,5.75,93.69,963.95,4
4/26/2013 05:37:33,4/26/2013,05:37:33,0.00,5.72,93.80,963.93,4
4/26/2013 05:37:48,4/26/2013,05:37:48,0.00,5.72,93.90,963.93,5
4/26/2013 05:38:03,4/26/2013,05:38:03,0.00,5.72,94.00,963.95,4
4/26/2013 05:38:18,4/26/2013,05:38:18,0.00,5.72,94.00,963.97,3
4/26/2013 05:38:33,4/26/2013,05:38:33,0.00,5.72,94.09,963.99,344
4/26/2013 05:38:48,4/26/2013,05:38:48,0.00,5.72,94.09,963.99,309
4/26/2013 05:39:03,4/26/2013,05:39:03,0.00,5.72,94.19,964.02,319
4/26/2013 05:39:18,4/26/2013,05:39:18,0.00,5.72,94.19,964.02,316
4/26/2013 05:39:33,4/26/2013,05:39:33,0.00,5.80,94.19,964.03,318
4/26/2013 05:39:48,4/26/2013,05:39:48,0.00,5.80,93.90,964.03,324
4/26/2013 05:40:03,4/26/2013,05:40:03,0.00,5.87,93.40,964.04,340
4/26/2013 05:40:18,4/26/2013,05:40:18,0.00,5.87,93.30,964.06,339
4/26/2013 05:40:33,4/26/2013,05:40:33,0.00,5.87,93.19,964.05,338
4/26/2013 05:40:48,4/26/2013,05:40:48,0.00,5.87,93.30,964.06,321
4/26/2013 05:41:03,4/26/2013,05:41:03,0.00,5.80,93.59,964.05,335
4/26/2013 05:41:18,4/26/2013,05:41:18,0.00,5.80,93.80,964.05,352
4/26/2013 05:41:33,4/26/2013,05:41:33,0.00,5.80,93.90,964.05,6
4/26/2013 05:41:48,4/26/2013,05:41:48,0.00,5.80,93.90,964.02,16
4/26/2013 05:42:03,4/26/2013,05:42:03,0.00,5.80,93.80,963.99,40
4/26/2013 05:42:18,4/26/2013,05:42:18,0.00,5.84,93.59,963.98,6
4/26/2013 05:42:33,4/26/2013,05:42:33,0.00,5.84,93.59,963.96,2
4/26/2013 05:42:48,4/26/2013,05:42:48,0.00,5.80,93.59,963.97,8
4/26/2013 05:43:03,4/26/2013,05:43:03,0.00,5.80,93.69,963.96,6
4/26/2013 05:43:18,4/26/2013,05:43:18,0.00,5.80,93.80,963.95,11
4/26/2013 05:43:33,4/26/2013,05:43:33,0.00,5.75,93.80,963.92,7
4/26/2013 05:43:48,4/26/2013,05:43:48,0.00,5.80,93.80,963.93,347
4/26/2013 05:44:03,4/26/2013,05:44:03,0.00,5.80,93.69,963.96,344
4/26/2013 05:44:18,4/26/2013,05:44:18,0.00,5.80,93.40,963.95,347
4/26/2013 05:44:33,4/26/2013,05:44:33,0.00,5.75,93.50,963.95,352
4/26/2013 05:44:48,4/26/2013,05:44:48,0.00,5.84,92.80,963.96,3
4/26/2013 05:45:03,4/26/2013,05:45:03,0.00,5.80,93.09,963.96,356
4/26/2013 05:45:18,4/26/2013,05:45:18,0.00,5.75,93.30,963.98,2
4/26/2013 05:45:33,4/26/2013,05:45:33,0.00,5.80,93.30,963.97,3
4/26/2013 05:45:48,4/26/2013,05:45:48,0.00,5.80,93.30,963.96,15
4/26/2013 05:46:03,4/26/2013,05:46:03,0.00,5.80,93.30,963.93,30
4/26/2013 05:46:18,4/26/2013,05:46:18,0.00,5.80,93.19,963.92,13
4/26/2013 05:46:33,4/26/2013,05:46:33,0.00,5.80,93.40,963.88,27
4/26/2013 05:46:48,4/26/2013,05:46:48,0.00,5.80,92.80,963.87,43
4/26/2013 05:47:03,4/26/2013,05:47:03,0.00,5.80,92.90,963.85,28
4/26/2013 05:47:18,4/26/2013,05:47:18,0.00,5.80,93.00,963.84,354
4/26/2013 05:47:33,4/26/2013,05:47:33,0.00,5.80,93.09,963.83,332
4/26/2013 05:47:48,4/26/2013,05:47:48,0.00,5.80,93.09,963.81,347
4/26/2013 05:48:03,4/26/2013,05:48:03,0.00,5.80,93.19,963.80,29
4/26/2013 05:48:18,4/26/2013,05:48:18,0.00,5.80,93.40,963.81,19
4/26/2013 05:48:33,4/26/2013,05:48:33,0.00,5.80,93.19,963.84,0
4/26/2013 05:48:48,4/26/2013,05:48:48,0.00,5.80,93.40,963.88,351
4/26/2013 05:49:03,4/26/2013,05:49:03,0.00,5.75,93.50,963.92,336
4/26/2013 05:49:18,4/26/2013,05:49:18,0.00,5.84,93.30,963.95,312
4/26/2013 05:49:33,4/26/2013,05:49:33,0.00,5.80,93.09,964.02,327
4/26/2013 05:49:48,4/26/2013,05:49:48,0.00,5.80,93.09,964.04,322
4/26/2013 05:50:03,4/26/2013,05:50:03,0.00,5.87,92.69,964.07,302
4/26/2013 05:50:18,4/26/2013,05:50:18,0.00,5.87,92.59,964.08,319
4/26/2013 05:50:33,4/26/2013,05:50:33,0.00,5.87,92.59,964.13,311
4/26/2013 05:50:48,4/26/2013,05:50:48,0.00,5.87,92.59,964.13,335
4/26/2013 05:51:03,4/26/2013,05:51:03,0.00,5.87,92.69,964.14,310
4/26/2013 05:51:18,4/26/2013,05:51:18,0.00,5.84,93.00,964.13,291
4/26/2013 05:51:33,4/26/2013,05:51:33,0.00,5.84,93.30,964.13,280
4/26/2013 05:51:48,4/26/2013,05:51:48,0.00,5.80,93.50,964.13,280
4/26/2013 05:52:03,4/26/2013,05:52:03,0.00,5.80,93.59,964.12,280
4/26/2013 05:52:18,4/26/2013,05:52:18,0.00,5.80,93.80,964.11,330
4/26/2013 05:52:33,4/26/2013,05:52:33,0.00,5.80,93.80,964.08,333
4/26/2013 05:52:48,4/26/2013,05:52:48,0.00,5.80,93.90,964.05,334
4/26/2013 05:53:03,4/26/2013,05:53:03,0.00,5.80,93.80,964.03,332
4/26/2013 05:53:18,4/26/2013,05:53:18,0.00,5.80,93.80,963.99,342
4/26/2013 05:53:33,4/26/2013,05:53:33,0.00,5.80,93.80,963.98,12
4/26/2013 05:53:48,4/26/2013,05:53:48,0.00,5.84,93.59,963.96,329
4/26/2013 05:54:03,4/26/2013,05:54:03,0.00,5.80,93.69,963.97,15
4/26/2013 05:54:18,4/26/2013,05:54:18,0.00,5.80,93.80,963.96,15
4/26/2013 05:54:33,4/26/2013,05:54:33,0.00,5.80,93.90,963.96,323
4/26/2013 05:54:48,4/26/2013,05:54:48,0.00,5.80,93.90,963.96,329
4/26/2013 05:55:03,4/26/2013,05:55:03,0.00,5.80,94.00,963.98,323
4/26/2013 05:55:18,4/26/2013,05:55:18,0.00,5.80,94.00,963.97,336
4/26/2013 05:55:33,4/26/2013,05:55:33,0.00,5.80,94.09,963.98,338
4/26/2013 05:55:48,4/26/2013,05:55:48,0.00,5.80,94.09,964.00,337
4/26/2013 05:56:03,4/26/2013,05:56:03,0.00,5.80,94.09,964.03,337
4/26/2013 05:56:18,4/26/2013,05:56:18,0.00,5.80,94.09,964.03,336
4/26/2013 05:56:33,4/26/2013,05:56:33,0.00,5.80,94.09,964.04,326
4/26/2013 05:56:48,4/26/2013,05:56:48,0.00,5.87,94.00,964.05,320
4/26/2013 05:57:03,4/26/2013,05:57:03,0.00,5.87,93.90,964.07,323
4/26/2013 05:57:18,4/26/2013,05:57:18,0.00,5.87,93.90,964.07,291
4/26/2013 05:57:33,4/26/2013,05:57:33,0.00,5.84,94.00,964.07,297
4/26/2013 05:57:48,4/26/2013,05:57:48,0.00,5.80,94.00,964.06,341
4/26/2013 05:58:03,4/26/2013,05:58:03,0.00,5.80,94.09,964.07,340
4/26/2013 05:58:18,4/26/2013,05:58:18,0.00,5.80,94.09,964.06,338
4/26/2013 05:58:33,4/26/2013,05:58:33,0.00,5.80,94.09,964.06,340
4/26/2013 05:58:48,4/26/2013,05:58:48,0.00,5.84,93.90,964.04,306
4/26/2013 05:59:03,4/26/2013,05:59:03,0.00,5.87,93.59,964.04,343
4/26/2013 05:59:18,4/26/2013,05:59:18,0.00,5.87,93.69,964.00,337
4/26/2013 05:59:33,4/26/2013,05:59:33,0.00,5.87,93.50,963.99,340
4/26/2013 05:59:48,4/26/2013,05:59:48,0.00,5.94,92.59,963.98,10
4/26/2013 06:00:03,4/26/2013,06:00:03,0.00,5.92,92.69,963.99,0
4/26/2013 06:00:18,4/26/2013,06:00:18,0.00,5.87,93.09,963.99,350
4/26/2013 06:00:33,4/26/2013,06:00:33,0.00,5.92,93.09,963.99,326
4/26/2013 06:00:48,4/26/2013,06:00:48,0.00,5.92,93.30,963.97,332
4/26/2013 06:01:03,4/26/2013,06:01:03,0.00,5.92,93.30,963.97,297
4/26/2013 06:01:18,4/26/2013,06:01:18,0.00,5.94,92.59,963.96,337
4/26/2013 06:01:33,4/26/2013,06:01:33,0.00,5.94,92.30,963.96,330
4/26/2013 06:01:48,4/26/2013,06:01:48,0.00,5.94,92.00,963.93,354
4/26/2013 06:02:03,4/26/2013,06:02:03,0.00,5.94,92.00,963.95,324
4/26/2013 06:02:18,4/26/2013,06:02:18,0.00,5.94,92.30,963.95,321
4/26/2013 06:02:33,4/26/2013,06:02:33,0.00,5.94,92.59,963.95,325
4/26/2013 06:02:48,4/26/2013,06:02:48,0.00,5.92,92.69,963.93,312
4/26/2013 06:03:03,4/26/2013,06:03:03,0.00,5.94,92.00,963.92,316
4/26/2013 06:03:18,4/26/2013,06:03:18,0.00,5.94,92.30,963.92,329
4/26/2013 06:03:33,4/26/2013,06:03:33,0.00,6.05,91.69,963.91,313
4/26/2013 06:03:48,4/26/2013,06:03:48,0.00,6.00,91.59,963.89,318
4/26/2013 06:04:03,4/26/2013,06:04:03,0.00,6.00,91.69,963.88,333
4/26/2013 06:04:18,4/26/2013,06:04:18,0.00,5.94,92.00,963.85,359
4/26/2013 06:04:33,4/26/2013,06:04:33,0.00,5.92,92.80,963.87,22
4/26/2013 06:04:48,4/26/2013,06:04:48,0.00,5.87,93.19,963.87,13
4/26/2013 06:05:03,4/26/2013,06:05:03,0.00,5.87,93.40,963.87,10
4/26/2013 06:05:18,4/26/2013,06:05:18,0.00,5.87,93.59,963.84,331
4/26/2013 06:05:33,4/26/2013,06:05:33,0.00,5.87,93.40,963.83,340
4/26/2013 06:05:48,4/26/2013,06:05:48,0.00,5.92,93.30,963.82,358
4/26/2013 06:06:03,4/26/2013,06:06:03,0.00,5.87,93.40,963.81,356
4/26/2013 06:06:18,4/26/2013,06:06:18,0.00,5.87,93.50,963.80,344
4/26/2013 06:06:33,4/26/2013,06:06:33,0.00,5.92,93.40,963.80,325
4/26/2013 06:06:48,4/26/2013,06:06:48,0.00,5.87,93.50,963.78,347
4/26/2013 06:07:03,4/26/2013,06:07:03,0.00,5.87,93.69,963.78,351
4/26/2013 06:07:18,4/26/2013,06:07:18,0.00,5.84,93.69,963.77,349
4/26/2013 06:07:33,4/26/2013,06:07:33,0.00,5.87,93.80,963.77,352
4/26/2013 06:07:48,4/26/2013,06:07:48,0.00,5.84,93.90,963.78,352
4/26/2013 06:08:03,4/26/2013,06:08:03,0.00,5.84,93.90,963.78,352
4/26/2013 06:08:18,4/26/2013,06:08:18,0.00,5.84,94.00,963.77,352
4/26/2013 06:08:33,4/26/2013,06:08:33,0.00,5.84,94.00,963.77,352
4/26/2013 06:08:48,4/26/2013,06:08:48,0.00,5.80,94.00,963.78,351
4/26/2013 06:09:03,4/26/2013,06:09:03,0.00,5.80,94.09,963.78,333
4/26/2013 06:09:18,4/26/2013,06:09:18,0.00,5.84,94.09,963.80,326
4/26/2013 06:09:33,4/26/2013,06:09:33,0.00,5.87,94.09,963.83,313
4/26/2013 06:09:48,4/26/2013,06:09:48,0.00,5.87,93.69,963.85,321
4/26/2013 06:10:03,4/26/2013,06:10:03,0.00,5.92,93.50,963.88,319
4/26/2013 06:10:18,4/26/2013,06:10:18,0.00,5.94,92.90,963.89,309
4/26/2013 06:10:33,4/26/2013,06:10:33,0.00,6.00,92.69,963.89,306
4/26/2013 06:10:48,4/26/2013,06:10:48,0.00,5.94,92.90,963.92,307
4/26/2013 06:11:03,4/26/2013,06:11:03,0.00,5.94,93.09,963.93,313
4/26/2013 06:11:18,4/26/2013,06:11:18,0.00,5.87,93.40,963.93,313
4/26/2013 06:11:33,4/26/2013,06:11:33,0.00,5.92,93.59,963.96,248
4/26/2013 06:11:48,4/26/2013,06:11:48,0.00,5.94,93.69,963.97,240
4/26/2013 06:12:03,4/26/2013,06:12:03,0.00,5.94,93.80,963.99,233
4/26/2013 06:12:18,4/26/2013,06:12:18,0.00,5.94,93.90,964.00,233
4/26/2013 06:12:33,4/26/2013,06:12:33,0.00,5.94,94.00,964.00,236
4/26/2013 06:12:48,4/26/2013,06:12:48,0.00,5.92,94.00,963.99,236
4/26/2013 06:13:03,4/26/2013,06:13:03,0.00,5.92,94.09,964.00,235
4/26/2013 06:13:18,4/26/2013,06:13:18,0.00,5.92,94.09,963.99,235
4/26/2013 06:13:33,4/26/2013,06:13:33,0.00,5.92,94.19,963.99,236
4/26/2013 06:13:48,4/26/2013,06:13:48,0.00,5.92,94.19,963.99,236
4/26/2013 06:14:03,4/26/2013,06:14:03,0.00,5.94,94.19,963.98,305
4/26/2013 06:14:18,4/26/2013,06:14:18,0.00,5.92,94.19,963.96,303
4/26/2013 06:14:33,4/26/2013,06:14:33,0.00,5.92,94.19,963.96,247
4/26/2013 06:14:48,4/26/2013,06:14:48,0.00,5.87,94.19,963.97,221
4/26/2013 06:15:03,4/26/2013,06:15:03,0.00,5.87,94.19,963.93,285
4/26/2013 06:15:18,4/26/2013,06:15:18,0.00,5.92,94.19,963.96,237
4/26/2013 06:15:33,4/26/2013,06:15:33,0.00,5.94,94.19,963.96,246
4/26/2013 06:15:48,4/26/2013,06:15:48,0.00,5.94,94.09,963.97,253
4/26/2013 06:16:03,4/26/2013,06:16:03,0.00,5.94,94.09,963.98,248
4/26/2013 06:16:18,4/26/2013,06:16:18,0.00,5.92,94.19,963.98,246
4/26/2013 06:16:33,4/26/2013,06:16:33,0.00,5.92,94.19,963.98,248
4/26/2013 06:16:48,4/26/2013,06:16:48,0.00,5.92,94.19,963.99,249
4/26/2013 06:17:03,4/26/2013,06:17:03,0.00,5.92,94.19,964.00,251
4/26/2013 06:17:18,4/26/2013,06:17:18,0.00,5.92,94.19,964.03,304
4/26/2013 06:17:33,4/26/2013,06:17:33,0.00,5.92,94.19,964.03,296
4/26/2013 06:17:48,4/26/2013,06:17:48,0.00,5.92,94.19,964.03,295
4/26/2013 06:18:03,4/26/2013,06:18:03,0.00,5.92,94.30,964.04,290
4/26/2013 06:18:18,4/26/2013,06:18:18,0.00,5.87,94.30,964.03,319
4/26/2013 06:18:33,4/26/2013,06:18:33,0.00,5.92,94.19,964.03,311
4/26/2013 06:18:48,4/26/2013,06:18:48,0.00,5.92,94.19,964.03,281
4/26/2013 06:19:03,4/26/2013,06:19:03,0.00,5.94,94.09,963.99,241
4/26/2013 06:19:18,4/26/2013,06:19:18,0.00,5.94,94.09,963.98,307
4/26/2013 06:19:33,4/26/2013,06:19:33,0.00,5.94,94.19,963.96,314
4/26/2013 06:19:48,4/26/2013,06:19:48,0.00,5.94,94.19,963.95,313
4/26/2013 06:20:03,4/26/2013,06:20:03,0.00,5.92,94.19,963.92,314
4/26/2013 06:20:18,4/26/2013,06:20:18,0.00,5.92,94.19,963.91,313
4/26/2013 06:20:33,4/26/2013,06:20:33,0.00,5.92,94.19,963.90,319
4/26/2013 06:20:48,4/26/2013,06:20:48,0.00,5.92,94.30,963.89,319
4/26/2013 06:21:03,4/26/2013,06:21:03,0.00,5.92,94.30,963.87,319
4/26/2013 06:21:18,4/26/2013,06:21:18,0.00,5.92,94.30,963.88,312
4/26/2013 06:21:33,4/26/2013,06:21:33,0.00,5.87,94.30,963.87,268
4/26/2013 06:21:48,4/26/2013,06:21:48,0.00,5.94,94.30,963.85,353
4/26/2013 06:22:03,4/26/2013,06:22:03,0.00,5.94,94.19,963.88,325
4/26/2013 06:22:18,4/26/2013,06:22:18,0.00,6.00,94.00,963.87,298
4/26/2013 06:22:33,4/26/2013,06:22:33,0.00,5.94,93.90,963.88,281
4/26/2013 06:22:48,4/26/2013,06:22:48,0.00,6.05,93.50,963.88,305
4/26/2013 06:23:03,4/26/2013,06:23:03,0.00,6.05,93.30,963.88,322
4/26/2013 06:23:18,4/26/2013,06:23:18,0.00,6.07,92.90,963.85,336
4/26/2013 06:23:33,4/26/2013,06:23:33,0.00,6.05,93.19,963.87,304
4/26/2013 06:23:48,4/26/2013,06:23:48,0.00,6.05,93.59,963.88,302
4/26/2013 06:24:03,4/26/2013,06:24:03,0.00,6.05,93.59,963.88,311
4/26/2013 06:24:18,4/26/2013,06:24:18,0.00,6.05,93.59,963.88,285
4/26/2013 06:24:33,4/26/2013,06:24:33,0.00,6.05,93.09,963.85,340
4/26/2013 06:24:48,4/26/2013,06:24:48,0.00,6.07,93.09,963.85,318
4/26/2013 06:25:03,4/26/2013,06:25:03,0.00,6.12,93.19,963.84,330
4/26/2013 06:25:18,4/26/2013,06:25:18,0.00,6.12,93.30,963.85,324
4/26/2013 06:25:33,4/26/2013,06:25:33,0.00,6.07,93.19,963.87,279
4/26/2013 06:25:48,4/26/2013,06:25:48,0.00,6.07,93.09,963.84,268
4/26/2013 06:26:03,4/26/2013,06:26:03,0.00,6.12,93.30,963.84,323
4/26/2013 06:26:18,4/26/2013,06:26:18,0.00,6.12,93.09,963.84,343
4/26/2013 06:26:33,4/26/2013,06:26:33,0.00,6.12,93.40,963.84,287
4/26/2013 06:26:48,4/26/2013,06:26:48,0.00,6.07,93.30,963.83,227
4/26/2013 06:27:03,4/26/2013,06:27:03,0.00,6.07,93.40,963.83,267
4/26/2013 06:27:18,4/26/2013,06:27:18,0.00,6.12,93.19,963.81,308
4/26/2013 06:27:33,4/26/2013,06:27:33,0.00,6.12,92.80,963.78,344
4/26/2013 06:27:48,4/26/2013,06:27:48,0.00,6.12,92.59,963.77,333
4/26/2013 06:28:03,4/26/2013,06:28:03,0.00,6.15,92.59,963.77,326
4/26/2013 06:28:18,4/26/2013,06:28:18,0.00,6.12,92.69,963.77,321
4/26/2013 06:28:33,4/26/2013,06:28:33,0.00,6.15,92.30,963.76,303
4/26/2013 06:28:48,4/26/2013,06:28:48,0.00,6.19,92.19,963.76,333
4/26/2013 06:29:03,4/26/2013,06:29:03,0.00,6.19,92.00,963.76,343
4/26/2013 06:29:18,4/26/2013,06:29:18,0.00,6.19,92.30,963.77,327
4/26/2013 06:29:33,4/26/2013,06:29:33,0.00,6.19,92.59,963.78,310
4/26/2013 06:29:48,4/26/2013,06:29:48,0.00,6.15,92.40,963.78,332
4/26/2013 06:30:03,4/26/2013,06:30:03,0.00,6.19,92.09,963.80,324
4/26/2013 06:30:18,4/26/2013,06:30:18,0.00,6.19,92.19,963.81,347
4/26/2013 06:30:33,4/26/2013,06:30:33,0.00,6.19,92.50,963.82,333
4/26/2013 06:30:48,4/26/2013,06:30:48,0.00,6.19,92.90,963.84,300
4/26/2013 06:31:03,4/26/2013,06:31:03,0.00,6.19,92.69,963.84,301
4/26/2013 06:31:18,4/26/2013,06:31:18,0.00,6.19,92.50,963.85,339
4/26/2013 06:31:33,4/26/2013,06:31:33,0.00,6.19,92.90,963.87,309
4/26/2013 06:31:48,4/26/2013,06:31:48,0.00,6.19,92.80,963.89,309
4/26/2013 06:32:03,4/26/2013,06:32:03,0.00,6.19,92.69,963.88,325
4/26/2013 06:32:18,4/26/2013,06:32:18,0.00,6.19,92.50,963.89,330
4/26/2013 06:32:33,4/26/2013,06:32:33,0.00,6.22,92.30,963.90,331
4/26/2013 06:32:48,4/26/2013,06:32:48,0.00,6.19,92.40,963.92,325
4/26/2013 06:33:03,4/26/2013,06:33:03,0.00,6.22,92.50,963.92,316
4/26/2013 06:33:18,4/26/2013,06:33:18,0.00,6.22,92.00,963.93,313
4/26/2013 06:33:33,4/26/2013,06:33:33,0.00,6.27,91.59,963.93,323
4/26/2013 06:33:48,4/26/2013,06:33:48,0.00,6.19,92.50,963.93,295
4/26/2013 06:34:03,4/26/2013,06:34:03,0.00,6.15,93.00,963.93,254
4/26/2013 06:34:18,4/26/2013,06:34:18,0.00,6.19,93.30,963.91,334
4/26/2013 06:34:33,4/26/2013,06:34:33,0.00,6.19,92.90,963.91,303
4/26/2013 06:34:48,4/26/2013,06:34:48,0.00,6.22,92.50,963.91,329
4/26/2013 06:35:03,4/26/2013,06:35:03,0.00,6.22,92.19,963.90,321
4/26/2013 06:35:18,4/26/2013,06:35:18,0.00,6.22,92.30,963.89,268
4/26/2013 06:35:33,4/26/2013,06:35:33,0.00,6.27,92.09,963.88,328
4/26/2013 06:35:48,4/26/2013,06:35:48,0.00,6.27,91.90,963.85,328
4/26/2013 06:36:03,4/26/2013,06:36:03,0.00,6.22,92.40,963.83,333
4/26/2013 06:36:18,4/26/2013,06:36:18,0.00,6.27,91.90,963.82,320
4/26/2013 06:36:33,4/26/2013,06:36:33,0.00,6.27,91.50,963.80,349
4/26/2013 06:36:48,4/26/2013,06:36:48,0.00,6.27,91.50,963.77,334
4/26/2013 06:37:03,4/26/2013,06:37:03,0.00,6.27,91.80,963.77,328
4/26/2013 06:37:18,4/26/2013,06:37:18,0.00,6.27,92.09,963.76,337
4/26/2013 06:37:33,4/26/2013,06:37:33,0.00,6.27,92.40,963.74,298
4/26/2013 06:37:48,4/26/2013,06:37:48,0.00,6.22,92.80,963.74,336
4/26/2013 06:38:03,4/26/2013,06:38:03,0.00,6.27,92.90,963.74,313
4/26/2013 06:38:18,4/26/2013,06:38:18,0.00,6.27,92.69,963.74,331
4/26/2013 06:38:33,4/26/2013,06:38:33,0.00,6.27,92.30,963.75,310
4/26/2013 06:38:48,4/26/2013,06:38:48,0.00,6.27,92.19,963.76,297
4/26/2013 06:39:03,4/26/2013,06:39:03,0.00,6.27,91.80,963.77,315
4/26/2013 06:39:18,4/26/2013,06:39:18,0.00,6.27,91.40,963.77,292
4/26/2013 06:39:33,4/26/2013,06:39:33,0.00,6.27,91.80,963.78,327
4/26/2013 06:39:48,4/26/2013,06:39:48,0.00,6.27,91.40,963.80,335
4/26/2013 06:40:03,4/26/2013,06:40:03,0.00,6.32,91.50,963.81,302
4/26/2013 06:40:18,4/26/2013,06:40:18,0.00,6.27,91.90,963.83,318
4/26/2013 06:40:33,4/26/2013,06:40:33,0.00,6.32,91.69,963.84,319
4/26/2013 06:40:48,4/26/2013,06:40:48,0.00,6.27,91.90,963.85,312
4/26/2013 06:41:03,4/26/2013,06:41:03,0.00,6.27,92.09,963.88,290
4/26/2013 06:41:18,4/26/2013,06:41:18,0.00,6.27,92.40,963.90,306
4/26/2013 06:41:33,4/26/2013,06:41:33,0.00,6.27,92.59,963.91,251
4/26/2013 06:41:48,4/26/2013,06:41:48,0.00,6.27,92.80,963.91,233
4/26/2013 06:42:03,4/26/2013,06:42:03,0.00,6.27,92.90,963.92,248
4/26/2013 06:42:18,4/26/2013,06:42:18,0.00,6.27,93.00,963.93,246
4/26/2013 06:42:33,4/26/2013,06:42:33,0.00,6.27,93.09,963.93,249
4/26/2013 06:42:48,4/26/2013,06:42:48,0.00,6.27,93.00,963.95,325
4/26/2013 06:43:03,4/26/2013,06:43:03,0.00,6.27,92.90,963.95,310
4/26/2013 06:43:18,4/26/2013,06:43:18,0.00,6.27,92.90,963.93,305
4/26/2013 06:43:33,4/26/2013,06:43:33,0.00,6.27,93.00,963.95,297
4/26/2013 06:43:48,4/26/2013,06:43:48,0.00,6.27,93.09,963.96,283
4/26/2013 06:44:03,4/26/2013,06:44:03,0.00,6.27,93.19,963.96,279
4/26/2013 06:44:18,4/26/2013,06:44:18,0.00,6.27,93.30,963.96,219
4/26/2013 06:44:33,4/26/2013,06:44:33,0.00,6.27,93.30,963.98,269
4/26/2013 06:44:48,4/26/2013,06:44:48,0.00,6.27,93.30,963.99,263
4/26/2013 06:45:03,4/26/2013,06:45:03,0.00,6.27,93.40,964.00,260
4/26/2013 06:45:18,4/26/2013,06:45:18,0.00,6.27,93.40,963.99,260
4/26/2013 06:45:33,4/26/2013,06:45:33,0.00,6.27,93.50,963.99,239
4/26/2013 06:45:48,4/26/2013,06:45:48,0.00,6.27,93.50,964.00,219
4/26/2013 06:46:03,4/26/2013,06:46:03,0.00,6.27,93.59,964.00,212
4/26/2013 06:46:18,4/26/2013,06:46:18,0.00,6.27,93.59,964.02,212
4/26/2013 06:46:33,4/26/2013,06:46:33,0.00,6.27,93.59,964.02,221
4/26/2013 06:46:48,4/26/2013,06:46:48,0.00,6.27,93.69,964.00,226
4/26/2013 06:47:03,4/26/2013,06:47:03,0.00,6.27,93.69,964.02,333
4/26/2013 06:47:18,4/26/2013,06:47:18,0.00,6.32,93.80,964.02,338
4/26/2013 06:47:33,4/26/2013,06:47:33,0.00,6.32,93.80,963.99,327
4/26/2013 06:47:48,4/26/2013,06:47:48,0.00,6.32,93.80,963.98,321
4/26/2013 06:48:03,4/26/2013,06:48:03,0.00,6.27,93.80,963.97,201
4/26/2013 06:48:18,4/26/2013,06:48:18,0.00,6.27,93.80,963.95,183
4/26/2013 06:48:33,4/26/2013,06:48:33,0.00,6.32,93.80,963.93,336
4/26/2013 06:48:48,4/26/2013,06:48:48,0.00,6.27,93.80,963.93,345
4/26/2013 06:49:03,4/26/2013,06:49:03,0.00,6.32,93.50,963.92,338
4/26/2013 06:49:18,4/26/2013,06:49:18,0.00,6.32,93.40,963.91,337
4/26/2013 06:49:33,4/26/2013,06:49:33,0.00,6.34,93.50,963.90,283
4/26/2013 06:49:48,4/26/2013,06:49:48,0.00,6.32,93.50,963.88,244
4/26/2013 06:50:03,4/26/2013,06:50:03,0.00,6.32,93.50,963.87,257
4/26/2013 06:50:18,4/26/2013,06:50:18,0.00,6.32,93.59,963.85,255
4/26/2013 06:50:33,4/26/2013,06:50:33,0.00,6.32,93.59,963.84,277
4/26/2013 06:50:48,4/26/2013,06:50:48,0.00,6.34,93.69,963.84,287
4/26/2013 06:51:03,4/26/2013,06:51:03,0.00,6.34,93.69,963.84,287
4/26/2013 06:51:18,4/26/2013,06:51:18,0.00,6.32,93.69,963.84,291
4/26/2013 06:51:33,4/26/2013,06:51:33,0.00,6.32,93.69,963.84,291
4/26/2013 06:51:48,4/26/2013,06:51:48,0.00,6.32,93.69,963.84,303
4/26/2013 06:52:03,4/26/2013,06:52:03,0.00,6.32,93.80,963.84,303
4/26/2013 06:52:18,4/26/2013,06:52:18,0.00,6.32,93.80,963.84,298
4/26/2013 06:52:33,4/26/2013,06:52:33,0.00,6.34,93.80,963.83,296
4/26/2013 06:52:48,4/26/2013,06:52:48,0.00,6.32,93.80,963.87,301
4/26/2013 06:53:03,4/26/2013,06:53:03,0.00,6.32,93.80,963.88,302
4/26/2013 06:53:18,4/26/2013,06:53:18,0.00,6.34,93.80,963.87,304
4/26/2013 06:53:33,4/26/2013,06:53:33,0.00,6.32,93.80,963.87,295
4/26/2013 06:53:48,4/26/2013,06:53:48,0.00,6.32,93.80,963.85,310
4/26/2013 06:54:03,4/26/2013,06:54:03,0.00,6.34,93.80,963.84,283
4/26/2013 06:54:18,4/26/2013,06:54:18,0.00,6.32,93.80,963.84,306
4/26/2013 06:54:33,4/26/2013,06:54:33,0.00,6.32,93.59,963.84,325
4/26/2013 06:54:48,4/26/2013,06:54:48,0.00,6.34,93.30,963.84,311
4/26/2013 06:55:03,4/26/2013,06:55:03,0.00,6.34,93.19,963.83,323
4/26/2013 06:55:18,4/26/2013,06:55:18,0.00,6.34,93.19,963.84,283
4/26/2013 06:55:33,4/26/2013,06:55:33,0.00,6.34,93.09,963.87,344
4/26/2013 06:55:48,4/26/2013,06:55:48,0.00,6.34,92.90,963.87,320
4/26/2013 06:56:03,4/26/2013,06:56:03,0.00,6.34,92.69,963.88,323
4/26/2013 06:56:18,4/26/2013,06:56:18,0.00,6.34,92.40,963.89,328
4/26/2013 06:56:33,4/26/2013,06:56:33,0.00,6.34,92.59,963.90,320
4/26/2013 06:56:48,4/26/2013,06:56:48,0.00,6.34,92.80,963.90,319
4/26/2013 06:57:03,4/26/2013,06:57:03,0.00,6.34,93.00,963.90,321
4/26/2013 06:57:18,4/26/2013,06:57:18,0.00,6.40,93.19,963.90,301
4/26/2013 06:57:33,4/26/2013,06:57:33,0.00,6.34,93.30,963.91,286
4/26/2013 06:57:48,4/26/2013,06:57:48,0.00,6.34,93.40,963.90,300
4/26/2013 06:58:03,4/26/2013,06:58:03,0.00,6.34,93.50,963.89,309
4/26/2013 06:58:18,4/26/2013,06:58:18,0.00,6.34,93.50,963.88,308
4/26/2013 06:58:33,4/26/2013,06:58:33,0.00,6.34,93.59,963.87,308
4/26/2013 06:58:48,4/26/2013,06:58:48,0.00,6.40,93.59,963.88,298
4/26/2013 06:59:03,4/26/2013,06:59:03,0.00,6.34,93.69,963.90,298
4/26/2013 06:59:18,4/26/2013,06:59:18,0.00,6.34,93.69,963.90,294
4/26/2013 06:59:33,4/26/2013,06:59:33,0.00,6.34,93.69,963.91,248
4/26/2013 06:59:48,4/26/2013,06:59:48,0.00,6.34,93.50,963.90,306
4/26/2013 07:00:03,4/26/2013,07:00:03,0.00,6.42,93.50,963.91,294
4/26/2013 07:00:18,4/26/2013,07:00:18,0.00,6.40,93.50,963.91,354
4/26/2013 07:00:33,4/26/2013,07:00:33,0.00,6.40,93.40,963.92,302
4/26/2013 07:00:48,4/26/2013,07:00:48,0.00,6.40,93.40,963.91,324
4/26/2013 07:01:03,4/26/2013,07:01:03,0.00,6.42,93.40,963.91,323
4/26/2013 07:01:18,4/26/2013,07:01:18,0.00,6.42,93.40,963.90,322
4/26/2013 07:01:33,4/26/2013,07:01:33,0.00,6.40,93.50,963.91,297
4/26/2013 07:01:48,4/26/2013,07:01:48,0.00,6.42,93.50,963.89,318
4/26/2013 07:02:03,4/26/2013,07:02:03,0.00,6.42,93.50,963.89,299
4/26/2013 07:02:18,4/26/2013,07:02:18,0.00,6.42,93.50,963.91,333
4/26/2013 07:02:33,4/26/2013,07:02:33,0.00,6.42,93.50,963.91,334
4/26/2013 07:02:48,4/26/2013,07:02:48,0.00,6.42,93.50,963.92,326
4/26/2013 07:03:03,4/26/2013,07:03:03,0.00,6.42,93.59,963.92,295
4/26/2013 07:03:18,4/26/2013,07:03:18,0.00,6.42,93.59,963.92,315
4/26/2013 07:03:33,4/26/2013,07:03:33,0.00,6.42,93.59,963.93,302
4/26/2013 07:03:48,4/26/2013,07:03:48,0.00,6.42,93.50,963.95,319
4/26/2013 07:04:03,4/26/2013,07:04:03,0.00,6.47,93.59,963.95,294
4/26/2013 07:04:18,4/26/2013,07:04:18,0.00,6.47,93.59,963.93,295
4/26/2013 07:04:33,4/26/2013,07:04:33,0.00,6.52,93.59,963.93,298
4/26/2013 07:04:48,4/26/2013,07:04:48,0.00,6.52,93.69,963.92,273
4/26/2013 07:05:03,4/26/2013,07:05:03,0.00,6.52,93.69,963.91,312
4/26/2013 07:05:18,4/26/2013,07:05:18,0.00,6.52,93.69,963.93,316
4/26/2013 07:05:33,4/26/2013,07:05:33,0.00,6.52,93.80,963.93,321
4/26/2013 07:05:48,4/26/2013,07:05:48,0.00,6.52,93.69,963.91,297
4/26/2013 07:06:03,4/26/2013,07:06:03,0.00,6.52,93.59,963.91,294
4/26/2013 07:06:18,4/26/2013,07:06:18,0.00,6.52,93.59,963.91,297
4/26/2013 07:06:33,4/26/2013,07:06:33,0.00,6.52,93.50,963.91,305
4/26/2013 07:06:48,4/26/2013,07:06:48,0.00,6.47,93.30,963.92,306
4/26/2013 07:07:03,4/26/2013,07:07:03,0.00,6.52,92.80,963.90,337
4/26/2013 07:07:18,4/26/2013,07:07:18,0.00,6.52,92.69,963.91,180
4/26/2013 07:07:33,4/26/2013,07:07:33,0.00,6.52,92.80,963.91,265
4/26/2013 07:07:48,4/26/2013,07:07:48,0.00,6.55,93.00,963.92,297
4/26/2013 07:08:03,4/26/2013,07:08:03,0.00,6.55,93.09,963.91,293
4/26/2013 07:08:18,4/26/2013,07:08:18,0.00,6.52,93.19,963.90,300
4/26/2013 07:08:33,4/26/2013,07:08:33,0.00,6.55,93.30,963.90,286
4/26/2013 07:08:48,4/26/2013,07:08:48,0.00,6.59,93.30,963.89,286
4/26/2013 07:09:03,4/26/2013,07:09:03,0.00,6.59,93.40,963.88,192
4/26/2013 07:09:18,4/26/2013,07:09:18,0.00,6.59,93.50,963.89,319
4/26/2013 07:09:33,4/26/2013,07:09:33,0.00,6.59,93.40,963.91,298
4/26/2013 07:09:48,4/26/2013,07:09:48,0.00,6.59,93.30,963.91,323
4/26/2013 07:10:03,4/26/2013,07:10:03,0.00,6.59,93.30,963.90,121
4/26/2013 07:10:18,4/26/2013,07:10:18,0.00,6.59,93.09,963.90,332
4/26/2013 07:10:33,4/26/2013,07:10:33,0.00,6.59,92.50,963.89,333
4/26/2013 07:10:48,4/26/2013,07:10:48,0.00,6.67,92.80,963.88,299
4/26/2013 07:11:03,4/26/2013,07:11:03,0.00,6.62,93.00,963.88,348
4/26/2013 07:11:18,4/26/2013,07:11:18,0.00,6.62,92.90,963.89,305
4/26/2013 07:11:33,4/26/2013,07:11:33,0.00,6.62,92.80,963.88,267
4/26/2013 07:11:48,4/26/2013,07:11:48,0.00,6.62,92.90,963.87,312
4/26/2013 07:12:03,4/26/2013,07:12:03,0.00,6.67,92.90,963.85,333
4/26/2013 07:12:18,4/26/2013,07:12:18,0.00,6.67,93.00,963.84,325
4/26/2013 07:12:33,4/26/2013,07:12:33,0.00,6.67,92.80,963.84,336
4/26/2013 07:12:48,4/26/2013,07:12:48,0.00,6.67,92.30,963.84,327
4/26/2013 07:13:03,4/26/2013,07:13:03,0.00,6.67,91.90,963.85,333
4/26/2013 07:13:18,4/26/2013,07:13:18,0.00,6.67,91.69,963.84,332
4/26/2013 07:13:33,4/26/2013,07:13:33,0.00,6.67,91.90,963.85,320
4/26/2013 07:13:48,4/26/2013,07:13:48,0.00,6.67,91.30,963.84,332
4/26/2013 07:14:03,4/26/2013,07:14:03,0.00,6.67,91.69,963.84,298
4/26/2013 07:14:18,4/26/2013,07:14:18,0.00,6.67,92.19,963.83,317
4/26/2013 07:14:33,4/26/2013,07:14:33,0.00,6.67,92.40,963.83,284
4/26/2013 07:14:48,4/26/2013,07:14:48,0.00,6.69,92.50,963.84,292
4/26/2013 07:15:03,4/26/2013,07:15:03,0.06,6.67,91.19,963.83,331
4/26/2013 07:15:18,4/26/2013,07:15:18,0.93,6.75,90.80,963.80,333
4/26/2013 07:15:33,4/26/2013,07:15:33,0.90,6.75,91.59,963.77,277
4/26/2013 07:15:48,4/26/2013,07:15:48,0.00,6.69,92.00,963.78,206
4/26/2013 07:16:03,4/26/2013,07:16:03,0.00,6.69,91.90,963.81,331
4/26/2013 07:16:18,4/26/2013,07:16:18,0.00,6.69,90.90,963.81,331
4/26/2013 07:16:33,4/26/2013,07:16:33,0.00,6.75,91.00,963.82,293
4/26/2013 07:16:48,4/26/2013,07:16:48,0.00,6.75,91.59,963.84,278
4/26/2013 07:17:03,4/26/2013,07:17:03,0.00,6.80,92.09,963.85,229
4/26/2013 07:17:18,4/26/2013,07:17:18,0.00,6.75,92.40,963.87,298
4/26/2013 07:17:33,4/26/2013,07:17:33,0.00,6.75,92.50,963.84,317
4/26/2013 07:17:48,4/26/2013,07:17:48,0.00,6.75,92.09,963.84,336
4/26/2013 07:18:03,4/26/2013,07:18:03,0.00,6.75,91.90,963.84,326
4/26/2013 07:18:18,4/26/2013,07:18:18,0.00,6.82,92.19,963.84,320
4/26/2013 07:18:33,4/26/2013,07:18:33,0.00,6.82,91.80,963.85,293
4/26/2013 07:18:48,4/26/2013,07:18:48,0.00,6.80,92.09,963.87,228
4/26/2013 07:19:03,4/26/2013,07:19:03,0.00,6.80,91.80,963.87,311
4/26/2013 07:19:18,4/26/2013,07:19:18,0.00,6.80,90.90,963.85,277
4/26/2013 07:19:33,4/26/2013,07:19:33,0.00,6.80,91.00,963.87,307
4/26/2013 07:19:48,4/26/2013,07:19:48,0.05,6.80,91.30,963.87,337
4/26/2013 07:20:03,4/26/2013,07:20:03,0.08,6.82,90.40,963.84,324
4/26/2013 07:20:18,4/26/2013,07:20:18,0.00,6.82,91.19,963.85,350
4/26/2013 07:20:33,4/26/2013,07:20:33,0.00,6.82,91.80,963.88,299
4/26/2013 07:20:48,4/26/2013,07:20:48,0.00,6.82,92.19,963.88,286
4/26/2013 07:21:03,4/26/2013,07:21:03,0.00,6.82,92.30,963.88,269
4/26/2013 07:21:18,4/26/2013,07:21:18,0.00,6.87,92.40,963.88,265
4/26/2013 07:21:33,4/26/2013,07:21:33,0.00,6.82,92.00,963.88,270
4/26/2013 07:21:48,4/26/2013,07:21:48,0.00,6.87,91.59,963.88,307
4/26/2013 07:22:03,4/26/2013,07:22:03,0.00,6.90,91.90,963.87,310
4/26/2013 07:22:18,4/26/2013,07:22:18,0.00,6.90,92.30,963.85,210
4/26/2013 07:22:33,4/26/2013,07:22:33,0.00,6.90,92.50,963.87,267
4/26/2013 07:22:48,4/26/2013,07:22:48,0.00,6.94,92.59,963.85,275
4/26/2013 07:23:03,4/26/2013,07:23:03,0.00,6.90,92.59,963.87,296
4/26/2013 07:23:18,4/26/2013,07:23:18,0.00,6.94,92.50,963.85,312
4/26/2013 07:23:33,4/26/2013,07:23:33,0.00,7.00,92.40,963.84,307
4/26/2013 07:23:48,4/26/2013,07:23:48,0.00,6.90,92.00,963.84,325
4/26/2013 07:24:03,4/26/2013,07:24:03,0.00,7.00,92.09,963.84,278
4/26/2013 07:24:18,4/26/2013,07:24:18,0.00,7.02,92.40,963.83,279
4/26/2013 07:24:33,4/26/2013,07:24:33,0.00,7.02,92.59,963.84,289
4/26/2013 07:24:48,4/26/2013,07:24:48,0.00,7.02,92.50,963.84,296
4/26/2013 07:25:03,4/26/2013,07:25:03,0.00,7.02,92.40,963.87,241
4/26/2013 07:25:18,4/26/2013,07:25:18,0.00,7.02,92.40,963.88,307
4/26/2013 07:25:33,4/26/2013,07:25:33,0.00,7.07,92.19,963.85,281
4/26/2013 07:25:48,4/26/2013,07:25:48,0.00,7.07,92.30,963.85,312
4/26/2013 07:26:03,4/26/2013,07:26:03,0.00,7.07,92.19,963.87,278
4/26/2013 07:26:18,4/26/2013,07:26:18,0.00,7.07,92.19,963.88,249
4/26/2013 07:26:33,4/26/2013,07:26:33,0.00,7.07,92.19,963.88,293
4/26/2013 07:26:48,4/26/2013,07:26:48,0.00,7.09,92.40,963.85,77
4/26/2013 07:27:03,4/26/2013,07:27:03,0.00,7.15,92.59,963.87,175
4/26/2013 07:27:18,4/26/2013,07:27:18,0.00,7.15,92.80,963.85,333
4/26/2013 07:27:33,4/26/2013,07:27:33,0.00,7.07,92.30,963.84,355
4/26/2013 07:27:48,4/26/2013,07:27:48,0.00,7.09,91.90,963.84,193
4/26/2013 07:28:03,4/26/2013,07:28:03,0.00,7.15,91.69,963.84,280
4/26/2013 07:28:18,4/26/2013,07:28:18,0.00,7.09,91.59,963.87,296
4/26/2013 07:28:33,4/26/2013,07:28:33,0.72,7.15,91.19,963.84,342
4/26/2013 07:28:48,4/26/2013,07:28:48,0.00,7.15,91.30,963.87,282
4/26/2013 07:29:03,4/26/2013,07:29:03,0.00,7.17,91.90,963.88,282
4/26/2013 07:29:18,4/26/2013,07:29:18,0.00,7.22,92.30,963.88,298
4/26/2013 07:29:33,4/26/2013,07:29:33,0.00,7.17,92.40,963.87,250
4/26/2013 07:29:48,4/26/2013,07:29:48,0.00,7.15,92.19,963.87,314
4/26/2013 07:30:03,4/26/2013,07:30:03,0.00,7.15,90.90,963.85,288
4/26/2013 07:30:18,4/26/2013,07:30:18,0.00,7.15,90.40,963.88,305
4/26/2013 07:30:33,4/26/2013,07:30:33,0.00,7.15,90.90,963.89,250
4/26/2013 07:30:48,4/26/2013,07:30:48,0.00,7.15,90.40,963.89,283
4/26/2013 07:31:03,4/26/2013,07:31:03,0.88,7.15,90.40,963.85,316
4/26/2013 07:31:18,4/26/2013,07:31:18,0.12,7.17,90.69,963.87,285
4/26/2013 07:31:33,4/26/2013,07:31:33,0.00,7.15,91.00,963.88,299
4/26/2013 07:31:48,4/26/2013,07:31:48,0.00,7.17,91.19,963.89,263
4/26/2013 07:32:03,4/26/2013,07:32:03,0.00,7.17,91.59,963.88,311
4/26/2013 07:32:18,4/26/2013,07:32:18,0.00,7.22,91.59,963.89,304
4/26/2013 07:32:33,4/26/2013,07:32:33,0.00,7.17,91.19,963.89,311
4/26/2013 07:32:48,4/26/2013,07:32:48,0.00,7.22,91.00,963.89,310
4/26/2013 07:33:03,4/26/2013,07:33:03,0.00,7.22,91.50,963.90,299
4/26/2013 07:33:18,4/26/2013,07:33:18,0.00,7.22,91.80,963.90,301
4/26/2013 07:33:33,4/26/2013,07:33:33,0.00,7.22,91.90,963.90,299
4/26/2013 07:33:48,4/26/2013,07:33:48,0.06,7.22,91.50,963.91,332
4/26/2013 07:34:03,4/26/2013,07:34:03,0.38,7.22,90.50,963.91,328
4/26/2013 07:34:18,4/26/2013,07:34:18,0.00,7.22,90.69,963.92,251
4/26/2013 07:34:33,4/26/2013,07:34:33,0.00,7.30,91.40,963.95,309
4/26/2013 07:34:48,4/26/2013,07:34:48,0.00,7.27,91.69,963.92,299
4/26/2013 07:35:03,4/26/2013,07:35:03,0.00,7.30,91.80,963.91,280
4/26/2013 07:35:18,4/26/2013,07:35:18,0.00,7.27,91.59,963.91,256
4/26/2013 07:35:33,4/26/2013,07:35:33,0.00,7.27,91.50,963.91,283
4/26/2013 07:35:48,4/26/2013,07:35:48,0.00,7.30,91.69,963.90,299
4/26/2013 07:36:03,4/26/2013,07:36:03,0.00,7.30,91.50,963.91,288
4/26/2013 07:36:18,4/26/2013,07:36:18,0.00,7.30,91.09,963.91,301
4/26/2013 07:36:33,4/26/2013,07:36:33,0.00,7.30,91.00,963.92,308
4/26/2013 07:36:48,4/26/2013,07:36:48,0.00,7.30,91.19,963.92,292
4/26/2013 07:37:03,4/26/2013,07:37:03,0.00,7.37,91.69,963.92,316
4/26/2013 07:37:18,4/26/2013,07:37:18,0.00,7.34,91.59,963.91,280
4/26/2013 07:37:33,4/26/2013,07:37:33,0.00,7.30,91.00,963.91,294
4/26/2013 07:37:48,4/26/2013,07:37:48,0.00,7.37,91.00,963.90,262
4/26/2013 07:38:03,4/26/2013,07:38:03,0.00,7.37,91.19,963.91,259
4/26/2013 07:38:18,4/26/2013,07:38:18,0.00,7.37,91.19,963.90,297
4/26/2013 07:38:33,4/26/2013,07:38:33,0.00,7.37,90.80,963.90,323
4/26/2013 07:38:48,4/26/2013,07:38:48,0.00,7.37,90.50,963.90,320
4/26/2013 07:39:03,4/26/2013,07:39:03,0.69,7.37,90.50,963.90,291
4/26/2013 07:39:18,4/26/2013,07:39:18,0.68,7.37,90.00,963.89,320
4/26/2013 07:39:33,4/26/2013,07:39:33,1.55,7.37,89.19,963.84,311
4/26/2013 07:39:48,4/26/2013,07:39:48,0.38,7.42,90.30,963.87,275
4/26/2013 07:40:03,4/26/2013,07:40:03,0.00,7.37,90.50,963.88,231
4/26/2013 07:40:18,4/26/2013,07:40:18,0.00,7.50,90.90,963.88,318
4/26/2013 07:40:33,4/26/2013,07:40:33,0.00,7.50,91.40,963.90,318
4/26/2013 07:40:48,4/26/2013,07:40:48,0.00,7.50,91.19,963.90,297
4/26/2013 07:41:03,4/26/2013,07:41:03,0.00,7.55,91.30,963.91,290
4/26/2013 07:41:18,4/26/2013,07:41:18,0.00,7.55,91.40,963.89,292
4/26/2013 07:41:33,4/26/2013,07:41:33,0.00,7.50,91.19,963.90,325
4/26/2013 07:41:48,4/26/2013,07:41:48,0.00,7.55,91.09,963.90,279
4/26/2013 07:42:03,4/26/2013,07:42:03,0.00,7.55,91.19,963.89,312
4/26/2013 07:42:18,4/26/2013,07:42:18,0.54,7.55,90.59,963.87,295
4/26/2013 07:42:33,4/26/2013,07:42:33,0.00,7.55,90.80,963.88,258
4/26/2013 07:42:48,4/26/2013,07:42:48,0.00,7.57,90.80,963.88,256
4/26/2013 07:43:03,4/26/2013,07:43:03,0.00,7.62,91.09,963.88,261
4/26/2013 07:43:18,4/26/2013,07:43:18,0.00,7.62,91.09,963.87,259
4/26/2013 07:43:33,4/26/2013,07:43:33,0.00,7.69,91.30,963.84,281
4/26/2013 07:43:48,4/26/2013,07:43:48,0.00,7.65,91.40,963.84,326
4/26/2013 07:44:03,4/26/2013,07:44:03,0.00,7.69,90.90,963.84,307
4/26/2013 07:44:18,4/26/2013,07:44:18,0.00,7.69,90.69,963.83,349
4/26/2013 07:44:33,4/26/2013,07:44:33,0.00,7.65,90.50,963.82,323
4/26/2013 07:44:48,4/26/2013,07:44:48,0.00,7.69,90.50,963.81,306
4/26/2013 07:45:03,4/26/2013,07:45:03,0.00,7.75,90.80,963.82,289
4/26/2013 07:45:18,4/26/2013,07:45:18,0.00,7.75,90.69,963.83,294
4/26/2013 07:45:33,4/26/2013,07:45:33,0.00,7.77,90.59,963.84,284
4/26/2013 07:45:48,4/26/2013,07:45:48,0.00,7.69,89.59,963.84,306
4/26/2013 07:46:03,4/26/2013,07:46:03,0.00,7.75,89.69,963.84,292
4/26/2013 07:46:18,4/26/2013,07:46:18,0.00,7.77,90.30,963.82,286
4/26/2013 07:46:33,4/26/2013,07:46:33,0.00,7.84,90.69,963.82,293
4/26/2013 07:46:48,4/26/2013,07:46:48,0.00,7.84,90.80,963.82,284
4/26/2013 07:47:03,4/26/2013,07:47:03,0.00,7.82,90.50,963.81,291
4/26/2013 07:47:18,4/26/2013,07:47:18,0.00,7.77,89.69,963.82,280
4/26/2013 07:47:33,4/26/2013,07:47:33,0.30,7.77,88.50,963.81,283
4/26/2013 07:47:48,4/26/2013,07:47:48,0.05,7.82,89.19,963.81,308
4/26/2013 07:48:03,4/26/2013,07:48:03,0.66,7.77,88.90,963.78,308
4/26/2013 07:48:18,4/26/2013,07:48:18,0.00,7.84,89.19,963.81,7
4/26/2013 07:48:33,4/26/2013,07:48:33,0.97,7.77,89.00,963.80,331
4/26/2013 07:48:48,4/26/2013,07:48:48,2.11,7.77,88.50,963.80,319
4/26/2013 07:49:03,4/26/2013,07:49:03,0.69,7.82,89.19,963.80,329
4/26/2013 07:49:18,4/26/2013,07:49:18,0.74,7.77,88.59,963.81,283
4/26/2013 07:49:33,4/26/2013,07:49:33,0.83,7.84,88.90,963.80,3
4/26/2013 07:49:48,4/26/2013,07:49:48,1.63,7.84,89.19,963.78,322
4/26/2013 07:50:03,4/26/2013,07:50:03,1.31,7.82,88.50,963.76,319
4/26/2013 07:50:18,4/26/2013,07:50:18,1.04,7.82,88.30,963.75,308
4/26/2013 07:50:33,4/26/2013,07:50:33,0.45,7.90,88.90,963.78,339
4/26/2013 07:50:48,4/26/2013,07:50:48,0.00,7.92,89.90,963.80,343
4/26/2013 07:51:03,4/26/2013,07:51:03,0.00,7.92,90.19,963.81,324
4/26/2013 07:51:18,4/26/2013,07:51:18,0.83,7.90,89.40,963.80,344
4/26/2013 07:51:33,4/26/2013,07:51:33,1.30,7.92,88.69,963.77,8
4/26/2013 07:51:48,4/26/2013,07:51:48,0.93,7.97,89.09,963.77,288
4/26/2013 07:52:03,4/26/2013,07:52:03,0.73,8.10,89.80,963.78,341
4/26/2013 07:52:18,4/26/2013,07:52:18,0.72,8.02,89.30,963.77,320
4/26/2013 07:52:33,4/26/2013,07:52:33,0.54,8.02,89.40,963.78,300
4/26/2013 07:52:48,4/26/2013,07:52:48,0.62,8.05,88.90,963.78,312
4/26/2013 07:53:03,4/26/2013,07:53:03,0.00,8.17,89.30,963.80,270
4/26/2013 07:53:18,4/26/2013,07:53:18,0.51,8.05,88.09,963.78,297
4/26/2013 07:53:33,4/26/2013,07:53:33,1.41,8.05,86.80,963.75,314
4/26/2013 07:53:48,4/26/2013,07:53:48,0.38,8.10,87.40,963.78,340
4/26/2013 07:54:03,4/26/2013,07:54:03,1.19,8.05,86.80,963.76,320
4/26/2013 07:54:18,4/26/2013,07:54:18,0.86,8.10,87.59,963.76,283
4/26/2013 07:54:33,4/26/2013,07:54:33,0.74,8.10,87.90,963.77,332
4/26/2013 07:54:48,4/26/2013,07:54:48,1.59,8.05,87.19,963.78,342
4/26/2013 07:55:03,4/26/2013,07:55:03,2.48,7.97,87.19,963.78,324
4/26/2013 07:55:18,4/26/2013,07:55:18,2.11,8.02,87.19,963.78,304
4/26/2013 07:55:33,4/26/2013,07:55:33,1.36,8.05,87.69,963.78,334
4/26/2013 07:55:48,4/26/2013,07:55:48,0.41,8.12,88.40,963.81,331
4/26/2013 07:56:03,4/26/2013,07:56:03,0.00,8.17,89.40,963.85,310
4/26/2013 07:56:18,4/26/2013,07:56:18,0.00,8.25,89.59,963.87,297
4/26/2013 07:56:33,4/26/2013,07:56:33,0.00,8.32,90.00,963.87,296
4/26/2013 07:56:48,4/26/2013,07:56:48,0.00,8.32,90.19,963.84,332
4/26/2013 07:57:03,4/26/2013,07:57:03,0.00,8.25,89.30,963.84,324
4/26/2013 07:57:18,4/26/2013,07:57:18,0.63,8.25,86.80,963.83,333
4/26/2013 07:57:33,4/26/2013,07:57:33,0.62,8.30,87.30,963.81,288
4/26/2013 07:57:48,4/26/2013,07:57:48,0.00,8.32,87.90,963.82,307
4/26/2013 07:58:03,4/26/2013,07:58:03,0.41,8.32,87.50,963.81,342
4/26/2013 07:58:18,4/26/2013,07:58:18,2.09,8.22,86.69,963.77,323
4/26/2013 07:58:33,4/26/2013,07:58:33,3.08,8.17,85.90,963.77,327
4/26/2013 07:58:48,4/26/2013,07:58:48,2.11,8.12,85.19,963.78,351
4/26/2013 07:59:03,4/26/2013,07:59:03,1.02,8.25,86.30,963.81,255
4/26/2013 07:59:18,4/26/2013,07:59:18,1.70,8.22,86.59,963.83,329
4/26/2013 07:59:33,4/26/2013,07:59:33,1.86,8.25,87.09,963.81,310
4/26/2013 07:59:48,4/26/2013,07:59:48,1.15,8.32,87.09,963.77,14
4/26/2013 08:00:03,4/26/2013,08:00:03,1.31,8.37,87.69,963.80,328
4/26/2013 08:00:18,4/26/2013,08:00:18,2.01,8.32,87.09,963.78,348
4/26/2013 08:00:33,4/26/2013,08:00:33,1.09,8.39,87.59,963.82,332
4/26/2013 08:00:48,4/26/2013,08:00:48,1.51,8.39,87.19,963.80,350
4/26/2013 08:01:03,4/26/2013,08:01:03,1.63,8.39,87.09,963.80,337
4/26/2013 08:01:18,4/26/2013,08:01:18,0.69,8.52,87.50,963.82,328
4/26/2013 08:01:33,4/26/2013,08:01:33,0.76,8.57,88.19,963.83,321
4/26/2013 08:01:48,4/26/2013,08:01:48,1.11,8.60,88.19,963.83,326
4/26/2013 08:02:03,4/26/2013,08:02:03,0.70,8.64,88.00,963.83,19
4/26/2013 08:02:18,4/26/2013,08:02:18,2.37,8.44,85.80,963.81,307
4/26/2013 08:02:33,4/26/2013,08:02:33,2.61,8.39,85.00,963.81,335
4/26/2013 08:02:48,4/26/2013,08:02:48,2.19,8.44,86.19,963.83,341
4/26/2013 08:03:03,4/26/2013,08:03:03,1.86,8.50,86.59,963.83,246
4/26/2013 08:03:18,4/26/2013,08:03:18,0.27,8.64,87.80,963.87,357
4/26/2013 08:03:33,4/26/2013,08:03:33,0.00,8.64,86.80,963.87,311
4/26/2013 08:03:48,4/26/2013,08:03:48,1.05,8.64,87.40,963.82,286
4/26/2013 08:04:03,4/26/2013,08:04:03,0.65,8.72,86.09,963.81,218
4/26/2013 08:04:18,4/26/2013,08:04:18,0.88,8.64,86.40,963.83,321
4/26/2013 08:04:33,4/26/2013,08:04:33,1.49,8.69,86.00,963.80,331
4/26/2013 08:04:48,4/26/2013,08:04:48,1.56,8.72,86.59,963.77,338
4/26/2013 08:05:03,4/26/2013,08:05:03,1.15,8.80,86.69,963.76,323
4/26/2013 08:05:18,4/26/2013,08:05:18,0.95,8.87,87.19,963.77,313
4/26/2013 08:05:33,4/26/2013,08:05:33,0.51,8.80,86.09,963.80,329
4/26/2013 08:05:48,4/26/2013,08:05:48,1.18,8.87,86.00,963.81,303
4/26/2013 08:06:03,4/26/2013,08:06:03,2.29,8.72,85.00,963.78,351
4/26/2013 08:06:18,4/26/2013,08:06:18,1.74,8.72,84.40,963.78,323
4/26/2013 08:06:33,4/26/2013,08:06:33,1.63,8.87,86.80,963.77,296
4/26/2013 08:06:48,4/26/2013,08:06:48,0.45,8.92,87.50,963.81,272
4/26/2013 08:07:03,4/26/2013,08:07:03,1.20,8.80,85.09,963.81,302
4/26/2013 08:07:18,4/26/2013,08:07:18,2.19,8.77,85.30,963.80,328
4/26/2013 08:07:33,4/26/2013,08:07:33,2.16,8.72,84.69,963.78,322
4/26/2013 08:07:48,4/26/2013,08:07:48,2.61,8.69,85.00,963.77,325
4/26/2013 08:08:03,4/26/2013,08:08:03,1.20,8.85,86.19,963.81,321
4/26/2013 08:08:18,4/26/2013,08:08:18,1.48,8.72,85.40,963.80,341
4/26/2013 08:08:33,4/26/2013,08:08:33,1.47,8.72,85.30,963.80,328
4/26/2013 08:08:48,4/26/2013,08:08:48,1.97,8.69,84.80,963.82,300
4/26/2013 08:09:03,4/26/2013,08:09:03,1.48,8.72,85.19,963.84,327
4/26/2013 08:09:18,4/26/2013,08:09:18,1.91,8.69,85.30,963.84,332
4/26/2013 08:09:33,4/26/2013,08:09:33,1.62,8.72,86.30,963.84,318
4/26/2013 08:09:48,4/26/2013,08:09:48,1.44,8.69,85.19,963.84,343
4/26/2013 08:10:03,4/26/2013,08:10:03,2.41,8.64,85.09,963.84,339
4/26/2013 08:10:18,4/26/2013,08:10:18,2.13,8.60,84.69,963.88,342
4/26/2013 08:10:33,4/26/2013,08:10:33,1.80,8.64,85.69,963.84,0
4/26/2013 08:10:48,4/26/2013,08:10:48,2.36,8.52,84.69,963.85,344
4/26/2013 08:11:03,4/26/2013,08:11:03,2.44,8.50,84.30,963.88,337
4/26/2013 08:11:18,4/26/2013,08:11:18,1.95,8.57,84.59,963.89,342
4/26/2013 08:11:33,4/26/2013,08:11:33,2.44,8.44,84.80,963.88,346
4/26/2013 08:11:48,4/26/2013,08:11:48,2.41,8.44,84.00,963.88,349
4/26/2013 08:12:03,4/26/2013,08:12:03,1.48,8.60,86.40,963.88,322
4/26/2013 08:12:18,4/26/2013,08:12:18,2.02,8.50,84.69,963.89,333
4/26/2013 08:12:33,4/26/2013,08:12:33,1.51,8.60,86.50,963.89,340
4/26/2013 08:12:48,4/26/2013,08:12:48,1.43,8.60,85.09,963.89,334
4/26/2013 08:13:03,4/26/2013,08:13:03,1.61,8.60,85.80,963.88,313
4/26/2013 08:13:18,4/26/2013,08:13:18,1.77,8.64,86.19,963.88,312
4/26/2013 08:13:33,4/26/2013,08:13:33,2.27,8.57,85.50,963.88,337
4/26/2013 08:13:48,4/26/2013,08:13:48,2.66,8.57,85.09,963.85,301
4/26/2013 08:14:03,4/26/2013,08:14:03,2.51,8.60,85.69,963.85,296
4/26/2013 08:14:18,4/26/2013,08:14:18,2.22,8.60,85.80,963.87,324
4/26/2013 08:14:33,4/26/2013,08:14:33,2.16,8.64,86.09,963.87,356
4/26/2013 08:14:48,4/26/2013,08:14:48,1.33,8.72,86.09,963.87,312
4/26/2013 08:15:03,4/26/2013,08:15:03,0.47,8.72,85.50,963.88,303
4/26/2013 08:15:18,4/26/2013,08:15:18,0.00,8.80,86.40,963.88,241
4/26/2013 08:15:33,4/26/2013,08:15:33,0.58,8.72,85.69,963.88,322
4/26/2013 08:15:48,4/26/2013,08:15:48,0.00,8.87,86.80,963.88,181
4/26/2013 08:16:03,4/26/2013,08:16:03,0.00,8.85,85.30,963.87,207
4/26/2013 08:16:18,4/26/2013,08:16:18,0.38,8.80,85.69,963.84,304
4/26/2013 08:16:33,4/26/2013,08:16:33,0.95,8.72,84.90,963.83,337
4/26/2013 08:16:48,4/26/2013,08:16:48,1.37,8.72,85.69,963.82,304
4/26/2013 08:17:03,4/26/2013,08:17:03,2.48,8.60,84.59,963.83,338
4/26/2013 08:17:18,4/26/2013,08:17:18,2.24,8.64,84.69,963.84,328
4/26/2013 08:17:33,4/26/2013,08:17:33,3.02,8.57,85.09,963.85,312
4/26/2013 08:17:48,4/26/2013,08:17:48,2.47,8.50,82.90,963.87,337
4/26/2013 08:18:03,4/26/2013,08:18:03,2.70,8.52,84.09,963.88,326
4/26/2013 08:18:18,4/26/2013,08:18:18,3.13,8.50,83.69,963.88,325
4/26/2013 08:18:33,4/26/2013,08:18:33,2.16,8.50,84.30,963.87,240
4/26/2013 08:18:48,4/26/2013,08:18:48,1.95,8.50,83.90,963.89,333
4/26/2013 08:19:03,4/26/2013,08:19:03,4.09,8.37,83.50,963.85,299
4/26/2013 08:19:18,4/26/2013,08:19:18,3.94,8.37,83.69,963.87,348
4/26/2013 08:19:33,4/26/2013,08:19:33,1.55,8.44,84.19,963.90,4
4/26/2013 08:19:48,4/26/2013,08:19:48,2.40,8.39,84.40,963.89,3
4/26/2013 08:20:03,4/26/2013,08:20:03,2.24,8.39,85.09,963.91,319
4/26/2013 08:20:18,4/26/2013,08:20:18,2.69,8.37,84.30,963.89,342
4/26/2013 08:20:33,4/26/2013,08:20:33,2.48,8.37,84.50,963.91,328
4/26/2013 08:20:48,4/26/2013,08:20:48,1.93,8.32,84.30,963.90,328
4/26/2013 08:21:03,4/26/2013,08:21:03,3.62,8.30,84.09,963.88,337
4/26/2013 08:21:18,4/26/2013,08:21:18,1.91,8.39,85.50,963.91,332
4/26/2013 08:21:33,4/26/2013,08:21:33,2.61,8.32,85.00,963.91,333
4/26/2013 08:21:48,4/26/2013,08:21:48,2.58,8.32,85.09,963.89,320
4/26/2013 08:22:03,4/26/2013,08:22:03,2.97,8.25,84.80,963.88,336
4/26/2013 08:22:18,4/26/2013,08:22:18,2.90,8.25,84.50,963.89,333
4/26/2013 08:22:33,4/26/2013,08:22:33,2.56,8.25,84.69,963.90,335
4/26/2013 08:22:48,4/26/2013,08:22:48,1.55,8.32,85.40,963.91,359
4/26/2013 08:23:03,4/26/2013,08:23:03,1.59,8.32,85.59,963.91,314
4/26/2013 08:23:18,4/26/2013,08:23:18,1.72,8.32,84.59,963.90,268
4/26/2013 08:23:33,4/26/2013,08:23:33,0.38,8.32,84.90,963.93,197
4/26/2013 08:23:48,4/26/2013,08:23:48,0.30,8.37,85.40,963.97,315
4/26/2013 08:24:03,4/26/2013,08:24:03,3.09,8.25,84.80,963.93,327
4/26/2013 08:24:18,4/26/2013,08:24:18,3.52,8.22,83.69,963.93,344
4/26/2013 08:24:33,4/26/2013,08:24:33,2.47,8.25,84.40,963.97,339
4/26/2013 08:24:48,4/26/2013,08:24:48,2.41,8.25,84.90,963.96,311
4/26/2013 08:25:03,4/26/2013,08:25:03,2.40,8.25,85.09,963.97,336
4/26/2013 08:25:18,4/26/2013,08:25:18,1.31,8.32,85.30,963.98,323
4/26/2013 08:25:33,4/26/2013,08:25:33,2.16,8.30,85.09,963.96,338
4/26/2013 08:25:48,4/26/2013,08:25:48,2.45,8.25,85.00,963.95,322
4/26/2013 08:26:03,4/26/2013,08:26:03,2.90,8.25,84.19,963.95,326
4/26/2013 08:26:18,4/26/2013,08:26:18,1.24,8.30,84.69,963.97,278
4/26/2013 08:26:33,4/26/2013,08:26:33,1.59,8.30,85.00,963.97,342
4/26/2013 08:26:48,4/26/2013,08:26:48,2.23,8.25,85.00,963.98,321
4/26/2013 08:27:03,4/26/2013,08:27:03,2.02,8.25,84.59,963.97,312
4/26/2013 08:27:18,4/26/2013,08:27:18,3.24,8.25,84.40,963.95,0
4/26/2013 08:27:33,4/26/2013,08:27:33,3.42,8.17,84.00,963.97,349
4/26/2013 08:27:48,4/26/2013,08:27:48,3.13,8.17,83.69,963.95,8
4/26/2013 08:28:03,4/26/2013,08:28:03,3.08,8.17,83.80,963.93,293
4/26/2013 08:28:18,4/26/2013,08:28:18,2.40,8.17,84.40,963.93,293
4/26/2013 08:28:33,4/26/2013,08:28:33,2.33,8.17,85.30,963.96,312
4/26/2013 08:28:48,4/26/2013,08:28:48,1.95,8.17,85.30,963.96,295
4/26/2013 08:29:03,4/26/2013,08:29:03,0.94,8.25,85.80,963.95,327
4/26/2013 08:29:18,4/26/2013,08:29:18,0.30,8.32,85.40,963.97,352
4/26/2013 08:29:33,4/26/2013,08:29:33,0.72,8.30,85.09,963.97,345
4/26/2013 08:29:48,4/26/2013,08:29:48,1.23,8.32,85.69,963.97,311
4/26/2013 08:30:03,4/26/2013,08:30:03,1.37,8.30,85.80,963.96,317
4/26/2013 08:30:18,4/26/2013,08:30:18,0.38,8.32,86.30,963.97,232
4/26/2013 08:30:33,4/26/2013,08:30:33,0.00,8.39,86.40,963.97,300
4/26/2013 08:30:48,4/26/2013,08:30:48,1.02,8.32,85.59,963.95,305
4/26/2013 08:31:03,4/26/2013,08:31:03,1.93,8.32,85.69,963.93,286
4/26/2013 08:31:18,4/26/2013,08:31:18,3.01,8.25,84.50,963.91,340
4/26/2013 08:31:33,4/26/2013,08:31:33,2.51,8.25,85.40,963.90,342
4/26/2013 08:31:48,4/26/2013,08:31:48,2.29,8.25,84.59,963.91,342
4/26/2013 08:32:03,4/26/2013,08:32:03,3.19,8.17,83.40,963.91,335
4/26/2013 08:32:18,4/26/2013,08:32:18,2.34,8.22,83.80,963.95,331
4/26/2013 08:32:33,4/26/2013,08:32:33,2.41,8.22,84.09,963.96,334
4/26/2013 08:32:48,4/26/2013,08:32:48,2.70,8.22,84.00,963.95,338
4/26/2013 08:33:03,4/26/2013,08:33:03,2.31,8.17,83.69,963.96,348
4/26/2013 08:33:18,4/26/2013,08:33:18,1.58,8.25,85.19,963.97,310
4/26/2013 08:33:33,4/26/2013,08:33:33,1.80,8.25,85.50,963.96,329
4/26/2013 08:33:48,4/26/2013,08:33:48,2.09,8.25,85.09,963.95,328
4/26/2013 08:34:03,4/26/2013,08:34:03,1.95,8.25,84.80,963.96,339
4/26/2013 08:34:18,4/26/2013,08:34:18,2.22,8.25,84.30,963.92,329
4/26/2013 08:34:33,4/26/2013,08:34:33,2.65,8.25,84.19,963.90,294
4/26/2013 08:34:48,4/26/2013,08:34:48,3.06,8.22,83.59,963.88,296
4/26/2013 08:35:03,4/26/2013,08:35:03,3.02,8.22,83.69,963.87,330
4/26/2013 08:35:18,4/26/2013,08:35:18,2.04,8.25,84.59,963.87,298
4/26/2013 08:35:33,4/26/2013,08:35:33,1.86,8.25,84.00,963.87,324
4/26/2013 08:35:48,4/26/2013,08:35:48,1.09,8.32,84.19,963.89,317
4/26/2013 08:36:03,4/26/2013,08:36:03,2.51,8.32,84.40,963.84,335
4/26/2013 08:36:18,4/26/2013,08:36:18,1.74,8.32,84.69,963.84,13
4/26/2013 08:36:33,4/26/2013,08:36:33,1.99,8.30,83.50,963.81,355
4/26/2013 08:36:48,4/26/2013,08:36:48,1.83,8.32,83.69,963.81,340
4/26/2013 08:37:03,4/26/2013,08:37:03,1.13,8.32,83.69,963.82,343
4/26/2013 08:37:18,4/26/2013,08:37:18,1.11,8.39,85.00,963.81,320
4/26/2013 08:37:33,4/26/2013,08:37:33,0.73,8.44,84.90,963.81,320
4/26/2013 08:37:48,4/26/2013,08:37:48,0.30,8.50,84.40,963.82,199
4/26/2013 08:38:03,4/26/2013,08:38:03,0.00,8.50,84.69,963.84,0
4/26/2013 08:38:18,4/26/2013,08:38:18,0.00,8.50,84.40,963.84,323
4/26/2013 08:38:33,4/26/2013,08:38:33,0.00,8.52,84.30,963.84,335
4/26/2013 08:38:48,4/26/2013,08:38:48,0.87,8.52,84.90,963.81,299
4/26/2013 08:39:03,4/26/2013,08:39:03,1.08,8.52,84.59,963.81,316
4/26/2013 08:39:18,4/26/2013,08:39:18,1.93,8.50,84.00,963.81,334
4/26/2013 08:39:33,4/26/2013,08:39:33,2.08,8.50,83.30,963.80,326
4/26/2013 08:39:48,4/26/2013,08:39:48,2.18,8.44,83.40,963.80,7
4/26/2013 08:40:03,4/26/2013,08:40:03,1.99,8.50,83.69,963.78,313
4/26/2013 08:40:18,4/26/2013,08:40:18,2.83,8.39,82.59,963.76,289
4/26/2013 08:40:33,4/26/2013,08:40:33,2.45,8.39,83.00,963.78,322
4/26/2013 08:40:48,4/26/2013,08:40:48,2.74,8.39,82.90,963.76,314
4/26/2013 08:41:03,4/26/2013,08:41:03,2.80,8.39,82.19,963.74,308
4/26/2013 08:41:18,4/26/2013,08:41:18,2.09,8.44,82.59,963.75,340
4/26/2013 08:41:33,4/26/2013,08:41:33,1.66,8.50,83.80,963.76,289
4/26/2013 08:41:48,4/26/2013,08:41:48,2.06,8.50,83.09,963.76,309
4/26/2013 08:42:03,4/26/2013,08:42:03,2.92,8.44,82.09,963.77,331
4/26/2013 08:42:18,4/26/2013,08:42:18,3.05,8.39,82.80,963.76,329
4/26/2013 08:42:33,4/26/2013,08:42:33,2.70,8.44,82.59,963.76,338
4/26/2013 08:42:48,4/26/2013,08:42:48,2.40,8.52,83.40,963.76,310
4/26/2013 08:43:03,4/26/2013,08:43:03,3.29,8.50,82.40,963.75,305
4/26/2013 08:43:18,4/26/2013,08:43:18,3.06,8.57,82.40,963.76,318
4/26/2013 08:43:33,4/26/2013,08:43:33,4.05,8.57,82.69,963.75,321
4/26/2013 08:43:48,4/26/2013,08:43:48,3.79,8.60,82.50,963.74,359
4/26/2013 08:44:03,4/26/2013,08:44:03,3.17,8.64,82.90,963.74,320
4/26/2013 08:44:18,4/26/2013,08:44:18,2.54,8.72,82.69,963.76,340
4/26/2013 08:44:33,4/26/2013,08:44:33,1.90,8.72,82.09,963.76,322
4/26/2013 08:44:48,4/26/2013,08:44:48,1.58,8.87,82.80,963.73,318
4/26/2013 08:45:03,4/26/2013,08:45:03,1.95,9.00,85.09,963.75,304
4/26/2013 08:45:18,4/26/2013,08:45:18,2.90,8.97,83.30,963.74,329
4/26/2013 08:45:33,4/26/2013,08:45:33,3.30,8.97,83.09,963.75,352
4/26/2013 08:45:48,4/26/2013,08:45:48,3.15,8.80,80.69,963.76,339
4/26/2013 08:46:03,4/26/2013,08:46:03,2.77,8.80,80.59,963.77,358
4/26/2013 08:46:18,4/26/2013,08:46:18,2.34,8.97,81.69,963.77,279
4/26/2013 08:46:33,4/26/2013,08:46:33,1.02,9.12,84.19,963.80,346
4/26/2013 08:46:48,4/26/2013,08:46:48,1.80,9.05,82.19,963.81,342
4/26/2013 08:47:03,4/26/2013,08:47:03,3.02,9.00,83.09,963.81,342
4/26/2013 08:47:18,4/26/2013,08:47:18,1.38,9.12,82.40,963.82,321
4/26/2013 08:47:33,4/26/2013,08:47:33,1.48,9.17,82.90,963.81,249
4/26/2013 08:47:48,4/26/2013,08:47:48,0.87,9.27,82.00,963.80,297
4/26/2013 08:48:03,4/26/2013,08:48:03,2.20,9.25,82.40,963.81,306
4/26/2013 08:48:18,4/26/2013,08:48:18,4.02,9.12,82.30,963.77,320
4/26/2013 08:48:33,4/26/2013,08:48:33,3.70,9.12,80.80,963.77,329
4/26/2013 08:48:48,4/26/2013,08:48:48,3.67,9.12,80.69,963.78,345
4/26/2013 08:49:03,4/26/2013,08:49:03,2.24,9.25,82.40,963.80,335
4/26/2013 08:49:18,4/26/2013,08:49:18,2.18,9.32,82.90,963.77,310
4/26/2013 08:49:33,4/26/2013,08:49:33,2.24,9.32,82.00,963.77,339
4/26/2013 08:49:48,4/26/2013,08:49:48,1.94,9.35,81.40,963.76,297
4/26/2013 08:50:03,4/26/2013,08:50:03,2.27,9.35,81.30,963.75,322
4/26/2013 08:50:18,4/26/2013,08:50:18,2.24,9.47,82.40,963.74,326
4/26/2013 08:50:33,4/26/2013,08:50:33,3.02,9.35,80.90,963.75,289
4/26/2013 08:50:48,4/26/2013,08:50:48,2.20,9.47,81.69,963.76,296
4/26/2013 08:51:03,4/26/2013,08:51:03,1.66,9.60,80.80,963.75,0
4/26/2013 08:51:18,4/26/2013,08:51:18,2.56,9.55,80.69,963.74,326
4/26/2013 08:51:33,4/26/2013,08:51:33,2.79,9.64,81.69,963.74,2
4/26/2013 08:51:48,4/26/2013,08:51:48,1.56,9.64,80.30,963.75,353
4/26/2013 08:52:03,4/26/2013,08:52:03,1.38,9.67,80.00,963.76,340
4/26/2013 08:52:18,4/26/2013,08:52:18,1.74,9.75,81.50,963.74,326
4/26/2013 08:52:33,4/26/2013,08:52:33,1.87,9.75,80.80,963.73,304
4/26/2013 08:52:48,4/26/2013,08:52:48,2.22,9.80,81.19,963.72,283
4/26/2013 08:53:03,4/26/2013,08:53:03,1.05,9.92,79.40,963.72,312
4/26/2013 08:53:18,4/26/2013,08:53:18,1.58,9.75,78.90,963.73,311
4/26/2013 08:53:33,4/26/2013,08:53:33,2.15,9.75,79.00,963.72,304
4/26/2013 08:53:48,4/26/2013,08:53:48,4.34,9.55,78.59,963.70,315
4/26/2013 08:54:03,4/26/2013,08:54:03,3.36,9.72,79.90,963.72,321
4/26/2013 08:54:18,4/26/2013,08:54:18,2.66,9.82,81.19,963.73,294
4/26/2013 08:54:33,4/26/2013,08:54:33,2.67,9.82,80.90,963.74,309
4/26/2013 08:54:48,4/26/2013,08:54:48,1.95,10.00,81.40,963.76,345
4/26/2013 08:55:03,4/26/2013,08:55:03,3.66,9.80,79.40,963.75,330
4/26/2013 08:55:18,4/26/2013,08:55:18,3.86,9.75,78.30,963.74,325
4/26/2013 08:55:33,4/26/2013,08:55:33,2.97,9.92,79.50,963.77,328
4/26/2013 08:55:48,4/26/2013,08:55:48,2.73,9.82,79.00,963.76,325
4/26/2013 08:56:03,4/26/2013,08:56:03,3.23,9.87,78.50,963.77,282
4/26/2013 08:56:18,4/26/2013,08:56:18,3.23,10.00,80.09,963.76,334
4/26/2013 08:56:33,4/26/2013,08:56:33,3.20,10.00,79.80,963.77,340
4/26/2013 08:56:48,4/26/2013,08:56:48,4.81,9.82,79.30,963.73,326
4/26/2013 08:57:03,4/26/2013,08:57:03,4.77,9.72,77.30,963.73,320
4/26/2013 08:57:18,4/26/2013,08:57:18,3.94,9.72,75.90,963.76,336
4/26/2013 08:57:33,4/26/2013,08:57:33,3.27,9.87,77.30,963.78,350
4/26/2013 08:57:48,4/26/2013,08:57:48,4.27,9.80,77.50,963.78,341
4/26/2013 08:58:03,4/26/2013,08:58:03,3.86,9.82,78.19,963.78,350
4/26/2013 08:58:18,4/26/2013,08:58:18,3.02,9.82,77.90,963.80,344
4/26/2013 08:58:33,4/26/2013,08:58:33,1.91,9.94,78.80,963.80,357
4/26/2013 08:58:48,4/26/2013,08:58:48,2.94,9.92,78.40,963.76,349
4/26/2013 08:59:03,4/26/2013,08:59:03,2.51,10.00,79.80,963.76,333
4/26/2013 08:59:18,4/26/2013,08:59:18,2.54,9.94,77.90,963.77,320
4/26/2013 08:59:33,4/26/2013,08:59:33,1.93,10.14,79.90,963.78,336
4/26/2013 08:59:48,4/26/2013,08:59:48,2.76,10.00,77.19,963.77,316
4/26/2013 09:00:03,4/26/2013,09:00:03,3.05,10.02,78.00,963.77,325
4/26/2013 09:00:18,4/26/2013,09:00:18,3.76,10.00,77.90,963.77,329
4/26/2013 09:00:33,4/26/2013,09:00:33,4.83,9.92,77.19,963.74,340
4/26/2013 09:00:48,4/26/2013,09:00:48,3.12,10.10,78.69,963.72,345
4/26/2013 09:01:03,4/26/2013,09:01:03,4.74,9.92,77.90,963.70,331
4/26/2013 09:01:18,4/26/2013,09:01:18,3.94,10.00,77.30,963.72,309
4/26/2013 09:01:33,4/26/2013,09:01:33,4.38,10.07,77.90,963.73,335
4/26/2013 09:01:48,4/26/2013,09:01:48,4.06,10.07,78.09,963.75,310
4/26/2013 09:02:03,4/26/2013,09:02:03,3.77,10.10,78.09,963.75,333
4/26/2013 09:02:18,4/26/2013,09:02:18,2.73,10.19,77.30,963.77,347
4/26/2013 09:02:33,4/26/2013,09:02:33,2.72,10.27,77.50,963.80,338
4/26/2013 09:02:48,4/26/2013,09:02:48,3.51,10.19,76.00,963.81,25
4/26/2013 09:03:03,4/26/2013,09:03:03,2.92,10.30,76.80,963.83,7
4/26/2013 09:03:18,4/26/2013,09:03:18,3.62,10.10,75.09,963.84,352
4/26/2013 09:03:33,4/26/2013,09:03:33,3.38,10.14,75.19,963.84,9
4/26/2013 09:03:48,4/26/2013,09:03:48,3.66,10.14,75.80,963.83,28
4/26/2013 09:04:03,4/26/2013,09:04:03,3.65,10.10,75.69,963.81,345
4/26/2013 09:04:18,4/26/2013,09:04:18,3.70,10.00,75.00,963.81,0
4/26/2013 09:04:33,4/26/2013,09:04:33,3.05,10.02,75.40,963.80,335
4/26/2013 09:04:48,4/26/2013,09:04:48,2.87,10.10,76.59,963.81,332
4/26/2013 09:05:03,4/26/2013,09:05:03,1.98,10.22,77.50,963.81,291
4/26/2013 09:05:18,4/26/2013,09:05:18,1.51,10.30,76.50,963.81,312
4/26/2013 09:05:33,4/26/2013,09:05:33,2.90,10.14,76.19,963.82,340
4/26/2013 09:05:48,4/26/2013,09:05:48,1.33,10.47,78.80,963.85,3
4/26/2013 09:06:03,4/26/2013,09:06:03,1.43,10.47,78.30,963.85,319
4/26/2013 09:06:18,4/26/2013,09:06:18,1.51,10.55,78.09,963.84,11
4/26/2013 09:06:33,4/26/2013,09:06:33,1.74,10.62,79.00,963.84,323
4/26/2013 09:06:48,4/26/2013,09:06:48,1.97,10.57,77.19,963.80,315
4/26/2013 09:07:03,4/26/2013,09:07:03,1.83,10.69,77.90,963.80,318
4/26/2013 09:07:18,4/26/2013,09:07:18,3.27,10.55,77.00,963.77,335
4/26/2013 09:07:33,4/26/2013,09:07:33,2.81,10.57,76.69,963.77,344
4/26/2013 09:07:48,4/26/2013,09:07:48,3.83,10.42,76.00,963.76,309
4/26/2013 09:08:03,4/26/2013,09:08:03,4.48,10.27,75.69,963.76,330
4/26/2013 09:08:18,4/26/2013,09:08:18,3.29,10.30,75.50,963.78,327
4/26/2013 09:08:33,4/26/2013,09:08:33,2.72,10.39,76.19,963.78,341
4/26/2013 09:08:48,4/26/2013,09:08:48,2.20,10.47,76.30,963.78,30
4/26/2013 09:09:03,4/26/2013,09:09:03,2.24,10.47,76.00,963.80,345
4/26/2013 09:09:18,4/26/2013,09:09:18,1.94,10.50,76.09,963.77,335
4/26/2013 09:09:33,4/26/2013,09:09:33,1.59,10.62,76.50,963.77,25
4/26/2013 09:09:48,4/26/2013,09:09:48,3.06,10.42,74.90,963.77,345
4/26/2013 09:10:03,4/26/2013,09:10:03,2.04,10.62,75.69,963.78,338
4/26/2013 09:10:18,4/26/2013,09:10:18,3.76,10.50,75.50,963.77,347
4/26/2013 09:10:33,4/26/2013,09:10:33,3.69,10.62,75.00,963.78,295
4/26/2013 09:10:48,4/26/2013,09:10:48,3.84,10.35,71.30,963.76,329
4/26/2013 09:11:03,4/26/2013,09:11:03,3.29,10.47,72.40,963.75,300
4/26/2013 09:11:18,4/26/2013,09:11:18,2.86,10.67,74.30,963.74,316
4/26/2013 09:11:33,4/26/2013,09:11:33,2.61,10.69,73.69,963.75,342
4/26/2013 09:11:48,4/26/2013,09:11:48,2.08,10.82,73.50,963.75,2
4/26/2013 09:12:03,4/26/2013,09:12:03,1.83,10.77,72.40,963.75,346
4/26/2013 09:12:18,4/26/2013,09:12:18,2.52,10.77,72.90,963.73,342
4/26/2013 09:12:33,4/26/2013,09:12:33,2.31,10.94,74.30,963.72,336
4/26/2013 09:12:48,4/26/2013,09:12:48,2.44,10.97,74.80,963.72,8
4/26/2013 09:13:03,4/26/2013,09:13:03,1.72,11.17,75.30,963.74,326
4/26/2013 09:13:18,4/26/2013,09:13:18,2.59,11.05,76.00,963.72,324
4/26/2013 09:13:33,4/26/2013,09:13:33,2.95,10.87,74.59,963.73,355
4/26/2013 09:13:48,4/26/2013,09:13:48,2.40,10.94,75.30,963.77,326
4/26/2013 09:14:03,4/26/2013,09:14:03,2.74,10.94,75.59,963.77,345
4/26/2013 09:14:18,4/26/2013,09:14:18,1.81,10.87,74.09,963.82,347
4/26/2013 09:14:33,4/26/2013,09:14:33,2.37,10.82,74.80,963.81,302
4/26/2013 09:14:48,4/26/2013,09:14:48,3.36,10.55,73.40,963.78,350
4/26/2013 09:15:03,4/26/2013,09:15:03,3.54,10.39,73.40,963.81,318
4/26/2013 09:15:18,4/26/2013,09:15:18,3.65,10.30,74.09,963.81,320
4/26/2013 09:15:33,4/26/2013,09:15:33,3.87,10.30,75.50,963.84,314
4/26/2013 09:15:48,4/26/2013,09:15:48,3.34,10.30,74.30,963.87,325
4/26/2013 09:16:03,4/26/2013,09:16:03,2.47,10.35,73.30,963.88,329
4/26/2013 09:16:18,4/26/2013,09:16:18,3.55,10.22,72.90,963.84,330
4/26/2013 09:16:33,4/26/2013,09:16:33,2.18,10.42,74.40,963.85,346
4/26/2013 09:16:48,4/26/2013,09:16:48,3.11,10.22,73.30,963.84,321
4/26/2013 09:17:03,4/26/2013,09:17:03,3.48,10.22,73.59,963.83,325
4/26/2013 09:17:18,4/26/2013,09:17:18,2.97,10.30,74.69,963.82,344
4/26/2013 09:17:33,4/26/2013,09:17:33,2.13,10.39,75.00,963.81,343
4/26/2013 09:17:48,4/26/2013,09:17:48,1.94,10.47,74.90,963.83,352
4/26/2013 09:18:03,4/26/2013,09:18:03,2.16,10.47,75.00,963.82,18
4/26/2013 09:18:18,4/26/2013,09:18:18,2.63,10.35,74.00,963.77,328
4/26/2013 09:18:33,4/26/2013,09:18:33,2.62,10.39,74.30,963.78,48
4/26/2013 09:18:48,4/26/2013,09:18:48,2.36,10.42,74.19,963.81,319
4/26/2013 09:19:03,4/26/2013,09:19:03,3.83,10.07,72.19,963.81,333
4/26/2013 09:19:18,4/26/2013,09:19:18,2.99,10.14,72.80,963.83,325
4/26/2013 09:19:33,4/26/2013,09:19:33,3.74,10.00,71.09,963.82,349
4/26/2013 09:19:48,4/26/2013,09:19:48,3.47,10.00,71.30,963.81,0
4/26/2013 09:20:03,4/26/2013,09:20:03,2.29,10.19,73.30,963.81,336
4/26/2013 09:20:18,4/26/2013,09:20:18,3.01,10.14,73.50,963.80,5
4/26/2013 09:20:33,4/26/2013,09:20:33,3.20,10.14,73.80,963.82,347
4/26/2013 09:20:48,4/26/2013,09:20:48,3.94,10.22,75.19,963.78,341
4/26/2013 09:21:03,4/26/2013,09:21:03,2.55,10.39,74.80,963.82,318
4/26/2013 09:21:18,4/26/2013,09:21:18,3.13,10.30,71.90,963.80,317
4/26/2013 09:21:33,4/26/2013,09:21:33,3.48,10.47,74.30,963.80,319
4/26/2013 09:21:48,4/26/2013,09:21:48,2.59,10.47,72.30,963.80,304
4/26/2013 09:22:03,4/26/2013,09:22:03,4.16,10.30,72.50,963.78,328
4/26/2013 09:22:18,4/26/2013,09:22:18,4.24,10.35,73.00,963.74,318
4/26/2013 09:22:33,4/26/2013,09:22:33,4.42,10.30,71.90,963.74,318
4/26/2013 09:22:48,4/26/2013,09:22:48,3.91,10.39,72.40,963.75,323
4/26/2013 09:23:03,4/26/2013,09:23:03,3.30,10.55,73.69,963.75,318
4/26/2013 09:23:18,4/26/2013,09:23:18,2.62,10.69,74.19,963.74,326
4/26/2013 09:23:33,4/26/2013,09:23:33,3.08,10.69,74.69,963.75,342
4/26/2013 09:23:48,4/26/2013,09:23:48,2.95,10.62,73.19,963.76,331
4/26/2013 09:24:03,4/26/2013,09:24:03,3.69,10.47,72.00,963.76,313
4/26/2013 09:24:18,4/26/2013,09:24:18,3.63,10.39,71.40,963.77,327
4/26/2013 09:24:33,4/26/2013,09:24:33,3.17,10.47,71.30,963.77,1
4/26/2013 09:24:48,4/26/2013,09:24:48,2.26,10.69,73.59,963.78,329
4/26/2013 09:25:03,4/26/2013,09:25:03,2.31,10.82,74.40,963.78,17
4/26/2013 09:25:18,4/26/2013,09:25:18,2.52,10.69,72.90,963.77,330
4/26/2013 09:25:33,4/26/2013,09:25:33,5.02,10.35,71.00,963.76,337
4/26/2013 09:25:48,4/26/2013,09:25:48,3.90,10.47,72.19,963.76,342
4/26/2013 09:26:03,4/26/2013,09:26:03,3.56,10.57,73.50,963.76,353
4/26/2013 09:26:18,4/26/2013,09:26:18,3.20,10.50,71.19,963.76,338
4/26/2013 09:26:33,4/26/2013,09:26:33,5.10,10.22,71.00,963.77,355
4/26/2013 09:26:48,4/26/2013,09:26:48,3.76,10.55,71.69,963.77,301
4/26/2013 09:27:03,4/26/2013,09:27:03,3.74,10.55,73.09,963.77,337
4/26/2013 09:27:18,4/26/2013,09:27:18,2.70,10.62,71.59,963.76,339
4/26/2013 09:27:33,4/26/2013,09:27:33,2.58,10.62,71.00,963.77,345
4/26/2013 09:27:48,4/26/2013,09:27:48,2.73,10.77,72.59,963.77,300
4/26/2013 09:28:03,4/26/2013,09:28:03,3.02,10.69,71.59,963.77,325
4/26/2013 09:28:18,4/26/2013,09:28:18,2.30,11.10,74.50,963.77,349
4/26/2013 09:28:33,4/26/2013,09:28:33,2.20,11.05,71.59,963.74,342
4/26/2013 09:28:48,4/26/2013,09:28:48,2.98,10.97,71.50,963.74,336
4/26/2013 09:29:03,4/26/2013,09:29:03,2.54,11.05,70.59,963.76,331
4/26/2013 09:29:18,4/26/2013,09:29:18,1.45,11.42,72.30,963.76,36
4/26/2013 09:29:33,4/26/2013,09:29:33,1.29,11.44,71.50,963.77,3
4/26/2013 09:29:48,4/26/2013,09:29:48,1.37,11.42,69.90,963.77,24
4/26/2013 09:30:03,4/26/2013,09:30:03,2.12,11.30,70.09,963.78,345
4/26/2013 09:30:18,4/26/2013,09:30:18,3.02,11.17,69.59,963.78,316
4/26/2013 09:30:33,4/26/2013,09:30:33,3.51,11.17,71.19,963.78,11
4/26/2013 09:30:48,4/26/2013,09:30:48,3.36,11.17,70.30,963.78,317
4/26/2013 09:31:03,4/26/2013,09:31:03,2.45,11.30,70.69,963.80,18
4/26/2013 09:31:18,4/26/2013,09:31:18,3.97,11.02,70.50,963.78,339
4/26/2013 09:31:33,4/26/2013,09:31:33,2.80,11.14,71.40,963.80,8
4/26/2013 09:31:48,4/26/2013,09:31:48,1.73,11.25,71.09,963.81,29
4/26/2013 09:32:03,4/26/2013,09:32:03,2.05,11.25,71.40,963.83,323
4/26/2013 09:32:18,4/26/2013,09:32:18,1.86,11.10,68.69,963.81,355
4/26/2013 09:32:33,4/26/2013,09:32:33,1.74,11.02,68.50,963.80,330
4/26/2013 09:32:48,4/26/2013,09:32:48,2.87,10.77,69.00,963.80,15
4/26/2013 09:33:03,4/26/2013,09:33:03,2.76,10.77,70.00,963.80,5
4/26/2013 09:33:18,4/26/2013,09:33:18,1.91,10.87,70.80,963.81,3
4/26/2013 09:33:33,4/26/2013,09:33:33,2.70,10.69,71.40,963.80,27
4/26/2013 09:33:48,4/26/2013,09:33:48,2.26,10.62,70.50,963.81,11
4/26/2013 09:34:03,4/26/2013,09:34:03,2.65,10.55,71.09,963.81,8
4/26/2013 09:34:18,4/26/2013,09:34:18,1.98,10.62,71.90,963.83,351
4/26/2013 09:34:33,4/26/2013,09:34:33,1.87,10.67,72.69,963.84,350
4/26/2013 09:34:48,4/26/2013,09:34:48,2.65,10.55,72.19,963.83,355
4/26/2013 09:35:03,4/26/2013,09:35:03,1.54,10.69,72.90,963.81,19
4/26/2013 09:35:18,4/26/2013,09:35:18,2.79,10.47,71.80,963.80,4
4/26/2013 09:35:33,4/26/2013,09:35:33,2.70,10.42,72.00,963.80,357
4/26/2013 09:35:48,4/26/2013,09:35:48,2.76,10.39,73.00,963.83,0
4/26/2013 09:36:03,4/26/2013,09:36:03,2.92,10.35,72.90,963.84,356
4/26/2013 09:36:18,4/26/2013,09:36:18,1.98,10.47,73.59,963.87,337
4/26/2013 09:36:33,4/26/2013,09:36:33,2.47,10.39,73.80,963.89,344
4/26/2013 09:36:48,4/26/2013,09:36:48,3.45,10.27,73.30,963.89,324
4/26/2013 09:37:03,4/26/2013,09:37:03,2.99,10.39,75.69,963.89,355
4/26/2013 09:37:18,4/26/2013,09:37:18,3.24,10.30,74.50,963.88,333
4/26/2013 09:37:33,4/26/2013,09:37:33,4.38,10.10,73.40,963.84,337
4/26/2013 09:37:48,4/26/2013,09:37:48,4.98,9.92,72.59,963.85,332
4/26/2013 09:38:03,4/26/2013,09:38:03,4.38,9.94,73.09,963.87,315
4/26/2013 09:38:18,4/26/2013,09:38:18,3.91,10.00,73.09,963.84,357
4/26/2013 09:38:33,4/26/2013,09:38:33,4.54,9.92,73.90,963.85,318
4/26/2013 09:38:48,4/26/2013,09:38:48,4.74,9.87,73.90,963.88,302
4/26/2013 09:39:03,4/26/2013,09:39:03,3.54,9.92,74.09,963.90,319
4/26/2013 09:39:18,4/26/2013,09:39:18,2.88,9.94,73.19,963.90,319
4/26/2013 09:39:33,4/26/2013,09:39:33,3.58,9.92,73.59,963.89,324
4/26/2013 09:39:48,4/26/2013,09:39:48,4.33,9.82,73.69,963.87,295
4/26/2013 09:40:03,4/26/2013,09:40:03,3.22,9.82,73.40,963.90,300
4/26/2013 09:40:18,4/26/2013,09:40:18,4.20,9.80,74.00,963.88,358
4/26/2013 09:40:33,4/26/2013,09:40:33,2.42,9.94,74.00,963.89,354
4/26/2013 09:40:48,4/26/2013,09:40:48,2.49,9.92,74.30,963.90,345
4/26/2013 09:41:03,4/26/2013,09:41:03,3.17,9.82,74.19,963.90,326
4/26/2013 09:41:18,4/26/2013,09:41:18,3.31,9.82,74.90,963.89,319
4/26/2013 09:41:33,4/26/2013,09:41:33,2.29,9.94,76.30,963.89,357
4/26/2013 09:41:48,4/26/2013,09:41:48,2.65,9.92,76.00,963.90,344
4/26/2013 09:42:03,4/26/2013,09:42:03,3.73,9.75,75.40,963.89,310
4/26/2013 09:42:18,4/26/2013,09:42:18,3.20,9.72,73.69,963.91,326
4/26/2013 09:42:33,4/26/2013,09:42:33,3.11,9.82,75.30,963.90,306
4/26/2013 09:42:48,4/26/2013,09:42:48,2.29,9.87,75.69,963.92,305
4/26/2013 09:43:03,4/26/2013,09:43:03,2.81,9.80,75.09,963.92,325
4/26/2013 09:43:18,4/26/2013,09:43:18,5.04,9.60,74.50,963.90,348
4/26/2013 09:43:33,4/26/2013,09:43:33,4.52,9.60,75.80,963.91,324
4/26/2013 09:43:48,4/26/2013,09:43:48,3.79,9.64,76.40,963.92,327
4/26/2013 09:44:03,4/26/2013,09:44:03,3.90,9.60,76.40,963.96,322
4/26/2013 09:44:18,4/26/2013,09:44:18,4.30,9.44,74.09,963.96,329
4/26/2013 09:44:33,4/26/2013,09:44:33,2.41,9.64,76.40,963.96,335
4/26/2013 09:44:48,4/26/2013,09:44:48,2.05,9.64,75.80,963.96,302
4/26/2013 09:45:03,4/26/2013,09:45:03,3.58,9.52,75.59,963.95,297
4/26/2013 09:45:18,4/26/2013,09:45:18,2.31,9.67,76.69,963.96,310
4/26/2013 09:45:33,4/26/2013,09:45:33,4.20,9.52,76.00,963.95,290
4/26/2013 09:45:48,4/26/2013,09:45:48,4.45,9.44,74.30,963.96,313
4/26/2013 09:46:03,4/26/2013,09:46:03,4.42,9.39,75.30,963.97,306
4/26/2013 09:46:18,4/26/2013,09:46:18,3.59,9.52,76.69,963.97,264
4/26/2013 09:46:33,4/26/2013,09:46:33,4.20,9.44,75.30,963.97,334
4/26/2013 09:46:48,4/26/2013,09:46:48,4.73,9.44,74.40,963.96,293
4/26/2013 09:47:03,4/26/2013,09:47:03,3.44,9.52,74.40,963.97,331
4/26/2013 09:47:18,4/26/2013,09:47:18,3.51,9.55,75.40,963.98,306
4/26/2013 09:47:33,4/26/2013,09:47:33,2.69,9.67,76.50,963.99,330
4/26/2013 09:47:48,4/26/2013,09:47:48,2.13,9.67,77.09,964.02,339
4/26/2013 09:48:03,4/26/2013,09:48:03,1.29,9.80,77.19,964.03,344
4/26/2013 09:48:18,4/26/2013,09:48:18,2.80,9.60,74.59,964.00,3
4/26/2013 09:48:33,4/26/2013,09:48:33,1.59,9.75,76.00,964.02,340
4/26/2013 09:48:48,4/26/2013,09:48:48,2.13,9.67,74.90,964.02,11
4/26/2013 09:49:03,4/26/2013,09:49:03,NaN,NaN,76.69,NaN,NaN
4/26/2013 09:49:18,4/26/2013,09:49:18,NaN,NaN,78.09,NaN,NaN
4/26/2013 09:49:33,4/26/2013,09:49:33,NaN,NaN,77.30,NaN,NaN
4/26/2013 09:49:48,4/26/2013,09:49:48,NaN,NaN,77.69,NaN,NaN
4/26/2013 09:50:03,4/26/2013,09:50:03,NaN,NaN,76.09,NaN,NaN
4/26/2013 09:50:18,4/26/2013,09:50:18,NaN,NaN,NaN,NaN,NaN
4/26/2013 09:50:33,4/26/2013,09:50:33,NaN,NaN,NaN,NaN,NaN
4/26/2013 09:50:48,4/26/2013,09:50:48,NaN,NaN,NaN,NaN,NaN
4/26/2013 09:51:03,4/26/2013,09:51:03,NaN,NaN,NaN,NaN,NaN
4/26/2013 09:51:18,4/26/2013,09:51:18,NaN,NaN,NaN,NaN,NaN
4/26/2013 09:51:33,4/26/2013,09:51:33,NaN,NaN,NaN,NaN,NaN
4/26/2013 09:51:48,4/26/2013,09:51:48,NaN,NaN,NaN,NaN,NaN
4/26/2013 09:52:03,4/26/2013,09:52:03,NaN,NaN,NaN,NaN,NaN
4/26/2013 09:52:18,4/26/2013,09:52:18,NaN,NaN,NaN,NaN,NaN
4/26/2013 09:52:33,4/26/2013,09:52:33,NaN,NaN,NaN,NaN,NaN
4/26/2013 09:52:48,4/26/2013,09:52:48,NaN,NaN,NaN,NaN,NaN
4/26/2013 09:53:03,4/26/2013,09:53:03,NaN,NaN,NaN,NaN,NaN
4/26/2013 09:53:18,4/26/2013,09:53:18,NaN,NaN,NaN,NaN,NaN
4/26/2013 09:53:33,4/26/2013,09:53:33,NaN,NaN,NaN,NaN,NaN
4/26/2013 09:53:48,4/26/2013,09:53:48,NaN,NaN,NaN,NaN,NaN
4/26/2013 09:54:03,4/26/2013,09:54:03,NaN,NaN,NaN,NaN,NaN
4/26/2013 09:54:18,4/26/2013,09:54:18,NaN,NaN,78.50,NaN,NaN
4/26/2013 09:54:33,4/26/2013,09:54:33,NaN,NaN,78.69,NaN,NaN
4/26/2013 09:54:48,4/26/2013,09:54:48,NaN,NaN,78.00,NaN,NaN
4/26/2013 09:55:03,4/26/2013,09:55:03,1.41,10.77,71.90,963.87,308
4/26/2013 09:55:18,4/26/2013,09:55:18,1.76,10.67,71.50,963.82,304
4/26/2013 09:55:33,4/26/2013,09:55:33,2.61,10.50,72.30,963.81,332
4/26/2013 09:55:48,4/26/2013,09:55:48,2.19,10.55,72.00,963.80,33
4/26/2013 09:56:03,4/26/2013,09:56:03,2.65,10.39,71.40,963.82,323
4/26/2013 09:56:18,4/26/2013,09:56:18,1.97,10.50,72.80,963.84,0
4/26/2013 09:56:33,4/26/2013,09:56:33,1.94,10.50,74.50,963.84,288
4/26/2013 09:56:48,4/26/2013,09:56:48,1.65,10.50,74.59,963.85,350
4/26/2013 09:57:03,4/26/2013,09:57:03,2.15,10.35,72.40,963.87,30
4/26/2013 09:57:18,4/26/2013,09:57:18,2.91,10.19,72.00,963.87,356
4/26/2013 09:57:33,4/26/2013,09:57:33,2.72,10.10,70.80,963.87,343
4/26/2013 09:57:48,4/26/2013,09:57:48,3.54,9.94,70.69,963.84,339
4/26/2013 09:58:03,4/26/2013,09:58:03,2.06,10.14,71.69,963.89,306
4/26/2013 09:58:18,4/26/2013,09:58:18,2.95,9.94,70.90,963.89,329
4/26/2013 09:58:33,4/26/2013,09:58:33,2.41,10.02,72.30,963.89,347
4/26/2013 09:58:48,4/26/2013,09:58:48,3.23,9.92,73.69,963.90,313
4/26/2013 09:59:03,4/26/2013,09:59:03,3.76,9.87,74.00,963.90,321
4/26/2013 09:59:18,4/26/2013,09:59:18,2.55,10.00,74.69,963.90,356
4/26/2013 09:59:33,4/26/2013,09:59:33,1.68,10.07,73.40,963.90,314
4/26/2013 09:59:48,4/26/2013,09:59:48,2.09,10.00,72.50,963.91,331
4/26/2013 10:00:03,4/26/2013,10:00:03,2.01,10.10,72.50,963.92,345
4/26/2013 10:00:18,4/26/2013,10:00:18,2.77,10.07,74.09,963.92,320
4/26/2013 10:00:33,4/26/2013,10:00:33,2.02,10.07,72.69,963.91,332
4/26/2013 10:00:48,4/26/2013,10:00:48,3.22,10.00,73.50,963.90,310
4/26/2013 10:01:03,4/26/2013,10:01:03,3.58,10.00,73.30,963.90,325
4/26/2013 10:01:18,4/26/2013,10:01:18,2.20,10.07,73.90,963.92,325
4/26/2013 10:01:33,4/26/2013,10:01:33,3.24,9.92,72.40,963.93,328
4/26/2013 10:01:48,4/26/2013,10:01:48,2.18,10.02,72.69,963.93,317
4/26/2013 10:02:03,4/26/2013,10:02:03,1.69,10.07,71.59,963.93,351
4/26/2013 10:02:18,4/26/2013,10:02:18,2.56,10.02,71.00,963.95,332
4/26/2013 10:02:33,4/26/2013,10:02:33,1.97,10.07,70.69,963.93,356
4/26/2013 10:02:48,4/26/2013,10:02:48,1.76,10.10,71.80,963.93,307
4/26/2013 10:03:03,4/26/2013,10:03:03,2.26,10.07,71.59,963.93,311
4/26/2013 10:03:18,4/26/2013,10:03:18,3.49,10.00,71.80,963.91,308
4/26/2013 10:03:33,4/26/2013,10:03:33,2.54,10.00,68.30,963.90,329
4/26/2013 10:03:48,4/26/2013,10:03:48,2.37,10.02,71.00,963.88,343
4/26/2013 10:04:03,4/26/2013,10:04:03,2.55,10.02,71.80,963.90,351
4/26/2013 10:04:18,4/26/2013,10:04:18,2.16,10.07,69.59,963.88,295
4/26/2013 10:04:33,4/26/2013,10:04:33,1.81,10.14,72.19,963.89,8
4/26/2013 10:04:48,4/26/2013,10:04:48,1.90,10.19,72.00,963.90,321
4/26/2013 10:05:03,4/26/2013,10:05:03,3.87,10.00,69.19,963.88,334
4/26/2013 10:05:18,4/26/2013,10:05:18,4.49,9.92,67.30,963.89,324
4/26/2013 10:05:33,4/26/2013,10:05:33,2.99,10.07,69.00,963.88,304
4/26/2013 10:05:48,4/26/2013,10:05:48,3.92,10.00,67.09,963.87,319
4/26/2013 10:06:03,4/26/2013,10:06:03,4.02,10.07,67.59,963.85,302
4/26/2013 10:06:18,4/26/2013,10:06:18,3.97,10.22,67.50,963.81,320
4/26/2013 10:06:33,4/26/2013,10:06:33,3.69,10.39,68.50,963.82,348
4/26/2013 10:06:48,4/26/2013,10:06:48,3.99,10.47,68.09,963.84,279
4/26/2013 10:07:03,4/26/2013,10:07:03,4.56,10.47,66.00,963.78,355
4/26/2013 10:07:18,4/26/2013,10:07:18,3.65,10.62,66.80,963.78,323
4/26/2013 10:07:33,4/26/2013,10:07:33,4.44,10.77,68.09,963.77,322
4/26/2013 10:07:48,4/26/2013,10:07:48,2.83,10.94,67.90,963.78,353
4/26/2013 10:08:03,4/26/2013,10:08:03,2.83,11.02,65.80,963.81,349
4/26/2013 10:08:18,4/26/2013,10:08:18,2.22,11.25,66.30,963.77,348
4/26/2013 10:08:33,4/26/2013,10:08:33,4.83,10.94,65.40,963.75,336
4/26/2013 10:08:48,4/26/2013,10:08:48,4.95,10.77,63.90,963.76,342
4/26/2013 10:09:03,4/26/2013,10:09:03,4.66,10.94,64.90,963.76,346
4/26/2013 10:09:18,4/26/2013,10:09:18,4.41,11.02,65.09,963.77,313
4/26/2013 10:09:33,4/26/2013,10:09:33,4.09,11.05,64.19,963.76,354
4/26/2013 10:09:48,4/26/2013,10:09:48,2.63,11.37,66.30,963.76,338
4/26/2013 10:10:03,4/26/2013,10:10:03,2.26,11.50,64.80,963.74,2
4/26/2013 10:10:18,4/26/2013,10:10:18,1.72,11.72,65.69,963.73,333
4/26/2013 10:10:33,4/26/2013,10:10:33,2.69,11.69,65.59,963.70,344
4/26/2013 10:10:48,4/26/2013,10:10:48,1.73,11.97,66.09,963.72,274
4/26/2013 10:11:03,4/26/2013,10:11:03,3.05,11.80,65.09,963.70,357
4/26/2013 10:11:18,4/26/2013,10:11:18,2.41,11.97,64.50,963.69,318
4/26/2013 10:11:33,4/26/2013,10:11:33,2.87,11.89,63.50,963.70,320
4/26/2013 10:11:48,4/26/2013,10:11:48,3.08,11.85,60.70,963.70,0
4/26/2013 10:12:03,4/26/2013,10:12:03,3.63,11.80,61.20,963.70,333
4/26/2013 10:12:18,4/26/2013,10:12:18,3.01,11.92,62.50,963.69,345
4/26/2013 10:12:33,4/26/2013,10:12:33,2.81,11.92,61.50,963.69,354
4/26/2013 10:12:48,4/26/2013,10:12:48,3.06,11.92,62.20,963.67,351
4/26/2013 10:13:03,4/26/2013,10:13:03,4.15,11.89,63.50,963.67,329
4/26/2013 10:13:18,4/26/2013,10:13:18,3.88,12.05,64.90,963.67,316
4/26/2013 10:13:33,4/26/2013,10:13:33,4.13,11.89,62.20,963.66,350
4/26/2013 10:13:48,4/26/2013,10:13:48,3.31,12.10,63.20,963.65,310
4/26/2013 10:14:03,4/26/2013,10:14:03,4.30,12.00,63.59,963.62,313
4/26/2013 10:14:18,4/26/2013,10:14:18,4.23,12.05,63.79,963.62,311
4/26/2013 10:14:33,4/26/2013,10:14:33,4.55,12.12,63.79,963.61,335
4/26/2013 10:14:48,4/26/2013,10:14:48,3.52,12.12,63.20,963.60,292
4/26/2013 10:15:03,4/26/2013,10:15:03,3.91,12.37,67.09,963.58,310
4/26/2013 10:15:18,4/26/2013,10:15:18,3.73,12.19,62.90,963.57,343
4/26/2013 10:15:33,4/26/2013,10:15:33,3.94,12.19,63.70,963.55,337
4/26/2013 10:15:48,4/26/2013,10:15:48,3.86,12.32,64.80,963.55,326
4/26/2013 10:16:03,4/26/2013,10:16:03,3.87,12.44,66.00,963.55,321
4/26/2013 10:16:18,4/26/2013,10:16:18,4.49,12.19,63.09,963.55,11
4/26/2013 10:16:33,4/26/2013,10:16:33,4.49,12.05,60.09,963.55,324
4/26/2013 10:16:48,4/26/2013,10:16:48,3.08,12.32,61.40,963.57,353
4/26/2013 10:17:03,4/26/2013,10:17:03,3.12,12.32,60.90,963.60,37
4/26/2013 10:17:18,4/26/2013,10:17:18,3.52,12.19,59.90,963.62,349
4/26/2013 10:17:33,4/26/2013,10:17:33,2.63,12.32,59.29,963.61,5
4/26/2013 10:17:48,4/26/2013,10:17:48,2.30,12.52,61.50,963.61,5
4/26/2013 10:18:03,4/26/2013,10:18:03,2.33,12.52,61.09,963.59,340
4/26/2013 10:18:18,4/26/2013,10:18:18,1.72,12.55,59.29,963.60,9
4/26/2013 10:18:33,4/26/2013,10:18:33,2.20,12.55,60.20,963.59,13
4/26/2013 10:18:48,4/26/2013,10:18:48,2.49,12.44,59.70,963.58,19
4/26/2013 10:19:03,4/26/2013,10:19:03,1.47,12.85,60.70,963.58,41
4/26/2013 10:19:18,4/26/2013,10:19:18,3.27,12.52,62.20,963.55,18
4/26/2013 10:19:33,4/26/2013,10:19:33,2.09,12.75,62.59,963.57,288
4/26/2013 10:19:48,4/26/2013,10:19:48,1.91,12.67,60.29,963.58,330
4/26/2013 10:20:03,4/26/2013,10:20:03,1.80,12.92,63.00,963.58,359
4/26/2013 10:20:18,4/26/2013,10:20:18,2.22,12.85,61.90,963.59,20
4/26/2013 10:20:33,4/26/2013,10:20:33,2.41,12.85,62.59,963.58,355
4/26/2013 10:20:48,4/26/2013,10:20:48,2.74,12.75,63.09,963.60,14
4/26/2013 10:21:03,4/26/2013,10:21:03,2.81,12.60,61.90,963.58,28
4/26/2013 10:21:18,4/26/2013,10:21:18,2.29,12.85,62.50,963.57,50
4/26/2013 10:21:33,4/26/2013,10:21:33,2.44,12.64,60.79,963.58,7
4/26/2013 10:21:48,4/26/2013,10:21:48,1.97,12.85,63.09,963.59,359
4/26/2013 10:22:03,4/26/2013,10:22:03,3.40,12.37,61.00,963.59,21
4/26/2013 10:22:18,4/26/2013,10:22:18,3.08,12.37,62.29,963.60,351
4/26/2013 10:22:33,4/26/2013,10:22:33,2.18,12.60,63.29,963.65,1
4/26/2013 10:22:48,4/26/2013,10:22:48,2.04,12.64,62.09,963.65,26
4/26/2013 10:23:03,4/26/2013,10:23:03,3.29,12.27,60.00,963.63,0
4/26/2013 10:23:18,4/26/2013,10:23:18,3.31,12.12,59.40,963.66,317
4/26/2013 10:23:33,4/26/2013,10:23:33,3.33,11.97,59.79,963.65,354
4/26/2013 10:23:48,4/26/2013,10:23:48,3.26,11.89,60.40,963.67,312
4/26/2013 10:24:03,4/26/2013,10:24:03,2.70,12.05,62.59,963.67,11
4/26/2013 10:24:18,4/26/2013,10:24:18,2.22,12.05,63.50,963.69,5
4/26/2013 10:24:33,4/26/2013,10:24:33,3.22,11.64,60.09,963.69,357
4/26/2013 10:24:48,4/26/2013,10:24:48,3.02,11.62,60.70,963.67,332
4/26/2013 10:25:03,4/26/2013,10:25:03,4.37,11.30,60.59,963.68,325
4/26/2013 10:25:18,4/26/2013,10:25:18,3.94,11.22,60.79,963.68,325
4/26/2013 10:25:33,4/26/2013,10:25:33,2.19,11.44,63.29,963.73,306
4/26/2013 10:25:48,4/26/2013,10:25:48,2.20,11.44,62.90,963.74,344
4/26/2013 10:26:03,4/26/2013,10:26:03,2.56,11.25,61.20,963.73,17
4/26/2013 10:26:18,4/26/2013,10:26:18,1.63,11.32,62.79,963.74,35
4/26/2013 10:26:33,4/26/2013,10:26:33,1.62,11.32,63.20,963.72,347
4/26/2013 10:26:48,4/26/2013,10:26:48,1.97,11.25,62.50,963.72,339
4/26/2013 10:27:03,4/26/2013,10:27:03,1.56,11.30,64.59,963.74,359
4/26/2013 10:27:18,4/26/2013,10:27:18,1.44,11.25,63.40,963.75,19
4/26/2013 10:27:33,4/26/2013,10:27:33,1.05,11.32,64.59,963.76,338
4/26/2013 10:27:48,4/26/2013,10:27:48,2.09,11.17,64.19,963.75,350
4/26/2013 10:28:03,4/26/2013,10:28:03,1.98,11.25,65.09,963.74,1
4/26/2013 10:28:18,4/26/2013,10:28:18,1.20,11.44,67.09,963.72,347
4/26/2013 10:28:33,4/26/2013,10:28:33,1.36,11.44,65.50,963.69,353
4/26/2013 10:28:48,4/26/2013,10:28:48,1.38,11.57,66.00,963.69,335
4/26/2013 10:29:03,4/26/2013,10:29:03,1.29,11.62,65.40,963.68,284
4/26/2013 10:29:18,4/26/2013,10:29:18,1.45,11.64,64.69,963.67,337
4/26/2013 10:29:33,4/26/2013,10:29:33,1.08,11.80,66.80,963.66,22
4/26/2013 10:29:48,4/26/2013,10:29:48,1.52,11.64,64.40,963.67,9
4/26/2013 10:30:03,4/26/2013,10:30:03,2.18,11.44,61.70,963.67,327
4/26/2013 10:30:18,4/26/2013,10:30:18,3.22,11.50,63.00,963.63,325
4/26/2013 10:30:33,4/26/2013,10:30:33,3.49,11.44,62.70,963.63,316
4/26/2013 10:30:48,4/26/2013,10:30:48,2.67,11.64,61.79,963.59,310
4/26/2013 10:31:03,4/26/2013,10:31:03,4.37,11.52,62.09,963.55,309
4/26/2013 10:31:18,4/26/2013,10:31:18,3.19,11.85,63.09,963.58,339
4/26/2013 10:31:33,4/26/2013,10:31:33,2.12,12.32,66.69,963.55,311
4/26/2013 10:31:48,4/26/2013,10:31:48,3.22,12.05,62.79,963.52,338
4/26/2013 10:32:03,4/26/2013,10:32:03,3.44,12.19,63.70,963.50,318
4/26/2013 10:32:18,4/26/2013,10:32:18,3.87,12.17,62.20,963.48,309
4/26/2013 10:32:33,4/26/2013,10:32:33,3.08,12.37,62.00,963.50,340
4/26/2013 10:32:48,4/26/2013,10:32:48,2.63,12.60,64.90,963.47,311
4/26/2013 10:33:03,4/26/2013,10:33:03,2.55,12.52,61.40,963.46,259
4/26/2013 10:33:18,4/26/2013,10:33:18,2.70,12.37,58.70,963.47,344
4/26/2013 10:33:33,4/26/2013,10:33:33,1.59,12.52,57.59,963.50,327
4/26/2013 10:33:48,4/26/2013,10:33:48,1.80,12.44,58.29,963.50,327
4/26/2013 10:34:03,4/26/2013,10:34:03,1.22,12.75,60.50,963.46,338
4/26/2013 10:34:18,4/26/2013,10:34:18,1.51,13.00,64.80,963.45,312
4/26/2013 10:34:33,4/26/2013,10:34:33,3.36,12.52,60.20,963.43,304
4/26/2013 10:34:48,4/26/2013,10:34:48,3.84,12.52,62.20,963.45,337
4/26/2013 10:35:03,4/26/2013,10:35:03,3.23,12.44,60.09,963.45,326
4/26/2013 10:35:18,4/26/2013,10:35:18,2.29,12.60,59.79,963.45,331
4/26/2013 10:35:33,4/26/2013,10:35:33,3.41,12.37,58.40,963.44,325
4/26/2013 10:35:48,4/26/2013,10:35:48,3.30,12.52,60.70,963.42,332
4/26/2013 10:36:03,4/26/2013,10:36:03,3.05,12.75,61.40,963.43,312
4/26/2013 10:36:18,4/26/2013,10:36:18,5.06,12.44,61.00,963.38,330
4/26/2013 10:36:33,4/26/2013,10:36:33,3.98,12.60,61.00,963.38,332
4/26/2013 10:36:48,4/26/2013,10:36:48,3.29,12.85,61.50,963.36,10
4/26/2013 10:37:03,4/26/2013,10:37:03,3.20,13.00,61.50,963.38,344
4/26/2013 10:37:18,4/26/2013,10:37:18,3.56,12.85,61.70,963.38,349
4/26/2013 10:37:33,4/26/2013,10:37:33,2.22,13.02,61.40,963.39,348
4/26/2013 10:37:48,4/26/2013,10:37:48,1.88,13.00,58.00,963.40,357
4/26/2013 10:38:03,4/26/2013,10:38:03,2.38,12.92,60.29,963.42,317
4/26/2013 10:38:18,4/26/2013,10:38:18,2.79,12.60,58.90,963.45,330
4/26/2013 10:38:33,4/26/2013,10:38:33,2.91,12.60,60.59,963.45,358
4/26/2013 10:38:48,4/26/2013,10:38:48,4.06,12.32,60.50,963.45,317
4/26/2013 10:39:03,4/26/2013,10:39:03,4.08,12.19,60.40,963.46,339
4/26/2013 10:39:18,4/26/2013,10:39:18,4.06,12.12,61.90,963.46,295
4/26/2013 10:39:33,4/26/2013,10:39:33,3.92,11.97,59.90,963.46,325
4/26/2013 10:39:48,4/26/2013,10:39:48,4.06,12.05,61.70,963.46,309
4/26/2013 10:40:03,4/26/2013,10:40:03,4.23,11.92,59.70,963.47,334
4/26/2013 10:40:18,4/26/2013,10:40:18,2.36,12.32,62.40,963.47,330
4/26/2013 10:40:33,4/26/2013,10:40:33,2.73,12.12,60.00,963.47,355
4/26/2013 10:40:48,4/26/2013,10:40:48,2.54,12.44,64.50,963.47,344
4/26/2013 10:41:03,4/26/2013,10:41:03,2.40,12.60,63.59,963.47,356
4/26/2013 10:41:18,4/26/2013,10:41:18,2.99,12.60,64.00,963.45,320
4/26/2013 10:41:33,4/26/2013,10:41:33,3.37,12.75,65.19,963.44,340
4/26/2013 10:41:48,4/26/2013,10:41:48,4.58,12.44,63.70,963.43,327
4/26/2013 10:42:03,4/26/2013,10:42:03,5.41,11.89,58.90,963.42,328
4/26/2013 10:42:18,4/26/2013,10:42:18,3.45,12.39,62.50,963.43,330
4/26/2013 10:42:33,4/26/2013,10:42:33,4.23,12.27,61.70,963.43,310
4/26/2013 10:42:48,4/26/2013,10:42:48,4.59,12.17,61.50,963.43,306
4/26/2013 10:43:03,4/26/2013,10:43:03,3.05,12.37,63.20,963.45,317
4/26/2013 10:43:18,4/26/2013,10:43:18,4.12,12.05,61.20,963.45,333
4/26/2013 10:43:33,4/26/2013,10:43:33,4.72,11.77,60.29,963.46,309
4/26/2013 10:43:48,4/26/2013,10:43:48,4.31,11.89,62.40,963.48,308
4/26/2013 10:44:03,4/26/2013,10:44:03,3.66,11.97,63.29,963.50,335
4/26/2013 10:44:18,4/26/2013,10:44:18,3.84,11.69,60.40,963.48,331
4/26/2013 10:44:33,4/26/2013,10:44:33,2.79,11.89,62.20,963.51,325
4/26/2013 10:44:48,4/26/2013,10:44:48,4.16,11.62,60.00,963.51,331
4/26/2013 10:45:03,4/26/2013,10:45:03,4.63,11.50,60.00,963.53,334
4/26/2013 10:45:18,4/26/2013,10:45:18,3.87,11.62,60.59,963.54,353
4/26/2013 10:45:33,4/26/2013,10:45:33,3.26,11.57,61.00,963.54,297
4/26/2013 10:45:48,4/26/2013,10:45:48,3.44,11.50,59.79,963.54,347
4/26/2013 10:46:03,4/26/2013,10:46:03,3.52,11.57,60.50,963.53,335
4/26/2013 10:46:18,4/26/2013,10:46:18,2.26,11.89,61.20,963.54,320
4/26/2013 10:46:33,4/26/2013,10:46:33,2.22,11.97,62.09,963.52,316
4/26/2013 10:46:48,4/26/2013,10:46:48,2.40,12.17,61.09,963.55,309
4/26/2013 10:47:03,4/26/2013,10:47:03,3.59,11.97,60.59,963.52,333
4/26/2013 10:47:18,4/26/2013,10:47:18,3.69,12.00,61.40,963.48,258
4/26/2013 10:47:33,4/26/2013,10:47:33,2.51,12.05,58.20,963.50,316
4/26/2013 10:47:48,4/26/2013,10:47:48,2.69,12.19,58.70,963.50,331
4/26/2013 10:48:03,4/26/2013,10:48:03,3.08,12.12,58.09,963.50,304
4/26/2013 10:48:18,4/26/2013,10:48:18,3.13,12.10,57.50,963.47,6
4/26/2013 10:48:33,4/26/2013,10:48:33,3.05,12.12,57.20,963.46,3
4/26/2013 10:48:48,4/26/2013,10:48:48,3.48,12.12,58.59,963.46,0
4/26/2013 10:49:03,4/26/2013,10:49:03,1.99,12.44,60.79,963.47,324
4/26/2013 10:49:18,4/26/2013,10:49:18,2.77,12.27,60.40,963.46,331
4/26/2013 10:49:33,4/26/2013,10:49:33,2.48,12.27,61.20,963.47,304
4/26/2013 10:49:48,4/26/2013,10:49:48,2.36,12.27,60.90,963.52,348
4/26/2013 10:50:03,4/26/2013,10:50:03,2.16,12.19,61.59,963.52,320
4/26/2013 10:50:18,4/26/2013,10:50:18,1.73,12.17,60.90,963.53,339
4/26/2013 10:50:33,4/26/2013,10:50:33,2.22,12.10,61.29,963.52,27
4/26/2013 10:50:48,4/26/2013,10:50:48,2.20,12.10,60.40,963.51,1
4/26/2013 10:51:03,4/26/2013,10:51:03,1.97,11.97,57.29,963.51,333
4/26/2013 10:51:18,4/26/2013,10:51:18,1.95,11.89,56.09,963.53,348
4/26/2013 10:51:33,4/26/2013,10:51:33,1.87,11.72,54.09,963.55,350
4/26/2013 10:51:48,4/26/2013,10:51:48,2.05,11.69,56.59,963.54,320
4/26/2013 10:52:03,4/26/2013,10:52:03,2.19,11.64,58.00,963.54,7
4/26/2013 10:52:18,4/26/2013,10:52:18,3.01,11.52,59.00,963.53,6
4/26/2013 10:52:33,4/26/2013,10:52:33,2.97,11.50,61.40,963.59,310
4/26/2013 10:52:48,4/26/2013,10:52:48,3.63,11.30,58.79,963.57,314
4/26/2013 10:53:03,4/26/2013,10:53:03,2.04,11.42,59.70,963.58,298
4/26/2013 10:53:18,4/26/2013,10:53:18,1.11,11.57,59.70,963.60,310
4/26/2013 10:53:33,4/26/2013,10:53:33,2.66,11.42,61.29,963.60,328
4/26/2013 10:53:48,4/26/2013,10:53:48,3.11,11.30,60.70,963.60,287
4/26/2013 10:54:03,4/26/2013,10:54:03,4.17,11.14,61.59,963.58,331
4/26/2013 10:54:18,4/26/2013,10:54:18,4.44,11.05,61.70,963.58,346
4/26/2013 10:54:33,4/26/2013,10:54:33,4.90,10.94,62.70,963.60,333
4/26/2013 10:54:48,4/26/2013,10:54:48,3.86,10.94,63.50,963.61,328
4/26/2013 10:55:03,4/26/2013,10:55:03,3.37,10.94,62.09,963.62,334
4/26/2013 10:55:18,4/26/2013,10:55:18,3.56,10.77,59.79,963.62,337
4/26/2013 10:55:33,4/26/2013,10:55:33,4.13,10.69,60.40,963.63,306
4/26/2013 10:55:48,4/26/2013,10:55:48,3.33,10.77,61.09,963.63,324
4/26/2013 10:56:03,4/26/2013,10:56:03,2.87,10.89,62.00,963.65,346
4/26/2013 10:56:18,4/26/2013,10:56:18,3.95,10.77,61.59,963.62,347
4/26/2013 10:56:33,4/26/2013,10:56:33,4.29,10.77,62.70,963.63,324
4/26/2013 10:56:48,4/26/2013,10:56:48,3.90,10.75,62.29,963.65,337
4/26/2013 10:57:03,4/26/2013,10:57:03,4.13,10.69,61.70,963.63,311
4/26/2013 10:57:18,4/26/2013,10:57:18,5.33,10.62,59.70,963.60,344
4/26/2013 10:57:33,4/26/2013,10:57:33,3.84,10.87,60.29,963.59,324
4/26/2013 10:57:48,4/26/2013,10:57:48,3.15,11.10,63.70,963.58,337
4/26/2013 10:58:03,4/26/2013,10:58:03,4.13,11.05,62.20,963.54,310
4/26/2013 10:58:18,4/26/2013,10:58:18,3.98,11.37,64.80,963.52,311
4/26/2013 10:58:33,4/26/2013,10:58:33,4.47,11.30,63.50,963.51,315
4/26/2013 10:58:48,4/26/2013,10:58:48,5.22,11.14,61.20,963.51,332
4/26/2013 10:59:03,4/26/2013,10:59:03,3.55,11.37,62.09,963.52,345
4/26/2013 10:59:18,4/26/2013,10:59:18,3.91,11.42,63.90,963.50,333
4/26/2013 10:59:33,4/26/2013,10:59:33,3.24,11.64,64.59,963.50,342
4/26/2013 10:59:48,4/26/2013,10:59:48,3.63,11.64,63.40,963.46,340
4/26/2013 11:00:03,4/26/2013,11:00:03,2.99,11.89,65.00,963.45,323
4/26/2013 11:00:18,4/26/2013,11:00:18,3.42,11.89,63.40,963.44,319
4/26/2013 11:00:33,4/26/2013,11:00:33,2.63,12.05,62.40,963.44,349
4/26/2013 11:00:48,4/26/2013,11:00:48,2.05,12.17,61.20,963.43,353
4/26/2013 11:01:03,4/26/2013,11:01:03,1.91,12.39,65.00,963.42,319
4/26/2013 11:01:18,4/26/2013,11:01:18,3.06,12.17,63.09,963.39,315
4/26/2013 11:01:33,4/26/2013,11:01:33,3.52,12.05,63.00,963.38,345
4/26/2013 11:01:48,4/26/2013,11:01:48,3.29,12.12,64.19,963.37,334
4/26/2013 11:02:03,4/26/2013,11:02:03,2.88,12.10,65.00,963.39,0
4/26/2013 11:02:18,4/26/2013,11:02:18,4.33,11.80,63.20,963.38,317
4/26/2013 11:02:33,4/26/2013,11:02:33,3.01,11.97,64.30,963.40,316
4/26/2013 11:02:48,4/26/2013,11:02:48,2.99,11.89,63.70,963.42,335
4/26/2013 11:03:03,4/26/2013,11:03:03,3.44,11.69,61.09,963.43,335
4/26/2013 11:03:18,4/26/2013,11:03:18,3.08,11.69,61.50,963.44,8
4/26/2013 11:03:33,4/26/2013,11:03:33,3.91,11.57,58.20,963.43,5
4/26/2013 11:03:48,4/26/2013,11:03:48,3.01,11.89,61.59,963.40,338
4/26/2013 11:04:03,4/26/2013,11:04:03,3.70,12.12,64.30,963.39,345
4/26/2013 11:04:18,4/26/2013,11:04:18,4.12,12.05,62.40,963.38,325
4/26/2013 11:04:33,4/26/2013,11:04:33,3.90,12.17,63.09,963.36,323
4/26/2013 11:04:48,4/26/2013,11:04:48,4.04,12.19,62.20,963.36,310
4/26/2013 11:05:03,4/26/2013,11:05:03,3.92,12.12,59.20,963.35,316
4/26/2013 11:05:18,4/26/2013,11:05:18,4.20,12.05,57.70,963.35,332
4/26/2013 11:05:33,4/26/2013,11:05:33,3.09,12.37,59.40,963.35,350
4/26/2013 11:05:48,4/26/2013,11:05:48,3.09,12.37,56.20,963.33,322
4/26/2013 11:06:03,4/26/2013,11:06:03,2.86,12.47,57.59,963.30,325
4/26/2013 11:06:18,4/26/2013,11:06:18,1.62,13.12,64.59,963.29,282
4/26/2013 11:06:33,4/26/2013,11:06:33,1.51,13.02,57.50,963.28,334
4/26/2013 11:06:48,4/26/2013,11:06:48,1.38,13.27,57.29,963.24,332
4/26/2013 11:07:03,4/26/2013,11:07:03,2.34,13.14,56.70,963.23,337
4/26/2013 11:07:18,4/26/2013,11:07:18,0.93,13.77,58.59,963.21,247
4/26/2013 11:07:33,4/26/2013,11:07:33,1.06,13.97,61.79,963.20,280
4/26/2013 11:07:48,4/26/2013,11:07:48,1.05,13.94,57.90,963.21,263
4/26/2013 11:08:03,4/26/2013,11:08:03,3.04,13.47,57.09,963.17,322
4/26/2013 11:08:18,4/26/2013,11:08:18,4.34,12.92,54.29,963.18,324
4/26/2013 11:08:33,4/26/2013,11:08:33,3.29,13.14,57.00,963.20,338
4/26/2013 11:08:48,4/26/2013,11:08:48,3.02,13.12,55.59,963.22,351
4/26/2013 11:09:03,4/26/2013,11:09:03,2.45,13.39,58.40,963.22,313
4/26/2013 11:09:18,4/26/2013,11:09:18,3.54,13.07,56.00,963.22,323
4/26/2013 11:09:33,4/26/2013,11:09:33,2.98,13.22,56.09,963.22,318
4/26/2013 11:09:48,4/26/2013,11:09:48,4.20,13.00,55.59,963.22,316
4/26/2013 11:10:03,4/26/2013,11:10:03,4.99,12.67,55.09,963.21,325
4/26/2013 11:10:18,4/26/2013,11:10:18,2.97,13.14,57.90,963.24,339
4/26/2013 11:10:33,4/26/2013,11:10:33,2.95,13.42,59.09,963.24,309
4/26/2013 11:10:48,4/26/2013,11:10:48,2.74,13.42,58.29,963.22,282
4/26/2013 11:11:03,4/26/2013,11:11:03,3.33,13.14,56.00,963.20,318
4/26/2013 11:11:18,4/26/2013,11:11:18,3.13,13.30,57.70,963.18,300
4/26/2013 11:11:33,4/26/2013,11:11:33,3.76,13.14,57.29,963.17,326
4/26/2013 11:11:48,4/26/2013,11:11:48,2.51,13.67,60.20,963.18,16
4/26/2013 11:12:03,4/26/2013,11:12:03,3.05,13.62,59.70,963.20,312
4/26/2013 11:12:18,4/26/2013,11:12:18,4.19,13.19,55.79,963.22,327
4/26/2013 11:12:33,4/26/2013,11:12:33,4.80,13.07,56.29,963.20,338
4/26/2013 11:12:48,4/26/2013,11:12:48,4.94,13.02,57.50,963.17,346
4/26/2013 11:13:03,4/26/2013,11:13:03,3.76,13.42,59.70,963.20,309
4/26/2013 11:13:18,4/26/2013,11:13:18,4.44,13.19,57.59,963.17,337
4/26/2013 11:13:33,4/26/2013,11:13:33,4.44,13.00,55.90,963.18,329
4/26/2013 11:13:48,4/26/2013,11:13:48,4.20,13.00,56.79,963.17,305
4/26/2013 11:14:03,4/26/2013,11:14:03,3.56,13.14,57.70,963.17,315
4/26/2013 11:14:18,4/26/2013,11:14:18,4.29,13.14,58.90,963.18,323
4/26/2013 11:14:33,4/26/2013,11:14:33,4.59,13.12,58.59,963.17,339
4/26/2013 11:14:48,4/26/2013,11:14:48,4.27,13.22,59.59,963.17,318
4/26/2013 11:15:03,4/26/2013,11:15:03,4.30,12.87,56.20,963.17,330
4/26/2013 11:15:18,4/26/2013,11:15:18,4.11,12.92,57.70,963.21,320
4/26/2013 11:15:33,4/26/2013,11:15:33,4.24,12.67,55.59,963.22,332
4/26/2013 11:15:48,4/26/2013,11:15:48,3.16,12.85,57.59,963.22,324
4/26/2013 11:16:03,4/26/2013,11:16:03,3.12,12.85,58.09,963.23,344
4/26/2013 11:16:18,4/26/2013,11:16:18,2.99,12.92,55.90,963.21,350
4/26/2013 11:16:33,4/26/2013,11:16:33,2.70,13.00,56.00,963.21,337
4/26/2013 11:16:48,4/26/2013,11:16:48,2.67,13.07,55.70,963.18,341
4/26/2013 11:17:03,4/26/2013,11:17:03,2.27,13.19,55.20,963.17,322
4/26/2013 11:17:18,4/26/2013,11:17:18,2.29,13.07,51.79,963.15,349
4/26/2013 11:17:33,4/26/2013,11:17:33,0.86,13.62,52.70,963.15,274
4/26/2013 11:17:48,4/26/2013,11:17:48,1.62,13.55,53.50,963.13,349
4/26/2013 11:18:03,4/26/2013,11:18:03,0.49,14.22,58.20,963.13,305
4/26/2013 11:18:18,4/26/2013,11:18:18,2.42,13.87,56.29,963.09,4
4/26/2013 11:18:33,4/26/2013,11:18:33,3.49,13.75,57.90,963.09,320
4/26/2013 11:18:48,4/26/2013,11:18:48,4.36,13.42,55.90,963.06,340
4/26/2013 11:19:03,4/26/2013,11:19:03,4.08,13.39,55.79,963.06,341
4/26/2013 11:19:18,4/26/2013,11:19:18,3.19,13.60,58.09,963.13,329
4/26/2013 11:19:33,4/26/2013,11:19:33,3.55,13.42,58.29,963.13,317
4/26/2013 11:19:48,4/26/2013,11:19:48,5.76,12.72,53.20,963.14,315
4/26/2013 11:20:03,4/26/2013,11:20:03,3.86,12.92,55.20,963.17,336
4/26/2013 11:20:18,4/26/2013,11:20:18,2.41,13.07,53.29,963.21,330
4/26/2013 11:20:33,4/26/2013,11:20:33,2.04,13.12,55.09,963.23,303
4/26/2013 11:20:48,4/26/2013,11:20:48,2.79,12.92,56.20,963.22,325
4/26/2013 11:21:03,4/26/2013,11:21:03,2.47,12.92,57.00,963.27,333
4/26/2013 11:21:18,4/26/2013,11:21:18,2.44,12.92,58.29,963.29,344
4/26/2013 11:21:33,4/26/2013,11:21:33,3.92,12.60,58.29,963.28,329
4/26/2013 11:21:48,4/26/2013,11:21:48,3.74,12.37,56.40,963.30,327
4/26/2013 11:22:03,4/26/2013,11:22:03,4.77,12.12,56.59,963.30,326
4/26/2013 11:22:18,4/26/2013,11:22:18,5.04,11.97,57.09,963.31,320
4/26/2013 11:22:33,4/26/2013,11:22:33,5.24,11.72,55.50,963.31,322
4/26/2013 11:22:48,4/26/2013,11:22:48,3.20,11.92,58.70,963.36,332
4/26/2013 11:23:03,4/26/2013,11:23:03,3.42,11.80,58.59,963.35,332
4/26/2013 11:23:18,4/26/2013,11:23:18,3.12,11.77,58.59,963.36,309
4/26/2013 11:23:33,4/26/2013,11:23:33,3.23,11.69,59.00,963.36,317
4/26/2013 11:23:48,4/26/2013,11:23:48,3.74,11.52,57.70,963.36,296
4/26/2013 11:24:03,4/26/2013,11:24:03,3.74,11.42,57.50,963.37,336
4/26/2013 11:24:18,4/26/2013,11:24:18,3.59,11.42,58.70,963.39,325
4/26/2013 11:24:33,4/26/2013,11:24:33,3.17,11.42,59.09,963.42,333
4/26/2013 11:24:48,4/26/2013,11:24:48,4.06,11.25,59.29,963.39,321
4/26/2013 11:25:03,4/26/2013,11:25:03,4.05,11.10,59.20,963.39,314
4/26/2013 11:25:18,4/26/2013,11:25:18,4.97,10.94,57.50,963.39,336
4/26/2013 11:25:33,4/26/2013,11:25:33,3.94,11.02,59.20,963.43,302
4/26/2013 11:25:48,4/26/2013,11:25:48,3.24,11.05,61.20,963.44,326
4/26/2013 11:26:03,4/26/2013,11:26:03,2.81,11.02,61.40,963.44,342
4/26/2013 11:26:18,4/26/2013,11:26:18,4.45,10.82,59.59,963.42,321
4/26/2013 11:26:33,4/26/2013,11:26:33,4.67,10.69,59.09,963.44,310
4/26/2013 11:26:48,4/26/2013,11:26:48,4.31,10.69,60.29,963.44,345
4/26/2013 11:27:03,4/26/2013,11:27:03,3.98,10.69,61.29,963.44,323
4/26/2013 11:27:18,4/26/2013,11:27:18,3.11,10.69,61.20,963.45,348
4/26/2013 11:27:33,4/26/2013,11:27:33,2.44,10.69,62.29,963.45,331
4/26/2013 11:27:48,4/26/2013,11:27:48,2.23,10.69,60.50,963.45,334
4/26/2013 11:28:03,4/26/2013,11:28:03,2.66,10.69,62.29,963.43,333
4/26/2013 11:28:18,4/26/2013,11:28:18,2.80,10.77,62.90,963.42,330
4/26/2013 11:28:33,4/26/2013,11:28:33,2.99,10.87,62.40,963.40,314
4/26/2013 11:28:48,4/26/2013,11:28:48,3.11,10.87,61.00,963.37,318
4/26/2013 11:29:03,4/26/2013,11:29:03,2.08,11.25,65.19,963.35,318
4/26/2013 11:29:18,4/26/2013,11:29:18,2.13,11.32,64.90,963.30,300
4/26/2013 11:29:33,4/26/2013,11:29:33,2.31,11.52,64.19,963.25,337
4/26/2013 11:29:48,4/26/2013,11:29:48,2.20,11.72,64.59,963.25,315
4/26/2013 11:30:03,4/26/2013,11:30:03,2.73,11.72,63.70,963.22,342
4/26/2013 11:30:18,4/26/2013,11:30:18,2.94,11.77,63.09,963.23,352
4/26/2013 11:30:33,4/26/2013,11:30:33,2.49,11.97,64.50,963.22,330
4/26/2013 11:30:48,4/26/2013,11:30:48,2.36,12.19,65.69,963.20,337
4/26/2013 11:31:03,4/26/2013,11:31:03,2.26,12.25,64.59,963.17,336
4/26/2013 11:31:18,4/26/2013,11:31:18,1.56,12.44,64.40,963.16,315
4/26/2013 11:31:33,4/26/2013,11:31:33,0.52,12.60,58.90,963.18,325
4/26/2013 11:31:48,4/26/2013,11:31:48,1.68,12.60,59.90,963.15,298
4/26/2013 11:32:03,4/26/2013,11:32:03,2.37,12.67,62.79,963.13,324
4/26/2013 11:32:18,4/26/2013,11:32:18,2.73,12.80,62.20,963.10,292
4/26/2013 11:32:33,4/26/2013,11:32:33,2.13,12.94,59.90,963.09,355
4/26/2013 11:32:48,4/26/2013,11:32:48,2.69,12.80,57.59,963.08,321
4/26/2013 11:33:03,4/26/2013,11:33:03,2.62,13.07,60.00,963.05,302
4/26/2013 11:33:18,4/26/2013,11:33:18,1.68,13.12,55.00,963.01,298
4/26/2013 11:33:33,4/26/2013,11:33:33,2.44,13.07,55.00,963.02,322
4/26/2013 11:33:48,4/26/2013,11:33:48,3.30,13.00,57.29,963.02,319
4/26/2013 11:34:03,4/26/2013,11:34:03,4.37,12.72,56.50,963.00,346
4/26/2013 11:34:18,4/26/2013,11:34:18,4.37,12.64,56.40,963.01,318
4/26/2013 11:34:33,4/26/2013,11:34:33,1.74,13.22,60.59,963.05,325
4/26/2013 11:34:48,4/26/2013,11:34:48,1.93,13.22,58.70,963.02,325
4/26/2013 11:35:03,4/26/2013,11:35:03,2.09,13.22,57.29,963.00,347
4/26/2013 11:35:18,4/26/2013,11:35:18,2.73,13.02,55.90,962.98,327
4/26/2013 11:35:33,4/26/2013,11:35:33,1.90,13.35,58.70,963.00,359
4/26/2013 11:35:48,4/26/2013,11:35:48,2.70,13.07,56.00,962.98,337
4/26/2013 11:36:03,4/26/2013,11:36:03,3.22,13.00,56.50,962.99,6
4/26/2013 11:36:18,4/26/2013,11:36:18,3.08,12.92,56.90,962.99,340
4/26/2013 11:36:33,4/26/2013,11:36:33,2.90,12.85,52.79,962.99,324
4/26/2013 11:36:48,4/26/2013,11:36:48,3.12,12.75,52.20,963.00,355
4/26/2013 11:37:03,4/26/2013,11:37:03,2.58,12.75,51.20,963.02,351
4/26/2013 11:37:18,4/26/2013,11:37:18,2.15,12.94,53.00,963.03,318
4/26/2013 11:37:33,4/26/2013,11:37:33,2.48,12.75,52.29,963.02,332
4/26/2013 11:37:48,4/26/2013,11:37:48,3.01,12.64,51.09,963.02,319
4/26/2013 11:38:03,4/26/2013,11:38:03,2.41,12.85,52.00,963.01,348
4/26/2013 11:38:18,4/26/2013,11:38:18,2.69,12.94,55.29,962.99,343
4/26/2013 11:38:33,4/26/2013,11:38:33,4.20,12.55,52.59,963.00,332
4/26/2013 11:38:48,4/26/2013,11:38:48,3.11,12.75,52.20,963.01,315
4/26/2013 11:39:03,4/26/2013,11:39:03,3.55,12.67,51.70,963.00,311
4/26/2013 11:39:18,4/26/2013,11:39:18,3.62,12.64,50.90,963.00,318
4/26/2013 11:39:33,4/26/2013,11:39:33,3.37,12.80,52.79,962.98,344
4/26/2013 11:39:48,4/26/2013,11:39:48,1.62,13.22,54.09,962.98,321
4/26/2013 11:40:03,4/26/2013,11:40:03,2.20,13.30,53.29,962.94,302
4/26/2013 11:40:18,4/26/2013,11:40:18,3.65,12.85,50.59,962.95,318
4/26/2013 11:40:33,4/26/2013,11:40:33,4.77,12.67,52.29,962.93,335
4/26/2013 11:40:48,4/26/2013,11:40:48,3.36,12.85,51.50,962.92,317
4/26/2013 11:41:03,4/26/2013,11:41:03,3.47,12.94,53.79,962.90,327
4/26/2013 11:41:18,4/26/2013,11:41:18,2.91,13.14,53.79,962.92,347
4/26/2013 11:41:33,4/26/2013,11:41:33,2.15,13.35,53.90,962.92,348
4/26/2013 11:41:48,4/26/2013,11:41:48,3.88,12.94,52.59,962.91,319
4/26/2013 11:42:03,4/26/2013,11:42:03,3.27,13.14,53.90,962.90,339
4/26/2013 11:42:18,4/26/2013,11:42:18,2.12,13.39,53.79,962.90,350
4/26/2013 11:42:33,4/26/2013,11:42:33,2.40,13.47,54.50,962.90,23
4/26/2013 11:42:48,4/26/2013,11:42:48,1.98,13.69,56.79,962.84,354
4/26/2013 11:43:03,4/26/2013,11:43:03,2.91,13.35,51.90,962.86,329
4/26/2013 11:43:18,4/26/2013,11:43:18,3.22,13.30,53.70,962.86,313
4/26/2013 11:43:33,4/26/2013,11:43:33,3.55,13.22,50.90,962.86,327
4/26/2013 11:43:48,4/26/2013,11:43:48,2.49,13.47,51.59,962.87,333
4/26/2013 11:44:03,4/26/2013,11:44:03,2.15,13.62,51.40,962.86,318
4/26/2013 11:44:18,4/26/2013,11:44:18,2.26,13.87,53.90,962.85,359
4/26/2013 11:44:33,4/26/2013,11:44:33,2.12,13.94,52.90,962.84,5
4/26/2013 11:44:48,4/26/2013,11:44:48,2.44,13.77,50.59,962.79,341
4/26/2013 11:45:03,4/26/2013,11:45:03,2.12,13.89,50.29,962.78,343
4/26/2013 11:45:18,4/26/2013,11:45:18,1.24,14.30,52.40,962.79,350
4/26/2013 11:45:33,4/26/2013,11:45:33,1.63,14.22,51.40,962.77,334
4/26/2013 11:45:48,4/26/2013,11:45:48,2.63,14.05,52.09,962.76,317
4/26/2013 11:46:03,4/26/2013,11:46:03,1.86,14.22,51.50,962.77,320
4/26/2013 11:46:18,4/26/2013,11:46:18,2.94,13.97,51.29,962.72,322
4/26/2013 11:46:33,4/26/2013,11:46:33,3.45,13.62,49.20,962.72,316
4/26/2013 11:46:48,4/26/2013,11:46:48,2.59,13.94,51.20,962.72,325
4/26/2013 11:47:03,4/26/2013,11:47:03,0.43,14.85,53.20,962.74,256
4/26/2013 11:47:18,4/26/2013,11:47:18,0.22,15.00,48.00,962.74,242
4/26/2013 11:47:33,4/26/2013,11:47:33,0.00,15.44,50.00,962.72,311
4/26/2013 11:47:48,4/26/2013,11:47:48,1.13,14.97,48.59,962.69,326
4/26/2013 11:48:03,4/26/2013,11:48:03,2.69,14.62,48.79,962.64,313
4/26/2013 11:48:18,4/26/2013,11:48:18,3.22,14.17,47.70,962.64,325
4/26/2013 11:48:33,4/26/2013,11:48:33,3.29,14.10,48.50,962.68,317
4/26/2013 11:48:48,4/26/2013,11:48:48,1.95,14.35,49.00,962.70,290
4/26/2013 11:49:03,4/26/2013,11:49:03,1.55,14.52,48.00,962.69,18
4/26/2013 11:49:18,4/26/2013,11:49:18,3.31,14.02,49.40,962.68,317
4/26/2013 11:49:33,4/26/2013,11:49:33,3.38,13.69,47.40,962.68,333
4/26/2013 11:49:48,4/26/2013,11:49:48,2.47,14.25,51.40,962.65,318
4/26/2013 11:50:03,4/26/2013,11:50:03,0.62,14.89,51.70,962.68,159
4/26/2013 11:50:18,4/26/2013,11:50:18,0.45,15.19,49.50,962.64,305
4/26/2013 11:50:33,4/26/2013,11:50:33,0.19,15.39,45.90,962.62,193
4/26/2013 11:50:48,4/26/2013,11:50:48,0.65,15.47,49.40,962.60,300
4/26/2013 11:51:03,4/26/2013,11:51:03,0.33,15.72,46.29,962.60,5
4/26/2013 11:51:18,4/26/2013,11:51:18,2.36,14.97,47.40,962.57,340
4/26/2013 11:51:33,4/26/2013,11:51:33,2.97,14.97,52.50,962.55,344
4/26/2013 11:51:48,4/26/2013,11:51:48,1.83,15.37,53.09,962.52,11
4/26/2013 11:52:03,4/26/2013,11:52:03,1.01,15.67,50.00,962.54,160
4/26/2013 11:52:18,4/26/2013,11:52:18,1.54,15.32,49.40,962.52,348
4/26/2013 11:52:33,4/26/2013,11:52:33,2.72,15.05,53.59,962.54,284
4/26/2013 11:52:48,4/26/2013,11:52:48,2.52,14.89,54.70,962.59,2
4/26/2013 11:53:03,4/26/2013,11:53:03,2.31,14.77,51.90,962.61,328
4/26/2013 11:53:18,4/26/2013,11:53:18,2.44,14.52,50.00,962.63,20
4/26/2013 11:53:33,4/26/2013,11:53:33,5.08,13.67,48.20,962.63,313
4/26/2013 11:53:48,4/26/2013,11:53:48,4.70,13.47,48.70,962.68,313
4/26/2013 11:54:03,4/26/2013,11:54:03,4.87,13.14,48.79,962.74,330
4/26/2013 11:54:18,4/26/2013,11:54:18,3.79,13.12,47.29,962.76,325
4/26/2013 11:54:33,4/26/2013,11:54:33,3.01,13.14,50.09,962.80,345
4/26/2013 11:54:48,4/26/2013,11:54:48,4.62,12.75,50.20,962.79,324
4/26/2013 11:55:03,4/26/2013,11:55:03,4.12,12.67,50.79,962.78,335
4/26/2013 11:55:18,4/26/2013,11:55:18,3.91,12.75,52.50,962.83,328
4/26/2013 11:55:33,4/26/2013,11:55:33,2.94,12.92,53.40,962.84,323
4/26/2013 11:55:48,4/26/2013,11:55:48,3.17,12.94,53.00,962.82,316
4/26/2013 11:56:03,4/26/2013,11:56:03,3.05,13.14,54.79,962.79,327
4/26/2013 11:56:18,4/26/2013,11:56:18,2.58,13.39,55.00,962.78,6
4/26/2013 11:56:33,4/26/2013,11:56:33,3.08,13.07,51.00,962.77,307
4/26/2013 11:56:48,4/26/2013,11:56:48,2.01,13.50,54.09,962.76,320
4/26/2013 11:57:03,4/26/2013,11:57:03,2.19,13.39,51.29,962.76,330
4/26/2013 11:57:18,4/26/2013,11:57:18,1.79,13.75,54.50,962.75,12
4/26/2013 11:57:33,4/26/2013,11:57:33,2.04,13.69,54.00,962.71,316
4/26/2013 11:57:48,4/26/2013,11:57:48,2.76,13.47,51.70,962.68,325
4/26/2013 11:58:03,4/26/2013,11:58:03,1.74,13.75,51.40,962.68,357
4/26/2013 11:58:18,4/26/2013,11:58:18,1.66,13.82,50.90,962.65,15
4/26/2013 11:58:33,4/26/2013,11:58:33,1.87,13.82,51.20,962.65,357
4/26/2013 11:58:48,4/26/2013,11:58:48,2.79,13.89,53.00,962.65,353
4/26/2013 11:59:03,4/26/2013,11:59:03,3.30,13.62,51.00,962.64,345
4/26/2013 11:59:18,4/26/2013,11:59:18,2.65,13.55,47.90,962.65,3
4/26/2013 11:59:33,4/26/2013,11:59:33,2.65,13.62,49.20,962.64,335
4/26/2013 11:59:48,4/26/2013,11:59:48,1.80,13.69,47.59,962.64,331
4/26/2013 12:00:03,4/26/2013,12:00:03,2.41,13.55,47.00,962.63,339
4/26/2013 12:00:18,4/26/2013,12:00:18,2.59,13.67,48.79,962.60,340
4/26/2013 12:00:33,4/26/2013,12:00:33,4.36,13.47,51.29,962.63,337
4/26/2013 12:00:48,4/26/2013,12:00:48,4.69,13.30,50.59,962.62,329
4/26/2013 12:01:03,4/26/2013,12:01:03,4.11,13.14,47.20,962.63,317
4/26/2013 12:01:18,4/26/2013,12:01:18,2.73,13.47,51.40,962.64,318
4/26/2013 12:01:33,4/26/2013,12:01:33,3.06,13.47,49.79,962.63,326
4/26/2013 12:01:48,4/26/2013,12:01:48,3.58,13.42,51.40,962.60,313
4/26/2013 12:02:03,4/26/2013,12:02:03,2.81,13.69,53.90,962.60,340
4/26/2013 12:02:18,4/26/2013,12:02:18,3.77,13.55,50.70,962.60,347
4/26/2013 12:02:33,4/26/2013,12:02:33,3.59,13.77,53.09,962.60,346
4/26/2013 12:02:48,4/26/2013,12:02:48,4.06,13.69,51.79,962.57,312
4/26/2013 12:03:03,4/26/2013,12:03:03,4.56,13.62,52.20,962.56,324
4/26/2013 12:03:18,4/26/2013,12:03:18,3.62,13.82,53.29,962.56,324
4/26/2013 12:03:33,4/26/2013,12:03:33,4.58,13.50,51.00,962.56,334
4/26/2013 12:03:48,4/26/2013,12:03:48,3.61,13.47,49.59,962.60,333
4/26/2013 12:04:03,4/26/2013,12:04:03,4.70,13.30,51.29,962.60,323
4/26/2013 12:04:18,4/26/2013,12:04:18,4.38,13.07,50.70,962.60,320
4/26/2013 12:04:33,4/26/2013,12:04:33,3.34,13.35,52.40,962.60,311
4/26/2013 12:04:48,4/26/2013,12:04:48,2.77,13.50,51.09,962.57,322
4/26/2013 12:05:03,4/26/2013,12:05:03,3.31,13.67,53.09,962.56,313
4/26/2013 12:05:18,4/26/2013,12:05:18,2.69,13.89,53.90,962.57,311
4/26/2013 12:05:33,4/26/2013,12:05:33,3.44,13.82,53.40,962.56,305
4/26/2013 12:05:48,4/26/2013,12:05:48,2.72,14.10,54.79,962.57,311
4/26/2013 12:06:03,4/26/2013,12:06:03,2.04,14.10,51.20,962.54,244
4/26/2013 12:06:18,4/26/2013,12:06:18,1.74,14.05,49.79,962.50,235
4/26/2013 12:06:33,4/26/2013,12:06:33,3.11,13.42,51.00,962.56,260
4/26/2013 12:06:48,4/26/2013,12:06:48,3.54,13.14,50.90,962.65,328
4/26/2013 12:07:03,4/26/2013,12:07:03,6.12,12.55,52.20,962.65,331
4/26/2013 12:07:18,4/26/2013,12:07:18,3.86,12.75,54.50,962.69,262
4/26/2013 12:07:33,4/26/2013,12:07:33,4.04,12.44,52.40,962.75,329
4/26/2013 12:07:48,4/26/2013,12:07:48,5.87,12.05,52.70,962.74,319
4/26/2013 12:08:03,4/26/2013,12:08:03,6.80,11.85,54.70,962.76,334
4/26/2013 12:08:18,4/26/2013,12:08:18,4.80,12.05,56.79,962.77,297
4/26/2013 12:08:33,4/26/2013,12:08:33,1.51,12.44,55.40,962.84,308
4/26/2013 12:08:48,4/26/2013,12:08:48,3.24,12.12,55.09,962.86,306
4/26/2013 12:09:03,4/26/2013,12:09:03,3.15,12.10,54.90,962.85,349
4/26/2013 12:09:18,4/26/2013,12:09:18,0.83,12.52,57.40,962.91,305
4/26/2013 12:09:33,4/26/2013,12:09:33,1.58,12.19,54.90,962.89,295
4/26/2013 12:09:48,4/26/2013,12:09:48,2.55,12.00,54.00,962.84,252
4/26/2013 12:10:03,4/26/2013,12:10:03,4.40,11.64,56.90,962.85,301
4/26/2013 12:10:18,4/26/2013,12:10:18,2.62,11.72,55.09,962.91,329
4/26/2013 12:10:33,4/26/2013,12:10:33,4.01,11.42,55.90,962.89,265
4/26/2013 12:10:48,4/26/2013,12:10:48,5.48,11.17,55.70,962.90,298
4/26/2013 12:11:03,4/26/2013,12:11:03,4.60,11.22,57.40,962.93,321
4/26/2013 12:11:18,4/26/2013,12:11:18,4.01,11.22,58.20,962.94,173
4/26/2013 12:11:33,4/26/2013,12:11:33,4.29,11.10,57.50,962.95,275
4/26/2013 12:11:48,4/26/2013,12:11:48,5.74,10.94,58.40,962.97,301
4/26/2013 12:12:03,4/26/2013,12:12:03,5.20,10.82,57.00,962.98,310
4/26/2013 12:12:18,4/26/2013,12:12:18,5.22,10.89,59.50,962.99,337
4/26/2013 12:12:33,4/26/2013,12:12:33,2.16,11.22,58.70,963.03,319
4/26/2013 12:12:48,4/26/2013,12:12:48,2.62,11.17,58.90,963.05,329
4/26/2013 12:13:03,4/26/2013,12:13:03,2.69,11.14,59.29,963.08,284
4/26/2013 12:13:18,4/26/2013,12:13:18,6.23,10.77,59.09,963.01,331
4/26/2013 12:13:33,4/26/2013,12:13:33,4.41,10.87,60.40,963.01,322
4/26/2013 12:13:48,4/26/2013,12:13:48,3.91,10.89,61.00,963.05,290
4/26/2013 12:14:03,4/26/2013,12:14:03,4.45,10.77,59.90,963.06,335
4/26/2013 12:14:18,4/26/2013,12:14:18,5.92,10.57,61.09,963.05,320
4/26/2013 12:14:33,4/26/2013,12:14:33,5.05,10.62,63.40,963.07,331
4/26/2013 12:14:48,4/26/2013,12:14:48,4.55,10.62,63.29,963.09,322
4/26/2013 12:15:03,4/26/2013,12:15:03,6.37,10.42,61.50,963.07,340
4/26/2013 12:15:18,4/26/2013,12:15:18,5.13,10.47,61.59,963.08,341
4/26/2013 12:15:33,4/26/2013,12:15:33,5.09,10.42,61.70,963.08,301
4/26/2013 12:15:48,4/26/2013,12:15:48,4.02,10.57,64.69,963.12,329
4/26/2013 12:16:03,4/26/2013,12:16:03,4.55,10.55,64.59,963.13,359
4/26/2013 12:16:18,4/26/2013,12:16:18,6.02,10.35,63.20,963.09,326
4/26/2013 12:16:33,4/26/2013,12:16:33,6.98,10.14,62.09,963.07,324
4/26/2013 12:16:48,4/26/2013,12:16:48,5.35,10.30,64.40,963.10,319
4/26/2013 12:17:03,4/26/2013,12:17:03,3.05,10.47,64.40,963.13,337
4/26/2013 12:17:18,4/26/2013,12:17:18,5.47,10.39,63.50,963.10,321
4/26/2013 12:17:33,4/26/2013,12:17:33,5.87,10.55,64.09,963.09,331
4/26/2013 12:17:48,4/26/2013,12:17:48,4.69,10.77,66.19,963.09,311
4/26/2013 12:18:03,4/26/2013,12:18:03,1.95,10.97,66.00,963.14,325
4/26/2013 12:18:18,4/26/2013,12:18:18,3.83,10.69,62.00,963.09,318
4/26/2013 12:18:33,4/26/2013,12:18:33,2.52,10.87,63.29,963.07,243
4/26/2013 12:18:48,4/26/2013,12:18:48,1.79,10.97,64.90,963.07,282
4/26/2013 12:19:03,4/26/2013,12:19:03,0.87,11.10,64.19,963.13,318
4/26/2013 12:19:18,4/26/2013,12:19:18,3.04,10.94,63.79,963.14,315
4/26/2013 12:19:33,4/26/2013,12:19:33,3.01,10.87,64.40,963.14,323
4/26/2013 12:19:48,4/26/2013,12:19:48,3.51,10.77,65.19,963.10,214
4/26/2013 12:20:03,4/26/2013,12:20:03,2.02,10.75,63.00,963.13,356
4/26/2013 12:20:18,4/26/2013,12:20:18,2.04,10.75,66.69,963.12,275
4/26/2013 12:20:33,4/26/2013,12:20:33,2.01,10.62,65.09,963.13,276
4/26/2013 12:20:48,4/26/2013,12:20:48,1.95,10.55,65.69,963.17,297
4/26/2013 12:21:03,4/26/2013,12:21:03,0.29,10.57,66.90,963.21,280
4/26/2013 12:21:18,4/26/2013,12:21:18,1.70,10.47,66.00,963.20,282
4/26/2013 12:21:33,4/26/2013,12:21:33,0.69,10.62,68.40,963.21,262
4/26/2013 12:21:48,4/26/2013,12:21:48,1.47,10.47,65.69,963.21,326
4/26/2013 12:22:03,4/26/2013,12:22:03,4.17,10.07,66.80,963.20,334
4/26/2013 12:22:18,4/26/2013,12:22:18,2.11,10.22,70.90,963.20,277
4/26/2013 12:22:33,4/26/2013,12:22:33,2.13,10.22,71.50,963.22,307
4/26/2013 12:22:48,4/26/2013,12:22:48,1.68,10.10,68.19,963.22,290
4/26/2013 12:23:03,4/26/2013,12:23:03,0.80,10.14,68.90,963.23,316
4/26/2013 12:23:18,4/26/2013,12:23:18,1.44,9.94,66.69,963.22,290
4/26/2013 12:23:33,4/26/2013,12:23:33,0.86,10.00,67.59,963.24,187
4/26/2013 12:23:48,4/26/2013,12:23:48,0.72,10.00,65.90,963.23,184
4/26/2013 12:24:03,4/26/2013,12:24:03,0.33,10.00,69.69,963.25,322
4/26/2013 12:24:18,4/26/2013,12:24:18,1.48,9.82,68.09,963.23,0
4/26/2013 12:24:33,4/26/2013,12:24:33,0.62,9.92,71.19,963.25,218
4/26/2013 12:24:48,4/26/2013,12:24:48,1.06,9.82,68.59,963.23,288
4/26/2013 12:25:03,4/26/2013,12:25:03,2.80,9.67,66.80,963.22,324
4/26/2013 12:25:18,4/26/2013,12:25:18,3.16,9.60,69.50,963.18,329
4/26/2013 12:25:33,4/26/2013,12:25:33,1.81,9.60,66.50,963.20,340
4/26/2013 12:25:48,4/26/2013,12:25:48,1.02,9.67,67.09,963.18,264
4/26/2013 12:26:03,4/26/2013,12:26:03,0.45,9.67,69.90,963.21,272
4/26/2013 12:26:18,4/26/2013,12:26:18,0.98,9.60,66.30,963.20,269
4/26/2013 12:26:33,4/26/2013,12:26:33,1.63,9.52,66.00,963.18,337
4/26/2013 12:26:48,4/26/2013,12:26:48,1.80,9.52,65.90,963.17,281
4/26/2013 12:27:03,4/26/2013,12:27:03,0.36,9.64,70.00,963.21,282
4/26/2013 12:27:18,4/26/2013,12:27:18,0.33,9.67,71.30,963.21,350
4/26/2013 12:27:33,4/26/2013,12:27:33,0.55,9.67,70.59,963.18,251
4/26/2013 12:27:48,4/26/2013,12:27:48,0.74,9.67,70.40,963.17,286
4/26/2013 12:28:03,4/26/2013,12:28:03,2.59,9.55,65.40,963.13,313
4/26/2013 12:28:18,4/26/2013,12:28:18,3.73,9.47,64.59,963.10,300
4/26/2013 12:28:33,4/26/2013,12:28:33,3.20,9.55,67.59,963.13,325
4/26/2013 12:28:48,4/26/2013,12:28:48,1.29,9.60,65.69,963.14,331
4/26/2013 12:29:03,4/26/2013,12:29:03,0.16,9.67,67.80,963.17,356
4/26/2013 12:29:18,4/26/2013,12:29:18,1.63,9.67,69.00,963.14,321
4/26/2013 12:29:33,4/26/2013,12:29:33,1.79,9.80,69.19,963.12,328
4/26/2013 12:29:48,4/26/2013,12:29:48,1.30,9.92,72.90,963.13,324
4/26/2013 12:30:03,4/26/2013,12:30:03,0.22,10.07,73.59,963.15,223
4/26/2013 12:30:18,4/26/2013,12:30:18,0.00,10.14,72.50,963.16,307
4/26/2013 12:30:33,4/26/2013,12:30:33,0.68,10.22,70.40,963.13,343
4/26/2013 12:30:48,4/26/2013,12:30:48,0.76,10.27,68.40,963.10,344
4/26/2013 12:31:03,4/26/2013,12:31:03,1.76,10.14,64.30,963.08,329
4/26/2013 12:31:18,4/26/2013,12:31:18,1.49,10.30,67.30,963.06,5
4/26/2013 12:31:33,4/26/2013,12:31:33,3.09,10.39,67.80,963.03,317
4/26/2013 12:31:48,4/26/2013,12:31:48,1.13,10.50,66.19,963.05,359
4/26/2013 12:32:03,4/26/2013,12:32:03,1.01,10.55,65.09,963.03,277
4/26/2013 12:32:18,4/26/2013,12:32:18,0.12,10.67,63.90,963.03,240
4/26/2013 12:32:33,4/26/2013,12:32:33,0.00,10.82,67.09,963.03,285
4/26/2013 12:32:48,4/26/2013,12:32:48,0.00,10.97,65.19,963.03,326
4/26/2013 12:33:03,4/26/2013,12:33:03,0.00,11.10,65.59,963.00,303
4/26/2013 12:33:18,4/26/2013,12:33:18,0.00,11.25,67.09,962.98,290
4/26/2013 12:33:33,4/26/2013,12:33:33,0.33,11.42,68.90,962.94,293
4/26/2013 12:33:48,4/26/2013,12:33:48,1.66,11.42,69.00,962.91,338
4/26/2013 12:34:03,4/26/2013,12:34:03,1.15,11.50,67.40,962.90,297
4/26/2013 12:34:18,4/26/2013,12:34:18,0.06,11.64,67.30,962.89,301
4/26/2013 12:34:33,4/26/2013,12:34:33,1.41,11.52,63.29,962.89,341
4/26/2013 12:34:48,4/26/2013,12:34:48,2.44,11.32,63.09,962.87,344
4/26/2013 12:35:03,4/26/2013,12:35:03,1.62,11.50,63.79,962.86,10
4/26/2013 12:35:18,4/26/2013,12:35:18,3.38,11.30,62.79,962.85,341
4/26/2013 12:35:33,4/26/2013,12:35:33,3.31,11.17,61.70,962.85,350
4/26/2013 12:35:48,4/26/2013,12:35:48,2.11,11.32,62.70,962.85,332
4/26/2013 12:36:03,4/26/2013,12:36:03,1.73,11.32,60.79,962.83,339
4/26/2013 12:36:18,4/26/2013,12:36:18,2.59,11.50,64.30,962.80,339
4/26/2013 12:36:33,4/26/2013,12:36:33,1.40,11.57,61.70,962.82,298
4/26/2013 12:36:48,4/26/2013,12:36:48,0.70,11.80,61.70,962.82,42
4/26/2013 12:37:03,4/26/2013,12:37:03,1.95,11.69,62.29,962.79,325
4/26/2013 12:37:18,4/26/2013,12:37:18,3.36,11.37,57.50,962.80,334
4/26/2013 12:37:33,4/26/2013,12:37:33,3.52,11.62,60.29,962.80,321
4/26/2013 12:37:48,4/26/2013,12:37:48,4.33,11.72,62.50,962.78,321
4/26/2013 12:38:03,4/26/2013,12:38:03,3.92,12.10,66.40,962.77,324
4/26/2013 12:38:18,4/26/2013,12:38:18,3.69,12.05,64.69,962.77,317
4/26/2013 12:38:33,4/26/2013,12:38:33,2.55,11.97,59.29,962.77,300
4/26/2013 12:38:48,4/26/2013,12:38:48,1.86,12.17,60.50,962.78,285
4/26/2013 12:39:03,4/26/2013,12:39:03,1.90,11.97,55.50,962.78,326
4/26/2013 12:39:18,4/26/2013,12:39:18,3.33,11.77,57.09,962.79,330
4/26/2013 12:39:33,4/26/2013,12:39:33,3.54,11.80,57.79,962.79,328
4/26/2013 12:39:48,4/26/2013,12:39:48,5.47,11.85,60.70,962.76,313
4/26/2013 12:40:03,4/26/2013,12:40:03,5.30,11.69,60.09,962.76,328
4/26/2013 12:40:18,4/26/2013,12:40:18,5.30,11.57,58.90,962.76,334
4/26/2013 12:40:33,4/26/2013,12:40:33,3.99,11.72,59.90,962.79,332
4/26/2013 12:40:48,4/26/2013,12:40:48,4.02,11.57,58.79,962.77,291
4/26/2013 12:41:03,4/26/2013,12:41:03,3.61,11.64,60.00,962.77,326
4/26/2013 12:41:18,4/26/2013,12:41:18,4.56,11.57,59.29,962.76,313
4/26/2013 12:41:33,4/26/2013,12:41:33,4.04,11.52,58.00,962.78,342
4/26/2013 12:41:48,4/26/2013,12:41:48,3.76,11.64,58.59,962.79,330
4/26/2013 12:42:03,4/26/2013,12:42:03,2.63,11.85,61.00,962.77,320
4/26/2013 12:42:18,4/26/2013,12:42:18,3.38,11.77,59.59,962.75,345
4/26/2013 12:42:33,4/26/2013,12:42:33,3.06,12.12,62.70,962.74,315
4/26/2013 12:42:48,4/26/2013,12:42:48,2.34,12.00,60.29,962.72,330
4/26/2013 12:43:03,4/26/2013,12:43:03,0.98,12.25,58.70,962.76,340
4/26/2013 12:43:18,4/26/2013,12:43:18,1.09,12.37,59.59,962.76,300
4/26/2013 12:43:33,4/26/2013,12:43:33,0.98,12.39,60.00,962.76,240
4/26/2013 12:43:48,4/26/2013,12:43:48,1.95,12.27,58.79,962.74,311
4/26/2013 12:44:03,4/26/2013,12:44:03,2.54,12.19,58.70,962.74,332
4/26/2013 12:44:18,4/26/2013,12:44:18,1.33,12.47,59.90,962.75,333
4/26/2013 12:44:33,4/26/2013,12:44:33,2.67,12.25,58.29,962.74,325
4/26/2013 12:44:48,4/26/2013,12:44:48,4.41,12.05,58.00,962.74,328
4/26/2013 12:45:03,4/26/2013,12:45:03,3.87,11.89,55.29,962.75,304
4/26/2013 12:45:18,4/26/2013,12:45:18,2.54,11.97,55.40,962.76,349
4/26/2013 12:45:33,4/26/2013,12:45:33,2.79,12.12,58.59,962.76,339
4/26/2013 12:45:48,4/26/2013,12:45:48,1.99,12.25,59.20,962.77,306
4/26/2013 12:46:03,4/26/2013,12:46:03,2.44,12.19,59.79,962.76,252
4/26/2013 12:46:18,4/26/2013,12:46:18,0.65,12.37,53.79,962.77,295
4/26/2013 12:46:33,4/26/2013,12:46:33,1.47,12.27,55.40,962.78,329
4/26/2013 12:46:48,4/26/2013,12:46:48,2.06,12.17,57.70,962.76,317
4/26/2013 12:47:03,4/26/2013,12:47:03,1.72,12.12,56.40,962.76,332
4/26/2013 12:47:18,4/26/2013,12:47:18,2.45,12.12,59.00,962.77,300
4/26/2013 12:47:33,4/26/2013,12:47:33,3.63,11.85,57.90,962.75,330
4/26/2013 12:47:48,4/26/2013,12:47:48,2.97,11.92,59.79,962.74,301
4/26/2013 12:48:03,4/26/2013,12:48:03,3.73,11.77,58.00,962.72,345
4/26/2013 12:48:18,4/26/2013,12:48:18,4.48,11.52,57.40,962.71,0
4/26/2013 12:48:33,4/26/2013,12:48:33,4.81,11.42,57.00,962.72,333
4/26/2013 12:48:48,4/26/2013,12:48:48,4.56,11.32,56.09,962.78,338
4/26/2013 12:49:03,4/26/2013,12:49:03,4.05,11.32,56.79,962.76,296
4/26/2013 12:49:18,4/26/2013,12:49:18,3.31,11.44,59.50,962.75,326
4/26/2013 12:49:33,4/26/2013,12:49:33,4.20,11.30,57.59,962.76,325
4/26/2013 12:49:48,4/26/2013,12:49:48,3.22,11.42,58.90,962.76,353
4/26/2013 12:50:03,4/26/2013,12:50:03,3.26,11.37,59.29,962.75,342
4/26/2013 12:50:18,4/26/2013,12:50:18,3.04,11.42,59.59,962.72,338
4/26/2013 12:50:33,4/26/2013,12:50:33,2.66,11.50,59.40,962.74,330
4/26/2013 12:50:48,4/26/2013,12:50:48,2.80,11.37,57.40,962.74,321
4/26/2013 12:51:03,4/26/2013,12:51:03,3.13,11.32,58.09,962.74,356
4/26/2013 12:51:18,4/26/2013,12:51:18,2.61,11.50,58.50,962.74,358
4/26/2013 12:51:33,4/26/2013,12:51:33,1.91,11.77,59.79,962.72,337
4/26/2013 12:51:48,4/26/2013,12:51:48,2.34,11.85,60.70,962.71,338
4/26/2013 12:52:03,4/26/2013,12:52:03,3.95,11.44,57.29,962.69,343
4/26/2013 12:52:18,4/26/2013,12:52:18,3.04,11.44,56.79,962.69,11
4/26/2013 12:52:33,4/26/2013,12:52:33,1.95,11.85,60.90,962.69,340
4/26/2013 12:52:48,4/26/2013,12:52:48,1.86,11.77,58.09,962.69,1
4/26/2013 12:53:03,4/26/2013,12:53:03,1.94,11.92,60.00,962.67,332
4/26/2013 12:53:18,4/26/2013,12:53:18,1.74,12.27,65.09,962.63,326
4/26/2013 12:53:33,4/26/2013,12:53:33,2.49,12.10,61.40,962.62,5
4/26/2013 12:53:48,4/26/2013,12:53:48,2.42,12.00,59.20,962.59,329
4/26/2013 12:54:03,4/26/2013,12:54:03,2.27,11.97,57.59,962.60,355
4/26/2013 12:54:18,4/26/2013,12:54:18,2.80,11.92,59.29,962.57,309
4/26/2013 12:54:33,4/26/2013,12:54:33,2.44,12.17,61.09,962.57,349
4/26/2013 12:54:48,4/26/2013,12:54:48,2.47,12.00,58.40,962.56,320
4/26/2013 12:55:03,4/26/2013,12:55:03,1.99,12.19,60.29,962.56,16
4/26/2013 12:55:18,4/26/2013,12:55:18,0.44,12.44,64.30,962.60,358
4/26/2013 12:55:33,4/26/2013,12:55:33,2.05,12.12,58.09,962.57,343
4/26/2013 12:55:48,4/26/2013,12:55:48,2.22,12.25,61.00,962.57,350
4/26/2013 12:56:03,4/26/2013,12:56:03,3.17,12.05,58.90,962.56,2
4/26/2013 12:56:18,4/26/2013,12:56:18,2.56,12.00,58.00,962.56,350
4/26/2013 12:56:33,4/26/2013,12:56:33,3.54,11.85,57.29,962.57,307
4/26/2013 12:56:48,4/26/2013,12:56:48,4.02,11.64,55.40,962.54,321
4/26/2013 12:57:03,4/26/2013,12:57:03,4.24,11.77,58.40,962.53,345
4/26/2013 12:57:18,4/26/2013,12:57:18,2.52,11.97,58.79,962.53,349
4/26/2013 12:57:33,4/26/2013,12:57:33,1.23,12.17,58.09,962.55,310
4/26/2013 12:57:48,4/26/2013,12:57:48,0.09,12.37,56.29,962.57,325
4/26/2013 12:58:03,4/26/2013,12:58:03,0.52,12.37,58.40,962.57,271
4/26/2013 12:58:18,4/26/2013,12:58:18,3.19,11.97,53.59,962.53,349
4/26/2013 12:58:33,4/26/2013,12:58:33,1.99,12.19,53.09,962.50,321
4/26/2013 12:58:48,4/26/2013,12:58:48,3.97,11.85,53.40,962.47,310
4/26/2013 12:59:03,4/26/2013,12:59:03,3.92,11.89,54.79,962.47,324
4/26/2013 12:59:18,4/26/2013,12:59:18,3.73,11.85,55.50,962.47,289
4/26/2013 12:59:33,4/26/2013,12:59:33,4.04,11.72,54.90,962.46,319
4/26/2013 12:59:48,4/26/2013,12:59:48,3.90,11.69,55.20,962.45,344
4/26/2013 13:00:03,4/26/2013,13:00:03,4.05,11.64,55.50,962.42,329
4/26/2013 13:00:18,4/26/2013,13:00:18,1.86,12.10,61.00,962.45,265
4/26/2013 13:00:33,4/26/2013,13:00:33,2.23,11.92,57.50,962.46,330
4/26/2013 13:00:48,4/26/2013,13:00:48,2.56,11.80,55.90,962.42,299
4/26/2013 13:01:03,4/26/2013,13:01:03,3.84,11.72,56.79,962.42,348
4/26/2013 13:01:18,4/26/2013,13:01:18,3.16,11.77,58.59,962.44,306
4/26/2013 13:01:33,4/26/2013,13:01:33,3.26,11.72,56.59,962.42,332
4/26/2013 13:01:48,4/26/2013,13:01:48,1.90,11.97,60.00,962.42,247
4/26/2013 13:02:03,4/26/2013,13:02:03,0.16,12.12,56.00,962.48,349
4/26/2013 13:02:18,4/26/2013,13:02:18,2.54,11.80,55.90,962.47,318
4/26/2013 13:02:33,4/26/2013,13:02:33,2.48,11.80,56.20,962.49,318
4/26/2013 13:02:48,4/26/2013,13:02:48,2.91,11.64,54.09,962.48,309
4/26/2013 13:03:03,4/26/2013,13:03:03,2.49,11.64,54.29,962.49,299
4/26/2013 13:03:18,4/26/2013,13:03:18,1.52,11.72,52.50,962.53,326
4/26/2013 13:03:33,4/26/2013,13:03:33,1.24,11.80,53.29,962.55,333
4/26/2013 13:03:48,4/26/2013,13:03:48,2.58,11.72,56.29,962.56,270
4/26/2013 13:04:03,4/26/2013,13:04:03,2.58,11.62,53.59,962.56,336
4/26/2013 13:04:18,4/26/2013,13:04:18,1.91,11.64,53.79,962.56,318
4/26/2013 13:04:33,4/26/2013,13:04:33,3.61,11.50,54.00,962.56,333
4/26/2013 13:04:48,4/26/2013,13:04:48,3.61,11.64,58.50,962.56,313
4/26/2013 13:05:03,4/26/2013,13:05:03,4.97,11.37,55.59,962.54,346
4/26/2013 13:05:18,4/26/2013,13:05:18,5.04,11.25,55.40,962.55,310
4/26/2013 13:05:33,4/26/2013,13:05:33,5.16,11.17,54.90,962.53,308
4/26/2013 13:05:48,4/26/2013,13:05:48,3.47,11.25,56.09,962.56,329
4/26/2013 13:06:03,4/26/2013,13:06:03,4.26,11.17,57.40,962.56,320
4/26/2013 13:06:18,4/26/2013,13:06:18,2.65,11.25,56.00,962.59,355
4/26/2013 13:06:33,4/26/2013,13:06:33,4.29,11.10,56.90,962.59,337
4/26/2013 13:06:48,4/26/2013,13:06:48,3.09,11.25,59.29,962.60,336
4/26/2013 13:07:03,4/26/2013,13:07:03,4.17,11.02,55.90,962.60,307
4/26/2013 13:07:18,4/26/2013,13:07:18,3.92,11.05,57.09,962.59,327
4/26/2013 13:07:33,4/26/2013,13:07:33,3.70,11.02,56.29,962.55,286
4/26/2013 13:07:48,4/26/2013,13:07:48,2.61,11.10,56.29,962.56,347
4/26/2013 13:08:03,4/26/2013,13:08:03,3.34,11.10,58.59,962.56,335
4/26/2013 13:08:18,4/26/2013,13:08:18,3.11,11.14,59.09,962.55,341
4/26/2013 13:08:33,4/26/2013,13:08:33,3.31,11.10,57.40,962.54,316
4/26/2013 13:08:48,4/26/2013,13:08:48,2.58,11.14,57.29,962.54,283
4/26/2013 13:09:03,4/26/2013,13:09:03,3.97,10.97,56.40,962.52,320
4/26/2013 13:09:18,4/26/2013,13:09:18,3.36,10.97,56.40,962.53,285
4/26/2013 13:09:33,4/26/2013,13:09:33,3.67,10.87,56.59,962.53,299
4/26/2013 13:09:48,4/26/2013,13:09:48,4.31,10.94,58.00,962.52,313
4/26/2013 13:10:03,4/26/2013,13:10:03,4.69,10.87,58.79,962.53,352
4/26/2013 13:10:18,4/26/2013,13:10:18,4.24,10.94,59.09,962.52,328
4/26/2013 13:10:33,4/26/2013,13:10:33,3.98,10.97,58.90,962.50,320
4/26/2013 13:10:48,4/26/2013,13:10:48,2.38,11.10,60.29,962.52,293
4/26/2013 13:11:03,4/26/2013,13:11:03,0.38,11.32,62.40,962.55,305
4/26/2013 13:11:18,4/26/2013,13:11:18,2.33,11.17,59.00,962.53,319
4/26/2013 13:11:33,4/26/2013,13:11:33,2.36,11.17,59.50,962.55,275
4/26/2013 13:11:48,4/26/2013,13:11:48,1.59,11.25,57.70,962.56,317
4/26/2013 13:12:03,4/26/2013,13:12:03,1.16,11.32,57.59,962.60,157
4/26/2013 13:12:18,4/26/2013,13:12:18,1.59,11.32,58.09,962.59,346
4/26/2013 13:12:33,4/26/2013,13:12:33,1.59,11.32,56.70,962.60,320
4/26/2013 13:12:48,4/26/2013,13:12:48,1.04,11.44,59.20,962.57,278
4/26/2013 13:13:03,4/26/2013,13:13:03,1.81,11.42,59.20,962.57,286
4/26/2013 13:13:18,4/26/2013,13:13:18,1.41,11.44,57.29,962.60,37
4/26/2013 13:13:33,4/26/2013,13:13:33,3.61,11.22,57.90,962.57,278
4/26/2013 13:13:48,4/26/2013,13:13:48,4.52,11.17,59.79,962.59,301
4/26/2013 13:14:03,4/26/2013,13:14:03,6.09,10.87,58.40,962.56,279
4/26/2013 13:14:18,4/26/2013,13:14:18,4.15,10.97,59.00,962.60,335
4/26/2013 13:14:33,4/26/2013,13:14:33,6.37,10.77,60.70,962.60,320
4/26/2013 13:14:48,4/26/2013,13:14:48,4.91,10.87,62.09,962.63,327
4/26/2013 13:15:03,4/26/2013,13:15:03,6.83,10.62,61.90,962.60,335
4/26/2013 13:15:18,4/26/2013,13:15:18,5.66,10.75,62.29,962.64,346
4/26/2013 13:15:33,4/26/2013,13:15:33,6.31,10.69,62.40,962.62,272
4/26/2013 13:15:48,4/26/2013,13:15:48,6.34,10.69,62.50,962.60,311
4/26/2013 13:16:03,4/26/2013,13:16:03,6.62,10.87,62.59,962.57,329
4/26/2013 13:16:18,4/26/2013,13:16:18,5.98,10.94,62.40,962.56,281
4/26/2013 13:16:33,4/26/2013,13:16:33,6.85,10.82,60.70,962.56,315
4/26/2013 13:16:48,4/26/2013,13:16:48,6.20,10.75,73.59,962.60,323
4/26/2013 13:17:03,4/26/2013,13:17:03,5.88,10.87,82.19,962.55,310
4/26/2013 13:17:18,4/26/2013,13:17:18,7.42,10.87,81.19,962.53,334
4/26/2013 13:17:33,4/26/2013,13:17:33,6.10,11.22,80.00,962.56,321
4/26/2013 13:17:48,4/26/2013,13:17:48,6.01,11.17,78.69,962.56,337
4/26/2013 13:18:03,4/26/2013,13:18:03,6.79,11.22,76.90,962.55,334
4/26/2013 13:18:18,4/26/2013,13:18:18,6.79,11.25,76.30,962.55,332
4/26/2013 13:18:33,4/26/2013,13:18:33,7.01,11.17,74.59,962.56,328
4/26/2013 13:18:48,4/26/2013,13:18:48,6.29,11.32,75.40,962.56,315
4/26/2013 13:19:03,4/26/2013,13:19:03,5.90,11.25,76.09,962.59,321
4/26/2013 13:19:18,4/26/2013,13:19:18,6.23,11.02,75.59,962.59,332
4/26/2013 13:19:33,4/26/2013,13:19:33,7.02,10.62,71.90,962.61,355
4/26/2013 13:19:48,4/26/2013,13:19:48,6.10,10.39,75.09,962.64,334
4/26/2013 13:20:03,4/26/2013,13:20:03,5.65,10.39,76.30,962.65,325
4/26/2013 13:20:18,4/26/2013,13:20:18,6.42,10.27,74.09,962.67,325
4/26/2013 13:20:33,4/26/2013,13:20:33,5.91,10.07,74.59,962.69,330
4/26/2013 13:20:48,4/26/2013,13:20:48,4.11,10.35,78.40,962.74,339
4/26/2013 13:21:03,4/26/2013,13:21:03,6.15,9.75,72.30,962.74,325
4/26/2013 13:21:18,4/26/2013,13:21:18,7.35,9.32,72.69,962.75,324
4/26/2013 13:21:33,4/26/2013,13:21:33,6.24,9.25,72.50,962.78,325
4/26/2013 13:21:48,4/26/2013,13:21:48,5.73,9.12,75.50,962.80,321
4/26/2013 13:22:03,4/26/2013,13:22:03,3.84,9.39,81.09,962.84,322
4/26/2013 13:22:18,4/26/2013,13:22:18,3.11,9.19,80.19,962.85,329
4/26/2013 13:22:33,4/26/2013,13:22:33,3.47,8.97,79.30,962.89,356
4/26/2013 13:22:48,4/26/2013,13:22:48,4.79,8.80,78.09,962.86,336
4/26/2013 13:23:03,4/26/2013,13:23:03,3.40,8.97,77.69,962.90,23
4/26/2013 13:23:18,4/26/2013,13:23:18,4.62,8.80,73.90,962.92,346
4/26/2013 13:23:33,4/26/2013,13:23:33,5.02,8.60,71.40,962.93,359
4/26/2013 13:23:48,4/26/2013,13:23:48,2.92,8.77,74.50,962.95,331
4/26/2013 13:24:03,4/26/2013,13:24:03,3.48,8.64,73.59,962.95,331
4/26/2013 13:24:18,4/26/2013,13:24:18,2.95,8.64,74.69,962.98,325
4/26/2013 13:24:33,4/26/2013,13:24:33,3.56,8.50,73.69,962.94,340
4/26/2013 13:24:48,4/26/2013,13:24:48,3.51,8.50,73.19,962.97,352
4/26/2013 13:25:03,4/26/2013,13:25:03,3.08,8.57,75.09,962.97,357
4/26/2013 13:25:18,4/26/2013,13:25:18,3.16,8.52,73.80,962.98,343
4/26/2013 13:25:33,4/26/2013,13:25:33,3.90,8.44,73.30,962.99,345
4/26/2013 13:25:48,4/26/2013,13:25:48,2.84,8.50,73.50,963.01,320
4/26/2013 13:26:03,4/26/2013,13:26:03,2.23,8.52,74.50,962.99,346
4/26/2013 13:26:18,4/26/2013,13:26:18,2.02,8.57,75.69,962.99,5
4/26/2013 13:26:33,4/26/2013,13:26:33,2.48,8.57,75.09,962.98,350
4/26/2013 13:26:48,4/26/2013,13:26:48,2.42,8.57,75.50,962.98,1
4/26/2013 13:27:03,4/26/2013,13:27:03,1.99,8.64,74.90,962.97,350
4/26/2013 13:27:18,4/26/2013,13:27:18,1.68,8.64,76.50,962.98,298
4/26/2013 13:27:33,4/26/2013,13:27:33,0.72,8.72,77.59,962.98,335
4/26/2013 13:27:48,4/26/2013,13:27:48,1.61,8.69,75.19,962.97,334
4/26/2013 13:28:03,4/26/2013,13:28:03,0.87,8.72,77.19,962.97,357
4/26/2013 13:28:18,4/26/2013,13:28:18,0.27,8.85,80.09,962.95,328
4/26/2013 13:28:33,4/26/2013,13:28:33,0.00,8.80,78.40,962.97,6
4/26/2013 13:28:48,4/26/2013,13:28:48,0.00,8.87,81.19,962.93,18
4/26/2013 13:29:03,4/26/2013,13:29:03,1.01,8.85,78.80,962.90,330
4/26/2013 13:29:18,4/26/2013,13:29:18,1.31,8.72,75.69,962.86,348
4/26/2013 13:29:33,4/26/2013,13:29:33,1.44,8.80,76.19,962.83,16
4/26/2013 13:29:48,4/26/2013,13:29:48,1.58,8.80,76.09,962.79,340
4/26/2013 13:30:03,4/26/2013,13:30:03,1.52,8.77,74.00,962.79,357
4/26/2013 13:30:18,4/26/2013,13:30:18,1.09,8.85,76.30,962.78,351
4/26/2013 13:30:33,4/26/2013,13:30:33,1.34,8.92,76.00,962.78,10
4/26/2013 13:30:48,4/26/2013,13:30:48,1.80,8.92,77.19,962.77,341
4/26/2013 13:31:03,4/26/2013,13:31:03,1.55,8.87,75.40,962.77,291
4/26/2013 13:31:18,4/26/2013,13:31:18,1.88,8.87,74.30,962.76,333
4/26/2013 13:31:33,4/26/2013,13:31:33,2.30,8.87,73.00,962.76,15
4/26/2013 13:31:48,4/26/2013,13:31:48,2.20,8.92,73.09,962.75,10
4/26/2013 13:32:03,4/26/2013,13:32:03,1.41,9.00,74.80,962.75,320
4/26/2013 13:32:18,4/26/2013,13:32:18,0.63,9.12,75.50,962.72,335
4/26/2013 13:32:33,4/26/2013,13:32:33,0.72,9.19,76.40,962.71,6
4/26/2013 13:32:48,4/26/2013,13:32:48,1.37,9.27,73.90,962.71,304
4/26/2013 13:33:03,4/26/2013,13:33:03,1.06,9.39,72.90,962.70,335
4/26/2013 13:33:18,4/26/2013,13:33:18,1.41,9.47,72.40,962.64,342
4/26/2013 13:33:33,4/26/2013,13:33:33,1.23,9.52,74.69,962.61,357
4/26/2013 13:33:48,4/26/2013,13:33:48,1.98,9.47,71.09,962.62,342
4/26/2013 13:34:03,4/26/2013,13:34:03,1.69,9.75,75.40,962.62,26
4/26/2013 13:34:18,4/26/2013,13:34:18,1.06,9.92,77.00,962.61,332
4/26/2013 13:34:33,4/26/2013,13:34:33,2.45,9.75,70.09,962.60,354
4/26/2013 13:34:48,4/26/2013,13:34:48,2.48,9.82,70.69,962.60,349
4/26/2013 13:35:03,4/26/2013,13:35:03,2.38,9.92,69.80,962.61,339
4/26/2013 13:35:18,4/26/2013,13:35:18,2.42,10.22,71.80,962.60,327
4/26/2013 13:35:33,4/26/2013,13:35:33,2.15,10.14,70.50,962.60,334
4/26/2013 13:35:48,4/26/2013,13:35:48,2.88,10.00,65.69,962.61,17
4/26/2013 13:36:03,4/26/2013,13:36:03,3.62,10.00,66.59,962.60,334
4/26/2013 13:36:18,4/26/2013,13:36:18,3.69,9.92,64.80,962.60,297
4/26/2013 13:36:33,4/26/2013,13:36:33,3.06,10.00,66.59,962.60,339
4/26/2013 13:36:48,4/26/2013,13:36:48,2.41,10.14,68.40,962.60,326
4/26/2013 13:37:03,4/26/2013,13:37:03,3.72,10.00,66.00,962.57,8
4/26/2013 13:37:18,4/26/2013,13:37:18,2.56,10.02,64.09,962.56,326
4/26/2013 13:37:33,4/26/2013,13:37:33,2.16,10.07,64.40,962.57,349
4/26/2013 13:37:48,4/26/2013,13:37:48,1.54,10.22,64.80,962.60,330
4/26/2013 13:38:03,4/26/2013,13:38:03,4.17,10.10,65.50,962.55,337
4/26/2013 13:38:18,4/26/2013,13:38:18,3.76,10.07,64.19,962.54,318
4/26/2013 13:38:33,4/26/2013,13:38:33,2.74,10.14,64.69,962.54,300
4/26/2013 13:38:48,4/26/2013,13:38:48,3.16,10.22,65.80,962.54,337
4/26/2013 13:39:03,4/26/2013,13:39:03,2.08,10.62,69.69,962.54,16
4/26/2013 13:39:18,4/26/2013,13:39:18,2.69,10.50,66.30,962.54,5
4/26/2013 13:39:33,4/26/2013,13:39:33,1.81,10.55,63.70,962.52,352
4/26/2013 13:39:48,4/26/2013,13:39:48,0.94,10.87,68.09,962.52,329
4/26/2013 13:40:03,4/26/2013,13:40:03,1.59,10.87,66.09,962.49,336
4/26/2013 13:40:18,4/26/2013,13:40:18,1.88,11.17,67.69,962.46,337
4/26/2013 13:40:33,4/26/2013,13:40:33,0.83,11.44,69.00,962.46,1
4/26/2013 13:40:48,4/26/2013,13:40:48,1.15,11.57,68.09,962.44,46
4/26/2013 13:41:03,4/26/2013,13:41:03,2.62,11.25,63.79,962.41,40
4/26/2013 13:41:18,4/26/2013,13:41:18,2.72,11.32,65.19,962.41,49
4/26/2013 13:41:33,4/26/2013,13:41:33,2.63,11.32,63.40,962.39,17
4/26/2013 13:41:48,4/26/2013,13:41:48,2.04,11.50,63.40,962.39,25
4/26/2013 13:42:03,4/26/2013,13:42:03,2.48,11.57,62.79,962.37,0
4/26/2013 13:42:18,4/26/2013,13:42:18,3.29,11.25,60.50,962.35,354
4/26/2013 13:42:33,4/26/2013,13:42:33,2.54,11.32,60.00,962.37,348
4/26/2013 13:42:48,4/26/2013,13:42:48,2.84,11.37,60.40,962.38,0
4/26/2013 13:43:03,4/26/2013,13:43:03,2.16,11.64,62.70,962.37,352
4/26/2013 13:43:18,4/26/2013,13:43:18,3.09,11.62,62.59,962.38,34
4/26/2013 13:43:33,4/26/2013,13:43:33,3.59,11.52,62.00,962.37,33
4/26/2013 13:43:48,4/26/2013,13:43:48,2.73,11.72,61.50,962.38,25
4/26/2013 13:44:03,4/26/2013,13:44:03,1.83,11.80,60.79,962.37,335
4/26/2013 13:44:18,4/26/2013,13:44:18,2.24,11.89,61.09,962.34,320
4/26/2013 13:44:33,4/26/2013,13:44:33,2.13,12.17,64.09,962.33,31
4/26/2013 13:44:48,4/26/2013,13:44:48,1.91,12.32,62.70,962.31,47
4/26/2013 13:45:03,4/26/2013,13:45:03,3.12,11.97,58.59,962.29,22
4/26/2013 13:45:18,4/26/2013,13:45:18,1.62,12.37,59.20,962.30,1
4/26/2013 13:45:33,4/26/2013,13:45:33,2.22,12.37,60.70,962.27,357
4/26/2013 13:45:48,4/26/2013,13:45:48,1.13,12.67,62.20,962.29,330
4/26/2013 13:46:03,4/26/2013,13:46:03,1.23,12.85,60.50,962.25,13
4/26/2013 13:46:18,4/26/2013,13:46:18,1.18,12.94,60.09,962.22,8
4/26/2013 13:46:33,4/26/2013,13:46:33,2.69,12.64,57.70,962.22,18
4/26/2013 13:46:48,4/26/2013,13:46:48,2.90,12.75,60.00,962.22,348
4/26/2013 13:47:03,4/26/2013,13:47:03,3.61,12.75,60.59,962.21,335
4/26/2013 13:47:18,4/26/2013,13:47:18,2.91,12.72,57.90,962.21,336
4/26/2013 13:47:33,4/26/2013,13:47:33,2.74,12.60,55.09,962.23,335
4/26/2013 13:47:48,4/26/2013,13:47:48,2.79,12.52,53.79,962.23,345
4/26/2013 13:48:03,4/26/2013,13:48:03,2.94,12.44,53.40,962.22,345
4/26/2013 13:48:18,4/26/2013,13:48:18,2.69,12.39,52.50,962.24,3
4/26/2013 13:48:33,4/26/2013,13:48:33,2.15,12.92,57.40,962.22,326
4/26/2013 13:48:48,4/26/2013,13:48:48,1.93,13.07,57.50,962.21,359
4/26/2013 13:49:03,4/26/2013,13:49:03,1.52,13.47,60.09,962.19,357
4/26/2013 13:49:18,4/26/2013,13:49:18,1.62,13.55,57.90,962.19,14
4/26/2013 13:49:33,4/26/2013,13:49:33,1.63,13.60,56.20,962.14,321
4/26/2013 13:49:48,4/26/2013,13:49:48,2.48,13.12,52.59,962.12,330
4/26/2013 13:50:03,4/26/2013,13:50:03,2.13,13.30,54.50,962.11,353
4/26/2013 13:50:18,4/26/2013,13:50:18,1.80,13.60,57.29,962.11,3
4/26/2013 13:50:33,4/26/2013,13:50:33,2.38,13.55,59.70,962.12,321
4/26/2013 13:50:48,4/26/2013,13:50:48,1.51,13.82,56.50,962.11,337
4/26/2013 13:51:03,4/26/2013,13:51:03,1.58,13.87,56.40,962.09,334
4/26/2013 13:51:18,4/26/2013,13:51:18,0.79,14.42,58.40,962.08,2
4/26/2013 13:51:33,4/26/2013,13:51:33,2.04,13.94,55.50,962.02,297
4/26/2013 13:51:48,4/26/2013,13:51:48,3.94,13.42,55.79,962.03,20
4/26/2013 13:52:03,4/26/2013,13:52:03,3.16,13.67,55.79,962.08,30
4/26/2013 13:52:18,4/26/2013,13:52:18,2.59,13.87,59.40,962.12,0
4/26/2013 13:52:33,4/26/2013,13:52:33,2.13,13.82,58.09,962.16,3
4/26/2013 13:52:48,4/26/2013,13:52:48,2.18,13.50,54.79,962.19,339
4/26/2013 13:53:03,4/26/2013,13:53:03,3.54,13.07,54.40,962.24,358
4/26/2013 13:53:18,4/26/2013,13:53:18,2.34,13.22,55.59,962.30,330
4/26/2013 13:53:33,4/26/2013,13:53:33,3.01,12.94,54.50,962.31,347
4/26/2013 13:53:48,4/26/2013,13:53:48,3.83,12.52,52.70,962.32,355
4/26/2013 13:54:03,4/26/2013,13:54:03,5.95,12.19,54.59,962.32,355
4/26/2013 13:54:18,4/26/2013,13:54:18,5.69,12.12,56.20,962.38,351
4/26/2013 13:54:33,4/26/2013,13:54:33,5.56,11.89,55.59,962.44,324
4/26/2013 13:54:48,4/26/2013,13:54:48,4.85,11.72,54.70,962.46,359
4/26/2013 13:55:03,4/26/2013,13:55:03,4.04,11.80,57.59,962.48,327
4/26/2013 13:55:18,4/26/2013,13:55:18,4.04,11.77,58.29,962.50,301
4/26/2013 13:55:33,4/26/2013,13:55:33,4.87,11.52,57.40,962.48,329
4/26/2013 13:55:48,4/26/2013,13:55:48,4.11,11.42,56.09,962.49,287
4/26/2013 13:56:03,4/26/2013,13:56:03,3.70,11.42,57.59,962.53,318
4/26/2013 13:56:18,4/26/2013,13:56:18,4.38,11.30,59.09,962.55,329
4/26/2013 13:56:33,4/26/2013,13:56:33,3.98,11.25,57.79,962.60,7
4/26/2013 13:56:48,4/26/2013,13:56:48,2.99,11.25,58.20,962.60,8
4/26/2013 13:57:03,4/26/2013,13:57:03,3.44,11.14,57.90,962.60,310
4/26/2013 13:57:18,4/26/2013,13:57:18,5.73,10.77,57.20,962.56,336
4/26/2013 13:57:33,4/26/2013,13:57:33,4.77,10.82,58.20,962.61,308
4/26/2013 13:57:48,4/26/2013,13:57:48,5.34,10.75,59.90,962.59,309
4/26/2013 13:58:03,4/26/2013,13:58:03,5.23,10.62,58.90,962.55,313
4/26/2013 13:58:18,4/26/2013,13:58:18,5.44,10.50,59.20,962.56,333
4/26/2013 13:58:33,4/26/2013,13:58:33,4.42,10.47,58.50,962.59,323
4/26/2013 13:58:48,4/26/2013,13:58:48,3.58,10.55,60.79,962.60,332
4/26/2013 13:59:03,4/26/2013,13:59:03,4.31,10.39,59.40,962.61,298
4/26/2013 13:59:18,4/26/2013,13:59:18,3.02,10.50,61.29,962.64,333
4/26/2013 13:59:33,4/26/2013,13:59:33,3.19,10.39,60.09,962.63,332
4/26/2013 13:59:48,4/26/2013,13:59:48,2.48,10.42,58.59,962.63,332
4/26/2013 14:00:03,4/26/2013,14:00:03,4.40,10.19,59.00,962.62,323
4/26/2013 14:00:18,4/26/2013,14:00:18,5.27,10.07,60.20,962.62,344
4/26/2013 14:00:33,4/26/2013,14:00:33,4.16,10.02,59.40,962.64,340
4/26/2013 14:00:48,4/26/2013,14:00:48,1.94,10.22,61.70,962.67,0
4/26/2013 14:01:03,4/26/2013,14:01:03,2.67,10.02,60.09,962.68,351
4/26/2013 14:01:18,4/26/2013,14:01:18,4.66,9.82,61.00,962.65,301
4/26/2013 14:01:33,4/26/2013,14:01:33,3.66,9.87,64.09,962.65,345
4/26/2013 14:01:48,4/26/2013,14:01:48,3.67,9.60,63.20,962.65,8
4/26/2013 14:02:03,4/26/2013,14:02:03,4.76,9.25,65.80,962.69,298
4/26/2013 14:02:18,4/26/2013,14:02:18,3.65,9.25,66.50,962.69,339
4/26/2013 14:02:33,4/26/2013,14:02:33,3.56,9.25,68.40,962.68,9
4/26/2013 14:02:48,4/26/2013,14:02:48,3.55,9.07,65.50,962.67,339
4/26/2013 14:03:03,4/26/2013,14:03:03,2.24,9.25,69.30,962.71,284
4/26/2013 14:03:18,4/26/2013,14:03:18,3.61,9.00,66.80,962.71,343
4/26/2013 14:03:33,4/26/2013,14:03:33,3.81,8.92,65.09,962.69,357
4/26/2013 14:03:48,4/26/2013,14:03:48,3.95,8.85,66.40,962.72,330
4/26/2013 14:04:03,4/26/2013,14:04:03,4.42,8.80,66.90,962.68,0
4/26/2013 14:04:18,4/26/2013,14:04:18,2.83,8.87,69.90,962.68,327
4/26/2013 14:04:33,4/26/2013,14:04:33,2.90,8.85,67.50,962.68,358
4/26/2013 14:04:48,4/26/2013,14:04:48,2.87,8.80,68.50,962.65,320
4/26/2013 14:05:03,4/26/2013,14:05:03,2.62,8.80,68.90,962.63,1
4/26/2013 14:05:18,4/26/2013,14:05:18,2.12,8.85,68.30,962.63,4
4/26/2013 14:05:33,4/26/2013,14:05:33,1.62,8.85,70.40,962.62,343
4/26/2013 14:05:48,4/26/2013,14:05:48,2.92,8.72,67.80,962.57,37
4/26/2013 14:06:03,4/26/2013,14:06:03,2.05,8.77,69.40,962.60,32
4/26/2013 14:06:18,4/26/2013,14:06:18,1.66,8.80,69.69,962.56,350
4/26/2013 14:06:33,4/26/2013,14:06:33,1.69,8.80,69.30,962.54,0
4/26/2013 14:06:48,4/26/2013,14:06:48,1.86,8.77,68.19,962.52,20
4/26/2013 14:07:03,4/26/2013,14:07:03,2.02,8.72,68.69,962.50,29
4/26/2013 14:07:18,4/26/2013,14:07:18,1.18,8.80,70.30,962.52,41
4/26/2013 14:07:33,4/26/2013,14:07:33,1.88,8.77,69.90,962.52,1
4/26/2013 14:07:48,4/26/2013,14:07:48,1.99,8.72,68.00,962.49,19
4/26/2013 14:08:03,4/26/2013,14:08:03,1.12,8.80,70.19,962.50,31
4/26/2013 14:08:18,4/26/2013,14:08:18,1.58,8.85,69.00,962.48,47
4/26/2013 14:08:33,4/26/2013,14:08:33,0.54,8.97,72.19,962.52,335
4/26/2013 14:08:48,4/26/2013,14:08:48,0.62,9.05,73.80,962.50,14
4/26/2013 14:09:03,4/26/2013,14:09:03,2.16,8.92,67.80,962.48,0
4/26/2013 14:09:18,4/26/2013,14:09:18,2.66,8.87,66.59,962.46,357
4/26/2013 14:09:33,4/26/2013,14:09:33,1.47,8.97,67.00,962.46,19
4/26/2013 14:09:48,4/26/2013,14:09:48,0.86,9.05,70.40,962.47,334
4/26/2013 14:10:03,4/26/2013,14:10:03,0.29,9.12,69.19,962.48,335
4/26/2013 14:10:18,4/26/2013,14:10:18,0.98,9.25,70.40,962.46,21
4/26/2013 14:10:33,4/26/2013,14:10:33,0.87,9.27,70.40,962.46,4
4/26/2013 14:10:48,4/26/2013,14:10:48,2.01,9.19,66.40,962.42,347
4/26/2013 14:11:03,4/26/2013,14:11:03,2.31,9.19,63.20,962.40,350
4/26/2013 14:11:18,4/26/2013,14:11:18,1.59,9.27,65.19,962.39,7
4/26/2013 14:11:33,4/26/2013,14:11:33,1.19,9.35,66.30,962.38,346
4/26/2013 14:11:48,4/26/2013,14:11:48,1.16,9.44,67.09,962.35,10
4/26/2013 14:12:03,4/26/2013,14:12:03,0.68,9.55,66.90,962.34,354
4/26/2013 14:12:18,4/26/2013,14:12:18,0.00,9.75,67.80,962.37,350
4/26/2013 14:12:33,4/26/2013,14:12:33,0.00,10.00,74.50,962.38,3
4/26/2013 14:12:48,4/26/2013,14:12:48,0.00,10.10,70.80,962.35,340
4/26/2013 14:13:03,4/26/2013,14:13:03,0.94,10.07,66.50,962.30,3
4/26/2013 14:13:18,4/26/2013,14:13:18,0.94,10.19,66.69,962.27,358
4/26/2013 14:13:33,4/26/2013,14:13:33,1.01,10.27,64.69,962.25,24
4/26/2013 14:13:48,4/26/2013,14:13:48,1.01,10.39,65.09,962.24,308
4/26/2013 14:14:03,4/26/2013,14:14:03,1.97,10.30,62.59,962.21,325
4/26/2013 14:14:18,4/26/2013,14:14:18,2.18,10.30,60.50,962.19,338
4/26/2013 14:14:33,4/26/2013,14:14:33,1.97,10.50,61.70,962.19,276
4/26/2013 14:14:48,4/26/2013,14:14:48,2.06,10.57,63.90,962.17,300
4/26/2013 14:15:03,4/26/2013,14:15:03,1.31,10.87,67.59,962.16,354
4/26/2013 14:15:18,4/26/2013,14:15:18,0.49,11.02,66.19,962.18,8
4/26/2013 14:15:33,4/26/2013,14:15:33,1.12,11.22,66.90,962.14,16
4/26/2013 14:15:48,4/26/2013,14:15:48,1.01,11.32,68.80,962.12,22
4/26/2013 14:16:03,4/26/2013,14:16:03,0.62,11.42,63.40,962.14,19
4/26/2013 14:16:18,4/26/2013,14:16:18,1.38,11.44,62.00,962.08,69
4/26/2013 14:16:33,4/26/2013,14:16:33,1.58,11.32,56.79,962.07,0
4/26/2013 14:16:48,4/26/2013,14:16:48,1.61,11.42,57.90,962.06,346
4/26/2013 14:17:03,4/26/2013,14:17:03,1.43,11.57,59.70,962.06,316
4/26/2013 14:17:18,4/26/2013,14:17:18,0.99,11.80,60.29,962.07,2
4/26/2013 14:17:33,4/26/2013,14:17:33,0.90,11.92,61.20,962.08,327
4/26/2013 14:17:48,4/26/2013,14:17:48,1.47,12.12,64.59,962.06,334
4/26/2013 14:18:03,4/26/2013,14:18:03,2.12,11.80,56.79,962.04,322
4/26/2013 14:18:18,4/26/2013,14:18:18,2.73,11.62,52.00,962.03,318
4/26/2013 14:18:33,4/26/2013,14:18:33,1.95,11.72,52.70,962.03,331
4/26/2013 14:18:48,4/26/2013,14:18:48,2.48,11.80,55.79,962.02,306
4/26/2013 14:19:03,4/26/2013,14:19:03,2.48,11.85,54.79,962.02,294
4/26/2013 14:19:18,4/26/2013,14:19:18,2.58,12.05,58.09,962.01,20
4/26/2013 14:19:33,4/26/2013,14:19:33,1.34,12.05,52.90,962.02,358
4/26/2013 14:19:48,4/26/2013,14:19:48,0.76,12.32,52.79,962.02,11
4/26/2013 14:20:03,4/26/2013,14:20:03,0.87,12.60,56.59,962.01,344
4/26/2013 14:20:18,4/26/2013,14:20:18,1.13,12.75,56.40,961.99,2
4/26/2013 14:20:33,4/26/2013,14:20:33,2.11,12.37,50.59,961.96,358
4/26/2013 14:20:48,4/26/2013,14:20:48,1.80,12.52,52.50,961.93,11
4/26/2013 14:21:03,4/26/2013,14:21:03,2.90,12.32,51.90,961.88,47
4/26/2013 14:21:18,4/26/2013,14:21:18,1.88,12.64,52.50,961.89,29
4/26/2013 14:21:33,4/26/2013,14:21:33,1.08,13.00,54.79,961.89,12
4/26/2013 14:21:48,4/26/2013,14:21:48,1.15,13.00,52.70,961.89,266
4/26/2013 14:22:03,4/26/2013,14:22:03,1.49,13.14,54.70,961.86,337
4/26/2013 14:22:18,4/26/2013,14:22:18,1.81,13.30,57.90,961.84,317
4/26/2013 14:22:33,4/26/2013,14:22:33,1.87,13.14,54.59,961.83,337
4/26/2013 14:22:48,4/26/2013,14:22:48,0.97,13.42,54.50,961.85,346
4/26/2013 14:23:03,4/26/2013,14:23:03,1.26,13.47,53.59,961.86,13
4/26/2013 14:23:18,4/26/2013,14:23:18,1.44,13.60,53.79,961.86,21
4/26/2013 14:23:33,4/26/2013,14:23:33,1.29,13.77,54.50,961.83,233
4/26/2013 14:23:48,4/26/2013,14:23:48,1.23,13.69,52.90,961.80,335
4/26/2013 14:24:03,4/26/2013,14:24:03,1.13,13.55,47.90,961.80,290
4/26/2013 14:24:18,4/26/2013,14:24:18,1.59,13.67,54.29,961.79,355
4/26/2013 14:24:33,4/26/2013,14:24:33,0.81,13.69,51.29,961.83,336
4/26/2013 14:24:48,4/26/2013,14:24:48,2.19,13.07,50.00,961.81,359
4/26/2013 14:25:03,4/26/2013,14:25:03,1.15,13.22,48.20,961.84,351
4/26/2013 14:25:18,4/26/2013,14:25:18,0.45,13.55,48.20,961.85,359
4/26/2013 14:25:33,4/26/2013,14:25:33,0.43,13.50,48.20,961.86,320
4/26/2013 14:25:48,4/26/2013,14:25:48,1.87,13.30,49.40,961.84,8
4/26/2013 14:26:03,4/26/2013,14:26:03,2.12,13.35,51.90,961.83,31
4/26/2013 14:26:18,4/26/2013,14:26:18,2.36,13.07,47.40,961.81,41
4/26/2013 14:26:33,4/26/2013,14:26:33,1.91,13.39,50.79,961.78,25
4/26/2013 14:26:48,4/26/2013,14:26:48,1.37,13.62,49.20,961.78,16
4/26/2013 14:27:03,4/26/2013,14:27:03,0.90,13.87,50.70,961.78,52
4/26/2013 14:27:18,4/26/2013,14:27:18,1.22,13.87,50.09,961.74,6
4/26/2013 14:27:33,4/26/2013,14:27:33,1.15,14.05,52.09,961.73,348
4/26/2013 14:27:48,4/26/2013,14:27:48,1.83,14.02,52.20,961.71,10
4/26/2013 14:28:03,4/26/2013,14:28:03,2.40,13.89,52.00,961.71,13
4/26/2013 14:28:18,4/26/2013,14:28:18,2.23,13.67,49.09,961.71,355
4/26/2013 14:28:33,4/26/2013,14:28:33,2.33,13.55,48.79,961.72,331
4/26/2013 14:28:48,4/26/2013,14:28:48,1.29,14.10,51.20,961.73,39
4/26/2013 14:29:03,4/26/2013,14:29:03,1.91,14.05,52.40,961.72,344
4/26/2013 14:29:18,4/26/2013,14:29:18,1.79,14.02,49.79,961.71,321
4/26/2013 14:29:33,4/26/2013,14:29:33,1.30,14.30,51.50,961.70,328
4/26/2013 14:29:48,4/26/2013,14:29:48,1.87,14.05,49.90,961.71,338
4/26/2013 14:30:03,4/26/2013,14:30:03,1.90,14.17,52.90,961.69,327
4/26/2013 14:30:18,4/26/2013,14:30:18,2.52,13.87,50.90,961.70,310
4/26/2013 14:30:33,4/26/2013,14:30:33,1.55,14.17,50.90,961.72,359
4/26/2013 14:30:48,4/26/2013,14:30:48,0.68,14.62,52.09,961.72,0
4/26/2013 14:31:03,4/26/2013,14:31:03,1.02,14.57,51.50,961.72,4
4/26/2013 14:31:18,4/26/2013,14:31:18,1.86,14.42,51.70,961.69,15
4/26/2013 14:31:33,4/26/2013,14:31:33,1.47,14.42,51.00,961.68,355
4/26/2013 14:31:48,4/26/2013,14:31:48,1.13,14.52,51.90,961.71,13
4/26/2013 14:32:03,4/26/2013,14:32:03,2.30,14.17,50.90,961.70,30
4/26/2013 14:32:18,4/26/2013,14:32:18,2.76,13.97,50.50,961.69,25
4/26/2013 14:32:33,4/26/2013,14:32:33,2.88,13.87,52.00,961.69,5
4/26/2013 14:32:48,4/26/2013,14:32:48,1.26,14.42,53.20,961.70,7
4/26/2013 14:33:03,4/26/2013,14:33:03,0.87,14.35,49.40,961.71,38
4/26/2013 14:33:18,4/26/2013,14:33:18,2.41,13.87,50.79,961.69,49
4/26/2013 14:33:33,4/26/2013,14:33:33,1.91,13.94,51.90,961.71,36
4/26/2013 14:33:48,4/26/2013,14:33:48,1.74,13.89,50.90,961.72,4
4/26/2013 14:34:03,4/26/2013,14:34:03,2.54,13.67,50.59,961.71,11
4/26/2013 14:34:18,4/26/2013,14:34:18,1.45,14.14,53.70,961.72,343
4/26/2013 14:34:33,4/26/2013,14:34:33,1.26,13.77,47.09,961.72,1
4/26/2013 14:34:48,4/26/2013,14:34:48,1.58,13.82,49.79,961.73,11
4/26/2013 14:35:03,4/26/2013,14:35:03,0.87,14.30,51.59,961.73,28
4/26/2013 14:35:18,4/26/2013,14:35:18,0.16,14.64,48.70,961.73,3
4/26/2013 14:35:33,4/26/2013,14:35:33,1.11,14.44,52.29,961.71,96
4/26/2013 14:35:48,4/26/2013,14:35:48,0.83,14.64,52.09,961.69,9
4/26/2013 14:36:03,4/26/2013,14:36:03,2.63,14.02,51.20,961.69,22
4/26/2013 14:36:18,4/26/2013,14:36:18,1.33,14.57,53.40,961.70,8
4/26/2013 14:36:33,4/26/2013,14:36:33,1.88,14.64,56.29,961.68,99
4/26/2013 14:36:48,4/26/2013,14:36:48,2.80,14.17,51.09,961.68,47
4/26/2013 14:37:03,4/26/2013,14:37:03,2.40,14.25,52.90,961.68,335
4/26/2013 14:37:18,4/26/2013,14:37:18,2.65,14.02,49.29,961.69,351
4/26/2013 14:37:33,4/26/2013,14:37:33,1.79,14.37,50.70,961.66,5
4/26/2013 14:37:48,4/26/2013,14:37:48,1.80,14.50,51.50,961.68,344
4/26/2013 14:38:03,4/26/2013,14:38:03,1.95,14.30,49.79,961.66,330
4/26/2013 14:38:18,4/26/2013,14:38:18,2.58,14.25,50.40,961.66,336
4/26/2013 14:38:33,4/26/2013,14:38:33,2.05,14.17,48.59,961.66,7
4/26/2013 14:38:48,4/26/2013,14:38:48,1.66,14.42,51.20,961.63,11
4/26/2013 14:39:03,4/26/2013,14:39:03,2.49,14.22,50.00,961.63,304
4/26/2013 14:39:18,4/26/2013,14:39:18,2.49,14.10,48.50,961.63,5
4/26/2013 14:39:33,4/26/2013,14:39:33,1.73,14.42,49.20,961.64,46
4/26/2013 14:39:48,4/26/2013,14:39:48,1.41,14.42,48.09,961.63,56
4/26/2013 14:40:03,4/26/2013,14:40:03,0.97,14.77,50.70,961.62,328
4/26/2013 14:40:18,4/26/2013,14:40:18,1.62,14.62,51.29,961.58,325
4/26/2013 14:40:33,4/26/2013,14:40:33,2.20,14.35,50.29,961.59,340
4/26/2013 14:40:48,4/26/2013,14:40:48,2.09,14.57,53.59,961.59,1
4/26/2013 14:41:03,4/26/2013,14:41:03,2.37,14.14,47.50,961.59,6
4/26/2013 14:41:18,4/26/2013,14:41:18,0.97,14.77,50.40,961.58,55
4/26/2013 14:41:33,4/26/2013,14:41:33,2.77,14.05,47.90,961.57,1
4/26/2013 14:41:48,4/26/2013,14:41:48,2.47,14.02,48.09,961.58,12
4/26/2013 14:42:03,4/26/2013,14:42:03,1.16,14.72,51.70,961.58,37
4/26/2013 14:42:18,4/26/2013,14:42:18,2.52,14.35,50.00,961.57,77
4/26/2013 14:42:33,4/26/2013,14:42:33,2.16,14.35,50.00,961.58,33
4/26/2013 14:42:48,4/26/2013,14:42:48,2.77,13.97,48.70,961.56,35
4/26/2013 14:43:03,4/26/2013,14:43:03,2.84,14.02,49.79,961.56,53
4/26/2013 14:43:18,4/26/2013,14:43:18,2.38,14.17,50.50,961.54,25
4/26/2013 14:43:33,4/26/2013,14:43:33,2.51,14.02,49.40,961.54,58
4/26/2013 14:43:48,4/26/2013,14:43:48,4.15,13.77,51.20,961.49,35
4/26/2013 14:44:03,4/26/2013,14:44:03,1.91,14.57,55.90,961.53,342
4/26/2013 14:44:18,4/26/2013,14:44:18,1.98,14.57,53.09,961.51,11
4/26/2013 14:44:33,4/26/2013,14:44:33,1.79,14.17,47.29,961.51,3
4/26/2013 14:44:48,4/26/2013,14:44:48,1.38,14.22,46.70,961.51,33
4/26/2013 14:45:03,4/26/2013,14:45:03,1.48,14.25,48.59,961.53,0
4/26/2013 14:45:18,4/26/2013,14:45:18,1.40,14.44,49.59,961.51,34
4/26/2013 14:45:33,4/26/2013,14:45:33,0.23,14.72,47.29,961.50,305
4/26/2013 14:45:48,4/26/2013,14:45:48,2.73,14.50,52.70,961.45,337
4/26/2013 14:46:03,4/26/2013,14:46:03,3.42,14.37,54.29,961.46,356
4/26/2013 14:46:18,4/26/2013,14:46:18,4.59,13.82,51.79,961.47,41
4/26/2013 14:46:33,4/26/2013,14:46:33,4.29,13.69,51.40,961.48,359
4/26/2013 14:46:48,4/26/2013,14:46:48,3.48,13.97,53.20,961.49,16
4/26/2013 14:47:03,4/26/2013,14:47:03,3.70,13.55,49.90,961.50,58
4/26/2013 14:47:18,4/26/2013,14:47:18,2.56,13.75,50.29,961.50,34
4/26/2013 14:47:33,4/26/2013,14:47:33,1.90,13.77,49.20,961.53,14
4/26/2013 14:47:48,4/26/2013,14:47:48,1.90,13.77,51.59,961.55,19
4/26/2013 14:48:03,4/26/2013,14:48:03,1.91,13.89,52.90,961.56,8
4/26/2013 14:48:18,4/26/2013,14:48:18,0.86,14.05,52.50,961.57,34
4/26/2013 14:48:33,4/26/2013,14:48:33,1.24,13.94,53.20,961.59,49
4/26/2013 14:48:48,4/26/2013,14:48:48,1.55,13.69,52.40,961.61,28
4/26/2013 14:49:03,4/26/2013,14:49:03,2.29,13.27,49.79,961.61,52
4/26/2013 14:49:18,4/26/2013,14:49:18,1.41,13.47,51.00,961.64,60
4/26/2013 14:49:33,4/26/2013,14:49:33,0.93,13.55,51.00,961.64,72
4/26/2013 14:49:48,4/26/2013,14:49:48,2.26,13.22,53.70,961.64,25
4/26/2013 14:50:03,4/26/2013,14:50:03,1.29,13.22,53.50,961.66,0
4/26/2013 14:50:18,4/26/2013,14:50:18,1.26,13.30,55.79,961.66,341
4/26/2013 14:50:33,4/26/2013,14:50:33,2.59,12.85,52.09,961.69,0
4/26/2013 14:50:48,4/26/2013,14:50:48,2.67,12.67,53.00,961.74,28
4/26/2013 14:51:03,4/26/2013,14:51:03,2.05,12.75,54.29,961.72,31
4/26/2013 14:51:18,4/26/2013,14:51:18,3.02,12.44,55.40,961.73,17
4/26/2013 14:51:33,4/26/2013,14:51:33,2.62,12.37,54.79,961.76,0
4/26/2013 14:51:48,4/26/2013,14:51:48,2.02,12.44,56.20,961.77,351
4/26/2013 14:52:03,4/26/2013,14:52:03,2.54,12.19,56.40,961.80,58
4/26/2013 14:52:18,4/26/2013,14:52:18,3.77,11.89,56.40,961.80,319
4/26/2013 14:52:33,4/26/2013,14:52:33,3.05,11.85,56.09,961.84,22
4/26/2013 14:52:48,4/26/2013,14:52:48,2.40,11.85,56.70,961.86,350
4/26/2013 14:53:03,4/26/2013,14:53:03,2.51,11.72,55.59,961.86,5
4/26/2013 14:53:18,4/26/2013,14:53:18,2.41,11.64,55.50,961.86,344
4/26/2013 14:53:33,4/26/2013,14:53:33,3.26,11.44,56.09,961.86,7
4/26/2013 14:53:48,4/26/2013,14:53:48,2.37,11.50,57.29,961.87,14
4/26/2013 14:54:03,4/26/2013,14:54:03,1.45,11.64,57.90,961.89,22
4/26/2013 14:54:18,4/26/2013,14:54:18,2.55,11.32,57.40,961.91,358
4/26/2013 14:54:33,4/26/2013,14:54:33,2.66,11.25,57.59,961.88,346
4/26/2013 14:54:48,4/26/2013,14:54:48,3.09,11.10,57.50,961.88,9
4/26/2013 14:55:03,4/26/2013,14:55:03,3.73,10.94,56.40,961.91,349
4/26/2013 14:55:18,4/26/2013,14:55:18,3.41,10.87,56.29,961.92,25
4/26/2013 14:55:33,4/26/2013,14:55:33,2.97,10.47,58.90,961.92,343
4/26/2013 14:55:48,4/26/2013,14:55:48,1.01,10.57,64.59,961.94,9
4/26/2013 14:56:03,4/26/2013,14:56:03,1.91,10.39,62.70,961.96,348
4/26/2013 14:56:18,4/26/2013,14:56:18,3.38,9.94,64.09,961.95,3
4/26/2013 14:56:33,4/26/2013,14:56:33,3.11,9.92,65.40,961.97,13
4/26/2013 14:56:48,4/26/2013,14:56:48,1.93,10.19,69.80,962.00,331
4/26/2013 14:57:03,4/26/2013,14:57:03,2.11,10.14,69.00,962.01,348
4/26/2013 14:57:18,4/26/2013,14:57:18,2.02,10.22,66.09,962.00,337
4/26/2013 14:57:33,4/26/2013,14:57:33,1.93,10.27,63.59,962.03,10
4/26/2013 14:57:48,4/26/2013,14:57:48,1.93,10.27,63.20,962.02,31
4/26/2013 14:58:03,4/26/2013,14:58:03,2.47,10.14,62.09,962.02,355
4/26/2013 14:58:18,4/26/2013,14:58:18,1.99,10.14,62.29,962.02,28
4/26/2013 14:58:33,4/26/2013,14:58:33,1.62,10.22,63.59,962.04,32
4/26/2013 14:58:48,4/26/2013,14:58:48,1.06,10.30,63.40,962.04,53
4/26/2013 14:59:03,4/26/2013,14:59:03,1.79,10.22,62.59,962.02,2
4/26/2013 14:59:18,4/26/2013,14:59:18,2.11,10.19,62.00,962.01,5
4/26/2013 14:59:33,4/26/2013,14:59:33,1.20,10.22,63.59,962.01,37
4/26/2013 14:59:48,4/26/2013,14:59:48,1.41,10.22,62.79,962.00,351
4/26/2013 15:00:03,4/26/2013,15:00:03,1.90,10.14,62.40,962.00,36
4/26/2013 15:00:18,4/26/2013,15:00:18,1.09,10.22,64.69,961.99,28
4/26/2013 15:00:33,4/26/2013,15:00:33,1.62,10.14,62.59,961.97,27
4/26/2013 15:00:48,4/26/2013,15:00:48,1.20,10.22,62.90,961.97,1
4/26/2013 15:01:03,4/26/2013,15:01:03,1.04,10.22,63.50,961.96,14
4/26/2013 15:01:18,4/26/2013,15:01:18,1.40,10.19,62.70,961.95,333
4/26/2013 15:01:33,4/26/2013,15:01:33,1.44,10.22,62.20,961.95,331
4/26/2013 15:01:48,4/26/2013,15:01:48,1.30,10.30,63.00,961.96,6
4/26/2013 15:02:03,4/26/2013,15:02:03,1.38,10.39,63.40,961.93,12
4/26/2013 15:02:18,4/26/2013,15:02:18,1.08,10.47,63.70,961.95,353
4/26/2013 15:02:33,4/26/2013,15:02:33,0.95,10.62,62.90,961.92,348
4/26/2013 15:02:48,4/26/2013,15:02:48,0.19,10.87,64.69,961.91,269
4/26/2013 15:03:03,4/26/2013,15:03:03,1.38,11.02,63.59,961.86,347
4/26/2013 15:03:18,4/26/2013,15:03:18,1.80,11.17,61.29,961.81,348
4/26/2013 15:03:33,4/26/2013,15:03:33,1.77,11.25,60.20,961.79,18
4/26/2013 15:03:48,4/26/2013,15:03:48,1.09,11.57,61.59,961.74,5
4/26/2013 15:04:03,4/26/2013,15:04:03,1.69,11.52,58.20,961.71,12
4/26/2013 15:04:18,4/26/2013,15:04:18,1.30,12.00,63.29,961.70,344
4/26/2013 15:04:33,4/26/2013,15:04:33,1.99,11.85,56.79,961.71,32
4/26/2013 15:04:48,4/26/2013,15:04:48,1.40,12.12,60.59,961.70,350
4/26/2013 15:05:03,4/26/2013,15:05:03,2.36,12.05,58.09,961.69,5
4/26/2013 15:05:18,4/26/2013,15:05:18,2.38,11.97,55.29,961.69,38
4/26/2013 15:05:33,4/26/2013,15:05:33,2.15,12.27,57.00,961.65,308
4/26/2013 15:05:48,4/26/2013,15:05:48,1.77,12.44,58.20,961.65,0
4/26/2013 15:06:03,4/26/2013,15:06:03,1.55,12.60,57.79,961.63,23
4/26/2013 15:06:18,4/26/2013,15:06:18,0.81,12.85,59.59,961.64,335
4/26/2013 15:06:33,4/26/2013,15:06:33,1.49,12.72,56.09,961.62,17
4/26/2013 15:06:48,4/26/2013,15:06:48,1.05,12.92,57.00,961.62,346
4/26/2013 15:07:03,4/26/2013,15:07:03,1.05,13.14,59.00,961.62,356
4/26/2013 15:07:18,4/26/2013,15:07:18,1.59,12.75,52.70,961.59,10
4/26/2013 15:07:33,4/26/2013,15:07:33,1.86,12.75,53.59,961.57,41
4/26/2013 15:07:48,4/26/2013,15:07:48,1.99,12.87,54.40,961.56,17
4/26/2013 15:08:03,4/26/2013,15:08:03,1.41,13.14,56.90,961.56,323
4/26/2013 15:08:18,4/26/2013,15:08:18,1.52,13.07,55.40,961.56,344
4/26/2013 15:08:33,4/26/2013,15:08:33,1.68,13.02,53.59,961.56,346
4/26/2013 15:08:48,4/26/2013,15:08:48,2.01,12.92,53.20,961.51,325
4/26/2013 15:09:03,4/26/2013,15:09:03,1.68,13.00,52.59,961.50,332
4/26/2013 15:09:18,4/26/2013,15:09:18,1.38,13.07,51.90,961.51,321
4/26/2013 15:09:33,4/26/2013,15:09:33,1.91,13.22,55.20,961.50,316
4/26/2013 15:09:48,4/26/2013,15:09:48,2.36,13.00,51.50,961.51,322
4/26/2013 15:10:03,4/26/2013,15:10:03,1.87,13.27,54.20,961.50,357
4/26/2013 15:10:18,4/26/2013,15:10:18,1.61,13.14,50.59,961.50,359
4/26/2013 15:10:33,4/26/2013,15:10:33,1.59,13.50,54.00,961.49,338
4/26/2013 15:10:48,4/26/2013,15:10:48,1.29,13.75,55.50,961.49,354
4/26/2013 15:11:03,4/26/2013,15:11:03,0.91,13.75,50.70,961.47,338
4/26/2013 15:11:18,4/26/2013,15:11:18,0.99,13.77,49.79,961.46,326
4/26/2013 15:11:33,4/26/2013,15:11:33,0.73,14.02,49.79,961.46,1
4/26/2013 15:11:48,4/26/2013,15:11:48,0.12,14.35,50.79,961.46,327
4/26/2013 15:12:03,4/26/2013,15:12:03,1.31,14.02,49.59,961.42,324
4/26/2013 15:12:18,4/26/2013,15:12:18,1.73,14.17,52.29,961.41,313
4/26/2013 15:12:33,4/26/2013,15:12:33,2.16,14.10,51.70,961.41,8
4/26/2013 15:12:48,4/26/2013,15:12:48,1.31,14.50,51.50,961.38,9
4/26/2013 15:13:03,4/26/2013,15:13:03,2.27,14.10,48.40,961.39,26
4/26/2013 15:13:18,4/26/2013,15:13:18,2.04,14.17,49.50,961.39,345
4/26/2013 15:13:33,4/26/2013,15:13:33,1.95,14.42,53.70,961.38,308
4/26/2013 15:13:48,4/26/2013,15:13:48,2.08,14.37,52.40,961.38,339
4/26/2013 15:14:03,4/26/2013,15:14:03,2.37,14.10,49.59,961.36,343
4/26/2013 15:14:18,4/26/2013,15:14:18,2.77,14.02,49.59,961.38,5
4/26/2013 15:14:33,4/26/2013,15:14:33,1.29,14.50,53.40,961.38,8
4/26/2013 15:14:48,4/26/2013,15:14:48,1.04,14.44,51.00,961.38,348
4/26/2013 15:15:03,4/26/2013,15:15:03,1.61,14.17,49.00,961.39,8
4/26/2013 15:15:18,4/26/2013,15:15:18,1.34,14.10,47.79,961.39,6
4/26/2013 15:15:33,4/26/2013,15:15:33,2.95,13.47,46.90,961.36,355
4/26/2013 15:15:48,4/26/2013,15:15:48,2.58,13.39,48.50,961.39,23
4/26/2013 15:16:03,4/26/2013,15:16:03,2.08,13.42,49.79,961.40,359
4/26/2013 15:16:18,4/26/2013,15:16:18,1.40,13.67,50.09,961.40,1
4/26/2013 15:16:33,4/26/2013,15:16:33,1.77,13.39,49.09,961.41,32
4/26/2013 15:16:48,4/26/2013,15:16:48,1.80,13.22,48.70,961.43,7
4/26/2013 15:17:03,4/26/2013,15:17:03,1.73,13.07,47.29,961.46,25
4/26/2013 15:17:18,4/26/2013,15:17:18,1.74,13.12,50.00,961.43,38
4/26/2013 15:17:33,4/26/2013,15:17:33,1.58,13.12,49.79,961.42,37
4/26/2013 15:17:48,4/26/2013,15:17:48,1.36,13.12,49.70,961.45,33
4/26/2013 15:18:03,4/26/2013,15:18:03,0.91,13.19,50.59,961.46,34
4/26/2013 15:18:18,4/26/2013,15:18:18,0.65,13.22,51.00,961.47,16
4/26/2013 15:18:33,4/26/2013,15:18:33,0.00,13.39,53.09,961.47,357
4/26/2013 15:18:48,4/26/2013,15:18:48,0.00,13.27,49.09,961.47,329
4/26/2013 15:19:03,4/26/2013,15:19:03,0.00,13.27,49.90,961.48,338
4/26/2013 15:19:18,4/26/2013,15:19:18,1.43,12.92,50.79,961.45,326
4/26/2013 15:19:33,4/26/2013,15:19:33,2.23,12.60,48.29,961.45,320
4/26/2013 15:19:48,4/26/2013,15:19:48,0.95,12.85,49.00,961.46,318
4/26/2013 15:20:03,4/26/2013,15:20:03,1.30,12.75,50.00,961.45,349
4/26/2013 15:20:18,4/26/2013,15:20:18,1.16,12.75,51.79,961.46,334
4/26/2013 15:20:33,4/26/2013,15:20:33,1.52,12.60,49.09,961.45,315
4/26/2013 15:20:48,4/26/2013,15:20:48,1.31,12.67,50.79,961.46,322
4/26/2013 15:21:03,4/26/2013,15:21:03,0.41,12.85,52.20,961.47,286
4/26/2013 15:21:18,4/26/2013,15:21:18,0.58,12.85,50.79,961.48,263
4/26/2013 15:21:33,4/26/2013,15:21:33,0.00,13.00,54.59,961.49,350
4/26/2013 15:21:48,4/26/2013,15:21:48,2.18,12.60,53.09,961.48,357
4/26/2013 15:22:03,4/26/2013,15:22:03,2.74,12.44,54.79,961.46,333
4/26/2013 15:22:18,4/26/2013,15:22:18,2.81,12.27,53.09,961.46,319
4/26/2013 15:22:33,4/26/2013,15:22:33,2.97,12.27,54.29,961.46,318
4/26/2013 15:22:48,4/26/2013,15:22:48,2.67,12.37,55.59,961.47,335
4/26/2013 15:23:03,4/26/2013,15:23:03,2.69,12.37,56.40,961.49,319
4/26/2013 15:23:18,4/26/2013,15:23:18,2.48,12.27,56.29,961.49,300
4/26/2013 15:23:33,4/26/2013,15:23:33,1.69,12.44,59.09,961.49,336
4/26/2013 15:23:48,4/26/2013,15:23:48,1.98,12.44,59.59,961.48,335
4/26/2013 15:24:03,4/26/2013,15:24:03,2.05,12.27,55.50,961.48,340
4/26/2013 15:24:18,4/26/2013,15:24:18,0.77,12.52,57.20,961.50,278
4/26/2013 15:24:33,4/26/2013,15:24:33,1.27,12.37,53.70,961.50,293
4/26/2013 15:24:48,4/26/2013,15:24:48,1.34,12.44,56.20,961.49,337
4/26/2013 15:25:03,4/26/2013,15:25:03,4.55,12.00,53.79,961.46,324
4/26/2013 15:25:18,4/26/2013,15:25:18,4.56,11.85,52.00,961.45,327
4/26/2013 15:25:33,4/26/2013,15:25:33,4.11,11.77,50.09,961.48,327
4/26/2013 15:25:48,4/26/2013,15:25:48,3.30,11.89,53.29,961.49,323
4/26/2013 15:26:03,4/26/2013,15:26:03,2.52,11.97,54.59,961.49,273
4/26/2013 15:26:18,4/26/2013,15:26:18,2.92,11.85,51.40,961.51,308
4/26/2013 15:26:33,4/26/2013,15:26:33,1.79,12.05,51.79,961.51,342
4/26/2013 15:26:48,4/26/2013,15:26:48,1.93,12.12,52.79,961.51,323
4/26/2013 15:27:03,4/26/2013,15:27:03,3.38,11.92,52.50,961.49,345
4/26/2013 15:27:18,4/26/2013,15:27:18,2.40,12.05,53.20,961.49,228
4/26/2013 15:27:33,4/26/2013,15:27:33,0.72,12.44,52.09,961.49,283
4/26/2013 15:27:48,4/26/2013,15:27:48,1.91,12.19,52.50,961.48,268
4/26/2013 15:28:03,4/26/2013,15:28:03,0.77,12.55,52.59,961.50,342
4/26/2013 15:28:18,4/26/2013,15:28:18,1.43,12.52,51.50,961.50,301
4/26/2013 15:28:33,4/26/2013,15:28:33,1.23,12.60,49.40,961.48,293
4/26/2013 15:28:48,4/26/2013,15:28:48,2.02,12.52,49.50,961.46,324
4/26/2013 15:29:03,4/26/2013,15:29:03,1.80,12.64,49.09,961.47,281
4/26/2013 15:29:18,4/26/2013,15:29:18,0.90,12.92,49.70,961.45,287
4/26/2013 15:29:33,4/26/2013,15:29:33,1.13,13.02,51.50,961.42,297
4/26/2013 15:29:48,4/26/2013,15:29:48,0.93,13.50,51.70,961.36,269
4/26/2013 15:30:03,4/26/2013,15:30:03,0.80,13.67,51.59,961.36,300
4/26/2013 15:30:18,4/26/2013,15:30:18,0.55,14.02,49.70,961.35,345
4/26/2013 15:30:33,4/26/2013,15:30:33,0.05,14.17,50.79,961.35,272
4/26/2013 15:30:48,4/26/2013,15:30:48,1.72,13.94,50.79,961.32,340
4/26/2013 15:31:03,4/26/2013,15:31:03,3.26,13.62,51.20,961.27,305
4/26/2013 15:31:18,4/26/2013,15:31:18,1.88,13.82,51.50,961.28,187
4/26/2013 15:31:33,4/26/2013,15:31:33,0.41,14.22,48.90,961.31,268
4/26/2013 15:31:48,4/26/2013,15:31:48,0.73,14.35,49.59,961.31,199
4/26/2013 15:32:03,4/26/2013,15:32:03,1.79,13.77,49.20,961.30,227
4/26/2013 15:32:18,4/26/2013,15:32:18,2.61,13.42,48.90,961.28,326
4/26/2013 15:32:33,4/26/2013,15:32:33,3.62,13.00,50.09,961.30,283
4/26/2013 15:32:48,4/26/2013,15:32:48,1.69,13.39,51.59,961.32,319
4/26/2013 15:33:03,4/26/2013,15:33:03,2.31,13.14,51.70,961.35,314
4/26/2013 15:33:18,4/26/2013,15:33:18,2.31,13.12,53.59,961.40,285
4/26/2013 15:33:33,4/26/2013,15:33:33,3.04,12.80,52.09,961.40,324
4/26/2013 15:33:48,4/26/2013,15:33:48,3.58,12.47,52.09,961.43,334
4/26/2013 15:34:03,4/26/2013,15:34:03,3.76,12.27,51.90,961.42,326
4/26/2013 15:34:18,4/26/2013,15:34:18,1.34,12.75,53.40,961.43,300
4/26/2013 15:34:33,4/26/2013,15:34:33,3.01,12.39,53.00,961.43,326
4/26/2013 15:34:48,4/26/2013,15:34:48,3.83,12.19,52.09,961.47,318
4/26/2013 15:35:03,4/26/2013,15:35:03,2.87,12.37,55.50,961.49,318
4/26/2013 15:35:18,4/26/2013,15:35:18,3.26,12.25,52.50,961.51,301
4/26/2013 15:35:33,4/26/2013,15:35:33,3.56,12.37,54.20,961.54,334
4/26/2013 15:35:48,4/26/2013,15:35:48,4.08,12.44,53.79,961.54,311
4/26/2013 15:36:03,4/26/2013,15:36:03,3.48,12.64,56.50,961.55,324
4/26/2013 15:36:18,4/26/2013,15:36:18,4.15,12.52,55.70,961.59,337
4/26/2013 15:36:33,4/26/2013,15:36:33,3.91,12.27,56.09,961.62,341
4/26/2013 15:36:48,4/26/2013,15:36:48,5.23,11.77,57.00,961.65,331
4/26/2013 15:37:03,4/26/2013,15:37:03,5.44,11.42,58.90,961.70,328
4/26/2013 15:37:18,4/26/2013,15:37:18,4.31,11.37,59.29,961.77,351
4/26/2013 15:37:33,4/26/2013,15:37:33,3.97,11.32,60.40,961.80,293
4/26/2013 15:37:48,4/26/2013,15:37:48,5.04,10.94,60.50,961.84,7
4/26/2013 15:38:03,4/26/2013,15:38:03,4.42,10.77,60.59,961.88,318
4/26/2013 15:38:18,4/26/2013,15:38:18,4.04,10.55,60.40,961.91,335
4/26/2013 15:38:33,4/26/2013,15:38:33,4.42,10.30,61.00,961.94,8
4/26/2013 15:38:48,4/26/2013,15:38:48,3.77,10.19,62.59,961.95,11
4/26/2013 15:39:03,4/26/2013,15:39:03,2.38,10.30,63.90,961.97,339
4/26/2013 15:39:18,4/26/2013,15:39:18,1.58,10.47,65.90,962.00,137
4/26/2013 15:39:33,4/26/2013,15:39:33,1.93,10.22,64.50,962.02,325
4/26/2013 15:39:48,4/26/2013,15:39:48,3.09,9.82,63.50,962.01,331
4/26/2013 15:40:03,4/26/2013,15:40:03,2.02,9.92,65.90,962.03,358
4/26/2013 15:40:18,4/26/2013,15:40:18,2.99,9.64,64.59,962.02,347
4/26/2013 15:40:33,4/26/2013,15:40:33,1.37,9.80,67.00,962.03,0
4/26/2013 15:40:48,4/26/2013,15:40:48,1.79,9.67,66.00,962.04,349
4/26/2013 15:41:03,4/26/2013,15:41:03,1.86,9.52,65.80,962.06,26
4/26/2013 15:41:18,4/26/2013,15:41:18,3.31,9.17,65.50,962.04,20
4/26/2013 15:41:33,4/26/2013,15:41:33,2.63,9.17,67.90,962.04,18
4/26/2013 15:41:48,4/26/2013,15:41:48,2.06,9.19,67.90,962.07,337
4/26/2013 15:42:03,4/26/2013,15:42:03,2.01,9.19,68.59,962.09,316
4/26/2013 15:42:18,4/26/2013,15:42:18,3.30,8.97,67.59,962.11,359
4/26/2013 15:42:33,4/26/2013,15:42:33,1.63,9.00,68.69,962.12,8
4/26/2013 15:42:48,4/26/2013,15:42:48,2.31,8.87,70.09,962.12,16
4/26/2013 15:43:03,4/26/2013,15:43:03,3.63,8.57,68.50,962.12,35
4/26/2013 15:43:18,4/26/2013,15:43:18,3.33,8.50,70.69,962.15,12
4/26/2013 15:43:33,4/26/2013,15:43:33,3.12,8.37,71.30,962.17,353
4/26/2013 15:43:48,4/26/2013,15:43:48,2.16,8.32,73.80,962.18,47
4/26/2013 15:44:03,4/26/2013,15:44:03,2.31,8.30,74.90,962.19,321
4/26/2013 15:44:18,4/26/2013,15:44:18,2.30,8.25,73.00,962.17,314
4/26/2013 15:44:33,4/26/2013,15:44:33,2.20,8.17,73.69,962.18,332
4/26/2013 15:44:48,4/26/2013,15:44:48,2.94,8.10,73.69,962.19,346
4/26/2013 15:45:03,4/26/2013,15:45:03,2.56,8.05,73.00,962.18,332
4/26/2013 15:45:18,4/26/2013,15:45:18,3.29,8.02,72.19,962.21,335
4/26/2013 15:45:33,4/26/2013,15:45:33,3.76,8.02,69.59,962.21,325
4/26/2013 15:45:48,4/26/2013,15:45:48,4.65,8.02,69.30,962.21,326
4/26/2013 15:46:03,4/26/2013,15:46:03,4.33,8.02,69.69,962.21,336
4/26/2013 15:46:18,4/26/2013,15:46:18,3.51,7.97,70.19,962.21,323
4/26/2013 15:46:33,4/26/2013,15:46:33,2.12,7.92,71.90,962.22,351
4/26/2013 15:46:48,4/26/2013,15:46:48,1.08,8.02,75.80,962.23,3
4/26/2013 15:47:03,4/26/2013,15:47:03,1.02,8.02,77.80,962.23,348
4/26/2013 15:47:18,4/26/2013,15:47:18,1.54,8.02,74.69,962.22,304
4/26/2013 15:47:33,4/26/2013,15:47:33,2.09,7.92,75.00,962.19,349
4/26/2013 15:47:48,4/26/2013,15:47:48,1.69,7.92,72.50,962.16,343
4/26/2013 15:48:03,4/26/2013,15:48:03,1.27,7.92,74.59,962.17,8
4/26/2013 15:48:18,4/26/2013,15:48:18,1.45,7.92,74.19,962.16,318
4/26/2013 15:48:33,4/26/2013,15:48:33,1.16,7.92,75.09,962.15,340
4/26/2013 15:48:48,4/26/2013,15:48:48,1.59,7.92,75.00,962.16,343
4/26/2013 15:49:03,4/26/2013,15:49:03,2.19,7.92,74.50,962.15,334
4/26/2013 15:49:18,4/26/2013,15:49:18,1.47,7.92,71.00,962.14,340
4/26/2013 15:49:33,4/26/2013,15:49:33,2.56,8.02,72.40,962.11,302
4/26/2013 15:49:48,4/26/2013,15:49:48,1.66,8.02,71.30,962.11,359
4/26/2013 15:50:03,4/26/2013,15:50:03,1.47,8.02,74.19,962.12,334
4/26/2013 15:50:18,4/26/2013,15:50:18,1.74,8.02,73.09,962.10,0
4/26/2013 15:50:33,4/26/2013,15:50:33,1.84,8.02,72.09,962.09,323
4/26/2013 15:50:48,4/26/2013,15:50:48,2.44,8.10,70.80,962.08,338
4/26/2013 15:51:03,4/26/2013,15:51:03,2.79,8.10,72.00,962.08,311
4/26/2013 15:51:18,4/26/2013,15:51:18,3.16,8.10,67.80,962.04,307
4/26/2013 15:51:33,4/26/2013,15:51:33,2.55,8.10,70.00,962.04,333
4/26/2013 15:51:48,4/26/2013,15:51:48,2.73,8.10,71.50,962.04,6
4/26/2013 15:52:03,4/26/2013,15:52:03,2.38,8.10,71.69,962.03,326
4/26/2013 15:52:18,4/26/2013,15:52:18,2.23,8.10,72.09,962.02,340
4/26/2013 15:52:33,4/26/2013,15:52:33,1.66,8.10,72.09,962.02,299
4/26/2013 15:52:48,4/26/2013,15:52:48,1.63,8.10,73.19,962.02,335
4/26/2013 15:53:03,4/26/2013,15:53:03,0.56,8.05,76.40,962.02,270
4/26/2013 15:53:18,4/26/2013,15:53:18,0.00,8.02,77.40,962.03,349
4/26/2013 15:53:33,4/26/2013,15:53:33,0.00,7.92,79.19,962.02,255
4/26/2013 15:53:48,4/26/2013,15:53:48,0.00,8.02,80.00,962.01,126
4/26/2013 15:54:03,4/26/2013,15:54:03,0.00,8.02,80.80,962.01,353
4/26/2013 15:54:18,4/26/2013,15:54:18,1.56,8.12,75.09,962.00,312
4/26/2013 15:54:33,4/26/2013,15:54:33,1.47,8.12,74.50,961.96,307
4/26/2013 15:54:48,4/26/2013,15:54:48,1.49,8.17,72.40,961.93,305
4/26/2013 15:55:03,4/26/2013,15:55:03,1.41,8.17,73.09,961.92,332
4/26/2013 15:55:18,4/26/2013,15:55:18,1.36,8.22,73.19,961.92,333
4/26/2013 15:55:33,4/26/2013,15:55:33,1.23,8.22,73.00,961.91,341
4/26/2013 15:55:48,4/26/2013,15:55:48,1.37,8.25,74.00,961.89,0
4/26/2013 15:56:03,4/26/2013,15:56:03,0.83,8.25,75.69,961.88,28
4/26/2013 15:56:18,4/26/2013,15:56:18,1.43,8.32,74.09,961.86,15
4/26/2013 15:56:33,4/26/2013,15:56:33,0.58,8.32,74.19,961.87,333
4/26/2013 15:56:48,4/26/2013,15:56:48,1.04,8.32,70.09,961.85,345
4/26/2013 15:57:03,4/26/2013,15:57:03,0.23,8.32,71.00,961.87,344
4/26/2013 15:57:18,4/26/2013,15:57:18,1.05,8.39,71.80,961.85,330
4/26/2013 15:57:33,4/26/2013,15:57:33,1.56,8.39,69.90,961.84,324
4/26/2013 15:57:48,4/26/2013,15:57:48,1.11,8.50,72.30,961.83,342
4/26/2013 15:58:03,4/26/2013,15:58:03,0.74,8.52,73.59,961.83,57
4/26/2013 15:58:18,4/26/2013,15:58:18,0.56,8.57,73.90,961.83,0
4/26/2013 15:58:33,4/26/2013,15:58:33,0.98,8.57,73.19,961.81,333
4/26/2013 15:58:48,4/26/2013,15:58:48,1.45,8.64,72.30,961.78,32
4/26/2013 15:59:03,4/26/2013,15:59:03,0.38,8.69,73.19,961.78,46
4/26/2013 15:59:18,4/26/2013,15:59:18,0.93,8.69,72.30,961.76,31
4/26/2013 15:59:33,4/26/2013,15:59:33,0.66,8.72,71.90,961.76,58
4/26/2013 15:59:48,4/26/2013,15:59:48,0.29,8.80,73.50,961.76,65
4/26/2013 16:00:03,4/26/2013,16:00:03,0.74,8.80,71.69,961.72,61
4/26/2013 16:00:18,4/26/2013,16:00:18,0.69,8.87,71.69,961.71,20
4/26/2013 16:00:33,4/26/2013,16:00:33,0.48,8.97,74.80,961.72,36
4/26/2013 16:00:48,4/26/2013,16:00:48,0.84,9.05,71.09,961.69,58
4/26/2013 16:01:03,4/26/2013,16:01:03,0.34,9.12,68.69,961.68,50
4/26/2013 16:01:18,4/26/2013,16:01:18,0.00,9.19,70.19,961.68,1
4/26/2013 16:01:33,4/26/2013,16:01:33,0.43,9.25,68.40,961.65,356
4/26/2013 16:01:48,4/26/2013,16:01:48,0.00,9.52,70.80,961.64,124
4/26/2013 16:02:03,4/26/2013,16:02:03,0.56,9.75,69.09,961.56,91
4/26/2013 16:02:18,4/26/2013,16:02:18,1.06,9.94,67.80,961.50,335
4/26/2013 16:02:33,4/26/2013,16:02:33,1.01,10.00,67.40,961.49,16
4/26/2013 16:02:48,4/26/2013,16:02:48,1.11,10.07,65.09,961.47,336
4/26/2013 16:03:03,4/26/2013,16:03:03,0.87,10.14,65.09,961.47,354
4/26/2013 16:03:18,4/26/2013,16:03:18,0.40,10.30,69.00,961.48,312
4/26/2013 16:03:33,4/26/2013,16:03:33,0.52,10.47,66.80,961.48,313
4/26/2013 16:03:48,4/26/2013,16:03:48,0.90,10.55,62.00,961.42,321
4/26/2013 16:04:03,4/26/2013,16:04:03,0.94,10.77,60.50,961.39,3
4/26/2013 16:04:18,4/26/2013,16:04:18,1.91,10.77,59.40,961.38,340
4/26/2013 16:04:33,4/26/2013,16:04:33,1.56,10.82,55.40,961.40,342
4/26/2013 16:04:48,4/26/2013,16:04:48,0.69,11.10,56.79,961.38,320
4/26/2013 16:05:03,4/26/2013,16:05:03,0.40,11.30,57.09,961.38,325
4/26/2013 16:05:18,4/26/2013,16:05:18,0.90,11.37,59.90,961.34,336
4/26/2013 16:05:33,4/26/2013,16:05:33,0.16,11.64,60.40,961.35,330
4/26/2013 16:05:48,4/26/2013,16:05:48,1.19,11.64,58.90,961.32,319
4/26/2013 16:06:03,4/26/2013,16:06:03,1.76,11.57,55.29,961.32,347
4/26/2013 16:06:18,4/26/2013,16:06:18,2.31,11.64,54.59,961.26,13
4/26/2013 16:06:33,4/26/2013,16:06:33,2.63,11.89,57.50,961.24,339
4/26/2013 16:06:48,4/26/2013,16:06:48,2.65,11.77,53.90,961.23,0
4/26/2013 16:07:03,4/26/2013,16:07:03,0.80,12.05,50.79,961.25,340
4/26/2013 16:07:18,4/26/2013,16:07:18,1.33,12.17,55.79,961.26,312
4/26/2013 16:07:33,4/26/2013,16:07:33,3.23,11.72,48.70,961.23,318
4/26/2013 16:07:48,4/26/2013,16:07:48,3.02,11.80,52.09,961.20,336
4/26/2013 16:08:03,4/26/2013,16:08:03,2.40,11.72,51.59,961.23,342
4/26/2013 16:08:18,4/26/2013,16:08:18,2.06,11.72,50.59,961.23,354
4/26/2013 16:08:33,4/26/2013,16:08:33,2.80,11.57,51.29,961.24,325
4/26/2013 16:08:48,4/26/2013,16:08:48,3.09,11.50,52.90,961.25,304
4/26/2013 16:09:03,4/26/2013,16:09:03,3.31,11.32,51.59,961.26,320
4/26/2013 16:09:18,4/26/2013,16:09:18,3.12,11.30,51.40,961.28,325
4/26/2013 16:09:33,4/26/2013,16:09:33,2.45,11.37,52.79,961.28,334
4/26/2013 16:09:48,4/26/2013,16:09:48,3.11,11.22,51.40,961.30,357
4/26/2013 16:10:03,4/26/2013,16:10:03,3.02,11.17,51.09,961.30,330
4/26/2013 16:10:18,4/26/2013,16:10:18,2.62,11.17,51.00,961.30,322
4/26/2013 16:10:33,4/26/2013,16:10:33,2.33,11.22,51.50,961.31,334
4/26/2013 16:10:48,4/26/2013,16:10:48,2.04,11.25,53.50,961.32,317
4/26/2013 16:11:03,4/26/2013,16:11:03,1.90,11.25,54.90,961.32,340
4/26/2013 16:11:18,4/26/2013,16:11:18,1.88,11.32,56.29,961.32,339
4/26/2013 16:11:33,4/26/2013,16:11:33,2.45,11.17,54.29,961.33,296
4/26/2013 16:11:48,4/26/2013,16:11:48,3.17,11.05,54.29,961.33,327
4/26/2013 16:12:03,4/26/2013,16:12:03,3.02,11.02,52.00,961.33,318
4/26/2013 16:12:18,4/26/2013,16:12:18,2.40,10.97,53.70,961.31,316
4/26/2013 16:12:33,4/26/2013,16:12:33,2.69,10.94,52.79,961.32,334
4/26/2013 16:12:48,4/26/2013,16:12:48,3.27,10.87,53.09,961.34,335
4/26/2013 16:13:03,4/26/2013,16:13:03,2.91,10.87,55.20,961.35,312
4/26/2013 16:13:18,4/26/2013,16:13:18,2.06,10.94,58.00,961.36,292
4/26/2013 16:13:33,4/26/2013,16:13:33,3.02,10.77,53.79,961.36,303
4/26/2013 16:13:48,4/26/2013,16:13:48,3.66,10.69,53.90,961.33,342
4/26/2013 16:14:03,4/26/2013,16:14:03,1.06,10.94,56.50,961.36,291
4/26/2013 16:14:18,4/26/2013,16:14:18,2.87,10.69,55.59,961.36,337
4/26/2013 16:14:33,4/26/2013,16:14:33,3.72,10.67,57.70,961.36,323
4/26/2013 16:14:48,4/26/2013,16:14:48,3.80,10.62,54.20,961.36,327
4/26/2013 16:15:03,4/26/2013,16:15:03,3.29,10.62,55.40,961.39,309
4/26/2013 16:15:18,4/26/2013,16:15:18,4.72,10.50,54.09,961.41,324
4/26/2013 16:15:33,4/26/2013,16:15:33,3.59,10.55,57.90,961.47,309
4/26/2013 16:15:48,4/26/2013,16:15:48,4.72,10.42,55.40,961.45,320
4/26/2013 16:16:03,4/26/2013,16:16:03,5.41,10.30,54.79,961.46,0
4/26/2013 16:16:18,4/26/2013,16:16:18,3.22,10.35,56.79,961.48,318
4/26/2013 16:16:33,4/26/2013,16:16:33,6.19,10.10,54.50,961.47,317
4/26/2013 16:16:48,4/26/2013,16:16:48,5.17,10.07,54.29,961.46,289
4/26/2013 16:17:03,4/26/2013,16:17:03,4.74,10.00,52.79,961.48,333
4/26/2013 16:17:18,4/26/2013,16:17:18,5.95,9.80,51.00,961.47,312
4/26/2013 16:17:33,4/26/2013,16:17:33,4.54,9.80,53.59,961.48,306
4/26/2013 16:17:48,4/26/2013,16:17:48,4.48,9.75,54.59,961.51,297
4/26/2013 16:18:03,4/26/2013,16:18:03,5.73,9.67,50.29,961.49,345
4/26/2013 16:18:18,4/26/2013,16:18:18,6.62,9.60,48.90,961.48,333
4/26/2013 16:18:33,4/26/2013,16:18:33,4.80,9.60,51.90,961.51,329
4/26/2013 16:18:48,4/26/2013,16:18:48,5.13,9.52,51.79,961.50,320
4/26/2013 16:19:03,4/26/2013,16:19:03,5.56,9.44,50.70,961.48,303
4/26/2013 16:19:18,4/26/2013,16:19:18,5.60,9.39,51.59,961.48,282
4/26/2013 16:19:33,4/26/2013,16:19:33,7.53,9.35,50.40,961.49,304
4/26/2013 16:19:48,4/26/2013,16:19:48,5.95,9.32,50.29,961.49,319
4/26/2013 16:20:03,4/26/2013,16:20:03,6.31,9.19,49.09,961.48,315
4/26/2013 16:20:18,4/26/2013,16:20:18,7.09,9.12,50.40,961.50,337
4/26/2013 16:20:33,4/26/2013,16:20:33,7.30,9.12,49.40,961.45,338
4/26/2013 16:20:48,4/26/2013,16:20:48,6.02,9.00,48.29,961.43,301
4/26/2013 16:21:03,4/26/2013,16:21:03,4.22,9.00,51.29,961.48,355
4/26/2013 16:21:18,4/26/2013,16:21:18,5.02,8.97,52.29,961.47,342
4/26/2013 16:21:33,4/26/2013,16:21:33,4.69,9.05,53.59,961.50,323
4/26/2013 16:21:48,4/26/2013,16:21:48,4.27,9.12,50.09,961.50,307
4/26/2013 16:22:03,4/26/2013,16:22:03,3.56,9.12,52.20,961.48,346
4/26/2013 16:22:18,4/26/2013,16:22:18,4.63,9.17,52.50,961.43,341
4/26/2013 16:22:33,4/26/2013,16:22:33,3.55,9.17,50.20,961.41,314
4/26/2013 16:22:48,4/26/2013,16:22:48,1.99,9.17,52.20,961.40,358
4/26/2013 16:23:03,4/26/2013,16:23:03,1.13,9.19,55.90,961.36,307
4/26/2013 16:23:18,4/26/2013,16:23:18,0.98,9.19,57.90,961.33,359
4/26/2013 16:23:33,4/26/2013,16:23:33,1.33,9.27,51.59,961.32,15
4/26/2013 16:23:48,4/26/2013,16:23:48,1.88,9.32,48.70,961.26,309
4/26/2013 16:24:03,4/26/2013,16:24:03,1.51,9.35,48.59,961.21,9
4/26/2013 16:24:18,4/26/2013,16:24:18,1.11,9.35,51.09,961.21,6
4/26/2013 16:24:33,4/26/2013,16:24:33,0.54,9.44,51.40,961.21,332
4/26/2013 16:24:48,4/26/2013,16:24:48,0.70,9.44,52.59,961.21,318
4/26/2013 16:25:03,4/26/2013,16:25:03,1.40,9.52,50.79,961.19,355
4/26/2013 16:25:18,4/26/2013,16:25:18,1.88,9.60,48.59,961.18,20
4/26/2013 16:25:33,4/26/2013,16:25:33,1.01,9.60,49.79,961.17,305
4/26/2013 16:25:48,4/26/2013,16:25:48,2.44,9.67,49.40,961.12,278
4/26/2013 16:26:03,4/26/2013,16:26:03,2.15,9.75,50.09,961.13,4
4/26/2013 16:26:18,4/26/2013,16:26:18,1.56,9.75,52.20,961.15,332
4/26/2013 16:26:33,4/26/2013,16:26:33,2.33,9.80,51.59,961.15,322
4/26/2013 16:26:48,4/26/2013,16:26:48,2.72,9.82,51.59,961.15,326
4/26/2013 16:27:03,4/26/2013,16:27:03,3.04,9.82,49.70,961.13,314
4/26/2013 16:27:18,4/26/2013,16:27:18,1.88,9.94,51.59,961.15,338
4/26/2013 16:27:33,4/26/2013,16:27:33,2.67,9.92,50.20,961.15,310
4/26/2013 16:27:48,4/26/2013,16:27:48,1.56,10.00,50.79,961.15,293
4/26/2013 16:28:03,4/26/2013,16:28:03,1.58,10.07,52.09,961.13,318
4/26/2013 16:28:18,4/26/2013,16:28:18,1.87,10.10,53.29,961.10,313
4/26/2013 16:28:33,4/26/2013,16:28:33,1.48,10.19,52.40,961.10,331
4/26/2013 16:28:48,4/26/2013,16:28:48,2.04,10.14,49.00,961.09,334
4/26/2013 16:29:03,4/26/2013,16:29:03,2.59,10.22,49.79,961.10,335
4/26/2013 16:29:18,4/26/2013,16:29:18,2.92,10.22,49.29,961.09,310
4/26/2013 16:29:33,4/26/2013,16:29:33,2.30,10.39,51.70,961.10,337
4/26/2013 16:29:48,4/26/2013,16:29:48,2.49,10.39,50.09,961.10,343
4/26/2013 16:30:03,4/26/2013,16:30:03,1.58,10.47,53.59,961.09,346
4/26/2013 16:30:18,4/26/2013,16:30:18,1.34,10.55,53.70,961.09,341
4/26/2013 16:30:33,4/26/2013,16:30:33,1.48,10.57,53.90,961.07,342
4/26/2013 16:30:48,4/26/2013,16:30:48,1.72,10.62,51.50,961.07,331
4/26/2013 16:31:03,4/26/2013,16:31:03,2.74,10.55,51.09,961.04,299
4/26/2013 16:31:18,4/26/2013,16:31:18,2.88,10.55,51.79,961.02,331
4/26/2013 16:31:33,4/26/2013,16:31:33,2.80,10.55,51.40,961.03,325
4/26/2013 16:31:48,4/26/2013,16:31:48,2.36,10.57,52.09,961.04,309
4/26/2013 16:32:03,4/26/2013,16:32:03,3.04,10.55,49.00,961.03,318
4/26/2013 16:32:18,4/26/2013,16:32:18,2.56,10.55,49.20,961.03,347
4/26/2013 16:32:33,4/26/2013,16:32:33,2.30,10.62,49.79,961.02,269
4/26/2013 16:32:48,4/26/2013,16:32:48,1.74,10.69,51.70,961.04,319
4/26/2013 16:33:03,4/26/2013,16:33:03,2.34,10.69,52.79,961.03,330
4/26/2013 16:33:18,4/26/2013,16:33:18,1.47,10.77,53.70,961.04,309
4/26/2013 16:33:33,4/26/2013,16:33:33,0.54,10.87,51.50,961.05,321
4/26/2013 16:33:48,4/26/2013,16:33:48,0.80,10.87,50.40,961.07,286
4/26/2013 16:34:03,4/26/2013,16:34:03,0.73,10.87,50.70,961.08,227
4/26/2013 16:34:18,4/26/2013,16:34:18,0.77,10.94,50.59,961.07,297
4/26/2013 16:34:33,4/26/2013,16:34:33,1.45,10.87,52.00,961.08,322
4/26/2013 16:34:48,4/26/2013,16:34:48,2.04,10.77,51.29,961.08,317
4/26/2013 16:35:03,4/26/2013,16:35:03,1.30,10.87,52.29,961.09,291
4/26/2013 16:35:18,4/26/2013,16:35:18,1.70,10.82,52.09,961.09,331
4/26/2013 16:35:33,4/26/2013,16:35:33,1.49,10.82,52.90,961.09,312
4/26/2013 16:35:48,4/26/2013,16:35:48,1.12,10.87,52.59,961.10,324
4/26/2013 16:36:03,4/26/2013,16:36:03,1.98,10.77,52.29,961.08,325
4/26/2013 16:36:18,4/26/2013,16:36:18,2.37,10.69,51.00,961.09,319
4/26/2013 16:36:33,4/26/2013,16:36:33,1.91,10.69,50.90,961.10,331
4/26/2013 16:36:48,4/26/2013,16:36:48,2.44,10.67,51.90,961.11,312
4/26/2013 16:37:03,4/26/2013,16:37:03,2.08,10.69,53.20,961.12,319
4/26/2013 16:37:18,4/26/2013,16:37:18,1.70,10.69,54.79,961.16,325
4/26/2013 16:37:33,4/26/2013,16:37:33,2.91,10.62,53.70,961.15,316
4/26/2013 16:37:48,4/26/2013,16:37:48,2.11,10.62,53.20,961.16,332
4/26/2013 16:38:03,4/26/2013,16:38:03,1.43,10.62,54.09,961.16,232
4/26/2013 16:38:18,4/26/2013,16:38:18,0.24,10.69,53.20,961.17,330
4/26/2013 16:38:33,4/26/2013,16:38:33,0.33,10.69,53.00,961.19,280
4/26/2013 16:38:48,4/26/2013,16:38:48,0.00,10.69,54.79,961.20,257
4/26/2013 16:39:03,4/26/2013,16:39:03,0.31,10.62,57.09,961.20,293
4/26/2013 16:39:18,4/26/2013,16:39:18,0.63,10.57,58.50,961.21,326
4/26/2013 16:39:33,4/26/2013,16:39:33,2.34,10.39,57.40,961.21,294
4/26/2013 16:39:48,4/26/2013,16:39:48,1.09,10.42,58.70,961.25,329
4/26/2013 16:40:03,4/26/2013,16:40:03,0.74,10.39,59.50,961.30,283
4/26/2013 16:40:18,4/26/2013,16:40:18,1.44,10.30,60.29,961.32,272
4/26/2013 16:40:33,4/26/2013,16:40:33,0.56,10.30,60.20,961.36,169
4/26/2013 16:40:48,4/26/2013,16:40:48,1.15,10.22,62.20,961.34,291
4/26/2013 16:41:03,4/26/2013,16:41:03,0.69,10.19,64.50,961.39,357
4/26/2013 16:41:18,4/26/2013,16:41:18,0.56,10.07,65.40,961.40,322
4/26/2013 16:41:33,4/26/2013,16:41:33,2.92,9.82,62.70,961.39,334
4/26/2013 16:41:48,4/26/2013,16:41:48,3.15,9.67,64.19,961.40,334
4/26/2013 16:42:03,4/26/2013,16:42:03,2.67,9.60,63.90,961.42,312
4/26/2013 16:42:18,4/26/2013,16:42:18,2.31,9.52,65.69,961.45,336
4/26/2013 16:42:33,4/26/2013,16:42:33,2.52,9.39,66.80,961.47,300
4/26/2013 16:42:48,4/26/2013,16:42:48,1.43,9.32,67.09,961.50,328
4/26/2013 16:43:03,4/26/2013,16:43:03,3.52,9.25,63.20,961.49,347
4/26/2013 16:43:18,4/26/2013,16:43:18,1.76,9.12,65.80,961.53,334
4/26/2013 16:43:33,4/26/2013,16:43:33,0.76,9.12,66.19,961.55,295
4/26/2013 16:43:48,4/26/2013,16:43:48,2.06,8.97,68.09,961.56,306
4/26/2013 16:44:03,4/26/2013,16:44:03,1.15,8.92,69.59,961.59,321
4/26/2013 16:44:18,4/26/2013,16:44:18,2.67,8.87,65.59,961.61,322
4/26/2013 16:44:33,4/26/2013,16:44:33,1.80,8.80,66.40,961.61,248
4/26/2013 16:44:48,4/26/2013,16:44:48,3.58,8.72,64.19,961.61,355
4/26/2013 16:45:03,4/26/2013,16:45:03,5.05,8.64,64.09,961.57,295
4/26/2013 16:45:18,4/26/2013,16:45:18,6.20,8.57,64.90,961.56,331
4/26/2013 16:45:33,4/26/2013,16:45:33,1.98,8.50,68.59,961.63,310
4/26/2013 16:45:48,4/26/2013,16:45:48,1.72,8.39,68.30,961.62,300
4/26/2013 16:46:03,4/26/2013,16:46:03,2.55,8.39,67.09,961.62,310
4/26/2013 16:46:18,4/26/2013,16:46:18,2.83,8.30,68.80,961.63,316
4/26/2013 16:46:33,4/26/2013,16:46:33,2.88,8.30,68.00,961.66,308
4/26/2013 16:46:48,4/26/2013,16:46:48,3.20,8.25,68.40,961.64,309
4/26/2013 16:47:03,4/26/2013,16:47:03,3.01,8.17,69.59,961.65,242
4/26/2013 16:47:18,4/26/2013,16:47:18,2.19,8.17,69.00,961.68,3
4/26/2013 16:47:33,4/26/2013,16:47:33,1.63,8.10,69.69,961.68,353
4/26/2013 16:47:48,4/26/2013,16:47:48,0.73,8.10,72.80,961.70,284
4/26/2013 16:48:03,4/26/2013,16:48:03,1.51,8.10,70.80,961.70,283
4/26/2013 16:48:18,4/26/2013,16:48:18,1.37,8.02,69.50,961.70,221
4/26/2013 16:48:33,4/26/2013,16:48:33,2.29,8.10,68.09,961.70,261
4/26/2013 16:48:48,4/26/2013,16:48:48,1.12,7.97,69.50,961.73,203
4/26/2013 16:49:03,4/26/2013,16:49:03,0.98,7.92,70.30,961.74,266
4/26/2013 16:49:18,4/26/2013,16:49:18,3.38,7.92,67.19,961.70,299
4/26/2013 16:49:33,4/26/2013,16:49:33,3.94,7.92,67.30,961.70,326
4/26/2013 16:49:48,4/26/2013,16:49:48,5.01,7.92,66.90,961.65,311
4/26/2013 16:50:03,4/26/2013,16:50:03,2.54,7.82,69.09,961.66,256
4/26/2013 16:50:18,4/26/2013,16:50:18,3.29,7.84,68.50,961.66,320
4/26/2013 16:50:33,4/26/2013,16:50:33,1.48,7.77,68.09,961.71,302
4/26/2013 16:50:48,4/26/2013,16:50:48,0.18,7.69,70.69,961.76,315
4/26/2013 16:51:03,4/26/2013,16:51:03,1.65,7.69,70.40,961.73,309
4/26/2013 16:51:18,4/26/2013,16:51:18,3.66,7.75,67.90,961.69,326
4/26/2013 16:51:33,4/26/2013,16:51:33,1.97,7.69,69.80,961.70,284
4/26/2013 16:51:48,4/26/2013,16:51:48,1.43,7.69,71.30,961.70,267
4/26/2013 16:52:03,4/26/2013,16:52:03,0.37,7.62,69.69,961.73,292
4/26/2013 16:52:18,4/26/2013,16:52:18,1.84,7.65,69.00,961.71,312
4/26/2013 16:52:33,4/26/2013,16:52:33,0.43,7.57,66.90,961.73,204
4/26/2013 16:52:48,4/26/2013,16:52:48,0.59,7.57,69.00,961.71,309
4/26/2013 16:53:03,4/26/2013,16:53:03,1.59,7.62,68.59,961.70,312
4/26/2013 16:53:18,4/26/2013,16:53:18,3.91,7.62,67.80,961.70,308
4/26/2013 16:53:33,4/26/2013,16:53:33,5.04,7.65,63.29,961.65,318
4/26/2013 16:53:48,4/26/2013,16:53:48,3.59,7.62,64.40,961.65,291
4/26/2013 16:54:03,4/26/2013,16:54:03,1.04,7.55,66.30,961.69,285
4/26/2013 16:54:18,4/26/2013,16:54:18,1.59,7.55,66.80,961.70,258
4/26/2013 16:54:33,4/26/2013,16:54:33,3.29,7.57,64.59,961.71,335
4/26/2013 16:54:48,4/26/2013,16:54:48,2.01,7.50,65.30,961.73,200
4/26/2013 16:55:03,4/26/2013,16:55:03,3.29,7.57,64.00,961.72,352
4/26/2013 16:55:18,4/26/2013,16:55:18,1.36,7.50,65.90,961.77,253
4/26/2013 16:55:33,4/26/2013,16:55:33,3.30,7.57,64.50,961.72,303
4/26/2013 16:55:48,4/26/2013,16:55:48,0.83,7.47,66.50,961.73,8
4/26/2013 16:56:03,4/26/2013,16:56:03,1.84,7.47,68.09,961.70,320
4/26/2013 16:56:18,4/26/2013,16:56:18,2.66,7.57,66.90,961.70,230
4/26/2013 16:56:33,4/26/2013,16:56:33,3.19,7.62,63.40,961.71,327
4/26/2013 16:56:48,4/26/2013,16:56:48,2.08,7.55,64.90,961.73,232
4/26/2013 16:57:03,4/26/2013,16:57:03,1.81,7.55,66.50,961.74,300
4/26/2013 16:57:18,4/26/2013,16:57:18,1.80,7.55,66.69,961.76,207
4/26/2013 16:57:33,4/26/2013,16:57:33,2.24,7.57,63.29,961.76,169
4/26/2013 16:57:48,4/26/2013,16:57:48,1.40,7.55,63.00,961.78,310
4/26/2013 16:58:03,4/26/2013,16:58:03,2.31,7.62,61.90,961.76,299
4/26/2013 16:58:18,4/26/2013,16:58:18,1.15,7.57,63.90,961.80,326
4/26/2013 16:58:33,4/26/2013,16:58:33,3.22,7.65,62.50,961.73,310
4/26/2013 16:58:48,4/26/2013,16:58:48,3.90,7.69,60.29,961.69,299
4/26/2013 16:59:03,4/26/2013,16:59:03,3.73,7.69,60.50,961.69,14
4/26/2013 16:59:18,4/26/2013,16:59:18,3.22,7.69,60.09,961.69,18
4/26/2013 16:59:33,4/26/2013,16:59:33,2.73,7.69,60.00,961.65,342
4/26/2013 16:59:48,4/26/2013,16:59:48,3.05,7.69,58.59,961.56,6
4/26/2013 17:00:03,4/26/2013,17:00:03,2.80,7.69,57.90,961.51,357
4/26/2013 17:00:18,4/26/2013,17:00:18,2.88,7.65,59.29,961.48,11
4/26/2013 17:00:33,4/26/2013,17:00:33,1.99,7.57,60.59,961.48,33
4/26/2013 17:00:48,4/26/2013,17:00:48,1.79,7.55,61.50,961.45,47
4/26/2013 17:01:03,4/26/2013,17:01:03,0.86,7.50,62.20,961.46,11
4/26/2013 17:01:18,4/26/2013,17:01:18,1.13,7.55,62.09,961.48,2
4/26/2013 17:01:33,4/26/2013,17:01:33,0.63,7.50,65.00,961.48,24
4/26/2013 17:01:48,4/26/2013,17:01:48,1.15,7.57,63.79,961.49,358
4/26/2013 17:02:03,4/26/2013,17:02:03,2.27,7.69,59.90,961.49,359
4/26/2013 17:02:18,4/26/2013,17:02:18,1.65,7.69,60.00,961.49,15
4/26/2013 17:02:33,4/26/2013,17:02:33,1.72,7.69,61.40,961.47,6
4/26/2013 17:02:48,4/26/2013,17:02:48,2.61,7.77,57.59,961.46,35
4/26/2013 17:03:03,4/26/2013,17:03:03,2.49,7.82,56.90,961.47,13
4/26/2013 17:03:18,4/26/2013,17:03:18,2.72,7.84,57.29,961.46,28
4/26/2013 17:03:33,4/26/2013,17:03:33,1.27,7.77,59.90,961.47,330
4/26/2013 17:03:48,4/26/2013,17:03:48,0.08,7.77,63.00,961.48,19
4/26/2013 17:04:03,4/26/2013,17:04:03,0.59,7.84,59.50,961.47,29
4/26/2013 17:04:18,4/26/2013,17:04:18,1.51,7.97,57.40,961.43,356
4/26/2013 17:04:33,4/26/2013,17:04:33,1.40,8.02,57.90,961.45,7
4/26/2013 17:04:48,4/26/2013,17:04:48,1.24,8.02,57.29,961.43,8
4/26/2013 17:05:03,4/26/2013,17:05:03,1.66,8.17,57.50,961.40,17
4/26/2013 17:05:18,4/26/2013,17:05:18,1.69,8.25,54.79,961.35,10
4/26/2013 17:05:33,4/26/2013,17:05:33,1.18,8.32,56.50,961.33,2
4/26/2013 17:05:48,4/26/2013,17:05:48,0.90,8.50,59.20,961.34,327
4/26/2013 17:06:03,4/26/2013,17:06:03,0.00,8.64,61.29,961.34,16
4/26/2013 17:06:18,4/26/2013,17:06:18,0.23,8.80,59.00,961.32,346
4/26/2013 17:06:33,4/26/2013,17:06:33,0.00,9.05,57.29,961.33,6
4/26/2013 17:06:48,4/26/2013,17:06:48,1.01,9.19,56.59,961.25,2
4/26/2013 17:07:03,4/26/2013,17:07:03,1.09,9.32,52.40,961.23,349
4/26/2013 17:07:18,4/26/2013,17:07:18,1.40,9.35,52.20,961.20,5
4/26/2013 17:07:33,4/26/2013,17:07:33,0.84,9.44,54.09,961.20,353
4/26/2013 17:07:48,4/26/2013,17:07:48,1.06,9.44,53.70,961.18,2
4/26/2013 17:08:03,4/26/2013,17:08:03,1.38,9.44,52.90,961.18,349
4/26/2013 17:08:18,4/26/2013,17:08:18,0.93,9.52,55.79,961.17,41
4/26/2013 17:08:33,4/26/2013,17:08:33,0.38,9.55,55.70,961.19,353
4/26/2013 17:08:48,4/26/2013,17:08:48,0.24,9.52,56.20,961.20,56
4/26/2013 17:09:03,4/26/2013,17:09:03,0.97,9.55,54.90,961.18,43
4/26/2013 17:09:18,4/26/2013,17:09:18,0.56,9.60,58.59,961.18,329
4/26/2013 17:09:33,4/26/2013,17:09:33,0.00,9.67,59.29,961.19,10
4/26/2013 17:09:48,4/26/2013,17:09:48,0.87,9.60,58.29,961.17,32
4/26/2013 17:10:03,4/26/2013,17:10:03,1.20,9.60,56.40,961.13,8
4/26/2013 17:10:18,4/26/2013,17:10:18,0.81,9.64,56.20,961.16,337
4/26/2013 17:10:33,4/26/2013,17:10:33,0.86,9.64,55.29,961.16,23
4/26/2013 17:10:48,4/26/2013,17:10:48,0.66,9.72,59.40,961.17,333
4/26/2013 17:11:03,4/26/2013,17:11:03,0.83,9.67,53.00,961.16,25
4/26/2013 17:11:18,4/26/2013,17:11:18,1.15,9.67,52.09,961.13,354
4/26/2013 17:11:33,4/26/2013,17:11:33,1.33,9.67,51.20,961.12,20
4/26/2013 17:11:48,4/26/2013,17:11:48,1.65,9.60,52.29,961.11,9
4/26/2013 17:12:03,4/26/2013,17:12:03,1.56,9.67,51.29,961.10,13
4/26/2013 17:12:18,4/26/2013,17:12:18,1.01,9.75,53.09,961.12,15
4/26/2013 17:12:33,4/26/2013,17:12:33,1.61,9.72,51.70,961.10,14
4/26/2013 17:12:48,4/26/2013,17:12:48,1.44,9.72,52.40,961.11,1
4/26/2013 17:13:03,4/26/2013,17:13:03,0.74,9.82,52.90,961.12,9
4/26/2013 17:13:18,4/26/2013,17:13:18,0.45,9.92,55.40,961.16,30
4/26/2013 17:13:33,4/26/2013,17:13:33,0.00,9.94,54.20,961.16,343
4/26/2013 17:13:48,4/26/2013,17:13:48,0.40,9.92,52.59,961.13,12
4/26/2013 17:14:03,4/26/2013,17:14:03,0.61,10.00,52.20,961.12,356
4/26/2013 17:14:18,4/26/2013,17:14:18,0.66,10.00,53.20,961.13,25
4/26/2013 17:14:33,4/26/2013,17:14:33,0.00,10.02,53.40,961.16,355
4/26/2013 17:14:48,4/26/2013,17:14:48,0.00,10.07,53.00,961.18,359
4/26/2013 17:15:03,4/26/2013,17:15:03,0.00,10.10,53.20,961.18,354
4/26/2013 17:15:18,4/26/2013,17:15:18,0.00,10.22,54.09,961.18,340
4/26/2013 17:15:33,4/26/2013,17:15:33,0.00,10.22,54.50,961.19,5
4/26/2013 17:15:48,4/26/2013,17:15:48,0.20,10.19,51.59,961.21,5
4/26/2013 17:16:03,4/26/2013,17:16:03,0.43,10.10,53.29,961.24,341
4/26/2013 17:16:18,4/26/2013,17:16:18,1.30,10.07,50.70,961.24,318
4/26/2013 17:16:33,4/26/2013,17:16:33,1.40,10.07,49.50,961.25,353
4/26/2013 17:16:48,4/26/2013,17:16:48,0.98,10.14,51.29,961.25,311
4/26/2013 17:17:03,4/26/2013,17:17:03,1.99,10.07,52.00,961.20,343
4/26/2013 17:17:18,4/26/2013,17:17:18,2.06,10.22,49.00,961.20,343
4/26/2013 17:17:33,4/26/2013,17:17:33,1.02,10.50,52.20,961.18,305
4/26/2013 17:17:48,4/26/2013,17:17:48,1.19,10.69,53.29,961.16,304
4/26/2013 17:18:03,4/26/2013,17:18:03,1.26,10.89,52.40,961.07,343
4/26/2013 17:18:18,4/26/2013,17:18:18,1.13,11.25,51.29,961.07,338
4/26/2013 17:18:33,4/26/2013,17:18:33,0.84,11.52,50.00,961.10,338
4/26/2013 17:18:48,4/26/2013,17:18:48,1.76,11.69,55.09,961.15,325
4/26/2013 17:19:03,4/26/2013,17:19:03,2.81,11.64,51.79,961.13,302
4/26/2013 17:19:18,4/26/2013,17:19:18,2.38,11.64,48.40,961.13,272
4/26/2013 17:19:33,4/26/2013,17:19:33,1.11,11.97,48.50,961.16,350
4/26/2013 17:19:48,4/26/2013,17:19:48,2.61,11.57,45.79,961.17,351
4/26/2013 17:20:03,4/26/2013,17:20:03,5.54,11.37,49.20,961.16,303
4/26/2013 17:20:18,4/26/2013,17:20:18,3.72,11.50,49.50,961.18,195
4/26/2013 17:20:33,4/26/2013,17:20:33,4.36,11.50,50.29,961.17,289
4/26/2013 17:20:48,4/26/2013,17:20:48,4.54,11.32,51.90,961.24,334
4/26/2013 17:21:03,4/26/2013,17:21:03,7.20,10.87,51.79,961.21,333
4/26/2013 17:21:18,4/26/2013,17:21:18,7.76,10.57,52.70,961.27,331
4/26/2013 17:21:33,4/26/2013,17:21:33,7.37,10.30,53.59,961.31,323
4/26/2013 17:21:48,4/26/2013,17:21:48,6.52,10.10,55.59,961.33,310
4/26/2013 17:22:03,4/26/2013,17:22:03,6.01,10.00,57.59,961.35,325
4/26/2013 17:22:18,4/26/2013,17:22:18,6.52,9.80,57.20,961.35,322
4/26/2013 17:22:33,4/26/2013,17:22:33,5.16,9.92,57.59,961.40,308
4/26/2013 17:22:48,4/26/2013,17:22:48,4.81,9.82,57.90,961.42,299
4/26/2013 17:23:03,4/26/2013,17:23:03,2.15,10.00,58.50,961.46,6
4/26/2013 17:23:18,4/26/2013,17:23:18,3.72,9.82,58.50,961.48,331
4/26/2013 17:23:33,4/26/2013,17:23:33,5.91,9.67,58.29,961.48,315
4/26/2013 17:23:48,4/26/2013,17:23:48,5.33,9.52,60.50,961.53,317
4/26/2013 17:24:03,4/26/2013,17:24:03,5.30,9.35,59.00,961.51,332
4/26/2013 17:24:18,4/26/2013,17:24:18,6.17,9.17,59.09,961.53,333
4/26/2013 17:24:33,4/26/2013,17:24:33,5.60,9.12,59.20,961.55,306
4/26/2013 17:24:48,4/26/2013,17:24:48,6.02,8.97,60.29,961.58,336
4/26/2013 17:25:03,4/26/2013,17:25:03,8.60,8.85,58.59,961.54,325
4/26/2013 17:25:18,4/26/2013,17:25:18,7.15,8.77,59.90,961.55,329
4/26/2013 17:25:33,4/26/2013,17:25:33,8.73,8.77,59.09,961.51,0
4/26/2013 17:25:48,4/26/2013,17:25:48,5.19,8.72,59.90,961.59,325
4/26/2013 17:26:03,4/26/2013,17:26:03,5.67,8.64,59.70,961.61,358
4/26/2013 17:26:18,4/26/2013,17:26:18,7.10,8.69,54.90,961.57,327
4/26/2013 17:26:33,4/26/2013,17:26:33,4.83,8.57,58.90,961.54,292
4/26/2013 17:26:48,4/26/2013,17:26:48,3.99,8.50,57.90,961.55,335
4/26/2013 17:27:03,4/26/2013,17:27:03,3.74,8.25,63.70,961.57,356
4/26/2013 17:27:18,4/26/2013,17:27:18,4.44,8.32,63.00,961.51,299
4/26/2013 17:27:33,4/26/2013,17:27:33,4.60,8.32,62.59,961.54,333
4/26/2013 17:27:48,4/26/2013,17:27:48,3.63,8.25,59.29,961.55,337
4/26/2013 17:28:03,4/26/2013,17:28:03,3.29,8.22,61.40,961.57,328
4/26/2013 17:28:18,4/26/2013,17:28:18,3.36,8.17,62.40,961.57,330
4/26/2013 17:28:33,4/26/2013,17:28:33,3.04,8.17,62.90,961.57,317
4/26/2013 17:28:48,4/26/2013,17:28:48,2.33,8.12,65.80,961.54,343
4/26/2013 17:29:03,4/26/2013,17:29:03,1.41,8.10,67.30,961.54,254
4/26/2013 17:29:18,4/26/2013,17:29:18,0.40,8.05,65.19,961.54,337
4/26/2013 17:29:33,4/26/2013,17:29:33,1.93,8.12,64.69,961.50,312
4/26/2013 17:29:48,4/26/2013,17:29:48,3.20,8.17,59.70,961.48,317
4/26/2013 17:30:03,4/26/2013,17:30:03,2.33,8.17,61.20,961.48,324
4/26/2013 17:30:18,4/26/2013,17:30:18,2.09,8.17,61.90,961.45,340
4/26/2013 17:30:33,4/26/2013,17:30:33,1.11,8.12,63.40,961.43,329
4/26/2013 17:30:48,4/26/2013,17:30:48,0.12,8.10,65.90,961.42,344
4/26/2013 17:31:03,4/26/2013,17:31:03,0.00,8.05,66.00,961.42,316
4/26/2013 17:31:18,4/26/2013,17:31:18,0.94,8.17,65.50,961.42,325
4/26/2013 17:31:33,4/26/2013,17:31:33,2.51,8.25,62.09,961.38,307
4/26/2013 17:31:48,4/26/2013,17:31:48,2.09,8.25,62.09,961.35,320
4/26/2013 17:32:03,4/26/2013,17:32:03,1.06,8.25,64.30,961.36,322
4/26/2013 17:32:18,4/26/2013,17:32:18,0.13,8.22,65.90,961.39,153
4/26/2013 17:32:33,4/26/2013,17:32:33,0.23,8.22,66.50,961.36,325
4/26/2013 17:32:48,4/26/2013,17:32:48,0.13,8.25,64.19,961.36,248
4/26/2013 17:33:03,4/26/2013,17:33:03,0.95,8.32,62.90,961.33,16
4/26/2013 17:33:18,4/26/2013,17:33:18,1.06,8.32,63.20,961.28,295
4/26/2013 17:33:33,4/26/2013,17:33:33,0.95,8.32,63.00,961.27,304
4/26/2013 17:33:48,4/26/2013,17:33:48,1.48,8.39,60.40,961.25,252
4/26/2013 17:34:03,4/26/2013,17:34:03,0.15,8.32,61.79,961.26,248
4/26/2013 17:34:18,4/26/2013,17:34:18,0.33,8.37,63.70,961.25,275
4/26/2013 17:34:33,4/26/2013,17:34:33,1.37,8.39,60.00,961.20,269
4/26/2013 17:34:48,4/26/2013,17:34:48,0.12,8.39,65.59,961.21,169
4/26/2013 17:35:03,4/26/2013,17:35:03,0.51,8.44,66.50,961.19,204
4/26/2013 17:35:18,4/26/2013,17:35:18,1.65,8.52,64.09,961.15,219
4/26/2013 17:35:33,4/26/2013,17:35:33,0.93,8.50,61.09,961.12,245
4/26/2013 17:35:48,4/26/2013,17:35:48,0.33,8.50,63.79,961.15,321
4/26/2013 17:36:03,4/26/2013,17:36:03,0.74,8.50,63.40,961.11,243
4/26/2013 17:36:18,4/26/2013,17:36:18,0.58,8.52,63.90,961.11,289
4/26/2013 17:36:33,4/26/2013,17:36:33,0.15,8.52,64.30,961.10,206
4/26/2013 17:36:48,4/26/2013,17:36:48,0.00,8.50,65.09,961.08,179
4/26/2013 17:37:03,4/26/2013,17:37:03,0.29,8.57,67.69,961.07,204
4/26/2013 17:37:18,4/26/2013,17:37:18,0.45,8.57,63.09,961.05,307
4/26/2013 17:37:33,4/26/2013,17:37:33,0.00,8.64,67.40,961.07,267
4/26/2013 17:37:48,4/26/2013,17:37:48,0.00,8.69,67.19,961.07,259
4/26/2013 17:38:03,4/26/2013,17:38:03,0.93,8.69,64.40,961.02,208
4/26/2013 17:38:18,4/26/2013,17:38:18,0.26,8.69,67.09,961.04,217
4/26/2013 17:38:33,4/26/2013,17:38:33,0.00,8.72,68.00,961.04,236
4/26/2013 17:38:48,4/26/2013,17:38:48,0.00,8.72,66.59,961.02,260
4/26/2013 17:39:03,4/26/2013,17:39:03,0.00,8.77,64.69,961.01,244
4/26/2013 17:39:18,4/26/2013,17:39:18,0.00,8.80,67.19,961.01,242
4/26/2013 17:39:33,4/26/2013,17:39:33,0.00,8.80,66.80,960.98,198
4/26/2013 17:39:48,4/26/2013,17:39:48,0.66,8.87,65.09,960.95,268
4/26/2013 17:40:03,4/26/2013,17:40:03,0.09,8.97,65.09,960.96,293
4/26/2013 17:40:18,4/26/2013,17:40:18,0.00,9.05,66.69,960.97,293
4/26/2013 17:40:33,4/26/2013,17:40:33,0.00,9.17,64.40,960.95,301
4/26/2013 17:40:48,4/26/2013,17:40:48,0.34,9.19,63.00,960.94,341
4/26/2013 17:41:03,4/26/2013,17:41:03,0.00,9.19,63.29,960.96,250
4/26/2013 17:41:18,4/26/2013,17:41:18,0.56,9.19,62.20,960.96,293
4/26/2013 17:41:33,4/26/2013,17:41:33,0.80,9.27,62.90,960.95,278
4/26/2013 17:41:48,4/26/2013,17:41:48,0.16,9.39,64.50,960.97,320
4/26/2013 17:42:03,4/26/2013,17:42:03,0.38,9.39,63.70,960.97,289
4/26/2013 17:42:18,4/26/2013,17:42:18,0.36,9.44,62.90,960.98,266
4/26/2013 17:42:33,4/26/2013,17:42:33,0.00,9.52,63.09,960.96,172
4/26/2013 17:42:48,4/26/2013,17:42:48,0.00,9.52,63.20,960.96,281
4/26/2013 17:43:03,4/26/2013,17:43:03,0.00,9.55,65.90,960.95,270
4/26/2013 17:43:18,4/26/2013,17:43:18,0.00,9.60,65.00,960.94,300
4/26/2013 17:43:33,4/26/2013,17:43:33,0.00,9.60,61.00,960.93,1
4/26/2013 17:43:48,4/26/2013,17:43:48,0.00,9.67,65.09,960.93,195
4/26/2013 17:44:03,4/26/2013,17:44:03,0.00,9.75,67.50,960.93,276
4/26/2013 17:44:18,4/26/2013,17:44:18,0.00,9.75,64.80,960.93,260
4/26/2013 17:44:33,4/26/2013,17:44:33,0.00,9.82,66.19,960.90,336
4/26/2013 17:44:48,4/26/2013,17:44:48,0.00,9.82,67.90,960.92,173
4/26/2013 17:45:03,4/26/2013,17:45:03,0.16,9.82,65.59,960.89,179
4/26/2013 17:45:18,4/26/2013,17:45:18,0.24,9.82,61.50,960.88,305
4/26/2013 17:45:33,4/26/2013,17:45:33,0.00,9.82,63.79,960.89,301
4/26/2013 17:45:48,4/26/2013,17:45:48,0.00,9.92,66.09,960.90,237
4/26/2013 17:46:03,4/26/2013,17:46:03,0.00,10.00,66.00,960.92,236
4/26/2013 17:46:18,4/26/2013,17:46:18,0.00,10.07,67.30,960.89,259
4/26/2013 17:46:33,4/26/2013,17:46:33,0.00,10.07,64.59,960.89,297
4/26/2013 17:46:48,4/26/2013,17:46:48,0.00,10.07,65.69,960.89,127
4/26/2013 17:47:03,4/26/2013,17:47:03,0.00,10.14,62.20,960.87,253
4/26/2013 17:47:18,4/26/2013,17:47:18,0.00,10.14,62.29,960.87,328
4/26/2013 17:47:33,4/26/2013,17:47:33,0.00,10.07,64.40,960.88,312
4/26/2013 17:47:48,4/26/2013,17:47:48,0.00,10.14,62.00,960.88,300
4/26/2013 17:48:03,4/26/2013,17:48:03,0.00,10.10,61.90,960.87,276
4/26/2013 17:48:18,4/26/2013,17:48:18,0.00,10.14,61.79,960.89,282
4/26/2013 17:48:33,4/26/2013,17:48:33,0.00,10.14,63.09,960.87,274
4/26/2013 17:48:48,4/26/2013,17:48:48,0.00,10.22,60.70,960.87,221
4/26/2013 17:49:03,4/26/2013,17:49:03,0.00,10.22,59.40,960.86,304
4/26/2013 17:49:18,4/26/2013,17:49:18,0.00,10.19,60.20,960.86,262
4/26/2013 17:49:33,4/26/2013,17:49:33,0.00,10.19,58.90,960.88,269
4/26/2013 17:49:48,4/26/2013,17:49:48,0.00,10.27,59.50,960.88,215
4/26/2013 17:50:03,4/26/2013,17:50:03,0.00,10.30,59.00,960.88,319
4/26/2013 17:50:18,4/26/2013,17:50:18,0.00,10.27,59.29,960.88,258
4/26/2013 17:50:33,4/26/2013,17:50:33,0.00,10.30,59.50,960.88,279
4/26/2013 17:50:48,4/26/2013,17:50:48,0.00,10.30,57.29,960.89,345
4/26/2013 17:51:03,4/26/2013,17:51:03,0.00,10.39,59.00,960.88,292
4/26/2013 17:51:18,4/26/2013,17:51:18,0.00,10.39,59.09,960.88,302
4/26/2013 17:51:33,4/26/2013,17:51:33,0.00,10.47,60.09,960.89,302
4/26/2013 17:51:48,4/26/2013,17:51:48,0.00,10.39,59.40,960.88,311
4/26/2013 17:52:03,4/26/2013,17:52:03,0.00,10.30,57.90,960.88,322
4/26/2013 17:52:18,4/26/2013,17:52:18,0.00,10.47,57.59,960.87,177
4/26/2013 17:52:33,4/26/2013,17:52:33,0.00,10.47,57.90,960.90,333
4/26/2013 17:52:48,4/26/2013,17:52:48,0.00,10.55,60.20,960.90,318
4/26/2013 17:53:03,4/26/2013,17:53:03,0.00,10.47,58.00,960.89,283
4/26/2013 17:53:18,4/26/2013,17:53:18,0.00,10.55,58.70,960.88,279
4/26/2013 17:53:33,4/26/2013,17:53:33,0.00,10.47,56.50,960.86,318
4/26/2013 17:53:48,4/26/2013,17:53:48,0.00,10.55,57.50,960.86,308
4/26/2013 17:54:03,4/26/2013,17:54:03,0.00,10.50,55.79,960.86,271
4/26/2013 17:54:18,4/26/2013,17:54:18,0.00,10.55,56.90,960.85,275
4/26/2013 17:54:33,4/26/2013,17:54:33,0.00,10.62,59.70,960.84,288
4/26/2013 17:54:48,4/26/2013,17:54:48,0.00,10.55,57.79,960.82,300
4/26/2013 17:55:03,4/26/2013,17:55:03,0.00,10.57,58.00,960.84,297
4/26/2013 17:55:18,4/26/2013,17:55:18,0.00,10.55,59.40,960.84,302
4/26/2013 17:55:33,4/26/2013,17:55:33,0.00,10.62,58.20,960.84,299
4/26/2013 17:55:48,4/26/2013,17:55:48,0.00,10.57,58.70,960.85,298
4/26/2013 17:56:03,4/26/2013,17:56:03,0.00,10.57,56.90,960.85,321
4/26/2013 17:56:18,4/26/2013,17:56:18,0.30,10.55,57.50,960.85,272
4/26/2013 17:56:33,4/26/2013,17:56:33,0.00,10.57,60.79,960.86,276
4/26/2013 17:56:48,4/26/2013,17:56:48,0.00,10.62,58.59,960.87,285
4/26/2013 17:57:03,4/26/2013,17:57:03,0.00,10.57,59.09,960.87,280
4/26/2013 17:57:18,4/26/2013,17:57:18,0.00,10.67,60.09,960.86,281
4/26/2013 17:57:33,4/26/2013,17:57:33,0.00,10.62,58.50,960.85,285
4/26/2013 17:57:48,4/26/2013,17:57:48,0.00,10.67,62.00,960.85,281
4/26/2013 17:58:03,4/26/2013,17:58:03,0.00,10.62,60.50,960.84,337
4/26/2013 17:58:18,4/26/2013,17:58:18,0.00,10.62,55.90,960.85,255
4/26/2013 17:58:33,4/26/2013,17:58:33,0.00,10.69,59.59,960.86,263
4/26/2013 17:58:48,4/26/2013,17:58:48,0.00,10.62,60.90,960.85,292
4/26/2013 17:59:03,4/26/2013,17:59:03,0.00,10.55,58.29,960.87,310
4/26/2013 17:59:18,4/26/2013,17:59:18,0.00,10.55,57.59,960.89,281
4/26/2013 17:59:33,4/26/2013,17:59:33,0.00,10.62,55.79,960.88,304
4/26/2013 17:59:48,4/26/2013,17:59:48,0.00,10.55,57.90,960.89,276
4/26/2013 18:00:03,4/26/2013,18:00:03,0.00,10.55,57.00,960.89,303
4/26/2013 18:00:18,4/26/2013,18:00:18,0.00,10.47,58.79,960.92,297
4/26/2013 18:00:33,4/26/2013,18:00:33,0.00,10.47,58.90,960.94,293
4/26/2013 18:00:48,4/26/2013,18:00:48,0.00,10.47,62.20,960.94,265
4/26/2013 18:01:03,4/26/2013,18:01:03,0.00,10.55,60.40,960.93,232
4/26/2013 18:01:18,4/26/2013,18:01:18,0.00,10.47,59.00,960.90,308
4/26/2013 18:01:33,4/26/2013,18:01:33,0.00,10.42,58.79,960.92,245
4/26/2013 18:01:48,4/26/2013,18:01:48,0.00,10.47,58.79,960.90,301
4/26/2013 18:02:03,4/26/2013,18:02:03,0.00,10.50,59.29,960.92,309
4/26/2013 18:02:18,4/26/2013,18:02:18,0.00,10.47,59.79,960.92,280
4/26/2013 18:02:33,4/26/2013,18:02:33,0.00,10.42,61.00,960.92,241
4/26/2013 18:02:48,4/26/2013,18:02:48,0.00,10.47,59.29,960.93,205
4/26/2013 18:03:03,4/26/2013,18:03:03,0.00,10.42,57.40,960.93,237
4/26/2013 18:03:18,4/26/2013,18:03:18,0.00,10.42,58.29,960.93,260
4/26/2013 18:03:33,4/26/2013,18:03:33,0.00,10.47,59.79,960.94,308
4/26/2013 18:03:48,4/26/2013,18:03:48,0.00,10.47,60.79,960.93,308
4/26/2013 18:04:03,4/26/2013,18:04:03,0.00,10.47,62.00,960.93,300
4/26/2013 18:04:18,4/26/2013,18:04:18,0.00,10.42,60.70,960.92,294
4/26/2013 18:04:33,4/26/2013,18:04:33,0.00,10.47,60.40,960.92,275
4/26/2013 18:04:48,4/26/2013,18:04:48,0.00,10.50,59.59,960.93,295
4/26/2013 18:05:03,4/26/2013,18:05:03,0.00,10.39,59.70,960.94,302
4/26/2013 18:05:18,4/26/2013,18:05:18,0.00,10.30,59.20,960.93,256
4/26/2013 18:05:33,4/26/2013,18:05:33,0.00,10.39,57.79,960.93,338
4/26/2013 18:05:48,4/26/2013,18:05:48,0.00,10.47,58.00,960.93,241
4/26/2013 18:06:03,4/26/2013,18:06:03,0.00,10.47,59.50,960.93,319
4/26/2013 18:06:18,4/26/2013,18:06:18,0.00,10.39,59.50,960.92,315
4/26/2013 18:06:33,4/26/2013,18:06:33,0.00,10.35,59.59,960.92,269
4/26/2013 18:06:48,4/26/2013,18:06:48,0.00,10.30,59.09,960.95,269
4/26/2013 18:07:03,4/26/2013,18:07:03,0.00,10.39,58.90,960.95,301
4/26/2013 18:07:18,4/26/2013,18:07:18,0.00,10.30,60.59,960.94,255
4/26/2013 18:07:33,4/26/2013,18:07:33,0.00,10.19,58.29,960.93,221
4/26/2013 18:07:48,4/26/2013,18:07:48,0.00,10.14,58.20,960.92,214
4/26/2013 18:08:03,4/26/2013,18:08:03,0.00,10.22,57.79,960.92,314
4/26/2013 18:08:18,4/26/2013,18:08:18,0.00,10.27,61.50,960.90,302
4/26/2013 18:08:33,4/26/2013,18:08:33,0.00,10.27,63.20,960.90,280
4/26/2013 18:08:48,4/26/2013,18:08:48,0.00,10.30,61.09,960.92,280
4/26/2013 18:09:03,4/26/2013,18:09:03,0.00,10.30,60.20,960.92,282
4/26/2013 18:09:18,4/26/2013,18:09:18,0.00,10.39,63.90,960.92,275
4/26/2013 18:09:33,4/26/2013,18:09:33,0.00,10.39,65.09,960.92,275
4/26/2013 18:09:48,4/26/2013,18:09:48,0.00,10.42,63.50,960.94,275
4/26/2013 18:10:03,4/26/2013,18:10:03,0.00,10.47,62.40,960.96,280
4/26/2013 18:10:18,4/26/2013,18:10:18,0.00,10.35,61.00,960.96,268
4/26/2013 18:10:33,4/26/2013,18:10:33,0.00,10.47,60.09,960.94,188
4/26/2013 18:10:48,4/26/2013,18:10:48,0.00,10.47,60.90,960.94,11
4/26/2013 18:11:03,4/26/2013,18:11:03,0.00,10.55,62.40,960.95,285
4/26/2013 18:11:18,4/26/2013,18:11:18,0.00,10.69,61.40,960.93,333
4/26/2013 18:11:33,4/26/2013,18:11:33,0.00,10.77,57.40,960.92,274
4/26/2013 18:11:48,4/26/2013,18:11:48,0.00,11.22,58.50,960.88,319
4/26/2013 18:12:03,4/26/2013,18:12:03,0.00,11.37,60.50,960.86,345
4/26/2013 18:12:18,4/26/2013,18:12:18,0.00,11.64,58.90,960.84,295
4/26/2013 18:12:33,4/26/2013,18:12:33,0.00,12.05,55.90,960.82,274
4/26/2013 18:12:48,4/26/2013,18:12:48,0.00,12.52,53.90,960.77,276
4/26/2013 18:13:03,4/26/2013,18:13:03,0.00,12.85,55.59,960.73,326
4/26/2013 18:13:18,4/26/2013,18:13:18,0.00,12.80,55.40,960.72,323
4/26/2013 18:13:33,4/26/2013,18:13:33,0.00,13.07,54.79,960.70,324
4/26/2013 18:13:48,4/26/2013,18:13:48,0.00,13.07,53.40,960.69,320
4/26/2013 18:14:03,4/26/2013,18:14:03,0.00,13.22,53.40,960.66,267
4/26/2013 18:14:18,4/26/2013,18:14:18,0.00,13.47,50.29,960.65,274
4/26/2013 18:14:33,4/26/2013,18:14:33,0.00,13.75,51.90,960.65,275
4/26/2013 18:14:48,4/26/2013,18:14:48,0.00,13.75,51.00,960.64,286
4/26/2013 18:15:03,4/26/2013,18:15:03,0.00,13.69,50.00,960.64,286
4/26/2013 18:15:18,4/26/2013,18:15:18,0.00,13.62,51.90,960.64,285
4/26/2013 18:15:33,4/26/2013,18:15:33,0.00,13.47,51.59,960.65,299
4/26/2013 18:15:48,4/26/2013,18:15:48,0.00,13.30,51.70,960.64,297
4/26/2013 18:16:03,4/26/2013,18:16:03,0.00,13.27,53.00,960.64,299
4/26/2013 18:16:18,4/26/2013,18:16:18,0.00,13.27,54.70,960.65,298
4/26/2013 18:16:33,4/26/2013,18:16:33,0.00,13.30,57.59,960.65,286
4/26/2013 18:16:48,4/26/2013,18:16:48,0.00,13.27,54.59,960.66,302
4/26/2013 18:17:03,4/26/2013,18:17:03,0.00,13.00,54.79,960.67,278
4/26/2013 18:17:18,4/26/2013,18:17:18,0.00,13.12,54.70,960.69,206
4/26/2013 18:17:33,4/26/2013,18:17:33,0.00,13.02,55.09,960.70,288
4/26/2013 18:17:48,4/26/2013,18:17:48,0.00,12.92,54.70,960.70,262
4/26/2013 18:18:03,4/26/2013,18:18:03,0.00,12.75,55.00,960.72,219
4/26/2013 18:18:18,4/26/2013,18:18:18,0.00,12.67,53.59,960.72,237
4/26/2013 18:18:33,4/26/2013,18:18:33,0.00,12.47,52.50,960.72,201
4/26/2013 18:18:48,4/26/2013,18:18:48,0.00,12.52,53.00,960.72,214
4/26/2013 18:19:03,4/26/2013,18:19:03,0.00,12.19,53.09,960.73,246
4/26/2013 18:19:18,4/26/2013,18:19:18,0.00,12.10,53.59,960.75,242
4/26/2013 18:19:33,4/26/2013,18:19:33,0.00,12.05,52.79,960.74,282
4/26/2013 18:19:48,4/26/2013,18:19:48,0.00,11.89,53.50,960.75,259
4/26/2013 18:20:03,4/26/2013,18:20:03,0.00,11.85,54.59,960.77,291
4/26/2013 18:20:18,4/26/2013,18:20:18,0.00,11.89,56.40,960.78,214
4/26/2013 18:20:33,4/26/2013,18:20:33,0.47,11.69,54.79,960.77,206
4/26/2013 18:20:48,4/26/2013,18:20:48,0.18,11.77,55.70,960.77,204
4/26/2013 18:21:03,4/26/2013,18:21:03,0.00,11.85,56.90,960.79,214
4/26/2013 18:21:18,4/26/2013,18:21:18,0.00,11.80,57.00,960.80,218
4/26/2013 18:21:33,4/26/2013,18:21:33,0.00,11.64,56.90,960.81,217
4/26/2013 18:21:48,4/26/2013,18:21:48,0.00,11.52,56.40,960.82,236
4/26/2013 18:22:03,4/26/2013,18:22:03,0.00,11.44,56.59,960.81,230
4/26/2013 18:22:18,4/26/2013,18:22:18,0.00,11.42,57.00,960.82,258
4/26/2013 18:22:33,4/26/2013,18:22:33,0.00,11.52,58.29,960.86,215
4/26/2013 18:22:48,4/26/2013,18:22:48,0.00,11.50,58.20,960.87,243
4/26/2013 18:23:03,4/26/2013,18:23:03,0.00,11.44,57.70,960.88,259
4/26/2013 18:23:18,4/26/2013,18:23:18,0.00,11.50,58.20,960.88,244
4/26/2013 18:23:33,4/26/2013,18:23:33,0.00,11.32,58.09,960.89,256
4/26/2013 18:23:48,4/26/2013,18:23:48,0.00,11.50,58.90,960.88,252
4/26/2013 18:24:03,4/26/2013,18:24:03,0.00,11.37,57.59,960.89,231
4/26/2013 18:24:18,4/26/2013,18:24:18,0.00,11.25,57.59,960.88,222
4/26/2013 18:24:33,4/26/2013,18:24:33,0.00,11.22,57.59,960.89,240
4/26/2013 18:24:48,4/26/2013,18:24:48,0.00,11.17,57.59,960.89,243
4/26/2013 18:25:03,4/26/2013,18:25:03,0.00,11.17,56.70,960.90,211
4/26/2013 18:25:18,4/26/2013,18:25:18,0.00,11.10,57.59,960.89,233
4/26/2013 18:25:33,4/26/2013,18:25:33,0.00,11.05,57.70,960.89,229
4/26/2013 18:25:48,4/26/2013,18:25:48,0.00,11.10,57.79,960.90,240
4/26/2013 18:26:03,4/26/2013,18:26:03,0.00,11.17,57.90,960.89,236
4/26/2013 18:26:18,4/26/2013,18:26:18,0.00,11.10,58.40,960.88,234
4/26/2013 18:26:33,4/26/2013,18:26:33,0.26,11.02,59.29,960.86,207
4/26/2013 18:26:48,4/26/2013,18:26:48,0.00,11.05,59.20,960.86,235
4/26/2013 18:27:03,4/26/2013,18:27:03,0.00,11.05,58.50,960.86,222
4/26/2013 18:27:18,4/26/2013,18:27:18,0.00,11.02,59.20,960.87,222
4/26/2013 18:27:33,4/26/2013,18:27:33,0.00,10.94,59.70,960.88,246
4/26/2013 18:27:48,4/26/2013,18:27:48,0.00,11.05,61.50,960.88,245
4/26/2013 18:28:03,4/26/2013,18:28:03,0.00,11.10,60.79,960.87,231
4/26/2013 18:28:18,4/26/2013,18:28:18,0.00,11.10,59.40,960.87,253
4/26/2013 18:28:33,4/26/2013,18:28:33,0.00,11.22,60.59,960.89,252
4/26/2013 18:28:48,4/26/2013,18:28:48,0.00,11.32,62.59,960.89,291
4/26/2013 18:29:03,4/26/2013,18:29:03,0.00,11.30,61.70,960.88,285
4/26/2013 18:29:18,4/26/2013,18:29:18,0.00,11.42,59.59,960.88,285
4/26/2013 18:29:33,4/26/2013,18:29:33,0.00,11.42,58.70,960.87,232
4/26/2013 18:29:48,4/26/2013,18:29:48,0.00,11.25,58.29,960.86,235
4/26/2013 18:30:03,4/26/2013,18:30:03,0.00,11.32,57.79,960.85,238
4/26/2013 18:30:18,4/26/2013,18:30:18,0.00,11.50,59.40,960.84,272
4/26/2013 18:30:33,4/26/2013,18:30:33,0.00,11.42,60.00,960.82,270
4/26/2013 18:30:48,4/26/2013,18:30:48,0.00,11.50,58.79,960.85,274
4/26/2013 18:31:03,4/26/2013,18:31:03,0.00,11.62,57.40,960.82,300
4/26/2013 18:31:18,4/26/2013,18:31:18,0.00,11.72,57.50,960.81,316
4/26/2013 18:31:33,4/26/2013,18:31:33,0.00,11.80,57.09,960.78,316
4/26/2013 18:31:48,4/26/2013,18:31:48,0.00,11.77,57.20,960.78,243
4/26/2013 18:32:03,4/26/2013,18:32:03,0.00,11.72,57.20,960.75,247
4/26/2013 18:32:18,4/26/2013,18:32:18,0.00,11.80,57.09,960.78,242
4/26/2013 18:32:33,4/26/2013,18:32:33,0.00,11.57,54.90,960.78,205
4/26/2013 18:32:48,4/26/2013,18:32:48,0.00,11.72,55.90,960.78,234
4/26/2013 18:33:03,4/26/2013,18:33:03,0.00,11.77,57.09,960.79,235
4/26/2013 18:33:18,4/26/2013,18:33:18,0.00,11.97,58.09,960.79,280
4/26/2013 18:33:33,4/26/2013,18:33:33,0.00,12.05,58.59,960.78,282
4/26/2013 18:33:48,4/26/2013,18:33:48,0.00,12.10,56.50,960.78,283
4/26/2013 18:34:03,4/26/2013,18:34:03,0.00,11.85,54.40,960.79,238
4/26/2013 18:34:18,4/26/2013,18:34:18,0.00,11.97,55.79,960.80,318
4/26/2013 18:34:33,4/26/2013,18:34:33,0.00,11.97,57.70,960.78,314
4/26/2013 18:34:48,4/26/2013,18:34:48,0.00,11.92,57.50,960.78,282
4/26/2013 18:35:03,4/26/2013,18:35:03,0.00,12.00,55.50,960.79,283
4/26/2013 18:35:18,4/26/2013,18:35:18,0.00,12.05,55.09,960.80,323
4/26/2013 18:35:33,4/26/2013,18:35:33,0.00,11.72,55.90,960.82,331
4/26/2013 18:35:48,4/26/2013,18:35:48,1.02,11.52,57.50,960.81,320
4/26/2013 18:36:03,4/26/2013,18:36:03,0.73,11.57,57.09,960.82,305
4/26/2013 18:36:18,4/26/2013,18:36:18,0.00,11.64,55.70,960.80,235
4/26/2013 18:36:33,4/26/2013,18:36:33,0.00,11.80,56.40,960.78,232
4/26/2013 18:36:48,4/26/2013,18:36:48,0.00,11.85,56.79,960.78,319
4/26/2013 18:37:03,4/26/2013,18:37:03,0.00,11.57,50.79,960.78,289
4/26/2013 18:37:18,4/26/2013,18:37:18,0.00,11.57,47.79,960.77,260
4/26/2013 18:37:33,4/26/2013,18:37:33,0.00,11.50,49.40,960.78,310
4/26/2013 18:37:48,4/26/2013,18:37:48,0.00,11.52,48.20,960.77,289
4/26/2013 18:38:03,4/26/2013,18:38:03,0.00,11.57,50.70,960.77,347
4/26/2013 18:38:18,4/26/2013,18:38:18,0.00,11.64,53.50,960.77,309
4/26/2013 18:38:33,4/26/2013,18:38:33,0.00,11.57,51.70,960.77,358
4/26/2013 18:38:48,4/26/2013,18:38:48,0.52,11.50,52.00,960.75,309
4/26/2013 18:39:03,4/26/2013,18:39:03,0.63,11.50,52.90,960.75,318
4/26/2013 18:39:18,4/26/2013,18:39:18,0.00,11.62,53.29,960.74,323
4/26/2013 18:39:33,4/26/2013,18:39:33,0.13,11.57,54.29,960.78,329
4/26/2013 18:39:48,4/26/2013,18:39:48,1.73,11.37,52.70,960.75,301
4/26/2013 18:40:03,4/26/2013,18:40:03,1.74,11.32,53.29,960.78,336
4/26/2013 18:40:18,4/26/2013,18:40:18,2.27,11.22,53.00,960.81,341
4/26/2013 18:40:33,4/26/2013,18:40:33,2.24,11.25,54.09,960.81,3
4/26/2013 18:40:48,4/26/2013,18:40:48,1.69,11.32,55.20,960.81,325
4/26/2013 18:41:03,4/26/2013,18:41:03,1.30,11.32,55.00,960.80,335
4/26/2013 18:41:18,4/26/2013,18:41:18,2.19,11.17,54.00,960.82,326
4/26/2013 18:41:33,4/26/2013,18:41:33,2.91,11.17,55.50,960.80,325
4/26/2013 18:41:48,4/26/2013,18:41:48,1.27,11.30,55.40,960.81,320
4/26/2013 18:42:03,4/26/2013,18:42:03,1.29,11.22,56.70,960.81,290
4/26/2013 18:42:18,4/26/2013,18:42:18,2.40,11.05,53.09,960.81,313
4/26/2013 18:42:33,4/26/2013,18:42:33,2.12,11.02,53.90,960.81,352
4/26/2013 18:42:48,4/26/2013,18:42:48,2.79,11.02,55.59,960.82,279
4/26/2013 18:43:03,4/26/2013,18:43:03,4.06,10.82,53.90,960.82,311
4/26/2013 18:43:18,4/26/2013,18:43:18,2.70,10.75,53.20,960.84,296
4/26/2013 18:43:33,4/26/2013,18:43:33,2.95,10.69,54.20,960.86,335
4/26/2013 18:43:48,4/26/2013,18:43:48,3.99,10.55,53.29,960.87,328
4/26/2013 18:44:03,4/26/2013,18:44:03,2.74,10.57,54.59,960.88,17
4/26/2013 18:44:18,4/26/2013,18:44:18,1.88,10.57,55.79,960.89,337
4/26/2013 18:44:33,4/26/2013,18:44:33,0.87,10.57,59.00,960.90,349
4/26/2013 18:44:48,4/26/2013,18:44:48,0.63,10.62,59.79,960.93,11
4/26/2013 18:45:03,4/26/2013,18:45:03,1.62,10.47,56.50,960.93,28
4/26/2013 18:45:18,4/26/2013,18:45:18,2.30,10.42,57.70,960.92,17
4/26/2013 18:45:33,4/26/2013,18:45:33,1.79,10.39,58.50,960.93,338
4/26/2013 18:45:48,4/26/2013,18:45:48,1.97,10.35,58.50,960.95,5
4/26/2013 18:46:03,4/26/2013,18:46:03,2.11,10.30,58.79,960.95,23
4/26/2013 18:46:18,4/26/2013,18:46:18,1.86,10.30,57.79,960.95,4
4/26/2013 18:46:33,4/26/2013,18:46:33,1.54,10.30,56.50,960.93,8
4/26/2013 18:46:48,4/26/2013,18:46:48,0.73,10.35,59.59,960.96,359
4/26/2013 18:47:03,4/26/2013,18:47:03,0.38,10.39,58.29,960.98,339
4/26/2013 18:47:18,4/26/2013,18:47:18,1.12,10.30,58.00,960.96,52
4/26/2013 18:47:33,4/26/2013,18:47:33,1.74,10.22,56.59,960.95,341
4/26/2013 18:47:48,4/26/2013,18:47:48,1.04,10.22,58.50,960.96,348
4/26/2013 18:48:03,4/26/2013,18:48:03,0.80,10.27,60.50,960.97,0
4/26/2013 18:48:18,4/26/2013,18:48:18,3.47,10.02,54.59,960.97,11
4/26/2013 18:48:33,4/26/2013,18:48:33,2.67,10.02,53.90,960.98,38
4/26/2013 18:48:48,4/26/2013,18:48:48,2.15,10.00,56.59,961.00,319
4/26/2013 18:49:03,4/26/2013,18:49:03,1.93,9.94,53.70,961.04,323
4/26/2013 18:49:18,4/26/2013,18:49:18,1.20,9.82,58.40,961.07,18
4/26/2013 18:49:33,4/26/2013,18:49:33,1.30,9.82,59.20,961.04,72
4/26/2013 18:49:48,4/26/2013,18:49:48,1.91,9.75,59.90,961.04,1
4/26/2013 18:50:03,4/26/2013,18:50:03,2.95,9.64,54.59,961.03,330
4/26/2013 18:50:18,4/26/2013,18:50:18,0.51,9.64,58.00,961.07,10
4/26/2013 18:50:33,4/26/2013,18:50:33,0.00,9.52,57.50,961.09,9
4/26/2013 18:50:48,4/26/2013,18:50:48,0.00,9.47,58.00,961.11,6
4/26/2013 18:51:03,4/26/2013,18:51:03,0.00,9.47,57.70,961.11,25
4/26/2013 18:51:18,4/26/2013,18:51:18,0.00,9.44,58.00,961.10,27
4/26/2013 18:51:33,4/26/2013,18:51:33,0.00,9.35,57.09,961.10,346
4/26/2013 18:51:48,4/26/2013,18:51:48,0.00,9.17,59.50,961.10,334
4/26/2013 18:52:03,4/26/2013,18:52:03,0.00,9.07,59.20,961.08,12
4/26/2013 18:52:18,4/26/2013,18:52:18,0.09,9.12,59.29,961.07,353
4/26/2013 18:52:33,4/26/2013,18:52:33,0.76,9.17,61.00,961.03,329
4/26/2013 18:52:48,4/26/2013,18:52:48,2.09,9.12,60.40,961.00,314
4/26/2013 18:53:03,4/26/2013,18:53:03,0.79,9.17,64.59,961.01,25
4/26/2013 18:53:18,4/26/2013,18:53:18,0.00,9.17,67.40,961.04,29
4/26/2013 18:53:33,4/26/2013,18:53:33,1.47,9.17,60.70,960.98,332
4/26/2013 18:53:48,4/26/2013,18:53:48,1.33,9.19,62.20,960.98,283
4/26/2013 18:54:03,4/26/2013,18:54:03,2.56,9.19,59.00,960.96,323
4/26/2013 18:54:18,4/26/2013,18:54:18,1.87,9.25,58.90,960.96,333
4/26/2013 18:54:33,4/26/2013,18:54:33,1.97,9.17,60.29,960.95,340
4/26/2013 18:54:48,4/26/2013,18:54:48,0.61,9.19,62.79,960.98,48
4/26/2013 18:55:03,4/26/2013,18:55:03,1.74,9.17,61.20,960.94,7
4/26/2013 18:55:18,4/26/2013,18:55:18,1.62,9.19,62.59,960.94,31
4/26/2013 18:55:33,4/26/2013,18:55:33,1.99,9.17,63.79,960.93,18
4/26/2013 18:55:48,4/26/2013,18:55:48,0.87,9.19,63.09,960.93,25
4/26/2013 18:56:03,4/26/2013,18:56:03,1.52,9.19,62.29,960.93,359
4/26/2013 18:56:18,4/26/2013,18:56:18,1.52,9.19,61.70,960.90,23
4/26/2013 18:56:33,4/26/2013,18:56:33,1.62,9.27,63.40,960.89,92
4/26/2013 18:56:48,4/26/2013,18:56:48,1.45,9.27,64.00,960.88,82
4/26/2013 18:57:03,4/26/2013,18:57:03,1.90,9.19,61.59,960.86,0
4/26/2013 18:57:18,4/26/2013,18:57:18,1.59,9.19,63.00,960.84,50
4/26/2013 18:57:33,4/26/2013,18:57:33,2.02,9.25,62.79,960.84,8
4/26/2013 18:57:48,4/26/2013,18:57:48,2.16,9.25,60.29,960.82,48
4/26/2013 18:58:03,4/26/2013,18:58:03,1.76,9.27,60.90,960.82,339
4/26/2013 18:58:18,4/26/2013,18:58:18,1.20,9.27,63.40,960.82,13
4/26/2013 18:58:33,4/26/2013,18:58:33,1.26,9.32,61.59,960.81,98
4/26/2013 18:58:48,4/26/2013,18:58:48,1.37,9.27,59.40,960.80,0
4/26/2013 18:59:03,4/26/2013,18:59:03,1.20,9.27,62.00,960.81,8
4/26/2013 18:59:18,4/26/2013,18:59:18,1.09,9.27,61.20,960.80,39
4/26/2013 18:59:33,4/26/2013,18:59:33,0.58,9.32,65.69,960.82,46
4/26/2013 18:59:48,4/26/2013,18:59:48,0.66,9.32,63.29,960.81,15
4/26/2013 19:00:03,4/26/2013,19:00:03,0.00,9.35,65.09,960.84,23
4/26/2013 19:00:18,4/26/2013,19:00:18,0.00,9.39,65.19,960.85,20
4/26/2013 19:00:33,4/26/2013,19:00:33,0.00,9.44,66.00,960.84,342
4/26/2013 19:00:48,4/26/2013,19:00:48,0.00,9.47,67.00,960.82,316
4/26/2013 19:01:03,4/26/2013,19:01:03,0.00,9.52,64.19,960.81,349
4/26/2013 19:01:18,4/26/2013,19:01:18,0.00,9.52,64.00,960.84,344
4/26/2013 19:01:33,4/26/2013,19:01:33,0.00,9.60,67.19,960.82,323
4/26/2013 19:01:48,4/26/2013,19:01:48,0.00,9.67,65.30,960.80,280
4/26/2013 19:02:03,4/26/2013,19:02:03,0.00,9.67,65.40,960.80,244
4/26/2013 19:02:18,4/26/2013,19:02:18,0.00,9.67,67.80,960.80,321
4/26/2013 19:02:33,4/26/2013,19:02:33,0.00,9.72,64.40,960.82,346
4/26/2013 19:02:48,4/26/2013,19:02:48,0.00,9.75,64.00,960.82,342
4/26/2013 19:03:03,4/26/2013,19:03:03,0.19,9.75,66.59,960.84,326
4/26/2013 19:03:18,4/26/2013,19:03:18,0.58,9.75,64.40,960.81,335
4/26/2013 19:03:33,4/26/2013,19:03:33,0.80,9.80,64.50,960.81,286
4/26/2013 19:03:48,4/26/2013,19:03:48,0.83,9.80,61.29,960.82,302
4/26/2013 19:04:03,4/26/2013,19:04:03,0.00,9.87,62.29,960.85,292
4/26/2013 19:04:18,4/26/2013,19:04:18,0.00,9.92,64.09,960.87,229
4/26/2013 19:04:33,4/26/2013,19:04:33,0.00,9.92,62.79,960.87,223
4/26/2013 19:04:48,4/26/2013,19:04:48,0.00,9.92,62.50,960.85,194
4/26/2013 19:05:03,4/26/2013,19:05:03,0.00,9.94,63.50,960.85,191
4/26/2013 19:05:18,4/26/2013,19:05:18,0.00,9.94,63.29,960.85,185
4/26/2013 19:05:33,4/26/2013,19:05:33,0.00,10.00,67.69,960.85,219
4/26/2013 19:05:48,4/26/2013,19:05:48,0.00,10.00,65.40,960.85,272
4/26/2013 19:06:03,4/26/2013,19:06:03,0.00,9.94,64.50,960.81,219
4/26/2013 19:06:18,4/26/2013,19:06:18,0.00,10.00,66.50,960.82,241
4/26/2013 19:06:33,4/26/2013,19:06:33,0.00,10.00,68.30,960.85,195
4/26/2013 19:06:48,4/26/2013,19:06:48,1.52,9.92,64.80,960.80,230
4/26/2013 19:07:03,4/26/2013,19:07:03,0.70,10.00,66.00,960.80,295
4/26/2013 19:07:18,4/26/2013,19:07:18,0.00,10.07,70.50,960.82,288
4/26/2013 19:07:33,4/26/2013,19:07:33,0.00,10.14,70.90,960.81,243
4/26/2013 19:07:48,4/26/2013,19:07:48,0.22,10.10,67.09,960.79,239
4/26/2013 19:08:03,4/26/2013,19:08:03,0.00,10.14,70.00,960.79,61
4/26/2013 19:08:18,4/26/2013,19:08:18,0.00,10.22,69.40,960.75,190
4/26/2013 19:08:33,4/26/2013,19:08:33,0.56,10.14,66.30,960.73,200
4/26/2013 19:08:48,4/26/2013,19:08:48,0.70,10.14,67.59,960.70,218
4/26/2013 19:09:03,4/26/2013,19:09:03,0.45,10.07,66.80,960.70,193
4/26/2013 19:09:18,4/26/2013,19:09:18,0.12,10.19,68.90,960.71,302
4/26/2013 19:09:33,4/26/2013,19:09:33,0.00,10.14,67.59,960.73,240
4/26/2013 19:09:48,4/26/2013,19:09:48,0.00,10.22,67.09,960.72,275
4/26/2013 19:10:03,4/26/2013,19:10:03,0.43,10.14,66.80,960.71,312
4/26/2013 19:10:18,4/26/2013,19:10:18,0.61,10.14,67.19,960.67,349
4/26/2013 19:10:33,4/26/2013,19:10:33,0.43,10.10,68.19,960.70,252
4/26/2013 19:10:48,4/26/2013,19:10:48,0.61,10.07,68.00,960.69,322
4/26/2013 19:11:03,4/26/2013,19:11:03,0.22,10.14,68.30,960.70,312
4/26/2013 19:11:18,4/26/2013,19:11:18,0.00,10.22,70.00,960.72,305
4/26/2013 19:11:33,4/26/2013,19:11:33,0.00,10.19,70.00,960.72,270
4/26/2013 19:11:48,4/26/2013,19:11:48,0.34,10.10,69.40,960.72,292
4/26/2013 19:12:03,4/26/2013,19:12:03,0.09,10.14,68.19,960.72,297
4/26/2013 19:12:18,4/26/2013,19:12:18,0.61,10.07,67.00,960.70,285
4/26/2013 19:12:33,4/26/2013,19:12:33,0.12,10.07,65.69,960.71,327
4/26/2013 19:12:48,4/26/2013,19:12:48,0.31,10.00,66.30,960.71,355
4/26/2013 19:13:03,4/26/2013,19:13:03,0.69,9.94,68.00,960.66,337
4/26/2013 19:13:18,4/26/2013,19:13:18,1.09,9.94,67.19,960.67,322
4/26/2013 19:13:33,4/26/2013,19:13:33,1.01,9.87,67.69,960.67,317
4/26/2013 19:13:48,4/26/2013,19:13:48,0.52,9.92,66.50,960.71,286
4/26/2013 19:14:03,4/26/2013,19:14:03,0.24,9.87,66.09,960.72,0
4/26/2013 19:14:18,4/26/2013,19:14:18,0.44,9.92,68.00,960.70,273
4/26/2013 19:14:33,4/26/2013,19:14:33,0.54,9.82,67.40,960.71,295
4/26/2013 19:14:48,4/26/2013,19:14:48,0.88,9.82,65.80,960.70,123
4/26/2013 19:15:03,4/26/2013,19:15:03,0.83,9.82,66.40,960.70,298
4/26/2013 19:15:18,4/26/2013,19:15:18,1.15,9.75,65.40,960.70,215
4/26/2013 19:15:33,4/26/2013,19:15:33,0.12,9.75,65.69,960.70,191
4/26/2013 19:15:48,4/26/2013,19:15:48,0.00,9.80,67.50,960.69,306
4/26/2013 19:16:03,4/26/2013,19:16:03,0.00,9.75,68.00,960.67,324
4/26/2013 19:16:18,4/26/2013,19:16:18,0.00,9.80,68.19,960.67,213
4/26/2013 19:16:33,4/26/2013,19:16:33,0.00,9.75,68.30,960.67,296
4/26/2013 19:16:48,4/26/2013,19:16:48,0.00,9.75,71.09,960.69,287
4/26/2013 19:17:03,4/26/2013,19:17:03,0.00,9.75,71.09,960.69,262
4/26/2013 19:17:18,4/26/2013,19:17:18,0.00,9.75,70.69,960.67,255
4/26/2013 19:17:33,4/26/2013,19:17:33,0.65,9.72,69.19,960.64,218
4/26/2013 19:17:48,4/26/2013,19:17:48,0.38,9.67,66.90,960.63,343
4/26/2013 19:18:03,4/26/2013,19:18:03,0.00,9.67,70.40,960.67,279
4/26/2013 19:18:18,4/26/2013,19:18:18,0.00,9.67,68.09,960.66,193
4/26/2013 19:18:33,4/26/2013,19:18:33,0.00,9.67,68.90,960.69,260
4/26/2013 19:18:48,4/26/2013,19:18:48,0.40,9.67,69.19,960.67,270
4/26/2013 19:19:03,4/26/2013,19:19:03,0.30,9.67,69.59,960.66,244
4/26/2013 19:19:18,4/26/2013,19:19:18,0.00,9.67,69.19,960.66,190
4/26/2013 19:19:33,4/26/2013,19:19:33,0.00,9.67,69.09,960.66,196
4/26/2013 19:19:48,4/26/2013,19:19:48,0.00,9.64,70.69,960.66,250
4/26/2013 19:20:03,4/26/2013,19:20:03,0.74,9.60,68.69,960.63,222
4/26/2013 19:20:18,4/26/2013,19:20:18,0.27,9.60,68.59,960.63,8
4/26/2013 19:20:33,4/26/2013,19:20:33,1.06,9.60,68.69,960.62,285
4/26/2013 19:20:48,4/26/2013,19:20:48,0.90,9.60,68.30,960.63,277
4/26/2013 19:21:03,4/26/2013,19:21:03,0.61,9.60,67.30,960.64,243
4/26/2013 19:21:18,4/26/2013,19:21:18,0.41,9.55,69.19,960.63,179
4/26/2013 19:21:33,4/26/2013,19:21:33,0.00,9.60,69.59,960.65,147
4/26/2013 19:21:48,4/26/2013,19:21:48,0.40,9.55,68.19,960.67,266
4/26/2013 19:22:03,4/26/2013,19:22:03,0.58,9.55,67.80,960.65,270
4/26/2013 19:22:18,4/26/2013,19:22:18,0.31,9.52,69.50,960.65,190
4/26/2013 19:22:33,4/26/2013,19:22:33,0.00,9.52,68.40,960.67,195
4/26/2013 19:22:48,4/26/2013,19:22:48,0.00,9.52,68.69,960.69,299
4/26/2013 19:23:03,4/26/2013,19:23:03,0.45,9.52,68.09,960.65,302
4/26/2013 19:23:18,4/26/2013,19:23:18,0.19,9.52,67.90,960.66,262
4/26/2013 19:23:33,4/26/2013,19:23:33,0.00,9.52,68.19,960.66,240
4/26/2013 19:23:48,4/26/2013,19:23:48,0.00,9.52,68.69,960.66,320
4/26/2013 19:24:03,4/26/2013,19:24:03,0.05,9.52,66.80,960.66,287
4/26/2013 19:24:18,4/26/2013,19:24:18,0.00,9.52,68.59,960.66,291
4/26/2013 19:24:33,4/26/2013,19:24:33,0.18,9.52,68.40,960.66,276
4/26/2013 19:24:48,4/26/2013,19:24:48,0.00,9.52,67.80,960.69,275
4/26/2013 19:25:03,4/26/2013,19:25:03,0.16,9.52,67.90,960.70,308
4/26/2013 19:25:18,4/26/2013,19:25:18,0.13,9.47,68.30,960.70,325
4/26/2013 19:25:33,4/26/2013,19:25:33,0.00,9.52,68.50,960.71,257
4/26/2013 19:25:48,4/26/2013,19:25:48,0.09,9.52,69.90,960.72,288
4/26/2013 19:26:03,4/26/2013,19:26:03,0.90,9.44,67.30,960.71,313
4/26/2013 19:26:18,4/26/2013,19:26:18,0.27,9.52,67.50,960.73,249
4/26/2013 19:26:33,4/26/2013,19:26:33,0.00,9.52,68.50,960.73,4
4/26/2013 19:26:48,4/26/2013,19:26:48,1.93,9.44,66.80,960.70,191
4/26/2013 19:27:03,4/26/2013,19:27:03,0.87,9.52,66.40,960.69,323
4/26/2013 19:27:18,4/26/2013,19:27:18,1.66,9.47,64.69,960.67,293
4/26/2013 19:27:33,4/26/2013,19:27:33,0.16,9.47,65.19,960.70,178
4/26/2013 19:27:48,4/26/2013,19:27:48,0.47,9.47,65.80,960.71,208
4/26/2013 19:28:03,4/26/2013,19:28:03,0.80,9.44,66.30,960.70,253
4/26/2013 19:28:18,4/26/2013,19:28:18,0.11,9.47,68.59,960.70,275
4/26/2013 19:28:33,4/26/2013,19:28:33,0.63,9.44,66.19,960.69,302
4/26/2013 19:28:48,4/26/2013,19:28:48,0.24,9.52,66.69,960.70,294
4/26/2013 19:29:03,4/26/2013,19:29:03,0.00,9.47,68.30,960.70,255
4/26/2013 19:29:18,4/26/2013,19:29:18,0.00,9.47,67.80,960.71,323
4/26/2013 19:29:33,4/26/2013,19:29:33,1.09,9.44,66.30,960.66,312
4/26/2013 19:29:48,4/26/2013,19:29:48,0.16,9.44,65.90,960.69,330
4/26/2013 19:30:03,4/26/2013,19:30:03,0.00,9.44,67.69,960.71,252
4/26/2013 19:30:18,4/26/2013,19:30:18,0.95,9.44,66.69,960.67,184
4/26/2013 19:30:33,4/26/2013,19:30:33,1.24,9.35,68.40,960.65,252
4/26/2013 19:30:48,4/26/2013,19:30:48,1.84,9.39,68.80,960.64,272
4/26/2013 19:31:03,4/26/2013,19:31:03,1.27,9.44,69.50,960.65,289
4/26/2013 19:31:18,4/26/2013,19:31:18,1.12,9.39,68.00,960.66,279
4/26/2013 19:31:33,4/26/2013,19:31:33,1.47,9.35,67.30,960.65,300
4/26/2013 19:31:48,4/26/2013,19:31:48,1.29,9.39,66.50,960.64,276
4/26/2013 19:32:03,4/26/2013,19:32:03,0.93,9.39,66.09,960.65,304
4/26/2013 19:32:18,4/26/2013,19:32:18,1.13,9.39,66.59,960.65,281
4/26/2013 19:32:33,4/26/2013,19:32:33,0.98,9.39,67.59,960.65,268
4/26/2013 19:32:48,4/26/2013,19:32:48,1.37,9.35,66.40,960.66,302
4/26/2013 19:33:03,4/26/2013,19:33:03,1.97,9.35,65.00,960.64,273
4/26/2013 19:33:18,4/26/2013,19:33:18,0.49,9.35,65.00,960.67,301
4/26/2013 19:33:33,4/26/2013,19:33:33,0.16,9.35,66.30,960.71,331
4/26/2013 19:33:48,4/26/2013,19:33:48,0.00,9.39,68.80,960.72,300
4/26/2013 19:34:03,4/26/2013,19:34:03,0.47,9.35,67.69,960.71,290
4/26/2013 19:34:18,4/26/2013,19:34:18,1.72,9.27,66.80,960.69,307
4/26/2013 19:34:33,4/26/2013,19:34:33,1.33,9.27,67.50,960.65,203
4/26/2013 19:34:48,4/26/2013,19:34:48,1.49,9.27,66.09,960.66,238
4/26/2013 19:35:03,4/26/2013,19:35:03,1.01,9.27,67.09,960.67,303
4/26/2013 19:35:18,4/26/2013,19:35:18,1.18,9.27,66.09,960.67,298
4/26/2013 19:35:33,4/26/2013,19:35:33,1.20,9.27,65.40,960.69,323
4/26/2013 19:35:48,4/26/2013,19:35:48,2.33,9.25,65.50,960.66,330
4/26/2013 19:36:03,4/26/2013,19:36:03,0.94,9.27,66.90,960.67,330
4/26/2013 19:36:18,4/26/2013,19:36:18,0.69,9.27,65.40,960.72,2
4/26/2013 19:36:33,4/26/2013,19:36:33,1.86,9.19,66.30,960.70,284
4/26/2013 19:36:48,4/26/2013,19:36:48,1.45,9.25,66.80,960.70,298
4/26/2013 19:37:03,4/26/2013,19:37:03,2.06,9.19,66.09,960.67,330
4/26/2013 19:37:18,4/26/2013,19:37:18,1.15,9.19,66.00,960.70,302
4/26/2013 19:37:33,4/26/2013,19:37:33,0.19,9.27,66.30,960.71,286
4/26/2013 19:37:48,4/26/2013,19:37:48,0.00,9.27,66.40,960.74,198
4/26/2013 19:38:03,4/26/2013,19:38:03,0.27,9.27,68.09,960.73,124
4/26/2013 19:38:18,4/26/2013,19:38:18,0.00,9.27,67.30,960.75,298
4/26/2013 19:38:33,4/26/2013,19:38:33,0.58,9.25,67.69,960.75,326
4/26/2013 19:38:48,4/26/2013,19:38:48,0.41,9.25,68.19,960.77,301
4/26/2013 19:39:03,4/26/2013,19:39:03,0.97,9.19,67.19,960.74,29
4/26/2013 19:39:18,4/26/2013,19:39:18,1.19,9.25,66.19,960.72,240
4/26/2013 19:39:33,4/26/2013,19:39:33,0.30,9.25,66.59,960.73,258
4/26/2013 19:39:48,4/26/2013,19:39:48,1.23,9.19,65.69,960.73,263
4/26/2013 19:40:03,4/26/2013,19:40:03,0.79,9.27,67.50,960.75,309
4/26/2013 19:40:18,4/26/2013,19:40:18,0.13,9.27,68.59,960.78,301
4/26/2013 19:40:33,4/26/2013,19:40:33,0.00,9.27,68.90,960.78,272
4/26/2013 19:40:48,4/26/2013,19:40:48,0.00,9.19,67.80,960.78,292
4/26/2013 19:41:03,4/26/2013,19:41:03,0.43,9.25,66.00,960.79,312
4/26/2013 19:41:18,4/26/2013,19:41:18,0.27,9.19,66.69,960.78,300
4/26/2013 19:41:33,4/26/2013,19:41:33,0.00,9.19,68.40,960.78,265
4/26/2013 19:41:48,4/26/2013,19:41:48,0.08,9.19,68.59,960.77,270
4/26/2013 19:42:03,4/26/2013,19:42:03,0.99,9.19,66.80,960.74,255
4/26/2013 19:42:18,4/26/2013,19:42:18,0.87,9.19,67.90,960.73,280
4/26/2013 19:42:33,4/26/2013,19:42:33,0.73,9.19,66.80,960.74,270
4/26/2013 19:42:48,4/26/2013,19:42:48,0.80,9.12,66.90,960.78,313
4/26/2013 19:43:03,4/26/2013,19:43:03,0.68,9.17,65.50,960.79,271
4/26/2013 19:43:18,4/26/2013,19:43:18,0.30,9.17,68.00,960.80,304
4/26/2013 19:43:33,4/26/2013,19:43:33,0.69,9.12,65.50,960.78,25
4/26/2013 19:43:48,4/26/2013,19:43:48,1.01,9.12,66.50,960.78,315
4/26/2013 19:44:03,4/26/2013,19:44:03,1.51,9.05,65.40,960.77,356
4/26/2013 19:44:18,4/26/2013,19:44:18,0.56,9.05,66.00,960.79,205
4/26/2013 19:44:33,4/26/2013,19:44:33,0.00,9.05,66.40,960.80,181
4/26/2013 19:44:48,4/26/2013,19:44:48,0.55,9.05,66.40,960.80,301
4/26/2013 19:45:03,4/26/2013,19:45:03,2.37,9.05,64.30,960.77,282
4/26/2013 19:45:18,4/26/2013,19:45:18,1.70,9.05,64.30,960.77,310
4/26/2013 19:45:33,4/26/2013,19:45:33,2.09,8.97,63.40,960.78,310
4/26/2013 19:45:48,4/26/2013,19:45:48,1.55,8.97,65.40,960.79,183
4/26/2013 19:46:03,4/26/2013,19:46:03,NaN,NaN,68.00,NaN,NaN
4/26/2013 19:46:18,4/26/2013,19:46:18,NaN,NaN,70.90,NaN,NaN
4/26/2013 19:46:33,4/26/2013,19:46:33,NaN,NaN,73.50,NaN,NaN
4/26/2013 19:46:48,4/26/2013,19:46:48,NaN,NaN,75.40,NaN,NaN
4/26/2013 19:47:03,4/26/2013,19:47:03,NaN,NaN,76.40,NaN,NaN
4/26/2013 19:47:18,4/26/2013,19:47:18,NaN,NaN,NaN,NaN,NaN
4/26/2013 19:47:33,4/26/2013,19:47:33,NaN,NaN,NaN,NaN,NaN
4/26/2013 19:47:48,4/26/2013,19:47:48,NaN,NaN,NaN,NaN,NaN
4/26/2013 19:48:03,4/26/2013,19:48:03,NaN,NaN,NaN,NaN,NaN
4/26/2013 19:48:18,4/26/2013,19:48:18,0.00,11.14,63.50,960.67,266
4/26/2013 19:48:33,4/26/2013,19:48:33,0.59,10.87,61.79,960.62,297
4/26/2013 19:48:48,4/26/2013,19:48:48,0.79,10.62,61.90,960.60,303
4/26/2013 19:49:03,4/26/2013,19:49:03,0.74,10.50,61.29,960.63,307
4/26/2013 19:49:18,4/26/2013,19:49:18,0.08,10.47,62.90,960.65,306
4/26/2013 19:49:33,4/26/2013,19:49:33,0.08,10.30,61.79,960.66,306
4/26/2013 19:49:48,4/26/2013,19:49:48,0.55,10.22,62.09,960.66,280
4/26/2013 19:50:03,4/26/2013,19:50:03,0.00,10.22,64.19,960.70,266
4/26/2013 19:50:18,4/26/2013,19:50:18,0.00,10.14,61.29,960.67,298
4/26/2013 19:50:33,4/26/2013,19:50:33,0.00,10.07,61.90,960.70,320
4/26/2013 19:50:48,4/26/2013,19:50:48,0.00,9.92,62.90,960.69,265
4/26/2013 19:51:03,4/26/2013,19:51:03,0.00,9.87,63.20,960.71,310
4/26/2013 19:51:18,4/26/2013,19:51:18,0.69,9.75,62.70,960.71,337
4/26/2013 19:51:33,4/26/2013,19:51:33,0.22,9.72,63.50,960.73,265
4/26/2013 19:51:48,4/26/2013,19:51:48,0.15,9.67,62.90,960.73,330
4/26/2013 19:52:03,4/26/2013,19:52:03,0.62,9.60,63.40,960.72,302
4/26/2013 19:52:18,4/26/2013,19:52:18,0.00,9.55,63.29,960.73,278
4/26/2013 19:52:33,4/26/2013,19:52:33,0.00,9.52,63.09,960.77,296
4/26/2013 19:52:48,4/26/2013,19:52:48,0.00,9.39,63.90,960.78,307
4/26/2013 19:53:03,4/26/2013,19:53:03,0.15,9.35,63.50,960.78,233
4/26/2013 19:53:18,4/26/2013,19:53:18,1.20,9.25,63.70,960.73,335
4/26/2013 19:53:33,4/26/2013,19:53:33,1.15,9.12,65.40,960.73,301
4/26/2013 19:53:48,4/26/2013,19:53:48,0.08,9.25,66.09,960.77,116
4/26/2013 19:54:03,4/26/2013,19:54:03,0.00,9.17,66.00,960.77,299
4/26/2013 19:54:18,4/26/2013,19:54:18,0.00,9.12,65.19,960.78,296
4/26/2013 19:54:33,4/26/2013,19:54:33,0.00,9.05,66.30,960.80,292
4/26/2013 19:54:48,4/26/2013,19:54:48,0.00,9.05,66.09,960.81,317
4/26/2013 19:55:03,4/26/2013,19:55:03,0.00,8.97,68.90,960.81,248
4/26/2013 19:55:18,4/26/2013,19:55:18,0.00,8.97,69.69,960.84,89
4/26/2013 19:55:33,4/26/2013,19:55:33,0.00,8.87,68.90,960.85,252
4/26/2013 19:55:48,4/26/2013,19:55:48,0.00,8.85,68.30,960.84,285
4/26/2013 19:56:03,4/26/2013,19:56:03,0.00,8.80,70.00,960.84,335
4/26/2013 19:56:18,4/26/2013,19:56:18,0.00,8.72,68.80,960.85,308
4/26/2013 19:56:33,4/26/2013,19:56:33,0.00,8.72,70.19,960.86,232
4/26/2013 19:56:48,4/26/2013,19:56:48,0.00,8.72,71.00,960.85,287
4/26/2013 19:57:03,4/26/2013,19:57:03,0.00,8.64,70.50,960.85,269
4/26/2013 19:57:18,4/26/2013,19:57:18,0.33,8.64,70.90,960.85,291
4/26/2013 19:57:33,4/26/2013,19:57:33,0.48,8.60,70.09,960.84,301
4/26/2013 19:57:48,4/26/2013,19:57:48,0.00,8.57,69.69,960.85,262
4/26/2013 19:58:03,4/26/2013,19:58:03,0.29,8.57,71.40,960.84,215
4/26/2013 19:58:18,4/26/2013,19:58:18,0.43,8.52,69.30,960.84,258
4/26/2013 19:58:33,4/26/2013,19:58:33,0.00,8.50,70.50,960.84,287
4/26/2013 19:58:48,4/26/2013,19:58:48,0.00,8.50,72.19,960.84,289
4/26/2013 19:59:03,4/26/2013,19:59:03,0.54,8.39,72.19,960.84,297
4/26/2013 19:59:18,4/26/2013,19:59:18,0.88,8.37,70.09,960.84,272
4/26/2013 19:59:33,4/26/2013,19:59:33,0.13,8.32,70.59,960.88,290
4/26/2013 19:59:48,4/26/2013,19:59:48,0.00,8.37,72.09,960.88,265
4/26/2013 20:00:03,4/26/2013,20:00:03,0.00,8.32,72.50,960.88,275
4/26/2013 20:00:18,4/26/2013,20:00:18,0.00,8.30,71.19,960.87,269
4/26/2013 20:00:33,4/26/2013,20:00:33,0.00,8.25,73.90,960.86,302
4/26/2013 20:00:48,4/26/2013,20:00:48,0.00,8.25,73.69,960.88,281
4/26/2013 20:01:03,4/26/2013,20:01:03,0.00,8.25,72.59,960.87,188
4/26/2013 20:01:18,4/26/2013,20:01:18,0.00,8.12,73.59,960.89,267
4/26/2013 20:01:33,4/26/2013,20:01:33,0.00,8.12,72.80,960.89,285
4/26/2013 20:01:48,4/26/2013,20:01:48,0.00,8.10,74.09,960.90,288
4/26/2013 20:02:03,4/26/2013,20:02:03,0.00,8.10,74.00,960.89,286
4/26/2013 20:02:18,4/26/2013,20:02:18,0.00,8.05,73.69,960.89,247
4/26/2013 20:02:33,4/26/2013,20:02:33,0.00,8.02,73.80,960.89,261
4/26/2013 20:02:48,4/26/2013,20:02:48,0.47,8.02,72.19,960.89,246
4/26/2013 20:03:03,4/26/2013,20:03:03,0.36,7.97,73.30,960.90,286
4/26/2013 20:03:18,4/26/2013,20:03:18,0.58,7.97,73.00,960.88,274
4/26/2013 20:03:33,4/26/2013,20:03:33,0.33,7.92,74.59,960.87,278
4/26/2013 20:03:48,4/26/2013,20:03:48,0.88,7.92,73.30,960.85,295
4/26/2013 20:04:03,4/26/2013,20:04:03,0.59,7.92,74.09,960.85,248
4/26/2013 20:04:18,4/26/2013,20:04:18,0.00,7.90,73.19,960.90,260
4/26/2013 20:04:33,4/26/2013,20:04:33,0.00,7.90,73.80,960.92,295
4/26/2013 20:04:48,4/26/2013,20:04:48,0.61,7.84,73.69,960.92,259
4/26/2013 20:05:03,4/26/2013,20:05:03,0.52,7.84,74.09,960.92,287
4/26/2013 20:05:18,4/26/2013,20:05:18,0.93,7.84,72.90,960.90,323
4/26/2013 20:05:33,4/26/2013,20:05:33,1.47,7.84,72.19,960.87,256
4/26/2013 20:05:48,4/26/2013,20:05:48,0.88,7.82,73.59,960.89,278
4/26/2013 20:06:03,4/26/2013,20:06:03,0.72,7.77,74.09,960.92,281
4/26/2013 20:06:18,4/26/2013,20:06:18,1.20,7.77,75.00,960.90,288
4/26/2013 20:06:33,4/26/2013,20:06:33,0.34,7.77,74.00,960.93,275
4/26/2013 20:06:48,4/26/2013,20:06:48,0.83,7.75,73.40,960.90,273
4/26/2013 20:07:03,4/26/2013,20:07:03,0.22,7.75,74.19,960.93,274
4/26/2013 20:07:18,4/26/2013,20:07:18,0.00,7.69,73.59,960.95,348
4/26/2013 20:07:33,4/26/2013,20:07:33,0.61,7.65,74.19,960.94,220
4/26/2013 20:07:48,4/26/2013,20:07:48,0.08,7.65,73.09,960.95,329
4/26/2013 20:08:03,4/26/2013,20:08:03,0.80,7.62,74.69,960.94,273
4/26/2013 20:08:18,4/26/2013,20:08:18,0.00,7.62,75.09,960.95,290
4/26/2013 20:08:33,4/26/2013,20:08:33,0.00,7.62,76.40,960.97,288
4/26/2013 20:08:48,4/26/2013,20:08:48,0.00,7.57,75.50,960.97,220
4/26/2013 20:09:03,4/26/2013,20:09:03,0.41,7.55,75.50,960.96,41
4/26/2013 20:09:18,4/26/2013,20:09:18,0.88,7.55,74.90,960.93,239
4/26/2013 20:09:33,4/26/2013,20:09:33,0.40,7.55,74.80,960.94,287
4/26/2013 20:09:48,4/26/2013,20:09:48,0.90,7.55,74.30,960.89,300
4/26/2013 20:10:03,4/26/2013,20:10:03,0.54,7.55,73.80,960.89,334
4/26/2013 20:10:18,4/26/2013,20:10:18,0.00,7.47,74.50,960.94,288
4/26/2013 20:10:33,4/26/2013,20:10:33,0.00,7.47,74.50,960.94,273
4/26/2013 20:10:48,4/26/2013,20:10:48,0.29,7.47,75.50,960.94,309
4/26/2013 20:11:03,4/26/2013,20:11:03,0.00,7.47,74.80,960.95,188
4/26/2013 20:11:18,4/26/2013,20:11:18,0.00,7.42,75.59,960.97,248
4/26/2013 20:11:33,4/26/2013,20:11:33,1.20,7.47,74.90,960.95,268
4/26/2013 20:11:48,4/26/2013,20:11:48,0.83,7.42,75.59,960.97,273
4/26/2013 20:12:03,4/26/2013,20:12:03,0.15,7.37,74.40,960.98,285
4/26/2013 20:12:18,4/26/2013,20:12:18,0.00,7.37,76.90,961.02,284
4/26/2013 20:12:33,4/26/2013,20:12:33,0.00,7.37,76.00,961.01,322
4/26/2013 20:12:48,4/26/2013,20:12:48,0.00,7.30,76.30,961.00,244
4/26/2013 20:13:03,4/26/2013,20:13:03,0.52,7.34,75.69,960.98,281
4/26/2013 20:13:18,4/26/2013,20:13:18,0.30,7.30,76.09,960.98,296
4/26/2013 20:13:33,4/26/2013,20:13:33,0.65,7.30,75.90,960.98,287
4/26/2013 20:13:48,4/26/2013,20:13:48,0.58,7.30,74.90,960.98,244
4/26/2013 20:14:03,4/26/2013,20:14:03,0.00,7.30,77.30,961.00,282
4/26/2013 20:14:18,4/26/2013,20:14:18,0.00,7.27,76.00,961.00,287
4/26/2013 20:14:33,4/26/2013,20:14:33,0.00,7.27,76.40,961.01,288
4/26/2013 20:14:48,4/26/2013,20:14:48,0.26,7.27,76.80,961.00,243
4/26/2013 20:15:03,4/26/2013,20:15:03,1.20,7.22,75.00,960.95,303
4/26/2013 20:15:18,4/26/2013,20:15:18,0.13,7.22,75.69,960.96,281
4/26/2013 20:15:33,4/26/2013,20:15:33,0.79,7.22,76.09,960.96,286
4/26/2013 20:15:48,4/26/2013,20:15:48,0.62,7.22,75.40,960.96,271
4/26/2013 20:16:03,4/26/2013,20:16:03,0.00,7.15,76.30,961.01,302
4/26/2013 20:16:18,4/26/2013,20:16:18,0.00,7.15,76.69,961.00,281
4/26/2013 20:16:33,4/26/2013,20:16:33,0.00,7.15,78.00,961.02,192
4/26/2013 20:16:48,4/26/2013,20:16:48,0.00,7.09,77.30,961.00,188
4/26/2013 20:17:03,4/26/2013,20:17:03,0.00,7.07,76.80,961.01,321
4/26/2013 20:17:18,4/26/2013,20:17:18,0.00,7.07,76.59,961.03,315
4/26/2013 20:17:33,4/26/2013,20:17:33,0.00,7.07,76.80,961.03,282
4/26/2013 20:17:48,4/26/2013,20:17:48,0.44,7.07,76.30,961.02,292
4/26/2013 20:18:03,4/26/2013,20:18:03,1.11,7.15,76.90,961.01,263
4/26/2013 20:18:18,4/26/2013,20:18:18,0.08,7.02,77.80,961.03,337
4/26/2013 20:18:33,4/26/2013,20:18:33,0.00,7.02,77.90,961.04,284
4/26/2013 20:18:48,4/26/2013,20:18:48,0.00,7.00,77.00,961.05,298
4/26/2013 20:19:03,4/26/2013,20:19:03,0.00,7.00,76.69,961.05,246
4/26/2013 20:19:18,4/26/2013,20:19:18,0.00,7.00,77.30,961.08,296
4/26/2013 20:19:33,4/26/2013,20:19:33,0.00,7.00,76.50,961.09,295
4/26/2013 20:19:48,4/26/2013,20:19:48,0.00,6.94,76.90,961.08,271
4/26/2013 20:20:03,4/26/2013,20:20:03,1.34,7.02,76.09,961.01,315
4/26/2013 20:20:18,4/26/2013,20:20:18,1.27,7.00,75.40,961.00,172
4/26/2013 20:20:33,4/26/2013,20:20:33,0.11,6.94,77.19,961.02,283
4/26/2013 20:20:48,4/26/2013,20:20:48,0.00,6.90,76.69,961.03,331
4/26/2013 20:21:03,4/26/2013,20:21:03,0.40,6.90,76.90,961.04,292
4/26/2013 20:21:18,4/26/2013,20:21:18,0.81,7.00,76.90,961.07,278
4/26/2013 20:21:33,4/26/2013,20:21:33,0.38,6.90,76.19,961.08,301
4/26/2013 20:21:48,4/26/2013,20:21:48,0.00,6.87,76.59,961.09,276
4/26/2013 20:22:03,4/26/2013,20:22:03,0.00,6.82,78.80,961.10,296
4/26/2013 20:22:18,4/26/2013,20:22:18,0.00,6.82,77.80,961.11,289
4/26/2013 20:22:33,4/26/2013,20:22:33,0.00,6.82,76.69,961.11,283
4/26/2013 20:22:48,4/26/2013,20:22:48,0.00,6.82,78.40,961.12,294
4/26/2013 20:23:03,4/26/2013,20:23:03,0.00,6.80,78.69,961.13,267
4/26/2013 20:23:18,4/26/2013,20:23:18,0.63,6.82,78.00,961.12,330
4/26/2013 20:23:33,4/26/2013,20:23:33,1.93,6.90,75.80,961.08,319
4/26/2013 20:23:48,4/26/2013,20:23:48,0.58,6.82,76.59,961.09,342
4/26/2013 20:24:03,4/26/2013,20:24:03,0.00,6.80,76.19,961.11,236
4/26/2013 20:24:18,4/26/2013,20:24:18,0.00,6.75,77.30,961.11,282
4/26/2013 20:24:33,4/26/2013,20:24:33,0.00,6.75,78.90,961.10,285
4/26/2013 20:24:48,4/26/2013,20:24:48,0.00,6.75,78.69,961.10,263
4/26/2013 20:25:03,4/26/2013,20:25:03,0.00,6.75,78.30,961.10,296
4/26/2013 20:25:18,4/26/2013,20:25:18,0.00,6.75,79.00,961.09,297
4/26/2013 20:25:33,4/26/2013,20:25:33,0.00,6.67,79.69,961.09,281
4/26/2013 20:25:48,4/26/2013,20:25:48,0.00,6.67,79.09,961.08,297
4/26/2013 20:26:03,4/26/2013,20:26:03,0.00,6.69,78.59,961.08,270
4/26/2013 20:26:18,4/26/2013,20:26:18,0.43,6.69,78.80,961.04,269
4/26/2013 20:26:33,4/26/2013,20:26:33,0.00,6.67,77.30,961.04,328
4/26/2013 20:26:48,4/26/2013,20:26:48,0.30,6.75,77.90,961.04,257
4/26/2013 20:27:03,4/26/2013,20:27:03,0.12,6.62,77.09,961.05,349
4/26/2013 20:27:18,4/26/2013,20:27:18,0.06,6.67,79.50,961.08,263
4/26/2013 20:27:33,4/26/2013,20:27:33,0.87,6.69,78.59,961.07,278
4/26/2013 20:27:48,4/26/2013,20:27:48,1.04,6.69,78.19,961.04,278
4/26/2013 20:28:03,4/26/2013,20:28:03,0.16,6.67,78.00,961.08,212
4/26/2013 20:28:18,4/26/2013,20:28:18,0.00,6.62,77.50,961.10,258
4/26/2013 20:28:33,4/26/2013,20:28:33,0.00,6.67,79.00,961.09,288
4/26/2013 20:28:48,4/26/2013,20:28:48,0.37,6.67,78.00,961.08,278
4/26/2013 20:29:03,4/26/2013,20:29:03,0.09,6.59,77.59,961.09,230
4/26/2013 20:29:18,4/26/2013,20:29:18,0.00,6.59,78.90,961.10,272
4/26/2013 20:29:33,4/26/2013,20:29:33,0.06,6.59,77.59,961.12,312
4/26/2013 20:29:48,4/26/2013,20:29:48,0.52,6.59,77.09,961.11,257
4/26/2013 20:30:03,4/26/2013,20:30:03,0.06,6.59,78.30,961.10,285
4/26/2013 20:30:18,4/26/2013,20:30:18,0.00,6.55,79.69,961.11,290
4/26/2013 20:30:33,4/26/2013,20:30:33,0.00,6.59,79.00,961.10,263
4/26/2013 20:30:48,4/26/2013,20:30:48,0.00,6.52,78.30,961.10,296
4/26/2013 20:31:03,4/26/2013,20:31:03,0.13,6.52,78.59,961.07,255
4/26/2013 20:31:18,4/26/2013,20:31:18,0.00,6.52,79.19,961.09,290
4/26/2013 20:31:33,4/26/2013,20:31:33,0.00,6.47,78.50,961.08,282
4/26/2013 20:31:48,4/26/2013,20:31:48,0.00,6.42,78.59,961.08,300
4/26/2013 20:32:03,4/26/2013,20:32:03,0.00,6.42,79.09,961.11,275
4/26/2013 20:32:18,4/26/2013,20:32:18,0.00,6.42,80.50,961.12,260
4/26/2013 20:32:33,4/26/2013,20:32:33,0.00,6.40,81.00,961.11,307
4/26/2013 20:32:48,4/26/2013,20:32:48,0.00,6.42,80.90,961.11,279
4/26/2013 20:33:03,4/26/2013,20:33:03,0.00,6.42,79.30,961.12,283
4/26/2013 20:33:18,4/26/2013,20:33:18,0.00,6.42,80.00,961.12,232
4/26/2013 20:33:33,4/26/2013,20:33:33,0.00,6.32,80.00,961.13,336
4/26/2013 20:33:48,4/26/2013,20:33:48,0.00,6.27,79.69,961.16,278
4/26/2013 20:34:03,4/26/2013,20:34:03,0.00,6.32,80.09,961.15,289
4/26/2013 20:34:18,4/26/2013,20:34:18,0.00,6.34,80.59,961.16,302
4/26/2013 20:34:33,4/26/2013,20:34:33,0.00,6.27,79.50,961.17,326
4/26/2013 20:34:48,4/26/2013,20:34:48,0.00,6.22,80.40,961.13,291
4/26/2013 20:35:03,4/26/2013,20:35:03,0.00,6.27,81.40,961.15,294
4/26/2013 20:35:18,4/26/2013,20:35:18,0.00,6.22,80.30,961.15,268
4/26/2013 20:35:33,4/26/2013,20:35:33,0.00,6.27,80.50,961.15,186
4/26/2013 20:35:48,4/26/2013,20:35:48,0.00,6.19,80.00,961.13,270
4/26/2013 20:36:03,4/26/2013,20:36:03,0.00,6.19,80.40,961.15,278
4/26/2013 20:36:18,4/26/2013,20:36:18,0.00,6.19,81.19,961.15,255
4/26/2013 20:36:33,4/26/2013,20:36:33,0.19,6.22,80.30,961.15,273
4/26/2013 20:36:48,4/26/2013,20:36:48,0.00,6.27,79.40,961.15,280
4/26/2013 20:37:03,4/26/2013,20:37:03,0.00,6.22,79.30,961.15,294
4/26/2013 20:37:18,4/26/2013,20:37:18,0.29,6.32,79.90,961.12,265
4/26/2013 20:37:33,4/26/2013,20:37:33,0.00,6.19,81.09,961.12,265
4/26/2013 20:37:48,4/26/2013,20:37:48,0.00,6.22,79.80,961.12,262
4/26/2013 20:38:03,4/26/2013,20:38:03,0.00,6.22,80.50,961.12,298
4/26/2013 20:38:18,4/26/2013,20:38:18,0.00,6.12,81.50,961.13,261
4/26/2013 20:38:33,4/26/2013,20:38:33,0.00,6.19,81.80,961.13,267
4/26/2013 20:38:48,4/26/2013,20:38:48,0.00,6.15,81.40,961.15,249
4/26/2013 20:39:03,4/26/2013,20:39:03,0.00,6.07,80.69,961.12,317
4/26/2013 20:39:18,4/26/2013,20:39:18,0.00,6.12,81.90,961.13,283
4/26/2013 20:39:33,4/26/2013,20:39:33,0.00,6.12,82.59,961.13,294
4/26/2013 20:39:48,4/26/2013,20:39:48,0.00,6.12,81.40,961.13,270
4/26/2013 20:40:03,4/26/2013,20:40:03,0.00,6.12,80.40,961.13,188
4/26/2013 20:40:18,4/26/2013,20:40:18,0.00,6.07,80.09,961.13,300
4/26/2013 20:40:33,4/26/2013,20:40:33,0.00,6.12,80.09,961.13,279
4/26/2013 20:40:48,4/26/2013,20:40:48,0.00,6.12,80.50,961.15,261
4/26/2013 20:41:03,4/26/2013,20:41:03,0.00,6.05,81.40,961.17,233
4/26/2013 20:41:18,4/26/2013,20:41:18,0.00,6.07,80.19,961.15,320
4/26/2013 20:41:33,4/26/2013,20:41:33,0.00,6.12,81.00,961.12,273
4/26/2013 20:41:48,4/26/2013,20:41:48,0.00,6.05,80.90,961.12,300
4/26/2013 20:42:03,4/26/2013,20:42:03,0.00,6.05,82.00,961.13,278
4/26/2013 20:42:18,4/26/2013,20:42:18,0.00,6.12,81.19,961.13,267
4/26/2013 20:42:33,4/26/2013,20:42:33,0.00,6.05,81.80,961.13,270
4/26/2013 20:42:48,4/26/2013,20:42:48,0.00,6.05,80.69,961.12,181
4/26/2013 20:43:03,4/26/2013,20:43:03,0.00,6.05,80.69,961.12,281
4/26/2013 20:43:18,4/26/2013,20:43:18,0.00,6.12,81.30,961.11,266
4/26/2013 20:43:33,4/26/2013,20:43:33,0.00,6.12,80.59,961.13,279
4/26/2013 20:43:48,4/26/2013,20:43:48,0.00,6.00,80.69,961.16,259
4/26/2013 20:44:03,4/26/2013,20:44:03,0.00,6.12,81.00,961.15,274
4/26/2013 20:44:18,4/26/2013,20:44:18,0.00,6.12,81.50,961.15,300
4/26/2013 20:44:33,4/26/2013,20:44:33,0.00,6.05,81.50,961.16,253
4/26/2013 20:44:48,4/26/2013,20:44:48,0.00,5.94,81.80,961.17,219
4/26/2013 20:45:03,4/26/2013,20:45:03,0.00,5.94,81.90,961.17,298
4/26/2013 20:45:18,4/26/2013,20:45:18,0.16,6.07,80.69,961.18,293
4/26/2013 20:45:33,4/26/2013,20:45:33,0.06,6.05,81.00,961.17,281
4/26/2013 20:45:48,4/26/2013,20:45:48,0.00,6.05,81.00,961.17,298
4/26/2013 20:46:03,4/26/2013,20:46:03,0.00,6.05,81.19,961.17,296
4/26/2013 20:46:18,4/26/2013,20:46:18,0.31,6.12,80.80,961.17,291
4/26/2013 20:46:33,4/26/2013,20:46:33,0.19,6.07,81.09,961.18,206
4/26/2013 20:46:48,4/26/2013,20:46:48,0.00,5.94,80.69,961.19,275
4/26/2013 20:47:03,4/26/2013,20:47:03,0.00,6.00,81.80,961.18,300
4/26/2013 20:47:18,4/26/2013,20:47:18,0.40,6.05,80.09,961.17,242
4/26/2013 20:47:33,4/26/2013,20:47:33,0.00,6.00,79.80,961.18,302
4/26/2013 20:47:48,4/26/2013,20:47:48,0.00,6.05,80.50,961.18,261
4/26/2013 20:48:03,4/26/2013,20:48:03,0.00,6.05,81.09,961.18,262
4/26/2013 20:48:18,4/26/2013,20:48:18,0.00,6.05,80.50,961.19,202
4/26/2013 20:48:33,4/26/2013,20:48:33,0.00,5.94,79.90,961.18,208
4/26/2013 20:48:48,4/26/2013,20:48:48,0.00,5.94,81.19,961.20,238
4/26/2013 20:49:03,4/26/2013,20:49:03,0.00,5.94,82.59,961.21,286
4/26/2013 20:49:18,4/26/2013,20:49:18,0.00,6.05,81.50,961.21,300
4/26/2013 20:49:33,4/26/2013,20:49:33,0.00,5.94,80.59,961.20,196
4/26/2013 20:49:48,4/26/2013,20:49:48,0.00,5.87,80.69,961.20,281
4/26/2013 20:50:03,4/26/2013,20:50:03,0.00,5.94,81.69,961.20,304
4/26/2013 20:50:18,4/26/2013,20:50:18,0.00,5.92,82.19,961.20,254
4/26/2013 20:50:33,4/26/2013,20:50:33,0.00,5.94,82.90,961.21,265
4/26/2013 20:50:48,4/26/2013,20:50:48,0.00,5.87,82.19,961.21,292
4/26/2013 20:51:03,4/26/2013,20:51:03,0.00,5.94,81.80,961.23,296
4/26/2013 20:51:18,4/26/2013,20:51:18,0.00,5.92,81.19,961.23,288
4/26/2013 20:51:33,4/26/2013,20:51:33,0.00,5.87,81.90,961.21,251
4/26/2013 20:51:48,4/26/2013,20:51:48,0.41,6.00,82.50,961.20,275
4/26/2013 20:52:03,4/26/2013,20:52:03,0.00,5.94,82.80,961.21,275
4/26/2013 20:52:18,4/26/2013,20:52:18,0.00,5.94,81.19,961.21,325
4/26/2013 20:52:33,4/26/2013,20:52:33,0.11,5.94,81.09,961.23,272
4/26/2013 20:52:48,4/26/2013,20:52:48,0.00,5.94,81.59,961.23,281
4/26/2013 20:53:03,4/26/2013,20:53:03,0.00,5.94,82.19,961.24,257
4/26/2013 20:53:18,4/26/2013,20:53:18,0.00,5.87,82.90,961.24,302
4/26/2013 20:53:33,4/26/2013,20:53:33,0.00,5.87,82.59,961.21,300
4/26/2013 20:53:48,4/26/2013,20:53:48,0.00,5.94,82.59,961.23,274
4/26/2013 20:54:03,4/26/2013,20:54:03,0.00,5.92,81.80,961.23,295
4/26/2013 20:54:18,4/26/2013,20:54:18,0.00,5.87,82.69,961.24,210
4/26/2013 20:54:33,4/26/2013,20:54:33,0.09,5.94,81.19,961.21,310
4/26/2013 20:54:48,4/26/2013,20:54:48,0.00,5.94,81.90,961.25,287
4/26/2013 20:55:03,4/26/2013,20:55:03,0.00,6.00,81.80,961.23,244
4/26/2013 20:55:18,4/26/2013,20:55:18,0.00,5.87,82.00,961.24,328
4/26/2013 20:55:33,4/26/2013,20:55:33,0.00,5.92,81.59,961.25,174
4/26/2013 20:55:48,4/26/2013,20:55:48,0.00,5.92,81.90,961.24,270
4/26/2013 20:56:03,4/26/2013,20:56:03,0.00,5.94,83.19,961.24,276
4/26/2013 20:56:18,4/26/2013,20:56:18,0.37,5.92,80.90,961.21,82
4/26/2013 20:56:33,4/26/2013,20:56:33,1.12,6.05,80.69,961.20,239
4/26/2013 20:56:48,4/26/2013,20:56:48,0.30,5.87,80.09,961.20,346
4/26/2013 20:57:03,4/26/2013,20:57:03,0.00,5.94,81.30,961.23,282
4/26/2013 20:57:18,4/26/2013,20:57:18,0.00,5.87,82.69,961.23,272
4/26/2013 20:57:33,4/26/2013,20:57:33,0.00,5.94,82.40,961.25,307
4/26/2013 20:57:48,4/26/2013,20:57:48,0.00,5.87,80.80,961.25,339
4/26/2013 20:58:03,4/26/2013,20:58:03,0.00,5.92,81.30,961.25,234
4/26/2013 20:58:18,4/26/2013,20:58:18,0.09,5.92,82.00,961.24,291
4/26/2013 20:58:33,4/26/2013,20:58:33,0.51,6.00,81.40,961.21,278
4/26/2013 20:58:48,4/26/2013,20:58:48,0.54,5.94,80.30,961.23,4
4/26/2013 20:59:03,4/26/2013,20:59:03,0.00,5.92,80.09,961.24,315
4/26/2013 20:59:18,4/26/2013,20:59:18,0.00,5.94,80.80,961.25,289
4/26/2013 20:59:33,4/26/2013,20:59:33,0.00,5.92,82.40,961.25,295
4/26/2013 20:59:48,4/26/2013,20:59:48,0.29,5.94,81.30,961.23,252
4/26/2013 21:00:03,4/26/2013,21:00:03,0.00,5.92,81.90,961.24,288
4/26/2013 21:00:18,4/26/2013,21:00:18,0.48,5.94,81.30,961.21,288
4/26/2013 21:00:33,4/26/2013,21:00:33,0.18,5.92,80.90,961.23,261
4/26/2013 21:00:48,4/26/2013,21:00:48,0.00,5.80,81.90,961.25,350
4/26/2013 21:01:03,4/26/2013,21:01:03,0.00,5.94,82.40,961.26,275
4/26/2013 21:01:18,4/26/2013,21:01:18,0.00,5.87,83.09,961.27,276
4/26/2013 21:01:33,4/26/2013,21:01:33,0.00,5.94,82.59,961.28,267
4/26/2013 21:01:48,4/26/2013,21:01:48,0.00,5.87,82.59,961.27,296
4/26/2013 21:02:03,4/26/2013,21:02:03,0.00,6.00,81.59,961.25,279
4/26/2013 21:02:18,4/26/2013,21:02:18,0.45,5.94,80.80,961.23,268
4/26/2013 21:02:33,4/26/2013,21:02:33,0.52,5.94,80.30,961.24,228
4/26/2013 21:02:48,4/26/2013,21:02:48,0.00,5.87,80.69,961.25,287
4/26/2013 21:03:03,4/26/2013,21:03:03,0.00,5.92,81.40,961.26,180
4/26/2013 21:03:18,4/26/2013,21:03:18,0.00,5.87,81.30,961.27,292
4/26/2013 21:03:33,4/26/2013,21:03:33,0.08,5.87,80.40,961.26,287
4/26/2013 21:03:48,4/26/2013,21:03:48,0.00,5.92,80.50,961.27,20
4/26/2013 21:04:03,4/26/2013,21:04:03,0.00,5.87,81.69,961.28,197
4/26/2013 21:04:18,4/26/2013,21:04:18,0.00,5.80,81.09,961.28,203
4/26/2013 21:04:33,4/26/2013,21:04:33,0.00,5.80,81.40,961.27,303
4/26/2013 21:04:48,4/26/2013,21:04:48,0.00,5.80,82.30,961.26,299
4/26/2013 21:05:03,4/26/2013,21:05:03,0.00,5.80,81.69,961.26,288
4/26/2013 21:05:18,4/26/2013,21:05:18,0.00,5.80,82.69,961.27,350
4/26/2013 21:05:33,4/26/2013,21:05:33,0.27,5.87,81.69,961.27,175
4/26/2013 21:05:48,4/26/2013,21:05:48,0.00,5.72,81.30,961.27,201
4/26/2013 21:06:03,4/26/2013,21:06:03,0.00,5.80,81.50,961.28,277
4/26/2013 21:06:18,4/26/2013,21:06:18,0.00,5.87,82.40,961.28,244
4/26/2013 21:06:33,4/26/2013,21:06:33,0.00,5.80,83.09,961.26,286
4/26/2013 21:06:48,4/26/2013,21:06:48,0.00,5.80,82.90,961.28,292
4/26/2013 21:07:03,4/26/2013,21:07:03,0.00,5.84,82.00,961.28,287
4/26/2013 21:07:18,4/26/2013,21:07:18,0.00,5.72,82.59,961.27,256
4/26/2013 21:07:33,4/26/2013,21:07:33,0.00,5.72,84.09,961.27,310
4/26/2013 21:07:48,4/26/2013,21:07:48,0.00,5.65,83.80,961.25,306
4/26/2013 21:08:03,4/26/2013,21:08:03,0.00,5.65,82.90,961.25,303
4/26/2013 21:08:18,4/26/2013,21:08:18,0.00,5.67,81.90,961.23,238
4/26/2013 21:08:33,4/26/2013,21:08:33,0.00,5.65,81.69,961.23,282
4/26/2013 21:08:48,4/26/2013,21:08:48,0.00,5.65,82.90,961.23,258
4/26/2013 21:09:03,4/26/2013,21:09:03,0.00,5.65,84.00,961.25,293
4/26/2013 21:09:18,4/26/2013,21:09:18,0.00,5.65,83.69,961.24,278
4/26/2013 21:09:33,4/26/2013,21:09:33,0.00,5.65,83.40,961.23,337
4/26/2013 21:09:48,4/26/2013,21:09:48,0.00,5.72,83.30,961.23,272
4/26/2013 21:10:03,4/26/2013,21:10:03,0.00,5.65,83.90,961.23,231
4/26/2013 21:10:18,4/26/2013,21:10:18,0.00,5.57,84.00,961.23,308
4/26/2013 21:10:33,4/26/2013,21:10:33,0.00,5.65,84.40,961.25,292
4/26/2013 21:10:48,4/26/2013,21:10:48,0.00,5.65,84.00,961.25,276
4/26/2013 21:11:03,4/26/2013,21:11:03,0.00,5.65,83.09,961.23,289
4/26/2013 21:11:18,4/26/2013,21:11:18,0.00,5.72,83.30,961.24,273
4/26/2013 21:11:33,4/26/2013,21:11:33,0.00,5.65,82.30,961.23,159
4/26/2013 21:11:48,4/26/2013,21:11:48,0.00,5.67,82.69,961.21,278
4/26/2013 21:12:03,4/26/2013,21:12:03,0.00,5.65,84.00,961.21,288
4/26/2013 21:12:18,4/26/2013,21:12:18,0.00,5.65,84.00,961.23,253
4/26/2013 21:12:33,4/26/2013,21:12:33,0.00,5.59,83.40,961.21,206
4/26/2013 21:12:48,4/26/2013,21:12:48,0.00,5.57,82.69,961.20,16
4/26/2013 21:13:03,4/26/2013,21:13:03,0.00,5.57,82.59,961.20,233
4/26/2013 21:13:18,4/26/2013,21:13:18,0.00,5.57,81.90,961.20,287
4/26/2013 21:13:33,4/26/2013,21:13:33,0.00,5.59,82.50,961.21,263
4/26/2013 21:13:48,4/26/2013,21:13:48,0.00,5.57,83.40,961.21,276
4/26/2013 21:14:03,4/26/2013,21:14:03,0.00,5.57,83.09,961.24,266
4/26/2013 21:14:18,4/26/2013,21:14:18,0.00,5.57,83.19,961.21,186
4/26/2013 21:14:33,4/26/2013,21:14:33,0.52,5.65,81.69,961.19,208
4/26/2013 21:14:48,4/26/2013,21:14:48,0.00,5.57,81.30,961.21,343
4/26/2013 21:15:03,4/26/2013,21:15:03,0.00,5.52,82.69,961.21,268
4/26/2013 21:15:18,4/26/2013,21:15:18,0.00,5.47,83.30,961.21,326
4/26/2013 21:15:33,4/26/2013,21:15:33,0.00,5.57,83.90,961.19,268
4/26/2013 21:15:48,4/26/2013,21:15:48,0.00,5.57,84.40,961.19,272
4/26/2013 21:16:03,4/26/2013,21:16:03,0.00,5.40,84.00,961.20,276
4/26/2013 21:16:18,4/26/2013,21:16:18,0.00,5.47,84.19,961.19,281
4/26/2013 21:16:33,4/26/2013,21:16:33,0.00,5.47,84.40,961.19,286
4/26/2013 21:16:48,4/26/2013,21:16:48,0.00,5.47,84.09,961.19,197
4/26/2013 21:17:03,4/26/2013,21:17:03,0.00,5.40,83.40,961.19,206
4/26/2013 21:17:18,4/26/2013,21:17:18,0.00,5.40,83.00,961.19,318
4/26/2013 21:17:33,4/26/2013,21:17:33,0.00,5.52,82.59,961.19,282
4/26/2013 21:17:48,4/26/2013,21:17:48,0.00,5.47,84.19,961.18,234
4/26/2013 21:18:03,4/26/2013,21:18:03,0.00,5.40,84.09,961.20,324
4/26/2013 21:18:18,4/26/2013,21:18:18,0.00,5.47,83.69,961.21,297
4/26/2013 21:18:33,4/26/2013,21:18:33,0.30,5.57,83.69,961.19,272
4/26/2013 21:18:48,4/26/2013,21:18:48,0.00,5.40,83.80,961.20,281
4/26/2013 21:19:03,4/26/2013,21:19:03,0.00,5.47,83.30,961.23,283
4/26/2013 21:19:18,4/26/2013,21:19:18,0.00,5.47,82.90,961.23,275
4/26/2013 21:19:33,4/26/2013,21:19:33,0.00,5.40,83.19,961.21,271
4/26/2013 21:19:48,4/26/2013,21:19:48,0.00,5.32,83.59,961.24,270
4/26/2013 21:20:03,4/26/2013,21:20:03,0.00,5.32,83.40,961.23,288
4/26/2013 21:20:18,4/26/2013,21:20:18,0.00,5.37,84.09,961.24,284
4/26/2013 21:20:33,4/26/2013,21:20:33,0.00,5.40,84.40,961.24,275
4/26/2013 21:20:48,4/26/2013,21:20:48,0.00,5.40,84.59,961.24,221
4/26/2013 21:21:03,4/26/2013,21:21:03,0.00,5.32,83.59,961.25,294
4/26/2013 21:21:18,4/26/2013,21:21:18,0.00,5.32,84.09,961.25,237
4/26/2013 21:21:33,4/26/2013,21:21:33,0.00,5.27,84.30,961.24,291
4/26/2013 21:21:48,4/26/2013,21:21:48,0.00,5.37,84.40,961.25,262
4/26/2013 21:22:03,4/26/2013,21:22:03,0.00,5.27,83.80,961.25,303
4/26/2013 21:22:18,4/26/2013,21:22:18,0.00,5.32,83.80,961.26,267
4/26/2013 21:22:33,4/26/2013,21:22:33,0.00,5.32,83.19,961.26,237
4/26/2013 21:22:48,4/26/2013,21:22:48,0.00,5.37,83.30,961.24,286
4/26/2013 21:23:03,4/26/2013,21:23:03,0.00,5.37,83.30,961.25,306
4/26/2013 21:23:18,4/26/2013,21:23:18,0.00,5.32,82.80,961.25,177
4/26/2013 21:23:33,4/26/2013,21:23:33,0.00,5.25,83.69,961.25,171
4/26/2013 21:23:48,4/26/2013,21:23:48,0.00,5.27,84.40,961.26,263
4/26/2013 21:24:03,4/26/2013,21:24:03,0.00,5.32,85.00,961.26,266
4/26/2013 21:24:18,4/26/2013,21:24:18,0.00,5.27,85.30,961.26,313
4/26/2013 21:24:33,4/26/2013,21:24:33,0.00,5.27,85.50,961.25,264
4/26/2013 21:24:48,4/26/2013,21:24:48,0.00,5.25,85.00,961.23,270
4/26/2013 21:25:03,4/26/2013,21:25:03,0.00,5.32,84.80,961.23,247
4/26/2013 21:25:18,4/26/2013,21:25:18,0.00,5.32,84.50,961.23,319
4/26/2013 21:25:33,4/26/2013,21:25:33,0.00,5.32,83.30,961.21,270
4/26/2013 21:25:48,4/26/2013,21:25:48,0.00,5.27,84.00,961.23,283
4/26/2013 21:26:03,4/26/2013,21:26:03,0.00,5.32,84.00,961.23,262
4/26/2013 21:26:18,4/26/2013,21:26:18,0.00,5.27,84.09,961.24,203
4/26/2013 21:26:33,4/26/2013,21:26:33,0.00,5.25,84.09,961.24,268
4/26/2013 21:26:48,4/26/2013,21:26:48,0.00,5.32,83.69,961.21,274
4/26/2013 21:27:03,4/26/2013,21:27:03,0.00,5.25,84.40,961.23,301
4/26/2013 21:27:18,4/26/2013,21:27:18,0.00,5.32,84.40,961.21,284
4/26/2013 21:27:33,4/26/2013,21:27:33,0.00,5.32,83.59,961.21,285
4/26/2013 21:27:48,4/26/2013,21:27:48,0.61,5.40,83.00,961.19,282
4/26/2013 21:28:03,4/26/2013,21:28:03,0.08,5.32,83.90,961.21,261
4/26/2013 21:28:18,4/26/2013,21:28:18,0.00,5.40,84.00,961.24,290
4/26/2013 21:28:33,4/26/2013,21:28:33,0.00,5.32,83.40,961.24,284
4/26/2013 21:28:48,4/26/2013,21:28:48,0.00,5.32,83.40,961.21,221
4/26/2013 21:29:03,4/26/2013,21:29:03,0.00,5.37,83.19,961.23,271
4/26/2013 21:29:18,4/26/2013,21:29:18,0.00,5.32,85.00,961.23,324
4/26/2013 21:29:33,4/26/2013,21:29:33,0.00,5.27,85.40,961.23,258
4/26/2013 21:29:48,4/26/2013,21:29:48,0.00,5.25,85.09,961.24,342
4/26/2013 21:30:03,4/26/2013,21:30:03,0.00,5.27,84.90,961.23,294
4/26/2013 21:30:18,4/26/2013,21:30:18,0.00,5.25,84.40,961.24,300
4/26/2013 21:30:33,4/26/2013,21:30:33,0.00,5.25,84.30,961.23,303
4/26/2013 21:30:48,4/26/2013,21:30:48,0.00,5.19,84.80,961.21,162
4/26/2013 21:31:03,4/26/2013,21:31:03,0.00,5.25,83.90,961.21,306
4/26/2013 21:31:18,4/26/2013,21:31:18,0.00,5.25,84.19,961.21,273
4/26/2013 21:31:33,4/26/2013,21:31:33,0.00,5.25,84.50,961.21,268
4/26/2013 21:31:48,4/26/2013,21:31:48,0.00,5.17,85.19,961.23,269
4/26/2013 21:32:03,4/26/2013,21:32:03,0.00,5.17,85.09,961.25,295
4/26/2013 21:32:18,4/26/2013,21:32:18,0.00,5.25,83.90,961.24,266
4/26/2013 21:32:33,4/26/2013,21:32:33,0.00,5.25,84.09,961.25,286
4/26/2013 21:32:48,4/26/2013,21:32:48,0.00,5.25,84.40,961.27,294
4/26/2013 21:33:03,4/26/2013,21:33:03,0.00,5.17,84.90,961.26,218
4/26/2013 21:33:18,4/26/2013,21:33:18,0.00,5.07,84.90,961.26,230
4/26/2013 21:33:33,4/26/2013,21:33:33,0.00,5.07,84.59,961.25,280
4/26/2013 21:33:48,4/26/2013,21:33:48,0.00,5.17,84.90,961.26,264
4/26/2013 21:34:03,4/26/2013,21:34:03,0.00,5.12,85.50,961.25,192
4/26/2013 21:34:18,4/26/2013,21:34:18,0.00,5.07,84.69,961.25,301
4/26/2013 21:34:33,4/26/2013,21:34:33,0.00,5.17,84.19,961.25,192
4/26/2013 21:34:48,4/26/2013,21:34:48,0.00,5.05,84.40,961.24,280
4/26/2013 21:35:03,4/26/2013,21:35:03,0.00,5.05,84.30,961.24,343
4/26/2013 21:35:18,4/26/2013,21:35:18,0.00,5.17,84.50,961.24,275
4/26/2013 21:35:33,4/26/2013,21:35:33,0.00,5.25,85.40,961.21,226
4/26/2013 21:35:48,4/26/2013,21:35:48,0.00,5.17,85.40,961.21,175
4/26/2013 21:36:03,4/26/2013,21:36:03,0.44,5.19,83.50,961.20,346
4/26/2013 21:36:18,4/26/2013,21:36:18,0.23,5.25,84.09,961.21,254
4/26/2013 21:36:33,4/26/2013,21:36:33,0.00,5.17,84.09,961.21,335
4/26/2013 21:36:48,4/26/2013,21:36:48,0.00,5.07,84.30,961.21,333
4/26/2013 21:37:03,4/26/2013,21:37:03,0.00,5.00,84.59,961.21,354
4/26/2013 21:37:18,4/26/2013,21:37:18,0.00,5.07,85.30,961.21,196
4/26/2013 21:37:33,4/26/2013,21:37:33,0.00,5.07,84.40,961.23,295
4/26/2013 21:37:48,4/26/2013,21:37:48,0.34,5.25,85.59,961.20,257
4/26/2013 21:38:03,4/26/2013,21:38:03,0.00,5.07,85.80,961.21,310
4/26/2013 21:38:18,4/26/2013,21:38:18,0.00,5.12,85.30,961.23,231
4/26/2013 21:38:33,4/26/2013,21:38:33,0.00,5.17,85.00,961.23,285
4/26/2013 21:38:48,4/26/2013,21:38:48,0.00,5.19,85.19,961.24,284
4/26/2013 21:39:03,4/26/2013,21:39:03,0.00,5.17,84.09,961.23,295
4/26/2013 21:39:18,4/26/2013,21:39:18,0.00,5.17,84.30,961.23,244
4/26/2013 21:39:33,4/26/2013,21:39:33,0.00,5.17,84.19,961.23,345
4/26/2013 21:39:48,4/26/2013,21:39:48,0.69,5.25,83.30,961.19,256
4/26/2013 21:40:03,4/26/2013,21:40:03,0.11,5.17,83.50,961.21,302
4/26/2013 21:40:18,4/26/2013,21:40:18,0.00,5.25,83.50,961.21,270
4/26/2013 21:40:33,4/26/2013,21:40:33,0.70,5.37,84.50,961.19,273
4/26/2013 21:40:48,4/26/2013,21:40:48,0.65,5.32,84.90,961.18,254
4/26/2013 21:41:03,4/26/2013,21:41:03,0.00,5.17,84.50,961.19,216
4/26/2013 21:41:18,4/26/2013,21:41:18,0.00,5.19,84.19,961.20,320
4/26/2013 21:41:33,4/26/2013,21:41:33,0.00,5.25,83.69,961.20,265
4/26/2013 21:41:48,4/26/2013,21:41:48,0.00,5.19,83.90,961.21,190
4/26/2013 21:42:03,4/26/2013,21:42:03,0.00,5.17,83.50,961.20,314
4/26/2013 21:42:18,4/26/2013,21:42:18,0.00,5.17,84.50,961.20,283
4/26/2013 21:42:33,4/26/2013,21:42:33,0.00,5.17,85.09,961.20,287
4/26/2013 21:42:48,4/26/2013,21:42:48,0.00,5.17,84.80,961.23,273
4/26/2013 21:43:03,4/26/2013,21:43:03,0.00,5.17,85.30,961.21,282
4/26/2013 21:43:18,4/26/2013,21:43:18,0.00,5.25,84.90,961.21,266
4/26/2013 21:43:33,4/26/2013,21:43:33,0.13,5.17,83.50,961.19,233
4/26/2013 21:43:48,4/26/2013,21:43:48,0.00,5.17,83.40,961.19,308
4/26/2013 21:44:03,4/26/2013,21:44:03,0.00,5.17,84.09,961.20,227
4/26/2013 21:44:18,4/26/2013,21:44:18,0.00,5.07,84.30,961.20,235
4/26/2013 21:44:33,4/26/2013,21:44:33,0.00,5.25,84.50,961.21,267
4/26/2013 21:44:48,4/26/2013,21:44:48,0.19,5.17,84.19,961.17,281
4/26/2013 21:45:03,4/26/2013,21:45:03,0.00,5.17,84.69,961.18,267
4/26/2013 21:45:18,4/26/2013,21:45:18,0.00,5.17,84.50,961.19,285
4/26/2013 21:45:33,4/26/2013,21:45:33,0.00,5.07,84.80,961.19,270
4/26/2013 21:45:48,4/26/2013,21:45:48,0.00,5.12,85.30,961.19,260
4/26/2013 21:46:03,4/26/2013,21:46:03,0.00,5.12,85.50,961.23,322
4/26/2013 21:46:18,4/26/2013,21:46:18,0.16,5.12,84.09,961.21,260
4/26/2013 21:46:33,4/26/2013,21:46:33,0.47,5.17,83.19,961.19,248
4/26/2013 21:46:48,4/26/2013,21:46:48,0.00,5.07,83.80,961.20,272
4/26/2013 21:47:03,4/26/2013,21:47:03,0.00,5.05,84.50,961.20,193
4/26/2013 21:47:18,4/26/2013,21:47:18,0.00,5.00,84.40,961.20,255
4/26/2013 21:47:33,4/26/2013,21:47:33,0.00,5.05,84.80,961.20,291
4/26/2013 21:47:48,4/26/2013,21:47:48,0.00,5.07,85.59,961.20,220
4/26/2013 21:48:03,4/26/2013,21:48:03,0.00,5.00,85.69,961.20,258
4/26/2013 21:48:18,4/26/2013,21:48:18,0.00,5.05,85.50,961.21,292
4/26/2013 21:48:33,4/26/2013,21:48:33,0.00,5.07,85.59,961.21,275
4/26/2013 21:48:48,4/26/2013,21:48:48,0.00,5.00,86.19,961.20,177
4/26/2013 21:49:03,4/26/2013,21:49:03,0.00,5.00,84.90,961.19,302
4/26/2013 21:49:18,4/26/2013,21:49:18,0.00,5.07,84.69,961.19,273
4/26/2013 21:49:33,4/26/2013,21:49:33,0.00,5.07,85.40,961.20,285
4/26/2013 21:49:48,4/26/2013,21:49:48,0.00,5.05,85.69,961.19,275
4/26/2013 21:50:03,4/26/2013,21:50:03,0.00,5.07,86.00,961.20,247
4/26/2013 21:50:18,4/26/2013,21:50:18,0.00,4.92,86.19,961.19,237
4/26/2013 21:50:33,4/26/2013,21:50:33,0.00,5.00,86.19,961.19,325
4/26/2013 21:50:48,4/26/2013,21:50:48,0.00,4.97,86.00,961.19,222
4/26/2013 21:51:03,4/26/2013,21:51:03,0.00,5.00,86.19,961.19,293
4/26/2013 21:51:18,4/26/2013,21:51:18,0.00,5.07,85.69,961.20,284
4/26/2013 21:51:33,4/26/2013,21:51:33,0.00,5.12,84.90,961.20,294
4/26/2013 21:51:48,4/26/2013,21:51:48,0.00,5.07,84.80,961.20,286
4/26/2013 21:52:03,4/26/2013,21:52:03,0.00,5.07,84.90,961.19,188
4/26/2013 21:52:18,4/26/2013,21:52:18,0.00,5.00,85.00,961.20,210
4/26/2013 21:52:33,4/26/2013,21:52:33,0.00,4.97,84.80,961.20,19
4/26/2013 21:52:48,4/26/2013,21:52:48,0.00,4.97,85.40,961.20,273
4/26/2013 21:53:03,4/26/2013,21:53:03,0.00,5.00,85.69,961.18,300
4/26/2013 21:53:18,4/26/2013,21:53:18,0.00,4.97,85.50,961.19,304
4/26/2013 21:53:33,4/26/2013,21:53:33,0.00,4.97,86.19,961.20,216
4/26/2013 21:53:48,4/26/2013,21:53:48,0.00,5.00,86.59,961.19,273
4/26/2013 21:54:03,4/26/2013,21:54:03,0.00,5.00,87.30,961.20,261
4/26/2013 21:54:18,4/26/2013,21:54:18,0.00,5.00,87.30,961.21,265
4/26/2013 21:54:33,4/26/2013,21:54:33,0.00,4.97,87.19,961.21,275
4/26/2013 21:54:48,4/26/2013,21:54:48,0.00,5.00,86.59,961.19,276
4/26/2013 21:55:03,4/26/2013,21:55:03,0.00,5.05,85.80,961.19,240
4/26/2013 21:55:18,4/26/2013,21:55:18,0.00,5.00,86.19,961.19,254
4/26/2013 21:55:33,4/26/2013,21:55:33,0.00,5.00,85.90,961.19,306
4/26/2013 21:55:48,4/26/2013,21:55:48,0.00,5.05,86.50,961.20,266
4/26/2013 21:56:03,4/26/2013,21:56:03,0.00,5.00,86.80,961.19,258
4/26/2013 21:56:18,4/26/2013,21:56:18,0.00,4.97,87.09,961.19,276
4/26/2013 21:56:33,4/26/2013,21:56:33,0.00,4.97,86.90,961.19,292
4/26/2013 21:56:48,4/26/2013,21:56:48,0.00,4.92,86.50,961.19,233
4/26/2013 21:57:03,4/26/2013,21:57:03,0.00,4.84,86.09,961.18,222
4/26/2013 21:57:18,4/26/2013,21:57:18,0.00,4.97,86.30,961.18,281
4/26/2013 21:57:33,4/26/2013,21:57:33,0.00,4.92,86.69,961.19,243
4/26/2013 21:57:48,4/26/2013,21:57:48,0.00,4.92,86.80,961.20,280
4/26/2013 21:58:03,4/26/2013,21:58:03,0.00,4.92,86.80,961.19,293
4/26/2013 21:58:18,4/26/2013,21:58:18,0.00,5.00,86.90,961.17,254
4/26/2013 21:58:33,4/26/2013,21:58:33,0.00,4.92,86.19,961.18,202
4/26/2013 21:58:48,4/26/2013,21:58:48,0.00,4.90,85.69,961.19,267
4/26/2013 21:59:03,4/26/2013,21:59:03,0.00,4.84,86.09,961.19,166
4/26/2013 21:59:18,4/26/2013,21:59:18,0.00,4.77,85.90,961.20,273
4/26/2013 21:59:33,4/26/2013,21:59:33,0.00,4.80,85.80,961.21,280
4/26/2013 21:59:48,4/26/2013,21:59:48,0.00,4.84,86.80,961.21,268
4/26/2013 22:00:03,4/26/2013,22:00:03,0.00,4.80,86.80,961.20,196
4/26/2013 22:00:18,4/26/2013,22:00:18,0.00,4.84,86.80,961.19,270
4/26/2013 22:00:33,4/26/2013,22:00:33,0.00,4.77,87.09,961.19,268
4/26/2013 22:00:48,4/26/2013,22:00:48,0.12,4.84,86.69,961.18,229
4/26/2013 22:01:03,4/26/2013,22:01:03,0.18,4.84,85.50,961.16,286
4/26/2013 22:01:18,4/26/2013,22:01:18,0.00,4.77,85.59,961.18,291
4/26/2013 22:01:33,4/26/2013,22:01:33,0.00,4.77,86.30,961.17,256
4/26/2013 22:01:48,4/26/2013,22:01:48,0.00,4.69,86.90,961.17,216
4/26/2013 22:02:03,4/26/2013,22:02:03,0.00,4.69,86.80,961.17,278
4/26/2013 22:02:18,4/26/2013,22:02:18,0.00,4.69,86.80,961.18,256
4/26/2013 22:02:33,4/26/2013,22:02:33,0.00,4.80,87.59,961.20,265
4/26/2013 22:02:48,4/26/2013,22:02:48,0.00,4.77,87.50,961.20,212
4/26/2013 22:03:03,4/26/2013,22:03:03,0.00,4.69,86.90,961.19,211
4/26/2013 22:03:18,4/26/2013,22:03:18,0.00,4.72,86.59,961.20,301
4/26/2013 22:03:33,4/26/2013,22:03:33,0.00,4.77,87.19,961.21,290
4/26/2013 22:03:48,4/26/2013,22:03:48,0.00,4.72,86.80,961.21,259
4/26/2013 22:04:03,4/26/2013,22:04:03,0.00,4.69,86.30,961.20,221
4/26/2013 22:04:18,4/26/2013,22:04:18,0.00,4.65,86.09,961.19,222
4/26/2013 22:04:33,4/26/2013,22:04:33,0.00,4.65,86.30,961.19,272
4/26/2013 22:04:48,4/26/2013,22:04:48,0.00,4.59,87.00,961.18,298
4/26/2013 22:05:03,4/26/2013,22:05:03,0.00,4.77,87.69,961.19,180
4/26/2013 22:05:18,4/26/2013,22:05:18,0.00,4.59,87.40,961.18,310
4/26/2013 22:05:33,4/26/2013,22:05:33,0.00,4.59,87.09,961.19,308
4/26/2013 22:05:48,4/26/2013,22:05:48,0.00,4.69,87.30,961.19,292
4/26/2013 22:06:03,4/26/2013,22:06:03,0.00,4.69,87.90,961.20,288
4/26/2013 22:06:18,4/26/2013,22:06:18,0.00,4.69,88.40,961.20,276
4/26/2013 22:06:33,4/26/2013,22:06:33,0.00,4.69,88.30,961.18,264
4/26/2013 22:06:48,4/26/2013,22:06:48,0.00,4.69,88.40,961.18,275
4/26/2013 22:07:03,4/26/2013,22:07:03,0.00,4.69,88.40,961.19,273
4/26/2013 22:07:18,4/26/2013,22:07:18,0.00,4.69,88.69,961.19,262
4/26/2013 22:07:33,4/26/2013,22:07:33,0.00,4.57,88.59,961.18,234
4/26/2013 22:07:48,4/26/2013,22:07:48,0.00,4.65,88.59,961.19,270
4/26/2013 22:08:03,4/26/2013,22:08:03,0.00,4.59,88.59,961.19,186
4/26/2013 22:08:18,4/26/2013,22:08:18,0.00,4.59,87.90,961.20,209
4/26/2013 22:08:33,4/26/2013,22:08:33,0.00,4.52,87.09,961.20,262
4/26/2013 22:08:48,4/26/2013,22:08:48,0.00,4.52,87.00,961.21,279
4/26/2013 22:09:03,4/26/2013,22:09:03,0.00,4.52,87.19,961.21,280
4/26/2013 22:09:18,4/26/2013,22:09:18,0.00,4.59,88.00,961.21,230
4/26/2013 22:09:33,4/26/2013,22:09:33,0.00,4.52,88.09,961.21,206
4/26/2013 22:09:48,4/26/2013,22:09:48,0.00,4.52,87.80,961.23,285
4/26/2013 22:10:03,4/26/2013,22:10:03,0.00,4.59,88.00,961.23,268
4/26/2013 22:10:18,4/26/2013,22:10:18,0.00,4.59,88.40,961.23,298
4/26/2013 22:10:33,4/26/2013,22:10:33,0.00,4.57,88.40,961.23,272
4/26/2013 22:10:48,4/26/2013,22:10:48,0.00,4.59,88.40,961.24,289
4/26/2013 22:11:03,4/26/2013,22:11:03,0.00,4.69,88.09,961.25,295
4/26/2013 22:11:18,4/26/2013,22:11:18,0.00,4.69,87.90,961.25,330
4/26/2013 22:11:33,4/26/2013,22:11:33,0.00,4.72,87.69,961.21,273
4/26/2013 22:11:48,4/26/2013,22:11:48,0.00,4.69,87.80,961.20,293
4/26/2013 22:12:03,4/26/2013,22:12:03,0.00,4.77,88.09,961.19,258
4/26/2013 22:12:18,4/26/2013,22:12:18,0.00,4.59,88.09,961.18,288
4/26/2013 22:12:33,4/26/2013,22:12:33,0.00,4.52,88.00,961.18,268
4/26/2013 22:12:48,4/26/2013,22:12:48,0.00,4.52,88.09,961.20,281
4/26/2013 22:13:03,4/26/2013,22:13:03,0.00,4.59,88.19,961.21,288
4/26/2013 22:13:18,4/26/2013,22:13:18,0.00,4.59,88.00,961.20,294
4/26/2013 22:13:33,4/26/2013,22:13:33,0.00,4.65,87.80,961.21,293
4/26/2013 22:13:48,4/26/2013,22:13:48,0.00,4.65,87.30,961.23,281
4/26/2013 22:14:03,4/26/2013,22:14:03,0.00,4.59,87.30,961.23,264
4/26/2013 22:14:18,4/26/2013,22:14:18,0.00,4.59,87.50,961.24,278
4/26/2013 22:14:33,4/26/2013,22:14:33,0.00,4.59,87.80,961.23,300
4/26/2013 22:14:48,4/26/2013,22:14:48,0.00,4.57,88.19,961.23,295
4/26/2013 22:15:03,4/26/2013,22:15:03,0.00,4.57,88.30,961.23,251
4/26/2013 22:15:18,4/26/2013,22:15:18,0.00,4.50,88.59,961.24,245
4/26/2013 22:15:33,4/26/2013,22:15:33,0.00,4.52,88.69,961.25,285
4/26/2013 22:15:48,4/26/2013,22:15:48,0.00,4.52,88.80,961.25,293
4/26/2013 22:16:03,4/26/2013,22:16:03,0.00,4.59,88.69,961.27,289
4/26/2013 22:16:18,4/26/2013,22:16:18,0.00,4.59,88.69,961.26,261
4/26/2013 22:16:33,4/26/2013,22:16:33,0.00,4.65,88.80,961.26,293
4/26/2013 22:16:48,4/26/2013,22:16:48,0.00,4.65,88.90,961.26,285
4/26/2013 22:17:03,4/26/2013,22:17:03,0.00,4.69,88.80,961.26,281
4/26/2013 22:17:18,4/26/2013,22:17:18,0.00,4.59,88.09,961.25,281
4/26/2013 22:17:33,4/26/2013,22:17:33,0.00,4.57,87.90,961.25,326
4/26/2013 22:17:48,4/26/2013,22:17:48,0.00,4.59,88.09,961.25,290
4/26/2013 22:18:03,4/26/2013,22:18:03,0.00,4.59,88.30,961.26,283
4/26/2013 22:18:18,4/26/2013,22:18:18,0.00,4.59,88.30,961.26,278
4/26/2013 22:18:33,4/26/2013,22:18:33,0.00,4.52,88.40,961.26,213
4/26/2013 22:18:48,4/26/2013,22:18:48,0.00,4.44,88.59,961.26,202
4/26/2013 22:19:03,4/26/2013,22:19:03,0.00,4.52,88.59,961.27,293
4/26/2013 22:19:18,4/26/2013,22:19:18,0.00,4.59,88.59,961.27,275
4/26/2013 22:19:33,4/26/2013,22:19:33,0.00,4.65,88.09,961.26,279
4/26/2013 22:19:48,4/26/2013,22:19:48,0.00,4.59,88.00,961.26,270
4/26/2013 22:20:03,4/26/2013,22:20:03,0.00,4.59,88.00,961.25,288
4/26/2013 22:20:18,4/26/2013,22:20:18,0.00,4.59,88.30,961.25,301
4/26/2013 22:20:33,4/26/2013,22:20:33,0.00,4.69,87.50,961.25,289
4/26/2013 22:20:48,4/26/2013,22:20:48,0.00,4.59,87.30,961.26,253
4/26/2013 22:21:03,4/26/2013,22:21:03,0.00,4.59,87.30,961.25,269
4/26/2013 22:21:18,4/26/2013,22:21:18,0.00,4.69,87.69,961.24,272
4/26/2013 22:21:33,4/26/2013,22:21:33,0.00,4.59,88.09,961.24,309
4/26/2013 22:21:48,4/26/2013,22:21:48,0.00,4.72,87.59,961.21,300
4/26/2013 22:22:03,4/26/2013,22:22:03,0.00,4.77,87.59,961.20,286
4/26/2013 22:22:18,4/26/2013,22:22:18,0.00,4.69,87.19,961.20,286
4/26/2013 22:22:33,4/26/2013,22:22:33,0.00,4.69,87.19,961.20,258
4/26/2013 22:22:48,4/26/2013,22:22:48,0.00,4.57,87.40,961.21,207
4/26/2013 22:23:03,4/26/2013,22:23:03,0.00,4.59,87.50,961.21,297
4/26/2013 22:23:18,4/26/2013,22:23:18,0.00,4.59,87.00,961.21,274
4/26/2013 22:23:33,4/26/2013,22:23:33,0.00,4.69,86.69,961.21,282
4/26/2013 22:23:48,4/26/2013,22:23:48,0.00,4.59,86.40,961.21,342
4/26/2013 22:24:03,4/26/2013,22:24:03,0.65,4.80,85.30,961.16,310
4/26/2013 22:24:18,4/26/2013,22:24:18,0.24,4.77,84.90,961.17,247
4/26/2013 22:24:33,4/26/2013,22:24:33,0.00,4.72,85.19,961.18,265
4/26/2013 22:24:48,4/26/2013,22:24:48,0.00,4.77,85.30,961.18,267
4/26/2013 22:25:03,4/26/2013,22:25:03,0.00,4.69,85.40,961.18,310
4/26/2013 22:25:18,4/26/2013,22:25:18,0.00,4.77,86.30,961.19,307
4/26/2013 22:25:33,4/26/2013,22:25:33,0.00,4.77,87.09,961.18,311
4/26/2013 22:25:48,4/26/2013,22:25:48,0.55,4.84,86.80,961.17,288
4/26/2013 22:26:03,4/26/2013,22:26:03,0.00,4.77,85.80,961.19,311
4/26/2013 22:26:18,4/26/2013,22:26:18,0.00,4.80,85.90,961.18,305
4/26/2013 22:26:33,4/26/2013,22:26:33,0.00,4.80,86.00,961.19,301
4/26/2013 22:26:48,4/26/2013,22:26:48,0.16,4.92,84.80,961.19,262
4/26/2013 22:27:03,4/26/2013,22:27:03,0.00,4.84,85.40,961.18,202
4/26/2013 22:27:18,4/26/2013,22:27:18,0.00,4.84,86.19,961.17,262
4/26/2013 22:27:33,4/26/2013,22:27:33,1.48,5.07,83.80,961.12,335
4/26/2013 22:27:48,4/26/2013,22:27:48,1.37,5.07,82.40,961.09,306
4/26/2013 22:28:03,4/26/2013,22:28:03,0.86,5.07,84.30,961.10,272
4/26/2013 22:28:18,4/26/2013,22:28:18,0.38,5.05,83.69,961.11,288
4/26/2013 22:28:33,4/26/2013,22:28:33,0.00,4.97,83.40,961.15,278
4/26/2013 22:28:48,4/26/2013,22:28:48,0.00,4.97,84.30,961.16,326
4/26/2013 22:29:03,4/26/2013,22:29:03,0.00,4.92,83.59,961.16,321
4/26/2013 22:29:18,4/26/2013,22:29:18,0.00,4.92,84.59,961.16,177
4/26/2013 22:29:33,4/26/2013,22:29:33,0.00,4.92,85.19,961.16,299
4/26/2013 22:29:48,4/26/2013,22:29:48,0.00,5.00,84.40,961.16,276
4/26/2013 22:30:03,4/26/2013,22:30:03,0.00,4.92,85.30,961.16,343
4/26/2013 22:30:18,4/26/2013,22:30:18,0.00,4.97,84.90,961.15,270
4/26/2013 22:30:33,4/26/2013,22:30:33,0.00,4.92,84.80,961.15,273
4/26/2013 22:30:48,4/26/2013,22:30:48,0.00,5.00,84.90,961.15,326
4/26/2013 22:31:03,4/26/2013,22:31:03,0.00,5.00,83.69,961.15,287
4/26/2013 22:31:18,4/26/2013,22:31:18,0.00,4.92,84.30,961.13,291
4/26/2013 22:31:33,4/26/2013,22:31:33,0.00,4.84,85.19,961.13,245
4/26/2013 22:31:48,4/26/2013,22:31:48,0.00,4.84,85.50,961.13,5
4/26/2013 22:32:03,4/26/2013,22:32:03,0.00,4.92,84.40,961.13,259
4/26/2013 22:32:18,4/26/2013,22:32:18,0.00,4.90,85.19,961.12,278
4/26/2013 22:32:33,4/26/2013,22:32:33,0.00,4.92,85.59,961.12,275
4/26/2013 22:32:48,4/26/2013,22:32:48,0.00,4.90,85.80,961.13,323
4/26/2013 22:33:03,4/26/2013,22:33:03,0.00,4.92,85.40,961.15,301
4/26/2013 22:33:18,4/26/2013,22:33:18,0.00,4.80,84.50,961.13,301
4/26/2013 22:33:33,4/26/2013,22:33:33,0.00,4.77,84.40,961.13,193
4/26/2013 22:33:48,4/26/2013,22:33:48,0.00,4.69,84.40,961.15,229
4/26/2013 22:34:03,4/26/2013,22:34:03,0.00,4.77,84.69,961.12,314
4/26/2013 22:34:18,4/26/2013,22:34:18,0.00,4.84,85.00,961.11,286
4/26/2013 22:34:33,4/26/2013,22:34:33,0.00,4.77,85.69,961.12,233
4/26/2013 22:34:48,4/26/2013,22:34:48,0.00,4.69,85.69,961.09,224
4/26/2013 22:35:03,4/26/2013,22:35:03,0.00,4.69,85.59,961.11,150
4/26/2013 22:35:18,4/26/2013,22:35:18,0.00,4.65,85.59,961.12,154
4/26/2013 22:35:33,4/26/2013,22:35:33,0.00,4.69,85.90,961.11,299
4/26/2013 22:35:48,4/26/2013,22:35:48,0.00,4.69,86.59,961.11,315
4/26/2013 22:36:03,4/26/2013,22:36:03,0.00,4.69,86.80,961.12,280
4/26/2013 22:36:18,4/26/2013,22:36:18,0.00,4.69,86.69,961.11,285
4/26/2013 22:36:33,4/26/2013,22:36:33,0.00,4.69,86.19,961.10,287
4/26/2013 22:36:48,4/26/2013,22:36:48,0.00,4.69,86.09,961.11,258
4/26/2013 22:37:03,4/26/2013,22:37:03,0.00,4.59,85.90,961.10,236
4/26/2013 22:37:18,4/26/2013,22:37:18,0.00,4.57,85.80,961.10,238
4/26/2013 22:37:33,4/26/2013,22:37:33,0.00,4.57,85.69,961.13,280
4/26/2013 22:37:48,4/26/2013,22:37:48,0.00,4.59,86.30,961.15,306
4/26/2013 22:38:03,4/26/2013,22:38:03,0.00,4.65,85.59,961.16,296
4/26/2013 22:38:18,4/26/2013,22:38:18,0.00,4.72,84.69,961.17,310
4/26/2013 22:38:33,4/26/2013,22:38:33,0.00,4.69,83.90,961.13,253
4/26/2013 22:38:48,4/26/2013,22:38:48,0.00,4.59,84.09,961.13,270
4/26/2013 22:39:03,4/26/2013,22:39:03,0.00,4.59,85.00,961.15,286
4/26/2013 22:39:18,4/26/2013,22:39:18,0.00,4.59,85.69,961.15,281
4/26/2013 22:39:33,4/26/2013,22:39:33,0.00,4.59,85.90,961.15,355
4/26/2013 22:39:48,4/26/2013,22:39:48,0.00,4.59,85.50,961.15,305
4/26/2013 22:40:03,4/26/2013,22:40:03,0.00,4.59,85.59,961.16,196
4/26/2013 22:40:18,4/26/2013,22:40:18,0.00,4.52,86.00,961.15,197
4/26/2013 22:40:33,4/26/2013,22:40:33,0.00,4.57,86.09,961.17,286
4/26/2013 22:40:48,4/26/2013,22:40:48,0.00,4.59,85.69,961.17,293
4/26/2013 22:41:03,4/26/2013,22:41:03,0.00,4.59,85.59,961.17,291
4/26/2013 22:41:18,4/26/2013,22:41:18,0.00,4.59,85.90,961.16,175
4/26/2013 22:41:33,4/26/2013,22:41:33,0.00,4.59,85.40,961.17,296
4/26/2013 22:41:48,4/26/2013,22:41:48,0.00,4.59,84.50,961.17,290
4/26/2013 22:42:03,4/26/2013,22:42:03,0.00,4.57,84.40,961.16,297
4/26/2013 22:42:18,4/26/2013,22:42:18,0.00,4.57,84.69,961.16,297
4/26/2013 22:42:33,4/26/2013,22:42:33,0.00,4.57,85.80,961.17,295
4/26/2013 22:42:48,4/26/2013,22:42:48,0.00,4.59,85.69,961.16,279
4/26/2013 22:43:03,4/26/2013,22:43:03,0.00,4.57,85.59,961.17,302
4/26/2013 22:43:18,4/26/2013,22:43:18,0.00,4.59,84.80,961.19,301
4/26/2013 22:43:33,4/26/2013,22:43:33,0.00,4.52,85.00,961.19,303
4/26/2013 22:43:48,4/26/2013,22:43:48,0.00,4.52,85.19,961.19,309
4/26/2013 22:44:03,4/26/2013,22:44:03,0.00,4.59,84.09,961.18,303
4/26/2013 22:44:18,4/26/2013,22:44:18,0.00,4.59,83.80,961.19,315
4/26/2013 22:44:33,4/26/2013,22:44:33,0.00,4.59,84.00,961.19,296
4/26/2013 22:44:48,4/26/2013,22:44:48,0.00,4.59,83.50,961.19,294
4/26/2013 22:45:03,4/26/2013,22:45:03,0.00,4.59,85.00,961.20,303
4/26/2013 22:45:18,4/26/2013,22:45:18,0.00,4.59,84.59,961.20,281
4/26/2013 22:45:33,4/26/2013,22:45:33,0.00,4.57,84.50,961.20,283
4/26/2013 22:45:48,4/26/2013,22:45:48,0.00,4.52,84.40,961.21,286
4/26/2013 22:46:03,4/26/2013,22:46:03,0.00,4.59,84.09,961.23,308
4/26/2013 22:46:18,4/26/2013,22:46:18,0.00,4.59,83.69,961.25,311
4/26/2013 22:46:33,4/26/2013,22:46:33,0.00,4.57,83.40,961.25,197
4/26/2013 22:46:48,4/26/2013,22:46:48,0.00,4.59,83.59,961.24,302
4/26/2013 22:47:03,4/26/2013,22:47:03,0.38,4.69,82.59,961.19,351
4/26/2013 22:47:18,4/26/2013,22:47:18,0.18,4.65,82.00,961.19,319
4/26/2013 22:47:33,4/26/2013,22:47:33,0.00,4.69,83.40,961.21,274
4/26/2013 22:47:48,4/26/2013,22:47:48,0.00,4.65,83.90,961.20,310
4/26/2013 22:48:03,4/26/2013,22:48:03,0.41,4.77,82.50,961.20,285
4/26/2013 22:48:18,4/26/2013,22:48:18,1.58,4.84,81.80,961.15,308
4/26/2013 22:48:33,4/26/2013,22:48:33,1.04,4.90,80.50,961.15,306
4/26/2013 22:48:48,4/26/2013,22:48:48,0.19,4.80,80.40,961.18,250
4/26/2013 22:49:03,4/26/2013,22:49:03,0.40,4.80,80.50,961.16,348
4/26/2013 22:49:18,4/26/2013,22:49:18,0.00,4.77,81.19,961.18,260
4/26/2013 22:49:33,4/26/2013,22:49:33,0.00,4.84,82.30,961.19,261
4/26/2013 22:49:48,4/26/2013,22:49:48,0.00,4.77,81.30,961.18,312
4/26/2013 22:50:03,4/26/2013,22:50:03,0.00,4.84,82.09,961.18,313
4/26/2013 22:50:18,4/26/2013,22:50:18,0.54,4.92,80.69,961.16,353
4/26/2013 22:50:33,4/26/2013,22:50:33,0.08,4.90,80.19,961.18,308
4/26/2013 22:50:48,4/26/2013,22:50:48,0.00,4.84,80.40,961.18,276
4/26/2013 22:51:03,4/26/2013,22:51:03,0.00,4.84,80.59,961.20,294
4/26/2013 22:51:18,4/26/2013,22:51:18,0.00,4.80,80.50,961.21,312
4/26/2013 22:51:33,4/26/2013,22:51:33,0.00,4.77,80.80,961.19,227
4/26/2013 22:51:48,4/26/2013,22:51:48,0.49,4.84,80.59,961.17,236
4/26/2013 22:52:03,4/26/2013,22:52:03,0.34,4.90,81.40,961.16,250
4/26/2013 22:52:18,4/26/2013,22:52:18,0.47,4.92,79.90,961.15,330
4/26/2013 22:52:33,4/26/2013,22:52:33,0.00,4.77,79.80,961.18,246
4/26/2013 22:52:48,4/26/2013,22:52:48,0.00,4.77,80.30,961.16,200
4/26/2013 22:53:03,4/26/2013,22:53:03,0.00,4.77,80.30,961.16,357
4/26/2013 22:53:18,4/26/2013,22:53:18,0.00,4.80,80.19,961.17,307
4/26/2013 22:53:33,4/26/2013,22:53:33,0.00,4.80,80.19,961.17,316
4/26/2013 22:53:48,4/26/2013,22:53:48,0.00,4.80,80.50,961.16,307
4/26/2013 22:54:03,4/26/2013,22:54:03,0.00,4.84,80.90,961.16,310
4/26/2013 22:54:18,4/26/2013,22:54:18,0.00,4.77,80.59,961.16,289
4/26/2013 22:54:33,4/26/2013,22:54:33,0.00,4.84,81.50,961.17,319
4/26/2013 22:54:48,4/26/2013,22:54:48,0.88,4.92,80.30,961.13,322
4/26/2013 22:55:03,4/26/2013,22:55:03,0.09,4.77,79.59,961.13,167
4/26/2013 22:55:18,4/26/2013,22:55:18,0.00,4.77,79.90,961.15,330
4/26/2013 22:55:33,4/26/2013,22:55:33,0.00,4.84,79.30,961.15,270
4/26/2013 22:55:48,4/26/2013,22:55:48,0.00,4.77,80.90,961.13,316
4/26/2013 22:56:03,4/26/2013,22:56:03,0.00,4.77,81.09,961.15,266
4/26/2013 22:56:18,4/26/2013,22:56:18,0.66,4.92,79.19,961.10,352
4/26/2013 22:56:33,4/26/2013,22:56:33,0.61,4.92,78.50,961.10,358
4/26/2013 22:56:48,4/26/2013,22:56:48,1.18,5.00,78.50,961.08,297
4/26/2013 22:57:03,4/26/2013,22:57:03,0.30,4.92,79.00,961.12,315
4/26/2013 22:57:18,4/26/2013,22:57:18,0.72,5.00,78.30,961.09,355
4/26/2013 22:57:33,4/26/2013,22:57:33,0.12,4.84,78.00,961.11,338
4/26/2013 22:57:48,4/26/2013,22:57:48,0.00,4.90,78.80,961.13,340
4/26/2013 22:58:03,4/26/2013,22:58:03,0.00,4.80,79.00,961.13,151
4/26/2013 22:58:18,4/26/2013,22:58:18,0.00,4.77,79.00,961.12,152
4/26/2013 22:58:33,4/26/2013,22:58:33,0.00,4.90,79.09,961.12,230
4/26/2013 22:58:48,4/26/2013,22:58:48,0.72,5.05,78.59,961.08,295
4/26/2013 22:59:03,4/26/2013,22:59:03,0.91,5.00,78.40,961.05,357
4/26/2013 22:59:18,4/26/2013,22:59:18,1.29,5.00,78.09,961.03,310
4/26/2013 22:59:33,4/26/2013,22:59:33,0.55,4.92,79.59,961.04,185
4/26/2013 22:59:48,4/26/2013,22:59:48,0.00,4.84,80.40,961.09,297
4/26/2013 23:00:03,4/26/2013,23:00:03,0.00,4.84,79.69,961.10,281
4/26/2013 23:00:18,4/26/2013,23:00:18,0.00,4.84,79.59,961.10,307
4/26/2013 23:00:33,4/26/2013,23:00:33,0.00,4.84,80.00,961.10,305
4/26/2013 23:00:48,4/26/2013,23:00:48,0.00,4.84,79.59,961.10,291
4/26/2013 23:01:03,4/26/2013,23:01:03,0.00,4.84,78.90,961.11,201
4/26/2013 23:01:18,4/26/2013,23:01:18,0.00,4.84,79.59,961.10,165
4/26/2013 23:01:33,4/26/2013,23:01:33,0.00,4.77,80.59,961.10,289
4/26/2013 23:01:48,4/26/2013,23:01:48,0.00,4.72,80.30,961.09,295
4/26/2013 23:02:03,4/26/2013,23:02:03,0.00,4.77,80.90,961.08,184
4/26/2013 23:02:18,4/26/2013,23:02:18,0.00,4.77,80.59,961.09,202
4/26/2013 23:02:33,4/26/2013,23:02:33,0.00,4.77,80.59,961.09,329
4/26/2013 23:02:48,4/26/2013,23:02:48,0.00,4.77,79.50,961.08,263
4/26/2013 23:03:03,4/26/2013,23:03:03,0.00,4.84,79.69,961.08,320
4/26/2013 23:03:18,4/26/2013,23:03:18,0.00,4.80,78.69,961.07,313
4/26/2013 23:03:33,4/26/2013,23:03:33,0.00,4.84,79.09,961.07,296
4/26/2013 23:03:48,4/26/2013,23:03:48,0.00,4.77,80.40,961.07,280
4/26/2013 23:04:03,4/26/2013,23:04:03,0.00,4.80,81.00,961.07,275
4/26/2013 23:04:18,4/26/2013,23:04:18,0.00,4.72,81.19,961.05,208
4/26/2013 23:04:33,4/26/2013,23:04:33,0.00,4.69,80.00,961.07,258
4/26/2013 23:04:48,4/26/2013,23:04:48,0.00,4.80,79.80,961.07,288
4/26/2013 23:05:03,4/26/2013,23:05:03,0.00,4.77,79.40,961.07,275
4/26/2013 23:05:18,4/26/2013,23:05:18,0.00,4.69,80.40,961.05,224
4/26/2013 23:05:33,4/26/2013,23:05:33,0.00,4.69,80.69,961.05,243
4/26/2013 23:05:48,4/26/2013,23:05:48,0.00,4.69,80.90,961.05,313
4/26/2013 23:06:03,4/26/2013,23:06:03,0.00,4.69,81.59,961.04,297
4/26/2013 23:06:18,4/26/2013,23:06:18,0.00,4.69,81.50,961.04,300
4/26/2013 23:06:33,4/26/2013,23:06:33,0.00,4.72,80.09,961.03,287
4/26/2013 23:06:48,4/26/2013,23:06:48,0.00,4.69,79.69,961.02,232
4/26/2013 23:07:03,4/26/2013,23:07:03,0.00,4.65,80.69,961.02,251
4/26/2013 23:07:18,4/26/2013,23:07:18,0.00,4.59,80.50,961.03,180
4/26/2013 23:07:33,4/26/2013,23:07:33,0.00,4.59,80.30,961.03,229
4/26/2013 23:07:48,4/26/2013,23:07:48,0.00,4.59,80.09,961.04,246
4/26/2013 23:08:03,4/26/2013,23:08:03,0.00,4.59,80.80,961.04,305
4/26/2013 23:08:18,4/26/2013,23:08:18,0.00,4.59,80.40,961.04,286
4/26/2013 23:08:33,4/26/2013,23:08:33,0.00,4.59,81.59,961.04,296
4/26/2013 23:08:48,4/26/2013,23:08:48,0.00,4.57,82.59,961.05,244
4/26/2013 23:09:03,4/26/2013,23:09:03,0.00,4.57,82.80,961.08,212
4/26/2013 23:09:18,4/26/2013,23:09:18,0.00,4.57,80.59,961.07,198
4/26/2013 23:09:33,4/26/2013,23:09:33,0.00,4.59,79.80,961.04,217
4/26/2013 23:09:48,4/26/2013,23:09:48,0.00,4.52,79.80,961.04,200
4/26/2013 23:10:03,4/26/2013,23:10:03,0.00,4.44,80.40,961.04,157
4/26/2013 23:10:18,4/26/2013,23:10:18,0.00,4.44,80.90,961.04,220
4/26/2013 23:10:33,4/26/2013,23:10:33,0.00,4.52,81.30,961.05,300
4/26/2013 23:10:48,4/26/2013,23:10:48,0.00,4.50,80.69,961.05,310
4/26/2013 23:11:03,4/26/2013,23:11:03,0.00,4.44,80.50,961.04,191
4/26/2013 23:11:18,4/26/2013,23:11:18,0.00,4.50,80.59,961.02,181
4/26/2013 23:11:33,4/26/2013,23:11:33,0.00,4.44,80.40,961.02,354
4/26/2013 23:11:48,4/26/2013,23:11:48,0.00,4.44,81.90,961.02,292
4/26/2013 23:12:03,4/26/2013,23:12:03,0.00,4.37,83.40,961.02,295
4/26/2013 23:12:18,4/26/2013,23:12:18,0.00,4.42,83.69,961.03,291
4/26/2013 23:12:33,4/26/2013,23:12:33,0.00,4.42,83.90,961.03,278
4/26/2013 23:12:48,4/26/2013,23:12:48,0.00,4.32,83.69,961.03,274
4/26/2013 23:13:03,4/26/2013,23:13:03,0.00,4.30,82.69,961.03,265
4/26/2013 23:13:18,4/26/2013,23:13:18,0.00,4.30,81.90,961.03,313
4/26/2013 23:13:33,4/26/2013,23:13:33,0.00,4.30,82.50,961.04,302
4/26/2013 23:13:48,4/26/2013,23:13:48,0.00,4.30,82.59,961.07,301
4/26/2013 23:14:03,4/26/2013,23:14:03,0.00,4.30,83.69,961.07,276
4/26/2013 23:14:18,4/26/2013,23:14:18,0.00,4.22,84.50,961.08,233
4/26/2013 23:14:33,4/26/2013,23:14:33,0.00,4.17,84.40,961.07,232
4/26/2013 23:14:48,4/26/2013,23:14:48,0.00,4.12,84.09,961.07,308
4/26/2013 23:15:03,4/26/2013,23:15:03,0.00,4.12,83.90,961.07,250
4/26/2013 23:15:18,4/26/2013,23:15:18,0.00,4.09,83.69,961.07,249
4/26/2013 23:15:33,4/26/2013,23:15:33,0.00,4.05,84.19,961.04,247
4/26/2013 23:15:48,4/26/2013,23:15:48,0.00,4.05,84.09,961.05,272
4/26/2013 23:16:03,4/26/2013,23:16:03,0.00,4.05,83.19,961.05,237
4/26/2013 23:16:18,4/26/2013,23:16:18,0.00,4.05,83.00,961.04,302
4/26/2013 23:16:33,4/26/2013,23:16:33,0.00,4.05,84.59,961.04,274
4/26/2013 23:16:48,4/26/2013,23:16:48,0.00,4.02,85.30,961.07,274
4/26/2013 23:17:03,4/26/2013,23:17:03,0.00,3.97,84.90,961.08,324
4/26/2013 23:17:18,4/26/2013,23:17:18,0.00,3.97,85.30,961.07,315
4/26/2013 23:17:33,4/26/2013,23:17:33,0.00,3.97,85.19,961.07,236
4/26/2013 23:17:48,4/26/2013,23:17:48,0.00,3.97,84.00,961.08,234
4/26/2013 23:18:03,4/26/2013,23:18:03,0.00,3.95,83.40,961.08,234
4/26/2013 23:18:18,4/26/2013,23:18:18,0.00,3.97,82.90,961.08,176
4/26/2013 23:18:33,4/26/2013,23:18:33,0.00,3.95,82.50,961.07,205
4/26/2013 23:18:48,4/26/2013,23:18:48,0.00,3.95,82.50,961.08,206
4/26/2013 23:19:03,4/26/2013,23:19:03,0.00,3.90,82.80,961.07,212
4/26/2013 23:19:18,4/26/2013,23:19:18,0.00,3.90,83.19,961.07,219
4/26/2013 23:19:33,4/26/2013,23:19:33,0.00,3.90,83.19,961.08,219
4/26/2013 23:19:48,4/26/2013,23:19:48,0.00,3.90,83.00,961.08,219
4/26/2013 23:20:03,4/26/2013,23:20:03,0.00,3.82,82.80,961.07,232
4/26/2013 23:20:18,4/26/2013,23:20:18,0.00,3.82,83.09,961.07,240
4/26/2013 23:20:33,4/26/2013,23:20:33,0.00,3.82,83.50,961.08,244
4/26/2013 23:20:48,4/26/2013,23:20:48,0.00,3.77,83.90,961.07,289
4/26/2013 23:21:03,4/26/2013,23:21:03,0.00,3.75,84.19,961.05,289
4/26/2013 23:21:18,4/26/2013,23:21:18,0.00,3.75,84.80,961.08,290
4/26/2013 23:21:33,4/26/2013,23:21:33,0.00,3.70,85.19,961.07,205
4/26/2013 23:21:48,4/26/2013,23:21:48,0.00,3.65,85.19,961.09,205
4/26/2013 23:22:03,4/26/2013,23:22:03,0.00,3.70,85.09,961.08,192
4/26/2013 23:22:18,4/26/2013,23:22:18,0.00,3.65,84.90,961.08,198
4/26/2013 23:22:33,4/26/2013,23:22:33,0.00,3.65,84.30,961.08,261
4/26/2013 23:22:48,4/26/2013,23:22:48,0.00,3.65,84.40,961.09,270
4/26/2013 23:23:03,4/26/2013,23:23:03,0.00,3.62,84.80,961.09,249
4/26/2013 23:23:18,4/26/2013,23:23:18,0.00,3.57,85.09,961.10,241
4/26/2013 23:23:33,4/26/2013,23:23:33,0.00,3.62,85.00,961.09,236
4/26/2013 23:23:48,4/26/2013,23:23:48,0.00,3.57,84.19,961.10,231
4/26/2013 23:24:03,4/26/2013,23:24:03,0.00,3.57,84.09,961.10,237
4/26/2013 23:24:18,4/26/2013,23:24:18,0.00,3.57,84.50,961.10,234
4/26/2013 23:24:33,4/26/2013,23:24:33,0.00,3.57,84.50,961.10,231
4/26/2013 23:24:48,4/26/2013,23:24:48,0.00,3.50,84.09,961.09,254
4/26/2013 23:25:03,4/26/2013,23:25:03,0.00,3.54,84.09,961.10,293
4/26/2013 23:25:18,4/26/2013,23:25:18,0.00,3.57,84.90,961.10,290
4/26/2013 23:25:33,4/26/2013,23:25:33,0.00,3.50,85.69,961.10,288
4/26/2013 23:25:48,4/26/2013,23:25:48,0.00,3.50,86.09,961.12,287
4/26/2013 23:26:03,4/26/2013,23:26:03,0.00,3.47,86.19,961.11,287
4/26/2013 23:26:18,4/26/2013,23:26:18,0.00,3.42,86.19,961.11,282
4/26/2013 23:26:33,4/26/2013,23:26:33,0.00,3.42,86.09,961.11,283
4/26/2013 23:26:48,4/26/2013,23:26:48,0.00,3.42,86.00,961.13,242
4/26/2013 23:27:03,4/26/2013,23:27:03,0.00,3.50,85.19,961.12,175
4/26/2013 23:27:18,4/26/2013,23:27:18,0.00,3.50,84.40,961.11,220
4/26/2013 23:27:33,4/26/2013,23:27:33,0.00,3.47,84.30,961.12,230
4/26/2013 23:27:48,4/26/2013,23:27:48,0.00,3.57,84.80,961.12,293
4/26/2013 23:28:03,4/26/2013,23:28:03,0.00,3.57,84.90,961.11,306
4/26/2013 23:28:18,4/26/2013,23:28:18,0.00,3.57,85.00,961.11,297
4/26/2013 23:28:33,4/26/2013,23:28:33,0.00,3.57,85.59,961.11,278
4/26/2013 23:28:48,4/26/2013,23:28:48,0.00,3.50,86.50,961.10,290
4/26/2013 23:29:03,4/26/2013,23:29:03,0.00,3.50,86.80,961.09,305
4/26/2013 23:29:18,4/26/2013,23:29:18,0.00,3.50,87.00,961.09,337
4/26/2013 23:29:33,4/26/2013,23:29:33,0.00,3.50,86.59,961.10,326
4/26/2013 23:29:48,4/26/2013,23:29:48,0.00,3.62,85.30,961.08,287
4/26/2013 23:30:03,4/26/2013,23:30:03,0.00,3.57,85.59,961.08,254
4/26/2013 23:30:18,4/26/2013,23:30:18,0.00,3.54,85.80,961.08,179
4/26/2013 23:30:33,4/26/2013,23:30:33,0.00,3.50,85.50,961.08,179
4/26/2013 23:30:48,4/26/2013,23:30:48,0.00,3.47,85.90,961.08,162
4/26/2013 23:31:03,4/26/2013,23:31:03,0.00,3.50,86.09,961.08,295
4/26/2013 23:31:18,4/26/2013,23:31:18,0.00,3.50,85.69,961.08,285
4/26/2013 23:31:33,4/26/2013,23:31:33,0.00,3.65,85.09,961.07,33
4/26/2013 23:31:48,4/26/2013,23:31:48,0.41,3.70,84.59,961.04,313
4/26/2013 23:32:03,4/26/2013,23:32:03,0.91,3.75,83.50,961.02,328
4/26/2013 23:32:18,4/26/2013,23:32:18,1.08,3.75,83.00,961.00,319
4/26/2013 23:32:33,4/26/2013,23:32:33,0.31,3.65,84.19,961.04,290
4/26/2013 23:32:48,4/26/2013,23:32:48,0.00,3.62,84.50,961.08,275
4/26/2013 23:33:03,4/26/2013,23:33:03,0.00,3.65,85.30,961.08,194
4/26/2013 23:33:18,4/26/2013,23:33:18,0.00,3.57,85.19,961.08,335
4/26/2013 23:33:33,4/26/2013,23:33:33,0.00,3.65,85.30,961.08,231
4/26/2013 23:33:48,4/26/2013,23:33:48,0.00,3.65,84.90,961.08,286
4/26/2013 23:34:03,4/26/2013,23:34:03,0.00,3.65,84.09,961.09,162
4/26/2013 23:34:18,4/26/2013,23:34:18,0.66,3.84,83.00,961.04,309
4/26/2013 23:34:33,4/26/2013,23:34:33,0.65,3.97,82.30,961.04,268
4/26/2013 23:34:48,4/26/2013,23:34:48,0.13,3.90,82.59,961.07,297
4/26/2013 23:35:03,4/26/2013,23:35:03,0.00,4.02,82.09,961.08,308
4/26/2013 23:35:18,4/26/2013,23:35:18,0.00,3.97,82.19,961.08,302
4/26/2013 23:35:33,4/26/2013,23:35:33,0.00,4.02,81.80,961.10,318
4/26/2013 23:35:48,4/26/2013,23:35:48,1.47,4.25,80.59,961.07,299
4/26/2013 23:36:03,4/26/2013,23:36:03,0.19,4.12,80.40,961.08,250
4/26/2013 23:36:18,4/26/2013,23:36:18,0.45,4.12,81.80,961.08,304
4/26/2013 23:36:33,4/26/2013,23:36:33,0.00,4.02,82.00,961.10,238
4/26/2013 23:36:48,4/26/2013,23:36:48,0.00,4.02,81.59,961.10,325
4/26/2013 23:37:03,4/26/2013,23:37:03,0.00,3.95,82.09,961.11,225
4/26/2013 23:37:18,4/26/2013,23:37:18,0.00,3.97,82.19,961.11,342
4/26/2013 23:37:33,4/26/2013,23:37:33,0.00,4.05,82.40,961.11,210
4/26/2013 23:37:48,4/26/2013,23:37:48,0.05,4.05,82.69,961.11,28
4/26/2013 23:38:03,4/26/2013,23:38:03,0.19,4.05,81.80,961.09,213
4/26/2013 23:38:18,4/26/2013,23:38:18,0.00,4.02,82.09,961.10,225
4/26/2013 23:38:33,4/26/2013,23:38:33,0.00,4.02,82.40,961.10,300
4/26/2013 23:38:48,4/26/2013,23:38:48,0.61,4.22,82.00,961.07,334
4/26/2013 23:39:03,4/26/2013,23:39:03,0.69,4.22,80.90,961.03,275
4/26/2013 23:39:18,4/26/2013,23:39:18,1.51,4.37,80.00,961.00,313
4/26/2013 23:39:33,4/26/2013,23:39:33,0.52,4.30,79.80,961.04,271
4/26/2013 23:39:48,4/26/2013,23:39:48,0.00,4.12,80.30,961.07,68
4/26/2013 23:40:03,4/26/2013,23:40:03,0.00,4.12,81.09,961.08,329
4/26/2013 23:40:18,4/26/2013,23:40:18,0.70,4.17,82.19,961.08,341
4/26/2013 23:40:33,4/26/2013,23:40:33,0.22,4.17,81.50,961.07,237
4/26/2013 23:40:48,4/26/2013,23:40:48,0.00,4.12,81.09,961.07,342
4/26/2013 23:41:03,4/26/2013,23:41:03,0.62,4.32,81.00,961.03,231
4/26/2013 23:41:18,4/26/2013,23:41:18,0.36,4.22,81.09,961.04,176
4/26/2013 23:41:33,4/26/2013,23:41:33,1.20,4.44,80.40,961.02,338
4/26/2013 23:41:48,4/26/2013,23:41:48,0.72,4.32,80.19,961.02,309
4/26/2013 23:42:03,4/26/2013,23:42:03,0.24,4.30,80.59,961.02,248
4/26/2013 23:42:18,4/26/2013,23:42:18,0.00,4.30,80.59,961.04,191
4/26/2013 23:42:33,4/26/2013,23:42:33,0.00,4.22,81.00,961.07,347
4/26/2013 23:42:48,4/26/2013,23:42:48,0.00,4.25,82.09,961.04,218
4/26/2013 23:43:03,4/26/2013,23:43:03,0.00,4.22,82.50,961.04,329
4/26/2013 23:43:18,4/26/2013,23:43:18,0.00,4.32,81.00,961.07,294
4/26/2013 23:43:33,4/26/2013,23:43:33,0.00,4.42,80.80,961.05,270
4/26/2013 23:43:48,4/26/2013,23:43:48,0.00,4.30,81.59,961.07,179
4/26/2013 23:44:03,4/26/2013,23:44:03,0.00,4.22,82.59,961.05,357
4/26/2013 23:44:18,4/26/2013,23:44:18,0.95,4.44,81.30,961.03,305
4/26/2013 23:44:33,4/26/2013,23:44:33,0.81,4.44,79.30,961.01,300
4/26/2013 23:44:48,4/26/2013,23:44:48,0.00,4.44,80.40,961.02,269
4/26/2013 23:45:03,4/26/2013,23:45:03,0.00,4.44,80.80,961.04,289
4/26/2013 23:45:18,4/26/2013,23:45:18,0.00,4.37,80.50,961.04,278
4/26/2013 23:45:33,4/26/2013,23:45:33,0.36,4.44,81.30,961.03,267
4/26/2013 23:45:48,4/26/2013,23:45:48,0.00,4.44,80.59,961.03,216
4/26/2013 23:46:03,4/26/2013,23:46:03,0.00,4.44,80.50,961.04,314
4/26/2013 23:46:18,4/26/2013,23:46:18,1.97,4.69,78.69,960.98,301
4/26/2013 23:46:33,4/26/2013,23:46:33,0.29,4.52,78.80,961.01,279
4/26/2013 23:46:48,4/26/2013,23:46:48,0.00,4.50,80.19,961.03,288
4/26/2013 23:47:03,4/26/2013,23:47:03,0.00,4.44,79.50,961.03,278
4/26/2013 23:47:18,4/26/2013,23:47:18,0.00,4.44,79.90,961.03,231
4/26/2013 23:47:33,4/26/2013,23:47:33,0.00,4.37,81.00,961.05,302
4/26/2013 23:47:48,4/26/2013,23:47:48,0.00,4.37,81.80,961.05,244
4/26/2013 23:48:03,4/26/2013,23:48:03,0.00,4.30,81.59,961.05,258
4/26/2013 23:48:18,4/26/2013,23:48:18,0.00,4.37,82.19,961.07,216
4/26/2013 23:48:33,4/26/2013,23:48:33,0.00,4.37,81.80,961.07,231
4/26/2013 23:48:48,4/26/2013,23:48:48,0.69,4.52,80.50,961.02,312
4/26/2013 23:49:03,4/26/2013,23:49:03,0.47,4.44,79.90,961.03,313
4/26/2013 23:49:18,4/26/2013,23:49:18,0.00,4.44,80.00,961.05,265
4/26/2013 23:49:33,4/26/2013,23:49:33,0.00,4.37,81.80,961.07,13
4/26/2013 23:49:48,4/26/2013,23:49:48,0.00,4.30,82.19,961.07,336
4/26/2013 23:50:03,4/26/2013,23:50:03,0.00,4.30,82.69,961.09,308
4/26/2013 23:50:18,4/26/2013,23:50:18,0.00,4.25,83.00,961.08,312
4/26/2013 23:50:33,4/26/2013,23:50:33,0.00,4.22,83.19,961.09,251
4/26/2013 23:50:48,4/26/2013,23:50:48,0.00,4.22,83.90,961.10,254
4/26/2013 23:51:03,4/26/2013,23:51:03,0.00,4.25,83.40,961.10,294
4/26/2013 23:51:18,4/26/2013,23:51:18,0.00,4.25,82.09,961.10,276
4/26/2013 23:51:33,4/26/2013,23:51:33,0.00,4.22,82.19,961.11,315
4/26/2013 23:51:48,4/26/2013,23:51:48,0.00,4.17,82.90,961.10,300
4/26/2013 23:52:03,4/26/2013,23:52:03,0.00,4.22,82.40,961.10,316
4/26/2013 23:52:18,4/26/2013,23:52:18,0.00,4.25,81.30,961.09,226
4/26/2013 23:52:33,4/26/2013,23:52:33,0.00,4.22,82.09,961.10,247
4/26/2013 23:52:48,4/26/2013,23:52:48,0.00,4.12,83.69,961.09,193
4/26/2013 23:53:03,4/26/2013,23:53:03,0.00,4.12,82.59,961.11,232
4/26/2013 23:53:18,4/26/2013,23:53:18,0.00,4.12,82.09,961.11,231
4/26/2013 23:53:33,4/26/2013,23:53:33,0.00,4.05,82.59,961.10,273
4/26/2013 23:53:48,4/26/2013,23:53:48,0.00,4.05,83.09,961.11,300
4/26/2013 23:54:03,4/26/2013,23:54:03,0.00,4.02,83.09,961.09,213
4/26/2013 23:54:18,4/26/2013,23:54:18,0.00,4.05,82.69,961.07,205
4/26/2013 23:54:33,4/26/2013,23:54:33,0.00,4.02,81.90,961.07,306
4/26/2013 23:54:48,4/26/2013,23:54:48,0.00,4.02,82.40,961.09,201
4/26/2013 23:55:03,4/26/2013,23:55:03,0.00,3.97,81.90,961.09,237
4/26/2013 23:55:18,4/26/2013,23:55:18,0.00,3.97,81.69,961.10,233
4/26/2013 23:55:33,4/26/2013,23:55:33,0.00,3.95,81.59,961.10,286
4/26/2013 23:55:48,4/26/2013,23:55:48,0.00,3.97,82.40,961.10,256
4/26/2013 23:56:03,4/26/2013,23:56:03,0.00,3.90,82.00,961.11,254
4/26/2013 23:56:18,4/26/2013,23:56:18,0.00,3.90,81.69,961.12,311
4/26/2013 23:56:33,4/26/2013,23:56:33,0.00,3.90,83.00,961.11,296
4/26/2013 23:56:48,4/26/2013,23:56:48,0.00,3.90,83.19,961.10,188
4/26/2013 23:57:03,4/26/2013,23:57:03,0.00,3.90,82.69,961.11,192
4/26/2013 23:57:18,4/26/2013,23:57:18,0.00,3.82,82.50,961.11,256
4/26/2013 23:57:33,4/26/2013,23:57:33,0.00,3.82,82.90,961.10,316
4/26/2013 23:57:48,4/26/2013,23:57:48,0.00,3.77,83.30,961.09,315
4/26/2013 23:58:03,4/26/2013,23:58:03,0.00,3.75,83.59,961.08,240
4/26/2013 23:58:18,4/26/2013,23:58:18,0.00,3.75,83.09,961.08,325
4/26/2013 23:58:33,4/26/2013,23:58:33,0.00,3.82,83.90,961.08,271
4/26/2013 23:58:48,4/26/2013,23:58:48,0.00,3.77,84.40,961.07,234
4/26/2013 23:59:03,4/26/2013,23:59:03,0.00,3.75,84.80,961.08,216
4/26/2013 23:59:18,4/26/2013,23:59:18,0.00,3.75,84.09,961.05,213
4/26/2013 23:59:33,4/26/2013,23:59:33,0.00,3.82,82.90,961.05,196
4/26/2013 23:59:48,4/26/2013,23:59:48,0.00,3.77,82.19,961.05,256
4/27/2013 00:00:03,4/27/2013,00:00:03,0.00,3.75,83.00,961.04,208
4/27/2013 00:00:18,4/27/2013,00:00:18,0.00,3.75,82.69,961.04,198
4/27/2013 00:00:33,4/27/2013,00:00:33,0.00,3.75,82.09,961.02,293
4/27/2013 00:00:48,4/27/2013,00:00:48,0.00,3.75,82.09,961.07,286
4/27/2013 00:01:03,4/27/2013,00:01:03,0.00,3.70,83.19,961.07,286
4/27/2013 00:01:18,4/27/2013,00:01:18,0.00,3.65,83.80,961.05,279
4/27/2013 00:01:33,4/27/2013,00:01:33,0.00,3.62,83.69,961.05,279
4/27/2013 00:01:48,4/27/2013,00:01:48,0.00,3.57,83.40,961.08,279
4/27/2013 00:02:03,4/27/2013,00:02:03,0.00,3.57,83.40,961.07,278
4/27/2013 00:02:18,4/27/2013,00:02:18,0.00,3.62,84.19,961.04,300
4/27/2013 00:02:33,4/27/2013,00:02:33,0.00,3.57,84.59,961.04,179
4/27/2013 00:02:48,4/27/2013,00:02:48,0.00,3.57,84.30,961.04,202
4/27/2013 00:03:03,4/27/2013,00:03:03,0.00,3.57,83.59,961.04,214
4/27/2013 00:03:18,4/27/2013,00:03:18,0.00,3.54,83.30,961.04,291
4/27/2013 00:03:33,4/27/2013,00:03:33,0.00,3.54,84.09,961.03,270
4/27/2013 00:03:48,4/27/2013,00:03:48,0.00,3.50,84.69,961.04,278
4/27/2013 00:04:03,4/27/2013,00:04:03,0.00,3.57,85.40,961.04,272
4/27/2013 00:04:18,4/27/2013,00:04:18,0.00,3.54,85.90,961.05,241
4/27/2013 00:04:33,4/27/2013,00:04:33,0.00,3.50,85.69,961.05,188
4/27/2013 00:04:48,4/27/2013,00:04:48,0.00,3.50,84.90,961.04,288
4/27/2013 00:05:03,4/27/2013,00:05:03,0.00,3.57,85.30,961.03,292
4/27/2013 00:05:18,4/27/2013,00:05:18,0.00,3.50,86.09,961.03,249
4/27/2013 00:05:33,4/27/2013,00:05:33,0.00,3.50,86.30,961.01,230
4/27/2013 00:05:48,4/27/2013,00:05:48,0.00,3.42,85.80,961.00,247
4/27/2013 00:06:03,4/27/2013,00:06:03,0.00,3.42,85.19,961.01,231
4/27/2013 00:06:18,4/27/2013,00:06:18,0.00,3.42,84.90,961.02,279
4/27/2013 00:06:33,4/27/2013,00:06:33,0.00,3.50,85.50,961.04,296
4/27/2013 00:06:48,4/27/2013,00:06:48,0.00,3.50,85.09,961.07,205
4/27/2013 00:07:03,4/27/2013,00:07:03,0.00,3.50,84.19,961.04,243
4/27/2013 00:07:18,4/27/2013,00:07:18,0.00,3.50,83.80,961.03,327
4/27/2013 00:07:33,4/27/2013,00:07:33,0.00,3.50,84.50,961.04,298
4/27/2013 00:07:48,4/27/2013,00:07:48,0.00,3.42,85.40,961.04,252
4/27/2013 00:08:03,4/27/2013,00:08:03,0.00,3.42,85.59,961.07,295
4/27/2013 00:08:18,4/27/2013,00:08:18,0.00,3.50,85.59,961.07,279
4/27/2013 00:08:33,4/27/2013,00:08:33,0.00,3.42,86.30,961.07,267
4/27/2013 00:08:48,4/27/2013,00:08:48,0.00,3.47,86.59,961.08,282
4/27/2013 00:09:03,4/27/2013,00:09:03,0.00,3.50,86.19,961.07,298
4/27/2013 00:09:18,4/27/2013,00:09:18,0.00,3.54,85.40,961.05,297
4/27/2013 00:09:33,4/27/2013,00:09:33,0.00,3.50,85.80,961.07,253
4/27/2013 00:09:48,4/27/2013,00:09:48,0.00,3.42,86.09,961.07,255
4/27/2013 00:10:03,4/27/2013,00:10:03,0.00,3.57,86.19,961.05,290
4/27/2013 00:10:18,4/27/2013,00:10:18,0.00,3.54,85.69,961.07,281
4/27/2013 00:10:33,4/27/2013,00:10:33,0.00,3.57,85.40,961.03,230
4/27/2013 00:10:48,4/27/2013,00:10:48,0.00,3.62,86.09,961.01,273
4/27/2013 00:11:03,4/27/2013,00:11:03,0.00,3.50,86.59,961.00,255
4/27/2013 00:11:18,4/27/2013,00:11:18,0.00,3.42,86.50,961.01,256
4/27/2013 00:11:33,4/27/2013,00:11:33,0.00,3.42,86.09,961.02,256
4/27/2013 00:11:48,4/27/2013,00:11:48,0.00,3.42,85.50,961.04,218
4/27/2013 00:12:03,4/27/2013,00:12:03,0.00,3.42,84.90,961.07,340
4/27/2013 00:12:18,4/27/2013,00:12:18,0.00,3.50,85.50,961.07,279
4/27/2013 00:12:33,4/27/2013,00:12:33,0.00,3.54,85.80,961.07,289
4/27/2013 00:12:48,4/27/2013,00:12:48,0.00,3.50,86.00,961.07,259
4/27/2013 00:13:03,4/27/2013,00:13:03,0.00,3.54,86.19,961.04,271
4/27/2013 00:13:18,4/27/2013,00:13:18,0.00,3.42,86.59,961.04,255
4/27/2013 00:13:33,4/27/2013,00:13:33,0.00,3.42,86.50,961.04,217
4/27/2013 00:13:48,4/27/2013,00:13:48,0.00,3.42,85.80,961.05,231
4/27/2013 00:14:03,4/27/2013,00:14:03,0.00,3.34,85.59,961.05,231
4/27/2013 00:14:18,4/27/2013,00:14:18,0.00,3.34,85.40,961.05,264
4/27/2013 00:14:33,4/27/2013,00:14:33,0.00,3.29,85.30,961.07,290
4/27/2013 00:14:48,4/27/2013,00:14:48,0.00,3.27,85.40,961.08,290
4/27/2013 00:15:03,4/27/2013,00:15:03,0.00,3.27,85.80,961.05,290
4/27/2013 00:15:18,4/27/2013,00:15:18,0.00,3.22,86.09,961.07,288
4/27/2013 00:15:33,4/27/2013,00:15:33,0.00,3.17,86.00,961.03,286
4/27/2013 00:15:48,4/27/2013,00:15:48,0.00,3.17,85.90,961.04,288
4/27/2013 00:16:03,4/27/2013,00:16:03,0.00,3.22,86.19,961.05,290
4/27/2013 00:16:18,4/27/2013,00:16:18,0.00,3.22,86.59,961.04,285
4/27/2013 00:16:33,4/27/2013,00:16:33,0.00,3.17,86.59,961.04,274
4/27/2013 00:16:48,4/27/2013,00:16:48,0.00,3.17,86.59,961.03,271
4/27/2013 00:17:03,4/27/2013,00:17:03,0.00,3.17,86.40,961.03,215
4/27/2013 00:17:18,4/27/2013,00:17:18,0.00,3.17,86.00,961.02,213
4/27/2013 00:17:33,4/27/2013,00:17:33,0.00,3.15,85.80,961.02,215
4/27/2013 00:17:48,4/27/2013,00:17:48,0.00,3.15,85.90,961.02,309
4/27/2013 00:18:03,4/27/2013,00:18:03,0.00,3.17,86.59,961.03,275
4/27/2013 00:18:18,4/27/2013,00:18:18,0.00,3.09,87.09,961.04,285
4/27/2013 00:18:33,4/27/2013,00:18:33,0.00,3.22,87.50,961.03,270
4/27/2013 00:18:48,4/27/2013,00:18:48,0.00,3.15,87.90,961.02,270
4/27/2013 00:19:03,4/27/2013,00:19:03,0.00,3.09,87.80,961.02,262
4/27/2013 00:19:18,4/27/2013,00:19:18,0.00,3.07,87.69,961.03,268
4/27/2013 00:19:33,4/27/2013,00:19:33,0.00,3.02,87.50,961.03,222
4/27/2013 00:19:48,4/27/2013,00:19:48,0.00,3.15,87.40,961.02,278
4/27/2013 00:20:03,4/27/2013,00:20:03,0.00,3.09,88.00,961.02,280
4/27/2013 00:20:18,4/27/2013,00:20:18,0.00,3.07,88.30,961.02,187
4/27/2013 00:20:33,4/27/2013,00:20:33,0.00,3.09,88.00,961.01,198
4/27/2013 00:20:48,4/27/2013,00:20:48,0.00,3.02,87.19,961.00,296
4/27/2013 00:21:03,4/27/2013,00:21:03,0.00,3.09,87.30,961.00,285
4/27/2013 00:21:18,4/27/2013,00:21:18,0.00,3.09,87.59,961.00,254
4/27/2013 00:21:33,4/27/2013,00:21:33,0.00,3.02,87.40,961.01,249
4/27/2013 00:21:48,4/27/2013,00:21:48,0.00,3.02,87.09,961.00,244
4/27/2013 00:22:03,4/27/2013,00:22:03,0.00,3.07,86.80,961.00,254
4/27/2013 00:22:18,4/27/2013,00:22:18,0.00,3.02,86.19,960.98,254
4/27/2013 00:22:33,4/27/2013,00:22:33,0.00,3.07,85.90,960.98,247
4/27/2013 00:22:48,4/27/2013,00:22:48,0.00,3.02,85.69,960.97,228
4/27/2013 00:23:03,4/27/2013,00:23:03,0.00,3.02,85.80,960.96,223
4/27/2013 00:23:18,4/27/2013,00:23:18,0.00,3.02,85.69,960.96,267
4/27/2013 00:23:33,4/27/2013,00:23:33,0.00,3.07,85.59,960.95,226
4/27/2013 00:23:48,4/27/2013,00:23:48,0.00,3.07,85.30,960.95,254
4/27/2013 00:24:03,4/27/2013,00:24:03,0.00,3.02,85.40,960.95,252
4/27/2013 00:24:18,4/27/2013,00:24:18,0.00,3.02,85.50,960.96,240
4/27/2013 00:24:33,4/27/2013,00:24:33,0.00,3.02,85.59,960.96,280
4/27/2013 00:24:48,4/27/2013,00:24:48,0.00,3.02,86.00,960.97,279
4/27/2013 00:25:03,4/27/2013,00:25:03,0.00,2.95,86.50,960.96,278
4/27/2013 00:25:18,4/27/2013,00:25:18,0.00,2.95,86.50,960.96,229
4/27/2013 00:25:33,4/27/2013,00:25:33,0.00,3.07,85.90,960.97,224
4/27/2013 00:25:48,4/27/2013,00:25:48,0.00,2.97,85.40,960.97,278
4/27/2013 00:26:03,4/27/2013,00:26:03,0.00,2.95,85.59,960.98,308
4/27/2013 00:26:18,4/27/2013,00:26:18,0.00,2.97,86.30,960.97,318
4/27/2013 00:26:33,4/27/2013,00:26:33,0.00,2.97,86.69,960.97,311
4/27/2013 00:26:48,4/27/2013,00:26:48,0.00,3.02,86.50,960.97,314
4/27/2013 00:27:03,4/27/2013,00:27:03,0.00,3.02,86.40,960.97,281
4/27/2013 00:27:18,4/27/2013,00:27:18,0.00,2.95,86.80,960.97,255
4/27/2013 00:27:33,4/27/2013,00:27:33,0.00,2.95,87.00,960.97,254
4/27/2013 00:27:48,4/27/2013,00:27:48,0.00,2.87,86.69,960.96,254
4/27/2013 00:28:03,4/27/2013,00:28:03,0.00,2.87,86.59,960.94,254
4/27/2013 00:28:18,4/27/2013,00:28:18,0.00,2.87,86.59,960.94,256
4/27/2013 00:28:33,4/27/2013,00:28:33,0.00,2.87,86.69,960.95,318
4/27/2013 00:28:48,4/27/2013,00:28:48,0.00,2.87,87.00,960.94,301
4/27/2013 00:29:03,4/27/2013,00:29:03,0.00,2.87,87.00,960.94,301
4/27/2013 00:29:18,4/27/2013,00:29:18,0.00,2.87,87.19,960.97,302
4/27/2013 00:29:33,4/27/2013,00:29:33,0.00,2.82,87.30,960.97,308
4/27/2013 00:29:48,4/27/2013,00:29:48,0.00,2.90,87.59,960.96,299
4/27/2013 00:30:03,4/27/2013,00:30:03,0.00,2.95,87.00,960.97,297
4/27/2013 00:30:18,4/27/2013,00:30:18,0.00,2.95,86.50,960.96,299
4/27/2013 00:30:33,4/27/2013,00:30:33,0.00,2.87,86.69,960.95,288
4/27/2013 00:30:48,4/27/2013,00:30:48,0.00,2.82,87.00,960.96,279
4/27/2013 00:31:03,4/27/2013,00:31:03,0.00,2.79,87.19,960.96,276
4/27/2013 00:31:18,4/27/2013,00:31:18,0.00,2.79,87.40,960.96,278
4/27/2013 00:31:33,4/27/2013,00:31:33,0.00,2.79,87.59,960.97,294
4/27/2013 00:31:48,4/27/2013,00:31:48,0.00,2.79,87.69,960.97,271
4/27/2013 00:32:03,4/27/2013,00:32:03,0.00,2.82,88.00,960.98,254
4/27/2013 00:32:18,4/27/2013,00:32:18,0.00,2.75,88.40,960.97,255
4/27/2013 00:32:33,4/27/2013,00:32:33,0.00,2.79,88.59,960.98,301
4/27/2013 00:32:48,4/27/2013,00:32:48,0.00,2.79,88.50,961.00,293
4/27/2013 00:33:03,4/27/2013,00:33:03,0.00,2.87,88.50,960.98,295
4/27/2013 00:33:18,4/27/2013,00:33:18,0.00,2.82,88.69,960.98,288
4/27/2013 00:33:33,4/27/2013,00:33:33,0.00,2.79,88.69,960.97,259
4/27/2013 00:33:48,4/27/2013,00:33:48,0.00,2.79,88.80,960.96,217
4/27/2013 00:34:03,4/27/2013,00:34:03,0.00,2.70,88.50,960.97,243
4/27/2013 00:34:18,4/27/2013,00:34:18,0.00,2.70,88.09,961.00,253
4/27/2013 00:34:33,4/27/2013,00:34:33,0.00,2.79,88.00,961.00,265
4/27/2013 00:34:48,4/27/2013,00:34:48,0.00,2.79,88.19,961.00,278
4/27/2013 00:35:03,4/27/2013,00:35:03,0.00,2.70,88.40,961.00,275
4/27/2013 00:35:18,4/27/2013,00:35:18,0.00,2.70,88.50,961.01,224
4/27/2013 00:35:33,4/27/2013,00:35:33,0.00,2.70,88.40,961.00,278
4/27/2013 00:35:48,4/27/2013,00:35:48,0.00,2.70,88.40,961.00,216
4/27/2013 00:36:03,4/27/2013,00:36:03,0.00,2.67,88.19,961.00,219
4/27/2013 00:36:18,4/27/2013,00:36:18,0.00,2.79,88.19,961.00,281
4/27/2013 00:36:33,4/27/2013,00:36:33,0.00,2.70,88.59,961.00,280
4/27/2013 00:36:48,4/27/2013,00:36:48,0.00,2.62,88.80,961.00,246
4/27/2013 00:37:03,4/27/2013,00:37:03,0.00,2.67,88.90,960.98,240
4/27/2013 00:37:18,4/27/2013,00:37:18,0.00,2.62,89.00,960.96,235
4/27/2013 00:37:33,4/27/2013,00:37:33,0.00,2.67,88.90,960.96,226
4/27/2013 00:37:48,4/27/2013,00:37:48,0.00,2.62,88.69,960.94,228
4/27/2013 00:38:03,4/27/2013,00:38:03,0.00,2.62,88.59,960.96,228
4/27/2013 00:38:18,4/27/2013,00:38:18,0.00,2.62,88.50,960.97,237
4/27/2013 00:38:33,4/27/2013,00:38:33,0.00,2.62,88.50,960.97,244
4/27/2013 00:38:48,4/27/2013,00:38:48,0.00,2.54,88.40,960.97,248
4/27/2013 00:39:03,4/27/2013,00:39:03,0.00,2.54,88.30,960.97,255
4/27/2013 00:39:18,4/27/2013,00:39:18,0.00,2.54,88.30,960.97,271
4/27/2013 00:39:33,4/27/2013,00:39:33,0.00,2.59,88.50,960.97,309
4/27/2013 00:39:48,4/27/2013,00:39:48,0.00,2.59,88.80,960.98,230
4/27/2013 00:40:03,4/27/2013,00:40:03,0.00,2.54,88.90,961.00,223
4/27/2013 00:40:18,4/27/2013,00:40:18,0.00,2.54,88.80,961.01,226
4/27/2013 00:40:33,4/27/2013,00:40:33,0.00,2.54,88.59,961.00,230
4/27/2013 00:40:48,4/27/2013,00:40:48,0.00,2.50,88.50,960.96,230
4/27/2013 00:41:03,4/27/2013,00:41:03,0.00,2.50,88.50,960.96,229
4/27/2013 00:41:18,4/27/2013,00:41:18,0.00,2.47,88.59,960.96,229
4/27/2013 00:41:33,4/27/2013,00:41:33,0.00,2.47,88.69,960.95,230
4/27/2013 00:41:48,4/27/2013,00:41:48,0.00,2.47,88.69,960.96,229
4/27/2013 00:42:03,4/27/2013,00:42:03,0.00,2.47,88.80,960.95,235
4/27/2013 00:42:18,4/27/2013,00:42:18,0.00,2.47,88.80,960.95,258
4/27/2013 00:42:33,4/27/2013,00:42:33,0.00,2.47,88.80,960.95,242
4/27/2013 00:42:48,4/27/2013,00:42:48,0.00,2.50,88.90,960.96,243
4/27/2013 00:43:03,4/27/2013,00:43:03,0.00,2.47,88.80,960.95,246
4/27/2013 00:43:18,4/27/2013,00:43:18,0.00,2.47,88.80,960.96,271
4/27/2013 00:43:33,4/27/2013,00:43:33,0.00,2.54,89.00,960.95,287
4/27/2013 00:43:48,4/27/2013,00:43:48,0.00,2.47,89.19,960.94,286
4/27/2013 00:44:03,4/27/2013,00:44:03,0.00,2.47,89.40,960.94,282
4/27/2013 00:44:18,4/27/2013,00:44:18,0.00,2.47,89.40,960.95,262
4/27/2013 00:44:33,4/27/2013,00:44:33,0.00,2.42,89.30,960.96,262
4/27/2013 00:44:48,4/27/2013,00:44:48,0.00,2.40,89.30,960.95,263
4/27/2013 00:45:03,4/27/2013,00:45:03,0.00,2.40,89.19,960.95,263
4/27/2013 00:45:18,4/27/2013,00:45:18,0.00,2.40,89.19,960.95,255
4/27/2013 00:45:33,4/27/2013,00:45:33,0.00,2.40,89.19,960.95,257
4/27/2013 00:45:48,4/27/2013,00:45:48,0.00,2.40,89.19,960.96,255
4/27/2013 00:46:03,4/27/2013,00:46:03,0.00,2.34,89.19,960.96,255
4/27/2013 00:46:18,4/27/2013,00:46:18,0.00,2.34,89.19,960.96,246
4/27/2013 00:46:33,4/27/2013,00:46:33,0.00,2.40,89.19,960.96,246
4/27/2013 00:46:48,4/27/2013,00:46:48,0.00,2.40,89.09,960.96,243
4/27/2013 00:47:03,4/27/2013,00:47:03,0.00,2.40,88.90,960.96,243
4/27/2013 00:47:18,4/27/2013,00:47:18,0.00,2.34,88.80,960.96,243
4/27/2013 00:47:33,4/27/2013,00:47:33,0.00,2.32,88.80,960.98,244
4/27/2013 00:47:48,4/27/2013,00:47:48,0.00,2.34,88.80,961.00,247
4/27/2013 00:48:03,4/27/2013,00:48:03,0.00,2.32,88.80,961.01,247
4/27/2013 00:48:18,4/27/2013,00:48:18,0.00,2.32,88.80,960.97,247
4/27/2013 00:48:33,4/27/2013,00:48:33,0.00,2.32,88.90,960.97,247
4/27/2013 00:48:48,4/27/2013,00:48:48,0.00,2.27,89.00,960.97,270
4/27/2013 00:49:03,4/27/2013,00:49:03,0.00,2.22,89.00,960.96,270
4/27/2013 00:49:18,4/27/2013,00:49:18,0.00,2.22,89.09,961.00,260
4/27/2013 00:49:33,4/27/2013,00:49:33,0.00,2.22,89.09,961.02,264
4/27/2013 00:49:48,4/27/2013,00:49:48,0.00,2.22,89.19,961.01,264
4/27/2013 00:50:03,4/27/2013,00:50:03,0.00,2.27,89.40,961.02,264
4/27/2013 00:50:18,4/27/2013,00:50:18,0.00,2.22,89.59,961.01,264
4/27/2013 00:50:33,4/27/2013,00:50:33,0.00,2.22,89.69,961.00,264
4/27/2013 00:50:48,4/27/2013,00:50:48,0.00,2.20,89.69,961.00,261
4/27/2013 00:51:03,4/27/2013,00:51:03,0.00,2.20,89.59,960.98,260
4/27/2013 00:51:18,4/27/2013,00:51:18,0.00,2.20,89.59,960.98,260
4/27/2013 00:51:33,4/27/2013,00:51:33,0.00,2.20,89.50,960.97,259
4/27/2013 00:51:48,4/27/2013,00:51:48,0.00,2.22,89.50,960.96,255
4/27/2013 00:52:03,4/27/2013,00:52:03,0.00,2.22,89.40,960.96,256
4/27/2013 00:52:18,4/27/2013,00:52:18,0.00,2.22,89.30,960.96,255
4/27/2013 00:52:33,4/27/2013,00:52:33,0.00,2.22,89.09,960.95,255
4/27/2013 00:52:48,4/27/2013,00:52:48,0.00,2.22,89.09,960.95,255
4/27/2013 00:53:03,4/27/2013,00:53:03,0.00,2.22,89.09,960.93,255
4/27/2013 00:53:18,4/27/2013,00:53:18,0.00,2.22,89.09,960.93,237
4/27/2013 00:53:33,4/27/2013,00:53:33,0.00,2.27,89.00,960.93,229
4/27/2013 00:53:48,4/27/2013,00:53:48,0.00,2.22,88.90,960.92,229
4/27/2013 00:54:03,4/27/2013,00:54:03,0.00,2.22,88.90,960.93,258
4/27/2013 00:54:18,4/27/2013,00:54:18,0.00,2.22,88.90,960.92,240
4/27/2013 00:54:33,4/27/2013,00:54:33,0.00,2.22,88.90,960.92,239
4/27/2013 00:54:48,4/27/2013,00:54:48,0.00,2.15,89.00,960.93,250
4/27/2013 00:55:03,4/27/2013,00:55:03,0.00,2.22,89.00,960.95,249
4/27/2013 00:55:18,4/27/2013,00:55:18,0.00,2.22,89.09,960.95,233
4/27/2013 00:55:33,4/27/2013,00:55:33,0.00,2.20,89.00,960.95,235
4/27/2013 00:55:48,4/27/2013,00:55:48,0.00,2.15,89.00,960.94,235
4/27/2013 00:56:03,4/27/2013,00:56:03,0.00,2.15,89.09,960.94,235
4/27/2013 00:56:18,4/27/2013,00:56:18,0.00,2.15,89.19,960.93,235
4/27/2013 00:56:33,4/27/2013,00:56:33,0.00,2.15,89.30,960.95,233
4/27/2013 00:56:48,4/27/2013,00:56:48,0.00,2.15,89.30,960.96,233
4/27/2013 00:57:03,4/27/2013,00:57:03,0.00,2.15,89.19,960.94,235
4/27/2013 00:57:18,4/27/2013,00:57:18,0.00,2.15,89.19,960.96,236
4/27/2013 00:57:33,4/27/2013,00:57:33,0.00,2.15,89.19,960.95,236
4/27/2013 00:57:48,4/27/2013,00:57:48,0.00,2.15,89.30,960.96,237
4/27/2013 00:58:03,4/27/2013,00:58:03,0.00,2.15,89.30,960.96,261
4/27/2013 00:58:18,4/27/2013,00:58:18,0.00,2.12,89.30,960.96,261
4/27/2013 00:58:33,4/27/2013,00:58:33,0.00,2.07,89.40,960.96,259
4/27/2013 00:58:48,4/27/2013,00:58:48,0.00,2.07,89.50,960.98,260
4/27/2013 00:59:03,4/27/2013,00:59:03,0.00,2.07,89.59,960.97,258
4/27/2013 00:59:18,4/27/2013,00:59:18,0.00,2.07,89.59,960.96,258
4/27/2013 00:59:33,4/27/2013,00:59:33,0.00,2.07,89.69,960.95,258
4/27/2013 00:59:48,4/27/2013,00:59:48,0.00,2.07,89.69,960.95,253
4/27/2013 01:00:03,4/27/2013,01:00:03,0.00,2.07,89.80,960.96,259
4/27/2013 01:00:18,4/27/2013,01:00:18,0.00,2.07,89.69,960.97,271
4/27/2013 01:00:33,4/27/2013,01:00:33,0.00,2.07,89.80,960.97,270
4/27/2013 01:00:48,4/27/2013,01:00:48,0.00,2.07,89.90,960.97,260
4/27/2013 01:01:03,4/27/2013,01:01:03,0.00,2.02,89.90,960.97,261
4/27/2013 01:01:18,4/27/2013,01:01:18,0.00,2.02,89.90,960.96,261
4/27/2013 01:01:33,4/27/2013,01:01:33,0.00,2.00,90.00,960.98,261
4/27/2013 01:01:48,4/27/2013,01:01:48,0.00,2.00,90.00,960.96,258
4/27/2013 01:02:03,4/27/2013,01:02:03,0.00,2.07,90.00,960.96,216
4/27/2013 01:02:18,4/27/2013,01:02:18,0.00,2.07,90.00,960.96,229
4/27/2013 01:02:33,4/27/2013,01:02:33,0.00,2.00,90.00,960.96,229
4/27/2013 01:02:48,4/27/2013,01:02:48,0.00,2.00,90.00,960.95,228
4/27/2013 01:03:03,4/27/2013,01:03:03,0.00,2.00,90.09,960.95,228
4/27/2013 01:03:18,4/27/2013,01:03:18,0.00,2.02,90.09,960.95,230
4/27/2013 01:03:33,4/27/2013,01:03:33,0.00,2.00,90.09,960.95,230
4/27/2013 01:03:48,4/27/2013,01:03:48,0.00,2.00,90.09,960.93,230
4/27/2013 01:04:03,4/27/2013,01:04:03,0.00,2.00,90.19,960.94,289
4/27/2013 01:04:18,4/27/2013,01:04:18,0.00,2.00,90.19,960.94,285
4/27/2013 01:04:33,4/27/2013,01:04:33,0.00,2.00,90.30,960.93,221
4/27/2013 01:04:48,4/27/2013,01:04:48,0.00,2.00,90.30,960.93,227
4/27/2013 01:05:03,4/27/2013,01:05:03,0.00,2.00,90.30,960.93,244
4/27/2013 01:05:18,4/27/2013,01:05:18,0.00,2.00,90.30,960.92,244
4/27/2013 01:05:33,4/27/2013,01:05:33,0.00,2.00,90.40,960.93,244
4/27/2013 01:05:48,4/27/2013,01:05:48,0.00,2.00,90.40,960.94,243
4/27/2013 01:06:03,4/27/2013,01:06:03,0.00,2.00,90.40,960.93,243
4/27/2013 01:06:18,4/27/2013,01:06:18,0.00,2.00,90.40,960.92,216
4/27/2013 01:06:33,4/27/2013,01:06:33,0.00,2.00,90.50,960.93,216
4/27/2013 01:06:48,4/27/2013,01:06:48,0.00,2.00,90.50,960.94,221
4/27/2013 01:07:03,4/27/2013,01:07:03,0.00,2.00,90.50,960.93,221
4/27/2013 01:07:18,4/27/2013,01:07:18,0.00,2.00,90.59,960.93,235
4/27/2013 01:07:33,4/27/2013,01:07:33,0.00,2.00,90.59,960.93,243
4/27/2013 01:07:48,4/27/2013,01:07:48,0.00,2.00,90.59,960.92,243
4/27/2013 01:08:03,4/27/2013,01:08:03,0.00,2.00,90.59,960.89,243
4/27/2013 01:08:18,4/27/2013,01:08:18,0.00,2.00,90.59,960.90,243
4/27/2013 01:08:33,4/27/2013,01:08:33,0.00,2.00,90.59,960.90,243
4/27/2013 01:08:48,4/27/2013,01:08:48,0.00,2.00,90.59,960.90,243
4/27/2013 01:09:03,4/27/2013,01:09:03,0.00,1.95,90.59,960.90,243
4/27/2013 01:09:18,4/27/2013,01:09:18,0.00,1.92,90.59,960.89,243
4/27/2013 01:09:33,4/27/2013,01:09:33,0.00,1.92,90.59,960.92,242
4/27/2013 01:09:48,4/27/2013,01:09:48,0.00,2.00,90.69,960.92,236
4/27/2013 01:10:03,4/27/2013,01:10:03,0.00,2.00,90.69,960.89,226
4/27/2013 01:10:18,4/27/2013,01:10:18,0.00,2.00,90.69,960.89,227
4/27/2013 01:10:33,4/27/2013,01:10:33,0.00,2.00,90.59,960.89,230
4/27/2013 01:10:48,4/27/2013,01:10:48,0.00,1.95,90.59,960.89,230
4/27/2013 01:11:03,4/27/2013,01:11:03,0.00,1.95,90.59,960.89,237
4/27/2013 01:11:18,4/27/2013,01:11:18,0.00,1.95,90.59,960.92,237
4/27/2013 01:11:33,4/27/2013,01:11:33,0.00,1.92,90.59,960.90,237
4/27/2013 01:11:48,4/27/2013,01:11:48,0.00,1.95,90.69,960.90,238
4/27/2013 01:12:03,4/27/2013,01:12:03,0.00,1.92,90.69,960.89,245
4/27/2013 01:12:18,4/27/2013,01:12:18,0.00,1.95,90.69,960.89,240
4/27/2013 01:12:33,4/27/2013,01:12:33,0.00,2.00,90.69,960.90,207
4/27/2013 01:12:48,4/27/2013,01:12:48,0.00,2.00,90.69,960.88,237
4/27/2013 01:13:03,4/27/2013,01:13:03,0.00,2.02,90.59,960.87,229
4/27/2013 01:13:18,4/27/2013,01:13:18,0.00,2.02,90.59,960.86,230
4/27/2013 01:13:33,4/27/2013,01:13:33,0.00,2.00,90.50,960.86,249
4/27/2013 01:13:48,4/27/2013,01:13:48,0.00,2.00,90.50,960.85,249
4/27/2013 01:14:03,4/27/2013,01:14:03,0.00,1.95,90.50,960.86,249
4/27/2013 01:14:18,4/27/2013,01:14:18,0.00,1.92,90.59,960.87,249
4/27/2013 01:14:33,4/27/2013,01:14:33,0.00,1.95,90.59,960.86,247
4/27/2013 01:14:48,4/27/2013,01:14:48,0.00,2.00,90.69,960.86,257
4/27/2013 01:15:03,4/27/2013,01:15:03,0.00,2.00,90.69,960.86,245
4/27/2013 01:15:18,4/27/2013,01:15:18,0.00,1.95,90.69,960.86,245
4/27/2013 01:15:33,4/27/2013,01:15:33,0.00,2.00,90.69,960.85,243
4/27/2013 01:15:48,4/27/2013,01:15:48,0.00,2.00,90.69,960.85,243
4/27/2013 01:16:03,4/27/2013,01:16:03,0.00,2.00,90.69,960.84,243
4/27/2013 01:16:18,4/27/2013,01:16:18,0.00,2.00,90.69,960.84,243
4/27/2013 01:16:33,4/27/2013,01:16:33,0.00,2.02,90.69,960.84,245
4/27/2013 01:16:48,4/27/2013,01:16:48,0.00,2.00,90.59,960.82,245
4/27/2013 01:17:03,4/27/2013,01:17:03,0.00,1.92,90.59,960.81,249
4/27/2013 01:17:18,4/27/2013,01:17:18,0.00,1.92,90.59,960.81,250
4/27/2013 01:17:33,4/27/2013,01:17:33,0.00,1.92,90.59,960.82,244
4/27/2013 01:17:48,4/27/2013,01:17:48,0.00,2.00,90.69,960.80,257
4/27/2013 01:18:03,4/27/2013,01:18:03,0.00,1.95,90.69,960.80,257
4/27/2013 01:18:18,4/27/2013,01:18:18,0.00,1.95,90.69,960.79,221
4/27/2013 01:18:33,4/27/2013,01:18:33,0.00,1.92,90.69,960.79,238
4/27/2013 01:18:48,4/27/2013,01:18:48,0.00,1.92,90.69,960.78,260
4/27/2013 01:19:03,4/27/2013,01:19:03,0.00,1.92,90.80,960.79,253
4/27/2013 01:19:18,4/27/2013,01:19:18,0.00,1.92,90.80,960.80,257
4/27/2013 01:19:33,4/27/2013,01:19:33,0.00,1.87,90.90,960.81,276
4/27/2013 01:19:48,4/27/2013,01:19:48,0.00,1.92,90.90,960.81,240
4/27/2013 01:20:03,4/27/2013,01:20:03,0.00,1.82,91.00,960.81,281
4/27/2013 01:20:18,4/27/2013,01:20:18,0.00,1.82,91.00,960.81,276
4/27/2013 01:20:33,4/27/2013,01:20:33,0.00,1.82,91.00,960.79,266
4/27/2013 01:20:48,4/27/2013,01:20:48,0.00,1.82,91.00,960.77,244
4/27/2013 01:21:03,4/27/2013,01:21:03,0.00,1.82,91.00,960.77,233
4/27/2013 01:21:18,4/27/2013,01:21:18,0.00,1.87,91.09,960.78,248
4/27/2013 01:21:33,4/27/2013,01:21:33,0.00,1.92,91.09,960.77,244
4/27/2013 01:21:48,4/27/2013,01:21:48,0.00,1.95,91.09,960.77,235
4/27/2013 01:22:03,4/27/2013,01:22:03,0.00,1.92,91.09,960.77,221
4/27/2013 01:22:18,4/27/2013,01:22:18,0.00,1.95,91.09,960.79,242
4/27/2013 01:22:33,4/27/2013,01:22:33,0.00,1.95,91.09,960.79,259
4/27/2013 01:22:48,4/27/2013,01:22:48,0.00,1.95,91.09,960.79,255
4/27/2013 01:23:03,4/27/2013,01:23:03,0.00,1.95,91.09,960.78,245
4/27/2013 01:23:18,4/27/2013,01:23:18,0.00,1.92,91.00,960.77,283
4/27/2013 01:23:33,4/27/2013,01:23:33,0.00,1.92,91.00,960.78,282
4/27/2013 01:23:48,4/27/2013,01:23:48,0.00,1.92,91.00,960.79,215
4/27/2013 01:24:03,4/27/2013,01:24:03,0.00,1.92,91.09,960.78,226
4/27/2013 01:24:18,4/27/2013,01:24:18,0.00,1.92,91.09,960.77,226
4/27/2013 01:24:33,4/27/2013,01:24:33,0.00,1.92,91.09,960.78,226
4/27/2013 01:24:48,4/27/2013,01:24:48,0.00,1.92,91.09,960.79,227
4/27/2013 01:25:03,4/27/2013,01:25:03,0.00,1.92,91.09,960.78,227
4/27/2013 01:25:18,4/27/2013,01:25:18,0.00,1.92,91.19,960.77,224
4/27/2013 01:25:33,4/27/2013,01:25:33,0.00,2.00,91.19,960.75,223
4/27/2013 01:25:48,4/27/2013,01:25:48,0.00,2.00,91.19,960.75,236
4/27/2013 01:26:03,4/27/2013,01:26:03,0.00,1.95,91.09,960.75,236
4/27/2013 01:26:18,4/27/2013,01:26:18,0.00,1.95,91.00,960.74,236
4/27/2013 01:26:33,4/27/2013,01:26:33,0.00,1.92,91.00,960.75,243
4/27/2013 01:26:48,4/27/2013,01:26:48,0.00,1.92,91.00,960.75,245
4/27/2013 01:27:03,4/27/2013,01:27:03,0.00,1.92,91.00,960.75,240
4/27/2013 01:27:18,4/27/2013,01:27:18,0.00,1.92,91.09,960.75,207
4/27/2013 01:27:33,4/27/2013,01:27:33,0.00,1.95,91.09,960.77,211
4/27/2013 01:27:48,4/27/2013,01:27:48,0.00,1.95,91.00,960.74,229
4/27/2013 01:28:03,4/27/2013,01:28:03,0.00,1.92,91.00,960.75,231
4/27/2013 01:28:18,4/27/2013,01:28:18,0.00,1.92,91.00,960.74,232
4/27/2013 01:28:33,4/27/2013,01:28:33,0.00,1.92,91.00,960.74,231
4/27/2013 01:28:48,4/27/2013,01:28:48,0.00,1.92,91.00,960.75,229
4/27/2013 01:29:03,4/27/2013,01:29:03,0.00,1.92,91.00,960.75,225
4/27/2013 01:29:18,4/27/2013,01:29:18,0.00,1.92,91.00,960.75,235
4/27/2013 01:29:33,4/27/2013,01:29:33,0.00,1.92,91.00,960.74,235
4/27/2013 01:29:48,4/27/2013,01:29:48,0.00,1.92,91.00,960.74,243
4/27/2013 01:30:03,4/27/2013,01:30:03,0.00,2.00,91.09,960.74,223
4/27/2013 01:30:18,4/27/2013,01:30:18,0.00,2.00,91.09,960.74,219
4/27/2013 01:30:33,4/27/2013,01:30:33,0.00,1.92,91.00,960.74,211
4/27/2013 01:30:48,4/27/2013,01:30:48,0.00,1.95,91.00,960.74,232
4/27/2013 01:31:03,4/27/2013,01:31:03,0.00,2.00,91.00,960.74,250
4/27/2013 01:31:18,4/27/2013,01:31:18,0.00,2.00,91.00,960.74,265
4/27/2013 01:31:33,4/27/2013,01:31:33,0.00,1.95,90.90,960.73,232
4/27/2013 01:31:48,4/27/2013,01:31:48,0.00,2.00,90.90,960.72,240
4/27/2013 01:32:03,4/27/2013,01:32:03,0.00,1.95,91.00,960.72,245
4/27/2013 01:32:18,4/27/2013,01:32:18,0.00,2.00,91.00,960.72,240
4/27/2013 01:32:33,4/27/2013,01:32:33,0.00,1.95,91.00,960.72,239
4/27/2013 01:32:48,4/27/2013,01:32:48,0.00,1.92,91.00,960.72,243
4/27/2013 01:33:03,4/27/2013,01:33:03,0.00,1.92,91.00,960.73,241
4/27/2013 01:33:18,4/27/2013,01:33:18,0.00,1.95,91.09,960.72,240
4/27/2013 01:33:33,4/27/2013,01:33:33,0.00,1.92,91.09,960.72,243
4/27/2013 01:33:48,4/27/2013,01:33:48,0.00,1.95,91.09,960.72,242
4/27/2013 01:34:03,4/27/2013,01:34:03,0.00,1.95,91.09,960.72,244
4/27/2013 01:34:18,4/27/2013,01:34:18,0.00,1.92,91.09,960.72,244
4/27/2013 01:34:33,4/27/2013,01:34:33,0.00,1.92,91.09,960.70,244
4/27/2013 01:34:48,4/27/2013,01:34:48,0.00,1.92,91.09,960.70,244
4/27/2013 01:35:03,4/27/2013,01:35:03,0.00,1.92,91.09,960.70,244
4/27/2013 01:35:18,4/27/2013,01:35:18,0.00,1.95,91.09,960.70,236
4/27/2013 01:35:33,4/27/2013,01:35:33,0.00,1.92,91.09,960.69,233
4/27/2013 01:35:48,4/27/2013,01:35:48,0.00,1.92,91.09,960.69,239
4/27/2013 01:36:03,4/27/2013,01:36:03,0.00,1.92,91.00,960.70,240
4/27/2013 01:36:18,4/27/2013,01:36:18,0.00,2.00,91.00,960.70,247
4/27/2013 01:36:33,4/27/2013,01:36:33,0.00,1.92,91.00,960.70,247
4/27/2013 01:36:48,4/27/2013,01:36:48,0.00,1.92,91.00,960.67,235
4/27/2013 01:37:03,4/27/2013,01:37:03,0.00,1.92,91.00,960.69,243
4/27/2013 01:37:18,4/27/2013,01:37:18,0.00,1.92,90.90,960.67,248
4/27/2013 01:37:33,4/27/2013,01:37:33,0.00,1.92,90.90,960.67,249
4/27/2013 01:37:48,4/27/2013,01:37:48,0.00,1.92,90.90,960.66,251
4/27/2013 01:38:03,4/27/2013,01:38:03,0.00,1.87,91.00,960.66,270
4/27/2013 01:38:18,4/27/2013,01:38:18,0.00,1.87,91.00,960.63,261
4/27/2013 01:38:33,4/27/2013,01:38:33,0.00,1.92,91.00,960.62,247
4/27/2013 01:38:48,4/27/2013,01:38:48,0.00,1.87,91.00,960.63,247
4/27/2013 01:39:03,4/27/2013,01:39:03,0.00,1.82,91.00,960.62,248
4/27/2013 01:39:18,4/27/2013,01:39:18,0.00,1.82,91.00,960.62,247
4/27/2013 01:39:33,4/27/2013,01:39:33,0.00,1.87,91.09,960.62,251
4/27/2013 01:39:48,4/27/2013,01:39:48,0.00,1.87,91.09,960.60,236
4/27/2013 01:40:03,4/27/2013,01:40:03,0.00,1.92,91.19,960.60,240
4/27/2013 01:40:18,4/27/2013,01:40:18,0.00,1.92,91.19,960.60,235
4/27/2013 01:40:33,4/27/2013,01:40:33,0.00,1.92,91.19,960.60,245
4/27/2013 01:40:48,4/27/2013,01:40:48,0.00,1.87,91.19,960.59,245
4/27/2013 01:41:03,4/27/2013,01:41:03,0.00,1.87,91.19,960.60,243
4/27/2013 01:41:18,4/27/2013,01:41:18,0.00,1.92,91.19,960.60,247
4/27/2013 01:41:33,4/27/2013,01:41:33,0.00,1.87,91.19,960.60,247
4/27/2013 01:41:48,4/27/2013,01:41:48,0.00,1.87,91.19,960.59,247
4/27/2013 01:42:03,4/27/2013,01:42:03,0.00,1.87,91.30,960.59,247
4/27/2013 01:42:18,4/27/2013,01:42:18,0.00,1.92,91.19,960.59,235
4/27/2013 01:42:33,4/27/2013,01:42:33,0.00,1.92,91.19,960.59,237
4/27/2013 01:42:48,4/27/2013,01:42:48,0.00,1.87,91.19,960.59,238
4/27/2013 01:43:03,4/27/2013,01:43:03,0.00,1.82,91.19,960.59,238
4/27/2013 01:43:18,4/27/2013,01:43:18,0.00,1.82,91.19,960.58,237
4/27/2013 01:43:33,4/27/2013,01:43:33,0.00,1.82,91.19,960.58,238
4/27/2013 01:43:48,4/27/2013,01:43:48,0.00,1.92,91.30,960.58,229
4/27/2013 01:44:03,4/27/2013,01:44:03,0.00,1.87,91.19,960.57,231
4/27/2013 01:44:18,4/27/2013,01:44:18,0.00,1.87,91.19,960.57,238
4/27/2013 01:44:33,4/27/2013,01:44:33,0.00,1.82,91.19,960.56,240
4/27/2013 01:44:48,4/27/2013,01:44:48,0.00,1.82,91.19,960.57,241
4/27/2013 01:45:03,4/27/2013,01:45:03,0.00,1.79,91.19,960.58,250
4/27/2013 01:45:18,4/27/2013,01:45:18,0.00,1.82,91.19,960.58,250
4/27/2013 01:45:33,4/27/2013,01:45:33,0.00,1.82,91.30,960.58,244
4/27/2013 01:45:48,4/27/2013,01:45:48,0.00,1.82,91.30,960.56,244
4/27/2013 01:46:03,4/27/2013,01:46:03,0.00,1.82,91.30,960.56,245
4/27/2013 01:46:18,4/27/2013,01:46:18,0.00,1.82,91.30,960.57,244
4/27/2013 01:46:33,4/27/2013,01:46:33,0.00,1.82,91.30,960.56,244
4/27/2013 01:46:48,4/27/2013,01:46:48,0.00,1.87,91.19,960.56,245
4/27/2013 01:47:03,4/27/2013,01:47:03,0.00,1.87,91.19,960.56,252
4/27/2013 01:47:18,4/27/2013,01:47:18,0.00,1.82,91.19,960.55,252
4/27/2013 01:47:33,4/27/2013,01:47:33,0.00,1.82,91.09,960.55,244
4/27/2013 01:47:48,4/27/2013,01:47:48,0.00,1.79,91.09,960.56,251
4/27/2013 01:48:03,4/27/2013,01:48:03,0.00,1.75,91.09,960.57,251
4/27/2013 01:48:18,4/27/2013,01:48:18,0.00,1.75,91.09,960.56,253
4/27/2013 01:48:33,4/27/2013,01:48:33,0.00,1.75,91.19,960.57,253
4/27/2013 01:48:48,4/27/2013,01:48:48,0.00,1.75,91.19,960.57,253
4/27/2013 01:49:03,4/27/2013,01:49:03,0.00,1.75,91.30,960.57,253
4/27/2013 01:49:18,4/27/2013,01:49:18,0.00,1.72,91.30,960.58,253
4/27/2013 01:49:33,4/27/2013,01:49:33,0.00,1.75,91.40,960.59,253
4/27/2013 01:49:48,4/27/2013,01:49:48,0.00,1.75,91.40,960.59,252
4/27/2013 01:50:03,4/27/2013,01:50:03,0.00,1.75,91.40,960.58,249
4/27/2013 01:50:18,4/27/2013,01:50:18,0.00,1.75,91.40,960.58,246
4/27/2013 01:50:33,4/27/2013,01:50:33,0.00,1.79,91.40,960.57,247
4/27/2013 01:50:48,4/27/2013,01:50:48,0.00,1.75,91.40,960.57,253
4/27/2013 01:51:03,4/27/2013,01:51:03,0.00,1.79,91.50,960.56,252
4/27/2013 01:51:18,4/27/2013,01:51:18,0.00,1.82,91.50,960.55,252
4/27/2013 01:51:33,4/27/2013,01:51:33,0.00,1.79,91.50,960.55,251
4/27/2013 01:51:48,4/27/2013,01:51:48,0.00,1.79,91.50,960.55,260
4/27/2013 01:52:03,4/27/2013,01:52:03,0.00,1.82,91.59,960.55,258
4/27/2013 01:52:18,4/27/2013,01:52:18,0.00,1.82,91.59,960.55,259
4/27/2013 01:52:33,4/27/2013,01:52:33,0.00,1.82,91.59,960.54,257
4/27/2013 01:52:48,4/27/2013,01:52:48,0.00,1.82,91.59,960.54,257
4/27/2013 01:53:03,4/27/2013,01:53:03,0.00,1.79,91.59,960.54,256
4/27/2013 01:53:18,4/27/2013,01:53:18,0.00,1.82,91.59,960.54,255
4/27/2013 01:53:33,4/27/2013,01:53:33,0.00,1.82,91.59,960.54,250
4/27/2013 01:53:48,4/27/2013,01:53:48,0.00,1.87,91.59,960.52,245
4/27/2013 01:54:03,4/27/2013,01:54:03,0.00,1.82,91.59,960.52,250
4/27/2013 01:54:18,4/27/2013,01:54:18,0.00,1.82,91.50,960.50,252
4/27/2013 01:54:33,4/27/2013,01:54:33,0.00,1.82,91.50,960.51,252
4/27/2013 01:54:48,4/27/2013,01:54:48,0.00,1.82,91.50,960.49,250
4/27/2013 01:55:03,4/27/2013,01:55:03,0.00,1.82,91.50,960.48,248
4/27/2013 01:55:18,4/27/2013,01:55:18,0.00,1.82,91.50,960.48,236
4/27/2013 01:55:33,4/27/2013,01:55:33,0.00,1.82,91.50,960.46,217
4/27/2013 01:55:48,4/27/2013,01:55:48,0.00,1.82,91.40,960.47,229
4/27/2013 01:56:03,4/27/2013,01:56:03,0.00,1.92,91.40,960.47,237
4/27/2013 01:56:18,4/27/2013,01:56:18,0.00,1.92,91.40,960.46,252
4/27/2013 01:56:33,4/27/2013,01:56:33,0.00,1.87,91.30,960.44,219
4/27/2013 01:56:48,4/27/2013,01:56:48,0.00,1.82,91.30,960.44,240
4/27/2013 01:57:03,4/27/2013,01:57:03,0.00,1.82,91.30,960.46,250
4/27/2013 01:57:18,4/27/2013,01:57:18,0.00,1.92,91.30,960.44,258
4/27/2013 01:57:33,4/27/2013,01:57:33,0.00,1.92,91.30,960.44,237
4/27/2013 01:57:48,4/27/2013,01:57:48,0.00,1.82,91.30,960.43,254
4/27/2013 01:58:03,4/27/2013,01:58:03,0.00,1.82,91.30,960.44,240
4/27/2013 01:58:18,4/27/2013,01:58:18,0.00,1.82,91.40,960.44,240
4/27/2013 01:58:33,4/27/2013,01:58:33,0.00,1.82,91.40,960.44,243
4/27/2013 01:58:48,4/27/2013,01:58:48,0.00,1.82,91.40,960.44,270
4/27/2013 01:59:03,4/27/2013,01:59:03,0.00,1.82,91.40,960.43,257
4/27/2013 01:59:18,4/27/2013,01:59:18,0.00,1.82,91.50,960.43,243
4/27/2013 01:59:33,4/27/2013,01:59:33,0.00,1.82,91.50,960.44,266
4/27/2013 01:59:48,4/27/2013,01:59:48,0.00,1.92,91.59,960.43,274
4/27/2013 02:00:03,4/27/2013,02:00:03,0.00,1.87,91.59,960.43,222
4/27/2013 02:00:18,4/27/2013,02:00:18,0.00,1.82,91.59,960.43,233
4/27/2013 02:00:33,4/27/2013,02:00:33,0.00,1.92,91.69,960.44,270
4/27/2013 02:00:48,4/27/2013,02:00:48,0.00,1.82,91.69,960.44,254
4/27/2013 02:01:03,4/27/2013,02:01:03,0.00,1.82,91.69,960.43,249
4/27/2013 02:01:18,4/27/2013,02:01:18,0.00,1.79,91.80,960.43,273
4/27/2013 02:01:33,4/27/2013,02:01:33,0.00,1.75,91.80,960.43,273
4/27/2013 02:01:48,4/27/2013,02:01:48,0.00,1.75,91.80,960.42,266
4/27/2013 02:02:03,4/27/2013,02:02:03,0.00,1.75,91.80,960.41,271
4/27/2013 02:02:18,4/27/2013,02:02:18,0.00,1.75,91.90,960.41,268
4/27/2013 02:02:33,4/27/2013,02:02:33,0.00,1.75,91.90,960.41,264
4/27/2013 02:02:48,4/27/2013,02:02:48,0.00,1.82,92.00,960.40,254
4/27/2013 02:03:03,4/27/2013,02:03:03,0.00,1.79,92.00,960.40,270
4/27/2013 02:03:18,4/27/2013,02:03:18,0.00,1.75,92.00,960.41,282
4/27/2013 02:03:33,4/27/2013,02:03:33,0.00,1.75,92.00,960.41,281
4/27/2013 02:03:48,4/27/2013,02:03:48,0.00,1.75,92.09,960.41,282
4/27/2013 02:04:03,4/27/2013,02:04:03,0.00,1.82,92.09,960.42,282
4/27/2013 02:04:18,4/27/2013,02:04:18,0.00,1.82,92.19,960.43,282
4/27/2013 02:04:33,4/27/2013,02:04:33,0.00,1.92,92.30,960.43,281
4/27/2013 02:04:48,4/27/2013,02:04:48,0.00,1.95,92.30,960.42,280
4/27/2013 02:05:03,4/27/2013,02:05:03,0.00,1.92,92.40,960.40,280
4/27/2013 02:05:18,4/27/2013,02:05:18,0.00,1.82,92.40,960.39,212
4/27/2013 02:05:33,4/27/2013,02:05:33,0.00,1.82,92.40,960.39,239
4/27/2013 02:05:48,4/27/2013,02:05:48,0.00,1.82,92.50,960.40,275
4/27/2013 02:06:03,4/27/2013,02:06:03,0.00,1.87,92.50,960.39,233
4/27/2013 02:06:18,4/27/2013,02:06:18,0.00,1.82,92.50,960.41,309
4/27/2013 02:06:33,4/27/2013,02:06:33,0.00,1.82,92.50,960.41,242
4/27/2013 02:06:48,4/27/2013,02:06:48,0.00,1.82,92.59,960.40,251
4/27/2013 02:07:03,4/27/2013,02:07:03,0.00,1.79,92.59,960.40,250
4/27/2013 02:07:18,4/27/2013,02:07:18,0.00,1.75,92.59,960.39,251
4/27/2013 02:07:33,4/27/2013,02:07:33,0.00,1.82,92.59,960.39,279
4/27/2013 02:07:48,4/27/2013,02:07:48,0.00,1.92,92.69,960.39,290
4/27/2013 02:08:03,4/27/2013,02:08:03,0.00,1.82,92.69,960.37,207
4/27/2013 02:08:18,4/27/2013,02:08:18,0.00,1.82,92.69,960.37,216
4/27/2013 02:08:33,4/27/2013,02:08:33,0.00,1.92,92.69,960.36,279
4/27/2013 02:08:48,4/27/2013,02:08:48,0.00,2.07,92.80,960.37,275
4/27/2013 02:09:03,4/27/2013,02:09:03,0.00,1.92,92.80,960.39,276
4/27/2013 02:09:18,4/27/2013,02:09:18,0.00,1.87,92.80,960.40,276
4/27/2013 02:09:33,4/27/2013,02:09:33,0.00,1.92,92.80,960.41,283
4/27/2013 02:09:48,4/27/2013,02:09:48,0.00,1.82,92.80,960.41,302
4/27/2013 02:10:03,4/27/2013,02:10:03,0.00,1.92,92.90,960.41,275
4/27/2013 02:10:18,4/27/2013,02:10:18,0.00,1.82,92.90,960.41,280
4/27/2013 02:10:33,4/27/2013,02:10:33,0.00,1.79,92.90,960.39,280
4/27/2013 02:10:48,4/27/2013,02:10:48,0.00,1.87,92.90,960.37,281
4/27/2013 02:11:03,4/27/2013,02:11:03,0.00,1.82,92.90,960.36,222
4/27/2013 02:11:18,4/27/2013,02:11:18,0.00,1.87,92.90,960.35,227
4/27/2013 02:11:33,4/27/2013,02:11:33,0.00,1.82,92.90,960.36,230
4/27/2013 02:11:48,4/27/2013,02:11:48,0.00,1.82,92.90,960.36,290
4/27/2013 02:12:03,4/27/2013,02:12:03,0.00,1.79,93.00,960.36,219
4/27/2013 02:12:18,4/27/2013,02:12:18,0.00,1.87,93.00,960.36,282
4/27/2013 02:12:33,4/27/2013,02:12:33,0.00,1.82,93.00,960.37,239
4/27/2013 02:12:48,4/27/2013,02:12:48,0.00,1.82,93.00,960.37,244
4/27/2013 02:13:03,4/27/2013,02:13:03,0.00,1.82,92.90,960.37,243
4/27/2013 02:13:18,4/27/2013,02:13:18,0.00,1.82,93.00,960.37,233
4/27/2013 02:13:33,4/27/2013,02:13:33,0.00,1.82,92.90,960.39,240
4/27/2013 02:13:48,4/27/2013,02:13:48,0.00,1.82,92.90,960.39,240
4/27/2013 02:14:03,4/27/2013,02:14:03,0.00,1.75,92.90,960.39,241
4/27/2013 02:14:18,4/27/2013,02:14:18,0.00,1.75,92.90,960.37,241
4/27/2013 02:14:33,4/27/2013,02:14:33,0.00,1.75,92.90,960.39,280
4/27/2013 02:14:48,4/27/2013,02:14:48,0.00,1.75,92.90,960.37,281
4/27/2013 02:15:03,4/27/2013,02:15:03,0.00,1.72,92.90,960.39,282
4/27/2013 02:15:18,4/27/2013,02:15:18,0.00,1.67,92.90,960.40,281
4/27/2013 02:15:33,4/27/2013,02:15:33,0.00,1.67,92.90,960.40,281
4/27/2013 02:15:48,4/27/2013,02:15:48,0.00,1.67,92.90,960.39,280
4/27/2013 02:16:03,4/27/2013,02:16:03,0.00,1.67,92.90,960.41,278
4/27/2013 02:16:18,4/27/2013,02:16:18,0.00,1.67,92.90,960.41,268
4/27/2013 02:16:33,4/27/2013,02:16:33,0.00,1.67,92.90,960.43,250
4/27/2013 02:16:48,4/27/2013,02:16:48,0.00,1.72,92.90,960.44,250
4/27/2013 02:17:03,4/27/2013,02:17:03,0.00,1.67,92.90,960.43,249
4/27/2013 02:17:18,4/27/2013,02:17:18,0.00,1.67,93.00,960.46,249
4/27/2013 02:17:33,4/27/2013,02:17:33,0.00,1.67,93.00,960.43,246
4/27/2013 02:17:48,4/27/2013,02:17:48,0.00,1.67,93.00,960.42,244
4/27/2013 02:18:03,4/27/2013,02:18:03,0.00,1.67,93.00,960.43,245
4/27/2013 02:18:18,4/27/2013,02:18:18,0.00,1.67,93.00,960.43,298
4/27/2013 02:18:33,4/27/2013,02:18:33,0.00,1.75,93.00,960.44,259
4/27/2013 02:18:48,4/27/2013,02:18:48,0.00,1.67,93.00,960.42,259
4/27/2013 02:19:03,4/27/2013,02:19:03,0.00,1.72,93.00,960.42,237
4/27/2013 02:19:18,4/27/2013,02:19:18,0.00,1.67,93.00,960.43,237
4/27/2013 02:19:33,4/27/2013,02:19:33,0.00,1.67,93.00,960.43,238
4/27/2013 02:19:48,4/27/2013,02:19:48,0.00,1.75,93.00,960.44,187
4/27/2013 02:20:03,4/27/2013,02:20:03,0.00,1.79,93.00,960.42,213
4/27/2013 02:20:18,4/27/2013,02:20:18,0.00,1.75,93.00,960.40,214
4/27/2013 02:20:33,4/27/2013,02:20:33,0.00,1.75,93.00,960.39,211
4/27/2013 02:20:48,4/27/2013,02:20:48,0.00,1.72,93.00,960.37,278
4/27/2013 02:21:03,4/27/2013,02:21:03,0.00,1.67,93.00,960.39,280
4/27/2013 02:21:18,4/27/2013,02:21:18,0.00,1.67,93.00,960.39,258
4/27/2013 02:21:33,4/27/2013,02:21:33,0.00,1.67,93.00,960.37,258
4/27/2013 02:21:48,4/27/2013,02:21:48,0.00,1.75,93.00,960.39,258
4/27/2013 02:22:03,4/27/2013,02:22:03,0.00,1.72,93.00,960.39,266
4/27/2013 02:22:18,4/27/2013,02:22:18,0.00,1.67,93.00,960.39,268
4/27/2013 02:22:33,4/27/2013,02:22:33,0.00,1.67,93.00,960.41,239
4/27/2013 02:22:48,4/27/2013,02:22:48,0.00,1.67,93.00,960.41,245
4/27/2013 02:23:03,4/27/2013,02:23:03,0.00,1.64,93.00,960.41,245
4/27/2013 02:23:18,4/27/2013,02:23:18,0.00,1.64,93.00,960.42,245
4/27/2013 02:23:33,4/27/2013,02:23:33,0.00,1.64,93.00,960.43,244
4/27/2013 02:23:48,4/27/2013,02:23:48,0.00,1.67,93.00,960.42,240
4/27/2013 02:24:03,4/27/2013,02:24:03,0.00,1.67,93.00,960.41,243
4/27/2013 02:24:18,4/27/2013,02:24:18,0.00,1.67,93.00,960.41,245
4/27/2013 02:24:33,4/27/2013,02:24:33,0.00,1.75,93.00,960.41,217
4/27/2013 02:24:48,4/27/2013,02:24:48,0.00,1.75,93.00,960.40,216
4/27/2013 02:25:03,4/27/2013,02:25:03,0.00,1.67,93.00,960.40,245
4/27/2013 02:25:18,4/27/2013,02:25:18,0.00,1.72,93.00,960.40,222
4/27/2013 02:25:33,4/27/2013,02:25:33,0.00,1.67,93.00,960.37,292
4/27/2013 02:25:48,4/27/2013,02:25:48,0.00,1.67,93.00,960.39,221
4/27/2013 02:26:03,4/27/2013,02:26:03,0.00,1.67,93.00,960.39,271
4/27/2013 02:26:18,4/27/2013,02:26:18,0.00,1.67,93.00,960.40,261
4/27/2013 02:26:33,4/27/2013,02:26:33,0.00,1.72,93.00,960.39,230
4/27/2013 02:26:48,4/27/2013,02:26:48,0.00,1.72,93.00,960.37,238
4/27/2013 02:27:03,4/27/2013,02:27:03,0.00,1.75,93.00,960.36,233
4/27/2013 02:27:18,4/27/2013,02:27:18,0.00,1.75,93.00,960.36,282
4/27/2013 02:27:33,4/27/2013,02:27:33,0.00,1.72,93.00,960.35,230
4/27/2013 02:27:48,4/27/2013,02:27:48,0.00,1.67,92.90,960.34,271
4/27/2013 02:28:03,4/27/2013,02:28:03,0.00,1.72,92.90,960.33,218
4/27/2013 02:28:18,4/27/2013,02:28:18,0.00,1.67,92.90,960.33,231
4/27/2013 02:28:33,4/27/2013,02:28:33,0.00,1.67,92.90,960.33,279
4/27/2013 02:28:48,4/27/2013,02:28:48,0.00,1.67,92.90,960.33,251
4/27/2013 02:29:03,4/27/2013,02:29:03,0.00,1.67,92.90,960.32,247
4/27/2013 02:29:18,4/27/2013,02:29:18,0.00,1.67,92.90,960.31,247
4/27/2013 02:29:33,4/27/2013,02:29:33,0.00,1.67,92.90,960.32,248
4/27/2013 02:29:48,4/27/2013,02:29:48,0.00,1.67,92.90,960.32,247
4/27/2013 02:30:03,4/27/2013,02:30:03,0.00,1.67,92.90,960.32,247
4/27/2013 02:30:18,4/27/2013,02:30:18,0.00,1.72,92.90,960.32,228
4/27/2013 02:30:33,4/27/2013,02:30:33,0.00,1.75,92.90,960.31,233
4/27/2013 02:30:48,4/27/2013,02:30:48,0.00,1.67,92.90,960.31,234
4/27/2013 02:31:03,4/27/2013,02:31:03,0.00,1.67,92.90,960.31,236
4/27/2013 02:31:18,4/27/2013,02:31:18,0.00,1.67,92.90,960.29,233
4/27/2013 02:31:33,4/27/2013,02:31:33,0.00,1.67,92.90,960.29,241
4/27/2013 02:31:48,4/27/2013,02:31:48,0.00,1.67,92.90,960.31,240
4/27/2013 02:32:03,4/27/2013,02:32:03,0.00,1.75,92.90,960.29,218
4/27/2013 02:32:18,4/27/2013,02:32:18,0.00,1.75,92.90,960.29,245
4/27/2013 02:32:33,4/27/2013,02:32:33,0.00,1.75,92.90,960.28,238
4/27/2013 02:32:48,4/27/2013,02:32:48,0.00,1.72,92.90,960.28,252
4/27/2013 02:33:03,4/27/2013,02:33:03,0.00,1.79,92.90,960.28,275
4/27/2013 02:33:18,4/27/2013,02:33:18,0.00,1.72,92.90,960.28,271
4/27/2013 02:33:33,4/27/2013,02:33:33,0.00,1.67,92.90,960.27,274
4/27/2013 02:33:48,4/27/2013,02:33:48,0.00,1.67,92.90,960.27,264
4/27/2013 02:34:03,4/27/2013,02:34:03,0.00,1.82,92.90,960.27,220
4/27/2013 02:34:18,4/27/2013,02:34:18,0.00,1.75,92.90,960.25,228
4/27/2013 02:34:33,4/27/2013,02:34:33,0.00,1.72,92.90,960.23,245
4/27/2013 02:34:48,4/27/2013,02:34:48,0.00,1.67,92.90,960.23,273
4/27/2013 02:35:03,4/27/2013,02:35:03,0.00,1.72,92.90,960.23,251
4/27/2013 02:35:18,4/27/2013,02:35:18,0.00,1.72,92.90,960.23,285
4/27/2013 02:35:33,4/27/2013,02:35:33,0.00,1.72,92.90,960.24,290
4/27/2013 02:35:48,4/27/2013,02:35:48,0.00,1.75,92.90,960.21,249
4/27/2013 02:36:03,4/27/2013,02:36:03,0.00,1.67,93.00,960.21,252
4/27/2013 02:36:18,4/27/2013,02:36:18,0.00,1.75,92.90,960.21,243
4/27/2013 02:36:33,4/27/2013,02:36:33,0.00,1.75,93.00,960.20,253
4/27/2013 02:36:48,4/27/2013,02:36:48,0.00,1.72,93.00,960.21,249
4/27/2013 02:37:03,4/27/2013,02:37:03,0.00,1.67,93.00,960.21,251
4/27/2013 02:37:18,4/27/2013,02:37:18,0.00,1.67,93.00,960.24,255
4/27/2013 02:37:33,4/27/2013,02:37:33,0.00,1.67,93.00,960.24,233
4/27/2013 02:37:48,4/27/2013,02:37:48,0.00,1.67,93.00,960.25,236
4/27/2013 02:38:03,4/27/2013,02:38:03,0.00,1.67,93.00,960.23,236
4/27/2013 02:38:18,4/27/2013,02:38:18,0.00,1.67,93.00,960.23,245
4/27/2013 02:38:33,4/27/2013,02:38:33,0.00,1.72,93.00,960.23,240
4/27/2013 02:38:48,4/27/2013,02:38:48,0.00,1.67,93.00,960.23,256
4/27/2013 02:39:03,4/27/2013,02:39:03,0.00,1.72,93.00,960.24,260
4/27/2013 02:39:18,4/27/2013,02:39:18,0.00,1.72,93.00,960.24,223
4/27/2013 02:39:33,4/27/2013,02:39:33,0.00,1.75,93.00,960.23,225
4/27/2013 02:39:48,4/27/2013,02:39:48,0.00,1.75,93.00,960.23,245
4/27/2013 02:40:03,4/27/2013,02:40:03,0.00,1.75,93.00,960.20,247
4/27/2013 02:40:18,4/27/2013,02:40:18,0.00,1.67,93.00,960.21,249
4/27/2013 02:40:33,4/27/2013,02:40:33,0.00,1.67,93.00,960.21,249
4/27/2013 02:40:48,4/27/2013,02:40:48,0.00,1.75,93.00,960.20,248
4/27/2013 02:41:03,4/27/2013,02:41:03,0.00,1.67,93.00,960.21,249
4/27/2013 02:41:18,4/27/2013,02:41:18,0.00,1.67,93.00,960.21,255
4/27/2013 02:41:33,4/27/2013,02:41:33,0.00,1.67,93.00,960.21,236
4/27/2013 02:41:48,4/27/2013,02:41:48,0.00,1.72,93.00,960.21,230
4/27/2013 02:42:03,4/27/2013,02:42:03,0.00,1.67,93.00,960.21,231
4/27/2013 02:42:18,4/27/2013,02:42:18,0.00,1.67,93.00,960.21,240
4/27/2013 02:42:33,4/27/2013,02:42:33,0.00,1.60,93.00,960.23,254
4/27/2013 02:42:48,4/27/2013,02:42:48,0.00,1.60,93.00,960.23,258
4/27/2013 02:43:03,4/27/2013,02:43:03,0.00,1.64,93.00,960.24,260
4/27/2013 02:43:18,4/27/2013,02:43:18,0.00,1.67,93.00,960.24,243
4/27/2013 02:43:33,4/27/2013,02:43:33,0.00,1.67,93.00,960.24,243
4/27/2013 02:43:48,4/27/2013,02:43:48,0.00,1.64,93.00,960.24,231
4/27/2013 02:44:03,4/27/2013,02:44:03,0.00,1.60,93.00,960.23,288
4/27/2013 02:44:18,4/27/2013,02:44:18,0.00,1.60,93.00,960.21,287
4/27/2013 02:44:33,4/27/2013,02:44:33,0.00,1.67,93.00,960.20,248
4/27/2013 02:44:48,4/27/2013,02:44:48,0.00,1.60,93.00,960.20,271
4/27/2013 02:45:03,4/27/2013,02:45:03,0.00,1.64,93.00,960.21,280
4/27/2013 02:45:18,4/27/2013,02:45:18,0.00,1.64,93.09,960.20,244
4/27/2013 02:45:33,4/27/2013,02:45:33,0.00,1.67,93.09,960.20,221
4/27/2013 02:45:48,4/27/2013,02:45:48,0.00,1.72,93.09,960.23,225
4/27/2013 02:46:03,4/27/2013,02:46:03,0.00,1.67,93.09,960.23,281
4/27/2013 02:46:18,4/27/2013,02:46:18,0.00,1.67,93.09,960.21,199
4/27/2013 02:46:33,4/27/2013,02:46:33,0.00,1.67,93.09,960.21,251
4/27/2013 02:46:48,4/27/2013,02:46:48,0.00,1.67,93.09,960.23,263
4/27/2013 02:47:03,4/27/2013,02:47:03,0.00,1.75,93.09,960.21,229
4/27/2013 02:47:18,4/27/2013,02:47:18,0.00,1.67,93.09,960.21,238
4/27/2013 02:47:33,4/27/2013,02:47:33,0.00,1.64,93.09,960.21,239
4/27/2013 02:47:48,4/27/2013,02:47:48,0.00,1.60,93.09,960.21,238
4/27/2013 02:48:03,4/27/2013,02:48:03,0.00,1.64,93.09,960.21,240
4/27/2013 02:48:18,4/27/2013,02:48:18,0.00,1.64,93.09,960.23,240
4/27/2013 02:48:33,4/27/2013,02:48:33,0.00,1.60,93.09,960.21,240
4/27/2013 02:48:48,4/27/2013,02:48:48,0.00,1.60,93.09,960.23,231
4/27/2013 02:49:03,4/27/2013,02:49:03,0.00,1.64,93.09,960.23,231
4/27/2013 02:49:18,4/27/2013,02:49:18,0.00,1.60,93.09,960.24,238
4/27/2013 02:49:33,4/27/2013,02:49:33,0.00,1.60,93.09,960.23,238
4/27/2013 02:49:48,4/27/2013,02:49:48,0.00,1.64,93.19,960.20,238
4/27/2013 02:50:03,4/27/2013,02:50:03,0.00,1.60,93.09,960.21,238
4/27/2013 02:50:18,4/27/2013,02:50:18,0.00,1.60,93.09,960.21,238
4/27/2013 02:50:33,4/27/2013,02:50:33,0.00,1.60,93.19,960.23,238
4/27/2013 02:50:48,4/27/2013,02:50:48,0.00,1.60,93.09,960.23,257
4/27/2013 02:51:03,4/27/2013,02:51:03,0.00,1.60,93.19,960.24,247
4/27/2013 02:51:18,4/27/2013,02:51:18,0.00,1.60,93.19,960.24,245
4/27/2013 02:51:33,4/27/2013,02:51:33,0.00,1.60,93.19,960.24,245
4/27/2013 02:51:48,4/27/2013,02:51:48,0.00,1.67,93.19,960.26,298
4/27/2013 02:52:03,4/27/2013,02:52:03,0.00,1.67,93.19,960.24,236
4/27/2013 02:52:18,4/27/2013,02:52:18,0.00,1.67,93.19,960.26,222
4/27/2013 02:52:33,4/27/2013,02:52:33,0.00,1.67,93.19,960.26,229
4/27/2013 02:52:48,4/27/2013,02:52:48,0.00,1.67,93.19,960.27,228
4/27/2013 02:53:03,4/27/2013,02:53:03,0.00,1.60,93.19,960.27,220
4/27/2013 02:53:18,4/27/2013,02:53:18,0.00,1.60,93.19,960.24,221
4/27/2013 02:53:33,4/27/2013,02:53:33,0.00,1.60,93.19,960.24,223
4/27/2013 02:53:48,4/27/2013,02:53:48,0.00,1.60,93.19,960.24,221
4/27/2013 02:54:03,4/27/2013,02:54:03,0.00,1.67,93.30,960.25,224
4/27/2013 02:54:18,4/27/2013,02:54:18,0.00,1.67,93.30,960.26,222
4/27/2013 02:54:33,4/27/2013,02:54:33,0.00,1.67,93.30,960.26,223
4/27/2013 02:54:48,4/27/2013,02:54:48,0.00,1.67,93.30,960.25,231
4/27/2013 02:55:03,4/27/2013,02:55:03,0.00,1.64,93.30,960.24,249
4/27/2013 02:55:18,4/27/2013,02:55:18,0.00,1.60,93.30,960.24,260
4/27/2013 02:55:33,4/27/2013,02:55:33,0.00,1.60,93.30,960.23,246
4/27/2013 02:55:48,4/27/2013,02:55:48,0.00,1.67,93.30,960.23,206
4/27/2013 02:56:03,4/27/2013,02:56:03,0.00,1.60,93.30,960.23,244
4/27/2013 02:56:18,4/27/2013,02:56:18,0.00,1.64,93.30,960.23,243
4/27/2013 02:56:33,4/27/2013,02:56:33,0.00,1.60,93.30,960.23,244
4/27/2013 02:56:48,4/27/2013,02:56:48,0.00,1.60,93.30,960.23,244
4/27/2013 02:57:03,4/27/2013,02:57:03,0.00,1.64,93.30,960.23,185
4/27/2013 02:57:18,4/27/2013,02:57:18,0.00,1.64,93.30,960.23,258
4/27/2013 02:57:33,4/27/2013,02:57:33,0.00,1.67,93.30,960.23,245
4/27/2013 02:57:48,4/27/2013,02:57:48,0.00,1.64,93.30,960.21,244
4/27/2013 02:58:03,4/27/2013,02:58:03,0.00,1.67,93.30,960.23,226
4/27/2013 02:58:18,4/27/2013,02:58:18,0.00,1.64,93.30,960.23,235
4/27/2013 02:58:33,4/27/2013,02:58:33,0.00,1.60,93.30,960.23,270
4/27/2013 02:58:48,4/27/2013,02:58:48,0.00,1.67,93.30,960.21,258
4/27/2013 02:59:03,4/27/2013,02:59:03,0.00,1.67,93.30,960.23,231
4/27/2013 02:59:18,4/27/2013,02:59:18,0.00,1.67,93.30,960.23,256
4/27/2013 02:59:33,4/27/2013,02:59:33,0.00,1.67,93.30,960.24,256
4/27/2013 02:59:48,4/27/2013,02:59:48,0.00,1.60,93.30,960.24,253
4/27/2013 03:00:03,4/27/2013,03:00:03,0.00,1.60,93.30,960.24,253
4/27/2013 03:00:18,4/27/2013,03:00:18,0.00,1.60,93.30,960.24,255
4/27/2013 03:00:33,4/27/2013,03:00:33,0.00,1.60,93.30,960.24,266
4/27/2013 03:00:48,4/27/2013,03:00:48,0.00,1.60,93.30,960.25,266
4/27/2013 03:01:03,4/27/2013,03:01:03,0.00,1.60,93.30,960.26,244
4/27/2013 03:01:18,4/27/2013,03:01:18,0.00,1.60,93.30,960.26,251
4/27/2013 03:01:33,4/27/2013,03:01:33,0.00,1.60,93.30,960.28,251
4/27/2013 03:01:48,4/27/2013,03:01:48,0.00,1.60,93.30,960.27,248
4/27/2013 03:02:03,4/27/2013,03:02:03,0.00,1.60,93.30,960.29,252
4/27/2013 03:02:18,4/27/2013,03:02:18,0.00,1.52,93.30,960.29,253
4/27/2013 03:02:33,4/27/2013,03:02:33,0.00,1.52,93.19,960.31,252
4/27/2013 03:02:48,4/27/2013,03:02:48,0.00,1.52,93.19,960.31,253
4/27/2013 03:03:03,4/27/2013,03:03:03,0.00,1.52,93.19,960.31,253
4/27/2013 03:03:18,4/27/2013,03:03:18,0.00,1.60,93.30,960.33,176
4/27/2013 03:03:33,4/27/2013,03:03:33,0.00,1.54,93.30,960.31,243
4/27/2013 03:03:48,4/27/2013,03:03:48,0.00,1.54,93.30,960.32,293
4/27/2013 03:04:03,4/27/2013,03:04:03,0.00,1.54,93.30,960.32,251
4/27/2013 03:04:18,4/27/2013,03:04:18,0.00,1.52,93.30,960.29,293
4/27/2013 03:04:33,4/27/2013,03:04:33,0.00,1.52,93.30,960.31,300
4/27/2013 03:04:48,4/27/2013,03:04:48,0.00,1.52,93.30,960.32,298
4/27/2013 03:05:03,4/27/2013,03:05:03,0.00,1.52,93.30,960.32,271
4/27/2013 03:05:18,4/27/2013,03:05:18,0.00,1.52,93.30,960.31,245
4/27/2013 03:05:33,4/27/2013,03:05:33,0.00,1.60,93.30,960.29,216
4/27/2013 03:05:48,4/27/2013,03:05:48,0.00,1.52,93.30,960.29,221
4/27/2013 03:06:03,4/27/2013,03:06:03,0.00,1.54,93.30,960.29,255
4/27/2013 03:06:18,4/27/2013,03:06:18,0.00,1.60,93.30,960.29,251
4/27/2013 03:06:33,4/27/2013,03:06:33,0.00,1.60,93.40,960.28,211
4/27/2013 03:06:48,4/27/2013,03:06:48,0.00,1.60,93.40,960.28,188
4/27/2013 03:07:03,4/27/2013,03:07:03,0.00,1.60,93.40,960.28,241
4/27/2013 03:07:18,4/27/2013,03:07:18,0.00,1.64,93.40,960.27,235
4/27/2013 03:07:33,4/27/2013,03:07:33,0.00,1.67,93.40,960.26,223
4/27/2013 03:07:48,4/27/2013,03:07:48,0.00,1.60,93.40,960.28,250
4/27/2013 03:08:03,4/27/2013,03:08:03,0.00,1.67,93.40,960.29,178
4/27/2013 03:08:18,4/27/2013,03:08:18,0.00,1.67,93.40,960.31,221
4/27/2013 03:08:33,4/27/2013,03:08:33,0.00,1.67,93.40,960.29,243
4/27/2013 03:08:48,4/27/2013,03:08:48,0.00,1.67,93.40,960.29,287
4/27/2013 03:09:03,4/27/2013,03:09:03,0.00,1.75,93.50,960.31,262
4/27/2013 03:09:18,4/27/2013,03:09:18,0.00,1.82,93.50,960.31,278
4/27/2013 03:09:33,4/27/2013,03:09:33,0.00,1.82,93.50,960.28,246
4/27/2013 03:09:48,4/27/2013,03:09:48,0.00,2.02,93.50,960.26,256
4/27/2013 03:10:03,4/27/2013,03:10:03,0.00,2.00,93.50,960.26,184
4/27/2013 03:10:18,4/27/2013,03:10:18,0.00,1.82,93.50,960.26,230
4/27/2013 03:10:33,4/27/2013,03:10:33,0.00,1.87,93.50,960.25,193
4/27/2013 03:10:48,4/27/2013,03:10:48,0.00,1.87,93.50,960.25,201
4/27/2013 03:11:03,4/27/2013,03:11:03,0.00,1.82,93.40,960.24,325
4/27/2013 03:11:18,4/27/2013,03:11:18,0.00,1.82,93.40,960.25,282
4/27/2013 03:11:33,4/27/2013,03:11:33,0.00,1.82,93.40,960.26,266
4/27/2013 03:11:48,4/27/2013,03:11:48,0.00,1.79,93.40,960.26,245
4/27/2013 03:12:03,4/27/2013,03:12:03,0.00,1.75,93.40,960.27,258
4/27/2013 03:12:18,4/27/2013,03:12:18,0.00,1.82,93.40,960.27,201
4/27/2013 03:12:33,4/27/2013,03:12:33,0.00,1.79,93.40,960.26,345
4/27/2013 03:12:48,4/27/2013,03:12:48,0.00,1.82,93.40,960.27,267
4/27/2013 03:13:03,4/27/2013,03:13:03,0.00,2.00,93.50,960.27,242
4/27/2013 03:13:18,4/27/2013,03:13:18,0.00,1.92,93.50,960.26,175
4/27/2013 03:13:33,4/27/2013,03:13:33,0.00,1.92,93.50,960.26,236
4/27/2013 03:13:48,4/27/2013,03:13:48,0.00,1.92,93.40,960.26,300
4/27/2013 03:14:03,4/27/2013,03:14:03,0.00,2.00,93.40,960.26,279
4/27/2013 03:14:18,4/27/2013,03:14:18,0.00,1.95,93.50,960.28,223
4/27/2013 03:14:33,4/27/2013,03:14:33,0.00,1.92,93.40,960.27,223
4/27/2013 03:14:48,4/27/2013,03:14:48,0.00,1.87,93.40,960.28,223
4/27/2013 03:15:03,4/27/2013,03:15:03,0.00,2.00,93.40,960.29,264
4/27/2013 03:15:18,4/27/2013,03:15:18,0.00,2.07,93.50,960.28,276
4/27/2013 03:15:33,4/27/2013,03:15:33,0.00,2.00,93.50,960.29,262
4/27/2013 03:15:48,4/27/2013,03:15:48,0.00,1.92,93.40,960.29,262
4/27/2013 03:16:03,4/27/2013,03:16:03,0.00,2.00,93.40,960.29,296
4/27/2013 03:16:18,4/27/2013,03:16:18,0.00,2.07,93.50,960.31,279
4/27/2013 03:16:33,4/27/2013,03:16:33,0.00,2.07,93.50,960.29,281
4/27/2013 03:16:48,4/27/2013,03:16:48,0.00,2.15,93.50,960.28,352
4/27/2013 03:17:03,4/27/2013,03:17:03,0.00,2.15,93.40,960.29,287
4/27/2013 03:17:18,4/27/2013,03:17:18,0.00,2.12,93.40,960.29,200
4/27/2013 03:17:33,4/27/2013,03:17:33,0.00,2.07,93.40,960.27,157
4/27/2013 03:17:48,4/27/2013,03:17:48,0.00,2.00,93.40,960.27,321
4/27/2013 03:18:03,4/27/2013,03:18:03,0.00,2.15,93.40,960.27,280
4/27/2013 03:18:18,4/27/2013,03:18:18,0.00,2.15,93.40,960.28,275
4/27/2013 03:18:33,4/27/2013,03:18:33,0.00,2.12,93.40,960.27,192
4/27/2013 03:18:48,4/27/2013,03:18:48,0.00,2.07,93.30,960.27,182
4/27/2013 03:19:03,4/27/2013,03:19:03,0.00,2.02,93.30,960.28,286
4/27/2013 03:19:18,4/27/2013,03:19:18,0.00,2.15,93.30,960.28,289
4/27/2013 03:19:33,4/27/2013,03:19:33,0.00,2.20,93.40,960.28,270
4/27/2013 03:19:48,4/27/2013,03:19:48,0.00,2.12,93.30,960.26,169
4/27/2013 03:20:03,4/27/2013,03:20:03,0.00,2.15,93.30,960.26,293
4/27/2013 03:20:18,4/27/2013,03:20:18,0.00,2.15,93.30,960.26,283
4/27/2013 03:20:33,4/27/2013,03:20:33,0.00,2.15,93.30,960.27,274
4/27/2013 03:20:48,4/27/2013,03:20:48,0.00,2.07,93.30,960.26,274
4/27/2013 03:21:03,4/27/2013,03:21:03,0.00,2.02,93.30,960.28,287
4/27/2013 03:21:18,4/27/2013,03:21:18,0.00,2.15,93.30,960.28,295
4/27/2013 03:21:33,4/27/2013,03:21:33,0.00,2.07,93.30,960.28,239
4/27/2013 03:21:48,4/27/2013,03:21:48,0.00,2.02,93.30,960.27,269
4/27/2013 03:22:03,4/27/2013,03:22:03,0.00,2.00,93.19,960.28,275
4/27/2013 03:22:18,4/27/2013,03:22:18,0.00,2.07,93.30,960.28,273
4/27/2013 03:22:33,4/27/2013,03:22:33,0.00,2.00,93.19,960.29,274
4/27/2013 03:22:48,4/27/2013,03:22:48,0.00,2.07,93.30,960.28,304
4/27/2013 03:23:03,4/27/2013,03:23:03,0.00,2.07,93.30,960.28,219
4/27/2013 03:23:18,4/27/2013,03:23:18,0.00,2.07,93.30,960.28,201
4/27/2013 03:23:33,4/27/2013,03:23:33,0.00,2.00,93.19,960.29,231
4/27/2013 03:23:48,4/27/2013,03:23:48,0.00,2.07,93.30,960.28,293
4/27/2013 03:24:03,4/27/2013,03:24:03,0.00,2.00,93.30,960.28,295
4/27/2013 03:24:18,4/27/2013,03:24:18,0.00,2.00,93.30,960.29,133
4/27/2013 03:24:33,4/27/2013,03:24:33,0.00,2.02,93.30,960.29,300
4/27/2013 03:24:48,4/27/2013,03:24:48,0.00,2.07,93.30,960.28,190
4/27/2013 03:25:03,4/27/2013,03:25:03,0.00,2.02,93.30,960.29,326
4/27/2013 03:25:18,4/27/2013,03:25:18,0.00,2.15,93.30,960.29,291
4/27/2013 03:25:33,4/27/2013,03:25:33,0.00,2.07,93.30,960.27,285
4/27/2013 03:25:48,4/27/2013,03:25:48,0.00,2.02,93.30,960.28,163
4/27/2013 03:26:03,4/27/2013,03:26:03,0.00,2.07,93.30,960.27,195
4/27/2013 03:26:18,4/27/2013,03:26:18,0.00,2.07,93.19,960.26,258
4/27/2013 03:26:33,4/27/2013,03:26:33,0.00,2.02,93.19,960.26,282
4/27/2013 03:26:48,4/27/2013,03:26:48,0.00,2.07,93.19,960.27,279
4/27/2013 03:27:03,4/27/2013,03:27:03,0.00,2.00,93.19,960.27,216
4/27/2013 03:27:18,4/27/2013,03:27:18,0.00,2.07,93.19,960.26,243
4/27/2013 03:27:33,4/27/2013,03:27:33,0.00,2.02,93.19,960.26,236
4/27/2013 03:27:48,4/27/2013,03:27:48,0.00,2.00,93.09,960.27,239
4/27/2013 03:28:03,4/27/2013,03:28:03,0.00,2.00,93.09,960.27,245
4/27/2013 03:28:18,4/27/2013,03:28:18,0.00,2.00,93.09,960.26,244
4/27/2013 03:28:33,4/27/2013,03:28:33,0.00,2.00,93.09,960.26,294
4/27/2013 03:28:48,4/27/2013,03:28:48,0.00,1.92,93.09,960.28,233
4/27/2013 03:29:03,4/27/2013,03:29:03,0.00,2.00,93.09,960.28,167
4/27/2013 03:29:18,4/27/2013,03:29:18,0.00,1.95,93.09,960.28,202
4/27/2013 03:29:33,4/27/2013,03:29:33,0.00,1.92,93.09,960.29,313
4/27/2013 03:29:48,4/27/2013,03:29:48,0.00,1.92,93.09,960.28,265
4/27/2013 03:30:03,4/27/2013,03:30:03,0.00,1.92,93.09,960.28,262
4/27/2013 03:30:18,4/27/2013,03:30:18,0.00,1.92,93.09,960.31,234
4/27/2013 03:30:33,4/27/2013,03:30:33,0.00,1.87,93.09,960.31,288
4/27/2013 03:30:48,4/27/2013,03:30:48,0.00,1.87,93.09,960.28,319
4/27/2013 03:31:03,4/27/2013,03:31:03,0.00,1.92,93.09,960.31,327
4/27/2013 03:31:18,4/27/2013,03:31:18,0.00,1.82,93.00,960.31,267
4/27/2013 03:31:33,4/27/2013,03:31:33,0.00,1.82,93.00,960.29,270
4/27/2013 03:31:48,4/27/2013,03:31:48,0.00,1.82,93.00,960.29,232
4/27/2013 03:32:03,4/27/2013,03:32:03,0.00,1.82,93.00,960.28,230
4/27/2013 03:32:18,4/27/2013,03:32:18,0.00,1.79,93.00,960.28,241
4/27/2013 03:32:33,4/27/2013,03:32:33,0.00,1.82,93.00,960.29,282
4/27/2013 03:32:48,4/27/2013,03:32:48,0.00,1.75,93.00,960.28,285
4/27/2013 03:33:03,4/27/2013,03:33:03,0.00,1.95,93.09,960.29,290
4/27/2013 03:33:18,4/27/2013,03:33:18,0.00,1.92,93.09,960.28,215
4/27/2013 03:33:33,4/27/2013,03:33:33,0.00,1.82,93.09,960.29,247
4/27/2013 03:33:48,4/27/2013,03:33:48,0.00,1.82,93.09,960.28,229
4/27/2013 03:34:03,4/27/2013,03:34:03,0.00,1.92,93.09,960.28,309
4/27/2013 03:34:18,4/27/2013,03:34:18,0.00,2.00,93.19,960.29,243
4/27/2013 03:34:33,4/27/2013,03:34:33,0.00,1.95,93.19,960.31,202
4/27/2013 03:34:48,4/27/2013,03:34:48,0.00,1.92,93.19,960.29,212
4/27/2013 03:35:03,4/27/2013,03:35:03,0.00,1.92,93.19,960.31,195
4/27/2013 03:35:18,4/27/2013,03:35:18,0.00,1.87,93.19,960.31,207
4/27/2013 03:35:33,4/27/2013,03:35:33,0.00,1.92,93.19,960.32,208
4/27/2013 03:35:48,4/27/2013,03:35:48,0.00,1.92,93.19,960.32,236
4/27/2013 03:36:03,4/27/2013,03:36:03,0.00,1.82,93.19,960.32,280
4/27/2013 03:36:18,4/27/2013,03:36:18,0.00,1.82,93.19,960.31,303
4/27/2013 03:36:33,4/27/2013,03:36:33,0.00,1.79,93.19,960.31,291
4/27/2013 03:36:48,4/27/2013,03:36:48,0.00,1.82,93.19,960.31,202
4/27/2013 03:37:03,4/27/2013,03:37:03,0.00,1.82,93.19,960.29,244
4/27/2013 03:37:18,4/27/2013,03:37:18,0.00,1.75,93.09,960.31,306
4/27/2013 03:37:33,4/27/2013,03:37:33,0.00,1.82,93.19,960.32,255
4/27/2013 03:37:48,4/27/2013,03:37:48,0.00,1.82,93.19,960.32,243
4/27/2013 03:38:03,4/27/2013,03:38:03,0.00,1.75,93.19,960.32,248
4/27/2013 03:38:18,4/27/2013,03:38:18,0.00,1.75,93.19,960.31,255
4/27/2013 03:38:33,4/27/2013,03:38:33,0.00,1.79,93.19,960.32,281
4/27/2013 03:38:48,4/27/2013,03:38:48,0.00,1.75,93.19,960.32,255
4/27/2013 03:39:03,4/27/2013,03:39:03,0.00,1.79,93.19,960.31,254
4/27/2013 03:39:18,4/27/2013,03:39:18,0.00,1.82,93.19,960.31,201
4/27/2013 03:39:33,4/27/2013,03:39:33,0.00,1.82,93.19,960.31,244
4/27/2013 03:39:48,4/27/2013,03:39:48,0.00,1.75,93.19,960.31,280
4/27/2013 03:40:03,4/27/2013,03:40:03,0.00,1.75,93.19,960.31,296
4/27/2013 03:40:18,4/27/2013,03:40:18,0.00,1.82,93.19,960.29,271
4/27/2013 03:40:33,4/27/2013,03:40:33,0.00,1.82,93.19,960.31,164
4/27/2013 03:40:48,4/27/2013,03:40:48,0.00,1.75,93.19,960.29,301
4/27/2013 03:41:03,4/27/2013,03:41:03,0.00,1.92,93.30,960.28,288
4/27/2013 03:41:18,4/27/2013,03:41:18,0.00,1.92,93.30,960.29,244
4/27/2013 03:41:33,4/27/2013,03:41:33,0.00,1.82,93.19,960.28,223
4/27/2013 03:41:48,4/27/2013,03:41:48,0.00,1.75,93.30,960.28,237
4/27/2013 03:42:03,4/27/2013,03:42:03,0.00,1.75,93.30,960.31,261
4/27/2013 03:42:18,4/27/2013,03:42:18,0.00,1.82,93.30,960.31,265
4/27/2013 03:42:33,4/27/2013,03:42:33,0.00,1.79,93.30,960.31,281
4/27/2013 03:42:48,4/27/2013,03:42:48,0.00,1.75,93.30,960.28,253
4/27/2013 03:43:03,4/27/2013,03:43:03,0.00,1.82,93.30,960.27,169
4/27/2013 03:43:18,4/27/2013,03:43:18,0.00,1.75,93.30,960.28,179
4/27/2013 03:43:33,4/27/2013,03:43:33,0.00,1.79,93.30,960.28,332
4/27/2013 03:43:48,4/27/2013,03:43:48,0.00,1.75,93.30,960.28,253
4/27/2013 03:44:03,4/27/2013,03:44:03,0.00,1.75,93.30,960.28,255
4/27/2013 03:44:18,4/27/2013,03:44:18,0.00,1.75,93.30,960.28,336
4/27/2013 03:44:33,4/27/2013,03:44:33,0.00,1.79,93.40,960.28,298
4/27/2013 03:44:48,4/27/2013,03:44:48,0.00,1.75,93.40,960.31,303
4/27/2013 03:45:03,4/27/2013,03:45:03,0.00,1.82,93.40,960.31,296
4/27/2013 03:45:18,4/27/2013,03:45:18,0.00,1.79,93.40,960.31,210
4/27/2013 03:45:33,4/27/2013,03:45:33,0.00,1.79,93.40,960.31,209
4/27/2013 03:45:48,4/27/2013,03:45:48,0.00,1.82,93.40,960.29,221
4/27/2013 03:46:03,4/27/2013,03:46:03,0.00,1.82,93.40,960.31,342
4/27/2013 03:46:18,4/27/2013,03:46:18,0.00,1.75,93.40,960.29,342
4/27/2013 03:46:33,4/27/2013,03:46:33,0.00,1.82,93.40,960.31,270
4/27/2013 03:46:48,4/27/2013,03:46:48,0.00,1.75,93.40,960.32,270
4/27/2013 03:47:03,4/27/2013,03:47:03,0.00,1.82,93.40,960.32,276
4/27/2013 03:47:18,4/27/2013,03:47:18,0.00,1.82,93.50,960.32,275
4/27/2013 03:47:33,4/27/2013,03:47:33,0.00,1.75,93.50,960.33,281
4/27/2013 03:47:48,4/27/2013,03:47:48,0.00,1.75,93.50,960.32,279
4/27/2013 03:48:03,4/27/2013,03:48:03,0.00,1.75,93.50,960.31,253
4/27/2013 03:48:18,4/27/2013,03:48:18,0.00,1.79,93.50,960.31,201
4/27/2013 03:48:33,4/27/2013,03:48:33,0.00,1.87,93.50,960.32,142
4/27/2013 03:48:48,4/27/2013,03:48:48,0.00,1.82,93.50,960.32,340
4/27/2013 03:49:03,4/27/2013,03:49:03,0.00,1.87,93.50,960.32,310
4/27/2013 03:49:18,4/27/2013,03:49:18,0.00,2.00,93.50,960.32,298
4/27/2013 03:49:33,4/27/2013,03:49:33,0.00,2.00,93.50,960.31,264
4/27/2013 03:49:48,4/27/2013,03:49:48,0.00,1.92,93.50,960.32,259
4/27/2013 03:50:03,4/27/2013,03:50:03,0.00,1.82,93.50,960.31,269
4/27/2013 03:50:18,4/27/2013,03:50:18,0.00,1.82,93.50,960.31,253
4/27/2013 03:50:33,4/27/2013,03:50:33,0.00,1.82,93.50,960.31,276
4/27/2013 03:50:48,4/27/2013,03:50:48,0.00,1.92,93.50,960.31,295
4/27/2013 03:51:03,4/27/2013,03:51:03,0.00,1.82,93.50,960.31,236
4/27/2013 03:51:18,4/27/2013,03:51:18,0.00,1.82,93.50,960.31,237
4/27/2013 03:51:33,4/27/2013,03:51:33,0.00,1.92,93.50,960.31,202
4/27/2013 03:51:48,4/27/2013,03:51:48,0.00,1.92,93.50,960.32,184
4/27/2013 03:52:03,4/27/2013,03:52:03,0.00,1.82,93.50,960.32,212
4/27/2013 03:52:18,4/27/2013,03:52:18,0.00,1.87,93.59,960.32,207
4/27/2013 03:52:33,4/27/2013,03:52:33,0.00,1.82,93.50,960.32,236
4/27/2013 03:52:48,4/27/2013,03:52:48,0.00,1.82,93.50,960.31,272
4/27/2013 03:53:03,4/27/2013,03:53:03,0.00,1.82,93.59,960.29,242
4/27/2013 03:53:18,4/27/2013,03:53:18,0.00,1.82,93.59,960.31,179
4/27/2013 03:53:33,4/27/2013,03:53:33,0.00,1.79,93.59,960.31,180
4/27/2013 03:53:48,4/27/2013,03:53:48,0.00,1.75,93.50,960.31,239
4/27/2013 03:54:03,4/27/2013,03:54:03,0.00,1.79,93.59,960.31,294
4/27/2013 03:54:18,4/27/2013,03:54:18,0.00,1.75,93.59,960.31,325
4/27/2013 03:54:33,4/27/2013,03:54:33,0.00,1.82,93.59,960.32,186
4/27/2013 03:54:48,4/27/2013,03:54:48,0.00,1.82,93.59,960.32,200
4/27/2013 03:55:03,4/27/2013,03:55:03,0.00,1.82,93.59,960.33,247
4/27/2013 03:55:18,4/27/2013,03:55:18,0.00,1.82,93.59,960.33,317
4/27/2013 03:55:33,4/27/2013,03:55:33,0.00,1.82,93.59,960.33,310
4/27/2013 03:55:48,4/27/2013,03:55:48,0.00,1.75,93.50,960.32,311
4/27/2013 03:56:03,4/27/2013,03:56:03,0.00,1.75,93.59,960.32,312
4/27/2013 03:56:18,4/27/2013,03:56:18,0.00,1.75,93.69,960.33,41
4/27/2013 03:56:33,4/27/2013,03:56:33,0.00,1.72,93.59,960.33,319
4/27/2013 03:56:48,4/27/2013,03:56:48,0.00,1.75,93.59,960.33,309
4/27/2013 03:57:03,4/27/2013,03:57:03,0.00,1.87,93.59,960.33,307
4/27/2013 03:57:18,4/27/2013,03:57:18,0.00,1.82,93.59,960.32,288
4/27/2013 03:57:33,4/27/2013,03:57:33,0.00,1.82,93.59,960.32,240
4/27/2013 03:57:48,4/27/2013,03:57:48,0.00,1.79,93.59,960.31,231
4/27/2013 03:58:03,4/27/2013,03:58:03,0.00,1.82,93.59,960.31,227
4/27/2013 03:58:18,4/27/2013,03:58:18,0.00,1.82,93.59,960.31,227
4/27/2013 03:58:33,4/27/2013,03:58:33,0.00,1.82,93.59,960.29,218
4/27/2013 03:58:48,4/27/2013,03:58:48,0.00,1.82,93.59,960.31,218
4/27/2013 03:59:03,4/27/2013,03:59:03,0.00,1.82,93.59,960.31,219
4/27/2013 03:59:18,4/27/2013,03:59:18,0.00,1.79,93.59,960.31,276
4/27/2013 03:59:33,4/27/2013,03:59:33,0.00,1.75,93.59,960.31,278
4/27/2013 03:59:48,4/27/2013,03:59:48,0.00,1.75,93.50,960.31,221
4/27/2013 04:00:03,4/27/2013,04:00:03,0.00,1.75,93.59,960.31,229
4/27/2013 04:00:18,4/27/2013,04:00:18,0.00,1.75,93.59,960.31,230
4/27/2013 04:00:33,4/27/2013,04:00:33,0.00,1.75,93.59,960.29,223
4/27/2013 04:00:48,4/27/2013,04:00:48,0.00,1.79,93.59,960.28,229
4/27/2013 04:01:03,4/27/2013,04:01:03,0.00,1.75,93.59,960.28,275
4/27/2013 04:01:18,4/27/2013,04:01:18,0.00,1.72,93.50,960.29,308
4/27/2013 04:01:33,4/27/2013,04:01:33,0.00,1.82,93.59,960.29,268
4/27/2013 04:01:48,4/27/2013,04:01:48,0.00,1.82,93.59,960.28,240
4/27/2013 04:02:03,4/27/2013,04:02:03,0.00,1.75,93.50,960.28,235
4/27/2013 04:02:18,4/27/2013,04:02:18,0.00,1.75,93.50,960.28,235
4/27/2013 04:02:33,4/27/2013,04:02:33,0.00,1.75,93.50,960.28,227
4/27/2013 04:02:48,4/27/2013,04:02:48,0.00,1.75,93.50,960.29,215
4/27/2013 04:03:03,4/27/2013,04:03:03,0.00,1.75,93.50,960.28,217
4/27/2013 04:03:18,4/27/2013,04:03:18,0.00,1.75,93.50,960.27,220
4/27/2013 04:03:33,4/27/2013,04:03:33,0.00,1.72,93.50,960.28,220
4/27/2013 04:03:48,4/27/2013,04:03:48,0.00,1.67,93.50,960.29,220
4/27/2013 04:04:03,4/27/2013,04:04:03,0.00,1.67,93.50,960.28,217
4/27/2013 04:04:18,4/27/2013,04:04:18,0.00,1.67,93.50,960.31,252
4/27/2013 04:04:33,4/27/2013,04:04:33,0.00,1.67,93.50,960.32,267
4/27/2013 04:04:48,4/27/2013,04:04:48,0.00,1.64,93.50,960.33,267
4/27/2013 04:05:03,4/27/2013,04:05:03,0.00,1.64,93.50,960.33,272
4/27/2013 04:05:18,4/27/2013,04:05:18,0.00,1.67,93.50,960.33,320
4/27/2013 04:05:33,4/27/2013,04:05:33,0.00,1.64,93.50,960.33,244
4/27/2013 04:05:48,4/27/2013,04:05:48,0.00,1.64,93.50,960.33,222
4/27/2013 04:06:03,4/27/2013,04:06:03,0.00,1.60,93.50,960.34,223
4/27/2013 04:06:18,4/27/2013,04:06:18,0.00,1.64,93.50,960.33,224
4/27/2013 04:06:33,4/27/2013,04:06:33,0.00,1.67,93.50,960.33,222
4/27/2013 04:06:48,4/27/2013,04:06:48,0.00,1.72,93.50,960.33,194
4/27/2013 04:07:03,4/27/2013,04:07:03,0.00,1.75,93.50,960.33,199
4/27/2013 04:07:18,4/27/2013,04:07:18,0.00,1.72,93.50,960.31,210
4/27/2013 04:07:33,4/27/2013,04:07:33,0.00,1.67,93.50,960.32,238
4/27/2013 04:07:48,4/27/2013,04:07:48,0.00,1.67,93.50,960.32,237
4/27/2013 04:08:03,4/27/2013,04:08:03,0.00,1.64,93.50,960.31,233
4/27/2013 04:08:18,4/27/2013,04:08:18,0.00,1.72,93.50,960.31,229
4/27/2013 04:08:33,4/27/2013,04:08:33,0.00,1.67,93.50,960.31,235
4/27/2013 04:08:48,4/27/2013,04:08:48,0.00,1.72,93.50,960.29,204
4/27/2013 04:09:03,4/27/2013,04:09:03,0.00,1.67,93.40,960.31,295
4/27/2013 04:09:18,4/27/2013,04:09:18,0.00,1.67,93.40,960.29,270
4/27/2013 04:09:33,4/27/2013,04:09:33,0.00,1.67,93.40,960.28,233
4/27/2013 04:09:48,4/27/2013,04:09:48,0.00,1.72,93.40,960.28,214
4/27/2013 04:10:03,4/27/2013,04:10:03,0.00,1.67,93.40,960.27,239
4/27/2013 04:10:18,4/27/2013,04:10:18,0.00,1.67,93.40,960.28,237
4/27/2013 04:10:33,4/27/2013,04:10:33,0.00,1.67,93.40,960.28,223
4/27/2013 04:10:48,4/27/2013,04:10:48,0.00,1.67,93.40,960.28,252
4/27/2013 04:11:03,4/27/2013,04:11:03,0.00,1.67,93.40,960.28,239
4/27/2013 04:11:18,4/27/2013,04:11:18,0.00,1.67,93.40,960.28,246
4/27/2013 04:11:33,4/27/2013,04:11:33,0.00,1.60,93.30,960.27,221
4/27/2013 04:11:48,4/27/2013,04:11:48,0.00,1.60,93.30,960.24,253
4/27/2013 04:12:03,4/27/2013,04:12:03,0.00,1.67,93.30,960.23,191
4/27/2013 04:12:18,4/27/2013,04:12:18,0.00,1.67,93.40,960.24,237
4/27/2013 04:12:33,4/27/2013,04:12:33,0.00,1.64,93.30,960.25,243
4/27/2013 04:12:48,4/27/2013,04:12:48,0.00,1.60,93.30,960.25,243
4/27/2013 04:13:03,4/27/2013,04:13:03,0.00,1.67,93.30,960.25,232
4/27/2013 04:13:18,4/27/2013,04:13:18,0.00,1.64,93.30,960.24,231
4/27/2013 04:13:33,4/27/2013,04:13:33,0.00,1.67,93.30,960.23,207
4/27/2013 04:13:48,4/27/2013,04:13:48,0.00,1.64,93.30,960.21,238
4/27/2013 04:14:03,4/27/2013,04:14:03,0.00,1.67,93.30,960.21,238
4/27/2013 04:14:18,4/27/2013,04:14:18,0.00,1.67,93.30,960.21,237
4/27/2013 04:14:33,4/27/2013,04:14:33,0.00,1.67,93.30,960.21,204
4/27/2013 04:14:48,4/27/2013,04:14:48,0.00,1.67,93.30,960.23,241
4/27/2013 04:15:03,4/27/2013,04:15:03,0.00,1.64,93.40,960.21,269
4/27/2013 04:15:18,4/27/2013,04:15:18,0.00,1.60,93.30,960.21,271
4/27/2013 04:15:33,4/27/2013,04:15:33,0.00,1.54,93.30,960.21,272
4/27/2013 04:15:48,4/27/2013,04:15:48,0.00,1.52,93.30,960.24,271
4/27/2013 04:16:03,4/27/2013,04:16:03,0.00,1.52,93.30,960.25,266
4/27/2013 04:16:18,4/27/2013,04:16:18,0.00,1.54,93.30,960.26,297
4/27/2013 04:16:33,4/27/2013,04:16:33,0.00,1.52,93.30,960.26,294
4/27/2013 04:16:48,4/27/2013,04:16:48,0.00,1.52,93.30,960.24,287
4/27/2013 04:17:03,4/27/2013,04:17:03,0.00,1.54,93.30,960.24,194
4/27/2013 04:17:18,4/27/2013,04:17:18,0.00,1.54,93.30,960.25,233
4/27/2013 04:17:33,4/27/2013,04:17:33,0.00,1.60,93.30,960.25,232
4/27/2013 04:17:48,4/27/2013,04:17:48,0.00,1.52,93.30,960.24,248
4/27/2013 04:18:03,4/27/2013,04:18:03,0.00,1.52,93.30,960.24,248
4/27/2013 04:18:18,4/27/2013,04:18:18,0.00,1.52,93.30,960.24,248
4/27/2013 04:18:33,4/27/2013,04:18:33,0.00,1.54,93.30,960.24,243
4/27/2013 04:18:48,4/27/2013,04:18:48,0.00,1.52,93.40,960.24,243
4/27/2013 04:19:03,4/27/2013,04:19:03,0.00,1.60,93.40,960.24,215
4/27/2013 04:19:18,4/27/2013,04:19:18,0.00,1.54,93.40,960.25,282
4/27/2013 04:19:33,4/27/2013,04:19:33,0.00,1.52,93.40,960.24,267
4/27/2013 04:19:48,4/27/2013,04:19:48,0.00,1.52,93.40,960.24,237
4/27/2013 04:20:03,4/27/2013,04:20:03,0.00,1.52,93.40,960.25,330
4/27/2013 04:20:18,4/27/2013,04:20:18,0.00,1.52,93.40,960.26,319
4/27/2013 04:20:33,4/27/2013,04:20:33,0.00,1.52,93.40,960.26,211
4/27/2013 04:20:48,4/27/2013,04:20:48,0.00,1.52,93.40,960.25,295
4/27/2013 04:21:03,4/27/2013,04:21:03,0.00,1.52,93.40,960.24,223
4/27/2013 04:21:18,4/27/2013,04:21:18,0.00,1.52,93.40,960.24,289
4/27/2013 04:21:33,4/27/2013,04:21:33,0.00,1.52,93.40,960.25,248
4/27/2013 04:21:48,4/27/2013,04:21:48,0.00,1.47,93.40,960.24,252
4/27/2013 04:22:03,4/27/2013,04:22:03,0.00,1.47,93.40,960.25,254
4/27/2013 04:22:18,4/27/2013,04:22:18,0.00,1.47,93.40,960.23,254
4/27/2013 04:22:33,4/27/2013,04:22:33,0.00,1.52,93.40,960.21,254
4/27/2013 04:22:48,4/27/2013,04:22:48,0.00,1.60,93.50,960.20,221
4/27/2013 04:23:03,4/27/2013,04:23:03,0.00,1.52,93.40,960.20,212
4/27/2013 04:23:18,4/27/2013,04:23:18,0.00,1.52,93.50,960.20,240
4/27/2013 04:23:33,4/27/2013,04:23:33,0.00,1.52,93.50,960.20,237
4/27/2013 04:23:48,4/27/2013,04:23:48,0.00,1.52,93.50,960.19,240
4/27/2013 04:24:03,4/27/2013,04:24:03,0.00,1.54,93.40,960.19,233
4/27/2013 04:24:18,4/27/2013,04:24:18,0.00,1.54,93.50,960.18,224
4/27/2013 04:24:33,4/27/2013,04:24:33,0.00,1.60,93.50,960.18,232
4/27/2013 04:24:48,4/27/2013,04:24:48,0.00,1.60,93.50,960.18,232
4/27/2013 04:25:03,4/27/2013,04:25:03,0.00,1.54,93.50,960.17,251
4/27/2013 04:25:18,4/27/2013,04:25:18,0.00,1.60,93.50,960.17,230
4/27/2013 04:25:33,4/27/2013,04:25:33,0.00,1.60,93.50,960.17,198
4/27/2013 04:25:48,4/27/2013,04:25:48,0.00,1.60,93.50,960.17,202
4/27/2013 04:26:03,4/27/2013,04:26:03,0.00,1.67,93.50,960.17,219
4/27/2013 04:26:18,4/27/2013,04:26:18,0.00,1.72,93.50,960.14,214
4/27/2013 04:26:33,4/27/2013,04:26:33,0.00,1.67,93.40,960.13,224
4/27/2013 04:26:48,4/27/2013,04:26:48,0.00,1.67,93.40,960.12,222
4/27/2013 04:27:03,4/27/2013,04:27:03,0.00,1.67,93.40,960.12,256
4/27/2013 04:27:18,4/27/2013,04:27:18,0.00,1.60,93.30,960.13,262
4/27/2013 04:27:33,4/27/2013,04:27:33,0.00,1.60,93.30,960.13,250
4/27/2013 04:27:48,4/27/2013,04:27:48,0.00,1.60,93.30,960.12,246
4/27/2013 04:28:03,4/27/2013,04:28:03,0.00,1.60,93.30,960.12,263
4/27/2013 04:28:18,4/27/2013,04:28:18,0.00,1.60,93.30,960.14,191
4/27/2013 04:28:33,4/27/2013,04:28:33,0.00,1.60,93.30,960.13,265
4/27/2013 04:28:48,4/27/2013,04:28:48,0.00,1.60,93.30,960.14,306
4/27/2013 04:29:03,4/27/2013,04:29:03,0.00,1.54,93.30,960.16,306
4/27/2013 04:29:18,4/27/2013,04:29:18,0.00,1.54,93.30,960.18,208
4/27/2013 04:29:33,4/27/2013,04:29:33,0.00,1.64,93.40,960.18,198
4/27/2013 04:29:48,4/27/2013,04:29:48,0.00,1.60,93.30,960.18,300
4/27/2013 04:30:03,4/27/2013,04:30:03,0.00,1.67,93.40,960.18,288
4/27/2013 04:30:18,4/27/2013,04:30:18,0.00,1.60,93.40,960.17,286
4/27/2013 04:30:33,4/27/2013,04:30:33,0.00,1.60,93.40,960.18,293
4/27/2013 04:30:48,4/27/2013,04:30:48,0.00,1.54,93.40,960.18,206
4/27/2013 04:31:03,4/27/2013,04:31:03,0.00,1.52,93.40,960.19,210
4/27/2013 04:31:18,4/27/2013,04:31:18,0.00,1.52,93.40,960.20,215
4/27/2013 04:31:33,4/27/2013,04:31:33,0.00,1.54,93.40,960.20,325
4/27/2013 04:31:48,4/27/2013,04:31:48,0.00,1.64,93.40,960.20,308
4/27/2013 04:32:03,4/27/2013,04:32:03,0.00,1.60,93.40,960.21,297
4/27/2013 04:32:18,4/27/2013,04:32:18,0.00,1.52,93.40,960.21,250
4/27/2013 04:32:33,4/27/2013,04:32:33,0.00,1.52,93.40,960.21,254
4/27/2013 04:32:48,4/27/2013,04:32:48,0.00,1.52,93.40,960.24,279
4/27/2013 04:33:03,4/27/2013,04:33:03,0.00,1.52,93.40,960.23,297
4/27/2013 04:33:18,4/27/2013,04:33:18,0.00,1.52,93.40,960.23,291
4/27/2013 04:33:33,4/27/2013,04:33:33,0.00,1.54,93.40,960.24,300
4/27/2013 04:33:48,4/27/2013,04:33:48,0.00,1.60,93.50,960.24,279
4/27/2013 04:34:03,4/27/2013,04:34:03,0.00,1.54,93.50,960.24,287
4/27/2013 04:34:18,4/27/2013,04:34:18,0.00,1.67,93.50,960.24,290
4/27/2013 04:34:33,4/27/2013,04:34:33,0.00,1.67,93.50,960.21,203
4/27/2013 04:34:48,4/27/2013,04:34:48,0.00,1.75,93.50,960.21,167
4/27/2013 04:35:03,4/27/2013,04:35:03,0.00,1.64,93.50,960.21,243
4/27/2013 04:35:18,4/27/2013,04:35:18,0.00,1.60,93.50,960.21,243
4/27/2013 04:35:33,4/27/2013,04:35:33,0.00,1.67,93.50,960.20,190
4/27/2013 04:35:48,4/27/2013,04:35:48,0.00,1.67,93.50,960.20,236
4/27/2013 04:36:03,4/27/2013,04:36:03,0.00,1.67,93.50,960.23,195
4/27/2013 04:36:18,4/27/2013,04:36:18,0.00,1.75,93.50,960.21,247
4/27/2013 04:36:33,4/27/2013,04:36:33,0.00,1.67,93.50,960.24,257
4/27/2013 04:36:48,4/27/2013,04:36:48,0.00,1.67,93.50,960.24,222
4/27/2013 04:37:03,4/27/2013,04:37:03,0.00,1.67,93.50,960.24,215
4/27/2013 04:37:18,4/27/2013,04:37:18,0.00,1.60,93.50,960.24,268
4/27/2013 04:37:33,4/27/2013,04:37:33,0.00,1.60,93.50,960.21,281
4/27/2013 04:37:48,4/27/2013,04:37:48,0.00,1.67,93.50,960.23,177
4/27/2013 04:38:03,4/27/2013,04:38:03,0.00,1.60,93.50,960.23,202
4/27/2013 04:38:18,4/27/2013,04:38:18,0.00,1.60,93.50,960.21,207
4/27/2013 04:38:33,4/27/2013,04:38:33,0.00,1.54,93.40,960.23,276
4/27/2013 04:38:48,4/27/2013,04:38:48,0.00,1.60,93.40,960.24,318
4/27/2013 04:39:03,4/27/2013,04:39:03,0.00,1.67,93.50,960.25,293
4/27/2013 04:39:18,4/27/2013,04:39:18,0.00,1.64,93.50,960.24,286
4/27/2013 04:39:33,4/27/2013,04:39:33,0.00,1.60,93.50,960.23,299
4/27/2013 04:39:48,4/27/2013,04:39:48,0.00,1.60,93.50,960.24,266
4/27/2013 04:40:03,4/27/2013,04:40:03,0.00,1.60,93.50,960.24,287
4/27/2013 04:40:18,4/27/2013,04:40:18,0.00,1.60,93.50,960.25,290
4/27/2013 04:40:33,4/27/2013,04:40:33,0.00,1.67,93.50,960.24,239
4/27/2013 04:40:48,4/27/2013,04:40:48,0.00,1.67,93.50,960.24,222
4/27/2013 04:41:03,4/27/2013,04:41:03,0.00,1.64,93.50,960.25,223
4/27/2013 04:41:18,4/27/2013,04:41:18,0.00,1.60,93.50,960.25,211
4/27/2013 04:41:33,4/27/2013,04:41:33,0.00,1.75,93.50,960.24,209
4/27/2013 04:41:48,4/27/2013,04:41:48,0.00,1.67,93.50,960.26,219
4/27/2013 04:42:03,4/27/2013,04:42:03,0.00,1.67,93.50,960.26,260
4/27/2013 04:42:18,4/27/2013,04:42:18,0.00,1.67,93.50,960.27,240
4/27/2013 04:42:33,4/27/2013,04:42:33,0.00,1.67,93.50,960.26,238
4/27/2013 04:42:48,4/27/2013,04:42:48,0.00,1.64,93.50,960.26,240
4/27/2013 04:43:03,4/27/2013,04:43:03,0.00,1.60,93.50,960.27,260
4/27/2013 04:43:18,4/27/2013,04:43:18,0.00,1.67,93.40,960.24,320
4/27/2013 04:43:33,4/27/2013,04:43:33,0.00,1.67,93.40,960.24,247
4/27/2013 04:43:48,4/27/2013,04:43:48,0.00,1.67,93.50,960.21,232
4/27/2013 04:44:03,4/27/2013,04:44:03,0.00,1.60,93.40,960.21,204
4/27/2013 04:44:18,4/27/2013,04:44:18,0.00,1.60,93.40,960.23,205
4/27/2013 04:44:33,4/27/2013,04:44:33,0.00,1.60,93.40,960.23,204
4/27/2013 04:44:48,4/27/2013,04:44:48,0.00,1.60,93.40,960.23,172
4/27/2013 04:45:03,4/27/2013,04:45:03,0.00,1.60,93.40,960.21,235
4/27/2013 04:45:18,4/27/2013,04:45:18,0.00,1.60,93.40,960.21,189
4/27/2013 04:45:33,4/27/2013,04:45:33,0.00,1.67,93.40,960.19,337
4/27/2013 04:45:48,4/27/2013,04:45:48,0.00,1.72,93.50,960.19,310
4/27/2013 04:46:03,4/27/2013,04:46:03,0.00,1.79,93.50,960.20,281
4/27/2013 04:46:18,4/27/2013,04:46:18,0.00,1.79,93.50,960.21,177
4/27/2013 04:46:33,4/27/2013,04:46:33,0.00,1.75,93.50,960.21,159
4/27/2013 04:46:48,4/27/2013,04:46:48,0.00,1.72,93.50,960.20,175
4/27/2013 04:47:03,4/27/2013,04:47:03,0.00,1.67,93.50,960.19,262
4/27/2013 04:47:18,4/27/2013,04:47:18,0.00,1.67,93.50,960.20,338
4/27/2013 04:47:33,4/27/2013,04:47:33,0.00,1.75,93.50,960.21,321
4/27/2013 04:47:48,4/27/2013,04:47:48,0.00,1.67,93.50,960.21,158
4/27/2013 04:48:03,4/27/2013,04:48:03,0.00,1.75,93.50,960.21,180
4/27/2013 04:48:18,4/27/2013,04:48:18,0.00,1.72,93.50,960.20,201
4/27/2013 04:48:33,4/27/2013,04:48:33,0.00,1.67,93.50,960.19,248
4/27/2013 04:48:48,4/27/2013,04:48:48,0.00,1.67,93.50,960.20,315
4/27/2013 04:49:03,4/27/2013,04:49:03,0.00,1.72,93.50,960.19,237
4/27/2013 04:49:18,4/27/2013,04:49:18,0.00,1.75,93.50,960.19,221
4/27/2013 04:49:33,4/27/2013,04:49:33,0.00,1.75,93.50,960.20,217
4/27/2013 04:49:48,4/27/2013,04:49:48,0.00,1.75,93.50,960.20,216
4/27/2013 04:50:03,4/27/2013,04:50:03,0.00,1.75,93.50,960.20,180
4/27/2013 04:50:18,4/27/2013,04:50:18,0.00,1.75,93.50,960.19,221
4/27/2013 04:50:33,4/27/2013,04:50:33,0.00,1.75,93.50,960.19,270
4/27/2013 04:50:48,4/27/2013,04:50:48,0.00,1.72,93.50,960.19,298
4/27/2013 04:51:03,4/27/2013,04:51:03,0.00,1.92,93.59,960.20,192
4/27/2013 04:51:18,4/27/2013,04:51:18,1.77,2.15,92.90,960.09,231
4/27/2013 04:51:33,4/27/2013,04:51:33,0.22,2.00,92.69,960.13,218
4/27/2013 04:51:48,4/27/2013,04:51:48,0.00,1.92,92.69,960.14,191
4/27/2013 04:52:03,4/27/2013,04:52:03,0.00,1.92,92.80,960.14,317
4/27/2013 04:52:18,4/27/2013,04:52:18,0.00,1.92,92.80,960.17,255
4/27/2013 04:52:33,4/27/2013,04:52:33,0.00,2.00,92.80,960.17,310
4/27/2013 04:52:48,4/27/2013,04:52:48,0.00,1.92,92.80,960.17,265
4/27/2013 04:53:03,4/27/2013,04:53:03,0.00,1.82,92.80,960.18,323
4/27/2013 04:53:18,4/27/2013,04:53:18,0.00,1.87,92.80,960.18,278
4/27/2013 04:53:33,4/27/2013,04:53:33,0.00,1.82,92.80,960.18,283
4/27/2013 04:53:48,4/27/2013,04:53:48,0.00,1.92,92.80,960.18,216
4/27/2013 04:54:03,4/27/2013,04:54:03,0.00,1.92,92.90,960.17,276
4/27/2013 04:54:18,4/27/2013,04:54:18,0.00,2.00,92.90,960.16,191
4/27/2013 04:54:33,4/27/2013,04:54:33,0.00,2.07,92.80,960.18,351
4/27/2013 04:54:48,4/27/2013,04:54:48,0.00,2.02,92.69,960.17,323
4/27/2013 04:55:03,4/27/2013,04:55:03,0.00,2.00,92.69,960.19,196
4/27/2013 04:55:18,4/27/2013,04:55:18,0.00,1.92,92.59,960.20,212
4/27/2013 04:55:33,4/27/2013,04:55:33,0.00,2.12,92.59,960.20,262
4/27/2013 04:55:48,4/27/2013,04:55:48,0.00,2.12,92.50,960.19,202
4/27/2013 04:56:03,4/27/2013,04:56:03,0.00,2.00,92.40,960.19,213
4/27/2013 04:56:18,4/27/2013,04:56:18,0.00,2.02,92.40,960.19,330
4/27/2013 04:56:33,4/27/2013,04:56:33,0.00,2.07,92.30,960.18,275
4/27/2013 04:56:48,4/27/2013,04:56:48,0.00,2.07,92.30,960.18,10
4/27/2013 04:57:03,4/27/2013,04:57:03,0.00,2.07,92.30,960.18,247
4/27/2013 04:57:18,4/27/2013,04:57:18,0.36,2.15,92.19,960.18,333
4/27/2013 04:57:33,4/27/2013,04:57:33,0.90,2.32,92.00,960.17,288
4/27/2013 04:57:48,4/27/2013,04:57:48,0.23,2.22,91.69,960.19,250
4/27/2013 04:58:03,4/27/2013,04:58:03,0.00,2.22,91.59,960.21,329
4/27/2013 04:58:18,4/27/2013,04:58:18,0.00,2.15,91.50,960.21,325
4/27/2013 04:58:33,4/27/2013,04:58:33,0.24,2.22,91.50,960.20,225
4/27/2013 04:58:48,4/27/2013,04:58:48,0.00,2.22,91.59,960.20,270
4/27/2013 04:59:03,4/27/2013,04:59:03,0.00,2.32,91.50,960.20,193
4/27/2013 04:59:18,4/27/2013,04:59:18,0.00,2.32,91.30,960.21,206
4/27/2013 04:59:33,4/27/2013,04:59:33,0.00,2.27,91.00,960.21,230
4/27/2013 04:59:48,4/27/2013,04:59:48,0.00,2.15,91.00,960.21,186
4/27/2013 05:00:03,4/27/2013,05:00:03,0.00,2.15,91.19,960.23,8
4/27/2013 05:00:18,4/27/2013,05:00:18,0.00,2.07,91.19,960.21,177
4/27/2013 05:00:33,4/27/2013,05:00:33,0.00,2.12,91.30,960.23,324
4/27/2013 05:00:48,4/27/2013,05:00:48,0.00,2.22,91.59,960.21,305
4/27/2013 05:01:03,4/27/2013,05:01:03,0.81,2.47,91.40,960.17,334
4/27/2013 05:01:18,4/27/2013,05:01:18,0.80,2.47,90.80,960.16,250
4/27/2013 05:01:33,4/27/2013,05:01:33,0.00,2.32,90.80,960.18,9
4/27/2013 05:01:48,4/27/2013,05:01:48,0.00,2.32,90.90,960.19,304
4/27/2013 05:02:03,4/27/2013,05:02:03,0.00,2.32,91.00,960.21,214
4/27/2013 05:02:18,4/27/2013,05:02:18,0.00,2.32,91.09,960.23,240
4/27/2013 05:02:33,4/27/2013,05:02:33,0.00,2.40,91.40,960.23,279
4/27/2013 05:02:48,4/27/2013,05:02:48,0.00,2.40,91.40,960.24,316
4/27/2013 05:03:03,4/27/2013,05:03:03,0.16,2.47,91.09,960.19,319
4/27/2013 05:03:18,4/27/2013,05:03:18,0.00,2.40,90.90,960.20,355
4/27/2013 05:03:33,4/27/2013,05:03:33,0.00,2.47,91.09,960.20,310
4/27/2013 05:03:48,4/27/2013,05:03:48,0.40,2.47,91.09,960.19,318
4/27/2013 05:04:03,4/27/2013,05:04:03,0.81,2.59,90.80,960.16,330
4/27/2013 05:04:18,4/27/2013,05:04:18,0.77,2.62,90.30,960.17,327
4/27/2013 05:04:33,4/27/2013,05:04:33,0.51,2.62,90.40,960.18,215
4/27/2013 05:04:48,4/27/2013,05:04:48,0.00,2.47,90.59,960.20,254
4/27/2013 05:05:03,4/27/2013,05:05:03,0.00,2.54,90.69,960.21,314
4/27/2013 05:05:18,4/27/2013,05:05:18,0.59,2.67,90.59,960.20,332
4/27/2013 05:05:33,4/27/2013,05:05:33,0.94,2.62,90.19,960.17,313
4/27/2013 05:05:48,4/27/2013,05:05:48,0.54,2.62,89.90,960.18,288
4/27/2013 05:06:03,4/27/2013,05:06:03,0.00,2.62,89.90,960.21,345
4/27/2013 05:06:18,4/27/2013,05:06:18,0.00,2.54,89.90,960.24,273
4/27/2013 05:06:33,4/27/2013,05:06:33,0.00,2.54,90.09,960.25,350
4/27/2013 05:06:48,4/27/2013,05:06:48,0.70,2.70,90.00,960.20,320
4/27/2013 05:07:03,4/27/2013,05:07:03,1.49,2.87,89.59,960.17,305
4/27/2013 05:07:18,4/27/2013,05:07:18,0.22,2.62,89.40,960.19,295
4/27/2013 05:07:33,4/27/2013,05:07:33,0.00,2.54,89.59,960.20,166
4/27/2013 05:07:48,4/27/2013,05:07:48,0.18,2.62,89.80,960.21,322
4/27/2013 05:08:03,4/27/2013,05:08:03,1.12,2.79,89.80,960.14,323
4/27/2013 05:08:18,4/27/2013,05:08:18,1.27,2.82,89.69,960.16,335
4/27/2013 05:08:33,4/27/2013,05:08:33,1.56,2.87,89.40,960.16,316
4/27/2013 05:08:48,4/27/2013,05:08:48,2.05,2.95,89.00,960.14,320
4/27/2013 05:09:03,4/27/2013,05:09:03,1.51,2.87,88.80,960.16,338
4/27/2013 05:09:18,4/27/2013,05:09:18,0.30,2.79,89.09,960.18,319
4/27/2013 05:09:33,4/27/2013,05:09:33,0.00,2.82,89.50,960.20,323
4/27/2013 05:09:48,4/27/2013,05:09:48,0.00,2.70,89.69,960.21,228
4/27/2013 05:10:03,4/27/2013,05:10:03,0.00,2.70,89.90,960.21,186
4/27/2013 05:10:18,4/27/2013,05:10:18,0.00,2.70,90.09,960.24,285
4/27/2013 05:10:33,4/27/2013,05:10:33,0.00,2.79,90.19,960.21,279
4/27/2013 05:10:48,4/27/2013,05:10:48,0.43,2.79,89.90,960.18,292
4/27/2013 05:11:03,4/27/2013,05:11:03,0.00,2.75,89.80,960.20,230
4/27/2013 05:11:18,4/27/2013,05:11:18,0.00,2.79,89.80,960.21,264
4/27/2013 05:11:33,4/27/2013,05:11:33,0.00,2.79,89.50,960.23,249
4/27/2013 05:11:48,4/27/2013,05:11:48,0.00,2.75,89.50,960.21,287
4/27/2013 05:12:03,4/27/2013,05:12:03,0.00,2.70,89.59,960.24,288
4/27/2013 05:12:18,4/27/2013,05:12:18,0.00,2.67,89.69,960.23,224
4/27/2013 05:12:33,4/27/2013,05:12:33,0.00,2.79,89.90,960.21,216
4/27/2013 05:12:48,4/27/2013,05:12:48,0.00,2.75,89.90,960.21,255
4/27/2013 05:13:03,4/27/2013,05:13:03,0.00,2.70,89.90,960.21,55
4/27/2013 05:13:18,4/27/2013,05:13:18,0.00,2.62,89.90,960.21,155
4/27/2013 05:13:33,4/27/2013,05:13:33,0.00,2.67,90.00,960.21,336
4/27/2013 05:13:48,4/27/2013,05:13:48,0.00,2.70,90.19,960.20,245
4/27/2013 05:14:03,4/27/2013,05:14:03,0.00,2.62,90.19,960.21,42
4/27/2013 05:14:18,4/27/2013,05:14:18,0.76,2.87,89.90,960.17,325
4/27/2013 05:14:33,4/27/2013,05:14:33,0.22,2.87,89.50,960.20,327
4/27/2013 05:14:48,4/27/2013,05:14:48,0.00,2.75,89.40,960.23,217
4/27/2013 05:15:03,4/27/2013,05:15:03,0.00,2.67,89.59,960.23,266
4/27/2013 05:15:18,4/27/2013,05:15:18,0.00,2.62,89.69,960.23,269
4/27/2013 05:15:33,4/27/2013,05:15:33,0.00,2.62,89.80,960.24,270
4/27/2013 05:15:48,4/27/2013,05:15:48,0.00,2.62,89.90,960.23,242
4/27/2013 05:16:03,4/27/2013,05:16:03,0.00,2.62,89.90,960.23,185
4/27/2013 05:16:18,4/27/2013,05:16:18,0.00,2.62,90.00,960.25,283
4/27/2013 05:16:33,4/27/2013,05:16:33,0.86,2.79,90.09,960.21,305
4/27/2013 05:16:48,4/27/2013,05:16:48,0.70,2.70,89.59,960.19,310
4/27/2013 05:17:03,4/27/2013,05:17:03,1.37,2.87,89.40,960.17,281
4/27/2013 05:17:18,4/27/2013,05:17:18,0.95,2.90,89.40,960.18,268
4/27/2013 05:17:33,4/27/2013,05:17:33,1.26,2.87,89.09,960.17,303
4/27/2013 05:17:48,4/27/2013,05:17:48,1.19,2.95,88.90,960.18,345
4/27/2013 05:18:03,4/27/2013,05:18:03,0.90,2.87,88.59,960.19,328
4/27/2013 05:18:18,4/27/2013,05:18:18,0.36,2.87,88.80,960.21,304
4/27/2013 05:18:33,4/27/2013,05:18:33,0.00,2.87,89.50,960.26,288
4/27/2013 05:18:48,4/27/2013,05:18:48,0.00,2.82,89.30,960.25,334
4/27/2013 05:19:03,4/27/2013,05:19:03,0.00,2.79,89.19,960.27,295
4/27/2013 05:19:18,4/27/2013,05:19:18,0.27,2.82,89.30,960.26,319
4/27/2013 05:19:33,4/27/2013,05:19:33,0.33,2.87,89.09,960.26,288
4/27/2013 05:19:48,4/27/2013,05:19:48,0.00,2.87,89.09,960.26,317
4/27/2013 05:20:03,4/27/2013,05:20:03,0.13,2.79,89.00,960.26,4
4/27/2013 05:20:18,4/27/2013,05:20:18,0.43,2.87,89.00,960.25,305
4/27/2013 05:20:33,4/27/2013,05:20:33,0.69,2.87,89.40,960.23,357
4/27/2013 05:20:48,4/27/2013,05:20:48,1.86,2.97,88.90,960.19,319
4/27/2013 05:21:03,4/27/2013,05:21:03,2.06,3.02,88.69,960.18,344
4/27/2013 05:21:18,4/27/2013,05:21:18,0.80,2.97,88.50,960.19,305
4/27/2013 05:21:33,4/27/2013,05:21:33,0.06,2.90,88.69,960.23,250
4/27/2013 05:21:48,4/27/2013,05:21:48,0.00,2.87,88.90,960.25,338
4/27/2013 05:22:03,4/27/2013,05:22:03,0.00,2.95,89.00,960.25,272
4/27/2013 05:22:18,4/27/2013,05:22:18,0.00,2.97,88.69,960.24,310
4/27/2013 05:22:33,4/27/2013,05:22:33,1.18,3.15,88.40,960.18,269
4/27/2013 05:22:48,4/27/2013,05:22:48,0.47,3.02,88.19,960.19,275
4/27/2013 05:23:03,4/27/2013,05:23:03,0.00,2.95,88.40,960.19,195
4/27/2013 05:23:18,4/27/2013,05:23:18,0.00,2.97,88.59,960.20,188
4/27/2013 05:23:33,4/27/2013,05:23:33,0.00,2.95,88.59,960.23,323
4/27/2013 05:23:48,4/27/2013,05:23:48,0.76,3.02,88.69,960.23,317
4/27/2013 05:24:03,4/27/2013,05:24:03,1.55,3.09,88.30,960.18,313
4/27/2013 05:24:18,4/27/2013,05:24:18,1.44,3.09,88.00,960.14,297
4/27/2013 05:24:33,4/27/2013,05:24:33,1.24,3.09,88.00,960.17,326
4/27/2013 05:24:48,4/27/2013,05:24:48,0.24,3.02,88.00,960.20,258
4/27/2013 05:25:03,4/27/2013,05:25:03,0.00,2.95,88.30,960.23,267
4/27/2013 05:25:18,4/27/2013,05:25:18,0.00,2.90,88.69,960.23,349
4/27/2013 05:25:33,4/27/2013,05:25:33,0.00,2.87,88.80,960.21,334
4/27/2013 05:25:48,4/27/2013,05:25:48,0.00,2.82,88.90,960.24,44
4/27/2013 05:26:03,4/27/2013,05:26:03,0.05,2.95,89.09,960.24,346
4/27/2013 05:26:18,4/27/2013,05:26:18,0.41,2.95,88.69,960.21,315
4/27/2013 05:26:33,4/27/2013,05:26:33,0.00,2.95,88.59,960.24,357
4/27/2013 05:26:48,4/27/2013,05:26:48,0.00,2.95,88.50,960.24,328
4/27/2013 05:27:03,4/27/2013,05:27:03,1.16,3.02,88.50,960.18,314
4/27/2013 05:27:18,4/27/2013,05:27:18,1.77,3.09,88.09,960.12,320
4/27/2013 05:27:33,4/27/2013,05:27:33,0.79,3.02,88.09,960.18,230
4/27/2013 05:27:48,4/27/2013,05:27:48,0.47,3.02,88.19,960.19,268
4/27/2013 05:28:03,4/27/2013,05:28:03,0.00,2.95,88.40,960.24,317
4/27/2013 05:28:18,4/27/2013,05:28:18,0.00,2.95,88.69,960.24,334
4/27/2013 05:28:33,4/27/2013,05:28:33,0.00,2.90,88.59,960.24,355
4/27/2013 05:28:48,4/27/2013,05:28:48,0.00,2.95,88.69,960.25,332
4/27/2013 05:29:03,4/27/2013,05:29:03,0.00,2.95,88.69,960.26,339
4/27/2013 05:29:18,4/27/2013,05:29:18,0.95,3.02,88.50,960.23,252
4/27/2013 05:29:33,4/27/2013,05:29:33,0.65,3.02,88.40,960.20,230
4/27/2013 05:29:48,4/27/2013,05:29:48,0.37,3.02,88.50,960.20,334
4/27/2013 05:30:03,4/27/2013,05:30:03,0.55,2.97,88.69,960.21,308
4/27/2013 05:30:18,4/27/2013,05:30:18,1.11,3.02,88.40,960.20,342
4/27/2013 05:30:33,4/27/2013,05:30:33,0.43,2.97,88.30,960.24,308
4/27/2013 05:30:48,4/27/2013,05:30:48,0.00,3.02,88.40,960.27,280
4/27/2013 05:31:03,4/27/2013,05:31:03,0.00,2.95,88.30,960.31,12
4/27/2013 05:31:18,4/27/2013,05:31:18,1.12,3.07,88.30,960.24,305
4/27/2013 05:31:33,4/27/2013,05:31:33,2.11,3.09,88.09,960.20,297
4/27/2013 05:31:48,4/27/2013,05:31:48,1.56,3.15,88.09,960.18,330
4/27/2013 05:32:03,4/27/2013,05:32:03,1.73,3.17,87.80,960.19,258
4/27/2013 05:32:18,4/27/2013,05:32:18,0.87,3.09,87.59,960.23,283
4/27/2013 05:32:33,4/27/2013,05:32:33,1.33,3.09,87.90,960.20,343
4/27/2013 05:32:48,4/27/2013,05:32:48,1.63,3.17,87.80,960.19,324
4/27/2013 05:33:03,4/27/2013,05:33:03,1.30,3.09,87.69,960.23,311
4/27/2013 05:33:18,4/27/2013,05:33:18,1.66,3.22,87.50,960.23,311
4/27/2013 05:33:33,4/27/2013,05:33:33,0.91,3.17,87.50,960.25,288
4/27/2013 05:33:48,4/27/2013,05:33:48,0.08,3.09,87.69,960.29,323
4/27/2013 05:34:03,4/27/2013,05:34:03,0.77,3.15,87.90,960.28,336
4/27/2013 05:34:18,4/27/2013,05:34:18,0.36,3.17,87.80,960.28,278
4/27/2013 05:34:33,4/27/2013,05:34:33,0.00,3.09,87.90,960.29,24
4/27/2013 05:34:48,4/27/2013,05:34:48,0.00,3.09,88.09,960.31,289
4/27/2013 05:35:03,4/27/2013,05:35:03,0.47,3.15,88.09,960.32,312
4/27/2013 05:35:18,4/27/2013,05:35:18,2.13,3.27,87.59,960.26,324
4/27/2013 05:35:33,4/27/2013,05:35:33,1.90,3.29,87.09,960.21,343
4/27/2013 05:35:48,4/27/2013,05:35:48,1.74,3.27,87.19,960.20,304
4/27/2013 05:36:03,4/27/2013,05:36:03,0.23,3.09,87.30,960.24,288
4/27/2013 05:36:18,4/27/2013,05:36:18,1.88,3.27,87.69,960.24,332
4/27/2013 05:36:33,4/27/2013,05:36:33,3.05,3.42,86.90,960.18,319
4/27/2013 05:36:48,4/27/2013,05:36:48,1.34,3.34,86.69,960.19,296
4/27/2013 05:37:03,4/27/2013,05:37:03,1.43,3.34,87.09,960.20,293
4/27/2013 05:37:18,4/27/2013,05:37:18,0.34,3.22,87.19,960.24,323
4/27/2013 05:37:33,4/27/2013,05:37:33,0.70,3.27,87.40,960.24,281
4/27/2013 05:37:48,4/27/2013,05:37:48,1.31,3.34,87.19,960.23,289
4/27/2013 05:38:03,4/27/2013,05:38:03,1.90,3.34,87.09,960.20,328
4/27/2013 05:38:18,4/27/2013,05:38:18,1.61,3.34,87.19,960.19,316
4/27/2013 05:38:33,4/27/2013,05:38:33,2.16,3.34,87.09,960.19,309
4/27/2013 05:38:48,4/27/2013,05:38:48,1.56,3.29,87.09,960.20,320
4/27/2013 05:39:03,4/27/2013,05:39:03,1.52,3.27,87.19,960.18,326
4/27/2013 05:39:18,4/27/2013,05:39:18,1.37,3.27,87.50,960.19,319
4/27/2013 05:39:33,4/27/2013,05:39:33,1.87,3.34,87.40,960.20,329
4/27/2013 05:39:48,4/27/2013,05:39:48,2.41,3.42,87.30,960.20,322
4/27/2013 05:40:03,4/27/2013,05:40:03,2.83,3.50,86.69,960.18,326
4/27/2013 05:40:18,4/27/2013,05:40:18,3.90,3.57,86.30,960.17,322
4/27/2013 05:40:33,4/27/2013,05:40:33,2.98,3.54,86.09,960.17,309
4/27/2013 05:40:48,4/27/2013,05:40:48,3.08,3.54,86.09,960.17,321
4/27/2013 05:41:03,4/27/2013,05:41:03,2.29,3.47,86.30,960.18,332
4/27/2013 05:41:18,4/27/2013,05:41:18,2.04,3.47,86.59,960.18,314
4/27/2013 05:41:33,4/27/2013,05:41:33,2.02,3.50,86.69,960.20,322
4/27/2013 05:41:48,4/27/2013,05:41:48,2.01,3.50,86.59,960.21,320
4/27/2013 05:42:03,4/27/2013,05:42:03,2.11,3.50,86.50,960.21,308
4/27/2013 05:42:18,4/27/2013,05:42:18,0.61,3.42,86.40,960.23,287
4/27/2013 05:42:33,4/27/2013,05:42:33,0.47,3.42,86.69,960.24,15
4/27/2013 05:42:48,4/27/2013,05:42:48,1.18,3.42,86.80,960.21,329
4/27/2013 05:43:03,4/27/2013,05:43:03,0.49,3.42,87.00,960.25,296
4/27/2013 05:43:18,4/27/2013,05:43:18,1.44,3.37,86.80,960.21,332
4/27/2013 05:43:33,4/27/2013,05:43:33,1.70,3.37,87.00,960.21,323
4/27/2013 05:43:48,4/27/2013,05:43:48,1.99,3.42,87.00,960.20,305
4/27/2013 05:44:03,4/27/2013,05:44:03,1.56,3.42,87.00,960.21,340
4/27/2013 05:44:18,4/27/2013,05:44:18,1.83,3.42,86.69,960.21,324
4/27/2013 05:44:33,4/27/2013,05:44:33,0.77,3.37,86.59,960.24,345
4/27/2013 05:44:48,4/27/2013,05:44:48,1.30,3.42,87.00,960.24,311
4/27/2013 05:45:03,4/27/2013,05:45:03,2.08,3.42,86.80,960.23,348
4/27/2013 05:45:18,4/27/2013,05:45:18,1.79,3.42,86.80,960.23,326
4/27/2013 05:45:33,4/27/2013,05:45:33,2.30,3.34,86.69,960.23,320
4/27/2013 05:45:48,4/27/2013,05:45:48,2.80,3.42,86.90,960.24,323
4/27/2013 05:46:03,4/27/2013,05:46:03,2.77,3.50,86.69,960.23,330
4/27/2013 05:46:18,4/27/2013,05:46:18,2.59,3.50,86.30,960.23,320
4/27/2013 05:46:33,4/27/2013,05:46:33,1.49,3.47,86.19,960.23,340
4/27/2013 05:46:48,4/27/2013,05:46:48,2.16,3.50,86.50,960.21,330
4/27/2013 05:47:03,4/27/2013,05:47:03,2.23,3.50,86.40,960.21,312
4/27/2013 05:47:18,4/27/2013,05:47:18,2.91,3.57,86.19,960.19,312
4/27/2013 05:47:33,4/27/2013,05:47:33,1.90,3.50,86.30,960.19,307
4/27/2013 05:47:48,4/27/2013,05:47:48,1.95,3.50,86.50,960.21,332
4/27/2013 05:48:03,4/27/2013,05:48:03,2.33,3.54,86.30,960.20,334
4/27/2013 05:48:18,4/27/2013,05:48:18,2.13,3.50,86.30,960.20,319
4/27/2013 05:48:33,4/27/2013,05:48:33,1.56,3.50,86.30,960.24,325
4/27/2013 05:48:48,4/27/2013,05:48:48,3.31,3.54,86.19,960.21,308
4/27/2013 05:49:03,4/27/2013,05:49:03,2.66,3.57,86.09,960.20,307
4/27/2013 05:49:18,4/27/2013,05:49:18,1.98,3.50,86.09,960.19,323
4/27/2013 05:49:33,4/27/2013,05:49:33,1.70,3.50,86.40,960.20,308
4/27/2013 05:49:48,4/27/2013,05:49:48,1.05,3.42,86.50,960.21,312
4/27/2013 05:50:03,4/27/2013,05:50:03,0.48,3.42,86.90,960.25,347
4/27/2013 05:50:18,4/27/2013,05:50:18,3.30,3.54,86.40,960.21,300
4/27/2013 05:50:33,4/27/2013,05:50:33,2.66,3.57,85.90,960.18,340
4/27/2013 05:50:48,4/27/2013,05:50:48,1.61,3.50,86.19,960.19,330
4/27/2013 05:51:03,4/27/2013,05:51:03,2.48,3.50,86.40,960.18,316
4/27/2013 05:51:18,4/27/2013,05:51:18,0.80,3.42,86.69,960.23,301
4/27/2013 05:51:33,4/27/2013,05:51:33,2.42,3.50,86.90,960.20,335
4/27/2013 05:51:48,4/27/2013,05:51:48,2.27,3.50,86.30,960.19,326
4/27/2013 05:52:03,4/27/2013,05:52:03,2.19,3.42,86.50,960.18,338
4/27/2013 05:52:18,4/27/2013,05:52:18,1.72,3.50,86.59,960.23,340
4/27/2013 05:52:33,4/27/2013,05:52:33,2.54,3.54,86.40,960.24,296
4/27/2013 05:52:48,4/27/2013,05:52:48,2.92,3.57,86.19,960.23,321
4/27/2013 05:53:03,4/27/2013,05:53:03,3.26,3.62,85.80,960.18,318
4/27/2013 05:53:18,4/27/2013,05:53:18,2.02,3.57,85.80,960.19,340
4/27/2013 05:53:33,4/27/2013,05:53:33,1.56,3.54,86.00,960.19,265
4/27/2013 05:53:48,4/27/2013,05:53:48,1.24,3.54,86.09,960.18,336
4/27/2013 05:54:03,4/27/2013,05:54:03,1.76,3.50,86.19,960.17,322
4/27/2013 05:54:18,4/27/2013,05:54:18,2.15,3.50,86.19,960.17,329
4/27/2013 05:54:33,4/27/2013,05:54:33,1.62,3.50,86.30,960.19,277
4/27/2013 05:54:48,4/27/2013,05:54:48,2.26,3.57,86.30,960.20,309
4/27/2013 05:55:03,4/27/2013,05:55:03,2.16,3.54,86.19,960.20,339
4/27/2013 05:55:18,4/27/2013,05:55:18,2.67,3.57,86.00,960.18,335
4/27/2013 05:55:33,4/27/2013,05:55:33,2.97,3.65,85.69,960.17,319
4/27/2013 05:55:48,4/27/2013,05:55:48,2.36,3.57,85.90,960.21,308
4/27/2013 05:56:03,4/27/2013,05:56:03,1.97,3.50,86.00,960.24,352
4/27/2013 05:56:18,4/27/2013,05:56:18,2.33,3.57,86.30,960.23,302
4/27/2013 05:56:33,4/27/2013,05:56:33,2.92,3.57,86.09,960.21,328
4/27/2013 05:56:48,4/27/2013,05:56:48,3.37,3.65,85.80,960.19,332
4/27/2013 05:57:03,4/27/2013,05:57:03,2.81,3.57,85.90,960.21,347
4/27/2013 05:57:18,4/27/2013,05:57:18,2.73,3.57,86.09,960.24,342
4/27/2013 05:57:33,4/27/2013,05:57:33,3.15,3.62,85.90,960.23,330
4/27/2013 05:57:48,4/27/2013,05:57:48,3.27,3.65,85.69,960.21,329
4/27/2013 05:58:03,4/27/2013,05:58:03,2.59,3.62,85.90,960.21,295
4/27/2013 05:58:18,4/27/2013,05:58:18,3.95,3.75,85.69,960.21,339
4/27/2013 05:58:33,4/27/2013,05:58:33,3.15,3.62,85.69,960.23,332
4/27/2013 05:58:48,4/27/2013,05:58:48,1.58,3.57,86.09,960.24,287
4/27/2013 05:59:03,4/27/2013,05:59:03,2.12,3.57,86.00,960.24,330
4/27/2013 05:59:18,4/27/2013,05:59:18,2.52,3.57,85.90,960.23,321
4/27/2013 05:59:33,4/27/2013,05:59:33,2.42,3.57,86.00,960.23,343
4/27/2013 05:59:48,4/27/2013,05:59:48,2.29,3.57,85.90,960.24,320
4/27/2013 06:00:03,4/27/2013,06:00:03,2.61,3.65,85.80,960.21,337
4/27/2013 06:00:18,4/27/2013,06:00:18,1.73,3.62,85.90,960.23,329
4/27/2013 06:00:33,4/27/2013,06:00:33,1.30,3.57,86.09,960.24,243
4/27/2013 06:00:48,4/27/2013,06:00:48,2.29,3.62,86.09,960.24,336
4/27/2013 06:01:03,4/27/2013,06:01:03,2.47,3.70,85.69,960.24,278
4/27/2013 06:01:18,4/27/2013,06:01:18,2.90,3.65,85.59,960.20,329
4/27/2013 06:01:33,4/27/2013,06:01:33,2.74,3.65,85.69,960.20,306
4/27/2013 06:01:48,4/27/2013,06:01:48,3.33,3.70,85.40,960.20,331
4/27/2013 06:02:03,4/27/2013,06:02:03,3.33,3.65,85.30,960.23,317
4/27/2013 06:02:18,4/27/2013,06:02:18,2.77,3.70,85.30,960.24,314
4/27/2013 06:02:33,4/27/2013,06:02:33,2.54,3.65,85.59,960.24,342
4/27/2013 06:02:48,4/27/2013,06:02:48,2.37,3.65,85.69,960.26,321
4/27/2013 06:03:03,4/27/2013,06:03:03,2.45,3.65,85.69,960.25,324
4/27/2013 06:03:18,4/27/2013,06:03:18,1.91,3.57,85.90,960.23,332
4/27/2013 06:03:33,4/27/2013,06:03:33,1.56,3.57,86.30,960.24,329
4/27/2013 06:03:48,4/27/2013,06:03:48,1.95,3.62,86.19,960.24,336
4/27/2013 06:04:03,4/27/2013,06:04:03,2.33,3.57,85.90,960.25,292
4/27/2013 06:04:18,4/27/2013,06:04:18,2.16,3.57,85.90,960.25,305
4/27/2013 06:04:33,4/27/2013,06:04:33,2.16,3.57,85.80,960.24,294
4/27/2013 06:04:48,4/27/2013,06:04:48,1.90,3.57,86.09,960.23,324
4/27/2013 06:05:03,4/27/2013,06:05:03,1.13,3.54,86.09,960.25,319
4/27/2013 06:05:18,4/27/2013,06:05:18,1.73,3.57,86.09,960.24,353
4/27/2013 06:05:33,4/27/2013,06:05:33,1.47,3.57,86.09,960.23,307
4/27/2013 06:05:48,4/27/2013,06:05:48,0.91,3.57,86.59,960.24,312
4/27/2013 06:06:03,4/27/2013,06:06:03,1.72,3.57,86.19,960.26,340
4/27/2013 06:06:18,4/27/2013,06:06:18,1.12,3.50,86.09,960.26,321
4/27/2013 06:06:33,4/27/2013,06:06:33,1.52,3.57,86.00,960.26,348
4/27/2013 06:06:48,4/27/2013,06:06:48,0.90,3.57,85.90,960.26,333
4/27/2013 06:07:03,4/27/2013,06:07:03,1.56,3.65,85.90,960.26,311
4/27/2013 06:07:18,4/27/2013,06:07:18,2.55,3.75,85.50,960.23,341
4/27/2013 06:07:33,4/27/2013,06:07:33,2.62,3.75,85.30,960.21,328
4/27/2013 06:07:48,4/27/2013,06:07:48,2.24,3.75,85.50,960.21,321
4/27/2013 06:08:03,4/27/2013,06:08:03,1.61,3.75,85.40,960.23,301
4/27/2013 06:08:18,4/27/2013,06:08:18,1.86,3.75,85.59,960.21,314
4/27/2013 06:08:33,4/27/2013,06:08:33,2.81,3.77,85.40,960.23,325
4/27/2013 06:08:48,4/27/2013,06:08:48,2.65,3.75,85.19,960.25,330
4/27/2013 06:09:03,4/27/2013,06:09:03,3.22,3.82,85.09,960.24,323
4/27/2013 06:09:18,4/27/2013,06:09:18,3.70,3.95,84.69,960.21,326
4/27/2013 06:09:33,4/27/2013,06:09:33,3.05,3.90,84.50,960.20,351
4/27/2013 06:09:48,4/27/2013,06:09:48,2.73,3.84,84.69,960.20,307
4/27/2013 06:10:03,4/27/2013,06:10:03,1.29,3.82,85.09,960.21,337
4/27/2013 06:10:18,4/27/2013,06:10:18,1.72,3.82,85.19,960.24,316
4/27/2013 06:10:33,4/27/2013,06:10:33,1.70,3.84,85.00,960.21,304
4/27/2013 06:10:48,4/27/2013,06:10:48,2.87,3.90,84.80,960.18,348
4/27/2013 06:11:03,4/27/2013,06:11:03,2.47,3.90,84.80,960.18,313
4/27/2013 06:11:18,4/27/2013,06:11:18,2.12,3.90,84.90,960.19,306
4/27/2013 06:11:33,4/27/2013,06:11:33,2.01,3.97,84.69,960.19,314
4/27/2013 06:11:48,4/27/2013,06:11:48,2.41,3.97,84.50,960.21,336
4/27/2013 06:12:03,4/27/2013,06:12:03,2.48,3.95,84.50,960.21,339
4/27/2013 06:12:18,4/27/2013,06:12:18,1.90,3.90,84.80,960.23,325
4/27/2013 06:12:33,4/27/2013,06:12:33,1.33,3.97,84.80,960.23,294
4/27/2013 06:12:48,4/27/2013,06:12:48,2.95,4.02,84.30,960.24,311
4/27/2013 06:13:03,4/27/2013,06:13:03,3.31,4.02,84.09,960.24,308
4/27/2013 06:13:18,4/27/2013,06:13:18,2.20,4.05,84.19,960.26,353
4/27/2013 06:13:33,4/27/2013,06:13:33,2.58,3.97,84.40,960.25,308
4/27/2013 06:13:48,4/27/2013,06:13:48,2.91,4.05,84.19,960.24,333
4/27/2013 06:14:03,4/27/2013,06:14:03,3.37,4.05,84.19,960.21,339
4/27/2013 06:14:18,4/27/2013,06:14:18,1.95,4.12,83.90,960.21,340
4/27/2013 06:14:33,4/27/2013,06:14:33,2.18,4.12,84.00,960.23,2
4/27/2013 06:14:48,4/27/2013,06:14:48,3.47,4.12,83.69,960.21,333
4/27/2013 06:15:03,4/27/2013,06:15:03,2.90,4.12,83.80,960.24,327
4/27/2013 06:15:18,4/27/2013,06:15:18,2.42,4.12,84.00,960.24,344
4/27/2013 06:15:33,4/27/2013,06:15:33,2.11,4.12,84.19,960.24,325
4/27/2013 06:15:48,4/27/2013,06:15:48,1.76,4.12,84.00,960.26,337
4/27/2013 06:16:03,4/27/2013,06:16:03,1.86,4.12,84.00,960.28,301
4/27/2013 06:16:18,4/27/2013,06:16:18,1.86,4.30,83.69,960.26,311
4/27/2013 06:16:33,4/27/2013,06:16:33,2.70,4.22,83.40,960.25,336
4/27/2013 06:16:48,4/27/2013,06:16:48,2.34,4.25,83.50,960.23,336
4/27/2013 06:17:03,4/27/2013,06:17:03,1.74,4.30,83.40,960.23,320
4/27/2013 06:17:18,4/27/2013,06:17:18,1.81,4.30,83.50,960.23,337
4/27/2013 06:17:33,4/27/2013,06:17:33,2.36,4.32,83.09,960.23,345
4/27/2013 06:17:48,4/27/2013,06:17:48,2.54,4.30,83.09,960.24,308
4/27/2013 06:18:03,4/27/2013,06:18:03,2.84,4.30,83.00,960.23,335
4/27/2013 06:18:18,4/27/2013,06:18:18,2.38,4.30,83.00,960.24,333
4/27/2013 06:18:33,4/27/2013,06:18:33,3.30,4.32,83.00,960.23,349
4/27/2013 06:18:48,4/27/2013,06:18:48,2.26,4.30,83.00,960.23,318
4/27/2013 06:19:03,4/27/2013,06:19:03,1.77,4.37,83.00,960.25,317
4/27/2013 06:19:18,4/27/2013,06:19:18,1.19,4.42,82.80,960.25,313
4/27/2013 06:19:33,4/27/2013,06:19:33,1.90,4.37,82.80,960.24,350
4/27/2013 06:19:48,4/27/2013,06:19:48,1.93,4.42,83.09,960.26,307
4/27/2013 06:20:03,4/27/2013,06:20:03,2.01,4.44,82.69,960.26,320
4/27/2013 06:20:18,4/27/2013,06:20:18,1.95,4.44,82.50,960.26,334
4/27/2013 06:20:33,4/27/2013,06:20:33,2.91,4.44,82.40,960.24,327
4/27/2013 06:20:48,4/27/2013,06:20:48,2.79,4.44,82.50,960.23,336
4/27/2013 06:21:03,4/27/2013,06:21:03,2.42,4.44,82.50,960.24,325
4/27/2013 06:21:18,4/27/2013,06:21:18,2.55,4.52,82.30,960.25,330
4/27/2013 06:21:33,4/27/2013,06:21:33,2.33,4.52,82.30,960.26,313
4/27/2013 06:21:48,4/27/2013,06:21:48,1.98,4.59,82.30,960.27,354
4/27/2013 06:22:03,4/27/2013,06:22:03,2.63,4.57,81.90,960.25,317
4/27/2013 06:22:18,4/27/2013,06:22:18,1.59,4.69,81.90,960.26,322
4/27/2013 06:22:33,4/27/2013,06:22:33,0.98,4.84,81.90,960.27,281
4/27/2013 06:22:48,4/27/2013,06:22:48,1.59,4.72,81.50,960.24,329
4/27/2013 06:23:03,4/27/2013,06:23:03,2.12,4.72,81.30,960.23,289
4/27/2013 06:23:18,4/27/2013,06:23:18,1.27,4.80,81.09,960.23,325
4/27/2013 06:23:33,4/27/2013,06:23:33,1.94,4.72,81.30,960.26,322
4/27/2013 06:23:48,4/27/2013,06:23:48,2.24,4.69,81.30,960.28,313
4/27/2013 06:24:03,4/27/2013,06:24:03,2.34,4.69,81.69,960.27,301
4/27/2013 06:24:18,4/27/2013,06:24:18,1.80,4.77,81.30,960.24,335
4/27/2013 06:24:33,4/27/2013,06:24:33,1.55,4.84,81.59,960.23,340
4/27/2013 06:24:48,4/27/2013,06:24:48,2.48,4.77,81.30,960.23,329
4/27/2013 06:25:03,4/27/2013,06:25:03,2.54,4.77,81.30,960.24,316
4/27/2013 06:25:18,4/27/2013,06:25:18,1.84,4.80,81.30,960.23,343
4/27/2013 06:25:33,4/27/2013,06:25:33,2.90,4.77,81.50,960.23,317
4/27/2013 06:25:48,4/27/2013,06:25:48,1.23,4.92,81.40,960.26,329
4/27/2013 06:26:03,4/27/2013,06:26:03,3.06,4.80,81.00,960.25,313
4/27/2013 06:26:18,4/27/2013,06:26:18,2.99,4.84,81.00,960.26,309
4/27/2013 06:26:33,4/27/2013,06:26:33,2.22,5.00,80.59,960.26,285
4/27/2013 06:26:48,4/27/2013,06:26:48,2.65,4.90,80.40,960.26,335
4/27/2013 06:27:03,4/27/2013,06:27:03,1.51,4.97,81.09,960.28,330
4/27/2013 06:27:18,4/27/2013,06:27:18,3.36,4.90,80.50,960.29,326
4/27/2013 06:27:33,4/27/2013,06:27:33,3.33,4.84,80.59,960.27,309
4/27/2013 06:27:48,4/27/2013,06:27:48,1.94,4.92,81.00,960.31,322
4/27/2013 06:28:03,4/27/2013,06:28:03,3.01,4.90,80.69,960.31,303
4/27/2013 06:28:18,4/27/2013,06:28:18,3.66,4.84,80.80,960.31,320
4/27/2013 06:28:33,4/27/2013,06:28:33,3.58,4.84,80.50,960.31,323
4/27/2013 06:28:48,4/27/2013,06:28:48,2.62,4.90,80.80,960.32,306
4/27/2013 06:29:03,4/27/2013,06:29:03,2.76,4.92,80.59,960.31,332
4/27/2013 06:29:18,4/27/2013,06:29:18,2.65,4.92,80.59,960.31,332
4/27/2013 06:29:33,4/27/2013,06:29:33,2.41,4.92,80.59,960.31,329
4/27/2013 06:29:48,4/27/2013,06:29:48,2.56,5.00,80.69,960.29,306
4/27/2013 06:30:03,4/27/2013,06:30:03,2.54,4.97,80.50,960.31,324
4/27/2013 06:30:18,4/27/2013,06:30:18,2.69,4.92,80.59,960.31,341
4/27/2013 06:30:33,4/27/2013,06:30:33,3.31,4.92,80.50,960.29,333
4/27/2013 06:30:48,4/27/2013,06:30:48,2.08,5.05,80.50,960.32,309
4/27/2013 06:31:03,4/27/2013,06:31:03,3.36,5.00,80.19,960.32,299
4/27/2013 06:31:18,4/27/2013,06:31:18,3.05,5.00,80.30,960.32,2
4/27/2013 06:31:33,4/27/2013,06:31:33,2.59,5.00,80.50,960.34,340
4/27/2013 06:31:48,4/27/2013,06:31:48,2.59,5.05,80.30,960.32,350
4/27/2013 06:32:03,4/27/2013,06:32:03,2.05,5.07,80.69,960.31,304
4/27/2013 06:32:18,4/27/2013,06:32:18,0.38,5.27,80.80,960.37,344
4/27/2013 06:32:33,4/27/2013,06:32:33,1.48,5.25,80.09,960.36,321
4/27/2013 06:32:48,4/27/2013,06:32:48,1.54,5.19,79.90,960.37,312
4/27/2013 06:33:03,4/27/2013,06:33:03,2.45,5.17,79.80,960.34,322
4/27/2013 06:33:18,4/27/2013,06:33:18,3.47,5.07,79.69,960.32,309
4/27/2013 06:33:33,4/27/2013,06:33:33,3.81,5.07,79.69,960.31,325
4/27/2013 06:33:48,4/27/2013,06:33:48,3.58,5.07,80.00,960.33,310
4/27/2013 06:34:03,4/27/2013,06:34:03,3.59,5.12,79.80,960.32,327
4/27/2013 06:34:18,4/27/2013,06:34:18,2.87,5.17,80.09,960.33,301
4/27/2013 06:34:33,4/27/2013,06:34:33,2.81,5.17,80.00,960.34,307
4/27/2013 06:34:48,4/27/2013,06:34:48,3.06,5.17,79.90,960.34,333
4/27/2013 06:35:03,4/27/2013,06:35:03,2.83,5.17,80.00,960.34,336
4/27/2013 06:35:18,4/27/2013,06:35:18,2.11,5.27,80.00,960.36,319
4/27/2013 06:35:33,4/27/2013,06:35:33,1.98,5.32,80.30,960.37,332
4/27/2013 06:35:48,4/27/2013,06:35:48,2.70,5.27,79.59,960.39,337
4/27/2013 06:36:03,4/27/2013,06:36:03,2.24,5.32,79.40,960.39,308
4/27/2013 06:36:18,4/27/2013,06:36:18,0.95,5.52,79.50,960.37,295
4/27/2013 06:36:33,4/27/2013,06:36:33,1.47,5.52,79.00,960.40,310
4/27/2013 06:36:48,4/27/2013,06:36:48,1.90,5.47,79.09,960.37,331
4/27/2013 06:37:03,4/27/2013,06:37:03,2.34,5.44,79.09,960.40,305
4/27/2013 06:37:18,4/27/2013,06:37:18,2.88,5.40,79.09,960.40,280
4/27/2013 06:37:33,4/27/2013,06:37:33,3.62,5.32,78.80,960.40,331
4/27/2013 06:37:48,4/27/2013,06:37:48,2.99,5.40,79.09,960.40,309
4/27/2013 06:38:03,4/27/2013,06:38:03,2.63,5.40,79.09,960.40,324
4/27/2013 06:38:18,4/27/2013,06:38:18,4.01,5.32,79.19,960.39,311
4/27/2013 06:38:33,4/27/2013,06:38:33,3.86,5.40,79.09,960.39,305
4/27/2013 06:38:48,4/27/2013,06:38:48,3.30,5.40,79.09,960.40,340
4/27/2013 06:39:03,4/27/2013,06:39:03,4.05,5.32,79.09,960.40,320
4/27/2013 06:39:18,4/27/2013,06:39:18,2.34,5.47,79.59,960.43,294
4/27/2013 06:39:33,4/27/2013,06:39:33,1.99,5.47,79.40,960.43,334
4/27/2013 06:39:48,4/27/2013,06:39:48,3.12,5.40,79.00,960.39,291
4/27/2013 06:40:03,4/27/2013,06:40:03,3.15,5.40,79.00,960.41,314
4/27/2013 06:40:18,4/27/2013,06:40:18,2.88,5.40,79.30,960.41,320
4/27/2013 06:40:33,4/27/2013,06:40:33,1.91,5.47,79.30,960.42,326
4/27/2013 06:40:48,4/27/2013,06:40:48,2.16,5.40,79.40,960.43,290
4/27/2013 06:41:03,4/27/2013,06:41:03,2.77,5.40,79.09,960.43,314
4/27/2013 06:41:18,4/27/2013,06:41:18,2.91,5.40,79.50,960.43,326
4/27/2013 06:41:33,4/27/2013,06:41:33,3.04,5.37,79.50,960.43,313
4/27/2013 06:41:48,4/27/2013,06:41:48,3.22,5.37,79.30,960.46,325
4/27/2013 06:42:03,4/27/2013,06:42:03,2.56,5.40,79.59,960.48,329
4/27/2013 06:42:18,4/27/2013,06:42:18,3.37,5.40,79.19,960.48,323
4/27/2013 06:42:33,4/27/2013,06:42:33,2.33,5.47,79.30,960.48,316
4/27/2013 06:42:48,4/27/2013,06:42:48,2.54,5.47,79.19,960.46,332
4/27/2013 06:43:03,4/27/2013,06:43:03,2.36,5.47,79.30,960.47,291
4/27/2013 06:43:18,4/27/2013,06:43:18,2.11,5.52,79.00,960.49,333
4/27/2013 06:43:33,4/27/2013,06:43:33,2.29,5.52,79.09,960.52,343
4/27/2013 06:43:48,4/27/2013,06:43:48,2.24,5.47,78.80,960.54,355
4/27/2013 06:44:03,4/27/2013,06:44:03,1.41,5.59,78.80,960.55,352
4/27/2013 06:44:18,4/27/2013,06:44:18,1.95,5.47,79.19,960.55,308
4/27/2013 06:44:33,4/27/2013,06:44:33,3.19,5.37,79.19,960.51,339
4/27/2013 06:44:48,4/27/2013,06:44:48,4.56,5.25,79.19,960.49,306
4/27/2013 06:45:03,4/27/2013,06:45:03,4.51,5.17,79.30,960.50,340
4/27/2013 06:45:18,4/27/2013,06:45:18,3.26,5.19,79.59,960.51,343
4/27/2013 06:45:33,4/27/2013,06:45:33,2.18,5.27,79.90,960.52,346
4/27/2013 06:45:48,4/27/2013,06:45:48,2.80,5.25,80.00,960.51,325
4/27/2013 06:46:03,4/27/2013,06:46:03,3.55,5.25,79.69,960.49,320
4/27/2013 06:46:18,4/27/2013,06:46:18,3.09,5.32,79.50,960.50,330
4/27/2013 06:46:33,4/27/2013,06:46:33,3.54,5.25,79.40,960.50,323
4/27/2013 06:46:48,4/27/2013,06:46:48,2.79,5.32,79.59,960.51,310
4/27/2013 06:47:03,4/27/2013,06:47:03,2.08,5.40,79.59,960.52,330
4/27/2013 06:47:18,4/27/2013,06:47:18,3.04,5.40,79.40,960.52,289
4/27/2013 06:47:33,4/27/2013,06:47:33,3.09,5.32,80.00,960.54,346
4/27/2013 06:47:48,4/27/2013,06:47:48,2.80,5.32,79.80,960.52,330
4/27/2013 06:48:03,4/27/2013,06:48:03,2.77,5.37,79.00,960.52,324
4/27/2013 06:48:18,4/27/2013,06:48:18,2.38,5.40,79.40,960.52,310
4/27/2013 06:48:33,4/27/2013,06:48:33,2.63,5.40,79.50,960.56,335
4/27/2013 06:48:48,4/27/2013,06:48:48,2.48,5.40,79.19,960.55,343
4/27/2013 06:49:03,4/27/2013,06:49:03,1.99,5.52,79.00,960.54,311
4/27/2013 06:49:18,4/27/2013,06:49:18,2.12,5.47,79.40,960.56,322
4/27/2013 06:49:33,4/27/2013,06:49:33,2.02,5.57,78.80,960.56,342
4/27/2013 06:49:48,4/27/2013,06:49:48,1.98,5.57,78.69,960.56,318
4/27/2013 06:50:03,4/27/2013,06:50:03,2.23,5.57,78.90,960.54,324
4/27/2013 06:50:18,4/27/2013,06:50:18,3.06,5.47,78.69,960.52,298
4/27/2013 06:50:33,4/27/2013,06:50:33,2.88,5.47,79.19,960.55,349
4/27/2013 06:50:48,4/27/2013,06:50:48,2.02,5.57,78.30,960.56,335
4/27/2013 06:51:03,4/27/2013,06:51:03,1.51,5.57,78.59,960.57,325
4/27/2013 06:51:18,4/27/2013,06:51:18,2.45,5.44,78.90,960.57,329
4/27/2013 06:51:33,4/27/2013,06:51:33,2.31,5.40,79.09,960.56,332
4/27/2013 06:51:48,4/27/2013,06:51:48,1.91,5.47,78.90,960.57,336
4/27/2013 06:52:03,4/27/2013,06:52:03,1.34,5.59,79.09,960.58,359
4/27/2013 06:52:18,4/27/2013,06:52:18,3.11,5.40,78.90,960.57,302
4/27/2013 06:52:33,4/27/2013,06:52:33,2.91,5.40,79.00,960.57,318
4/27/2013 06:52:48,4/27/2013,06:52:48,2.76,5.40,78.90,960.59,329
4/27/2013 06:53:03,4/27/2013,06:53:03,2.90,5.40,79.09,960.58,334
4/27/2013 06:53:18,4/27/2013,06:53:18,1.49,5.52,79.69,960.58,345
4/27/2013 06:53:33,4/27/2013,06:53:33,2.38,5.44,79.00,960.59,346
4/27/2013 06:53:48,4/27/2013,06:53:48,1.55,5.47,79.09,960.62,338
4/27/2013 06:54:03,4/27/2013,06:54:03,1.37,5.47,79.59,960.63,323
4/27/2013 06:54:18,4/27/2013,06:54:18,1.61,5.40,79.69,960.59,309
4/27/2013 06:54:33,4/27/2013,06:54:33,2.19,5.40,79.50,960.58,301
4/27/2013 06:54:48,4/27/2013,06:54:48,2.48,5.40,79.40,960.57,336
4/27/2013 06:55:03,4/27/2013,06:55:03,2.06,5.44,79.40,960.57,331
4/27/2013 06:55:18,4/27/2013,06:55:18,1.81,5.47,79.50,960.59,310
4/27/2013 06:55:33,4/27/2013,06:55:33,1.47,5.57,79.30,960.58,8
4/27/2013 06:55:48,4/27/2013,06:55:48,1.97,5.57,79.09,960.56,296
4/27/2013 06:56:03,4/27/2013,06:56:03,2.36,5.57,78.90,960.52,310
4/27/2013 06:56:18,4/27/2013,06:56:18,2.18,5.65,78.50,960.55,335
4/27/2013 06:56:33,4/27/2013,06:56:33,2.15,5.65,78.09,960.54,329
4/27/2013 06:56:48,4/27/2013,06:56:48,1.55,5.80,78.19,960.54,322
4/27/2013 06:57:03,4/27/2013,06:57:03,1.56,5.80,77.90,960.54,334
4/27/2013 06:57:18,4/27/2013,06:57:18,2.65,5.72,77.80,960.54,342
4/27/2013 06:57:33,4/27/2013,06:57:33,3.49,5.65,77.90,960.52,334
4/27/2013 06:57:48,4/27/2013,06:57:48,2.65,5.80,77.59,960.52,329
4/27/2013 06:58:03,4/27/2013,06:58:03,1.97,5.87,77.59,960.52,332
4/27/2013 06:58:18,4/27/2013,06:58:18,2.20,5.87,77.50,960.52,300
4/27/2013 06:58:33,4/27/2013,06:58:33,2.20,5.87,77.30,960.51,340
4/27/2013 06:58:48,4/27/2013,06:58:48,2.49,5.87,78.09,960.52,305
4/27/2013 06:59:03,4/27/2013,06:59:03,3.08,5.80,77.90,960.48,312
4/27/2013 06:59:18,4/27/2013,06:59:18,2.24,5.94,77.69,960.51,328
4/27/2013 06:59:33,4/27/2013,06:59:33,1.86,5.94,77.59,960.51,313
4/27/2013 06:59:48,4/27/2013,06:59:48,2.02,6.05,77.59,960.52,324
4/27/2013 07:00:03,4/27/2013,07:00:03,1.29,6.19,77.00,960.52,352
4/27/2013 07:00:18,4/27/2013,07:00:18,3.19,5.94,77.30,960.51,326
4/27/2013 07:00:33,4/27/2013,07:00:33,3.41,5.92,77.00,960.51,303
4/27/2013 07:00:48,4/27/2013,07:00:48,2.62,6.00,77.00,960.49,344
4/27/2013 07:01:03,4/27/2013,07:01:03,2.74,6.00,76.69,960.51,344
4/27/2013 07:01:18,4/27/2013,07:01:18,2.54,6.00,77.00,960.51,335
4/27/2013 07:01:33,4/27/2013,07:01:33,1.98,6.07,77.30,960.51,324
4/27/2013 07:01:48,4/27/2013,07:01:48,1.18,6.22,76.80,960.55,325
4/27/2013 07:02:03,4/27/2013,07:02:03,1.01,6.34,76.19,960.54,344
4/27/2013 07:02:18,4/27/2013,07:02:18,0.76,6.42,76.09,960.56,349
4/27/2013 07:02:33,4/27/2013,07:02:33,0.87,6.47,76.59,960.56,311
4/27/2013 07:02:48,4/27/2013,07:02:48,0.86,6.59,76.40,960.54,336
4/27/2013 07:03:03,4/27/2013,07:03:03,0.59,6.67,76.09,960.55,329
4/27/2013 07:03:18,4/27/2013,07:03:18,0.00,6.90,75.59,960.56,320
4/27/2013 07:03:33,4/27/2013,07:03:33,0.00,6.82,74.80,960.57,336
4/27/2013 07:03:48,4/27/2013,07:03:48,0.00,6.90,75.09,960.58,349
4/27/2013 07:04:03,4/27/2013,07:04:03,0.84,6.75,75.00,960.57,331
4/27/2013 07:04:18,4/27/2013,07:04:18,1.37,6.82,75.50,960.54,333
4/27/2013 07:04:33,4/27/2013,07:04:33,2.61,6.52,74.69,960.52,319
4/27/2013 07:04:48,4/27/2013,07:04:48,2.19,6.55,74.80,960.54,357
4/27/2013 07:05:03,4/27/2013,07:05:03,1.36,6.75,75.00,960.54,345
4/27/2013 07:05:18,4/27/2013,07:05:18,1.86,6.59,74.59,960.55,332
4/27/2013 07:05:33,4/27/2013,07:05:33,1.22,6.75,74.59,960.56,12
4/27/2013 07:05:48,4/27/2013,07:05:48,1.65,6.67,74.69,960.57,343
4/27/2013 07:06:03,4/27/2013,07:06:03,1.68,6.67,74.59,960.56,350
4/27/2013 07:06:18,4/27/2013,07:06:18,0.54,7.07,75.19,960.59,348
4/27/2013 07:06:33,4/27/2013,07:06:33,0.58,7.09,74.19,960.58,312
4/27/2013 07:06:48,4/27/2013,07:06:48,0.74,7.07,74.19,960.58,331
4/27/2013 07:07:03,4/27/2013,07:07:03,1.59,6.90,73.90,960.54,329
4/27/2013 07:07:18,4/27/2013,07:07:18,2.16,6.75,74.19,960.55,342
4/27/2013 07:07:33,4/27/2013,07:07:33,1.24,6.90,74.30,960.56,11
4/27/2013 07:07:48,4/27/2013,07:07:48,1.40,6.90,73.90,960.57,335
4/27/2013 07:08:03,4/27/2013,07:08:03,2.65,6.67,73.59,960.55,355
4/27/2013 07:08:18,4/27/2013,07:08:18,2.12,6.75,74.30,960.57,337
4/27/2013 07:08:33,4/27/2013,07:08:33,0.47,7.30,74.40,960.59,126
4/27/2013 07:08:48,4/27/2013,07:08:48,0.55,7.30,73.30,960.57,355
4/27/2013 07:09:03,4/27/2013,07:09:03,0.93,7.22,72.69,960.56,333
4/27/2013 07:09:18,4/27/2013,07:09:18,0.91,7.09,72.80,960.58,336
4/27/2013 07:09:33,4/27/2013,07:09:33,2.34,6.82,72.90,960.57,346
4/27/2013 07:09:48,4/27/2013,07:09:48,1.72,6.90,73.19,960.58,351
4/27/2013 07:10:03,4/27/2013,07:10:03,1.19,7.09,73.50,960.57,351
4/27/2013 07:10:18,4/27/2013,07:10:18,1.11,7.07,72.90,960.57,330
4/27/2013 07:10:33,4/27/2013,07:10:33,1.51,7.00,73.00,960.56,351
4/27/2013 07:10:48,4/27/2013,07:10:48,0.24,7.30,73.09,960.60,336
4/27/2013 07:11:03,4/27/2013,07:11:03,0.00,7.34,72.19,960.62,353
4/27/2013 07:11:18,4/27/2013,07:11:18,1.12,7.15,72.19,960.62,322
4/27/2013 07:11:33,4/27/2013,07:11:33,1.30,7.22,72.40,960.60,349
4/27/2013 07:11:48,4/27/2013,07:11:48,1.41,7.15,72.30,960.58,329
4/27/2013 07:12:03,4/27/2013,07:12:03,1.90,7.15,72.90,960.57,354
4/27/2013 07:12:18,4/27/2013,07:12:18,1.52,7.17,72.50,960.58,324
4/27/2013 07:12:33,4/27/2013,07:12:33,2.44,7.07,72.69,960.59,353
4/27/2013 07:12:48,4/27/2013,07:12:48,1.84,7.07,72.40,960.60,330
4/27/2013 07:13:03,4/27/2013,07:13:03,2.12,7.02,73.00,960.60,338
4/27/2013 07:13:18,4/27/2013,07:13:18,1.99,7.00,73.09,960.62,340
4/27/2013 07:13:33,4/27/2013,07:13:33,1.95,7.00,72.90,960.60,353
4/27/2013 07:13:48,4/27/2013,07:13:48,1.76,7.00,73.69,960.60,327
4/27/2013 07:14:03,4/27/2013,07:14:03,0.73,7.30,73.19,960.63,5
4/27/2013 07:14:18,4/27/2013,07:14:18,2.27,7.00,72.80,960.62,336
4/27/2013 07:14:33,4/27/2013,07:14:33,1.86,7.07,72.80,960.62,331
4/27/2013 07:14:48,4/27/2013,07:14:48,1.44,7.07,72.69,960.63,357
4/27/2013 07:15:03,4/27/2013,07:15:03,0.98,7.30,73.00,960.64,1
4/27/2013 07:15:18,4/27/2013,07:15:18,1.27,7.30,73.09,960.66,21
4/27/2013 07:15:33,4/27/2013,07:15:33,0.95,7.34,72.80,960.65,333
4/27/2013 07:15:48,4/27/2013,07:15:48,1.24,7.30,72.50,960.65,336
4/27/2013 07:16:03,4/27/2013,07:16:03,0.95,7.42,73.19,960.63,345
4/27/2013 07:16:18,4/27/2013,07:16:18,0.06,7.82,72.30,960.66,324
4/27/2013 07:16:33,4/27/2013,07:16:33,0.00,7.69,71.40,960.67,354
4/27/2013 07:16:48,4/27/2013,07:16:48,1.38,7.47,71.40,960.63,6
4/27/2013 07:17:03,4/27/2013,07:17:03,0.99,7.62,72.00,960.65,345
4/27/2013 07:17:18,4/27/2013,07:17:18,1.08,7.55,72.59,960.65,336
4/27/2013 07:17:33,4/27/2013,07:17:33,0.36,7.77,71.30,960.67,23
4/27/2013 07:17:48,4/27/2013,07:17:48,0.77,7.77,71.09,960.70,12
4/27/2013 07:18:03,4/27/2013,07:18:03,1.65,7.57,71.09,960.66,37
4/27/2013 07:18:18,4/27/2013,07:18:18,1.54,7.65,71.19,960.65,355
4/27/2013 07:18:33,4/27/2013,07:18:33,1.69,7.62,71.09,960.66,0
4/27/2013 07:18:48,4/27/2013,07:18:48,2.51,7.37,70.59,960.65,355
4/27/2013 07:19:03,4/27/2013,07:19:03,2.83,7.30,71.90,960.65,292
4/27/2013 07:19:18,4/27/2013,07:19:18,2.72,7.22,72.30,960.65,349
4/27/2013 07:19:33,4/27/2013,07:19:33,4.24,6.90,73.00,960.63,339
4/27/2013 07:19:48,4/27/2013,07:19:48,3.47,6.90,73.19,960.65,304
4/27/2013 07:20:03,4/27/2013,07:20:03,2.52,7.00,73.30,960.67,353
4/27/2013 07:20:18,4/27/2013,07:20:18,2.33,7.00,72.90,960.67,354
4/27/2013 07:20:33,4/27/2013,07:20:33,1.73,7.15,72.80,960.69,326
4/27/2013 07:20:48,4/27/2013,07:20:48,2.34,7.00,72.69,960.67,355
4/27/2013 07:21:03,4/27/2013,07:21:03,1.38,7.27,73.00,960.70,28
4/27/2013 07:21:18,4/27/2013,07:21:18,2.08,7.09,72.50,960.70,11
4/27/2013 07:21:33,4/27/2013,07:21:33,1.72,7.17,72.69,960.69,334
4/27/2013 07:21:48,4/27/2013,07:21:48,1.41,7.37,73.69,960.71,350
4/27/2013 07:22:03,4/27/2013,07:22:03,2.30,7.09,72.40,960.66,2
4/27/2013 07:22:18,4/27/2013,07:22:18,2.52,7.02,72.30,960.70,347
4/27/2013 07:22:33,4/27/2013,07:22:33,2.45,7.00,72.50,960.70,338
4/27/2013 07:22:48,4/27/2013,07:22:48,1.52,7.22,72.69,960.72,328
4/27/2013 07:23:03,4/27/2013,07:23:03,2.24,7.15,72.19,960.71,354
4/27/2013 07:23:18,4/27/2013,07:23:18,1.63,7.22,72.59,960.71,21
4/27/2013 07:23:33,4/27/2013,07:23:33,1.83,7.22,72.69,960.72,11
4/27/2013 07:23:48,4/27/2013,07:23:48,1.49,7.37,73.40,960.69,330
4/27/2013 07:24:03,4/27/2013,07:24:03,1.41,7.42,73.69,960.70,290
4/27/2013 07:24:18,4/27/2013,07:24:18,2.26,7.15,72.30,960.71,0
4/27/2013 07:24:33,4/27/2013,07:24:33,2.24,7.09,72.09,960.72,351
4/27/2013 07:24:48,4/27/2013,07:24:48,2.36,7.15,72.30,960.73,325
4/27/2013 07:25:03,4/27/2013,07:25:03,1.24,7.34,72.09,960.75,351
4/27/2013 07:25:18,4/27/2013,07:25:18,1.68,7.30,71.90,960.73,5
4/27/2013 07:25:33,4/27/2013,07:25:33,2.59,7.09,71.69,960.73,9
4/27/2013 07:25:48,4/27/2013,07:25:48,2.47,7.15,72.30,960.71,21
4/27/2013 07:26:03,4/27/2013,07:26:03,2.06,7.22,72.40,960.72,327
4/27/2013 07:26:18,4/27/2013,07:26:18,1.69,7.37,72.09,960.74,12
4/27/2013 07:26:33,4/27/2013,07:26:33,1.52,7.42,72.40,960.75,345
4/27/2013 07:26:48,4/27/2013,07:26:48,1.83,7.34,71.80,960.77,344
4/27/2013 07:27:03,4/27/2013,07:27:03,2.74,7.07,72.09,960.75,330
4/27/2013 07:27:18,4/27/2013,07:27:18,2.37,7.17,74.19,960.77,335
4/27/2013 07:27:33,4/27/2013,07:27:33,0.87,7.55,73.59,960.79,357
4/27/2013 07:27:48,4/27/2013,07:27:48,0.00,7.82,72.19,960.81,37
4/27/2013 07:28:03,4/27/2013,07:28:03,0.98,7.65,71.69,960.80,351
4/27/2013 07:28:18,4/27/2013,07:28:18,1.80,7.37,71.50,960.78,342
4/27/2013 07:28:33,4/27/2013,07:28:33,2.18,7.30,72.00,960.79,357
4/27/2013 07:28:48,4/27/2013,07:28:48,1.34,7.55,72.30,960.80,13
4/27/2013 07:29:03,4/27/2013,07:29:03,1.19,7.69,71.69,960.81,32
4/27/2013 07:29:18,4/27/2013,07:29:18,1.38,7.77,72.80,960.78,332
4/27/2013 07:29:33,4/27/2013,07:29:33,1.26,7.82,72.40,960.77,0
4/27/2013 07:29:48,4/27/2013,07:29:48,1.54,7.69,71.19,960.75,328
4/27/2013 07:30:03,4/27/2013,07:30:03,1.02,7.84,71.50,960.78,330
4/27/2013 07:30:18,4/27/2013,07:30:18,1.36,7.77,70.90,960.77,336
4/27/2013 07:30:33,4/27/2013,07:30:33,1.51,7.77,71.19,960.78,12
4/27/2013 07:30:48,4/27/2013,07:30:48,0.18,8.22,71.50,960.79,13
4/27/2013 07:31:03,4/27/2013,07:31:03,0.77,8.10,70.59,960.78,335
4/27/2013 07:31:18,4/27/2013,07:31:18,1.29,7.92,69.90,960.77,353
4/27/2013 07:31:33,4/27/2013,07:31:33,0.90,8.10,70.80,960.77,8
4/27/2013 07:31:48,4/27/2013,07:31:48,1.73,7.77,70.59,960.75,317
4/27/2013 07:32:03,4/27/2013,07:32:03,1.79,7.69,70.69,960.77,359
4/27/2013 07:32:18,4/27/2013,07:32:18,1.79,7.69,70.80,960.79,12
4/27/2013 07:32:33,4/27/2013,07:32:33,2.05,7.65,71.00,960.80,16
4/27/2013 07:32:48,4/27/2013,07:32:48,1.62,7.77,71.30,960.79,0
4/27/2013 07:33:03,4/27/2013,07:33:03,2.23,7.57,71.30,960.79,20
4/27/2013 07:33:18,4/27/2013,07:33:18,1.33,7.84,71.80,960.80,7
4/27/2013 07:33:33,4/27/2013,07:33:33,0.80,7.97,71.19,960.82,348
4/27/2013 07:33:48,4/27/2013,07:33:48,0.63,8.17,70.80,960.82,38
4/27/2013 07:34:03,4/27/2013,07:34:03,1.54,7.84,70.19,960.80,325
4/27/2013 07:34:18,4/27/2013,07:34:18,2.27,7.65,70.59,960.79,333
4/27/2013 07:34:33,4/27/2013,07:34:33,2.56,7.55,71.00,960.79,335
4/27/2013 07:34:48,4/27/2013,07:34:48,2.88,7.47,71.80,960.81,352
4/27/2013 07:35:03,4/27/2013,07:35:03,2.84,7.34,71.19,960.82,351
4/27/2013 07:35:18,4/27/2013,07:35:18,2.47,7.37,71.40,960.84,0
4/27/2013 07:35:33,4/27/2013,07:35:33,2.84,7.27,71.50,960.85,356
4/27/2013 07:35:48,4/27/2013,07:35:48,2.33,7.37,72.90,960.84,326
4/27/2013 07:36:03,4/27/2013,07:36:03,1.91,7.42,72.50,960.85,340
4/27/2013 07:36:18,4/27/2013,07:36:18,1.73,7.55,72.30,960.85,342
4/27/2013 07:36:33,4/27/2013,07:36:33,0.48,7.77,72.00,960.88,344
4/27/2013 07:36:48,4/27/2013,07:36:48,1.61,7.69,72.80,960.85,335
4/27/2013 07:37:03,4/27/2013,07:37:03,1.38,7.77,72.40,960.86,332
4/27/2013 07:37:18,4/27/2013,07:37:18,1.36,7.75,72.00,960.88,354
4/27/2013 07:37:33,4/27/2013,07:37:33,2.27,7.55,71.90,960.88,0
4/27/2013 07:37:48,4/27/2013,07:37:48,2.30,7.55,71.69,960.88,344
4/27/2013 07:38:03,4/27/2013,07:38:03,1.20,7.84,70.80,960.87,11
4/27/2013 07:38:18,4/27/2013,07:38:18,2.62,7.50,70.59,960.84,5
4/27/2013 07:38:33,4/27/2013,07:38:33,1.95,7.69,72.00,960.87,327
4/27/2013 07:38:48,4/27/2013,07:38:48,2.08,7.55,71.50,960.87,338
4/27/2013 07:39:03,4/27/2013,07:39:03,2.45,7.47,71.59,960.86,309
4/27/2013 07:39:18,4/27/2013,07:39:18,2.67,7.37,71.40,960.86,336
4/27/2013 07:39:33,4/27/2013,07:39:33,2.41,7.42,71.59,960.88,3
4/27/2013 07:39:48,4/27/2013,07:39:48,2.54,7.34,71.00,960.89,347
4/27/2013 07:40:03,4/27/2013,07:40:03,3.34,7.15,71.30,960.88,345
4/27/2013 07:40:18,4/27/2013,07:40:18,2.36,7.22,71.40,960.88,350
4/27/2013 07:40:33,4/27/2013,07:40:33,2.58,7.17,71.30,960.90,357
4/27/2013 07:40:48,4/27/2013,07:40:48,2.16,7.22,71.50,960.89,309
4/27/2013 07:41:03,4/27/2013,07:41:03,2.18,7.22,71.69,960.89,344
4/27/2013 07:41:18,4/27/2013,07:41:18,2.65,7.17,72.59,960.89,328
4/27/2013 07:41:33,4/27/2013,07:41:33,1.66,7.42,72.90,960.89,342
4/27/2013 07:41:48,4/27/2013,07:41:48,1.05,7.62,72.50,960.92,7
4/27/2013 07:42:03,4/27/2013,07:42:03,1.22,7.62,72.50,960.89,324
4/27/2013 07:42:18,4/27/2013,07:42:18,1.51,7.55,71.30,960.90,350
4/27/2013 07:42:33,4/27/2013,07:42:33,2.63,7.30,71.00,960.88,348
4/27/2013 07:42:48,4/27/2013,07:42:48,1.69,7.55,71.50,960.86,318
4/27/2013 07:43:03,4/27/2013,07:43:03,2.37,7.37,71.09,960.89,354
4/27/2013 07:43:18,4/27/2013,07:43:18,2.36,7.37,71.19,960.89,3
4/27/2013 07:43:33,4/27/2013,07:43:33,2.37,7.37,71.30,960.89,22
4/27/2013 07:43:48,4/27/2013,07:43:48,1.55,7.62,71.69,960.90,11
4/27/2013 07:44:03,4/27/2013,07:44:03,1.37,7.75,71.50,960.90,357
4/27/2013 07:44:18,4/27/2013,07:44:18,1.40,7.82,71.19,960.90,18
4/27/2013 07:44:33,4/27/2013,07:44:33,0.30,8.32,72.00,960.92,118
4/27/2013 07:44:48,4/27/2013,07:44:48,1.81,7.92,70.69,960.90,348
4/27/2013 07:45:03,4/27/2013,07:45:03,2.22,7.84,70.69,960.92,2
4/27/2013 07:45:18,4/27/2013,07:45:18,1.16,8.25,71.40,960.93,52
4/27/2013 07:45:33,4/27/2013,07:45:33,1.40,8.10,69.59,960.92,17
4/27/2013 07:45:48,4/27/2013,07:45:48,2.54,7.69,69.30,960.90,17
4/27/2013 07:46:03,4/27/2013,07:46:03,2.80,7.57,69.69,960.93,351
4/27/2013 07:46:18,4/27/2013,07:46:18,2.76,7.62,70.30,960.93,5
4/27/2013 07:46:33,4/27/2013,07:46:33,2.29,7.69,71.09,960.94,55
4/27/2013 07:46:48,4/27/2013,07:46:48,2.58,7.57,71.30,960.92,320
4/27/2013 07:47:03,4/27/2013,07:47:03,2.48,7.57,71.40,960.96,21
4/27/2013 07:47:18,4/27/2013,07:47:18,2.41,7.55,70.59,960.96,62
4/27/2013 07:47:33,4/27/2013,07:47:33,1.79,7.77,71.09,960.96,13
4/27/2013 07:47:48,4/27/2013,07:47:48,1.54,7.84,70.50,960.94,10
4/27/2013 07:48:03,4/27/2013,07:48:03,1.11,8.05,70.59,960.94,27
4/27/2013 07:48:18,4/27/2013,07:48:18,2.09,7.77,70.40,960.96,343
4/27/2013 07:48:33,4/27/2013,07:48:33,1.44,7.92,70.09,960.96,353
4/27/2013 07:48:48,4/27/2013,07:48:48,1.88,7.84,70.19,960.95,328
4/27/2013 07:49:03,4/27/2013,07:49:03,3.20,7.55,70.30,960.95,343
4/27/2013 07:49:18,4/27/2013,07:49:18,4.19,7.22,70.19,960.97,17
4/27/2013 07:49:33,4/27/2013,07:49:33,2.47,7.55,70.80,960.97,23
4/27/2013 07:49:48,4/27/2013,07:49:48,2.04,7.62,70.90,961.00,357
4/27/2013 07:50:03,4/27/2013,07:50:03,2.87,7.42,70.90,961.00,354
4/27/2013 07:50:18,4/27/2013,07:50:18,2.73,7.37,71.19,961.02,40
4/27/2013 07:50:33,4/27/2013,07:50:33,2.31,7.37,71.30,961.01,0
4/27/2013 07:50:48,4/27/2013,07:50:48,2.13,7.47,71.00,961.01,353
4/27/2013 07:51:03,4/27/2013,07:51:03,2.98,7.27,71.30,961.01,14
4/27/2013 07:51:18,4/27/2013,07:51:18,2.13,7.30,71.50,961.01,358
4/27/2013 07:51:33,4/27/2013,07:51:33,3.24,7.07,71.90,961.03,18
4/27/2013 07:51:48,4/27/2013,07:51:48,2.30,7.22,72.09,961.04,21
4/27/2013 07:52:03,4/27/2013,07:52:03,1.51,7.37,72.59,961.08,8
4/27/2013 07:52:18,4/27/2013,07:52:18,3.42,6.94,72.09,961.07,355
4/27/2013 07:52:33,4/27/2013,07:52:33,1.86,7.22,72.80,961.08,30
4/27/2013 07:52:48,4/27/2013,07:52:48,1.68,7.22,72.50,961.10,338
4/27/2013 07:53:03,4/27/2013,07:53:03,1.93,7.15,72.40,961.10,355
4/27/2013 07:53:18,4/27/2013,07:53:18,2.88,7.00,73.30,961.11,8
4/27/2013 07:53:33,4/27/2013,07:53:33,3.51,6.82,73.00,961.11,16
4/27/2013 07:53:48,4/27/2013,07:53:48,2.99,6.82,73.40,961.10,11
4/27/2013 07:54:03,4/27/2013,07:54:03,1.95,7.00,73.40,961.12,25
4/27/2013 07:54:18,4/27/2013,07:54:18,2.55,6.82,73.30,961.13,48
4/27/2013 07:54:33,4/27/2013,07:54:33,2.23,6.90,73.59,961.13,29
4/27/2013 07:54:48,4/27/2013,07:54:48,1.55,7.02,74.40,961.16,357
4/27/2013 07:55:03,4/27/2013,07:55:03,1.15,7.09,74.50,961.17,27
4/27/2013 07:55:18,4/27/2013,07:55:18,1.94,7.00,74.19,961.16,5
4/27/2013 07:55:33,4/27/2013,07:55:33,1.12,7.15,74.80,961.16,343
4/27/2013 07:55:48,4/27/2013,07:55:48,1.16,7.07,74.19,961.16,14
4/27/2013 07:56:03,4/27/2013,07:56:03,1.34,7.07,74.09,961.12,1
4/27/2013 07:56:18,4/27/2013,07:56:18,1.98,6.94,74.30,961.16,1
4/27/2013 07:56:33,4/27/2013,07:56:33,1.48,7.09,75.69,961.13,19
4/27/2013 07:56:48,4/27/2013,07:56:48,2.37,6.90,75.30,961.12,3
4/27/2013 07:57:03,4/27/2013,07:57:03,2.30,6.82,75.40,961.12,321
4/27/2013 07:57:18,4/27/2013,07:57:18,2.88,6.75,75.09,961.11,25
4/27/2013 07:57:33,4/27/2013,07:57:33,2.09,6.82,75.90,961.13,11
4/27/2013 07:57:48,4/27/2013,07:57:48,2.42,6.69,74.80,961.13,347
4/27/2013 07:58:03,4/27/2013,07:58:03,3.17,6.62,75.40,961.12,358
4/27/2013 07:58:18,4/27/2013,07:58:18,2.02,6.80,76.09,961.12,357
4/27/2013 07:58:33,4/27/2013,07:58:33,2.80,6.67,75.90,961.12,359
4/27/2013 07:58:48,4/27/2013,07:58:48,3.16,6.52,75.59,961.12,22
4/27/2013 07:59:03,4/27/2013,07:59:03,2.55,6.62,76.30,961.16,18
4/27/2013 07:59:18,4/27/2013,07:59:18,1.90,6.75,76.80,961.18,358
4/27/2013 07:59:33,4/27/2013,07:59:33,1.18,6.87,77.00,961.19,0
4/27/2013 07:59:48,4/27/2013,07:59:48,2.06,6.67,75.19,961.16,344
4/27/2013 08:00:03,4/27/2013,08:00:03,2.08,6.75,76.00,961.15,35
4/27/2013 08:00:18,4/27/2013,08:00:18,2.67,6.52,75.19,961.16,15
4/27/2013 08:00:33,4/27/2013,08:00:33,2.08,6.67,76.09,961.17,336
4/27/2013 08:00:48,4/27/2013,08:00:48,2.15,6.59,75.00,961.15,20
4/27/2013 08:01:03,4/27/2013,08:01:03,1.41,6.75,75.19,961.16,334
4/27/2013 08:01:18,4/27/2013,08:01:18,1.90,6.75,75.00,961.13,11
4/27/2013 08:01:33,4/27/2013,08:01:33,1.48,6.87,74.69,961.11,63
4/27/2013 08:01:48,4/27/2013,08:01:48,1.47,6.94,74.90,961.11,331
4/27/2013 08:02:03,4/27/2013,08:02:03,0.88,7.07,74.90,961.15,332
4/27/2013 08:02:18,4/27/2013,08:02:18,2.30,6.82,75.40,961.13,348
4/27/2013 08:02:33,4/27/2013,08:02:33,2.94,6.67,75.09,961.09,327
4/27/2013 08:02:48,4/27/2013,08:02:48,2.66,6.67,75.59,961.10,352
4/27/2013 08:03:03,4/27/2013,08:03:03,2.67,6.67,75.09,961.10,340
4/27/2013 08:03:18,4/27/2013,08:03:18,1.70,6.82,74.90,961.12,13
4/27/2013 08:03:33,4/27/2013,08:03:33,1.44,6.87,74.80,961.13,359
4/27/2013 08:03:48,4/27/2013,08:03:48,1.73,7.00,75.59,961.12,343
4/27/2013 08:04:03,4/27/2013,08:04:03,2.56,6.87,75.09,961.12,358
4/27/2013 08:04:18,4/27/2013,08:04:18,2.30,6.82,74.59,961.13,336
4/27/2013 08:04:33,4/27/2013,08:04:33,1.38,7.09,75.40,961.12,337
4/27/2013 08:04:48,4/27/2013,08:04:48,3.04,6.94,75.30,961.10,14
4/27/2013 08:05:03,4/27/2013,08:05:03,3.76,6.82,74.90,961.08,70
4/27/2013 08:05:18,4/27/2013,08:05:18,2.74,6.94,74.90,961.07,49
4/27/2013 08:05:33,4/27/2013,08:05:33,2.74,7.00,74.40,961.08,23
4/27/2013 08:05:48,4/27/2013,08:05:48,3.11,6.82,73.59,961.04,25
4/27/2013 08:06:03,4/27/2013,08:06:03,2.23,7.15,75.80,961.04,0
4/27/2013 08:06:18,4/27/2013,08:06:18,2.44,7.00,74.69,961.07,55
4/27/2013 08:06:33,4/27/2013,08:06:33,2.95,6.90,74.50,961.08,15
4/27/2013 08:06:48,4/27/2013,08:06:48,2.52,7.07,75.00,961.08,11
4/27/2013 08:07:03,4/27/2013,08:07:03,1.12,7.37,76.80,961.11,297
4/27/2013 08:07:18,4/27/2013,08:07:18,0.58,7.47,77.19,961.11,354
4/27/2013 08:07:33,4/27/2013,08:07:33,1.27,7.37,75.40,961.09,3
4/27/2013 08:07:48,4/27/2013,08:07:48,0.77,7.47,75.69,961.09,355
4/27/2013 08:08:03,4/27/2013,08:08:03,2.13,7.17,74.69,961.10,24
4/27/2013 08:08:18,4/27/2013,08:08:18,1.95,7.09,74.50,961.10,2
4/27/2013 08:08:33,4/27/2013,08:08:33,1.61,7.15,74.40,961.10,59
4/27/2013 08:08:48,4/27/2013,08:08:48,0.56,7.30,74.90,961.13,318
4/27/2013 08:09:03,4/27/2013,08:09:03,2.09,7.00,73.90,961.11,310
4/27/2013 08:09:18,4/27/2013,08:09:18,2.99,6.90,74.40,961.07,335
4/27/2013 08:09:33,4/27/2013,08:09:33,2.45,6.90,75.00,961.08,328
4/27/2013 08:09:48,4/27/2013,08:09:48,1.55,7.07,75.80,961.10,18
4/27/2013 08:10:03,4/27/2013,08:10:03,0.91,7.22,76.30,961.12,80
4/27/2013 08:10:18,4/27/2013,08:10:18,0.84,7.27,76.80,961.11,334
4/27/2013 08:10:33,4/27/2013,08:10:33,1.65,7.07,75.50,961.10,0
4/27/2013 08:10:48,4/27/2013,08:10:48,2.81,6.80,74.69,961.09,23
4/27/2013 08:11:03,4/27/2013,08:11:03,2.74,6.80,75.00,961.05,0
4/27/2013 08:11:18,4/27/2013,08:11:18,2.62,6.69,74.69,961.08,3
4/27/2013 08:11:33,4/27/2013,08:11:33,2.06,6.82,75.00,961.09,0
4/27/2013 08:11:48,4/27/2013,08:11:48,2.51,6.67,74.69,961.08,6
4/27/2013 08:12:03,4/27/2013,08:12:03,2.87,6.59,75.00,961.10,38
4/27/2013 08:12:18,4/27/2013,08:12:18,2.06,6.69,75.80,961.10,23
4/27/2013 08:12:33,4/27/2013,08:12:33,1.52,6.80,75.59,961.13,24
4/27/2013 08:12:48,4/27/2013,08:12:48,1.31,6.87,75.80,961.15,68
4/27/2013 08:13:03,4/27/2013,08:13:03,2.09,6.75,75.50,961.11,4
4/27/2013 08:13:18,4/27/2013,08:13:18,1.76,6.82,75.19,961.10,14
4/27/2013 08:13:33,4/27/2013,08:13:33,2.76,6.67,75.09,961.10,343
4/27/2013 08:13:48,4/27/2013,08:13:48,1.88,6.80,75.69,961.09,17
4/27/2013 08:14:03,4/27/2013,08:14:03,1.91,6.80,76.19,961.11,349
4/27/2013 08:14:18,4/27/2013,08:14:18,2.23,6.75,76.09,961.13,323
4/27/2013 08:14:33,4/27/2013,08:14:33,2.31,6.59,74.59,961.12,16
4/27/2013 08:14:48,4/27/2013,08:14:48,1.66,6.67,75.19,961.13,6
4/27/2013 08:15:03,4/27/2013,08:15:03,1.19,6.80,75.69,961.13,0
4/27/2013 08:15:18,4/27/2013,08:15:18,3.09,6.55,75.09,961.11,27
4/27/2013 08:15:33,4/27/2013,08:15:33,2.61,6.55,75.40,961.13,11
4/27/2013 08:15:48,4/27/2013,08:15:48,1.45,6.75,76.09,961.17,18
4/27/2013 08:16:03,4/27/2013,08:16:03,1.12,6.82,75.69,961.17,308
4/27/2013 08:16:18,4/27/2013,08:16:18,1.65,6.82,76.19,961.17,31
4/27/2013 08:16:33,4/27/2013,08:16:33,1.31,6.90,76.00,961.17,335
4/27/2013 08:16:48,4/27/2013,08:16:48,2.12,6.82,76.09,961.19,334
4/27/2013 08:17:03,4/27/2013,08:17:03,1.40,7.00,76.40,961.19,11
4/27/2013 08:17:18,4/27/2013,08:17:18,2.01,6.82,75.30,961.17,343
4/27/2013 08:17:33,4/27/2013,08:17:33,2.04,6.82,75.80,961.16,339
4/27/2013 08:17:48,4/27/2013,08:17:48,2.76,6.80,76.19,961.12,8
4/27/2013 08:18:03,4/27/2013,08:18:03,3.04,6.75,75.80,961.13,4
4/27/2013 08:18:18,4/27/2013,08:18:18,2.40,6.82,75.90,961.13,356
4/27/2013 08:18:33,4/27/2013,08:18:33,2.98,6.80,75.80,961.16,58
4/27/2013 08:18:48,4/27/2013,08:18:48,2.34,6.90,75.50,961.17,342
4/27/2013 08:19:03,4/27/2013,08:19:03,2.87,6.80,74.90,961.17,353
4/27/2013 08:19:18,4/27/2013,08:19:18,2.29,6.82,75.09,961.17,28
4/27/2013 08:19:33,4/27/2013,08:19:33,3.08,6.75,74.90,961.16,10
4/27/2013 08:19:48,4/27/2013,08:19:48,3.01,6.75,74.40,961.18,9
4/27/2013 08:20:03,4/27/2013,08:20:03,2.01,6.87,74.40,961.18,15
4/27/2013 08:20:18,4/27/2013,08:20:18,0.81,7.15,76.69,961.23,334
4/27/2013 08:20:33,4/27/2013,08:20:33,2.76,6.94,74.69,961.19,5
4/27/2013 08:20:48,4/27/2013,08:20:48,2.63,6.90,74.40,961.17,3
4/27/2013 08:21:03,4/27/2013,08:21:03,1.61,7.09,74.69,961.18,24
4/27/2013 08:21:18,4/27/2013,08:21:18,0.79,7.27,75.50,961.23,12
4/27/2013 08:21:33,4/27/2013,08:21:33,1.83,7.27,74.90,961.20,12
4/27/2013 08:21:48,4/27/2013,08:21:48,2.97,7.07,74.50,961.15,43
4/27/2013 08:22:03,4/27/2013,08:22:03,2.99,7.02,74.09,961.17,17
4/27/2013 08:22:18,4/27/2013,08:22:18,1.73,7.15,74.00,961.19,35
4/27/2013 08:22:33,4/27/2013,08:22:33,1.69,7.22,74.50,961.19,8
4/27/2013 08:22:48,4/27/2013,08:22:48,1.18,7.37,75.40,961.20,33
4/27/2013 08:23:03,4/27/2013,08:23:03,1.05,7.47,75.59,961.23,148
4/27/2013 08:23:18,4/27/2013,08:23:18,2.12,7.27,74.50,961.16,29
4/27/2013 08:23:33,4/27/2013,08:23:33,3.45,7.07,73.30,961.13,27
4/27/2013 08:23:48,4/27/2013,08:23:48,2.51,7.30,73.40,961.13,52
4/27/2013 08:24:03,4/27/2013,08:24:03,2.02,7.47,73.50,961.13,24
4/27/2013 08:24:18,4/27/2013,08:24:18,2.04,7.57,73.90,961.13,358
4/27/2013 08:24:33,4/27/2013,08:24:33,1.20,7.77,73.69,961.15,4
4/27/2013 08:24:48,4/27/2013,08:24:48,1.12,7.92,74.19,961.13,13
4/27/2013 08:25:03,4/27/2013,08:25:03,1.59,7.84,73.19,961.16,27
4/27/2013 08:25:18,4/27/2013,08:25:18,3.15,7.42,72.00,961.11,17
4/27/2013 08:25:33,4/27/2013,08:25:33,2.67,7.55,73.09,961.13,19
4/27/2013 08:25:48,4/27/2013,08:25:48,2.73,7.55,72.80,961.13,353
4/27/2013 08:26:03,4/27/2013,08:26:03,2.98,7.37,72.80,961.16,11
4/27/2013 08:26:18,4/27/2013,08:26:18,3.44,7.22,72.09,961.16,1
4/27/2013 08:26:33,4/27/2013,08:26:33,2.84,7.37,73.40,961.17,20
4/27/2013 08:26:48,4/27/2013,08:26:48,3.08,7.34,73.69,961.17,49
4/27/2013 08:27:03,4/27/2013,08:27:03,1.88,7.47,73.00,961.18,19
4/27/2013 08:27:18,4/27/2013,08:27:18,1.69,7.55,74.00,961.20,335
4/27/2013 08:27:33,4/27/2013,08:27:33,2.54,7.47,73.90,961.18,11
4/27/2013 08:27:48,4/27/2013,08:27:48,2.34,7.50,74.59,961.19,12
4/27/2013 08:28:03,4/27/2013,08:28:03,3.05,7.47,74.19,961.19,341
4/27/2013 08:28:18,4/27/2013,08:28:18,2.88,7.47,74.09,961.19,334
4/27/2013 08:28:33,4/27/2013,08:28:33,1.36,7.69,74.09,961.19,348
4/27/2013 08:28:48,4/27/2013,08:28:48,1.76,7.57,73.19,961.19,359
4/27/2013 08:29:03,4/27/2013,08:29:03,1.27,7.77,74.19,961.21,7
4/27/2013 08:29:18,4/27/2013,08:29:18,1.33,8.02,76.30,961.21,45
4/27/2013 08:29:33,4/27/2013,08:29:33,2.38,7.90,74.69,961.19,45
4/27/2013 08:29:48,4/27/2013,08:29:48,1.95,7.92,74.90,961.19,11
4/27/2013 08:30:03,4/27/2013,08:30:03,1.84,7.97,73.90,961.18,338
4/27/2013 08:30:18,4/27/2013,08:30:18,0.86,8.17,74.19,961.19,347
4/27/2013 08:30:33,4/27/2013,08:30:33,1.63,7.97,72.30,961.20,36
4/27/2013 08:30:48,4/27/2013,08:30:48,2.20,7.97,72.69,961.18,46
4/27/2013 08:31:03,4/27/2013,08:31:03,1.66,8.17,73.59,961.18,342
4/27/2013 08:31:18,4/27/2013,08:31:18,1.65,8.05,72.00,961.19,21
4/27/2013 08:31:33,4/27/2013,08:31:33,2.36,8.02,71.90,961.16,3
4/27/2013 08:31:48,4/27/2013,08:31:48,2.26,8.32,74.59,961.16,355
4/27/2013 08:32:03,4/27/2013,08:32:03,2.80,8.02,72.80,961.15,332
4/27/2013 08:32:18,4/27/2013,08:32:18,2.23,8.10,72.50,961.16,24
4/27/2013 08:32:33,4/27/2013,08:32:33,2.36,8.10,72.30,961.16,335
4/27/2013 08:32:48,4/27/2013,08:32:48,3.17,7.77,71.19,961.17,301
4/27/2013 08:33:03,4/27/2013,08:33:03,3.58,7.69,71.59,961.15,341
4/27/2013 08:33:18,4/27/2013,08:33:18,2.30,7.82,73.00,961.18,50
4/27/2013 08:33:33,4/27/2013,08:33:33,2.48,7.84,72.69,961.18,333
4/27/2013 08:33:48,4/27/2013,08:33:48,2.49,7.77,71.40,961.17,310
4/27/2013 08:34:03,4/27/2013,08:34:03,2.49,7.75,71.50,961.17,359
4/27/2013 08:34:18,4/27/2013,08:34:18,2.97,7.77,72.80,961.16,298
4/27/2013 08:34:33,4/27/2013,08:34:33,4.02,7.55,72.00,961.15,337
4/27/2013 08:34:48,4/27/2013,08:34:48,3.15,7.69,72.30,961.18,335
4/27/2013 08:35:03,4/27/2013,08:35:03,2.79,7.62,72.80,961.20,26
4/27/2013 08:35:18,4/27/2013,08:35:18,2.52,7.55,72.40,961.23,357
4/27/2013 08:35:33,4/27/2013,08:35:33,1.37,7.84,73.09,961.25,5
4/27/2013 08:35:48,4/27/2013,08:35:48,3.65,7.47,72.00,961.21,323
4/27/2013 08:36:03,4/27/2013,08:36:03,2.91,7.47,72.00,961.23,329
4/27/2013 08:36:18,4/27/2013,08:36:18,2.27,7.50,72.69,961.25,357
4/27/2013 08:36:33,4/27/2013,08:36:33,2.51,7.37,72.40,961.25,33
4/27/2013 08:36:48,4/27/2013,08:36:48,2.02,7.47,73.00,961.25,353
4/27/2013 08:37:03,4/27/2013,08:37:03,1.47,7.50,72.40,961.28,37
4/27/2013 08:37:18,4/27/2013,08:37:18,1.58,7.57,73.69,961.30,11
4/27/2013 08:37:33,4/27/2013,08:37:33,1.90,7.47,72.69,961.28,13
4/27/2013 08:37:48,4/27/2013,08:37:48,2.80,7.30,72.40,961.26,55
4/27/2013 08:38:03,4/27/2013,08:38:03,2.52,7.34,73.00,961.27,47
4/27/2013 08:38:18,4/27/2013,08:38:18,2.86,7.37,73.30,961.27,10
4/27/2013 08:38:33,4/27/2013,08:38:33,2.62,7.47,73.50,961.30,23
4/27/2013 08:38:48,4/27/2013,08:38:48,2.55,7.30,72.19,961.32,77
4/27/2013 08:39:03,4/27/2013,08:39:03,3.70,7.22,72.40,961.31,65
4/27/2013 08:39:18,4/27/2013,08:39:18,3.33,7.17,72.19,961.32,8
4/27/2013 08:39:33,4/27/2013,08:39:33,2.79,7.17,71.50,961.31,1
4/27/2013 08:39:48,4/27/2013,08:39:48,2.34,7.15,71.40,961.31,20
4/27/2013 08:40:03,4/27/2013,08:40:03,2.01,7.22,72.00,961.34,62
4/27/2013 08:40:18,4/27/2013,08:40:18,2.15,7.15,72.80,961.35,20
4/27/2013 08:40:33,4/27/2013,08:40:33,2.99,7.00,72.69,961.36,3
4/27/2013 08:40:48,4/27/2013,08:40:48,1.72,7.09,73.19,961.38,342
4/27/2013 08:41:03,4/27/2013,08:41:03,1.99,7.07,73.80,961.38,23
4/27/2013 08:41:18,4/27/2013,08:41:18,2.02,7.00,73.19,961.40,355
4/27/2013 08:41:33,4/27/2013,08:41:33,1.83,7.00,73.59,961.41,350
4/27/2013 08:41:48,4/27/2013,08:41:48,2.70,6.82,72.69,961.40,325
4/27/2013 08:42:03,4/27/2013,08:42:03,3.47,6.67,72.69,961.39,354
4/27/2013 08:42:18,4/27/2013,08:42:18,4.06,6.55,72.40,961.41,20
4/27/2013 08:42:33,4/27/2013,08:42:33,2.51,6.75,73.50,961.46,353
4/27/2013 08:42:48,4/27/2013,08:42:48,2.84,6.67,72.90,961.46,1
4/27/2013 08:43:03,4/27/2013,08:43:03,3.30,6.52,72.40,961.47,23
4/27/2013 08:43:18,4/27/2013,08:43:18,5.15,6.42,72.59,961.46,40
4/27/2013 08:43:33,4/27/2013,08:43:33,4.13,6.42,73.40,961.50,32
4/27/2013 08:43:48,4/27/2013,08:43:48,2.59,6.59,74.09,961.49,13
4/27/2013 08:44:03,4/27/2013,08:44:03,1.94,6.67,74.00,961.51,23
4/27/2013 08:44:18,4/27/2013,08:44:18,2.47,6.59,73.90,961.50,67
4/27/2013 08:44:33,4/27/2013,08:44:33,2.77,6.52,73.90,961.50,33
4/27/2013 08:44:48,4/27/2013,08:44:48,2.88,6.52,74.00,961.50,1
4/27/2013 08:45:03,4/27/2013,08:45:03,2.37,6.52,73.50,961.47,26
4/27/2013 08:45:18,4/27/2013,08:45:18,2.70,6.52,74.30,961.47,39
4/27/2013 08:45:33,4/27/2013,08:45:33,1.95,6.59,74.50,961.47,17
4/27/2013 08:45:48,4/27/2013,08:45:48,1.74,6.59,74.30,961.47,34
4/27/2013 08:46:03,4/27/2013,08:46:03,1.41,6.67,74.30,961.46,26
4/27/2013 08:46:18,4/27/2013,08:46:18,2.34,6.59,74.40,961.43,11
4/27/2013 08:46:33,4/27/2013,08:46:33,2.02,6.59,74.40,961.43,1
4/27/2013 08:46:48,4/27/2013,08:46:48,1.90,6.59,74.69,961.43,24
4/27/2013 08:47:03,4/27/2013,08:47:03,1.91,6.59,74.59,961.46,349
4/27/2013 08:47:18,4/27/2013,08:47:18,2.56,6.52,73.90,961.43,339
4/27/2013 08:47:33,4/27/2013,08:47:33,2.16,6.55,74.40,961.42,15
4/27/2013 08:47:48,4/27/2013,08:47:48,2.19,6.59,74.90,961.42,37
4/27/2013 08:48:03,4/27/2013,08:48:03,1.56,6.75,76.00,961.45,5
4/27/2013 08:48:18,4/27/2013,08:48:18,1.73,6.82,75.80,961.43,22
4/27/2013 08:48:33,4/27/2013,08:48:33,0.72,7.02,76.30,961.45,348
4/27/2013 08:48:48,4/27/2013,08:48:48,1.83,7.07,75.90,961.42,348
4/27/2013 08:49:03,4/27/2013,08:49:03,2.47,6.90,74.30,961.39,332
4/27/2013 08:49:18,4/27/2013,08:49:18,2.45,7.07,75.00,961.40,321
4/27/2013 08:49:33,4/27/2013,08:49:33,2.47,7.27,77.69,961.39,349
4/27/2013 08:49:48,4/27/2013,08:49:48,3.09,7.22,75.50,961.35,357
4/27/2013 08:50:03,4/27/2013,08:50:03,2.06,7.47,75.40,961.35,358
4/27/2013 08:50:18,4/27/2013,08:50:18,3.61,7.37,74.40,961.31,334
4/27/2013 08:50:33,4/27/2013,08:50:33,1.76,7.75,73.80,961.31,352
4/27/2013 08:50:48,4/27/2013,08:50:48,2.56,7.62,73.09,961.30,341
4/27/2013 08:51:03,4/27/2013,08:51:03,2.88,7.69,73.40,961.30,344
4/27/2013 08:51:18,4/27/2013,08:51:18,2.98,7.65,72.50,961.30,325
4/27/2013 08:51:33,4/27/2013,08:51:33,2.01,7.90,72.90,961.32,353
4/27/2013 08:51:48,4/27/2013,08:51:48,1.70,8.12,73.69,961.32,357
4/27/2013 08:52:03,4/27/2013,08:52:03,2.16,8.17,72.50,961.27,31
4/27/2013 08:52:18,4/27/2013,08:52:18,2.77,8.10,72.19,961.28,337
4/27/2013 08:52:33,4/27/2013,08:52:33,2.73,8.22,72.09,961.28,304
4/27/2013 08:52:48,4/27/2013,08:52:48,5.06,7.65,70.19,961.23,341
4/27/2013 08:53:03,4/27/2013,08:53:03,2.84,8.25,72.90,961.26,342
4/27/2013 08:53:18,4/27/2013,08:53:18,2.12,8.50,73.19,961.31,29
4/27/2013 08:53:33,4/27/2013,08:53:33,2.40,8.44,71.19,961.30,352
4/27/2013 08:53:48,4/27/2013,08:53:48,2.19,8.50,70.59,961.31,342
4/27/2013 08:54:03,4/27/2013,08:54:03,2.24,8.57,70.90,961.28,334
4/27/2013 08:54:18,4/27/2013,08:54:18,1.48,8.87,71.59,961.25,24
4/27/2013 08:54:33,4/27/2013,08:54:33,2.70,8.52,69.80,961.26,14
4/27/2013 08:54:48,4/27/2013,08:54:48,3.30,8.25,68.80,961.28,354
4/27/2013 08:55:03,4/27/2013,08:55:03,2.51,8.32,69.09,961.32,349
4/27/2013 08:55:18,4/27/2013,08:55:18,2.24,8.25,68.00,961.35,5
4/27/2013 08:55:33,4/27/2013,08:55:33,2.30,8.30,68.80,961.36,36
4/27/2013 08:55:48,4/27/2013,08:55:48,2.72,8.12,68.19,961.34,29
4/27/2013 08:56:03,4/27/2013,08:56:03,3.38,7.97,67.40,961.32,54
4/27/2013 08:56:18,4/27/2013,08:56:18,2.52,8.25,68.40,961.31,34
4/27/2013 08:56:33,4/27/2013,08:56:33,1.19,8.64,69.40,961.32,40
4/27/2013 08:56:48,4/27/2013,08:56:48,1.16,8.72,69.30,961.31,6
4/27/2013 08:57:03,4/27/2013,08:57:03,1.93,8.50,69.09,961.32,11
4/27/2013 08:57:18,4/27/2013,08:57:18,2.59,8.32,69.40,961.31,12
4/27/2013 08:57:33,4/27/2013,08:57:33,1.84,8.37,68.90,961.34,319
4/27/2013 08:57:48,4/27/2013,08:57:48,2.52,8.10,68.90,961.34,355
4/27/2013 08:58:03,4/27/2013,08:58:03,1.97,8.22,69.69,961.34,338
4/27/2013 08:58:18,4/27/2013,08:58:18,1.58,8.25,70.09,961.34,3
4/27/2013 08:58:33,4/27/2013,08:58:33,1.95,8.17,70.50,961.33,344
4/27/2013 08:58:48,4/27/2013,08:58:48,2.87,7.92,70.30,961.33,354
4/27/2013 08:59:03,4/27/2013,08:59:03,2.31,8.10,71.09,961.36,5
4/27/2013 08:59:18,4/27/2013,08:59:18,1.20,8.32,71.19,961.38,325
4/27/2013 08:59:33,4/27/2013,08:59:33,1.12,8.39,71.50,961.35,346
4/27/2013 08:59:48,4/27/2013,08:59:48,2.41,8.25,71.40,961.34,336
4/27/2013 09:00:03,4/27/2013,09:00:03,2.48,8.30,70.90,961.36,358
4/27/2013 09:00:18,4/27/2013,09:00:18,2.99,8.17,70.09,961.34,341
4/27/2013 09:00:33,4/27/2013,09:00:33,2.83,8.10,69.80,961.35,46
4/27/2013 09:00:48,4/27/2013,09:00:48,2.48,8.10,68.90,961.38,342
4/27/2013 09:01:03,4/27/2013,09:01:03,2.24,8.32,69.80,961.34,297
4/27/2013 09:01:18,4/27/2013,09:01:18,3.29,8.17,69.80,961.35,318
4/27/2013 09:01:33,4/27/2013,09:01:33,4.12,7.92,69.50,961.34,353
4/27/2013 09:01:48,4/27/2013,09:01:48,2.31,8.32,70.50,961.35,344
4/27/2013 09:02:03,4/27/2013,09:02:03,2.83,8.32,72.00,961.34,332
4/27/2013 09:02:18,4/27/2013,09:02:18,3.90,8.02,69.80,961.35,356
4/27/2013 09:02:33,4/27/2013,09:02:33,3.24,8.10,69.80,961.36,18
4/27/2013 09:02:48,4/27/2013,09:02:48,2.24,8.32,70.09,961.36,338
4/27/2013 09:03:03,4/27/2013,09:03:03,1.87,8.50,70.30,961.38,358
4/27/2013 09:03:18,4/27/2013,09:03:18,2.09,8.50,71.50,961.38,345
4/27/2013 09:03:33,4/27/2013,09:03:33,3.01,8.39,72.69,961.36,358
4/27/2013 09:03:48,4/27/2013,09:03:48,2.51,8.37,71.69,961.40,12
4/27/2013 09:04:03,4/27/2013,09:04:03,2.01,8.39,70.40,961.40,344
4/27/2013 09:04:18,4/27/2013,09:04:18,1.74,8.57,70.30,961.40,1
4/27/2013 09:04:33,4/27/2013,09:04:33,2.30,8.32,68.80,961.42,354
4/27/2013 09:04:48,4/27/2013,09:04:48,2.38,8.39,69.40,961.40,358
4/27/2013 09:05:03,4/27/2013,09:05:03,3.44,8.12,68.40,961.39,22
4/27/2013 09:05:18,4/27/2013,09:05:18,2.16,8.39,69.50,961.42,14
4/27/2013 09:05:33,4/27/2013,09:05:33,2.04,8.44,69.09,961.43,347
4/27/2013 09:05:48,4/27/2013,09:05:48,2.59,8.17,69.50,961.45,329
4/27/2013 09:06:03,4/27/2013,09:06:03,2.72,8.05,70.40,961.46,347
4/27/2013 09:06:18,4/27/2013,09:06:18,3.62,7.75,69.50,961.46,335
4/27/2013 09:06:33,4/27/2013,09:06:33,3.34,7.62,69.80,961.48,352
4/27/2013 09:06:48,4/27/2013,09:06:48,2.47,7.69,70.19,961.50,30
4/27/2013 09:07:03,4/27/2013,09:07:03,2.59,7.55,69.69,961.53,359
4/27/2013 09:07:18,4/27/2013,09:07:18,2.77,7.47,70.09,961.53,28
4/27/2013 09:07:33,4/27/2013,09:07:33,2.73,7.47,70.90,961.54,4
4/27/2013 09:07:48,4/27/2013,09:07:48,2.91,7.37,70.69,961.54,341
4/27/2013 09:08:03,4/27/2013,09:08:03,2.65,7.37,71.00,961.54,5
4/27/2013 09:08:18,4/27/2013,09:08:18,1.87,7.50,70.90,961.55,321
4/27/2013 09:08:33,4/27/2013,09:08:33,1.66,7.55,71.09,961.56,358
4/27/2013 09:08:48,4/27/2013,09:08:48,2.88,7.22,70.50,961.54,1
4/27/2013 09:09:03,4/27/2013,09:09:03,2.66,7.22,71.40,961.57,345
4/27/2013 09:09:18,4/27/2013,09:09:18,3.05,7.15,71.59,961.56,357
4/27/2013 09:09:33,4/27/2013,09:09:33,1.80,7.27,72.19,961.58,346
4/27/2013 09:09:48,4/27/2013,09:09:48,1.16,7.37,73.50,961.61,291
4/27/2013 09:10:03,4/27/2013,09:10:03,1.76,7.22,74.09,961.59,306
4/27/2013 09:10:18,4/27/2013,09:10:18,2.73,7.07,74.09,961.57,332
4/27/2013 09:10:33,4/27/2013,09:10:33,1.38,7.22,73.90,961.58,333
4/27/2013 09:10:48,4/27/2013,09:10:48,0.49,7.27,73.69,961.62,346
4/27/2013 09:11:03,4/27/2013,09:11:03,1.48,7.07,72.19,961.61,17
4/27/2013 09:11:18,4/27/2013,09:11:18,2.47,6.82,72.09,961.61,23
4/27/2013 09:11:33,4/27/2013,09:11:33,1.77,6.90,72.40,961.57,328
4/27/2013 09:11:48,4/27/2013,09:11:48,2.02,6.90,73.09,961.58,320
4/27/2013 09:12:03,4/27/2013,09:12:03,1.97,6.82,73.59,961.61,341
4/27/2013 09:12:18,4/27/2013,09:12:18,1.52,6.87,73.90,961.61,340
4/27/2013 09:12:33,4/27/2013,09:12:33,1.01,6.94,74.00,961.64,359
4/27/2013 09:12:48,4/27/2013,09:12:48,0.08,7.02,74.09,961.68,310
4/27/2013 09:13:03,4/27/2013,09:13:03,0.27,7.00,73.69,961.68,349
4/27/2013 09:13:18,4/27/2013,09:13:18,0.88,6.90,73.40,961.68,2
4/27/2013 09:13:33,4/27/2013,09:13:33,0.61,6.94,73.80,961.68,348
4/27/2013 09:13:48,4/27/2013,09:13:48,0.47,6.94,73.80,961.69,343
4/27/2013 09:14:03,4/27/2013,09:14:03,1.16,6.87,73.19,961.69,2
4/27/2013 09:14:18,4/27/2013,09:14:18,1.48,6.82,73.00,961.68,10
4/27/2013 09:14:33,4/27/2013,09:14:33,0.93,6.90,72.19,961.68,28
4/27/2013 09:14:48,4/27/2013,09:14:48,1.56,6.75,72.40,961.65,17
4/27/2013 09:15:03,4/27/2013,09:15:03,1.94,6.67,72.69,961.64,20
4/27/2013 09:15:18,4/27/2013,09:15:18,2.11,6.67,72.90,961.63,4
4/27/2013 09:15:33,4/27/2013,09:15:33,1.19,6.80,73.80,961.65,31
4/27/2013 09:15:48,4/27/2013,09:15:48,1.01,6.82,73.69,961.66,11
4/27/2013 09:16:03,4/27/2013,09:16:03,0.84,6.90,73.00,961.68,44
4/27/2013 09:16:18,4/27/2013,09:16:18,3.17,6.59,72.50,961.68,7
4/27/2013 09:16:33,4/27/2013,09:16:33,2.99,6.59,72.59,961.64,353
4/27/2013 09:16:48,4/27/2013,09:16:48,2.55,6.67,72.90,961.64,10
4/27/2013 09:17:03,4/27/2013,09:17:03,2.11,6.69,72.80,961.65,36
4/27/2013 09:17:18,4/27/2013,09:17:18,1.62,6.82,73.40,961.66,32
4/27/2013 09:17:33,4/27/2013,09:17:33,2.99,6.69,73.00,961.64,29
4/27/2013 09:17:48,4/27/2013,09:17:48,2.30,6.82,73.00,961.65,54
4/27/2013 09:18:03,4/27/2013,09:18:03,1.34,7.00,72.59,961.66,74
4/27/2013 09:18:18,4/27/2013,09:18:18,1.49,7.15,72.80,961.63,343
4/27/2013 09:18:33,4/27/2013,09:18:33,1.12,7.37,73.30,961.62,0
4/27/2013 09:18:48,4/27/2013,09:18:48,2.55,7.22,71.80,961.58,2
4/27/2013 09:19:03,4/27/2013,09:19:03,2.84,7.22,70.69,961.56,20
4/27/2013 09:19:18,4/27/2013,09:19:18,2.83,7.30,71.59,961.56,357
4/27/2013 09:19:33,4/27/2013,09:19:33,1.52,7.55,72.30,961.59,27
4/27/2013 09:19:48,4/27/2013,09:19:48,1.40,7.55,71.50,961.62,14
4/27/2013 09:20:03,4/27/2013,09:20:03,1.16,7.62,72.19,961.65,34
4/27/2013 09:20:18,4/27/2013,09:20:18,0.68,7.57,71.59,961.65,6
4/27/2013 09:20:33,4/27/2013,09:20:33,1.95,7.37,71.69,961.63,54
4/27/2013 09:20:48,4/27/2013,09:20:48,0.98,7.55,71.90,961.66,50
4/27/2013 09:21:03,4/27/2013,09:21:03,2.11,7.34,71.90,961.63,38
4/27/2013 09:21:18,4/27/2013,09:21:18,1.16,7.47,72.19,961.65,331
4/27/2013 09:21:33,4/27/2013,09:21:33,0.70,7.57,71.80,961.66,44
4/27/2013 09:21:48,4/27/2013,09:21:48,1.19,7.50,72.19,961.66,352
4/27/2013 09:22:03,4/27/2013,09:22:03,1.68,7.37,72.69,961.68,15
4/27/2013 09:22:18,4/27/2013,09:22:18,1.63,7.37,72.50,961.64,16
4/27/2013 09:22:33,4/27/2013,09:22:33,1.44,7.37,73.00,961.68,359
4/27/2013 09:22:48,4/27/2013,09:22:48,1.33,7.34,72.09,961.70,66
4/27/2013 09:23:03,4/27/2013,09:23:03,1.04,7.34,72.69,961.71,351
4/27/2013 09:23:18,4/27/2013,09:23:18,2.13,7.15,72.00,961.71,48
4/27/2013 09:23:33,4/27/2013,09:23:33,2.22,7.07,72.40,961.69,357
4/27/2013 09:23:48,4/27/2013,09:23:48,1.38,7.15,73.09,961.68,343
4/27/2013 09:24:03,4/27/2013,09:24:03,2.37,7.00,72.50,961.68,355
4/27/2013 09:24:18,4/27/2013,09:24:18,2.15,6.90,72.09,961.69,14
4/27/2013 09:24:33,4/27/2013,09:24:33,1.77,6.90,72.59,961.69,5
4/27/2013 09:24:48,4/27/2013,09:24:48,1.77,6.90,72.19,961.68,345
4/27/2013 09:25:03,4/27/2013,09:25:03,2.08,6.82,72.40,961.69,325
4/27/2013 09:25:18,4/27/2013,09:25:18,1.95,6.82,73.00,961.69,323
4/27/2013 09:25:33,4/27/2013,09:25:33,1.83,6.87,73.59,961.69,344
4/27/2013 09:25:48,4/27/2013,09:25:48,2.16,6.82,73.40,961.71,356
4/27/2013 09:26:03,4/27/2013,09:26:03,1.94,6.87,73.80,961.72,355
4/27/2013 09:26:18,4/27/2013,09:26:18,1.91,6.82,73.80,961.72,336
4/27/2013 09:26:33,4/27/2013,09:26:33,1.43,6.87,73.40,961.72,10
4/27/2013 09:26:48,4/27/2013,09:26:48,1.58,6.82,73.50,961.73,1
4/27/2013 09:27:03,4/27/2013,09:27:03,2.13,6.75,73.40,961.72,53
4/27/2013 09:27:18,4/27/2013,09:27:18,2.77,6.67,74.00,961.73,19
4/27/2013 09:27:33,4/27/2013,09:27:33,2.24,6.67,74.59,961.77,13
4/27/2013 09:27:48,4/27/2013,09:27:48,2.37,6.67,74.00,961.77,63
4/27/2013 09:28:03,4/27/2013,09:28:03,1.49,6.75,73.80,961.79,29
4/27/2013 09:28:18,4/27/2013,09:28:18,2.04,6.69,73.50,961.80,48
4/27/2013 09:28:33,4/27/2013,09:28:33,1.27,6.75,73.80,961.83,77
4/27/2013 09:28:48,4/27/2013,09:28:48,1.62,6.69,73.59,961.84,34
4/27/2013 09:29:03,4/27/2013,09:29:03,1.88,6.67,73.80,961.85,53
4/27/2013 09:29:18,4/27/2013,09:29:18,3.17,6.52,73.30,961.81,46
4/27/2013 09:29:33,4/27/2013,09:29:33,2.48,6.52,72.40,961.80,32
4/27/2013 09:29:48,4/27/2013,09:29:48,3.05,6.42,72.19,961.78,38
4/27/2013 09:30:03,4/27/2013,09:30:03,2.30,6.52,72.40,961.81,74
4/27/2013 09:30:18,4/27/2013,09:30:18,1.83,6.59,72.80,961.80,51
4/27/2013 09:30:33,4/27/2013,09:30:33,1.31,6.59,73.90,961.83,32
4/27/2013 09:30:48,4/27/2013,09:30:48,0.84,6.67,74.00,961.86,2
4/27/2013 09:31:03,4/27/2013,09:31:03,1.33,6.62,73.09,961.87,5
4/27/2013 09:31:18,4/27/2013,09:31:18,1.95,6.59,73.09,961.86,22
4/27/2013 09:31:33,4/27/2013,09:31:33,1.16,6.67,73.09,961.84,355
4/27/2013 09:31:48,4/27/2013,09:31:48,1.04,6.67,73.19,961.85,14
4/27/2013 09:32:03,4/27/2013,09:32:03,1.95,6.59,73.19,961.84,0
4/27/2013 09:32:18,4/27/2013,09:32:18,2.94,6.52,72.90,961.81,9
4/27/2013 09:32:33,4/27/2013,09:32:33,2.70,6.52,72.69,961.84,10
4/27/2013 09:32:48,4/27/2013,09:32:48,2.47,6.47,71.90,961.83,338
4/27/2013 09:33:03,4/27/2013,09:33:03,1.91,6.55,71.50,961.83,343
4/27/2013 09:33:18,4/27/2013,09:33:18,2.37,6.52,71.40,961.84,323
4/27/2013 09:33:33,4/27/2013,09:33:33,2.26,6.52,71.69,961.86,28
4/27/2013 09:33:48,4/27/2013,09:33:48,2.13,6.55,72.30,961.85,59
4/27/2013 09:34:03,4/27/2013,09:34:03,1.86,6.67,72.09,961.84,15
4/27/2013 09:34:18,4/27/2013,09:34:18,3.20,6.59,71.40,961.83,40
4/27/2013 09:34:33,4/27/2013,09:34:33,3.79,6.62,71.80,961.81,76
4/27/2013 09:34:48,4/27/2013,09:34:48,3.22,6.67,71.69,961.83,27
4/27/2013 09:35:03,4/27/2013,09:35:03,3.09,6.67,71.59,961.81,36
4/27/2013 09:35:18,4/27/2013,09:35:18,0.94,6.87,72.69,961.85,344
4/27/2013 09:35:33,4/27/2013,09:35:33,0.90,6.90,71.80,961.84,57
4/27/2013 09:35:48,4/27/2013,09:35:48,1.20,6.90,72.00,961.85,17
4/27/2013 09:36:03,4/27/2013,09:36:03,1.41,6.90,71.59,961.86,42
4/27/2013 09:36:18,4/27/2013,09:36:18,1.47,6.90,71.50,961.85,43
4/27/2013 09:36:33,4/27/2013,09:36:33,1.98,6.94,70.69,961.83,326
4/27/2013 09:36:48,4/27/2013,09:36:48,2.15,7.07,70.50,961.80,354
4/27/2013 09:37:03,4/27/2013,09:37:03,2.29,7.22,71.69,961.79,359
4/27/2013 09:37:18,4/27/2013,09:37:18,3.30,7.15,69.50,961.77,37
4/27/2013 09:37:33,4/27/2013,09:37:33,2.09,7.47,70.59,961.76,6
4/27/2013 09:37:48,4/27/2013,09:37:48,2.76,7.47,69.30,961.73,26
4/27/2013 09:38:03,4/27/2013,09:38:03,4.67,7.37,69.19,961.71,9
4/27/2013 09:38:18,4/27/2013,09:38:18,2.92,7.62,69.19,961.71,28
4/27/2013 09:38:33,4/27/2013,09:38:33,2.55,7.84,70.40,961.70,357
4/27/2013 09:38:48,4/27/2013,09:38:48,2.90,7.92,70.40,961.68,2
4/27/2013 09:39:03,4/27/2013,09:39:03,2.94,8.10,70.69,961.69,25
4/27/2013 09:39:18,4/27/2013,09:39:18,3.29,8.12,69.30,961.68,20
4/27/2013 09:39:33,4/27/2013,09:39:33,2.87,8.32,68.40,961.66,44
4/27/2013 09:39:48,4/27/2013,09:39:48,2.40,8.50,68.09,961.66,22
4/27/2013 09:40:03,4/27/2013,09:40:03,3.66,8.32,66.69,961.64,33
4/27/2013 09:40:18,4/27/2013,09:40:18,2.30,8.69,66.50,961.63,24
4/27/2013 09:40:33,4/27/2013,09:40:33,1.91,8.77,67.09,961.63,6
4/27/2013 09:40:48,4/27/2013,09:40:48,2.70,8.72,66.40,961.65,0
4/27/2013 09:41:03,4/27/2013,09:41:03,2.44,8.87,65.59,961.63,325
4/27/2013 09:41:18,4/27/2013,09:41:18,2.65,8.80,65.30,961.64,34
4/27/2013 09:41:33,4/27/2013,09:41:33,3.51,8.80,66.19,961.62,51
4/27/2013 09:41:48,4/27/2013,09:41:48,2.76,9.05,67.30,961.62,355
4/27/2013 09:42:03,4/27/2013,09:42:03,2.18,9.25,66.50,961.61,78
4/27/2013 09:42:18,4/27/2013,09:42:18,2.62,9.12,65.00,961.59,24
4/27/2013 09:42:33,4/27/2013,09:42:33,2.74,9.12,64.59,961.58,18
4/27/2013 09:42:48,4/27/2013,09:42:48,3.86,8.92,64.09,961.64,326
4/27/2013 09:43:03,4/27/2013,09:43:03,3.72,8.97,63.90,961.61,308
4/27/2013 09:43:18,4/27/2013,09:43:18,4.26,8.85,63.59,961.59,5
4/27/2013 09:43:33,4/27/2013,09:43:33,4.30,8.77,62.50,961.59,38
4/27/2013 09:43:48,4/27/2013,09:43:48,1.79,9.47,65.69,961.61,355
4/27/2013 09:44:03,4/27/2013,09:44:03,2.55,9.35,64.00,961.62,11
4/27/2013 09:44:18,4/27/2013,09:44:18,3.74,9.00,62.29,961.57,343
4/27/2013 09:44:33,4/27/2013,09:44:33,3.65,9.00,62.79,961.55,6
4/27/2013 09:44:48,4/27/2013,09:44:48,3.12,9.05,62.00,961.57,355
4/27/2013 09:45:03,4/27/2013,09:45:03,1.77,9.75,67.00,961.57,1
4/27/2013 09:45:18,4/27/2013,09:45:18,1.77,9.82,66.09,961.55,351
4/27/2013 09:45:33,4/27/2013,09:45:33,3.16,9.60,64.69,961.58,344
4/27/2013 09:45:48,4/27/2013,09:45:48,2.15,9.92,64.09,961.58,341
4/27/2013 09:46:03,4/27/2013,09:46:03,2.49,9.75,62.59,961.56,6
4/27/2013 09:46:18,4/27/2013,09:46:18,4.20,9.32,61.79,961.56,342
4/27/2013 09:46:33,4/27/2013,09:46:33,2.45,9.92,63.79,961.58,3
4/27/2013 09:46:48,4/27/2013,09:46:48,2.95,9.72,62.50,961.57,18
4/27/2013 09:47:03,4/27/2013,09:47:03,3.73,9.27,61.70,961.56,16
4/27/2013 09:47:18,4/27/2013,09:47:18,2.54,9.52,62.00,961.57,20
4/27/2013 09:47:33,4/27/2013,09:47:33,2.11,9.82,63.09,961.55,328
4/27/2013 09:47:48,4/27/2013,09:47:48,2.90,9.67,62.59,961.54,328
4/27/2013 09:48:03,4/27/2013,09:48:03,2.31,9.94,64.19,961.55,315
4/27/2013 09:48:18,4/27/2013,09:48:18,3.42,9.72,63.20,961.56,350
4/27/2013 09:48:33,4/27/2013,09:48:33,4.17,9.72,63.90,961.56,23
4/27/2013 09:48:48,4/27/2013,09:48:48,3.38,9.67,62.40,961.58,17
4/27/2013 09:49:03,4/27/2013,09:49:03,2.27,9.75,60.09,961.58,32
4/27/2013 09:49:18,4/27/2013,09:49:18,2.01,9.80,59.90,961.59,357
4/27/2013 09:49:33,4/27/2013,09:49:33,2.94,9.52,59.09,961.62,13
4/27/2013 09:49:48,4/27/2013,09:49:48,2.42,9.67,61.59,961.64,49
4/27/2013 09:50:03,4/27/2013,09:50:03,1.68,9.67,61.20,961.66,22
4/27/2013 09:50:18,4/27/2013,09:50:18,1.69,9.67,63.09,961.69,347
4/27/2013 09:50:33,4/27/2013,09:50:33,1.90,9.60,64.40,961.70,300
4/27/2013 09:50:48,4/27/2013,09:50:48,2.38,9.32,65.50,961.72,320
4/27/2013 09:51:03,4/27/2013,09:51:03,1.84,9.39,66.40,961.76,53
4/27/2013 09:51:18,4/27/2013,09:51:18,1.52,9.27,66.19,961.80,329
4/27/2013 09:51:33,4/27/2013,09:51:33,2.65,8.80,64.40,961.80,327
4/27/2013 09:51:48,4/27/2013,09:51:48,3.01,8.64,65.09,961.79,43
4/27/2013 09:52:03,4/27/2013,09:52:03,2.58,8.57,65.90,961.81,31
4/27/2013 09:52:18,4/27/2013,09:52:18,2.31,8.60,66.50,961.86,4
4/27/2013 09:52:33,4/27/2013,09:52:33,1.44,8.77,66.50,961.88,3
4/27/2013 09:52:48,4/27/2013,09:52:48,2.16,8.52,66.59,961.88,29
4/27/2013 09:53:03,4/27/2013,09:53:03,1.40,8.60,67.19,961.89,329
4/27/2013 09:53:18,4/27/2013,09:53:18,2.42,8.32,66.40,961.89,346
4/27/2013 09:53:33,4/27/2013,09:53:33,2.26,8.25,67.00,961.88,320
4/27/2013 09:53:48,4/27/2013,09:53:48,1.94,8.25,67.90,961.89,315
4/27/2013 09:54:03,4/27/2013,09:54:03,1.91,8.25,69.00,961.92,12
4/27/2013 09:54:18,4/27/2013,09:54:18,1.02,8.39,67.80,961.94,335
4/27/2013 09:54:33,4/27/2013,09:54:33,2.44,8.05,67.40,961.94,34
4/27/2013 09:54:48,4/27/2013,09:54:48,1.33,8.17,68.09,961.97,27
4/27/2013 09:55:03,4/27/2013,09:55:03,2.31,7.92,67.30,961.95,351
4/27/2013 09:55:18,4/27/2013,09:55:18,3.42,7.69,67.50,961.95,352
4/27/2013 09:55:33,4/27/2013,09:55:33,2.79,7.69,67.80,961.93,337
4/27/2013 09:55:48,4/27/2013,09:55:48,2.73,7.69,68.59,961.97,335
4/27/2013 09:56:03,4/27/2013,09:56:03,1.26,7.84,68.50,962.00,355
4/27/2013 09:56:18,4/27/2013,09:56:18,2.36,7.62,67.80,962.01,322
4/27/2013 09:56:33,4/27/2013,09:56:33,2.20,7.69,69.19,962.03,350
4/27/2013 09:56:48,4/27/2013,09:56:48,1.94,7.65,69.30,962.03,337
4/27/2013 09:57:03,4/27/2013,09:57:03,2.09,7.65,70.00,962.03,355
4/27/2013 09:57:18,4/27/2013,09:57:18,1.66,7.69,70.09,962.04,342
4/27/2013 09:57:33,4/27/2013,09:57:33,1.94,7.65,70.30,962.06,352
4/27/2013 09:57:48,4/27/2013,09:57:48,1.62,7.65,69.30,962.08,32
4/27/2013 09:58:03,4/27/2013,09:58:03,2.19,7.55,69.59,962.08,325
4/27/2013 09:58:18,4/27/2013,09:58:18,2.98,7.37,69.50,962.07,338
4/27/2013 09:58:33,4/27/2013,09:58:33,3.12,7.30,69.40,962.07,355
4/27/2013 09:58:48,4/27/2013,09:58:48,3.13,7.30,70.50,962.08,359
4/27/2013 09:59:03,4/27/2013,09:59:03,2.95,7.27,70.00,962.08,344
4/27/2013 09:59:18,4/27/2013,09:59:18,2.98,7.27,69.90,962.09,351
4/27/2013 09:59:33,4/27/2013,09:59:33,2.13,7.37,70.40,962.10,7
4/27/2013 09:59:48,4/27/2013,09:59:48,2.61,7.27,70.50,962.12,346
4/27/2013 10:00:03,4/27/2013,10:00:03,3.34,7.15,70.50,962.12,339
4/27/2013 10:00:18,4/27/2013,10:00:18,3.37,7.15,70.59,962.12,6
4/27/2013 10:00:33,4/27/2013,10:00:33,3.09,7.15,70.40,962.14,15
4/27/2013 10:00:48,4/27/2013,10:00:48,3.67,7.07,69.59,962.11,347
4/27/2013 10:01:03,4/27/2013,10:01:03,2.94,7.09,69.30,962.11,332
4/27/2013 10:01:18,4/27/2013,10:01:18,2.63,7.15,69.00,962.12,4
4/27/2013 10:01:33,4/27/2013,10:01:33,1.69,7.27,69.40,962.12,22
4/27/2013 10:01:48,4/27/2013,10:01:48,1.90,7.22,69.50,962.11,340
4/27/2013 10:02:03,4/27/2013,10:02:03,2.26,7.27,70.59,962.12,356
4/27/2013 10:02:18,4/27/2013,10:02:18,2.31,7.15,69.69,962.15,355
4/27/2013 10:02:33,4/27/2013,10:02:33,2.66,7.15,69.80,962.15,26
4/27/2013 10:02:48,4/27/2013,10:02:48,2.77,7.22,70.19,962.18,20
4/27/2013 10:03:03,4/27/2013,10:03:03,1.97,7.30,70.00,962.18,359
4/27/2013 10:03:18,4/27/2013,10:03:18,4.12,7.02,69.69,962.17,27
4/27/2013 10:03:33,4/27/2013,10:03:33,2.91,7.15,69.40,962.16,359
4/27/2013 10:03:48,4/27/2013,10:03:48,2.09,7.22,70.09,962.18,13
4/27/2013 10:04:03,4/27/2013,10:04:03,4.26,7.07,70.19,962.16,28
4/27/2013 10:04:18,4/27/2013,10:04:18,2.97,7.15,69.80,962.18,346
4/27/2013 10:04:33,4/27/2013,10:04:33,3.24,7.09,69.90,962.17,39
4/27/2013 10:04:48,4/27/2013,10:04:48,1.52,7.37,70.59,962.21,14
4/27/2013 10:05:03,4/27/2013,10:05:03,2.56,7.22,69.69,962.22,32
4/27/2013 10:05:18,4/27/2013,10:05:18,1.80,7.37,71.19,962.21,22
4/27/2013 10:05:33,4/27/2013,10:05:33,3.72,7.15,69.59,962.19,1
4/27/2013 10:05:48,4/27/2013,10:05:48,2.38,7.30,69.90,962.16,323
4/27/2013 10:06:03,4/27/2013,10:06:03,3.44,7.17,69.90,962.15,8
4/27/2013 10:06:18,4/27/2013,10:06:18,2.58,7.27,70.69,962.18,31
4/27/2013 10:06:33,4/27/2013,10:06:33,3.48,7.15,69.69,962.18,31
4/27/2013 10:06:48,4/27/2013,10:06:48,3.52,7.07,69.50,962.19,44
4/27/2013 10:07:03,4/27/2013,10:07:03,4.37,7.00,68.90,962.19,39
4/27/2013 10:07:18,4/27/2013,10:07:18,3.23,7.15,70.00,962.19,318
4/27/2013 10:07:33,4/27/2013,10:07:33,3.09,7.15,70.19,962.21,351
4/27/2013 10:07:48,4/27/2013,10:07:48,3.15,7.15,69.69,962.23,12
4/27/2013 10:08:03,4/27/2013,10:08:03,3.19,7.07,69.09,962.22,1
4/27/2013 10:08:18,4/27/2013,10:08:18,2.34,7.17,69.19,962.22,330
4/27/2013 10:08:33,4/27/2013,10:08:33,1.31,7.34,69.59,962.22,38
4/27/2013 10:08:48,4/27/2013,10:08:48,1.65,7.30,69.59,962.23,15
4/27/2013 10:09:03,4/27/2013,10:09:03,1.02,7.47,70.30,962.24,26
4/27/2013 10:09:18,4/27/2013,10:09:18,0.08,7.57,70.40,962.26,0
4/27/2013 10:09:33,4/27/2013,10:09:33,0.86,7.55,69.59,962.22,358
4/27/2013 10:09:48,4/27/2013,10:09:48,1.81,7.42,68.90,962.18,43
4/27/2013 10:10:03,4/27/2013,10:10:03,2.66,7.34,68.69,962.17,10
4/27/2013 10:10:18,4/27/2013,10:10:18,3.65,7.22,69.00,962.15,326
4/27/2013 10:10:33,4/27/2013,10:10:33,3.88,7.15,68.80,962.15,358
4/27/2013 10:10:48,4/27/2013,10:10:48,2.40,7.37,69.50,962.16,341
4/27/2013 10:11:03,4/27/2013,10:11:03,3.24,7.27,68.50,962.14,336
4/27/2013 10:11:18,4/27/2013,10:11:18,3.19,7.30,68.69,962.14,3
4/27/2013 10:11:33,4/27/2013,10:11:33,1.98,7.55,68.50,962.14,333
4/27/2013 10:11:48,4/27/2013,10:11:48,3.05,7.82,69.80,962.12,52
4/27/2013 10:12:03,4/27/2013,10:12:03,4.31,7.69,67.40,962.09,89
4/27/2013 10:12:18,4/27/2013,10:12:18,5.48,7.47,65.00,962.07,32
4/27/2013 10:12:33,4/27/2013,10:12:33,3.86,7.75,65.30,962.07,56
4/27/2013 10:12:48,4/27/2013,10:12:48,2.40,7.97,64.80,962.08,50
4/27/2013 10:13:03,4/27/2013,10:13:03,1.94,8.25,66.19,962.09,31
4/27/2013 10:13:18,4/27/2013,10:13:18,3.05,8.32,66.80,962.10,74
4/27/2013 10:13:33,4/27/2013,10:13:33,3.66,8.05,65.80,962.10,59
4/27/2013 10:13:48,4/27/2013,10:13:48,2.65,8.22,66.59,962.09,40
4/27/2013 10:14:03,4/27/2013,10:14:03,2.73,8.22,66.50,962.10,51
4/27/2013 10:14:18,4/27/2013,10:14:18,1.80,8.39,66.80,962.11,63
4/27/2013 10:14:33,4/27/2013,10:14:33,2.66,8.17,65.00,962.08,66
4/27/2013 10:14:48,4/27/2013,10:14:48,2.19,8.32,65.69,962.09,31
4/27/2013 10:15:03,4/27/2013,10:15:03,3.88,8.05,65.90,962.06,58
4/27/2013 10:15:18,4/27/2013,10:15:18,4.60,7.97,66.09,962.07,30
4/27/2013 10:15:33,4/27/2013,10:15:33,2.24,8.25,67.40,962.10,14
4/27/2013 10:15:48,4/27/2013,10:15:48,3.52,8.17,65.90,962.09,26
4/27/2013 10:16:03,4/27/2013,10:16:03,3.11,8.32,66.90,962.07,50
4/27/2013 10:16:18,4/27/2013,10:16:18,1.16,8.72,68.90,962.12,325
4/27/2013 10:16:33,4/27/2013,10:16:33,2.27,8.60,67.30,962.11,29
4/27/2013 10:16:48,4/27/2013,10:16:48,2.36,8.52,66.19,962.12,20
4/27/2013 10:17:03,4/27/2013,10:17:03,2.44,8.44,66.59,962.11,7
4/27/2013 10:17:18,4/27/2013,10:17:18,2.69,8.32,65.59,962.11,8
4/27/2013 10:17:33,4/27/2013,10:17:33,4.23,8.30,66.19,962.10,352
4/27/2013 10:17:48,4/27/2013,10:17:48,4.12,8.25,66.59,962.09,5
4/27/2013 10:18:03,4/27/2013,10:18:03,3.40,8.25,65.50,962.10,18
4/27/2013 10:18:18,4/27/2013,10:18:18,2.86,8.32,65.90,962.10,23
4/27/2013 10:18:33,4/27/2013,10:18:33,2.47,8.32,65.69,962.12,10
4/27/2013 10:18:48,4/27/2013,10:18:48,2.22,8.50,66.50,962.12,95
4/27/2013 10:19:03,4/27/2013,10:19:03,2.47,8.39,67.59,962.11,46
4/27/2013 10:19:18,4/27/2013,10:19:18,1.31,8.60,68.00,962.11,22
4/27/2013 10:19:33,4/27/2013,10:19:33,1.19,8.64,67.80,962.15,335
4/27/2013 10:19:48,4/27/2013,10:19:48,1.97,8.44,67.09,962.16,23
4/27/2013 10:20:03,4/27/2013,10:20:03,1.79,8.39,65.09,962.18,308
4/27/2013 10:20:18,4/27/2013,10:20:18,1.94,8.39,66.40,962.19,8
4/27/2013 10:20:33,4/27/2013,10:20:33,1.59,8.37,66.19,962.19,355
4/27/2013 10:20:48,4/27/2013,10:20:48,2.09,8.22,64.40,962.21,321
4/27/2013 10:21:03,4/27/2013,10:21:03,4.74,7.77,65.59,962.16,24
4/27/2013 10:21:18,4/27/2013,10:21:18,3.20,7.92,66.09,962.22,38
4/27/2013 10:21:33,4/27/2013,10:21:33,2.24,8.10,67.30,962.24,344
4/27/2013 10:21:48,4/27/2013,10:21:48,2.94,7.84,66.19,962.23,29
4/27/2013 10:22:03,4/27/2013,10:22:03,1.87,7.92,65.80,962.24,352
4/27/2013 10:22:18,4/27/2013,10:22:18,3.33,7.69,65.80,962.26,7
4/27/2013 10:22:33,4/27/2013,10:22:33,3.13,7.75,66.19,962.24,51
4/27/2013 10:22:48,4/27/2013,10:22:48,2.16,7.84,67.09,962.27,63
4/27/2013 10:23:03,4/27/2013,10:23:03,2.42,7.77,66.90,962.30,24
4/27/2013 10:23:18,4/27/2013,10:23:18,2.45,7.62,65.90,962.30,51
4/27/2013 10:23:33,4/27/2013,10:23:33,3.22,7.47,65.30,962.26,118
4/27/2013 10:23:48,4/27/2013,10:23:48,1.61,7.69,65.80,962.25,56
4/27/2013 10:24:03,4/27/2013,10:24:03,2.27,7.55,65.59,962.26,30
4/27/2013 10:24:18,4/27/2013,10:24:18,1.30,7.77,67.19,962.31,17
4/27/2013 10:24:33,4/27/2013,10:24:33,1.18,7.77,67.09,962.29,20
4/27/2013 10:24:48,4/27/2013,10:24:48,1.05,7.77,67.00,962.31,339
4/27/2013 10:25:03,4/27/2013,10:25:03,0.94,7.84,67.09,962.30,33
4/27/2013 10:25:18,4/27/2013,10:25:18,1.36,7.77,66.30,962.29,40
4/27/2013 10:25:33,4/27/2013,10:25:33,3.47,7.50,66.19,962.27,51
4/27/2013 10:25:48,4/27/2013,10:25:48,2.63,7.55,66.50,962.27,347
4/27/2013 10:26:03,4/27/2013,10:26:03,2.22,7.62,67.09,962.29,353
4/27/2013 10:26:18,4/27/2013,10:26:18,2.79,7.55,66.90,962.27,345
4/27/2013 10:26:33,4/27/2013,10:26:33,3.81,7.37,65.69,962.27,39
4/27/2013 10:26:48,4/27/2013,10:26:48,3.79,7.37,66.30,962.25,8
4/27/2013 10:27:03,4/27/2013,10:27:03,2.92,7.47,67.30,962.26,343
4/27/2013 10:27:18,4/27/2013,10:27:18,2.83,7.42,67.09,962.26,10
4/27/2013 10:27:33,4/27/2013,10:27:33,2.58,7.47,66.09,962.25,10
4/27/2013 10:27:48,4/27/2013,10:27:48,0.83,7.77,67.00,962.27,81
4/27/2013 10:28:03,4/27/2013,10:28:03,2.13,7.57,66.90,962.24,31
4/27/2013 10:28:18,4/27/2013,10:28:18,2.45,7.55,66.50,962.22,48
4/27/2013 10:28:33,4/27/2013,10:28:33,2.06,7.69,66.90,962.19,35
4/27/2013 10:28:48,4/27/2013,10:28:48,1.68,7.65,66.09,962.19,16
4/27/2013 10:29:03,4/27/2013,10:29:03,1.52,7.77,67.09,962.21,62
4/27/2013 10:29:18,4/27/2013,10:29:18,0.73,8.12,68.40,962.19,13
4/27/2013 10:29:33,4/27/2013,10:29:33,1.16,8.17,67.59,962.17,355
4/27/2013 10:29:48,4/27/2013,10:29:48,0.90,8.39,67.50,962.16,0
4/27/2013 10:30:03,4/27/2013,10:30:03,0.88,8.50,67.40,962.14,34
4/27/2013 10:30:18,4/27/2013,10:30:18,1.62,8.50,67.00,962.11,0
4/27/2013 10:30:33,4/27/2013,10:30:33,2.23,8.37,67.19,962.10,17
4/27/2013 10:30:48,4/27/2013,10:30:48,2.55,8.32,65.69,962.09,23
4/27/2013 10:31:03,4/27/2013,10:31:03,0.73,8.80,68.00,962.12,39
4/27/2013 10:31:18,4/27/2013,10:31:18,1.88,8.64,67.00,962.12,27
4/27/2013 10:31:33,4/27/2013,10:31:33,2.27,8.80,65.90,962.11,55
4/27/2013 10:31:48,4/27/2013,10:31:48,1.79,8.97,66.19,962.09,20
4/27/2013 10:32:03,4/27/2013,10:32:03,2.31,9.12,67.09,962.10,10
4/27/2013 10:32:18,4/27/2013,10:32:18,1.79,9.44,68.50,962.09,1
4/27/2013 10:32:33,4/27/2013,10:32:33,2.13,9.12,65.40,962.10,7
4/27/2013 10:32:48,4/27/2013,10:32:48,2.65,8.97,64.09,962.10,39
4/27/2013 10:33:03,4/27/2013,10:33:03,3.17,8.85,64.69,962.14,34
4/27/2013 10:33:18,4/27/2013,10:33:18,2.80,8.80,64.30,962.15,25
4/27/2013 10:33:33,4/27/2013,10:33:33,2.67,8.87,64.90,962.14,22
4/27/2013 10:33:48,4/27/2013,10:33:48,1.97,9.00,65.69,962.14,311
4/27/2013 10:34:03,4/27/2013,10:34:03,1.59,9.07,64.19,962.15,355
4/27/2013 10:34:18,4/27/2013,10:34:18,2.19,8.97,64.19,962.15,4
4/27/2013 10:34:33,4/27/2013,10:34:33,2.24,9.05,64.50,962.14,25
4/27/2013 10:34:48,4/27/2013,10:34:48,2.69,8.87,64.09,962.14,346
4/27/2013 10:35:03,4/27/2013,10:35:03,1.48,9.17,64.40,962.12,13
4/27/2013 10:35:18,4/27/2013,10:35:18,2.40,8.92,63.50,962.14,20
4/27/2013 10:35:33,4/27/2013,10:35:33,1.90,9.05,65.19,962.16,359
4/27/2013 10:35:48,4/27/2013,10:35:48,4.29,8.50,63.20,962.12,359
4/27/2013 10:36:03,4/27/2013,10:36:03,2.67,8.64,63.50,962.14,338
4/27/2013 10:36:18,4/27/2013,10:36:18,3.80,8.32,62.09,962.15,22
4/27/2013 10:36:33,4/27/2013,10:36:33,1.93,8.69,62.79,962.17,5
4/27/2013 10:36:48,4/27/2013,10:36:48,1.74,8.72,62.50,962.16,13
4/27/2013 10:37:03,4/27/2013,10:37:03,3.37,8.39,62.50,962.16,33
4/27/2013 10:37:18,4/27/2013,10:37:18,3.08,8.39,63.50,962.19,3
4/27/2013 10:37:33,4/27/2013,10:37:33,2.63,8.32,62.20,962.19,18
4/27/2013 10:37:48,4/27/2013,10:37:48,4.01,8.12,62.59,962.16,342
4/27/2013 10:38:03,4/27/2013,10:38:03,3.06,8.25,63.29,962.16,355
4/27/2013 10:38:18,4/27/2013,10:38:18,2.72,8.25,64.19,962.18,323
4/27/2013 10:38:33,4/27/2013,10:38:33,2.54,8.30,63.59,962.19,2
4/27/2013 10:38:48,4/27/2013,10:38:48,3.87,8.10,63.70,962.21,3
4/27/2013 10:39:03,4/27/2013,10:39:03,2.88,8.17,64.59,962.21,2
4/27/2013 10:39:18,4/27/2013,10:39:18,1.97,8.32,64.90,962.22,0
4/27/2013 10:39:33,4/27/2013,10:39:33,1.83,8.32,64.40,962.24,351
4/27/2013 10:39:48,4/27/2013,10:39:48,2.52,8.30,65.19,962.27,0
4/27/2013 10:40:03,4/27/2013,10:40:03,2.23,8.25,64.90,962.27,18
4/27/2013 10:40:18,4/27/2013,10:40:18,2.45,8.30,65.80,962.27,25
4/27/2013 10:40:33,4/27/2013,10:40:33,2.56,8.10,64.80,962.29,14
4/27/2013 10:40:48,4/27/2013,10:40:48,1.81,8.25,65.09,962.30,25
4/27/2013 10:41:03,4/27/2013,10:41:03,3.06,7.97,64.19,962.26,0
4/27/2013 10:41:18,4/27/2013,10:41:18,3.37,7.90,64.69,962.25,12
4/27/2013 10:41:33,4/27/2013,10:41:33,2.84,8.02,65.50,962.27,21
4/27/2013 10:41:48,4/27/2013,10:41:48,2.52,8.02,65.90,962.26,0
4/27/2013 10:42:03,4/27/2013,10:42:03,3.09,7.84,64.59,962.24,330
4/27/2013 10:42:18,4/27/2013,10:42:18,3.02,7.84,65.19,962.25,2
4/27/2013 10:42:33,4/27/2013,10:42:33,2.92,7.84,65.90,962.26,10
4/27/2013 10:42:48,4/27/2013,10:42:48,2.81,7.82,65.19,962.27,3
4/27/2013 10:43:03,4/27/2013,10:43:03,3.40,7.75,65.40,962.26,302
4/27/2013 10:43:18,4/27/2013,10:43:18,2.70,7.77,65.90,962.27,48
4/27/2013 10:43:33,4/27/2013,10:43:33,1.99,7.90,66.40,962.29,45
4/27/2013 10:43:48,4/27/2013,10:43:48,1.97,7.90,66.50,962.30,347
4/27/2013 10:44:03,4/27/2013,10:44:03,3.80,7.55,65.80,962.29,333
4/27/2013 10:44:18,4/27/2013,10:44:18,3.23,7.57,67.00,962.29,347
4/27/2013 10:44:33,4/27/2013,10:44:33,4.31,7.42,66.50,962.27,357
4/27/2013 10:44:48,4/27/2013,10:44:48,3.04,7.47,66.69,962.29,338
4/27/2013 10:45:03,4/27/2013,10:45:03,2.66,7.55,67.50,962.31,343
4/27/2013 10:45:18,4/27/2013,10:45:18,2.62,7.50,66.69,962.32,3
4/27/2013 10:45:33,4/27/2013,10:45:33,2.15,7.62,68.09,962.32,22
4/27/2013 10:45:48,4/27/2013,10:45:48,2.74,7.57,68.59,962.30,354
4/27/2013 10:46:03,4/27/2013,10:46:03,3.23,7.42,67.59,962.30,48
4/27/2013 10:46:18,4/27/2013,10:46:18,2.86,7.47,67.69,962.30,70
4/27/2013 10:46:33,4/27/2013,10:46:33,2.24,7.55,68.09,962.30,33
4/27/2013 10:46:48,4/27/2013,10:46:48,2.66,7.37,67.09,962.29,1
4/27/2013 10:47:03,4/27/2013,10:47:03,1.93,7.55,68.40,962.30,351
4/27/2013 10:47:18,4/27/2013,10:47:18,2.01,7.47,67.90,962.31,359
4/27/2013 10:47:33,4/27/2013,10:47:33,2.27,7.47,67.80,962.30,344
4/27/2013 10:47:48,4/27/2013,10:47:48,2.01,7.47,68.19,962.27,7
4/27/2013 10:48:03,4/27/2013,10:48:03,1.83,7.50,68.19,962.30,355
4/27/2013 10:48:18,4/27/2013,10:48:18,2.51,7.47,68.59,962.29,19
4/27/2013 10:48:33,4/27/2013,10:48:33,1.99,7.47,68.30,962.29,16
4/27/2013 10:48:48,4/27/2013,10:48:48,2.29,7.42,69.00,962.29,350
4/27/2013 10:49:03,4/27/2013,10:49:03,2.34,7.42,69.40,962.30,5
4/27/2013 10:49:18,4/27/2013,10:49:18,2.77,7.30,68.30,962.30,12
4/27/2013 10:49:33,4/27/2013,10:49:33,3.30,7.27,68.59,962.32,0
4/27/2013 10:49:48,4/27/2013,10:49:48,3.38,7.27,68.90,962.34,17
4/27/2013 10:50:03,4/27/2013,10:50:03,2.11,7.37,69.40,962.37,355
4/27/2013 10:50:18,4/27/2013,10:50:18,1.83,7.42,69.00,962.38,326
4/27/2013 10:50:33,4/27/2013,10:50:33,2.45,7.37,68.80,962.35,49
4/27/2013 10:50:48,4/27/2013,10:50:48,2.09,7.37,68.19,962.37,19
4/27/2013 10:51:03,4/27/2013,10:51:03,2.97,7.22,66.69,962.35,334
4/27/2013 10:51:18,4/27/2013,10:51:18,2.63,7.27,67.00,962.35,34
4/27/2013 10:51:33,4/27/2013,10:51:33,2.59,7.30,66.90,962.37,21
4/27/2013 10:51:48,4/27/2013,10:51:48,2.18,7.34,67.40,962.37,43
4/27/2013 10:52:03,4/27/2013,10:52:03,3.97,7.17,66.80,962.32,31
4/27/2013 10:52:18,4/27/2013,10:52:18,3.59,7.22,67.50,962.31,41
4/27/2013 10:52:33,4/27/2013,10:52:33,2.66,7.37,68.50,962.33,27
4/27/2013 10:52:48,4/27/2013,10:52:48,2.44,7.37,68.09,962.37,29
4/27/2013 10:53:03,4/27/2013,10:53:03,3.04,7.30,67.90,962.37,14
4/27/2013 10:53:18,4/27/2013,10:53:18,2.38,7.34,68.00,962.38,22
4/27/2013 10:53:33,4/27/2013,10:53:33,2.18,7.37,68.09,962.37,25
4/27/2013 10:53:48,4/27/2013,10:53:48,1.98,7.42,67.30,962.37,6
4/27/2013 10:54:03,4/27/2013,10:54:03,1.87,7.47,67.40,962.35,41
4/27/2013 10:54:18,4/27/2013,10:54:18,2.16,7.50,68.40,962.33,23
4/27/2013 10:54:33,4/27/2013,10:54:33,1.12,7.65,68.19,962.32,13
4/27/2013 10:54:48,4/27/2013,10:54:48,1.15,7.57,68.09,962.31,13
4/27/2013 10:55:03,4/27/2013,10:55:03,2.27,7.47,66.09,962.29,5
4/27/2013 10:55:18,4/27/2013,10:55:18,2.51,7.42,65.09,962.29,10
4/27/2013 10:55:33,4/27/2013,10:55:33,2.23,7.55,66.40,962.29,320
4/27/2013 10:55:48,4/27/2013,10:55:48,2.34,7.50,66.69,962.27,345
4/27/2013 10:56:03,4/27/2013,10:56:03,2.73,7.50,67.19,962.27,17
4/27/2013 10:56:18,4/27/2013,10:56:18,1.94,7.57,67.90,962.27,6
4/27/2013 10:56:33,4/27/2013,10:56:33,2.37,7.55,67.30,962.29,23
4/27/2013 10:56:48,4/27/2013,10:56:48,3.19,7.47,67.30,962.30,6
4/27/2013 10:57:03,4/27/2013,10:57:03,4.09,7.37,66.09,962.27,32
4/27/2013 10:57:18,4/27/2013,10:57:18,2.18,7.55,66.30,962.29,352
4/27/2013 10:57:33,4/27/2013,10:57:33,2.86,7.50,65.59,962.27,5
4/27/2013 10:57:48,4/27/2013,10:57:48,2.29,7.50,65.00,962.30,33
4/27/2013 10:58:03,4/27/2013,10:58:03,3.06,7.47,65.40,962.27,26
4/27/2013 10:58:18,4/27/2013,10:58:18,1.62,7.65,66.59,962.27,355
4/27/2013 10:58:33,4/27/2013,10:58:33,0.44,7.77,67.69,962.34,0
4/27/2013 10:58:48,4/27/2013,10:58:48,2.83,7.55,65.69,962.29,20
4/27/2013 10:59:03,4/27/2013,10:59:03,2.98,7.50,65.59,962.29,325
4/27/2013 10:59:18,4/27/2013,10:59:18,2.54,7.55,65.90,962.29,349
4/27/2013 10:59:33,4/27/2013,10:59:33,2.16,7.69,66.30,962.30,357
4/27/2013 10:59:48,4/27/2013,10:59:48,3.54,7.55,65.40,962.25,337
4/27/2013 11:00:03,4/27/2013,11:00:03,3.40,7.55,66.00,962.27,5
4/27/2013 11:00:18,4/27/2013,11:00:18,3.06,7.62,66.30,962.27,5
4/27/2013 11:00:33,4/27/2013,11:00:33,2.62,7.65,66.00,962.27,5
4/27/2013 11:00:48,4/27/2013,11:00:48,2.47,7.69,66.59,962.29,355
4/27/2013 11:01:03,4/27/2013,11:01:03,1.95,7.77,66.80,962.29,310
4/27/2013 11:01:18,4/27/2013,11:01:18,2.56,7.77,66.00,962.27,30
4/27/2013 11:01:33,4/27/2013,11:01:33,1.74,7.82,66.40,962.32,62
4/27/2013 11:01:48,4/27/2013,11:01:48,3.22,7.62,65.09,962.32,27
4/27/2013 11:02:03,4/27/2013,11:02:03,3.45,7.65,65.90,962.30,354
4/27/2013 11:02:18,4/27/2013,11:02:18,2.16,7.84,67.59,962.29,50
4/27/2013 11:02:33,4/27/2013,11:02:33,1.20,8.02,66.19,962.32,335
4/27/2013 11:02:48,4/27/2013,11:02:48,1.29,7.97,66.19,962.33,39
4/27/2013 11:03:03,4/27/2013,11:03:03,2.62,7.84,65.59,962.31,24
4/27/2013 11:03:18,4/27/2013,11:03:18,2.65,7.84,65.59,962.29,359
4/27/2013 11:03:33,4/27/2013,11:03:33,4.26,7.75,65.40,962.27,54
4/27/2013 11:03:48,4/27/2013,11:03:48,2.70,7.84,66.00,962.30,0
4/27/2013 11:04:03,4/27/2013,11:04:03,2.97,7.84,66.00,962.30,22
4/27/2013 11:04:18,4/27/2013,11:04:18,2.44,7.92,65.80,962.27,19
4/27/2013 11:04:33,4/27/2013,11:04:33,1.90,8.02,66.19,962.29,18
4/27/2013 11:04:48,4/27/2013,11:04:48,0.91,8.12,65.50,962.31,31
4/27/2013 11:05:03,4/27/2013,11:05:03,2.38,8.02,65.50,962.29,5
4/27/2013 11:05:18,4/27/2013,11:05:18,1.24,8.25,66.09,962.30,55
4/27/2013 11:05:33,4/27/2013,11:05:33,1.81,8.12,64.80,962.29,6
4/27/2013 11:05:48,4/27/2013,11:05:48,2.90,8.25,64.59,962.26,49
4/27/2013 11:06:03,4/27/2013,11:06:03,2.99,8.52,65.50,962.23,41
4/27/2013 11:06:18,4/27/2013,11:06:18,3.51,8.39,63.59,962.22,12
4/27/2013 11:06:33,4/27/2013,11:06:33,2.88,8.52,62.79,962.21,31
4/27/2013 11:06:48,4/27/2013,11:06:48,2.12,8.97,64.00,962.19,50
4/27/2013 11:07:03,4/27/2013,11:07:03,2.33,9.05,63.00,962.17,14
4/27/2013 11:07:18,4/27/2013,11:07:18,2.48,9.44,64.59,962.15,59
4/27/2013 11:07:33,4/27/2013,11:07:33,2.56,9.35,63.29,962.12,51
4/27/2013 11:07:48,4/27/2013,11:07:48,2.09,9.55,62.79,962.11,60
4/27/2013 11:08:03,4/27/2013,11:08:03,2.45,9.75,62.79,962.08,94
4/27/2013 11:08:18,4/27/2013,11:08:18,2.02,10.14,65.19,962.07,10
4/27/2013 11:08:33,4/27/2013,11:08:33,1.41,10.62,66.80,962.03,9
4/27/2013 11:08:48,4/27/2013,11:08:48,2.13,10.39,63.20,962.03,28
4/27/2013 11:09:03,4/27/2013,11:09:03,2.08,10.55,62.70,962.06,106
4/27/2013 11:09:18,4/27/2013,11:09:18,2.69,10.55,62.50,962.02,69
4/27/2013 11:09:33,4/27/2013,11:09:33,4.23,9.94,59.79,962.02,55
4/27/2013 11:09:48,4/27/2013,11:09:48,3.24,9.82,58.90,962.06,39
4/27/2013 11:10:03,4/27/2013,11:10:03,3.70,9.67,59.20,962.08,26
4/27/2013 11:10:18,4/27/2013,11:10:18,2.70,9.75,59.00,962.10,16
4/27/2013 11:10:33,4/27/2013,11:10:33,2.51,9.72,59.50,962.12,46
4/27/2013 11:10:48,4/27/2013,11:10:48,2.30,9.87,62.29,962.15,43
4/27/2013 11:11:03,4/27/2013,11:11:03,1.98,9.67,60.20,962.15,8
4/27/2013 11:11:18,4/27/2013,11:11:18,2.49,9.52,59.90,962.15,349
4/27/2013 11:11:33,4/27/2013,11:11:33,1.38,9.67,60.90,962.16,31
4/27/2013 11:11:48,4/27/2013,11:11:48,2.34,9.44,61.29,962.17,10
4/27/2013 11:12:03,4/27/2013,11:12:03,2.09,9.52,61.79,962.17,9
4/27/2013 11:12:18,4/27/2013,11:12:18,1.54,9.60,62.20,962.17,15
4/27/2013 11:12:33,4/27/2013,11:12:33,1.33,9.67,62.29,962.19,267
4/27/2013 11:12:48,4/27/2013,11:12:48,2.04,9.35,61.70,962.19,16
4/27/2013 11:13:03,4/27/2013,11:13:03,2.41,9.17,61.00,962.19,52
4/27/2013 11:13:18,4/27/2013,11:13:18,2.02,9.27,62.50,962.22,339
4/27/2013 11:13:33,4/27/2013,11:13:33,3.59,8.85,62.40,962.19,330
4/27/2013 11:13:48,4/27/2013,11:13:48,4.36,8.72,62.09,962.19,343
4/27/2013 11:14:03,4/27/2013,11:14:03,3.23,8.80,62.90,962.22,340
4/27/2013 11:14:18,4/27/2013,11:14:18,3.55,8.64,63.09,962.22,7
4/27/2013 11:14:33,4/27/2013,11:14:33,2.40,8.85,64.00,962.26,346
4/27/2013 11:14:48,4/27/2013,11:14:48,2.24,8.80,63.50,962.27,335
4/27/2013 11:15:03,4/27/2013,11:15:03,2.90,8.64,62.40,962.29,344
4/27/2013 11:15:18,4/27/2013,11:15:18,2.67,8.60,63.00,962.27,359
4/27/2013 11:15:33,4/27/2013,11:15:33,3.16,8.57,63.29,962.26,342
4/27/2013 11:15:48,4/27/2013,11:15:48,4.33,8.52,64.30,962.24,345
4/27/2013 11:16:03,4/27/2013,11:16:03,3.01,8.60,64.30,962.25,25
4/27/2013 11:16:18,4/27/2013,11:16:18,3.62,8.44,63.20,962.26,5
4/27/2013 11:16:33,4/27/2013,11:16:33,3.91,8.44,63.79,962.26,321
4/27/2013 11:16:48,4/27/2013,11:16:48,3.08,8.52,64.30,962.27,4
4/27/2013 11:17:03,4/27/2013,11:17:03,2.51,8.57,64.00,962.29,342
4/27/2013 11:17:18,4/27/2013,11:17:18,1.90,8.69,63.90,962.29,333
4/27/2013 11:17:33,4/27/2013,11:17:33,2.54,8.60,64.30,962.30,20
4/27/2013 11:17:48,4/27/2013,11:17:48,2.04,8.64,64.69,962.30,358
4/27/2013 11:18:03,4/27/2013,11:18:03,1.59,8.77,64.69,962.33,5
4/27/2013 11:18:18,4/27/2013,11:18:18,2.16,8.60,63.90,962.32,350
4/27/2013 11:18:33,4/27/2013,11:18:33,1.54,8.77,65.00,962.34,5
4/27/2013 11:18:48,4/27/2013,11:18:48,2.63,8.60,65.00,962.33,349
4/27/2013 11:19:03,4/27/2013,11:19:03,1.65,8.72,66.00,962.35,357
4/27/2013 11:19:18,4/27/2013,11:19:18,1.59,8.64,65.90,962.37,11
4/27/2013 11:19:33,4/27/2013,11:19:33,1.58,8.60,64.09,962.33,3
4/27/2013 11:19:48,4/27/2013,11:19:48,2.16,8.57,65.30,962.34,7
4/27/2013 11:20:03,4/27/2013,11:20:03,1.65,8.64,65.50,962.37,353
4/27/2013 11:20:18,4/27/2013,11:20:18,1.31,8.72,65.90,962.38,16
4/27/2013 11:20:33,4/27/2013,11:20:33,1.77,8.57,64.90,962.37,33
4/27/2013 11:20:48,4/27/2013,11:20:48,1.69,8.52,64.40,962.37,15
4/27/2013 11:21:03,4/27/2013,11:21:03,2.08,8.50,64.19,962.35,58
4/27/2013 11:21:18,4/27/2013,11:21:18,1.65,8.52,64.19,962.39,62
4/27/2013 11:21:33,4/27/2013,11:21:33,1.59,8.39,62.90,962.39,32
4/27/2013 11:21:48,4/27/2013,11:21:48,1.84,8.37,63.09,962.40,50
4/27/2013 11:22:03,4/27/2013,11:22:03,2.04,8.32,63.50,962.41,3
4/27/2013 11:22:18,4/27/2013,11:22:18,2.19,8.32,64.19,962.38,20
4/27/2013 11:22:33,4/27/2013,11:22:33,1.45,8.37,64.59,962.39,36
4/27/2013 11:22:48,4/27/2013,11:22:48,2.26,8.22,64.50,962.40,22
4/27/2013 11:23:03,4/27/2013,11:23:03,2.76,8.17,65.40,962.40,35
4/27/2013 11:23:18,4/27/2013,11:23:18,2.41,8.12,64.90,962.41,71
4/27/2013 11:23:33,4/27/2013,11:23:33,2.12,8.10,64.50,962.40,61
4/27/2013 11:23:48,4/27/2013,11:23:48,2.70,8.05,64.90,962.40,19
4/27/2013 11:24:03,4/27/2013,11:24:03,2.42,8.10,65.69,962.41,22
4/27/2013 11:24:18,4/27/2013,11:24:18,2.45,8.02,65.40,962.42,356
4/27/2013 11:24:33,4/27/2013,11:24:33,1.30,8.17,65.69,962.45,35
4/27/2013 11:24:48,4/27/2013,11:24:48,1.26,8.25,66.69,962.44,21
4/27/2013 11:25:03,4/27/2013,11:25:03,1.40,8.22,65.90,962.45,1
4/27/2013 11:25:18,4/27/2013,11:25:18,1.23,8.22,65.40,962.44,7
4/27/2013 11:25:33,4/27/2013,11:25:33,0.97,8.25,64.69,962.42,37
4/27/2013 11:25:48,4/27/2013,11:25:48,0.91,8.25,65.59,962.44,15
4/27/2013 11:26:03,4/27/2013,11:26:03,2.18,8.10,65.40,962.41,8
4/27/2013 11:26:18,4/27/2013,11:26:18,1.97,8.17,65.80,962.41,335
4/27/2013 11:26:33,4/27/2013,11:26:33,3.05,8.02,65.50,962.38,359
4/27/2013 11:26:48,4/27/2013,11:26:48,2.52,8.10,66.90,962.38,0
4/27/2013 11:27:03,4/27/2013,11:27:03,1.93,8.12,66.30,962.40,53
4/27/2013 11:27:18,4/27/2013,11:27:18,1.77,8.17,66.90,962.41,9
4/27/2013 11:27:33,4/27/2013,11:27:33,2.01,8.17,65.59,962.41,25
4/27/2013 11:27:48,4/27/2013,11:27:48,3.26,8.02,65.90,962.40,8
4/27/2013 11:28:03,4/27/2013,11:28:03,2.12,8.17,66.30,962.41,10
4/27/2013 11:28:18,4/27/2013,11:28:18,1.24,8.30,66.69,962.45,333
4/27/2013 11:28:33,4/27/2013,11:28:33,1.76,8.32,66.40,962.45,55
4/27/2013 11:28:48,4/27/2013,11:28:48,1.34,8.32,66.00,962.46,19
4/27/2013 11:29:03,4/27/2013,11:29:03,1.84,8.32,66.00,962.45,17
4/27/2013 11:29:18,4/27/2013,11:29:18,1.81,8.32,64.19,962.46,8
4/27/2013 11:29:33,4/27/2013,11:29:33,1.94,8.44,65.50,962.47,25
4/27/2013 11:29:48,4/27/2013,11:29:48,1.56,8.57,65.50,962.45,10
4/27/2013 11:30:03,4/27/2013,11:30:03,1.90,8.52,64.59,962.45,60
4/27/2013 11:30:18,4/27/2013,11:30:18,2.52,8.52,64.90,962.44,8
4/27/2013 11:30:33,4/27/2013,11:30:33,2.34,8.50,64.19,962.44,348
4/27/2013 11:30:48,4/27/2013,11:30:48,1.62,8.64,64.90,962.46,12
4/27/2013 11:31:03,4/27/2013,11:31:03,4.38,8.25,63.29,962.46,16
4/27/2013 11:31:18,4/27/2013,11:31:18,5.05,8.22,63.50,962.46,0
4/27/2013 11:31:33,4/27/2013,11:31:33,4.24,8.22,63.29,962.47,353
4/27/2013 11:31:48,4/27/2013,11:31:48,3.98,8.32,64.30,962.49,88
4/27/2013 11:32:03,4/27/2013,11:32:03,2.36,8.39,64.50,962.50,30
4/27/2013 11:32:18,4/27/2013,11:32:18,2.79,8.37,63.79,962.49,29
4/27/2013 11:32:33,4/27/2013,11:32:33,3.88,8.32,63.79,962.49,35
4/27/2013 11:32:48,4/27/2013,11:32:48,3.06,8.25,63.00,962.52,0
4/27/2013 11:33:03,4/27/2013,11:33:03,3.01,8.32,63.79,962.52,5
4/27/2013 11:33:18,4/27/2013,11:33:18,2.56,8.39,63.70,962.53,6
4/27/2013 11:33:33,4/27/2013,11:33:33,2.83,8.39,63.70,962.49,39
4/27/2013 11:33:48,4/27/2013,11:33:48,2.94,8.37,63.79,962.47,40
4/27/2013 11:34:03,4/27/2013,11:34:03,0.77,8.72,65.00,962.50,3
4/27/2013 11:34:18,4/27/2013,11:34:18,1.81,8.64,64.09,962.47,21
4/27/2013 11:34:33,4/27/2013,11:34:33,2.36,8.57,63.79,962.45,30
4/27/2013 11:34:48,4/27/2013,11:34:48,2.45,8.57,63.79,962.45,52
4/27/2013 11:35:03,4/27/2013,11:35:03,3.13,8.39,63.09,962.45,87
4/27/2013 11:35:18,4/27/2013,11:35:18,3.15,8.39,63.09,962.45,20
4/27/2013 11:35:33,4/27/2013,11:35:33,4.33,8.25,62.90,962.42,33
4/27/2013 11:35:48,4/27/2013,11:35:48,2.74,8.44,62.79,962.42,14
4/27/2013 11:36:03,4/27/2013,11:36:03,1.77,8.69,63.70,962.46,26
4/27/2013 11:36:18,4/27/2013,11:36:18,1.76,8.72,62.90,962.46,10
4/27/2013 11:36:33,4/27/2013,11:36:33,4.26,8.39,61.59,962.44,5
4/27/2013 11:36:48,4/27/2013,11:36:48,3.58,8.57,62.00,962.42,48
4/27/2013 11:37:03,4/27/2013,11:37:03,4.47,8.57,62.09,962.39,72
4/27/2013 11:37:18,4/27/2013,11:37:18,4.37,8.64,62.20,962.39,4
4/27/2013 11:37:33,4/27/2013,11:37:33,3.63,8.87,62.79,962.37,65
4/27/2013 11:37:48,4/27/2013,11:37:48,3.99,9.07,62.29,962.33,41
4/27/2013 11:38:03,4/27/2013,11:38:03,2.79,9.35,64.19,962.33,50
4/27/2013 11:38:18,4/27/2013,11:38:18,1.94,9.64,63.09,962.31,66
4/27/2013 11:38:33,4/27/2013,11:38:33,2.91,9.75,63.00,962.30,57
4/27/2013 11:38:48,4/27/2013,11:38:48,5.48,9.32,60.09,962.29,30
4/27/2013 11:39:03,4/27/2013,11:39:03,3.84,9.52,60.79,962.30,64
4/27/2013 11:39:18,4/27/2013,11:39:18,2.70,9.67,60.40,962.33,20
4/27/2013 11:39:33,4/27/2013,11:39:33,2.42,9.75,60.00,962.35,58
4/27/2013 11:39:48,4/27/2013,11:39:48,3.84,9.52,59.90,962.35,32
4/27/2013 11:40:03,4/27/2013,11:40:03,3.08,9.67,61.20,962.38,25
4/27/2013 11:40:18,4/27/2013,11:40:18,3.59,9.52,60.70,962.40,45
4/27/2013 11:40:33,4/27/2013,11:40:33,3.94,9.19,56.79,962.40,31
4/27/2013 11:40:48,4/27/2013,11:40:48,3.95,9.12,57.00,962.41,335
4/27/2013 11:41:03,4/27/2013,11:41:03,3.94,8.97,57.79,962.44,356
4/27/2013 11:41:18,4/27/2013,11:41:18,3.70,8.97,58.90,962.42,344
4/27/2013 11:41:33,4/27/2013,11:41:33,4.58,8.72,57.79,962.39,355
4/27/2013 11:41:48,4/27/2013,11:41:48,4.06,8.72,58.29,962.41,355
4/27/2013 11:42:03,4/27/2013,11:42:03,3.59,8.77,59.29,962.44,344
4/27/2013 11:42:18,4/27/2013,11:42:18,4.40,8.69,59.79,962.47,27
4/27/2013 11:42:33,4/27/2013,11:42:33,5.23,8.50,59.90,962.46,41
4/27/2013 11:42:48,4/27/2013,11:42:48,4.22,8.57,60.59,962.49,108
4/27/2013 11:43:03,4/27/2013,11:43:03,3.40,8.60,60.59,962.52,40
4/27/2013 11:43:18,4/27/2013,11:43:18,4.49,8.39,60.00,962.48,43
4/27/2013 11:43:33,4/27/2013,11:43:33,3.54,8.44,60.40,962.47,21
4/27/2013 11:43:48,4/27/2013,11:43:48,2.95,8.50,60.50,962.49,26
4/27/2013 11:44:03,4/27/2013,11:44:03,2.66,8.57,61.00,962.53,14
4/27/2013 11:44:18,4/27/2013,11:44:18,3.77,8.37,60.59,962.50,349
4/27/2013 11:44:33,4/27/2013,11:44:33,2.15,8.57,61.90,962.53,354
4/27/2013 11:44:48,4/27/2013,11:44:48,1.19,8.72,63.40,962.54,79
4/27/2013 11:45:03,4/27/2013,11:45:03,2.18,8.60,62.29,962.52,55
4/27/2013 11:45:18,4/27/2013,11:45:18,1.70,8.69,62.59,962.53,56
4/27/2013 11:45:33,4/27/2013,11:45:33,1.37,8.80,63.29,962.52,110
4/27/2013 11:45:48,4/27/2013,11:45:48,1.11,8.80,63.20,962.54,350
4/27/2013 11:46:03,4/27/2013,11:46:03,1.29,8.80,62.90,962.54,53
4/27/2013 11:46:18,4/27/2013,11:46:18,2.61,8.57,62.29,962.52,100
4/27/2013 11:46:33,4/27/2013,11:46:33,3.95,8.39,61.90,962.49,44
4/27/2013 11:46:48,4/27/2013,11:46:48,2.95,8.44,62.00,962.49,72
4/27/2013 11:47:03,4/27/2013,11:47:03,2.94,8.44,62.29,962.50,81
4/27/2013 11:47:18,4/27/2013,11:47:18,2.22,8.57,62.50,962.54,62
4/27/2013 11:47:33,4/27/2013,11:47:33,2.63,8.39,62.29,962.54,42
4/27/2013 11:47:48,4/27/2013,11:47:48,3.23,8.32,61.79,962.55,58
4/27/2013 11:48:03,4/27/2013,11:48:03,3.54,8.39,62.70,962.52,42
4/27/2013 11:48:18,4/27/2013,11:48:18,2.48,8.57,63.00,962.52,25
4/27/2013 11:48:33,4/27/2013,11:48:33,1.06,8.87,64.09,962.53,5
4/27/2013 11:48:48,4/27/2013,11:48:48,1.40,9.12,65.09,962.54,80
4/27/2013 11:49:03,4/27/2013,11:49:03,2.38,8.97,62.09,962.53,32
4/27/2013 11:49:18,4/27/2013,11:49:18,4.77,8.80,61.20,962.47,30
4/27/2013 11:49:33,4/27/2013,11:49:33,3.34,9.19,63.20,962.46,74
4/27/2013 11:49:48,4/27/2013,11:49:48,2.74,9.35,62.09,962.44,55
4/27/2013 11:50:03,4/27/2013,11:50:03,4.01,9.27,61.29,962.42,41
4/27/2013 11:50:18,4/27/2013,11:50:18,4.52,9.19,59.29,962.41,65
4/27/2013 11:50:33,4/27/2013,11:50:33,4.20,9.44,59.90,962.41,54
4/27/2013 11:50:48,4/27/2013,11:50:48,4.62,9.52,59.90,962.40,30
4/27/2013 11:51:03,4/27/2013,11:51:03,4.69,9.60,59.29,962.40,51
4/27/2013 11:51:18,4/27/2013,11:51:18,4.67,9.60,59.70,962.41,76
4/27/2013 11:51:33,4/27/2013,11:51:33,3.86,9.82,59.79,962.41,36
4/27/2013 11:51:48,4/27/2013,11:51:48,4.19,9.82,59.09,962.41,51
4/27/2013 11:52:03,4/27/2013,11:52:03,4.58,9.60,57.40,962.41,54
4/27/2013 11:52:18,4/27/2013,11:52:18,3.73,10.00,58.70,962.42,60
4/27/2013 11:52:33,4/27/2013,11:52:33,4.41,9.92,58.09,962.40,103
4/27/2013 11:52:48,4/27/2013,11:52:48,3.98,10.14,59.70,962.38,69
4/27/2013 11:53:03,4/27/2013,11:53:03,3.84,10.07,57.70,962.38,100
4/27/2013 11:53:18,4/27/2013,11:53:18,4.34,9.92,56.09,962.35,20
4/27/2013 11:53:33,4/27/2013,11:53:33,4.27,10.39,59.79,962.33,46
4/27/2013 11:53:48,4/27/2013,11:53:48,5.22,10.07,58.20,962.29,63
4/27/2013 11:54:03,4/27/2013,11:54:03,4.98,10.00,57.40,962.34,35
4/27/2013 11:54:18,4/27/2013,11:54:18,3.91,10.07,57.90,962.39,63
4/27/2013 11:54:33,4/27/2013,11:54:33,3.61,10.00,57.70,962.46,47
4/27/2013 11:54:48,4/27/2013,11:54:48,3.66,9.75,56.50,962.46,18
4/27/2013 11:55:03,4/27/2013,11:55:03,2.56,9.92,57.50,962.47,52
4/27/2013 11:55:18,4/27/2013,11:55:18,4.58,9.52,57.90,962.47,29
4/27/2013 11:55:33,4/27/2013,11:55:33,2.86,9.82,59.20,962.52,355
4/27/2013 11:55:48,4/27/2013,11:55:48,2.38,9.87,58.50,962.54,40
4/27/2013 11:56:03,4/27/2013,11:56:03,2.80,9.82,59.40,962.53,23
4/27/2013 11:56:18,4/27/2013,11:56:18,3.55,9.64,58.70,962.52,23
4/27/2013 11:56:33,4/27/2013,11:56:33,2.37,9.80,59.20,962.54,56
4/27/2013 11:56:48,4/27/2013,11:56:48,2.67,9.72,59.50,962.52,9
4/27/2013 11:57:03,4/27/2013,11:57:03,4.01,9.52,59.70,962.53,29
4/27/2013 11:57:18,4/27/2013,11:57:18,3.34,9.60,60.29,962.54,33
4/27/2013 11:57:33,4/27/2013,11:57:33,3.42,9.52,60.20,962.55,47
4/27/2013 11:57:48,4/27/2013,11:57:48,2.73,9.67,61.29,962.57,19
4/27/2013 11:58:03,4/27/2013,11:58:03,2.12,9.82,61.09,962.56,0
4/27/2013 11:58:18,4/27/2013,11:58:18,2.04,9.94,58.90,962.57,0
4/27/2013 11:58:33,4/27/2013,11:58:33,2.67,9.92,58.20,962.53,19
4/27/2013 11:58:48,4/27/2013,11:58:48,2.76,10.19,60.00,962.50,318
4/27/2013 11:59:03,4/27/2013,11:59:03,1.45,10.69,63.09,962.50,50
4/27/2013 11:59:18,4/27/2013,11:59:18,1.99,10.62,61.40,962.49,342
4/27/2013 11:59:33,4/27/2013,11:59:33,3.77,10.22,58.79,962.50,0
4/27/2013 11:59:48,4/27/2013,11:59:48,4.16,10.02,57.59,962.49,48
4/27/2013 12:00:03,4/27/2013,12:00:03,3.42,10.02,56.70,962.47,17
4/27/2013 12:00:18,4/27/2013,12:00:18,3.79,10.07,57.90,962.48,44
4/27/2013 12:00:33,4/27/2013,12:00:33,5.55,9.72,57.70,962.49,30
4/27/2013 12:00:48,4/27/2013,12:00:48,2.08,10.35,60.00,962.55,88
4/27/2013 12:01:03,4/27/2013,12:01:03,NaN,NaN,NaN,NaN,NaN
4/27/2013 12:01:18,4/27/2013,12:01:18,NaN,NaN,NaN,NaN,NaN
4/27/2013 12:01:33,4/27/2013,12:01:33,NaN,NaN,NaN,NaN,NaN
4/27/2013 12:01:48,4/27/2013,12:01:48,NaN,NaN,NaN,NaN,NaN
4/27/2013 12:02:03,4/27/2013,12:02:03,NaN,NaN,NaN,NaN,NaN
4/27/2013 12:02:18,4/27/2013,12:02:18,NaN,NaN,NaN,NaN,NaN
4/27/2013 12:02:33,4/27/2013,12:02:33,NaN,NaN,NaN,NaN,NaN
4/27/2013 12:02:48,4/27/2013,12:02:48,NaN,NaN,NaN,NaN,NaN
4/27/2013 12:03:03,4/27/2013,12:03:03,NaN,NaN,NaN,NaN,NaN
4/27/2013 12:03:18,4/27/2013,12:03:18,NaN,NaN,NaN,NaN,NaN
4/27/2013 12:03:33,4/27/2013,12:03:33,NaN,NaN,NaN,NaN,NaN
4/27/2013 12:03:48,4/27/2013,12:03:48,NaN,NaN,NaN,NaN,NaN
4/27/2013 12:04:03,4/27/2013,12:04:03,1.02,11.30,56.09,962.52,348
4/27/2013 12:04:18,4/27/2013,12:04:18,3.41,10.39,55.50,962.52,18
4/27/2013 12:04:33,4/27/2013,12:04:33,4.94,9.75,55.59,962.52,42
4/27/2013 12:04:48,4/27/2013,12:04:48,4.97,9.67,56.59,962.50,7
4/27/2013 12:05:03,4/27/2013,12:05:03,3.63,9.80,56.90,962.59,61
4/27/2013 12:05:18,4/27/2013,12:05:18,4.58,9.44,56.59,962.56,13
4/27/2013 12:05:33,4/27/2013,12:05:33,2.49,10.00,58.90,962.60,67
4/27/2013 12:05:48,4/27/2013,12:05:48,4.19,9.52,57.50,962.60,51
4/27/2013 12:06:03,4/27/2013,12:06:03,3.01,9.82,58.50,962.62,40
4/27/2013 12:06:18,4/27/2013,12:06:18,2.29,10.02,59.90,962.62,340
4/27/2013 12:06:33,4/27/2013,12:06:33,4.36,9.55,57.79,962.64,8
4/27/2013 12:06:48,4/27/2013,12:06:48,4.72,9.52,58.59,962.64,51
4/27/2013 12:07:03,4/27/2013,12:07:03,3.11,9.80,59.79,962.70,36
4/27/2013 12:07:18,4/27/2013,12:07:18,3.94,9.52,59.09,962.69,54
4/27/2013 12:07:33,4/27/2013,12:07:33,3.90,9.32,57.90,962.70,354
4/27/2013 12:07:48,4/27/2013,12:07:48,3.42,9.35,58.59,962.71,349
4/27/2013 12:08:03,4/27/2013,12:08:03,3.97,9.19,58.40,962.70,27
4/27/2013 12:08:18,4/27/2013,12:08:18,2.72,9.55,60.50,962.70,38
4/27/2013 12:08:33,4/27/2013,12:08:33,3.12,9.35,59.59,962.70,19
4/27/2013 12:08:48,4/27/2013,12:08:48,2.30,9.52,60.00,962.72,30
4/27/2013 12:09:03,4/27/2013,12:09:03,5.01,8.97,58.79,962.71,0
4/27/2013 12:09:18,4/27/2013,12:09:18,4.90,9.00,60.20,962.72,33
4/27/2013 12:09:33,4/27/2013,12:09:33,2.94,9.07,58.90,962.74,44
4/27/2013 12:09:48,4/27/2013,12:09:48,1.81,9.27,60.20,962.76,32
4/27/2013 12:10:03,4/27/2013,12:10:03,2.22,9.25,61.40,962.75,18
4/27/2013 12:10:18,4/27/2013,12:10:18,2.29,9.19,60.59,962.75,25
4/27/2013 12:10:33,4/27/2013,12:10:33,2.12,9.19,61.59,962.76,80
4/27/2013 12:10:48,4/27/2013,12:10:48,2.06,9.19,59.70,962.75,59
4/27/2013 12:11:03,4/27/2013,12:11:03,1.63,9.27,60.79,962.76,72
4/27/2013 12:11:18,4/27/2013,12:11:18,3.34,8.97,59.90,962.71,49
4/27/2013 12:11:33,4/27/2013,12:11:33,3.31,8.85,59.79,962.69,90
4/27/2013 12:11:48,4/27/2013,12:11:48,1.52,9.17,60.79,962.70,20
4/27/2013 12:12:03,4/27/2013,12:12:03,3.42,8.80,59.90,962.68,26
4/27/2013 12:12:18,4/27/2013,12:12:18,3.08,8.80,59.90,962.68,359
4/27/2013 12:12:33,4/27/2013,12:12:33,2.77,8.87,60.79,962.67,53
4/27/2013 12:12:48,4/27/2013,12:12:48,3.61,8.80,61.79,962.63,43
4/27/2013 12:13:03,4/27/2013,12:13:03,2.94,8.72,60.09,962.65,72
4/27/2013 12:13:18,4/27/2013,12:13:18,2.83,8.72,60.40,962.68,60
4/27/2013 12:13:33,4/27/2013,12:13:33,3.74,8.52,58.79,962.67,62
4/27/2013 12:13:48,4/27/2013,12:13:48,3.87,8.57,59.40,962.64,34
4/27/2013 12:14:03,4/27/2013,12:14:03,2.98,8.57,58.90,962.65,6
4/27/2013 12:14:18,4/27/2013,12:14:18,1.98,8.69,58.79,962.65,67
4/27/2013 12:14:33,4/27/2013,12:14:33,1.99,8.72,59.50,962.67,102
4/27/2013 12:14:48,4/27/2013,12:14:48,3.84,8.50,59.59,962.64,28
4/27/2013 12:15:03,4/27/2013,12:15:03,3.11,8.60,59.90,962.65,57
4/27/2013 12:15:18,4/27/2013,12:15:18,1.94,8.80,60.50,962.67,53
4/27/2013 12:15:33,4/27/2013,12:15:33,2.33,8.80,61.00,962.69,42
4/27/2013 12:15:48,4/27/2013,12:15:48,2.73,8.64,60.09,962.67,10
4/27/2013 12:16:03,4/27/2013,12:16:03,2.31,8.77,60.59,962.64,359
4/27/2013 12:16:18,4/27/2013,12:16:18,1.47,8.85,59.70,962.64,30
4/27/2013 12:16:33,4/27/2013,12:16:33,1.34,9.05,60.70,962.63,336
4/27/2013 12:16:48,4/27/2013,12:16:48,1.12,9.19,61.79,962.63,1
4/27/2013 12:17:03,4/27/2013,12:17:03,2.16,9.05,61.40,962.60,1
4/27/2013 12:17:18,4/27/2013,12:17:18,3.30,8.85,60.50,962.59,36
4/27/2013 12:17:33,4/27/2013,12:17:33,2.09,9.12,61.20,962.59,357
4/27/2013 12:17:48,4/27/2013,12:17:48,3.04,8.87,60.20,962.60,61
4/27/2013 12:18:03,4/27/2013,12:18:03,2.95,8.80,58.90,962.59,34
4/27/2013 12:18:18,4/27/2013,12:18:18,2.22,9.05,60.40,962.57,3
4/27/2013 12:18:33,4/27/2013,12:18:33,2.59,9.25,62.29,962.56,49
4/27/2013 12:18:48,4/27/2013,12:18:48,2.37,9.35,61.29,962.56,49
4/27/2013 12:19:03,4/27/2013,12:19:03,1.86,9.55,62.90,962.57,48
4/27/2013 12:19:18,4/27/2013,12:19:18,3.13,9.44,61.59,962.57,63
4/27/2013 12:19:33,4/27/2013,12:19:33,2.92,9.55,61.70,962.57,39
4/27/2013 12:19:48,4/27/2013,12:19:48,1.83,9.67,61.40,962.56,34
4/27/2013 12:20:03,4/27/2013,12:20:03,2.16,9.72,59.59,962.56,58
4/27/2013 12:20:18,4/27/2013,12:20:18,2.33,9.72,59.59,962.57,129
4/27/2013 12:20:33,4/27/2013,12:20:33,2.01,9.92,61.00,962.60,4
4/27/2013 12:20:48,4/27/2013,12:20:48,4.12,9.75,59.50,962.55,55
4/27/2013 12:21:03,4/27/2013,12:21:03,3.44,9.75,59.50,962.59,83
4/27/2013 12:21:18,4/27/2013,12:21:18,2.99,9.72,58.70,962.59,66
4/27/2013 12:21:33,4/27/2013,12:21:33,2.65,9.80,59.59,962.57,3
4/27/2013 12:21:48,4/27/2013,12:21:48,1.68,10.14,60.90,962.60,93
4/27/2013 12:22:03,4/27/2013,12:22:03,2.80,10.02,60.50,962.56,63
4/27/2013 12:22:18,4/27/2013,12:22:18,2.15,10.07,59.00,962.60,50
4/27/2013 12:22:33,4/27/2013,12:22:33,2.84,9.94,58.59,962.56,1
4/27/2013 12:22:48,4/27/2013,12:22:48,2.40,10.22,59.79,962.56,345
4/27/2013 12:23:03,4/27/2013,12:23:03,2.27,10.07,57.90,962.55,0
4/27/2013 12:23:18,4/27/2013,12:23:18,1.79,10.14,58.00,962.54,18
4/27/2013 12:23:33,4/27/2013,12:23:33,0.54,10.62,58.70,962.55,12
4/27/2013 12:23:48,4/27/2013,12:23:48,2.19,10.19,57.09,962.54,43
4/27/2013 12:24:03,4/27/2013,12:24:03,2.51,10.35,59.50,962.53,80
4/27/2013 12:24:18,4/27/2013,12:24:18,2.44,10.39,59.09,962.52,59
4/27/2013 12:24:33,4/27/2013,12:24:33,3.99,10.02,58.00,962.48,37
4/27/2013 12:24:48,4/27/2013,12:24:48,4.66,9.80,57.40,962.50,65
4/27/2013 12:25:03,4/27/2013,12:25:03,4.36,9.75,58.09,962.52,75
4/27/2013 12:25:18,4/27/2013,12:25:18,3.87,9.92,59.09,962.53,69
4/27/2013 12:25:33,4/27/2013,12:25:33,2.69,10.19,59.59,962.52,73
4/27/2013 12:25:48,4/27/2013,12:25:48,2.24,10.19,58.40,962.54,41
4/27/2013 12:26:03,4/27/2013,12:26:03,3.66,9.92,58.09,962.54,94
4/27/2013 12:26:18,4/27/2013,12:26:18,3.23,10.10,59.90,962.53,40
4/27/2013 12:26:33,4/27/2013,12:26:33,2.24,10.27,60.29,962.53,18
4/27/2013 12:26:48,4/27/2013,12:26:48,1.95,10.30,60.40,962.55,357
4/27/2013 12:27:03,4/27/2013,12:27:03,3.13,10.00,59.59,962.53,34
4/27/2013 12:27:18,4/27/2013,12:27:18,1.99,10.22,60.79,962.54,62
4/27/2013 12:27:33,4/27/2013,12:27:33,3.91,9.75,58.50,962.54,37
4/27/2013 12:27:48,4/27/2013,12:27:48,4.63,9.55,58.70,962.53,57
4/27/2013 12:28:03,4/27/2013,12:28:03,2.95,9.75,57.90,962.55,42
4/27/2013 12:28:18,4/27/2013,12:28:18,3.31,9.75,58.70,962.55,59
4/27/2013 12:28:33,4/27/2013,12:28:33,2.40,9.92,59.20,962.60,17
4/27/2013 12:28:48,4/27/2013,12:28:48,2.42,10.22,61.20,962.60,0
4/27/2013 12:29:03,4/27/2013,12:29:03,1.73,10.27,59.50,962.60,35
4/27/2013 12:29:18,4/27/2013,12:29:18,1.51,10.39,60.59,962.60,351
4/27/2013 12:29:33,4/27/2013,12:29:33,1.22,10.39,57.90,962.57,22
4/27/2013 12:29:48,4/27/2013,12:29:48,3.20,10.19,58.20,962.60,352
4/27/2013 12:30:03,4/27/2013,12:30:03,1.88,10.47,58.59,962.59,36
4/27/2013 12:30:18,4/27/2013,12:30:18,2.42,10.42,59.09,962.55,352
4/27/2013 12:30:33,4/27/2013,12:30:33,3.05,10.55,60.40,962.54,60
4/27/2013 12:30:48,4/27/2013,12:30:48,2.91,10.62,61.59,962.53,38
4/27/2013 12:31:03,4/27/2013,12:31:03,1.58,10.87,61.20,962.54,12
4/27/2013 12:31:18,4/27/2013,12:31:18,1.93,10.89,61.50,962.55,71
4/27/2013 12:31:33,4/27/2013,12:31:33,3.77,10.35,57.90,962.54,33
4/27/2013 12:31:48,4/27/2013,12:31:48,1.49,10.69,59.20,962.55,58
4/27/2013 12:32:03,4/27/2013,12:32:03,1.80,10.47,57.20,962.53,18
4/27/2013 12:32:18,4/27/2013,12:32:18,1.83,10.50,60.00,962.55,14
4/27/2013 12:32:33,4/27/2013,12:32:33,2.74,10.30,59.09,962.56,31
4/27/2013 12:32:48,4/27/2013,12:32:48,3.30,10.22,59.09,962.54,21
4/27/2013 12:33:03,4/27/2013,12:33:03,1.98,10.39,59.79,962.56,17
4/27/2013 12:33:18,4/27/2013,12:33:18,3.59,10.14,59.40,962.54,34
4/27/2013 12:33:33,4/27/2013,12:33:33,3.72,10.07,59.59,962.54,53
4/27/2013 12:33:48,4/27/2013,12:33:48,2.69,10.07,59.70,962.54,32
4/27/2013 12:34:03,4/27/2013,12:34:03,2.44,10.10,59.79,962.56,60
4/27/2013 12:34:18,4/27/2013,12:34:18,2.58,10.14,60.79,962.57,38
4/27/2013 12:34:33,4/27/2013,12:34:33,2.49,10.10,60.29,962.60,50
4/27/2013 12:34:48,4/27/2013,12:34:48,0.44,10.47,60.20,962.64,50
4/27/2013 12:35:03,4/27/2013,12:35:03,1.18,10.30,59.29,962.63,38
4/27/2013 12:35:18,4/27/2013,12:35:18,2.33,10.14,59.70,962.61,34
4/27/2013 12:35:33,4/27/2013,12:35:33,2.80,10.10,58.70,962.60,31
4/27/2013 12:35:48,4/27/2013,12:35:48,3.67,9.94,58.59,962.57,33
4/27/2013 12:36:03,4/27/2013,12:36:03,4.08,10.02,60.90,962.53,67
4/27/2013 12:36:18,4/27/2013,12:36:18,3.26,10.07,59.70,962.56,52
4/27/2013 12:36:33,4/27/2013,12:36:33,2.72,10.14,59.79,962.59,22
4/27/2013 12:36:48,4/27/2013,12:36:48,2.44,10.35,61.70,962.57,58
4/27/2013 12:37:03,4/27/2013,12:37:03,2.23,10.35,60.40,962.57,66
4/27/2013 12:37:18,4/27/2013,12:37:18,4.02,10.30,60.29,962.55,55
4/27/2013 12:37:33,4/27/2013,12:37:33,4.95,10.00,58.29,962.52,55
4/27/2013 12:37:48,4/27/2013,12:37:48,4.16,10.14,58.70,962.52,80
4/27/2013 12:38:03,4/27/2013,12:38:03,5.92,9.67,57.00,962.52,36
4/27/2013 12:38:18,4/27/2013,12:38:18,3.92,10.00,58.00,962.54,58
4/27/2013 12:38:33,4/27/2013,12:38:33,2.95,10.07,57.29,962.56,20
4/27/2013 12:38:48,4/27/2013,12:38:48,3.09,10.22,58.90,962.54,62
4/27/2013 12:39:03,4/27/2013,12:39:03,3.29,10.30,59.20,962.53,66
4/27/2013 12:39:18,4/27/2013,12:39:18,4.55,9.92,57.70,962.52,100
4/27/2013 12:39:33,4/27/2013,12:39:33,4.67,9.75,57.00,962.49,82
4/27/2013 12:39:48,4/27/2013,12:39:48,3.98,9.82,57.20,962.49,109
4/27/2013 12:40:03,4/27/2013,12:40:03,4.31,9.72,56.50,962.50,58
4/27/2013 12:40:18,4/27/2013,12:40:18,3.15,10.00,57.59,962.53,58
4/27/2013 12:40:33,4/27/2013,12:40:33,2.62,10.27,60.00,962.54,42
4/27/2013 12:40:48,4/27/2013,12:40:48,2.65,10.30,58.20,962.52,44
4/27/2013 12:41:03,4/27/2013,12:41:03,3.59,10.30,59.09,962.52,83
4/27/2013 12:41:18,4/27/2013,12:41:18,4.04,10.27,58.70,962.53,39
4/27/2013 12:41:33,4/27/2013,12:41:33,3.05,10.39,59.00,962.55,351
4/27/2013 12:41:48,4/27/2013,12:41:48,1.76,10.69,59.09,962.55,336
4/27/2013 12:42:03,4/27/2013,12:42:03,1.87,10.75,58.20,962.53,25
4/27/2013 12:42:18,4/27/2013,12:42:18,1.83,11.17,62.00,962.52,12
4/27/2013 12:42:33,4/27/2013,12:42:33,1.76,11.02,58.79,962.53,30
4/27/2013 12:42:48,4/27/2013,12:42:48,1.86,11.10,59.40,962.52,44
4/27/2013 12:43:03,4/27/2013,12:43:03,3.11,10.94,58.79,962.48,28
4/27/2013 12:43:18,4/27/2013,12:43:18,3.04,10.82,58.00,962.47,347
4/27/2013 12:43:33,4/27/2013,12:43:33,2.36,10.87,57.50,962.48,33
4/27/2013 12:43:48,4/27/2013,12:43:48,2.44,11.02,58.00,962.46,345
4/27/2013 12:44:03,4/27/2013,12:44:03,1.70,11.25,58.90,962.47,40
4/27/2013 12:44:18,4/27/2013,12:44:18,3.02,10.94,57.09,962.46,54
4/27/2013 12:44:33,4/27/2013,12:44:33,3.51,10.75,56.59,962.44,49
4/27/2013 12:44:48,4/27/2013,12:44:48,2.23,10.87,56.29,962.42,23
4/27/2013 12:45:03,4/27/2013,12:45:03,3.15,10.69,56.09,962.44,45
4/27/2013 12:45:18,4/27/2013,12:45:18,2.97,10.69,56.59,962.47,41
4/27/2013 12:45:33,4/27/2013,12:45:33,3.15,10.57,56.00,962.46,80
4/27/2013 12:45:48,4/27/2013,12:45:48,1.48,10.94,56.20,962.48,46
4/27/2013 12:46:03,4/27/2013,12:46:03,1.95,10.62,54.50,962.46,43
4/27/2013 12:46:18,4/27/2013,12:46:18,1.40,10.77,54.90,962.47,19
4/27/2013 12:46:33,4/27/2013,12:46:33,0.15,11.22,55.90,962.47,28
4/27/2013 12:46:48,4/27/2013,12:46:48,1.11,11.17,56.79,962.42,43
4/27/2013 12:47:03,4/27/2013,12:47:03,2.23,10.94,55.79,962.41,64
4/27/2013 12:47:18,4/27/2013,12:47:18,3.74,10.47,54.40,962.39,39
4/27/2013 12:47:33,4/27/2013,12:47:33,3.65,10.55,55.40,962.39,29
4/27/2013 12:47:48,4/27/2013,12:47:48,3.76,10.39,55.50,962.40,41
4/27/2013 12:48:03,4/27/2013,12:48:03,3.65,10.35,55.70,962.40,78
4/27/2013 12:48:18,4/27/2013,12:48:18,3.15,10.27,55.20,962.44,77
4/27/2013 12:48:33,4/27/2013,12:48:33,2.31,10.30,55.09,962.45,30
4/27/2013 12:48:48,4/27/2013,12:48:48,2.34,10.22,55.90,962.46,25
4/27/2013 12:49:03,4/27/2013,12:49:03,2.99,10.14,56.29,962.49,67
4/27/2013 12:49:18,4/27/2013,12:49:18,3.55,9.92,55.79,962.52,34
4/27/2013 12:49:33,4/27/2013,12:49:33,2.87,10.07,57.00,962.54,35
4/27/2013 12:49:48,4/27/2013,12:49:48,3.19,10.00,57.09,962.53,27
4/27/2013 12:50:03,4/27/2013,12:50:03,2.31,10.14,58.59,962.57,26
4/27/2013 12:50:18,4/27/2013,12:50:18,3.80,9.82,57.09,962.57,9
4/27/2013 12:50:33,4/27/2013,12:50:33,2.86,9.87,57.20,962.60,11
4/27/2013 12:50:48,4/27/2013,12:50:48,3.16,9.75,56.20,962.62,343
4/27/2013 12:51:03,4/27/2013,12:51:03,3.97,9.60,56.50,962.61,5
4/27/2013 12:51:18,4/27/2013,12:51:18,4.67,9.35,55.70,962.59,40
4/27/2013 12:51:33,4/27/2013,12:51:33,3.92,9.44,56.90,962.60,357
4/27/2013 12:51:48,4/27/2013,12:51:48,2.61,9.55,57.50,962.63,8
4/27/2013 12:52:03,4/27/2013,12:52:03,3.31,9.39,56.90,962.63,11
4/27/2013 12:52:18,4/27/2013,12:52:18,3.73,9.35,57.59,962.64,34
4/27/2013 12:52:33,4/27/2013,12:52:33,2.99,9.39,58.70,962.65,41
4/27/2013 12:52:48,4/27/2013,12:52:48,3.12,9.35,58.59,962.63,20
4/27/2013 12:53:03,4/27/2013,12:53:03,3.38,9.32,59.00,962.65,39
4/27/2013 12:53:18,4/27/2013,12:53:18,4.12,9.17,58.79,962.67,348
4/27/2013 12:53:33,4/27/2013,12:53:33,3.33,9.19,59.20,962.65,12
4/27/2013 12:53:48,4/27/2013,12:53:48,2.84,9.25,59.59,962.64,12
4/27/2013 12:54:03,4/27/2013,12:54:03,2.42,9.19,58.70,962.65,39
4/27/2013 12:54:18,4/27/2013,12:54:18,1.73,9.35,59.40,962.65,50
4/27/2013 12:54:33,4/27/2013,12:54:33,1.98,9.27,59.00,962.67,43
4/27/2013 12:54:48,4/27/2013,12:54:48,4.52,9.00,59.20,962.63,10
4/27/2013 12:55:03,4/27/2013,12:55:03,3.51,9.05,59.79,962.64,25
4/27/2013 12:55:18,4/27/2013,12:55:18,2.72,9.05,58.90,962.67,48
4/27/2013 12:55:33,4/27/2013,12:55:33,2.58,9.19,60.59,962.67,55
4/27/2013 12:55:48,4/27/2013,12:55:48,2.04,9.27,60.79,962.68,76
4/27/2013 12:56:03,4/27/2013,12:56:03,2.67,9.19,60.09,962.67,45
4/27/2013 12:56:18,4/27/2013,12:56:18,3.11,9.05,59.40,962.64,12
4/27/2013 12:56:33,4/27/2013,12:56:33,4.04,8.97,59.29,962.64,10
4/27/2013 12:56:48,4/27/2013,12:56:48,2.18,9.19,60.29,962.65,327
4/27/2013 12:57:03,4/27/2013,12:57:03,3.56,9.12,60.79,962.65,7
4/27/2013 12:57:18,4/27/2013,12:57:18,3.17,9.05,59.79,962.67,15
4/27/2013 12:57:33,4/27/2013,12:57:33,3.09,9.12,60.70,962.68,11
4/27/2013 12:57:48,4/27/2013,12:57:48,2.63,9.25,61.40,962.68,345
4/27/2013 12:58:03,4/27/2013,12:58:03,3.44,9.19,60.59,962.68,330
4/27/2013 12:58:18,4/27/2013,12:58:18,3.56,9.12,59.90,962.67,24
4/27/2013 12:58:33,4/27/2013,12:58:33,2.95,9.07,59.20,962.70,358
4/27/2013 12:58:48,4/27/2013,12:58:48,3.20,9.05,59.40,962.69,334
4/27/2013 12:59:03,4/27/2013,12:59:03,3.97,8.97,59.70,962.67,345
4/27/2013 12:59:18,4/27/2013,12:59:18,4.41,8.87,60.20,962.70,47
4/27/2013 12:59:33,4/27/2013,12:59:33,3.77,8.97,60.09,962.71,35
4/27/2013 12:59:48,4/27/2013,12:59:48,4.87,8.80,59.20,962.69,36
4/27/2013 13:00:03,4/27/2013,13:00:03,4.13,8.97,59.90,962.71,29
4/27/2013 13:00:18,4/27/2013,13:00:18,2.23,9.12,61.09,962.72,21
4/27/2013 13:00:33,4/27/2013,13:00:33,4.15,8.87,59.59,962.70,36
4/27/2013 13:00:48,4/27/2013,13:00:48,2.97,9.05,60.59,962.71,51
4/27/2013 13:01:03,4/27/2013,13:01:03,4.02,8.87,59.20,962.69,46
4/27/2013 13:01:18,4/27/2013,13:01:18,3.29,8.87,58.90,962.70,51
4/27/2013 13:01:33,4/27/2013,13:01:33,2.16,9.05,59.40,962.70,36
4/27/2013 13:01:48,4/27/2013,13:01:48,1.88,9.17,59.59,962.70,71
4/27/2013 13:02:03,4/27/2013,13:02:03,2.13,9.19,60.79,962.69,352
4/27/2013 13:02:18,4/27/2013,13:02:18,2.16,9.19,60.09,962.69,357
4/27/2013 13:02:33,4/27/2013,13:02:33,1.99,9.25,59.79,962.65,352
4/27/2013 13:02:48,4/27/2013,13:02:48,1.86,9.32,60.59,962.65,15
4/27/2013 13:03:03,4/27/2013,13:03:03,0.94,9.52,61.29,962.69,74
4/27/2013 13:03:18,4/27/2013,13:03:18,2.88,9.17,58.59,962.68,18
4/27/2013 13:03:33,4/27/2013,13:03:33,2.52,9.32,58.79,962.67,65
4/27/2013 13:03:48,4/27/2013,13:03:48,2.08,9.35,59.20,962.67,27
4/27/2013 13:04:03,4/27/2013,13:04:03,1.56,9.52,60.20,962.65,53
4/27/2013 13:04:18,4/27/2013,13:04:18,1.90,9.44,58.20,962.63,32
4/27/2013 13:04:33,4/27/2013,13:04:33,4.16,9.19,58.59,962.61,40
4/27/2013 13:04:48,4/27/2013,13:04:48,4.41,9.05,57.20,962.63,51
4/27/2013 13:05:03,4/27/2013,13:05:03,3.99,9.05,56.40,962.62,35
4/27/2013 13:05:18,4/27/2013,13:05:18,4.26,8.97,57.20,962.57,75
4/27/2013 13:05:33,4/27/2013,13:05:33,3.74,9.12,57.79,962.56,83
4/27/2013 13:05:48,4/27/2013,13:05:48,2.61,9.27,58.29,962.59,55
4/27/2013 13:06:03,4/27/2013,13:06:03,1.93,9.44,58.59,962.63,350
4/27/2013 13:06:18,4/27/2013,13:06:18,2.04,9.52,58.90,962.60,11
4/27/2013 13:06:33,4/27/2013,13:06:33,1.99,9.60,59.00,962.56,63
4/27/2013 13:06:48,4/27/2013,13:06:48,0.19,9.94,60.79,962.60,11
4/27/2013 13:07:03,4/27/2013,13:07:03,1.09,9.94,61.00,962.59,25
4/27/2013 13:07:18,4/27/2013,13:07:18,2.79,9.60,57.59,962.56,2
4/27/2013 13:07:33,4/27/2013,13:07:33,2.90,9.67,57.00,962.55,8
4/27/2013 13:07:48,4/27/2013,13:07:48,2.20,9.94,61.09,962.56,79
4/27/2013 13:08:03,4/27/2013,13:08:03,2.27,9.82,58.79,962.57,36
4/27/2013 13:08:18,4/27/2013,13:08:18,3.55,9.55,56.40,962.55,34
4/27/2013 13:08:33,4/27/2013,13:08:33,3.61,9.52,56.59,962.54,29
4/27/2013 13:08:48,4/27/2013,13:08:48,2.65,9.75,57.29,962.55,65
4/27/2013 13:09:03,4/27/2013,13:09:03,3.26,9.67,57.59,962.56,60
4/27/2013 13:09:18,4/27/2013,13:09:18,3.73,9.60,57.90,962.60,30
4/27/2013 13:09:33,4/27/2013,13:09:33,4.65,9.35,55.50,962.60,25
4/27/2013 13:09:48,4/27/2013,13:09:48,4.04,9.52,56.70,962.60,67
4/27/2013 13:10:03,4/27/2013,13:10:03,2.27,9.67,58.50,962.62,33
4/27/2013 13:10:18,4/27/2013,13:10:18,3.24,9.52,56.70,962.60,47
4/27/2013 13:10:33,4/27/2013,13:10:33,2.70,9.60,56.29,962.60,32
4/27/2013 13:10:48,4/27/2013,13:10:48,1.97,9.72,57.50,962.60,44
4/27/2013 13:11:03,4/27/2013,13:11:03,3.12,9.52,57.00,962.57,73
4/27/2013 13:11:18,4/27/2013,13:11:18,3.47,9.44,56.29,962.55,68
4/27/2013 13:11:33,4/27/2013,13:11:33,3.23,9.44,56.40,962.54,42
4/27/2013 13:11:48,4/27/2013,13:11:48,3.70,9.44,57.50,962.56,41
4/27/2013 13:12:03,4/27/2013,13:12:03,3.61,9.44,57.59,962.56,61
4/27/2013 13:12:18,4/27/2013,13:12:18,2.58,9.52,57.09,962.57,42
4/27/2013 13:12:33,4/27/2013,13:12:33,1.84,9.75,58.70,962.57,30
4/27/2013 13:12:48,4/27/2013,13:12:48,2.40,9.75,58.79,962.57,357
4/27/2013 13:13:03,4/27/2013,13:13:03,2.86,9.82,58.59,962.56,43
4/27/2013 13:13:18,4/27/2013,13:13:18,3.45,9.67,57.20,962.55,27
4/27/2013 13:13:33,4/27/2013,13:13:33,2.77,10.00,59.00,962.53,68
4/27/2013 13:13:48,4/27/2013,13:13:48,2.56,10.14,59.20,962.54,46
4/27/2013 13:14:03,4/27/2013,13:14:03,3.30,10.02,57.09,962.52,53
4/27/2013 13:14:18,4/27/2013,13:14:18,3.62,10.00,56.20,962.50,46
4/27/2013 13:14:33,4/27/2013,13:14:33,3.48,9.92,55.70,962.49,83
4/27/2013 13:14:48,4/27/2013,13:14:48,4.51,9.75,55.00,962.46,67
4/27/2013 13:15:03,4/27/2013,13:15:03,4.27,9.82,54.70,962.46,35
4/27/2013 13:15:18,4/27/2013,13:15:18,4.23,9.87,55.50,962.46,59
4/27/2013 13:15:33,4/27/2013,13:15:33,5.80,9.75,55.09,962.39,59
4/27/2013 13:15:48,4/27/2013,13:15:48,4.45,9.92,55.09,962.44,58
4/27/2013 13:16:03,4/27/2013,13:16:03,3.80,9.94,55.00,962.46,39
4/27/2013 13:16:18,4/27/2013,13:16:18,3.92,9.92,54.40,962.46,25
4/27/2013 13:16:33,4/27/2013,13:16:33,4.48,9.82,54.20,962.46,42
4/27/2013 13:16:48,4/27/2013,13:16:48,3.80,9.82,54.20,962.46,34
4/27/2013 13:17:03,4/27/2013,13:17:03,2.87,9.80,53.00,962.47,44
4/27/2013 13:17:18,4/27/2013,13:17:18,2.40,10.02,55.09,962.47,17
4/27/2013 13:17:33,4/27/2013,13:17:33,3.20,10.02,55.90,962.46,16
4/27/2013 13:17:48,4/27/2013,13:17:48,3.76,9.87,54.90,962.47,16
4/27/2013 13:18:03,4/27/2013,13:18:03,2.45,10.07,56.00,962.49,28
4/27/2013 13:18:18,4/27/2013,13:18:18,2.80,10.00,55.70,962.50,43
4/27/2013 13:18:33,4/27/2013,13:18:33,3.48,9.82,55.50,962.49,26
4/27/2013 13:18:48,4/27/2013,13:18:48,3.79,9.80,55.70,962.49,10
4/27/2013 13:19:03,4/27/2013,13:19:03,3.36,9.92,57.79,962.49,340
4/27/2013 13:19:18,4/27/2013,13:19:18,2.31,10.07,57.79,962.52,355
4/27/2013 13:19:33,4/27/2013,13:19:33,1.84,10.14,57.70,962.54,354
4/27/2013 13:19:48,4/27/2013,13:19:48,3.22,9.94,57.70,962.54,34
4/27/2013 13:20:03,4/27/2013,13:20:03,2.26,10.07,58.59,962.55,48
4/27/2013 13:20:18,4/27/2013,13:20:18,2.40,9.87,56.50,962.55,53
4/27/2013 13:20:33,4/27/2013,13:20:33,3.41,9.75,56.29,962.53,46
4/27/2013 13:20:48,4/27/2013,13:20:48,4.06,9.52,55.70,962.54,46
4/27/2013 13:21:03,4/27/2013,13:21:03,2.05,9.82,57.00,962.55,55
4/27/2013 13:21:18,4/27/2013,13:21:18,0.68,10.00,57.90,962.57,78
4/27/2013 13:21:33,4/27/2013,13:21:33,1.84,9.75,57.00,962.56,63
4/27/2013 13:21:48,4/27/2013,13:21:48,1.84,9.80,57.00,962.54,58
4/27/2013 13:22:03,4/27/2013,13:22:03,2.31,9.67,56.79,962.55,86
4/27/2013 13:22:18,4/27/2013,13:22:18,1.90,9.72,57.00,962.55,34
4/27/2013 13:22:33,4/27/2013,13:22:33,2.69,9.60,57.29,962.59,18
4/27/2013 13:22:48,4/27/2013,13:22:48,3.55,9.47,57.79,962.57,47
4/27/2013 13:23:03,4/27/2013,13:23:03,1.45,9.72,59.59,962.60,17
4/27/2013 13:23:18,4/27/2013,13:23:18,0.88,9.80,59.40,962.63,38
4/27/2013 13:23:33,4/27/2013,13:23:33,1.97,9.60,58.29,962.62,50
4/27/2013 13:23:48,4/27/2013,13:23:48,2.62,9.44,57.29,962.59,64
4/27/2013 13:24:03,4/27/2013,13:24:03,1.94,9.47,57.70,962.60,28
4/27/2013 13:24:18,4/27/2013,13:24:18,1.65,9.60,58.90,962.60,70
4/27/2013 13:24:33,4/27/2013,13:24:33,2.29,9.44,57.79,962.60,50
4/27/2013 13:24:48,4/27/2013,13:24:48,2.65,9.44,58.40,962.61,35
4/27/2013 13:25:03,4/27/2013,13:25:03,3.23,9.32,58.29,962.61,53
4/27/2013 13:25:18,4/27/2013,13:25:18,3.36,9.32,59.20,962.60,37
4/27/2013 13:25:33,4/27/2013,13:25:33,3.15,9.27,59.40,962.62,22
4/27/2013 13:25:48,4/27/2013,13:25:48,2.23,9.35,59.90,962.64,42
4/27/2013 13:26:03,4/27/2013,13:26:03,1.84,9.44,60.09,962.65,53
4/27/2013 13:26:18,4/27/2013,13:26:18,1.84,9.35,59.40,962.68,29
4/27/2013 13:26:33,4/27/2013,13:26:33,1.01,9.47,59.20,962.68,47
4/27/2013 13:26:48,4/27/2013,13:26:48,2.88,9.25,58.70,962.64,80
4/27/2013 13:27:03,4/27/2013,13:27:03,2.58,9.19,58.50,962.62,81
4/27/2013 13:27:18,4/27/2013,13:27:18,2.44,9.27,59.00,962.61,28
4/27/2013 13:27:33,4/27/2013,13:27:33,1.76,9.44,60.59,962.63,48
4/27/2013 13:27:48,4/27/2013,13:27:48,1.87,9.35,59.90,962.63,81
4/27/2013 13:28:03,4/27/2013,13:28:03,1.49,9.44,59.50,962.65,66
4/27/2013 13:28:18,4/27/2013,13:28:18,1.05,9.52,59.70,962.68,56
4/27/2013 13:28:33,4/27/2013,13:28:33,2.16,9.44,60.09,962.68,51
4/27/2013 13:28:48,4/27/2013,13:28:48,2.67,9.32,58.79,962.65,35
4/27/2013 13:29:03,4/27/2013,13:29:03,1.47,9.52,61.09,962.65,51
4/27/2013 13:29:18,4/27/2013,13:29:18,2.69,9.35,58.59,962.64,62
4/27/2013 13:29:33,4/27/2013,13:29:33,2.04,9.44,58.29,962.64,59
4/27/2013 13:29:48,4/27/2013,13:29:48,1.93,9.44,58.79,962.64,33
4/27/2013 13:30:03,4/27/2013,13:30:03,1.02,9.75,60.70,962.65,301
4/27/2013 13:30:18,4/27/2013,13:30:18,2.66,9.60,59.90,962.61,17
4/27/2013 13:30:33,4/27/2013,13:30:33,2.86,9.60,59.79,962.60,56
4/27/2013 13:30:48,4/27/2013,13:30:48,2.33,9.64,59.29,962.61,55
4/27/2013 13:31:03,4/27/2013,13:31:03,2.45,9.67,60.09,962.62,20
4/27/2013 13:31:18,4/27/2013,13:31:18,2.58,9.67,59.29,962.60,44
4/27/2013 13:31:33,4/27/2013,13:31:33,3.31,9.67,59.40,962.57,9
4/27/2013 13:31:48,4/27/2013,13:31:48,2.12,9.87,59.70,962.60,66
4/27/2013 13:32:03,4/27/2013,13:32:03,1.18,10.07,60.00,962.62,68
4/27/2013 13:32:18,4/27/2013,13:32:18,1.94,10.07,60.50,962.63,19
4/27/2013 13:32:33,4/27/2013,13:32:33,1.83,10.14,60.20,962.65,324
4/27/2013 13:32:48,4/27/2013,13:32:48,0.94,10.30,60.20,962.65,27
4/27/2013 13:33:03,4/27/2013,13:33:03,1.47,10.39,59.70,962.64,335
4/27/2013 13:33:18,4/27/2013,13:33:18,2.54,10.30,58.40,962.60,19
4/27/2013 13:33:33,4/27/2013,13:33:33,3.37,10.10,57.20,962.59,3
4/27/2013 13:33:48,4/27/2013,13:33:48,3.01,10.30,57.79,962.59,0
4/27/2013 13:34:03,4/27/2013,13:34:03,2.73,10.39,58.79,962.59,357
4/27/2013 13:34:18,4/27/2013,13:34:18,3.22,10.47,58.50,962.54,50
4/27/2013 13:34:33,4/27/2013,13:34:33,3.51,10.35,56.20,962.50,48
4/27/2013 13:34:48,4/27/2013,13:34:48,3.51,10.47,57.00,962.48,13
4/27/2013 13:35:03,4/27/2013,13:35:03,3.65,10.62,58.50,962.49,340
4/27/2013 13:35:18,4/27/2013,13:35:18,2.88,10.55,56.29,962.52,14
4/27/2013 13:35:33,4/27/2013,13:35:33,2.22,10.77,55.59,962.53,0
4/27/2013 13:35:48,4/27/2013,13:35:48,3.22,10.75,56.79,962.49,302
4/27/2013 13:36:03,4/27/2013,13:36:03,3.04,10.55,54.79,962.52,36
4/27/2013 13:36:18,4/27/2013,13:36:18,4.16,10.35,54.90,962.53,24
4/27/2013 13:36:33,4/27/2013,13:36:33,2.83,10.55,56.90,962.55,353
4/27/2013 13:36:48,4/27/2013,13:36:48,3.55,10.35,54.70,962.56,333
4/27/2013 13:37:03,4/27/2013,13:37:03,2.65,10.50,55.00,962.56,11
4/27/2013 13:37:18,4/27/2013,13:37:18,3.37,10.55,56.59,962.53,11
4/27/2013 13:37:33,4/27/2013,13:37:33,2.74,10.77,58.50,962.54,25
4/27/2013 13:37:48,4/27/2013,13:37:48,2.83,10.69,56.79,962.54,32
4/27/2013 13:38:03,4/27/2013,13:38:03,2.04,10.87,57.70,962.54,31
4/27/2013 13:38:18,4/27/2013,13:38:18,2.76,10.62,56.09,962.57,6
4/27/2013 13:38:33,4/27/2013,13:38:33,3.42,10.39,55.59,962.56,6
4/27/2013 13:38:48,4/27/2013,13:38:48,2.19,10.55,56.00,962.57,352
4/27/2013 13:39:03,4/27/2013,13:39:03,2.01,10.55,56.20,962.59,339
4/27/2013 13:39:18,4/27/2013,13:39:18,2.84,10.42,56.50,962.57,28
4/27/2013 13:39:33,4/27/2013,13:39:33,2.55,10.50,56.90,962.59,19
4/27/2013 13:39:48,4/27/2013,13:39:48,1.84,10.57,57.40,962.60,343
4/27/2013 13:40:03,4/27/2013,13:40:03,3.67,10.22,55.90,962.56,358
4/27/2013 13:40:18,4/27/2013,13:40:18,4.30,9.94,55.59,962.56,18
4/27/2013 13:40:33,4/27/2013,13:40:33,2.48,10.22,57.40,962.60,23
4/27/2013 13:40:48,4/27/2013,13:40:48,1.15,10.47,57.90,962.62,327
4/27/2013 13:41:03,4/27/2013,13:41:03,1.48,10.55,57.90,962.61,359
4/27/2013 13:41:18,4/27/2013,13:41:18,2.87,10.30,57.29,962.63,0
4/27/2013 13:41:33,4/27/2013,13:41:33,3.33,10.07,56.29,962.64,20
4/27/2013 13:41:48,4/27/2013,13:41:48,3.81,9.94,56.79,962.63,349
4/27/2013 13:42:03,4/27/2013,13:42:03,2.22,10.19,57.79,962.62,330
4/27/2013 13:42:18,4/27/2013,13:42:18,4.88,9.75,56.70,962.57,351
4/27/2013 13:42:33,4/27/2013,13:42:33,2.70,10.07,57.79,962.62,355
4/27/2013 13:42:48,4/27/2013,13:42:48,3.76,9.87,56.50,962.60,348
4/27/2013 13:43:03,4/27/2013,13:43:03,2.76,10.02,58.20,962.61,10
4/27/2013 13:43:18,4/27/2013,13:43:18,2.12,10.07,57.70,962.62,18
4/27/2013 13:43:33,4/27/2013,13:43:33,1.41,10.22,58.40,962.62,352
4/27/2013 13:43:48,4/27/2013,13:43:48,1.99,10.22,59.00,962.60,354
4/27/2013 13:44:03,4/27/2013,13:44:03,0.69,10.47,59.29,962.61,329
4/27/2013 13:44:18,4/27/2013,13:44:18,2.54,10.22,58.00,962.59,10
4/27/2013 13:44:33,4/27/2013,13:44:33,2.15,10.39,60.29,962.57,330
4/27/2013 13:44:48,4/27/2013,13:44:48,1.99,10.39,58.90,962.57,7
4/27/2013 13:45:03,4/27/2013,13:45:03,2.49,10.30,58.40,962.60,3
4/27/2013 13:45:18,4/27/2013,13:45:18,2.62,10.22,57.90,962.57,8
4/27/2013 13:45:33,4/27/2013,13:45:33,3.84,10.00,57.09,962.55,5
4/27/2013 13:45:48,4/27/2013,13:45:48,2.47,10.19,57.79,962.59,352
4/27/2013 13:46:03,4/27/2013,13:46:03,3.29,10.07,57.00,962.56,347
4/27/2013 13:46:18,4/27/2013,13:46:18,3.51,9.94,56.59,962.57,20
4/27/2013 13:46:33,4/27/2013,13:46:33,3.01,10.07,57.20,962.57,5
4/27/2013 13:46:48,4/27/2013,13:46:48,2.90,10.00,56.59,962.56,0
4/27/2013 13:47:03,4/27/2013,13:47:03,3.97,9.87,56.20,962.56,328
4/27/2013 13:47:18,4/27/2013,13:47:18,2.63,10.07,57.70,962.56,354
4/27/2013 13:47:33,4/27/2013,13:47:33,2.67,10.07,57.70,962.56,12
4/27/2013 13:47:48,4/27/2013,13:47:48,3.79,9.87,57.00,962.57,3
4/27/2013 13:48:03,4/27/2013,13:48:03,3.38,9.92,56.79,962.57,14
4/27/2013 13:48:18,4/27/2013,13:48:18,4.06,9.80,56.90,962.56,20
4/27/2013 13:48:33,4/27/2013,13:48:33,2.36,10.02,57.29,962.59,0
4/27/2013 13:48:48,4/27/2013,13:48:48,2.63,10.00,56.59,962.59,50
4/27/2013 13:49:03,4/27/2013,13:49:03,2.92,9.94,56.20,962.54,65
4/27/2013 13:49:18,4/27/2013,13:49:18,3.74,9.82,56.20,962.55,0
4/27/2013 13:49:33,4/27/2013,13:49:33,4.22,9.72,55.70,962.55,35
4/27/2013 13:49:48,4/27/2013,13:49:48,3.81,9.75,56.20,962.53,1
4/27/2013 13:50:03,4/27/2013,13:50:03,3.86,9.75,55.79,962.53,347
4/27/2013 13:50:18,4/27/2013,13:50:18,5.37,9.60,56.09,962.49,355
4/27/2013 13:50:33,4/27/2013,13:50:33,5.52,9.52,56.00,962.50,12
4/27/2013 13:50:48,4/27/2013,13:50:48,4.41,9.55,56.09,962.52,1
4/27/2013 13:51:03,4/27/2013,13:51:03,3.40,9.80,56.90,962.52,19
4/27/2013 13:51:18,4/27/2013,13:51:18,3.16,10.10,58.09,962.49,60
4/27/2013 13:51:33,4/27/2013,13:51:33,2.56,10.22,57.79,962.47,68
4/27/2013 13:51:48,4/27/2013,13:51:48,2.24,10.30,57.40,962.46,11
4/27/2013 13:52:03,4/27/2013,13:52:03,3.36,10.22,56.59,962.46,9
4/27/2013 13:52:18,4/27/2013,13:52:18,2.12,10.22,54.79,962.46,359
4/27/2013 13:52:33,4/27/2013,13:52:33,1.33,10.62,57.29,962.44,65
4/27/2013 13:52:48,4/27/2013,13:52:48,0.19,10.94,58.09,962.44,8
4/27/2013 13:53:03,4/27/2013,13:53:03,0.45,11.10,57.70,962.42,327
4/27/2013 13:53:18,4/27/2013,13:53:18,1.45,11.14,59.00,962.38,33
4/27/2013 13:53:33,4/27/2013,13:53:33,1.63,11.10,56.50,962.37,95
4/27/2013 13:53:48,4/27/2013,13:53:48,1.54,11.22,57.09,962.32,43
4/27/2013 13:54:03,4/27/2013,13:54:03,1.90,11.22,55.79,962.30,28
4/27/2013 13:54:18,4/27/2013,13:54:18,1.95,11.50,56.79,962.27,92
4/27/2013 13:54:33,4/27/2013,13:54:33,2.59,11.37,55.40,962.26,64
4/27/2013 13:54:48,4/27/2013,13:54:48,2.99,11.32,55.00,962.26,39
4/27/2013 13:55:03,4/27/2013,13:55:03,3.86,11.25,55.00,962.26,39
4/27/2013 13:55:18,4/27/2013,13:55:18,3.97,11.02,53.90,962.32,14
4/27/2013 13:55:33,4/27/2013,13:55:33,3.86,10.94,53.79,962.31,353
4/27/2013 13:55:48,4/27/2013,13:55:48,2.56,11.22,54.40,962.31,1
4/27/2013 13:56:03,4/27/2013,13:56:03,2.41,11.32,55.90,962.34,1
4/27/2013 13:56:18,4/27/2013,13:56:18,3.20,11.10,53.79,962.31,11
4/27/2013 13:56:33,4/27/2013,13:56:33,4.52,10.94,55.00,962.30,0
4/27/2013 13:56:48,4/27/2013,13:56:48,3.15,11.02,53.40,962.32,6
4/27/2013 13:57:03,4/27/2013,13:57:03,3.23,11.25,57.00,962.37,99
4/27/2013 13:57:18,4/27/2013,13:57:18,1.84,11.37,56.20,962.34,7
4/27/2013 13:57:33,4/27/2013,13:57:33,2.44,11.30,54.29,962.32,353
4/27/2013 13:57:48,4/27/2013,13:57:48,2.26,11.25,53.00,962.32,354
4/27/2013 13:58:03,4/27/2013,13:58:03,2.02,11.44,54.79,962.31,79
4/27/2013 13:58:18,4/27/2013,13:58:18,2.24,11.32,53.59,962.30,58
4/27/2013 13:58:33,4/27/2013,13:58:33,2.23,11.50,54.70,962.29,36
4/27/2013 13:58:48,4/27/2013,13:58:48,3.12,11.32,53.50,962.24,57
4/27/2013 13:59:03,4/27/2013,13:59:03,2.80,11.52,54.90,962.24,15
4/27/2013 13:59:18,4/27/2013,13:59:18,3.45,11.62,55.40,962.22,22
4/27/2013 13:59:33,4/27/2013,13:59:33,2.16,12.00,56.29,962.23,36
4/27/2013 13:59:48,4/27/2013,13:59:48,2.99,11.97,55.79,962.23,50
4/27/2013 14:00:03,4/27/2013,14:00:03,3.59,11.92,55.50,962.22,8
4/27/2013 14:00:18,4/27/2013,14:00:18,3.08,11.92,53.59,962.21,27
4/27/2013 14:00:33,4/27/2013,14:00:33,2.94,12.25,55.79,962.22,29
4/27/2013 14:00:48,4/27/2013,14:00:48,2.23,12.37,54.40,962.19,30
4/27/2013 14:01:03,4/27/2013,14:01:03,2.42,12.39,53.79,962.19,9
4/27/2013 14:01:18,4/27/2013,14:01:18,3.91,12.05,52.09,962.17,30
4/27/2013 14:01:33,4/27/2013,14:01:33,4.52,11.80,51.50,962.17,44
4/27/2013 14:01:48,4/27/2013,14:01:48,2.70,12.32,54.29,962.19,27
4/27/2013 14:02:03,4/27/2013,14:02:03,3.09,12.17,52.70,962.21,79
4/27/2013 14:02:18,4/27/2013,14:02:18,2.91,11.89,50.70,962.22,7
4/27/2013 14:02:33,4/27/2013,14:02:33,1.79,12.27,52.09,962.22,57
4/27/2013 14:02:48,4/27/2013,14:02:48,1.59,12.25,50.90,962.23,72
4/27/2013 14:03:03,4/27/2013,14:03:03,2.18,12.19,51.20,962.24,31
4/27/2013 14:03:18,4/27/2013,14:03:18,2.24,12.12,51.59,962.21,60
4/27/2013 14:03:33,4/27/2013,14:03:33,1.02,12.52,54.50,962.22,35
4/27/2013 14:03:48,4/27/2013,14:03:48,1.99,12.19,52.59,962.21,28
4/27/2013 14:04:03,4/27/2013,14:04:03,1.74,12.37,54.09,962.18,81
4/27/2013 14:04:18,4/27/2013,14:04:18,3.92,12.00,52.50,962.11,87
4/27/2013 14:04:33,4/27/2013,14:04:33,3.09,12.27,54.40,962.12,95
4/27/2013 14:04:48,4/27/2013,14:04:48,2.52,12.32,52.59,962.11,73
4/27/2013 14:05:03,4/27/2013,14:05:03,3.52,12.12,52.40,962.11,37
4/27/2013 14:05:18,4/27/2013,14:05:18,3.05,12.32,53.79,962.10,67
4/27/2013 14:05:33,4/27/2013,14:05:33,1.73,12.67,54.70,962.15,55
4/27/2013 14:05:48,4/27/2013,14:05:48,4.34,11.89,52.09,962.16,49
4/27/2013 14:06:03,4/27/2013,14:06:03,4.24,11.77,52.70,962.18,54
4/27/2013 14:06:18,4/27/2013,14:06:18,2.44,12.12,54.20,962.22,33
4/27/2013 14:06:33,4/27/2013,14:06:33,3.95,11.72,53.09,962.21,92
4/27/2013 14:06:48,4/27/2013,14:06:48,4.09,11.57,52.90,962.22,93
4/27/2013 14:07:03,4/27/2013,14:07:03,4.38,11.25,51.79,962.24,41
4/27/2013 14:07:18,4/27/2013,14:07:18,3.49,11.42,52.40,962.25,23
4/27/2013 14:07:33,4/27/2013,14:07:33,4.15,11.17,52.59,962.23,28
4/27/2013 14:07:48,4/27/2013,14:07:48,3.24,11.25,53.40,962.24,22
4/27/2013 14:08:03,4/27/2013,14:08:03,2.31,11.57,55.00,962.25,30
4/27/2013 14:08:18,4/27/2013,14:08:18,2.66,11.50,54.00,962.26,54
4/27/2013 14:08:33,4/27/2013,14:08:33,3.76,11.10,52.90,962.25,37
4/27/2013 14:08:48,4/27/2013,14:08:48,3.42,11.25,54.40,962.24,53
4/27/2013 14:09:03,4/27/2013,14:09:03,2.44,11.52,55.20,962.25,55
4/27/2013 14:09:18,4/27/2013,14:09:18,2.04,11.57,54.70,962.25,29
4/27/2013 14:09:33,4/27/2013,14:09:33,3.01,11.30,52.79,962.24,58
4/27/2013 14:09:48,4/27/2013,14:09:48,1.84,11.62,53.90,962.25,34
4/27/2013 14:10:03,4/27/2013,14:10:03,2.34,11.57,54.00,962.25,52
4/27/2013 14:10:18,4/27/2013,14:10:18,2.49,11.42,53.40,962.26,111
4/27/2013 14:10:33,4/27/2013,14:10:33,3.99,11.02,52.09,962.25,32
4/27/2013 14:10:48,4/27/2013,14:10:48,3.67,11.02,53.79,962.25,68
4/27/2013 14:11:03,4/27/2013,14:11:03,1.90,11.30,53.79,962.29,66
4/27/2013 14:11:18,4/27/2013,14:11:18,1.63,11.42,54.09,962.30,50
4/27/2013 14:11:33,4/27/2013,14:11:33,2.80,11.17,53.90,962.27,62
4/27/2013 14:11:48,4/27/2013,14:11:48,3.52,11.02,54.09,962.25,38
4/27/2013 14:12:03,4/27/2013,14:12:03,4.02,10.77,52.79,962.26,52
4/27/2013 14:12:18,4/27/2013,14:12:18,2.59,11.02,54.70,962.27,352
4/27/2013 14:12:33,4/27/2013,14:12:33,1.91,11.17,55.00,962.26,20
4/27/2013 14:12:48,4/27/2013,14:12:48,2.30,11.02,54.09,962.26,62
4/27/2013 14:13:03,4/27/2013,14:13:03,3.05,10.87,53.70,962.26,41
4/27/2013 14:13:18,4/27/2013,14:13:18,2.01,10.97,53.09,962.29,23
4/27/2013 14:13:33,4/27/2013,14:13:33,2.54,10.94,54.00,962.29,41
4/27/2013 14:13:48,4/27/2013,14:13:48,3.16,10.87,54.70,962.29,24
4/27/2013 14:14:03,4/27/2013,14:14:03,3.15,10.77,54.70,962.30,78
4/27/2013 14:14:18,4/27/2013,14:14:18,3.23,10.89,55.70,962.29,66
4/27/2013 14:14:33,4/27/2013,14:14:33,2.94,10.87,54.40,962.29,29
4/27/2013 14:14:48,4/27/2013,14:14:48,3.30,10.77,53.79,962.25,23
4/27/2013 14:15:03,4/27/2013,14:15:03,2.45,10.87,52.90,962.24,15
4/27/2013 14:15:18,4/27/2013,14:15:18,2.94,10.67,52.20,962.24,42
4/27/2013 14:15:33,4/27/2013,14:15:33,1.91,11.02,54.29,962.24,88
4/27/2013 14:15:48,4/27/2013,14:15:48,1.31,11.14,54.59,962.26,26
4/27/2013 14:16:03,4/27/2013,14:16:03,1.56,11.30,57.20,962.24,356
4/27/2013 14:16:18,4/27/2013,14:16:18,0.94,11.37,55.59,962.25,35
4/27/2013 14:16:33,4/27/2013,14:16:33,1.11,11.42,54.59,962.25,30
4/27/2013 14:16:48,4/27/2013,14:16:48,1.56,11.32,53.70,962.24,49
4/27/2013 14:17:03,4/27/2013,14:17:03,1.26,11.42,53.20,962.24,88
4/27/2013 14:17:18,4/27/2013,14:17:18,0.37,11.64,53.90,962.24,89
4/27/2013 14:17:33,4/27/2013,14:17:33,1.37,11.44,52.20,962.19,44
4/27/2013 14:17:48,4/27/2013,14:17:48,0.63,11.72,52.29,962.21,8
4/27/2013 14:18:03,4/27/2013,14:18:03,0.31,11.80,52.90,962.22,3
4/27/2013 14:18:18,4/27/2013,14:18:18,0.27,12.12,52.00,962.19,355
4/27/2013 14:18:33,4/27/2013,14:18:33,0.00,12.19,51.20,962.18,336
4/27/2013 14:18:48,4/27/2013,14:18:48,0.27,12.37,54.00,962.16,16
4/27/2013 14:19:03,4/27/2013,14:19:03,1.66,12.10,51.09,962.10,11
4/27/2013 14:19:18,4/27/2013,14:19:18,2.61,12.12,52.70,962.09,55
4/27/2013 14:19:33,4/27/2013,14:19:33,1.87,12.12,51.50,962.07,25
4/27/2013 14:19:48,4/27/2013,14:19:48,3.54,11.85,50.79,962.06,21
4/27/2013 14:20:03,4/27/2013,14:20:03,3.80,11.69,50.59,962.04,82
4/27/2013 14:20:18,4/27/2013,14:20:18,3.15,11.64,49.79,962.02,125
4/27/2013 14:20:33,4/27/2013,14:20:33,3.55,11.52,50.50,962.03,90
4/27/2013 14:20:48,4/27/2013,14:20:48,4.29,11.32,50.09,962.04,57
4/27/2013 14:21:03,4/27/2013,14:21:03,3.74,11.42,51.20,962.02,92
4/27/2013 14:21:18,4/27/2013,14:21:18,2.70,11.50,50.79,962.04,57
4/27/2013 14:21:33,4/27/2013,14:21:33,2.56,11.50,51.20,962.08,10
4/27/2013 14:21:48,4/27/2013,14:21:48,2.41,11.44,50.59,962.12,10
4/27/2013 14:22:03,4/27/2013,14:22:03,2.55,11.42,50.00,962.10,12
4/27/2013 14:22:18,4/27/2013,14:22:18,2.77,11.42,51.09,962.10,336
4/27/2013 14:22:33,4/27/2013,14:22:33,2.42,11.44,52.50,962.12,27
4/27/2013 14:22:48,4/27/2013,14:22:48,2.88,11.32,52.00,962.15,72
4/27/2013 14:23:03,4/27/2013,14:23:03,3.05,11.42,52.79,962.14,32
4/27/2013 14:23:18,4/27/2013,14:23:18,1.74,11.57,52.90,962.17,1
4/27/2013 14:23:33,4/27/2013,14:23:33,3.01,11.37,52.70,962.14,32
4/27/2013 14:23:48,4/27/2013,14:23:48,1.74,11.64,54.00,962.14,54
4/27/2013 14:24:03,4/27/2013,14:24:03,1.70,11.57,53.00,962.16,339
4/27/2013 14:24:18,4/27/2013,14:24:18,1.18,11.72,53.70,962.16,286
4/27/2013 14:24:33,4/27/2013,14:24:33,1.43,11.64,51.79,962.17,5
4/27/2013 14:24:48,4/27/2013,14:24:48,1.86,11.64,52.09,962.18,28
4/27/2013 14:25:03,4/27/2013,14:25:03,3.27,11.57,52.29,962.17,16
4/27/2013 14:25:18,4/27/2013,14:25:18,2.26,11.85,51.79,962.12,97
4/27/2013 14:25:33,4/27/2013,14:25:33,3.49,11.64,50.09,962.11,21
4/27/2013 14:25:48,4/27/2013,14:25:48,4.16,11.64,49.70,962.11,2
4/27/2013 14:26:03,4/27/2013,14:26:03,2.11,12.12,53.00,962.12,312
4/27/2013 14:26:18,4/27/2013,14:26:18,2.62,11.80,50.20,962.14,337
4/27/2013 14:26:33,4/27/2013,14:26:33,4.54,11.32,48.20,962.11,351
4/27/2013 14:26:48,4/27/2013,14:26:48,4.01,11.42,49.40,962.11,317
4/27/2013 14:27:03,4/27/2013,14:27:03,3.84,11.50,50.40,962.12,328
4/27/2013 14:27:18,4/27/2013,14:27:18,4.62,11.30,50.09,962.15,30
4/27/2013 14:27:33,4/27/2013,14:27:33,3.76,11.25,50.09,962.16,15
4/27/2013 14:27:48,4/27/2013,14:27:48,2.20,11.50,51.40,962.18,332
4/27/2013 14:28:03,4/27/2013,14:28:03,2.29,11.44,51.70,962.19,4
4/27/2013 14:28:18,4/27/2013,14:28:18,3.47,11.10,49.29,962.18,30
4/27/2013 14:28:33,4/27/2013,14:28:33,3.11,11.10,50.29,962.16,296
4/27/2013 14:28:48,4/27/2013,14:28:48,1.76,11.37,52.59,962.18,8
4/27/2013 14:29:03,4/27/2013,14:29:03,2.30,11.30,53.00,962.16,359
4/27/2013 14:29:18,4/27/2013,14:29:18,1.70,11.32,51.59,962.19,19
4/27/2013 14:29:33,4/27/2013,14:29:33,1.72,11.30,51.70,962.21,18
4/27/2013 14:29:48,4/27/2013,14:29:48,2.48,11.10,50.50,962.21,3
4/27/2013 14:30:03,4/27/2013,14:30:03,3.23,10.87,49.50,962.23,16
4/27/2013 14:30:18,4/27/2013,14:30:18,3.83,10.77,49.50,962.22,9
4/27/2013 14:30:33,4/27/2013,14:30:33,3.38,10.75,50.50,962.19,15
4/27/2013 14:30:48,4/27/2013,14:30:48,1.31,11.10,52.70,962.23,359
4/27/2013 14:31:03,4/27/2013,14:31:03,2.52,10.97,51.90,962.23,10
4/27/2013 14:31:18,4/27/2013,14:31:18,1.20,11.37,54.00,962.24,6
4/27/2013 14:31:33,4/27/2013,14:31:33,3.45,11.17,52.29,962.19,18
4/27/2013 14:31:48,4/27/2013,14:31:48,3.90,11.42,52.29,962.12,325
4/27/2013 14:32:03,4/27/2013,14:32:03,3.23,11.50,52.90,962.16,10
4/27/2013 14:32:18,4/27/2013,14:32:18,4.74,11.50,51.59,962.12,36
4/27/2013 14:32:33,4/27/2013,14:32:33,4.42,11.44,49.59,962.11,19
4/27/2013 14:32:48,4/27/2013,14:32:48,3.45,11.64,49.79,962.11,354
4/27/2013 14:33:03,4/27/2013,14:33:03,3.33,11.72,49.79,962.14,16
4/27/2013 14:33:18,4/27/2013,14:33:18,2.77,11.92,49.90,962.12,23
4/27/2013 14:33:33,4/27/2013,14:33:33,1.41,12.25,51.09,962.14,53
4/27/2013 14:33:48,4/27/2013,14:33:48,2.47,12.19,51.40,962.12,91
4/27/2013 14:34:03,4/27/2013,14:34:03,3.13,12.10,48.59,962.10,18
4/27/2013 14:34:18,4/27/2013,14:34:18,2.26,12.27,48.20,962.11,19
4/27/2013 14:34:33,4/27/2013,14:34:33,3.33,12.19,48.29,962.09,35
4/27/2013 14:34:48,4/27/2013,14:34:48,4.97,11.80,47.00,962.07,27
4/27/2013 14:35:03,4/27/2013,14:35:03,4.52,11.97,47.90,962.08,59
4/27/2013 14:35:18,4/27/2013,14:35:18,4.84,11.85,47.29,962.10,18
4/27/2013 14:35:33,4/27/2013,14:35:33,4.59,11.97,48.40,962.10,347
4/27/2013 14:35:48,4/27/2013,14:35:48,4.19,12.10,47.70,962.08,1
4/27/2013 14:36:03,4/27/2013,14:36:03,2.13,12.60,50.59,962.06,7
4/27/2013 14:36:18,4/27/2013,14:36:18,3.52,12.27,46.79,962.04,355
4/27/2013 14:36:33,4/27/2013,14:36:33,3.74,12.27,46.59,962.01,17
4/27/2013 14:36:48,4/27/2013,14:36:48,3.81,12.37,47.09,962.02,1
4/27/2013 14:37:03,4/27/2013,14:37:03,3.36,12.47,47.70,962.00,39
4/27/2013 14:37:18,4/27/2013,14:37:18,3.41,12.37,47.00,961.97,51
4/27/2013 14:37:33,4/27/2013,14:37:33,3.04,12.32,45.70,961.94,40
4/27/2013 14:37:48,4/27/2013,14:37:48,3.15,12.55,48.09,961.95,338
4/27/2013 14:38:03,4/27/2013,14:38:03,2.63,12.60,48.20,961.96,35
4/27/2013 14:38:18,4/27/2013,14:38:18,1.52,12.94,48.70,961.99,62
4/27/2013 14:38:33,4/27/2013,14:38:33,2.65,12.67,48.40,962.00,331
4/27/2013 14:38:48,4/27/2013,14:38:48,3.55,12.55,48.29,962.02,31
4/27/2013 14:39:03,4/27/2013,14:39:03,3.22,12.44,46.70,962.04,350
4/27/2013 14:39:18,4/27/2013,14:39:18,2.44,12.44,44.59,962.03,1
4/27/2013 14:39:33,4/27/2013,14:39:33,2.69,12.37,45.50,962.02,8
4/27/2013 14:39:48,4/27/2013,14:39:48,2.90,12.25,45.59,962.03,34
4/27/2013 14:40:03,4/27/2013,14:40:03,2.59,12.19,45.50,962.07,90
4/27/2013 14:40:18,4/27/2013,14:40:18,2.86,12.25,46.29,962.08,21
4/27/2013 14:40:33,4/27/2013,14:40:33,2.15,12.32,46.79,962.10,38
4/27/2013 14:40:48,4/27/2013,14:40:48,3.17,12.00,46.70,962.12,63
4/27/2013 14:41:03,4/27/2013,14:41:03,3.99,11.69,47.79,962.14,12
4/27/2013 14:41:18,4/27/2013,14:41:18,4.69,11.52,48.40,962.12,103
4/27/2013 14:41:33,4/27/2013,14:41:33,3.09,11.64,48.09,962.15,20
4/27/2013 14:41:48,4/27/2013,14:41:48,2.76,11.57,47.59,962.18,13
4/27/2013 14:42:03,4/27/2013,14:42:03,3.36,11.42,47.79,962.19,59
4/27/2013 14:42:18,4/27/2013,14:42:18,3.49,11.25,48.09,962.24,28
4/27/2013 14:42:33,4/27/2013,14:42:33,4.66,11.02,47.00,962.25,15
4/27/2013 14:42:48,4/27/2013,14:42:48,3.29,11.10,47.79,962.27,7
4/27/2013 14:43:03,4/27/2013,14:43:03,2.62,11.10,48.20,962.30,20
4/27/2013 14:43:18,4/27/2013,14:43:18,1.62,11.17,48.40,962.32,59
4/27/2013 14:43:33,4/27/2013,14:43:33,2.31,11.05,48.40,962.33,65
4/27/2013 14:43:48,4/27/2013,14:43:48,3.26,10.87,49.09,962.34,50
4/27/2013 14:44:03,4/27/2013,14:44:03,4.79,10.62,49.90,962.35,50
4/27/2013 14:44:18,4/27/2013,14:44:18,3.47,10.62,52.29,962.38,53
4/27/2013 14:44:33,4/27/2013,14:44:33,2.23,10.67,53.50,962.42,87
4/27/2013 14:44:48,4/27/2013,14:44:48,3.30,10.30,52.79,962.47,50
4/27/2013 14:45:03,4/27/2013,14:45:03,3.73,10.07,54.50,962.52,50
4/27/2013 14:45:18,4/27/2013,14:45:18,4.73,9.82,55.59,962.56,80
4/27/2013 14:45:33,4/27/2013,14:45:33,5.41,9.35,58.90,962.60,38
4/27/2013 14:45:48,4/27/2013,14:45:48,3.45,9.19,63.40,962.72,34
4/27/2013 14:46:03,4/27/2013,14:46:03,4.77,8.64,64.59,962.78,2
4/27/2013 14:46:18,4/27/2013,14:46:18,6.69,8.32,65.80,962.77,63
4/27/2013 14:46:33,4/27/2013,14:46:33,4.29,8.22,68.59,962.86,90
4/27/2013 14:46:48,4/27/2013,14:46:48,5.97,7.77,69.09,962.84,57
4/27/2013 14:47:03,4/27/2013,14:47:03,6.84,7.37,69.69,962.86,67
4/27/2013 14:47:18,4/27/2013,14:47:18,5.94,7.00,71.30,962.89,25
4/27/2013 14:47:33,4/27/2013,14:47:33,3.17,7.07,74.59,962.94,101
4/27/2013 14:47:48,4/27/2013,14:47:48,3.42,6.90,75.00,962.94,79
4/27/2013 14:48:03,4/27/2013,14:48:03,5.19,6.75,74.50,962.97,82
4/27/2013 14:48:18,4/27/2013,14:48:18,3.77,6.69,76.00,963.00,47
4/27/2013 14:48:33,4/27/2013,14:48:33,4.04,6.59,75.80,963.02,55
4/27/2013 14:48:48,4/27/2013,14:48:48,3.65,6.52,75.80,963.05,81
4/27/2013 14:49:03,4/27/2013,14:49:03,3.11,6.42,75.80,963.07,25
4/27/2013 14:49:18,4/27/2013,14:49:18,3.51,6.34,75.59,963.09,111
4/27/2013 14:49:33,4/27/2013,14:49:33,4.87,6.07,78.59,963.09,79
4/27/2013 14:49:48,4/27/2013,14:49:48,3.73,6.05,80.69,963.15,55
4/27/2013 14:50:03,4/27/2013,14:50:03,2.41,5.94,80.69,963.18,54
4/27/2013 14:50:18,4/27/2013,14:50:18,4.30,5.87,79.69,963.16,117
4/27/2013 14:50:33,4/27/2013,14:50:33,1.61,5.87,80.40,963.27,103
4/27/2013 14:50:48,4/27/2013,14:50:48,1.63,5.84,81.00,963.28,40
4/27/2013 14:51:03,4/27/2013,14:51:03,2.73,4.44,80.69,963.27,5
4/27/2013 14:51:18,4/27/2013,14:51:18,4.76,5.25,85.59,963.23,46
4/27/2013 14:51:33,4/27/2013,14:51:33,2.86,5.32,87.59,963.24,89
4/27/2013 14:51:48,4/27/2013,14:51:48,3.58,5.17,88.00,963.23,33
4/27/2013 14:52:03,4/27/2013,14:52:03,3.11,5.25,88.40,963.24,68
4/27/2013 14:52:18,4/27/2013,14:52:18,2.33,5.25,89.30,963.23,77
4/27/2013 14:52:33,4/27/2013,14:52:33,2.70,5.25,89.80,963.24,95
4/27/2013 14:52:48,4/27/2013,14:52:48,3.98,5.17,89.19,963.21,88
4/27/2013 14:53:03,4/27/2013,14:53:03,2.74,5.25,89.80,963.24,81
4/27/2013 14:53:18,4/27/2013,14:53:18,2.87,5.25,90.19,963.25,94
4/27/2013 14:53:33,4/27/2013,14:53:33,2.59,5.27,90.50,963.25,54
4/27/2013 14:53:48,4/27/2013,14:53:48,3.08,5.19,90.09,963.27,77
4/27/2013 14:54:03,4/27/2013,14:54:03,3.05,5.25,90.40,963.28,67
4/27/2013 14:54:18,4/27/2013,14:54:18,3.87,5.19,89.80,963.25,89
4/27/2013 14:54:33,4/27/2013,14:54:33,3.66,5.25,89.90,963.28,71
4/27/2013 14:54:48,4/27/2013,14:54:48,2.59,5.27,90.19,963.28,50
4/27/2013 14:55:03,4/27/2013,14:55:03,2.98,5.32,90.59,963.29,82
4/27/2013 14:55:18,4/27/2013,14:55:18,3.86,5.25,90.00,963.28,28
4/27/2013 14:55:33,4/27/2013,14:55:33,2.84,5.32,90.40,963.27,59
4/27/2013 14:55:48,4/27/2013,14:55:48,1.95,5.52,90.90,963.27,118
4/27/2013 14:56:03,4/27/2013,14:56:03,3.77,5.37,90.59,963.23,67
4/27/2013 14:56:18,4/27/2013,14:56:18,3.66,5.40,90.19,963.20,61
4/27/2013 14:56:33,4/27/2013,14:56:33,4.09,5.37,90.09,963.18,92
4/27/2013 14:56:48,4/27/2013,14:56:48,3.59,5.40,90.00,963.18,82
4/27/2013 14:57:03,4/27/2013,14:57:03,3.38,5.40,89.90,963.21,70
4/27/2013 14:57:18,4/27/2013,14:57:18,3.12,5.44,90.30,963.20,91
4/27/2013 14:57:33,4/27/2013,14:57:33,3.88,5.37,89.69,963.17,69
4/27/2013 14:57:48,4/27/2013,14:57:48,4.05,5.37,89.69,963.14,79
4/27/2013 14:58:03,4/27/2013,14:58:03,3.91,5.40,89.80,963.14,98
4/27/2013 14:58:18,4/27/2013,14:58:18,3.98,5.44,89.90,963.15,94
4/27/2013 14:58:33,4/27/2013,14:58:33,2.37,5.47,90.69,963.17,84
4/27/2013 14:58:48,4/27/2013,14:58:48,3.05,5.52,90.69,963.20,82
4/27/2013 14:59:03,4/27/2013,14:59:03,4.05,5.44,90.09,963.20,82
4/27/2013 14:59:18,4/27/2013,14:59:18,3.97,5.44,90.30,963.16,82
4/27/2013 14:59:33,4/27/2013,14:59:33,5.17,5.32,89.09,963.15,87
4/27/2013 14:59:48,4/27/2013,14:59:48,3.83,5.44,89.59,963.20,87
4/27/2013 15:00:03,4/27/2013,15:00:03,4.02,5.44,89.50,963.21,88
4/27/2013 15:00:18,4/27/2013,15:00:18,3.86,5.40,89.90,963.20,78
4/27/2013 15:00:33,4/27/2013,15:00:33,3.95,5.44,89.80,963.22,44
4/27/2013 15:00:48,4/27/2013,15:00:48,3.04,5.52,90.09,963.20,86
4/27/2013 15:01:03,4/27/2013,15:01:03,3.11,5.52,90.09,963.20,71
4/27/2013 15:01:18,4/27/2013,15:01:18,3.01,5.57,90.50,963.18,90
4/27/2013 15:01:33,4/27/2013,15:01:33,3.08,5.59,90.40,963.21,63
4/27/2013 15:01:48,4/27/2013,15:01:48,3.37,5.65,89.69,963.17,37
4/27/2013 15:02:03,4/27/2013,15:02:03,1.47,5.80,91.00,963.21,65
4/27/2013 15:02:18,4/27/2013,15:02:18,1.38,5.80,91.50,963.21,75
4/27/2013 15:02:33,4/27/2013,15:02:33,1.11,5.87,91.69,963.21,22
4/27/2013 15:02:48,4/27/2013,15:02:48,1.20,5.92,91.80,963.18,72
4/27/2013 15:03:03,4/27/2013,15:03:03,1.38,5.92,91.59,963.21,38
4/27/2013 15:03:18,4/27/2013,15:03:18,1.44,5.92,91.59,963.20,34
4/27/2013 15:03:33,4/27/2013,15:03:33,2.45,5.87,91.09,963.15,54
4/27/2013 15:03:48,4/27/2013,15:03:48,1.58,5.94,91.30,963.17,76
4/27/2013 15:04:03,4/27/2013,15:04:03,1.56,5.94,91.50,963.17,75
4/27/2013 15:04:18,4/27/2013,15:04:18,2.01,5.94,91.19,963.15,109
4/27/2013 15:04:33,4/27/2013,15:04:33,2.12,5.92,91.30,963.17,84
4/27/2013 15:04:48,4/27/2013,15:04:48,2.15,5.87,91.19,963.16,78
4/27/2013 15:05:03,4/27/2013,15:05:03,2.67,5.84,90.90,963.15,89
4/27/2013 15:05:18,4/27/2013,15:05:18,2.54,5.84,90.80,963.15,30
4/27/2013 15:05:33,4/27/2013,15:05:33,1.54,5.94,91.00,963.17,66
4/27/2013 15:05:48,4/27/2013,15:05:48,1.31,5.94,91.30,963.18,63
4/27/2013 15:06:03,4/27/2013,15:06:03,1.83,5.87,90.90,963.17,54
4/27/2013 15:06:18,4/27/2013,15:06:18,0.97,6.05,91.30,963.18,51
4/27/2013 15:06:33,4/27/2013,15:06:33,2.13,5.92,90.69,963.15,90
4/27/2013 15:06:48,4/27/2013,15:06:48,2.38,5.87,90.00,963.16,100
4/27/2013 15:07:03,4/27/2013,15:07:03,1.80,5.94,90.90,963.16,82
4/27/2013 15:07:18,4/27/2013,15:07:18,2.15,5.94,90.50,963.15,31
4/27/2013 15:07:33,4/27/2013,15:07:33,0.43,6.15,91.30,963.18,77
4/27/2013 15:07:48,4/27/2013,15:07:48,1.30,6.12,91.19,963.16,50
4/27/2013 15:08:03,4/27/2013,15:08:03,2.02,6.07,90.69,963.15,48
4/27/2013 15:08:18,4/27/2013,15:08:18,1.45,6.19,90.59,963.16,70
4/27/2013 15:08:33,4/27/2013,15:08:33,2.81,6.27,89.90,963.13,72
4/27/2013 15:08:48,4/27/2013,15:08:48,2.74,6.22,89.69,963.12,64
4/27/2013 15:09:03,4/27/2013,15:09:03,3.22,6.34,89.50,963.12,79
4/27/2013 15:09:18,4/27/2013,15:09:18,1.95,6.55,90.09,963.12,55
4/27/2013 15:09:33,4/27/2013,15:09:33,1.76,6.90,91.09,963.13,64
4/27/2013 15:09:48,4/27/2013,15:09:48,1.77,6.82,90.30,963.13,89
4/27/2013 15:10:03,4/27/2013,15:10:03,2.74,6.82,90.00,963.12,7
4/27/2013 15:10:18,4/27/2013,15:10:18,2.63,6.82,89.50,963.12,92
4/27/2013 15:10:33,4/27/2013,15:10:33,2.77,6.80,89.00,963.12,53
4/27/2013 15:10:48,4/27/2013,15:10:48,3.99,6.87,88.50,963.12,77
4/27/2013 15:11:03,4/27/2013,15:11:03,3.27,6.90,88.80,963.10,58
4/27/2013 15:11:18,4/27/2013,15:11:18,2.63,7.00,88.90,963.13,59
4/27/2013 15:11:33,4/27/2013,15:11:33,4.08,6.82,87.40,963.13,37
4/27/2013 15:11:48,4/27/2013,15:11:48,3.11,6.90,89.09,963.12,81
4/27/2013 15:12:03,4/27/2013,15:12:03,2.91,6.90,88.40,963.09,51
4/27/2013 15:12:18,4/27/2013,15:12:18,1.81,7.07,89.80,963.12,80
4/27/2013 15:12:33,4/27/2013,15:12:33,1.11,7.15,90.69,963.13,12
4/27/2013 15:12:48,4/27/2013,15:12:48,0.70,7.22,91.09,963.15,40
4/27/2013 15:13:03,4/27/2013,15:13:03,1.66,7.15,90.80,963.13,77
4/27/2013 15:13:18,4/27/2013,15:13:18,1.49,7.15,90.50,963.13,29
4/27/2013 15:13:33,4/27/2013,15:13:33,1.95,7.09,90.00,963.10,32
4/27/2013 15:13:48,4/27/2013,15:13:48,2.11,7.09,90.00,963.07,76
4/27/2013 15:14:03,4/27/2013,15:14:03,2.65,7.00,89.40,963.07,54
4/27/2013 15:14:18,4/27/2013,15:14:18,1.94,7.00,89.69,963.08,56
4/27/2013 15:14:33,4/27/2013,15:14:33,2.63,6.82,88.40,963.05,50
4/27/2013 15:14:48,4/27/2013,15:14:48,2.86,6.82,88.30,963.05,59
4/27/2013 15:15:03,4/27/2013,15:15:03,2.80,6.82,88.59,963.03,55
4/27/2013 15:15:18,4/27/2013,15:15:18,1.63,6.90,89.30,963.07,37
4/27/2013 15:15:33,4/27/2013,15:15:33,1.23,6.90,90.50,963.09,62
4/27/2013 15:15:48,4/27/2013,15:15:48,1.16,6.90,90.00,963.09,57
4/27/2013 15:16:03,4/27/2013,15:16:03,2.22,6.87,90.09,963.07,17
4/27/2013 15:16:18,4/27/2013,15:16:18,1.02,7.00,90.80,963.09,58
4/27/2013 15:16:33,4/27/2013,15:16:33,0.43,7.00,91.30,963.13,3
4/27/2013 15:16:48,4/27/2013,15:16:48,0.81,7.00,91.19,963.09,56
4/27/2013 15:17:03,4/27/2013,15:17:03,2.01,6.87,90.59,963.08,24
4/27/2013 15:17:18,4/27/2013,15:17:18,2.04,6.82,89.90,963.09,22
4/27/2013 15:17:33,4/27/2013,15:17:33,1.34,6.90,90.40,963.10,66
4/27/2013 15:17:48,4/27/2013,15:17:48,2.59,6.75,89.19,963.09,20
4/27/2013 15:18:03,4/27/2013,15:18:03,2.12,6.75,89.00,963.09,69
4/27/2013 15:18:18,4/27/2013,15:18:18,1.66,6.80,89.90,963.12,70
4/27/2013 15:18:33,4/27/2013,15:18:33,4.76,6.59,87.00,963.06,39
4/27/2013 15:18:48,4/27/2013,15:18:48,3.63,6.59,87.59,963.05,39
4/27/2013 15:19:03,4/27/2013,15:19:03,2.42,6.67,88.80,963.07,64
4/27/2013 15:19:18,4/27/2013,15:19:18,1.68,6.69,89.90,963.08,20
4/27/2013 15:19:33,4/27/2013,15:19:33,2.06,6.69,89.69,963.06,60
4/27/2013 15:19:48,4/27/2013,15:19:48,2.19,6.69,89.50,963.05,46
4/27/2013 15:20:03,4/27/2013,15:20:03,1.52,6.75,89.80,963.06,105
4/27/2013 15:20:18,4/27/2013,15:20:18,2.13,6.75,89.80,963.03,23
4/27/2013 15:20:33,4/27/2013,15:20:33,2.18,6.75,88.90,963.01,20
4/27/2013 15:20:48,4/27/2013,15:20:48,1.52,6.90,89.59,963.02,28
4/27/2013 15:21:03,4/27/2013,15:21:03,1.33,7.00,89.80,963.01,31
4/27/2013 15:21:18,4/27/2013,15:21:18,1.99,6.94,88.90,962.98,47
4/27/2013 15:21:33,4/27/2013,15:21:33,1.52,7.09,89.40,962.97,17
4/27/2013 15:21:48,4/27/2013,15:21:48,1.80,7.22,89.40,962.94,28
4/27/2013 15:22:03,4/27/2013,15:22:03,2.26,7.30,88.90,962.92,54
4/27/2013 15:22:18,4/27/2013,15:22:18,1.26,7.55,89.90,962.92,47
4/27/2013 15:22:33,4/27/2013,15:22:33,2.54,7.57,88.00,962.87,41
4/27/2013 15:22:48,4/27/2013,15:22:48,1.99,7.77,89.40,962.89,3
4/27/2013 15:23:03,4/27/2013,15:23:03,2.20,7.82,87.80,962.84,18
4/27/2013 15:23:18,4/27/2013,15:23:18,3.02,7.82,87.40,962.82,24
4/27/2013 15:23:33,4/27/2013,15:23:33,2.27,8.02,87.80,962.80,49
4/27/2013 15:23:48,4/27/2013,15:23:48,1.55,8.25,89.40,962.77,47
4/27/2013 15:24:03,4/27/2013,15:24:03,2.02,8.32,88.40,962.76,42
4/27/2013 15:24:18,4/27/2013,15:24:18,3.45,8.12,85.59,962.74,44
4/27/2013 15:24:33,4/27/2013,15:24:33,2.74,8.30,86.19,962.71,43
4/27/2013 15:24:48,4/27/2013,15:24:48,2.69,8.50,87.00,962.70,37
4/27/2013 15:25:03,4/27/2013,15:25:03,1.52,8.72,88.50,962.69,28
4/27/2013 15:25:18,4/27/2013,15:25:18,1.95,8.87,88.09,962.67,6
4/27/2013 15:25:33,4/27/2013,15:25:33,2.09,8.97,87.90,962.63,0
4/27/2013 15:25:48,4/27/2013,15:25:48,2.27,9.12,87.40,962.61,27
4/27/2013 15:26:03,4/27/2013,15:26:03,1.59,9.35,88.30,962.60,344
4/27/2013 15:26:18,4/27/2013,15:26:18,0.95,9.67,89.19,962.57,342
4/27/2013 15:26:33,4/27/2013,15:26:33,1.43,9.67,88.80,962.56,21
4/27/2013 15:26:48,4/27/2013,15:26:48,1.29,9.67,88.09,962.57,16
4/27/2013 15:27:03,4/27/2013,15:27:03,1.47,9.75,88.09,962.56,354
4/27/2013 15:27:18,4/27/2013,15:27:18,1.63,9.87,89.59,962.54,30
4/27/2013 15:27:33,4/27/2013,15:27:33,1.79,9.82,88.50,962.54,11
4/27/2013 15:27:48,4/27/2013,15:27:48,0.83,10.07,90.09,962.54,343
4/27/2013 15:28:03,4/27/2013,15:28:03,1.15,10.07,89.30,962.50,348
4/27/2013 15:28:18,4/27/2013,15:28:18,1.90,10.00,88.40,962.49,340
4/27/2013 15:28:33,4/27/2013,15:28:33,2.86,9.92,85.19,962.49,34
4/27/2013 15:28:48,4/27/2013,15:28:48,1.87,10.00,85.80,962.52,343
4/27/2013 15:29:03,4/27/2013,15:29:03,2.84,9.72,75.50,962.50,12
4/27/2013 15:29:18,4/27/2013,15:29:18,1.63,10.19,77.09,962.50,48
4/27/2013 15:29:33,4/27/2013,15:29:33,1.68,10.30,76.80,962.47,84
4/27/2013 15:29:48,4/27/2013,15:29:48,1.49,10.55,81.69,962.46,27
4/27/2013 15:30:03,4/27/2013,15:30:03,1.95,10.50,79.40,962.47,28
4/27/2013 15:30:18,4/27/2013,15:30:18,2.20,10.19,76.69,962.48,44
4/27/2013 15:30:33,4/27/2013,15:30:33,2.11,10.42,77.80,962.47,8
4/27/2013 15:30:48,4/27/2013,15:30:48,1.33,10.67,80.50,962.47,4
4/27/2013 15:31:03,4/27/2013,15:31:03,1.81,10.57,78.30,962.47,350
4/27/2013 15:31:18,4/27/2013,15:31:18,2.41,10.47,74.19,962.47,348
4/27/2013 15:31:33,4/27/2013,15:31:33,3.06,10.35,69.69,962.45,333
4/27/2013 15:31:48,4/27/2013,15:31:48,2.88,10.30,68.40,962.48,320
4/27/2013 15:32:03,4/27/2013,15:32:03,2.31,10.62,70.00,962.52,346
4/27/2013 15:32:18,4/27/2013,15:32:18,2.36,10.57,68.90,962.53,41
4/27/2013 15:32:33,4/27/2013,15:32:33,2.67,10.62,66.90,962.53,43
4/27/2013 15:32:48,4/27/2013,15:32:48,2.06,10.69,65.19,962.53,73
4/27/2013 15:33:03,4/27/2013,15:33:03,1.79,10.87,64.40,962.53,37
4/27/2013 15:33:18,4/27/2013,15:33:18,1.09,11.32,69.30,962.54,4
4/27/2013 15:33:33,4/27/2013,15:33:33,1.02,11.50,67.50,962.54,15
4/27/2013 15:33:48,4/27/2013,15:33:48,2.05,11.17,66.09,962.53,37
4/27/2013 15:34:03,4/27/2013,15:34:03,2.61,11.10,63.29,962.54,102
4/27/2013 15:34:18,4/27/2013,15:34:18,2.81,10.97,62.70,962.50,51
4/27/2013 15:34:33,4/27/2013,15:34:33,3.51,10.97,63.79,962.52,36
4/27/2013 15:34:48,4/27/2013,15:34:48,4.38,10.67,61.50,962.53,26
4/27/2013 15:35:03,4/27/2013,15:35:03,3.80,10.77,62.29,962.50,32
4/27/2013 15:35:18,4/27/2013,15:35:18,3.45,10.77,62.50,962.53,34
4/27/2013 15:35:33,4/27/2013,15:35:33,3.92,10.69,62.79,962.53,7
4/27/2013 15:35:48,4/27/2013,15:35:48,3.44,10.87,63.90,962.56,33
4/27/2013 15:36:03,4/27/2013,15:36:03,2.61,11.17,64.69,962.55,12
4/27/2013 15:36:18,4/27/2013,15:36:18,2.55,11.17,63.50,962.55,18
4/27/2013 15:36:33,4/27/2013,15:36:33,2.58,11.25,63.79,962.53,5
4/27/2013 15:36:48,4/27/2013,15:36:48,1.81,11.57,64.69,962.52,351
4/27/2013 15:37:03,4/27/2013,15:37:03,3.19,11.42,63.79,962.55,340
4/27/2013 15:37:18,4/27/2013,15:37:18,4.42,11.14,63.29,962.56,7
4/27/2013 15:37:33,4/27/2013,15:37:33,3.62,11.10,62.00,962.57,2
4/27/2013 15:37:48,4/27/2013,15:37:48,3.26,11.10,60.59,962.55,334
4/27/2013 15:38:03,4/27/2013,15:38:03,4.30,11.02,61.90,962.53,0
4/27/2013 15:38:18,4/27/2013,15:38:18,4.12,10.97,61.79,962.55,19
4/27/2013 15:38:33,4/27/2013,15:38:33,3.33,11.22,63.29,962.55,11
4/27/2013 15:38:48,4/27/2013,15:38:48,2.13,11.52,62.29,962.55,64
4/27/2013 15:39:03,4/27/2013,15:39:03,1.81,11.89,64.30,962.56,113
4/27/2013 15:39:18,4/27/2013,15:39:18,2.55,11.62,62.20,962.53,33
4/27/2013 15:39:33,4/27/2013,15:39:33,2.11,11.89,64.30,962.54,331
4/27/2013 15:39:48,4/27/2013,15:39:48,3.16,11.64,62.70,962.54,22
4/27/2013 15:40:03,4/27/2013,15:40:03,2.80,11.72,60.70,962.54,9
4/27/2013 15:40:18,4/27/2013,15:40:18,2.44,11.92,62.79,962.54,47
4/27/2013 15:40:33,4/27/2013,15:40:33,3.02,11.62,61.09,962.53,30
4/27/2013 15:40:48,4/27/2013,15:40:48,3.33,11.57,61.29,962.53,13
4/27/2013 15:41:03,4/27/2013,15:41:03,2.02,12.05,62.29,962.52,48
4/27/2013 15:41:18,4/27/2013,15:41:18,2.08,12.00,61.00,962.49,30
4/27/2013 15:41:33,4/27/2013,15:41:33,2.15,12.00,60.79,962.47,29
4/27/2013 15:41:48,4/27/2013,15:41:48,1.43,12.60,64.19,962.47,356
4/27/2013 15:42:03,4/27/2013,15:42:03,1.61,12.67,64.19,962.47,359
4/27/2013 15:42:18,4/27/2013,15:42:18,1.38,12.60,61.20,962.49,318
4/27/2013 15:42:33,4/27/2013,15:42:33,1.98,12.44,60.90,962.49,8
4/27/2013 15:42:48,4/27/2013,15:42:48,3.02,12.19,62.79,962.50,6
4/27/2013 15:43:03,4/27/2013,15:43:03,3.04,12.27,63.59,962.52,304
4/27/2013 15:43:18,4/27/2013,15:43:18,5.63,11.57,63.79,962.48,359
4/27/2013 15:43:33,4/27/2013,15:43:33,4.13,11.80,65.30,962.53,5
4/27/2013 15:43:48,4/27/2013,15:43:48,3.81,11.80,64.30,962.57,10
4/27/2013 15:44:03,4/27/2013,15:44:03,4.23,11.42,62.70,962.60,1
4/27/2013 15:44:18,4/27/2013,15:44:18,3.98,11.52,63.29,962.60,333
4/27/2013 15:44:33,4/27/2013,15:44:33,5.63,11.10,63.20,962.60,1
4/27/2013 15:44:48,4/27/2013,15:44:48,4.60,11.17,63.70,962.59,350
4/27/2013 15:45:03,4/27/2013,15:45:03,3.17,11.50,64.80,962.62,9
4/27/2013 15:45:18,4/27/2013,15:45:18,3.63,11.17,63.20,962.61,328
4/27/2013 15:45:33,4/27/2013,15:45:33,5.17,10.82,63.20,962.56,0
4/27/2013 15:45:48,4/27/2013,15:45:48,4.62,10.87,63.90,962.57,327
4/27/2013 15:46:03,4/27/2013,15:46:03,4.81,10.77,63.90,962.57,344
4/27/2013 15:46:18,4/27/2013,15:46:18,4.84,10.69,63.40,962.59,0
4/27/2013 15:46:33,4/27/2013,15:46:33,3.66,10.94,65.09,962.60,322
4/27/2013 15:46:48,4/27/2013,15:46:48,3.12,10.87,63.90,962.60,343
4/27/2013 15:47:03,4/27/2013,15:47:03,3.08,10.69,63.20,962.62,12
4/27/2013 15:47:18,4/27/2013,15:47:18,4.59,10.39,63.90,962.59,343
4/27/2013 15:47:33,4/27/2013,15:47:33,2.99,10.50,64.69,962.60,331
4/27/2013 15:47:48,4/27/2013,15:47:48,3.06,10.39,64.69,962.60,321
4/27/2013 15:48:03,4/27/2013,15:48:03,3.34,10.30,67.30,962.62,323
4/27/2013 15:48:18,4/27/2013,15:48:18,4.30,10.00,65.50,962.64,8
4/27/2013 15:48:33,4/27/2013,15:48:33,4.13,9.82,65.00,962.65,351
4/27/2013 15:48:48,4/27/2013,15:48:48,4.37,9.60,64.00,962.67,328
4/27/2013 15:49:03,4/27/2013,15:49:03,3.94,9.52,64.00,962.67,7
4/27/2013 15:49:18,4/27/2013,15:49:18,4.41,9.32,63.79,962.67,25
4/27/2013 15:49:33,4/27/2013,15:49:33,2.79,9.60,66.50,962.65,14
4/27/2013 15:49:48,4/27/2013,15:49:48,2.81,9.44,64.80,962.68,345
4/27/2013 15:50:03,4/27/2013,15:50:03,3.31,9.27,64.69,962.67,340
4/27/2013 15:50:18,4/27/2013,15:50:18,2.87,9.19,65.19,962.69,25
4/27/2013 15:50:33,4/27/2013,15:50:33,2.54,9.19,65.00,962.67,8
4/27/2013 15:50:48,4/27/2013,15:50:48,2.29,9.27,66.09,962.65,343
4/27/2013 15:51:03,4/27/2013,15:51:03,1.76,9.32,67.09,962.64,309
4/27/2013 15:51:18,4/27/2013,15:51:18,1.36,9.35,67.69,962.63,331
4/27/2013 15:51:33,4/27/2013,15:51:33,2.36,9.19,67.30,962.61,333
4/27/2013 15:51:48,4/27/2013,15:51:48,1.38,9.44,68.19,962.62,3
4/27/2013 15:52:03,4/27/2013,15:52:03,1.90,9.27,67.50,962.62,6
4/27/2013 15:52:18,4/27/2013,15:52:18,2.56,9.05,66.00,962.62,331
4/27/2013 15:52:33,4/27/2013,15:52:33,2.23,9.07,67.00,962.60,340
4/27/2013 15:52:48,4/27/2013,15:52:48,2.67,8.97,67.30,962.60,317
4/27/2013 15:53:03,4/27/2013,15:53:03,1.49,9.12,67.50,962.61,317
4/27/2013 15:53:18,4/27/2013,15:53:18,1.26,9.12,67.59,962.63,333
4/27/2013 15:53:33,4/27/2013,15:53:33,2.55,8.80,66.09,962.60,50
4/27/2013 15:53:48,4/27/2013,15:53:48,1.55,9.05,69.19,962.59,331
4/27/2013 15:54:03,4/27/2013,15:54:03,2.97,8.80,66.40,962.56,355
4/27/2013 15:54:18,4/27/2013,15:54:18,0.97,9.12,66.30,962.56,1
4/27/2013 15:54:33,4/27/2013,15:54:33,1.49,9.12,65.80,962.53,24
4/27/2013 15:54:48,4/27/2013,15:54:48,1.36,9.19,67.19,962.52,341
4/27/2013 15:55:03,4/27/2013,15:55:03,2.26,9.07,66.90,962.52,355
4/27/2013 15:55:18,4/27/2013,15:55:18,2.27,9.27,67.59,962.52,35
4/27/2013 15:55:33,4/27/2013,15:55:33,1.97,9.27,67.09,962.49,355
4/27/2013 15:55:48,4/27/2013,15:55:48,1.94,9.44,66.40,962.47,13
4/27/2013 15:56:03,4/27/2013,15:56:03,1.52,9.75,68.00,962.45,17
4/27/2013 15:56:18,4/27/2013,15:56:18,1.47,9.87,67.00,962.42,0
4/27/2013 15:56:33,4/27/2013,15:56:33,1.01,10.22,68.19,962.41,312
4/27/2013 15:56:48,4/27/2013,15:56:48,1.43,10.30,66.50,962.39,323
4/27/2013 15:57:03,4/27/2013,15:57:03,2.54,10.00,63.50,962.37,327
4/27/2013 15:57:18,4/27/2013,15:57:18,1.43,10.50,65.00,962.37,337
4/27/2013 15:57:33,4/27/2013,15:57:33,1.77,10.42,63.59,962.34,336
4/27/2013 15:57:48,4/27/2013,15:57:48,1.76,10.47,62.00,962.32,340
4/27/2013 15:58:03,4/27/2013,15:58:03,0.91,10.82,63.00,962.33,330
4/27/2013 15:58:18,4/27/2013,15:58:18,1.98,10.69,63.00,962.31,308
4/27/2013 15:58:33,4/27/2013,15:58:33,2.52,10.69,62.59,962.26,318
4/27/2013 15:58:48,4/27/2013,15:58:48,2.30,10.82,62.20,962.24,8
4/27/2013 15:59:03,4/27/2013,15:59:03,1.45,11.10,62.70,962.26,47
4/27/2013 15:59:18,4/27/2013,15:59:18,1.55,11.17,63.29,962.24,7
4/27/2013 15:59:33,4/27/2013,15:59:33,1.91,11.14,60.50,962.23,1
4/27/2013 15:59:48,4/27/2013,15:59:48,1.29,11.44,61.29,962.23,324
4/27/2013 16:00:03,4/27/2013,16:00:03,1.15,11.62,62.50,962.22,305
4/27/2013 16:00:18,4/27/2013,16:00:18,2.18,11.25,61.29,962.23,339
4/27/2013 16:00:33,4/27/2013,16:00:33,1.66,11.64,63.70,962.21,327
4/27/2013 16:00:48,4/27/2013,16:00:48,1.27,12.00,63.40,962.23,53
4/27/2013 16:01:03,4/27/2013,16:01:03,1.66,11.72,59.90,962.21,3
4/27/2013 16:01:18,4/27/2013,16:01:18,2.05,11.64,58.40,962.17,0
4/27/2013 16:01:33,4/27/2013,16:01:33,1.27,12.05,59.70,962.15,354
4/27/2013 16:01:48,4/27/2013,16:01:48,0.56,12.32,59.90,962.18,326
4/27/2013 16:02:03,4/27/2013,16:02:03,1.34,12.17,59.09,962.16,356
4/27/2013 16:02:18,4/27/2013,16:02:18,1.80,12.05,57.90,962.14,326
4/27/2013 16:02:33,4/27/2013,16:02:33,1.73,11.89,56.00,962.12,300
4/27/2013 16:02:48,4/27/2013,16:02:48,2.24,11.80,56.50,962.10,334
4/27/2013 16:03:03,4/27/2013,16:03:03,2.91,11.64,56.90,962.12,1
4/27/2013 16:03:18,4/27/2013,16:03:18,1.45,11.97,54.20,962.11,15
4/27/2013 16:03:33,4/27/2013,16:03:33,0.13,12.60,55.09,962.12,36
4/27/2013 16:03:48,4/27/2013,16:03:48,0.36,12.52,54.29,962.09,345
4/27/2013 16:04:03,4/27/2013,16:04:03,1.24,12.39,56.00,962.06,0
4/27/2013 16:04:18,4/27/2013,16:04:18,2.52,11.89,54.50,962.06,11
4/27/2013 16:04:33,4/27/2013,16:04:33,2.15,12.05,56.09,962.07,348
4/27/2013 16:04:48,4/27/2013,16:04:48,0.86,12.67,57.29,962.09,13
4/27/2013 16:05:03,4/27/2013,16:05:03,1.23,12.44,54.50,962.08,341
4/27/2013 16:05:18,4/27/2013,16:05:18,1.52,12.52,56.50,962.07,11
4/27/2013 16:05:33,4/27/2013,16:05:33,0.45,12.92,56.09,962.07,74
4/27/2013 16:05:48,4/27/2013,16:05:48,2.49,12.32,54.29,962.02,39
4/27/2013 16:06:03,4/27/2013,16:06:03,2.20,12.25,54.00,962.01,355
4/27/2013 16:06:18,4/27/2013,16:06:18,2.13,12.19,54.70,961.99,350
4/27/2013 16:06:33,4/27/2013,16:06:33,2.45,12.12,54.59,961.97,311
4/27/2013 16:06:48,4/27/2013,16:06:48,3.73,11.80,52.59,961.95,15
4/27/2013 16:07:03,4/27/2013,16:07:03,2.70,12.05,53.00,961.95,329
4/27/2013 16:07:18,4/27/2013,16:07:18,3.11,11.89,52.70,961.94,320
4/27/2013 16:07:33,4/27/2013,16:07:33,3.06,12.10,55.90,961.92,327
4/27/2013 16:07:48,4/27/2013,16:07:48,4.24,11.80,54.50,961.91,330
4/27/2013 16:08:03,4/27/2013,16:08:03,3.87,11.85,54.20,961.89,328
4/27/2013 16:08:18,4/27/2013,16:08:18,2.37,12.27,55.29,961.91,289
4/27/2013 16:08:33,4/27/2013,16:08:33,2.65,12.37,57.09,961.91,8
4/27/2013 16:08:48,4/27/2013,16:08:48,3.30,12.12,55.20,961.89,63
4/27/2013 16:09:03,4/27/2013,16:09:03,2.56,12.27,55.09,961.89,27
4/27/2013 16:09:18,4/27/2013,16:09:18,1.69,12.60,56.79,961.89,354
4/27/2013 16:09:33,4/27/2013,16:09:33,1.91,12.52,55.09,961.89,5
4/27/2013 16:09:48,4/27/2013,16:09:48,1.69,12.75,57.50,961.88,52
4/27/2013 16:10:03,4/27/2013,16:10:03,2.33,12.85,56.90,961.88,99
4/27/2013 16:10:18,4/27/2013,16:10:18,2.49,12.52,54.59,961.88,25
4/27/2013 16:10:33,4/27/2013,16:10:33,2.94,12.44,54.50,961.85,16
4/27/2013 16:10:48,4/27/2013,16:10:48,2.84,12.55,54.09,961.83,38
4/27/2013 16:11:03,4/27/2013,16:11:03,2.54,12.60,55.29,961.84,8
4/27/2013 16:11:18,4/27/2013,16:11:18,2.05,12.75,56.59,961.84,31
4/27/2013 16:11:33,4/27/2013,16:11:33,1.61,13.07,56.20,961.80,78
4/27/2013 16:11:48,4/27/2013,16:11:48,1.48,13.22,56.40,961.81,53
4/27/2013 16:12:03,4/27/2013,16:12:03,1.34,13.39,54.00,961.81,52
4/27/2013 16:12:18,4/27/2013,16:12:18,1.40,13.39,53.09,961.77,29
4/27/2013 16:12:33,4/27/2013,16:12:33,3.11,12.75,52.59,961.76,22
4/27/2013 16:12:48,4/27/2013,16:12:48,2.29,13.07,53.20,961.78,44
4/27/2013 16:13:03,4/27/2013,16:13:03,2.16,13.22,53.50,961.74,66
4/27/2013 16:13:18,4/27/2013,16:13:18,3.29,12.85,53.50,961.70,42
4/27/2013 16:13:33,4/27/2013,16:13:33,3.36,12.72,51.59,961.70,63
4/27/2013 16:13:48,4/27/2013,16:13:48,2.99,12.75,52.00,961.71,56
4/27/2013 16:14:03,4/27/2013,16:14:03,2.54,12.94,52.70,961.70,11
4/27/2013 16:14:18,4/27/2013,16:14:18,3.88,12.60,53.00,961.69,41
4/27/2013 16:14:33,4/27/2013,16:14:33,3.81,12.60,53.09,961.70,62
4/27/2013 16:14:48,4/27/2013,16:14:48,4.66,12.39,54.09,961.72,0
4/27/2013 16:15:03,4/27/2013,16:15:03,2.92,12.72,54.29,961.73,16
4/27/2013 16:15:18,4/27/2013,16:15:18,2.34,12.94,54.29,961.72,23
4/27/2013 16:15:33,4/27/2013,16:15:33,4.16,12.60,53.79,961.72,352
4/27/2013 16:15:48,4/27/2013,16:15:48,2.27,13.14,56.40,961.74,72
4/27/2013 16:16:03,4/27/2013,16:16:03,1.58,13.39,54.09,961.73,17
4/27/2013 16:16:18,4/27/2013,16:16:18,2.26,13.14,51.50,961.73,1
4/27/2013 16:16:33,4/27/2013,16:16:33,1.84,13.39,54.40,961.74,40
4/27/2013 16:16:48,4/27/2013,16:16:48,2.44,13.22,53.79,961.70,16
4/27/2013 16:17:03,4/27/2013,16:17:03,2.69,13.42,56.20,961.72,31
4/27/2013 16:17:18,4/27/2013,16:17:18,3.44,13.00,52.50,961.72,36
4/27/2013 16:17:33,4/27/2013,16:17:33,3.24,12.92,51.79,961.73,18
4/27/2013 16:17:48,4/27/2013,16:17:48,2.05,13.47,55.40,961.74,8
4/27/2013 16:18:03,4/27/2013,16:18:03,3.49,13.07,53.09,961.77,41
4/27/2013 16:18:18,4/27/2013,16:18:18,3.84,13.07,54.00,961.74,49
4/27/2013 16:18:33,4/27/2013,16:18:33,3.33,13.14,51.90,961.76,0
4/27/2013 16:18:48,4/27/2013,16:18:48,2.58,13.42,52.50,961.76,348
4/27/2013 16:19:03,4/27/2013,16:19:03,2.51,13.30,52.20,961.77,20
4/27/2013 16:19:18,4/27/2013,16:19:18,1.29,13.94,53.20,961.79,26
4/27/2013 16:19:33,4/27/2013,16:19:33,2.48,13.60,52.50,961.78,30
4/27/2013 16:19:48,4/27/2013,16:19:48,1.81,13.94,53.79,961.74,42
4/27/2013 16:20:03,4/27/2013,16:20:03,3.34,13.55,52.20,961.73,6
4/27/2013 16:20:18,4/27/2013,16:20:18,3.26,13.55,50.90,961.72,31
4/27/2013 16:20:33,4/27/2013,16:20:33,2.76,13.50,48.70,961.71,8
4/27/2013 16:20:48,4/27/2013,16:20:48,2.37,13.75,49.20,961.71,75
4/27/2013 16:21:03,4/27/2013,16:21:03,1.99,13.87,49.29,961.70,9
4/27/2013 16:21:18,4/27/2013,16:21:18,2.80,13.39,47.09,961.70,42
4/27/2013 16:21:33,4/27/2013,16:21:33,1.70,13.77,48.09,961.71,41
4/27/2013 16:21:48,4/27/2013,16:21:48,2.24,13.62,48.00,961.71,40
4/27/2013 16:22:03,4/27/2013,16:22:03,1.66,13.87,47.90,961.70,43
4/27/2013 16:22:18,4/27/2013,16:22:18,1.59,14.10,49.29,961.70,16
4/27/2013 16:22:33,4/27/2013,16:22:33,3.12,13.75,49.70,961.69,90
4/27/2013 16:22:48,4/27/2013,16:22:48,3.80,13.50,51.09,961.66,58
4/27/2013 16:23:03,4/27/2013,16:23:03,3.62,13.30,50.09,961.70,30
4/27/2013 16:23:18,4/27/2013,16:23:18,3.66,13.22,49.50,961.70,21
4/27/2013 16:23:33,4/27/2013,16:23:33,3.94,13.02,49.00,961.71,37
4/27/2013 16:23:48,4/27/2013,16:23:48,3.06,13.22,49.29,961.71,62
4/27/2013 16:24:03,4/27/2013,16:24:03,1.51,13.89,51.20,961.72,350
4/27/2013 16:24:18,4/27/2013,16:24:18,3.55,13.39,49.90,961.72,354
4/27/2013 16:24:33,4/27/2013,16:24:33,3.58,13.30,50.09,961.74,341
4/27/2013 16:24:48,4/27/2013,16:24:48,2.84,13.39,49.40,961.77,348
4/27/2013 16:25:03,4/27/2013,16:25:03,2.13,13.75,50.90,961.77,40
4/27/2013 16:25:18,4/27/2013,16:25:18,3.73,13.22,50.00,961.77,11
4/27/2013 16:25:33,4/27/2013,16:25:33,2.40,13.69,51.70,961.77,356
4/27/2013 16:25:48,4/27/2013,16:25:48,3.54,13.30,49.59,961.73,352
4/27/2013 16:26:03,4/27/2013,16:26:03,3.30,13.35,50.40,961.76,5
4/27/2013 16:26:18,4/27/2013,16:26:18,3.80,13.30,51.00,961.77,15
4/27/2013 16:26:33,4/27/2013,16:26:33,3.41,13.47,53.09,961.76,36
4/27/2013 16:26:48,4/27/2013,16:26:48,2.92,13.50,53.20,961.78,72
4/27/2013 16:27:03,4/27/2013,16:27:03,4.33,13.07,50.79,961.78,38
4/27/2013 16:27:18,4/27/2013,16:27:18,3.01,13.39,50.40,961.77,49
4/27/2013 16:27:33,4/27/2013,16:27:33,2.01,13.82,53.09,961.79,52
4/27/2013 16:27:48,4/27/2013,16:27:48,2.59,13.62,51.70,961.80,27
4/27/2013 16:28:03,4/27/2013,16:28:03,2.54,13.67,50.59,961.77,78
4/27/2013 16:28:18,4/27/2013,16:28:18,2.87,13.67,51.20,961.77,37
4/27/2013 16:28:33,4/27/2013,16:28:33,2.79,13.55,49.00,961.76,44
4/27/2013 16:28:48,4/27/2013,16:28:48,2.76,13.67,50.00,961.77,61
4/27/2013 16:29:03,4/27/2013,16:29:03,3.36,13.67,51.40,961.74,29
4/27/2013 16:29:18,4/27/2013,16:29:18,1.87,14.14,52.90,961.74,76
4/27/2013 16:29:33,4/27/2013,16:29:33,2.40,13.87,50.79,961.73,89
4/27/2013 16:29:48,4/27/2013,16:29:48,3.33,13.55,49.20,961.72,73
4/27/2013 16:30:03,4/27/2013,16:30:03,2.36,13.87,49.50,961.72,49
4/27/2013 16:30:18,4/27/2013,16:30:18,3.23,13.62,49.00,961.74,21
4/27/2013 16:30:33,4/27/2013,16:30:33,2.47,13.75,49.09,961.77,31
4/27/2013 16:30:48,4/27/2013,16:30:48,1.70,14.05,48.70,961.77,7
4/27/2013 16:31:03,4/27/2013,16:31:03,2.18,14.17,51.20,961.76,72
4/27/2013 16:31:18,4/27/2013,16:31:18,2.01,14.35,49.90,961.74,36
4/27/2013 16:31:33,4/27/2013,16:31:33,1.88,14.35,49.59,961.76,26
4/27/2013 16:31:48,4/27/2013,16:31:48,2.47,14.25,48.50,961.73,27
4/27/2013 16:32:03,4/27/2013,16:32:03,3.29,13.94,48.20,961.77,358
4/27/2013 16:32:18,4/27/2013,16:32:18,2.94,14.05,48.29,961.78,357
4/27/2013 16:32:33,4/27/2013,16:32:33,2.31,14.25,47.90,961.78,352
4/27/2013 16:32:48,4/27/2013,16:32:48,2.81,14.17,50.00,961.78,17
4/27/2013 16:33:03,4/27/2013,16:33:03,1.68,14.62,49.79,961.78,331
4/27/2013 16:33:18,4/27/2013,16:33:18,1.91,14.50,48.20,961.78,22
4/27/2013 16:33:33,4/27/2013,16:33:33,3.27,14.22,49.29,961.76,356
4/27/2013 16:33:48,4/27/2013,16:33:48,1.80,14.64,49.40,961.78,13
4/27/2013 16:34:03,4/27/2013,16:34:03,2.66,14.50,49.40,961.76,0
4/27/2013 16:34:18,4/27/2013,16:34:18,3.41,14.05,47.59,961.76,350
4/27/2013 16:34:33,4/27/2013,16:34:33,2.30,14.37,48.00,961.74,323
4/27/2013 16:34:48,4/27/2013,16:34:48,3.51,13.94,47.90,961.71,30
4/27/2013 16:35:03,4/27/2013,16:35:03,2.56,14.42,50.09,961.71,55
4/27/2013 16:35:18,4/27/2013,16:35:18,1.73,14.57,49.50,961.74,53
4/27/2013 16:35:33,4/27/2013,16:35:33,1.79,14.62,50.40,961.73,20
4/27/2013 16:35:48,4/27/2013,16:35:48,1.59,14.64,49.79,961.73,27
4/27/2013 16:36:03,4/27/2013,16:36:03,1.98,14.57,50.40,961.73,42
4/27/2013 16:36:18,4/27/2013,16:36:18,2.87,14.42,51.29,961.70,82
4/27/2013 16:36:33,4/27/2013,16:36:33,3.84,14.02,49.09,961.69,45
4/27/2013 16:36:48,4/27/2013,16:36:48,2.29,14.52,51.20,961.68,110
4/27/2013 16:37:03,4/27/2013,16:37:03,1.68,14.80,48.40,961.66,91
4/27/2013 16:37:18,4/27/2013,16:37:18,3.11,14.35,48.20,961.62,101
4/27/2013 16:37:33,4/27/2013,16:37:33,4.91,13.89,49.70,961.61,57
4/27/2013 16:37:48,4/27/2013,16:37:48,3.80,13.82,48.40,961.71,48
4/27/2013 16:38:03,4/27/2013,16:38:03,2.63,14.10,49.09,961.74,75
4/27/2013 16:38:18,4/27/2013,16:38:18,3.23,13.77,48.29,961.76,53
4/27/2013 16:38:33,4/27/2013,16:38:33,3.88,13.50,47.79,961.79,67
4/27/2013 16:38:48,4/27/2013,16:38:48,3.63,13.39,48.00,961.80,57
4/27/2013 16:39:03,4/27/2013,16:39:03,3.58,13.30,49.09,961.84,51
4/27/2013 16:39:18,4/27/2013,16:39:18,2.38,13.42,49.09,961.87,34
4/27/2013 16:39:33,4/27/2013,16:39:33,2.37,13.39,49.29,961.88,23
4/27/2013 16:39:48,4/27/2013,16:39:48,1.66,13.39,49.79,961.93,20
4/27/2013 16:40:03,4/27/2013,16:40:03,1.51,13.42,50.90,961.95,58
4/27/2013 16:40:18,4/27/2013,16:40:18,1.73,13.35,51.50,961.97,44
4/27/2013 16:40:33,4/27/2013,16:40:33,1.88,13.19,51.90,961.97,52
4/27/2013 16:40:48,4/27/2013,16:40:48,1.37,13.30,53.00,962.00,62
4/27/2013 16:41:03,4/27/2013,16:41:03,1.44,13.22,53.29,962.01,98
4/27/2013 16:41:18,4/27/2013,16:41:18,2.92,12.67,52.20,962.02,77
4/27/2013 16:41:33,4/27/2013,16:41:33,2.86,12.60,53.29,962.07,54
4/27/2013 16:41:48,4/27/2013,16:41:48,2.18,12.72,54.59,962.11,0
4/27/2013 16:42:03,4/27/2013,16:42:03,3.04,12.44,54.09,962.12,43
4/27/2013 16:42:18,4/27/2013,16:42:18,4.73,12.05,54.50,962.17,48
4/27/2013 16:42:33,4/27/2013,16:42:33,3.13,12.12,55.09,962.26,110
4/27/2013 16:42:48,4/27/2013,16:42:48,5.40,11.62,53.50,962.27,55
4/27/2013 16:43:03,4/27/2013,16:43:03,3.91,11.69,55.09,962.32,22
4/27/2013 16:43:18,4/27/2013,16:43:18,4.56,11.42,55.70,962.34,31
4/27/2013 16:43:33,4/27/2013,16:43:33,7.90,10.69,57.70,962.35,47
4/27/2013 16:43:48,4/27/2013,16:43:48,6.27,10.62,59.79,962.42,72
4/27/2013 16:44:03,4/27/2013,16:44:03,5.01,10.55,61.09,962.55,81
4/27/2013 16:44:18,4/27/2013,16:44:18,3.84,10.42,61.50,962.63,108
4/27/2013 16:44:33,4/27/2013,16:44:33,4.52,10.22,62.00,962.74,43
4/27/2013 16:44:48,4/27/2013,16:44:48,3.66,10.27,63.09,962.76,59
4/27/2013 16:45:03,4/27/2013,16:45:03,4.08,10.00,64.69,962.76,99
4/27/2013 16:45:18,4/27/2013,16:45:18,6.12,9.47,65.19,962.78,97
4/27/2013 16:45:33,4/27/2013,16:45:33,6.80,8.97,65.80,962.79,58
4/27/2013 16:45:48,4/27/2013,16:45:48,6.58,8.32,70.00,962.79,86
4/27/2013 16:46:03,4/27/2013,16:46:03,5.47,8.25,72.09,962.83,102
4/27/2013 16:46:18,4/27/2013,16:46:18,8.05,7.75,72.90,962.84,92
4/27/2013 16:46:33,4/27/2013,16:46:33,7.37,7.55,74.40,962.90,63
4/27/2013 16:46:48,4/27/2013,16:46:48,4.06,7.50,77.59,962.93,86
4/27/2013 16:47:03,4/27/2013,16:47:03,4.85,7.27,77.59,962.92,90
4/27/2013 16:47:18,4/27/2013,16:47:18,3.63,7.17,78.50,962.92,48
4/27/2013 16:47:33,4/27/2013,16:47:33,3.33,7.07,78.40,962.89,48
4/27/2013 16:47:48,4/27/2013,16:47:48,1.04,7.09,80.19,962.89,111
4/27/2013 16:48:03,4/27/2013,16:48:03,2.19,7.02,80.19,962.89,98
4/27/2013 16:48:18,4/27/2013,16:48:18,2.62,6.90,79.90,962.84,62
4/27/2013 16:48:33,4/27/2013,16:48:33,2.11,6.90,81.90,962.80,117
4/27/2013 16:48:48,4/27/2013,16:48:48,2.23,6.82,82.09,962.80,87
4/27/2013 16:49:03,4/27/2013,16:49:03,2.55,6.82,82.30,962.79,66
4/27/2013 16:49:18,4/27/2013,16:49:18,1.61,6.82,83.30,962.80,90
4/27/2013 16:49:33,4/27/2013,16:49:33,2.29,6.69,82.50,962.76,93
4/27/2013 16:49:48,4/27/2013,16:49:48,1.04,6.69,83.00,962.79,104
4/27/2013 16:50:03,4/27/2013,16:50:03,2.27,6.62,82.90,962.76,106
4/27/2013 16:50:18,4/27/2013,16:50:18,2.44,6.59,83.30,962.74,131
4/27/2013 16:50:33,4/27/2013,16:50:33,1.66,6.55,83.00,962.74,96
4/27/2013 16:50:48,4/27/2013,16:50:48,2.11,6.47,82.90,962.74,84
4/27/2013 16:51:03,4/27/2013,16:51:03,1.99,6.52,83.50,962.75,92
4/27/2013 16:51:18,4/27/2013,16:51:18,1.47,6.47,83.90,962.76,75
4/27/2013 16:51:33,4/27/2013,16:51:33,2.29,6.42,83.40,962.77,85
4/27/2013 16:51:48,4/27/2013,16:51:48,1.90,6.40,83.59,962.78,79
4/27/2013 16:52:03,4/27/2013,16:52:03,1.36,6.40,84.40,962.78,95
4/27/2013 16:52:18,4/27/2013,16:52:18,1.47,6.42,84.59,962.78,99
4/27/2013 16:52:33,4/27/2013,16:52:33,2.20,6.40,83.69,962.77,83
4/27/2013 16:52:48,4/27/2013,16:52:48,1.70,6.42,84.09,962.80,59
4/27/2013 16:53:03,4/27/2013,16:53:03,2.19,6.40,84.09,962.82,69
4/27/2013 16:53:18,4/27/2013,16:53:18,2.33,6.42,83.59,962.82,74
4/27/2013 16:53:33,4/27/2013,16:53:33,2.51,6.34,82.90,962.80,57
4/27/2013 16:53:48,4/27/2013,16:53:48,1.69,6.40,83.80,962.82,80
4/27/2013 16:54:03,4/27/2013,16:54:03,1.02,6.40,85.19,962.84,79
4/27/2013 16:54:18,4/27/2013,16:54:18,1.59,6.42,85.00,962.83,82
4/27/2013 16:54:33,4/27/2013,16:54:33,1.18,6.42,85.40,962.83,89
4/27/2013 16:54:48,4/27/2013,16:54:48,0.19,6.52,86.90,962.86,69
4/27/2013 16:55:03,4/27/2013,16:55:03,0.00,6.52,87.30,962.87,74
4/27/2013 16:55:18,4/27/2013,16:55:18,1.02,6.47,85.80,962.85,80
4/27/2013 16:55:33,4/27/2013,16:55:33,1.63,6.42,83.40,962.83,89
4/27/2013 16:55:48,4/27/2013,16:55:48,1.91,6.40,81.90,962.80,118
4/27/2013 16:56:03,4/27/2013,16:56:03,1.79,6.42,82.30,962.80,151
4/27/2013 16:56:18,4/27/2013,16:56:18,1.63,6.40,82.30,962.79,83
4/27/2013 16:56:33,4/27/2013,16:56:33,2.79,6.34,80.80,962.78,89
4/27/2013 16:56:48,4/27/2013,16:56:48,2.33,6.34,81.19,962.78,92
4/27/2013 16:57:03,4/27/2013,16:57:03,2.69,6.34,80.69,962.77,70
4/27/2013 16:57:18,4/27/2013,16:57:18,1.43,6.42,82.90,962.77,95
4/27/2013 16:57:33,4/27/2013,16:57:33,1.62,6.47,82.50,962.77,74
4/27/2013 16:57:48,4/27/2013,16:57:48,2.51,6.55,80.69,962.75,74
4/27/2013 16:58:03,4/27/2013,16:58:03,1.77,6.67,81.69,962.75,77
4/27/2013 16:58:18,4/27/2013,16:58:18,2.02,6.75,80.80,962.72,50
4/27/2013 16:58:33,4/27/2013,16:58:33,2.56,6.82,79.59,962.70,36
4/27/2013 16:58:48,4/27/2013,16:58:48,2.34,7.07,79.50,962.68,78
4/27/2013 16:59:03,4/27/2013,16:59:03,1.11,7.34,82.90,962.67,78
4/27/2013 16:59:18,4/27/2013,16:59:18,1.90,7.47,81.90,962.62,75
4/27/2013 16:59:33,4/27/2013,16:59:33,1.04,7.65,80.69,962.62,155
4/27/2013 16:59:48,4/27/2013,16:59:48,0.51,7.84,81.40,962.63,85
4/27/2013 17:00:03,4/27/2013,17:00:03,1.51,7.92,79.59,962.59,83
4/27/2013 17:00:18,4/27/2013,17:00:18,1.56,8.10,78.59,962.55,84
4/27/2013 17:00:33,4/27/2013,17:00:33,1.69,8.25,79.19,962.52,82
4/27/2013 17:00:48,4/27/2013,17:00:48,0.77,8.60,81.40,962.55,76
4/27/2013 17:01:03,4/27/2013,17:01:03,1.49,8.57,78.50,962.55,72
4/27/2013 17:01:18,4/27/2013,17:01:18,2.09,8.57,75.40,962.53,67
4/27/2013 17:01:33,4/27/2013,17:01:33,1.62,8.72,76.40,962.53,88
4/27/2013 17:01:48,4/27/2013,17:01:48,1.30,9.05,78.40,962.50,59
4/27/2013 17:02:03,4/27/2013,17:02:03,0.97,9.27,79.09,962.49,64
4/27/2013 17:02:18,4/27/2013,17:02:18,1.49,9.27,77.19,962.49,80
4/27/2013 17:02:33,4/27/2013,17:02:33,1.59,9.44,77.69,962.48,53
4/27/2013 17:02:48,4/27/2013,17:02:48,1.84,9.55,76.59,962.47,51
4/27/2013 17:03:03,4/27/2013,17:03:03,1.91,9.64,76.00,962.47,42
4/27/2013 17:03:18,4/27/2013,17:03:18,1.15,9.82,77.00,962.47,91
4/27/2013 17:03:33,4/27/2013,17:03:33,1.09,10.00,77.50,962.48,72
4/27/2013 17:03:48,4/27/2013,17:03:48,1.73,9.92,73.40,962.48,60
4/27/2013 17:04:03,4/27/2013,17:04:03,1.27,10.30,77.80,962.47,73
4/27/2013 17:04:18,4/27/2013,17:04:18,1.48,10.42,77.00,962.47,66
4/27/2013 17:04:33,4/27/2013,17:04:33,0.26,10.69,78.90,962.50,70
4/27/2013 17:04:48,4/27/2013,17:04:48,0.88,10.75,76.69,962.46,47
4/27/2013 17:05:03,4/27/2013,17:05:03,1.16,10.87,77.00,962.44,96
4/27/2013 17:05:18,4/27/2013,17:05:18,1.91,10.57,74.00,962.42,94
4/27/2013 17:05:33,4/27/2013,17:05:33,2.56,10.22,69.40,962.44,70
4/27/2013 17:05:48,4/27/2013,17:05:48,2.72,10.10,70.69,962.45,102
4/27/2013 17:06:03,4/27/2013,17:06:03,3.15,9.80,68.59,962.46,75
4/27/2013 17:06:18,4/27/2013,17:06:18,2.70,9.80,70.09,962.49,68
4/27/2013 17:06:33,4/27/2013,17:06:33,1.27,9.94,74.30,962.53,86
4/27/2013 17:06:48,4/27/2013,17:06:48,1.72,9.75,71.30,962.55,72
4/27/2013 17:07:03,4/27/2013,17:07:03,2.58,9.47,70.00,962.53,83
4/27/2013 17:07:18,4/27/2013,17:07:18,1.79,9.44,71.30,962.55,97
4/27/2013 17:07:33,4/27/2013,17:07:33,1.49,9.44,72.90,962.57,59
4/27/2013 17:07:48,4/27/2013,17:07:48,1.45,9.32,71.69,962.60,46
4/27/2013 17:08:03,4/27/2013,17:08:03,0.94,9.35,74.69,962.62,74
4/27/2013 17:08:18,4/27/2013,17:08:18,1.69,9.12,71.30,962.62,88
4/27/2013 17:08:33,4/27/2013,17:08:33,1.56,9.05,71.90,962.64,59
4/27/2013 17:08:48,4/27/2013,17:08:48,1.68,8.87,73.09,962.63,67
4/27/2013 17:09:03,4/27/2013,17:09:03,1.49,8.80,75.50,962.65,60
4/27/2013 17:09:18,4/27/2013,17:09:18,1.23,8.80,77.00,962.65,55
4/27/2013 17:09:33,4/27/2013,17:09:33,0.98,8.77,79.19,962.69,33
4/27/2013 17:09:48,4/27/2013,17:09:48,0.76,8.72,78.90,962.71,88
4/27/2013 17:10:03,4/27/2013,17:10:03,0.62,8.72,79.80,962.72,96
4/27/2013 17:10:18,4/27/2013,17:10:18,0.74,8.64,78.90,962.74,18
4/27/2013 17:10:33,4/27/2013,17:10:33,0.59,8.57,79.30,962.74,37
4/27/2013 17:10:48,4/27/2013,17:10:48,0.98,8.50,78.90,962.76,61
4/27/2013 17:11:03,4/27/2013,17:11:03,0.24,8.50,80.80,962.79,94
4/27/2013 17:11:18,4/27/2013,17:11:18,1.02,8.37,79.19,962.78,70
4/27/2013 17:11:33,4/27/2013,17:11:33,0.94,8.39,80.09,962.79,32
4/27/2013 17:11:48,4/27/2013,17:11:48,0.68,8.39,80.40,962.82,67
4/27/2013 17:12:03,4/27/2013,17:12:03,0.95,8.37,77.90,962.78,54
4/27/2013 17:12:18,4/27/2013,17:12:18,0.86,8.32,73.19,962.78,12
4/27/2013 17:12:33,4/27/2013,17:12:33,0.84,8.32,72.40,962.78,59
4/27/2013 17:12:48,4/27/2013,17:12:48,0.40,8.30,73.19,962.82,83
4/27/2013 17:13:03,4/27/2013,17:13:03,0.77,8.25,72.59,962.84,11
4/27/2013 17:13:18,4/27/2013,17:13:18,0.24,8.30,74.40,962.86,67
4/27/2013 17:13:33,4/27/2013,17:13:33,0.59,8.17,73.09,962.87,73
4/27/2013 17:13:48,4/27/2013,17:13:48,0.80,8.17,73.69,962.86,32
4/27/2013 17:14:03,4/27/2013,17:14:03,0.13,8.17,75.40,962.89,13
4/27/2013 17:14:18,4/27/2013,17:14:18,1.27,8.10,75.50,962.89,4
4/27/2013 17:14:33,4/27/2013,17:14:33,0.62,8.10,74.40,962.91,28
4/27/2013 17:14:48,4/27/2013,17:14:48,2.11,7.97,73.00,962.89,6
4/27/2013 17:15:03,4/27/2013,17:15:03,2.16,7.92,72.00,962.90,350
4/27/2013 17:15:18,4/27/2013,17:15:18,1.58,7.92,73.19,962.89,40
4/27/2013 17:15:33,4/27/2013,17:15:33,1.01,7.92,73.00,962.89,0
4/27/2013 17:15:48,4/27/2013,17:15:48,0.63,7.92,73.80,962.90,3
4/27/2013 17:16:03,4/27/2013,17:16:03,0.37,7.92,74.00,962.91,40
4/27/2013 17:16:18,4/27/2013,17:16:18,0.00,7.92,73.69,962.93,26
4/27/2013 17:16:33,4/27/2013,17:16:33,0.00,7.90,73.59,962.95,18
4/27/2013 17:16:48,4/27/2013,17:16:48,0.59,7.84,72.90,962.94,354
4/27/2013 17:17:03,4/27/2013,17:17:03,0.97,7.82,73.09,962.94,349
4/27/2013 17:17:18,4/27/2013,17:17:18,1.22,7.77,73.19,962.95,50
4/27/2013 17:17:33,4/27/2013,17:17:33,0.99,7.77,74.19,962.97,356
4/27/2013 17:17:48,4/27/2013,17:17:48,0.77,7.77,74.19,962.97,356
4/27/2013 17:18:03,4/27/2013,17:18:03,0.44,7.77,75.30,962.99,21
4/27/2013 17:18:18,4/27/2013,17:18:18,0.77,7.75,74.50,963.00,6
4/27/2013 17:18:33,4/27/2013,17:18:33,0.79,7.75,75.90,963.00,25
4/27/2013 17:18:48,4/27/2013,17:18:48,0.95,7.75,74.50,963.01,343
4/27/2013 17:19:03,4/27/2013,17:19:03,0.62,7.75,74.40,963.02,353
4/27/2013 17:19:18,4/27/2013,17:19:18,0.90,7.75,74.90,963.02,350
4/27/2013 17:19:33,4/27/2013,17:19:33,1.48,7.69,75.30,963.01,307
4/27/2013 17:19:48,4/27/2013,17:19:48,3.16,7.69,73.30,962.98,322
4/27/2013 17:20:03,4/27/2013,17:20:03,1.99,7.75,73.50,962.97,335
4/27/2013 17:20:18,4/27/2013,17:20:18,1.40,7.69,74.00,962.99,357
4/27/2013 17:20:33,4/27/2013,17:20:33,2.30,7.69,74.09,963.00,19
4/27/2013 17:20:48,4/27/2013,17:20:48,2.06,7.69,73.80,962.98,8
4/27/2013 17:21:03,4/27/2013,17:21:03,2.98,7.62,73.90,962.97,350
4/27/2013 17:21:18,4/27/2013,17:21:18,2.08,7.62,74.59,962.99,340
4/27/2013 17:21:33,4/27/2013,17:21:33,1.88,7.62,75.00,962.98,302
4/27/2013 17:21:48,4/27/2013,17:21:48,1.56,7.62,75.59,963.00,342
4/27/2013 17:22:03,4/27/2013,17:22:03,2.11,7.55,75.19,962.99,331
4/27/2013 17:22:18,4/27/2013,17:22:18,2.44,7.55,74.50,962.98,345
4/27/2013 17:22:33,4/27/2013,17:22:33,3.05,7.47,74.19,962.98,352
4/27/2013 17:22:48,4/27/2013,17:22:48,2.38,7.47,74.69,962.98,351
4/27/2013 17:23:03,4/27/2013,17:23:03,2.29,7.42,74.40,963.00,13
4/27/2013 17:23:18,4/27/2013,17:23:18,1.68,7.47,74.19,962.98,354
4/27/2013 17:23:33,4/27/2013,17:23:33,1.45,7.47,74.59,962.99,353
4/27/2013 17:23:48,4/27/2013,17:23:48,0.99,7.47,75.50,963.00,340
4/27/2013 17:24:03,4/27/2013,17:24:03,1.70,7.47,75.19,962.98,349
4/27/2013 17:24:18,4/27/2013,17:24:18,1.65,7.47,75.90,962.99,359
4/27/2013 17:24:33,4/27/2013,17:24:33,1.20,7.47,76.50,963.00,3
4/27/2013 17:24:48,4/27/2013,17:24:48,0.55,7.50,75.90,963.03,327
4/27/2013 17:25:03,4/27/2013,17:25:03,1.15,7.55,76.00,963.02,352
4/27/2013 17:25:18,4/27/2013,17:25:18,0.80,7.55,76.90,963.03,309
4/27/2013 17:25:33,4/27/2013,17:25:33,2.24,7.55,76.09,963.00,349
4/27/2013 17:25:48,4/27/2013,17:25:48,1.55,7.62,75.40,962.98,350
4/27/2013 17:26:03,4/27/2013,17:26:03,2.48,7.62,74.40,962.99,333
4/27/2013 17:26:18,4/27/2013,17:26:18,2.47,7.69,74.09,963.00,340
4/27/2013 17:26:33,4/27/2013,17:26:33,1.98,7.77,75.19,962.98,329
4/27/2013 17:26:48,4/27/2013,17:26:48,2.20,7.77,75.19,962.95,345
4/27/2013 17:27:03,4/27/2013,17:27:03,2.47,7.84,74.90,962.94,330
4/27/2013 17:27:18,4/27/2013,17:27:18,2.63,7.90,74.00,962.95,10
4/27/2013 17:27:33,4/27/2013,17:27:33,1.69,7.97,73.69,962.98,351
4/27/2013 17:27:48,4/27/2013,17:27:48,2.13,7.92,73.00,962.97,341
4/27/2013 17:28:03,4/27/2013,17:28:03,2.73,7.92,72.40,962.97,355
4/27/2013 17:28:18,4/27/2013,17:28:18,2.94,7.92,72.00,962.97,0
4/27/2013 17:28:33,4/27/2013,17:28:33,2.34,8.05,72.90,962.98,349
4/27/2013 17:28:48,4/27/2013,17:28:48,1.30,8.25,74.19,962.97,344
4/27/2013 17:29:03,4/27/2013,17:29:03,1.76,8.22,74.59,962.95,343
4/27/2013 17:29:18,4/27/2013,17:29:18,2.54,8.17,73.19,962.93,312
4/27/2013 17:29:33,4/27/2013,17:29:33,2.67,8.22,72.90,962.92,349
4/27/2013 17:29:48,4/27/2013,17:29:48,2.79,8.17,71.59,962.94,323
4/27/2013 17:30:03,4/27/2013,17:30:03,2.23,8.32,71.69,962.94,350
4/27/2013 17:30:18,4/27/2013,17:30:18,2.56,8.32,71.30,962.94,12
4/27/2013 17:30:33,4/27/2013,17:30:33,2.49,8.50,72.30,962.93,331
4/27/2013 17:30:48,4/27/2013,17:30:48,1.87,8.72,73.69,962.91,347
4/27/2013 17:31:03,4/27/2013,17:31:03,2.09,8.77,70.30,962.90,329
4/27/2013 17:31:18,4/27/2013,17:31:18,2.56,8.85,69.19,962.90,329
4/27/2013 17:31:33,4/27/2013,17:31:33,2.66,8.97,69.50,962.85,332
4/27/2013 17:31:48,4/27/2013,17:31:48,3.15,9.00,69.19,962.82,322
4/27/2013 17:32:03,4/27/2013,17:32:03,3.42,9.05,68.50,962.80,318
4/27/2013 17:32:18,4/27/2013,17:32:18,3.17,9.25,68.59,962.78,322
4/27/2013 17:32:33,4/27/2013,17:32:33,2.90,9.44,69.09,962.78,312
4/27/2013 17:32:48,4/27/2013,17:32:48,2.88,9.35,66.69,962.80,325
4/27/2013 17:33:03,4/27/2013,17:33:03,2.54,9.52,66.90,962.82,330
4/27/2013 17:33:18,4/27/2013,17:33:18,1.80,9.92,69.50,962.78,333
4/27/2013 17:33:33,4/27/2013,17:33:33,1.77,9.92,66.90,962.78,338
4/27/2013 17:33:48,4/27/2013,17:33:48,1.52,10.14,66.59,962.77,326
4/27/2013 17:34:03,4/27/2013,17:34:03,1.87,10.14,66.80,962.75,328
4/27/2013 17:34:18,4/27/2013,17:34:18,2.11,10.27,67.19,962.75,316
4/27/2013 17:34:33,4/27/2013,17:34:33,1.56,10.42,66.09,962.72,318
4/27/2013 17:34:48,4/27/2013,17:34:48,1.41,10.77,67.59,962.75,341
4/27/2013 17:35:03,4/27/2013,17:35:03,1.58,10.69,65.69,962.76,340
4/27/2013 17:35:18,4/27/2013,17:35:18,1.15,10.77,66.40,962.78,319
4/27/2013 17:35:33,4/27/2013,17:35:33,0.81,10.82,65.80,962.80,320
4/27/2013 17:35:48,4/27/2013,17:35:48,2.34,10.10,64.90,962.79,344
4/27/2013 17:36:03,4/27/2013,17:36:03,2.23,10.00,66.19,962.82,347
4/27/2013 17:36:18,4/27/2013,17:36:18,2.73,9.64,65.80,962.85,317
4/27/2013 17:36:33,4/27/2013,17:36:33,2.42,9.52,65.90,962.87,326
4/27/2013 17:36:48,4/27/2013,17:36:48,1.83,9.67,66.90,962.87,325
4/27/2013 17:37:03,4/27/2013,17:37:03,1.72,9.82,67.00,962.84,326
4/27/2013 17:37:18,4/27/2013,17:37:18,2.45,9.82,66.00,962.83,324
4/27/2013 17:37:33,4/27/2013,17:37:33,1.59,10.22,67.00,962.83,334
4/27/2013 17:37:48,4/27/2013,17:37:48,1.99,10.27,66.30,962.79,321
4/27/2013 17:38:03,4/27/2013,17:38:03,2.24,10.27,65.30,962.77,313
4/27/2013 17:38:18,4/27/2013,17:38:18,1.40,10.69,65.19,962.79,335
4/27/2013 17:38:33,4/27/2013,17:38:33,2.62,10.30,63.59,962.76,304
4/27/2013 17:38:48,4/27/2013,17:38:48,3.02,10.35,64.19,962.77,322
4/27/2013 17:39:03,4/27/2013,17:39:03,2.55,10.47,66.00,962.82,332
4/27/2013 17:39:18,4/27/2013,17:39:18,2.80,10.10,63.70,962.84,355
4/27/2013 17:39:33,4/27/2013,17:39:33,1.76,10.39,66.40,962.87,313
4/27/2013 17:39:48,4/27/2013,17:39:48,2.69,9.82,65.00,962.89,319
4/27/2013 17:40:03,4/27/2013,17:40:03,2.63,9.67,64.80,962.95,339
4/27/2013 17:40:18,4/27/2013,17:40:18,1.98,9.87,66.69,962.92,299
4/27/2013 17:40:33,4/27/2013,17:40:33,1.77,9.87,66.30,962.91,332
4/27/2013 17:40:48,4/27/2013,17:40:48,1.63,9.75,66.00,962.90,344
4/27/2013 17:41:03,4/27/2013,17:41:03,2.02,9.60,67.30,962.93,340
4/27/2013 17:41:18,4/27/2013,17:41:18,1.76,9.52,69.00,962.94,340
4/27/2013 17:41:33,4/27/2013,17:41:33,1.94,9.39,68.50,962.97,342
4/27/2013 17:41:48,4/27/2013,17:41:48,1.54,9.44,68.90,962.98,0
4/27/2013 17:42:03,4/27/2013,17:42:03,1.59,9.27,68.90,963.01,318
4/27/2013 17:42:18,4/27/2013,17:42:18,2.38,9.00,68.40,963.02,327
4/27/2013 17:42:33,4/27/2013,17:42:33,1.77,9.05,69.50,963.01,320
4/27/2013 17:42:48,4/27/2013,17:42:48,2.70,8.77,68.59,963.01,333
4/27/2013 17:43:03,4/27/2013,17:43:03,2.72,8.72,69.90,963.02,333
4/27/2013 17:43:18,4/27/2013,17:43:18,2.76,8.60,70.00,963.02,326
4/27/2013 17:43:33,4/27/2013,17:43:33,2.61,8.57,71.00,963.03,334
4/27/2013 17:43:48,4/27/2013,17:43:48,1.65,8.69,72.00,963.05,326
4/27/2013 17:44:03,4/27/2013,17:44:03,1.49,8.64,71.00,963.03,302
4/27/2013 17:44:18,4/27/2013,17:44:18,2.66,8.39,70.69,963.03,295
4/27/2013 17:44:33,4/27/2013,17:44:33,2.45,8.37,70.80,963.03,313
4/27/2013 17:44:48,4/27/2013,17:44:48,1.90,8.39,71.80,963.03,327
4/27/2013 17:45:03,4/27/2013,17:45:03,1.84,8.39,71.80,963.05,338
4/27/2013 17:45:18,4/27/2013,17:45:18,2.11,8.37,71.69,963.06,327
4/27/2013 17:45:33,4/27/2013,17:45:33,2.23,8.32,72.50,963.06,300
4/27/2013 17:45:48,4/27/2013,17:45:48,1.90,8.32,71.59,963.07,302
4/27/2013 17:46:03,4/27/2013,17:46:03,1.11,8.44,71.80,963.09,321
4/27/2013 17:46:18,4/27/2013,17:46:18,1.33,8.32,71.30,963.09,322
4/27/2013 17:46:33,4/27/2013,17:46:33,1.62,8.25,71.80,963.09,330
4/27/2013 17:46:48,4/27/2013,17:46:48,1.05,8.32,72.69,963.06,282
4/27/2013 17:47:03,4/27/2013,17:47:03,0.43,8.39,72.90,963.10,263
4/27/2013 17:47:18,4/27/2013,17:47:18,0.88,8.32,72.59,963.12,324
4/27/2013 17:47:33,4/27/2013,17:47:33,1.68,8.12,71.90,963.10,338
4/27/2013 17:47:48,4/27/2013,17:47:48,0.51,8.32,73.19,963.13,334
4/27/2013 17:48:03,4/27/2013,17:48:03,0.00,8.52,73.59,963.13,296
4/27/2013 17:48:18,4/27/2013,17:48:18,0.68,8.25,71.69,963.12,270
4/27/2013 17:48:33,4/27/2013,17:48:33,2.15,8.05,72.30,963.10,320
4/27/2013 17:48:48,4/27/2013,17:48:48,1.73,8.05,73.19,963.09,333
4/27/2013 17:49:03,4/27/2013,17:49:03,1.36,8.02,72.80,963.12,320
4/27/2013 17:49:18,4/27/2013,17:49:18,1.49,8.02,73.50,963.14,342
4/27/2013 17:49:33,4/27/2013,17:49:33,0.73,8.10,73.00,963.16,355
4/27/2013 17:49:48,4/27/2013,17:49:48,1.19,7.92,72.90,963.16,327
4/27/2013 17:50:03,4/27/2013,17:50:03,1.58,7.92,73.00,963.15,335
4/27/2013 17:50:18,4/27/2013,17:50:18,1.61,7.84,73.80,963.16,243
4/27/2013 17:50:33,4/27/2013,17:50:33,0.95,7.92,73.50,963.17,354
4/27/2013 17:50:48,4/27/2013,17:50:48,1.86,7.77,74.09,963.18,285
4/27/2013 17:51:03,4/27/2013,17:51:03,2.62,7.65,72.80,963.20,325
4/27/2013 17:51:18,4/27/2013,17:51:18,3.26,7.62,73.30,963.16,345
4/27/2013 17:51:33,4/27/2013,17:51:33,2.69,7.62,73.19,963.18,335
4/27/2013 17:51:48,4/27/2013,17:51:48,2.11,7.62,74.09,963.18,343
4/27/2013 17:52:03,4/27/2013,17:52:03,1.41,7.62,74.40,963.20,283
4/27/2013 17:52:18,4/27/2013,17:52:18,0.61,7.65,73.90,963.22,317
4/27/2013 17:52:33,4/27/2013,17:52:33,0.81,7.69,73.50,963.22,317
4/27/2013 17:52:48,4/27/2013,17:52:48,0.30,7.75,74.40,963.27,295
4/27/2013 17:53:03,4/27/2013,17:53:03,0.58,7.69,74.69,963.27,328
4/27/2013 17:53:18,4/27/2013,17:53:18,1.29,7.62,74.00,963.25,321
4/27/2013 17:53:33,4/27/2013,17:53:33,1.68,7.57,74.50,963.27,297
4/27/2013 17:53:48,4/27/2013,17:53:48,1.37,7.57,73.80,963.25,344
4/27/2013 17:54:03,4/27/2013,17:54:03,1.19,7.57,74.59,963.27,303
4/27/2013 17:54:18,4/27/2013,17:54:18,1.91,7.55,74.69,963.24,324
4/27/2013 17:54:33,4/27/2013,17:54:33,1.22,7.55,74.40,963.25,325
4/27/2013 17:54:48,4/27/2013,17:54:48,2.26,7.47,73.30,963.24,342
4/27/2013 17:55:03,4/27/2013,17:55:03,1.98,7.47,74.69,963.24,304
4/27/2013 17:55:18,4/27/2013,17:55:18,2.54,7.47,74.00,963.22,299
4/27/2013 17:55:33,4/27/2013,17:55:33,2.34,7.47,74.40,963.23,325
4/27/2013 17:55:48,4/27/2013,17:55:48,3.06,7.37,73.80,963.23,356
4/27/2013 17:56:03,4/27/2013,17:56:03,2.81,7.42,74.59,963.22,330
4/27/2013 17:56:18,4/27/2013,17:56:18,2.12,7.42,74.50,963.24,325
4/27/2013 17:56:33,4/27/2013,17:56:33,1.91,7.47,75.09,963.24,283
4/27/2013 17:56:48,4/27/2013,17:56:48,1.80,7.47,75.09,963.24,313
4/27/2013 17:57:03,4/27/2013,17:57:03,2.70,7.42,74.40,963.21,328
4/27/2013 17:57:18,4/27/2013,17:57:18,1.66,7.47,74.00,963.21,314
4/27/2013 17:57:33,4/27/2013,17:57:33,1.15,7.47,74.19,963.20,328
4/27/2013 17:57:48,4/27/2013,17:57:48,1.30,7.47,74.40,963.18,320
4/27/2013 17:58:03,4/27/2013,17:58:03,1.23,7.47,74.59,963.17,311
4/27/2013 17:58:18,4/27/2013,17:58:18,0.87,7.47,74.90,963.18,320
4/27/2013 17:58:33,4/27/2013,17:58:33,0.05,7.50,74.90,963.22,306
4/27/2013 17:58:48,4/27/2013,17:58:48,1.87,7.47,73.90,963.17,310
4/27/2013 17:59:03,4/27/2013,17:59:03,1.54,7.47,73.40,963.16,343
4/27/2013 17:59:18,4/27/2013,17:59:18,1.26,7.47,73.90,963.17,323
4/27/2013 17:59:33,4/27/2013,17:59:33,1.87,7.47,73.90,963.17,317
4/27/2013 17:59:48,4/27/2013,17:59:48,1.72,7.47,73.40,963.16,296
4/27/2013 18:00:03,4/27/2013,18:00:03,1.98,7.37,74.50,963.15,350
4/27/2013 18:00:18,4/27/2013,18:00:18,1.45,7.47,75.09,963.15,273
4/27/2013 18:00:33,4/27/2013,18:00:33,1.34,7.47,74.90,963.15,347
4/27/2013 18:00:48,4/27/2013,18:00:48,1.26,7.47,74.19,963.16,214
4/27/2013 18:01:03,4/27/2013,18:01:03,1.52,7.47,74.00,963.20,326
4/27/2013 18:01:18,4/27/2013,18:01:18,2.86,7.47,74.69,963.15,318
4/27/2013 18:01:33,4/27/2013,18:01:33,2.90,7.42,74.30,963.15,327
4/27/2013 18:01:48,4/27/2013,18:01:48,3.13,7.42,73.40,963.13,308
4/27/2013 18:02:03,4/27/2013,18:02:03,4.02,7.37,73.59,963.14,296
4/27/2013 18:02:18,4/27/2013,18:02:18,3.63,7.37,73.69,963.13,346
4/27/2013 18:02:33,4/27/2013,18:02:33,2.61,7.37,74.40,963.15,321
4/27/2013 18:02:48,4/27/2013,18:02:48,2.55,7.37,74.59,963.16,334
4/27/2013 18:03:03,4/27/2013,18:03:03,3.38,7.34,75.19,963.14,333
4/27/2013 18:03:18,4/27/2013,18:03:18,0.77,7.37,75.19,963.20,335
4/27/2013 18:03:33,4/27/2013,18:03:33,0.49,7.37,75.50,963.22,7
4/27/2013 18:03:48,4/27/2013,18:03:48,0.13,7.37,76.19,963.23,340
4/27/2013 18:04:03,4/27/2013,18:04:03,2.16,7.30,75.50,963.21,310
4/27/2013 18:04:18,4/27/2013,18:04:18,2.81,7.27,75.19,963.17,329
4/27/2013 18:04:33,4/27/2013,18:04:33,1.41,7.30,75.90,963.18,331
4/27/2013 18:04:48,4/27/2013,18:04:48,0.18,7.34,76.19,963.23,194
4/27/2013 18:05:03,4/27/2013,18:05:03,1.66,7.30,76.00,963.23,317
4/27/2013 18:05:18,4/27/2013,18:05:18,2.55,7.22,76.59,963.21,294
4/27/2013 18:05:33,4/27/2013,18:05:33,2.41,7.27,75.80,963.21,271
4/27/2013 18:05:48,4/27/2013,18:05:48,1.74,7.30,75.80,963.21,334
4/27/2013 18:06:03,4/27/2013,18:06:03,0.16,7.30,76.90,963.27,334
4/27/2013 18:06:18,4/27/2013,18:06:18,1.83,7.27,76.69,963.23,317
4/27/2013 18:06:33,4/27/2013,18:06:33,2.26,7.27,77.09,963.23,328
4/27/2013 18:06:48,4/27/2013,18:06:48,2.31,7.27,76.50,963.22,336
4/27/2013 18:07:03,4/27/2013,18:07:03,1.59,7.22,76.69,963.23,305
4/27/2013 18:07:18,4/27/2013,18:07:18,1.88,7.27,76.80,963.22,305
4/27/2013 18:07:33,4/27/2013,18:07:33,1.70,7.27,76.30,963.22,326
4/27/2013 18:07:48,4/27/2013,18:07:48,2.26,7.27,77.00,963.22,287
4/27/2013 18:08:03,4/27/2013,18:08:03,2.20,7.30,76.09,963.21,322
4/27/2013 18:08:18,4/27/2013,18:08:18,1.37,7.27,77.00,963.21,309
4/27/2013 18:08:33,4/27/2013,18:08:33,0.12,7.30,77.19,963.23,213
4/27/2013 18:08:48,4/27/2013,18:08:48,0.76,7.30,77.40,963.20,298
4/27/2013 18:09:03,4/27/2013,18:09:03,0.08,7.30,77.69,963.23,317
4/27/2013 18:09:18,4/27/2013,18:09:18,1.45,7.27,77.69,963.22,310
4/27/2013 18:09:33,4/27/2013,18:09:33,2.72,7.27,77.00,963.18,326
4/27/2013 18:09:48,4/27/2013,18:09:48,1.97,7.22,77.19,963.18,300
4/27/2013 18:10:03,4/27/2013,18:10:03,1.31,7.27,77.40,963.20,314
4/27/2013 18:10:18,4/27/2013,18:10:18,1.44,7.22,78.09,963.20,307
4/27/2013 18:10:33,4/27/2013,18:10:33,2.30,7.22,77.30,963.20,312
4/27/2013 18:10:48,4/27/2013,18:10:48,2.49,7.27,76.80,963.21,334
4/27/2013 18:11:03,4/27/2013,18:11:03,1.91,7.22,77.69,963.20,286
4/27/2013 18:11:18,4/27/2013,18:11:18,0.88,7.30,77.59,963.21,330
4/27/2013 18:11:33,4/27/2013,18:11:33,0.20,7.30,78.00,963.24,262
4/27/2013 18:11:48,4/27/2013,18:11:48,1.94,7.27,77.19,963.21,335
4/27/2013 18:12:03,4/27/2013,18:12:03,1.83,7.22,78.09,963.18,308
4/27/2013 18:12:18,4/27/2013,18:12:18,1.13,7.27,77.90,963.21,311
4/27/2013 18:12:33,4/27/2013,18:12:33,1.66,7.27,77.09,963.21,317
4/27/2013 18:12:48,4/27/2013,18:12:48,1.30,7.30,77.90,963.23,326
4/27/2013 18:13:03,4/27/2013,18:13:03,1.22,7.30,77.80,963.21,300
4/27/2013 18:13:18,4/27/2013,18:13:18,1.16,7.34,77.50,963.23,321
4/27/2013 18:13:33,4/27/2013,18:13:33,0.63,7.47,77.59,963.23,315
4/27/2013 18:13:48,4/27/2013,18:13:48,1.12,7.55,76.69,963.21,322
4/27/2013 18:14:03,4/27/2013,18:14:03,2.13,7.57,76.30,963.20,338
4/27/2013 18:14:18,4/27/2013,18:14:18,1.34,7.69,76.50,963.21,326
4/27/2013 18:14:33,4/27/2013,18:14:33,1.90,7.77,75.90,963.20,324
4/27/2013 18:14:48,4/27/2013,18:14:48,1.98,7.82,75.50,963.17,357
4/27/2013 18:15:03,4/27/2013,18:15:03,1.37,7.92,75.69,963.16,328
4/27/2013 18:15:18,4/27/2013,18:15:18,1.83,7.92,76.00,963.17,328
4/27/2013 18:15:33,4/27/2013,18:15:33,1.69,8.02,75.59,963.17,349
4/27/2013 18:15:48,4/27/2013,18:15:48,1.87,8.10,75.90,963.18,9
4/27/2013 18:16:03,4/27/2013,18:16:03,1.83,8.12,75.59,963.21,359
4/27/2013 18:16:18,4/27/2013,18:16:18,1.98,8.10,74.69,963.22,350
4/27/2013 18:16:33,4/27/2013,18:16:33,1.73,8.17,75.19,963.21,290
4/27/2013 18:16:48,4/27/2013,18:16:48,1.16,8.22,74.80,963.22,339
4/27/2013 18:17:03,4/27/2013,18:17:03,1.05,8.25,75.30,963.20,332
4/27/2013 18:17:18,4/27/2013,18:17:18,1.47,8.30,75.50,963.18,324
4/27/2013 18:17:33,4/27/2013,18:17:33,1.68,8.25,74.80,963.17,342
4/27/2013 18:17:48,4/27/2013,18:17:48,0.88,8.37,74.90,963.18,352
4/27/2013 18:18:03,4/27/2013,18:18:03,0.87,8.37,75.00,963.18,318
4/27/2013 18:18:18,4/27/2013,18:18:18,1.24,8.39,75.30,963.20,347
4/27/2013 18:18:33,4/27/2013,18:18:33,1.20,8.39,74.80,963.20,335
4/27/2013 18:18:48,4/27/2013,18:18:48,1.48,8.39,75.30,963.18,316
4/27/2013 18:19:03,4/27/2013,18:19:03,0.91,8.44,74.90,963.20,339
4/27/2013 18:19:18,4/27/2013,18:19:18,2.04,8.32,73.50,963.17,352
4/27/2013 18:19:33,4/27/2013,18:19:33,1.76,8.37,74.30,963.17,356
4/27/2013 18:19:48,4/27/2013,18:19:48,1.37,8.32,73.90,963.18,290
4/27/2013 18:20:03,4/27/2013,18:20:03,0.15,8.50,75.00,963.23,333
4/27/2013 18:20:18,4/27/2013,18:20:18,1.45,8.37,74.19,963.20,331
4/27/2013 18:20:33,4/27/2013,18:20:33,1.47,8.39,74.50,963.21,343
4/27/2013 18:20:48,4/27/2013,18:20:48,1.81,8.37,74.09,963.20,326
4/27/2013 18:21:03,4/27/2013,18:21:03,1.04,8.50,74.50,963.20,280
4/27/2013 18:21:18,4/27/2013,18:21:18,1.90,8.39,74.59,963.18,316
4/27/2013 18:21:33,4/27/2013,18:21:33,2.37,8.39,74.40,963.17,316
4/27/2013 18:21:48,4/27/2013,18:21:48,2.18,8.44,74.40,963.18,338
4/27/2013 18:22:03,4/27/2013,18:22:03,1.95,8.50,74.59,963.17,302
4/27/2013 18:22:18,4/27/2013,18:22:18,2.11,8.44,74.80,963.17,340
4/27/2013 18:22:33,4/27/2013,18:22:33,2.24,8.44,74.90,963.17,338
4/27/2013 18:22:48,4/27/2013,18:22:48,2.44,8.37,73.59,963.16,305
4/27/2013 18:23:03,4/27/2013,18:23:03,2.45,8.32,73.30,963.18,327
4/27/2013 18:23:18,4/27/2013,18:23:18,2.49,8.32,73.40,963.21,325
4/27/2013 18:23:33,4/27/2013,18:23:33,2.27,8.30,74.40,963.21,318
4/27/2013 18:23:48,4/27/2013,18:23:48,2.45,8.25,73.09,963.22,344
4/27/2013 18:24:03,4/27/2013,18:24:03,2.01,8.25,74.40,963.20,340
4/27/2013 18:24:18,4/27/2013,18:24:18,1.16,8.30,75.69,963.21,329
4/27/2013 18:24:33,4/27/2013,18:24:33,1.83,8.17,75.40,963.22,317
4/27/2013 18:24:48,4/27/2013,18:24:48,2.33,8.12,74.90,963.25,312
4/27/2013 18:25:03,4/27/2013,18:25:03,2.65,8.10,74.00,963.25,346
4/27/2013 18:25:18,4/27/2013,18:25:18,2.34,8.05,73.90,963.29,332
4/27/2013 18:25:33,4/27/2013,18:25:33,1.74,8.02,74.69,963.28,324
4/27/2013 18:25:48,4/27/2013,18:25:48,2.04,8.02,74.00,963.25,335
4/27/2013 18:26:03,4/27/2013,18:26:03,1.63,8.02,74.69,963.27,331
4/27/2013 18:26:18,4/27/2013,18:26:18,1.12,8.02,74.80,963.29,344
4/27/2013 18:26:33,4/27/2013,18:26:33,0.97,8.02,75.59,963.29,338
4/27/2013 18:26:48,4/27/2013,18:26:48,1.81,7.92,75.00,963.30,347
4/27/2013 18:27:03,4/27/2013,18:27:03,0.77,8.02,74.90,963.35,308
4/27/2013 18:27:18,4/27/2013,18:27:18,1.97,7.84,75.09,963.35,319
4/27/2013 18:27:33,4/27/2013,18:27:33,1.95,7.84,75.30,963.31,291
4/27/2013 18:27:48,4/27/2013,18:27:48,2.06,7.84,75.19,963.32,291
4/27/2013 18:28:03,4/27/2013,18:28:03,1.11,7.84,75.50,963.33,324
4/27/2013 18:28:18,4/27/2013,18:28:18,0.77,7.84,75.19,963.36,294
4/27/2013 18:28:33,4/27/2013,18:28:33,0.00,7.84,75.90,963.37,273
4/27/2013 18:28:48,4/27/2013,18:28:48,0.94,7.82,76.00,963.35,334
4/27/2013 18:29:03,4/27/2013,18:29:03,1.56,7.77,75.30,963.31,307
4/27/2013 18:29:18,4/27/2013,18:29:18,1.91,7.77,75.59,963.31,317
4/27/2013 18:29:33,4/27/2013,18:29:33,1.65,7.77,75.69,963.32,312
4/27/2013 18:29:48,4/27/2013,18:29:48,1.56,7.77,74.90,963.32,325
4/27/2013 18:30:03,4/27/2013,18:30:03,1.31,7.77,74.69,963.33,336
4/27/2013 18:30:18,4/27/2013,18:30:18,1.19,7.77,74.90,963.37,317
4/27/2013 18:30:33,4/27/2013,18:30:33,0.88,7.77,75.00,963.39,321
4/27/2013 18:30:48,4/27/2013,18:30:48,0.83,7.82,74.90,963.39,283
4/27/2013 18:31:03,4/27/2013,18:31:03,0.00,7.84,75.09,963.43,316
4/27/2013 18:31:18,4/27/2013,18:31:18,0.00,7.92,76.00,963.44,326
4/27/2013 18:31:33,4/27/2013,18:31:33,0.55,7.90,75.69,963.44,323
4/27/2013 18:31:48,4/27/2013,18:31:48,1.63,7.90,75.30,963.42,334
4/27/2013 18:32:03,4/27/2013,18:32:03,2.01,7.90,75.30,963.39,334
4/27/2013 18:32:18,4/27/2013,18:32:18,2.06,7.92,76.69,963.38,305
4/27/2013 18:32:33,4/27/2013,18:32:33,1.70,7.97,75.00,963.39,311
4/27/2013 18:32:48,4/27/2013,18:32:48,2.52,7.92,74.69,963.39,302
4/27/2013 18:33:03,4/27/2013,18:33:03,2.12,7.92,74.50,963.39,317
4/27/2013 18:33:18,4/27/2013,18:33:18,1.56,8.02,75.69,963.38,318
4/27/2013 18:33:33,4/27/2013,18:33:33,1.09,8.05,76.40,963.38,310
